14208
Frame 11
C -41.79090 3.00479 9.96897
C -43.15910 5.91368 9.95467
C -39.86130 5.34121 9.95933
H -40.45610 1.67017 11.58790
H -43.49040 2.29774 11.57240
H -41.60680 4.85198 11.56800
C -43.87400 0.84442 9.94692
C -44.95580 3.88874 10.00010
H -45.03150 5.19838 11.56430
C -38.77730 2.34085 9.97856
H -38.43430 4.18440 11.56690
C -35.70050 1.53737 9.98158
C -36.67260 4.69527 9.96559
C -33.62760 4.09592 9.97296
H -35.31880 3.43968 11.57900
H -36.38020 6.57604 11.57290
H -33.24390 5.93181 11.58150
H -34.21400 0.46840 11.58350
C -32.49250 1.13749 9.97772
H -32.14930 2.98300 11.57950
C -31.48120 6.47696 9.97565
C -30.38660 3.67555 9.98530
C -27.14530 2.92246 9.89128
C -28.30490 5.94536 9.93598
H -30.03790 5.42601 11.61550
C -29.35910 0.54169 9.92183
H -28.95230 2.33940 11.51060
H -26.85430 4.78750 11.46590
C -23.93470 2.30216 9.92482
C -24.99640 5.23653 9.90238
C -20.67560 1.68096 9.96520
C -21.74860 4.65993 9.98161
H -22.46160 1.14663 11.53730
H -20.30300 3.53055 11.60020
H -21.34240 6.53272 11.56500
H -25.69180 1.79575 11.60220
H -23.53710 4.11361 11.58800
H -39.47400 7.12845 11.56520
C -45.04850 12.00000 10.05650
C -40.84940 8.25924 9.95357
H -42.65380 7.70130 11.55290
C -43.88190 9.28106 9.95487
C -41.85690 11.27450 9.96551
H -41.60160 13.07480 11.57900
H -43.55790 10.66450 11.57410
H -40.47970 10.03450 11.56330
C -38.75310 10.73020 9.96523
C -34.59070 7.07458 9.96788
H -38.40300 12.49140 11.58140
C -37.75850 7.76111 9.96306
C -35.62860 10.09650 9.96731
C -36.63180 13.05590 9.97122
C -33.48620 12.53350 9.97464
H -35.20980 11.91810 11.57440
H -37.35780 9.52371 11.57470
H -34.28310 8.91318 11.57220
C -32.56010 9.53323 9.97559
H -32.09280 11.31210 11.59040
H -31.20440 8.31702 11.58450
C -26.16050 8.34704 9.87131
C -29.42630 8.99280 9.99340
C -30.33610 11.96280 9.96965
C -27.08110 11.32770 9.89117
H -27.92740 7.77494 11.51560
H -26.58870 13.21460 11.44000
H -28.84120 10.76940 11.55600
C -19.56480 7.09091 9.93946
C -23.91560 10.66840 9.84587
C -22.76090 7.61975 9.82897
C -20.55510 9.98724 9.90268
C -21.64160 13.09780 9.92493
H -22.46720 9.49205 11.42280
H -20.14470 11.86570 11.48720
H -25.62100 10.15120 11.48670
H -23.41750 12.47790 11.48110
H -24.62850 7.16392 11.43750
C -39.81470 13.75820 9.97607
C -43.13550 14.21600 9.98665
C -40.74190 16.64700 9.98048
H -39.39030 15.53780 11.58660
C -41.84530 19.70840 9.97710
H -40.37800 18.49130 11.57800
C -43.95250 17.04600 10.00100
C -45.01070 20.40640 9.97619
C -38.66990 19.09580 9.97457
C -37.66990 16.09330 9.97394
C -34.59810 15.44280 9.97551
H -36.30320 14.90440 11.57810
H -33.13950 14.30040 11.58360
C -35.47900 18.55800 9.98412
H -37.22770 17.91570 11.57530
H -34.14720 17.24970 11.58950
C -32.44610 18.02170 9.99944
H -29.91910 13.83200 11.57500
C -31.44260 14.96780 9.98675
C -28.13870 14.39270 9.89077
C -25.95810 16.66500 9.87563
C -29.27750 17.40010 9.91928
C -27.12390 19.73210 9.91340
C -30.32700 20.41800 9.96404
C -24.71520 13.70060 9.82913
C -23.70250 19.04210 9.88831
C -22.66240 16.12080 9.88442
C -19.50130 15.61640 9.96431
C -20.51130 18.60470 10.02620
H -21.24530 14.93380 11.53350
C -43.08190 22.72190 9.98286
C -39.75830 22.13490 9.98442
H -41.56790 21.55250 11.57570
C -40.77290 25.14070 9.99985
H -42.57700 24.55480 11.58550
C -43.97430 26.03610 9.99098
H -38.32880 20.89990 11.59150
C -36.57420 21.52040 10.00250
C -33.44530 20.98110 10.00640
C -37.63540 24.50620 10.01290
C -34.53760 24.01430 10.01910
C -35.69460 26.91660 10.01180
C -32.52630 26.36250 10.01020
C -28.18490 22.85410 9.93885
C -31.46910 23.28560 10.01090
C -25.96850 25.29260 9.90418
C -29.46470 25.77580 9.97848
C -20.53050 27.05010 10.19310
C -24.96030 22.03970 9.88747
C -21.61620 21.57590 9.98170
C -19.53780 23.96210 10.11960
C -22.60440 24.65280 9.96872
C -45.00070 28.85010 9.96577
C -39.87730 30.57430 10.01220
C -40.98070 33.51590 10.02030
C -41.86340 28.30000 10.00360
C -43.09230 31.10810 10.00540
C -37.70950 32.90280 10.00970
C -33.58550 29.33000 10.00000
C -36.79290 29.90690 10.00810
C -38.72750 27.52300 10.01780
C -34.65380 32.33720 10.00220
C -25.98770 33.52340 10.11770
C -27.20740 28.12250 10.13220
C -31.55860 31.90470 9.99602
C -28.19040 31.14490 10.06290
C -30.38820 28.76280 9.94698
C -24.95720 30.46030 10.18140
C -21.60370 29.91490 10.34120
C -23.75940 27.67230 10.11860
C -19.55720 32.29350 10.32460
C -22.73720 32.95500 10.35570
C -41.76350 3.02723 13.18400
C -43.16330 5.81597 13.16790
C -39.84040 5.37312 13.17340
C -44.97130 3.61508 13.21580
C -43.87470 0.32512 13.16090
C -38.73550 2.36109 13.19400
C -35.62050 1.64125 13.19680
C -36.63560 4.69136 13.18000
C -33.60110 4.13381 13.18660
H -37.42060 1.07748 11.60470
C -32.48670 1.12634 13.19360
C -31.50540 6.50491 13.19080
C -30.34430 3.59000 13.18720
C -27.18340 3.00278 13.16950
C -28.22670 5.94306 13.18580
C -29.28930 0.47296 13.18860
C -23.90140 2.24706 13.22560
C -25.08550 5.42558 13.10120
C -20.73590 1.69111 13.15010
C -21.73300 4.66532 13.22030
C -40.87710 8.24352 13.16680
C -43.89500 8.75245 13.17070
C -41.87360 11.20910 13.17820
C -44.97050 11.91600 13.27220
H -44.99630 13.35300 11.60560
C -38.78580 10.63800 13.17960
C -34.62490 7.07415 13.18320
C -37.77080 7.70702 13.17950
C -33.49390 12.52050 13.18960
C -36.63410 13.07340 13.18510
C -35.63450 10.13560 13.18050
C -32.58750 9.51516 13.19060
C -26.12730 8.36223 13.08050
C -29.40990 8.90788 13.11580
C -30.28720 11.92580 13.16830
C -26.95480 11.47410 13.10260
C -19.55070 7.08096 13.18930
C -23.85150 10.64550 13.09110
C -22.86350 7.72406 13.11160
C -20.70710 10.00670 13.04800
C -21.63960 13.01860 13.09440
C -39.81370 13.78390 13.18850
C -43.09970 14.27050 13.19960
H -42.51200 16.05750 11.59670
C -40.74740 16.67710 13.19380
C -43.89370 17.57830 13.21570
C -41.81280 19.67260 13.18880
H -43.52340 19.01820 11.59610
C -45.02040 20.45500 13.19420
C -38.62200 19.02460 13.18870
C -34.63190 15.41000 13.19080
C -37.68670 16.18030 13.18630
C -35.52160 18.48590 13.19490
H -35.18740 20.31680 11.60640
C -32.41130 17.97410 13.21280
H -32.06000 19.82490 11.61330
C -31.35790 14.89930 13.20150
H -31.01100 16.79220 11.61370
C -25.91410 16.73580 13.12290
C -28.03180 14.35560 13.14760
C -29.23210 17.34330 13.18960
C -27.08460 19.69600 13.15360
C -30.32420 20.41070 13.21010
H -28.87420 19.19880 11.56050
H -27.77850 16.20540 11.52740
C -24.75200 13.63000 13.08750
C -23.77540 19.09630 13.11420
C -22.70580 16.10150 13.15750
C -19.52740 15.47430 13.20280
C -20.66530 18.61120 13.25050
H -22.29630 17.92880 11.52910
H -20.19830 20.40370 11.63430
H -25.57860 18.56110 11.48220
H -24.47140 15.53730 11.48230
H -44.95980 21.85590 11.60500
C -43.08240 22.70880 13.19330
C -39.79000 22.19040 13.19830
C -40.78490 25.11440 13.21280
H -39.40320 23.92810 11.60930
C -43.89220 25.66210 13.20430
H -40.50290 26.98000 11.62270
C -33.47790 20.93310 13.21970
C -36.60390 21.55420 13.21700
H -33.18270 22.81160 11.61890
C -37.63160 24.61110 13.22650
C -34.56400 24.04380 13.23170
H -36.26460 23.36270 11.62980
H -37.39850 26.34760 11.62100
H -34.23850 25.81770 11.62640
C -35.67550 26.93970 13.22640
C -32.53310 26.34470 13.22400
H -29.95230 22.21090 11.57260
C -28.12660 22.82940 13.14560
C -31.46650 23.27740 13.22430
H -31.13250 25.13070 11.61850
C -25.95190 25.01210 13.12440
C -29.32520 25.79020 13.18320
H -27.80490 24.69300 11.50150
H -26.73330 21.57520 11.57950
C -24.94780 22.11290 13.12240
C -21.76800 21.51210 13.20160
C -19.64260 23.95460 13.33460
C -22.87530 24.47140 13.21460
C -20.68940 26.78360 13.42540
H -21.34430 23.36640 11.63060
H -25.58100 26.96440 11.64500
H -22.36550 26.37370 11.70710
H -23.46150 20.91420 11.51300
H -24.49730 23.92930 11.43660
H -42.75700 32.98510 11.62200
H -41.63840 30.00990 11.61310
H -44.96570 30.35660 11.60070
C -45.01620 28.93560 13.17910
H -43.54730 27.54580 11.59760
C -41.90110 28.24810 13.21840
C -43.08870 31.05160 13.21810
C -39.90740 30.59500 13.22700
C -40.93420 33.53770 13.23190
H -39.48340 32.38560 11.61980
H -36.36450 31.69550 11.61190
H -35.35190 28.74840 11.60950
C -38.79640 27.55180 13.23040
H -33.27010 31.13960 11.60850
C -36.74200 29.95060 13.22390
C -33.58410 29.38020 13.21510
C -37.68000 32.86530 13.22400
C -34.66870 32.30340 13.21480
H -38.54020 29.37850 11.62660
H -27.87560 33.02560 11.61030
H -28.99630 27.59750 11.56380
H -30.06740 30.63600 11.55890
H -31.22990 33.63510 11.60490
C -28.33470 31.17670 13.27380
H -32.16300 28.17430 11.60640
C -30.39610 28.82920 13.21040
C -27.16260 28.05100 13.19760
C -31.53760 31.79270 13.20920
C -26.17410 33.49800 13.37040
H -26.80730 29.99640 11.79260
H -20.24270 28.70570 11.98420
H -24.67140 32.30320 11.83290
C -22.93230 32.88320 13.55540
C -25.03290 30.51570 13.46020
C -23.84930 27.47050 13.33790
C -19.54500 32.41590 13.58650
C -21.80890 29.85940 13.51280
H -21.36790 31.72870 12.00560
H -23.51770 29.39210 11.81090
C -41.96260 36.59270 10.02870
C -43.24220 39.51030 10.04750
C -39.95680 38.99220 10.03720
C -44.04020 34.44030 10.01860
C -45.00170 37.25690 9.99833
C -38.78920 35.87820 10.01880
C -35.69190 35.49280 10.00660
C -36.84880 38.48090 10.02310
C -33.70600 37.87110 10.01170
C -32.61870 34.87010 9.99783
C -31.61610 40.20320 10.01520
C -30.49000 37.04490 10.02680
C -27.14660 36.53980 10.14330
C -28.20000 39.44110 10.15110
C -29.40360 34.18870 10.04300
C -23.88700 35.90540 10.29470
C -24.87140 38.78750 10.17520
C -20.77190 35.30070 10.41570
C -21.67360 38.24020 10.24660
C -40.93780 41.99270 10.04900
C -43.93160 42.32570 10.04420
C -41.84640 45.03790 10.03410
C -44.98170 45.58040 10.00740
C -38.84750 44.55010 10.04290
C -34.68070 40.86780 10.03480
C -37.79550 41.40310 10.05170
C -35.70310 43.84780 10.04430
C -33.56070 46.30280 10.01280
C -36.78200 46.87650 10.03220
C -32.57150 43.36160 10.01230
C -26.14580 41.84310 10.15140
C -29.30060 42.48770 10.02180
C -27.17720 44.79410 9.94776
C -30.40780 45.63050 10.01450
H -29.03220 44.32920 11.54390
H -26.79630 46.69460 11.51620
C -19.54160 40.65690 10.25240
C -23.87480 44.18240 10.10130
C -22.74680 41.19640 10.18020
C -20.68970 43.72090 10.24710
C -21.74820 46.72460 10.16060
H -25.71750 43.74460 11.72990
C -39.89530 47.40410 10.02690
C -43.13500 48.01680 10.01740
C -40.88150 50.40540 10.01730
C -44.01690 51.37040 10.00140
C -42.00280 53.51870 10.01260
C -45.03790 54.12930 9.97958
C -38.75120 52.97050 10.02510
C -34.65230 49.26040 10.00700
C -37.73950 49.88870 10.02520
C -35.79200 52.23750 10.01870
H -30.08570 47.45190 11.59280
C -32.61400 51.65710 9.98897
H -32.27200 53.42870 11.58860
C -31.52200 48.64400 9.98846
H -31.17920 50.45530 11.59200
C -26.20170 50.34280 9.99435
C -28.33660 47.89660 9.98941
C -29.38480 50.90240 10.04070
C -27.14640 53.20040 10.06090
C -30.42930 53.90000 10.04320
H -27.92140 49.70160 11.60490
H -28.97860 52.74910 11.66000
C -24.95110 47.16140 9.92491
C -23.94940 52.67870 10.05280
C -22.77670 49.65030 10.03040
C -19.48700 49.05740 10.11180
C -20.61240 52.08390 10.05450
H -22.42590 51.50630 11.65000
H -20.27740 53.88470 11.69400
H -24.70100 49.07280 11.49420
H -21.32510 48.53550 11.67710
H -25.74850 52.10290 11.64790
C -43.25630 56.49920 10.01570
C -39.87320 55.98040 10.01420
C -40.87140 58.88550 10.00840
C -43.88610 59.79150 9.99874
C -36.75620 55.33880 10.02490
C -37.67520 58.26010 10.01450
C -33.68490 54.57690 9.99904
C -34.59560 57.58700 10.00620
C -35.58640 60.68220 9.99844
C -32.43480 59.94410 9.98675
C -31.46400 56.95690 9.98176
H -31.10600 58.72970 11.58800
C -28.18000 56.36040 10.11540
C -25.94050 58.73660 10.06710
H -30.08010 55.70200 11.58710
C -29.38550 59.31370 10.01210
H -27.84350 58.18200 11.62950
H -26.75140 55.03790 11.71310
C -25.05850 55.66070 10.01340
C -21.73040 55.02430 10.00240
C -19.61200 57.41480 9.95845
C -22.89650 58.10630 10.07720
C -20.66300 60.41480 10.01950
H -22.41660 59.87500 11.71380
H -25.62620 60.49020 11.73380
H -23.53780 54.50450 11.57440
H -24.63810 57.43670 11.74880
H -21.36800 56.86440 11.55700
H -44.92290 64.07400 11.53720
H -43.45580 61.29710 11.58300
C -42.99280 64.76970 9.95199
H -39.38870 66.04160 11.59400
C -39.73200 64.27100 9.98060
C -40.79560 67.20220 9.97591
H -42.54650 66.65200 11.56540
H -41.49180 63.71850 11.57180
C -41.77070 61.86400 9.98021
C -44.89480 62.59530 9.96525
C -38.70450 61.27800 9.99964
C -34.52810 65.99310 9.97868
C -33.41490 63.10120 9.98372
H -33.09890 64.86220 11.58200
C -37.63900 66.64540 9.98967
C -36.56740 63.60830 9.98917
H -36.27270 65.41680 11.59480
C -30.34850 62.38790 10.02150
H -29.94420 64.19020 11.61610
C -27.03520 61.71230 10.11100
C -31.37550 65.34230 9.97960
H -32.10970 61.79780 11.59390
H -31.03090 67.16790 11.59400
C -26.03730 66.96450 10.07130
C -28.13460 64.71520 10.08850
H -27.81350 66.55490 11.72500
H -26.73030 63.56110 11.73250
H -28.88440 61.17730 11.58930
H -20.20840 62.25930 11.60340
H -24.60280 65.88380 11.73050
C -21.75310 63.42170 10.04770
H -23.43560 62.82410 11.78130
H -21.32110 65.28170 11.57700
C -22.87190 66.37360 10.02220
C -19.57440 65.84760 9.93125
C -24.90610 63.97770 10.16250
C -23.88110 61.13520 10.09810
C -41.95650 36.58200 13.24260
C -43.24860 39.57950 13.26250
C -39.90380 38.97150 13.24870
H -43.64610 35.86570 11.62770
H -40.54670 35.36310 11.63350
H -41.76090 38.35910 11.64600
H -45.05430 38.60160 11.66030
C -45.08900 37.16300 13.21390
C -44.11040 33.96630 13.23270
C -38.78280 35.96150 13.23290
H -38.55160 37.76250 11.62620
C -35.74340 35.46510 13.21880
C -36.84650 38.46080 13.23760
H -35.44030 37.29070 11.61620
C -33.64220 37.78930 13.22460
H -33.33600 39.64530 11.63480
H -37.39700 34.68220 11.61970
H -36.41840 40.27560 11.64920
H -34.38960 34.15980 11.60280
C -32.66340 34.81190 13.21010
H -32.28780 36.63770 11.60390
C -31.54450 40.23870 13.22810
C -30.51400 37.14360 13.25940
C -27.24410 36.51890 13.41940
H -30.14660 38.97630 11.55380
C -28.42450 39.43790 13.25890
C -29.42770 34.02890 13.25970
H -29.02080 35.99220 11.72040
H -26.75030 38.32370 11.83460
C -24.09610 35.93630 13.50180
C -24.99600 38.98410 13.48250
C -20.69440 35.22600 13.53810
C -21.72130 38.36580 13.57310
H -21.36150 40.08750 11.84790
H -25.78260 35.36170 11.78920
H -22.55890 34.70090 12.02670
H -20.29520 37.12640 12.02500
H -23.49010 37.74980 11.90650
H -39.52390 40.80790 11.65780
C -40.94290 41.90400 13.26040
H -42.67380 41.31570 11.65690
C -43.96850 42.78340 13.25920
H -43.54250 44.28370 11.64020
C -41.88280 45.06590 13.24950
H -40.54660 43.75230 11.64910
H -41.65200 46.85630 11.63550
C -44.99950 45.69490 13.22390
H -45.05340 46.95290 11.61560
C -38.88510 44.49720 13.25740
C -34.68950 40.88760 13.24710
H -38.48840 46.26140 11.63790
C -37.77390 41.40500 13.26310
C -35.74080 43.85070 13.25760
H -37.46120 43.26470 11.66340
H -34.32190 42.66120 11.63770
C -36.74080 46.86030 13.24440
C -33.58030 46.41560 13.22460
H -35.34380 45.69160 11.64860
C -32.54710 43.36760 13.22690
H -32.23890 45.14240 11.60790
H -31.18790 42.05730 11.61390
C -26.14200 41.90510 13.34030
C -29.41480 42.56780 13.28910
C -27.30910 44.89740 13.22810
C -30.42060 45.60420 13.16050
H -27.91940 41.29610 11.77150
C -19.61490 40.68450 13.46990
C -23.98420 44.30080 13.39340
C -22.86060 41.23520 13.40410
C -20.71630 43.65180 13.45110
C -21.82810 46.74550 13.35490
H -20.30710 45.53430 11.84260
H -23.60050 46.08100 11.69650
H -22.50600 43.07490 11.84310
H -24.63510 40.72160 11.73210
C -39.88470 47.46410 13.24040
C -43.21890 48.06630 13.22910
H -42.71640 49.87020 11.61900
C -40.93530 50.45080 13.23020
H -39.48600 49.24870 11.62850
C -44.06770 51.27380 13.21540
C -42.00590 53.54060 13.22530
H -43.62920 52.72480 11.61020
H -40.57340 52.27560 11.62580
C -45.09480 54.04290 13.19730
C -38.77560 53.00940 13.23990
C -37.76320 49.79210 13.23720
C -34.62900 49.21050 13.21780
H -36.36770 48.62590 11.62820
H -33.21410 48.10040 11.60040
C -35.72050 52.31330 13.22950
H -34.34950 51.04940 11.60760
H -37.45550 51.67390 11.63750
H -35.39960 54.05290 11.62700
C -32.60300 51.64960 13.20160
C -31.46770 48.64010 13.20240
C -28.23690 47.85230 13.19620
C -26.11390 50.18410 13.21550
C -29.37870 50.93400 13.19790
C -27.19110 53.22060 13.28020
C -30.49470 53.95940 13.16330
C -25.15060 47.27400 13.20910
C -23.91270 52.62240 13.19220
C -22.91990 49.64840 13.17020
C -19.55870 49.19160 13.30230
C -20.68480 52.02360 13.27980
H -45.00190 55.61370 11.62430
C -43.19540 56.55110 13.22800
C -39.88820 56.00320 13.22860
C -40.82210 58.87060 13.22110
H -41.69770 55.39550 11.62040
H -42.60750 58.34790 11.62140
H -39.43800 57.73080 11.61340
C -43.83850 59.46340 13.21120
H -40.42260 60.68170 11.60810
H -38.51120 54.74100 11.63270
C -33.60260 54.57850 13.21190
C -36.75990 55.31420 13.23770
C -37.66750 58.28760 13.22580
C -34.54200 57.67210 13.21900
H -36.30830 57.06230 11.63140
H -33.18090 56.38000 11.60090
H -37.31580 60.08420 11.61660
H -34.22480 59.43880 11.60330
C -35.55520 60.65880 13.21380
C -32.44980 60.03740 13.20270
C -31.45370 56.94940 13.19650
C -28.28960 56.24000 13.18210
C -26.10080 58.65360 13.37090
C -29.36680 59.41390 13.21150
C -24.93040 55.57930 13.26950
C -21.78190 55.16230 13.21020
C -19.58280 57.39530 13.12120
C -22.75770 58.02280 13.27180
C -20.53900 60.40230 13.21100
C -40.77210 67.24670 13.19060
C -39.74950 64.23680 13.19350
C -41.77990 61.92010 13.19400
C -43.07200 64.65640 13.16460
C -44.92320 62.57970 13.18130
C -38.73450 61.38000 13.21430
C -36.56920 63.62740 13.20340
C -34.53930 66.01430 13.19440
C -37.68240 66.62060 13.20580
C -33.41160 63.05450 13.19900
H -35.15890 62.48750 11.59840
H -38.33340 63.09960 11.59600
C -30.32250 62.37920 13.18220
C -28.23450 64.76100 13.29950
C -27.10740 61.65250 13.27400
C -31.39470 65.37600 13.19610
C -26.02690 67.22020 13.24090
C -22.80820 66.41030 13.22710
C -23.85290 60.97480 13.38640
C -21.63140 63.46150 13.27630
C -24.94030 64.04250 13.34260
C -19.57220 65.91450 13.14920
C -41.82650 70.33140 9.96897
C -43.05290 73.19140 9.95467
C -39.77210 72.71360 9.95933
H -40.44530 69.03440 11.58790
H -43.44630 69.62080 11.57240
H -41.54660 72.17010 11.56800
C -43.76910 68.12520 9.94692
H -44.91480 72.36280 11.56430
C -44.89650 70.93380 10.00010
C -38.71030 69.56540 9.97856
H -38.43630 71.44900 11.56690
C -35.54300 68.91270 9.98158
C -36.66240 72.02560 9.96559
C -33.52260 71.35890 9.97296
H -35.27730 70.75350 11.57900
H -36.28110 73.86680 11.57290
H -33.13890 73.15930 11.58150
H -34.18630 67.73600 11.58350
C -32.43030 68.29990 9.97772
H -32.09240 70.13320 11.57950
C -31.36420 73.75380 9.97565
C -30.34710 70.78930 9.94067
C -27.10090 70.00800 9.90107
C -28.25710 73.22070 9.88170
H -29.93900 72.57790 11.59960
C -29.20640 67.55440 10.01730
H -26.72870 71.95870 11.39840
H -28.93340 69.56430 11.48050
C -23.80960 69.46950 9.88038
C -24.92090 72.47390 9.80619
C -20.73940 68.75630 9.90409
C -21.68510 71.87750 9.86343
H -20.34130 70.60020 11.45810
H -21.38330 73.65470 11.47560
H -22.50640 68.24800 11.56470
H -25.62750 68.92610 11.47070
H -23.51780 71.30680 11.42860
H -39.43540 74.51220 11.56520
C -40.83230 75.65240 9.95357
H -42.59480 74.98830 11.55290
C -43.85590 76.43890 9.95487
C -41.77560 78.65680 9.96551
H -41.42400 80.40780 11.57900
H -43.45770 77.92860 11.57410
H -40.45980 77.41230 11.56330
C -44.97260 79.33990 10.05650
C -38.71040 78.05230 9.96523
C -34.51650 74.35450 9.96788
H -38.29990 79.79360 11.58140
C -37.67440 75.04230 9.96306
C -35.58670 77.45270 9.96731
C -36.57930 80.52450 9.97122
C -33.41910 79.86080 9.97464
H -35.18610 79.22060 11.57440
H -37.31860 76.86300 11.57470
H -34.16000 76.18860 11.57220
C -32.38530 76.91320 9.97559
H -32.00710 78.66350 11.59040
H -31.06280 75.62200 11.58450
C -25.89250 75.56040 9.90960
C -29.31690 76.14180 9.96337
C -30.22800 79.20240 9.94938
C -27.08960 78.39950 9.92858
H -27.75420 74.95140 11.44090
H -28.87960 77.96770 11.59610
H -26.60320 80.32580 11.47060
C -19.69950 74.22620 9.79564
C -23.93540 77.84150 9.87633
C -22.80590 74.73710 9.83933
C -20.65560 77.25520 9.76661
C -21.68850 80.36120 9.80270
H -23.44040 79.71200 11.38210
H -22.41240 76.64050 11.38150
H -25.61570 77.31590 11.62320
H -20.25720 79.08700 11.34640
H -24.59220 74.27300 11.46330
C -39.70020 80.92750 9.97607
C -42.96180 81.52750 9.98665
C -40.68640 84.00390 9.98048
H -39.30450 82.77750 11.58660
C -41.72960 87.00340 9.97710
H -40.33900 85.85870 11.57800
C -43.85180 84.96120 10.00100
C -44.84340 87.71300 9.97619
C -38.59740 86.48710 9.97457
C -37.59450 83.40470 9.97394
C -34.45980 82.78490 9.97551
H -36.19390 82.25020 11.57810
H -33.01510 81.63040 11.58360
C -35.55720 85.86270 9.98412
H -37.28830 85.24200 11.57530
H -34.19620 84.67410 11.58950
C -32.48940 85.36860 9.99944
H -29.88190 81.00840 11.59150
C -31.30480 82.25640 9.98675
C -28.15880 81.45760 9.92811
C -26.06210 83.92580 9.83969
C -29.26670 84.51610 9.98151
C -27.02090 87.08250 9.92513
C -30.30780 87.63200 9.96064
H -27.77690 83.35000 11.57550
C -24.84110 80.90240 9.75859
C -23.67640 86.33090 9.78043
C -22.72760 83.32920 9.81588
C -19.61420 82.74060 9.81547
C -20.62240 85.72690 9.82468
H -25.53230 85.79180 11.38930
H -24.53020 82.73450 11.38790
H -21.36460 82.09640 11.49340
H -22.40820 85.11990 11.47760
H -20.17260 87.56290 11.38010
C -43.05680 90.04500 9.98286
C -39.71670 89.48080 9.98442
H -41.53080 88.88690 11.57570
C -40.74190 92.48860 9.99985
H -42.54050 91.83540 11.58550
C -43.77180 93.39740 9.99098
H -38.37640 88.26650 11.59150
C -36.65210 88.84990 10.00250
C -33.47470 88.29910 10.00640
C -37.63800 91.87680 10.01290
C -34.53840 91.20500 10.01910
C -35.53240 94.21230 10.01180
C -32.46470 93.62370 10.01020
C -28.10210 90.00050 9.94020
C -31.34330 90.68440 10.01090
C -25.87520 92.40290 9.91206
C -29.19020 92.89650 9.97450
C -20.59670 94.22500 9.90956
C -22.70270 91.79070 9.87960
C -24.86910 89.37540 9.89514
C -21.58120 88.76050 9.78029
C -19.38070 91.16780 9.75475
C -40.84710 100.77400 10.02030
C -44.89880 96.19460 9.96577
C -43.09820 98.41180 10.00540
C -39.75380 97.87120 10.01220
C -41.81080 95.48440 10.00360
C -37.59620 100.22200 10.00970
C -36.60360 97.27760 10.00810
C -34.51100 99.75160 10.00220
C -33.48080 96.68120 10.00000
C -38.64200 94.84610 10.01780
C -31.32030 99.03600 9.99602
C -30.29690 95.90030 9.95246
C -25.85240 100.71200 9.85960
C -28.18380 98.28910 9.87012
C -26.91420 95.32250 9.93092
H -27.68790 100.14600 11.47170
C -22.61130 100.15000 10.00050
C -24.75860 97.67730 9.90822
C -21.62520 97.22940 10.00430
C -23.65310 94.79270 10.01400
C -19.45470 99.57100 10.00180
H -21.19900 99.04690 11.67230
H -24.50920 99.59100 11.56110
C -41.78310 70.32160 13.18400
C -43.07000 73.19750 13.16790
C -39.78730 72.68310 13.17340
C -44.87960 70.91330 13.21580
C -43.81740 67.73620 13.16090
C -38.70390 69.63850 13.19400
C -35.52320 68.85610 13.19680
C -36.69110 72.03650 13.18000
C -33.49620 71.33910 13.18660
H -37.32400 68.45800 11.60470
C -32.43690 68.32020 13.19360
C -31.38360 73.80010 13.19080
C -30.35080 70.73100 13.19930
C -27.11510 70.15820 13.05260
C -28.09110 73.12310 13.10370
C -29.23810 67.80350 13.17960
C -23.92710 69.56040 13.10080
C -24.94060 72.47070 13.03980
C -20.64560 68.78490 13.07050
C -21.75370 71.87250 13.02100
C -40.84340 75.65300 13.16680
C -43.85750 75.92150 13.17070
C -41.78320 78.68840 13.17820
C -44.91160 79.17380 13.27220
H -44.86250 80.67800 11.60560
C -38.74660 78.06730 13.17960
C -34.51960 74.42950 13.18320
C -37.67210 75.09080 13.17950
C -33.39370 79.83540 13.18960
C -36.57750 80.43990 13.18510
C -35.61290 77.44850 13.18050
C -32.41820 76.85210 13.19060
C -25.98000 75.51070 13.08860
C -29.17970 76.06090 13.13450
C -30.23010 79.17990 13.22340
C -27.09060 78.56790 13.18040
C -19.59000 74.31030 13.03690
C -23.78250 77.90270 13.07960
C -22.82030 74.86640 13.04490
C -20.67570 77.26770 12.99000
C -21.61180 80.20280 13.05190
C -39.69150 81.00320 13.18850
C -42.97550 81.41910 13.19960
H -42.43240 83.33890 11.59670
C -40.66020 84.06600 13.19380
C -43.84230 84.34950 13.21570
C -41.72920 87.04230 13.18880
H -43.39310 86.31000 11.59610
C -44.87290 87.62290 13.19420
C -38.65720 86.46810 13.18870
C -34.39140 82.78360 13.19080
C -37.60500 83.43650 13.18630
C -35.56710 85.86450 13.19490
H -35.21880 87.66730 11.60640
C -32.50100 85.32620 13.21280
H -32.06020 87.12210 11.61330
C -31.26580 82.23190 13.20150
H -31.08250 84.10930 11.61370
C -25.91920 83.95350 13.04270
C -28.09350 81.43400 13.15380
C -29.21520 84.58340 13.15660
C -26.98330 86.97830 13.09680
C -30.26020 87.62460 13.16360
H -28.83590 86.44270 11.49800
C -24.79930 80.93050 13.04300
C -23.78710 86.37460 13.06750
C -22.76620 83.28800 13.07630
C -19.58120 82.76630 13.06090
C -20.62650 85.76620 13.01690
H -44.90860 88.98950 11.60500
C -43.06450 90.09140 13.19330
C -39.78400 89.47670 13.19830
C -40.75780 92.42610 13.21280
H -39.36170 91.25880 11.60930
C -43.80100 93.32570 13.20430
H -40.37010 94.30540 11.62270
C -33.45620 88.26160 13.21970
C -36.65880 88.89570 13.21700
H -33.09290 90.08550 11.61890
C -37.64560 91.87550 13.22650
C -34.53110 91.18860 13.23170
H -36.28400 90.60950 11.62980
H -37.24390 93.63420 11.62100
H -34.15430 92.96310 11.62640
C -35.47650 94.22960 13.22640
C -32.46540 93.63000 13.22400
H -29.88290 89.47270 11.57990
C -28.04360 90.03390 13.19760
C -31.32260 90.63130 13.22430
H -30.98800 92.47590 11.61850
C -25.90800 92.26190 13.16170
C -29.12870 92.95510 13.15210
H -27.67000 91.79260 11.49410
H -26.61990 88.87290 11.59990
C -20.47980 94.16970 13.06990
C -24.73490 89.27230 13.11630
C -21.58010 88.76960 12.97690
C -19.41080 91.27430 13.03690
C -22.60750 91.64500 13.10170
H -25.44250 94.15240 11.54210
H -24.44890 91.19020 11.54580
H -22.23170 93.56810 11.60880
H -23.36950 88.16190 11.41030
H -21.14290 90.62320 11.37750
H -44.94570 97.59790 11.60070
H -43.46210 94.77860 11.59760
C -41.81860 95.51110 13.21840
C -43.05990 98.34740 13.21810
C -39.77590 97.81270 13.22700
C -40.83870 100.82600 13.23190
H -39.35890 99.64240 11.61980
H -41.54040 97.31560 11.61310
H -42.64890 100.23400 11.62200
C -44.90320 96.15520 13.17910
C -36.60450 97.25310 13.22390
C -38.66180 94.76890 13.23040
H -33.09910 98.48060 11.60850
C -33.46160 96.64500 13.21510
H -36.21370 99.07030 11.61190
C -34.51010 99.68230 13.21480
H -38.32760 96.65530 11.62660
H -35.21040 96.03820 11.60950
C -37.61750 100.35200 13.22400
C -26.91200 95.39020 13.08430
H -29.84220 97.78640 11.57380
C -26.00560 100.74900 13.17430
H -32.05270 95.46500 11.60640
H -28.77170 94.80420 11.53030
C -28.03130 98.30990 13.12590
C -31.34130 98.94170 13.20920
H -26.59950 97.17250 11.41970
C -30.33410 95.93410 13.17790
H -30.98820 100.80900 11.60490
H -23.40430 96.60810 11.66240
C -22.77510 100.19100 13.20700
C -24.92280 97.70320 13.16210
C -19.31480 99.62710 13.21280
C -21.55320 97.11620 13.15820
C -23.71570 94.67130 13.21750
H -20.07480 96.08220 11.45380
C -41.74120 103.84200 10.02870
C -43.01520 106.63500 10.04750
C -39.71180 106.20500 10.03720
C -44.85210 104.69900 9.99833
C -43.91250 101.86300 10.01860
C -38.68510 103.16600 10.01880
C -35.54090 102.58500 10.00660
C -36.55060 105.62600 10.02310
C -33.40300 105.02500 10.01170
C -32.40630 101.99400 9.99783
C -31.37030 107.31200 10.01520
C -30.30920 104.37500 10.00790
C -27.09670 103.82900 9.93858
C -28.08700 106.76000 10.01020
C -29.20390 101.35500 9.98999
H -26.66190 105.59600 11.60420
C -23.77830 103.14400 9.93949
C -24.90410 106.15200 9.97571
C -20.51830 102.45900 9.97316
C -21.62060 105.53500 9.88828
H -21.24050 107.38100 11.51570
H -22.31960 102.02600 11.60140
H -23.38530 104.97900 11.60950
H -20.08590 104.40000 11.46440
H -25.63580 102.58200 11.51600
C -40.71830 109.19400 10.04900
C -43.83350 109.55600 10.04420
C -41.70740 112.12700 10.03410
C -44.83360 112.75000 10.00740
C -38.60560 111.48900 10.04290
C -34.46400 108.01000 10.03480
C -37.58920 108.48600 10.05170
C -35.49120 110.94600 10.04430
C -33.46470 113.36100 10.01280
C -36.57160 113.87600 10.03220
C -32.33690 110.41900 10.01230
C -25.90740 109.15100 10.02010
C -29.30880 109.75200 10.08060
C -27.03500 112.17000 10.01190
C -30.16310 112.79300 10.05680
H -28.78390 111.59000 11.66490
H -26.68190 114.04800 11.55100
C -19.46960 107.96900 9.83401
C -23.92390 111.56000 9.82670
C -22.74000 108.53500 9.91008
C -20.53500 110.90900 9.77602
C -21.66260 113.95800 9.72351
H -22.36400 110.44300 11.43240
H -23.46890 113.41800 11.39140
H -20.20610 112.75700 11.34680
H -24.47460 107.97300 11.62440
H -25.53370 111.00600 11.65750
C -39.74580 114.52600 10.02690
C -43.00490 114.97200 10.01740
C -40.80950 117.46100 10.01730
C -43.92950 118.28600 10.00140
C -41.82490 120.56200 10.01260
C -44.88950 121.15100 9.97958
C -38.71380 119.91200 10.02510
C -34.51130 116.26200 10.00700
C -37.64580 116.97400 10.02520
C -35.60020 119.33400 10.01870
C -32.45130 118.82600 9.98897
H -29.84350 114.65400 11.62780
H -32.14920 120.70100 11.58860
C -31.35760 115.69100 9.98846
H -31.08780 117.59300 11.59200
C -26.04790 117.61200 9.88839
C -28.12380 115.21600 9.94555
C -29.31120 118.02900 9.90502
C -27.07400 120.58500 9.88899
H -27.78820 117.02900 11.54990
H -28.90270 119.95600 11.48800
C -30.34200 121.15300 9.94191
C -24.95920 114.65100 9.82874
H -25.58650 119.43700 11.48810
C -23.85910 119.98200 9.79762
C -22.72570 117.02400 9.77495
C -19.49890 116.44200 9.57315
C -20.65260 119.46500 9.74673
H -22.37480 118.84300 11.37870
H -24.51510 116.41800 11.43830
H -20.24210 121.19700 11.40910
H -21.23920 115.81300 11.24190
C -43.04530 123.50000 10.01570
C -39.79480 122.92300 10.01420
C -40.83420 126.04100 10.00840
C -43.86150 126.89700 9.99874
C -36.71660 122.30700 10.02490
C -37.71350 125.36100 10.01450
C -33.53830 121.89300 9.99904
C -34.59680 124.82000 10.00620
C -35.64890 127.71500 9.99844
C -32.45000 127.18400 9.98675
C -31.47970 124.26900 9.98176
H -31.06120 126.02700 11.58800
C -28.16350 123.53600 9.96261
C -26.13210 126.07000 9.81051
H -30.01600 123.06700 11.53330
C -29.32560 126.53900 9.95167
H -26.65330 122.34700 11.57880
H -27.81640 125.37000 11.50390
C -20.55390 127.86900 9.69442
C -24.88040 122.93000 9.81228
C -21.64400 122.40000 9.72969
C -19.57450 124.91200 9.61056
C -22.68210 125.32700 9.70872
H -22.36280 127.22800 11.23430
H -24.57950 124.82700 11.32490
H -23.37690 121.79500 11.34530
H -21.23190 124.18700 11.33350
H -25.73270 127.84200 11.47870
C -44.93700 129.75400 9.96525
H -43.49780 128.34600 11.58300
H -41.63390 130.72700 11.57180
H -39.48970 133.07600 11.59400
C -41.81190 128.96400 9.98021
C -43.06120 131.89900 9.95199
C -39.89100 131.35200 9.98060
C -40.82180 134.29400 9.97591
H -42.61380 133.76700 11.56540
H -44.91010 131.19600 11.53720
C -38.74870 128.38900 9.99964
H -36.34200 132.54800 11.59480
C -36.72520 130.72700 9.98917
C -37.73550 133.71500 9.98967
H -33.18140 131.95600 11.58200
C -34.59450 133.10500 9.97868
C -33.53960 130.13000 9.98372
C -30.38420 129.48400 9.99134
H -31.10470 134.36200 11.59400
C -31.43210 132.58200 9.97960
C -28.27730 131.89400 9.94529
C -27.29440 129.07300 9.95387
H -32.17110 128.99500 11.59390
H -29.95000 131.35400 11.58450
C -26.09920 134.35200 10.02520
H -26.77840 130.78700 11.55830
H -28.98490 128.36200 11.58420
H -27.91250 133.74300 11.59140
H -20.23820 129.63500 11.36540
C -19.63740 133.17900 9.89214
C -21.83310 130.73800 9.86022
C -24.01020 128.38700 9.75975
C -25.11900 131.41300 9.93890
H -24.56190 133.15700 11.69270
H -23.60550 130.15400 11.42470
H -21.40520 132.60000 11.44830
C -22.87400 133.78900 9.92392
C -41.78340 103.75900 13.24260
C -43.01730 106.69200 13.26250
C -39.69720 106.18500 13.24870
H -43.44900 103.24400 11.62770
H -40.42290 102.56800 11.63350
H -41.45770 105.60500 11.64600
H -44.86020 106.13200 11.66030
C -44.89550 104.54500 13.21390
C -43.85510 101.29500 13.23270
C -38.68780 103.16800 13.23290
H -38.28660 104.95000 11.62620
C -35.52180 102.63700 13.21880
C -36.53880 105.51500 13.23760
H -35.13380 104.40000 11.61620
C -33.38310 104.97600 13.22460
H -33.06450 106.80100 11.63480
H -37.23110 102.02900 11.61970
H -36.18700 107.37500 11.64920
H -34.10540 101.50900 11.60280
C -32.31570 101.96400 13.21010
H -32.06230 103.78100 11.60390
C -31.27740 107.30400 13.22810
C -30.30750 104.37500 13.16050
C -27.06880 103.73800 13.19450
H -29.86900 106.21700 11.55960
C -28.12060 106.72700 13.20610
C -29.11790 101.35600 13.07580
H -28.86060 103.22800 11.56290
C -23.86040 103.17300 13.17720
C -24.89970 106.23300 13.19000
C -20.43070 102.57300 13.16380
C -21.50510 105.56600 13.14250
H -39.33480 107.96200 11.65780
C -40.75760 109.16200 13.26040
H -42.55360 108.52000 11.65690
C -43.88020 110.05100 13.25920
H -43.39940 111.44400 11.64020
C -41.72060 112.13400 13.24950
H -40.32260 110.91800 11.64910
H -41.49630 113.94100 11.63550
C -44.84690 112.82500 13.22390
H -44.84590 114.21900 11.61560
C -38.58250 111.57000 13.25740
C -34.47140 107.96900 13.24710
H -38.32890 113.36500 11.63790
C -37.62240 108.52500 13.26310
C -35.47640 110.98400 13.25760
H -37.21220 110.35800 11.66340
H -34.05380 109.81000 11.63770
C -36.58210 113.93500 13.24440
C -33.39150 113.34700 13.22460
H -35.18880 112.76200 11.64860
C -32.33390 110.36000 13.22690
H -32.01560 112.17600 11.60790
H -31.00940 109.13100 11.61390
C -25.87340 109.17000 13.25820
C -29.23300 109.77500 13.20750
C -27.04830 112.24500 13.21850
C -30.26480 112.80300 13.19400
H -27.72570 108.60400 11.63140
C -19.36780 107.97000 13.06630
C -23.66340 111.64900 13.17130
C -22.67280 108.62800 13.16610
C -20.48750 110.94900 13.00590
C -21.57400 114.03400 12.91070
C -39.77960 114.53200 13.24040
C -42.99480 114.99700 13.22910
H -42.58110 116.86000 11.61900
C -40.80450 117.57600 13.23020
H -39.40450 116.31300 11.62850
C -43.93040 117.76800 13.21540
C -41.86250 120.60500 13.22530
H -43.48960 119.67400 11.61020
H -40.47160 119.32100 11.62580
C -44.89590 121.10300 13.19730
C -38.72240 119.91400 13.23990
C -37.63950 117.00500 13.23720
C -34.50310 116.36000 13.21780
H -36.26010 115.74300 11.62820
H -33.11270 115.15700 11.60040
C -35.57870 119.31100 13.22950
H -34.16620 118.12000 11.60760
H -37.29560 118.79200 11.63750
H -35.23950 121.19200 11.62700
C -32.44240 118.91400 13.20160
C -31.40910 115.70100 13.20240
C -28.07330 115.27700 13.22290
C -25.96510 117.56600 13.09100
C -29.27570 118.18500 13.18390
C -27.08620 120.47800 13.15110
C -30.31500 121.22000 13.15600
C -24.82880 114.62600 13.10290
C -23.77740 120.03500 13.04030
C -22.60130 117.00000 12.91490
C -19.43150 116.34300 12.86800
C -20.56060 119.30500 12.98840
H -44.90170 122.44500 11.62430
C -43.03210 123.44400 13.22800
C -39.80940 122.93200 13.22860
C -40.84510 125.91200 13.22110
H -41.56490 122.34000 11.62040
H -42.61920 125.25700 11.62140
H -39.44320 124.71400 11.61340
C -43.83490 126.34400 13.21120
H -40.47140 127.71100 11.60810
H -38.40720 121.73700 11.63270
C -36.69300 122.30100 13.23770
C -37.73850 125.29900 13.22580
C -33.50230 121.88000 13.21190
C -34.60540 124.84800 13.21900
H -36.31940 124.19200 11.63140
H -33.18140 123.68400 11.60090
H -37.35440 127.16200 11.61660
C -35.60620 127.70000 13.21380
H -34.19190 126.60700 11.60330
C -32.42380 127.22200 13.20270
C -31.39610 124.25200 13.19650
C -28.17720 123.55600 13.12660
C -26.01060 125.93300 13.03580
C -29.26800 126.47100 13.18110
C -24.82240 122.96400 13.00970
C -21.65290 122.47700 13.00430
C -19.43880 124.81500 12.89610
C -22.78890 125.36900 12.88530
C -20.65850 127.77100 12.93880
C -43.08200 131.87500 13.16460
C -44.94140 129.70900 13.18130
C -40.79530 134.35800 13.19060
C -41.77010 129.01600 13.19400
C -39.93420 131.33200 13.19350
C -34.58720 133.12600 13.19440
C -38.76280 128.37100 13.21430
H -35.32820 129.54000 11.59840
H -38.44990 130.17100 11.59600
C -33.54760 130.20500 13.19900
C -36.72060 130.70600 13.20340
C -37.75430 133.76500 13.20580
C -30.40130 129.53400 13.20920
C -31.42010 132.52900 13.19610
C -28.14670 131.82600 13.24000
C -27.20120 128.90300 13.13040
C -26.07930 134.34700 13.17180
C -24.97200 131.27400 13.15470
C -21.76640 130.72500 12.97590
C -19.66150 133.12600 13.05520
C -23.80100 128.29500 12.98730
C -22.68930 133.81000 13.17530
C -17.50070 0.99962 9.85026
C -15.35520 3.47222 9.73949
C -16.42120 6.47823 9.81953
C -13.12700 5.85359 9.55717
C -18.59320 4.15531 9.95447
C -14.41480 0.49754 9.70497
H -14.81860 5.29579 11.30310
H -17.08150 2.88833 11.45300
H -13.80920 2.31679 11.25210
H -18.09500 5.91719 11.58890
H -19.24490 0.53166 11.54180
C -12.08920 2.79330 9.49332
C -8.71781 2.11053 9.29339
C -9.90080 5.24352 9.36292
C -6.61927 4.63618 9.27206
H -7.28196 0.99514 10.94150
H -6.20335 6.45891 10.90900
H -8.41541 3.96457 10.86240
H -11.62870 4.64045 11.10070
H -10.50720 1.66997 10.98760
C -5.50424 1.54110 9.23965
C -2.22545 1.03740 9.22953
C -3.38918 4.07245 9.22661
C -0.09212 3.47571 9.30227
C -1.18718 6.48935 9.29316
H -5.12572 3.48015 10.87760
H -2.95471 5.84603 10.92240
H -1.89249 2.85631 10.88910
H 0.33518 5.30292 10.84320
H -4.02914 0.42591 10.79260
C 1.02989 0.48891 9.25759
C 3.13014 2.90404 9.18971
C 2.12096 5.85965 9.22446
C 6.37379 2.15941 9.13687
C 5.28363 5.22209 9.14990
H 6.83521 3.96566 10.66540
H 3.52077 4.70483 10.83410
H 4.53980 1.70195 10.75970
H 1.42015 2.28152 10.85320
C -18.42780 12.46870 9.84736
C -17.45390 9.55974 9.86587
C -15.23750 11.95140 9.76969
C -14.28350 8.90740 9.68573
H -12.69600 7.70606 11.16640
H -13.69030 10.70880 11.30750
H -16.93910 11.29910 11.47110
H -15.97030 8.30325 11.42430
H -19.14330 8.85707 11.53700
C -11.87650 11.28200 9.67701
C -10.89490 8.30527 9.53997
C -7.69010 7.74393 9.41524
C -8.74226 10.60620 9.59773
C -6.63714 13.14150 9.64458
H -9.42752 7.02522 11.02350
H -7.19484 9.43904 11.11720
H -8.35910 12.35570 11.27650
H -10.47850 10.00920 11.28330
H -11.52970 13.06250 11.35720
C -5.54098 10.06510 9.42091
C -4.48146 7.04344 9.31461
C -2.24929 9.47074 9.35543
C -3.34102 12.50010 9.52205
C -0.11331 11.87800 9.47100
H -0.72555 8.27239 10.89090
H -1.88841 11.23510 11.09560
H -3.99228 8.87041 10.94150
H -5.16218 11.86270 11.07830
C 1.03472 8.89472 9.32063
C 4.25873 8.39103 9.26928
C 7.45818 7.81180 9.27767
C 6.45415 10.77200 9.38485
C 3.16901 11.37470 9.42687
H 2.48005 7.65634 10.89740
H 3.51239 13.11800 11.14160
H 4.61838 10.11900 10.98270
H 5.73398 6.99133 10.79930
H 1.38554 10.67790 11.02830
H 6.82574 12.55510 11.06260
H -14.77560 13.69470 11.48540
C -16.22360 14.95950 9.90897
C -13.02930 14.29170 9.84665
C -17.33630 17.90660 10.06550
C -14.05270 17.32660 9.97467
H -18.06770 14.31190 11.50940
C -15.12010 20.36440 10.07520
C -9.82400 13.71150 9.74284
C -12.08050 19.83710 10.04780
C -10.89460 16.67490 9.81365
C -7.67009 16.24160 9.80828
C -8.67565 19.14890 9.91129
H -9.35225 15.50700 11.41940
H -6.19727 14.91640 11.33880
H 0.22554 13.62510 11.19320
C -5.44709 18.57420 9.88736
C -4.43447 15.58810 9.70959
C -1.25480 14.89030 9.63983
C -2.33415 17.83030 9.78842
H -2.97100 14.26300 11.16280
H -0.80990 16.66020 11.34640
H -4.03096 17.24880 11.45340
H -1.79921 19.62370 11.38540
C -0.08151 20.24100 9.79413
C 0.92115 17.30090 9.74596
C 5.33807 13.81570 9.52688
C 7.54601 16.12810 9.55814
C 4.13472 16.75860 9.63953
C 2.00707 14.34310 9.61498
C 3.15541 19.71760 9.76199
C 6.34932 19.07300 9.64300
H 2.39668 16.11150 11.27790
H 5.70196 15.53510 11.13780
H 4.62932 18.50790 11.35780
H 1.41996 19.09730 11.41670
C -17.39990 26.27670 10.18760
C -16.27730 23.34600 10.17390
C -12.91060 22.82890 10.15300
C -14.00920 25.73500 10.34570
C -18.37370 20.95030 10.05850
C -9.77000 22.25500 10.15060
C -6.38065 21.53730 10.03370
C -10.84980 25.12030 10.31490
C -7.69879 24.60440 10.27440
C -5.47278 26.90330 10.37850
C -4.33696 23.96760 10.10280
C -1.17104 23.28060 9.93892
C -2.27656 26.23740 10.13300
C -3.28625 20.91940 9.91170
H 0.34966 22.05370 11.40660
C 1.04686 25.68000 9.88679
C 7.58300 24.51150 9.73252
C 4.23774 24.96940 9.79757
C 2.09264 22.71740 9.80211
C 5.31927 22.04340 9.69567
H 3.63421 21.52810 11.41030
H 6.86105 20.84840 11.26940
H 5.82644 23.88380 11.34530
H 2.50589 24.50640 11.40360
C -16.41870 31.69020 10.28860
C -15.12940 28.57320 10.28380
C -13.04530 31.07860 10.43000
C -18.43140 29.28390 10.37160
C -10.87620 33.37880 10.59610
C -9.74475 30.45010 10.56970
C -7.69643 32.82520 10.47220
C -12.01450 28.19140 10.46720
C -8.60405 27.61620 10.44880
C -6.54128 29.85330 10.44170
C -4.39378 32.26210 10.21190
C -1.30843 31.63740 10.03840
C -0.12895 28.58230 9.99054
C -3.39369 29.22820 10.30580
C 4.30205 33.43040 9.70755
C 7.44642 32.75010 9.64218
C 5.34061 30.51190 9.64028
C 2.06946 31.06830 9.74845
C 6.45272 27.36450 9.71304
C 3.19623 27.98230 9.74598
C -17.41940 1.11434 13.12560
C -15.24110 3.51272 12.95450
C -16.19260 6.46163 13.05560
C -12.92110 5.83594 12.82780
C -18.49930 4.06594 13.17360
C -14.19130 0.50028 12.92390
C -11.85010 2.84498 12.72480
C -8.71776 2.21649 12.58980
C -9.73452 5.14054 12.63030
C -6.67983 4.57112 12.49220
C -5.39622 1.58854 12.47260
C -2.28336 0.97701 12.52800
C -3.30039 4.03753 12.56030
C -0.08364 3.45632 12.44510
C -1.06021 6.43030 12.51290
C 1.14722 0.48866 12.43440
C 3.17185 2.89520 12.42110
C 2.04725 5.77367 12.50290
C 6.41277 2.17737 12.31160
C 5.42113 5.05732 12.35710
C -17.32380 9.46785 13.10950
C -15.08980 11.85320 13.05770
C -14.04230 8.86591 12.92020
C -18.36240 12.47080 13.12930
C -11.85280 11.16140 12.95090
C -10.82660 8.10426 12.77320
C -7.60335 7.54070 12.62150
C -8.66613 10.45660 12.88410
C -6.56782 12.93280 12.85080
C -9.77444 13.54810 12.97590
C -4.44811 7.00806 12.51540
C -5.40914 9.99295 12.67260
C -2.19519 9.33391 12.59520
C -0.08624 11.75800 12.72210
C -3.30493 12.33980 12.70600
C 1.04566 8.76237 12.58680
C 4.31430 8.17435 12.49860
C 7.52298 7.56035 12.45180
C 3.10980 11.21340 12.67330
C 6.34719 10.71400 12.62650
C 5.33132 13.62640 12.72520
C -16.28220 14.77010 13.21110
C -12.88180 14.15370 13.06480
C -17.36080 17.85110 13.28100
C -14.06630 17.19940 13.30470
C -15.13110 20.34910 13.34350
H -13.72700 19.11040 11.73030
H -12.66660 16.09450 11.52430
H -16.93460 19.76750 11.71920
H -15.81580 16.68520 11.63800
H -19.15080 17.37110 11.67900
C -11.84510 19.61670 13.20920
C -7.52062 16.05040 13.03990
C -10.78220 16.62530 13.05610
C -8.66631 19.04080 13.11010
H -10.45500 18.52060 11.43500
H -7.19566 17.95030 11.48720
C -5.41200 18.29180 13.19350
C -1.22161 14.79120 12.83370
C -4.36219 15.29380 12.92670
C -2.16839 17.74420 13.00780
H -4.95776 20.24150 11.65900
C -0.03345 20.22410 13.03510
C 7.48849 16.10000 12.79510
C 0.96605 17.21320 12.99380
C 2.01145 14.13940 12.77680
C 4.24045 16.55580 12.85000
C 3.20796 19.69500 13.04170
C 6.47596 19.04390 12.95400
C -12.98590 22.59390 13.46760
C -16.21600 23.19100 13.31910
C -17.42900 26.16380 13.38610
C -14.19850 25.56380 13.50740
C -18.42790 20.90640 13.34590
H -12.56760 24.51040 11.98340
H -15.91180 25.12060 11.77940
H -19.17310 25.74280 11.76140
H -18.11750 22.74440 11.76320
H -14.67520 22.10080 11.71410
C -6.47185 21.28410 13.25150
C -10.83860 25.11020 13.59230
C -7.55134 24.29260 13.50640
C -9.68684 21.96880 13.38540
H -11.49190 21.55750 11.76430
H -8.25169 20.95790 11.62190
H -7.24261 26.30620 12.04540
H -10.47420 26.93700 11.94960
H -6.12939 23.30540 11.70840
H -9.39088 23.93050 11.93000
C -5.38244 26.76550 13.57310
C -3.10091 20.76210 13.19610
C -0.94988 23.20060 13.12360
C -4.25125 23.66340 13.34820
C -2.04244 26.11430 13.39220
H -3.93085 25.65700 11.85570
H -0.66748 25.10670 11.60940
H -2.80576 22.64540 11.60050
C 7.63122 24.50180 13.00850
C 1.17477 25.66780 13.10220
C 5.50855 22.08230 12.98100
C 4.35298 25.02150 12.94650
C 2.13861 22.69730 12.99330
H 4.69522 26.84140 11.34910
C -18.44900 29.20530 13.53840
C -13.11900 30.81760 13.60520
C -16.26310 31.67810 13.56300
C -15.25390 28.70180 13.57190
H -12.70270 32.83690 12.18600
H -14.90800 30.43480 11.86260
H -15.96220 33.45750 11.85940
H -13.74500 27.49130 12.05920
H -16.98330 28.06920 11.88010
H -18.13600 31.13460 11.99760
C -8.73413 27.41310 13.71540
C -7.49003 32.96340 13.66510
C -10.96550 33.37470 13.86720
C -9.82064 30.38360 13.79130
C -11.93700 28.02140 13.64270
C -6.39366 29.96640 13.74930
H -11.57060 29.92970 12.11240
H -6.09417 31.69620 11.98130
H -8.27733 29.31970 12.22030
H -9.40315 32.27830 12.21880
C -4.24554 32.31240 13.53200
C 0.15712 28.67070 13.16030
C -0.92204 31.56100 13.27380
C -3.12885 29.32700 13.51830
H -5.08343 28.69670 12.07090
H -2.86607 31.12150 11.84110
H 0.39288 30.48840 11.48040
H -1.81523 28.04160 11.79040
H -0.74706 33.44050 11.66880
H 3.60948 29.81470 11.26690
H 2.54821 32.93510 11.31090
H 6.80090 29.30260 11.15080
C 6.47646 27.61370 12.90170
C 7.50967 32.84380 12.81650
C 5.37780 30.40850 12.85530
C 2.35738 31.08790 12.94290
C 4.38682 33.38960 12.95140
C 3.31414 28.02230 13.01080
H 5.70216 32.26120 11.30470
H 1.49263 27.49320 11.48160
C -17.43820 34.55260 10.25390
C -15.17490 37.04230 10.35310
C -16.36720 40.06110 10.33560
C -13.02330 39.39560 10.38030
C -18.53910 37.69480 10.31880
C -13.96230 33.99480 10.48280
C -11.94420 36.44250 10.59260
C -8.81033 35.90560 10.51680
C -9.88478 38.88260 10.45790
C -6.62068 38.12660 10.34880
C -5.52645 35.23090 10.32650
C -2.32622 34.63520 10.17660
C -3.47498 37.52620 10.23500
C -0.16899 37.04950 10.06200
C -1.25492 39.99610 10.05030
C 0.89368 34.13980 9.94936
C 3.05580 36.38570 9.92431
C 2.01069 39.33540 9.94249
C 6.38939 35.79320 9.65035
C 5.30350 38.80610 9.80825
C -17.42530 43.04260 10.25870
C -14.17820 42.35190 10.27380
C -15.39880 45.33580 10.22100
C -18.49700 46.02380 10.21140
C -12.08990 44.78180 10.11530
C -10.96640 41.75260 10.33330
C -7.76078 41.17340 10.19700
C -8.87491 44.13960 10.05390
C -6.62377 46.45710 9.88640
C -4.49419 40.52410 10.14060
C -5.50997 43.51280 10.03190
C -2.35160 42.95330 9.94757
C -3.41154 45.84080 9.84396
C -0.08803 45.46490 9.92327
C 0.83520 42.30420 9.89898
C 4.13654 41.76400 9.79978
C 7.34593 41.11240 9.63455
C 6.28464 44.11200 9.61722
C 3.06748 44.67840 9.76611
C -16.35370 48.35920 10.09870
C -13.20640 47.76220 10.09020
C -17.41740 51.35740 10.03860
C -14.19610 50.64960 10.02480
C -15.33990 53.73620 9.88968
H -17.05080 53.23090 11.61150
H -19.21930 50.91750 11.66160
C -9.90915 47.18340 9.82684
C -11.99150 53.16650 9.90272
C -7.71630 49.60450 9.76231
C -11.00710 50.27080 9.89328
C -8.78771 52.57410 9.87679
C -5.60595 52.02660 9.73626
C -4.47379 48.99670 9.67250
C -1.21577 48.36530 9.84670
C -2.19407 51.46250 9.68903
C -0.14749 53.87850 9.79866
C 5.20588 47.13180 9.71135
C 0.92405 50.66410 9.70693
C 6.35571 52.52840 9.84585
C 3.09481 53.11590 9.76622
C 2.02124 47.76440 9.78962
C 4.28780 50.10670 9.79112
C 7.54356 49.52450 9.76368
H -19.18120 59.23680 11.55630
C -14.22660 59.23860 9.75429
C -17.44350 59.87620 9.88483
C -13.22810 56.12540 9.85139
C -16.36490 56.76090 9.87780
C -18.54760 54.39710 9.98686
H -15.96700 58.64940 11.36900
H -14.93060 55.60260 11.47360
H -12.78160 58.05010 11.37410
H -18.11510 56.25840 11.54170
C -6.60960 54.92630 9.73145
C -7.73021 57.95100 9.73374
C -11.04660 58.52950 9.78500
C -9.88272 55.55010 9.83229
H -11.67060 55.08130 11.44400
H -9.51146 57.42030 11.37340
H -7.32757 59.78190 11.32930
H -6.22374 56.81500 11.31470
H -10.63320 60.40310 11.39280
C -5.59755 60.46060 9.73283
C -2.23914 59.81760 9.77069
C -1.19310 56.85350 9.86005
C -4.44101 57.46440 9.74237
C -3.48468 54.41550 9.82216
H -0.90277 58.64620 11.52900
H -4.08035 59.29490 11.33250
C 7.37517 57.93840 9.96868
C 4.26013 58.52480 9.99778
C 5.34241 55.58370 9.90264
C 2.00813 56.25310 9.88055
C 0.88358 59.09130 9.94252
H 2.37111 57.96900 11.55810
H -12.70120 66.39940 11.43950
H -15.94300 67.04430 11.40900
C -15.33260 62.22680 9.81402
C -13.23070 64.58000 9.83164
C -16.40050 65.19480 9.86217
C -18.47840 62.85700 9.94374
H -18.12220 64.70140 11.56270
H -14.91940 64.04110 11.42030
H -17.00970 61.64320 11.50430
H -13.78410 61.07270 11.35490
H -8.48083 62.81420 11.26940
C -12.02870 61.66600 9.76465
C -10.95240 66.95770 9.78849
C -8.86792 60.91890 9.73156
H -6.20039 65.23340 11.42630
C -9.97956 64.03060 9.71811
C -6.65511 63.49960 9.70527
C -7.56701 66.51420 9.77382
H -9.44476 65.78630 11.31010
H -11.69560 63.48840 11.40720
H 0.32333 63.93220 11.52200
H -0.83126 66.93070 11.45830
C 0.00994 62.15620 9.87111
C -1.25502 65.07470 9.95308
C -3.36860 62.82240 9.89438
C -4.36839 65.85490 9.85281
H -5.26983 62.28180 11.37380
H -3.05098 64.64060 11.57680
H -1.86632 61.64900 11.35990
C 5.35693 63.95680 9.93427
C 2.13423 64.52520 9.91473
C 6.33420 61.02970 9.95756
C 3.16992 61.52940 9.98519
C 4.26941 67.03700 9.95555
H 2.47847 66.36560 11.62200
C 7.51536 66.43980 9.96648
H 1.38841 60.91020 11.55990
H 3.60352 63.37110 11.57460
H 5.73327 65.81030 11.52000
C -17.38420 34.63990 13.47860
C -15.36740 37.13760 13.59260
C -16.33890 40.04400 13.57060
C -13.19060 39.49050 13.60110
C -18.44620 37.62840 13.56800
C -14.30280 34.07910 13.64100
H -13.85920 35.88550 12.11660
H -17.05670 36.46960 11.85290
H -18.11820 39.47720 11.95910
H -14.88890 38.87500 11.93000
H -19.19840 34.14330 11.90420
C -12.12220 36.51670 13.75500
C -8.64566 35.81410 13.71180
C -9.88483 38.89180 13.67740
C -6.51759 38.29860 13.62060
H -11.66960 38.28930 12.10870
H -7.21289 34.70530 12.03970
H -6.23620 40.05080 11.86980
H -8.37144 37.69210 12.05930
H -10.56770 35.24610 12.24360
C -5.30915 35.25050 13.59140
C -2.15951 34.56970 13.37230
C -3.26378 37.70180 13.45860
C -0.03119 37.09580 13.28970
C -1.18505 40.04270 13.23890
H -5.13887 37.02020 11.99220
H 0.22409 38.89550 11.61330
H -1.87924 36.45880 11.78490
H -2.95252 39.38710 11.69390
H -4.03897 34.03270 11.83290
C 1.17397 33.92080 13.15950
C 3.32985 36.42100 13.04350
C 2.11990 39.39300 13.12250
C 6.42571 35.72990 12.88690
C 5.43030 38.80260 12.96730
H 3.55535 38.28340 11.45690
H 6.80818 37.60140 11.28230
H 4.68806 35.25490 11.36040
H 1.37351 35.90230 11.66170
C -18.49760 46.14280 13.46950
C -17.54330 43.01010 13.47520
C -14.18970 42.52410 13.54820
C -15.34090 45.48230 13.42770
H -13.82360 44.27770 11.82950
H -12.76330 41.27520 11.95730
H -19.26690 42.48360 11.80410
H -15.97470 41.88480 11.95800
H -17.10860 44.84760 11.90010
C -11.93030 44.92790 13.30340
C -10.96120 41.98890 13.48190
C -7.60184 41.40990 13.44630
C -8.75527 44.31600 13.26160
C -6.67596 46.64260 13.09060
H -9.46984 40.70170 12.00470
H -8.46225 46.07210 11.53150
H -7.37239 43.05530 11.64620
H -10.59860 43.71720 11.73790
H -11.58960 46.69840 11.58650
C -5.50088 43.69430 13.22950
C -4.26018 40.59230 13.33440
C -2.25336 43.10990 13.18940
C -3.27609 46.07440 13.07980
C -0.03220 45.36040 13.04920
H -0.89831 41.85980 11.57150
H -4.03574 42.42700 11.65320
H -1.84638 44.85780 11.47850
H -5.12041 45.44730 11.57940
C 0.91737 42.38200 13.06790
C 4.27429 41.85730 13.03150
C 3.12829 44.76550 13.00460
C 6.52287 44.09870 12.85930
H 6.81282 45.89860 11.19960
H 5.66563 40.63950 11.36340
H 2.41733 41.22570 11.49480
H 4.60058 43.62820 11.35260
H 1.36717 44.14140 11.41880
H 3.43026 46.55420 11.34280
C 7.52546 41.13630 12.80290
C -16.33920 48.45140 13.38180
C -13.05800 47.78430 13.25690
C -17.47120 51.46020 13.29240
C -14.15460 50.87260 13.24550
H -14.95180 47.20760 11.73290
C -15.17410 53.83380 13.18210
H -18.09410 47.86750 11.77600
H -15.99090 50.23410 11.69390
H -12.70050 49.63040 11.67780
H -13.82120 52.62310 11.48130
C -9.81617 47.39190 13.13350
C -12.04660 53.26240 13.07080
C -7.67045 49.56370 12.96090
C -10.77050 50.19460 13.14480
C -8.60388 52.59380 13.07780
H -7.34660 51.38080 11.37120
H -9.49396 49.02750 11.36910
H -10.55570 52.01760 11.55810
H -6.25016 48.38530 11.35370
C -5.51768 51.91670 12.93410
C -4.48777 49.02410 12.94280
C -1.30364 48.44860 12.95460
C -2.29783 51.39510 12.88500
H 0.27569 47.31030 11.50100
H -1.92913 53.28490 11.33790
H -4.05568 50.83300 11.18960
H -5.21449 53.81170 11.43370
H -0.84315 50.28520 11.37840
H -3.08986 47.80170 11.32880
C -0.16637 53.65990 12.99240
C 0.97110 50.72600 12.96410
C 5.30290 46.98870 12.87370
C 7.44422 49.41920 13.00970
C 4.25136 50.03150 12.96850
C 2.16337 47.83020 13.04140
C 3.02615 53.08850 12.99490
C 6.30304 52.44030 13.14390
H 5.70817 48.85960 11.32050
H 1.27794 52.53950 11.32370
H 2.44176 49.61300 11.36250
H 4.53357 51.97630 11.42680
C -18.43000 54.51300 13.20830
C -14.19680 59.27140 12.97880
C -17.32310 59.77950 13.05630
C -13.12490 56.22120 13.03660
C -16.26810 56.86930 13.04490
C -9.80861 55.61520 13.02140
C -11.00860 58.57450 13.01320
C -7.68691 57.97490 12.95380
C -6.53640 55.06720 13.07640
H -8.33729 54.43110 11.45680
C -5.56259 60.37420 12.95020
C -3.38686 54.40760 12.99470
C -4.47249 57.49410 12.94050
C -1.22736 56.79890 13.11960
C -2.38765 59.88610 13.01230
H 0.19438 55.63060 11.50380
H -2.99637 56.27680 11.40460
C 0.88638 59.07880 13.17700
C 5.10534 55.42110 13.15630
C 2.06769 56.01880 13.08700
C 4.08341 58.52240 13.25680
C 7.46385 57.96540 13.19090
H 3.44023 54.94760 11.38270
H 6.69399 54.31630 11.54140
H 5.59195 57.32610 11.65330
H 4.61423 60.36030 11.67200
C -13.17540 64.61530 13.06440
C -15.19600 62.21050 13.02750
C -18.35780 62.87960 13.15820
C -16.27440 65.26230 13.06880
C -9.82648 63.98370 12.97970
C -8.77748 60.98780 12.91760
C -12.07550 61.56770 12.99060
C -6.77967 63.41450 13.00660
C -10.87030 66.86450 12.99590
C -7.69102 66.51310 13.00680
C -4.48922 65.91950 13.12940
C -3.44312 62.68840 12.98780
C -1.17931 65.08340 13.11550
C -0.19795 62.06310 13.09960
C 7.46754 66.35860 13.18690
C 2.05972 64.49910 13.20150
C 4.28867 66.96630 13.19280
C 5.30377 64.03660 13.18120
C 6.39956 60.96740 13.24330
H 6.83976 62.78490 11.60200
C 3.07517 61.57770 13.22020
C -17.39840 68.24450 9.80063
C -15.30610 70.58420 9.69656
C -16.36850 73.57530 9.68447
C -12.92890 73.06320 9.72208
C -18.63050 71.20040 9.81889
C -14.15420 67.63700 9.79599
H -14.77310 72.47120 11.24390
H -18.16870 73.04440 11.37740
H -13.81420 69.47840 11.30930
H -17.06130 70.04920 11.39120
H -19.14590 67.68760 11.48060
C -11.95210 70.04620 9.79623
C -8.76562 69.40080 9.86594
C -9.84197 72.41960 9.85672
C -6.65531 71.86620 9.88941
H -6.16737 73.62170 11.51190
H -7.30656 68.24380 11.45980
H -11.61160 71.81440 11.44030
H -8.40144 71.20590 11.48140
H -10.57460 68.78860 11.44450
C -5.45784 68.84300 9.90413
C -2.16259 68.21990 9.83530
C -3.41520 71.10390 9.87421
C -0.19999 70.55840 9.84977
C -1.12668 73.57910 9.75509
H -3.00187 73.05810 11.31120
H -3.92508 67.64580 11.45570
H -5.14553 70.68250 11.43690
H -1.86432 70.00400 11.55050
H 0.27698 72.39590 11.42980
C 0.96469 67.45120 9.86434
C 3.19208 69.95400 9.86251
C 2.07039 72.97820 9.80747
C 6.53214 69.36700 10.00490
C 5.34396 72.35410 9.91426
H 1.39366 69.36400 11.39940
H 3.52032 71.83050 11.45760
H 4.68666 68.83110 11.56710
C -18.51230 79.77640 9.71563
C -17.51550 76.65390 9.70207
C -15.19860 79.14590 9.69048
C -14.15080 76.00360 9.71110
H -12.71590 74.86210 11.38810
H -16.00830 75.42160 11.23640
H -13.86470 77.83960 11.31820
H -17.03620 78.51460 11.22870
H -19.23830 76.05190 11.39690
C -12.09410 78.52400 9.76859
C -10.98550 75.43740 9.75268
C -7.64908 74.75300 9.84261
C -8.70734 77.75190 9.75920
C -6.52322 80.34470 9.80329
H -9.51206 74.26310 11.36630
H -7.35977 76.58120 11.52300
H -10.59500 77.32290 11.33780
H -11.64200 80.23270 11.53760
H -8.32576 79.60860 11.38750
C -5.61665 77.16750 9.82823
C -4.46977 74.18750 9.73977
C -2.17067 76.66290 9.78340
C -3.33562 79.66210 9.85115
C -0.11646 79.00060 9.93278
H -5.11889 79.02800 11.36620
H -4.03062 76.05300 11.36970
H -1.89108 78.48610 11.51910
H -0.78098 75.42740 11.38470
C 1.06826 76.08730 9.84503
C 4.30332 75.36790 9.83558
C 7.50384 74.68220 9.96472
C 6.47724 77.83440 9.78110
C 3.21925 78.54280 9.85238
H 2.51969 74.77520 11.47510
H 1.45287 77.86090 11.51930
H -19.12830 84.57030 11.45080
C -16.37860 82.11590 9.84955
C -13.05680 81.53910 9.95312
C -17.30410 85.19600 9.86289
C -14.12240 84.47280 9.87612
C -15.14390 87.53070 9.82941
H -14.94160 80.93130 11.44220
H -18.17030 81.55580 11.40790
H -13.71760 86.34550 11.44890
H -16.98670 87.05910 11.44860
H -12.72950 83.32930 11.62270
H -15.90450 83.92530 11.49150
C -9.85124 80.84450 9.88483
C -11.88210 86.82290 9.88361
C -10.89610 83.83720 9.94938
C -7.65786 83.21700 9.90160
C -8.79274 86.27530 9.97834
H -6.15596 82.09200 11.46120
H -10.55260 85.60830 11.65050
H -7.32900 85.03920 11.53930
H -9.41431 82.61850 11.53250
C -5.52427 85.59190 9.90939
C -4.35148 82.59860 9.84660
C -1.14300 82.15360 10.01150
C -2.18102 85.06280 10.02160
H -1.82930 86.81240 11.70250
H -2.95670 81.45090 11.49880
H -5.14286 87.35710 11.52400
C 0.01152 87.53430 10.13570
H 0.32458 80.85060 11.54760
H -0.78945 83.86040 11.75730
H -4.03827 84.41390 11.49250
C 0.97016 84.56580 10.13690
C 5.30517 80.92420 9.88462
C 7.23753 83.36810 9.79975
C 4.18665 83.94790 10.06170
C 2.10040 81.63260 9.98735
C 3.11637 86.93720 10.26030
C 6.28483 86.35860 9.98708
H 4.64773 85.68350 11.71890
H 1.40259 86.33010 11.80350
H 2.47181 83.37630 11.69850
H -19.06220 93.00560 11.38310
C -18.36340 88.17970 9.79818
C -14.09970 92.97160 9.79635
C -17.25870 93.72800 9.88251
C -13.01940 89.84070 9.80622
C -16.23480 90.53790 9.80518
H -12.63600 91.71740 11.33140
H -15.83490 92.36680 11.37520
H -14.78560 89.38910 11.41570
H -17.99240 90.00570 11.45840
C -9.77711 89.18900 9.82954
C -6.61292 88.68790 10.00320
C -10.81850 92.21590 9.74598
C -7.47138 91.58160 9.86733
H -6.14683 90.44760 11.64470
H -8.40580 88.08570 11.62290
H -10.50530 94.11120 11.24690
H -7.22104 93.42820 11.40500
H -9.37092 91.06470 11.41890
H -11.54420 88.70270 11.46460
C -2.32250 93.45530 10.04880
C -1.04233 90.54990 10.05870
C -3.31039 87.96140 10.00520
C -5.39553 93.97020 9.89666
C -4.35193 91.16370 10.08670
H -0.83176 92.37850 11.66030
H -2.91660 89.89840 11.60920
H 0.23747 89.34800 11.76330
H -4.03764 92.96700 11.71540
C 0.95969 92.86420 10.05740
C 7.25350 91.70270 10.00460
C 2.08759 89.94140 10.19260
C 5.13108 89.26230 10.17070
C 4.19748 92.23190 10.15470
H 2.37772 91.74570 11.75740
H 3.50142 88.77670 11.90730
H 6.72406 88.11990 11.66580
H 5.63508 91.11370 11.71310
H 4.53700 94.14940 11.71940
C -18.26060 96.69970 9.90845
C -13.04950 98.30160 9.98972
C -15.17000 96.01920 9.99001
C -16.08260 98.89190 10.07820
H -17.99170 98.48240 11.56640
H -15.82840 100.78300 11.61520
H -12.63830 100.09700 11.62020
H -14.71740 97.71720 11.74750
H -16.95040 95.44890 11.56510
H -13.69690 94.75720 11.50670
C -11.99620 95.33980 9.74211
C -8.61805 94.64330 9.72660
C -7.53294 100.19700 9.79938
C -10.95950 100.70900 9.85789
C -6.53343 97.02390 9.80807
C -9.79776 97.74810 9.77078
H -8.35192 96.43640 11.33740
H -11.50600 97.10600 11.42760
H -9.34003 99.58770 11.35920
H -6.12930 98.88710 11.39870
C -0.15170 95.72370 9.92884
C -3.31996 96.47380 9.87592
C -4.35523 99.46020 9.78125
C -1.22935 98.84620 9.77485
H 0.27014 97.71000 11.39320
H -2.96597 98.32950 11.45610
H -0.68821 100.72300 11.35910
H -1.95324 95.33710 11.61000
H -5.12397 95.86230 11.40270
C 4.33593 100.51800 9.58064
C 5.24826 97.59460 9.81962
C 6.20930 94.67300 10.02470
C 2.10094 98.18060 9.76553
C 7.46915 99.89010 9.64411
C 3.15987 95.18970 10.00370
H 3.52323 97.10940 11.49730
H 5.69618 99.47610 11.31220
H 6.72983 96.56350 11.48160
H 1.35772 94.75210 11.56190
H 2.54648 100.12200 11.20970
C -17.33510 68.24830 13.07170
C -15.24130 70.69120 12.88270
C -16.28040 73.63630 12.88180
C -13.03900 73.04010 12.99150
C -18.50140 71.17670 12.98310
C -14.13020 67.66320 12.97100
C -12.09180 69.96020 12.96410
C -8.77928 69.41120 13.04720
C -9.88437 72.43910 13.05120
C -6.60275 71.77810 13.07670
C -5.45921 68.80680 12.98320
C -2.15666 68.11110 13.13200
C -3.39453 71.23060 13.02020
C -0.00269 70.60360 13.08680
C -1.24637 73.59420 12.99720
C 0.93751 67.54240 13.13020
C 3.13560 70.02000 13.05430
C 2.05681 72.95390 13.08500
C 6.44389 69.38200 13.28410
C 5.17497 72.33120 13.15440
H 6.77675 71.21410 11.63750
C -18.44490 79.60120 12.92100
C -17.41220 76.73200 12.87610
C -15.31420 79.01420 12.94430
C -14.28190 76.04250 12.93510
C -12.09460 78.31300 13.03590
C -10.97780 75.49660 13.01250
C -7.71208 74.68340 13.08240
C -8.80055 77.73840 13.04550
C -6.54825 80.16820 13.00350
C -5.48825 77.21060 13.02120
C -4.31881 74.22900 13.01020
C -2.22936 76.56360 13.04910
C -0.11362 78.95710 13.15520
C -3.38199 79.64710 13.06480
C 0.99652 75.95530 13.08170
C 4.23563 75.50420 13.09770
C 7.41008 74.83000 13.14580
C 3.22447 78.41270 13.11670
C 6.34911 77.90140 13.03060
H 3.51778 80.34470 11.56430
H 4.62270 77.27320 11.37210
H 5.67005 74.19080 11.55110
H 6.80821 79.70310 11.37120
C -16.47100 82.04680 13.06360
C -13.12210 81.39690 13.13020
C -17.36260 85.23040 13.05260
C -14.23640 84.62660 13.17570
C -15.17620 87.64410 12.99410
C -9.75641 80.73180 13.10250
C -12.00340 86.94070 13.13430
C -7.64272 83.17710 13.14390
C -10.83480 83.69850 13.19930
C -8.71871 86.21450 13.22560
C -5.51142 85.55140 13.14570
C -1.27362 81.84080 13.18080
C -4.37423 82.55610 13.11590
C -2.39288 84.98070 13.28710
C -0.02854 87.43450 13.34160
C 5.34626 80.82880 13.12530
C 0.97774 84.44120 13.35310
C 2.01528 81.50880 13.19180
C 4.28351 83.80500 13.29250
C 7.52137 83.28110 13.06520
C 3.17353 86.77750 13.37110
C 6.49133 86.23540 13.23180
H 5.63100 82.70170 11.56350
C -18.47360 88.21360 13.07710
C -14.06800 92.88310 13.02730
C -17.28880 93.52260 13.00020
C -13.01020 89.94790 13.01920
C -16.19620 90.59050 13.02960
C -6.54364 88.54060 13.16890
C -10.87360 92.33780 12.93560
C -9.84216 89.36750 13.15900
C -7.64133 91.68150 13.10680
C -5.60652 94.15220 13.10860
C -3.37692 88.09300 13.17670
C -4.36142 91.10650 13.24070
C -1.24574 90.57760 13.30210
C -2.22293 93.55320 13.28070
C 7.53602 91.67040 13.13360
C 0.96987 92.97410 13.24480
C 5.43999 89.26530 13.35150
C 4.23488 92.25510 13.28760
C 1.94637 89.94190 13.44810
C -18.34950 96.65120 13.17310
C -16.16690 98.96710 13.21560
C -15.16030 95.82690 13.18620
C -12.80120 98.26560 13.19640
C -9.68794 97.73910 12.99260
C -6.61247 97.06640 12.97180
C -8.71504 94.65330 12.93170
C -10.74910 100.82200 12.99680
C -7.50915 100.10000 13.06840
C -11.79750 95.26410 13.01280
C -0.10389 95.98510 13.10430
C -3.50418 96.54330 13.11520
C -1.10749 98.90650 13.01290
C -4.41248 99.60070 13.06180
C 6.42951 94.79270 13.19230
C 2.06676 98.43340 12.91120
C 4.30682 100.76200 12.81000
C 5.26643 97.82420 13.03410
C 3.07399 95.43870 13.20230
C 7.53655 100.08600 12.81450
C -17.22580 101.85900 9.89708
C -15.15320 104.17400 9.76098
C -16.24820 107.32400 9.69139
C -12.96350 106.58700 9.61389
C -18.32270 105.00500 9.80899
C -14.04350 101.32100 9.95340
H -17.96400 106.81000 11.42770
H -16.87330 103.78800 11.38770
H -14.72390 106.15600 11.23610
H -13.55000 103.19900 11.43270
H -18.98480 101.41200 11.58070
C -11.82330 103.80300 9.73489
C -8.66800 103.08600 9.80751
C -9.74359 106.07200 9.62673
C -6.59284 105.43600 9.61306
H -6.15463 107.37000 11.06530
H -11.43120 105.63800 11.30340
H -8.28221 105.00400 11.39350
H -7.27024 101.93400 11.51070
H -10.41660 102.57800 11.33630
C -5.52607 102.52200 9.81376
C -2.14495 101.91200 9.71004
C -3.33472 104.87100 9.55922
C -0.03075 104.23600 9.53304
C -1.09685 107.17100 9.44330
H -3.99895 101.39800 11.38430
H -5.00596 104.45700 11.25430
H -2.87593 106.77300 11.08570
H 0.36085 106.08000 11.12890
H -1.82910 103.75700 11.20930
C 1.03191 101.21800 9.63143
C 3.16517 103.56000 9.49152
C 2.01759 106.60700 9.40640
C 6.50512 102.99600 9.39020
C 5.26120 106.02900 9.21809
H 6.76215 104.93000 10.86420
H 1.44496 103.08600 11.14680
H 4.74094 102.45000 11.03890
H 3.61952 105.47400 10.95750
C -17.34260 110.45000 9.66561
C -14.06630 109.73700 9.50503
C -15.38080 112.74500 9.50553
C -18.51360 113.42800 9.67797
H -12.58100 108.54400 11.10740
H -13.73990 111.64200 11.04670
H -17.00670 112.27700 11.27240
H -15.76990 109.25200 11.20640
H -19.02700 109.80000 11.37520
C -11.97050 112.14100 9.40625
C -10.88890 109.14200 9.46186
C -7.57822 108.46200 9.40682
C -8.69151 111.66500 9.38021
C -6.46012 114.01600 9.34787
H -11.56490 113.98500 11.03380
H -8.25256 113.41700 11.00010
H -7.21100 110.41600 10.89790
H -10.46050 111.00700 11.01350
H -9.39352 108.04100 11.09950
C -4.36524 107.87000 9.44604
C -5.37559 110.90000 9.30861
C -2.14409 110.29100 9.28383
C -3.33417 113.35500 9.26093
C -0.00641 112.63200 9.22021
H -1.81963 112.20500 10.86620
H -5.04246 112.76600 10.95070
H -0.68155 109.08300 10.94030
H -3.92018 109.75000 10.95390
C 1.08202 109.63600 9.21191
C 4.26421 109.03900 9.11215
C 7.58312 108.44700 9.09268
C 6.40945 111.39400 8.97341
C 3.16317 112.09500 9.14656
H 6.78337 113.29900 10.54160
H 3.59138 113.92100 10.70110
H 4.67177 110.88400 10.67540
H 1.42511 111.46500 10.84930
H 2.55607 108.47800 10.84570
H 5.76629 107.92700 10.69870
C 5.35674 114.59300 9.06629
H -14.80390 114.63200 11.01100
C -16.37530 115.83700 9.49963
C -13.00230 115.21000 9.41344
C -17.47790 118.82100 9.60694
C -14.20720 118.21900 9.53738
H -12.63310 117.01800 11.08270
H -13.80400 120.03300 11.16950
H -17.04470 120.61500 11.27690
H -16.00400 117.61100 11.10690
H -18.08220 115.26000 11.21560
H -19.19800 118.20400 11.26060
C -15.26480 121.23500 9.58968
C -9.80058 114.54800 9.37472
C -12.06140 120.56000 9.46996
C -7.60662 116.90200 9.42613
C -10.90890 117.64400 9.38625
C -8.67879 119.79600 9.37040
H -6.04824 115.76700 11.00820
H -7.15666 118.71900 11.03420
H -10.49980 119.44000 11.03490
H -9.39295 116.41800 10.97510
H 0.46057 114.47800 10.76260
C -5.45555 119.27100 9.31972
C -4.40061 116.40800 9.29353
C -1.11707 115.65000 9.28848
C -2.21683 118.74300 9.25193
H -1.78283 120.61100 10.80890
H -0.72534 117.52200 10.82880
H -2.91966 115.17500 10.88800
H -3.93503 118.16800 10.92150
H -5.04159 121.13800 10.81600
C -0.03753 121.10800 9.13081
C 1.08185 118.05800 9.21239
C 4.22251 117.67600 9.18000
C 2.13660 115.12600 9.12549
C 3.05660 120.66500 9.21560
C 6.41624 119.97200 9.12463
H 5.74199 116.40600 10.73920
H 4.64531 119.43200 10.73270
H 1.45407 119.92000 10.78970
H 2.54486 116.86900 10.80150
C 7.52408 116.97400 9.06225
C -18.54830 121.82200 9.67998
C -16.30320 124.23700 9.60697
C -13.11320 123.62100 9.46415
C -17.40290 127.21000 9.69194
C -14.22890 126.64000 9.51214
H -18.08880 123.71100 11.13700
H -15.89680 126.04000 11.18260
H -12.75650 125.39400 11.13410
H -14.79200 123.02500 11.18150
H -19.14510 126.65700 11.32790
C -9.76200 122.89400 9.33444
C -11.01060 125.91100 9.47439
C -6.54003 122.33800 9.25883
C -7.62193 125.38000 9.36288
H -7.23849 127.11100 11.13880
H -10.52800 127.74000 11.08900
H -8.25048 121.70400 10.89700
H -6.17236 124.10600 10.92660
H -9.39381 124.75700 10.98300
H -11.57970 122.40400 10.99910
C -5.54475 127.69100 9.40823
C -1.21155 124.07400 9.21781
C -4.36456 124.74000 9.27333
C -3.32455 121.71500 9.23608
C -2.28404 127.12200 9.25656
H -2.93609 123.53700 10.86100
H 0.37073 122.91600 10.74090
H -0.79558 125.96000 10.80200
H -3.99324 126.53100 10.92730
C 1.03656 126.53500 9.17565
C 2.13635 123.51900 9.14158
C 7.52551 125.37300 9.18937
C 4.37792 125.86600 9.15819
C 5.35990 122.88000 9.23405
H 6.88230 121.75500 10.78880
H 4.73605 127.72800 10.75240
H 2.47933 125.35600 10.73710
H 5.80011 124.70200 10.77000
H 3.55645 122.46000 10.90220
C -16.51890 132.56500 9.80276
C -15.28780 129.64900 9.65852
C -18.44670 130.25100 9.74684
C -13.23500 132.01300 9.59934
H -16.97580 128.97200 11.29000
H -13.77560 128.39100 11.11790
H -14.93490 131.43100 11.32060
H -18.20060 131.97800 11.44490
H -12.77770 133.84300 11.14420
H -16.03050 134.35300 11.47100
C -8.75908 128.19200 9.47296
C -9.83370 131.18700 9.51103
C -11.96910 128.84900 9.49516
C -11.00340 134.23400 9.47381
C -7.87683 133.53900 9.40793
C -6.67366 130.61600 9.34543
H -6.20973 132.46600 10.93910
H -8.38519 130.09000 11.04780
H -9.52764 133.06800 11.10960
H -11.71990 130.74100 11.11260
C -3.36437 130.05300 9.34127
C -1.10739 132.56300 9.24793
H -5.16415 129.54600 10.94200
H -2.95315 131.94600 10.82930
C -0.16431 129.47900 9.27330
H 0.37480 131.33500 10.82650
C -4.46670 133.03700 9.20148
H -1.90311 128.90800 10.98260
H -0.76277 134.34400 10.95180
C 4.30977 134.28400 9.15324
H 2.52488 133.69800 10.74670
H 6.83277 130.13400 10.78310
H 1.39188 128.37300 10.80760
C 6.56415 128.25600 9.19698
H 5.76859 133.15900 10.80910
C 5.42804 131.35500 9.16818
H 3.63446 130.75100 10.75290
C 3.15821 128.89400 9.16158
C 7.52469 133.61400 9.13416
C 2.08764 131.85400 9.11399
C -17.19850 102.12000 13.12990
C -15.08520 104.43900 12.97550
C -16.08430 107.46200 12.90200
C -12.94210 106.83000 12.84730
C -18.24390 104.98300 13.06830
C -13.96010 101.42500 13.09970
C -11.69120 103.86700 12.94030
C -8.73931 103.23500 13.02630
C -9.70941 106.36300 12.88770
C -6.43021 105.68000 12.86030
C -5.42312 102.69800 12.94720
C -2.14928 102.01400 12.92930
C -3.20418 105.03000 12.80080
C 0.02865 104.25700 12.75420
C -1.09556 107.29000 12.69690
C 1.12421 101.34100 12.83290
C 3.28545 103.74100 12.61750
C 2.25356 106.73100 12.53980
C 6.51346 103.20900 12.62930
C 5.37445 106.23000 12.46830
C -18.39660 113.46900 12.85920
C -17.18350 110.46800 12.89790
C -13.89450 109.87600 12.75000
C -15.07110 112.88200 12.73970
C -11.87520 112.16000 12.64210
C -10.83540 109.21900 12.70960
C -7.58331 108.67400 12.62510
C -8.66194 111.55200 12.60530
C -6.40619 113.91800 12.64080
C -5.39326 110.85300 12.53870
C -4.36927 108.00700 12.62890
C -2.07994 110.41600 12.50830
C -3.28901 113.32900 12.56870
C 0.06645 112.70300 12.44200
C 7.51721 108.56300 12.34790
C 1.07177 109.68700 12.50390
C 4.34072 109.11400 12.39630
C 3.29549 112.09600 12.35310
C 6.49151 111.51000 12.23790
C -16.18260 115.80500 12.72050
C -13.01360 115.19100 12.71520
C -17.34380 118.74700 12.84100
C -14.17760 118.15200 12.71520
C -15.21350 121.26800 12.81660
C -9.79006 114.55500 12.62820
C -11.97290 120.61800 12.71040
C -7.55536 116.92000 12.62120
C -10.81760 117.65100 12.66160
C -8.64406 119.95100 12.61040
C -5.31148 119.38300 12.51370
C -4.28103 116.39800 12.56790
C -1.00414 115.57100 12.38670
C -2.07866 118.76700 12.44850
C 0.00393 121.15900 12.42830
C 1.12050 118.04000 12.39550
C 5.40103 114.49500 12.26060
C 7.57974 116.94000 12.38700
C 4.29077 117.59300 12.37770
C 2.19786 115.04000 12.39760
C 3.23599 120.58000 12.40970
C 6.41565 119.92400 12.36960
C -14.12560 126.57900 12.77320
C -17.30110 127.16600 12.90120
C -16.27030 124.23400 12.77070
C -12.97650 123.54800 12.77130
C -18.36950 121.94700 12.87920
C -6.47042 122.22300 12.50290
C -7.56871 125.18000 12.69530
C -9.69494 122.89700 12.55130
C -10.87860 125.88500 12.66680
C -5.39953 127.73600 12.59370
C -3.26031 121.69800 12.43270
C -2.18741 127.05600 12.54190
C -1.13797 124.04800 12.40030
C -4.35584 124.68100 12.55570
C 1.04743 126.54000 12.41900
C 2.00551 123.66100 12.44670
C 7.52110 125.27100 12.43110
C 4.32356 125.86600 12.33420
C 5.47245 122.92900 12.41680
C -18.42090 130.07300 12.97780
C -13.05610 131.99900 12.80330
C -16.38280 132.48100 13.03180
C -15.16540 129.53300 12.85480
C -8.76279 128.32900 12.73000
C -6.55675 130.69200 12.61970
C -11.98000 128.90900 12.72390
C -7.62113 133.58500 12.58990
C -10.89520 134.36300 12.68680
C -9.88203 131.25400 12.72900
C -4.36113 133.11800 12.48690
C -3.37963 130.13000 12.49420
C -0.02955 129.53800 12.47940
C -1.12160 132.44000 12.46210
C 6.54479 128.31600 12.40180
C 7.63901 133.65700 12.29730
C 5.42122 131.32400 12.39530
C 3.27675 128.92900 12.38460
C 4.29237 134.34400 12.38250
C 2.20087 131.95000 12.42360
C 9.70881 1.61103 9.10909
C 8.67647 4.66419 9.13888
C 12.89020 1.05463 8.97120
C 11.76230 4.09002 9.03995
C 14.00310 6.42981 9.07053
H 8.97467 6.48007 10.73870
H 12.24490 5.89518 10.66730
H 13.28430 2.90261 10.57130
H 11.16540 0.45859 10.65330
H 10.06980 3.44558 10.81710
H 7.91291 1.05629 10.73660
C 15.09430 3.41316 9.00716
C 18.27240 2.89223 8.93555
C 17.21490 5.88990 9.05012
C 20.43400 5.22161 9.04947
C 16.14020 0.38217 8.93802
H 19.79930 1.64169 10.45820
H 18.63730 4.62794 10.58300
H 16.53580 2.17794 10.57580
H 15.47400 5.23010 10.68420
C 21.66350 2.27077 8.96759
C 23.78930 4.59576 9.03200
C 24.94090 1.63378 8.99299
C 27.06200 4.18641 8.96844
H 27.39400 5.94675 10.65520
H 21.96040 4.03814 10.69120
H 26.43520 0.55150 10.57810
H 23.09870 1.01415 10.57700
H 25.28580 3.45139 10.60900
H 24.16200 6.48713 10.61730
C 28.15910 1.13203 8.90748
C 29.13550 6.57161 9.11107
C 30.17530 3.69558 8.99980
C 33.58310 2.91112 9.05715
C 32.41280 5.84846 9.15096
C 31.43700 0.47169 8.97512
H 31.71330 2.41295 10.51550
H 28.44370 2.96490 10.53650
H 30.56550 5.38685 10.76870
H 33.88990 4.71396 10.73810
C 10.75350 7.13374 9.12808
C 9.55690 10.10770 9.29037
C 8.63287 13.19120 9.46201
C 12.84390 9.47375 9.16716
C 11.79720 12.43870 9.28593
H 11.05770 8.91434 10.82470
H 13.28380 11.23690 10.74550
H 10.02180 11.84430 10.93660
H 7.83612 9.51558 11.03610
H 14.38090 8.27583 10.73480
C 15.09700 11.94460 9.23246
C 19.30040 8.16569 9.16052
C 16.14040 8.98240 9.14763
C 18.23210 11.23090 9.24912
H 16.47430 10.67370 10.93190
H 19.73110 9.96873 10.74880
H 18.67020 13.03670 10.89740
H 17.54110 7.63999 10.76230
H 20.80140 7.00508 10.77960
C 25.91950 7.06543 9.00858
C 21.50710 10.68740 9.13699
C 22.55890 7.54906 9.11924
C 23.59000 12.99450 9.07312
C 24.68240 9.95747 9.07001
C 26.83050 12.40980 9.06684
H 21.89540 12.44270 10.83600
H 22.91330 9.41144 10.72520
H 26.23780 8.89199 10.67370
H 25.10050 11.79960 10.63500
C 28.01230 9.49503 9.12332
C 31.34190 8.87651 9.14399
C 30.29130 11.94430 9.22697
C 33.61580 11.25900 9.25327
H 28.39210 11.32810 10.75390
H 32.76910 7.67574 10.73430
H 29.52090 8.37164 10.79110
H 33.91950 13.05070 10.91180
H 31.77490 10.64940 10.75550
C 10.71880 15.54610 9.50468
C 13.94360 15.01420 9.36603
C 9.79077 18.52270 9.64797
C 13.05140 17.79070 9.46346
H 12.20940 14.24260 10.93800
H 8.99900 14.92730 11.19620
H 11.26450 17.26720 11.19080
H 13.39730 19.66580 11.04040
H 7.90002 17.95740 11.20040
H 10.12310 20.30040 11.33500
H 14.44830 16.68600 11.13140
H 15.38590 13.72290 10.87340
C 20.40570 13.63180 9.22303
C 17.28290 14.24400 9.30559
C 19.36730 16.68000 9.22115
C 16.25550 17.18370 9.43296
C 18.46300 19.57750 9.35278
H 19.93150 18.37460 10.90170
H 20.89600 15.46320 10.72740
H 17.74110 16.03120 10.94540
H 16.73880 19.07400 10.98340
C 15.17840 20.12170 9.37296
C 21.55640 19.12360 9.19103
C 22.64500 16.03040 9.07035
C 25.80360 15.46760 9.03262
C 24.73550 18.43100 9.09524
H 24.09170 14.84590 10.67550
H 26.24380 17.24950 10.70070
H 23.03000 17.82880 10.73590
H 27.26660 14.25020 10.65220
H 25.22890 20.23700 10.70720
H 30.72390 13.73130 10.81660
C 28.04300 17.82770 9.09972
C 29.17920 14.84530 9.13174
C 32.54890 14.24280 9.22463
C 31.42420 17.13340 9.21505
C 33.60860 19.67840 9.21575
H 31.81320 18.98810 10.83480
H 29.49800 16.68500 10.77560
H 28.43000 19.63630 10.80820
H 32.85930 16.05190 10.89650
C 30.28280 20.11250 9.21991
C 11.82290 20.85970 9.55273
C 8.67956 21.48500 9.67810
C 10.77550 23.93220 9.66745
C 13.96270 23.24840 9.38399
C 12.74480 26.28660 9.66160
H 12.26990 22.68730 11.13680
H 11.13540 25.64860 11.38440
C 9.67744 26.79700 9.72379
H 9.02830 23.31580 11.34960
H 7.89478 26.32480 11.36210
H 14.40200 25.05150 11.07940
C 17.32870 22.48950 9.33468
C 20.52940 22.01930 9.26239
C 19.41890 25.13030 9.28928
C 16.13510 25.43670 9.36924
H 17.69060 24.39740 10.89910
H 20.88320 23.86630 10.81530
H 18.83470 21.43600 10.95640
H 15.48300 22.05910 10.90780
H 19.81820 26.88940 10.98890
C 25.97160 23.94790 9.26171
C 22.70550 24.40680 9.26333
C 23.79400 21.57040 9.20199
C 27.04710 20.80970 9.10272
H 26.38780 25.72390 10.92030
H 27.41940 22.62700 10.83040
H 22.04250 20.90750 10.84220
H 22.99670 26.21710 10.93440
H 24.20140 23.32940 10.90910
C 24.81920 27.00350 9.38550
C 28.13230 26.40290 9.30361
C 32.48020 22.60590 9.21703
C 29.19790 23.22800 9.25009
C 31.37330 25.61210 9.33212
H 33.93170 21.46690 10.87770
H 29.51460 25.08480 10.87680
H 30.70700 21.97060 10.78140
H 32.76140 24.41910 10.94860
C 10.85510 32.17540 9.66914
C 11.77780 29.28160 9.68091
C 13.94440 31.52340 9.52217
C 8.55736 29.80280 9.57526
H 13.32820 28.03880 11.21080
H 8.96398 31.65380 11.17420
H 9.99254 28.66940 11.24780
H 12.29640 31.02640 11.31620
C 18.47480 28.03400 9.31775
C 20.46630 30.57990 9.44467
C 19.40000 33.37570 9.51208
C 17.23170 31.13180 9.43359
C 15.04460 28.54500 9.42625
H 16.63130 27.40120 10.86700
H 18.72830 29.82890 10.99860
H 17.67020 32.79650 11.14940
H 20.95940 32.34790 11.11800
H 15.52100 30.38600 11.07610
H 14.42090 33.40280 11.05000
C 22.77170 32.85400 9.58382
C 27.08170 29.25940 9.52522
C 21.54290 27.52530 9.39164
C 26.10980 32.18390 9.59668
C 23.85190 29.96070 9.44551
H 22.01390 29.31650 11.02460
H 25.22030 28.68270 11.02350
H 24.24420 31.65690 11.19560
H 27.40900 31.05410 11.15210
H 28.56130 28.06840 11.09630
C 32.46710 31.08580 9.62202
C 33.51930 28.17590 9.46557
H 31.71410 27.45820 10.99010
C 29.28040 31.67490 9.63128
H 32.86540 32.93940 11.23030
H 33.92090 29.85900 11.20080
H 29.55780 33.49240 11.28950
H 30.68540 30.46410 11.22070
C 30.35760 28.67320 9.50948
C 9.78244 1.53300 12.35820
C 8.55816 4.58270 12.37000
C 12.98570 1.12785 12.20130
C 11.97910 4.05804 12.28730
C 14.00930 6.37497 12.32110
C 16.16920 0.30537 12.14970
C 15.07620 3.31953 12.20390
C 18.35660 2.75513 12.11870
C 17.28350 5.74048 12.28840
C 20.38640 5.14616 12.28410
C 21.55860 2.08828 12.20340
C 23.81170 4.63133 12.25070
C 24.88120 1.56287 12.20110
C 27.07310 4.07178 12.23380
C 28.20440 1.15220 12.17970
C 29.10420 6.57962 12.38020
C 30.21190 3.47227 12.16740
C 33.37460 2.82531 12.28630
C 32.37480 5.88540 12.35530
C 31.29600 0.62061 12.22270
C 10.80370 7.00205 12.32970
C 9.69266 10.04850 12.55230
C 8.68001 12.96800 12.66340
C 12.90740 9.43688 12.35270
C 11.91520 12.30810 12.45310
C 14.95300 11.89160 12.45980
C 19.34120 8.16467 12.40020
C 16.14010 8.76561 12.46270
C 18.37060 11.10970 12.46520
C 25.88090 7.02360 12.27330
C 21.50000 10.55600 12.38990
C 22.65940 7.52372 12.31280
C 23.76070 13.05150 12.32580
C 24.73860 10.02180 12.27020
C 26.78850 12.43170 12.30620
C 27.96750 9.50377 12.36410
C 31.36020 8.83048 12.41360
C 30.18190 11.76090 12.33800
C 33.55840 11.20940 12.48130
C 10.90950 15.36400 12.70180
C 13.92930 14.78600 12.56980
C 9.74185 18.38640 12.80570
C 13.06480 17.87270 12.77740
C 20.53600 13.69380 12.39100
C 17.20120 14.19860 12.47540
C 19.57960 16.52180 12.47330
C 16.38260 17.21180 12.59600
C 18.55050 19.58900 12.53180
C 15.25550 20.22810 12.56250
C 21.73860 19.04260 12.45340
C 22.66600 15.99780 12.32170
C 25.89080 15.45920 12.32710
C 24.80380 18.40120 12.35730
C 27.97930 17.81170 12.39060
C 29.05550 14.80580 12.34090
C 32.46920 14.22440 12.52180
C 31.27950 17.14930 12.43490
C 33.52840 19.60880 12.46510
C 30.26470 20.16130 12.41660
C 12.02400 20.83460 12.78570
C 8.67396 21.43010 12.92920
C 10.89060 23.75650 12.95210
C 14.12320 23.23290 12.63820
C 13.07250 26.22710 12.82100
C 9.68598 26.90720 12.93400
C 16.31840 25.59470 12.55080
C 19.46410 24.93980 12.48780
C 20.64260 22.00440 12.47230
C 17.28800 22.51310 12.52410
C 22.58430 24.36720 12.53580
C 26.07680 23.88260 12.53210
C 23.88340 21.40210 12.43100
C 26.93820 20.76420 12.41670
C 24.81510 26.83780 12.55060
C 28.14640 26.15970 12.61670
C 29.29440 23.17710 12.40540
C 32.37530 22.50000 12.49140
C 31.25800 25.56140 12.52090
C 8.51930 29.88310 12.79860
C 14.17290 31.63010 12.79050
C 11.80650 29.19350 12.85580
C 10.75440 32.17830 12.82490
C 20.50030 30.49160 12.63390
C 18.37140 27.95640 12.59760
C 19.44980 33.43470 12.73130
C 15.27890 28.47830 12.65680
C 17.32910 30.96510 12.69060
C 26.06350 32.26230 12.82830
C 23.77630 29.75420 12.71890
C 22.74020 32.76060 12.77970
C 21.60250 27.44160 12.61010
C 27.03230 29.16380 12.64560
C 30.36300 28.51820 12.71440
C 29.13870 31.59620 12.82020
C 33.49370 28.00200 12.65730
C 32.50680 31.06670 12.82300
C 9.65863 35.07650 9.61629
C 8.55905 38.14220 9.54936
C 12.93460 34.63140 9.51670
C 11.89210 37.61390 9.57902
C 13.98850 40.01930 9.55623
H 13.34320 36.49900 11.15210
H 12.24020 39.41810 11.22720
H 11.22460 33.99840 11.21640
C 15.11090 37.06440 9.47851
C 18.32460 36.42320 9.48781
C 17.24940 39.49930 9.46404
C 20.50090 38.82140 9.53604
C 16.20760 34.01050 9.49896
H 19.82660 35.23010 11.08310
H 15.52050 38.86910 11.06480
H 16.56420 35.86640 11.11080
H 18.68110 38.27140 11.10010
C 21.66730 35.70520 9.51020
C 23.69490 38.30320 9.46528
C 24.87260 35.10490 9.58767
C 26.97550 37.72260 9.38771
H 23.07890 34.65490 11.23670
H 27.42080 39.52220 11.00560
H 25.20890 37.05890 11.03750
H 21.97480 37.62150 11.09140
H 24.12400 40.04650 11.14250
H 26.38130 34.05560 11.21910
C 28.17500 34.67410 9.55284
C 29.30080 40.08700 9.48018
C 30.41160 37.06970 9.46976
C 33.64980 36.50520 9.66048
C 32.57940 39.49970 9.65932
C 31.32780 34.04310 9.59225
H 31.76530 35.88280 11.16140
H 33.96500 38.27960 11.35420
H 30.67370 38.89950 11.15030
H 28.52540 36.58260 10.96740
C 10.76800 40.61360 9.60687
C 9.75548 43.55400 9.62042
C 12.89530 43.04930 9.68548
C 8.65406 46.64620 9.67202
C 11.84490 46.01730 9.74326
C 14.99390 45.43150 9.67989
C 19.40020 41.92060 9.62235
C 16.23650 42.47020 9.51096
C 18.31710 44.91870 9.59842
H 14.45610 41.87190 11.15060
H 17.63830 41.24060 11.20350
H 20.94220 40.70550 11.12370
C 25.86750 40.69980 9.44567
C 21.56880 44.39570 9.64173
C 22.74540 41.38270 9.53852
C 24.83490 43.73850 9.57472
C 23.77820 46.67190 9.70124
C 27.06950 45.98410 9.67331
H 26.31140 42.44650 11.11530
C 28.08520 43.07470 9.58032
C 31.43320 42.49920 9.62988
C 33.59470 44.95890 9.68768
C 30.31230 45.47180 9.71243
H 32.85010 41.30250 11.27360
H 33.87180 46.70970 11.38260
H 29.57140 41.88190 11.19020
H 31.83190 44.28060 11.26660
C 10.75680 49.08410 9.75615
C 14.01400 48.51130 9.77025
C 9.58308 52.00480 9.81211
C 12.83360 51.42120 9.83198
C 20.61110 47.26400 9.77781
C 17.20770 47.93830 9.67159
C 19.51300 50.13500 9.86492
C 16.22180 50.82910 9.84375
C 18.29240 53.30090 9.88297
C 15.02740 53.85330 9.93887
C 21.51790 52.61650 9.87394
C 22.60240 49.63920 9.83537
C 25.92360 49.07410 9.72544
C 24.81630 52.13040 9.79916
C 28.03730 51.50060 9.74561
C 29.24390 48.40870 9.73304
C 32.46170 47.98010 9.76394
C 31.31810 50.97520 9.83371
C 33.37250 53.33450 9.94126
C 30.14390 53.88930 9.99373
H 32.69020 49.68820 11.45670
C 11.68400 54.46390 9.91792
C 8.49275 55.03060 9.91773
C 10.63780 57.39530 9.93516
C 13.98250 56.81800 10.06630
C 12.82720 59.74390 9.95488
C 9.55034 60.34220 9.97120
C 17.16110 56.24650 10.01420
C 20.24090 55.62680 9.99864
C 16.07340 59.21020 9.96211
C 19.33420 58.59560 9.96626
C 22.48890 58.06060 10.07400
C 23.65050 55.06880 9.94040
C 24.71370 60.49390 10.10170
C 26.89660 54.49890 9.92306
C 25.82360 57.50000 9.98531
C 32.32110 56.28780 9.97095
C 27.96670 59.91590 10.05750
C 29.03840 56.83270 9.98780
C 31.24620 59.32550 9.96841
C 8.49030 63.42360 9.86452
C 14.00270 65.11440 9.99698
C 11.71750 62.73230 9.91788
C 10.73450 65.82630 9.97195
C 20.41730 64.08070 10.12230
C 17.15430 64.65800 10.07900
C 18.22830 61.73530 10.01860
C 15.04830 62.23870 10.01120
C 19.24850 67.11230 10.13980
C 21.56610 61.11070 10.05830
C 22.64660 66.45420 10.14410
C 25.88400 65.76430 10.13940
C 23.69150 63.44280 10.11680
C 26.78310 62.83480 10.22000
C 28.97820 65.30860 10.13490
C 32.26720 64.67130 10.11040
C 29.98410 62.29930 10.09450
C 33.39270 61.69470 9.99116
C 9.67565 35.11550 12.78830
C 8.66221 38.22090 12.80700
C 13.04270 34.59200 12.74260
C 11.85010 37.57940 12.81320
C 14.11170 40.03470 12.73250
H 8.99770 39.99060 11.13520
H 7.86514 34.62140 11.20700
H 10.04180 36.95900 11.16260
C 16.24620 33.97620 12.71370
C 15.15940 37.07320 12.74980
C 18.33890 36.40190 12.70330
C 17.23870 39.30200 12.77180
C 20.49360 38.82570 12.71080
C 21.57120 35.81170 12.74680
C 23.78090 38.10290 12.74470
C 24.76780 35.23320 12.74750
C 27.01190 37.67680 12.61410
C 28.18200 34.86690 12.78760
C 29.10200 40.02960 12.73460
C 30.23860 37.05620 12.70990
C 33.48730 36.38820 12.88180
C 32.38870 39.45130 12.85620
C 31.37930 34.07710 12.85920
C 10.74330 40.49620 12.80200
C 9.66985 43.47650 12.88200
C 12.96930 42.89310 12.86600
C 8.50787 46.51490 12.92560
C 11.79600 46.00220 12.99900
H 11.16610 42.40140 11.27280
H 10.01600 45.37820 11.33870
H 13.29700 44.84290 11.38160
H 7.91710 42.97430 11.15900
C 15.11720 45.34880 12.93190
C 19.53700 41.77330 12.73800
C 16.19550 42.35910 12.84720
C 18.34430 44.85500 12.83660
H 18.71700 46.71240 11.23400
H 16.58580 44.22610 11.22190
H 19.80370 43.76190 11.22500
C 25.97940 40.53520 12.71890
C 21.58740 44.19730 12.90700
C 22.75000 41.18090 12.81490
C 24.87410 43.59500 12.79770
C 23.82790 46.54140 12.93430
C 26.97500 46.05370 12.82890
H 22.02250 46.07110 11.37320
H 23.03170 43.13110 11.24000
H 25.23240 45.47580 11.22110
C 28.03190 42.86910 12.83060
C 31.32630 42.41790 12.82570
C 33.56610 44.84460 12.95440
C 30.29720 45.34310 12.91070
H 28.51280 44.81630 11.31290
C 10.70200 48.95720 12.97200
C 14.06660 48.42090 12.95260
C 9.58048 51.96400 13.06630
C 12.85660 51.26600 13.05200
H 12.21810 47.82370 11.35290
H 9.00171 48.35130 11.35210
H 7.78451 51.34120 11.45230
H 13.20200 53.19980 11.50080
H 11.05420 50.84050 11.40940
H 9.93202 53.76800 11.47630
C 20.46320 47.06800 12.96040
H 15.47240 47.21950 11.32900
H 14.36050 50.26300 11.38890
C 17.25260 47.73830 12.96860
C 19.36130 50.13990 13.09380
C 16.13010 50.71730 12.99920
C 18.22970 53.13510 13.13030
H 19.68340 51.99710 11.46830
H 16.48880 52.62500 11.44350
H 20.86290 49.01250 11.50880
H 17.64660 49.59490 11.40310
C 15.00830 53.62210 13.14080
C 21.56350 52.46940 13.00340
C 22.67930 49.64370 13.01940
C 26.00950 49.02820 12.97780
C 24.83160 51.93390 13.08210
H 23.06680 51.47980 11.38280
H 26.28680 50.87420 11.38710
H 24.14650 48.47010 11.38110
H 25.14160 53.85940 11.55680
H 27.40690 47.84260 11.26260
C 28.09600 51.32250 13.00270
C 29.20620 48.35040 12.90960
C 32.37330 47.78740 13.01670
C 31.14300 50.79690 13.06860
C 33.35980 53.22930 13.21600
C 30.06200 53.84140 13.10210
H 30.69310 47.19790 11.34990
H 29.50230 50.23980 11.33860
H 28.33440 53.25890 11.46580
H 31.63710 52.70740 11.58760
C 11.67830 54.34830 13.17070
C 8.47098 54.92030 13.14520
C 10.59710 57.42310 13.23250
C 14.00220 56.81760 13.29280
C 12.76180 59.84640 13.21580
C 9.45024 60.43160 13.16720
H 7.74719 59.75480 11.56520
H 12.11340 56.23050 11.66030
H 8.85615 56.78290 11.55520
H 11.02770 59.20170 11.58830
H 14.33260 58.68900 11.65470
C 16.10080 59.24090 13.24830
C 17.24610 56.25990 13.24890
C 20.41830 55.53540 13.19440
C 19.31380 58.66570 13.22130
H 18.61630 55.00840 11.59770
H 20.71570 57.43120 11.62250
H 19.72640 60.42360 11.55910
H 17.53520 58.05640 11.60510
H 15.43510 55.58220 11.71180
C 24.71820 60.45880 13.31060
C 23.63540 54.94910 13.19810
C 26.94710 54.36410 13.14400
C 22.52190 57.96810 13.25270
C 25.84080 57.42280 13.29470
H 21.86340 54.45650 11.51550
H 26.20850 59.26880 11.68880
H 22.92610 59.85510 11.69350
H 24.04880 56.85620 11.62360
H 27.25780 56.27960 11.58020
C 28.03540 59.74050 13.34780
C 29.08890 56.88110 13.18850
C 32.36540 56.33170 13.23180
C 31.18340 59.23500 13.20890
H 30.56600 55.72730 11.59350
H 29.41080 58.71950 11.56280
H 32.68530 58.13280 11.57690
H 33.72750 55.10630 11.58990
H 12.14140 64.57300 11.55150
H 13.21120 61.58690 11.52110
H 9.91026 62.25720 11.53630
H 8.90695 65.19650 11.54330
C 13.86470 65.12210 13.24450
C 8.54936 63.49860 13.21750
C 10.68830 65.68970 13.14350
C 11.71940 62.72240 13.12360
H 14.35600 66.92320 11.60360
C 14.97490 62.11180 13.16610
H 16.46900 61.02030 11.56000
H 15.40970 63.97550 11.66780
C 17.14200 64.54950 13.31100
C 19.36880 67.01100 13.30010
C 20.30950 64.05660 13.27780
C 18.25920 61.62600 13.19850
H 20.77830 65.89230 11.67060
H 17.54170 66.40020 11.73990
H 18.60460 63.47990 11.68020
H 27.31590 64.64940 11.81900
H 21.84600 62.88010 11.70950
C 25.82210 65.83240 13.34540
C 26.72440 62.83760 13.38640
H 24.06670 65.30180 11.69230
C 22.53970 66.43760 13.30650
C 21.40810 61.06800 13.28560
C 23.61910 63.52120 13.35830
H 25.01840 62.21990 11.82180
C 29.11670 65.20020 13.39910
H 30.49980 64.10070 11.68000
H 32.60980 66.46090 11.74590
H 29.41880 67.06330 11.81240
C 33.43710 61.56570 13.21890
C 30.14480 62.26770 13.31050
C 32.26060 64.62360 13.33610
H 31.57110 61.11150 11.61940
H 28.25500 61.67170 11.82080
H 33.70920 63.45250 11.68390
C 9.68197 68.82520 10.01460
C 8.57125 71.77540 10.04500
C 13.01240 68.13080 9.98156
C 11.77420 71.24480 10.07140
C 13.94370 73.48770 10.07950
C 15.11080 70.56420 10.06640
C 18.27710 70.01350 10.16200
C 17.18880 72.90300 10.08210
C 20.43420 72.36970 10.08930
C 16.19840 67.58110 10.07000
C 21.46430 69.28820 10.10380
C 23.66270 71.68480 10.09330
C 24.71540 68.80930 10.13680
C 26.81700 71.20780 10.05630
C 27.96580 68.21190 10.14330
C 31.10890 67.60430 10.14630
C 29.06430 73.50920 9.98944
C 30.17350 70.53220 10.02360
C 33.38230 70.00980 10.08830
C 32.36730 72.98020 10.01540
H 33.75320 71.86010 11.69640
C 10.65940 74.28970 10.03820
C 9.64488 77.22060 9.91587
C 8.64960 80.20760 9.74522
C 12.85170 76.51210 10.03300
C 11.83960 79.54240 9.90742
C 15.02000 78.87860 9.95224
C 19.32450 75.43730 10.02090
C 16.09790 76.04290 9.96779
C 18.28250 78.39780 10.02090
H 18.64860 80.27120 11.61540
C 25.83710 74.23440 9.97412
C 21.44470 77.71830 9.96725
C 22.53350 74.70450 9.96924
C 23.66500 80.34800 9.95734
C 24.70040 77.21940 9.96519
C 26.87730 79.52100 9.94707
H 25.08650 79.09240 11.58130
H 21.90290 79.60220 11.48100
C 27.95150 76.58680 10.02080
C 31.21120 75.91070 9.93107
C 30.10270 78.96820 9.91748
C 33.28000 78.30530 9.91867
H 33.77080 80.20550 11.44460
H 31.54370 77.75170 11.52050
H 29.45690 75.36360 11.58240
H 32.68660 74.82620 11.59330
H 28.37680 78.44550 11.60420
C 10.74510 82.56210 9.84233
C 13.92640 82.01570 9.85908
C 9.58335 85.65310 9.81142
C 12.89150 85.15620 9.82216
H 7.76909 85.09700 11.44370
H 8.79026 82.14730 11.25930
H 11.08050 84.48230 11.37580
H 13.18790 86.87150 11.57570
H 9.99394 87.47700 11.50470
C 20.43100 80.76340 9.94391
C 17.13160 81.23630 9.89728
C 19.40300 83.79550 10.01410
C 16.11510 84.42930 9.74509
C 18.32830 86.70540 10.03160
C 14.94280 87.50110 9.93756
H 14.31470 83.87440 11.39000
H 20.86450 82.59280 11.61880
H 17.44650 83.21440 11.32450
H 16.37040 86.24570 11.43890
H 19.67310 85.57000 11.81120
C 21.33790 86.02120 9.94246
C 22.56720 83.11050 9.92306
C 25.77100 82.52690 9.85653
C 24.73610 85.47810 9.90567
H 26.29600 84.36960 11.46580
H 27.26510 81.41430 11.46540
H 24.04350 82.09490 11.57450
H 25.12240 87.39010 11.46270
H 22.94530 84.99580 11.49110
H 30.49010 80.80460 11.49260
C 28.03210 85.00890 9.78272
C 29.00170 82.00150 9.86063
C 32.25790 81.29210 9.78620
C 31.20830 84.35950 9.73539
C 33.32920 86.77410 9.54523
H 28.35580 86.93030 11.35150
H 31.63320 86.27610 11.25790
H 32.62880 83.15430 11.31700
H 29.45150 83.85760 11.40310
C 30.05070 87.38210 9.58232
C 8.44422 88.55830 9.93469
C 11.78690 88.05440 9.94599
C 10.75390 91.05860 9.89339
C 13.84830 90.35850 9.97302
C 12.87260 93.36850 9.91904
C 9.52351 93.97490 9.95222
H 7.69782 93.55720 11.54700
H 8.89469 90.52270 11.43800
H 12.07550 89.89650 11.61010
H 11.01630 92.92510 11.53500
C 20.35230 89.08440 9.80452
C 17.05710 89.70750 9.88430
C 19.25110 92.21970 9.79792
C 16.05360 92.71530 9.77616
H 19.57850 94.06640 11.36570
H 17.47110 91.60300 11.45290
H 20.72890 91.01000 11.30380
H 14.33150 92.24470 11.53750
H 15.38180 89.23610 11.58350
H 18.55320 88.62350 11.51730
C 25.80930 90.97740 9.51685
C 23.66950 88.48530 9.74917
C 22.33780 91.52440 9.50241
C 26.83470 87.95150 9.74966
H 27.16610 89.84860 11.25250
C 24.66660 93.85010 9.44131
H 22.80550 93.45150 11.05920
H 26.14840 92.82340 11.19460
H 23.94250 90.49430 11.12420
H 21.86300 87.97200 11.39000
C 27.93800 93.31470 9.47162
C 31.06880 92.77780 9.40764
C 28.94340 90.34520 9.56732
C 32.29490 89.76250 9.54528
H 32.57530 91.68670 11.10260
H 30.48410 89.24850 11.17420
H 29.42340 92.20640 11.10690
H 33.78770 88.59490 11.15230
C 10.70520 99.31770 9.59679
C 8.48290 96.86090 9.81341
C 13.78700 98.78560 9.45957
C 11.70750 96.32000 9.81019
H 12.14320 98.24830 11.26100
H 13.23210 95.26460 11.44870
H 8.96686 98.80760 11.25940
H 9.99698 95.86800 11.50560
H 14.25650 100.62200 11.08890
C 19.30460 100.54100 9.30833
C 17.11960 98.18170 9.44908
C 20.27390 97.58300 9.42400
H 17.54640 99.99380 11.00300
H 20.72930 99.41830 10.91460
C 14.80060 95.78040 9.67166
C 18.16430 95.21220 9.60798
H 16.37770 94.72310 11.27950
H 15.30600 97.73630 11.05580
H 18.56190 97.07580 11.08320
C 26.89390 96.40320 9.27373
C 25.81560 99.32780 9.27694
C 22.44310 99.99420 9.29357
H 25.02340 95.88740 10.88490
H 27.26760 98.19470 10.94600
C 21.21570 94.62580 9.60056
H 23.95490 98.83820 10.88820
C 23.39710 97.00860 9.33732
H 21.77900 96.46350 11.12160
H 29.40880 100.62000 10.92950
C 29.02400 98.78940 9.29456
C 33.30730 95.23120 9.38986
H 31.47660 94.64830 10.96920
H 28.33420 95.22610 10.93530
H 33.68290 97.06910 11.02440
H 32.68170 100.05700 10.96110
H 30.47180 97.61310 10.88780
C 32.28840 98.26590 9.36605
C 30.07140 95.84220 9.28078
C 9.75324 68.81650 13.26790
C 8.51148 71.76410 13.26090
C 12.97140 68.16980 13.23230
C 11.78990 71.30930 13.22940
C 13.90120 73.62810 13.22640
H 7.92856 68.23430 11.66720
H 11.13850 67.60820 11.59600
H 13.26080 70.02620 11.60010
H 10.02060 70.63910 11.64300
H 8.95250 73.59850 11.69710
H 12.08800 73.12620 11.67980
C 15.01080 70.55640 13.32350
C 18.26480 70.07270 13.35690
C 17.14690 72.99060 13.33220
C 20.48160 72.46730 13.28270
C 16.10680 67.47930 13.31630
H 16.51700 69.34980 11.72570
H 18.69070 71.84880 11.74610
H 19.71780 68.88170 11.76440
H 15.43630 72.36590 11.74950
C 21.54430 69.37180 13.35290
C 23.67940 71.85160 13.26350
C 24.80470 68.77580 13.30850
C 26.87340 71.26630 13.29930
H 24.04810 73.60440 11.57400
H 21.85830 71.17520 11.68310
H 22.92140 68.29100 11.73560
H 26.24000 67.64470 11.67380
H 27.25560 73.05350 11.62930
H 25.11370 70.60970 11.75360
C 27.95510 68.38350 13.29710
C 31.23670 67.72280 13.35600
C 29.11540 73.55920 13.12640
C 30.10950 70.64140 13.23010
C 33.28980 70.08940 13.33860
C 32.28580 73.06490 13.26690
H 30.58570 72.39050 11.58710
H 28.36410 70.14330 11.64810
H 31.59000 69.44630 11.65680
C 10.63300 74.24580 13.33500
C 9.56380 77.35820 13.14910
C 8.53121 80.43300 13.02890
C 12.87630 76.58390 13.26450
C 11.76750 79.66720 13.19100
H 7.84289 76.62250 11.46560
H 9.96923 79.12480 11.52290
H 11.07170 76.07060 11.69440
H 13.25260 78.43200 11.61500
C 14.98230 79.09580 13.21020
C 19.32960 75.42560 13.24880
C 16.11500 76.01620 13.22160
C 18.23800 78.52640 13.27210
H 19.73210 77.28910 11.70270
H 20.79730 74.24880 11.61810
H 14.36950 75.40220 11.60370
H 16.49120 77.84750 11.59910
H 17.56390 74.80520 11.60100
C 25.75560 74.23800 13.24030
C 21.57090 77.83010 13.19410
C 22.61240 74.83090 13.19360
C 23.70800 80.28600 13.14430
C 24.67000 77.23740 13.18900
C 26.92280 79.65590 13.14340
H 22.93600 76.58370 11.52390
H 26.17170 76.05370 11.59830
C 28.03740 76.62250 13.18790
C 31.18860 75.98980 13.20040
C 30.19550 79.04330 13.16570
C 33.34240 78.36250 13.03150
C 10.49310 82.65020 12.95000
C 13.97990 82.09060 13.07090
C 9.59267 85.55850 13.07070
C 12.77420 84.93660 13.04610
H 12.14790 81.45510 11.54720
C 20.54280 80.74980 13.17160
C 17.07790 81.51450 13.07800
C 19.18660 83.79160 13.05580
C 16.07250 84.37380 13.02890
C 18.05530 86.85440 13.14560
C 14.95800 87.42410 13.13360
H 15.34060 80.81590 11.46460
C 21.64460 86.25660 13.16710
C 22.63370 83.25260 13.19390
C 25.91670 82.62660 13.10850
C 24.83530 85.57460 13.04920
C 30.19320 87.46650 12.88050
C 28.06420 85.17070 13.00700
C 29.02170 82.12000 13.06240
C 32.32120 81.39290 13.08720
C 31.29740 84.49390 12.95570
C 33.34790 86.83920 12.90920
C 12.87790 93.52720 13.10740
C 13.92670 90.43960 13.16700
C 10.61840 91.10550 13.15270
C 11.70980 88.04610 13.17910
C 8.58918 88.75500 13.13980
C 9.51682 94.05140 13.11400
C 16.14540 93.02320 13.02060
C 17.10060 89.86110 13.16330
C 20.44200 89.22510 13.02360
C 19.39000 92.23710 12.98820
C 22.52390 91.67060 12.80370
C 26.96010 88.07530 13.00580
C 23.64640 88.77750 12.90650
C 25.64200 91.00790 12.82530
C 24.62980 94.13920 12.62980
C 27.98100 93.45490 12.68090
C 29.06180 90.43400 12.77900
C 31.12150 92.90770 12.70530
C 32.32160 89.79800 12.72610
C 11.82350 96.56170 13.04280
C 10.74800 99.59120 12.81330
C 13.95840 98.86220 12.77710
C 8.51960 97.15880 13.01950
C 15.06060 96.10360 12.86610
C 17.12700 98.34250 12.64840
C 20.30900 97.70410 12.62630
C 18.17110 95.43070 12.86900
C 19.33260 100.61800 12.51020
C 26.78010 96.36030 12.52440
C 21.51120 94.68790 12.79700
C 25.82500 99.38460 12.45990
C 22.47890 99.99170 12.52950
C 23.67350 97.07130 12.58810
C 29.05020 98.79440 12.52240
C 32.14050 98.27220 12.56660
C 30.09840 95.86470 12.56980
C 33.21760 95.21760 12.60260
C 9.55067 102.26500 9.34807
C 8.46996 105.45600 9.22111
C 12.81710 101.75100 9.38279
C 11.71560 104.71200 9.19275
C 13.93530 107.25200 9.11252
H 12.08210 106.68900 10.63830
H 13.24440 103.68200 10.91200
H 11.06390 101.27500 11.07530
H 8.95834 107.33600 10.78880
H 9.95153 104.23800 10.77970
H 7.87421 101.85000 11.11720
C 15.05360 104.11900 9.24721
C 18.23370 103.51500 9.26909
C 17.32040 106.57000 9.11040
C 20.35420 106.05900 9.15600
C 16.03650 101.15400 9.43474
H 16.48920 102.95900 10.98380
H 18.65420 105.42500 10.83300
H 15.47630 106.07000 10.67420
H 19.70130 102.39500 10.84400
C 21.39500 102.92700 9.20827
C 23.71760 105.36500 9.17955
C 24.62610 102.37300 9.25141
C 26.88540 104.81600 9.29570
H 25.07640 104.19100 10.93990
H 21.83290 104.84400 10.75630
H 24.10100 107.18700 10.77680
H 27.30390 106.65900 10.85210
H 26.13610 101.22100 10.81660
H 22.86780 101.78500 10.88230
C 27.96670 101.77300 9.23596
C 31.19870 101.20500 9.32543
C 29.12640 107.24200 9.33960
C 30.15210 104.26900 9.23070
C 33.37240 103.60700 9.28157
C 32.21350 106.66100 9.28037
H 31.54060 103.09900 10.86740
H 28.36220 103.62100 10.81770
H 30.49590 105.99600 10.88990
H 33.65590 105.48600 10.89640
C 10.64230 107.90600 9.03672
C 9.69348 110.85800 9.00928
C 12.99520 110.33200 9.10050
C 8.58132 113.92400 8.94401
C 11.82460 113.30900 9.08498
H 10.01320 112.71500 10.65540
H 11.16820 109.70700 10.66030
H 13.28750 112.08900 10.64590
H 7.90391 110.32500 10.61010
H 14.32140 109.05400 10.83890
H 20.90350 107.88200 10.79220
C 15.14200 112.65200 9.09212
C 19.46120 109.09700 9.11468
C 16.05720 109.56100 9.14639
C 18.30640 112.10700 9.08132
H 18.71310 113.87500 10.75420
H 17.61080 108.46600 10.71240
H 16.52710 111.43500 10.66500
H 19.75610 110.97600 10.76420
C 25.95250 107.87200 9.26796
C 21.53550 111.55800 9.10599
C 22.67580 108.31900 9.10949
C 24.98740 110.85500 9.26869
C 23.74560 113.75800 9.14694
C 26.97940 113.30200 9.27039
H 26.21370 109.64600 11.00280
H 23.01750 110.28600 10.64490
H 21.91100 113.37600 10.75250
H 25.18270 112.75100 10.88050
C 27.95970 110.23700 9.33174
C 31.19020 109.57000 9.30604
C 33.31230 112.01900 9.21339
C 30.02290 112.78300 9.33939
H 29.40270 109.07600 10.93110
H 31.49700 111.47500 10.84230
H 33.71730 113.87600 10.83780
H 28.25270 112.09300 10.97940
H 32.62100 108.44200 10.92670
C 10.78680 116.24300 9.10029
C 14.02820 115.66700 9.07079
C 9.72176 119.21200 9.05242
C 12.96610 118.67000 9.04579
H 8.93758 115.71000 10.66210
H 11.21410 118.11500 10.70720
H 13.35560 120.53000 10.61930
H 12.24350 115.08000 10.77130
H 7.90380 118.76600 10.70550
H 10.10300 121.13600 10.62310
C 20.41300 114.49200 9.08147
H 15.45110 114.52700 10.69980
H 14.39280 117.51300 10.70460
C 17.25260 115.03900 9.08649
C 19.33850 117.51800 9.01422
C 16.16280 118.02300 9.04472
C 18.32350 120.40000 9.00292
H 17.59920 116.91200 10.64330
H 16.55850 119.89400 10.63520
H 20.81860 116.31700 10.57860
H 19.83620 119.31400 10.62760
C 15.18100 121.06300 9.00305
C 21.60500 119.92600 8.93221
C 22.62290 116.90600 9.01789
C 25.87330 116.30700 9.07260
C 24.84800 119.23900 9.03666
H 26.22250 118.11600 10.78180
H 22.95260 118.76200 10.63330
H 27.27150 115.14500 10.84430
H 24.05990 115.71900 10.65670
H 25.24620 121.14200 10.52240
H 30.53130 114.47400 11.02810
C 28.06430 118.78400 9.24636
C 29.17400 115.74200 9.32426
C 32.19600 115.16000 9.30701
C 31.36560 118.05700 9.29423
C 33.44090 120.50600 9.19686
H 31.69390 119.90900 10.90640
H 28.39870 120.62400 10.80030
H 32.71870 116.89100 10.97900
H 29.51250 117.52300 10.88110
C 30.23750 121.01200 9.24914
C 11.86710 121.71200 8.98663
C 12.87110 127.00000 8.91401
C 14.01810 124.05200 8.98621
C 8.56383 122.34200 9.11315
C 10.75980 124.65000 9.17280
H 12.27860 123.50000 10.69380
H 11.22050 126.53300 10.68960
H 8.96227 124.13100 10.83510
C 9.70720 127.78200 9.17197
H 8.01773 127.11300 10.82920
H 14.39620 125.90800 10.52880
C 16.16520 126.51300 8.92481
C 19.38410 125.96900 9.03293
C 20.51180 123.03600 8.96565
C 17.22640 123.51900 8.91410
H 17.64220 125.30800 10.60720
H 20.87940 124.82600 10.62660
H 18.72650 122.30700 10.52510
H 15.50240 122.92000 10.61760
H 19.78850 127.79100 10.70230
C 27.06090 121.69400 8.99579
C 22.66030 125.31600 8.95204
C 23.73190 122.34400 8.97981
C 26.00920 124.65500 8.99406
C 24.80100 127.59900 8.94571
H 23.06350 127.12200 10.60990
H 27.37140 123.51200 10.60730
H 26.38110 126.54900 10.54050
H 24.14330 124.19200 10.61520
H 21.92910 121.77800 10.56420
C 28.27990 127.14100 8.98818
C 32.36140 123.42700 9.19647
C 31.31380 126.49600 9.05735
C 29.24990 124.11100 9.13868
H 29.57480 125.93300 10.73290
H 32.78390 125.35900 10.68740
H 33.88290 122.28000 10.75810
H 30.56520 122.89600 10.86250
C 11.66620 130.06700 9.15130
C 8.61211 130.62800 9.19887
C 10.84260 133.14100 9.02254
C 13.84170 132.57100 8.91638
H 12.20450 131.92400 10.67360
H 13.30160 128.90600 10.45800
H 9.08938 132.52300 10.66340
H 10.04260 129.49600 10.95650
H 14.31620 134.37100 10.56140
H 18.71170 130.71400 10.48340
C 17.21150 131.83300 8.87569
C 20.38610 131.34400 8.81498
C 19.51300 134.44600 8.97753
C 18.37030 128.79800 8.99389
C 15.02710 129.44300 8.78557
H 17.61810 133.67000 10.45920
H 20.90630 133.07300 10.55730
H 15.34890 131.35000 10.37640
H 16.46030 128.41100 10.54010
C 21.49290 128.17900 8.93373
C 23.81510 130.65800 8.85325
H 21.95480 130.10200 10.37700
H 24.19370 132.52600 10.50450
C 27.10780 130.05900 8.91606
H 27.45350 131.92000 10.51500
H 25.25920 129.54000 10.45160
C 26.06720 133.13100 8.96787
C 22.71420 133.60700 8.91573
H 30.60630 131.33900 10.65690
H 31.70290 128.31300 10.65800
H 33.86000 130.76900 10.87480
H 28.51730 128.95900 10.60820
H 32.80640 133.76600 10.74630
C 29.32270 132.60100 9.00107
H 29.57720 134.48300 10.52960
C 30.31830 129.53500 8.97013
C 33.47650 129.04800 9.13427
C 32.47180 131.86800 9.15702
C 9.67926 102.59000 12.61720
C 8.65594 105.47600 12.38760
C 12.91550 101.87600 12.65420
C 11.73150 104.89000 12.37950
C 13.88280 107.10200 12.32280
C 15.07190 104.34700 12.46110
C 18.32830 103.66300 12.47540
C 17.17520 106.69700 12.42350
C 20.41990 106.05900 12.44050
C 16.11650 101.16900 12.62230
C 21.42880 103.05600 12.42220
C 23.57980 105.44900 12.43900
C 24.63770 102.39100 12.50240
C 26.90350 104.79300 12.45580
C 27.89620 101.84300 12.46230
C 29.09290 107.20100 12.47070
C 30.01160 104.23000 12.48730
C 33.30470 103.67600 12.53310
C 32.15910 106.62800 12.52920
C 31.19150 101.26200 12.49080
C 10.73740 107.94600 12.35540
C 9.66737 110.84700 12.27240
C 12.87190 110.30600 12.34330
C 8.55875 113.86000 12.27940
C 11.80280 113.23000 12.33910
C 15.08760 112.67400 12.24650
C 19.42020 109.08300 12.37420
C 16.12290 109.62300 12.37390
C 18.26630 112.10000 12.41650
C 25.81270 107.78500 12.50170
C 21.61930 111.50100 12.35300
C 22.72170 108.47300 12.38860
C 24.69280 110.88200 12.45900
C 23.65220 113.95500 12.36390
C 26.92170 113.39300 12.58410
C 28.00090 110.21300 12.56660
C 31.18380 109.71500 12.51590
C 33.35750 112.02800 12.45010
C 30.06420 112.56600 12.57090
C 10.77310 116.27600 12.35750
C 14.05700 115.76700 12.38800
C 9.79316 119.32700 12.30500
C 13.00570 118.75000 12.31630
C 20.46180 114.61700 12.32350
C 17.18270 115.10100 12.30720
C 19.31280 117.46000 12.20980
C 16.21860 118.13400 12.30670
C 18.38430 120.50900 12.22990
C 15.12870 121.07800 12.26100
C 21.58460 120.01200 12.27560
C 22.52680 116.89800 12.21420
C 25.70220 116.36000 12.40160
C 24.78860 119.37400 12.25450
C 28.05930 118.75500 12.39200
C 28.98980 115.75600 12.51280
C 32.30820 115.03000 12.56750
C 31.26570 118.11300 12.54490
C 33.46720 120.50500 12.43810
C 30.16570 121.11800 12.48760
C 11.88640 121.65300 12.29360
C 8.68284 122.24200 12.38970
C 10.83800 124.70000 12.34560
C 14.05850 124.16700 12.22290
C 13.06250 127.19100 12.18280
C 9.78770 127.60900 12.47820
C 19.38990 125.94700 12.27670
C 16.15900 126.59200 12.13530
C 20.51590 122.96200 12.19590
C 17.34920 123.45900 12.19400
C 25.96950 124.77600 12.20430
C 23.77660 122.28200 12.12680
C 22.70180 125.31200 12.27750
C 26.87570 121.83800 12.29700
C 24.89520 127.77400 12.17210
C 28.04750 127.19600 12.24770
C 29.04350 124.17800 12.35190
C 32.45650 123.53300 12.35890
C 31.32640 126.52200 12.35650
C 12.02470 130.04500 12.22340
C 8.51808 130.78300 12.39380
C 10.79080 133.12300 12.31620
C 14.03400 132.51300 12.13230
C 19.37620 134.25500 12.08400
C 20.49850 131.18500 12.11140
C 18.25970 128.95300 12.20880
C 14.99270 129.61300 12.11350
C 17.12400 131.81600 12.02180
C 26.97440 130.10600 12.15390
C 23.75960 130.73700 12.02410
C 22.71630 133.60800 12.17290
C 26.02240 133.14700 12.09570
C 21.66440 128.44700 12.20550
C 29.16010 132.67300 12.13690
C 30.27170 129.51100 12.25640
C 32.27170 131.96200 12.38270
C 33.48190 128.87300 12.32530
C 36.82970 2.21504 9.20205
C 35.72030 5.33765 9.19591
C 40.06950 1.68864 9.25499
C 38.94850 4.70425 9.28797
H 34.96750 1.73262 10.77420
H 37.12920 4.09866 10.78410
H 40.36460 3.47650 10.91550
H 39.29270 6.46827 10.99140
H 38.27780 1.07491 10.89760
H 41.47190 0.48736 10.95710
C 43.39320 1.06324 9.54902
C 42.22220 4.06017 9.50522
C 45.36960 3.39637 9.63004
C 44.38850 6.31568 9.58888
C 47.55470 5.87492 9.67197
H 42.46910 5.96288 11.13830
C 46.52610 0.38816 9.58735
H 43.58950 2.90794 11.21480
H 45.77570 5.19280 11.30320
H 46.82540 2.20802 11.22970
C 48.62390 2.75073 9.64232
C 51.78960 2.23862 9.71113
C 50.76690 5.29489 9.69229
C 53.94740 4.55673 9.72230
H 48.94470 4.61163 11.24720
H 50.03490 1.64199 11.30320
H 54.30430 6.43673 11.31740
H 52.13030 4.05192 11.36510
H 53.24780 1.06953 11.33950
C 55.14860 1.57353 9.80762
C 58.31550 1.06938 10.01820
C 57.31670 4.02795 9.86707
C 60.49670 3.39887 10.06940
C 59.55220 6.29564 9.97681
H 56.53370 0.50091 11.59890
H 55.41560 3.44705 11.38800
H 57.63560 5.89514 11.42770
H 36.06640 7.10974 10.87270
C 36.78590 10.60260 9.38176
C 37.90730 7.61064 9.30067
C 39.98870 10.17830 9.35270
C 38.86790 12.96810 9.43620
H 34.96630 9.99528 10.87310
H 38.21610 9.46330 10.92810
H 40.37090 11.93200 11.04770
H 37.14510 12.40690 11.13580
C 34.63340 8.22136 9.18607
C 41.08820 6.97968 9.38321
H 41.41420 8.92489 10.90880
C 43.30340 9.51294 9.41249
C 42.09430 12.44690 9.38089
C 45.43130 11.87090 9.53162
C 46.45370 8.94065 9.58438
H 43.60500 11.35260 11.01230
H 44.65790 8.28001 11.10450
H 46.87500 10.73520 11.24140
H 47.86240 7.76230 11.24780
C 49.69360 8.21315 9.65020
C 52.86330 7.62729 9.71257
C 48.61450 11.20250 9.55610
C 51.82880 10.62500 9.69510
C 53.97980 12.99770 9.61741
H 48.99930 13.04680 11.15560
H 50.05420 10.08970 11.23070
H 51.07560 7.07106 11.34040
H 52.22080 12.47480 11.27600
H 53.22220 9.44430 11.36290
C 56.21370 7.05622 9.79887
C 55.07700 9.86225 9.76616
C 58.42380 9.42422 9.91891
C 57.32320 12.45120 9.91595
C 60.48370 11.86490 10.09330
H 56.53900 8.88214 11.47210
H 55.38600 11.83300 11.31060
C 35.74190 13.60440 9.43011
C 36.78670 19.10320 9.29696
C 37.88760 16.06060 9.28018
C 40.05890 18.49690 9.28518
H 36.09930 15.49740 10.94500
H 34.97940 18.53330 10.85350
H 39.30880 14.86600 10.93560
H 38.22490 17.92580 10.83440
C 34.66440 16.64060 9.30598
H 40.30710 20.32790 10.86920
C 41.09950 15.48370 9.34901
H 45.81310 13.71640 11.05070
C 44.33000 14.83040 9.39829
C 47.63770 14.22360 9.50462
C 43.28020 17.88160 9.38128
C 46.42510 17.28080 9.41993
H 41.45150 17.30740 10.97220
H 42.54810 14.30640 10.95420
H 44.69580 16.67340 11.07060
H 43.58230 19.70220 10.86820
H 46.83000 19.09310 11.00470
C 45.49560 20.33430 9.39557
H 47.91120 16.13380 11.04180
C 50.78620 13.57330 9.57244
C 48.63270 19.74520 9.48026
C 49.68690 16.74550 9.45165
C 52.92170 16.13540 9.63893
C 51.84150 19.08810 9.59241
H 50.03780 18.50530 11.09280
H 51.04980 15.47540 11.10060
H 53.23680 17.88180 11.23070
H 54.29830 14.84120 11.26040
C 55.17450 18.43470 9.80167
C 56.22450 15.46040 9.84251
C 59.30210 14.75190 10.03150
C 58.29560 17.76090 9.93804
C 60.56840 20.15200 10.11030
H 55.45620 20.26330 11.39380
C 35.71310 22.07840 9.30591
C 38.83060 21.46760 9.25203
C 37.80360 24.47980 9.33670
H 37.11630 20.90860 10.91380
H 39.23840 23.25920 10.90160
H 36.06150 23.90460 10.97540
C 34.53280 25.01910 9.33904
C 40.07190 26.94370 9.39243
H 38.25410 26.27860 10.96100
H 34.93330 26.81770 10.95730
C 41.05530 23.88630 9.30695
C 42.12670 20.98650 9.30361
C 47.63650 22.80590 9.59381
C 44.37450 23.39020 9.45832
C 43.39590 26.40680 9.42985
C 46.63940 25.77320 9.63723
H 45.78060 22.16270 11.05790
H 41.55850 25.66470 10.90420
H 42.48840 22.72010 10.97440
H 44.71060 25.17780 11.12470
H 47.92360 24.51440 11.35470
C 50.77260 22.08910 9.60214
C 54.08270 21.44410 9.68544
C 49.71030 25.23400 9.76065
C 52.99090 24.53070 9.73013
H 48.99370 21.51470 11.19300
H 52.21690 20.94700 11.22110
H 50.08400 26.93360 11.52190
H 51.14600 23.89580 11.29650
H 54.44010 23.26930 11.35630
C 55.22010 26.93470 9.94330
C 56.42660 23.87930 9.96735
C 59.47700 23.23830 10.14760
C 57.34750 20.82290 9.91050
C 58.44220 26.19240 10.16100
C 34.70640 33.54490 9.62052
C 36.72380 27.50040 9.37255
C 37.98080 32.93890 9.63436
C 35.58810 30.50330 9.49354
C 38.99140 29.86470 9.50432
H 37.12250 29.30020 11.04960
H 39.39430 31.66540 11.15010
H 40.39450 28.67040 11.17340
H 36.11500 32.25990 11.15880
H 44.75490 33.58590 11.49110
C 41.19510 32.31980 9.58070
C 44.48200 31.76800 9.77236
C 45.58140 28.82790 9.73343
C 47.67500 31.17750 10.00050
C 42.20260 29.38170 9.59853
H 43.65210 28.14390 11.16220
H 42.53940 31.13530 11.24870
H 46.85160 27.51280 11.39380
H 45.76590 30.57740 11.47030
C 51.87510 27.56520 9.90669
C 50.90280 30.47610 9.98919
C 54.05020 29.88570 10.09230
C 49.86280 33.51910 9.93649
C 48.71380 28.13280 9.89949
C 53.02380 32.92390 10.21510
H 49.10620 29.90850 11.59180
H 48.01020 33.01680 11.54940
C 59.60060 31.75010 10.57620
C 60.59340 28.80800 10.32200
C 56.34700 32.39720 10.42890
C 57.40280 29.47790 10.16470
C 36.73170 2.29793 12.39930
C 35.65170 5.21654 12.42850
C 39.99210 1.71283 12.59370
C 38.85760 4.58354 12.49410
C 43.17650 0.99552 12.69630
C 41.96110 4.09430 12.71190
C 45.40340 3.32971 12.87300
C 44.28500 6.43629 12.81960
C 47.57620 5.93054 12.85220
C 46.44340 0.41396 12.83920
C 48.55870 2.81773 12.87300
C 51.77750 2.22544 12.95850
C 50.67850 5.21828 12.93050
C 53.86930 4.66860 12.96010
C 54.96440 1.68510 13.06590
C 58.21050 1.06879 13.25910
C 57.09000 4.08601 13.10110
C 60.37060 3.34419 13.35900
C 59.29600 6.36946 13.25160
H 60.87710 5.20864 11.79330
H 58.65430 2.90472 11.61160
C 36.66240 10.50440 12.58590
C 37.79120 7.64169 12.53540
C 39.95250 10.05120 12.56760
C 38.94160 13.14390 12.67710
C 34.48240 8.15625 12.46990
C 40.95680 7.18448 12.66350
C 43.12240 9.52037 12.58370
C 42.16450 12.51960 12.63430
C 45.30950 12.01030 12.68600
C 46.37050 8.88837 12.80070
C 49.63790 8.30601 12.87630
C 52.81980 7.64247 12.97360
C 51.78080 10.68330 12.92180
C 48.62700 11.29090 12.82400
C 53.97930 13.06780 12.92430
C 56.04070 6.98542 12.96870
C 54.97820 10.02420 12.99950
C 58.29550 9.44336 13.16940
C 60.28730 11.78660 13.32550
C 57.06040 12.38190 13.06860
H 58.64680 11.23490 11.57910
H 59.77570 8.19892 11.58400
C 35.57810 13.69340 12.60380
C 36.78920 19.02770 12.48890
C 37.91750 16.11490 12.50710
C 39.90490 18.54480 12.48620
C 41.08800 15.48780 12.57010
C 34.59760 16.68300 12.48630
C 44.28430 14.87070 12.66340
C 47.52450 14.30310 12.65570
C 43.21450 17.97980 12.55640
C 46.43500 17.26850 12.68300
C 45.28700 20.24790 12.55200
C 50.70650 13.73720 12.77790
C 52.78610 16.05440 12.77370
C 49.62890 16.69000 12.72200
C 48.51420 19.56320 12.69920
C 51.73920 19.10040 12.78470
C 54.92610 18.40640 12.98650
C 59.17010 14.84120 13.23980
C 55.97570 15.45330 13.07370
C 58.21750 17.78590 13.16850
H 58.66490 19.57510 11.54820
C 60.31140 20.11530 13.30410
H 57.47470 14.24720 11.57360
H 60.70440 13.63970 11.73860
H 56.49380 17.26320 11.51590
H 59.72170 16.60500 11.59840
C 34.53500 24.99020 12.60630
C 37.89670 24.42010 12.57750
C 40.99310 23.90470 12.52080
C 35.65290 22.01360 12.52710
C 38.88300 21.44670 12.53290
C 40.04680 26.81520 12.63710
C 42.04970 20.80940 12.47640
C 46.43200 25.61270 12.90770
C 43.15590 26.25860 12.68560
C 47.44760 22.60150 12.81180
C 44.24540 23.33180 12.64370
C 53.97810 21.41500 12.94780
C 52.90510 24.40360 12.93970
C 49.72090 24.97690 13.01180
C 50.76340 22.10200 12.92310
H 53.34750 26.29010 11.41260
C 59.31410 23.14530 13.41370
C 57.12750 20.60450 13.17270
C 55.01020 26.84150 13.18260
C 58.25430 26.24500 13.36130
C 56.10970 23.68700 13.14770
H 59.77020 25.02480 11.84720
H 56.55120 25.67310 11.66070
H 60.81010 21.96710 11.79430
H 57.63120 22.56100 11.68560
C 34.71810 33.39040 12.84810
C 37.90980 32.78780 12.77390
C 36.77410 27.36090 12.58400
C 35.77360 30.45520 12.76960
C 38.89080 29.83600 12.74300
C 41.01790 32.28960 12.85680
C 47.61160 31.16930 13.08410
C 44.17520 31.76230 13.00400
C 45.31040 28.65510 12.98970
C 42.13730 29.26590 12.83920
C 50.86830 30.42150 13.22680
C 49.74900 33.49540 13.21090
C 48.57520 28.05770 13.11490
C 53.99050 29.72790 13.30710
H 54.43710 31.64380 11.76730
C 51.86850 27.34640 13.10080
H 51.13920 32.26020 11.60640
H 52.26170 29.24550 11.60280
C 52.82620 32.72460 13.34200
C 57.27130 29.14550 13.46370
C 56.07790 32.16010 13.58170
H 60.90360 30.39380 12.21040
H 58.72320 28.09720 11.74960
H 57.67220 31.10260 11.99650
C 59.32820 31.51710 13.75500
H 55.56330 28.71710 11.66820
H 59.80750 33.47830 12.22160
C 60.40790 28.40740 13.57810
C 36.77720 35.90220 9.69728
C 35.74020 38.87200 9.70898
C 40.07830 35.31800 9.64477
C 38.93770 38.35010 9.69616
H 35.00100 35.31480 11.29410
H 39.29030 40.15560 11.31430
H 40.49160 37.15490 11.21080
H 37.18190 37.67510 11.35200
H 38.27970 34.76800 11.31460
C 43.44100 34.70820 9.71148
C 42.33490 37.77800 9.67249
C 45.56140 37.17040 9.78473
C 44.53310 40.06530 9.73043
C 47.81860 39.41970 9.86871
C 46.60650 34.12330 9.91293
H 42.63390 39.58070 11.27970
H 45.88030 39.00560 11.42470
H 43.73930 36.56250 11.31470
H 41.57110 34.10910 11.25750
H 46.93930 35.99240 11.53120
C 48.83370 36.54530 9.96752
C 52.13940 35.81870 10.19020
C 51.06830 38.86060 10.04470
C 54.21940 38.36060 10.30330
C 55.26540 35.16580 10.41960
C 58.35170 34.68240 10.62950
C 57.44150 37.56160 10.52450
C 60.51320 37.04120 10.74000
C 59.57870 40.00180 10.59040
C 36.73910 44.41930 9.63974
C 37.82810 41.30210 9.66264
C 39.93320 43.76290 9.64431
C 38.96770 46.76060 9.71291
C 34.71370 41.85060 9.71072
H 40.36840 45.56780 11.36180
H 35.02740 43.72990 11.30510
H 37.14190 46.16160 11.29530
H 36.10070 40.66030 11.33500
H 38.18090 43.17490 11.22670
C 41.09790 40.73150 9.70008
C 43.31700 42.99820 9.66515
C 46.64250 42.40040 9.78902
C 42.17880 46.09690 9.69737
C 45.53400 45.28680 9.68943
H 41.43370 42.59640 11.25650
H 44.81320 41.94670 11.34490
H 46.99150 44.21510 11.40650
H 43.71160 44.89070 11.27750
C 50.01620 41.82260 9.95013
C 53.20790 41.32650 10.20420
C 48.81960 44.71330 9.84226
C 52.04490 44.16770 10.02620
C 54.17050 46.52160 9.97861
H 49.11180 46.67150 11.34850
C 56.39550 40.58390 10.41530
C 55.19640 43.59530 10.23780
C 58.44010 42.96490 10.35400
C 57.30300 45.93170 10.12080
C 60.58600 45.23540 10.25830
C 35.65500 47.49280 9.80155
C 34.51290 50.31910 9.89292
C 36.66710 52.67300 9.90228
C 37.80570 49.71110 9.78747
C 39.95700 51.99190 9.83265
H 36.05890 49.22780 11.49070
H 34.81850 52.15970 11.54570
H 38.15190 51.46590 11.39820
H 39.24960 48.52530 11.38220
H 40.27450 53.87580 11.38540
C 41.03520 49.09260 9.78181
C 44.36880 48.56020 9.71149
C 47.67910 47.82840 9.64337
C 43.28400 51.36890 9.89061
C 46.47120 50.94440 9.77999
C 45.26360 53.81540 9.89666
H 46.81600 52.69260 11.52710
H 43.46480 53.25350 11.52750
H 41.41760 50.87260 11.40680
H 45.81100 47.27100 11.21830
H 44.72830 50.30090 11.46270
H 42.60280 47.94890 11.26780
C 50.96690 47.21240 9.76651
C 52.97420 49.66850 9.80642
C 49.78980 50.34100 9.79604
C 48.55690 53.33040 9.86523
C 51.82820 52.64150 9.86344
H 47.89430 49.66630 11.28200
H 51.18400 49.08060 11.35220
H 49.97920 52.12610 11.45940
H 53.31600 51.54670 11.44320
C 55.07430 52.01730 9.81299
C 56.21180 49.01120 9.90270
C 59.45890 48.36380 9.99039
C 58.41630 51.39160 9.84603
C 60.42070 53.82050 9.83146
H 55.32280 53.89610 11.34380
C 34.41670 58.67000 9.90192
C 35.46070 55.57730 9.91327
C 38.72370 55.00350 9.80667
C 37.67750 57.90980 9.76219
C 39.95330 60.49120 9.77867
H 34.91060 60.44420 11.53100
C 40.97910 57.46040 9.84219
H 39.18220 56.87440 11.44460
H 35.94610 57.45460 11.48380
H 38.15530 59.80520 11.28050
H 36.99360 54.49290 11.48530
C 46.35500 59.24020 9.89090
C 42.04850 54.46710 9.86821
C 43.17810 59.92720 9.86698
C 44.19670 56.93070 9.87732
C 47.37740 56.39250 9.89081
H 45.61940 55.67040 11.47930
H 44.55970 58.74170 11.48280
H 42.42780 56.29860 11.49830
H 41.36040 59.30430 11.40060
C 49.51620 58.67040 9.82356
C 52.75970 58.15140 9.67132
C 53.85370 55.04820 9.73374
C 50.63520 55.64470 9.75750
H 47.82840 58.15520 11.55460
H 48.88910 55.16160 11.47030
H 52.13920 54.53590 11.35200
H 51.04700 57.50580 11.35270
H 54.27400 56.94270 11.26850
H 53.21380 59.93750 11.30710
H 49.97700 60.51320 11.42480
C 57.12910 54.40710 9.79202
C 55.13860 60.49740 9.80465
C 59.35150 56.83790 9.78256
C 56.05920 57.54470 9.73701
C 58.35870 59.83870 9.79983
H 59.76250 58.64970 11.38850
H 56.54060 59.33620 11.49800
C 34.36190 67.04320 10.13650
C 38.85660 63.45690 9.94588
C 35.44970 63.96700 9.98541
C 36.62160 61.08350 9.82707
C 37.72030 66.32960 10.07070
C 40.90190 65.86960 9.97679
H 39.19810 65.21430 11.66090
H 35.85490 65.78980 11.66850
H 37.05110 62.80410 11.52770
H 40.36040 62.27080 11.48680
C 47.44200 64.71950 9.78449
C 42.16560 62.92540 9.88181
C 45.34250 62.29630 9.78428
C 44.24490 65.32970 9.85790
H 44.58820 67.15030 11.48260
H 45.67380 64.09130 11.41620
H 42.47310 64.69590 11.46490
H 46.74530 61.12630 11.42740
H 43.62160 61.71120 11.52330
H 51.02770 65.87800 11.22160
H 47.74320 66.56770 11.34280
C 51.69320 61.05640 9.71482
C 52.85750 66.47290 9.62359
C 49.53510 67.05570 9.67238
C 54.02380 63.46540 9.67982
C 48.49260 61.65380 9.79139
C 50.69490 63.99100 9.65261
H 52.18150 62.90060 11.28210
H 48.93290 63.53470 11.36490
H 54.25910 65.33010 11.29050
H 60.84060 64.05560 11.31340
C 60.47580 62.17890 9.75761
C 57.21290 62.82380 9.75572
C 59.33090 65.19130 9.77546
H 57.50410 64.66660 11.37930
H 59.74000 67.08690 11.31370
C 56.10170 65.79760 9.70171
H 55.39760 62.34230 11.36350
H 58.68720 61.72370 11.35340
C 36.75880 35.80480 12.95570
C 35.72710 38.81750 12.96760
C 40.06740 35.33150 12.85380
C 38.98570 38.32780 12.85380
C 46.50750 34.21790 13.13850
C 43.17290 34.79720 13.01300
C 42.28620 37.73240 12.87650
C 45.34300 37.21170 13.04410
C 44.30660 40.19340 12.97030
C 47.65620 39.45510 13.07740
C 48.75510 36.50500 13.12560
C 51.88440 35.87300 13.35770
C 50.89270 38.93100 13.24350
C 53.98420 38.26230 13.56440
H 53.40600 34.63860 11.93460
H 54.49510 40.12570 12.00160
H 52.37810 37.66930 11.75270
H 49.21660 38.33140 11.54270
H 50.24290 35.25710 11.58080
C 55.05360 35.28270 13.64500
C 58.28230 34.56160 13.85900
C 57.09320 37.60600 13.75580
C 60.38180 37.08290 13.99360
C 59.32660 40.19880 13.79460
H 57.68710 39.38610 12.14730
H 55.49840 37.09090 11.97540
H 58.69860 36.43410 12.31880
H 56.56820 34.07060 12.18360
H 60.88630 38.82240 12.37770
C 34.68230 41.85090 12.88770
C 36.74960 44.30280 12.93470
C 37.92420 41.33330 12.87220
C 39.94870 43.67210 12.88260
C 38.91040 46.65450 12.99560
C 41.12560 40.73090 12.87080
C 43.24250 43.09230 12.87750
C 46.55410 42.40780 13.00300
C 42.25490 46.09960 12.87900
C 45.46080 45.47680 12.93460
C 49.83580 41.87330 13.14040
C 52.90300 41.43360 13.38740
C 48.71760 44.93390 13.06800
C 51.89680 44.38000 13.19810
C 54.02190 46.77030 13.17290
H 51.31010 40.74340 11.62110
H 50.22900 43.66670 11.56090
H 53.40350 43.14210 11.76630
H 52.34770 46.10320 11.49740
H 48.12070 41.28720 11.45160
C 56.22860 40.77090 13.62590
C 55.11250 43.76270 13.40950
C 58.41230 43.16310 13.51630
C 57.28500 46.15080 13.35940
C 60.54590 45.50570 13.43920
H 58.74260 44.89690 11.82820
H 59.85780 41.82930 12.03370
H 55.52800 45.51660 11.76170
H 56.62840 42.52110 11.94120
C 35.73260 47.33830 12.96260
C 36.73920 52.66270 13.06840
C 37.85180 49.69370 13.05620
C 39.91870 52.04140 12.97150
C 34.45720 50.26720 13.07090
C 41.05270 48.97390 12.91810
C 44.36550 48.36320 12.90570
C 47.51920 47.78860 12.90110
C 43.14150 51.34150 13.06700
C 46.50840 50.76660 13.06990
C 45.27520 53.80520 13.11550
C 50.81950 47.29610 13.01560
C 52.87930 49.77360 13.02160
C 49.69740 50.28920 12.91810
C 48.60820 53.29530 13.09430
C 51.80980 52.72060 12.99350
H 54.36850 48.53290 11.46000
H 60.84430 47.23610 11.68670
C 55.08980 52.09730 13.01210
C 56.10440 49.09720 13.12130
C 59.41670 48.48040 13.21640
C 58.33670 51.40760 13.09600
H 58.62290 53.28960 11.46910
H 59.79790 50.24560 11.49620
H 56.56510 50.89410 11.46800
H 57.65210 47.87080 11.59080
C 60.43200 53.94520 13.07720
C 34.55370 58.62390 13.16740
C 37.75310 58.05250 13.04590
C 38.86630 55.06920 12.99930
C 35.59970 55.65210 13.13820
C 39.83260 60.37130 12.99600
C 40.94590 57.54060 13.04660
C 44.20640 56.92460 13.08080
C 47.41400 56.30450 13.11990
C 43.06010 59.85660 13.06930
C 46.38290 59.30200 13.06120
C 41.97820 54.43910 13.11880
C 52.85350 58.14120 12.96160
C 53.94170 55.16510 12.96120
C 49.73560 58.73170 13.06140
C 50.71200 55.67340 13.02040
C 59.29830 56.88240 13.01440
C 58.44480 59.97010 13.01870
C 57.07470 54.44090 13.01580
C 56.09760 57.60750 12.94440
H 57.52000 56.26870 11.35380
H 60.82320 55.72300 11.42730
C 54.95860 60.56340 12.99340
C 37.72740 66.29850 13.27150
C 36.83880 60.85170 13.04440
C 35.59740 63.88270 13.23250
C 38.88920 63.24020 13.16440
C 34.44650 66.98850 13.33250
C 41.03640 65.87190 13.11650
C 44.21490 65.28950 13.02560
C 42.17320 62.91310 13.12440
C 47.46150 64.78000 12.96870
C 45.40480 62.30690 13.11490
C 50.75010 64.17640 12.93490
C 48.57200 61.76800 13.01570
C 49.61070 67.12220 12.87130
C 52.77490 66.47940 12.82340
C 53.90010 63.55110 12.91030
C 51.78730 61.16030 12.96440
C 56.03860 65.80480 12.94090
C 60.51600 62.25930 12.95670
C 57.18740 62.86110 12.97520
C 59.33510 65.22720 12.89900
C 36.62360 69.38050 10.09160
C 35.47280 72.25790 10.05560
C 39.76320 68.82120 9.95873
C 38.65610 71.66700 9.91374
H 36.96730 71.25210 11.72350
H 39.13660 73.59040 11.29420
H 34.81850 68.88720 11.76130
H 40.17420 70.59410 11.56160
H 38.06320 68.18290 11.69480
C 46.19100 67.69360 9.75256
C 43.04080 68.22680 9.83527
C 41.83480 71.19500 9.85829
C 45.21720 70.55470 9.71587
C 44.09010 73.54190 9.62548
C 47.33820 72.99020 9.55671
H 43.44550 70.11760 11.36350
H 45.59050 72.44970 11.22180
H 42.37290 73.07610 11.31640
H 46.75300 69.54950 11.31330
H 41.32450 67.72570 11.51340
C 48.48920 69.94940 9.62860
C 51.81080 69.43710 9.62841
C 50.67330 72.35240 9.46469
C 53.95390 71.77910 9.60921
H 48.92510 71.86750 11.05590
H 52.13120 71.30070 11.22170
H 50.00700 68.86360 11.26260
H 54.40640 73.68050 11.10510
H 53.26010 68.27770 11.23580
C 55.03930 68.75620 9.65269
C 58.23150 68.17860 9.66348
C 57.13200 71.28380 9.61354
C 60.41550 70.66590 9.63200
C 59.36900 73.65490 9.61971
H 57.58440 73.10050 11.23180
H 55.44470 70.65060 11.25230
H 56.49550 67.64830 11.34720
H 58.64750 70.07800 11.22430
H 60.75410 72.48480 11.27350
C 36.59990 77.77360 9.73530
C 37.51750 74.73690 9.81307
C 39.79560 77.13610 9.63115
C 38.72710 80.19780 9.60359
H 40.25930 79.01770 11.17730
H 37.00930 79.62490 11.30220
H 34.87050 77.24050 11.45380
H 38.06670 76.61110 11.37330
C 34.41080 75.33400 9.92518
H 35.88090 74.19860 11.51970
C 40.90930 74.19790 9.64383
C 35.50320 80.76760 9.72534
C 43.04780 76.49830 9.51756
C 41.94160 79.55870 9.43130
C 45.09760 78.93330 9.33096
C 46.23780 75.90900 9.44691
H 43.43670 78.40850 11.02200
H 46.66930 77.83860 10.93030
H 44.56730 75.39540 11.16100
H 41.31320 76.05570 11.26160
H 47.74680 74.84330 11.05890
C 49.51850 75.42910 9.47948
C 52.92720 74.77430 9.47248
C 48.49390 78.37530 9.38480
C 51.79670 77.81210 9.42838
C 53.91130 80.15680 9.34604
H 52.17920 79.66830 10.99130
H 48.92330 80.20700 10.97840
H 53.23670 76.66820 11.05970
H 49.98710 77.29030 11.07630
H 51.09620 74.24650 11.06520
C 56.23420 74.21940 9.54508
C 55.08330 77.25090 9.50342
C 58.24930 76.64760 9.48183
C 57.17960 79.62400 9.36335
C 60.46010 78.92370 9.39841
H 55.41640 79.17800 11.06710
H 56.50600 76.10710 11.17040
H 58.65440 78.50820 11.00200
H 59.79220 75.60240 11.15490
C 36.51840 86.13790 9.50626
C 37.56990 83.19490 9.57676
C 40.89130 82.60870 9.39720
C 39.61520 85.58700 9.44736
H 34.80410 85.67500 11.24740
H 39.16180 82.08360 11.11190
H 35.94590 82.58470 11.36570
H 37.99540 85.05680 11.16350
H 40.21190 87.44210 11.03130
C 34.44170 83.75920 9.73333
H 45.60930 80.84550 10.88640
C 47.44580 81.31770 9.28954
C 44.12810 81.92300 9.23269
C 43.01600 85.01360 9.30531
C 46.34040 84.41990 9.23134
H 46.66090 86.26050 10.84600
H 43.47790 86.88890 11.00200
H 44.57430 83.82020 10.76540
H 42.40000 81.42340 10.95620
H 41.24820 84.44250 10.94900
C 45.23740 87.43350 9.27642
C 50.72910 80.72500 9.33449
H 47.77920 83.20680 10.84730
C 49.64080 83.79430 9.25982
C 52.79890 83.17390 9.28710
C 48.36210 86.82350 9.19220
C 51.67030 86.18150 9.11685
H 53.19430 85.11290 10.77460
H 51.00130 82.60240 10.89160
H 49.90230 85.69050 10.86320
H 54.27470 82.04550 10.92110
H 60.93560 80.91100 10.81580
C 55.08410 85.69500 9.22489
C 56.08910 82.61330 9.31766
C 59.39410 82.03490 9.30243
C 58.37630 84.91140 9.27486
H 58.61980 86.84020 10.83810
H 56.50420 84.50420 10.90860
H 59.77210 83.86560 10.96180
H 57.63500 81.47860 10.94160
H 55.30860 87.51500 10.88970
C 60.36270 87.44760 9.17651
C 35.50680 89.18080 9.44688
C 38.74880 88.57560 9.41164
C 37.58830 91.60520 9.38905
H 34.74020 94.04770 10.99650
H 39.11520 90.47130 11.01010
H 38.07210 93.42970 11.03060
H 36.99500 88.02850 11.04280
H 35.86890 91.03290 11.04260
C 39.83580 94.03360 9.40528
C 34.36310 92.14450 9.45964
C 40.94310 91.01430 9.41942
H 41.35160 92.92760 11.00870
C 46.28540 92.78080 9.32091
C 41.98310 88.04320 9.42201
C 44.07930 90.46030 9.33463
C 43.11590 93.46770 9.37196
C 47.39760 89.86620 9.20658
H 45.63870 89.32940 10.84900
H 42.39290 89.87230 11.06600
H 44.53760 92.22640 11.00250
H 47.81320 91.65130 10.85380
C 53.97800 88.57480 9.10301
C 52.81870 91.64740 9.09015
C 49.44650 92.22450 9.14155
C 50.52870 89.21440 9.07519
H 48.79030 88.66780 10.77120
H 49.95270 94.05840 10.75160
H 50.98750 91.03640 10.64780
H 54.26390 90.45380 10.67460
H 52.10700 88.11980 10.64410
H 53.25480 93.43320 10.77030
C 55.03310 94.32650 9.24149
C 59.25800 90.56090 9.22021
C 57.18190 88.06170 9.28975
C 58.28570 93.53910 9.22498
C 56.13410 91.10240 9.15943
H 57.44600 89.94080 10.88220
H 60.64750 89.29560 10.80310
H 56.44010 92.98990 10.72610
H 59.68820 92.31020 10.86460
C 34.40360 100.60800 9.33979
C 36.45810 94.61940 9.47418
C 37.69020 100.06100 9.41077
C 35.57640 97.58760 9.41700
C 38.66240 97.04410 9.37022
H 36.98870 96.41210 11.13880
H 40.12010 95.87080 11.03980
H 39.11860 98.83540 10.97250
H 35.86690 99.43140 11.02130
C 40.81750 99.42750 9.28539
C 47.28470 98.29370 9.21597
C 44.04870 98.86210 9.24549
H 43.46960 95.24740 10.98960
H 42.33500 98.29020 10.94510
H 45.52230 97.63380 10.80720
H 44.47770 100.71600 10.80580
C 41.91390 96.43280 9.41687
C 45.11760 95.76040 9.26237
H 46.70580 94.71670 10.83790
H 47.63410 100.05300 10.97750
H 50.96820 99.45810 10.86070
H 48.83460 97.08240 10.73010
C 51.78250 94.62270 9.16253
C 52.78960 100.15000 9.34251
C 50.66000 97.68050 9.15005
C 49.39580 100.63400 9.28577
C 48.43520 95.23040 9.15628
C 53.95830 97.05300 9.31302
H 52.12850 96.45560 10.80340
H 54.27020 98.89560 10.94030
C 57.15600 96.51400 9.33450
H 60.77130 97.74810 11.15790
H 59.68260 100.81300 11.08360
H 55.42350 95.97960 11.03310
C 59.38990 98.96790 9.46763
C 60.46430 96.02280 9.40297
C 56.10690 99.48460 9.37338
H 57.59230 98.34980 10.96570
H 58.62950 95.32610 10.91660
C 36.68750 69.40930 13.34260
C 35.49600 72.44850 13.27560
C 39.91090 68.79940 13.23980
C 38.86560 71.91040 13.14280
C 43.10730 68.37320 13.08670
C 41.99530 71.29670 12.97530
C 45.29810 70.74440 12.88870
C 44.19470 73.64340 12.85390
C 47.48350 73.06480 12.64880
C 46.40650 67.82370 13.04130
C 48.56410 70.16820 12.81110
C 51.79790 69.49090 12.82540
C 50.61260 72.50970 12.77410
C 53.95920 71.91260 12.78480
C 54.95410 68.89710 12.86860
C 58.27880 68.28910 12.94190
C 57.19000 71.27280 12.86030
C 60.37830 70.65300 12.85030
C 59.32150 73.83500 12.78920
C 34.51580 75.47980 13.10470
C 36.70340 77.82880 12.99120
C 37.75560 74.80770 12.99210
C 39.98100 77.33480 12.92340
C 38.79170 80.27010 12.77990
C 40.93160 74.21530 12.90030
C 43.21710 76.65760 12.76600
C 42.12320 79.66470 12.68720
C 45.24100 79.05770 12.55030
C 46.40180 76.12740 12.67730
C 49.57290 75.43290 12.62510
C 52.89670 74.87710 12.69530
C 51.80200 77.92440 12.67320
C 48.42080 78.44100 12.59530
C 53.87690 80.34710 12.66650
C 56.12100 74.30120 12.79480
C 54.99750 77.38410 12.69060
C 58.25370 76.71090 12.73990
C 60.48850 79.17010 12.53400
C 57.23040 79.72420 12.69750
C 35.59430 80.74660 13.00450
C 34.53690 83.88710 12.90430
C 36.66690 86.33670 12.77300
C 37.81310 83.21890 12.80840
C 39.86750 85.60150 12.66470
C 41.04450 82.66640 12.64900
C 47.42890 81.38490 12.52290
C 44.19120 82.12540 12.48470
C 43.16330 85.03660 12.47570
C 46.32430 84.39300 12.41190
C 45.34370 87.53950 12.48580
C 50.68910 80.84210 12.58590
C 52.74600 83.37600 12.45870
C 49.51640 83.81410 12.46940
C 48.41810 86.87060 12.45810
C 51.70340 86.37260 12.39570
C 54.96570 85.64510 12.48070
C 59.49640 82.03010 12.53070
C 56.10210 82.66700 12.52940
C 58.27570 85.03750 12.52250
C 60.32300 87.47960 12.46970
C 35.61760 89.19920 12.72100
C 38.80630 88.63460 12.64320
C 37.65070 91.63460 12.66230
C 34.40360 92.22140 12.64740
C 39.81650 94.09280 12.66060
C 40.90790 91.10150 12.62930
C 47.44710 89.85020 12.46100
C 44.29550 90.36580 12.62700
C 43.14900 93.46590 12.64010
C 46.40820 92.87110 12.47550
C 42.01250 88.00550 12.67350
C 52.74860 91.60770 12.29610
C 49.65240 92.17330 12.34270
C 53.78210 88.74270 12.38220
C 50.61240 89.20430 12.31160
C 59.25330 90.49310 12.49860
C 58.14420 93.45620 12.45020
C 55.91320 91.17850 12.35440
C 57.17640 88.03950 12.44900
C 54.93180 94.02870 12.46350
C 34.42290 100.61700 12.63180
C 37.70380 100.01200 12.61710
C 35.44750 97.58480 12.66700
C 36.55920 94.51950 12.65910
C 38.77050 97.06620 12.66860
C 40.90700 99.47850 12.55270
C 41.99490 96.46400 12.55010
C 44.22050 98.85330 12.46950
C 45.29010 95.86980 12.51500
C 47.36510 98.16610 12.44110
C 52.72390 100.05600 12.51500
C 53.81190 97.08950 12.57130
C 51.78590 94.52260 12.39290
C 48.53070 95.23450 12.42910
C 49.50370 100.69000 12.50300
C 50.64460 97.54990 12.44480
C 57.31940 96.49410 12.60210
C 60.39900 95.81010 12.60340
C 59.25080 99.00820 12.67650
C 56.07140 99.40170 12.58410
C 36.63370 103.02400 9.36356
C 35.52620 105.95400 9.31491
C 39.84430 102.59300 9.31888
C 38.76590 105.45100 9.32919
H 36.97960 104.88600 10.99960
H 34.83790 102.46800 10.99450
H 39.11770 107.29600 10.89880
H 38.13470 101.87200 11.00110
H 40.20400 104.31300 10.99280
C 43.01040 101.90900 9.26371
C 41.93220 104.97800 9.35784
C 45.22120 104.30100 9.25531
C 44.08530 107.33800 9.33966
C 47.42310 106.61100 9.25892
C 46.29530 101.28300 9.23072
H 46.69360 103.13800 10.76590
H 45.62640 106.12200 10.90300
H 42.41420 106.73900 11.02390
H 41.27450 101.26500 10.90660
H 43.43810 103.71700 10.88650
C 48.49640 103.70500 9.23216
C 51.90010 103.03200 9.29187
C 50.73180 106.03900 9.20357
C 54.00240 105.39500 9.32648
H 49.99920 102.48200 10.85160
H 48.92860 105.53600 10.89200
H 52.13400 104.94200 10.87560
H 53.24510 101.93500 10.98050
H 54.38800 107.30500 10.84840
C 55.02500 102.57600 9.40784
C 57.20960 104.90500 9.46867
C 60.50990 104.27700 9.58433
C 58.17000 101.97500 9.51831
C 59.44170 107.41900 9.59854
H 58.63590 103.74600 11.15960
H 55.39270 104.34600 11.05930
H 57.53240 106.71600 11.00420
H 56.34890 101.32900 11.05910
H 60.81020 106.11400 11.20760
C 36.58820 111.42100 9.19110
C 37.63320 108.47800 9.28374
C 39.91350 110.86500 9.29467
C 38.84050 113.98100 9.33065
H 40.21380 112.67200 10.87380
H 38.05220 110.29400 10.87200
H 36.99500 113.23800 10.84220
H 35.85260 107.86500 10.88310
H 34.78420 110.84000 10.79200
C 34.39340 109.00700 9.25262
C 40.96890 107.84000 9.36748
C 43.15190 110.28600 9.27480
C 46.26100 109.68900 9.28942
C 42.07760 113.28000 9.35211
C 45.19890 112.56900 9.30720
H 43.41870 112.08800 10.94200
H 41.38370 109.69800 10.88910
H 44.52610 109.15800 10.97130
H 46.73310 111.46000 10.87220
H 47.77700 108.46500 10.84260
C 49.56620 109.04200 9.29376
C 48.47570 112.07500 9.25140
C 53.88370 113.78700 9.43548
C 51.72960 111.46500 9.39771
C 52.94750 108.49900 9.29248
H 51.10020 107.88300 10.88120
H 53.20500 110.31100 11.00570
H 49.91450 110.89700 10.94080
H 48.79290 113.86100 10.86240
H 52.06130 113.33800 10.99520
C 56.24960 107.94100 9.32531
C 55.02920 110.93600 9.46846
C 57.20900 113.31600 9.64875
C 60.50730 112.64400 9.69494
C 58.47200 110.31800 9.61192
H 58.64230 112.10900 11.26760
H 56.50450 109.69100 11.05880
H 55.36050 112.73300 11.19860
H 59.72010 109.09100 11.36960
C 35.58940 114.53300 9.29882
C 36.78480 119.78000 9.35162
C 37.78830 116.86200 9.40382
C 39.83240 119.30600 9.36262
H 35.98120 116.33700 10.98900
H 34.86640 119.25800 10.77560
H 38.17560 118.64700 11.09790
H 39.16420 115.67400 11.04710
C 34.46260 117.32400 9.27897
H 40.20360 121.15000 10.99840
C 40.94460 116.35200 9.43431
H 45.64560 114.41900 10.88080
C 44.14130 115.62200 9.39394
C 47.38490 115.09600 9.28754
C 43.11020 118.74300 9.38515
C 46.37160 118.04600 9.30533
H 41.33460 118.15300 10.97590
H 42.36890 115.12000 11.05680
H 44.62280 117.48800 10.90020
H 43.52630 120.48400 11.07610
H 46.74730 119.88500 10.93810
C 45.25750 121.09200 9.37523
H 47.78430 116.83600 10.95470
C 50.62840 114.38600 9.35054
C 52.91200 116.96600 9.39799
C 49.54020 117.45200 9.32986
C 48.58890 120.40500 9.35651
C 51.71840 120.01400 9.48849
H 54.24900 115.69200 10.99010
H 49.95870 119.20000 11.01430
H 51.03520 116.27200 10.92350
H 53.19970 118.75000 11.10220
H 60.77340 114.53100 11.27900
C 58.29780 118.79800 9.70383
C 59.26220 115.74500 9.69871
C 55.11460 119.21700 9.52893
C 56.21070 116.21900 9.50311
H 57.50920 115.12000 11.31620
H 55.42270 121.05300 11.22020
H 58.72880 120.54500 11.42560
H 56.45510 118.03300 11.21240
H 59.64340 117.53600 11.31630
C 60.65910 121.14000 10.00090
C 37.70780 125.31500 9.34738
C 38.83600 122.30700 9.34776
C 35.69230 122.90600 9.21712
H 34.94440 127.76400 10.64140
H 38.16660 127.15300 10.75400
H 37.02220 121.69600 10.92760
H 35.94810 124.65700 10.95780
C 39.96010 127.73000 9.26449
H 39.20460 124.11200 11.00470
C 34.69040 125.81200 9.17591
C 40.95300 124.67100 9.34053
H 41.32880 126.49100 10.98550
C 46.32820 126.41300 9.33853
C 43.07560 127.19800 9.35181
C 47.49940 123.49500 9.36936
C 44.26650 124.13300 9.27186
C 42.07160 121.60100 9.38276
H 42.47790 123.53100 10.93510
H 45.67570 122.94300 10.96240
H 44.54700 125.95500 11.00250
H 47.79530 125.32300 11.01790
C 49.68550 125.87900 9.45103
C 50.76560 122.88500 9.46136
C 52.95820 125.27400 9.67232
C 53.99770 122.33700 9.64836
H 48.94090 122.26300 11.02470
H 54.36460 124.09300 11.40510
H 50.06370 127.71900 11.10820
H 51.05710 124.71600 11.11970
H 52.11580 121.73000 11.20400
H 53.24150 127.12400 11.30400
C 58.45730 127.22600 10.14250
C 55.18820 127.64100 9.85159
C 57.33140 121.74400 9.76541
C 56.23550 124.72000 9.84079
C 59.49810 124.19900 10.06810
H 56.55390 126.50800 11.56410
H 57.61440 123.50800 11.48830
H 59.69570 125.91200 11.81420
H 60.78070 122.89100 11.72570
C 34.69500 134.23000 9.18785
H 40.30870 129.58500 10.87820
C 38.76280 130.76900 9.28909
H 39.23230 132.53300 10.91590
H 36.05100 133.11000 10.91520
H 37.04370 130.15500 10.90710
C 36.82860 128.41000 9.17002
C 37.80600 133.70600 9.29377
C 35.59940 131.23500 9.25909
C 41.03380 133.08900 9.36361
H 43.51920 128.95400 10.92670
C 47.62380 131.93200 9.62852
C 44.35870 132.53900 9.46151
C 42.15720 130.26200 9.33274
H 42.53950 131.95300 10.96070
C 45.37770 129.55900 9.33995
H 45.74250 131.28300 11.08750
H 46.80630 128.29000 10.89530
H 44.73880 134.25400 11.19550
H 47.89280 133.71800 11.24740
H 48.97140 130.69600 11.23900
C 48.69230 128.99500 9.50194
C 54.03720 130.61000 9.82108
C 50.75080 131.41300 9.70222
C 49.78140 134.24200 9.75817
C 51.91060 128.32100 9.57658
C 52.85050 133.65300 9.79050
H 52.09560 130.12500 11.27780
H 54.32950 132.50900 11.44740
H 51.11550 133.09700 11.48050
H 57.57380 131.93100 11.60510
H 55.46280 129.48800 11.47080
C 59.49070 132.54200 10.12510
C 56.18170 133.17000 9.95156
H 58.67410 128.98200 11.86610
C 60.52840 129.55800 10.26940
C 57.39070 130.02200 10.02320
C 36.66840 103.03300 12.62190
C 35.46510 106.04000 12.52070
C 39.95210 102.48300 12.60460
C 38.75960 105.50600 12.59000
C 46.13280 101.35800 12.47200
C 43.05300 101.85400 12.49580
C 42.00200 104.86300 12.58180
C 45.26200 104.26700 12.48730
C 44.20380 107.30400 12.57700
C 47.43830 106.70700 12.51110
C 48.45740 103.65300 12.43170
C 51.75340 103.11700 12.52870
C 50.68530 106.09000 12.55740
C 53.85010 105.56100 12.52170
C 54.90940 102.57200 12.67210
C 58.08000 101.86800 12.69230
C 57.13030 104.89800 12.71040
C 60.38280 104.26000 12.82950
C 59.19650 107.15900 12.78130
C 36.49610 111.40100 12.47370
C 37.64450 108.45400 12.50130
C 39.86430 110.80000 12.45270
C 38.74600 113.79500 12.53830
C 34.38420 109.04800 12.51390
C 40.89820 107.91500 12.49690
C 43.02480 110.25900 12.56200
C 46.35690 109.61100 12.53280
C 41.99070 113.19300 12.54890
C 45.29300 112.58300 12.46730
C 49.61630 108.99400 12.46840
C 52.88380 108.42400 12.49760
C 48.48140 112.06100 12.50820
C 51.69040 111.50700 12.59530
C 53.79490 113.95600 12.71380
C 56.07780 107.82600 12.62250
C 54.97410 110.77300 12.69060
C 58.13910 110.25700 12.84270
C 57.13490 113.23000 12.89790
C 60.31930 112.75400 12.96920
C 35.49120 114.41100 12.50040
C 36.55460 119.87700 12.54630
C 37.71160 116.82200 12.68030
C 39.96390 119.40100 12.68300
C 34.43940 117.57800 12.55130
C 40.97290 116.29200 12.63200
C 44.30670 115.58100 12.49980
C 47.35740 114.97400 12.50450
C 43.16640 118.57500 12.62870
C 46.36520 118.02800 12.55590
C 45.37830 121.07100 12.63300
C 50.48330 114.49700 12.50720
C 52.76430 116.87400 12.62700
C 49.54940 117.36800 12.60400
C 48.55180 120.40500 12.61890
C 51.67100 119.86600 12.74560
C 54.92020 119.19400 12.83840
C 55.88060 116.21000 12.81170
C 59.29670 115.68000 12.93120
C 58.15940 118.63200 12.94900
C 60.37190 120.96800 13.24220
C 35.54300 122.88200 12.51580
C 38.75920 122.24100 12.62420
C 37.69140 125.40300 12.44630
C 39.84950 127.74800 12.50320
C 34.50500 125.99900 12.38860
C 40.98530 124.62200 12.61280
C 42.02280 121.72500 12.59570
C 44.21530 124.10200 12.60450
C 47.48340 123.51200 12.63630
C 43.10040 127.18200 12.58070
C 46.34040 126.51400 12.59700
C 49.52270 125.87900 12.67640
C 52.74970 125.26200 12.88240
C 50.63310 122.95200 12.73940
C 53.88540 122.15700 12.90170
C 58.16540 127.07100 13.36400
C 59.24820 124.01200 13.31950
C 57.09990 121.60300 12.98140
C 56.12550 124.61800 13.11900
C 54.96220 127.63200 13.06640
C 41.02900 133.03600 12.52640
C 37.83200 133.77900 12.51920
C 38.87230 130.72200 12.51520
C 36.66930 128.21500 12.37660
C 35.64350 131.33800 12.54140
C 34.55430 134.39900 12.42470
C 47.48940 131.87800 12.77120
C 44.28600 132.38500 12.72430
C 42.05210 130.14100 12.52690
C 45.26350 129.33600 12.57560
C 50.66870 131.28800 12.98880
C 49.56580 134.30800 12.90680
C 48.48230 128.75900 12.68510
C 53.86120 130.63100 12.98730
C 51.63650 128.27600 12.85880
C 52.86140 133.74800 13.04140
C 57.07800 130.10400 13.26950
C 59.25700 132.56500 13.33450
C 56.03580 133.10600 13.17220
C 60.39680 129.54500 13.51710
H 60.80390 131.37800 11.91480
H 59.71360 134.37200 11.73440
C 63.71400 2.83322 10.19190
C 62.71140 5.85149 10.18510
C 66.95310 2.32010 10.28820
C 65.93930 5.30338 10.25200
C 61.57930 0.38513 10.15510
C 70.20650 1.67083 10.46650
C 69.05870 4.65295 10.38300
C 73.42310 0.96091 10.52950
C 72.39000 4.08081 10.50870
C 74.53330 6.50449 10.56690
C 75.59440 3.43110 10.55420
C 78.88620 2.89389 10.67380
C 77.74640 5.85802 10.66070
C 80.90050 5.30549 10.81890
C 76.51990 0.54125 10.58570
C 82.01890 2.18740 10.71950
C 84.14340 4.68146 10.91690
C 85.15210 1.74910 10.89490
C 87.19030 4.10424 10.83290
C 64.84850 8.27195 10.22750
C 67.00950 10.59890 10.34070
C 63.70140 11.40490 10.27330
C 61.65650 8.90449 10.15950
C 68.07650 7.76184 10.40750
C 71.35900 7.04858 10.46180
C 70.29010 10.08970 10.43350
C 69.17840 13.04680 10.45170
C 73.45190 9.54361 10.59040
C 72.43620 12.47240 10.58650
C 79.88470 8.20584 10.83990
C 75.64520 11.81820 10.71550
C 76.57400 8.75516 10.71110
C 78.80390 11.30030 10.83470
C 86.27840 7.18176 10.92630
C 83.09810 7.73132 10.91810
C 82.13350 10.58540 10.86430
C 84.22820 13.14850 11.00690
C 85.20990 10.18550 10.89920
C 87.48900 12.44740 11.04580
C 65.83600 13.59690 10.36650
C 61.62360 17.20680 10.13000
C 64.78560 16.67270 10.33550
C 62.63250 14.17560 10.33010
C 63.75090 19.59660 10.26470
C 66.94590 18.99220 10.41250
C 68.01570 15.96220 10.51810
C 71.29650 15.44630 10.60310
C 70.19370 18.43890 10.59140
C 73.59430 17.82750 10.65160
C 74.59740 14.81260 10.71220
C 77.85710 14.33210 10.83510
C 79.79920 16.70770 10.92320
C 76.73570 17.21230 10.80450
C 78.79860 19.61350 10.82360
C 75.59980 20.30620 10.80880
C 80.95910 13.63960 10.83450
C 83.10420 15.93360 10.93880
C 86.30210 15.42030 10.96980
C 82.08320 18.93780 10.95840
C 85.33710 18.56440 11.00120
C 62.60360 22.65020 10.22140
C 65.95410 22.04290 10.35660
C 64.84790 25.08610 10.37870
C 61.55820 25.67560 10.24200
C 68.05370 24.42990 10.61580
C 72.26630 20.77500 10.67090
C 71.22910 23.76800 10.68650
C 69.12050 21.40520 10.63110
C 73.36450 26.17790 10.79630
C 70.07720 26.85150 10.63710
C 74.50000 23.28030 10.83760
C 77.71390 22.55050 10.81550
C 76.61460 25.76340 10.93020
C 80.95620 21.98390 10.85170
C 79.79330 24.93440 10.83000
C 87.37180 20.92150 11.04640
C 86.38900 23.87270 11.02580
C 84.31510 21.43110 10.96230
C 83.09150 24.39530 10.86290
C 85.42150 26.75980 10.89110
C 63.73180 28.22300 10.54000
C 66.97100 27.42480 10.55020
C 65.79400 30.48940 10.61420
C 64.79280 33.53630 10.79660
C 62.73390 31.16680 10.72680
C 72.31110 29.27230 10.81290
C 71.31480 32.24890 10.81380
C 68.00540 32.82980 10.81540
C 69.04340 29.82580 10.64520
C 77.68800 30.88760 11.09670
C 79.87570 33.26080 11.01010
C 75.58440 28.61630 10.98710
C 78.70560 28.06640 11.04870
C 80.80500 30.41860 11.11940
C 74.52560 31.60350 11.01300
C 87.55160 29.27960 10.97540
C 83.15570 32.91750 11.11600
C 84.14420 30.04270 10.96300
C 86.47470 32.27900 11.04380
C 82.17130 27.42590 10.86540
C 63.69430 2.82606 13.34840
C 62.61640 5.84109 13.38310
C 66.74820 2.27082 13.55060
C 65.74200 5.24545 13.58040
C 61.48110 0.35069 13.34290
H 61.91100 2.25151 11.72770
H 65.14920 1.58909 11.81110
H 64.11270 4.64186 11.75970
H 67.20600 4.10091 11.98830
C 70.03910 1.70008 13.65210
C 68.95810 4.70762 13.59820
C 73.29490 0.95294 13.79070
C 72.25640 3.99707 13.79920
H 72.73580 5.85761 12.18260
H 69.46800 6.49353 11.95340
H 70.52460 3.53746 12.04260
H 71.56080 0.38638 12.08370
H 73.75210 2.78368 12.19220
H 68.29780 1.13612 11.94720
C 74.48980 6.36492 13.81780
C 75.50800 3.48446 13.75580
C 78.81790 2.82475 13.87160
C 77.59870 5.79029 13.86300
C 80.79100 5.14887 14.00040
C 76.63040 0.49518 13.78990
H 79.11140 4.66771 12.30730
H 75.92390 5.27246 12.13110
H 77.05470 2.33061 12.21360
H 80.21460 1.64940 12.28360
C 81.86780 2.14775 13.99520
C 84.00110 4.59078 14.10200
C 85.01690 1.65025 14.06220
C 87.28970 4.10094 14.12740
H 85.56660 3.48018 12.55450
H 86.54970 0.44905 12.45510
H 84.48200 6.48718 12.53640
H 82.28760 4.02109 12.40680
H 83.33390 1.03190 12.39570
C 64.72190 8.26509 13.50560
C 63.58000 11.24810 13.49640
C 66.82620 10.62260 13.50240
C 61.44600 8.84238 13.33140
H 67.30790 12.46420 11.91630
H 65.07270 10.10080 11.84680
H 62.98600 7.66501 11.82770
H 66.19940 7.10026 11.94150
H 61.88540 10.71830 11.79880
H 64.06150 13.09320 12.03160
C 68.04490 7.68328 13.53930
C 71.17010 6.97676 13.68660
C 70.19860 10.06310 13.68600
C 69.00060 12.92530 13.64730
C 73.33660 9.41566 13.81060
C 72.23610 12.42590 13.83110
H 70.57510 11.88020 12.10240
H 68.43280 9.56446 12.00850
H 73.78650 11.28050 12.27670
H 71.61010 8.83538 12.09160
C 79.71460 8.17460 14.01870
C 75.51070 11.80760 13.93430
C 76.54480 8.69908 13.94880
C 78.73620 11.22220 14.04010
H 74.82970 8.27663 12.22470
H 80.27120 10.05030 12.44910
H 77.01900 10.57250 12.37820
H 79.18800 13.12730 12.50350
H 78.04400 7.59915 12.34830
C 86.28470 7.06687 14.09560
C 83.02110 7.71296 14.17720
C 82.01510 10.63810 14.12910
C 84.11360 13.04220 14.18510
C 85.28940 10.06070 14.19460
C 87.38130 12.43650 14.24570
H 85.62670 11.90730 12.61970
H 82.39710 12.44570 12.49230
H 81.30720 7.05182 12.51340
H 86.69360 8.97325 12.53510
H 83.50740 9.49933 12.55240
C 65.84320 13.60510 13.57540
C 62.36270 14.16930 13.43450
C 64.60770 16.57750 13.60040
C 63.56040 19.78110 13.47760
C 66.83090 19.03750 13.69000
C 61.36290 17.17380 13.37790
H 66.12520 15.47390 11.96860
H 61.89130 19.04330 11.79960
H 65.10140 18.44130 12.03850
H 62.90590 16.02600 11.84920
C 67.92160 15.96280 13.68360
C 71.27600 15.48830 13.80210
C 70.08480 18.33370 13.84190
C 73.41070 17.85310 13.91400
H 72.74350 14.27880 12.23000
H 68.29410 17.84640 12.14470
H 73.75060 19.68880 12.31390
H 71.65340 17.30330 12.18640
H 70.48910 20.18360 12.28130
H 69.47520 14.82120 12.18000
C 74.47480 14.78500 13.93480
C 80.94340 13.66220 14.09000
C 77.62210 14.23120 14.10350
C 79.91420 16.57580 14.12970
C 76.51260 17.27090 14.03520
C 78.70750 19.67200 14.11610
H 78.08360 16.11450 12.55500
H 74.86140 16.64440 12.37690
H 76.98790 19.09490 12.40350
H 80.17490 18.48500 12.57020
H 75.99440 13.62370 12.35380
C 75.48950 20.28380 14.00860
H 81.33420 15.47530 12.44280
C 83.01880 16.00290 14.17100
C 86.41520 15.50570 14.24400
C 82.02070 18.98650 14.12900
C 85.30020 18.43760 14.23170
H 86.72450 17.27570 12.50720
H 84.60230 14.90920 12.66660
H 83.54610 17.81530 12.57510
H 85.64600 20.30760 12.72460
C 61.49300 25.59330 13.51430
C 62.36030 22.56740 13.34360
C 65.69790 21.90770 13.60710
C 64.57150 25.08390 13.60610
H 66.16570 23.85070 12.08420
H 67.28370 20.86220 12.02060
H 62.96000 24.47450 11.84200
H 65.13430 26.86370 12.02730
H 64.06590 21.45880 11.81460
C 67.84340 24.33290 13.80750
C 73.18710 26.12320 14.01150
C 71.21330 23.82210 13.93620
C 72.18870 20.70070 13.94180
C 68.93000 21.32290 13.82890
C 70.04850 26.80010 13.91150
H 72.64230 22.58850 12.33110
H 69.42970 23.22990 12.29780
H 68.32060 26.20850 12.23960
H 71.50480 25.62830 12.25370
C 74.37820 23.17930 14.01990
C 76.60180 25.53050 14.16290
C 79.71690 25.00360 14.01090
C 80.93230 22.04190 14.12710
C 77.72540 22.62660 14.07490
H 79.18050 21.44990 12.48090
H 77.95910 24.41830 12.40000
H 80.28450 26.81280 12.41110
H 74.78840 25.07770 12.49050
H 75.93820 22.10970 12.46180
H 81.31490 23.80970 12.46720
C 84.12270 21.61010 14.18760
C 83.11990 24.45090 14.08790
C 86.30550 23.91240 14.21610
C 87.48660 20.93020 14.31080
H 86.79430 25.69560 12.64400
H 84.55650 23.31040 12.51070
H 83.57040 26.23190 12.44640
H 82.43200 20.84430 12.50980
C 85.21670 26.86290 14.16290
C 63.59280 27.90600 13.65130
C 62.57670 30.99410 13.89490
C 66.80530 27.42340 13.72130
C 65.86540 30.39940 13.88430
C 64.75040 33.38890 14.02860
H 67.19560 29.28030 12.14010
H 66.14260 32.25800 12.34620
H 63.01170 32.94030 12.41370
H 64.05970 29.86260 12.30470
H 61.89340 27.43240 11.93660
C 67.93890 32.80270 13.95210
C 71.05550 32.18940 14.09890
C 68.87130 29.78730 13.89500
C 72.17660 29.15880 14.03410
H 70.43440 28.65450 12.30460
H 72.63760 31.04230 12.51460
H 69.41450 31.62460 12.32880
H 73.69490 28.02000 12.45030
C 74.34900 31.72780 14.21080
C 78.85380 27.82440 14.23650
H 74.89260 33.46110 12.58350
H 76.94640 27.45200 12.71620
H 78.05770 32.82840 12.63660
C 81.06720 30.44260 14.36030
C 79.80270 33.47820 14.29800
C 75.36960 28.47810 14.27030
C 77.57180 31.10420 14.38420
H 79.12870 29.83770 12.84300
H 75.86890 30.37110 12.70880
H 85.65610 28.67030 12.46060
C 87.38610 29.23080 14.16940
C 86.50170 32.22310 14.34230
C 84.27100 29.83860 14.22030
H 84.67770 31.75270 12.70030
C 83.19500 32.88890 14.34730
H 81.38830 32.27320 12.74660
H 82.41960 29.25090 12.59610
C 82.10330 27.29730 14.10540
C 63.78760 36.42360 10.94360
C 62.71500 39.27320 10.80630
C 66.93720 35.82480 10.83660
C 65.79660 38.81980 10.85210
C 61.68360 34.07000 10.71660
C 70.26310 35.20130 10.86190
C 69.15930 38.26270 10.77330
C 73.48600 34.57800 10.89930
C 72.40210 37.60400 10.82550
C 74.68320 39.98780 10.87660
C 75.62190 37.06990 10.83230
C 78.86760 36.42310 10.97550
C 77.80250 39.37370 10.98130
C 80.95490 38.71470 10.95160
C 76.73030 33.97490 10.92030
C 82.16970 35.72720 11.01230
C 84.25230 38.26720 10.96040
C 85.32080 35.19730 11.08770
C 87.47290 37.51750 11.04860
C 61.70330 42.27660 10.45910
C 64.91480 41.76150 10.66160
C 66.86640 44.15570 10.51600
C 63.86090 44.77210 10.39660
C 65.89950 47.12070 10.14120
C 67.97100 41.11560 10.72880
C 71.28850 40.60960 10.77660
C 70.31030 43.52720 10.75600
C 73.49990 42.84640 10.79820
C 69.26900 46.50050 10.38100
C 72.32940 45.98240 10.54130
C 79.90930 41.88960 10.93650
C 76.73060 42.34110 10.86540
C 78.85030 44.74780 10.88140
C 75.60340 45.27450 10.65130
C 86.41240 40.52160 11.00050
C 83.11730 41.27530 10.84130
C 82.02200 44.23330 10.90120
C 85.37400 43.52070 10.82340
C 84.12250 46.49020 10.76080
C 87.53490 45.98720 10.72490
C 61.49630 50.85530 9.82205
C 64.80740 50.28200 9.81583
C 62.63220 47.64200 9.98653
C 63.66870 53.30120 9.82438
C 66.98900 52.63440 9.94152
C 68.15970 49.59980 10.06800
C 71.33700 49.04550 10.26380
C 70.23240 51.97090 10.12250
C 73.47260 51.41770 10.24480
C 80.91510 47.21670 10.71880
C 74.63300 48.28060 10.37890
C 77.83540 47.73290 10.54640
C 80.00580 50.24670 10.37970
C 76.64620 50.75430 10.33110
C 78.88580 53.18240 10.24890
C 75.59020 53.82960 10.27990
C 83.14380 49.54240 10.55210
C 86.45920 48.88780 10.61010
C 82.18470 52.57160 10.37020
C 85.26220 51.88430 10.38130
C 61.51340 59.24090 9.75802
C 62.64470 56.17060 9.77229
C 65.84100 55.56700 9.88229
C 64.77060 58.64280 9.77456
C 68.06400 58.02870 9.82260
C 70.24040 60.44590 9.94407
C 72.41980 54.48830 10.09620
C 69.16160 55.07840 9.95858
C 71.33230 57.43380 10.12760
C 73.49940 59.75420 10.12080
C 74.53560 56.82440 10.21320
C 76.62710 59.18830 10.13090
C 77.65800 56.24720 10.27090
C 80.92580 55.53920 10.29000
C 79.92420 58.54570 10.24220
C 85.14080 60.39470 10.01880
C 86.37370 57.27750 10.07780
C 83.00310 58.04970 10.15600
C 87.50140 54.15700 10.21230
C 84.25130 55.02810 10.28740
C 66.97910 60.96820 9.75822
C 63.64610 61.58110 9.65628
C 65.84490 64.01140 9.69145
C 62.55240 64.62470 9.65222
C 64.76230 66.94550 9.59750
H 66.22250 65.85720 11.22350
H 62.96700 66.49500 11.24620
H 61.95080 61.06390 11.37390
H 63.98710 63.44070 11.19520
C 67.97380 66.39870 9.64799
C 71.23990 65.80680 9.72931
C 69.13870 63.43730 9.76067
C 72.46350 62.67750 9.95949
H 69.41630 65.31270 11.35320
C 74.58150 65.15470 9.81493
C 81.04650 64.11150 10.02950
C 78.91010 61.55780 10.13290
C 77.77200 64.60300 9.96940
C 75.49890 62.13480 10.06020
C 80.01500 66.98580 9.92891
H 74.89000 67.05560 11.31350
C 82.02840 61.02470 10.09430
C 83.10130 66.55260 9.94305
C 87.43050 62.77360 9.89650
C 86.37890 65.86000 9.88538
C 84.15390 63.44880 9.96631
C 63.71090 36.34920 14.02980
C 62.59560 39.62590 14.00750
C 66.94910 35.89510 14.10180
C 66.01660 38.90260 14.07890
C 61.44890 34.02300 14.00360
H 65.24600 35.26870 12.49210
H 64.13530 38.27320 12.58180
H 67.36840 37.71270 12.39860
H 61.89120 35.85660 12.41690
C 70.19060 35.31690 14.05220
C 69.15750 38.31620 14.00050
C 73.47010 34.69930 14.15790
C 72.36410 37.64120 13.98040
H 73.85660 36.47150 12.44670
H 70.58210 37.07970 12.39660
H 69.48450 40.13800 12.36620
H 71.68730 34.02110 12.53470
H 72.78140 39.49220 12.39830
H 68.40510 34.66190 12.47420
C 74.56120 40.04170 14.07100
C 75.64690 36.98780 14.10590
C 78.79960 36.36920 14.09370
C 77.74330 39.45540 14.15240
C 81.03320 38.84100 14.15170
C 76.61280 34.19300 14.20530
H 80.33040 35.18360 12.54320
H 76.02690 38.81420 12.50230
H 77.00850 35.84830 12.45190
H 79.21890 38.23060 12.61390
C 82.01460 35.84200 14.21650
C 84.17600 38.24580 14.12120
C 85.32530 35.27350 14.30580
C 87.37580 37.58760 14.27230
H 83.57070 34.66050 12.73870
H 86.82690 34.09870 12.75120
H 85.65820 37.00520 12.54610
H 82.47530 37.59630 12.55500
H 84.50610 40.09950 12.51470
C 64.70670 41.93480 13.91790
C 63.66860 45.06910 13.56440
C 66.95260 44.46380 13.72520
C 61.57440 42.52640 13.70990
H 64.09560 46.76000 11.81260
H 65.14460 43.68260 12.21930
H 63.08280 41.24620 12.24380
H 66.24720 40.68370 12.40930
H 67.32540 46.13770 11.92450
H 62.00970 44.20960 11.96650
C 68.05910 41.32020 13.94530
C 71.27780 40.58870 14.04630
C 70.11030 43.63370 13.88770
C 73.47170 43.18650 14.02140
C 69.10470 46.67170 13.59080
C 72.32180 46.22450 13.75420
H 71.71040 42.42700 12.47430
H 70.55630 45.45920 12.27590
H 68.30990 43.09250 12.22610
H 73.77140 44.85020 12.22440
C 79.85120 41.76620 14.17430
C 76.74690 42.43650 14.09280
C 78.68340 45.00140 14.06720
C 75.49390 45.58260 13.87230
H 78.16110 41.20450 12.52790
H 80.25090 43.67370 12.66830
H 79.16040 46.69450 12.36180
H 74.94160 41.84170 12.51440
H 77.01810 44.24030 12.43890
H 81.32360 40.61900 12.48630
C 86.23340 40.62430 14.18560
C 83.06690 41.26470 14.11490
C 82.11940 44.31530 14.10640
C 85.24970 43.69300 14.10370
C 84.33100 46.74460 13.96630
C 87.60220 46.01010 13.96480
H 86.77150 42.46110 12.57230
H 83.50710 43.09170 12.45890
H 85.74720 45.43490 12.36940
H 82.39660 46.13750 12.46900
C 65.87460 47.49790 13.34690
C 64.69530 50.24530 13.04860
C 62.58490 48.01550 13.27470
C 63.66940 53.25680 13.14880
C 66.80530 52.75250 13.15610
C 61.59480 50.85290 13.07530
H 66.24100 49.12710 11.51880
H 62.97890 49.64720 11.38750
H 61.85650 52.71160 11.48130
H 65.11000 52.12840 11.44920
C 67.87970 49.69730 13.27530
C 71.21610 49.17430 13.49430
C 70.11080 52.17930 13.32240
C 73.34380 51.48620 13.47020
H 69.49280 48.46910 11.82840
H 72.74370 47.90220 11.96160
H 73.73300 53.26610 11.78810
H 71.62540 50.88970 11.87460
H 68.36050 51.50910 11.67790
H 70.54520 53.90660 11.64290
H 75.97060 47.24690 12.10820
C 80.82390 47.41860 13.92900
C 74.51060 48.49440 13.60990
C 77.63070 48.00330 13.76040
C 79.85380 50.26710 13.60380
C 76.62060 50.86300 13.47560
C 78.81340 53.27860 13.52050
H 77.06210 52.66700 11.89100
H 78.13580 49.65930 11.94610
H 74.81540 50.23040 11.91100
H 80.32100 52.05330 11.96030
C 75.49160 53.80920 13.45380
H 81.33460 49.06740 12.09710
C 83.06960 49.66910 13.73620
C 86.40790 49.15910 13.75560
C 82.07800 52.66070 13.61880
C 85.41480 52.12300 13.61040
H 86.84340 50.85840 11.99770
H 83.58810 51.41500 12.06190
H 84.60490 48.43840 12.22280
H 85.70330 53.83380 11.87050
C 61.51560 59.26570 12.96160
C 62.63750 56.32210 13.02300
C 65.84470 55.67970 13.07550
C 64.68610 58.72140 12.91900
H 67.32310 54.48590 11.50050
H 64.04590 55.07520 11.46650
H 66.22910 57.49120 11.39130
H 62.93190 58.03830 11.34450
H 65.15820 60.50790 11.30100
C 67.90320 58.13100 13.13150
C 72.20400 54.36670 13.38130
C 69.01850 55.07060 13.18840
C 71.11020 57.44060 13.26250
C 73.40320 59.77370 13.38340
H 68.36760 59.87280 11.46350
H 71.62150 59.34160 11.69880
H 72.71330 56.23920 11.81100
H 69.41170 56.93580 11.59300
C 70.06570 60.54100 13.17500
C 74.50740 56.79610 13.44020
C 77.72430 56.24760 13.46910
C 76.63130 59.28340 13.43900
C 79.86470 58.66820 13.43920
C 80.88000 55.56000 13.47470
H 75.93070 55.66480 11.91400
H 80.36140 60.44480 11.77850
H 79.13020 55.05320 11.83950
H 74.90200 58.64600 11.77980
H 78.07300 58.07200 11.82450
H 81.32020 57.42390 11.90490
C 85.32480 60.47420 13.25400
C 87.48290 54.48450 13.42530
C 86.47740 57.45460 13.26730
C 84.36280 55.20130 13.45580
C 83.09660 58.14620 13.46790
H 86.74340 59.27230 11.59290
H 83.44020 59.89300 11.74850
H 84.51260 56.93800 11.79520
H 82.46870 54.44050 11.94290
C 63.68500 61.73840 12.95210
C 64.79270 66.96250 12.87510
C 66.84900 61.05060 13.01320
C 62.55860 64.60510 12.85570
C 65.71880 64.01320 12.81210
H 67.31570 62.85930 11.36300
C 67.86950 66.52630 12.87660
C 72.29940 62.95820 13.15790
C 69.04370 63.56840 13.01720
C 71.27320 65.96460 12.90310
H 70.53660 62.34120 11.48540
H 73.81070 61.61420 11.76790
H 72.71070 64.66230 11.36220
C 74.43790 65.31050 13.03020
C 78.87940 61.71010 13.25780
C 79.89220 67.12140 13.14940
C 75.62710 62.32220 13.32600
C 77.75770 64.71140 13.20300
C 81.03850 64.08780 13.28780
H 77.03770 61.04170 11.72300
H 78.08910 66.53210 11.52870
H 75.98270 64.04100 11.58950
H 79.27240 63.49660 11.63460
H 81.37160 65.90960 11.63470
C 86.39500 65.85860 13.08050
C 82.05500 61.14850 13.40320
H 84.55640 65.34550 11.47540
H 82.45160 62.88930 11.67840
C 87.45600 62.81850 13.12210
H 85.64610 62.28610 11.53000
C 84.31690 63.58360 13.17070
C 83.16570 66.50810 13.17200
C 63.72910 69.98200 9.57404
C 62.54620 73.05490 9.65700
C 66.89450 69.47410 9.61612
C 65.91890 72.44620 9.53658
C 61.50430 67.70190 9.64683
H 65.16260 68.80310 11.23350
H 61.93650 69.53750 11.22920
H 64.11370 71.87370 11.16220
H 67.33510 71.33880 11.23750
C 70.18480 68.93990 9.57545
C 69.16800 71.93700 9.63201
C 73.52370 68.29180 9.68699
C 72.44060 71.37030 9.66123
H 68.39650 68.32120 11.22820
H 69.54740 73.75060 11.27920
H 70.61890 70.74130 11.21250
H 72.75490 73.08460 11.43540
H 73.87110 70.12840 11.18200
H 71.60140 67.71800 11.19750
C 74.47310 73.52020 9.72974
C 76.66710 67.54700 9.73563
C 75.67640 70.71050 9.65306
C 78.83670 70.01890 9.76028
C 77.74950 72.98120 9.76024
C 81.00340 72.46660 9.79808
H 77.01220 69.45720 11.33460
H 80.33970 68.88510 11.40310
H 75.96230 72.46340 11.38270
H 79.18820 71.85370 11.36000
C 82.19460 69.43980 9.81425
C 84.22050 71.81560 9.85610
C 85.31700 68.87340 9.92506
C 87.45600 71.15470 9.79933
H 82.44240 71.27710 11.44710
H 85.69060 70.77370 11.47100
H 84.64380 73.73470 11.39520
C 61.58800 76.09620 9.50877
C 64.74950 75.45880 9.59287
C 66.91580 77.78380 9.52950
C 63.85170 78.47060 9.57173
H 64.11690 80.34770 11.06960
H 65.20390 77.25720 11.28090
H 67.30210 79.72200 11.03760
H 62.00650 77.93930 11.10320
H 62.91860 74.91670 11.22380
H 66.26610 74.31560 11.13300
C 65.84710 80.74330 9.37319
C 71.38870 74.21090 9.70468
C 68.11120 74.88160 9.61008
C 70.27460 77.26170 9.65612
C 69.14390 80.16970 9.44585
C 73.41310 76.56820 9.53194
C 72.27300 79.73380 9.43082
H 73.75260 78.53310 11.02790
H 70.56540 79.15320 11.17660
H 68.42800 76.74220 11.20470
H 71.68520 76.11190 11.26540
C 79.94610 75.36230 9.65605
C 75.69350 78.87600 9.57112
C 76.87780 76.03900 9.72769
C 78.82490 78.35780 9.61795
H 79.30520 80.27610 11.10630
H 74.89700 75.52790 11.13260
C 81.17520 80.79330 9.46253
H 77.12940 77.89540 11.39670
H 78.25960 74.82320 11.38860
H 80.28740 77.21760 11.21430
C 86.39600 74.17770 9.67474
C 83.15720 74.77710 9.73865
C 82.08230 77.79290 9.59802
C 84.35250 80.21980 9.49842
C 85.30560 77.19650 9.55150
C 87.50800 79.58550 9.53648
H 85.71340 79.06240 11.17740
H 82.56030 79.65760 11.08080
H 83.57120 76.69620 11.18470
H 81.35500 74.34000 11.40680
H 86.81310 76.10510 11.14510
C 61.48350 84.41810 9.24382
C 64.87420 83.77980 9.20251
C 62.78460 81.39210 9.27774
C 63.63460 86.82960 9.15781
C 66.96730 86.23980 9.11669
H 66.25340 82.63720 10.88730
H 63.03120 83.31530 10.82760
H 65.17080 85.70090 10.73330
H 61.82990 86.31860 10.84850
C 68.09290 83.12100 9.32382
C 71.27060 82.62400 9.42551
C 70.24960 85.61710 9.19222
C 73.40930 85.06800 9.37341
H 73.83050 86.94290 10.94470
H 71.61960 84.49350 11.01140
H 69.48560 82.03580 11.00690
H 68.42360 85.07050 10.79410
H 72.79380 81.47000 10.97960
H 70.61400 87.44880 10.80160
C 74.52180 82.03740 9.34922
C 77.89480 81.31800 9.32432
C 80.03460 83.83490 9.37359
C 76.76630 84.51290 9.34794
C 78.93290 86.92500 9.43515
H 76.02220 80.87910 10.93670
H 80.32020 85.65040 11.00150
H 74.95060 83.90120 10.98920
H 77.08820 86.33220 10.96590
H 78.19020 83.25730 10.89880
C 75.58100 87.48300 9.31572
C 85.34410 85.65580 9.59737
C 83.21320 83.34530 9.43659
C 86.43410 82.77850 9.42337
C 82.13330 86.32240 9.48785
H 81.43830 82.67630 11.07200
H 86.84260 84.52520 11.14150
H 84.68500 82.15500 11.03700
H 83.48560 85.11030 11.12600
H 85.68070 87.46680 11.26880
C 61.50830 92.91970 9.29956
C 65.86590 89.27410 9.18843
C 62.48050 89.91470 9.19808
C 64.78260 92.48680 9.33018
H 62.95910 91.67960 10.86270
H 66.20940 91.09450 10.81250
H 65.07730 94.11560 11.12170
H 63.96960 88.69900 10.78670
H 67.29140 88.03720 10.83350
C 68.01690 91.78010 9.22142
C 71.36680 91.12860 9.32447
C 73.36450 93.63050 9.51707
C 69.13250 88.63530 9.21016
C 72.41900 88.12990 9.24695
C 70.03920 94.17180 9.48541
H 68.27400 93.47670 11.00210
H 71.57320 92.95240 11.04800
H 72.71950 89.88140 10.99800
H 69.49280 90.53240 10.74410
C 74.48180 90.56540 9.41587
C 76.71330 92.90300 9.58028
C 79.94340 92.22560 9.63721
C 81.01990 89.32640 9.55385
C 77.82280 89.88380 9.52935
H 74.82090 92.36670 11.08410
H 78.11130 91.68120 11.26780
H 80.20240 94.07310 11.24940
H 75.93380 89.27030 11.01350
H 79.24470 88.66890 11.15770
C 84.21630 88.60990 9.56980
C 86.37090 91.01410 9.52950
C 83.09600 91.59690 9.59740
C 87.43150 88.06550 9.63529
H 82.40220 88.06460 11.17880
H 81.33110 91.04860 11.31990
H 83.39490 93.48050 11.22490
H 86.65640 92.89450 11.12000
H 84.54020 90.45810 11.14550
C 85.16790 94.07760 9.53286
H 62.95550 100.13600 11.22320
H 66.17840 99.59250 11.41700
H 67.24240 96.54340 11.32260
C 64.81340 100.78200 9.70656
C 66.84190 94.85920 9.55002
C 65.80380 97.81610 9.72514
C 62.62110 98.32090 9.60632
C 63.61720 95.35070 9.49694
H 61.82440 94.67110 10.98350
H 64.02900 97.12520 11.25290
H 72.56900 98.30710 11.39180
H 73.69900 95.38390 11.27010
C 72.20420 96.53360 9.63829
H 70.40930 95.89820 11.25530
H 69.39590 98.94920 11.46940
C 71.17010 99.53930 9.83468
C 69.01860 97.24490 9.71866
C 68.00950 100.08900 9.79533
C 74.37720 98.89100 9.77201
C 77.65810 98.36070 9.68905
C 80.83880 97.75820 9.73929
C 78.80570 95.33600 9.69194
C 79.77650 100.60900 9.71540
H 79.08430 97.10300 11.30990
H 76.91820 94.76380 11.23300
H 78.00690 100.10100 11.38870
H 75.90130 97.65630 11.23430
H 74.81640 100.67300 11.50650
C 75.47640 95.89990 9.60196
C 84.02140 97.13450 9.55646
C 83.03830 100.21700 9.71791
H 84.45630 98.91790 11.28320
H 82.31980 96.53200 11.28810
C 86.21930 99.49550 9.59949
C 87.31930 96.57860 9.44001
H 81.27860 99.59030 11.34820
H 85.53250 95.94770 11.10000
C 81.96460 94.74120 9.65065
C 63.69760 70.07670 12.81900
C 62.64710 72.99110 12.80360
C 66.92740 69.48420 12.85720
C 65.79310 72.51530 12.81570
C 61.53700 67.77060 12.85980
C 70.21060 68.92330 12.83940
C 69.14920 71.92190 12.85000
C 73.38660 68.32670 12.80390
C 72.37700 71.14990 12.89170
C 74.61440 73.77420 12.92690
C 75.53230 70.64850 12.96530
C 78.76600 70.03300 12.96110
C 77.75420 73.00660 12.97020
C 80.91830 72.51420 12.98170
C 76.55580 67.68300 13.03440
C 82.03930 69.49360 13.12610
C 84.19030 71.93760 13.05470
C 85.36190 68.96340 13.10010
C 87.47130 71.45500 13.02050
H 83.56270 68.32550 11.55370
H 86.76810 67.72370 11.51610
C 64.75470 75.36590 12.80270
C 63.76680 78.57190 12.75150
C 67.01770 77.99070 12.77360
C 61.57630 76.19320 12.79660
C 68.02950 74.92800 12.80890
C 71.26460 74.35480 12.95450
C 70.18380 77.39650 12.81920
C 69.05670 80.28700 12.71750
C 73.44600 76.80420 12.76270
C 72.39560 79.72620 12.70320
C 79.95960 75.57830 13.04030
C 75.48990 79.20330 12.67810
C 76.65420 76.01190 12.88300
C 79.04100 78.56150 12.84870
C 86.55380 74.33650 12.84190
C 83.20750 75.01820 12.94210
C 82.12650 77.92000 12.74520
C 84.33050 80.29570 12.69760
C 85.34310 77.24800 12.75940
C 87.51400 79.73200 12.72910
C 65.91190 80.95780 12.64500
C 62.56690 81.54300 12.51590
C 64.81360 83.92990 12.43230
C 63.67620 86.85900 12.41730
C 66.94290 86.27750 12.43680
C 61.62150 84.48400 12.52650
C 67.99920 83.31390 12.49140
C 71.27370 82.65290 12.54780
C 70.12790 85.72500 12.52520
C 73.45500 85.08280 12.54870
C 74.56390 82.00640 12.57980
C 81.14990 80.85780 12.65080
C 77.74160 81.51490 12.61150
C 79.93840 83.86300 12.62900
C 76.79080 84.46160 12.54560
C 78.87530 86.77310 12.63960
C 75.58390 87.36160 12.62630
C 83.18130 83.22520 12.70970
C 86.45440 82.64760 12.68720
C 82.00970 86.16660 12.72460
C 85.24600 85.57760 12.75270
C 62.45850 89.81500 12.43780
C 65.77570 89.24370 12.40770
C 64.73290 92.17290 12.55570
C 61.45130 92.82300 12.49340
C 68.00020 91.51350 12.50040
C 72.30370 88.02170 12.56300
C 69.07450 88.72420 12.35380
C 71.18710 90.99230 12.53990
C 73.31270 93.43110 12.78490
C 70.04080 93.95850 12.71350
C 74.44280 90.45080 12.65830
C 77.64530 89.74040 12.76340
C 80.96800 89.10440 12.87390
C 79.93390 92.26040 12.91430
C 76.61740 92.87450 12.80630
C 85.22200 94.07720 12.77870
C 84.15970 88.67100 12.78430
C 86.32340 91.14590 12.78900
C 83.14350 91.61850 12.87480
C 87.44730 88.08280 12.85020
C 66.94260 94.61590 12.77080
C 62.48010 98.26340 12.82610
C 63.52850 95.12920 12.70430
C 64.64210 100.78200 12.91050
C 65.75230 97.68890 12.97300
C 71.16870 99.41420 13.09990
C 72.15940 96.39260 12.88640
C 67.96990 100.06900 13.07990
C 68.98730 97.04290 12.94220
C 79.84190 100.65900 12.95990
C 77.58180 98.19800 12.91650
C 78.70110 95.28740 12.84570
C 80.85160 97.77340 12.88780
C 74.46450 98.81290 12.94260
C 75.47810 95.91730 12.89100
C 86.37520 99.41040 12.87350
C 81.91370 94.63780 12.86210
C 84.18590 97.01080 12.86110
C 87.45750 96.43630 12.61590
C 83.08960 100.12900 12.92910
C 62.67450 106.74900 9.71380
C 63.59820 103.84000 9.70496
C 66.91390 103.20100 9.81667
C 65.90770 106.22200 9.87300
C 61.55340 101.33600 9.58575
H 65.02990 102.61300 11.31210
H 64.05420 105.59400 11.36910
H 61.87350 103.12600 11.27750
H 67.23480 104.96300 11.49850
C 73.33280 101.88900 9.96170
C 69.12140 105.55700 9.94805
C 70.12720 102.48700 9.89738
C 72.27100 104.82500 9.91346
H 68.27510 101.92600 11.46280
H 71.53750 101.30800 11.53900
H 69.51340 107.42100 11.51990
H 70.45940 104.31000 11.54430
H 73.70570 103.72500 11.59580
H 72.69710 106.63500 11.55450
C 74.42130 107.34700 9.95443
C 78.81340 103.73000 9.81415
C 80.98610 106.13600 9.83790
C 75.37940 104.33800 9.84296
C 77.79150 106.69700 9.91985
C 76.53250 101.26300 9.79040
H 75.92850 106.12400 11.45400
H 80.27660 102.44800 11.30070
H 79.24530 105.50700 11.53520
H 76.95040 103.11500 11.39540
C 87.49740 105.08400 9.79283
C 85.28140 102.52200 9.76326
C 84.23430 105.50500 9.77998
C 82.05710 103.04700 9.69674
H 82.39760 104.83600 11.31610
H 83.50540 101.94000 11.33280
H 86.81270 101.25900 11.27570
H 85.74510 104.32400 11.41560
H 84.57550 107.25400 11.49120
C 64.83170 109.06200 9.86626
C 63.65270 112.03900 9.89879
C 66.96280 111.56900 9.93061
C 61.41670 109.70200 9.76848
H 62.92940 108.57000 11.41500
H 66.29660 107.99000 11.58700
H 61.82670 111.49300 11.46480
H 64.08180 113.85900 11.49730
H 65.14840 110.89500 11.49290
H 67.28510 113.33900 11.58140
C 68.09570 108.61300 9.93399
C 71.39810 107.97900 9.99321
C 73.52480 110.43200 10.22210
C 72.50180 113.26800 10.26690
C 69.08310 113.90900 10.14350
C 70.22710 110.91600 10.10500
H 68.40120 110.43400 11.62590
H 71.67820 109.72400 11.70060
H 73.74120 112.06400 12.06160
H 70.61040 112.77700 11.69280
C 78.73340 112.14100 10.19720
C 75.47760 112.69500 10.41140
C 76.65230 109.73700 10.19450
C 79.87870 109.14100 9.94202
H 78.18110 108.45900 11.59990
H 74.82650 109.06000 11.68420
C 86.42670 107.98600 9.95422
C 84.21090 113.96000 10.31790
C 83.14700 108.57600 9.96021
C 85.37570 110.97800 10.12840
C 82.09340 111.56800 10.12680
C 87.42990 113.36600 10.28100
H 81.35610 107.92200 11.55490
C 65.86800 114.48000 9.92814
C 64.79490 117.52300 10.04560
C 63.75870 120.50000 10.16690
C 66.90910 119.94100 10.21050
C 62.67490 115.08700 9.86259
C 61.61400 118.10800 9.92821
H 62.96820 116.85500 11.61660
H 61.91740 119.82700 11.68960
H 66.16120 116.25100 11.63560
C 68.04730 116.85200 10.17320
C 70.06350 119.35800 10.09890
C 71.27100 116.21700 10.26080
C 73.45410 118.79400 10.19440
C 74.56860 115.65600 10.31180
C 80.97890 114.59800 10.36990
C 78.85440 120.44300 10.47800
C 79.92440 117.53900 10.49190
C 76.68410 118.12700 10.38300
C 77.65960 115.03300 10.33000
C 75.65470 121.16700 10.33480
C 82.01390 119.80600 10.59720
C 85.22140 119.34100 10.61810
C 86.27230 116.42700 10.45390
C 83.03490 116.94500 10.47800
C 65.81710 122.89400 10.13640
C 61.54440 126.50700 10.30370
C 64.74310 125.98400 10.27930
C 62.63720 123.53500 10.14870
C 68.00190 125.35100 10.27070
C 70.15350 127.78500 10.40250
C 72.39380 121.76700 10.30570
C 69.06610 122.38700 10.19910
C 71.30850 124.70900 10.31380
C 73.36380 127.13400 10.37280
C 74.53530 124.19400 10.38640
C 79.91240 125.81900 10.53920
C 76.63480 126.54200 10.56300
C 77.83600 123.41700 10.47990
C 81.00210 122.80500 10.54180
C 83.05560 125.43000 10.57160
C 86.52820 124.71800 10.64590
C 84.25250 122.37700 10.57380
C 87.44000 121.68600 10.66370
C 85.30400 127.77600 10.73300
C 65.79480 131.22400 10.39170
C 66.88120 128.26500 10.45360
C 62.56010 131.70800 10.27720
C 63.67510 128.85200 10.37260
C 64.87640 134.14500 10.25320
C 68.96310 130.76600 10.45230
C 71.14610 132.94600 10.50870
C 72.26630 130.12100 10.53180
C 68.04720 133.71900 10.36930
C 80.93560 131.20300 10.72300
C 75.63040 129.48500 10.61780
C 79.88760 134.31800 10.64950
C 78.75790 128.83600 10.62150
C 74.47250 132.32900 10.65440
C 77.62230 131.88900 10.62910
C 83.07900 133.67700 10.76720
C 84.13000 130.65300 10.82800
C 82.02210 128.29700 10.68320
C 86.26520 133.01900 10.86070
C 87.46180 130.11300 10.93550
C 63.53570 103.70700 12.92100
C 62.53430 106.65000 12.92210
C 66.73510 103.05100 13.03470
C 65.74970 106.12700 13.10020
C 61.43360 101.21900 12.81600
C 70.08970 102.43800 13.10180
C 68.95910 105.52900 13.09060
C 73.31490 101.86900 13.13700
C 72.23010 104.84700 13.20160
C 74.47170 107.13500 13.16570
C 75.57950 104.31500 13.09330
C 78.82520 103.53900 12.96840
C 77.75050 106.60000 13.12200
C 81.09380 106.00200 13.08840
C 76.58450 101.29800 13.08130
C 82.01530 103.04200 12.95930
C 84.14040 105.30600 13.00800
C 85.35970 102.40100 12.92630
C 87.54000 104.78900 13.03060
C 64.65000 109.05600 13.13680
C 63.65740 111.99900 13.05510
C 66.83500 111.54400 13.18540
C 61.44380 109.62300 13.07590
C 65.72880 114.36500 13.20060
C 68.07360 108.58100 13.18830
C 71.32070 107.82900 13.21540
C 70.22310 110.87000 13.25490
C 73.43070 110.07600 13.42460
C 68.99590 113.81900 13.26990
C 72.20300 113.21100 13.48810
C 79.92970 108.98000 13.26720
C 76.66980 109.59600 13.27580
C 78.91520 112.01100 13.43760
C 75.52770 112.57200 13.65470
C 80.94790 114.45300 13.56330
H 80.28330 110.86900 11.69720
H 79.20040 113.88200 11.85360
H 77.03810 111.48800 11.95930
C 86.28680 107.74400 13.18350
C 83.16480 108.41300 13.16850
C 82.08660 111.33400 13.36880
C 85.29490 110.78500 13.38340
C 84.27000 113.74500 13.55040
C 87.43540 113.23700 13.51150
H 86.72150 109.69200 11.71260
H 83.54080 110.33400 11.65770
H 82.40970 113.31400 11.92540
H 85.65840 112.71200 11.85900
C 64.72580 117.35500 13.29560
C 62.47450 114.87200 13.07730
C 63.62170 120.37200 13.34920
C 66.84920 119.92200 13.38980
C 61.37330 117.90300 13.15530
H 65.14500 119.23500 11.77240
C 67.83550 116.85200 13.36790
C 71.20480 116.38000 13.39200
C 70.06210 119.29800 13.37840
C 73.31290 118.69400 13.44840
H 70.48400 121.13800 11.73320
H 73.81960 120.54300 11.91130
H 71.59790 118.21000 11.67590
H 72.74780 115.10100 11.93190
H 68.30190 118.73100 11.79040
H 69.46150 115.73300 11.82260
C 74.43110 115.73100 13.62590
C 77.80460 115.06100 13.54350
C 79.72760 117.38600 13.68300
C 76.54610 118.04000 13.62730
C 78.74620 120.38400 13.79710
C 75.52350 121.10600 13.65100
H 78.02790 116.92100 11.94380
H 76.97830 119.91700 12.07320
H 80.22410 119.27500 12.16310
H 75.90370 114.49000 12.06140
H 74.83390 117.51000 11.89860
C 83.05860 116.87200 13.76710
C 86.32270 116.16200 13.68390
C 82.04620 119.82500 13.76700
C 85.21780 119.33800 13.84530
H 83.49750 118.66300 12.16850
H 84.48600 115.72900 12.03330
H 86.67340 118.12900 12.22010
H 85.60630 121.14900 12.26240
H 81.32420 116.32100 12.11890
C 62.55500 123.33100 13.46510
C 65.81820 122.92100 13.46670
C 64.76190 125.77500 13.53470
C 61.43620 126.48900 13.45580
H 65.07810 127.72000 12.06860
H 66.16570 124.69900 11.78070
H 62.98180 125.25000 11.90260
H 67.24960 121.80600 11.79030
H 64.07510 122.27400 11.78720
C 67.88480 125.23400 13.53030
C 72.22420 121.72500 13.44450
C 69.06730 122.32500 13.42810
C 71.19060 124.69900 13.55280
C 70.11610 127.70400 13.64140
C 73.33790 127.13000 13.65960
H 68.36680 127.10100 11.99350
H 71.59610 126.56500 12.00680
H 69.45270 124.17700 11.89990
H 72.67070 123.59700 11.91770
C 74.34150 124.11000 13.61780
C 77.64040 123.32500 13.73490
C 80.98540 122.78300 13.84590
C 79.80460 125.76800 13.78380
C 76.62880 126.35800 13.74160
H 78.07220 125.22300 12.09450
H 80.19560 127.64800 12.24600
H 79.21810 122.21900 12.18310
H 75.89160 122.96700 12.01560
H 74.81400 125.97900 12.08650
H 81.36620 124.61600 12.18950
C 86.30870 124.51700 13.75770
C 83.16320 125.16100 13.80860
C 84.14160 122.40200 13.80290
C 85.19340 127.69100 14.01840
C 87.39420 121.67400 13.87320
H 83.47350 127.12900 12.32300
H 86.68430 126.52500 12.35550
H 84.58930 124.09700 12.04790
H 82.45240 121.66600 12.16960
C 64.63340 134.17600 13.39230
C 65.78390 131.27400 13.55390
C 63.58200 128.91500 13.61380
C 66.91800 128.30600 13.61130
C 62.57770 131.96600 13.50160
H 66.27270 133.03900 11.90660
H 67.24550 130.09700 12.02380
H 61.83730 128.34400 11.92400
H 62.94320 133.64900 11.68910
H 64.00150 130.68900 11.96410
H 70.37010 129.55700 12.07120
H 73.76480 128.93600 12.01810
C 71.13920 133.02600 13.75240
C 72.23950 129.93400 13.66180
C 68.89240 130.66500 13.72320
C 67.86140 133.77700 13.62280
H 72.57560 131.88300 12.20160
H 69.32830 132.51800 12.15240
C 74.34090 132.42800 13.82610
H 79.08830 130.65800 12.25080
C 80.78000 131.28900 13.93990
C 78.77210 128.82400 13.91230
C 75.42910 129.36500 13.79920
C 79.78540 134.29600 13.87880
H 78.03980 133.73900 12.14370
H 75.94600 131.25600 12.33840
H 77.02760 128.27500 12.27560
C 77.65860 131.93800 13.83920
H 74.82930 134.23100 12.22040
C 87.41690 130.00300 14.16360
H 81.25220 133.09200 12.31430
C 82.92430 133.66900 13.99450
H 84.42730 132.49000 12.41280
C 86.23770 133.02300 14.12520
H 85.61090 129.53600 12.48000
C 81.98360 128.14000 13.94550
H 82.27950 130.08900 12.40630
C 84.02360 130.64600 14.05080
C 90.60270 3.57040 10.96290
C 89.60930 6.47286 11.06330
C 93.76150 2.77037 10.99780
C 92.66670 5.83646 11.05380
C 88.39160 0.95833 10.84480
C 91.68650 0.40214 10.95170
C 97.03390 2.16600 10.89060
C 95.85540 5.17078 11.06910
C 99.23000 4.61358 10.95400
C 100.46300 1.65464 10.85460
C 102.61100 4.06507 10.82050
C 104.73800 6.40233 10.84920
C 103.65900 0.98803 10.73590
C 105.82200 3.51010 10.80600
C 106.92500 0.44388 10.59150
C 108.01400 5.79593 10.89020
C 111.28500 5.19191 10.65650
C 109.11400 2.88772 10.65490
C 112.47100 2.26739 10.75140
C 88.58400 9.61034 11.06550
C 91.62980 8.84679 11.11100
C 90.59880 11.79830 10.99820
C 93.78150 11.29240 10.98090
C 94.85020 8.25712 10.99600
C 98.09690 7.56566 10.98740
C 97.01850 10.64720 10.99440
C 99.12350 13.11590 10.92590
C 100.30800 9.90735 10.87540
C 101.33800 6.91439 10.93200
C 106.88100 8.69928 10.95780
C 103.59300 9.25672 10.89220
C 102.50000 12.37680 10.87690
C 105.71100 11.79840 10.91320
C 109.96600 8.13806 10.81230
C 113.24700 7.55989 10.40480
C 108.86300 11.23230 10.78040
C 111.98900 10.60940 10.43980
C 89.59940 14.91490 10.97250
C 92.93040 14.41210 10.95550
C 91.84710 17.25950 11.07720
C 93.95170 19.61980 11.01330
C 88.66450 17.80060 10.98880
C 90.73400 20.15440 11.06540
C 96.11270 13.65060 11.03040
C 95.00810 16.65960 11.11090
C 98.21880 15.98970 10.92960
C 97.07910 18.99230 11.07820
C 100.41900 18.42260 10.93100
C 101.41500 15.40670 11.01210
C 104.61600 14.74450 10.96300
C 103.57300 17.77310 10.90260
C 106.71300 17.16310 10.89900
C 105.69600 20.15630 10.91410
C 111.10300 13.53340 10.68830
C 107.75000 14.13170 10.91810
C 108.90800 19.53610 10.83160
C 109.88700 16.55920 10.84200
C 113.17800 15.98710 10.61280
C 112.11300 18.96330 10.72130
C 88.56570 26.28070 10.97330
C 92.79080 22.59750 11.01110
C 89.64060 23.09320 10.99410
C 91.87910 25.68430 10.87820
C 95.04590 25.00240 10.90630
C 96.13330 22.06890 10.95700
C 99.23640 21.33020 10.87680
C 98.27300 24.34130 10.90130
C 100.39400 26.73570 10.77660
C 101.47000 23.75170 10.79160
C 102.52300 20.74410 10.87530
C 106.82900 25.65970 10.78990
C 104.61300 23.21020 10.76230
C 103.63000 26.25350 10.83370
C 107.95000 22.62170 10.76810
C 109.94600 24.87730 10.75510
C 113.18900 24.35110 10.65520
C 111.21400 21.94830 10.69770
C 94.07420 28.05580 10.86630
C 90.68260 28.60120 10.90320
C 89.63310 31.71010 10.91160
C 92.93990 31.01530 10.91050
C 99.40210 29.90350 10.78800
C 96.13720 30.37370 10.86230
C 98.39180 32.82360 10.83180
C 97.22010 27.34200 10.87910
C 95.11350 33.35000 10.84500
C 101.62700 32.19260 10.84200
C 104.79000 31.60950 10.89910
C 105.74500 28.65030 10.78140
C 102.68200 29.24680 10.84010
C 107.93800 30.95910 10.72200
C 113.21600 32.74740 10.35600
C 111.17000 30.32810 10.56490
C 112.07900 27.28880 10.61030
C 108.95900 27.99760 10.72750
C 110.10000 33.51120 10.63150
C 90.35210 3.39949 14.19790
C 89.39280 6.42510 14.27670
C 93.80660 2.68942 14.25140
C 92.74690 5.85149 14.36930
C 88.25950 1.06488 14.03900
C 91.68990 0.38556 14.18680
H 88.70040 2.88845 12.38870
H 90.93940 5.25992 12.79510
H 94.07270 4.58638 12.68880
H 91.96660 2.28704 12.61270
H 87.69510 5.90233 12.47220
C 97.17370 2.13006 14.16170
C 95.92460 5.09948 14.19330
C 99.31020 4.49707 14.10170
C 100.45300 1.59707 14.03850
H 99.58440 6.43484 12.61400
H 98.63550 1.06385 12.45780
H 97.43480 3.99073 12.52710
H 100.84600 3.47371 12.44190
H 95.28910 1.61662 12.60290
C 107.03600 0.31994 13.83800
C 103.85100 0.94174 14.02820
C 102.60000 4.00074 14.09130
C 105.86800 3.29456 13.96610
C 104.76500 6.30255 14.18880
H 102.96600 5.84641 12.49820
H 104.02400 2.80948 12.38900
H 106.21300 5.23523 12.50280
H 107.38600 2.20781 12.28640
H 101.96600 0.39744 12.46270
C 108.08900 5.67376 14.09360
C 109.16700 2.75876 13.93180
C 112.42800 2.30400 13.86400
C 111.29700 5.25061 13.89530
H 113.65200 1.07092 12.84000
H 112.76600 4.17776 12.19900
H 110.58900 1.69877 12.23440
H 109.49200 4.62730 12.36350
C 88.37960 9.53905 14.27750
C 91.66950 8.84944 14.27030
C 90.69820 11.98460 14.24030
C 93.84500 11.34110 14.26750
H 94.25880 13.12150 12.58230
H 92.07900 10.67590 12.65170
H 88.91700 11.33830 12.71950
H 89.84330 8.28370 12.73180
H 93.10430 7.61510 12.65240
C 94.88570 8.20448 14.29130
C 98.16690 7.63372 14.24230
C 97.08440 10.56300 14.19070
C 99.32390 13.05160 14.16120
C 100.33400 10.00900 14.13370
H 97.52110 12.41550 12.62870
H 98.52130 9.43512 12.57650
H 96.32570 7.02351 12.62840
H 95.23240 10.07870 12.63010
H 100.61000 11.83390 12.42070
C 101.42000 6.92314 14.15270
C 106.86800 8.80292 14.17180
C 103.52500 9.30613 14.15520
C 102.40800 12.30800 14.07710
C 105.72700 11.70950 14.16100
H 103.90800 11.14220 12.52580
H 101.72800 8.78562 12.50970
H 105.08800 8.14292 12.59400
H 107.20000 10.59310 12.47310
C 113.56200 7.37980 13.94320
C 110.21100 8.17784 13.93770
C 109.03800 11.09020 13.98610
C 112.09500 10.64640 13.97920
H 113.54300 9.46590 12.23580
H 109.35000 12.98590 12.37980
H 110.41000 10.00200 12.27370
H 112.65000 12.29630 12.14670
H 108.34500 7.57486 12.58120
H 111.68900 7.05697 12.28020
H 91.13780 13.73200 12.50620
C 88.43590 17.90510 14.22320
C 89.66960 14.85880 14.21370
C 92.79270 14.31900 14.24300
C 91.88040 17.33510 14.30560
C 93.91150 19.78700 14.28080
H 88.83930 19.74230 12.63040
H 93.26710 16.11260 12.71450
H 90.05800 16.71950 12.73290
H 92.23320 19.08970 12.67240
C 90.67430 20.15260 14.25590
H 87.83620 14.29600 12.61600
C 96.08820 13.62060 14.21620
C 95.10310 16.64710 14.27870
C 98.26000 16.12560 14.23980
C 97.26050 19.01000 14.17290
C 100.41500 18.47810 14.06800
H 98.64430 17.81580 12.53580
H 99.60600 14.86200 12.58430
H 96.47850 15.46380 12.64520
H 95.32430 18.49600 12.71720
H 100.73100 20.27500 12.46770
H 106.03200 13.54430 12.57370
C 101.48900 15.45730 14.11520
C 104.64200 14.77840 14.17940
C 103.55500 17.69930 14.18650
C 106.82000 17.06800 14.13680
H 101.82300 17.25350 12.50310
H 103.92500 19.54870 12.54030
H 104.97900 16.59000 12.56800
H 107.14600 18.97750 12.52560
H 102.87700 14.19260 12.55230
C 105.72700 20.24360 14.04490
C 111.33400 13.39960 13.88890
C 107.93100 14.11360 14.09850
C 113.40400 15.50750 13.93420
C 110.07800 16.50000 14.03710
C 109.03100 19.55450 14.06500
C 112.41000 18.76230 14.00480
H 113.57100 17.76490 12.56510
H 108.20400 15.96490 12.48460
H 110.41300 18.35780 12.43670
H 111.47200 15.36880 12.35950
C 88.66000 26.21190 14.22260
C 92.91780 22.72930 14.17650
C 89.72380 23.29850 14.21320
C 91.82170 25.74100 14.12170
H 94.33040 21.47450 12.57570
H 93.24210 24.51950 12.53720
H 91.11630 22.00550 12.64820
H 90.09160 25.05280 12.46400
H 87.87290 22.72350 12.69830
C 95.04280 25.11110 14.12020
C 96.06090 22.07630 14.18360
C 99.35450 21.45680 14.08940
C 98.27900 24.31210 14.05380
H 97.51760 20.87640 12.59760
H 99.68310 23.16140 12.38110
H 95.44230 26.83250 12.51540
H 96.45590 23.84440 12.54430
C 100.59700 26.74870 14.04360
H 98.69770 26.19410 12.53020
C 101.38000 23.79530 13.96570
C 102.51800 20.83330 14.09210
C 103.65400 26.12740 13.98650
C 104.60800 23.22770 14.04720
C 106.85200 25.64060 13.96350
H 106.10300 22.06680 12.39530
H 101.84000 25.57670 12.38800
H 102.93900 22.59800 12.43910
H 105.08000 24.98640 12.37640
C 107.97400 22.58850 13.95910
H 110.35200 26.74680 12.33360
H 111.44800 23.74970 12.37430
H 109.39000 21.33820 12.33090
H 113.41500 26.17860 12.57110
C 110.05900 24.97500 13.97350
C 113.35800 23.97200 13.96460
C 111.24000 21.77450 13.97080
H 108.22900 24.40660 12.37350
H 112.58800 20.73600 12.36000
C 89.67760 31.58650 14.09600
C 90.75830 28.60550 14.16080
C 92.94940 30.99850 14.15260
C 94.02800 28.07130 14.16610
H 94.39620 29.88170 12.53650
H 93.38980 32.82970 12.55440
H 90.11510 33.44060 12.44750
H 88.96420 28.06830 12.63800
H 92.24860 27.53090 12.46250
H 91.14930 30.43490 12.48820
H 87.85410 31.11020 12.61450
C 98.35090 32.87420 13.97110
C 99.45530 29.76550 14.04670
C 96.27220 30.40730 14.06720
C 95.18790 33.36660 14.10200
C 97.29360 27.43640 14.11740
H 99.81960 31.61590 12.46440
H 97.66100 29.21130 12.40640
H 96.60030 32.19950 12.38870
H 100.79400 28.59960 12.31560
C 101.55700 32.18650 14.09800
H 103.02000 31.05930 12.50020
C 105.82700 28.57120 14.07040
C 102.62400 29.14050 13.99250
H 107.21500 27.49440 12.38610
C 104.83100 31.55190 14.13040
H 105.06300 33.43120 12.55050
H 104.04000 27.99210 12.43540
H 106.22900 30.37180 12.47570
H 108.42200 32.79540 12.31160
H 109.40500 29.81740 12.27220
C 109.04400 28.03740 13.93190
H 112.61000 29.15300 12.12950
C 113.48200 32.31980 13.83440
H 111.61600 32.18890 12.15440
C 108.07200 31.01330 13.98830
C 110.27200 33.32010 13.88100
C 112.29400 27.31830 13.81790
C 111.28900 30.31970 13.81130
C 88.48750 34.67090 11.03480
C 90.68700 36.97190 11.02790
C 89.63350 39.95710 10.99780
C 94.03580 36.36470 10.93440
C 92.88160 39.30340 10.97120
C 92.00480 33.97750 10.96720
C 97.29310 35.78980 10.78380
C 96.13520 38.93360 10.85780
C 99.43520 38.33790 10.76790
C 100.45200 35.22180 10.77340
C 103.63900 34.58230 10.85640
C 102.53300 37.67800 10.74990
C 105.71800 36.94350 10.74850
C 104.83400 40.04860 10.72110
C 106.77500 33.94710 10.81750
C 107.97000 39.32110 10.65160
C 109.16300 36.43860 10.66330
C 112.37800 35.89480 10.63070
C 111.15100 38.85860 10.55830
C 88.54770 42.94650 10.85410
C 91.87000 42.34610 10.88410
C 94.12720 44.74090 10.70310
C 90.81100 45.33290 10.71150
C 94.95540 41.69040 10.84300
C 98.31820 41.29470 10.86500
C 97.27460 44.20500 10.76430
C 100.57200 43.57490 10.75640
C 99.49960 46.43780 10.51580
C 96.21870 47.08940 10.56910
C 101.54300 40.69220 10.77900
C 106.96500 42.45630 10.64110
C 103.67200 43.01090 10.79580
C 102.72200 45.92940 10.66010
C 105.89100 45.32040 10.53630
C 110.13300 41.77960 10.61340
C 113.37200 41.14110 10.46160
C 109.11200 44.84520 10.54430
C 112.25200 44.16030 10.41790
C 88.66370 51.25160 10.37280
C 89.64030 48.16860 10.57540
C 92.94380 47.66890 10.56900
C 91.81070 50.72360 10.38300
C 93.97530 53.18610 10.28940
C 90.69460 53.57530 10.23380
C 94.95300 50.16650 10.43580
C 98.27920 49.48070 10.38860
C 97.20470 52.46020 10.29010
C 100.51500 51.92450 10.19230
C 101.68200 48.85790 10.29140
C 104.77600 48.30500 10.39030
C 103.76500 51.32830 10.16880
C 106.99000 50.76160 10.20850
C 105.76600 53.66890 10.12060
C 111.42500 47.17000 10.42250
C 108.12000 47.73610 10.42160
C 110.22100 50.11870 10.34280
C 113.54000 49.70060 10.54630
C 109.19400 53.11300 10.20330
C 112.38600 52.55170 10.28580
C 88.57750 59.70410 9.92975
C 89.70620 56.66030 10.04820
C 92.91200 56.07260 10.18070
C 91.85010 59.15710 10.00040
C 95.02080 58.63250 10.12060
C 96.10260 55.57710 10.21360
C 99.33960 54.84150 10.10480
C 98.14060 57.99320 9.99508
C 100.38700 60.34160 9.87403
C 101.47300 57.34870 10.03500
C 102.56900 54.34670 10.09970
C 104.65500 56.72370 9.97631
C 106.78300 59.19240 9.85240
C 103.65200 59.73360 9.87346
C 107.88400 56.05870 9.97639
C 110.17200 58.49530 9.87633
C 113.40100 57.66550 9.86544
C 111.21100 55.62200 10.05900
H 113.52000 59.86940 11.13480
C 93.97460 61.57730 10.03360
C 90.89650 62.19930 9.93436
C 92.77800 64.58260 9.90051
C 89.55770 65.30370 9.94252
C 98.20990 66.35750 9.68663
C 99.18370 63.28500 9.79555
C 96.04360 63.86500 9.93046
C 97.17770 60.97470 10.00040
C 94.99330 66.91790 9.80386
C 104.74900 65.26820 9.64307
C 102.60300 62.72420 9.81643
C 105.67800 62.08680 9.71791
C 101.59000 65.81190 9.64040
H 105.11100 67.11020 11.26010
C 110.32300 66.97880 9.65180
C 107.97400 64.49360 9.54115
C 111.33200 63.92280 9.68742
C 108.97200 61.56090 9.71455
H 111.70800 65.76690 11.33920
C 112.42600 60.85290 9.88447
C 113.50700 66.45610 9.72456
H 108.35000 66.35610 11.11980
C 90.89980 36.99870 14.28470
C 89.75210 40.03540 14.22280
C 94.20280 36.35890 14.08910
C 93.02270 39.29840 14.18100
C 88.75040 34.51720 14.24820
C 91.86440 33.99150 14.13710
H 92.29910 35.86370 12.58710
H 94.43370 38.21640 12.49570
H 88.98840 36.47600 12.77470
H 91.14810 38.81590 12.60990
H 87.88530 39.45890 12.66160
C 97.28890 35.81140 14.00080
C 96.22300 38.88780 14.07270
C 99.45120 38.26440 13.95340
C 100.42400 35.32620 13.98630
H 98.69890 34.64830 12.38920
H 97.63670 37.66450 12.39580
H 95.54830 35.15700 12.42720
H 100.80100 37.05090 12.32570
H 99.80960 40.10870 12.43150
C 103.68500 34.63400 14.08770
C 102.52000 37.68810 13.92330
C 105.87400 36.88970 13.93970
C 104.84100 40.03850 13.94120
H 107.34000 35.84050 12.30080
C 107.02100 33.98880 13.96820
H 101.86800 34.04990 12.45520
H 106.24500 38.81550 12.32430
H 104.00500 36.43160 12.39960
H 103.00800 39.48860 12.32180
C 108.06500 39.41510 13.95930
C 109.17600 36.33930 13.95400
C 112.53200 35.77410 13.83290
C 111.43300 38.69030 13.84690
H 113.81600 34.44810 12.35930
H 110.57100 35.20160 12.30720
H 112.74000 37.58620 12.02630
H 109.52500 38.22570 12.33400
C 91.90330 42.57490 14.08140
C 94.16680 44.91290 13.97160
C 90.76240 45.41650 13.95130
C 88.58010 43.14260 14.13750
H 93.27930 41.20420 12.58750
H 94.45750 46.63550 12.23650
H 92.37340 44.30250 12.33590
H 90.03500 41.86930 12.57560
H 89.00470 44.78470 12.32620
C 95.08270 41.91530 14.10470
C 98.39970 41.39130 14.03870
C 97.31840 44.43360 13.89680
C 100.57300 43.75900 14.00330
C 99.49840 46.82160 13.75580
H 96.55410 40.74260 12.48610
H 95.52350 43.60990 12.38240
H 98.78280 43.15480 12.43240
H 100.91400 45.45610 12.29460
H 97.71290 46.13570 12.20200
C 101.62400 40.62380 14.06390
C 107.03800 42.53290 13.88340
C 103.77400 43.07260 13.94890
C 102.67700 46.14810 13.85610
C 106.06400 45.54930 13.85520
H 101.93500 42.45400 12.42610
H 105.22400 41.87120 12.34920
H 104.23600 44.87180 12.33660
H 107.39100 44.29940 12.19740
H 111.68300 40.60070 12.22350
C 113.64600 40.96430 13.81520
C 110.26300 41.83630 13.82210
C 109.19500 44.97250 13.76200
C 112.63900 44.02430 13.63520
H 113.70400 43.01450 12.29890
H 109.62100 46.69350 12.08830
H 108.41900 41.24030 12.25280
H 110.56700 43.65890 12.15950
H 112.80600 46.05810 11.97790
H 91.18490 47.21310 12.26650
C 89.74180 48.49350 13.86040
C 93.02920 47.82830 13.81470
C 91.80630 50.87560 13.65400
C 93.99920 53.27100 13.59680
C 88.66650 51.39050 13.63070
H 88.96890 53.14410 11.92740
H 90.06050 50.13940 12.02780
H 92.24940 52.61490 11.94040
H 93.23330 49.59090 12.08690
C 90.72200 53.81200 13.50900
H 87.93270 47.82190 12.34840
C 96.19900 47.35560 13.78720
C 95.00720 50.25550 13.64480
C 98.39080 49.66380 13.54740
C 97.35740 52.58050 13.47720
C 100.60500 52.02460 13.33400
H 95.42600 52.07590 11.99550
H 98.76460 51.35210 11.85290
H 96.47120 49.07350 12.06760
H 99.87340 48.41750 11.93900
H 100.87000 53.82530 11.75460
H 106.26700 47.27550 12.07530
C 101.59800 49.17290 13.51370
C 104.76700 48.52670 13.58040
C 103.67700 51.40870 13.34820
C 106.91000 50.78980 13.43390
H 104.01300 53.20210 11.72380
H 102.01700 50.80110 11.74220
H 103.03100 47.83110 12.09360
H 105.21600 50.19360 11.81870
H 107.29700 52.63390 11.76250
C 105.80800 53.74530 13.32700
C 111.48400 47.16480 13.70050
C 108.08000 47.89950 13.59960
C 113.39700 49.43320 13.90920
C 110.13700 50.18670 13.58160
C 109.07300 53.34160 13.37080
C 112.41000 52.65860 13.51650
H 113.58900 51.52970 12.42830
H 111.71000 49.06200 12.06960
H 108.43200 49.65710 11.88980
H 110.57700 51.98740 11.92160
C 89.64300 56.83630 13.36800
C 92.85220 56.21360 13.39110
C 91.79450 59.16110 13.28850
C 88.55200 59.87060 13.22150
H 91.04360 55.54070 11.76280
H 94.34580 55.01830 11.89130
H 93.25690 58.01310 11.67530
H 90.00870 58.57510 11.64620
H 87.87320 56.18680 11.64330
C 96.21660 55.61780 13.41800
C 99.42150 55.09770 13.32230
C 95.02080 58.71060 13.30100
C 98.29750 58.13670 13.25910
H 97.61940 54.37870 11.76840
H 99.61630 56.79670 11.60970
C 100.37300 60.53030 13.15480
H 96.45480 57.44910 11.74290
H 98.64130 59.80850 11.53090
H 95.43620 60.48030 11.72210
C 104.73200 56.88480 13.25300
C 106.94400 59.25550 13.06940
C 103.68100 59.84950 13.19530
C 102.60800 54.42180 13.34910
C 101.47800 57.46130 13.17170
H 102.93000 56.22010 11.67190
H 106.11100 55.62050 11.64720
H 105.06900 58.61040 11.55870
H 101.87200 59.30130 11.58080
C 107.87900 56.30150 13.27150
C 111.32400 55.70000 13.34290
C 113.47000 58.27760 13.15730
C 110.08400 58.69700 13.08470
H 111.59700 57.52850 11.63150
H 112.68600 54.45670 11.67660
H 108.29300 57.99120 11.41930
H 109.44700 55.10720 11.71760
H 110.42000 60.45900 11.35050
C 92.69110 64.67880 13.19130
C 93.94350 61.71670 13.25660
C 89.52100 65.34160 13.11950
C 90.63950 62.28010 13.18890
H 92.18340 61.00350 11.66370
H 88.91570 61.63330 11.44800
H 87.81710 64.66200 11.47310
H 90.99220 64.08570 11.57440
H 94.23150 63.48280 11.57240
H 89.99420 67.15140 11.52570
H 93.18810 66.44940 11.48630
C 99.38640 63.54510 13.07330
C 97.29520 61.06100 13.20600
C 98.31670 66.36790 12.91080
C 96.06600 64.13140 13.13550
C 95.04190 66.98280 13.00550
H 96.49780 65.75580 11.39140
H 100.75200 62.23330 11.43850
H 99.73580 65.18360 11.25210
H 97.53650 62.85060 11.58370
C 101.48600 65.84650 12.93310
C 104.85200 65.24250 12.86220
C 102.55800 62.83730 13.00060
C 105.81000 62.29130 12.97790
H 102.99100 64.66420 11.32670
H 104.05300 61.59480 11.46640
H 107.26000 61.06790 11.41080
H 106.21800 63.99600 11.18450
C 111.18700 63.93500 12.98450
C 110.05200 66.94130 12.80600
C 113.45500 66.14550 13.09600
C 109.04900 61.66990 13.01060
C 107.97800 64.55630 12.86120
C 112.19000 61.03030 12.97700
H 109.45000 63.41860 11.26450
H 112.70000 62.88320 11.40530
C 90.62150 70.68340 9.84225
C 89.69890 73.72060 9.62946
C 93.97120 69.96370 9.73314
C 92.79460 72.98380 9.67322
C 88.58600 68.17680 9.86895
C 91.78160 67.69390 9.89039
H 91.03810 72.54700 11.33900
H 87.91530 73.07020 11.22280
H 94.37450 71.86550 11.27310
C 97.08550 69.41590 9.73534
C 96.11740 72.40940 9.58872
C 99.27600 71.75670 9.76764
C 100.36700 68.82280 9.68166
H 99.71700 73.57380 11.35590
H 97.49080 71.25760 11.31160
H 100.75900 70.58660 11.35560
C 106.88500 67.68550 9.61755
C 103.57600 68.32850 9.71952
C 102.54500 71.12580 9.75959
C 105.78000 70.56700 9.74774
C 104.75800 73.57520 9.74424
H 106.28400 72.38160 11.34030
H 107.31400 69.42670 11.25910
H 104.03300 70.07360 11.41640
H 102.95500 73.03560 11.30400
C 108.03300 73.10270 9.76023
C 109.05100 70.04670 9.65968
C 112.36600 69.40000 9.67371
C 111.38000 72.35380 9.81030
H 110.50300 68.82510 11.23720
H 109.47500 71.81400 11.35940
H 112.76500 71.23390 11.26290
C 88.48490 76.72880 9.55439
C 91.79240 76.09770 9.56070
C 90.74030 79.08810 9.60066
C 93.99780 78.50310 9.53070
H 88.94900 78.52090 11.23300
H 92.22710 77.91260 11.13780
H 94.31850 80.28480 11.17290
H 89.97910 75.60780 11.21270
H 93.32490 74.89780 11.14780
C 95.15070 75.47980 9.52695
C 98.40050 74.77900 9.69272
C 97.31000 77.82980 9.61720
C 100.45100 77.26130 9.74248
C 99.41420 80.11550 9.73078
H 95.43260 77.32460 11.14490
H 97.55820 79.61480 11.29120
H 98.65240 76.65050 11.26830
H 100.81100 79.03840 11.49450
H 96.49360 74.26620 11.18000
C 101.43800 74.27040 9.79075
C 106.88200 76.04820 9.83916
C 103.60700 76.47500 9.77310
C 102.57900 79.70770 9.81010
C 105.94400 79.13200 9.79598
H 104.08600 78.41630 11.28410
H 107.28500 77.83630 11.48530
H 105.11400 75.41110 11.37420
H 101.80800 76.10160 11.42770
C 110.04500 75.49190 9.94989
C 113.34400 74.85700 9.99418
C 109.07000 78.47940 9.92900
C 112.22600 77.62430 9.97212
H 109.50100 80.31390 11.54350
H 111.47700 74.20200 11.53090
H 108.27300 74.83390 11.52600
H 110.43900 77.26440 11.66300
H 112.78000 79.59800 11.29690
H 91.10580 80.93160 11.22360
C 88.61600 85.08440 9.54729
C 89.74350 82.15210 9.58544
C 92.89270 81.53740 9.60896
C 94.05750 86.78410 9.60281
C 91.77390 84.41380 9.62001
H 92.13080 86.34080 11.14040
H 88.92040 86.88470 11.20980
H 87.84580 81.53040 11.04470
H 93.29110 83.29750 11.24130
H 89.98590 83.91230 11.23830
C 90.66340 87.47200 9.54487
C 96.15240 80.75590 9.64114
C 95.05120 83.82030 9.66236
C 100.45900 85.66220 9.62707
C 98.28020 83.18790 9.61174
C 97.27980 86.24430 9.62486
H 98.66870 85.02810 11.22870
H 100.80300 87.50500 11.22650
H 99.75450 82.00160 11.22780
H 96.54180 82.59520 11.24840
H 95.48760 85.65650 11.25370
C 101.58300 82.57640 9.70990
C 104.72700 82.03650 9.81332
C 103.68600 85.08000 9.67192
C 106.93700 84.44640 9.79875
H 106.18000 80.93100 11.47730
H 101.86500 84.49670 11.21560
H 105.09900 83.91600 11.36380
C 105.90800 87.50300 9.73331
H 107.24300 86.26840 11.39110
H 103.01100 81.48540 11.44130
H 104.05800 86.89720 11.24500
C 108.05100 81.48170 9.86784
C 111.24000 80.82800 9.74632
C 109.19800 86.75190 9.91601
C 110.17700 83.89870 9.88447
C 113.85400 83.73070 10.14820
C 112.41000 86.19270 10.13170
H 108.35500 83.30940 11.53280
H 111.86600 82.67350 11.21390
H 87.74570 89.89900 11.22770
C 89.45630 90.40880 9.56393
C 88.42780 93.51960 9.41498
C 92.83930 89.85180 9.53447
C 91.69440 92.78950 9.49672
H 94.29090 88.69330 11.17060
H 93.19470 91.73350 11.16820
H 89.86690 92.27350 11.09130
H 91.07600 89.29730 11.15210
C 98.22800 91.69870 9.59115
C 96.18070 89.17460 9.62963
C 95.03450 92.25000 9.62017
C 99.30430 88.59300 9.63118
C 100.47600 94.15820 9.67520
H 97.58740 88.03610 11.32180
H 96.53980 91.01230 11.21550
H 98.69530 93.50570 11.28140
H 99.66020 90.46290 11.18650
H 95.39060 94.10030 11.25000
C 102.62100 88.05910 9.64864
C 103.72500 93.51300 9.80637
C 104.79700 90.54100 9.76095
C 101.44400 91.08800 9.62563
C 106.91900 92.86320 9.94937
H 106.14100 89.30530 11.44510
H 102.95100 89.91520 11.24600
H 101.83200 92.86000 11.26530
C 111.27900 89.26490 9.88322
C 113.47500 91.57270 9.86067
C 108.03000 89.85160 9.91871
C 110.17200 92.24940 9.87935
H 109.48400 88.64450 11.54900
H 110.48600 94.08350 11.47450
H 111.61200 91.09930 11.53750
H 87.81020 98.37190 11.16380
C 90.73080 95.90980 9.34344
C 89.54590 98.90240 9.47996
C 93.99840 95.19840 9.51596
C 92.88580 98.33510 9.44131
H 94.25380 97.07530 11.12630
H 92.05980 94.69540 11.06950
H 88.83680 95.34370 10.85840
H 93.22450 100.09200 11.15620
H 91.07650 97.74170 11.01060
H 89.91770 100.67900 11.16690
C 98.32880 100.29100 9.79299
C 99.33270 97.22830 9.79441
C 96.16750 97.65040 9.67965
C 95.13820 100.73200 9.69445
C 97.18840 94.71710 9.71518
H 97.54930 96.49850 11.39050
H 99.67270 98.98900 11.45740
H 96.51400 99.49200 11.28320
H 100.80800 95.91220 11.34710
C 105.76100 95.86120 9.92391
C 101.60600 99.54980 9.95387
C 102.67000 96.51670 9.85182
C 104.71800 98.93610 9.93802
H 103.97400 95.22520 11.48450
H 107.27400 94.69490 11.55980
H 102.99800 98.30090 11.60340
H 112.66100 96.56220 11.38580
C 109.04700 95.27080 9.85747
C 111.25000 97.75190 9.79667
C 110.13100 100.70200 9.88437
C 113.28300 100.14100 9.79252
C 112.19800 94.69530 9.83670
C 107.86100 98.27750 9.86529
H 111.56700 99.52450 11.51600
H 109.46300 97.12570 11.39610
H 108.32800 100.07100 11.52750
C 90.72890 70.74770 13.04690
C 89.60830 73.81740 12.88350
C 94.04650 70.10190 12.96190
C 92.94050 73.10420 12.84630
C 88.53720 68.33600 13.16490
C 91.82940 67.79520 13.09440
H 92.19680 69.55310 11.44890
H 88.90550 70.09180 11.52770
C 97.18000 69.37630 12.92850
C 96.09380 72.56050 12.92860
C 99.31370 71.75560 12.93600
C 100.37100 68.74550 12.92780
H 95.38210 68.76590 11.39550
H 98.62240 68.21490 11.24450
C 103.65800 68.20570 12.89640
C 102.53400 71.24730 12.96730
C 105.88400 70.53790 12.95390
C 104.74000 73.52220 12.93720
C 106.94600 67.53070 12.80660
H 101.84300 67.63670 11.28950
C 108.01400 72.92660 13.05720
C 109.03400 69.92720 12.90870
C 112.41700 69.29290 12.86490
C 111.28700 72.16790 13.02170
H 113.62000 68.22010 11.61400
C 91.84410 76.04820 12.77340
C 90.76150 79.00690 12.78260
C 93.98860 78.46090 12.77310
C 88.49060 76.71360 12.86770
C 95.08800 75.44790 12.76750
C 98.26560 74.82740 12.87670
C 97.10940 77.77360 12.86670
C 99.28230 80.23500 12.95220
C 100.29800 77.22500 13.05200
C 101.45600 74.24640 12.97080
C 106.77900 75.96910 13.10340
C 103.67700 76.62970 12.95190
C 102.70500 79.59320 12.97410
C 105.79000 79.07580 13.02610
C 113.39500 74.39170 13.18110
C 110.05700 75.35950 13.17400
C 109.03000 78.52620 13.21150
C 112.46300 77.78760 13.09380
C 111.56200 80.80100 12.97220
H 113.61300 76.60480 11.92490
C 88.56830 85.05500 12.85570
C 89.62510 82.00670 12.73590
C 92.84900 81.42570 12.79460
C 91.82680 84.52700 12.76780
C 93.91170 86.86240 12.77920
C 90.70320 87.54190 12.82890
C 96.00320 80.79960 12.84780
C 95.13250 83.76610 12.87200
C 98.28940 83.25310 12.84920
C 97.28290 86.25000 12.90870
C 100.42500 85.69300 12.84890
C 101.46500 82.75130 12.90460
C 104.74400 82.14280 13.06530
C 103.62600 85.09010 12.89640
C 106.83600 84.49020 13.06760
C 105.75900 87.38810 12.99080
C 107.99000 81.47550 13.16260
C 113.54900 82.72180 13.09850
C 110.37900 83.63280 12.99850
C 108.96600 86.79510 13.12950
C 112.24300 86.24710 13.28150
H 113.55700 85.18780 12.33280
H 110.51300 85.61580 11.63470
C 88.49750 93.60050 12.62300
C 92.81880 89.93890 12.80640
C 89.61190 90.46290 12.74300
C 91.63900 92.90490 12.71770
C 95.04780 92.20810 12.79550
C 96.04960 89.24340 12.85750
C 99.39670 88.67310 12.83250
C 98.28790 91.59270 12.84370
C 100.43200 94.01980 12.96190
C 101.42300 91.06940 12.81900
C 102.57000 88.09210 12.83740
C 104.59800 90.38910 13.03720
C 106.86500 92.80630 13.15530
C 103.48700 93.37160 13.01380
H 105.10000 92.28980 11.50530
C 107.94800 89.77710 13.11130
C 110.17100 92.31060 13.12640
C 113.46900 91.31400 13.25020
H 113.58400 93.47590 11.79240
H 112.59300 88.10670 11.60430
C 111.24500 89.29170 13.23910
H 108.35800 91.67580 11.53990
C 92.75200 98.26080 12.73150
C 93.81950 95.28050 12.78750
C 90.59970 95.90690 12.61670
C 89.69100 98.80870 12.75710
C 96.06000 97.58490 12.82400
C 98.09020 99.95590 13.09850
C 99.35080 97.05170 12.98840
C 97.22040 94.57710 12.93240
C 94.93120 100.51200 12.90530
H 106.13400 97.69650 11.51300
H 105.08600 100.75800 11.57760
C 101.39900 99.46260 13.15210
C 104.83300 98.90560 13.20310
C 102.51500 96.34520 13.10920
C 105.72700 95.81560 13.11270
C 110.10900 100.74800 13.12180
C 109.09600 95.33870 13.07790
C 112.29700 94.71410 13.13170
C 113.34100 99.80910 13.21650
C 111.23600 97.65740 13.07430
C 107.94700 98.14700 13.06130
C 92.86280 106.60900 10.04310
C 89.67600 107.35200 10.06000
C 90.63420 104.45400 9.82447
C 88.53770 101.89100 9.62891
C 93.97090 103.65600 9.86374
C 91.68790 101.28500 9.60428
H 88.88560 103.68900 11.29380
H 87.82610 106.72600 11.54440
H 92.06550 103.06300 11.28530
C 96.15200 106.11100 10.09240
C 99.21050 105.47600 10.16170
C 100.39500 102.50700 10.01930
C 97.14370 103.13400 10.03830
H 98.59980 101.89800 11.63630
H 95.36660 102.44500 11.47900
C 103.67400 102.12000 10.08090
C 102.65400 104.88800 10.15040
C 104.69500 107.34000 10.18200
C 105.67300 104.36600 10.11620
C 106.87000 101.30800 9.94890
C 107.95700 106.67500 10.07640
C 108.97400 103.79800 9.93703
C 111.28800 106.11900 10.05440
C 112.21500 103.12500 9.85356
H 112.71500 104.88100 11.53240
H 110.42900 102.52100 11.46100
H 109.45200 105.51700 11.65070
C 91.69600 109.68300 10.24760
C 88.59480 110.36300 10.22380
C 90.63780 112.65600 10.30050
C 93.84300 112.06700 10.35620
C 94.97580 109.10900 10.27460
C 99.16330 113.73800 10.33600
C 97.03210 111.44800 10.31060
C 98.25400 108.54400 10.23210
C 100.43800 110.90600 10.26980
C 101.50600 107.84000 10.20110
C 103.60400 110.29600 10.27810
C 102.45600 113.40600 10.34390
C 106.81400 109.73400 10.24810
C 105.77200 112.51000 10.28380
C 109.04600 112.04800 10.26450
C 110.14600 109.13300 10.21020
C 112.22000 111.55100 10.17750
C 113.34600 108.44800 10.07290
H 111.57700 107.82300 11.78230
C 88.40470 118.73200 10.59590
C 89.65960 115.72700 10.35790
C 93.87070 120.54300 10.43910
C 91.76140 118.05200 10.43630
C 92.73540 115.21000 10.37440
C 90.49550 121.16100 10.55980
C 96.05240 114.45000 10.32400
C 94.96070 117.38300 10.43470
C 97.16950 119.87900 10.25580
C 98.14950 116.79100 10.28290
C 100.37600 119.25600 10.17950
C 101.53100 116.29600 10.25610
C 103.63900 118.61000 10.19030
C 106.82600 118.06400 10.24870
C 104.63300 115.59700 10.30450
C 105.80700 121.02900 10.10060
C 111.24400 114.37900 10.25940
C 107.98600 115.09200 10.27620
C 109.04700 120.41400 10.07410
C 113.34800 116.85800 10.12470
C 112.28100 119.90800 10.08410
C 110.09600 117.49900 10.18130
C 88.49700 127.13100 10.78680
C 91.74210 126.48800 10.73200
C 89.64810 124.13300 10.67490
C 92.80440 123.59600 10.61720
C 94.94990 126.01700 10.68490
C 98.29520 125.38000 10.39280
C 99.30550 122.39900 10.28710
C 95.95350 122.88600 10.43540
C 100.45600 127.74500 10.39030
C 102.61200 121.66100 10.19000
C 101.49500 124.71200 10.30820
C 103.78600 127.13800 10.34010
C 106.94300 126.53000 10.25440
C 104.73700 124.12700 10.22160
C 111.30200 122.82400 10.00550
C 113.32500 125.17900 9.88021
C 110.05800 125.90300 10.13640
C 108.03100 123.55000 10.03500
H 113.57300 127.09400 11.58030
C 90.65850 129.58900 10.85370
C 89.51420 132.42500 10.95550
C 93.88380 128.94000 10.82740
C 92.82310 131.88700 10.96590
C 94.88860 134.22900 10.91110
C 98.27320 133.67800 10.81740
C 96.99310 128.44300 10.63400
C 99.42100 130.83500 10.61830
C 96.10380 131.36500 10.77560
C 102.68600 130.11200 10.51140
C 105.89000 129.57500 10.44670
C 104.83700 132.46000 10.54790
C 101.52200 133.19300 10.68930
C 113.84900 134.18500 10.60680
C 109.04300 129.00800 10.31160
C 110.36700 134.30700 10.52900
C 111.44900 131.21200 10.33290
C 108.07600 131.96400 10.40060
C 112.43700 128.14700 10.34710
C 90.58680 104.10100 13.03990
C 89.50970 107.18400 13.32730
C 93.80790 103.47200 13.04140
C 92.86650 106.55300 13.30980
C 88.56820 101.84000 12.89490
C 91.71020 101.13300 12.81630
H 91.04200 106.09500 11.66040
H 94.32410 105.41200 11.62150
C 97.04510 102.95500 13.20380
C 95.94850 106.00700 13.39540
C 99.29100 105.37800 13.37490
C 100.35100 102.40700 13.27200
H 100.78900 104.29100 11.69720
H 99.70490 107.28100 11.81530
H 97.46120 104.90600 11.80130
C 103.66400 101.83500 13.27920
C 102.54500 104.84200 13.39060
C 105.97400 104.25100 13.31420
C 104.78000 107.20400 13.45070
C 106.93200 101.27000 13.14540
H 101.87900 101.39200 11.60450
H 104.06100 103.73500 11.85380
H 102.97000 106.71000 11.80560
H 107.24500 103.13500 11.53660
H 106.21700 106.13300 11.74630
C 108.03000 106.58000 13.34690
C 108.99600 103.68800 13.13560
C 112.32800 102.89000 13.05840
C 111.28600 105.83800 13.25720
H 113.52600 101.90400 11.72280
C 91.74390 109.52500 13.43790
C 93.86030 112.11900 13.47000
C 90.62640 112.49000 13.50790
C 88.42580 110.27800 13.37200
H 94.19130 113.95300 11.85870
H 92.06800 111.40800 11.93760
H 89.90110 109.05300 11.83030
H 88.84420 112.11800 11.85930
H 93.16190 108.41000 11.72610
C 94.87220 109.00100 13.40050
C 98.24660 108.49100 13.44810
C 97.14330 111.43800 13.51820
C 100.44200 110.81500 13.52250
C 99.29560 113.89600 13.50170
H 97.41810 113.27200 11.97080
H 100.71200 112.69300 11.93990
H 96.49340 107.87500 11.82930
H 95.33150 110.90100 11.94280
H 98.63070 110.34400 11.86040
C 101.52800 107.78800 13.44030
C 106.96100 109.64100 13.48500
C 103.56400 110.24900 13.45370
C 102.51400 113.23600 13.53570
C 105.73900 112.58900 13.47620
H 105.10000 109.10000 11.91240
H 107.30900 111.48500 11.94290
H 103.94200 112.10200 11.83980
H 101.79700 109.67300 11.85660
C 113.45200 108.09800 13.32080
C 110.07200 109.02900 13.38830
C 109.12000 112.05600 13.52640
C 112.53700 111.18300 13.29850
H 110.50000 110.88300 11.84850
H 112.75100 113.26600 11.90640
H 113.55000 110.28700 11.95660
C 111.41500 114.36500 13.46510
H 109.45900 113.87900 11.89070
H 108.32600 108.45300 11.74540
C 89.57840 115.60500 13.60850
C 92.75050 114.95400 13.60060
C 91.78300 117.98300 13.68230
C 93.93000 120.39600 13.63300
C 88.51720 118.58100 13.77770
C 90.70850 120.99300 13.80760
H 88.84500 120.49300 12.29240
H 89.95240 117.51500 12.03940
H 93.17190 116.90500 12.12230
H 92.10080 119.89500 12.03700
H 87.80780 115.14300 11.92410
H 91.00520 114.43200 11.97100
C 95.93900 114.39900 13.55490
C 95.06420 117.43700 13.63870
C 98.34890 116.84000 13.46230
C 97.24620 119.77400 13.57290
C 100.44400 119.38400 13.45340
H 98.67250 118.70200 11.84580
H 95.42690 119.27700 11.93770
H 99.70860 115.67500 11.78720
H 96.47470 116.22500 11.99400
H 100.80500 121.08800 11.78510
H 106.16600 114.42900 11.86880
C 101.40000 116.27400 13.53150
C 104.76400 115.61300 13.55280
C 103.70000 118.68700 13.47280
C 106.89900 118.16600 13.43280
C 105.88100 121.11600 13.37100
H 105.05900 117.47600 11.88030
H 102.89300 115.14500 12.03490
H 107.27100 119.93400 11.70920
H 101.83300 118.11900 11.85680
H 104.09900 120.46300 11.77880
C 107.96900 115.10900 13.51150
C 113.34700 116.51700 13.59840
C 110.25500 117.55000 13.45840
C 109.05000 120.54800 13.24520
C 112.34900 119.85400 13.40650
H 113.61400 118.68800 12.04230
H 111.57500 116.31000 11.82600
H 110.52100 119.35000 11.74090
H 108.37700 116.95100 11.90060
H 87.90060 123.49000 12.29620
C 88.44220 126.99400 14.01290
C 89.65320 124.05000 13.91920
C 92.84380 123.33400 13.85790
C 91.68270 126.37400 14.02310
H 93.24100 125.30800 12.37250
H 94.30220 122.30900 12.13600
H 89.94780 125.91000 12.31960
H 91.05120 122.88100 12.23040
C 95.18470 125.77300 13.84310
C 96.18440 122.83900 13.64530
C 99.42290 122.16000 13.51770
C 98.40000 125.29400 13.65990
C 100.51500 127.56400 13.63300
H 99.74460 124.13000 12.01820
H 96.53820 124.67300 12.03800
H 97.57230 121.64500 11.92440
H 95.37760 127.72500 12.43160
H 98.58880 127.20000 12.04240
C 101.62700 124.59000 13.54280
C 103.71400 126.93500 13.59560
C 107.02600 126.42800 13.50500
C 102.61500 121.61500 13.39910
C 104.81900 123.99200 13.44160
H 101.90200 126.50100 11.88350
H 105.19000 125.92100 11.90360
H 103.02100 123.44700 11.85500
H 106.27100 122.90900 11.68900
C 108.07100 123.40100 13.28620
C 111.21500 122.89400 13.22180
C 113.25900 125.18900 13.33140
C 110.18200 125.79700 13.32240
H 108.37000 125.25900 11.79960
H 111.56100 124.68700 11.58490
H 110.46800 127.69700 11.83770
H 109.46000 122.29100 11.56180
H 112.74200 121.73700 11.69710
H 87.70560 131.91000 12.59560
C 89.51750 132.46400 14.20770
C 90.71090 129.37100 14.20040
C 93.92520 128.78200 14.05260
C 92.91340 131.86300 14.15670
H 91.02870 131.31100 12.62180
H 93.15810 133.71400 12.57900
H 89.89050 134.31700 12.53140
H 88.91670 128.89900 12.50710
H 92.06660 128.27700 12.43660
H 94.38790 130.72900 12.45980
H 97.65600 130.18500 12.29500
H 96.50830 133.14200 12.41660
H 100.85000 129.51500 12.12210
C 95.04710 134.10400 14.12770
C 96.23510 131.24600 14.02400
C 97.29720 128.27700 13.85940
C 99.52740 130.65700 13.90170
C 98.36030 133.70400 14.02570
H 99.79700 132.53100 12.36780
C 105.96100 129.45100 13.62580
C 104.85200 132.36000 13.79230
C 101.61300 132.92200 13.97690
C 102.66800 129.99200 13.71940
H 105.17700 134.26900 12.24100
H 106.36800 131.32600 12.10910
H 103.03400 131.90500 12.16720
H 104.13300 128.87700 12.06770
H 107.33600 128.27500 11.94290
C 110.43100 134.12500 13.58660
C 111.61400 131.25100 13.45450
H 108.47700 133.70500 12.10510
C 108.16900 131.83600 13.72760
C 112.24900 128.17800 13.51210
C 113.60700 133.48000 13.70760
H 112.85700 130.04300 11.99370
C 109.15900 128.93300 13.52660
H 109.59600 130.75100 11.99060
H 111.88500 133.15500 11.78360
C 117.58600 1.92831 9.74800
C 120.89200 2.65732 9.93719
C 118.72300 5.08225 9.91017
H 116.25100 0.74546 11.11460
C 114.93200 4.33064 10.91920
H 117.30100 3.88065 11.47210
C 121.87400 5.77490 9.90251
C 126.25700 0.97798 9.69168
C 123.97900 3.37643 9.80135
C 127.22700 4.08187 9.66485
C 125.22700 6.43403 9.81263
C 123.02000 0.33083 9.81302
H 125.86700 2.81054 11.33580
H 122.71200 2.09571 11.54890
H 123.77800 5.20892 11.43860
H 126.96500 5.84287 11.43350
C 129.36300 1.55977 9.57503
C 130.55200 4.86067 9.60228
C 132.69100 2.28411 9.58959
C 133.87300 5.29436 9.71661
H 131.20800 0.98260 11.18370
H 127.98200 0.42295 11.31310
H 129.12200 3.47239 11.10520
H 132.30700 4.08760 11.20220
H 130.18800 6.59391 11.39640
H 134.51200 1.70191 11.23160
C 138.19000 0.55018 9.72206
C 136.00900 2.88684 9.67673
C 137.14300 5.86639 9.88200
C 139.29100 3.57987 9.85946
C 140.24700 6.41235 9.90830
H 141.04300 2.84960 11.46140
H 137.76300 2.33016 11.35950
H 138.82300 5.29233 11.55170
H 135.61200 4.66188 11.37670
C 116.48800 7.19839 10.05580
C 119.77200 8.29918 10.08990
C 117.59500 10.43410 10.30820
C 120.79000 11.18860 10.26390
C 118.59800 13.51170 10.26020
C 114.87200 12.75820 11.06080
C 122.95200 8.91178 10.00630
C 126.20700 9.32059 9.79089
C 123.90400 11.79040 9.91304
C 127.26400 12.44030 9.72897
C 128.35200 7.04593 9.78119
C 130.62000 12.99370 9.86548
C 129.51700 10.03010 9.85800
C 131.70000 7.73472 9.83996
C 132.77300 10.67250 9.91014
H 133.42100 7.02201 11.43440
H 134.43100 10.03560 11.60450
H 131.28400 9.52272 11.45070
H 132.34400 12.48160 11.58750
H 129.08600 11.88100 11.34250
H 127.99900 8.86829 11.42420
C 134.88000 8.19844 10.00410
C 138.03800 8.89825 9.89333
C 135.85900 11.21920 10.03840
C 139.17000 11.86460 9.92731
H 139.92200 8.32974 11.43000
H 140.98700 11.25560 11.52060
H 137.75100 10.67540 11.50600
H 136.69100 7.62538 11.54930
H 135.52400 13.01360 11.73340
C 119.80600 16.68880 10.20240
C 116.58200 15.88080 10.12130
C 117.47500 18.91800 10.44380
C 120.74800 19.69840 10.24000
C 121.73400 14.22950 10.11900
C 125.17600 14.77640 9.81293
C 122.91300 17.23900 10.00480
C 126.17300 17.90990 9.76788
C 123.91800 20.25740 10.01380
C 133.83500 13.60680 9.98897
C 128.43600 15.46590 9.81990
C 129.42000 18.52800 9.87495
C 131.73200 16.09510 9.96774
C 132.68700 19.03020 9.91831
H 133.45500 15.37020 11.58930
H 138.80400 13.64910 11.62030
C 134.87200 16.59950 9.94841
C 136.92300 14.10630 10.05750
C 140.20500 14.78300 9.86197
C 138.09100 17.20720 9.86725
C 135.96800 19.66920 9.90275
C 139.24900 20.13270 9.79560
H 137.71000 19.05030 11.49540
H 139.89600 16.63780 11.50180
H 136.65500 16.06450 11.54200
H 141.03200 19.65070 11.37610
C 118.47300 21.90950 10.39040
C 116.46300 24.09600 10.21210
C 119.57800 25.02930 10.32720
C 114.83200 20.94500 11.34080
C 125.03900 23.26040 10.09970
C 121.69700 22.65950 10.21320
C 122.90100 25.61910 10.26790
C 126.25500 26.22420 10.13840
C 127.27700 20.85970 9.86604
C 128.45400 23.94380 10.00770
C 131.58800 24.50320 10.01340
C 130.60300 21.58110 9.94603
C 133.78200 22.03540 9.88174
C 129.56700 26.89860 10.08890
C 140.26300 23.27160 9.83904
C 136.98400 22.66830 9.86258
C 134.94000 25.11190 9.94840
C 138.14100 25.75270 9.94072
C 118.51200 30.41810 10.31850
C 120.72400 28.09840 10.25890
C 114.85400 29.27230 11.11250
C 117.50600 27.37630 10.30200
C 116.34600 32.34510 9.96612
C 119.62900 33.32900 10.25340
C 121.84800 30.99950 10.28220
C 125.07100 31.60280 10.16150
C 124.06400 28.72620 10.14090
C 127.27700 29.23180 10.10720
C 128.31900 32.17840 10.08490
C 130.48500 29.79980 9.95692
C 132.79600 27.41110 10.00800
C 131.77500 32.87090 10.04290
C 133.85400 30.43160 9.92251
C 134.95100 33.56230 10.14780
C 140.28500 31.78580 10.04120
C 139.19000 28.61260 9.95953
C 136.00800 27.95300 9.94569
C 137.07600 31.16200 10.00240
C 117.53500 1.92847 13.02930
C 120.91400 2.58282 13.16060
C 118.73300 4.99935 13.23980
C 115.14900 4.30324 12.76430
H 114.92300 6.66696 11.98130
H 120.52500 4.48802 11.59100
H 119.43000 1.47957 11.48230
C 122.05600 5.63777 13.16140
C 126.24300 0.94528 12.96110
C 124.17400 3.38741 13.09480
C 127.40700 3.93069 12.90100
C 125.26600 6.44958 13.03200
C 123.15100 0.18887 13.05540
C 129.50700 1.64958 12.82940
C 130.48600 4.63521 12.85870
C 132.65900 2.17156 12.80600
C 133.77000 5.15686 12.93950
C 135.91500 2.78333 12.93210
C 137.00300 5.77934 13.08840
C 139.22300 3.39502 13.07630
C 140.33800 6.49249 13.06910
C 138.12200 0.41255 12.91950
C 116.71200 7.57065 13.39280
C 119.85900 8.00835 13.32630
C 120.98700 11.19410 13.47500
C 117.63600 10.65010 13.46390
C 114.97100 12.82650 12.87880
H 120.48600 13.05630 11.87900
H 119.49900 9.92181 11.94360
H 117.24400 12.47250 11.84540
H 116.39400 9.38306 11.49150
H 118.37000 6.89096 11.65030
C 123.07100 8.73389 13.17750
C 126.18700 9.38890 13.00820
C 124.28000 11.92180 13.14810
C 127.29000 12.39000 12.99000
H 121.59200 7.55383 11.58290
H 122.68300 10.66930 11.73020
H 123.70400 13.66760 11.49860
H 125.88200 11.25790 11.37200
H 124.73500 8.24490 11.40350
C 128.42500 7.08126 13.05220
C 129.44400 10.05070 12.97260
C 130.44800 12.93250 13.11100
C 131.67500 7.75402 13.05620
C 132.63400 10.61460 13.19610
C 133.69700 13.59910 13.30580
C 134.79200 8.12275 13.10590
C 138.18100 8.83050 13.09970
C 135.95000 11.10160 13.20590
C 139.19200 11.78710 13.15280
C 118.71500 13.72980 13.50890
C 119.89700 16.57930 13.45220
C 116.56900 16.16710 13.38750
C 117.71600 18.90200 13.52190
C 120.90600 19.56120 13.40610
H 114.85200 15.10950 11.90260
H 118.35600 15.47200 11.79970
H 119.45500 18.38450 11.85680
H 116.33600 17.91040 11.58430
C 122.13800 14.20490 13.33850
C 125.27600 14.86880 13.01220
C 123.26200 17.13550 13.17230
C 126.19400 17.86470 13.08690
H 122.62200 19.02110 11.70770
H 121.60100 16.04870 11.77620
H 125.80800 19.69140 11.49850
H 124.84800 16.61760 11.38580
C 124.10300 20.24150 13.27040
H 127.00300 14.26070 11.39680
H 127.93400 17.29900 11.42550
C 128.40900 15.52130 13.06120
C 129.33200 18.51360 13.07770
C 131.60800 16.04860 13.14990
C 132.62000 19.04560 13.14210
H 129.07400 20.31750 11.46110
H 130.18600 14.83550 11.46610
H 131.16900 17.87630 11.53360
H 134.43600 18.48150 11.53330
C 134.81200 16.61230 13.19840
C 137.00300 14.26230 13.20050
C 140.33400 14.84380 13.15920
C 138.17000 17.29200 13.13830
C 135.93400 19.63640 13.15880
C 139.33500 20.19850 12.98970
C 114.92100 21.03570 13.21410
C 118.69200 21.98750 13.65210
C 116.56500 24.47910 13.71450
C 119.71600 25.09170 13.56560
H 120.38900 21.47350 11.90250
H 114.96200 23.31010 12.11230
H 119.36900 26.88530 11.95570
H 117.19200 20.80920 12.17760
H 118.23200 23.82210 11.97470
H 116.30500 26.26830 11.74730
C 127.35700 20.83090 13.12130
C 125.19900 23.18200 13.28840
C 123.15400 25.62420 13.40420
C 121.92400 22.62240 13.46090
C 126.35100 26.22670 13.34460
H 123.58900 22.07190 11.70560
H 124.80700 25.06240 11.77970
H 121.45800 24.47090 11.91670
H 126.94900 22.70170 11.54830
H 128.09200 25.69280 11.68050
C 131.78700 24.40190 13.18740
C 133.78100 22.03780 13.11180
C 128.44200 23.76870 13.23520
C 130.61700 21.35430 13.09100
C 129.61700 26.84940 13.31940
H 131.33100 26.30650 11.69780
H 130.18800 23.28950 11.64480
H 132.35800 20.87970 11.50080
H 133.46200 23.86940 11.46860
H 134.58600 26.87100 11.63610
C 134.89300 25.03710 13.15620
C 138.10400 25.64340 13.17620
C 137.11300 22.55890 13.08580
C 140.28300 23.12580 13.04890
H 135.59500 21.45470 11.52650
H 139.88800 25.04130 11.56320
H 136.69200 24.46030 11.53170
H 138.84100 22.00630 11.36710
H 118.07900 32.34190 11.89010
C 116.16000 33.47240 12.98670
C 114.95700 29.42380 13.00060
C 119.64300 33.57440 13.42210
H 120.35300 29.91380 11.96700
C 120.88700 28.03420 13.51130
C 117.67600 27.53160 13.62280
C 118.56200 30.58010 13.59150
H 117.18600 29.28380 11.94680
H 114.86600 31.63120 11.86520
H 122.61900 27.50040 11.81750
H 121.51400 32.87140 11.84380
C 125.16700 31.74540 13.40330
H 124.76300 33.51480 11.66320
H 126.88600 31.03860 11.77030
H 125.86200 28.06630 11.74810
C 121.89900 31.03620 13.54200
C 124.13700 28.63840 13.44970
C 127.35000 29.16730 13.37520
H 123.68000 30.45440 11.89630
H 129.10400 28.71130 11.73600
C 131.67400 32.80970 13.26410
C 133.87400 30.35950 13.19500
H 132.34000 29.27500 11.52810
H 133.46800 32.25890 11.66470
C 132.77600 27.48620 13.27160
H 130.22700 31.66080 11.57760
C 130.66900 29.89000 13.23610
C 128.48100 32.21870 13.25690
H 138.87100 30.46200 11.55030
H 135.62300 29.88650 11.53710
C 139.17500 28.57860 13.16920
C 134.92300 33.39440 13.40390
C 137.16200 30.90870 13.23640
C 140.37100 31.52800 13.21980
C 136.01200 28.07230 13.22760
H 139.97800 33.51800 11.80320
H 136.72100 32.87330 11.75840
H 140.97500 28.00190 11.54060
H 137.75200 27.48390 11.58250
C 117.77600 35.90880 9.88738
C 120.92300 36.39250 10.09200
C 118.77500 38.88330 9.96245
H 116.39000 34.85700 10.77200
C 114.88600 38.03940 10.93100
H 117.23900 37.79570 11.43750
C 122.90300 33.97550 10.13160
C 122.09700 39.34300 10.12230
C 126.37600 34.60420 10.09050
C 124.09500 36.94750 10.18080
C 127.44900 37.58920 10.06290
C 125.18200 40.00670 10.08480
C 129.55000 35.19120 10.13310
C 130.63600 38.19990 10.10650
C 132.89600 35.79590 10.15980
C 134.01400 38.86410 10.20740
C 136.02600 36.44910 10.38310
C 137.09000 39.47740 10.34610
C 139.12200 37.11630 10.28710
C 140.25000 40.07010 10.19410
C 138.14000 34.18620 10.24550
C 116.65200 41.05140 10.04190
C 119.95700 41.88950 10.21020
C 117.59400 44.15800 10.35180
C 120.97400 44.91330 10.24400
C 115.10200 46.47930 11.08140
H 116.46400 43.15780 11.54040
C 123.09400 42.43620 10.14330
C 126.39500 43.04740 10.16220
C 124.08800 45.42000 10.25020
C 127.34000 46.14770 10.28740
C 128.58800 40.68320 10.05400
C 129.70700 43.70210 10.19260
C 131.76000 41.26690 10.16380
C 132.84100 44.32780 10.29780
C 130.58200 46.76280 10.25780
C 133.89900 47.29720 10.42750
C 134.99100 41.90540 10.26340
C 138.16800 42.36070 10.30680
C 136.04300 44.85390 10.31400
C 139.21400 45.45380 10.29710
C 118.70900 47.22240 10.29690
C 116.59700 49.32450 10.24990
C 119.77900 50.29790 10.27740
C 117.49000 52.57830 10.36010
C 120.87400 53.36580 10.07760
C 121.95900 47.89090 10.28810
C 125.21000 48.42770 10.24080
C 123.10700 50.80700 10.18370
C 126.34700 51.43060 10.18990
C 124.15400 53.84310 10.03830
C 128.42500 48.96720 10.31560
C 129.66800 51.99010 10.31620
C 131.78800 49.50890 10.40510
C 132.90100 52.58870 10.32640
C 134.94300 50.20510 10.39390
C 137.01400 47.82070 10.31880
C 140.45300 48.41930 10.30300
C 138.27800 50.75490 10.31250
C 136.07400 53.15260 10.31660
C 139.40300 53.65690 10.28610
H 141.16500 53.19640 12.04110
C 114.98000 54.73950 10.82290
C 118.69200 55.67270 10.23090
C 116.61600 58.10690 10.20210
C 119.88700 58.74250 10.21060
C 125.29400 56.89000 10.04150
C 127.50200 54.41180 10.06760
C 121.96400 56.30400 10.12600
C 126.40400 59.74890 9.96982
C 123.00500 59.34240 10.13580
C 131.87600 57.99460 10.25290
C 130.65400 55.06440 10.24490
C 128.69800 57.40390 10.18210
C 133.92000 55.60880 10.31460
C 129.73200 60.31050 10.02860
H 128.15800 59.29900 11.63320
H 133.58400 57.45900 11.94250
H 131.44900 59.85920 11.71170
C 140.43100 56.68170 10.14150
C 137.22100 56.14890 10.19590
C 138.29800 59.04910 9.95659
C 134.95400 58.48620 10.14350
H 134.65400 60.44680 11.57810
H 140.11200 58.66590 11.62450
H 136.84300 58.07160 11.68880
H 138.97900 55.57230 11.85740
C 117.73200 61.01190 10.08580
C 120.90400 61.69070 10.17900
C 118.79500 63.95700 9.95901
C 116.76600 66.04990 9.47258
C 115.01400 63.17440 10.50960
C 119.80900 67.01840 9.67562
H 118.33200 65.96010 11.32870
H 120.51500 63.57920 11.72990
H 115.13200 65.51260 11.28630
H 117.25700 62.96290 11.55510
C 125.27800 65.11750 9.79582
C 121.94400 64.56620 9.92723
C 124.04900 62.24720 10.06800
C 127.42000 62.76810 9.87635
H 121.62400 66.52270 11.27450
H 127.11800 64.64290 11.40650
H 123.82300 64.17660 11.53130
H 124.92500 67.07950 11.24750
H 122.68100 61.15990 11.78820
H 125.96300 61.66760 11.55320
C 132.94000 60.80570 9.91897
C 131.80900 66.40420 9.54920
C 130.59700 63.30850 9.81972
C 128.40400 65.74620 9.65815
C 134.02500 63.87290 9.63588
H 132.52200 62.84590 11.35110
H 130.30700 65.31270 11.22050
H 133.62300 65.84120 11.13300
H 129.17400 62.21680 11.56740
H 137.94300 60.95930 11.42280
C 135.01200 66.85190 9.37107
C 139.25300 62.11550 9.73173
C 137.29300 64.46990 9.55890
C 136.07000 61.39810 9.84119
H 139.04600 64.03340 11.23300
H 141.13400 61.62640 11.27420
H 140.05100 67.01730 11.05820
H 135.82700 63.42340 11.20370
H 136.81800 66.39690 11.06460
C 140.41000 65.12010 9.51556
C 117.40400 35.88560 13.01190
C 120.81500 36.45190 13.39770
C 118.60900 38.72810 13.24440
C 115.11400 38.04030 12.74570
H 115.23800 40.33560 11.91150
H 119.39300 35.31090 11.69860
H 120.51100 38.22970 11.68580
C 121.99000 39.34370 13.33160
C 126.36000 34.57630 13.29670
C 124.18700 36.95290 13.33480
C 127.42100 37.71740 13.33030
C 125.35500 40.02710 13.32370
C 123.09400 33.98790 13.43120
H 123.83100 38.84310 11.77650
H 125.97800 36.47860 11.71440
H 127.07700 39.43240 11.62690
H 122.61800 35.82670 11.80550
H 128.08800 34.04320 11.72530
C 129.60600 35.18750 13.33460
C 130.71100 38.15620 13.25700
C 132.74800 35.96070 13.32520
C 133.70500 38.82800 13.41600
H 130.29400 40.04700 11.73090
H 131.36600 34.66740 11.72130
H 129.20200 37.02770 11.71920
H 132.45000 37.70310 11.61580
H 134.57400 35.26320 11.89570
C 136.08200 36.38120 13.58790
C 137.12400 39.44790 13.56850
C 139.42900 36.96010 13.47620
C 140.50800 40.04950 13.48210
C 138.17300 33.97200 13.47700
H 135.66300 38.27510 12.00740
H 138.91200 38.92480 11.99470
H 137.80600 35.86800 11.99560
H 141.09000 36.52600 11.62480
C 115.14200 46.35670 12.91070
C 116.86100 41.39420 13.43150
C 119.93900 41.78430 13.31840
C 121.00000 44.85080 13.48680
C 117.81200 44.29090 13.45870
H 120.58400 46.67210 11.87380
H 117.39700 46.16930 11.87850
H 119.57400 43.70030 11.85560
H 118.47300 40.65310 11.69970
C 123.13800 42.31090 13.43410
C 126.35900 43.02200 13.34220
C 124.15200 45.47070 13.45320
C 127.31200 46.01990 13.43540
H 121.69800 41.17290 11.74500
H 124.88000 41.86620 11.73560
H 122.69900 44.17850 11.88760
H 125.90100 44.86420 11.79460
C 128.50000 40.63440 13.32960
C 129.65400 43.67390 13.40480
C 131.69700 41.17560 13.40210
C 132.74300 44.21200 13.45190
C 130.57600 46.67240 13.55080
H 132.33200 46.11630 11.93580
H 128.19700 42.45800 11.77870
H 133.49500 40.67550 11.79920
H 131.40100 43.02190 11.80010
H 129.17700 45.49660 11.84430
H 134.56000 43.69880 11.88800
C 134.85000 41.87690 13.49040
C 138.28300 42.38780 13.48190
C 136.01400 44.78130 13.53220
C 139.33800 45.34630 13.41560
H 136.65600 41.26550 11.93560
H 137.79000 44.18080 11.93290
H 135.66800 46.63470 12.00300
H 141.12200 44.83680 11.80130
H 138.92700 47.17780 11.76880
H 140.02000 41.86960 11.85790
C 118.87300 47.32390 13.54160
C 119.90100 50.42410 13.45050
C 116.77100 49.98300 13.61590
C 117.81800 52.87990 13.43070
C 121.06200 53.33650 13.37510
H 115.12800 48.75820 12.23900
H 119.53100 52.20600 11.77660
H 118.41200 49.10960 11.93230
H 116.45000 51.56240 11.58410
C 122.03700 47.93810 13.44300
C 125.16600 48.55340 13.46820
C 123.03300 50.97680 13.37220
C 126.29500 51.58100 13.41130
H 122.68300 52.73550 11.64590
H 125.95100 53.29790 11.66570
H 121.62200 49.76830 11.89720
H 123.79400 47.25640 11.81910
H 126.96800 47.89890 11.93950
H 124.87500 50.31730 11.82000
C 124.12400 53.86750 13.22730
C 133.84800 47.22450 13.58940
C 128.27000 49.11960 13.55550
C 129.59300 52.04910 13.52170
C 131.67600 49.65640 13.60620
C 132.80900 52.67840 13.59630
H 128.10500 50.89110 11.88650
H 131.40400 51.41600 11.92620
H 130.16700 48.51220 11.98020
H 133.50900 49.07900 12.08530
H 129.19500 53.89730 11.86790
H 134.61400 52.03780 12.04280
C 135.01700 50.18610 13.61990
C 137.24600 47.80040 13.44590
C 140.44600 48.20730 13.45380
C 138.16400 50.75550 13.54950
C 136.08000 53.36570 13.55070
H 136.73200 49.64860 11.89640
H 139.99000 50.12790 12.02050
H 137.90700 52.60240 11.95060
C 139.32200 53.81610 13.60410
C 114.99000 54.82980 12.68190
C 118.86400 55.74890 13.48150
C 116.58900 57.83850 13.49180
C 119.98400 58.73950 13.42960
H 116.31600 59.99940 12.06660
H 117.26000 54.61900 11.86370
H 115.07400 57.11110 11.63460
H 118.43800 57.57600 11.86780
H 120.53400 55.14060 11.80520
H 119.49300 60.56710 11.84280
C 127.27900 54.52620 13.32190
C 122.06100 56.28450 13.29820
C 125.14400 56.78770 13.25110
C 123.10200 59.32720 13.34300
C 126.38700 59.91470 13.24230
H 124.83700 58.72570 11.69430
H 123.78000 55.70080 11.62290
H 121.66400 58.12610 11.75020
H 127.01800 56.31870 11.62370
C 129.64000 60.47980 13.24860
C 131.85200 58.17520 13.46120
C 133.99300 55.61220 13.48610
C 130.62100 55.01250 13.58560
C 128.43000 57.46920 13.31320
H 132.39300 54.46440 11.93680
H 130.40700 56.88190 11.91820
C 140.47900 56.89520 13.35930
C 138.32200 59.31280 13.21030
C 137.19400 56.31220 13.40180
C 135.09700 58.72470 13.31370
H 135.72200 55.06200 11.81720
C 116.59400 66.74340 12.85580
C 114.92100 63.26630 12.34350
C 119.84800 67.11170 12.84530
C 117.50500 61.10320 13.30930
C 118.57100 64.24370 13.13900
C 120.92900 61.86450 13.40650
C 124.22900 62.39250 13.20570
C 125.38800 65.36080 13.03040
C 127.39900 62.90720 13.17640
C 122.06300 64.90990 13.10840
C 131.83200 66.51640 12.76200
C 134.07900 64.10580 12.84630
C 130.75900 63.54380 12.94200
C 128.58400 65.90660 12.93300
C 132.89500 61.12340 13.20440
C 137.27200 64.67090 12.79140
C 136.17900 61.70660 12.98970
C 139.40800 62.28050 12.88500
C 140.40700 65.30080 12.80950
C 135.01700 67.23920 12.58700
C 117.67500 69.45870 9.52036
C 120.95200 69.97750 9.52237
C 118.73600 72.32810 9.50498
C 115.01200 71.46580 10.40480
H 116.38800 68.30970 10.76840
H 115.07300 73.74790 11.43060
H 117.30700 71.31990 11.23560
H 120.57300 71.84870 11.14300
H 119.49500 68.92280 11.21370
C 123.14400 67.54040 9.63367
C 121.96500 73.10820 9.48305
C 126.30600 68.13820 9.58525
C 124.33700 70.55160 9.48745
C 127.51700 71.19910 9.42727
C 125.35400 73.64900 9.33230
H 123.87900 72.48160 10.94410
H 127.11500 73.03010 10.95930
H 126.10900 70.07990 11.10580
H 122.76800 69.50740 11.12550
C 129.63500 68.63310 9.51013
C 130.70200 71.72790 9.38631
C 132.75800 69.43090 9.33776
C 133.93900 72.20590 9.12892
H 132.56700 71.27960 10.98150
H 130.40900 73.64180 10.87690
H 128.12600 67.63470 11.24490
H 129.28600 70.58840 11.05160
H 131.46400 68.25440 11.11070
H 134.66400 68.83620 10.70720
C 138.30600 67.43660 9.35312
C 136.17200 70.00130 9.12458
C 137.19600 72.89970 9.08029
C 139.38000 70.60710 9.14591
C 140.38600 73.56210 9.09903
H 135.75900 71.85700 10.75490
H 138.99100 72.44880 10.73580
H 141.09500 70.01100 10.85540
H 137.93100 69.45170 10.77680
H 118.45000 74.23240 11.07120
C 116.49200 74.42330 9.51424
C 119.84600 75.44660 9.51225
C 117.66100 77.77420 9.62040
C 120.91400 78.42500 9.52874
C 115.07900 79.77250 10.26750
H 116.48100 76.64490 10.88950
H 119.57300 77.23110 11.22000
H 120.59000 80.24370 11.21460
H 117.31900 79.65180 11.25880
C 118.74300 80.65810 9.55743
C 123.14500 76.03090 9.41114
C 126.36400 76.56990 9.30121
C 124.13100 79.02530 9.30865
C 127.31800 79.57830 9.08434
H 124.94400 75.43890 10.97130
H 121.69000 74.93230 11.13100
H 122.80900 77.87620 11.02000
H 125.96400 78.46580 10.90500
H 123.74900 80.90090 10.91970
C 128.55800 74.14440 9.26385
H 128.22900 75.98110 10.74650
C 130.59200 80.20650 8.94210
C 129.57600 77.22900 9.01842
C 131.77300 74.72410 9.08239
C 132.84500 77.80300 8.90971
H 133.67200 74.22400 10.52880
H 129.22200 79.05660 10.63790
H 131.42500 76.66330 10.58790
H 132.45900 79.65960 10.48980
C 133.87500 80.87560 8.87539
H 134.62800 77.26100 10.52260
C 135.11600 75.36020 8.95438
C 138.39300 75.90980 8.94352
C 136.08500 78.40980 8.81486
C 139.24800 78.99550 8.78127
H 137.84400 77.78610 10.41210
H 141.09500 78.44400 10.27990
H 140.08300 75.43730 10.69080
H 135.63300 80.23100 10.44880
H 136.90700 74.84050 10.55130
H 138.83300 80.83370 10.36970
C 119.82600 83.76920 9.51650
C 116.63900 82.60600 9.42352
C 117.48400 86.07040 9.49254
C 120.84600 86.87420 9.49115
H 116.20300 84.81310 10.75310
H 119.42600 85.56430 11.09550
H 118.41400 82.53130 11.13420
H 115.12100 81.99010 11.31490
C 121.82700 81.53160 9.47759
C 125.11000 81.99420 9.20590
C 123.01300 84.30550 9.47536
C 126.25200 84.92120 9.13102
H 125.96300 86.77320 10.78210
H 127.05800 81.44920 10.66080
H 124.97200 83.79530 10.93920
H 121.57500 83.27920 11.20150
H 122.69100 86.21930 10.95570
C 124.08600 87.41960 9.28949
H 128.14900 84.42770 10.64320
C 128.48900 82.63130 8.99223
C 129.54400 85.65480 9.02962
C 131.63400 83.18700 8.93516
C 132.82200 86.17890 8.96992
H 133.48400 82.69520 10.55180
H 129.20300 87.47470 10.65050
H 130.23400 82.01710 10.60360
H 131.38600 85.01160 10.58050
H 134.58600 85.61400 10.56750
C 134.96700 83.83850 8.89149
C 137.05200 81.45980 8.77539
C 140.29300 81.99630 8.78308
C 138.12100 84.49500 8.89832
C 136.01300 86.86070 9.00713
H 141.04100 86.81860 10.45320
H 137.79200 86.25940 10.63380
H 136.72600 83.23820 10.49630
H 139.93600 83.84470 10.45230
C 139.15100 87.42420 8.93068
C 114.81400 88.35090 10.45760
C 118.67000 89.15440 9.55860
C 116.64800 91.33600 9.51621
C 119.91200 92.15410 9.53358
H 120.54200 88.69280 11.17840
H 116.45800 93.38380 11.07540
H 119.53500 93.99570 11.12070
H 118.46900 91.02760 11.21660
H 117.22500 88.03850 11.21690
H 115.05900 90.60620 11.40030
C 127.36200 88.02010 9.09612
C 121.97900 89.78360 9.46077
C 126.34100 93.39200 9.30633
C 123.01900 92.79680 9.41842
C 125.17200 90.41130 9.27160
H 123.83500 89.17780 10.97320
H 124.89200 92.16100 10.93360
H 127.04500 89.81450 10.77860
H 121.71000 91.55680 11.06190
H 128.20000 92.80420 10.83380
C 128.52100 91.02400 9.21298
C 129.62600 94.03620 9.21512
C 131.76600 91.64150 9.11118
C 133.96100 89.18500 9.03947
C 130.75600 88.61150 9.13952
H 133.57600 91.04310 10.65470
H 132.56100 87.95540 10.67370
H 131.45900 93.47440 10.78400
H 130.33800 90.43770 10.76720
H 134.65100 94.09040 10.56530
C 135.04100 92.18160 9.05123
C 137.19600 89.84460 9.00466
C 140.29600 90.38650 8.92319
C 138.17500 92.68900 8.93794
H 140.02400 92.20460 10.53110
H 136.83400 91.61620 10.63940
H 135.72700 88.69180 10.59210
H 138.94900 89.22870 10.60990
C 114.93900 96.75770 10.38320
C 117.47100 94.38330 9.71800
C 120.00200 100.54700 9.72845
C 120.89700 95.24070 9.51512
C 118.71200 97.52640 9.62932
C 116.63500 99.58650 9.66326
H 120.57600 96.99490 11.23450
H 118.48500 99.39590 11.31090
H 117.27200 96.40970 11.23650
H 114.83700 99.07840 11.34980
H 121.59800 99.99840 11.51360
C 124.03400 95.93200 9.44458
C 125.09300 98.92030 9.56439
C 127.35900 96.48220 9.22912
C 122.00500 98.28310 9.72040
H 126.96300 98.17430 10.99390
H 125.97200 95.23740 10.86720
H 122.71400 94.60990 11.04400
H 124.85800 100.61100 11.36080
H 123.81900 97.62260 11.24730
C 130.57300 96.98430 9.15693
C 131.74800 100.06100 9.12574
C 132.82000 94.52800 8.97465
C 133.92500 97.70480 8.99948
H 132.47500 96.42030 10.55310
H 133.55700 99.48590 10.66140
H 129.14500 95.83590 10.83900
H 130.35700 98.83020 10.81260
C 128.44700 99.37160 9.34603
C 139.34700 95.82170 8.89640
C 136.08000 95.20720 8.88778
H 141.15200 95.20870 10.44170
C 135.11800 100.67000 9.14567
C 137.05200 98.32010 8.99872
H 137.85300 94.63680 10.45240
C 140.43400 98.78380 8.90243
H 138.94200 97.63910 10.50860
H 136.82600 99.99890 10.82860
H 135.72500 97.00770 10.58000
H 140.13100 100.68500 10.49490
C 117.64200 69.52150 12.77170
C 120.99300 70.07340 12.79020
C 118.83000 72.49380 12.79950
C 115.05200 71.39990 12.20230
C 123.09800 67.74550 12.80960
C 122.12600 73.02410 12.65900
C 126.38600 68.34990 12.81920
C 124.31000 70.70670 12.62550
C 127.57100 71.31380 12.69430
C 125.36500 73.69720 12.57890
C 129.70600 68.76540 12.76960
C 130.76300 71.90880 12.56910
C 133.08700 69.48100 12.53840
C 134.02800 72.59040 12.39890
C 136.11400 70.06680 12.36070
C 137.18700 73.13800 12.29280
C 139.31300 70.66750 12.40840
C 140.38000 73.67940 12.34720
C 138.27100 67.76960 12.53260
C 115.03800 79.62640 12.12960
C 116.63300 74.72590 12.74240
C 119.86400 75.37320 12.76250
C 121.11700 78.45600 12.76260
C 117.76800 77.80720 12.83620
C 118.75100 80.79400 12.84160
C 123.25600 76.14010 12.64280
C 126.50600 76.65830 12.44900
C 124.24800 79.11910 12.54860
C 127.50800 79.67920 12.33430
C 128.63600 74.29410 12.47510
C 129.70400 77.24070 12.27840
C 130.76300 80.25050 12.19650
C 132.01200 74.91240 12.25020
C 132.90300 77.87470 12.20570
C 135.11000 75.44810 12.12870
C 138.28700 76.10820 12.18640
C 136.07200 78.39650 12.06950
C 139.35700 78.97650 11.92850
C 119.80000 83.78090 12.79680
C 116.52400 82.99520 12.68010
C 117.50600 86.04210 12.69870
C 120.94700 86.72770 12.67020
C 122.10900 81.47010 12.73060
C 125.45900 81.88830 12.43110
C 123.21000 84.43390 12.59040
C 126.51500 84.99860 12.45290
C 124.27600 87.33440 12.53170
C 133.90500 80.90820 12.11580
C 128.49900 82.68320 12.24630
C 129.62100 85.60610 12.21620
C 131.72700 83.19780 12.21380
C 132.86100 86.13800 12.26410
C 135.00300 83.78360 12.16040
C 137.13100 81.35370 12.06790
C 140.40400 81.94550 11.96510
C 138.20400 84.32640 12.14840
C 135.99200 86.88060 12.18470
C 139.32600 87.40860 12.19100
C 118.60800 89.05830 12.78050
C 116.80500 91.63630 12.94580
C 120.05000 92.15290 12.72010
C 114.95900 88.22070 12.25770
C 127.47800 87.97360 12.34780
C 122.12200 89.70300 12.69050
C 125.38700 90.27320 12.50320
C 123.24000 92.72610 12.60000
C 126.40400 93.34760 12.43030
C 130.77800 88.55250 12.29370
C 131.85100 91.65960 12.36590
C 128.48100 90.95260 12.39310
C 133.93700 89.22200 12.26880
C 129.66300 93.93570 12.41540
C 135.04400 92.25440 12.20160
C 137.17400 89.83620 12.25660
C 140.38700 90.44840 12.19850
C 138.30500 92.81270 12.15910
C 118.77900 97.50180 12.88670
C 120.98400 95.07120 12.73740
C 117.91200 94.60240 12.84990
C 116.61500 99.99370 12.85400
C 115.02100 96.70580 12.16720
C 119.80900 100.63200 13.03800
C 125.35000 98.71180 12.84470
C 122.05500 98.04330 12.91280
C 127.41900 96.35210 12.58710
C 124.18000 95.55670 12.62520
C 128.63300 99.18550 12.58300
C 132.94100 94.67590 12.26360
C 130.77500 96.95050 12.32610
C 131.84000 100.07800 12.38460
C 133.94200 97.58590 12.16770
C 139.38900 95.75440 12.04190
C 140.40700 98.81810 12.12190
C 137.25100 98.00530 12.28290
C 136.17500 95.17150 12.16670
C 134.96300 100.49600 12.40260
C 117.60400 102.76000 9.76026
C 120.84300 103.63600 9.61279
C 118.69600 105.95300 9.56363
C 114.93500 105.15200 10.46360
H 116.42000 101.82900 10.98620
H 120.51800 105.48600 11.24750
H 119.54300 102.39600 11.30580
H 117.28400 104.82700 11.23870
H 114.86000 107.45700 11.32300
C 122.96400 101.10100 9.76867
C 126.25900 101.79000 9.64493
C 124.08000 104.19100 9.62428
C 127.31800 104.77000 9.50422
C 125.19500 107.19500 9.49111
C 121.94200 106.63700 9.62809
H 126.94000 106.62400 11.08020
H 122.61900 103.04000 11.19940
H 125.92100 103.65200 11.25120
H 123.77000 106.05700 11.23640
H 128.13200 101.12600 11.11060
C 129.46500 102.31700 9.39442
C 130.58300 105.30800 9.27176
C 132.90500 103.07200 9.23615
C 133.96800 105.91000 9.25225
H 131.43700 101.87800 10.83960
H 130.26800 107.21800 10.89110
H 129.17800 104.23200 11.05340
H 132.43600 104.85800 10.90750
H 134.68100 102.39700 10.83560
C 138.15100 101.19700 9.07353
C 136.18500 103.56900 9.17813
C 137.23400 106.66400 9.30497
C 139.38300 104.42700 9.17852
C 140.35100 107.28600 9.23852
H 139.00000 106.06500 10.91130
H 137.99400 103.04400 10.71860
H 135.78800 105.39700 10.84910
H 141.12600 103.56900 10.72460
C 116.52200 108.01700 9.54038
C 119.87000 109.19000 9.55888
C 117.59400 111.30600 9.74713
C 120.90500 112.06300 9.62753
C 114.99700 113.41500 10.81180
H 116.37500 110.24400 10.90960
H 120.55600 113.84200 11.29560
H 118.46900 107.88800 11.08490
H 119.52000 110.85800 11.28250
H 117.30700 113.23600 11.44140
C 118.65800 114.26000 9.73155
C 123.00500 109.68600 9.51093
C 126.25500 110.22700 9.40825
C 124.25700 112.64600 9.56115
C 127.42000 113.20700 9.45968
H 124.86000 109.09100 11.07690
H 125.98500 112.05000 11.06580
H 121.58700 108.51600 11.16990
H 122.72800 111.49500 11.08340
H 123.82700 114.38600 11.25380
H 128.09900 109.61800 10.89900
H 133.57500 107.76300 10.80470
C 128.37500 107.77500 9.34011
C 131.76200 108.33100 9.21169
C 129.58700 110.75900 9.26007
C 132.86800 111.40000 9.15829
C 130.59300 113.84200 9.32432
H 129.28600 112.54500 11.00760
H 132.47700 113.24200 10.82910
H 131.47400 110.18700 10.77500
H 134.64900 110.82000 10.81580
C 135.09400 108.93800 9.29315
C 138.20600 109.61700 9.33834
C 136.10600 112.09600 9.28351
C 139.22400 112.67600 9.38731
H 135.71200 113.85000 10.94720
H 137.87700 111.42400 11.02820
H 141.10400 112.08100 10.91820
H 136.85200 108.40000 11.02740
H 140.12100 109.08200 10.89230
H 138.99100 114.49700 10.97980
C 116.43000 116.39800 9.79353
C 119.86800 117.38500 9.68189
C 117.57100 119.71700 9.92623
C 120.94400 120.37600 9.78667
H 116.42400 118.59300 11.05590
H 118.42400 116.17600 11.29150
H 119.54500 119.13800 11.36810
H 114.93100 115.76000 11.76370
C 122.01600 114.96400 9.67332
C 125.18500 115.66100 9.65870
C 123.13300 117.92400 9.76755
C 126.24700 118.61200 9.66339
H 122.76000 119.74400 11.40870
H 126.02400 120.38900 11.34120
H 121.60600 116.75700 11.29610
H 124.92100 117.42500 11.40460
H 127.03900 115.01100 11.13840
C 124.16300 120.89800 9.74774
C 133.90000 114.50200 9.35047
H 128.15300 117.99900 11.18920
C 128.35300 116.19700 9.51181
C 129.54100 119.25700 9.50925
C 131.71900 116.84700 9.43575
C 132.78600 119.81800 9.57786
H 131.35100 118.63400 11.12360
H 133.53000 116.27000 11.01020
H 130.29600 115.64600 11.02110
H 129.24400 120.97500 11.05650
H 134.61500 119.21700 11.18850
C 134.97400 117.48800 9.42507
C 137.19400 115.05200 9.37669
C 140.46900 115.57700 9.36336
C 138.28100 117.97600 9.41793
C 135.99600 120.42500 9.51018
H 141.05400 120.44400 11.00380
H 136.72100 116.82000 11.05020
H 137.89100 119.81800 10.92560
H 140.13100 117.41700 10.99710
C 139.29400 121.13300 9.31032
C 119.93800 125.61600 9.97728
C 118.68500 122.68700 10.00250
C 116.74400 125.10500 10.14360
C 114.97600 122.09000 10.64100
H 120.56300 122.09600 11.48530
H 117.28500 121.55900 11.67150
C 123.11100 126.29300 9.82854
C 126.39500 126.98500 9.72742
C 127.33000 121.65700 9.66689
C 122.03900 123.27900 9.86963
C 125.31000 124.00700 9.80951
H 127.14200 123.39400 11.41390
H 124.96100 125.83000 11.40280
H 123.89200 122.72200 11.42010
H 121.75600 125.11200 11.52320
H 128.13200 126.35700 11.36470
C 131.78300 125.17100 9.56830
C 133.87400 122.82500 9.56277
C 129.49300 127.53300 9.66311
C 130.74700 122.25100 9.62851
C 128.51900 124.57700 9.69275
H 130.35200 124.03800 11.28280
H 133.63800 124.67500 11.13350
H 132.50400 121.64200 11.28190
H 131.49900 127.04200 11.10280
H 134.65800 127.65700 11.02870
C 134.92500 125.94000 9.43530
C 137.04300 123.36200 9.38772
C 140.43600 124.20400 9.40844
C 138.21600 126.44800 9.47469
H 139.95000 125.88500 11.07070
H 136.72600 125.19900 10.92920
H 138.94400 122.90000 10.87610
H 135.70900 122.23000 11.17140
C 117.74600 128.12800 10.06150
C 119.80800 134.10100 9.78981
C 121.04100 128.60700 9.85456
C 116.60700 132.87800 9.90798
C 118.78100 130.92600 9.94920
C 115.10900 130.19100 10.94530
C 122.02000 131.64900 9.85973
C 124.24300 129.38500 9.87285
C 125.23100 132.31900 9.73959
C 127.40800 130.02800 9.71600
H 123.85200 131.19800 11.46940
H 127.04100 131.83500 11.31930
H 126.09100 128.79100 11.36830
H 124.87100 134.14800 11.33370
H 122.82500 128.12700 11.41730
H 121.62700 133.54000 11.42340
H 132.46500 130.03400 11.08640
C 128.45700 133.06900 9.74015
C 133.88200 131.32900 9.54492
C 132.90000 128.27800 9.44240
C 130.60900 130.64100 9.62757
C 131.58100 133.50400 9.66069
H 129.26500 129.38900 11.26520
H 133.45300 133.09000 11.25100
H 130.23400 132.41800 11.38010
C 139.34900 129.55000 9.59025
C 140.32900 132.47500 9.70083
H 135.68900 130.70400 11.04810
H 138.89000 131.25700 11.32640
H 141.09800 128.89400 11.26450
C 134.94600 134.27500 9.65025
C 136.08600 128.97800 9.44492
H 137.83900 128.28800 11.06300
H 140.00000 134.29500 11.35450
H 136.70400 133.74600 11.30630
C 137.18300 132.00500 9.62535
C 117.78000 103.02400 12.90430
C 120.93200 103.69700 12.88190
C 118.65100 106.03000 12.80740
C 115.04300 105.12500 12.27380
C 121.99800 106.75600 12.82000
C 126.48400 101.79300 12.82960
C 124.05500 104.21300 12.82020
C 127.47500 104.86200 12.76260
C 125.25400 107.27900 12.75500
C 123.08800 101.33500 12.92600
C 129.69700 102.35500 12.58640
C 130.74700 105.48000 12.57330
C 132.91000 103.01700 12.49030
C 134.03700 105.94600 12.45260
C 138.40300 101.19800 12.29950
C 136.20700 103.43600 12.36170
C 137.25700 106.46800 12.56080
C 139.43900 104.20800 12.40530
C 140.47100 107.20100 12.47270
C 115.09800 113.43300 12.64560
C 116.66400 108.41200 12.75570
C 119.83600 108.98900 12.86240
C 121.04000 111.94200 12.79690
C 117.69400 111.28900 12.87300
C 118.70000 114.32700 12.94480
C 123.05500 109.66100 12.70000
C 126.39100 110.19100 12.64670
C 124.28200 112.50400 12.72740
C 127.52400 113.12300 12.65720
C 128.52300 107.86200 12.56660
C 129.70500 110.61700 12.52160
C 131.78900 108.38000 12.40710
C 132.89400 111.35700 12.43380
C 130.75000 113.79400 12.59390
C 133.89800 114.37500 12.50320
C 134.94500 108.98400 12.49630
C 138.35500 109.58200 12.60600
C 135.98600 111.96900 12.53330
C 139.31300 112.63700 12.56840
C 119.84800 117.28000 12.96300
C 116.61900 116.73000 12.94940
C 117.75100 119.70400 13.08960
C 121.01700 120.20000 13.05490
C 122.05800 114.93100 12.92120
C 125.29100 115.60600 12.86240
C 123.02500 117.81900 12.96650
C 126.42600 118.57800 12.92460
C 124.29700 120.85000 12.99500
C 128.53200 116.10700 12.72640
C 129.58600 119.25200 12.74000
C 131.77700 116.75400 12.66060
C 132.80600 119.68700 12.81830
C 134.94800 117.33200 12.73650
C 137.19200 114.89900 12.59230
C 140.46900 115.63500 12.64010
C 138.25300 117.95900 12.54680
C 136.23900 120.38500 12.70300
C 139.25300 121.12700 12.55380
C 115.05600 121.84800 12.50420
C 118.90900 122.61300 13.27150
C 116.66600 124.65200 13.42380
C 120.07700 125.78800 13.21810
H 116.52500 126.94800 12.10890
H 119.64600 127.51900 11.51320
H 114.90000 124.25800 11.67370
H 118.54300 124.50700 11.73570
C 126.44800 126.98300 13.03810
C 123.18100 126.34700 13.06960
C 125.40900 123.96400 12.99210
C 122.06800 123.23800 13.05020
C 127.61600 121.52300 12.84350
C 128.60900 124.58200 12.99620
C 131.95100 125.24400 12.79410
C 133.94100 122.82100 12.81680
C 129.75200 127.52200 12.82290
C 130.59800 122.08000 12.79810
C 137.26700 123.46000 12.58390
C 140.25600 123.99800 12.63120
C 135.13100 125.88800 12.66180
C 138.11100 126.32100 12.56790
C 115.20500 130.14600 12.82010
C 119.92100 134.09000 13.08610
C 121.13300 128.71300 13.09620
C 118.89100 131.06800 13.13320
C 116.70200 133.45300 13.13790
C 117.90700 128.04000 13.33690
H 115.11700 132.46200 11.87050
H 117.43600 129.93100 11.71180
H 120.65400 130.46600 11.47870
H 118.49900 132.89000 11.44870
C 122.05200 131.69400 13.06740
C 127.55100 130.09400 12.92620
C 124.29300 129.34000 12.98720
C 125.39700 132.37900 13.01350
C 130.84600 130.48200 12.83210
C 133.92000 131.29400 12.65670
C 132.96700 128.19900 12.71880
C 128.46200 133.08100 12.94140
C 131.70300 133.70200 12.93950
C 137.00000 131.82700 12.82560
C 139.26000 129.31900 12.81960
C 140.38800 132.35100 12.94310
C 134.84100 134.32400 12.85070
C 136.05400 128.87400 12.64330
C 144.66500 1.82449 9.66312
C 142.43100 4.07813 9.80860
C 145.71300 4.63916 9.78161
H 147.51900 4.16692 11.41540
H 144.22500 3.49670 11.42780
H 142.09100 5.86540 11.45560
H 146.42800 1.15321 11.28480
H 145.32600 6.47761 11.39940
H 143.22000 0.51879 11.21350
C 141.34700 1.13675 9.73246
C 147.94300 2.35640 9.76621
C 153.36100 0.48542 9.84209
C 151.17400 2.88115 9.73781
C 148.94900 5.33846 9.77682
C 152.22300 5.78455 9.71057
C 154.37000 3.43895 9.77444
H 150.74900 4.66440 11.32720
H 149.70600 1.74739 11.36270
H 152.88000 2.33356 11.44500
H 153.95200 5.25060 11.40520
C 156.50300 1.04974 9.80008
C 159.65600 1.69102 9.58156
C 157.54900 3.94724 9.66446
C 155.29100 6.37743 9.70459
C 160.76700 4.66382 9.59945
H 159.37000 3.44569 11.24570
H 156.11100 2.88936 11.35490
H 157.19200 5.80604 11.19640
H 160.44500 6.40283 11.25430
H 158.33100 0.41074 11.27990
H 161.50000 1.06190 11.05450
C 162.96500 2.23355 9.49389
C 166.26300 2.88549 9.51848
C 164.07600 5.29759 9.50311
C 167.43300 5.86646 9.63711
H 164.76000 1.72449 11.05960
H 165.87500 4.70645 11.12400
H 162.64700 4.10496 11.13650
C 143.49700 7.04932 9.81609
C 146.79700 7.65890 9.83313
C 144.69700 10.09170 9.81371
C 142.40100 12.47240 9.85331
C 145.66300 13.18940 9.91893
H 144.22600 11.90550 11.46230
H 147.45100 12.49780 11.48680
H 146.41700 9.48755 11.49390
H 143.15100 8.93674 11.37590
C 147.83600 10.65970 9.85237
C 141.35300 9.49050 9.77741
C 150.06800 8.27830 9.77553
C 151.04500 11.16030 9.61967
C 153.33400 8.80532 9.57452
C 154.50300 11.88850 9.60812
H 151.89300 7.69183 11.29920
H 148.62700 7.16337 11.43570
H 150.77500 13.02400 11.19170
H 152.97400 10.66380 11.14390
H 149.63700 10.08750 11.42810
C 158.65900 6.98221 9.63083
C 160.74300 12.95320 9.48842
C 156.57000 9.40435 9.64999
C 159.74500 10.01510 9.58509
C 157.55500 12.39210 9.58781
H 159.33900 11.84950 11.18150
H 156.21600 11.23290 11.28090
H 155.11400 8.28954 11.26550
H 158.36600 8.79194 11.23780
H 161.51600 9.42921 11.19370
C 161.88300 7.57397 9.59037
C 165.25800 8.21389 9.54552
C 162.88600 10.56540 9.51849
C 166.30800 11.16520 9.64870
H 163.73600 7.06861 11.11210
H 162.52900 12.43850 11.14930
H 164.68400 10.03610 11.11680
H 166.93900 7.66610 11.27600
H 165.78200 13.04770 11.22350
C 143.54900 15.44190 9.94783
C 146.72300 16.04200 9.91585
C 144.59700 18.39000 9.96916
H 145.33400 14.94970 11.63440
H 143.15900 17.27800 11.55220
H 142.03900 14.29960 11.43150
C 141.41400 17.71620 9.88371
H 146.39100 17.87440 11.50510
H 144.25200 20.25670 11.57380
C 147.76000 18.94900 9.85401
C 148.86000 13.69500 9.80969
H 154.00300 13.72710 11.06450
C 152.16600 14.28390 9.56902
C 149.94300 16.70700 9.81201
C 153.30400 17.31430 9.58038
C 151.02700 19.47680 9.72878
C 154.45400 20.26570 9.55958
H 149.59400 18.52950 11.43140
H 151.84600 16.17930 11.19800
H 148.55900 15.50310 11.49340
H 152.93600 19.11620 11.22890
C 158.55700 15.49250 9.42874
C 155.52100 14.87580 9.51671
C 156.52900 17.88070 9.56386
C 159.66300 18.41160 9.43792
H 160.39200 14.90150 10.96460
H 156.20200 19.71260 11.23260
H 158.30500 17.26230 11.13390
H 159.40500 20.28590 10.97250
H 157.22200 14.27190 11.17300
H 155.05400 16.72470 11.18340
C 164.05400 13.58970 9.56651
H 161.60900 17.87100 10.92410
C 161.98300 15.95890 9.35644
C 167.48600 14.17410 9.72282
C 165.27100 16.62000 9.53914
C 163.06400 18.97990 9.36438
C 166.36800 19.65760 9.59025
H 164.78600 18.48320 11.09030
H 166.96000 16.05440 11.27020
H 163.71700 15.49350 11.09590
C 142.54700 20.81570 9.83814
C 145.60100 21.39800 9.84682
C 143.49700 23.79350 9.78619
C 146.81800 24.39040 9.71631
H 147.45000 20.82730 11.42740
C 141.26600 26.19740 9.85518
H 145.31700 23.26420 11.36990
C 144.55900 26.80090 9.76041
H 142.07500 22.60940 11.39990
C 153.21000 25.56480 9.50721
C 150.01300 25.03190 9.61558
C 152.15300 22.60460 9.54795
C 148.82100 21.88570 9.68359
H 151.82800 24.48130 11.16500
H 149.64600 26.85020 11.23460
H 148.61300 23.77850 11.25020
H 153.96900 22.09590 11.12950
H 150.76300 21.45180 11.21540
C 160.88700 21.58490 9.50869
C 156.50400 26.31400 9.47114
C 157.54900 20.92370 9.51153
C 155.52900 23.21260 9.55327
C 158.74000 23.81470 9.47533
C 159.89000 26.79700 9.59983
H 158.29500 25.66370 11.08080
H 160.49200 23.32850 11.15670
H 155.07300 25.09550 11.02020
H 157.33000 22.71510 11.16650
H 161.59100 26.24660 11.34700
H 167.00200 24.41590 11.21300
C 167.42600 22.54140 9.66100
C 164.29700 22.01320 9.53410
C 165.30600 25.06990 9.59486
C 162.09400 24.48360 9.65864
H 164.81100 26.83760 11.24970
H 163.86100 23.82840 11.23310
H 162.71100 20.82520 11.01670
H 165.95200 21.37940 11.24040
C 146.77900 32.65180 9.71250
C 143.35300 32.19140 9.78274
C 142.31900 29.17030 9.87684
C 145.60800 29.85980 9.77734
C 147.84800 27.44840 9.60729
C 151.07600 28.11740 9.64127
C 154.34300 28.69310 9.51836
C 148.92700 30.41540 9.72631
C 149.96700 33.35820 9.67290
C 152.11700 30.94750 9.62452
H 152.91600 27.43890 11.13480
H 153.98300 30.45020 11.19440
H 151.87000 32.86890 11.19240
H 159.43600 28.65640 11.17710
C 160.87400 29.81490 9.53565
C 158.84200 32.05930 9.49986
C 155.45200 31.54240 9.55131
C 157.74600 29.19160 9.53434
H 156.15500 28.11680 11.11130
H 157.27200 31.03880 11.12510
H 155.19500 33.44240 11.09930
H 160.59400 31.63360 11.10380
H 166.96900 32.83340 11.04720
H 165.93700 29.82900 11.13260
C 166.33300 27.93300 9.61079
C 165.18000 33.34060 9.36266
C 167.35600 30.94210 9.43687
C 164.13000 30.33240 9.50951
H 163.75800 32.22350 11.08470
H 162.66100 29.23050 11.17230
C 163.03800 27.39540 9.62797
C 161.97800 32.76430 9.44815
C 144.59900 1.63403 12.96230
C 142.43900 4.07036 13.09120
C 145.69200 4.68013 13.04790
C 141.47600 0.93478 12.97900
C 147.89100 2.25704 12.98060
C 153.41400 0.50107 13.05310
C 151.06200 2.91536 13.02710
C 149.03800 5.28547 12.99970
C 152.16900 5.83424 12.93770
C 154.37100 3.44375 13.05030
C 156.66900 1.07989 12.94880
C 159.81900 1.63939 12.82160
C 157.63900 4.07338 12.87020
C 155.51800 6.47651 12.88260
C 160.93600 4.55421 12.83130
C 162.93500 2.22844 12.66740
C 166.07200 2.89238 12.76990
C 164.07600 5.19386 12.73110
C 167.22300 5.84239 12.83230
C 143.57000 7.08302 12.99470
C 146.78900 7.64471 13.05570
C 144.64000 10.02570 13.05560
C 142.42600 12.49250 13.09190
C 145.68500 13.03180 13.14050
C 141.39900 9.42739 13.11360
C 147.92300 10.60050 13.11660
C 150.19200 8.24145 13.00810
C 151.26300 11.28650 12.87060
C 153.35000 8.93544 12.85580
C 154.33700 11.98230 12.72510
C 149.08400 13.66500 13.01000
C 158.67800 6.95638 12.84540
C 156.64200 9.47588 12.89630
C 159.68600 10.05730 12.80810
C 160.71200 13.11210 12.69290
C 157.64200 12.52420 12.85220
C 162.00000 7.55905 12.75650
C 165.10300 8.28099 12.80550
C 162.92500 10.73610 12.76900
C 166.08200 11.16190 12.82640
C 143.46900 15.47670 13.15040
C 146.92300 16.11420 13.16520
C 144.63400 18.44290 13.13320
C 141.34800 17.84740 13.10310
C 147.83500 19.08970 13.07430
C 150.18400 16.69050 12.96050
C 152.21700 14.35360 12.73120
C 153.31000 17.33450 12.85810
C 151.17900 19.72060 12.87010
C 154.38000 20.35220 12.81220
C 158.74800 15.50030 12.73210
C 155.46800 14.85530 12.75300
C 156.62800 17.86920 12.76270
C 159.88100 18.50020 12.56000
C 163.93300 13.68860 12.75470
C 161.86700 16.09630 12.62100
C 167.16300 14.22030 12.93500
C 165.02600 16.68580 12.74760
C 162.96600 18.96920 12.64610
C 166.27300 19.50210 12.75900
C 141.42600 26.13870 13.12310
C 142.38300 20.80880 13.05770
C 145.74900 21.49610 13.04030
C 143.58200 23.76670 13.02250
C 146.87300 24.43150 12.88500
C 144.68200 26.78020 12.92210
H 146.43800 26.26830 11.28380
H 143.11300 25.61800 11.37660
C 148.99000 21.94360 12.86840
C 152.24300 22.65690 12.76920
C 150.09100 25.00020 12.81670
C 153.32600 25.57670 12.71180
C 155.47800 23.26860 12.66630
C 158.77500 23.88980 12.78060
C 159.75800 26.74390 12.79970
C 157.76300 20.84430 12.76260
C 156.47700 26.28420 12.65480
C 160.93900 21.41220 12.60940
C 167.37600 22.63110 12.85270
C 162.03300 24.30410 12.82540
C 164.14100 21.84880 12.77150
C 165.25900 25.05170 12.89350
C 142.53400 29.13170 13.08360
C 143.53400 32.20990 13.06740
C 146.75700 32.77460 12.93100
C 145.67500 29.86310 12.93210
H 142.11700 30.98580 11.52910
H 144.21000 28.59910 11.38710
H 147.42400 29.25170 11.28830
H 145.23900 31.66370 11.33330
C 147.86300 27.45010 12.93260
C 154.39600 28.67770 12.74530
C 151.18300 27.94080 12.85970
C 150.10500 33.41260 12.82740
C 152.31000 31.09680 12.88150
C 148.92200 30.42180 12.92870
H 150.76400 29.84080 11.34420
H 148.56800 32.20710 11.34530
C 160.87200 29.80520 12.76340
C 157.64300 29.21330 12.75840
C 158.78900 32.12640 12.69050
C 155.51700 31.63520 12.73060
C 162.98900 27.46680 12.87590
C 164.17300 30.39840 12.72790
C 165.16200 33.59930 12.63320
C 167.29600 31.07390 12.73400
C 161.98000 32.89210 12.69260
C 166.31800 28.03890 12.78580
C 144.54700 35.14420 9.76787
C 142.42200 37.75750 9.93406
C 145.72400 38.29880 9.72229
C 147.91700 35.77380 9.61215
C 141.26800 34.65920 9.98984
C 151.15900 36.37770 9.65290
C 149.09900 38.82180 9.66517
C 152.18900 39.29340 9.62040
C 154.48800 37.05800 9.59084
C 153.37500 34.07970 9.56283
H 153.00800 35.83850 11.21330
H 154.03700 38.90280 11.18800
C 156.63000 34.62940 9.45245
C 159.77300 35.23360 9.36685
C 157.59700 37.66300 9.36256
C 155.41500 39.97770 9.49800
C 160.80200 38.21610 9.33816
H 160.52100 40.10610 10.90650
H 157.28800 39.46570 11.00660
H 156.26000 36.49970 11.02220
H 158.44000 34.00090 11.03310
H 159.40400 37.05800 10.98240
H 161.61500 34.70750 10.97500
C 162.97000 35.80050 9.22474
C 166.38000 36.41020 9.23357
C 164.10200 38.87060 9.18686
C 167.31600 39.46240 9.12551
H 164.85900 35.30230 10.85200
H 165.88700 38.28460 10.81010
H 162.69300 37.64710 10.83130
C 143.51000 40.68650 10.00670
C 146.68300 41.09710 9.83669
C 144.51500 43.70290 9.99122
C 145.69700 46.58570 10.07440
C 142.40500 46.06800 10.17770
C 147.75900 44.33220 9.79344
C 141.34700 43.06090 10.14910
C 150.04100 41.77810 9.62849
C 151.00100 44.87830 9.63177
C 153.27400 42.36870 9.54820
C 154.29600 45.32540 9.42677
H 152.83900 44.23780 11.11970
H 150.72700 46.65370 11.31740
H 151.84300 41.16060 11.18940
H 153.95100 47.17180 11.08280
C 148.91100 47.19710 9.82123
C 158.65600 40.66090 9.31278
C 156.46600 42.95650 9.38297
C 159.76500 43.61980 9.33364
C 160.72700 46.52360 9.23085
C 157.60300 45.95250 9.42535
H 155.12400 41.82680 11.10300
H 158.30600 42.46260 10.92270
H 159.37600 45.42100 11.00090
H 156.09000 44.77520 10.95590
H 161.53500 43.10490 10.87360
H 163.75000 40.68420 10.79540
C 161.94100 41.28100 9.25444
C 165.23600 41.82690 9.16375
C 162.96000 44.25160 9.18748
C 166.33400 44.92460 9.16604
H 166.98300 41.22560 10.76230
H 162.64800 46.10080 10.82240
H 165.91900 46.74240 10.78180
H 164.83500 43.68920 10.74530
C 164.16400 47.27750 9.20573
C 143.57200 48.99980 10.12970
C 146.77800 49.66630 9.96705
C 144.62800 51.95320 10.09190
C 141.37700 51.37810 10.35620
C 147.83800 52.56380 9.87427
H 144.41200 53.82610 11.71320
H 146.47000 51.41780 11.63230
H 143.27000 50.80520 11.80670
C 152.04900 47.82250 9.63086
C 150.01800 50.22670 9.73062
C 153.11100 50.67850 9.51724
C 151.10800 53.23480 9.57504
H 152.97900 52.63170 11.08150
H 151.83400 49.59910 11.26900
H 149.77500 52.10420 11.36870
H 148.68000 49.09430 11.44640
C 154.37400 53.79660 9.40231
C 158.51000 48.87640 9.27223
C 155.33400 48.34730 9.41723
C 156.36900 51.40630 9.31614
C 159.69100 52.12080 9.07000
H 157.18600 47.79440 11.00940
H 160.39900 48.43680 10.82150
H 156.20300 53.23960 11.00540
H 158.32400 50.87900 10.75880
H 155.04000 50.23750 10.98280
H 159.40300 53.97930 10.71770
H 161.44600 51.57700 10.78450
C 161.90100 49.66680 9.25175
C 167.35700 47.98280 9.24111
C 165.20500 50.32140 9.29686
C 163.02200 52.72030 9.23362
C 166.26800 53.24470 9.32136
H 164.82200 52.15580 10.90830
H 163.72600 49.11870 10.89450
H 167.00300 49.77040 10.89390
C 141.42100 59.70660 9.80495
C 142.48400 54.26650 10.18990
C 145.68800 54.90190 9.92869
C 143.57700 57.30470 9.90347
C 146.77200 57.99070 9.66783
H 146.45800 59.88450 11.17160
H 145.44000 56.87400 11.48070
H 143.22600 59.23210 11.46100
H 147.59300 54.41330 11.44570
C 144.48300 60.38250 9.72608
H 142.22000 56.20180 11.71120
C 148.81900 55.57740 9.63483
C 152.20900 56.17380 9.42038
C 153.29000 59.17740 9.24623
C 149.99300 58.49450 9.41391
H 150.79500 55.12140 11.08140
H 151.85100 58.10080 10.94030
H 149.65200 60.39660 10.96260
H 148.63600 57.44050 11.19830
H 154.02400 55.65130 11.03580
C 156.52200 59.86670 9.14203
C 158.61300 57.50980 9.11974
C 160.92100 55.06100 9.16377
C 159.78400 60.52320 9.17637
C 157.51400 54.43000 9.22934
C 155.28400 56.81450 9.25802
H 160.42900 56.94630 10.67320
H 155.11500 58.74270 10.81490
H 158.31400 59.32320 10.80680
H 157.21400 56.32190 10.79430
H 161.53400 59.96790 10.84700
C 167.28300 56.23220 9.27213
C 165.12500 58.56150 9.19504
C 161.82800 58.21320 9.11463
C 164.17500 55.65780 9.17035
H 166.91200 58.14190 10.83280
H 165.80600 55.09340 10.88570
H 163.54600 57.50480 10.74620
H 162.65900 54.58760 10.81510
H 164.71200 60.47130 10.67600
C 147.83200 61.03410 9.40947
C 143.57200 65.68500 9.51623
C 145.70800 63.35690 9.48847
C 146.88500 66.53620 9.37266
C 142.46800 62.86030 9.60864
H 142.11100 64.67300 11.21350
H 147.57000 62.86620 11.06280
H 145.50500 65.29380 11.06110
H 144.27800 62.31360 11.18900
H 150.73400 63.41260 10.87250
H 152.93900 61.03880 10.86710
H 154.01800 64.03310 10.73550
H 151.93100 66.43720 10.54470
H 148.75300 65.93580 10.89960
C 152.17500 64.42100 9.12018
C 148.84300 63.96200 9.31569
C 150.10700 66.97280 9.08048
C 151.07700 61.49850 9.30250
C 154.41700 62.11360 9.21587
H 160.54400 65.34890 10.58740
H 159.41400 62.39310 10.65450
C 160.95600 63.45270 9.07430
C 158.83000 65.92490 8.97862
H 156.23200 61.73250 10.74260
H 157.34300 64.77080 10.58960
H 155.11000 67.10200 10.52250
C 155.40400 65.17820 9.07225
C 157.60300 62.86710 9.05734
H 165.86600 63.42040 10.73920
C 165.19700 67.03610 8.96366
C 162.90800 61.05930 9.13293
H 166.97700 66.45360 10.63810
C 167.27900 64.55600 9.02579
H 162.75700 62.93530 10.72650
C 162.04000 66.48620 8.97526
C 166.19900 61.58270 9.09661
H 163.77000 65.92680 10.64510
C 164.18200 64.06570 9.07457
C 144.73600 35.15080 12.90830
C 142.70400 37.66700 13.15910
C 145.85700 38.14340 13.03630
C 141.64700 34.70080 13.22460
H 142.12800 39.51900 11.66830
H 145.30200 39.98200 11.51830
H 147.53500 37.60660 11.23830
H 146.51000 34.55700 11.22990
H 144.34000 37.05000 11.41660
H 143.17700 33.99090 11.39850
C 147.92700 35.71140 12.85540
C 151.19700 36.24870 12.83560
C 148.97800 38.71980 12.90970
C 152.26700 39.38320 12.84590
C 154.45800 36.98890 12.70490
C 153.44000 33.96480 12.75860
H 150.79500 38.15940 11.32150
H 149.69600 35.20430 11.21390
C 155.54200 40.05980 12.72620
C 156.67000 34.66830 12.63310
C 159.85000 35.24780 12.62570
C 157.64700 37.63060 12.66220
C 160.92300 38.23910 12.52670
C 163.12400 35.92350 12.52610
C 166.25100 36.47760 12.51810
C 164.17100 38.87560 12.44280
C 167.40600 39.44490 12.37480
C 141.60700 43.04260 13.35070
C 143.63200 40.69370 13.20830
C 146.84100 41.14890 12.98770
C 144.77700 43.59820 13.17030
C 142.53400 46.03040 13.44650
C 145.95000 46.61250 13.22180
H 144.26700 45.45840 11.74010
H 146.46400 43.01800 11.41790
H 143.18400 42.47470 11.62960
H 147.59600 46.05200 11.56590
C 147.94700 44.10810 13.05430
C 150.11200 41.79120 12.85310
C 151.11100 44.82290 12.86170
C 153.32500 42.38340 12.73950
C 154.41600 45.30440 12.69090
H 149.62300 43.64410 11.25090
H 148.61700 40.61280 11.31010
C 158.81300 40.69600 12.55220
C 156.60300 43.07190 12.63500
C 159.82000 43.54910 12.55170
C 160.89200 46.67010 12.50330
C 157.58700 45.92770 12.60010
C 162.03800 41.30430 12.50590
C 165.23500 41.84760 12.39470
C 163.01200 44.27120 12.43930
C 166.26700 44.84730 12.37070
C 141.54600 51.28970 13.53880
C 143.74400 48.95700 13.39230
C 146.99900 49.60590 13.19620
C 144.79100 51.96910 13.32900
H 142.24800 47.82090 11.85920
H 145.41300 48.47880 11.64690
C 149.10400 47.32380 13.03600
C 148.08100 52.66240 13.07060
C 150.19500 50.26670 12.96290
C 152.30100 47.72870 12.83670
C 153.35200 50.82250 12.74050
C 151.36500 53.43290 12.74460
C 154.50300 53.80150 12.70990
C 158.65700 49.10010 12.49810
C 155.45300 48.39670 12.60450
C 156.64800 51.33590 12.53890
C 159.60000 52.19060 12.39280
C 164.15900 47.28440 12.46620
C 161.87200 49.73940 12.45050
C 167.35700 47.90380 12.46080
C 165.26500 50.28400 12.51710
C 162.95800 52.73770 12.42370
C 166.18600 53.31190 12.58680
C 141.50600 59.95750 13.08360
C 142.77100 54.46820 13.42420
C 145.98400 55.06990 13.18190
C 143.72100 57.50040 13.15170
C 146.97000 58.18420 12.92280
C 144.71900 60.55410 12.88960
C 153.37700 59.25150 12.50880
C 150.18900 58.68120 12.66650
C 152.23800 56.35220 12.62950
C 149.12500 55.67130 12.81450
C 158.68600 57.53260 12.39740
C 160.81400 55.19880 12.35840
C 155.51500 56.94200 12.50840
C 157.75300 54.53870 12.45450
C 156.52900 59.97710 12.41030
C 159.68700 60.56690 12.34640
C 161.79200 58.09740 12.41030
C 164.03800 55.77670 12.48850
C 165.01500 58.69510 12.34140
C 167.28600 56.32950 12.46100
C 147.00100 66.50600 12.61480
C 142.58600 62.90080 12.84970
C 143.67000 65.85250 12.69290
C 145.82900 63.48260 12.70570
C 148.01300 61.05110 12.68520
C 149.05900 64.10730 12.58360
C 150.31200 67.29590 12.24100
C 154.43900 62.29690 12.38450
C 152.21700 64.75290 12.30330
C 151.18000 61.64930 12.47780
C 155.58200 65.29320 12.19510
C 160.89900 63.53520 12.23490
C 157.64800 63.03540 12.28380
C 158.80900 65.93130 12.25350
C 165.18800 67.12770 12.26520
C 167.41400 64.59050 12.24540
C 163.01600 61.11440 12.35900
C 161.95900 66.57270 12.17960
C 166.22600 61.59430 12.29940
C 164.15000 64.14670 12.33810
C 144.68000 68.72270 9.32981
C 142.44300 71.22230 9.17751
C 145.74800 71.76270 9.05555
H 145.44200 73.68700 10.48220
C 147.82500 69.39620 9.11600
H 146.53600 68.36150 10.99410
H 142.15600 73.06670 10.70370
H 143.28300 67.63630 11.03340
H 147.56800 71.28720 10.70950
H 144.30800 70.68620 10.80240
C 141.48400 68.05390 9.36876
C 151.13200 70.07420 8.92747
C 149.02000 72.32370 8.93669
C 152.24800 73.06980 8.76094
C 154.50900 70.50960 8.89737
C 153.36700 67.65670 8.88010
H 152.94900 69.46650 10.47820
H 149.76200 68.94420 10.54850
H 154.01700 72.44360 10.38360
H 150.85500 71.96020 10.52790
C 156.60300 68.19960 8.97002
C 159.86900 68.71910 8.91933
C 157.65900 71.08960 8.84756
C 155.48500 73.65520 8.71996
C 160.87800 71.84660 8.75405
H 159.48700 70.67700 10.41630
H 160.63300 73.79610 10.21290
H 156.25400 70.02250 10.60150
H 158.39900 67.70160 10.61890
H 157.34900 73.06990 10.28880
H 161.65200 68.38360 10.50930
C 163.07600 69.47100 8.82653
C 166.40000 69.90070 8.93104
C 164.23900 72.34370 8.74007
C 167.59400 72.92590 8.84275
H 164.79400 68.91940 10.55500
H 166.02900 71.86760 10.42460
H 162.70800 71.31680 10.37060
C 143.54400 74.12850 9.02358
C 146.84200 74.76050 8.75084
C 144.57200 77.20480 8.79250
C 142.50900 79.71570 8.72801
C 145.77100 80.07160 8.67519
H 144.27700 79.08440 10.32250
H 146.47400 76.66460 10.34730
H 147.57300 79.64000 10.34370
H 143.27800 76.07980 10.59540
C 141.43200 76.68510 8.99442
C 147.93000 77.75810 8.71744
C 150.12600 75.53230 8.72779
C 151.29400 78.38340 8.68034
C 153.44400 76.10200 8.69788
C 154.47700 79.00230 8.63195
H 150.83200 80.28540 10.23900
H 153.06700 77.91060 10.29620
H 148.65300 74.27570 10.35060
H 151.97100 74.91840 10.34680
H 149.78300 77.31080 10.31800
C 148.99000 80.82930 8.67660
C 158.76300 74.28910 8.63663
C 160.91500 80.26540 8.60284
C 156.57800 76.61320 8.65215
C 159.83600 77.29780 8.59415
C 157.66100 79.56520 8.59057
H 158.39300 76.14570 10.26600
H 156.24500 78.47600 10.29010
H 155.19500 75.51660 10.31430
H 159.44900 79.11900 10.26730
H 161.64400 76.74520 10.18450
H 163.80800 74.28380 10.19980
C 162.06400 74.91630 8.54717
C 165.33400 75.40530 8.59418
C 163.15000 77.92990 8.59923
C 166.38900 78.47970 8.60780
H 162.74800 79.74960 10.17080
H 164.90800 77.27290 10.21950
H 165.97800 80.31940 10.18720
H 167.03700 74.84220 10.35420
C 143.71400 82.69730 8.70441
C 146.90100 83.30470 8.65217
C 144.60000 85.60590 8.72661
H 145.48900 82.01100 10.21800
H 142.15800 81.53090 10.31720
H 143.16500 84.45920 10.39900
H 146.49000 85.06490 10.29160
H 144.32100 87.46170 10.24670
C 141.38800 85.00920 8.78829
C 147.83900 86.28640 8.52858
H 154.04300 80.92440 10.11630
C 150.04200 83.86490 8.47768
C 152.16200 81.37860 8.50010
C 153.30000 84.43570 8.36682
C 151.04800 86.84280 8.35123
H 149.70800 85.72210 10.04330
H 148.71700 82.67190 10.25830
H 151.87200 83.30990 10.05700
H 152.91500 86.30040 9.92350
C 154.44100 87.48450 8.38644
C 158.83400 82.68980 8.46675
C 155.48200 82.03310 8.40646
C 156.68400 85.12770 8.33816
C 159.81200 85.67720 8.39899
H 158.38600 84.55440 10.02370
H 157.35000 81.49230 10.02320
H 155.19800 83.97000 9.97057
H 156.21700 86.96160 9.97921
H 160.59000 82.16590 10.13030
H 159.38200 87.53490 9.99545
C 164.27300 80.79880 8.52889
H 161.58900 85.18410 10.05990
C 162.04500 83.33790 8.52883
C 167.55200 81.44240 8.61204
C 165.28100 83.91050 8.51166
C 163.08500 86.28180 8.42730
C 166.35700 86.96340 8.58889
H 164.84800 85.75440 10.13190
H 163.85500 82.67460 10.12060
H 167.07000 83.32460 10.10470
C 142.40100 88.10930 8.77861
C 146.75100 91.62000 8.63909
C 145.71100 88.69600 8.60490
C 143.55300 91.08050 8.80055
C 144.63700 94.21430 8.72802
H 142.18700 89.87950 10.48360
H 143.33100 92.95630 10.44690
H 145.39300 90.43900 10.33800
H 146.41900 93.50150 10.16300
H 147.54900 88.08950 10.06870
C 141.45300 93.41000 8.87988
C 148.92500 89.38170 8.48379
C 152.14700 89.91000 8.29409
C 149.95000 92.22970 8.39700
C 153.26900 92.85630 8.40154
H 150.77300 88.69070 9.95152
H 151.77700 91.65660 9.95220
H 148.58100 91.12520 10.16270
H 149.63300 94.09100 9.97022
H 153.98400 89.39510 9.89141
C 155.53700 90.53750 8.34553
C 160.82600 88.64470 8.35615
C 157.63700 88.19620 8.39215
C 158.65900 91.18020 8.34890
C 159.86900 94.17230 8.45570
C 156.56900 93.46770 8.34646
H 155.10000 92.27430 10.02200
H 158.33800 92.99260 10.00350
H 160.48200 90.53390 9.94598
H 157.31300 89.99510 9.98744
H 161.63100 93.52990 10.17080
C 162.05500 91.77470 8.45871
C 164.24800 89.26710 8.49017
C 165.48600 92.27600 8.77295
C 167.49100 89.92010 8.80895
H 164.94700 94.11630 10.37980
H 162.65900 88.13110 9.93737
H 163.75900 91.10950 10.11560
H 167.09500 91.66050 10.52560
H 165.93800 88.71770 10.28000
C 142.53800 96.48940 8.85607
C 146.84700 99.97460 8.77147
C 143.73600 99.47330 8.97793
C 145.67300 97.11550 8.83169
H 147.56600 96.46090 10.16850
H 145.50400 98.88520 10.53330
H 144.27100 95.91960 10.49970
H 142.22300 98.23800 10.51890
C 147.74800 94.68670 8.48578
H 154.11700 97.66170 10.17890
H 150.75900 97.07260 10.09750
H 152.99800 94.69290 9.97706
H 151.85200 100.15400 10.15820
H 148.69100 99.45580 10.27080
C 151.14700 95.34140 8.41176
C 152.27600 98.29790 8.59803
C 154.39400 95.97380 8.37236
C 149.99900 100.66700 8.61497
C 148.93400 97.65870 8.56679
H 155.28000 100.69700 10.16920
H 156.16100 95.26780 9.92462
H 160.70600 98.95240 10.23370
H 159.48200 96.00140 10.03070
H 157.32700 98.28310 10.22430
C 161.19400 97.16860 8.60011
C 157.64800 96.61130 8.43171
C 158.91300 99.47240 8.70878
C 155.56900 98.83810 8.56448
C 166.44600 95.31950 8.84198
C 167.56500 98.34630 8.96719
C 164.40500 97.76600 8.81788
H 162.84800 96.46670 10.29400
H 166.05600 97.13370 10.54970
H 163.82700 99.51990 10.43170
H 166.96700 100.10400 10.57330
C 162.15100 100.18600 8.73668
C 165.29600 100.71500 8.87612
C 163.18700 94.58150 8.67166
C 144.69600 69.00100 12.57080
C 142.49700 71.38920 12.40880
C 145.79700 71.98970 12.27980
C 141.51800 68.25750 12.59420
C 148.17000 69.55970 12.38580
C 151.22300 70.11360 12.13810
C 149.10500 72.58210 12.12920
C 152.35900 73.18580 12.06350
C 154.36400 70.72710 12.08490
C 153.34900 67.68260 12.12330
C 156.61700 68.18630 12.19110
C 159.86600 68.96290 12.12020
C 157.75300 71.35720 12.07350
C 155.53800 73.67650 11.90620
C 160.93900 71.99520 11.93790
C 163.01900 69.59710 12.13970
C 166.41300 70.07320 12.08270
C 164.13200 72.54750 11.90520
C 167.45400 73.02830 12.12570
C 143.73700 74.28720 12.17630
C 146.93000 74.93880 12.01890
C 144.83100 77.38530 12.03650
C 142.51800 79.63760 11.89440
C 145.86100 80.20360 11.95070
C 141.47300 76.81810 12.08100
C 147.97100 77.83270 11.95250
C 150.17600 75.47080 11.93630
C 151.29800 78.48680 11.87570
C 153.44700 76.12550 11.93080
C 154.50300 79.17520 11.86510
C 158.85400 74.29680 11.88380
C 156.61200 76.67300 11.96060
C 159.88300 77.27020 11.85650
C 160.97500 80.38040 11.75090
C 157.61600 79.78860 11.83660
C 162.08500 74.96890 11.85040
C 165.18800 75.49160 11.87740
C 163.06700 78.07150 11.78650
C 166.30200 78.56810 11.86580
C 164.14400 80.87410 11.81180
C 143.71900 82.59170 11.92040
C 146.88900 83.17320 11.88370
C 144.73100 85.64980 11.90130
C 141.42600 85.02060 12.07810
C 148.00700 86.34920 11.73090
C 149.11400 80.79680 11.88140
C 150.21200 84.02800 11.74110
C 152.32800 81.54400 11.74180
C 153.40800 84.56530 11.56170
C 151.20600 86.88110 11.59740
C 154.36100 87.53240 11.49800
C 158.78900 82.73140 11.65130
C 155.58700 82.14680 11.64180
C 156.57700 85.20980 11.60730
C 159.77800 85.78060 11.64560
C 162.07300 83.43830 11.68260
C 167.36900 81.58340 11.81570
C 165.27600 83.93780 11.73660
C 163.08300 86.37780 11.66060
C 166.34000 86.80310 11.81460
C 142.63200 88.00130 12.02180
C 145.91000 88.54840 11.82920
C 143.75100 91.10010 12.02630
C 146.89900 91.71860 11.80350
C 141.52400 93.42680 12.08080
C 144.90300 94.11650 11.99960
C 152.20000 89.79370 11.59210
C 153.25500 92.81320 11.58310
C 150.07900 92.32400 11.63900
C 149.06200 89.27040 11.61640
C 159.73600 94.17770 11.68830
C 160.86800 88.76350 11.53650
C 155.50300 90.40620 11.56670
C 158.77900 91.16140 11.59310
C 157.66700 88.16010 11.60110
C 156.50800 93.43810 11.62610
C 164.03100 89.18710 11.70920
C 165.09400 92.16010 11.90060
C 167.33700 89.74850 12.05650
C 161.93300 91.59200 11.71440
C 142.50000 96.39720 12.12160
C 145.93100 96.96540 11.95280
C 143.68200 99.35760 12.16370
C 147.08000 100.00800 12.06320
C 147.97800 94.60390 11.69040
C 152.23700 98.25120 11.69110
C 150.09000 100.63900 11.84820
C 151.14900 95.16790 11.57290
C 149.04200 97.52060 11.77080
C 154.44200 95.76000 11.67440
C 158.86700 99.35880 11.81210
C 160.90800 97.03020 11.77110
C 155.54300 98.88970 11.83630
C 157.58800 96.29440 11.66160
C 162.01400 100.06800 11.98890
C 163.01100 94.59080 11.92890
C 166.27900 95.25670 12.16060
C 167.39800 98.34600 12.19560
C 164.10900 97.66580 12.03810
C 165.17600 100.70100 12.14680
C 144.71700 102.41700 8.96312
C 142.54100 104.84300 9.12925
C 145.71200 105.39200 8.93647
H 143.34300 101.26200 10.69060
H 142.15500 106.59300 10.79460
H 146.58500 101.82100 10.43620
H 147.62700 104.89700 10.38570
H 145.40900 107.25000 10.59540
H 144.40700 104.21800 10.66650
C 141.67400 101.88000 8.97947
C 147.88000 103.04500 8.74386
C 151.10700 103.70400 8.62256
C 149.04100 106.12100 8.72668
C 152.27500 106.56600 8.65257
C 154.59900 104.24700 8.66132
H 153.01100 103.14600 10.16430
H 149.75500 102.48400 10.23910
H 150.81400 105.44700 10.28640
H 154.06900 106.10100 10.27300
C 153.39800 101.28100 8.61805
C 156.77600 101.96700 8.66140
C 159.88900 102.53100 8.83947
C 157.82100 104.88800 8.81153
C 155.53100 107.33300 8.73484
C 160.95300 105.54300 8.95398
H 159.47400 104.35200 10.54820
H 157.24500 106.73600 10.39840
H 160.60100 107.32600 10.60760
H 156.29000 103.70300 10.42040
H 158.47200 101.29500 10.34190
H 161.66400 101.92400 10.40810
C 163.10200 103.13200 8.89609
C 166.25500 103.70000 8.89003
C 164.16400 106.05500 8.99590
C 167.42100 106.70500 8.90441
H 162.67400 104.89600 10.57670
H 164.87200 102.52900 10.51320
H 165.95100 105.52900 10.48840
C 143.50100 107.86800 9.16963
C 146.77900 108.44300 8.98236
C 144.60400 110.77600 9.16215
C 145.74600 113.83600 9.21064
C 142.50000 113.32600 9.27883
H 143.31000 109.61100 10.93880
H 146.50900 110.28400 10.64140
H 144.31400 112.63600 10.82070
H 147.57400 113.22000 10.77710
C 141.55700 110.29000 9.31862
C 147.88800 111.51400 9.00939
C 150.04200 109.03800 8.73375
C 151.19400 112.06400 8.85680
C 153.30900 109.61100 8.80470
C 154.39000 112.80400 8.90340
H 152.98000 111.45900 10.43220
H 151.88200 108.38900 10.31190
H 150.81600 113.89100 10.45390
H 149.74600 110.80800 10.48000
H 148.71300 107.90300 10.42350
C 158.82700 107.90100 8.95396
C 156.65300 110.35100 8.84298
C 159.82900 110.96200 8.94388
C 160.85500 113.98000 9.15433
C 157.69100 113.41100 9.08459
H 156.18000 112.10800 10.50710
H 155.15900 109.14100 10.39650
H 159.44200 112.71200 10.69360
H 158.38200 109.72900 10.53410
H 163.81400 107.87400 10.65350
C 162.07100 108.50400 8.97966
C 165.18600 109.10400 8.94794
C 163.04300 111.51000 9.06495
C 166.36000 112.06800 9.05258
H 164.86400 110.87700 10.67490
H 166.96300 108.46500 10.50840
H 161.58100 110.31300 10.55120
H 165.91900 113.86300 10.71730
H 162.68300 113.32000 10.76220
C 143.57400 116.19000 9.30423
C 146.80700 116.80700 9.20620
C 144.65200 119.40600 9.28812
H 142.20200 115.03800 10.99920
H 143.31400 118.07200 10.91060
H 145.39400 115.65500 10.86120
H 146.48700 118.69800 10.70820
C 141.52500 118.66800 9.35671
C 147.98300 119.98100 9.20983
H 144.32500 121.09700 11.06960
H 154.06000 114.53100 10.58820
C 148.85400 114.40700 8.99720
C 150.05300 117.54300 9.09378
C 152.37500 115.18600 8.94449
C 153.39200 118.07900 9.10854
C 151.19400 120.62400 9.23919
H 151.89300 116.91600 10.68970
H 148.69900 116.25000 10.70200
H 149.77000 119.32400 10.77290
H 153.00300 119.84500 10.82410
C 154.44200 121.16000 9.29254
C 158.68700 116.29600 9.29391
C 155.55100 115.71000 9.08703
C 156.68200 118.75900 9.28108
C 159.78900 119.26500 9.31750
H 155.15600 117.48900 10.74470
H 156.17400 120.50900 10.91670
H 158.34600 118.10800 10.97370
H 160.52000 115.74100 10.84310
H 157.27600 115.09300 10.83540
H 159.39500 121.07000 11.00820
C 164.15300 114.58600 9.18268
H 161.57000 118.67600 11.00020
C 162.05700 116.90500 9.29040
C 166.22000 120.63000 9.55123
C 167.44600 115.15200 9.31546
C 165.23900 117.54300 9.42819
C 163.08100 119.94600 9.49783
H 163.75600 116.28300 10.97350
H 164.83600 119.29600 11.13700
H 166.96000 116.84400 11.00720
C 142.52300 121.66500 9.48494
C 144.63300 127.62600 9.61602
C 146.76600 125.41800 9.52511
C 143.69300 124.70500 9.60178
C 145.74900 122.34700 9.47536
H 143.22100 126.47800 11.29490
H 142.09700 123.50000 11.12990
H 145.45300 124.13000 11.19330
H 146.47900 127.21100 11.21510
H 147.56500 121.69200 10.93680
C 141.49100 127.09000 9.62350
C 148.87900 122.93600 9.30701
C 152.26700 123.62200 9.52321
C 150.15300 125.92600 9.51659
C 153.43000 126.46800 9.61452
H 149.63100 127.77000 11.09550
H 148.63400 124.73600 11.00630
H 150.71300 122.34000 10.95380
H 154.06700 122.87600 11.09270
H 151.87500 125.31200 11.20960
C 160.88300 122.30300 9.48745
C 159.77200 127.70900 9.66474
C 155.52800 124.09900 9.50291
C 158.73100 124.66100 9.50659
C 157.64800 121.74600 9.40451
C 156.54600 127.04600 9.54013
H 155.18700 125.85800 11.20960
H 157.28800 123.49600 11.10020
H 158.34600 126.47700 11.13740
H 160.49100 124.11600 11.14150
H 161.54100 127.15900 11.31750
C 162.00600 125.34700 9.64770
C 167.22100 123.56200 9.70169
C 165.17700 125.86300 9.70616
C 164.13800 122.98100 9.66112
H 164.74200 127.74400 11.25880
H 163.67600 124.71500 11.35140
H 162.62900 121.67200 11.20240
H 166.95400 125.37700 11.36570
H 165.82800 122.33100 11.33490
C 143.58200 133.19400 9.61755
C 146.94600 133.80000 9.61400
H 145.43400 132.59600 11.13420
C 145.82200 130.71500 9.55696
C 142.44900 130.11500 9.55983
H 147.59600 130.17800 11.20510
H 142.17900 131.93300 11.21800
H 144.29500 129.55400 11.09880
C 147.90400 128.34300 9.51270
C 151.14800 128.98400 9.57868
H 151.93700 133.71400 11.45870
C 150.18300 134.35100 9.81361
C 149.12000 131.35500 9.65657
C 152.27400 131.96900 9.73548
C 154.48200 129.52500 9.64489
H 154.06100 131.26800 11.28200
H 148.68800 133.16300 11.35350
H 150.85800 130.72200 11.26590
H 152.95500 128.28300 11.12190
C 155.49900 132.50500 9.78175
C 157.61400 130.08400 9.63042
C 160.81300 130.74200 9.64427
C 158.65700 133.04100 9.63102
H 155.09300 134.29000 11.43890
H 156.19500 128.83000 11.21240
H 157.27600 131.86100 11.28810
H 159.39000 129.53700 11.24290
H 160.47200 132.57300 11.21640
C 161.95400 133.63200 9.55935
H 165.82900 130.72400 11.27990
C 165.18600 134.24700 9.59055
H 163.72900 133.10300 11.17440
H 166.90900 133.68500 11.23270
H 162.55700 130.12900 11.25100
C 162.99000 128.29600 9.64821
C 166.22600 128.88300 9.63977
C 164.09100 131.25400 9.62403
C 167.28400 131.84200 9.65178
C 144.93400 102.33400 12.19700
C 142.63700 104.72900 12.31560
C 145.91300 105.35900 12.16230
C 141.50000 101.68800 12.28960
C 148.12700 102.98500 11.97940
C 153.41900 101.29700 11.73130
C 151.25400 103.59900 11.85900
C 149.13000 106.05000 11.96090
C 152.27600 106.55200 11.90090
C 154.44600 104.29200 11.91080
C 156.66300 101.78500 11.93300
C 159.86300 102.40700 12.05050
C 157.69000 104.96500 12.10770
C 155.44900 107.29400 11.99970
C 160.95800 105.49700 12.23620
C 163.11500 102.99700 12.12740
C 166.29900 103.71600 12.10820
C 164.23500 105.96000 12.13870
C 167.27100 106.73900 12.18790
C 143.71400 107.61400 12.38490
C 146.99600 108.42400 12.14380
C 144.82500 110.80800 12.38700
C 142.68000 113.13500 12.52960
C 145.78700 113.80100 12.43390
C 141.54600 110.22400 12.52990
C 148.08400 111.37000 12.27580
C 150.25300 108.97500 12.06080
C 151.23500 112.02700 12.07030
C 153.32800 109.59200 11.95840
C 154.35300 112.68400 12.11880
C 149.18900 114.47600 12.30160
C 158.70600 107.82300 12.08780
C 156.56100 110.24100 12.11340
C 159.84400 110.84200 12.23540
C 160.87400 113.89600 12.37210
C 157.54000 113.23200 12.25400
C 162.00500 108.50600 12.20240
C 165.31700 109.01000 12.23970
C 163.07200 111.36400 12.24370
C 166.33100 112.00700 12.32870
C 164.19300 114.34600 12.43710
C 143.67200 116.23400 12.53410
C 146.91800 116.89000 12.34130
C 144.84400 119.18200 12.51180
C 141.57000 118.64400 12.62500
C 147.97600 119.73900 12.40650
C 150.11800 117.48500 12.33290
C 152.23700 114.97000 12.19150
C 153.34400 117.99700 12.38110
C 151.22700 120.46900 12.43880
C 154.38900 120.92600 12.56680
C 158.68400 116.21800 12.48120
C 155.38600 115.61800 12.37330
C 156.49800 118.63000 12.51240
C 159.76100 119.20500 12.60850
C 161.94300 116.84300 12.57730
C 167.27800 114.93900 12.49930
C 165.20800 117.42400 12.65870
C 163.03000 119.80200 12.72910
C 166.28800 120.41400 12.83930
C 142.51500 121.63900 12.67550
C 145.86800 122.19800 12.67180
C 143.60300 124.56100 12.81810
C 146.96300 125.35800 12.73780
C 144.63500 127.75300 12.82340
C 141.35300 126.93600 12.80920
C 152.18700 123.35100 12.68860
C 148.95700 122.91200 12.61370
C 153.38900 126.50000 12.76820
C 150.01300 125.92900 12.67920
C 155.54500 123.97600 12.76520
C 160.76100 122.22600 12.74100
C 158.71500 124.65200 12.73670
C 156.65900 127.01700 12.80610
C 159.62900 127.77500 12.78280
C 157.55800 121.63100 12.61840
C 163.99600 122.87100 12.92450
C 165.12800 125.90900 12.95810
C 167.33900 123.55200 12.91080
C 161.77700 125.32300 12.88020
C 142.57800 130.07300 12.82200
C 143.70500 133.14100 12.80080
C 146.82500 133.74000 12.87840
C 145.76100 130.71600 12.77280
C 148.00700 128.33200 12.84310
C 151.18300 128.83800 12.74560
C 150.11000 134.37300 13.02730
C 154.38400 129.36500 12.79330
C 152.27800 131.85000 12.93440
C 149.10300 131.24000 12.89480
C 160.79400 130.73000 12.83010
C 158.73900 133.05800 12.87590
C 157.60000 130.00500 12.83180
C 155.45700 132.40500 12.91030
C 165.07800 134.37200 12.72250
C 167.32000 131.92800 12.87140
C 164.00700 131.27100 12.79320
C 161.95200 133.75500 12.75510
C 163.00400 128.36300 12.92920
C 166.27600 128.91900 12.89590
C 169.51100 3.37692 9.69638
C 171.64200 0.96691 9.78578
C 172.75900 3.97803 9.79191
C 170.53800 6.49875 9.77747
H 169.10200 5.21837 11.30260
H 172.34600 5.85342 11.41180
H 171.24100 2.81000 11.37270
H 173.42300 0.44084 11.44520
C 168.40300 0.42295 9.66784
H 174.49600 3.36247 11.48290
H 167.96200 2.26625 11.24390
C 175.00000 1.51583 9.85501
C 176.08400 4.47445 9.90530
C 178.30000 2.22150 9.94569
C 179.21400 5.21544 9.98408
H 177.78500 3.98208 11.66900
H 176.80600 1.01933 11.46850
H 181.01900 4.66986 11.56070
H 175.59400 6.42333 11.40290
H 179.99900 1.64355 11.57860
C 181.52000 2.81261 10.02420
C 184.57200 3.35359 10.16410
C 182.58100 5.88331 10.00690
C 186.65800 0.86271 10.23560
C 187.86900 3.90071 10.13320
C 185.69300 6.41678 10.07200
C 183.50100 0.39394 10.17870
H 187.47100 5.82833 11.71040
H 186.38200 2.78968 11.81850
H 184.25300 5.27507 11.71750
H 183.10700 2.20126 11.83530
C 190.06700 1.54015 10.22630
C 191.21600 4.61630 10.15740
C 193.17700 2.14716 10.11120
C 194.36500 5.22336 10.14370
H 190.70600 6.40305 11.71790
H 191.83300 1.03482 11.84970
H 188.56500 0.41748 11.86440
H 192.93900 3.99978 11.75130
H 189.68900 3.45372 11.75770
C 173.84500 6.95913 9.74717
C 168.43200 8.78203 9.69906
C 169.45700 11.85180 9.76312
C 172.73500 12.38860 9.80654
C 171.65000 9.40900 9.77214
H 171.23400 11.25260 11.32970
H 170.16500 8.27651 11.46110
H 173.42400 8.81487 11.38890
H 174.54000 11.79220 11.33110
H 168.00300 10.59070 11.36770
C 174.96400 9.92965 9.79342
C 177.10200 7.60091 9.89515
C 180.32100 8.10372 9.94445
C 176.07000 13.02120 9.81952
C 178.12200 10.55920 9.87629
H 179.95100 10.03140 11.43850
H 177.79000 12.41890 11.48220
H 178.82300 7.03414 11.59390
H 176.68000 9.40537 11.50790
H 181.00500 13.10010 11.40570
C 181.47200 11.13820 9.92113
C 184.57800 11.72690 9.95274
C 183.64800 8.84673 10.11300
C 187.94800 12.32170 9.99803
C 186.77700 9.32937 10.02820
H 182.07000 7.66709 11.64030
H 185.31000 8.25175 11.65830
H 186.36800 11.22380 11.49580
H 183.10900 10.65070 11.67080
C 188.92100 7.02363 10.08250
C 192.14100 7.58124 10.10810
C 191.13100 12.94950 10.05380
C 189.98100 10.00420 10.06170
C 193.21400 10.61400 10.12850
H 192.88500 12.46650 11.72700
H 189.64800 11.81530 11.67090
H 193.93400 7.08243 11.73340
H 191.73300 9.41406 11.73420
H 188.52500 8.83388 11.62890
H 169.13500 13.65030 11.48800
H 168.14100 18.98230 11.16690
C 173.75900 15.36280 9.86612
C 170.69900 14.70360 9.83528
C 171.71600 17.82250 9.78153
C 168.57200 17.15050 9.65928
H 171.31400 19.66450 11.40820
H 172.40100 14.15600 11.51100
H 170.28900 16.58660 11.32370
H 173.44600 17.16250 11.41680
H 174.54800 20.22500 11.40300
C 169.65800 20.20100 9.62542
C 179.17200 13.53130 9.75775
C 174.87500 18.36340 9.86220
C 176.96300 15.97790 9.73785
C 180.23200 16.61850 9.72513
C 178.09400 18.95590 9.73815
H 175.57400 14.81500 11.44230
H 176.69600 17.80540 11.38990
H 179.94700 18.44390 11.36630
H 178.78100 15.40750 11.29110
H 184.24800 13.59350 11.54830
C 181.37500 19.66020 9.68330
C 182.58900 14.14390 9.80612
C 185.70300 14.62940 9.88163
C 183.58500 17.18470 9.75952
C 186.87400 17.72340 9.81035
H 185.33100 16.58620 11.40640
H 186.40600 19.60270 11.35970
H 182.07500 16.02090 11.32340
H 183.16200 19.06920 11.32530
H 187.45400 14.17620 11.54090
C 184.62100 20.20600 9.71841
C 194.29200 13.60310 10.08820
C 192.19600 15.97810 10.02770
C 188.86300 15.33190 9.93274
C 190.08000 18.31730 9.92717
C 193.36600 19.05310 10.06370
H 188.53300 17.22670 11.55220
H 193.96500 15.41650 11.74530
H 191.87100 17.83990 11.55940
H 190.65600 14.80680 11.62560
H 189.73600 20.21530 11.50740
C 172.78900 20.84110 9.78536
C 170.74200 23.18250 9.76857
C 173.99100 23.73030 9.83159
C 171.75400 26.13180 9.76734
H 172.46200 22.64500 11.47240
H 170.22200 25.00950 11.34580
C 168.53600 25.47590 9.61481
H 173.54400 25.64690 11.36080
H 169.20300 22.01650 11.28920
C 174.93700 26.70110 9.63715
C 180.41800 24.91200 9.78140
C 177.18900 24.33130 9.75823
C 179.19400 22.01020 9.76513
C 176.03900 21.35830 9.79309
H 179.99900 26.77580 11.28990
H 175.73200 23.19760 11.41970
H 176.73500 26.17350 11.28080
H 178.93500 23.78390 11.41870
H 177.81700 20.76060 11.39380
H 181.06300 21.44310 11.32990
C 182.53000 22.65250 9.76435
C 183.76700 25.58980 9.83414
C 186.80100 26.23210 9.79951
C 185.84200 23.10380 9.82177
C 187.93200 20.69030 9.81583
H 182.20300 24.44010 11.43870
H 185.49600 24.96900 11.45460
H 187.63400 22.59720 11.46560
H 184.28100 22.01540 11.35790
C 190.21600 26.77830 9.92108
C 191.31600 21.36570 9.96208
C 189.04200 23.82260 9.82801
C 192.24100 24.45690 9.94773
C 194.42500 22.04050 10.05930
H 188.63000 25.66950 11.43820
H 190.79000 23.25180 11.47220
H 191.96700 26.28420 11.63450
H 193.98800 23.87300 11.62650
H 193.00300 20.86130 11.70720
H 168.11800 27.38970 11.22600
H 174.60200 28.66910 11.14680
C 170.61500 31.46580 9.45255
C 172.77100 29.12410 9.58585
C 173.89000 32.14570 9.44769
C 169.55100 28.52000 9.55781
H 171.28200 28.03430 11.28850
H 172.38900 31.01380 11.07270
H 170.30500 33.38880 10.99600
H 169.07800 30.42990 11.10950
H 177.78500 29.19490 11.28550
C 177.14100 32.71310 9.55539
C 176.06300 29.72990 9.55351
C 178.20500 27.30150 9.66793
C 179.21200 30.40100 9.66932
C 180.24600 33.36340 9.74267
H 178.80200 32.22750 11.38050
H 181.02100 29.83720 11.27710
H 175.64100 31.58870 11.11600
C 181.46000 27.93880 9.68405
H 182.07400 32.78890 11.42880
C 185.78300 31.57670 9.91157
C 184.72700 28.64050 9.83540
C 182.56300 30.96570 9.80094
H 187.47100 31.03440 11.62690
H 185.35300 33.43020 11.43000
H 183.23000 27.40890 11.41790
H 184.30300 30.40150 11.51710
H 186.47200 28.01080 11.46940
C 187.90000 29.27490 9.93966
H 194.00000 32.25230 11.71060
C 193.46400 27.43690 9.99805
H 193.00400 29.25570 11.56670
H 189.74400 28.60380 11.52470
C 188.95900 32.18130 9.99798
C 194.49300 30.47840 10.05540
H 190.74400 31.62430 11.60010
C 192.31400 32.68980 10.00890
C 191.21600 29.80210 9.97198
C 169.40000 3.38942 12.95080
C 171.58200 0.99713 13.00940
C 172.67800 3.96018 13.02140
C 170.50000 6.33866 12.98510
C 168.29200 0.44685 12.88020
C 174.95800 1.47007 13.08230
C 175.93500 4.57457 13.10400
C 178.20900 2.09898 13.19190
C 179.27200 5.28736 13.19510
C 181.29700 2.88713 13.27410
C 186.71300 0.95452 13.48180
C 187.90100 4.02464 13.38650
C 182.43000 5.85619 13.24180
C 184.59700 3.43300 13.40500
C 185.69100 6.50005 13.28660
C 183.44100 0.29740 13.41720
C 194.32400 5.27280 13.33630
C 191.21200 4.63434 13.35810
C 190.02300 1.61860 13.43900
C 193.30800 2.24662 13.40080
C 173.78000 7.02046 13.05690
C 169.48000 11.74230 12.99490
C 171.67800 9.53119 12.99850
C 172.73300 12.28640 12.98630
C 168.36200 8.76224 13.01440
C 174.84000 10.05820 13.03620
C 175.91200 12.95670 13.00340
C 176.98300 7.57916 13.15690
C 180.23400 8.29029 13.16710
C 178.17000 10.57230 13.06420
C 181.25300 11.37730 13.14510
C 184.63900 11.80450 13.17450
C 183.50600 8.82496 13.25570
C 186.73700 9.46438 13.19590
C 187.75700 12.36690 13.14030
C 188.93600 7.06154 13.28280
C 192.13600 7.61023 13.36520
C 189.90700 10.07350 13.29620
C 193.25200 10.61390 13.34190
C 191.03300 12.99040 13.31650
C 168.43700 17.15370 12.89360
C 170.66900 14.82960 13.05730
C 173.82400 15.44160 13.06400
C 171.65100 17.72990 13.00840
C 169.43000 20.13340 12.94220
C 179.17700 13.71480 13.02520
C 174.85800 18.33090 12.97210
C 177.07100 15.98720 12.99220
C 180.22800 16.53980 12.93870
C 178.16500 18.94310 13.01610
C 181.44600 19.60580 12.96370
C 182.42500 14.30620 13.03400
C 185.71600 14.80400 13.13430
C 183.58600 17.23450 12.92990
C 186.68300 17.91720 13.07250
C 184.58700 20.18170 12.97170
C 194.36500 13.65270 13.38800
C 192.12500 15.97410 13.21490
C 188.87100 15.39250 13.19530
C 190.09000 18.35400 13.14570
C 193.33900 18.96280 13.25780
C 168.41800 25.57590 12.88960
C 172.83900 20.74130 13.03430
C 170.56400 23.22420 13.00380
C 173.95200 23.84810 13.03690
C 171.63800 26.22520 12.94770
C 175.04500 26.93000 12.85810
C 176.06700 21.34430 13.02910
C 179.28100 21.97600 12.99270
C 177.12300 24.44550 13.00010
C 180.40000 24.99820 13.00590
C 187.92500 20.68520 13.02090
C 182.49700 22.57210 12.97700
C 183.68100 25.56110 13.04940
C 186.86000 26.22380 13.12480
C 185.77400 23.08250 13.05020
C 194.35000 22.10690 13.33730
C 188.95500 23.85450 13.07030
C 192.16800 24.37590 13.20590
C 190.06000 26.78040 13.13660
C 191.15800 21.47080 13.14440
C 172.76800 29.20010 12.75130
C 169.46200 28.69070 12.80980
C 170.57500 31.57390 12.69990
C 173.84300 32.28710 12.64620
C 180.29000 33.45380 13.01110
C 178.22300 27.35470 12.88320
C 179.21000 30.43750 12.94810
C 176.01900 29.84780 12.84400
C 176.88600 32.87400 12.80470
C 181.35100 28.06260 12.91750
C 185.71200 31.67710 13.14740
C 187.90900 29.24510 13.17260
C 184.68200 28.53370 13.10550
C 182.42200 30.92270 13.00800
C 192.20400 32.82690 13.23700
C 194.38200 30.39690 13.22870
C 191.16300 29.80400 13.15580
C 188.94600 32.20930 13.17930
C 193.46100 27.44130 13.21380
C 169.50900 36.83460 9.31658
C 171.74500 34.57520 9.31166
C 172.75900 37.59380 9.17270
C 170.50700 39.98630 9.15341
C 168.44700 33.93140 9.40753
H 174.49200 37.10280 10.92170
H 171.41200 36.46990 10.88230
H 169.10900 38.81070 10.75000
H 172.29700 39.44800 10.78030
H 173.47500 34.05480 10.96550
H 168.04800 35.78430 10.95040
C 174.96000 35.24860 9.33418
C 176.01400 38.28590 9.39711
C 178.21500 35.80520 9.56302
C 179.19100 38.81590 9.36939
H 176.66700 34.60720 11.02480
H 180.91900 38.16930 11.01830
H 175.64900 40.12240 10.95690
H 179.93700 35.24030 11.30620
H 177.75200 37.65540 11.07550
C 181.49600 36.19800 9.57574
C 184.75500 36.81890 9.71606
C 182.54500 39.32790 9.52676
C 186.78300 34.55050 9.89997
C 187.93200 37.50790 9.84117
C 185.91900 39.90130 9.63345
C 183.59500 33.89230 9.78310
H 183.19100 35.81410 11.38140
H 187.54800 39.36700 11.40810
H 184.32400 38.78240 11.20390
H 186.42800 36.41610 11.48960
C 190.00400 35.17220 9.95739
C 191.10200 38.12490 9.88087
C 193.32800 35.70780 9.88505
C 194.48300 38.73710 9.87430
H 188.58600 34.02970 11.54070
H 192.92000 37.57820 11.46780
H 190.76200 39.97100 11.45980
H 189.64600 37.00270 11.57410
H 191.85000 34.57530 11.51120
C 173.78700 40.56290 9.27779
C 168.42000 42.33170 9.13265
C 171.67000 43.05780 9.19432
C 169.49900 45.49670 9.20517
C 172.78300 46.10660 9.34555
H 174.54900 45.51970 10.91310
H 173.45000 42.49810 10.82650
H 171.27000 44.84880 10.87650
H 170.18200 41.84140 10.77090
H 168.04700 44.19730 10.76070
C 174.99600 43.69140 9.30920
H 178.87200 40.59500 11.00630
C 177.14400 41.28540 9.35902
C 180.44500 41.70630 9.41356
C 178.29800 44.29430 9.41924
C 176.09000 46.74700 9.38600
H 180.02500 43.60510 11.02610
H 177.82000 46.07970 11.06940
H 181.04800 46.63220 11.17690
H 176.78200 43.12370 10.97140
C 179.33300 47.30800 9.47848
C 181.46000 44.85720 9.46176
C 183.62300 42.35870 9.48338
C 186.90100 42.96200 9.49837
C 184.72200 45.39850 9.58589
H 183.19200 44.20070 11.11370
C 187.97800 46.01490 9.60220
H 182.07300 41.16050 11.01400
H 186.47600 44.78130 11.12930
H 185.33400 41.82370 11.07750
C 189.01600 40.49500 9.74590
C 192.25800 41.19770 9.82945
C 190.16500 43.58190 9.66643
C 193.26500 44.27510 9.85628
C 191.21400 46.60420 9.86249
H 191.87200 43.01240 11.46550
H 194.03800 40.56810 11.43360
H 189.66900 45.34490 11.29120
H 188.61100 42.40090 11.22370
H 192.92600 46.04530 11.57270
H 169.13700 47.25560 10.86080
C 173.83900 49.02360 9.42425
C 170.55300 48.60110 9.35602
C 171.59200 51.60900 9.39760
C 168.58400 50.97350 9.38613
H 173.45100 50.97870 10.94330
H 171.19700 53.36220 11.04810
H 170.20700 50.37370 11.03390
H 172.29200 47.91960 11.01510
H 174.50900 53.95580 11.05580
C 169.48000 53.78900 9.34504
H 168.02900 52.76480 11.04340
C 174.90200 52.13330 9.37002
C 177.07000 49.70190 9.46851
C 180.51900 50.29230 9.53967
C 178.20900 52.62890 9.51039
H 176.60500 51.55390 11.09320
H 175.62900 48.50810 11.08380
H 178.90100 49.14530 11.08760
H 180.07000 52.11610 11.10270
C 181.51400 53.23860 9.51191
C 182.58300 47.78330 9.60705
C 185.79000 48.43260 9.70457
C 183.65100 50.72870 9.68651
C 186.88500 51.43920 9.65078
H 182.17000 49.59880 11.29670
H 184.35300 47.19710 11.26450
H 183.23200 52.60040 11.27380
C 184.67300 53.80130 9.71222
H 185.46000 50.24270 11.35150
H 186.47900 53.23290 11.33020
H 187.49500 47.77750 11.31660
C 194.44000 47.26530 10.03010
C 192.30700 49.60230 9.88829
C 189.00400 48.94020 9.76223
C 190.10300 52.00030 9.79486
C 193.35300 52.64630 9.81726
H 188.58500 50.83850 11.27580
H 191.86700 51.47970 11.41770
H 190.74900 48.45390 11.51400
H 194.04300 49.08470 11.65880
H 189.72800 53.85270 11.43870
C 168.43900 59.21200 9.16767
C 172.70800 54.43610 9.40093
C 170.62200 56.86800 9.24770
C 173.85700 57.34840 9.30656
C 171.79400 59.80400 9.14707
H 172.33600 56.28980 10.87350
H 169.14400 55.72680 10.90170
H 170.22700 58.75290 10.77790
H 173.44400 59.27920 10.82600
C 174.97400 60.39440 9.22964
C 180.45300 58.50060 9.49144
C 179.24900 55.60310 9.48249
C 177.10500 57.90910 9.32758
C 175.99800 55.08710 9.41555
H 176.75300 59.84270 10.88140
H 177.74100 54.51440 11.10410
H 178.88700 57.44220 11.01690
H 175.59400 56.90860 11.01910
H 179.92300 60.39800 11.04790
H 181.07200 55.04730 11.13650
C 186.77300 59.68080 9.62281
C 185.66500 56.86370 9.65291
C 182.61800 56.23320 9.62195
C 183.62600 59.24150 9.63904
C 187.99200 54.35110 9.75630
H 182.15300 58.05680 11.19990
H 184.30900 55.64200 11.32360
H 185.31800 58.68040 11.30770
H 187.44000 56.24590 11.30260
C 191.14700 55.07660 9.86769
C 188.98900 57.36510 9.78164
C 192.27100 58.02430 9.79101
C 194.42500 55.56860 9.87813
C 190.00100 60.35690 9.66828
H 188.55500 59.23890 11.34060
H 190.77900 56.90660 11.48090
H 192.94800 54.50230 11.46920
H 194.02500 57.48150 11.48430
H 191.87000 59.92450 11.25290
H 167.97200 61.03950 10.69960
C 174.01100 65.78110 9.10253
C 170.76000 65.22780 9.04669
C 172.78100 62.76500 9.13467
C 169.42700 62.27240 9.10737
H 174.56700 62.26030 10.77570
H 169.16800 64.10200 10.56870
H 171.26800 61.65200 10.72660
H 170.36100 67.03500 10.68990
H 172.48700 64.61890 10.72290
H 181.04100 63.45360 11.02290
C 179.38200 64.00700 9.27723
C 178.32300 60.95650 9.30431
C 176.14400 63.38220 9.19343
H 175.67000 65.18440 10.79840
H 177.87800 62.83230 10.85610
C 177.08600 66.35360 9.19370
C 180.41400 67.03130 9.35289
H 178.86400 65.81660 10.83440
C 187.84200 62.84510 9.59679
C 181.43800 61.57050 9.51926
H 186.40300 61.62230 11.17320
H 182.12800 66.42230 10.97950
H 185.38300 66.97520 11.18180
H 184.20500 64.05070 11.13260
H 187.62000 64.63610 11.29420
C 184.59800 62.19890 9.56057
C 185.84200 65.18260 9.62977
C 182.45300 64.62040 9.37592
H 183.15100 61.04060 11.23370
H 189.72500 62.25000 11.19170
C 194.50100 64.04390 9.72158
C 191.22700 63.50800 9.62936
C 193.37400 61.00360 9.67447
H 194.07100 65.87420 11.24240
H 192.97300 62.84970 11.28370
C 189.04300 65.77940 9.57049
C 192.28600 66.47990 9.66476
H 190.80800 65.27510 11.21360
C 169.62200 37.03800 12.43000
C 171.71200 34.72820 12.57480
C 172.74800 37.79160 12.56340
C 170.52500 40.03760 12.36870
C 168.49300 34.04510 12.63010
C 174.88400 35.29900 12.55990
C 175.95100 38.26080 12.61110
C 177.99100 35.86900 12.74180
C 179.22300 38.79580 12.68720
C 181.36700 36.53340 12.87320
C 184.61300 37.07140 13.01490
C 182.39600 39.35470 12.65680
C 186.77800 34.60540 13.09580
C 187.82200 37.60930 13.15510
C 185.64900 40.07160 12.82250
C 183.54900 34.00220 13.02970
C 190.06800 35.12550 13.14410
C 191.12900 38.18780 13.13180
C 193.22400 35.72720 13.10690
C 194.25700 38.81100 13.16570
C 173.71600 40.64550 12.41320
C 168.40400 42.35320 12.42080
C 171.56900 43.01780 12.47800
C 169.38700 45.43950 12.48370
C 172.74500 46.06410 12.58740
C 174.91400 43.55480 12.50280
C 177.12100 41.25870 12.60730
C 180.31800 41.79970 12.64170
C 178.23200 44.23320 12.66690
C 176.00000 46.58070 12.63530
C 181.41500 44.75220 12.77830
C 183.48300 42.29210 12.70240
C 186.78200 42.93860 12.77080
C 184.65600 45.29810 12.77140
C 187.82800 45.96170 12.85320
C 188.99200 40.69300 12.96090
C 192.27000 41.13700 13.05210
C 189.96100 43.55380 12.96480
C 193.33600 44.14380 13.15180
C 190.98000 46.56630 13.06420
C 168.37500 50.90040 12.59800
C 173.80700 49.15930 12.59480
C 170.42800 48.44680 12.57960
C 171.68400 51.53120 12.64160
C 169.39700 53.98600 12.66390
C 174.81900 52.13730 12.69740
C 179.23900 47.31460 12.76630
C 177.04300 49.64500 12.70900
C 180.29800 50.34040 12.80750
C 178.17000 52.63340 12.64910
C 181.41500 53.27840 12.84650
C 182.54500 47.70620 12.87010
C 185.77300 48.38800 12.95580
C 183.61200 50.81780 12.91630
C 186.88000 51.43870 12.99690
C 184.67600 53.81970 12.87900
C 194.37800 47.18090 13.26000
C 192.16800 49.71860 13.15620
C 188.80800 49.00210 12.97230
C 189.97300 51.94640 12.98100
C 193.29400 52.69320 13.08140
C 168.46700 59.35930 12.38810
C 172.66400 54.58960 12.58380
C 170.60400 56.96040 12.44550
C 173.70600 57.50320 12.48670
C 171.65400 59.89520 12.43610
C 177.10600 58.08160 12.61010
C 180.29400 58.62030 12.69930
C 179.18800 55.60380 12.68560
C 175.93900 55.10410 12.67970
C 174.87900 60.47350 12.44530
C 186.74700 59.89830 12.91620
C 182.42600 56.20990 12.84650
C 185.66100 56.86400 12.93980
C 183.49800 59.21120 12.89040
C 187.83800 54.44850 12.96260
C 190.05600 60.48880 12.88170
C 192.21200 58.17090 13.00380
C 191.12200 55.15580 13.05770
C 188.87300 57.37510 12.96610
C 194.33000 55.63760 13.16770
C 169.43800 62.25930 12.23980
C 172.77800 62.77930 12.36620
C 170.61700 65.13350 12.30130
C 173.93400 65.71180 12.42200
C 180.27400 66.98370 12.49580
C 176.06200 63.35690 12.41720
C 178.08500 61.09640 12.54050
C 177.03500 66.36860 12.41650
C 179.19400 64.03930 12.52210
C 181.23600 61.64940 12.71180
C 185.71300 65.12880 12.78840
C 187.90900 62.72200 12.82600
C 182.40500 64.65910 12.69890
C 184.61900 62.28230 12.81090
C 191.13400 63.43370 12.85160
C 194.39100 64.05630 12.91690
C 192.28900 66.33740 12.89590
C 189.10100 65.83650 12.89000
C 193.24200 61.03750 13.01140
C 169.71100 70.67150 8.92224
C 171.93300 68.09730 9.02667
C 172.97600 71.24090 9.00488
C 170.79100 73.59190 8.96278
C 168.53100 67.54040 9.01546
H 169.30000 72.46550 10.59780
H 172.52200 72.99590 10.67680
H 174.66000 70.60120 10.70830
H 173.63400 67.60060 10.78770
H 171.46700 69.98650 10.46730
H 168.26000 69.47630 10.55250
C 175.08300 68.79090 9.13426
C 176.07000 71.80590 9.01249
C 178.26000 69.28550 9.19738
C 179.35800 72.29530 9.14533
H 181.08400 71.83270 10.83520
H 177.83100 71.23410 10.66850
H 176.77400 68.17500 10.79770
H 175.77900 73.62330 10.57650
H 179.98500 68.86680 10.93790
C 181.49100 69.99400 9.26842
C 183.65900 67.53660 9.43646
C 184.75400 70.53550 9.39832
C 182.55800 72.90240 9.20162
C 186.88300 68.16060 9.53628
C 187.99200 71.17300 9.53988
C 185.77600 73.57900 9.32959
H 183.16700 69.42520 10.97170
H 187.47200 73.05030 11.07600
H 184.28000 72.40970 10.93200
H 186.45000 70.02890 11.08170
C 190.09600 68.82840 9.67135
C 191.09000 71.79200 9.52029
C 193.35600 69.34370 9.60557
C 194.35800 72.44600 9.41937
H 192.94100 71.27360 11.08250
H 189.68400 70.67310 11.25670
H 190.73900 73.66080 11.09440
H 188.67900 67.58910 11.16700
H 191.89400 68.27690 11.34580
C 173.91600 74.13820 9.00186
C 169.78600 78.99080 8.82236
C 172.89800 79.50680 9.03749
C 171.71400 76.62380 8.94793
C 168.61200 76.05560 8.82790
H 173.56100 76.02220 10.51460
H 174.61700 78.97280 10.73780
H 171.40200 78.38860 10.62990
H 170.36700 75.37990 10.55730
H 168.11400 77.90480 10.30420
C 175.09100 77.29090 8.99836
H 178.91300 74.24430 10.60710
C 177.17000 74.87500 8.98720
C 180.37900 75.53780 9.11538
C 176.01800 80.28350 9.19108
C 178.28200 77.92590 9.14177
H 181.10500 80.26700 10.85190
H 177.83500 79.72860 10.74420
H 179.99100 77.28150 10.80750
H 176.79300 76.68800 10.60420
C 181.47400 78.47310 9.16784
C 184.69100 78.98270 9.25848
C 183.64800 75.99000 9.19988
C 186.76900 76.60710 9.36986
H 185.31400 75.38440 10.95890
H 186.44900 78.46280 10.90050
H 183.16300 77.80210 10.82020
H 182.12900 74.83620 10.69560
C 187.96700 79.59390 9.29761
C 188.94200 74.19470 9.47221
H 194.00800 74.26780 11.02900
C 192.17500 74.86860 9.43638
C 191.14000 80.22790 9.40716
C 189.99900 77.17870 9.46943
C 193.34500 77.75330 9.51425
H 188.47000 76.05730 11.06930
H 192.85000 79.63610 11.05760
H 191.80300 76.66850 11.10690
H 189.68700 79.06630 11.03520
H 169.22200 80.83440 10.37760
C 168.79100 84.43900 8.69447
C 173.99600 82.64400 9.11423
C 170.87000 82.05100 8.93807
C 171.92800 85.02100 8.99326
H 173.54700 84.45920 10.72810
H 172.53200 81.38650 10.64770
H 170.33400 83.85910 10.54710
H 171.38200 86.85240 10.53270
H 174.67300 87.47480 10.86650
H 168.14600 86.26760 10.20340
C 169.71100 87.49350 8.78179
C 179.34800 80.87450 9.22732
C 175.04600 85.67630 9.19712
C 177.21400 83.17890 9.27093
C 180.40000 83.99840 9.36315
C 178.31200 86.29670 9.34859
H 175.66100 82.02610 10.84600
H 178.91300 82.68880 10.87220
H 179.95300 85.70800 11.10020
H 176.80800 85.07630 10.85630
H 184.26800 80.80610 10.87190
C 181.42100 86.94010 9.52412
C 182.54500 81.51970 9.27828
C 185.78500 82.04970 9.35537
C 183.62700 84.57020 9.39569
C 186.75500 85.11790 9.55729
H 187.57400 81.41180 10.91040
H 185.32200 83.81050 11.05530
H 186.44400 86.85740 11.27530
H 182.19600 83.32230 10.94370
H 183.17700 86.28860 11.12740
C 184.73400 87.43880 9.59291
C 194.38100 80.80530 9.49180
C 192.13200 83.40700 9.48936
C 188.99200 82.76600 9.41274
C 190.05300 85.65820 9.62122
C 193.30200 86.29720 9.70944
H 193.96800 82.66220 10.97200
H 190.73100 82.07300 11.05310
H 188.53800 84.40930 11.17320
H 191.83200 85.10630 11.25400
H 189.66300 87.42400 11.29620
C 168.59700 92.84710 8.94373
C 172.97600 88.02890 9.13195
C 171.84100 93.46440 9.24050
C 173.90100 91.14280 9.29331
C 170.81500 90.41200 9.00608
H 173.50700 92.88760 10.98840
H 170.31500 92.20100 10.63470
H 172.45300 89.82120 10.77830
H 169.22000 89.25760 10.49140
C 175.00900 94.03170 9.39002
C 176.21400 88.61690 9.27739
C 179.42000 89.34830 9.50060
C 177.20200 91.72710 9.37237
C 180.40000 92.39130 9.69873
H 181.06000 88.72530 11.22030
H 178.87700 91.12570 11.15230
H 177.87700 88.12120 11.01880
H 176.67200 93.44360 11.09480
H 175.68800 90.44680 10.81380
H 179.94800 94.11650 11.44660
C 186.95900 93.51400 9.81450
C 187.87500 88.09090 9.68804
C 182.54100 89.98050 9.66834
C 185.75700 90.52260 9.71149
C 183.66100 92.97320 9.74566
H 185.37400 92.26710 11.35370
H 182.17500 91.75660 11.31140
H 184.32700 89.25480 11.23670
H 187.46600 89.87380 11.39420
C 190.03300 94.16620 9.92743
C 188.87800 91.16890 9.81983
C 191.12700 88.68200 9.71233
C 192.23800 91.77470 9.83091
C 194.33600 89.40000 9.80422
H 188.58800 92.92560 11.53560
H 194.00700 91.17100 11.50600
H 192.87100 88.13750 11.35890
H 190.74200 90.51840 11.33850
H 191.80700 93.54310 11.51290
C 172.86900 96.35280 9.23006
C 170.71500 98.95400 9.12321
C 173.98200 99.38410 9.27923
C 169.68300 95.88150 9.08794
H 171.32200 95.27130 10.80210
H 174.53700 95.86130 11.03620
H 169.26000 97.74100 10.63070
H 172.37400 98.24930 10.75450
H 170.23800 100.71000 10.78700
H 168.15500 94.70080 10.57740
H 175.68400 98.87220 10.97660
H 178.85200 99.44120 11.09150
H 177.79100 96.48290 11.17480
H 181.00200 97.09130 11.16800
C 178.26600 94.64110 9.66371
C 177.17100 100.07300 9.41557
C 179.27200 97.57220 9.53445
C 180.35700 100.65300 9.61738
C 176.06900 97.00120 9.45966
C 181.42700 95.20690 9.71640
H 183.16300 94.69470 11.42050
H 186.40400 95.30910 11.49230
C 184.65700 95.85400 9.79536
C 187.89500 96.58310 10.00060
C 182.58400 98.29350 9.70223
C 185.84500 98.80100 9.86489
H 185.35400 100.60600 11.53510
H 184.24400 97.63800 11.40880
H 187.53600 98.31270 11.64590
H 182.07400 100.05900 11.30710
C 188.99300 99.40110 9.97282
C 193.27400 94.65590 9.89448
C 191.16300 96.94540 10.01730
C 194.30200 97.58770 9.88762
C 192.12800 99.98780 9.90980
H 189.63100 95.87590 11.62490
H 192.94300 96.43960 11.58030
H 190.73800 98.81270 11.60840
H 194.02900 99.50900 11.42460
C 169.80100 70.64270 12.17400
C 171.78700 68.28880 12.23040
C 172.77600 71.14590 12.24100
C 170.69300 73.58990 12.26980
C 168.48600 67.62100 12.26590
C 175.03300 68.79910 12.40190
C 176.06400 71.82700 12.26570
C 178.17500 69.45730 12.39290
C 179.20700 72.49300 12.29940
C 181.42300 70.09540 12.54750
C 183.49100 67.59400 12.65460
C 184.56900 70.62100 12.64620
C 182.43300 73.10960 12.42260
C 186.80700 68.18360 12.70570
C 187.81500 71.23360 12.72850
C 185.63200 73.63110 12.61960
C 190.07000 68.81860 12.83870
C 191.09400 71.79750 12.73690
C 193.29000 69.57230 12.87240
C 194.38900 72.53260 12.68810
C 174.06200 74.26460 12.17140
C 169.49200 79.05320 12.08110
C 171.85200 76.48850 12.17150
C 172.78000 79.54600 12.27950
C 168.41900 76.08060 11.99250
C 175.02200 77.08040 12.22140
C 177.16900 74.83570 12.20590
C 180.33900 75.35970 12.26290
C 178.13700 77.83270 12.30430
C 175.98700 80.19030 12.34920
C 181.42300 78.41430 12.46560
C 184.58200 78.93030 12.45200
C 183.44100 75.99520 12.42710
C 186.60400 76.71010 12.57910
C 187.88700 79.57700 12.56550
C 188.92200 74.22740 12.68430
C 192.22300 74.81550 12.68870
C 189.98200 77.23270 12.67480
C 191.06300 80.23250 12.70140
C 193.23300 77.81910 12.71760
C 168.36400 84.42940 11.92790
C 170.64000 81.99790 12.12890
C 173.83300 82.59720 12.37990
C 171.67200 85.04340 12.24420
C 169.42800 87.29840 12.03080
C 179.20900 80.77300 12.41300
C 174.98700 85.58070 12.45820
C 177.11500 83.20680 12.45900
C 180.38500 83.80190 12.53670
C 178.11800 86.27570 12.65700
C 181.39500 86.81130 12.75430
C 182.52400 81.39970 12.51770
C 185.75300 81.80790 12.52450
C 183.56400 84.39320 12.69640
C 186.70100 84.93750 12.78330
C 184.61600 87.41140 12.85830
C 194.30400 80.84360 12.66930
C 192.23300 83.20160 12.68510
C 188.90700 82.48620 12.68780
C 193.22300 86.24000 12.98090
C 190.01900 85.56430 12.86040
C 168.46900 92.83750 12.15400
C 171.59900 93.43660 12.40150
C 172.71100 87.94930 12.33690
C 173.85700 90.96880 12.44890
C 170.54500 90.37280 12.25790
C 174.87400 94.01270 12.71250
C 176.06100 88.67920 12.53630
C 180.30300 92.20950 12.95080
C 176.94800 91.54920 12.64220
C 179.26600 89.24100 12.77650
C 186.71400 93.39630 13.07460
C 185.63600 90.42810 12.97990
C 182.52100 89.82110 12.86220
C 187.87400 87.96220 12.94170
C 183.61000 92.86440 12.97880
C 194.30200 89.26040 13.00800
C 192.18900 91.62590 13.07060
C 188.98400 91.02340 13.04880
C 190.04700 94.03760 13.22140
C 190.99400 88.66410 13.00220
C 173.72200 99.38770 12.44510
C 170.61700 98.84540 12.38440
C 172.59700 96.50500 12.45900
C 169.44300 95.96380 12.27640
C 180.17100 100.64000 12.83300
C 177.95000 94.66230 12.82960
C 177.08100 100.00100 12.69990
C 179.20700 97.65890 12.74570
C 175.92400 97.05050 12.67590
C 181.35200 95.44850 12.94540
C 185.63300 98.76790 13.16130
C 184.54000 95.80250 13.07840
C 187.77400 96.47610 13.17400
C 182.34600 98.22810 12.90550
C 192.25700 100.12400 13.06910
C 193.27500 94.65060 13.18730
C 191.18000 96.97430 13.20970
C 189.01200 99.52550 13.19160
C 194.32300 97.74540 13.13120
C 169.57600 104.34200 9.07480
C 171.67700 101.84200 9.16582
C 172.87400 104.80800 9.32078
C 170.70100 107.34800 9.14965
C 168.52500 101.20800 9.05299
H 173.43000 101.27300 10.78260
H 171.24300 103.64000 10.80490
H 169.10300 106.17300 10.66870
H 172.31400 106.59700 10.83250
H 174.49600 104.26100 11.07160
H 168.04400 103.13800 10.47900
C 175.00000 102.52000 9.35275
C 175.92200 105.44200 9.47959
C 178.17400 103.04100 9.54957
C 179.22800 105.99500 9.54713
H 180.94400 105.44900 11.17690
H 176.68400 101.82600 11.09700
H 179.86800 102.45000 11.24300
H 177.65500 104.86700 11.07650
H 175.51900 107.25600 11.09690
C 181.33300 103.61400 9.59135
C 184.64800 104.33900 9.67081
C 182.48400 106.52900 9.61121
C 186.79700 101.83400 9.89555
C 188.00700 104.81500 9.85904
C 185.71400 107.25900 9.72890
C 183.67900 101.18300 9.76238
H 183.10500 103.12200 11.20820
H 187.46000 106.71700 11.38440
H 184.19200 106.09300 11.36180
H 186.38500 103.73500 11.40060
C 189.98400 102.49200 9.90801
C 191.07300 105.43700 9.92039
C 193.39000 103.12800 9.96268
C 194.40800 106.14600 9.93182
H 188.58200 101.31600 11.50990
H 189.67700 104.29200 11.56240
H 191.83900 101.92400 11.43910
C 173.88800 107.90300 9.39434
C 171.76300 110.31500 9.16372
C 169.61200 112.77000 9.23387
C 172.84000 113.40000 9.44703
C 168.49800 109.72300 9.04928
H 173.38700 109.70900 10.89670
H 170.22900 109.14500 10.72600
H 174.50000 112.68200 11.21290
H 171.34300 112.08200 10.81600
H 168.11400 111.47900 10.70440
C 174.90100 110.97100 9.48068
C 176.97600 108.44900 9.52242
C 180.23400 109.02100 9.56383
C 178.16900 111.54000 9.56960
C 176.02900 113.81900 9.60258
H 179.83800 110.84500 11.19170
H 178.74200 107.83300 11.13980
H 176.64300 110.26600 11.09860
H 177.70000 113.29900 11.29970
H 180.88400 113.89300 11.46410
C 181.36800 112.08100 9.76543
C 183.51000 109.71300 9.69151
C 186.71000 110.39100 9.66755
C 184.41000 112.72600 9.84730
H 182.01500 108.42700 11.19480
H 185.30400 109.11200 11.30800
H 183.03900 111.42800 11.46130
C 187.82300 113.43300 9.82167
C 188.98700 107.89900 9.74536
C 192.26400 108.41300 9.87569
C 190.03700 111.02600 9.80106
C 193.30500 111.42100 9.87053
C 191.11600 113.89400 9.85735
H 169.16500 114.49600 10.96630
H 168.01700 119.91000 11.09780
C 173.81300 116.28700 9.58473
C 170.67600 115.69400 9.42660
C 171.70500 118.63000 9.38742
C 168.44800 118.10400 9.47592
H 173.43100 118.14300 11.12950
H 170.20800 117.50100 11.01280
H 172.32300 115.12300 11.13890
H 171.28400 120.49300 10.93720
H 174.42900 121.13800 11.31710
C 169.36000 121.14200 9.49306
C 179.24500 114.53100 9.73170
C 174.95900 119.39500 9.66967
C 177.02600 116.91700 9.66259
C 180.22900 117.51800 9.84189
C 178.14700 119.95900 9.75682
H 176.67200 118.69900 11.34690
H 175.56500 115.64200 11.21190
H 178.74800 116.30800 11.35740
H 179.87000 119.34900 11.34380
C 181.33000 120.58400 9.90839
C 182.32700 115.13900 9.88652
C 185.60900 115.54300 9.97496
C 183.36500 118.10200 9.85502
C 186.74600 118.71900 9.96169
H 181.96100 116.92600 11.50720
C 184.62700 120.97600 9.92238
H 183.06800 119.91300 11.45930
C 194.24200 114.43800 9.80544
C 192.10500 116.90200 9.91986
C 188.83900 116.33400 9.95532
C 189.90500 119.37400 9.94333
C 193.16600 119.91700 9.96808
C 172.79200 121.77500 9.50694
C 170.53300 124.03700 9.66290
C 173.73700 124.74000 9.68439
C 171.63000 127.10600 9.73726
C 168.47300 126.45600 9.68702
H 169.04500 122.84500 11.22280
H 172.28300 123.46100 11.21960
H 170.18800 125.88000 11.38370
H 173.41100 126.45000 11.39000
C 174.80200 127.78200 9.83427
C 180.32400 125.92400 9.85096
C 179.36100 122.81000 9.93953
C 177.07600 125.27600 9.74301
C 176.04600 122.26200 9.71940
H 175.55600 124.08400 11.24580
H 177.73800 121.73700 11.42450
H 180.99900 122.26300 11.65790
H 176.63600 127.11500 11.34740
H 178.81900 124.69400 11.39380
H 179.86900 127.68500 11.44940
C 187.76300 121.70800 10.06120
C 186.74600 127.10900 9.89046
C 182.29400 123.42200 9.93915
C 183.52300 126.58400 9.99158
C 185.59900 124.12200 9.88961
H 182.06200 125.27600 11.52090
H 185.34100 125.94600 11.53680
H 184.18300 122.86400 11.49560
C 191.16800 122.30000 10.02130
C 194.39200 122.93200 10.14290
C 190.15600 127.72300 10.20400
C 192.30900 125.34100 10.11990
C 188.98000 124.66400 9.91367
H 168.03600 128.32800 11.26010
C 170.63700 132.54400 9.70506
C 172.66500 130.14800 9.76652
C 169.51200 129.50400 9.63435
C 173.87200 133.08500 9.80816
H 169.13400 131.33000 11.25670
H 171.24800 128.96400 11.38220
H 174.43900 129.61400 11.46470
H 170.14200 134.33400 11.35650
H 172.34300 131.95000 11.39080
H 177.70300 130.06300 11.54590
H 178.91300 133.05900 11.52080
H 175.61100 132.56600 11.43710
C 175.97700 130.69900 9.85352
C 177.24400 133.55500 9.86291
C 179.29800 131.19500 9.97432
C 180.37100 134.30000 9.99443
C 178.15500 128.27400 9.83463
H 181.01600 130.62200 11.64300
H 183.05800 128.23900 11.76100
H 184.21200 131.21600 11.80660
C 181.41200 128.88100 9.99839
H 182.01900 133.61000 11.70740
C 184.55000 129.40800 10.18740
C 188.18900 130.12100 10.17660
C 185.64100 132.36700 10.17230
C 182.53000 131.79100 10.10900
H 185.26800 134.19000 11.83470
H 187.46400 131.88100 11.76930
H 186.48900 128.92100 11.53590
C 189.12800 133.04700 10.25490
C 191.27900 130.56900 10.36870
C 192.21700 133.67500 10.23660
C 194.39700 131.29100 10.31040
C 193.41800 128.39200 10.30400
H 190.85300 132.44900 11.93940
H 193.97900 133.16000 11.87950
C 169.37000 104.28400 12.21910
C 171.60100 101.81600 12.43530
C 172.61100 104.82500 12.49740
C 170.51000 107.29100 12.34420
C 168.30200 101.35600 12.16360
C 174.78000 102.37000 12.56150
C 175.82500 105.40000 12.71630
C 178.06900 103.07200 12.74560
C 179.07200 105.98300 12.72300
C 181.28600 103.62400 12.83680
C 183.44000 101.32600 12.93310
C 184.50500 104.25300 12.97200
C 186.79400 101.92900 13.11150
C 187.86400 104.94600 13.09700
C 182.27400 106.59700 12.88860
C 185.65500 107.25000 12.95340
C 190.02500 102.43200 13.12930
C 191.11800 105.52600 13.11250
C 193.12900 103.16600 13.14420
C 194.32700 106.07400 13.14480
H 190.69800 107.31100 11.46080
H 192.88400 104.94600 11.49080
C 173.62100 107.83000 12.48560
C 168.34200 109.58600 12.24750
C 171.58500 110.24700 12.44330
C 169.53400 112.59600 12.43340
C 172.59400 113.20300 12.63980
C 174.75200 110.75600 12.66490
C 176.97200 108.40400 12.74280
C 180.14000 108.96400 12.75440
C 175.84400 113.83600 12.88290
C 178.02100 111.40700 12.82370
C 181.16400 111.93500 12.96620
C 186.69400 110.32200 12.95720
C 184.58000 112.55600 13.04600
C 187.71800 113.20800 13.16170
C 183.44600 109.49500 12.93840
H 186.32900 112.18100 11.33980
C 188.91300 107.95700 13.00510
C 192.19600 108.48800 13.09080
C 189.93400 110.87500 13.00380
C 193.14600 111.43800 13.10990
C 191.06600 113.80900 13.15210
H 193.97800 107.91700 11.57040
H 191.74700 110.28600 11.40970
H 192.80200 113.23700 11.46910
H 189.55600 112.76500 11.50690
H 188.47800 109.76200 11.28040
C 168.41200 117.97100 12.61830
C 170.53600 115.74700 12.69060
C 171.57500 118.70400 12.62120
C 173.78200 116.32700 12.77590
C 169.59200 120.97600 12.70030
C 179.01700 114.46900 13.04280
C 174.79900 119.25000 12.85870
C 180.11800 117.54300 12.99970
C 176.90500 116.83500 12.92230
C 178.10800 119.91400 12.96670
C 181.25800 120.50500 13.04400
H 184.04100 114.53100 11.60020
C 186.67300 118.53800 13.18050
C 182.20500 115.11500 13.17970
C 185.54300 115.71700 13.15400
C 183.43700 118.20100 13.06420
C 184.43700 120.98700 13.15000
H 186.29400 120.46200 11.67040
H 187.42300 115.12500 11.60150
H 185.19200 117.50500 11.42270
C 194.30700 114.38800 13.07140
C 192.23400 116.78000 13.13540
C 188.92000 116.34100 13.20230
C 193.29500 119.73300 13.23530
C 189.96100 119.29600 13.28230
H 189.63900 121.12200 11.64760
H 193.96200 116.25200 11.43400
H 190.65700 115.66000 11.53550
H 191.72500 118.69800 11.59710
H 188.51600 118.16100 11.60080
C 171.65400 127.11700 12.98690
C 168.44100 126.59300 13.00830
C 173.77000 124.51300 12.89200
C 172.53700 121.59500 12.80230
C 170.49900 124.00700 12.88410
C 174.84300 127.69300 12.97490
C 180.21400 125.83900 13.03450
C 176.95100 125.24900 12.90650
C 179.13800 123.00000 13.08860
C 175.90300 122.24900 12.92490
C 185.68900 124.02100 13.04400
C 187.75000 121.78300 13.14680
C 182.50600 123.45500 13.18210
C 183.54600 126.36000 13.22590
C 186.77100 127.08900 13.15900
H 187.46200 123.48500 11.37480
C 188.81500 124.59600 13.08010
C 192.19200 125.20900 13.40820
C 189.93800 127.40100 13.32220
C 194.36800 122.82800 13.33860
C 191.05600 122.35000 13.29150
H 194.02900 124.73400 11.80610
H 188.51700 126.50600 11.50550
H 191.92100 127.08900 11.83250
H 190.78400 124.14800 11.60130
H 192.89100 121.67200 11.72880
C 169.44400 129.51700 12.92580
C 172.64900 130.17400 13.06280
C 173.75200 133.05400 13.05070
C 170.50600 132.54100 12.96080
C 180.18900 134.26400 13.21190
C 179.21100 131.26100 13.14870
C 177.13200 133.62500 13.11670
C 178.06300 128.11700 13.03330
C 175.95400 130.72600 13.07380
C 181.18400 128.73900 13.20590
C 187.92400 129.97700 13.31520
C 184.68900 129.29500 13.21530
C 185.69400 132.27300 13.42490
C 182.35300 131.77500 13.33910
C 191.18400 130.60500 13.61250
C 192.19500 133.71400 13.54050
C 188.97700 132.92700 13.44070
H 189.71600 129.44400 11.98910
H 192.99800 130.12400 11.98870
C 194.41500 131.40900 13.53130
C 193.42300 128.20100 13.50770
C 199.77900 3.42322 10.21190
C 200.77100 6.37418 10.16920
C 196.51400 2.92406 10.14550
C 197.54900 5.94740 10.20570
C 198.64700 0.36546 10.18900
H 199.34200 5.26385 11.83440
H 196.12300 4.69491 11.78850
H 198.29600 2.25098 11.77520
H 195.02800 1.72891 11.71100
C 201.90200 0.96409 10.21580
C 205.18800 1.71523 10.16900
C 202.95700 3.99513 10.19710
C 206.24200 4.67854 10.17210
H 205.90600 6.47886 11.78930
H 201.56500 2.81939 11.82120
H 202.55500 5.85391 11.82910
H 204.77300 3.54947 11.82210
H 207.01400 1.10185 11.72230
H 203.75500 0.51431 11.73030
H 208.02700 4.10393 11.78260
C 208.43400 2.29796 10.11600
C 211.70900 2.83454 10.08540
C 209.47800 5.22346 10.15920
C 212.91200 5.91689 10.18120
C 213.94700 0.46198 10.08270
H 210.22400 1.69126 11.74100
H 214.63000 5.26828 11.85540
H 211.38000 4.70751 11.68980
H 213.51100 2.28789 11.72030
C 221.31500 4.69961 10.07800
C 214.96000 3.48127 10.12100
C 217.13600 1.02559 10.10160
C 220.22900 1.71688 10.06310
C 218.14600 4.05709 10.10600
C 216.09000 6.42750 10.18390
H 221.00200 6.50966 11.72320
H 217.85100 5.84870 11.81590
H 219.92000 3.45140 11.76840
H 218.91500 0.41616 11.68050
H 216.71700 2.86735 11.72750
C 199.86100 11.76990 10.05390
C 198.55400 8.72438 10.13030
C 196.50200 11.22570 10.05560
C 195.42300 8.18866 10.16620
H 200.39800 8.26267 11.71380
H 195.06600 10.10010 11.71100
H 196.12700 13.09490 11.65470
H 197.13000 7.66838 11.93570
H 198.32600 10.64280 11.66480
H 201.60300 11.25360 11.78860
C 204.06600 6.90860 10.19130
C 201.96500 9.40487 10.16860
C 207.40400 7.65857 10.18970
C 205.27300 10.04190 10.08730
C 203.12500 12.31190 10.05270
C 206.24400 12.99880 10.09090
H 207.02700 9.49919 11.74250
H 204.78100 11.84150 11.70340
H 203.80700 8.83162 11.74940
H 208.11200 12.51800 11.68560
C 208.54300 10.68440 10.13150
C 210.58300 8.23230 10.17970
C 211.75800 11.26890 10.24670
C 213.77500 9.01910 10.16870
H 209.18200 7.06480 11.82870
H 210.24500 10.07110 11.81460
H 211.32600 13.12770 11.73510
H 212.40900 7.73593 11.79720
H 213.47200 10.73320 11.94520
C 221.39800 13.01520 10.07590
C 214.95400 11.91300 10.29950
C 219.20600 7.15476 10.11480
C 216.96600 9.53726 10.14540
C 220.24300 10.13300 10.05060
C 217.99300 12.52850 10.15020
H 218.82500 8.93747 11.72040
H 216.72000 11.31710 11.91430
H 215.59500 8.29513 11.71760
C 200.83100 14.76170 9.97907
C 197.62700 14.24780 10.02090
C 198.68200 17.27170 9.99412
C 196.46800 19.62450 10.06480
C 195.35700 16.60430 10.07570
H 200.50900 16.70720 11.57890
H 195.11600 18.45190 11.68100
H 197.22300 16.06990 11.57140
H 198.30800 19.09790 11.59680
C 199.85800 20.22380 10.06200
H 199.44500 13.61050 11.69310
C 202.08200 17.79650 9.96453
C 204.14100 15.49100 10.00690
C 207.34300 16.11020 10.07560
C 205.22400 18.48170 10.11680
H 201.63500 19.62850 11.66750
H 202.68100 14.27670 11.56280
H 203.73700 17.25810 11.69710
H 205.86900 14.88790 11.59530
H 207.00200 17.99570 11.68350
H 204.85800 20.29740 11.72370
C 209.56600 13.69330 10.07650
C 208.49400 19.15820 10.11870
C 210.62200 16.71520 10.11900
C 212.70400 14.31710 10.10930
C 213.83800 17.20480 10.08850
C 211.52500 19.75250 10.03490
H 214.49300 13.80190 11.77300
H 209.11900 15.53860 11.70680
H 210.21000 18.53310 11.77610
H 212.34400 16.12560 11.76370
H 213.47900 19.14260 11.51630
C 219.36300 15.37370 10.06810
C 216.04500 14.79820 10.11530
C 217.13700 17.75300 9.93563
C 220.47300 18.42980 9.99182
C 214.92400 20.19960 9.80346
C 200.92600 23.19060 10.03010
C 195.49000 24.99650 10.00540
C 198.84500 25.68270 10.05540
C 197.73100 22.45540 10.11510
H 196.14600 21.46750 11.75770
H 195.21100 26.82410 11.61320
H 197.33800 24.40560 11.61660
H 200.53600 24.99680 11.70750
H 199.54100 22.04490 11.74520
C 201.90400 26.27480 10.07400
C 203.10600 20.81300 10.05200
C 206.22100 21.38530 10.06210
C 204.04600 23.89680 9.95180
C 207.40600 24.42200 9.96838
C 205.27100 26.79420 10.02830
H 202.73600 22.67600 11.62770
H 203.72200 25.66950 11.62660
H 205.86800 23.32540 11.53420
H 208.02500 20.95820 11.73650
H 207.04300 26.27510 11.57640
C 209.40400 22.00920 9.99171
C 212.70800 22.75210 9.84455
C 210.49200 24.99500 9.89665
C 213.88800 25.75900 9.82516
H 211.29600 21.52630 11.48270
H 209.11500 23.83110 11.63300
C 221.39300 21.46530 9.91999
C 220.39700 26.92060 9.91492
C 219.25700 23.83940 9.86855
C 218.23900 20.82350 9.91931
C 217.09700 26.34790 9.81308
C 216.11500 23.27200 9.81295
C 195.50900 33.26760 10.07450
C 200.81600 31.64950 9.98018
C 199.78100 28.68790 10.00700
C 196.57400 28.09300 10.04520
C 197.58700 31.04840 10.01350
H 197.28300 32.84660 11.61990
H 196.21800 29.88550 11.67310
H 199.37900 30.49210 11.56200
H 198.41500 27.50720 11.64230
H 200.42300 33.55020 11.53620
C 202.99500 29.15030 10.00800
C 207.35400 32.82780 10.17640
C 204.12800 32.13420 9.98170
C 206.22100 29.91150 10.05320
H 201.55800 28.09430 11.62200
H 204.82300 28.64570 11.59590
H 202.57200 31.05260 11.60070
C 211.60800 28.14380 9.89466
C 208.40400 27.52740 9.94269
C 210.55500 33.41710 10.08660
C 209.55000 30.53720 10.10640
C 212.68200 30.99640 10.14190
C 221.38400 29.89930 9.99089
C 214.97000 28.79150 9.93009
C 218.18000 29.34270 9.99438
C 215.97800 31.63770 10.12690
C 219.19800 32.31240 10.15530
C 199.74100 3.39354 13.39110
C 200.70900 6.45390 13.42230
C 197.57800 5.80090 13.45860
C 198.61700 0.45774 13.42100
C 196.47300 2.82155 13.36790
C 202.00600 0.94848 13.39940
C 205.21100 1.66893 13.33640
C 202.95500 4.00988 13.44920
C 206.23500 4.65550 13.43480
C 208.43800 2.27688 13.37500
C 211.74300 2.84326 13.34720
C 209.56500 5.18662 13.39540
C 212.83400 5.81128 13.36760
C 213.88800 0.41388 13.28820
C 214.94100 3.34112 13.38660
C 217.11500 1.00955 13.32270
C 220.32900 1.57724 13.33080
C 218.16000 3.99678 13.39960
C 216.10300 6.49916 13.43040
C 221.40400 4.64821 13.30760
C 199.75400 11.77260 13.35660
C 198.70400 8.89729 13.39800
C 195.31300 8.27727 13.43340
C 196.53400 11.35070 13.30340
C 204.10200 6.96439 13.41320
C 201.95900 9.36115 13.33010
C 207.38800 7.64685 13.39930
C 205.26200 10.03540 13.36490
C 203.05200 12.56560 13.32660
C 206.25100 13.13090 13.22520
C 208.45800 10.73110 13.35450
C 210.59900 8.22647 13.43600
C 211.59900 11.31790 13.46950
C 213.88400 8.91761 13.47790
C 215.00500 12.02790 13.45720
C 219.33200 7.13698 13.38640
C 217.04500 9.45031 13.40330
C 220.32800 10.20090 13.27230
C 221.47000 12.99710 13.24320
C 218.27300 12.50630 13.39230
H 219.89000 11.97450 11.61370
C 200.95900 14.84130 13.22410
C 195.48700 16.63340 13.25240
C 198.74900 17.22240 13.20630
C 196.52700 19.58210 13.29620
C 197.61300 14.30260 13.24300
C 199.80900 20.21210 13.27580
C 202.03100 17.83040 13.28830
C 204.17400 15.43040 13.27550
C 207.28500 16.07550 13.23650
C 205.17600 18.41880 13.29190
C 209.52300 13.65900 13.34520
C 208.36900 19.19250 13.35370
C 210.53100 16.75770 13.37870
C 212.69500 14.27240 13.41750
C 213.93100 17.35310 13.20730
C 211.82200 19.80000 13.17650
C 214.88100 20.34290 13.08330
C 219.38800 15.56610 13.33680
C 216.05600 14.93420 13.35450
C 217.16000 17.94950 13.19900
C 220.42600 18.50380 13.20380
H 219.99400 20.27060 11.50290
H 216.68300 19.65940 11.50270
H 217.83300 14.35260 11.76570
H 218.95100 17.29170 11.59470
H 221.12600 14.88310 11.69450
H 215.69500 16.69880 11.65340
C 195.49400 24.96820 13.22340
C 201.06300 23.15190 13.31070
C 197.72800 22.61160 13.31000
C 198.73200 25.61250 13.27420
C 201.96100 26.30760 13.24180
C 203.01200 20.88710 13.24680
C 204.17000 23.88240 13.21570
C 206.25200 21.63430 13.25510
C 207.31400 24.46820 13.17230
C 205.22400 26.77990 13.18930
C 213.88200 25.68740 13.02450
C 210.65500 25.04200 13.08070
C 209.61900 22.06550 13.23140
C 212.86900 22.66420 13.00730
H 210.22200 26.86980 11.44910
H 214.57000 22.10440 11.33030
H 212.39300 24.54430 11.41590
C 218.22900 20.80710 13.08100
C 217.13200 26.22450 13.06370
C 219.19500 23.89580 13.11700
C 220.30700 26.73840 13.13870
C 221.39100 21.46630 13.17100
C 216.00400 23.27150 13.03130
H 215.68300 25.09730 11.42530
H 218.88300 25.67700 11.41730
H 217.80100 22.65950 11.50720
H 220.97700 23.28830 11.56130
C 197.68000 31.03340 13.22400
C 196.55900 28.06460 13.23590
C 200.83400 31.67340 13.17010
C 199.79800 28.77530 13.25810
C 195.49400 33.43680 13.20280
H 205.82400 31.68050 11.76240
C 207.31900 32.92960 13.30800
C 203.07800 29.22020 13.20950
C 204.00100 32.32010 13.18760
C 206.19800 29.94690 13.27160
H 208.02700 29.31220 11.63190
H 212.40400 32.91380 11.71400
C 208.53200 27.42630 13.17020
C 212.74700 31.08820 13.33690
C 210.62500 33.48660 13.40790
C 209.44200 30.41770 13.36370
C 211.72700 27.82810 13.14070
H 209.15800 32.31460 11.80440
H 214.49600 30.44060 11.69310
H 211.24800 29.81380 11.78430
H 213.47300 27.49920 11.42640
H 215.55800 33.52870 11.66040
C 214.87800 28.53890 13.17370
H 217.75400 31.03050 11.73630
H 219.96700 28.67550 11.61740
H 220.99600 31.68420 11.73820
C 218.11900 29.19660 13.21400
C 221.40100 29.72620 13.24630
C 219.23000 32.13550 13.41180
C 215.92400 31.64890 13.28280
H 216.69200 28.05560 11.50470
C 199.69200 36.97580 9.91679
C 200.75800 39.98670 9.85221
C 196.55300 36.49240 9.96180
C 197.54000 39.29340 9.97253
C 198.60900 34.01660 9.90818
H 195.09200 35.23950 11.55480
H 196.10100 38.21430 11.65050
H 198.28000 35.84420 11.55740
C 201.89800 34.69700 9.89634
C 205.18700 35.26760 9.89066
C 203.06700 37.57690 9.95420
C 206.24700 38.36150 9.91851
C 208.41600 35.76510 10.03260
C 211.67400 36.44950 10.00230
C 209.57700 38.83340 9.83833
C 212.79100 39.35530 9.89046
C 213.82400 34.00530 10.02070
C 214.99300 36.94050 10.00480
C 221.52500 38.06700 10.09700
C 217.16400 34.65330 10.16650
C 220.29200 35.10280 10.27870
C 218.23900 37.60520 10.09390
C 216.06100 39.99720 9.89522
C 195.48800 41.74810 9.82874
C 198.70800 42.33020 9.88898
C 196.53500 44.91780 9.94588
C 199.77700 45.42030 10.00030
H 197.25900 41.20180 11.45470
H 196.17100 46.63780 11.67430
H 195.04300 43.57410 11.38400
C 204.01100 40.66620 9.92131
C 201.78600 43.15720 9.92421
C 207.38100 41.29550 9.93108
C 205.20400 43.72270 9.98641
C 206.25300 46.76480 10.08550
C 202.96700 46.02600 9.97151
C 208.39500 44.33820 9.85550
C 210.56900 41.83500 9.77196
C 211.74000 44.92050 9.86076
C 213.81600 42.44980 9.77231
C 214.82400 45.51130 9.85560
C 219.30500 40.65890 9.89007
C 217.07700 43.02240 9.79175
C 220.32800 43.59310 9.72747
C 218.16800 46.04450 9.69651
C 221.37700 46.81520 9.69107
C 195.44400 50.25850 9.92544
C 200.81700 48.40470 10.07580
C 197.58900 47.75090 10.00200
C 198.82100 50.82960 9.98446
C 196.61900 53.26990 9.98098
C 199.86200 53.85380 9.90353
H 195.10300 52.01790 11.48430
H 198.44400 52.71960 11.57640
H 197.29600 49.66860 11.55970
C 202.03200 51.38190 10.07400
C 204.19900 49.06710 10.09360
C 207.25300 49.59860 10.00640
C 205.16700 52.05520 10.03020
C 209.54600 47.20580 9.90365
C 208.33000 52.62800 10.02450
C 210.55700 50.32720 9.87836
C 212.76900 47.85000 9.88444
C 213.82700 50.77070 9.78717
C 211.54500 53.26350 9.88080
C 215.00700 53.78510 9.80679
C 220.27800 51.99550 9.71777
C 219.16400 49.05520 9.72683
C 215.92600 48.43840 9.87617
C 217.08800 51.42140 9.85550
C 195.52800 58.66700 9.89442
C 197.64900 56.25640 9.92853
C 200.95700 56.70900 9.90087
C 198.76500 59.12090 9.79439
H 199.47700 55.71260 11.54830
H 196.19400 55.14020 11.62410
H 197.35500 58.08560 11.55840
H 195.10900 60.55860 11.46620
H 200.58900 58.69330 11.39080
C 206.30200 55.09850 10.02740
C 204.13100 57.39370 9.83943
C 207.36800 58.07060 9.84269
C 203.08300 54.40150 9.95229
C 202.02500 59.81890 9.65055
C 205.25500 60.45290 9.67603
H 203.79600 59.33850 11.25960
H 207.03100 59.95120 11.39930
H 202.76000 56.28970 11.58820
H 205.94800 56.97350 11.54880
C 212.87800 56.11330 9.86136
C 209.53300 55.52090 9.87640
C 210.62300 58.53340 9.61954
C 213.82600 59.11650 9.58660
H 212.35900 58.08080 11.30460
H 210.24700 60.49090 11.13290
H 209.20800 57.47150 11.31860
C 218.05300 54.40520 9.69484
C 215.91400 56.80210 9.68286
C 221.38800 54.90560 9.66744
C 219.19900 57.36020 9.65131
C 217.07400 59.71670 9.52944
C 220.25900 60.34360 9.45733
H 218.86800 59.26310 11.17480
H 221.01100 56.85340 11.18070
H 215.61100 58.66230 11.16650
C 195.44400 67.14770 9.60901
C 197.60400 64.67920 9.64967
C 200.81800 65.35070 9.48365
C 199.88500 62.23530 9.63505
C 196.56200 61.62620 9.68974
H 197.20400 66.57100 11.20420
H 196.27300 63.44660 11.35950
H 200.47500 67.16780 11.14520
H 199.47800 64.13260 11.16790
H 198.37100 61.08720 11.27910
C 203.06700 62.90450 9.51195
C 206.38100 63.43490 9.48349
C 204.15000 65.95760 9.36613
C 207.32700 66.50210 9.37572
H 205.87600 65.32590 10.99360
H 208.06800 62.87420 11.16570
H 204.85500 62.37070 11.14480
H 202.70000 64.79670 11.02770
H 201.71600 61.72880 11.22910
C 212.64500 64.71450 9.50937
C 211.74600 61.60720 9.49465
C 209.52000 64.01340 9.50687
C 208.37800 61.00960 9.59366
C 210.54200 67.05300 9.49105
H 212.33500 66.49420 11.09070
H 214.53700 64.07820 11.06400
H 213.51400 61.05210 11.10300
H 209.06500 65.87380 11.06870
H 211.31000 63.42070 11.12860
C 214.93600 62.20240 9.44223
H 216.68900 61.63180 11.10250
H 219.94100 62.25900 10.99370
C 221.35400 63.37340 9.26809
H 215.57500 67.07070 11.06980
H 221.01800 65.29390 10.81990
H 217.74500 64.71750 10.78300
C 219.21500 65.89380 9.19298
C 218.08100 62.75520 9.40000
C 215.81300 65.32110 9.32697
C 199.68200 37.02860 13.11980
C 200.74800 40.03770 13.09980
C 196.52400 36.36760 13.20970
C 197.65400 39.41500 13.10420
C 198.68900 34.07830 13.20970
H 199.35000 38.80410 11.47080
C 201.95000 34.71540 13.12850
C 205.04400 35.19220 13.16480
C 202.95900 37.67530 13.14890
C 206.31200 38.34300 13.21790
H 206.88300 34.71600 11.60970
H 204.82100 37.09750 11.59250
H 203.69800 34.04620 11.40690
H 205.83100 40.13860 11.57390
H 202.57900 39.47010 11.48400
H 201.51400 36.48750 11.57070
H 208.05400 37.74270 11.51580
C 208.41200 35.96270 13.22980
C 213.80000 34.12450 13.35460
C 211.64900 36.49930 13.23020
C 209.52600 38.91080 13.13260
C 212.70600 39.49890 13.11490
H 214.57700 38.89490 11.55430
H 213.45300 35.88680 11.65250
H 210.19300 35.28830 11.65620
H 211.29900 38.31150 11.54980
C 214.89700 37.12460 13.25790
C 221.41300 38.30330 13.40610
C 216.94100 34.70050 13.35040
C 220.11300 35.30080 13.52570
C 218.07900 37.81230 13.28390
C 215.99700 40.17800 13.14570
H 217.83400 39.56160 11.56570
H 216.70900 36.49640 11.69300
H 219.96700 37.07670 11.79740
H 218.77200 34.00330 11.90270
H 221.02700 39.99620 11.59580
C 195.50100 41.78840 13.03170
C 198.70300 42.32330 13.08070
C 196.43900 44.71600 13.16980
C 199.68500 45.38470 13.26750
H 198.29200 44.21150 11.57610
H 200.48300 41.77730 11.49250
C 204.05700 40.67780 13.09560
H 201.50400 44.90490 11.66120
C 201.83300 42.99700 13.15810
C 207.48400 41.19870 13.15610
C 205.11600 43.67130 13.14500
C 203.01500 46.11740 13.26330
C 206.29500 46.55510 13.22290
H 207.02800 43.10160 11.60190
H 203.62300 42.54400 11.50280
H 208.08900 46.08800 11.55320
H 204.75700 45.52660 11.62770
C 208.53200 44.26200 13.12780
C 210.62300 41.84680 13.00490
C 211.67400 44.77710 13.06780
C 213.76200 42.44480 13.03560
H 213.48200 44.25300 11.47350
H 211.28200 46.66120 11.47770
H 212.34700 41.26870 11.38180
H 210.21500 43.67680 11.37510
H 209.17500 40.66710 11.42450
C 215.01300 45.44810 13.06540
C 219.28700 40.80500 13.15720
C 217.04700 43.09900 13.06290
C 220.32200 43.78860 12.97390
C 221.37500 46.71250 12.90550
C 218.22700 46.06640 12.95810
H 219.96300 45.50330 11.26190
H 218.85800 42.51450 11.44280
H 216.71000 44.90470 11.37280
H 215.60000 41.94100 11.45130
H 199.36200 47.23420 11.69340
C 197.54600 47.84880 13.29020
C 200.89700 48.40030 13.20750
C 195.55800 50.27160 13.24720
C 198.71900 50.87190 13.21770
C 196.56700 53.22100 13.13270
H 200.51300 50.26730 11.64750
C 199.85600 53.88570 13.20680
C 201.93500 51.49880 13.25590
C 204.07700 48.96740 13.27190
C 207.48800 49.56010 13.25550
C 205.26900 52.06930 13.33970
H 205.91300 48.51170 11.78180
H 201.61600 53.29240 11.56450
H 203.75500 50.88600 11.71960
H 202.71700 47.83900 11.56230
H 204.85700 53.91010 11.65780
H 206.95800 51.45120 11.67470
H 214.53800 47.28240 11.53370
C 209.55700 47.23540 13.13940
C 208.47700 52.66300 13.23330
C 210.60000 50.27530 13.13210
C 212.81900 47.85330 13.06680
C 213.86700 50.83820 13.08380
C 211.74900 53.26130 13.04920
H 209.13400 49.07630 11.46440
H 213.46400 52.62300 11.32470
H 212.32600 49.73380 11.45280
H 210.19300 52.10190 11.55740
C 219.24900 49.03290 12.96090
C 216.06900 48.44500 13.02090
C 217.09600 51.47080 13.03210
C 220.38300 52.13180 12.90330
H 217.79300 47.84820 11.34150
H 218.88700 50.86760 11.40620
H 220.97500 48.53600 11.30700
H 216.74600 53.26370 11.47630
H 215.60100 50.29190 11.49840
C 214.89200 53.81980 12.94770
H 219.85300 53.86440 11.26940
C 200.91900 56.95600 13.10710
C 197.73200 56.30190 13.23980
C 198.84100 59.37350 13.03970
C 195.44600 58.67410 13.05870
C 207.50300 58.12830 13.04160
C 206.29700 55.19200 13.22590
C 203.04800 54.45470 13.24790
C 202.08700 59.93300 12.90560
C 204.17800 57.69930 13.07310
C 205.15600 60.61820 12.86720
H 208.10500 54.48550 11.67370
C 210.60800 58.78040 12.90140
C 213.93100 59.29500 12.79580
C 212.80900 56.32970 12.97330
C 209.59300 55.78300 13.12390
H 214.50900 55.62270 11.33570
H 211.29500 55.08460 11.50790
C 221.35900 55.09660 12.87040
C 220.39200 60.46210 12.67350
C 217.14100 59.81470 12.75770
C 219.23500 57.47570 12.80520
C 215.95000 56.91390 12.84050
C 218.18900 54.53030 12.95360
H 217.72600 56.26820 11.28850
C 199.89200 62.30950 12.81380
C 195.46600 67.08800 12.87800
C 196.66900 61.64490 13.05790
C 197.72500 64.79820 12.84780
C 200.98200 65.34200 12.75070
C 204.13500 66.00450 12.65700
C 206.32000 63.57240 12.69760
C 207.33200 66.42930 12.68310
C 203.12200 63.04700 12.76290
C 212.75900 64.69840 12.68110
C 209.51900 64.11580 12.73960
C 208.58400 61.18140 12.85970
C 210.59700 67.06890 12.68840
C 211.78200 61.62140 12.75450
C 216.12600 65.20800 12.60480
C 221.45300 63.51750 12.51600
C 214.92500 62.27050 12.74550
C 219.24600 65.86460 12.44360
C 218.20300 62.96980 12.54680
C 199.81400 70.75560 9.42852
C 200.92700 73.79310 9.46856
C 196.44000 70.02820 9.49301
C 197.73000 73.06310 9.48971
C 198.64000 67.70410 9.52782
H 196.17600 71.92480 11.05410
H 195.11200 68.92210 11.29080
H 199.52500 72.52370 11.16290
H 198.33900 69.52720 11.05360
C 201.81300 68.32110 9.42896
C 205.30100 68.93250 9.43346
C 203.06600 71.29220 9.46732
C 206.28000 71.98120 9.40919
H 206.99100 68.28820 11.05260
H 203.71400 67.79320 10.98440
H 204.83700 70.73450 11.07580
H 205.91000 73.80290 11.06130
H 202.67100 73.15490 11.04450
H 208.01800 71.34730 11.06060
H 201.52800 70.15940 11.01810
C 213.82500 67.63990 9.48193
C 208.41800 69.51820 9.44765
C 211.69100 70.06990 9.46592
C 209.57300 72.60350 9.52877
C 212.65500 73.02810 9.55332
H 213.44100 69.47830 11.10060
H 210.17500 68.92390 11.08610
H 214.56700 72.54830 11.07710
H 211.33400 71.86690 11.12210
C 214.86400 70.70830 9.43921
C 216.91400 68.22710 9.32968
C 220.32300 68.97640 9.26646
C 217.97400 71.31100 9.37468
C 216.07500 73.64380 9.38314
C 221.49900 71.90750 9.44863
H 217.76300 73.07790 11.03240
H 220.93800 73.71660 10.99720
H 216.62600 70.05560 11.01840
H 218.82200 67.76470 10.78720
H 219.85100 70.77040 10.92010
C 195.44700 75.46340 9.53672
C 199.74400 79.14350 9.53665
C 198.64200 76.08570 9.41916
C 196.53100 78.44780 9.57010
H 198.32100 77.89060 11.09380
H 200.43200 75.58960 11.07250
H 196.14300 80.27340 11.16230
H 197.27800 74.91720 11.11640
H 195.09400 77.22540 11.19440
H 201.52300 78.56620 11.14930
C 204.09900 74.32200 9.39501
C 201.82100 76.85170 9.46601
C 207.40800 74.87390 9.48858
C 205.27300 77.28010 9.46069
C 203.02200 79.71180 9.54534
C 206.21300 80.36270 9.58399
H 204.78800 79.07460 11.12290
H 208.02900 79.74430 11.15320
H 207.00800 76.73950 11.11020
H 203.68700 76.14900 10.94160
C 208.46900 77.95270 9.52029
C 210.62300 75.50950 9.52108
C 211.67500 78.48600 9.49157
C 213.80000 75.96300 9.45374
H 211.19700 80.29220 11.09390
H 210.20600 77.32490 11.12150
H 212.32200 74.87900 11.15300
H 213.45400 77.85870 11.07900
H 209.18100 74.32260 11.12740
C 219.11000 74.28480 9.41869
C 214.92100 78.93500 9.43343
C 221.50200 80.22760 9.43123
C 217.16300 76.73010 9.38845
C 220.45600 77.21460 9.50491
C 218.30800 79.67760 9.36920
H 220.03000 79.08720 10.99580
H 216.81300 78.59530 11.03090
H 215.65700 75.50080 10.96610
H 218.86400 76.12780 11.02010
H 199.25700 80.88030 11.18820
C 200.74600 82.08090 9.65961
C 197.50200 81.51890 9.51888
C 195.38300 83.93340 9.53574
C 198.72000 84.51310 9.69739
C 196.52800 86.85480 9.77506
C 199.84800 87.42600 9.84621
H 200.43800 83.87210 11.35150
H 194.99800 85.66280 11.36510
H 197.14400 83.29110 11.17290
H 198.27500 86.32660 11.41160
C 201.91300 85.15200 9.80438
C 204.05100 82.77720 9.69929
C 207.24900 83.34070 9.71311
C 205.11700 85.68930 9.80738
H 202.57500 81.48180 11.17130
H 205.79400 82.07890 11.32410
H 201.53700 86.87490 11.52640
H 203.64400 84.46350 11.40740
H 204.74600 87.44150 11.43870
H 206.95100 85.08690 11.35220
C 209.42600 80.96300 9.51939
H 214.52300 80.85290 11.03420
C 208.40400 86.36480 9.80177
C 210.46400 83.95700 9.68381
C 212.66400 81.51460 9.49617
C 213.80300 84.63540 9.63169
C 211.64700 86.98210 9.92356
H 213.42800 86.27070 11.43650
H 210.16800 85.67110 11.43170
H 209.10900 82.65990 11.28590
H 212.36600 83.27130 11.16220
C 219.25000 82.77250 9.38601
C 215.95300 82.06190 9.37824
C 216.99900 85.15970 9.53662
C 220.32600 85.78900 9.59160
H 215.62400 83.84020 11.07840
H 217.82400 81.55430 10.93250
H 220.95800 82.05620 11.05750
H 218.80300 84.52980 11.10490
H 216.64800 86.81950 11.37200
H 219.90700 87.53960 11.32920
C 214.80100 87.57430 9.86075
C 200.94100 90.39570 9.78477
C 197.71600 89.83410 9.75836
C 198.65500 92.86750 9.76221
C 195.46400 92.35010 9.84814
H 200.51300 92.30090 11.28600
H 197.27200 91.65800 11.41050
H 195.04400 94.05750 11.52100
H 199.44300 89.30570 11.40700
H 196.13900 88.72510 11.33560
C 202.07000 93.42100 9.72594
C 202.93000 88.01490 9.85620
C 206.36500 88.62900 9.99419
C 204.28400 90.89640 9.99246
C 207.38100 91.67090 10.12540
C 205.38400 94.11750 9.96347
H 205.97700 90.40480 11.70340
H 203.80200 92.85930 11.45950
H 202.64500 89.82130 11.49760
H 206.93800 93.42820 11.80520
H 208.07900 87.98410 11.59640
C 209.51300 89.38150 10.07560
C 213.78700 93.03330 10.09000
C 210.54500 92.31700 10.13020
C 212.74800 90.05310 9.95889
H 214.48700 89.30980 11.58410
H 209.13800 91.10160 11.81610
H 211.32200 88.76720 11.57260
H 212.37800 91.73430 11.67980
H 210.29800 94.17500 11.73320
C 221.38500 88.74200 9.72372
C 218.04300 87.98400 9.71807
C 215.81700 90.50570 9.88388
C 219.19000 91.16520 9.78108
C 220.27700 94.27580 10.02930
C 217.07300 93.62080 10.07330
H 218.89800 92.90530 11.57270
H 220.98600 90.55640 11.33400
H 217.74200 89.85440 11.32180
H 215.59400 92.34630 11.59220
C 200.90300 98.88400 9.79214
C 199.75300 95.81270 9.77459
C 197.50300 98.29190 9.89632
C 196.39000 95.31360 9.87964
C 195.54300 100.75900 9.94651
H 196.09200 97.10600 11.55050
H 198.23800 94.71130 11.38600
C 206.40100 97.22960 10.06660
C 207.32400 100.07400 10.19100
C 204.24300 99.46830 10.02300
C 203.10200 96.37970 9.80145
H 201.55700 95.22120 11.40050
C 210.52500 100.61700 10.24600
C 211.77400 95.46340 10.21570
C 208.47200 94.69970 10.18370
C 212.67900 98.38340 10.36040
C 209.58400 97.71890 10.29140
H 214.46600 97.75660 11.95850
H 213.47700 94.75710 11.86450
H 211.28900 97.13050 11.95950
C 221.32800 97.12730 10.21350
H 217.70600 98.34280 11.90200
H 220.89200 98.93580 11.83120
H 219.86000 95.92090 11.76990
C 214.95300 95.94260 10.24140
C 219.09000 99.53070 10.29930
C 218.08600 96.58660 10.21120
C 215.88800 98.96130 10.31940
H 215.56300 100.78700 11.99120
H 216.71000 95.33970 11.86880
C 199.79200 70.66950 12.70430
C 201.00100 73.80450 12.68650
C 196.63800 70.11330 12.74080
C 197.63100 73.09100 12.70580
C 198.67000 67.68850 12.77460
C 202.01200 68.35430 12.68210
C 205.19400 68.88580 12.64530
C 202.99600 71.35020 12.62920
C 206.21100 72.03140 12.67360
C 208.36400 69.46900 12.70820
C 213.82400 67.69280 12.69250
C 211.65500 70.04080 12.73610
C 209.53400 72.41560 12.68860
C 212.79400 73.01720 12.73610
C 214.91800 70.71830 12.70330
C 217.10900 68.18720 12.56410
C 220.28200 68.94710 12.49120
C 218.09700 71.26820 12.62370
C 216.08000 73.73330 12.64880
C 221.33000 71.90420 12.64010
C 199.77200 79.04600 12.75630
C 195.45300 75.39820 12.70730
C 198.68100 76.13480 12.72430
C 196.53800 78.40980 12.72590
C 204.05600 74.35930 12.64890
C 201.98900 76.69690 12.64700
C 207.41500 74.89330 12.72520
C 205.16400 77.16510 12.66900
C 203.07000 79.65600 12.75400
C 206.24200 80.14730 12.78430
C 208.43700 77.88440 12.75870
C 210.61600 75.47240 12.74620
C 211.64100 78.47210 12.73540
C 213.89500 76.00610 12.69970
C 214.97200 79.04410 12.67780
C 219.20600 74.25710 12.64040
C 217.12200 76.71460 12.59250
C 220.30200 77.29020 12.64420
C 221.36000 80.25820 12.70840
C 218.28200 79.78840 12.59060
C 195.30800 83.74210 12.78370
C 200.74400 81.89180 12.79630
C 197.49500 81.45450 12.80580
C 198.53400 84.39970 12.88800
C 196.39800 86.85770 13.00070
C 199.71400 87.52260 13.06070
C 201.90700 85.02720 13.06340
C 203.94900 82.56860 12.90570
C 207.33800 83.18670 12.92090
C 205.14500 85.57480 12.98540
C 209.47100 80.75100 12.84190
C 208.39100 86.08060 13.10260
C 210.62900 83.76140 12.89680
C 212.74500 81.37570 12.69720
C 213.90800 84.27700 12.83970
C 211.62800 86.86750 13.09680
C 214.94900 87.39700 13.06220
C 219.20300 82.66580 12.65890
C 216.08300 81.97280 12.61940
C 217.05100 84.85890 12.81870
C 220.23000 85.59780 12.80330
C 198.76900 92.85920 12.97070
C 200.84000 90.51390 13.01690
C 197.58500 89.83100 13.04440
C 195.54400 92.28390 13.12020
C 205.01600 94.11970 13.22820
C 207.31700 91.57300 13.41530
C 204.05500 90.99230 13.13360
C 206.22500 88.49940 13.16940
C 201.99000 93.33900 13.02020
C 203.00700 88.03440 13.12810
C 212.71200 89.88110 13.30120
C 210.64900 92.34220 13.33600
C 213.88900 92.79150 13.35090
C 209.49400 89.12910 13.21760
C 221.29400 88.72990 12.97830
C 216.10300 90.40890 13.12350
C 220.20700 94.06270 13.29650
C 218.10500 87.99380 12.98430
C 217.15100 93.37270 13.27610
C 219.21400 90.91020 13.00980
C 195.41700 100.61800 13.21400
C 196.43800 95.20760 13.10300
C 197.73600 98.25790 13.12920
C 200.85200 98.80980 13.00580
C 199.73700 95.87620 12.97190
H 199.36500 97.68850 11.29740
H 197.23800 100.07500 11.58250
H 200.46300 100.69700 11.48840
H 207.99300 96.51190 11.74030
H 205.87600 98.90410 11.76570
H 202.64000 98.21610 11.39180
C 202.94200 96.36990 13.03170
C 203.93200 99.36230 13.21100
C 207.19100 100.15900 13.38420
C 206.18600 97.00850 13.30690
H 204.86500 95.91640 11.51320
H 212.23500 100.17400 11.93390
H 209.02400 99.50650 11.88290
C 211.70100 95.27350 13.48050
C 212.68900 98.39550 13.57930
C 210.34600 100.80900 13.47050
C 208.46600 94.64770 13.31030
C 209.40900 97.60290 13.42870
C 219.19000 99.52480 13.49580
C 214.91900 95.89750 13.51870
C 215.94200 98.93200 13.59500
C 218.16300 96.55420 13.46860
C 221.30500 97.07360 13.36860
C 199.79400 104.26700 10.00460
C 200.77500 107.32700 9.92396
C 196.48200 103.62900 10.03800
C 197.53000 106.62300 9.96196
C 198.60700 101.34400 9.97173
C 202.04800 101.87000 9.98696
C 205.13600 102.46000 10.11080
C 202.97600 104.84800 10.02480
C 206.11100 105.48600 10.06820
C 208.34400 103.09800 10.02680
C 211.61000 103.67300 10.03310
C 209.43200 106.05200 9.93375
C 212.69000 106.58300 9.90244
C 213.80400 101.21000 10.27330
C 221.25500 105.42300 9.99431
C 214.89000 104.18100 10.08200
C 217.03400 101.79500 10.30190
C 220.16800 102.36200 10.16530
C 218.05700 104.76900 10.04110
C 215.92600 107.24400 9.84691
H 217.70900 106.74600 11.45390
H 219.87900 104.33400 11.65930
H 220.92100 107.34900 11.57130
H 218.79400 101.35600 11.97240
H 216.63600 103.75900 11.74890
C 198.65300 109.64300 9.96204
C 196.53300 112.01500 9.91985
C 199.73900 112.70100 9.87269
C 195.41100 109.01600 9.93094
C 203.96500 107.89200 9.98761
C 201.91700 110.27400 9.92182
C 207.16500 108.34900 9.97383
C 205.16700 110.86400 9.98245
C 206.21700 113.88400 9.92532
C 203.00400 113.24300 9.91948
C 208.37200 111.50400 9.95024
C 210.49200 109.14800 9.81209
C 211.67400 112.15200 9.85984
C 213.78400 109.72200 9.82270
C 221.42500 113.87500 9.72436
C 214.84100 112.70900 9.81199
C 219.17100 107.88200 9.88851
C 217.03200 110.26000 9.81603
C 220.30600 110.90300 9.80119
C 218.11600 113.21800 9.73092
H 218.85200 109.78700 11.47100
H 219.92900 112.80500 11.36440
H 216.67600 112.15600 11.40120
C 195.42100 117.47500 9.84470
C 200.82200 115.63300 9.81828
C 197.57500 115.09500 9.83033
C 198.69000 118.20100 9.84684
C 196.56700 120.56400 9.95743
C 199.77100 121.14900 9.93857
C 201.97000 118.74500 9.82858
C 204.08300 116.29400 9.91192
C 207.30500 116.85100 10.00320
C 205.16200 119.41700 9.95137
C 209.35900 114.48600 9.91092
C 208.23700 119.93200 10.00610
C 210.33100 117.52500 9.86939
C 212.65800 114.93600 9.77378
C 213.63900 118.15400 9.67629
C 211.49400 120.50700 9.86887
C 219.18500 116.31600 9.66561
C 215.88600 115.76500 9.69855
C 217.00100 118.87700 9.63899
C 220.22500 119.37200 9.71124
H 220.99400 115.82800 11.23090
H 217.69800 115.15200 11.29770
H 215.48400 117.63200 11.19560
H 218.72800 118.15200 11.26670
C 214.68600 121.19800 9.86817
H 216.50700 120.59100 11.37790
H 219.76500 121.10100 11.33840
C 200.92300 124.25100 10.01630
C 197.66200 123.54400 10.13890
C 198.67500 126.52800 10.16610
C 195.56100 125.83400 10.23290
C 205.08300 127.74600 10.03640
C 207.32400 125.30400 9.93142
C 201.98400 127.19000 10.10040
C 203.07900 121.85800 9.97895
C 206.25800 122.43600 9.97236
C 204.10900 124.80800 10.04430
H 207.00800 127.21200 11.49670
C 213.71200 126.53100 9.94536
C 210.57100 126.01900 9.97359
C 212.46600 123.60800 9.87811
C 209.37200 122.93200 9.92716
H 212.33300 125.39500 11.57840
H 214.33200 122.99800 11.51310
H 210.15800 127.79200 11.60690
C 220.28600 127.73000 9.85185
C 217.04300 127.09800 9.87049
C 215.87300 124.10100 9.87297
C 219.24600 124.66700 9.83973
C 217.99200 121.67300 9.77681
C 221.22700 122.28500 9.76863
H 221.00400 124.10000 11.43600
H 215.58700 125.96200 11.50550
H 218.87100 126.49500 11.42410
H 217.70400 123.51200 11.41860
C 200.80300 132.52000 10.26260
C 199.75600 129.57300 10.27030
C 196.65800 128.88600 10.21220
C 195.40700 134.29400 10.22520
C 197.62000 131.94600 10.26650
H 196.19400 130.68200 11.87650
H 197.19900 133.76800 11.86210
H 200.42700 134.32500 11.86930
H 199.37600 131.36400 11.92010
H 205.82500 132.59800 11.76220
C 203.98900 133.12100 10.16510
C 202.95200 130.16100 10.14210
C 207.32700 133.75200 10.09140
C 206.24500 130.83600 10.09010
H 208.07800 130.15800 11.64830
H 204.79700 129.57200 11.63090
H 201.60000 128.94900 11.75960
H 202.64700 131.99500 11.79690
H 213.41100 128.37300 11.58920
H 212.42100 133.78100 11.65300
H 209.14500 133.14800 11.71150
H 214.45000 131.28800 11.71410
C 208.45600 128.46900 9.91989
C 209.50300 131.35800 10.00620
C 210.59000 134.31400 10.09030
C 211.57500 128.96700 9.99224
C 212.74300 131.93900 10.03090
H 211.28900 130.80200 11.59400
H 221.12700 132.58300 11.60080
C 218.16500 130.14000 9.96064
C 215.95200 132.42000 10.10360
C 214.94000 129.53100 10.02000
H 216.72400 128.85200 11.65780
C 219.31700 133.06300 10.05090
H 215.67900 134.28400 11.69610
H 220.00000 129.54400 11.52570
H 217.80800 131.90100 11.68260
C 221.54300 130.81100 9.97866
C 199.73000 104.26600 13.19360
C 200.71500 107.38100 13.20360
C 196.54600 103.72700 13.23860
C 197.53700 106.69900 13.13490
C 198.65300 101.25900 13.19910
H 199.38900 106.10000 11.56540
H 198.29500 103.11000 11.62190
H 195.01400 102.48300 11.71460
H 196.06900 105.47100 11.54810
C 201.85300 101.80400 13.24810
C 205.09000 102.43400 13.30190
C 202.90600 104.91600 13.29610
C 206.18800 105.44400 13.31450
H 201.57300 103.64600 11.61680
H 204.68000 104.31500 11.73410
H 205.74700 107.31500 11.69510
H 206.89300 101.95900 11.69270
H 202.54000 106.69100 11.62190
H 203.69400 101.22700 11.70330
H 207.94700 104.95600 11.61840
C 208.33900 103.14600 13.29510
C 211.66500 103.79200 13.28640
C 209.44300 106.12600 13.17110
C 212.76800 106.76600 13.10950
C 213.62500 101.44200 13.43490
H 210.11900 102.59700 11.70160
H 211.22500 105.55600 11.56860
H 214.52500 106.11800 11.53690
H 213.41300 103.13800 11.70660
C 214.81300 104.39700 13.30200
C 217.02100 102.05900 13.55320
C 220.42800 102.63000 13.35950
C 218.12100 105.06500 13.19660
C 215.97600 107.27900 13.08540
C 221.35600 105.53900 13.21260
C 198.64400 109.72100 13.12960
C 196.53500 112.09300 13.13180
C 199.67900 112.71800 13.13980
C 195.43700 109.10900 13.21390
H 200.43100 109.13300 11.56300
H 198.29600 111.51500 11.50890
H 195.03500 110.86500 11.55240
H 197.16000 108.49200 11.55130
H 196.08300 113.88100 11.46730
C 203.89100 107.90400 13.27630
C 201.79700 110.34000 13.21430
C 207.41200 108.42300 13.17730
C 205.17500 110.86900 13.16350
C 202.95900 113.35300 13.13470
C 206.29200 113.87400 13.20060
H 201.49600 112.15200 11.52820
H 204.80100 112.69700 11.58520
H 203.59100 109.74800 11.58960
H 206.95300 110.26500 11.57590
H 207.96400 113.31500 11.55670
C 208.40700 111.43500 13.10570
C 210.57000 109.12600 13.08050
C 211.59500 112.08000 13.07300
C 213.78100 109.64200 13.01810
H 209.11900 107.94600 11.49160
H 213.42800 111.51700 11.47290
H 210.19400 110.92800 11.45590
H 212.29900 108.51700 11.36720
H 211.18900 113.90500 11.43980
C 214.84700 112.72100 13.06730
C 219.10900 107.93200 13.12900
C 216.98000 110.28200 13.05520
C 220.26800 110.99100 13.05490
C 218.12800 113.37400 12.98470
H 215.56600 109.09900 11.42180
C 221.31400 114.10000 12.93660
C 200.79100 115.73800 13.05520
C 197.54800 115.12700 13.05720
C 195.40600 117.39100 13.09890
C 198.71100 118.02400 13.10280
C 196.54900 120.39100 13.21300
C 199.84400 121.09500 13.19440
H 198.37200 119.91700 11.60300
H 195.04000 119.28800 11.49460
H 199.37100 114.50300 11.45410
H 200.51400 117.54600 11.42300
H 197.23000 116.94000 11.42700
C 201.94700 118.71300 13.09000
C 204.02300 116.31400 13.11700
C 207.29000 116.81900 13.18030
C 205.07900 119.28800 13.23700
H 201.57000 120.55500 11.46960
H 204.83200 121.15100 11.58210
H 203.71500 118.12800 11.46830
H 202.59100 115.09500 11.49470
H 205.79200 115.67200 11.56000
H 206.84700 118.68500 11.64630
C 209.52000 114.38700 13.12790
C 208.25300 119.93000 13.21240
C 210.57700 117.45700 13.09140
C 212.68400 115.10100 12.97630
C 213.74200 118.03200 12.90600
C 211.55000 120.58200 13.12660
H 209.05800 116.27800 11.59540
H 212.25000 116.87400 11.30590
H 214.46700 114.54600 11.38680
H 210.07300 119.34600 11.58560
H 213.23600 119.91900 11.41470
C 214.71100 121.08500 13.03290
C 219.20300 116.34200 12.87920
C 215.92200 115.82800 12.88690
C 216.92600 118.70100 12.88750
C 220.33600 119.26200 12.85390
C 200.88000 124.10300 13.24780
C 195.53200 125.80000 13.46050
C 197.77700 123.36600 13.30730
C 198.86900 126.48800 13.37680
H 199.51800 122.94800 11.61750
H 200.55300 125.98200 11.68330
H 197.31500 125.29800 11.82700
H 196.20000 122.27700 11.74420
H 195.20400 127.69400 11.87110
C 202.00700 127.16400 13.33860
C 203.00100 121.70000 13.17380
C 207.40000 125.41200 13.11820
C 206.24500 122.36200 13.23580
C 204.09600 124.74900 13.26720
C 205.33400 127.73800 13.20010
H 202.66900 123.59200 11.63470
H 203.75700 126.61100 11.71790
H 205.85600 124.18500 11.60300
H 207.98300 121.76200 11.57510
C 209.43000 122.96500 13.13360
C 213.84300 126.55700 13.13370
C 210.58800 125.90000 13.17650
C 212.60000 123.50800 13.15030
H 209.11600 124.80900 11.52370
H 211.13200 122.36300 11.51100
C 221.26500 122.22100 12.99400
C 215.93900 124.10900 13.08070
C 218.06000 121.62900 13.00300
C 219.27500 124.59100 13.01680
C 217.20200 126.92500 13.16310
C 220.33900 127.61400 13.07870
C 196.66000 128.80900 13.46110
C 200.87700 132.52000 13.46620
C 199.84400 129.48200 13.42030
C 197.57800 131.95200 13.47960
C 195.41400 134.44100 13.39810
H 198.36800 128.33100 11.82560
C 206.27600 130.67500 13.27440
C 203.10000 130.16200 13.33350
C 204.08900 133.18000 13.40970
C 207.30100 133.71900 13.36230
C 210.62300 134.25100 13.31860
C 212.64600 131.91500 13.26740
C 209.50100 131.22300 13.24390
C 208.35800 128.31100 13.24410
C 211.65100 128.97000 13.19750
C 221.45500 130.68400 13.19070
C 214.91500 129.38400 13.25550
C 218.20700 130.00800 13.25600
C 215.95500 132.41100 13.30480
C 219.36900 133.03500 13.26860
C 223.50900 2.32302 9.98114
C 226.85300 2.91429 9.95508
C 224.63800 5.34090 10.04280
C 227.83100 5.90796 9.97163
H 225.34900 1.72140 11.54660
H 226.47000 4.72453 11.64400
H 223.16600 4.12949 11.65680
H 222.10300 1.10217 11.63000
C 230.06500 3.45379 10.08100
C 232.13400 1.16010 10.01200
C 233.30300 4.19190 10.10020
C 231.20400 6.49619 10.03430
C 228.98300 0.53277 9.96846
H 231.84200 2.99364 11.67850
H 232.84300 6.00339 11.77450
H 233.88200 0.53078 11.63110
H 229.64600 5.36700 11.59500
H 228.56600 2.30731 11.63630
C 235.38100 1.78147 10.06810
C 236.61300 4.71158 10.17660
C 238.64700 2.33277 10.12520
C 239.71500 5.30121 10.22750
H 237.12900 1.13074 11.67380
H 238.30100 4.07607 11.84340
H 240.40500 1.76252 11.79530
H 235.01400 3.59161 11.71440
H 236.13200 6.57265 11.70170
C 241.81500 2.95861 10.12650
C 245.06800 3.53692 10.09230
C 243.00000 5.94295 10.16220
C 247.25200 1.05081 9.99197
C 246.20200 6.42774 10.08090
C 243.90300 0.47563 10.10540
H 244.76700 5.32398 11.77650
H 241.54500 4.74275 11.78700
H 243.64300 2.35203 11.67580
H 246.89000 2.81588 11.66590
H 248.00100 5.87769 11.65110
C 222.40400 7.70078 10.06700
C 225.57900 8.27564 9.96207
C 223.51500 10.66560 10.00410
C 226.75000 11.34010 9.97910
H 227.46300 7.78486 11.52460
H 224.22400 7.13113 11.65120
H 222.01900 9.51424 11.61780
H 225.31600 10.10770 11.59310
C 234.30200 7.09112 10.11960
C 229.01100 8.92379 9.92052
C 230.10100 11.96530 10.00710
C 233.39200 12.55120 10.07710
C 232.26400 9.63068 10.03650
H 230.77200 8.37137 11.59690
H 228.60200 10.74990 11.51870
H 231.88000 11.37680 11.61110
H 233.98600 8.95665 11.63410
C 235.50400 10.11090 10.13530
C 237.68700 7.66049 10.14760
C 240.80800 8.19603 10.24280
C 236.47200 13.11580 10.10240
C 238.66200 10.69950 10.10410
H 237.25200 9.46274 11.73850
H 239.31600 7.07128 11.89550
C 241.83900 11.30820 10.21530
C 245.11400 11.92830 10.14710
C 244.00900 8.90894 10.16900
C 247.29900 9.46090 10.08940
H 242.63700 7.71773 11.85070
C 224.65200 13.65830 10.03480
C 222.60200 16.03200 10.05470
C 227.88700 14.31930 10.15870
C 225.83300 16.61010 10.06870
C 223.60800 19.07590 9.99281
C 226.91800 19.69900 10.16010
C 234.42300 15.62150 10.26570
C 231.18500 14.96650 10.13560
C 229.07000 17.29760 10.16780
C 232.31600 17.84920 10.35810
C 230.18600 20.25760 10.22100
C 239.81300 13.80820 10.25960
C 235.46900 18.46740 10.50540
C 237.64500 16.27470 10.34790
C 240.82000 16.70360 10.32210
C 238.74800 19.05360 10.46730
C 245.14400 20.31590 10.30220
C 241.88500 19.69240 10.36490
C 242.97800 14.20800 10.23990
C 246.14100 14.79220 10.11320
C 243.93100 17.22610 10.19570
C 247.24600 18.00010 10.14890
C 225.65100 25.11060 9.96196
C 222.50700 24.40940 10.02710
C 227.91300 22.54980 10.05310
C 224.69300 22.09650 10.00350
C 233.35200 20.87190 10.33770
C 229.01300 25.67770 10.08140
C 232.22200 26.22310 10.21220
C 231.24200 23.25830 10.20140
C 234.46200 23.77900 10.27520
C 239.83800 22.01000 10.40170
C 237.68300 24.36970 10.30270
C 240.84200 25.09910 10.43610
C 235.47800 26.88000 10.28110
C 236.55800 21.37810 10.40030
C 242.94900 22.68720 10.42960
C 244.04200 25.52460 10.43790
C 247.22900 26.23960 10.37010
C 246.34000 23.25110 10.45200
C 223.52500 27.41150 9.96014
C 226.79000 28.10670 10.07230
C 227.93500 31.07750 10.13950
C 222.47300 32.92870 10.20020
C 225.81800 33.51970 10.09850
C 224.74100 30.49970 10.01620
C 230.06000 28.72930 10.16900
C 231.11700 31.65980 10.19820
C 234.26400 32.14480 10.16180
C 233.31700 29.22880 10.21970
C 237.67600 32.82860 10.17700
C 238.71400 27.52680 10.27750
C 240.91500 33.37490 10.16140
C 239.73200 30.42120 10.22690
C 236.44900 29.81560 10.21690
C 245.18000 28.58540 10.26340
C 243.00300 31.02490 10.23760
C 246.18700 31.62010 10.23760
C 241.92500 28.00130 10.31720
C 223.57200 2.20757 13.22390
C 226.75600 2.89023 13.23660
C 224.68000 5.32223 13.24690
C 227.85000 6.00550 13.22980
C 230.02700 3.52825 13.20050
C 232.09300 1.07020 13.26570
C 233.22000 4.13299 13.36640
C 231.00900 6.54204 13.28460
C 228.85100 0.51635 13.18650
C 235.32000 1.68106 13.28000
C 236.41600 4.76107 13.34560
C 238.60400 2.19841 13.43000
C 239.75100 5.22688 13.46170
C 241.95400 2.88992 13.36320
C 245.18600 3.46024 13.30020
C 242.97300 5.89099 13.40200
C 247.23700 0.95318 13.31160
C 246.29400 6.49573 13.31470
C 244.13100 0.57702 13.31730
C 222.44200 7.75593 13.29840
C 225.70000 8.26019 13.23650
C 223.56700 10.60400 13.17780
C 226.85500 11.14580 13.22600
H 226.44700 13.07780 11.70740
H 223.20800 12.48200 11.61590
C 234.33100 7.17636 13.31050
C 228.93800 8.87963 13.13850
C 230.04200 11.86680 13.19170
C 232.20200 9.49985 13.18630
C 233.30900 12.43920 13.30260
C 235.38300 10.06000 13.27260
C 237.51400 7.66041 13.43760
C 240.81800 8.34834 13.37300
C 236.51500 13.01230 13.28680
C 238.69400 10.71330 13.28340
H 235.07800 11.91690 11.69690
H 238.30600 12.52090 11.64390
H 240.42500 10.07720 11.70110
C 241.89400 11.19990 13.33150
C 245.13800 11.88230 13.38050
C 244.11600 8.97414 13.37530
C 247.30800 9.47404 13.32530
H 241.53500 13.08750 11.86940
H 245.81400 8.28372 11.70330
H 246.94600 11.30970 11.75660
H 243.70400 10.74900 11.72730
C 224.65900 13.65190 13.24160
C 222.53100 16.11200 13.30270
C 227.93300 14.22850 13.30680
C 225.70400 16.71590 13.28270
C 223.62200 19.18110 13.25010
C 226.79600 19.75460 13.26360
H 222.21000 17.90070 11.65840
H 224.32100 15.50550 11.63600
H 227.57100 16.15270 11.78870
H 225.35300 18.51830 11.64130
C 231.15300 14.78010 13.39380
C 234.46200 15.27980 13.39180
C 228.93700 17.36110 13.48480
C 232.15700 17.82730 13.63330
C 230.00000 20.40220 13.41870
H 231.86600 19.68020 11.96100
H 234.03500 17.28370 12.08540
H 228.64000 19.11230 11.77530
H 230.75400 16.72360 11.91800
H 229.71800 13.71540 11.65530
H 232.91000 14.30560 11.72340
C 239.74200 13.52250 13.41730
C 235.42600 18.51000 13.70200
C 237.49400 16.00610 13.51910
C 240.89700 16.57120 13.57900
C 238.76000 19.13690 13.60880
H 235.03700 20.28500 12.02790
H 239.39300 15.51580 11.99050
H 237.25300 17.91290 12.09980
H 236.20000 14.90110 11.71710
H 240.56900 18.45600 12.03790
H 244.78200 13.67390 11.78580
C 242.06800 19.62050 13.58520
C 243.03800 14.19110 13.45370
C 246.14000 14.89260 13.35990
C 244.10800 17.23600 13.43960
C 247.27900 17.79250 13.41380
C 245.14800 20.22240 13.52990
H 243.68900 19.06210 11.83650
H 246.94400 19.73820 11.91640
H 245.82800 16.72950 11.69740
H 247.98000 14.36370 11.67370
H 242.60700 16.03100 11.88480
C 224.51400 22.03240 13.18570
C 222.48800 24.46630 13.10590
C 227.82400 22.68920 13.26310
C 225.75100 25.05690 13.21340
H 227.46300 24.46730 11.55170
H 224.29800 23.90330 11.58900
H 225.31100 26.89000 11.63250
H 222.08400 26.28070 11.54550
H 226.38500 21.53030 11.69300
H 223.13100 20.91680 11.53980
C 232.18900 26.25080 13.42970
C 228.83500 25.63900 13.29690
C 234.45000 23.88070 13.50760
C 231.03900 23.20090 13.44670
C 233.24500 20.91570 13.60660
H 230.73500 25.07170 11.81660
H 229.67800 22.11060 11.71460
H 234.01500 25.68290 11.86650
H 232.94500 22.69930 11.94260
C 236.51600 21.53120 13.55740
C 239.83800 22.08560 13.63680
C 240.73900 25.11120 13.60580
C 237.58100 24.47500 13.46320
C 235.50500 26.77400 13.45700
H 236.16800 23.27930 11.88500
H 237.31000 26.29460 11.84400
H 240.43400 26.93190 11.97890
H 239.42100 23.85470 12.00290
H 238.35400 20.93120 12.02520
H 241.54900 21.46400 12.04750
C 247.32000 26.30570 13.69350
C 244.08800 25.70080 13.59400
C 242.99500 22.65920 13.68970
C 246.34700 23.15030 13.60950
H 245.89900 25.07140 12.04030
H 248.13000 22.69340 12.01000
H 244.80100 22.09770 12.00030
H 242.57300 24.44360 12.10010
H 224.31800 32.28830 11.70120
H 227.49000 32.82050 11.81280
H 226.44000 29.89440 11.69350
H 223.17200 29.28680 11.55110
C 223.49500 27.48110 13.16660
C 227.86200 30.96060 13.39340
C 224.61300 30.41670 13.26940
C 226.74700 28.04480 13.27710
C 225.72200 33.50480 13.35380
C 222.53500 32.65440 13.42620
H 229.68100 30.52100 11.81410
H 230.75300 33.50350 11.72810
H 228.54000 27.46620 11.69150
H 231.78300 28.08540 11.76830
C 233.17900 29.16650 13.46260
C 234.26800 32.25770 13.42430
C 229.99200 28.62160 13.31140
C 231.06700 31.74470 13.41870
H 232.86300 31.01890 11.85350
H 239.42300 32.27900 11.82730
H 238.26100 29.32580 11.93560
H 235.03400 28.67930 11.91360
C 239.78600 30.51840 13.55010
H 236.05600 31.75050 11.76160
C 238.55800 27.43860 13.51480
C 237.59700 32.88580 13.40230
C 236.47800 29.99790 13.49040
C 240.96900 33.47720 13.37150
H 248.00500 31.16380 11.89020
H 242.70200 32.93270 11.78370
H 244.78600 30.41980 11.89830
C 245.13300 28.55430 13.55950
C 241.96500 28.17440 13.56660
C 246.18600 31.63480 13.50430
C 243.03600 31.18250 13.47890
H 245.86300 33.46050 11.86220
H 243.70800 27.45280 11.89600
H 241.53600 29.91800 11.89360
H 246.94200 28.06080 11.97870
C 223.49200 35.73640 10.25590
C 226.76000 36.49650 10.13430
C 224.62900 38.64930 10.09570
C 227.60500 39.45630 10.01560
C 228.94300 33.96720 10.17560
C 229.93700 36.82700 9.97304
C 232.14000 34.59150 10.01390
C 233.29000 37.51300 9.88933
C 231.05300 40.06540 9.86434
C 235.45400 35.10040 10.06710
C 236.55700 38.15260 9.86765
C 238.71100 35.74540 10.01350
C 239.95100 38.73910 9.97291
C 242.03500 36.39430 10.11050
C 245.29500 37.12710 9.94617
C 243.10100 39.36910 9.99036
C 247.32600 34.55010 10.18490
C 246.29700 40.10450 9.94471
C 244.20500 33.99420 10.13120
C 222.51000 41.05220 9.93309
C 225.73400 41.83060 9.95037
C 223.50500 44.19120 9.72036
C 226.85000 44.90100 9.77645
C 234.46600 40.61480 9.76542
C 228.96900 42.37620 9.93146
C 232.04700 43.00760 9.80183
C 230.00100 45.41860 9.72915
C 233.26600 45.96900 9.62445
C 235.55200 43.65440 9.66346
C 237.62400 41.12390 9.80679
C 240.91500 41.92240 9.88243
C 238.75200 44.19890 9.82008
C 236.67100 46.69210 9.65425
C 241.92700 44.92070 9.86387
C 244.19600 42.53300 9.79439
C 247.34300 43.14620 9.87953
C 245.27900 45.48970 9.84713
C 224.62100 47.23710 9.75573
C 222.46100 49.64650 9.65216
C 227.84700 47.75410 9.63656
C 225.79800 50.15290 9.61762
C 223.50700 52.74750 9.63709
C 226.70000 53.20910 9.52809
H 225.31700 52.05260 11.19380
C 234.40400 49.02110 9.54054
C 231.13500 48.45980 9.58202
C 228.97400 50.80510 9.59084
C 232.13100 51.34730 9.54135
C 229.96400 53.75860 9.39727
H 228.55700 52.73970 11.15020
H 231.79400 53.31590 11.06670
H 230.76600 50.27650 11.23830
H 234.00500 50.83270 11.04460
C 239.77200 47.24460 9.68618
C 235.47100 52.05540 9.46209
C 237.65500 49.66520 9.55211
C 240.89500 50.27070 9.64967
C 238.61400 52.77870 9.41741
H 237.27800 51.59580 11.07740
H 235.01200 53.89830 11.06760
H 240.41400 52.15210 11.06220
H 236.20700 48.53420 11.17320
C 247.33500 51.57340 9.72013
C 244.15700 50.91660 9.72297
C 241.97500 53.38040 9.61263
C 243.03600 47.94050 9.77211
C 246.22400 48.46010 9.81205
C 245.20000 53.85010 9.66966
H 243.74000 52.70500 11.24450
H 246.90200 53.35090 11.40400
C 225.74100 58.55700 9.37172
C 227.86100 56.22000 9.36673
C 222.47600 57.88100 9.50646
C 224.57200 55.61680 9.54538
H 224.29800 57.51230 11.09100
H 222.10600 59.80710 10.99930
H 225.38500 60.43730 10.93680
H 223.21600 54.51270 11.32200
H 226.45200 55.09850 11.05750
H 227.54400 58.08250 10.91960
C 233.20300 54.42940 9.40443
C 231.06600 56.87960 9.34160
C 234.30400 57.54820 9.45670
C 228.96700 59.37130 9.36075
C 232.19900 59.83890 9.38337
H 233.91600 59.31460 11.09550
H 232.83600 56.27800 11.00470
H 230.69100 58.70570 10.93150
H 229.69600 55.65270 10.93400
C 237.52300 58.13160 9.52535
C 236.46100 55.08660 9.42965
C 240.84300 58.66790 9.62330
C 239.87100 55.85190 9.63076
C 235.36200 60.47750 9.49722
H 237.09900 59.88810 11.14540
H 239.27300 57.60460 11.27570
H 236.05800 56.90470 11.07300
H 240.41300 60.51970 11.24410
H 238.25300 54.60360 11.02700
H 241.53100 55.12150 11.28120
C 247.27300 60.01990 9.58038
C 244.06800 59.35190 9.55183
C 246.33500 56.82520 9.64130
C 243.01000 56.20190 9.63174
H 242.61200 58.10960 11.14760
H 244.78600 55.71830 11.28340
H 247.98300 56.35190 11.39950
H 245.82400 58.73650 11.16040
C 224.64400 64.04710 9.32205
C 223.56200 60.86360 9.35409
C 226.84800 61.66760 9.39173
C 225.57100 67.13150 9.26647
C 222.49900 66.50690 9.23255
C 227.84200 64.53260 9.38250
H 227.38700 66.47910 10.74510
H 226.32900 63.45880 10.99120
H 224.20400 65.88010 10.91740
H 223.14300 62.82490 10.83000
C 229.94000 62.22790 9.38069
C 233.15300 62.83690 9.40680
C 234.38300 65.83410 9.43203
C 231.03800 65.11290 9.31332
H 232.85700 64.72390 10.98460
H 229.60500 64.04930 11.02810
H 231.70400 61.65860 10.98320
H 230.71500 66.97960 10.90070
H 228.51700 61.09410 11.04510
C 236.60300 63.49070 9.52852
C 239.71600 63.98580 9.60909
C 238.63000 61.01410 9.61616
C 240.91500 67.14460 9.60762
C 237.62100 66.46050 9.40440
H 238.26600 62.84610 11.27180
H 234.98200 62.33810 11.06350
H 236.16000 65.31160 11.08320
H 239.37800 65.95790 11.09870
C 242.88600 64.70650 9.65145
C 245.09100 62.33520 9.63744
H 244.72400 64.19670 11.21410
H 243.61800 61.11230 11.25010
H 242.61700 66.54420 11.31690
H 245.79200 67.19300 11.56470
C 246.26100 65.45920 9.86316
C 241.83600 61.79080 9.65536
H 247.97700 64.79160 11.51730
H 241.47500 63.49900 11.31620
H 246.85000 61.79440 11.25800
C 223.60600 35.87310 13.42680
C 226.76600 36.39940 13.37990
C 224.53700 38.98770 13.37150
C 227.98000 39.47740 13.24560
H 226.37900 38.28510 11.80630
H 225.33800 35.29070 11.71960
H 223.21100 37.62880 11.81170
H 222.03800 34.61910 11.96910
C 228.96400 34.02660 13.40170
C 230.05700 37.10250 13.17410
C 232.13600 34.78610 13.32650
C 233.32900 37.75380 13.09010
C 231.10800 39.98980 13.04950
H 229.55700 38.80510 11.43190
H 231.80200 36.48580 11.56290
H 233.90200 34.05660 11.70790
H 232.90300 39.47500 11.35360
H 228.51700 35.78560 11.77890
H 235.09800 37.08600 11.50250
C 235.32300 35.36800 13.26860
C 236.60600 38.26540 13.13300
C 238.76700 35.96400 13.28730
C 239.84500 38.87680 13.18520
H 238.34200 37.67990 11.54280
H 236.14500 40.01380 11.49740
H 237.24500 34.73460 11.74290
H 240.48600 35.28310 11.66220
H 241.67400 38.27940 11.72690
C 242.03600 36.47290 13.27170
C 245.25300 37.20760 13.26090
C 243.13900 39.60900 13.17350
C 247.39900 34.73310 13.32860
C 246.37600 40.09870 13.14690
C 244.07600 34.20560 13.42010
H 244.90800 38.94340 11.57310
H 243.88900 35.92870 11.66090
H 248.10700 39.50410 11.48990
H 246.96500 36.48220 11.64230
H 224.26400 40.66430 11.57210
C 222.43500 41.35350 13.12780
C 225.68800 42.07090 13.13650
C 223.53100 44.33380 13.01970
C 226.80600 44.96010 12.99880
H 225.32100 43.78850 11.38800
H 227.50500 41.33030 11.65330
H 226.41900 46.72160 11.35320
H 222.09700 43.04760 11.38570
H 223.15100 46.06250 11.33170
C 234.31900 40.70320 12.98840
C 228.96000 42.65760 13.18010
C 232.26000 43.10010 13.02640
C 229.99700 45.61610 12.91800
C 233.34100 46.11070 12.89180
H 228.55400 44.31290 11.41520
H 233.99500 42.51910 11.27960
H 231.81600 44.90430 11.37120
H 230.69700 41.88090 11.56870
H 235.11800 45.53210 11.22630
C 235.38800 43.75920 12.92500
C 237.67400 41.25280 13.06250
C 240.91400 41.89750 13.10940
C 238.58100 44.32240 13.03310
C 236.54000 46.81190 12.85420
H 237.28600 43.03060 11.35380
H 239.49300 40.66210 11.47940
H 238.37500 46.12530 11.35200
H 240.47200 43.73580 11.54530
H 241.49300 46.76930 11.38100
C 241.92100 45.00460 13.04570
C 244.09100 42.54730 13.15450
C 247.36800 43.12210 13.11310
C 245.17800 45.48640 13.07520
H 242.72800 41.33160 11.46970
H 243.73500 44.31070 11.45780
H 247.02600 44.96250 11.51130
H 245.90700 41.94300 11.51140
C 224.60900 47.32480 12.87410
C 222.44600 49.74080 12.83400
C 227.92300 47.95440 12.86280
C 225.80300 50.22100 12.81690
C 223.56900 52.67500 12.88940
C 226.71400 53.34510 12.72690
H 222.13300 51.51480 11.23640
H 224.23500 49.12460 11.27430
H 227.56700 49.68660 11.20100
H 229.66500 47.33150 11.21080
C 234.34000 49.12120 12.74480
C 231.16700 48.47200 12.82080
C 228.99900 50.95720 12.79620
C 232.31200 51.49590 12.72810
H 232.91200 47.84030 11.18370
C 230.04800 53.93940 12.69550
C 239.74300 47.38430 12.97950
C 235.43400 52.13410 12.62700
C 237.56200 49.88830 12.75800
C 240.77300 50.43340 12.83360
C 238.67700 52.78870 12.69920
H 239.37300 49.11550 11.25790
C 241.89000 53.20550 12.76340
C 242.96300 47.92940 13.01540
C 246.19900 48.52910 13.05340
C 244.10700 51.04110 12.96870
C 247.31500 51.51590 13.04360
H 247.99900 47.94600 11.42700
C 245.09000 53.94910 12.95610
H 244.77900 47.30680 11.44550
H 245.91200 50.35370 11.39300
H 242.67300 49.75320 11.38970
C 225.81900 58.70440 12.60960
C 224.79900 55.78780 12.74820
C 222.51900 58.05570 12.70040
C 227.95800 56.27330 12.54790
C 231.06900 56.86280 12.58130
C 234.25500 57.41100 12.67120
C 228.96900 59.21950 12.56080
C 233.20100 54.50130 12.70050
C 232.06900 59.85860 12.62900
C 235.35300 60.51820 12.75340
C 240.83800 58.70000 12.86720
C 239.65900 55.67160 12.76290
C 236.48500 55.07000 12.68280
C 237.41200 58.06830 12.79610
C 244.06100 59.28000 12.83790
C 247.14600 59.97150 12.85470
C 246.19900 56.98420 12.89490
C 242.90700 56.28590 12.86880
C 222.50000 66.50840 12.50350
C 223.58900 61.02780 12.52940
C 224.51000 64.01510 12.51290
C 225.72400 66.97640 12.54320
C 226.75700 61.69120 12.60130
C 227.60400 64.63690 12.43810
C 231.08400 65.25120 12.62780
C 234.32600 65.87440 12.60760
C 233.13800 62.90880 12.60680
C 229.96800 62.26480 12.66260
C 240.72800 67.20370 12.78620
C 238.54300 60.95420 12.85670
C 239.65700 64.17360 12.84860
C 237.54000 66.57300 12.68460
C 236.38000 63.50160 12.74920
C 245.07700 62.35350 12.85650
C 242.95100 64.70880 12.87530
C 246.06500 65.22390 13.01490
C 241.87500 61.75600 12.91280
C 223.63200 69.61130 9.37579
C 226.78500 70.16590 9.45229
C 224.70600 72.47830 9.53896
C 227.94200 73.04440 9.54290
H 226.44400 71.92100 11.20100
H 223.20300 71.29100 11.14350
H 222.11800 68.36810 10.85430
H 225.32900 68.88810 11.01330
C 230.09500 70.75070 9.43832
C 232.21600 68.23900 9.32697
C 233.27000 71.24990 9.49090
C 230.98700 73.77780 9.52750
C 228.94900 67.66160 9.27345
H 228.59600 69.46830 10.99080
H 232.79700 73.09280 11.05360
H 229.70300 72.47170 11.13120
H 231.80800 70.04540 11.01450
H 234.01300 67.70640 10.98370
C 235.43700 68.99270 9.41024
C 236.50700 71.85860 9.46122
C 238.66500 69.51370 9.48676
C 239.84800 72.54180 9.56331
H 240.39600 68.97870 11.15820
H 238.31400 71.31630 11.10060
H 237.20600 68.26290 10.96540
H 235.01800 70.72640 11.14440
H 236.12800 73.68080 11.07160
H 241.55200 71.97930 11.30700
C 241.92200 70.14920 9.65779
C 245.17700 70.72170 9.76636
C 243.03400 73.15870 9.74413
C 247.34000 68.24730 9.95128
C 246.25800 73.77180 9.87619
C 244.08300 67.74990 9.78872
H 243.64700 69.60050 11.33040
H 246.87900 70.18880 11.46940
H 244.75400 72.53270 11.40980
H 247.98800 73.13570 11.51160
C 222.51400 74.87910 9.48136
C 225.77500 75.49580 9.59010
C 223.59500 77.81810 9.58688
C 226.88800 78.39300 9.64746
H 227.55700 74.88490 11.17840
H 223.13400 79.64420 11.17450
H 226.34100 80.24350 11.27340
H 225.34200 77.32130 11.23600
H 222.16100 76.62090 11.19970
H 224.28000 74.30930 11.11330
C 234.30100 74.26890 9.52026
C 229.00400 76.18330 9.64616
C 230.08700 79.16890 9.79529
C 233.26900 79.74190 9.85570
C 232.22400 76.77050 9.72240
H 228.62100 77.86930 11.40150
H 231.81800 78.50170 11.39530
H 230.75300 75.48300 11.25820
H 233.94700 76.00440 11.24900
C 235.31800 77.38680 9.77450
C 237.56200 74.94880 9.55641
C 240.86300 75.60070 9.67581
C 236.46700 80.25750 9.95626
C 238.65200 78.06150 9.77246
H 240.44800 77.37910 11.30290
H 235.00000 79.06010 11.51930
H 237.16500 76.72750 11.27190
H 239.31500 74.36240 11.20120
H 238.29700 79.76810 11.55830
H 241.55200 80.33570 11.51480
C 241.99800 78.56690 9.80995
C 245.17400 79.31200 10.00040
C 244.22900 76.18410 9.86310
C 247.27400 76.77020 10.00090
H 242.63000 75.00450 11.33560
H 245.88800 75.53040 11.57570
H 246.89600 78.56550 11.63650
H 243.72000 77.95330 11.43900
C 224.55900 80.91870 9.59877
C 222.45700 83.39250 9.53008
C 227.91600 81.43820 9.79553
C 225.79300 84.01270 9.74369
C 223.59500 86.38550 9.71624
C 226.77100 86.98130 9.92986
H 222.09500 85.12380 11.21730
H 225.27300 85.70930 11.42680
H 224.19600 82.72790 11.16690
H 227.49600 83.31560 11.37730
H 229.75200 80.96820 11.43790
C 234.37700 82.68390 9.94680
C 231.24700 82.21050 9.93244
C 228.95700 84.65670 9.90154
C 232.12300 85.05010 9.91373
H 231.71000 86.92430 11.52950
H 228.46700 86.38630 11.56170
H 230.67400 83.95520 11.60910
C 229.95600 87.54240 9.91193
H 232.93800 81.45960 11.54900
H 233.88300 84.52410 11.55560
C 239.81700 80.96250 9.95987
C 235.34600 85.68590 9.86924
C 237.54700 83.24740 9.95715
C 240.85600 83.77370 10.00240
C 238.66000 86.21970 9.88769
H 240.41300 85.72110 11.51910
H 237.14300 85.04440 11.52380
H 236.10500 82.07010 11.59250
H 239.33700 82.71840 11.62100
H 235.08800 87.52620 11.33550
H 244.72600 81.01350 11.68610
C 241.86900 86.88330 9.89154
C 243.06700 81.56980 9.98517
C 246.14400 82.24910 10.08270
C 244.07400 84.64550 10.10380
C 247.25100 85.23850 10.16610
C 245.17800 87.57820 10.09370
H 246.84400 86.95820 11.81340
H 243.60100 86.45210 11.64940
H 242.60300 83.36600 11.65770
H 247.96200 81.57190 11.62520
H 245.82300 83.95830 11.77490
C 225.57000 92.41070 9.94943
C 222.40000 91.91730 9.86747
C 227.73100 89.88240 9.87962
C 224.53600 89.35730 9.87780
H 223.07600 88.10500 11.38950
H 227.36700 91.74780 11.48010
H 225.21000 94.12200 11.64070
H 226.27100 88.77190 11.56400
H 224.10500 91.14370 11.46760
H 222.02600 93.54160 11.67280
C 231.09800 90.42550 9.81565
C 234.39000 91.09470 9.72495
C 228.84300 92.80430 9.76394
C 232.16400 93.51390 9.77421
C 233.20900 88.01880 9.80516
H 229.53500 89.36500 11.41980
H 232.85900 89.90050 11.30350
H 233.92100 92.90190 11.35730
H 230.65000 92.36220 11.34160
C 237.54800 91.60290 9.85768
C 240.80400 92.16810 9.94263
C 236.48500 88.66020 9.75316
C 239.67200 89.28580 9.84920
C 235.39300 94.04660 9.75935
H 238.21600 88.11900 11.43500
H 237.17700 93.51780 11.41990
H 240.43200 94.09730 11.40470
H 236.03900 90.48880 11.39250
H 239.27900 91.11030 11.59940
H 241.49100 88.77630 11.42710
C 246.27300 90.49120 10.11210
C 243.12600 89.96110 9.98708
C 244.26200 93.01120 9.98123
C 247.50500 93.44520 10.04150
H 242.68700 91.82120 11.54320
H 247.97400 89.97840 11.84040
H 244.77300 89.36030 11.75620
H 245.96600 92.34050 11.64660
H 226.33700 97.15740 11.56640
C 225.63600 100.63700 10.07560
C 226.64400 95.30930 9.97048
C 222.38700 100.01000 10.18770
C 223.46700 94.76980 10.08500
C 224.50800 97.84150 10.09960
C 227.62900 98.41150 9.90487
H 227.44400 100.19000 11.62080
H 224.21600 99.60930 11.77390
H 223.14000 96.59760 11.74030
H 229.50900 97.73610 11.42490
C 234.32900 99.45890 9.66094
C 233.21300 96.50040 9.66336
C 229.97100 95.87880 9.87128
C 231.02600 98.83260 9.72706
H 232.85900 98.35620 11.31960
H 231.82200 95.34280 11.42960
H 230.64000 100.66800 11.39440
H 228.48900 94.64150 11.44260
H 235.00500 95.90750 11.29430
C 238.65800 94.70520 9.82822
C 236.51000 96.97860 9.74911
C 239.59600 97.68900 9.79664
C 240.75700 100.65000 9.89857
C 237.66500 100.12700 9.81357
H 238.24600 96.54070 11.45470
H 236.10800 98.90250 11.30760
H 239.35400 99.52290 11.46990
C 242.94400 98.22110 9.84470
H 245.79200 100.77300 11.57500
H 241.41700 97.08080 11.38700
H 243.69100 94.77260 11.53030
H 242.62000 100.05600 11.51180
H 247.92500 98.34110 11.68500
C 246.22200 98.90020 9.96622
H 244.73500 97.72600 11.50810
C 245.22200 95.90840 9.92018
C 241.97500 95.23710 9.84757
H 247.01500 95.35260 11.56670
C 223.53400 69.44340 12.65450
C 226.84400 70.03680 12.69410
C 224.59300 72.56070 12.74740
C 228.00000 73.06060 12.79790
C 228.82700 67.46700 12.47100
C 230.07500 70.59570 12.64790
C 232.14500 68.15260 12.57150
C 233.23700 71.25290 12.67510
C 231.07900 73.60030 12.80840
C 235.45300 68.84270 12.59040
C 236.53100 71.88360 12.68980
C 238.46200 69.47240 12.70120
C 239.61700 72.47180 12.80290
C 241.74600 70.07960 12.84010
C 243.90600 67.81980 13.00250
C 245.00500 70.73450 13.05430
C 242.93300 73.20000 12.96390
C 247.18800 68.42830 13.18680
C 246.16900 73.62240 13.08840
C 222.43700 74.79520 12.71500
C 225.71300 75.48030 12.76000
C 223.54900 77.82350 12.81650
C 226.74200 78.48300 12.96450
C 234.31200 74.14220 12.73780
C 228.99900 75.95020 12.92010
C 230.04600 79.06620 13.01400
C 232.23900 76.64920 12.88070
C 233.18300 79.58870 13.10640
C 235.36200 77.10380 12.97680
C 237.50200 74.84200 12.79330
C 240.75700 75.53080 12.91930
C 236.45900 80.16700 13.18640
C 238.68000 77.81960 12.96820
C 241.93300 78.42930 13.01640
C 245.05900 79.13570 13.19920
C 244.07700 76.08430 13.05350
C 247.26200 76.72510 13.24800
C 224.46200 80.89930 12.85030
C 222.34600 83.20460 12.76650
C 227.83800 81.38870 12.92340
C 225.62500 83.77450 12.94570
C 223.47200 86.31930 12.97890
C 226.63400 86.90790 13.13970
C 231.16900 82.07330 13.14400
C 234.28100 82.77470 13.15810
C 228.84500 84.53710 13.14810
C 232.16900 85.13070 13.19730
C 229.93000 87.59230 13.15750
C 239.85000 80.82850 13.15270
C 235.33000 85.77560 13.05550
C 237.53900 83.30450 13.23270
C 240.76600 83.88700 13.22560
C 238.57100 86.33810 13.07670
C 241.72000 86.99290 13.15350
C 242.88200 81.53820 13.23480
C 246.22700 82.06850 13.29500
C 243.97700 84.63010 13.29720
C 247.23600 85.19860 13.42810
C 245.03300 87.52980 13.35820
C 224.40500 89.28460 13.08010
C 222.35400 91.63190 13.10710
C 227.83800 89.93540 13.07780
C 225.57200 92.19520 13.13670
C 231.06700 90.54040 12.92560
C 233.34800 88.14680 12.95080
C 232.14100 93.45340 12.96410
C 228.97000 92.81850 13.06800
C 234.27300 91.14870 12.97630
C 235.35600 94.08870 12.97000
C 240.82100 92.37390 13.12940
C 236.47200 88.68960 12.99830
C 237.39800 91.74590 13.08280
C 239.70500 89.20700 13.10770
C 242.86900 89.94780 13.17790
C 247.36400 93.60940 13.26130
C 244.13600 92.95020 13.18110
C 246.13100 90.60880 13.39180
C 227.81500 98.33230 13.14800
C 223.45800 94.71810 13.28630
C 224.59400 97.72870 13.29670
C 225.73900 100.83000 13.26110
C 226.77400 95.36470 13.13140
C 222.41500 100.11800 13.34270
C 231.07500 98.88310 13.03140
C 233.33100 96.53700 12.96070
C 229.99000 95.87600 13.01630
C 234.33900 99.54800 12.96330
C 239.68900 97.73080 13.09180
C 240.86200 100.74400 13.05780
C 236.40900 97.09880 12.97850
C 238.72100 94.74050 12.99230
C 237.48900 100.17600 12.96640
C 242.90400 98.16240 13.09830
C 241.84000 95.26540 13.07710
C 245.17600 95.90780 13.15150
C 246.07600 98.90580 13.22820
C 223.37900 103.05300 9.96588
C 226.69200 103.69200 9.92624
C 224.54700 106.06700 9.87509
C 227.77600 106.69900 9.80214
H 223.09800 104.92200 11.55950
H 222.02100 101.91200 11.68570
H 225.25700 102.56800 11.54760
H 226.38500 105.56300 11.54710
C 229.98000 104.25000 9.79515
C 232.10800 101.82600 9.70845
C 233.30100 104.82700 9.60641
C 231.00500 107.25200 9.65589
C 228.78000 101.23200 9.87374
H 231.83400 103.69300 11.27640
H 228.54000 103.10200 11.51970
H 232.85500 106.66900 11.16270
H 229.62500 106.13800 11.40210
H 233.97700 101.34800 11.26830
C 235.43900 102.47400 9.60990
C 236.59100 105.53900 9.69182
C 238.69600 103.12900 9.74792
C 239.82600 106.16800 9.79601
H 240.46100 102.58900 11.44350
H 237.17300 102.01100 11.33970
H 235.09400 104.33000 11.18210
H 236.08300 107.27200 11.35090
H 238.31000 104.95900 11.31850
C 241.88800 103.75600 9.80327
C 245.17800 104.35100 9.93895
C 243.02600 106.73900 9.87530
C 247.34600 101.99400 10.05030
C 246.27100 107.32300 9.99779
C 244.07100 101.36000 9.90596
H 244.74000 106.16400 11.53120
H 246.90200 103.84200 11.62350
H 248.09900 106.82300 11.62640
H 241.53900 105.57100 11.43900
H 243.64400 103.19300 11.50490
C 222.30200 108.50800 9.84759
C 225.63800 109.17400 9.88452
C 223.48900 111.52700 9.83204
C 226.64300 112.11900 9.82941
H 222.05800 110.39800 11.46430
H 224.13900 107.93100 11.44800
H 223.13200 113.36500 11.41450
H 225.21900 111.00500 11.48270
H 227.44200 108.49500 11.44770
H 226.35900 113.98600 11.38190
C 234.43800 107.81900 9.63915
C 228.89900 109.66500 9.75788
C 232.13500 110.29400 9.68813
C 229.85900 112.64300 9.77189
C 233.23200 113.32700 9.78329
H 233.98000 109.71200 11.24610
H 231.75000 112.09200 11.34000
H 230.70000 109.07500 11.31280
H 228.46900 111.49000 11.44600
C 235.48600 110.90000 9.72526
C 237.61900 108.40500 9.77221
C 240.79800 109.12400 9.88547
C 238.63300 111.51600 9.83287
C 236.51000 113.88100 9.82792
H 237.19000 110.25600 11.36050
H 238.24000 113.29700 11.44830
H 234.99400 112.65500 11.40540
H 239.34200 107.94900 11.48220
H 240.42600 110.91600 11.44590
C 241.94900 112.10600 9.87539
C 244.12500 109.73000 9.91259
C 247.36700 110.29300 10.10450
C 245.34000 112.72500 9.91105
H 241.52700 114.01600 11.30830
H 243.74500 111.64200 11.52840
H 245.85500 109.11800 11.64250
H 246.98200 112.17100 11.62330
H 242.59800 108.62000 11.52920
C 224.56300 114.44400 9.77050
C 222.48900 116.88300 9.69517
C 227.85000 115.05000 9.74402
C 225.69100 117.51600 9.73985
C 223.52700 120.01400 9.64682
C 226.75900 120.50000 9.76791
H 227.46800 116.90300 11.31710
H 224.24400 116.33100 11.37410
H 222.10300 118.75800 11.24640
H 225.22000 119.34500 11.31620
C 234.27500 116.26900 9.81505
C 231.12400 115.67600 9.84363
C 228.95600 118.03500 9.70200
C 232.17500 118.81700 9.85987
H 232.88700 115.07000 11.46070
H 229.63500 114.47900 11.40910
H 231.82100 120.51800 11.58520
H 230.70900 117.52100 11.36940
H 228.57900 119.87200 11.33240
H 233.94100 118.12000 11.45540
C 230.11500 121.21600 9.89281
C 239.62700 114.52000 9.81990
C 235.42200 119.32200 9.85007
C 237.51900 116.85500 9.82398
C 240.72400 117.49800 9.86196
C 238.66100 119.94000 9.86263
H 236.05200 115.69900 11.40130
H 240.41500 119.30600 11.48090
H 239.25500 116.28900 11.46350
H 237.15900 118.70300 11.45310
H 235.02000 121.14800 11.52120
C 241.94400 120.51800 9.91877
C 243.14600 115.13000 9.79473
C 246.27800 115.85600 9.94414
C 244.14600 118.20800 9.95485
C 247.26800 118.80300 9.94944
C 245.02900 121.19700 9.94088
H 248.02600 115.24600 11.62430
H 245.85600 117.63300 11.65910
H 246.91800 120.68100 11.49800
H 244.84400 114.57500 11.54780
H 242.55500 116.93800 11.44290
H 243.60900 119.98100 11.55700
C 225.78000 125.95600 9.90756
C 224.65100 122.82500 9.88809
C 222.50300 125.27300 9.85905
C 227.87000 123.47800 9.99867
H 225.33800 127.81900 11.48300
H 227.52300 125.37700 11.62790
H 222.10700 127.12700 11.40090
H 226.41300 122.29700 11.51060
H 224.36100 124.74900 11.50990
H 223.04300 121.69100 11.38420
C 228.91400 126.46700 9.91474
C 234.25600 124.74400 9.96832
C 231.10300 124.15900 9.97826
C 232.14900 127.14900 9.98342
C 233.18500 121.82300 9.96655
H 232.83000 123.55400 11.65050
H 233.93100 126.60800 11.55670
H 230.70000 125.94800 11.56820
H 229.67500 122.96900 11.63420
C 235.52600 127.76300 10.06930
C 236.50900 122.39100 9.93326
C 240.76900 125.94000 9.88451
C 237.56700 125.39400 9.97189
C 239.73500 122.89700 9.90531
H 240.42200 127.76300 11.45880
H 237.27900 127.19800 11.69230
H 239.30100 124.71900 11.48390
H 236.03600 124.21300 11.58650
H 238.25600 121.71400 11.53750
H 241.52300 122.37100 11.51050
C 247.35400 127.06800 9.94510
C 246.24400 124.09100 9.96644
C 242.94100 123.56300 9.95174
C 244.04100 126.60000 9.92252
H 248.03100 123.62200 11.58660
H 244.69800 122.99000 11.60720
H 245.85000 125.96300 11.55880
H 242.55400 125.43900 11.54160
C 225.62200 134.26000 9.94605
C 222.59000 133.75700 9.96545
C 226.88100 128.94800 9.86793
C 223.52800 128.38000 9.91663
C 224.61800 131.34500 9.94300
C 227.96100 131.89800 9.85198
H 224.30700 133.07100 11.58380
H 226.46700 130.77100 11.44610
H 227.50800 133.71900 11.47750
H 223.23300 130.18600 11.62550
C 234.33600 133.20600 9.96713
C 233.20100 130.14100 10.02570
C 231.05700 132.58900 9.93396
C 230.12200 129.56100 9.91895
H 229.66600 131.35500 11.48600
H 230.68300 134.40100 11.63430
H 231.77900 128.97600 11.65260
H 228.65800 128.36000 11.49270
H 232.85300 131.98900 11.55600
C 237.54200 133.77600 10.03280
C 236.48800 130.67100 10.03080
C 238.62100 128.39500 9.93735
C 240.82700 134.43000 10.15150
C 239.75100 131.39600 10.08130
H 239.32100 133.18600 11.70940
H 238.29300 130.14400 11.68990
H 235.01000 129.56700 11.69800
H 236.10100 132.52800 11.57770
C 246.05800 132.55000 9.93116
H 242.58800 133.77200 11.83100
H 243.65700 128.37600 11.55760
H 245.79000 134.34800 11.60180
C 245.10100 129.61100 9.97009
C 241.86800 129.04900 9.98024
H 246.90700 128.91300 11.54600
H 247.87300 131.92600 11.52330
H 241.48200 130.79400 11.68410
H 244.69400 131.40500 11.61950
C 242.85400 132.01500 10.11380
C 223.57900 103.08700 13.20350
C 226.73400 103.74300 13.14560
C 224.56600 106.16000 13.12190
C 227.92500 106.74900 13.13000
C 230.12900 104.28000 13.01430
C 232.18300 101.89100 12.93940
C 233.29100 104.84800 12.79770
C 231.18700 107.24900 12.92300
C 229.03800 101.33100 13.17490
C 235.40900 102.59000 12.90520
C 236.44900 105.41000 12.89140
C 238.62700 103.23600 12.98080
C 239.67200 106.04000 12.98950
C 243.97300 101.38900 13.14500
C 241.89100 103.77400 13.11380
C 245.05000 104.29800 13.20600
C 242.90000 106.76400 13.11910
C 247.18500 101.98800 13.21890
C 246.23700 107.27000 13.20880
C 222.42100 108.62600 13.13510
C 225.63400 109.15800 13.04500
C 223.43500 111.64500 13.11670
C 226.70000 112.17900 13.07730
C 234.21600 107.80400 12.84670
C 229.00600 109.65200 13.00870
C 232.22600 110.22000 12.92890
C 230.01600 112.70100 13.02990
C 233.16000 113.20600 13.03120
C 235.38800 110.80900 12.96180
C 237.44800 108.46200 13.01050
C 240.78400 109.07700 13.13660
C 238.58700 111.44400 13.02730
C 236.49100 113.86800 12.98530
C 241.82400 112.23100 12.97790
C 244.03500 109.82100 13.20480
C 247.27200 110.34200 13.28520
C 245.20600 112.79100 13.22960
C 224.60400 114.53200 13.03720
C 222.45700 116.99000 12.90940
C 227.87100 115.13800 12.98260
C 225.74100 117.57800 12.94220
C 223.49200 119.91800 12.98550
C 226.74500 120.30000 12.97450
C 234.30200 116.27900 13.08040
C 231.09800 115.67400 13.02450
C 228.85000 118.01500 12.98510
C 232.11000 118.59500 13.12050
C 229.94300 121.02500 13.13270
C 239.75600 114.42700 12.99280
C 235.36400 119.32400 13.10600
C 237.48400 116.81900 13.05710
C 240.75100 117.44900 13.04610
C 238.63100 119.83500 13.10210
C 241.78200 120.56200 13.11900
C 242.95000 115.11100 13.04780
C 246.25700 115.73600 13.21970
C 243.98900 118.15300 13.11870
C 247.33600 118.91200 13.18590
C 245.10400 121.09200 13.13430
C 224.60600 122.79200 13.05920
C 222.46000 125.29300 13.05130
C 227.83500 123.46600 13.19890
C 225.68100 126.00300 13.18350
C 231.03100 124.18100 13.26860
C 228.96900 126.59800 13.23120
C 232.12700 127.11900 13.20370
C 233.31600 121.71800 13.19500
C 234.25800 124.77100 13.23690
C 235.40300 127.68300 13.21730
C 239.64600 122.83000 13.11630
C 240.72200 125.89800 13.08680
C 236.49700 122.28200 13.11010
C 237.62800 125.23900 13.23010
C 247.34100 127.07300 13.19670
C 246.21100 124.09600 13.21630
C 242.88400 123.55400 13.17720
C 244.03000 126.57700 13.18310
C 222.59900 133.69700 13.20650
C 224.74800 131.26400 13.17390
C 226.85400 128.96000 13.07310
C 225.75000 134.30100 13.14570
C 227.86200 131.90600 13.08900
C 223.53400 128.22200 13.16570
C 234.31600 133.23300 13.20020
C 229.98100 129.61900 13.18410
C 231.05300 132.50100 13.18020
C 233.21100 130.17100 13.23910
C 238.82300 128.30100 13.27050
C 239.74500 131.31500 13.31930
C 236.49700 130.74900 13.27570
C 237.49500 133.68600 13.27660
C 240.75400 134.36100 13.39160
C 241.87200 128.85700 13.13670
C 242.97500 131.87900 13.33790
C 246.19800 132.52700 13.23010
C 245.08000 129.52200 13.15920
C 250.43800 1.71668 9.94774
C 251.56500 4.69767 10.04970
C 253.78200 2.33171 10.01070
C 248.30500 4.01446 10.02480
H 249.02700 0.57695 11.65800
H 250.16500 3.54221 11.59620
H 252.26000 1.16742 11.57370
H 253.42400 4.17552 11.57330
H 251.25300 6.52121 11.71970
C 254.89900 5.37701 10.02220
C 257.00800 2.95612 10.00510
C 260.24100 3.47417 9.99974
C 258.13700 5.87759 10.01740
C 261.30100 6.45940 10.01120
C 259.23000 0.54056 10.01420
H 255.53700 1.78816 11.60170
H 256.65400 4.73305 11.58220
H 258.77300 2.35149 11.59150
C 262.31300 1.09263 10.00480
C 265.43900 1.68785 10.00280
C 263.39300 4.12069 10.01200
C 266.54000 4.71765 10.00530
C 268.60500 2.32805 9.98907
C 271.66300 3.02012 9.99058
C 269.65200 5.48016 10.00120
C 272.83400 5.76933 10.01100
H 270.30900 1.74518 11.58540
C 273.76900 0.97137 9.97995
C 249.46600 7.12343 10.10520
C 252.73500 7.67288 10.08820
C 251.62300 13.15990 10.09920
C 250.46800 10.20510 10.08770
C 253.83000 10.74500 10.13010
C 248.37900 12.51600 10.12450
C 255.86500 8.27796 10.06180
C 259.14500 8.84691 10.01820
C 257.00800 11.31520 10.05390
C 260.17200 11.88870 10.03470
C 264.42700 7.08251 10.00950
C 267.53400 7.71786 10.00640
C 262.35700 9.47287 10.01990
C 265.47600 10.16100 10.00930
C 263.34100 12.55920 10.00920
C 266.48900 13.08940 10.00830
C 268.57700 10.78560 10.02470
C 270.64200 8.36142 10.02180
C 273.78900 8.65317 10.02970
C 271.71700 11.38210 10.03550
C 252.83100 16.10270 10.14760
C 249.47900 15.48800 10.03620
C 250.58300 18.47540 10.15690
C 253.79600 19.10580 10.13050
C 254.88400 13.72900 10.13080
C 258.04800 14.35360 10.10420
C 255.96900 16.67170 10.10280
C 261.23400 14.96300 10.00730
C 259.15200 17.25010 10.02780
C 256.97200 19.72870 10.00390
C 260.23000 20.30880 9.97650
H 261.98900 19.74680 11.57840
C 264.45100 15.59410 9.98665
C 267.59000 16.13590 9.98776
C 262.36200 17.96910 9.98225
C 265.52500 18.55690 9.96476
H 267.26000 17.94060 11.57970
H 264.12000 17.37840 11.58250
H 265.18200 20.35850 11.55570
C 269.71400 13.64960 10.01990
C 268.57400 19.24260 9.97168
C 272.87900 14.66610 10.04050
C 270.66000 16.70100 9.99995
C 273.80600 17.69260 10.01400
C 271.63700 19.81110 9.97201
H 270.26900 18.49990 11.58870
H 273.31300 19.15600 11.58850
C 248.41700 20.96430 10.27310
C 251.63200 21.40500 10.20860
C 249.25600 24.01170 10.30890
C 252.62700 24.39120 10.06010
C 250.36200 26.78140 10.20690
C 254.75900 22.02250 10.11830
H 259.94100 22.15110 11.55650
C 258.07000 22.65980 10.03490
C 255.82400 25.01720 10.00590
H 260.92600 25.06840 11.54860
C 261.37900 23.29840 9.94253
C 259.11700 25.61050 9.98695
H 255.56200 26.87590 11.60290
C 263.34400 20.90750 9.95430
C 266.52800 21.57430 9.95097
C 264.44100 23.98120 9.94370
C 267.54100 24.61180 9.95295
H 266.18600 23.40070 11.55470
H 263.08000 22.72730 11.54610
C 262.29300 26.21700 9.95162
C 265.47100 26.91850 9.96128
H 264.06100 25.73290 11.55360
H 267.22100 26.36500 11.56780
H 268.26200 21.04750 11.56820
C 269.66900 22.31720 9.95351
H 271.41200 21.66180 11.55850
C 272.98800 22.98120 9.95187
C 270.64400 25.21490 9.94905
H 269.29900 24.01460 11.55710
H 272.41700 24.59400 11.55070
C 273.75600 26.07330 9.95888
H 270.31800 26.96610 11.56080
C 248.29900 29.26140 10.31500
C 249.45100 32.22990 10.16260
C 252.69500 32.87850 10.13330
C 253.78600 27.52600 10.07230
C 251.59000 29.87070 10.17780
C 254.79400 30.47800 10.12030
C 256.96000 28.09390 10.04250
C 258.14400 30.98810 9.97304
C 261.28400 31.63760 9.98523
H 259.90600 30.41340 11.58530
C 260.23400 28.65910 9.97216
C 255.97400 33.47770 10.04300
H 258.78900 27.48460 11.58690
H 261.95700 28.03020 11.57370
H 265.05300 28.68330 11.58300
C 264.39900 32.37370 9.99844
C 266.45600 29.94280 9.98604
C 267.56700 32.93900 9.99531
C 263.31900 29.34190 9.97703
H 271.41500 30.06790 11.58020
H 273.32600 27.64420 11.57030
H 268.22600 29.33890 11.59420
H 269.31600 32.39460 11.59080
C 268.59800 27.53550 9.96842
C 270.66500 33.71200 9.98412
C 269.60600 30.59640 9.98194
C 272.98500 31.16590 9.96830
C 271.70600 28.21090 9.96331
H 272.43700 32.92750 11.57350
C 250.55800 1.80655 13.26660
C 251.65800 4.75628 13.20530
C 253.73200 2.38513 13.15010
C 248.37700 3.99826 13.23050
C 254.90800 5.28060 13.21120
C 259.23200 0.56943 13.19770
C 257.04900 2.92239 13.16070
C 260.30700 3.46482 13.21220
C 258.14900 5.85246 13.15490
H 259.92800 5.28919 11.60890
C 261.33900 6.44968 13.22620
H 261.99400 2.96013 11.61540
C 262.31700 1.13999 13.21790
C 265.47500 1.66264 13.21500
C 263.44300 4.14700 13.22620
C 266.57900 4.75360 13.21910
H 263.05700 5.90990 11.61820
H 267.19200 1.08643 11.59780
H 265.15100 3.50165 11.62320
H 266.16800 6.52304 11.61090
H 264.05400 0.50444 11.60570
C 273.79800 0.97094 13.19820
H 268.30900 4.13614 11.60300
C 268.58400 2.33927 13.20150
C 271.67800 2.98396 13.20250
C 269.64500 5.44719 13.21310
C 272.91100 5.98218 13.22450
H 273.37100 2.47613 11.59670
H 271.38200 4.87199 11.60790
C 249.45800 7.08683 13.27220
C 252.72800 7.76532 13.26710
C 250.61800 10.04800 13.34610
C 251.73600 13.12310 13.37420
C 253.77900 10.66240 13.29580
C 248.37500 12.57200 13.38190
H 252.28600 9.54945 11.63080
H 250.19200 11.96240 11.80430
H 254.46300 7.11540 11.69520
H 253.46200 12.59480 11.77170
H 249.10000 8.95825 11.70870
C 255.96200 8.26667 13.22510
H 260.91600 8.29015 11.62930
C 259.11600 8.79256 13.21350
C 257.11100 11.22070 13.31810
C 260.22600 11.93040 13.24750
H 258.76900 10.68330 11.66660
H 256.68000 13.10910 11.72230
H 255.60100 10.14780 11.68640
H 257.69700 7.70093 11.54990
C 264.46400 7.06796 13.22250
H 261.97900 11.34110 11.63100
C 267.55200 7.73376 13.22150
C 262.35000 9.49001 13.23330
C 265.43000 10.15300 13.22260
C 263.34600 12.57780 13.22290
C 266.48000 13.11130 13.22120
H 264.09300 8.89477 11.61890
H 267.20800 9.55318 11.61860
H 265.09100 11.95260 11.61340
H 269.28800 7.16761 11.61150
H 268.25900 12.52680 11.63240
C 268.61200 10.72510 13.23880
C 270.65800 8.31883 13.23460
H 272.40900 7.82531 11.63130
H 271.49400 13.23100 11.64150
C 273.87400 9.22073 13.24710
C 271.76000 11.32080 13.24990
H 273.40300 10.83640 11.64430
H 270.33600 10.17420 11.64180
C 252.79800 15.97290 13.35650
C 249.45700 15.51120 13.30970
C 250.54400 18.35730 13.40430
C 253.84700 18.99850 13.33030
H 252.34700 17.87650 11.78420
H 249.05000 17.32240 11.71490
H 251.28200 14.96220 11.71710
H 254.60700 15.54270 11.75050
H 250.18200 20.26740 11.86030
C 255.05700 13.73740 13.36500
H 259.86200 13.75260 11.62920
C 258.14800 14.43150 13.24580
C 256.01300 16.71890 13.30380
H 260.91400 16.79690 11.60600
C 261.32600 14.95130 13.21880
C 259.23500 17.40240 13.25360
C 257.05300 19.69150 13.19980
H 257.77200 16.20430 11.68980
H 258.77600 19.13940 11.56040
H 255.56800 18.52880 11.62150
C 260.25000 20.35470 13.18890
C 264.43800 15.57760 13.20060
C 267.53600 16.11690 13.20100
H 263.03800 14.36630 11.60380
H 266.18100 14.94500 11.59640
C 262.40000 17.93780 13.19450
C 265.54500 18.59830 13.17890
C 269.72400 13.66560 13.23320
C 268.56900 19.23650 13.18590
H 272.43700 16.15310 11.62780
C 270.65300 16.75130 13.21480
H 269.28900 15.49040 11.60740
C 273.04800 14.38650 13.25460
C 273.81200 17.57830 13.23210
C 271.62500 19.75970 13.18500
C 248.44100 20.86700 13.54190
C 251.63300 21.57520 13.40290
C 249.62800 23.92040 13.49070
C 252.67100 24.43660 13.30300
C 250.67300 26.89770 13.43470
H 249.01100 25.74830 12.01300
H 251.19100 23.32360 11.65350
H 253.39200 20.88740 11.81540
H 254.44300 23.87260 11.70760
H 252.29700 26.30460 11.66110
C 254.83200 22.06990 13.32220
C 258.10100 22.68130 13.13530
C 255.98000 25.04070 13.21850
C 261.38300 23.30790 13.15740
C 259.15100 25.61570 13.13170
H 256.59500 21.52520 11.65200
H 257.65400 24.50630 11.53560
C 263.37100 20.95450 13.16610
C 266.51200 21.60540 13.16860
C 264.41800 23.93620 13.15810
C 267.57800 24.56470 13.16660
C 262.32000 26.18430 13.16490
C 265.45600 26.87830 13.17510
C 273.82100 25.99030 13.17580
C 269.71000 22.27620 13.16810
C 272.98200 22.82720 13.16560
C 270.70500 25.10410 13.16320
C 248.48000 29.33180 13.48790
C 253.82900 27.31740 13.29730
C 249.51800 32.37180 13.44930
C 251.71800 29.82950 13.36810
C 252.83100 32.84400 13.33720
H 250.15400 28.68520 11.78060
H 254.52400 32.31560 11.68760
H 251.22600 31.72100 11.76940
H 253.41600 29.27670 11.80800
C 254.89300 30.53350 13.32850
C 256.14200 33.40210 13.17300
C 257.02400 28.03960 13.20410
H 260.93600 33.42880 11.59560
C 261.26000 31.57740 13.19910
C 258.18800 31.12560 13.14790
C 260.21100 28.62510 13.18620
H 256.61500 29.95740 11.67430
H 257.82400 32.84680 11.48150
H 263.05100 31.12270 11.59740
C 263.29200 29.27110 13.19300
C 267.57200 32.85110 13.20810
C 266.41800 29.90670 13.20120
C 264.40500 32.32460 13.21210
H 266.13200 31.70440 11.60230
C 271.69400 28.21980 13.17740
C 272.94700 30.97210 13.18170
C 270.68100 33.62280 13.19640
C 268.56700 27.56360 13.18060
C 269.62700 30.51550 13.19400
C 250.64100 35.22790 10.15050
C 251.68500 38.29900 10.13370
C 253.73800 35.78090 10.14360
C 248.45800 37.63390 9.98100
C 254.92900 38.78950 10.08910
C 257.04100 36.53370 10.07950
C 260.18100 37.06930 10.02250
C 258.10300 39.54580 10.09950
C 261.34000 40.07700 10.03880
C 259.19800 34.03740 9.95080
C 262.30500 34.66600 10.00630
C 265.42500 35.35480 10.00770
C 263.39200 37.65430 10.02220
C 266.51700 38.38160 10.02900
C 273.62400 34.64680 9.97059
C 268.48800 35.96370 10.01340
C 271.54900 36.88750 9.99692
C 269.58400 39.04370 10.02170
C 272.91500 39.76560 10.00690
H 273.25000 35.70500 11.59220
C 249.60300 40.73300 9.96040
C 252.67600 41.20980 10.03860
C 250.60400 43.77770 9.91734
C 253.86200 44.27190 9.99687
C 251.65200 46.68550 9.91008
C 248.48000 46.09990 9.87652
C 256.00000 41.88890 10.06890
C 259.17800 42.55950 10.05670
C 257.00200 44.80210 10.01660
C 260.17300 45.68720 10.02900
C 264.42700 40.73770 10.03020
C 267.45100 41.45010 10.02520
C 262.18700 43.11210 10.03510
C 265.34300 43.74120 10.01630
C 263.31700 46.25180 10.01930
C 266.50700 46.79330 10.00230
C 268.46500 44.35800 10.00760
C 270.62700 42.03790 10.01230
C 271.58000 45.06890 10.00800
C 273.70900 42.92400 10.00990
C 252.63000 49.81750 9.91915
C 249.47800 49.07800 9.84031
C 250.54200 52.16560 9.82681
C 253.73500 52.79270 9.95647
H 250.12000 53.91350 11.50940
C 254.87700 47.24370 9.93872
C 258.17000 48.02830 9.97574
C 255.90000 50.27930 9.84747
C 261.20300 48.64060 10.01550
C 259.04000 51.02740 9.98901
C 256.94000 53.33630 9.99739
C 260.17400 53.94860 10.00160
C 264.39900 49.21360 10.01110
C 267.53600 49.78550 9.99743
C 262.26800 51.66390 10.00920
C 265.39600 52.22460 10.00610
C 269.54300 47.43510 10.00040
C 270.69700 50.33900 9.99340
C 272.79300 47.78610 10.00260
C 268.49600 52.82560 9.99108
C 273.71600 51.30520 9.98281
C 271.60700 53.50320 9.98432
H 273.27900 52.78060 11.59150
C 248.44500 54.50300 9.84398
C 251.52100 55.14050 9.97697
C 249.46900 57.52360 9.80089
C 252.57600 58.05760 10.00160
C 250.60200 60.58570 9.78447
H 251.09500 56.95480 11.59500
H 252.29100 59.96800 11.54010
H 254.45800 57.56250 11.61350
H 249.01700 59.38890 11.29240
C 254.81900 55.67840 9.98233
C 257.98700 56.43940 10.06910
C 255.88300 58.80770 9.99596
C 261.23900 57.00150 9.99874
C 259.16300 59.43390 9.98396
H 255.48200 60.61370 11.59840
H 257.68600 58.31170 11.64850
C 263.30700 54.65340 10.00640
C 266.45900 55.30100 9.99743
C 264.37600 57.60440 9.99813
C 267.58000 58.27810 9.98503
C 262.28200 60.03920 9.99068
C 265.40300 60.64020 9.97736
H 267.15800 59.99640 11.57970
C 269.67800 55.84050 9.98473
C 272.96500 56.24740 9.97340
C 270.62300 58.88640 9.97425
H 271.46200 55.39480 11.58900
H 272.47400 58.31140 11.57420
H 269.30900 57.65930 11.59280
C 273.87600 59.75880 9.95824
H 270.27500 60.66230 11.57680
C 248.34500 63.09530 9.75996
C 253.71700 61.20610 9.93273
C 252.80000 66.56580 10.17250
C 249.45600 65.99380 9.99733
C 251.69800 63.75800 9.92090
H 250.15100 62.46540 11.27660
H 254.52100 65.96570 11.85250
H 251.17200 65.44050 11.68090
H 253.32100 62.99580 11.63920
C 254.90500 64.27760 10.08880
C 260.32800 62.43500 9.99098
C 255.88800 67.17150 10.13660
C 258.02700 64.72750 10.06210
C 261.27400 65.44140 9.99511
C 257.03800 61.78260 10.08470
H 257.67700 66.55200 11.71460
H 256.63500 63.56080 11.69180
H 265.14700 62.47070 11.57410
C 266.54400 63.66930 9.97468
C 264.45000 66.00560 9.99028
C 267.65200 66.55320 9.98382
H 266.20400 65.40090 11.59000
C 263.40000 62.99020 9.98105
H 272.50000 66.63680 11.57810
H 268.32000 63.03340 11.58100
H 273.39400 61.33450 11.57070
C 269.73200 64.18530 9.97557
C 268.51200 61.19030 9.97328
C 270.79000 67.19350 9.97743
H 269.38700 65.97420 11.58480
H 271.47100 63.77080 11.58060
C 272.98900 65.10910 9.97627
C 271.68900 61.86210 9.96847
C 250.57300 35.33200 13.35270
C 251.58500 38.19770 13.33830
C 253.88400 35.85810 13.33210
C 248.37400 37.72580 13.22690
H 249.14300 34.09150 11.76270
H 251.23900 40.09200 11.74690
H 250.19100 37.07980 11.66800
H 253.42800 37.67040 11.72680
H 252.36600 34.68530 11.80780
C 254.90100 38.84310 13.34940
C 257.04600 36.33380 13.25370
C 260.23600 37.08620 13.23670
C 258.20000 39.53130 13.33200
H 259.89300 38.91840 11.63860
C 261.33800 40.15480 13.25160
C 259.17000 34.02490 13.17100
H 256.71000 38.31210 11.77610
H 258.81000 35.85880 11.61100
H 255.58200 35.25240 11.65240
H 264.06100 34.17380 11.61400
H 261.96900 36.48870 11.62810
C 262.29900 34.60050 13.21950
C 265.46400 35.32750 13.22230
C 263.39700 37.65540 13.23570
H 267.18300 34.71460 11.61190
H 265.16300 37.14590 11.62010
C 266.50200 38.38130 13.24250
H 263.07600 39.48920 11.63830
H 266.17500 40.14530 11.64380
H 268.25400 37.81150 11.64150
C 273.67000 34.60940 13.18600
C 268.54400 35.94190 13.22630
C 271.61400 36.85000 13.21080
C 269.59100 39.02590 13.23510
C 272.88800 39.76030 13.22280
H 270.26300 35.46640 11.60610
H 271.38500 38.48920 11.61270
C 249.35500 40.81220 13.19920
C 252.71500 41.39180 13.26990
C 250.54100 43.77720 13.16660
C 253.77700 44.24510 13.22520
C 251.57200 46.73320 13.20550
C 248.46700 46.21190 13.10930
H 252.30800 43.11530 11.57570
H 254.50600 40.66000 11.66610
H 249.15400 42.58180 11.49320
H 253.37600 46.06640 11.59640
H 250.22700 45.53320 11.53900
C 255.94400 41.86780 13.34030
H 260.90700 41.89450 11.65600
C 259.21700 42.63910 13.30410
C 257.03600 45.01670 13.24700
C 260.23500 45.68680 13.24250
H 258.80700 44.39180 11.66250
H 255.61700 43.72140 11.70550
H 256.66400 46.76520 11.51980
H 257.76800 41.35260 11.73200
C 264.46200 40.74390 13.24370
H 261.89900 44.99950 11.63740
C 267.51300 41.43520 13.24000
C 262.27000 43.18370 13.24780
C 265.34300 43.74780 13.23030
H 263.98700 42.53160 11.63140
H 267.08300 43.19380 11.62380
C 263.32900 46.23840 13.23300
C 266.49600 46.80790 13.21640
H 265.09300 45.60770 11.61420
H 269.23000 40.85010 11.62960
H 268.20900 46.17430 11.60480
C 270.60300 42.09050 13.22650
H 272.43100 41.38610 11.61430
C 268.46800 44.40180 13.22180
C 271.59400 45.09140 13.22380
H 273.28900 44.48710 11.61500
C 273.76700 42.98360 13.22790
H 270.19000 43.81280 11.61490
H 271.26900 46.91950 11.61660
C 252.71000 49.75270 13.11530
C 249.45800 49.15130 13.02910
C 250.46400 52.09560 13.09340
C 253.80900 52.69270 13.17070
H 251.23300 48.52610 11.50930
H 254.45100 49.11890 11.48890
H 252.28600 51.59650 11.55340
H 249.06600 50.96520 11.35610
C 254.87100 47.35770 13.13510
H 259.81300 47.44030 11.62270
C 258.03500 47.94570 13.20540
C 255.86100 50.31060 13.15240
H 260.86300 50.48930 11.61940
C 261.17000 48.64430 13.23050
C 259.02400 51.06670 13.17200
C 256.90700 53.24180 13.13950
C 260.19200 53.98940 13.21550
H 255.50600 52.11740 11.49580
H 257.62400 49.77750 11.60660
H 258.74600 52.89120 11.54300
H 261.97800 53.44810 11.61140
C 264.42200 49.25020 13.22710
H 266.12400 48.61360 11.60980
C 267.50100 49.78370 13.21330
H 262.99300 48.07100 11.62700
C 262.31600 51.65250 13.22450
H 264.03100 51.02620 11.62050
C 265.38800 52.26530 13.22110
H 267.11500 51.61720 11.60370
H 265.07300 54.08970 11.61500
C 269.55500 47.37760 13.21510
C 270.67700 50.40510 13.20780
C 272.80100 48.18900 13.21920
H 272.43300 49.74040 11.60410
H 269.20600 49.19310 11.60200
C 268.49300 52.81760 13.20490
C 273.68200 51.39000 13.19850
C 271.61100 53.45040 13.19920
H 270.25600 52.12230 11.59600
C 248.33300 54.55700 13.04010
C 251.44700 55.09210 13.19610
C 249.27000 57.63810 13.07600
C 252.57500 58.11180 13.16570
C 250.47400 60.57960 12.90040
H 253.30600 54.54480 11.62410
C 254.76700 55.65000 13.28210
C 258.03400 56.45250 13.20550
C 255.84500 58.76750 13.26020
H 259.81900 55.82550 11.60110
H 260.90200 58.82520 11.60330
C 261.19200 57.03420 13.21340
C 259.19700 59.44950 13.23780
H 256.55000 55.20170 11.65400
C 263.30500 54.70410 13.22080
C 266.47200 55.34290 13.21260
C 264.41700 57.64740 13.21350
C 267.59400 58.26560 13.19950
H 262.97500 56.45690 11.61480
H 266.15300 57.09670 11.60360
C 262.24100 59.93350 13.20810
C 265.39600 60.57930 13.19030
H 264.01700 59.41190 11.59840
H 268.22400 54.66510 11.59570
C 273.91300 59.84750 13.17420
C 269.68900 55.85110 13.20070
C 272.96600 56.75710 13.19040
C 270.64900 58.91920 13.18860
C 248.31600 62.89430 12.91140
C 251.46900 63.45800 13.14750
C 253.70900 61.15710 13.21930
C 252.63800 66.49550 13.35980
C 249.30200 65.95950 13.23830
C 254.82400 64.00090 13.33790
C 261.29700 65.39420 13.20950
C 256.99100 61.69470 13.15800
H 259.86300 64.23270 11.60130
C 258.08700 64.67910 13.28910
C 260.28100 62.43570 13.20620
H 260.94500 67.24520 11.60940
C 255.97200 67.30720 13.35770
H 258.90600 61.25750 11.61300
C 264.47700 65.95730 13.20420
C 263.35900 63.01080 13.19430
H 261.99900 61.81770 11.59580
C 266.53500 63.65960 13.18850
C 267.65900 66.49380 13.19840
H 263.04300 64.82960 11.59560
C 269.70300 64.21480 13.18740
C 273.01200 64.84620 13.19000
C 268.56400 61.24790 13.18590
C 271.69200 61.91180 13.18190
C 270.73300 67.20870 13.18740
C 250.59100 68.87850 9.99172
C 251.74100 72.07670 10.01380
C 253.79400 69.57570 10.04870
C 248.38200 71.30980 9.89822
H 250.21900 70.78590 11.51950
H 253.45100 71.40000 11.63530
H 249.05500 67.80600 11.63580
H 252.31400 68.39850 11.77050
H 251.25000 73.83400 11.61670
C 254.90000 72.53360 9.96564
C 259.10100 67.76090 10.03620
C 257.02600 70.18240 10.00430
C 260.27000 70.76500 9.99974
C 258.13200 73.16370 10.00340
C 261.30000 73.81820 10.01120
H 255.60600 69.06560 11.66440
H 256.68100 72.02960 11.59560
C 262.36800 68.46520 10.00480
C 265.53500 68.89920 10.00280
C 263.51900 71.32650 10.01200
C 266.63100 71.86330 10.00530
C 273.93400 68.11530 9.97995
C 268.63300 69.66220 9.98907
C 271.79100 70.13300 9.99058
C 269.77400 72.66090 10.00120
C 272.95400 73.44790 10.01100
H 270.36200 68.98450 11.58540
C 249.43800 74.42270 9.97213
C 252.63800 75.02330 10.01010
C 251.57900 80.39990 10.05930
C 250.52700 77.34430 10.06450
C 253.81000 77.90850 10.01270
C 248.36900 79.79260 10.02610
H 254.45500 74.34300 11.55480
H 252.32100 76.81980 11.69520
H 249.06900 76.20750 11.62920
H 250.11000 79.18880 11.64840
H 253.37300 79.82040 11.55890
C 255.99600 75.48620 10.05030
C 259.14100 76.09950 10.01990
C 256.98400 78.51440 10.03420
C 260.20300 79.21700 10.03470
H 257.74300 74.93140 11.65200
H 255.56000 77.39920 11.66190
C 264.42400 74.38150 10.00950
C 267.58800 74.94790 10.00640
C 262.35600 76.78180 10.01990
C 265.45000 77.37620 10.00930
C 263.26500 79.78740 10.00920
C 266.58600 80.35730 10.00830
C 268.62900 77.98170 10.02470
C 270.77200 75.58190 10.02180
C 273.91600 76.46740 10.02970
C 271.74200 78.61730 10.03550
C 252.64000 83.23270 10.22120
C 249.37800 82.83130 10.10810
C 250.51600 85.72860 10.17350
C 253.73800 86.23630 10.10920
H 249.02200 84.59770 11.79600
H 254.50700 82.73880 11.81020
H 252.32700 85.12460 11.80060
H 250.06000 87.59360 11.77730
H 251.13700 82.16880 11.76150
C 254.89700 80.96920 10.01580
C 258.06900 81.61930 10.03120
C 255.90300 83.96430 10.12180
C 261.15400 82.23470 10.00730
C 259.15900 84.52700 10.01320
C 257.01000 86.84080 10.02220
C 260.31700 87.58180 9.97650
H 255.54500 85.77590 11.71050
H 262.05500 87.05010 11.57840
C 264.43100 82.79290 9.98665
C 267.58900 83.33400 9.98776
C 262.37000 85.26010 9.98225
C 265.57800 85.66810 9.96476
H 267.30600 85.20200 11.57970
H 264.10800 84.59550 11.58250
H 265.27500 87.52940 11.55570
C 269.73700 80.95790 10.01990
C 268.65800 86.47130 9.97168
C 272.96900 81.85100 10.04050
C 270.79300 83.93070 9.99995
C 273.89700 84.83440 10.01400
C 271.80200 87.01800 9.97201
H 270.36400 85.73270 11.58870
H 273.44900 86.38270 11.58850
C 248.26700 88.16900 10.19030
C 251.59800 88.65800 10.13670
C 249.44600 91.09960 10.19350
C 252.65100 91.76600 10.12130
C 250.60800 94.19570 10.18110
H 251.30200 90.49540 11.80550
H 249.17100 92.92990 11.71640
H 254.56900 91.19030 11.61290
H 253.42400 88.10760 11.76750
H 252.37200 93.56120 11.78370
C 254.87900 89.31950 10.04880
H 259.98700 89.41870 11.55650
C 258.08600 89.90430 10.00800
C 255.97000 92.44430 9.99536
H 261.00300 92.42490 11.54860
C 261.38500 90.62160 9.94253
C 259.17200 92.94600 9.97155
H 256.64600 88.64490 11.59720
H 255.61000 94.18960 11.72320
H 257.76500 91.76750 11.61170
C 263.44600 88.18960 9.95430
C 266.64100 88.76040 9.95097
C 264.44800 91.22880 9.94370
C 267.66300 91.75320 9.95295
H 266.23400 90.59500 11.55470
H 263.12400 90.00720 11.54610
C 262.40000 93.58580 9.95162
C 265.48200 94.18400 9.96128
H 264.12900 93.02130 11.55360
H 267.18800 93.54290 11.56780
H 268.34800 88.26630 11.56820
C 269.77200 89.43250 9.95351
H 271.51700 88.92320 11.55850
C 273.00300 89.88280 9.95187
C 270.75600 92.47030 9.94905
H 269.39800 91.24390 11.55710
H 272.56500 91.85700 11.55070
C 273.80400 92.67990 9.95888
H 270.33900 94.16020 11.56080
C 248.58100 96.52810 10.03290
C 253.81300 94.74700 10.13150
C 252.64500 100.08500 10.16840
C 249.49900 99.49820 10.14070
C 251.63700 97.18130 10.18830
H 250.19100 95.99610 11.83160
H 251.21900 98.97840 11.86460
H 253.43000 96.59680 11.72830
H 254.47700 99.60760 11.79820
C 254.80000 97.85520 10.08820
C 255.89300 100.74800 10.08760
C 261.31400 99.01790 9.98523
C 256.96600 95.40180 10.05040
H 259.92100 97.79790 11.58530
C 258.05000 98.35370 10.02680
C 260.25000 95.93520 9.97216
H 258.77500 94.77980 11.60940
H 256.61200 97.23880 11.70210
H 257.75400 100.20300 11.60340
H 262.04200 95.36130 11.57370
C 263.43000 96.70820 9.97703
H 265.14800 96.00340 11.58300
C 264.48200 99.63410 9.99844
C 266.51900 97.23920 9.98604
C 267.57600 100.24900 9.99531
C 270.68900 100.79000 9.98412
H 273.42800 94.95290 11.57030
C 268.56900 94.76130 9.96842
C 269.69400 97.81220 9.98194
C 271.75900 95.46390 9.96331
H 269.31800 99.66230 11.59080
C 272.97700 98.77320 9.96830
H 271.51000 97.36500 11.58020
H 268.28200 96.58210 11.59420
H 272.52600 100.25200 11.57350
C 250.49600 69.03450 13.29990
C 251.61300 71.97070 13.21550
C 253.80800 69.64370 13.33920
C 248.38000 71.30320 13.13580
C 254.93100 72.58580 13.21950
C 259.18100 67.80680 13.24300
C 257.12300 70.23360 13.23330
C 260.25300 70.79790 13.21220
C 258.16800 73.07030 13.22730
H 259.89700 72.58260 11.60890
C 261.31300 73.73020 13.22620
H 258.83300 69.59840 11.59670
H 264.09700 67.78750 11.60570
H 262.00700 70.26640 11.61540
C 262.39400 68.46590 13.21790
C 265.53300 68.93370 13.21500
C 263.45400 71.33260 13.22620
C 266.64700 71.88630 13.21910
H 263.05600 73.11550 11.61820
H 267.29400 68.36860 11.59780
H 265.20300 70.72900 11.62320
H 266.21500 73.72780 11.61090
H 268.38300 71.38720 11.60300
C 268.64000 69.62370 13.20150
C 271.76500 70.13310 13.20250
C 269.75700 72.62170 13.21310
C 272.95800 73.52200 13.22450
H 273.44500 69.68590 11.59670
H 271.51000 72.08430 11.60790
C 273.89500 68.13830 13.19820
C 249.38200 74.38220 13.18280
C 252.72000 74.92100 13.23230
C 250.41600 77.31790 13.28000
C 251.62300 80.33910 13.27690
C 253.80800 77.94770 13.26870
C 248.30100 79.75950 13.23120
C 255.93200 75.53760 13.16520
H 260.93400 75.56320 11.62930
C 259.17400 76.14090 13.24530
C 256.99500 78.52930 13.26790
C 260.20100 79.21390 13.24750
H 258.82100 77.97700 11.65660
H 256.67100 80.37110 11.65730
C 264.46200 74.34030 13.22250
H 261.96400 78.56990 11.63100
C 267.57400 74.98820 13.22150
C 262.37600 76.74260 13.23330
C 265.47500 77.39150 13.22260
C 263.34000 79.80950 13.22290
C 266.52600 80.40730 13.22120
H 264.09300 76.11950 11.61890
H 267.22200 76.78580 11.61860
H 265.06400 79.23070 11.61340
H 269.34200 74.42440 11.61150
H 268.29600 79.75870 11.63240
C 268.58200 78.07190 13.23880
C 270.75000 75.71380 13.23460
H 272.56700 75.03640 11.63130
H 271.47500 80.49980 11.64150
C 273.85700 76.70100 13.24710
C 271.73200 78.63710 13.24990
H 273.42300 78.13080 11.64430
H 270.36800 77.34670 11.64180
C 252.63100 83.31700 13.36970
C 249.35000 82.66560 13.34880
C 250.48100 85.77060 13.40170
C 253.81300 86.29480 13.39580
C 254.82500 80.82290 13.31890
H 259.81400 81.01720 11.62920
C 258.04000 81.60770 13.27530
C 255.94300 83.95450 13.33500
H 260.98400 84.08470 11.60600
C 261.15400 82.30290 13.21880
C 259.22900 84.53330 13.26460
C 257.05800 86.88530 13.27950
H 258.83400 86.37650 11.63750
H 257.75400 83.45100 11.66160
C 260.28500 87.62390 13.18890
C 264.41300 82.83120 13.20060
C 267.59700 83.34770 13.20100
H 262.91500 81.64750 11.60380
H 266.15800 82.16370 11.59640
C 262.38500 85.25140 13.19450
C 265.54100 85.70470 13.17890
C 269.71300 80.96010 13.23320
C 268.65100 86.43870 13.18590
H 272.52600 83.33220 11.62780
C 270.73200 83.97670 13.21480
H 269.32500 82.71980 11.60740
C 273.06700 81.53980 13.25460
C 273.83900 84.89180 13.23210
C 271.71300 87.03120 13.18500
C 248.27600 88.16480 13.41670
C 251.67800 88.65250 13.39190
C 249.48800 91.12860 13.37150
C 252.81100 91.69710 13.34410
C 250.59000 94.09350 13.37960
C 254.91600 89.35430 13.29730
C 258.14200 89.88080 13.15950
C 256.07900 92.36630 13.28540
C 261.38500 90.60500 13.15740
C 259.22000 92.93590 13.16400
C 263.54000 88.18170 13.16610
C 266.66500 88.76390 13.16860
C 264.45700 91.23200 13.15810
C 267.61500 91.80740 13.16660
C 262.35700 93.51050 13.16490
C 265.47500 94.20760 13.17510
C 269.75500 89.45500 13.16810
C 272.94900 89.83600 13.16560
C 270.79800 92.43680 13.16320
C 273.93000 93.28920 13.17580
C 254.88000 97.74680 13.37180
C 251.69300 97.12530 13.42090
C 248.33800 96.48910 13.34950
C 253.90500 94.74590 13.34980
C 249.34000 99.52500 13.31730
C 252.71900 100.24100 13.40590
C 261.29500 99.01050 13.19910
C 258.16000 98.41320 13.20580
C 256.05300 100.78100 13.30530
C 260.25900 96.01000 13.18620
H 260.96400 100.81400 11.59560
C 257.05700 95.35340 13.31390
H 263.05900 98.42540 11.59740
C 267.60400 100.21800 13.20810
C 263.41500 96.64170 13.19300
H 266.22300 99.05730 11.60230
C 266.52100 97.29540 13.20120
C 264.45300 99.58670 13.21210
C 272.97800 98.74790 13.18170
C 270.74900 100.90000 13.19640
C 268.54700 94.70600 13.18060
C 271.73000 95.41370 13.17740
C 269.72000 97.84530 13.19400
C 250.48900 102.52800 10.05560
C 251.62900 105.46200 10.06260
C 253.82000 103.08000 10.10690
C 248.43500 104.95200 10.02510
H 249.07300 101.37600 11.69080
H 250.16700 104.34500 11.68730
H 251.37000 107.34100 11.65550
H 253.43100 104.98500 11.71120
H 252.27200 101.98100 11.70500
C 254.86900 106.16400 10.06730
C 259.19700 101.36200 10.00770
C 256.93400 103.72500 9.99704
C 260.35400 104.41300 10.02250
C 258.20100 106.69200 10.00860
C 261.33500 107.46400 10.03880
H 255.61700 102.60900 11.69510
C 262.36100 101.93600 10.00630
C 265.47300 102.52600 10.00770
C 263.39800 105.11100 10.02220
C 266.56900 105.62000 10.02900
C 268.62100 103.19300 10.01340
C 271.78300 103.74500 9.99692
C 269.72400 106.24300 10.02170
C 273.06100 106.71100 10.00690
H 273.44400 103.32400 11.59220
C 273.83400 101.87100 9.97059
C 248.36200 113.36100 10.02650
C 249.58600 108.05400 10.07030
C 252.83600 108.49400 10.02130
C 250.51900 110.85100 10.03590
C 253.93000 111.51100 9.92761
C 251.66400 114.04300 9.93982
H 253.43700 113.36700 11.51150
H 250.22300 112.77900 11.55410
H 249.14700 109.78700 11.80730
H 252.41600 110.37300 11.53370
H 254.55400 107.97200 11.71940
C 256.01800 109.11700 9.97727
C 259.27900 109.78900 10.00810
C 257.04900 112.17300 9.98037
C 260.21300 112.79500 10.02900
H 255.64000 110.94200 11.59130
C 264.45500 107.93100 10.03020
C 267.53100 108.57300 10.02520
C 262.35300 110.40400 10.03510
C 265.50900 111.10300 10.01630
C 263.34500 113.42600 10.01930
C 266.64300 114.07700 10.00230
C 268.65100 111.72600 10.00760
C 270.71300 109.24500 10.01230
C 271.76300 112.31200 10.00800
C 273.87600 110.11200 10.00990
C 252.73900 116.94700 9.97137
C 249.53800 116.34600 10.00450
C 250.55400 119.46800 10.02510
C 253.67900 120.00800 9.96353
H 252.32900 118.80800 11.59410
H 250.14700 121.21700 11.76400
H 249.07700 118.24500 11.59480
H 251.28500 115.81600 11.65100
H 254.49900 116.37100 11.51860
C 254.91800 114.53100 9.91982
C 258.16600 115.19200 10.02540
C 255.93300 117.50800 9.95155
C 261.34700 115.77000 10.01550
C 259.26100 118.22100 10.06130
C 257.10400 120.61300 10.01740
C 260.29200 121.19300 10.00160
C 264.46200 116.40300 10.01110
C 267.63000 117.07500 9.99743
C 262.32400 118.77300 10.00920
C 265.51800 119.37400 10.00610
C 269.88000 114.71700 10.00040
C 268.61100 120.10200 9.99108
C 270.68100 117.69400 9.99340
C 273.15600 115.44900 10.00260
C 273.73600 118.76900 9.98281
C 271.69700 120.77600 9.98432
H 273.41400 120.21600 11.59150
C 248.49800 121.84100 9.96994
C 251.64000 122.35200 10.05660
C 249.52000 124.82200 9.96824
C 252.83700 125.44200 9.93146
C 250.63100 127.73900 10.01510
H 253.45400 121.82500 11.58520
H 251.34400 124.26500 11.52920
H 252.44900 127.21500 11.58530
H 249.15100 126.60100 11.58300
H 254.48100 124.83800 11.63950
C 254.86400 123.05100 10.05900
C 258.09100 123.58600 10.02890
C 255.94700 125.93900 10.00320
C 261.29500 124.19800 9.99874
C 259.12200 126.54100 10.01760
H 256.61100 122.38000 11.66910
H 255.54700 127.81200 11.62030
C 263.32400 121.73600 10.00640
C 266.50700 122.42400 9.99743
C 264.37600 124.83600 9.99813
C 267.47200 125.27200 9.98503
C 262.31000 127.21800 9.99068
H 267.17200 127.16800 11.57970
C 265.44100 127.79700 9.97736
C 269.67100 123.06300 9.98473
C 272.94800 123.65200 9.97340
C 270.56600 126.12300 9.97425
H 271.44800 122.66300 11.58900
H 272.37300 125.54800 11.57420
H 269.25700 124.83200 11.59280
C 273.76000 126.95900 9.95824
H 270.29000 127.86700 11.57680
C 248.41600 130.07500 9.96378
C 253.85400 128.41400 9.93828
C 251.57600 130.68900 9.90430
C 249.36600 133.17900 9.98172
C 252.67400 133.79100 9.91404
H 253.40500 130.23900 11.48350
H 250.20200 129.58000 11.61110
H 254.41100 133.29100 11.64230
H 251.24300 132.53500 11.52770
C 254.81400 131.48200 9.97116
C 261.30300 132.65800 9.99511
C 260.27200 129.66500 9.99098
C 258.05900 132.02600 9.99872
C 255.90200 134.45900 10.01390
C 257.01800 128.94500 10.00930
H 257.70200 133.85500 11.63850
H 256.65400 130.82300 11.59550
H 266.12700 132.54100 11.59000
C 267.54900 133.73100 9.98382
C 266.41800 130.70800 9.97468
C 263.26900 130.18700 9.98105
H 265.02300 129.57700 11.57410
C 264.36800 133.16700 9.99028
H 273.38200 128.52900 11.57070
C 272.96900 132.31000 9.97627
C 271.67100 129.13000 9.96847
H 272.41200 133.90700 11.57810
H 271.44600 131.02100 11.58060
H 269.25600 133.17600 11.58480
C 269.68000 131.46000 9.97557
C 270.61900 134.42400 9.97743
C 268.51200 128.40700 9.97328
H 268.21600 130.22400 11.58100
C 250.46900 102.51100 13.33890
C 251.61200 105.51700 13.32710
C 253.77700 103.17800 13.31660
C 248.34000 104.95700 13.24200
C 255.00400 106.13600 13.26750
C 259.19500 101.42200 13.20630
C 257.11300 103.81100 13.25430
C 260.30700 104.34600 13.23670
C 258.15700 106.70400 13.22730
H 259.96100 106.23100 11.63860
C 261.32500 107.43000 13.25160
H 256.70200 105.56300 11.57040
H 258.81800 103.22700 11.58830
H 264.11800 101.36200 11.61400
H 262.06000 103.77100 11.62810
C 262.35500 101.92500 13.21950
C 265.50900 102.54200 13.22230
C 263.43900 105.04700 13.23570
H 267.21100 102.00100 11.61190
H 265.16300 104.37700 11.62010
C 266.60400 105.57500 13.24250
H 263.04500 106.80200 11.63830
H 266.20600 107.39200 11.64380
H 268.33800 104.97100 11.64150
C 268.60900 103.12600 13.22630
C 271.74400 103.87300 13.21080
C 269.74000 106.29300 13.23510
C 273.01700 107.19600 13.22280
H 270.36100 102.59900 11.60610
H 271.48600 105.70900 11.61270
C 273.80500 101.86300 13.18600
C 248.44000 113.35000 13.18040
C 249.57600 107.91600 13.32910
C 252.76300 108.65800 13.28220
C 250.70000 111.00300 13.23760
C 253.86000 111.59100 13.16680
C 251.70500 113.96300 13.19800
C 256.06200 109.17400 13.23360
H 260.98000 109.23600 11.65600
C 259.20100 109.78600 13.23150
C 257.00700 112.15900 13.22260
C 260.21200 112.80400 13.24250
H 258.80500 111.61100 11.61660
H 257.79100 108.53700 11.60810
H 256.64800 113.96700 11.58830
C 264.45600 107.98900 13.24370
H 261.98400 112.22600 11.63740
C 267.58700 108.61100 13.24000
C 262.34700 110.45900 13.24780
C 265.49900 111.03500 13.23030
H 264.09700 109.81500 11.63140
H 267.30000 110.41200 11.62380
C 263.42400 113.40700 13.23300
C 266.59700 114.06100 13.21640
H 265.19600 112.86400 11.61420
H 269.32500 108.05000 11.62960
H 268.38900 113.49500 11.60480
C 268.65000 111.69900 13.22180
C 270.71800 109.21000 13.22650
H 272.51200 108.61700 11.61430
C 271.76000 112.28000 13.22380
H 273.44400 111.65700 11.61500
C 273.87200 110.11000 13.22790
H 270.41600 111.02800 11.61490
H 271.61600 114.23600 11.61660
C 252.78700 116.99500 13.20410
C 249.53100 116.41900 13.21090
C 250.57800 119.31300 13.29860
C 253.77300 120.12200 13.21000
C 254.87200 114.53800 13.15660
H 259.90800 114.60700 11.62270
C 258.10600 115.13800 13.18890
C 255.82800 117.58600 13.17670
H 260.96300 117.57000 11.61940
C 261.34700 115.82300 13.23050
C 259.25900 118.19600 13.21400
C 256.96100 120.51400 13.20750
H 258.84000 120.02700 11.64650
C 260.23300 121.19700 13.21550
H 257.72200 117.02200 11.64610
H 255.51300 119.40000 11.52030
H 261.97600 120.55900 11.61140
C 264.56100 116.47000 13.22710
H 266.25100 115.86200 11.60980
C 267.62700 117.12700 13.21330
H 263.10200 115.22700 11.62700
C 262.31200 118.82800 13.22450
H 264.06400 118.25400 11.62050
C 265.53000 119.43600 13.22110
H 267.24400 118.83800 11.60370
H 265.11400 121.17800 11.61500
C 269.77400 114.72300 13.21510
C 270.74900 117.61700 13.20780
C 273.15500 115.29200 13.21920
H 272.51100 117.17200 11.60410
H 269.36700 116.48600 11.60200
C 268.61400 120.07700 13.20490
C 273.80100 118.68600 13.19850
C 271.72100 120.81100 13.19920
H 270.35400 119.48300 11.59600
C 248.25100 121.78900 13.26220
C 251.69400 122.46000 13.21830
C 249.53700 124.75400 13.17010
C 252.72000 125.43300 13.21880
C 250.61100 127.76300 13.16800
C 254.81400 123.05800 13.22180
C 258.12000 123.61000 13.19260
C 255.92400 126.00100 13.19010
H 259.87900 123.00700 11.60110
H 260.92800 126.01700 11.60330
C 261.29300 124.23600 13.21340
C 259.12700 126.57900 13.15810
H 257.69500 125.36100 11.54600
C 263.35400 121.74500 13.22080
C 266.52500 122.43000 13.21260
C 264.36400 124.89300 13.21350
C 267.52300 125.36100 13.19950
H 263.03100 123.56200 11.61480
H 266.09300 124.17600 11.60360
C 262.27300 127.14500 13.20810
C 265.46100 127.80300 13.19030
H 264.04100 126.62100 11.59840
H 268.29300 121.87200 11.59570
C 269.69700 123.18400 13.20070
C 272.93500 123.93100 13.19040
C 270.58000 126.07600 13.18860
C 273.77200 126.98800 13.17420
C 248.30800 130.08000 13.18290
C 251.68200 130.74200 13.20190
C 252.59300 133.76100 13.23500
C 253.81500 128.51800 13.17090
C 249.42200 133.02200 13.12580
C 254.81200 131.42400 13.16440
C 258.06700 131.98600 13.20000
C 255.91300 134.49800 13.22770
H 259.86400 131.40600 11.60130
C 261.23400 132.60000 13.20950
H 260.93900 134.38300 11.60940
C 257.00400 128.98600 13.23730
C 260.23000 129.65700 13.20620
H 258.80100 128.43400 11.60980
C 264.37000 133.13000 13.20420
C 266.46600 130.75000 13.18850
C 263.25800 130.12100 13.19430
H 261.94300 128.98300 11.59580
H 262.99500 131.95800 11.59560
C 267.53600 133.73600 13.19840
C 268.52400 128.42100 13.18590
C 271.71600 129.13700 13.18190
C 270.58600 134.42300 13.18740
C 272.99700 132.15000 13.19000
C 269.67100 131.40500 13.18740
