14208
Frame 1
C -41.79090 2.33720 9.96723
C -43.15910 5.45375 9.95291
C -39.86130 4.64411 9.95758
H -40.45610 1.05926 11.58790
H -43.49040 1.64277 11.57240
H -41.60680 4.24784 11.56800
C -43.87400 0.32970 9.94516
C -44.95580 3.30682 9.99844
H -45.03150 4.24629 11.56420
C -38.77730 1.76254 9.97683
H -38.43430 3.50845 11.56690
C -35.70050 0.93803 9.97985
C -36.67260 4.07526 9.96384
C -33.62760 3.51686 9.97122
H -35.31880 2.76821 11.57900
H -36.38020 5.91616 11.57290
H -33.24390 5.29201 11.58150
H -34.21400 -0.15406 11.58350
C -32.49250 0.54266 9.97598
H -32.14930 2.35206 11.57950
C -31.48120 5.88868 9.97391
C -30.39090 2.94239 9.92531
C -27.36020 2.41548 9.88555
C -28.31380 5.31017 9.89578
H -30.03950 4.71305 11.56860
C -29.37120 -0.11019 9.94711
H -29.02520 1.70528 11.50360
H -26.83740 4.18699 11.48840
C -24.13330 1.80945 9.78113
C -25.15180 4.88336 9.81186
C -21.09740 1.02300 9.69112
C -21.99460 4.16561 9.77372
H -22.74780 0.54203 11.34810
H -20.55510 2.86954 11.23040
H -21.65740 6.00951 11.35200
H -25.87500 1.13623 11.39430
H -23.75510 3.59308 11.38130
H -39.47400 6.49452 11.56520
C -45.04850 11.68630 10.05480
C -40.84940 7.75573 9.95181
H -42.65380 7.19176 11.55280
C -43.88190 8.59006 9.95311
C -41.85690 10.75750 9.96376
H -41.60160 12.62020 11.57900
H -43.55790 10.21050 11.57410
H -40.47970 9.56393 11.56320
C -38.75310 10.24100 9.96349
C -34.59070 6.45360 9.96614
H -38.40300 12.04950 11.58140
C -37.75850 7.27083 9.96131
C -35.62860 9.59064 9.96557
C -36.63180 12.56820 9.96948
C -33.48620 12.05800 9.97291
H -35.20980 11.39320 11.57430
H -37.35780 9.02730 11.57460
H -34.28310 8.29713 11.57220
C -32.56010 8.99091 9.97385
H -32.09280 10.78180 11.59040
H -31.20440 7.71042 11.58450
C -26.16880 7.81180 9.80583
C -29.48480 8.28073 9.97867
C -30.42360 11.39560 9.89201
C -27.38740 10.81700 9.83238
H -27.86060 7.18503 11.46070
H -26.91390 12.61690 11.43630
H -29.00840 10.15410 11.46920
C -19.97420 6.64113 9.68286
C -24.07570 10.28050 9.76275
C -23.00080 7.28700 9.78420
C -20.91620 9.77047 9.74791
C -21.87440 12.77610 9.83287
H -22.63020 9.10280 11.39080
H -20.55250 11.50200 11.45460
H -25.85050 9.65092 11.37650
H -23.67680 12.12350 11.33430
H -24.72760 6.65880 11.42330
C -39.81470 13.23920 9.97434
C -43.13550 13.83860 9.98493
C -40.74190 16.28220 9.97874
H -39.39030 15.06230 11.58660
C -41.84530 19.24580 9.97537
H -40.37800 18.10230 11.57800
C -43.95250 16.84830 9.99925
C -45.01070 19.70790 9.97446
C -38.66990 18.75620 9.97284
C -37.66990 15.65960 9.97220
C -34.59810 15.02400 9.97377
H -36.30320 14.40010 11.57810
H -33.13950 13.88020 11.58360
C -35.47900 18.03520 9.98240
H -37.22770 17.49410 11.57520
H -34.14720 16.79610 11.58950
C -32.44610 17.47020 9.99773
H -30.02090 13.21630 11.53350
C -31.44260 14.55530 9.98503
C -28.29470 13.90150 9.87665
C -26.11360 16.43900 9.96607
C -29.30280 16.98670 9.94573
C -27.12420 19.30570 9.98576
C -30.34670 19.96630 10.01010
C -25.19370 13.30100 9.83027
C -24.07500 18.84030 9.90041
C -23.00800 15.69650 9.84665
C -19.88210 15.18910 9.92515
C -20.84910 18.18330 9.89197
H -21.61620 14.50930 11.50470
C -43.08190 22.04490 9.98113
C -39.75830 21.64520 9.98270
H -41.56790 20.95950 11.57560
C -40.77290 24.63310 9.99814
H -42.57700 24.02240 11.58550
C -43.97430 24.83290 9.98926
H -38.32880 20.53380 11.59150
C -36.57420 21.11240 10.00080
C -33.44530 20.46910 10.00470
C -37.63540 24.19170 10.01120
C -34.53760 23.51040 10.01740
C -35.69460 26.52760 10.01010
C -32.52630 26.02130 10.00850
C -28.29530 22.35050 9.97230
C -31.46910 22.99610 10.00920
C -26.19260 24.90730 10.06500
C -29.34130 25.40700 10.02310
C -20.86730 26.61380 10.14580
C -25.16020 21.93850 10.01810
C -22.01590 21.32780 9.94972
C -19.80350 23.71100 10.11520
C -23.04450 24.33430 10.02210
C -45.00070 28.47690 9.96402
C -39.87730 30.32710 10.01050
C -40.98070 33.40600 10.01860
C -41.86340 27.69430 10.00190
C -43.09230 30.86150 10.00370
C -37.70950 32.63450 10.00800
C -33.58550 29.01710 9.99834
C -36.79290 29.51950 10.00640
C -38.72750 27.14740 10.01610
C -34.65380 32.01130 10.00050
C -26.22700 33.12630 10.12040
C -27.26410 27.78230 10.10330
C -31.55860 31.41050 9.99430
C -28.34820 30.94540 10.04160
C -30.36840 28.39640 10.03040
C -25.14750 30.24700 10.14000
C -22.04580 29.61680 10.17320
C -24.14460 27.36300 10.17530
C -19.89510 32.17150 10.16680
C -23.20860 32.64060 10.11760
C -41.76350 2.40227 13.18570
C -43.16330 5.44408 13.16960
C -39.84040 4.67201 13.17510
C -44.97130 2.96612 13.21760
C -43.87470 -0.38733 13.16260
C -38.73550 1.82373 13.19570
C -35.62050 0.95524 13.19850
C -36.63560 4.08496 13.18170
C -33.60110 3.54295 13.18830
H -37.42060 0.51284 11.60470
C -32.48670 0.54710 13.19530
C -31.50540 5.91340 13.19250
C -30.34790 2.90094 13.16210
C -27.23110 2.34549 13.03130
C -28.22090 5.37918 13.12970
C -29.28160 -0.11648 13.15650
C -24.15550 1.74975 12.97490
C -25.01800 4.84852 13.02440
C -21.00360 1.09702 12.90400
C -21.88100 4.13416 12.90130
C -40.87710 7.75919 13.16850
C -43.89500 9.23059 13.17240
C -41.87360 10.74940 13.17990
C -44.97050 11.39610 13.27400
H -44.99630 12.88900 11.60560
C -38.78580 10.24130 13.18130
C -34.62490 6.48669 13.18490
C -37.77080 7.20948 13.18120
C -33.49390 12.03990 13.19130
C -36.63410 12.56640 13.18680
C -35.63450 9.55981 13.18220
C -32.58750 8.97046 13.19230
C -26.15560 7.85730 13.05470
C -29.33890 8.36754 13.06700
C -30.28640 11.34470 13.16060
C -27.22570 10.73450 13.02070
C -19.84350 6.67195 12.90760
C -24.01980 10.32820 12.95510
C -22.95350 7.25986 12.99260
C -20.81470 9.60718 12.94310
C -21.96320 12.66030 13.03750
C -39.81370 13.27650 13.19030
C -43.09970 13.68770 13.20130
H -42.51200 15.55550 11.59670
C -40.74740 16.29410 13.19550
C -43.89370 17.11970 13.21750
C -41.81280 19.17980 13.19060
H -43.52340 18.41470 11.59610
C -45.02040 20.37450 13.19590
C -38.62200 18.71960 13.19050
C -34.63190 14.98050 13.19250
C -37.68670 15.69910 13.18800
C -35.52160 18.03650 13.19660
H -35.18740 19.88820 11.60640
C -32.41130 17.46840 13.21460
H -32.06000 19.26390 11.61340
C -31.35790 14.47200 13.20330
H -31.01100 16.32850 11.61380
C -26.11620 16.29160 13.12670
C -28.27850 13.84160 13.09400
C -29.26900 16.93580 13.16870
C -27.20090 19.32740 13.19300
C -30.32590 19.92030 13.17880
H -28.89600 18.76160 11.55810
H -27.89530 15.72000 11.52050
C -25.15700 13.21220 12.96610
C -24.02010 18.71540 13.12990
C -23.02990 15.76120 13.03310
C -19.95100 15.10850 13.16410
C -21.02740 18.17510 13.14860
H -22.66180 17.54260 11.39720
H -20.65480 20.00660 11.54010
H -25.72570 18.18590 11.63130
H -24.73350 15.11430 11.45270
H -44.95980 21.41720 11.60500
C -43.08240 22.28500 13.19500
C -39.79000 21.68380 13.20000
C -40.78490 24.64900 13.21460
H -39.40320 23.47300 11.60930
C -43.89220 25.53780 13.20600
H -40.50290 26.46300 11.62270
C -33.47790 20.40480 13.22140
C -36.60390 21.10080 13.21880
H -33.18270 22.29040 11.61890
C -37.63160 24.19300 13.22830
C -34.56400 23.52190 13.23340
H -36.26460 22.95150 11.62980
H -37.39850 25.98820 11.62100
H -34.23850 25.36650 11.62650
C -35.67550 26.55350 13.22820
C -32.53310 25.96790 13.22570
H -30.05190 21.76250 11.59440
C -28.29710 22.31890 13.20440
C -31.46650 22.91570 13.22600
H -31.13250 24.79960 11.61850
C -26.25570 24.84190 13.26950
C -29.31470 25.29510 13.24740
H -27.92540 24.14440 11.58790
H -26.88780 21.15400 11.58970
C -25.12970 21.84110 13.15230
C -22.01110 21.22440 13.19340
C -19.91600 23.52670 13.31410
C -23.03080 24.21530 13.25310
C -20.94900 26.63120 13.35110
H -21.64250 23.07230 11.62340
H -25.88810 26.67110 11.75480
H -22.68040 26.12010 11.64560
H -23.75340 20.61440 11.56550
H -24.77420 23.69340 11.63640
H -42.75700 32.71190 11.62200
H -41.63840 29.67720 11.61320
H -44.96570 29.68570 11.60070
C -45.01620 28.30220 13.18080
H -43.54730 26.95810 11.59760
C -41.90110 27.71000 13.22010
C -43.08870 30.90670 13.21980
C -39.90740 30.29590 13.22880
C -40.93420 33.26450 13.23360
H -39.48340 32.17450 11.61980
H -36.36450 31.32580 11.61190
H -35.35190 28.38800 11.60950
C -38.79640 27.20510 13.23220
H -33.27010 30.80080 11.60850
C -36.74200 29.57460 13.22560
C -33.58410 28.98490 13.21690
C -37.68000 32.57260 13.22570
C -34.66870 31.97790 13.21660
H -38.54020 28.97110 11.62670
H -28.00590 32.64630 11.72380
H -29.04510 27.16280 11.71470
H -30.11790 30.23740 11.59020
H -31.22990 33.24670 11.60490
C -28.40160 30.84660 13.21000
H -32.16300 27.84960 11.60640
C -30.44270 28.44260 13.25850
C -27.30220 27.96120 13.24200
C -31.53760 31.42440 13.21090
C -26.30740 33.16580 13.33510
H -26.94290 29.69130 11.58210
H -20.56900 28.45910 11.76870
H -24.84910 32.04120 11.75840
C -23.10640 32.62350 13.32720
C -25.31400 30.24440 13.32740
C -24.12660 27.19850 13.33970
C -19.83190 32.18960 13.18340
C -21.97360 29.75250 13.36200
H -21.70740 31.49820 11.69080
H -23.77500 29.09740 11.81990
C -41.96260 36.29460 10.02700
C -43.24220 39.39060 10.04580
C -39.95680 38.80250 10.03550
C -44.04020 34.19240 10.01690
C -45.00170 37.22230 9.99662
C -38.78920 35.63670 10.01710
C -35.69190 35.08940 10.00490
C -36.84880 38.12200 10.02140
C -33.70600 37.49710 10.01000
C -32.61870 34.46130 9.99612
C -31.61610 39.80940 10.01350
C -30.35760 36.78540 10.12330
C -27.28270 36.19830 10.19110
C -28.33880 39.29490 10.08150
C -29.37370 33.88110 10.13220
C -24.16670 35.65720 10.15120
C -25.24330 38.69130 10.23600
C -21.01860 35.05730 10.23830
C -22.02990 38.01870 10.22160
C -40.93780 41.81600 10.04730
C -43.93160 42.87260 10.04250
C -41.84640 44.96880 10.03240
C -44.98170 45.70290 10.00570
C -38.84750 44.25700 10.04120
C -34.68070 40.50850 10.03310
C -37.79550 41.23640 10.05010
C -35.70310 43.62490 10.04260
C -33.56070 45.87450 10.01110
C -36.78200 46.57920 10.03050
C -32.57150 42.90360 10.01060
C -26.22610 41.55660 10.16970
C -29.44560 42.19090 10.08470
C -27.22600 44.63200 10.06110
C -30.52290 45.38710 10.00850
H -29.06700 44.09080 11.64110
H -26.95550 46.51600 11.64770
C -19.92460 40.42840 10.20980
C -24.15150 44.00850 10.06660
C -23.11040 40.97610 10.29500
C -20.95620 43.55460 10.09750
C -22.04760 46.48540 10.07110
H -25.89920 43.44540 11.72240
C -39.89530 47.27270 10.02530
C -43.13500 47.65960 10.01570
C -40.88150 50.31600 10.01560
C -44.01690 50.68030 9.99965
C -42.00280 53.32360 10.01090
C -45.03790 53.92860 9.97785
C -38.75120 52.81010 10.02340
C -34.65230 48.92310 10.00530
C -37.73950 49.63820 10.02350
C -35.79200 51.94000 10.01700
H -30.07000 47.20260 11.50780
C -32.61400 51.32520 9.98725
H -32.27200 53.21630 11.58850
C -31.52200 48.34690 9.98674
H -31.17920 50.16560 11.59200
C -26.26890 50.17370 9.96909
C -28.31870 47.78250 10.01690
C -29.37230 50.76670 10.02760
C -27.28750 53.26930 10.03170
C -30.44380 53.76120 9.96736
H -27.95480 49.55840 11.65230
H -29.04650 52.58950 11.57930
C -25.19100 47.07690 9.99643
C -24.04820 52.63120 9.92071
C -23.06010 49.38910 9.91843
C -19.93160 48.85420 10.02060
C -20.92010 51.91830 9.92929
H -22.71680 51.28300 11.45470
H -20.59070 53.75980 11.58490
H -24.81610 48.93290 11.51200
H -21.64140 48.30580 11.67630
H -25.83470 52.02960 11.53840
C -43.25630 56.41860 10.01400
C -39.87320 55.73910 10.01260
C -40.87140 58.86420 10.00670
C -43.88610 59.57540 9.99703
C -36.75620 55.07820 10.02320
C -37.67520 58.18810 10.01280
C -33.68490 54.43930 9.99733
C -34.59560 57.43570 10.00450
C -35.58640 60.58180 9.99672
C -32.43480 59.84440 9.98503
C -31.46400 56.88120 9.98004
H -31.10600 58.66250 11.58800
C -28.17830 56.18830 10.11220
C -26.15020 58.62670 10.06080
H -30.07640 55.55290 11.59450
C -29.31340 59.16130 9.98216
H -27.89750 58.04380 11.65700
H -26.85650 54.93790 11.70390
C -25.17420 55.67680 10.12350
C -21.97350 54.99080 9.97046
C -19.92410 57.39890 9.95488
C -23.13060 58.05130 10.08090
C -21.05550 60.41680 10.01480
H -22.67030 59.78090 11.72660
H -25.76610 60.42730 11.62680
H -23.71240 54.40350 11.53110
H -24.83830 57.43020 11.74760
H -21.66880 56.81350 11.54420
H -44.92290 63.86780 11.53710
H -43.45580 61.03740 11.58300
C -42.99280 64.89360 9.95023
H -39.38870 66.10470 11.59400
C -39.73200 64.29210 9.97887
C -40.79560 67.30790 9.97418
H -42.54650 66.46660 11.56540
H -41.49180 63.60290 11.57180
C -41.77070 61.87250 9.97848
C -44.89480 62.56230 9.96351
C -38.70450 61.26300 9.99793
C -34.52810 65.92990 9.97695
C -33.41490 62.98270 9.98199
H -33.09890 64.76500 11.58200
C -37.63900 66.70010 9.98795
C -36.56740 63.53900 9.98745
H -36.27270 65.37800 11.59480
C -30.39040 62.24370 10.01180
H -30.00780 64.08050 11.61110
C -27.14160 61.65520 10.00560
C -31.37550 65.33470 9.97787
H -32.10970 61.69130 11.59390
H -31.03090 67.15340 11.59400
C -26.20560 67.21890 10.01990
C -28.21230 64.68230 10.06960
H -27.92740 66.51370 11.60610
H -26.86930 63.42130 11.66520
H -28.93150 61.00540 11.55740
H -20.52180 62.29210 11.49200
H -24.83410 65.87910 11.60560
C -21.98260 63.54500 9.97733
H -23.65710 62.90520 11.69800
H -21.57100 65.32040 11.60800
C -23.07200 66.54750 10.09740
C -19.84190 66.02800 10.04120
C -25.12370 64.01960 10.05750
C -23.98690 61.04510 10.09820
C -41.95650 36.20510 13.24440
C -43.24860 39.40660 13.26430
C -39.90380 38.78860 13.25050
H -43.64610 35.56440 11.62780
H -40.54670 35.07990 11.63350
H -41.76090 38.29540 11.64600
H -45.05430 38.28430 11.66030
C -45.08900 36.77310 13.21570
C -44.11040 33.47490 13.23440
C -38.78280 35.62940 13.23460
H -38.55160 37.48660 11.62630
C -35.74340 35.02830 13.22050
C -36.84650 38.13950 13.23940
H -35.44030 36.88360 11.61620
C -33.64220 37.49840 13.22640
H -33.33600 39.27300 11.63480
H -37.39700 34.42050 11.61970
H -36.41840 39.94540 11.64930
H -34.38960 33.77340 11.60280
C -32.66340 34.47840 13.21180
H -32.28780 36.27490 11.60390
C -31.54450 39.80450 13.22990
C -30.54310 36.87010 13.24760
C -27.25460 36.13560 13.29870
H -30.14410 38.67650 11.65200
C -28.43090 39.20790 13.35690
C -29.47670 33.83820 13.27120
H -29.03630 35.63540 11.77440
H -27.06630 38.03000 11.74530
C -24.17920 35.57310 13.33640
C -25.32660 38.59850 13.39540
C -21.09720 35.04470 13.36570
C -22.17140 37.98120 13.45170
H -21.64440 39.78970 11.87120
H -25.91120 34.93260 11.68950
H -22.78530 34.40510 11.72300
H -20.61490 36.85770 11.87370
H -23.83060 37.42480 11.79640
H -39.52390 40.59510 11.65780
C -40.94290 41.79230 13.26210
H -42.67380 41.23480 11.65700
C -43.96850 42.76660 13.26090
H -43.54250 44.15240 11.64030
C -41.88280 45.00200 13.25130
H -40.54660 43.61940 11.64910
H -41.65200 46.68280 11.63550
C -44.99950 46.64940 13.22560
H -45.05340 46.85240 11.61570
C -38.88510 44.23600 13.25920
C -34.68950 40.48190 13.24880
H -38.48840 46.06990 11.63800
C -37.77390 41.21480 13.26490
C -35.74080 43.57390 13.25940
H -37.46120 43.06040 11.66350
H -34.32190 42.33300 11.63780
C -36.74080 46.64880 13.24620
C -33.58030 45.90680 13.22640
H -35.34380 45.42340 11.64860
C -32.54710 42.87090 13.22870
H -32.23890 44.66660 11.60790
H -31.18790 41.61550 11.61400
C -26.33950 41.69380 13.44570
C -29.47640 42.26510 13.22100
C -27.36430 44.73710 13.32770
C -30.48680 45.45000 13.13730
H -28.01390 41.03530 11.72990
C -19.96200 40.56240 13.39740
C -24.11680 44.09880 13.36610
C -23.08880 41.10320 13.33030
C -20.93010 43.58070 13.33130
C -22.08260 46.53950 13.29450
H -20.57530 45.36520 11.73430
H -23.79990 45.90120 11.67180
H -22.71130 42.93040 11.72210
H -24.91220 40.42030 11.89400
C -39.88470 47.30320 13.24220
C -43.21890 47.75580 13.23090
H -42.71640 49.55700 11.61900
C -40.93530 50.35780 13.23200
H -39.48600 49.09050 11.62860
C -44.06770 50.98720 13.21720
C -42.00590 53.34910 13.22710
H -43.62920 52.57700 11.61020
H -40.57340 52.10170 11.62590
C -45.09480 54.00510 13.19900
C -38.77560 52.80910 13.24170
C -37.76320 49.67410 13.23900
C -34.62900 48.90480 13.21950
H -36.36770 48.42140 11.62830
H -33.21410 47.72030 11.60040
C -35.72050 51.97640 13.23130
H -34.34950 50.73660 11.60760
H -37.45550 51.51670 11.63760
H -35.39960 53.80350 11.62710
C -32.60300 51.36350 13.20340
C -31.46770 48.31980 13.20420
C -28.40080 47.73950 13.21940
C -26.18040 50.17740 13.13580
C -29.39850 50.77160 13.18820
C -27.28180 53.13680 13.22420
C -30.42650 53.73570 13.21880
C -25.26640 47.21730 13.18880
C -24.06090 52.57860 13.08270
C -23.09110 49.51010 13.16760
C -19.83870 48.85510 13.23330
C -21.08210 51.87860 13.10710
H -45.00190 55.41010 11.62430
C -43.19540 56.33740 13.22980
C -39.88820 55.76990 13.23040
C -40.82210 58.81690 13.22280
H -41.69770 55.16390 11.62040
H -42.60750 58.10930 11.62140
H -39.43800 57.58740 11.61350
C -43.83850 59.06120 13.21290
H -40.42260 60.67850 11.60810
H -38.51120 54.55180 11.63270
C -33.60260 54.43380 13.21360
C -36.75990 55.02760 13.23950
C -37.66750 58.12710 13.22760
C -34.54200 57.48720 13.22070
H -36.30830 56.84090 11.63140
H -33.18090 56.26750 11.60090
H -37.31580 60.01150 11.61660
H -34.22480 59.28190 11.60330
C -35.55520 60.58620 13.21560
C -32.44980 59.88990 13.20450
C -31.45370 56.87170 13.19820
C -28.26830 56.17250 13.19930
C -26.19310 58.68050 13.33450
C -29.35070 59.20140 13.20920
C -25.00650 55.49030 13.21110
C -21.97700 55.02530 13.15460
C -19.88860 57.40920 13.10840
C -23.01310 57.94260 13.25740
C -20.83420 60.50000 13.11120
C -40.77210 67.28620 13.19230
C -39.74950 64.27830 13.19520
C -41.77990 61.83950 13.19570
C -43.07200 64.72890 13.16630
C -44.92320 62.41420 13.18300
C -38.73450 61.25660 13.21610
C -36.56920 63.52140 13.20510
C -34.53930 65.93350 13.19610
C -37.68240 66.64290 13.20750
C -33.41160 62.99000 13.20070
H -35.15890 62.37480 11.59840
H -38.33340 63.06070 11.59600
C -30.31480 62.19980 13.17600
C -28.28090 64.70330 13.22910
C -27.20460 61.57130 13.24300
C -31.39470 65.35680 13.19780
C -26.18690 67.10180 13.22860
C -23.02850 66.48680 13.18940
C -24.04360 61.11480 13.24610
C -21.84790 63.44040 13.19400
C -25.15890 64.09480 13.24740
C -19.85140 65.94980 13.25060
C -41.82650 70.31130 9.96723
C -43.05290 73.38210 9.95291
C -39.77210 72.70130 9.95758
H -40.44530 69.07560 11.58790
H -43.44630 69.57190 11.57240
H -41.54660 72.18670 11.56800
C -43.76910 68.05720 9.94516
H -44.91480 72.43710 11.56420
C -44.89650 71.44650 9.99844
C -38.71030 69.68740 9.97683
H -38.43630 71.49780 11.56690
C -35.54300 69.07850 9.97985
C -36.66240 72.00030 9.96384
C -33.52260 71.47510 9.97122
H -35.27730 70.84550 11.57900
H -36.28110 73.83510 11.57290
H -33.13890 73.22600 11.58150
H -34.18630 67.75130 11.58350
C -32.43030 68.32720 9.97598
H -32.09240 70.19660 11.57950
C -31.36420 73.81370 9.97391
C -30.33190 70.76390 10.00520
C -27.18870 70.12970 9.98411
C -28.31320 73.24050 9.89434
H -29.95520 72.62610 11.62130
C -29.30310 67.65090 9.95731
H -26.87440 72.01920 11.46590
H -28.96390 69.47280 11.55830
C -24.07000 69.54380 10.03140
C -25.05820 72.69670 9.94204
C -20.93510 68.97530 10.09300
C -21.83890 72.06860 9.98732
H -20.50360 70.82460 11.64780
H -21.53880 73.88700 11.62280
H -22.69760 68.40110 11.72070
H -25.80310 68.96540 11.67760
H -23.69050 71.43780 11.53810
H -39.43540 74.58190 11.56520
C -40.83230 75.79710 9.95181
H -42.59480 75.21350 11.55280
C -43.85590 76.70510 9.95311
C -41.77560 78.80690 9.96376
H -41.42400 80.58740 11.57900
H -43.45770 78.32170 11.57410
H -40.45980 77.57660 11.56320
C -44.97260 79.72750 10.05480
C -38.71040 78.11380 9.96349
C -34.51650 74.38430 9.96614
H -38.29990 79.88450 11.58140
C -37.67440 75.10840 9.96131
C -35.58670 77.41880 9.96557
C -36.57930 80.56040 9.96948
C -33.41910 79.87370 9.97291
H -35.18610 79.28730 11.57430
H -37.31860 76.90270 11.57460
H -34.16000 76.24060 11.57220
C -32.38530 76.87120 9.97385
H -32.00710 78.64820 11.59040
H -31.06280 75.61090 11.58450
C -26.11000 75.62650 9.89324
C -29.32320 76.23080 9.93391
C -30.28670 79.28950 9.95305
C -27.23270 78.69760 9.79546
H -27.87710 75.03300 11.48420
H -28.89130 78.02100 11.44880
H -26.86680 80.48270 11.43420
C -19.72540 74.48090 10.07640
C -23.79740 78.01900 9.93378
C -22.96330 75.09040 10.08110
C -20.81850 77.41580 10.03360
C -21.90950 80.46170 9.94324
H -23.65020 79.83960 11.56110
H -22.55250 76.87510 11.71810
H -25.76710 77.49000 11.33680
H -20.51490 79.23190 11.56860
H -24.72570 74.43890 11.63160
C -39.70020 81.03680 9.97434
C -42.96180 81.53070 9.98493
C -40.68640 84.06280 9.97874
H -39.30450 82.83000 11.58660
C -41.72960 87.09670 9.97537
H -40.33900 85.87580 11.57800
C -43.85180 84.71960 9.99925
C -44.84340 87.73970 9.97446
C -38.59740 86.58520 9.97284
C -37.59450 83.53840 9.97220
C -34.45980 82.84710 9.97377
H -36.19390 82.36430 11.57810
H -33.01510 81.68310 11.58360
C -35.55720 85.98950 9.98240
H -37.28830 85.33440 11.57520
H -34.19620 84.70630 11.58950
C -32.48940 85.33270 9.99773
H -29.94670 81.08080 11.56050
C -31.30480 82.32970 9.98503
C -28.29830 81.78690 9.88560
C -26.10160 84.13250 9.92369
C -29.41910 84.74540 9.95948
C -27.10490 87.21180 9.85659
C -30.32430 87.78070 9.95211
H -27.90650 83.52880 11.52200
C -24.99240 81.05160 9.92047
C -23.89610 86.53970 9.97581
C -22.94270 83.57790 9.95199
C -19.74290 82.98350 9.91986
C -20.88280 85.92850 9.97398
H -25.70600 85.96100 11.47400
H -24.68390 82.89820 11.53580
H -21.51680 82.30510 11.47170
H -22.59320 85.31090 11.64230
H -20.48930 87.72780 11.55040
C -43.05680 90.08730 9.98113
C -39.71670 89.61140 9.98270
H -41.53080 88.95770 11.57560
C -40.74190 92.64150 9.99814
H -42.54050 92.03690 11.58550
C -43.77180 92.80090 9.98926
H -38.37640 88.32430 11.59150
C -36.65210 88.96620 10.00080
C -33.47470 88.39710 10.00470
C -37.63800 92.03720 10.01120
C -34.53840 91.32550 10.01740
C -35.53240 94.34200 10.01010
C -32.46470 93.71970 10.00850
C -28.19980 90.19040 9.99724
C -31.34330 90.70840 10.00920
C -26.13270 92.50240 9.91853
C -29.27160 93.20670 9.97996
C -20.86270 94.38580 9.85210
C -22.97030 91.97960 9.87813
C -24.97380 89.47670 9.96475
C -21.86390 88.95310 9.94530
C -19.77230 91.31260 9.81094
C -40.84710 101.05000 10.01860
C -44.89880 96.40960 9.96402
C -43.09820 98.71530 10.00370
C -39.75380 97.95100 10.01050
C -41.81080 95.60550 10.00190
C -37.59620 100.37100 10.00800
C -36.60360 97.32390 10.00640
C -34.51100 99.79880 10.00050
C -33.48080 96.72640 9.99834
C -38.64200 94.92670 10.01610
C -31.32030 99.17170 9.99430
C -30.26410 96.16530 9.99099
C -26.10840 101.03200 9.86552
C -28.23720 98.56190 9.89387
C -27.05990 95.53110 9.89010
H -27.81520 100.37800 11.46430
C -22.91290 100.51300 9.85282
C -25.02800 98.01950 9.85871
C -21.85050 97.41300 9.76887
C -23.92170 95.01410 9.85687
C -19.75370 99.86770 9.76489
H -21.48200 99.25850 11.39090
H -24.67440 99.83410 11.47710
C -41.78310 70.33550 13.18570
C -43.07000 73.28810 13.16960
C -39.78730 72.75780 13.17510
C -44.87960 71.12050 13.21760
C -43.81740 68.11190 13.16260
C -38.70390 69.72270 13.19570
C -35.52320 69.01290 13.19850
C -36.69110 71.99740 13.18170
C -33.49620 71.44030 13.18830
H -37.32400 68.45100 11.60470
C -32.43690 68.36890 13.19530
C -31.38360 73.83000 13.19250
C -30.24820 70.75340 13.15970
C -27.25130 70.24480 13.14500
C -28.18010 73.26910 13.15590
C -29.35580 67.71750 13.22850
C -24.10830 69.72140 13.25260
C -25.15590 72.52590 13.16590
C -20.85360 68.99280 13.28720
C -21.98200 72.03100 13.22420
C -40.84340 75.82880 13.16850
C -43.85750 76.19260 13.17240
C -41.78320 78.83340 13.17990
C -44.91160 79.17120 13.27400
H -44.86250 81.20830 11.60560
C -38.74660 78.09130 13.18130
C -34.51960 74.45860 13.18490
C -37.67210 75.10300 13.18120
C -33.39370 79.84860 13.19130
C -36.57750 80.51460 13.18680
C -35.61290 77.41450 13.18220
C -32.41820 76.86370 13.19230
C -26.13770 75.77270 13.07320
C -29.24370 76.24660 13.09000
C -30.21010 79.22890 13.09250
C -27.15200 78.69070 13.04060
C -19.81330 74.44350 13.26250
C -24.16650 78.03440 13.11930
C -22.97580 75.05180 13.27140
C -20.82920 77.56530 13.34130
C -21.94030 80.52380 13.13220
C -39.69150 81.02960 13.19030
C -42.97550 81.50910 13.20130
H -42.43240 83.36510 11.59670
C -40.66020 84.06260 13.19550
C -43.84230 84.80230 13.21750
C -41.72920 87.12830 13.19060
H -43.39310 86.34000 11.59610
C -44.87290 87.72270 13.19590
C -38.65720 86.49780 13.19050
C -34.39140 82.83060 13.19250
C -37.60500 83.56540 13.18800
C -35.56710 85.95440 13.19660
H -35.21880 87.76330 11.60640
C -32.50100 85.36370 13.21460
H -32.06020 87.16520 11.61340
C -31.26580 82.27220 13.20330
H -31.08250 84.13460 11.61380
C -26.07930 84.16620 13.09450
C -28.19110 81.73620 13.11910
C -29.33420 84.81350 13.10170
C -27.12680 87.11720 13.10600
C -30.25750 87.63600 13.16580
H -28.83860 86.56040 11.46070
C -25.11490 81.03920 13.08490
C -24.03130 86.48090 13.18980
C -22.92820 83.43690 13.16970
C -19.80540 82.92010 13.14160
C -20.86290 85.96390 13.21880
H -44.90860 89.19530 11.60500
C -43.06450 90.42350 13.19500
C -39.78400 89.53590 13.20000
C -40.75780 92.61990 13.21460
H -39.36170 91.40510 11.60930
C -43.80100 93.63380 13.20600
H -40.37010 94.45400 11.62270
C -33.45620 88.37970 13.22140
C -36.65880 88.95220 13.21880
H -33.09290 90.16970 11.61890
C -37.64560 92.01300 13.22830
C -34.53110 91.38080 13.23340
H -36.28400 90.76160 11.62980
H -37.24390 93.76880 11.62100
H -34.15430 93.13890 11.62650
C -35.47650 94.31590 13.22820
C -32.46540 93.75480 13.22570
H -29.90840 89.49860 11.64240
C -28.12260 90.21690 13.18970
C -31.32260 90.74090 13.22600
H -30.98800 92.55630 11.61850
C -26.01920 92.60990 13.12310
C -29.22170 93.20570 13.21200
H -27.85400 92.03220 11.59210
H -26.77620 88.98410 11.52740
C -20.78100 94.42130 12.99090
C -24.99300 89.61110 13.14190
C -21.80650 89.04090 13.09710
C -19.74000 91.38850 13.04880
C -22.93860 91.98970 13.05840
H -25.66750 94.35580 11.48850
H -24.68520 91.37300 11.49670
H -22.60020 93.80600 11.47430
H -23.59490 88.33070 11.63040
H -21.53700 90.81910 11.44490
H -44.94570 97.89700 11.60070
H -43.46210 94.85080 11.59760
C -41.81860 95.70590 13.22010
C -43.05990 98.59700 13.21980
C -39.77590 97.99440 13.22880
C -40.83870 101.01900 13.23360
H -39.35890 99.85730 11.61980
H -41.54040 97.50460 11.61320
H -42.64890 100.36500 11.62200
C -44.90320 96.96040 13.18080
C -36.60450 97.35210 13.22560
C -38.66180 94.93680 13.23220
H -33.09910 98.58390 11.60850
C -33.46160 96.74410 13.21690
H -36.21370 99.15040 11.61190
C -34.51010 99.84800 13.21660
H -38.32760 96.75810 11.62670
H -35.21040 96.11740 11.60950
C -37.61750 100.43500 13.22570
C -27.02920 95.60490 13.11920
H -29.92520 97.97650 11.60940
C -26.04420 101.00300 13.09510
H -32.05270 95.52560 11.60640
H -28.81280 94.99480 11.54940
C -28.10220 98.57570 13.10140
C -31.34130 99.13160 13.21090
H -26.74330 97.38720 11.44340
C -30.22700 96.18340 13.17160
H -30.98820 100.99300 11.60490
H -23.54390 96.85370 11.45610
C -22.86900 100.47500 12.99820
C -24.96970 98.03110 13.08890
C -19.72140 99.85690 12.99220
C -21.76460 97.47260 13.03160
C -23.88020 95.00670 13.04760
H -20.45150 96.24130 11.40850
C -41.74120 104.07500 10.02700
C -43.01520 106.95000 10.04580
C -39.71180 106.57800 10.03550
C -44.85210 105.13100 9.99662
C -43.91250 101.91600 10.01690
C -38.68510 103.38400 10.01710
C -35.54090 102.84700 10.00490
C -36.55060 105.91900 10.02140
C -33.40300 105.33100 10.01000
C -32.40630 102.18300 9.99612
C -31.37030 107.65800 10.01350
C -30.32600 104.68500 9.93794
C -27.13420 104.06500 9.88876
C -28.24680 107.14600 9.96551
C -29.30140 101.57400 9.90810
H -26.79500 105.88500 11.52320
C -23.99130 103.53300 9.82947
C -25.11970 106.55900 9.94670
C -20.72990 102.92800 9.81935
C -21.88190 105.95400 9.81882
H -21.50280 107.70800 11.48540
H -22.55560 102.32400 11.41300
H -23.63570 105.34100 11.45090
H -20.45540 104.77700 11.41570
H -25.69860 102.82400 11.48000
C -40.71830 109.39500 10.04730
C -43.83350 109.92300 10.04250
C -41.70740 112.55800 10.03240
C -44.83360 113.03100 10.00570
C -38.60560 112.01300 10.04120
C -34.46400 108.39500 10.03310
C -37.58920 109.01900 10.05010
C -35.49120 111.35700 10.04260
C -33.46470 113.75400 10.01110
C -36.57160 114.39400 10.03050
C -32.33690 110.90200 10.01060
C -26.08010 109.61600 9.95206
C -29.25810 110.09100 9.97434
C -27.14440 112.56800 10.00170
C -30.27060 113.16600 9.99955
H -28.86490 111.91800 11.62090
H -26.78040 114.43500 11.55030
C -19.80770 108.42400 9.89324
C -24.00840 111.94400 9.87832
C -22.94880 108.99100 9.95607
C -20.91580 111.39900 9.85599
C -21.88150 114.38700 9.83101
H -22.53610 110.79900 11.52030
H -23.62980 113.82100 11.40000
H -20.49820 113.18800 11.44240
H -24.66230 108.39400 11.55720
H -25.66920 111.37600 11.58100
C -39.74580 114.92600 10.02530
C -43.00490 115.51800 10.01570
C -40.80950 118.00300 10.01560
C -43.92950 118.83700 9.99965
C -41.82490 121.01700 10.01090
C -44.88950 122.06400 9.97785
C -38.71380 120.39200 10.02340
C -34.51130 116.83500 10.00530
C -37.64580 117.39600 10.02350
C -35.60020 119.82800 10.01700
C -32.45130 119.23900 9.98725
H -29.98730 114.96100 11.60870
H -32.14920 121.04100 11.58850
C -31.35760 116.12300 9.98674
H -31.08780 117.93200 11.59200
C -26.23500 118.04100 9.85658
C -28.22350 115.61800 10.01860
C -29.30620 118.67000 10.06750
C -27.36800 121.11800 10.02990
H -27.93120 117.45300 11.56340
H -28.97340 120.46400 11.72630
C -30.34710 121.63000 10.04030
C -25.11410 114.98400 9.86179
H -25.83680 119.86000 11.52520
C -24.05980 120.39000 9.92504
C -22.91310 117.45500 9.80791
C -19.89940 116.82000 9.79371
C -20.95210 119.85500 9.83877
H -22.63210 119.21300 11.50150
H -24.73590 116.88100 11.37350
H -20.62080 121.70000 11.40700
H -21.59590 116.22500 11.45040
C -43.04530 123.83200 10.01400
C -39.79480 123.39300 10.01260
C -40.83420 126.49400 10.00670
C -43.86150 126.95200 9.99703
C -36.71660 122.88800 10.02320
C -37.71350 125.87900 10.01280
C -33.53830 122.26500 9.99733
C -34.59680 125.23000 10.00450
C -35.64890 128.21500 9.99672
C -32.45000 127.72600 9.98503
C -31.47970 124.70200 9.98004
H -31.06120 126.51800 11.58800
C -28.27590 123.92800 9.98816
C -26.21180 126.53800 9.82366
H -30.09280 123.48200 11.52950
C -29.32420 127.09800 9.90951
H -26.84660 122.84600 11.64900
H -27.94030 125.86700 11.43480
C -20.96160 128.35700 9.74419
C -25.33510 123.45400 9.87464
C -22.02120 122.91900 9.80565
C -19.94410 125.30300 9.70221
C -23.11270 125.87300 9.77107
H -22.72400 127.75100 11.34470
H -24.81400 125.27600 11.40270
H -23.78350 122.31500 11.42920
H -21.65390 124.72200 11.36780
H -25.82720 128.32900 11.44880
C -44.93700 130.11600 9.96351
H -43.49780 128.84800 11.58300
H -41.63390 131.31900 11.57180
H -39.48970 133.69900 11.59400
C -41.81190 129.47500 9.97848
C -43.06120 132.55400 9.95023
C -39.89100 131.93700 9.97887
C -40.82180 134.98700 9.97418
H -42.61380 134.45100 11.56540
H -44.91010 131.62300 11.53710
C -38.74870 128.85700 9.99793
H -36.34200 133.06900 11.59480
C -36.72520 131.28700 9.98745
C -37.73550 134.35800 9.98795
H -33.18140 132.51100 11.58200
C -34.59450 133.70400 9.97695
C -33.53960 130.69600 9.98199
C -30.42290 130.18700 9.93892
H -31.10470 134.99200 11.59400
C -31.43210 133.12300 9.97787
C -28.36210 132.57700 9.86455
C -27.26130 129.55300 9.86725
H -32.17110 129.55800 11.59390
H -30.04550 131.96900 11.52680
C -26.34030 135.05700 9.79976
H -26.95590 131.37800 11.38370
H -29.01870 128.94200 11.50560
H -27.97240 134.35000 11.52160
H -20.59420 130.21500 11.32760
C -19.86200 133.78400 9.73201
C -22.13880 131.31200 9.73121
C -24.14590 128.97700 9.75773
C -25.24450 131.95400 9.75141
H -24.84910 133.81900 11.27590
H -23.83530 130.76900 11.36050
H -21.68050 133.15200 11.24520
C -23.06200 134.45100 9.71210
C -41.78340 104.10000 13.24440
C -43.01730 106.94000 13.26430
C -39.69720 106.49500 13.25050
H -43.44900 103.49200 11.62780
H -40.42290 102.79200 11.63350
H -41.45770 105.92500 11.64600
H -44.86020 106.45900 11.66030
C -44.89550 104.73000 13.21570
C -43.85510 101.53100 13.23440
C -38.68780 103.31800 13.23460
H -38.28660 105.22200 11.62630
C -35.52180 102.84300 13.22050
C -36.53880 105.85500 13.23940
H -35.13380 104.64600 11.61620
C -33.38310 105.33800 13.22640
H -33.06450 107.13900 11.63480
H -37.23110 102.18000 11.61970
H -36.18700 107.76200 11.64930
H -34.10540 101.64500 11.60280
C -32.31570 102.26200 13.21180
H -32.06230 104.05800 11.60390
C -31.27740 107.66000 13.22990
C -30.27150 104.56600 13.18160
C -27.07370 103.97200 13.10530
H -29.90640 106.44700 11.60500
C -28.12190 107.09100 13.19000
C -29.16590 101.58400 13.13350
H -28.87130 103.42800 11.48210
C -23.94950 103.48600 13.05720
C -24.97850 106.52900 13.09280
C -20.72800 102.99400 12.98420
C -21.85720 105.89100 13.07460
H -39.33480 108.29200 11.65780
C -40.75760 109.42400 13.26210
H -42.55360 108.85100 11.65700
C -43.88020 109.92000 13.26090
H -43.39940 111.81400 11.64030
C -41.72060 112.52200 13.25130
H -40.32260 111.25200 11.64910
H -41.49630 114.37200 11.63550
C -44.84690 113.48200 13.22560
H -44.84590 114.37000 11.61570
C -38.58250 112.00800 13.25920
C -34.47140 108.35300 13.24880
H -38.32890 113.78400 11.63800
C -37.62240 108.99000 13.26490
C -35.47640 111.38200 13.25940
H -37.21220 110.78600 11.66350
H -34.05380 110.19200 11.63780
C -36.58210 114.40500 13.24620
C -33.39150 113.79100 13.22640
H -35.18880 113.19700 11.64860
C -32.33390 110.84900 13.22870
H -32.01560 112.63900 11.60790
H -31.00940 109.53500 11.61400
C -26.09370 109.54700 13.16440
C -29.22010 110.08400 13.22870
C -27.05780 112.61200 13.15490
C -30.27130 113.18300 13.23960
H -27.83580 108.91400 11.57200
C -19.72220 108.37200 12.96150
C -23.96640 112.05500 13.08600
C -22.83160 108.98000 13.08620
C -20.77260 111.40200 13.11460
C -21.93090 114.39300 13.05410
C -39.77960 114.96100 13.24220
C -42.99480 115.45400 13.23090
H -42.58110 117.20200 11.61900
C -40.80450 118.02600 13.23200
H -39.40450 116.78500 11.62860
C -43.93040 118.64600 13.21720
C -41.86250 121.01200 13.22710
H -43.48960 120.25900 11.61020
H -40.47160 119.79700 11.62590
C -44.89590 121.80600 13.19900
C -38.72240 120.41400 13.24170
C -37.63950 117.41000 13.23900
C -34.50310 116.80000 13.21950
H -36.26010 116.20700 11.62830
H -33.11270 115.59700 11.60040
C -35.57870 119.86500 13.23130
H -34.16620 118.66000 11.60760
H -37.29560 119.20600 11.63760
H -35.23950 121.69000 11.62710
C -32.44240 119.21200 13.20340
C -31.40910 116.09900 13.20420
C -28.25790 115.59200 13.13360
C -26.13300 118.03300 13.09460
C -29.35240 118.64000 13.21250
C -27.17730 121.05000 13.25380
C -30.42120 121.73700 13.19270
C -25.02820 115.05900 13.03080
C -24.01660 120.48300 13.06540
C -23.02230 117.38900 13.05450
C -19.78060 116.83500 13.02520
C -20.85850 119.86200 13.03020
H -44.90170 122.97400 11.62430
C -43.03210 124.05600 13.22980
C -39.80940 123.42400 13.23040
C -40.84510 126.51800 13.22280
H -41.56490 122.79400 11.62040
H -42.61920 125.74400 11.62140
H -39.44320 125.22700 11.61350
C -43.83490 126.86500 13.21290
H -40.47140 128.28700 11.60810
H -38.40720 122.19500 11.63270
C -36.69300 122.89300 13.23950
C -37.73850 125.89400 13.22760
C -33.50230 122.24100 13.21360
C -34.60540 125.23600 13.22070
H -36.31940 124.67900 11.63140
H -33.18140 124.07000 11.60090
H -37.35440 127.65400 11.61660
C -35.60620 128.25800 13.21560
H -34.19190 127.08700 11.60330
C -32.42380 127.75700 13.20450
C -31.39610 124.69700 13.19820
C -28.29540 124.10200 13.12550
C -26.17170 126.48400 13.02140
C -29.26310 127.14100 13.11600
C -25.07560 123.52300 13.10060
C -22.03390 122.96800 13.02020
C -19.85800 125.34000 12.94680
C -23.07790 125.92400 12.94890
C -20.92640 128.32400 12.91590
C -43.08200 132.54100 13.16630
C -44.94140 130.41900 13.18300
C -40.79530 134.99700 13.19230
C -41.77010 129.50500 13.19570
C -39.93420 131.91700 13.19520
C -34.58720 133.68300 13.19610
C -38.76280 128.86300 13.21610
H -35.32820 130.03100 11.59840
H -38.44990 130.69500 11.59600
C -33.54760 130.73700 13.20070
C -36.72060 131.25200 13.20510
C -37.75430 134.34400 13.20750
C -30.36900 130.18100 13.15110
C -31.42010 133.11900 13.19780
C -28.28280 132.52800 13.10450
C -27.22020 129.58900 13.05090
C -26.16920 134.97000 12.99530
C -25.17610 132.06600 12.91790
C -22.07530 131.37800 12.90290
C -20.00570 133.76200 12.84910
C -24.02440 128.98500 13.02970
C -23.08150 134.36800 12.86880
C -17.78340 0.60916 9.73298
C -15.70420 2.98400 9.71953
C -16.70020 6.00317 9.69111
C -13.55990 5.32464 9.77017
C -18.84190 3.57901 9.67339
C -14.61360 -0.08252 9.81535
H -15.37180 4.78175 11.35740
H -17.46760 2.34390 11.29510
H -14.32800 1.73584 11.34130
H -18.51260 5.44511 11.23770
H -19.55580 -0.07388 11.29070
C -12.56910 2.39271 9.76064
C -9.49265 1.76038 9.63931
C -10.50720 4.73966 9.65900
C -7.47762 4.07538 9.46693
H -7.95560 0.49101 11.08590
H -6.96728 5.91859 11.03410
H -9.05503 3.57225 11.26640
H -12.18260 4.13899 11.38170
H -11.15960 1.12192 11.33600
C -6.31946 1.10130 9.34284
C -3.12711 0.50038 9.20673
C -4.15817 3.46874 9.25425
C -1.02076 2.95708 9.14477
C -2.06448 5.97996 9.20453
H -5.84748 2.94598 10.93690
H -3.77628 5.36741 10.87230
H -2.66027 2.29781 10.80440
H -0.58043 4.77729 10.80580
H -4.86075 -0.06840 10.91080
C 0.11370 -0.09675 9.14311
C 2.29745 2.49165 9.17375
C 1.22510 5.37449 9.22237
C 5.51336 1.87713 9.12964
C 4.34427 4.86332 9.28281
H 5.76959 3.61863 10.83920
H 2.61329 4.18547 10.92570
H 3.67743 1.19920 10.67800
H 0.51718 1.76150 10.71840
C -18.84790 12.19100 9.87451
C -17.68540 9.13689 9.74522
C -15.68960 11.48330 9.84013
C -14.53900 8.35304 9.73712
H -13.20480 7.14919 11.38300
H -14.24340 10.19640 11.36250
H -17.43930 10.88880 11.44650
H -16.37970 7.85341 11.31830
H -19.50430 8.45526 11.23540
C -12.53800 10.85720 9.70347
C -11.50690 7.83504 9.69741
C -8.46453 7.10623 9.53381
C -9.35329 10.22150 9.59719
C -7.30484 12.62460 9.50984
H -10.11560 6.56762 11.24370
H -7.93327 8.94090 11.11080
H -8.99125 12.03960 11.21850
H -11.07660 9.61718 11.27870
H -12.19590 12.63740 11.35670
C -6.31022 9.61106 9.39608
C -5.28803 6.58356 9.34916
C -3.14966 8.94472 9.24455
C -4.19710 12.08300 9.42077
C -0.98095 11.46810 9.21489
H -1.63754 7.79361 10.83490
H -2.70160 10.76500 10.85260
H -4.82716 8.37877 10.93000
H -5.87115 11.37020 11.07020
C 0.09464 8.35281 9.20698
C 3.35187 7.83502 9.20399
C 6.48482 7.24094 9.29469
C 5.44119 10.21890 9.32844
C 2.35045 10.88740 9.31018
H 1.61340 7.19742 10.76990
H 2.58075 12.60120 11.10140
H 3.70493 9.57990 10.82640
H 4.73732 6.63420 10.86910
H 0.46825 10.21360 10.76390
H 5.79949 11.98620 11.06250
H -15.35030 13.26070 11.53670
C -16.74880 14.57750 10.02050
C -13.63070 13.90400 9.88919
C -17.73800 17.57130 10.06460
C -14.64420 16.93360 10.00300
H -18.53970 13.94720 11.54030
C -15.60690 20.00670 10.03760
C -10.48030 13.24400 9.67680
C -12.45500 19.38800 10.02290
C -11.59510 16.42210 9.93131
C -8.33950 15.86920 9.74072
C -9.32712 18.73010 10.04190
H -10.05810 15.07290 11.31920
H -6.90008 14.43670 11.12020
H -0.60632 13.25020 10.88680
C -6.27790 18.17130 9.95751
C -5.16668 15.22390 9.59960
C -2.02704 14.59750 9.41810
C -3.11649 17.58000 9.77328
H -3.70619 13.82930 11.05850
H -1.62644 16.24170 11.22460
H -4.80623 16.84630 11.39440
H -2.62906 19.27450 11.39160
C -0.90613 19.88610 9.78360
C 0.12968 16.96250 9.63868
C 4.38699 13.24860 9.53400
C 6.41633 15.62820 9.48774
C 3.33926 16.26800 9.59598
C 1.24853 13.80870 9.44321
C 2.15934 19.25360 9.74199
C 5.25194 18.67560 9.58959
H 1.47805 15.60720 11.12070
H 4.70879 15.03770 11.23330
H 3.56619 18.07290 11.30100
H 0.45139 18.64640 11.40430
C -17.67780 26.01670 10.23760
C -16.65660 23.08880 10.15590
C -13.47070 22.35060 10.25000
C -14.56860 25.41280 10.25510
C -18.84870 20.68800 10.02170
C -10.43320 21.70950 10.17010
C -7.18449 21.11580 10.10630
C -11.45620 24.78170 10.24780
C -8.35647 24.09380 10.18760
C -6.28831 26.69870 10.12800
C -5.26352 23.65170 10.01340
C -2.03364 22.96000 9.85197
C -3.13476 25.95930 10.01860
C -4.11169 20.53860 9.98039
H -0.65736 21.70040 11.37230
C 0.11389 25.44730 9.88705
C 6.34828 24.16690 9.69927
C 3.12239 24.82180 9.79062
C 1.10258 22.30520 9.80471
C 4.18060 21.76380 9.64976
H 2.53012 21.06390 11.35080
H 5.70110 20.49130 11.11100
H 4.62342 23.54030 11.25920
H 1.43853 24.11840 11.41820
C -16.65540 31.44000 10.18400
C -15.58860 28.43590 10.22510
C -13.48910 30.79630 10.36660
C -18.85140 28.93930 10.12890
C -11.47020 33.18810 10.35550
C -10.44760 30.26990 10.36980
C -8.35931 32.64030 10.30890
C -12.43420 27.78870 10.31460
C -9.41868 27.23670 10.23430
C -7.40211 29.60770 10.26250
C -5.14399 32.05010 10.24140
C -2.10325 31.42460 10.08070
C -1.05477 28.46230 9.95264
C -4.24304 29.01490 10.13380
C 3.29606 33.24480 9.99861
C 6.32517 32.55620 10.01650
C 4.25555 30.11940 10.00630
C 1.11890 30.88030 10.05360
C 5.31450 27.21360 9.85649
C 2.12676 27.91970 9.96420
C -17.85960 0.57463 12.93590
C -15.72240 2.90121 12.92760
C -16.78750 6.04606 12.90920
C -13.60710 5.30751 12.98980
C -18.84170 3.59711 12.84690
C -14.63370 -0.11234 12.95870
C -12.55740 2.31301 12.95000
C -9.29948 1.64849 12.78670
C -10.38220 4.80369 12.93190
C -7.13858 4.08884 12.67110
C -6.13295 1.13381 12.61400
C -3.04462 0.44381 12.43920
C -3.98177 3.51688 12.44930
C -0.89878 2.91969 12.43270
C -2.00397 6.03653 12.45800
C 0.10469 -0.12610 12.31770
C 2.29391 2.28360 12.41090
C 1.14301 5.44216 12.44800
C 5.44025 1.64286 12.30580
C 4.39555 4.83295 12.50180
C -17.78510 8.95080 12.95320
C -15.65370 11.33370 13.07060
C -14.62350 8.36348 12.95990
C -18.87150 12.07040 13.06990
C -12.43640 10.76540 12.96540
C -11.41920 7.79950 12.91660
C -8.30514 7.07554 12.73400
C -9.23669 10.15600 12.80440
C -7.13602 12.61880 12.75670
C -10.38100 13.24920 12.91630
C -5.21163 6.54675 12.54740
C -6.11311 9.51176 12.67500
C -3.05089 8.94643 12.43760
C -0.89083 11.41630 12.46150
C -3.98646 11.91750 12.59530
C 0.16370 8.36739 12.38070
C 3.28279 7.80917 12.42790
C 6.48756 7.16227 12.45310
C 2.17973 10.60170 12.47560
C 5.41141 10.04560 12.51970
C 4.38556 13.15890 12.75050
C -16.73000 14.42470 13.13660
C -13.56490 13.72320 13.09310
C -17.76460 17.54010 13.19720
C -14.51970 16.87500 13.18940
C -15.59580 19.88670 13.22510
H -14.21000 18.73410 11.59320
H -13.24600 15.65320 11.58410
H -17.39630 19.39940 11.58460
H -16.33450 16.33210 11.68530
H -19.54540 16.94730 11.61700
C -12.51460 19.15250 13.32750
C -8.20961 15.44760 12.94070
C -11.41230 16.18210 13.05810
C -9.32107 18.62570 13.17510
H -11.10230 18.14690 11.60460
H -7.92648 17.44120 11.56820
C -6.16525 17.94970 13.14440
C -1.95647 14.32080 12.69360
C -5.13471 14.95130 12.78540
C -2.94582 17.38100 12.89790
H -5.77714 19.88130 11.67770
C -0.92615 19.91200 13.00140
C 6.61722 15.58430 12.70090
C 0.15551 16.75840 12.86900
C 1.06756 13.72960 12.68610
C 3.18650 16.16060 12.78780
C 2.22263 19.26850 12.98160
C 5.41899 18.68210 12.76500
C -13.58160 22.24080 13.39220
C -16.71350 22.89340 13.38570
C -17.77710 26.08340 13.43800
C -14.56990 25.32620 13.47710
C -18.88250 20.49030 13.22340
H -13.21330 24.10100 11.86690
H -16.34920 24.78460 11.88750
H -19.49100 25.42430 11.81900
H -18.44340 22.40430 11.69540
H -15.31780 21.75620 11.72440
C -7.17610 21.08610 13.28140
C -11.42450 24.69470 13.42530
C -8.28097 24.13530 13.30290
C -10.28550 21.61950 13.35140
H -12.13540 21.07170 11.83980
H -8.95987 20.46970 11.65920
H -8.00292 25.97910 11.71560
H -11.10780 26.53960 11.89840
H -6.90041 22.89630 11.72060
H -10.06500 23.48760 11.79670
C -6.32290 26.54990 13.28660
C -3.93347 20.48100 13.10930
C -1.86612 22.99090 13.04210
C -5.11136 23.50630 13.25750
C -3.01317 25.91720 13.14710
H -4.90252 25.37800 11.66660
H -1.64851 24.79100 11.46380
H -3.76022 22.39830 11.54470
C 6.39027 24.00120 12.86150
C 0.11627 25.34670 13.07680
C 4.38013 21.64270 12.79780
C 3.24062 24.58310 12.98140
C 1.15310 22.24840 12.95450
H 3.54341 26.54760 11.47020
C -18.80830 29.11680 13.35190
C -13.59530 30.70020 13.52580
C -16.82590 31.37040 13.33950
C -15.64860 28.43880 13.49620
H -13.22110 32.58290 11.97500
H -15.32320 30.19920 11.84950
H -16.33680 33.21040 11.85010
H -14.25370 27.21580 11.88840
H -17.39830 27.85360 11.80210
H -18.49390 30.81760 11.61850
C -9.28099 27.14410 13.41460
C -8.17982 32.60380 13.52240
C -11.42110 33.22110 13.54980
C -10.43320 30.13480 13.53910
C -12.48910 27.77670 13.52530
C -7.25283 29.57340 13.42100
H -12.15030 29.56690 11.97620
H -6.89864 31.38840 11.80110
H -9.05882 28.98240 11.91080
H -10.03260 32.02650 12.01830
C -5.15087 32.01750 13.41880
C -1.01580 28.37020 13.19300
C -1.98649 31.41340 13.28260
C -4.05198 28.90210 13.30760
H -5.89388 28.43190 11.82170
H -3.77451 30.78120 11.78150
H -0.66314 30.20860 11.61280
H -2.75245 27.78190 11.59640
H -1.61049 33.24290 11.68820
H 2.49439 29.59640 11.65410
H 1.50488 32.65780 11.55980
H 5.67809 28.93150 11.61280
C 5.34822 26.98200 13.12950
C 6.45707 32.53460 13.16990
C 4.30698 30.12450 13.23780
C 1.11563 30.86610 13.21180
C 3.24557 33.28170 13.17140
C 2.17601 27.65130 13.11630
H 4.58746 31.96820 11.60090
H 0.37287 27.22860 11.53550
C -17.76720 34.38380 10.26720
C -15.65530 36.88300 10.29570
C -16.81140 39.67950 10.18890
C -13.66490 39.19660 10.22910
C -18.87370 37.45760 10.27630
C -14.54620 33.82870 10.31420
C -12.51730 36.19150 10.25410
C -9.32495 35.57170 10.22080
C -10.49100 38.62200 10.08470
C -7.25219 38.09060 10.14650
C -6.17368 34.97340 10.26260
C -3.12426 34.43200 10.18110
C -4.06944 37.47960 10.09150
C -1.01482 36.89220 9.93372
C -2.01474 39.97730 10.04050
C 0.03242 33.82170 9.95210
C 2.27919 36.28580 9.90590
C 1.11852 39.36060 9.95314
C 5.42180 35.67990 9.92084
C 4.40419 38.71830 9.97610
C -17.82500 42.91460 10.08290
C -14.57650 42.32190 9.97829
C -15.76690 45.26230 9.95630
C -18.87660 45.90870 10.05350
C -12.49790 44.80240 9.97488
C -11.57890 41.79920 10.03120
C -8.24318 41.14820 10.02630
C -9.28538 44.18690 10.04380
C -7.26028 46.52550 10.13020
C -5.07885 40.60420 10.03790
C -6.16962 43.58440 10.06470
C -3.01280 42.94160 10.16740
C -4.17550 45.97620 10.10700
C -1.02232 45.23670 10.01630
C 0.16866 42.32750 10.09470
C 3.23343 41.69530 10.02270
C 6.42017 41.11370 9.99963
C 5.43547 44.07600 10.00410
C 2.12557 44.78260 9.96073
C -16.74530 48.31890 9.88823
C -13.51150 47.77550 9.95220
C -17.76180 51.32760 9.92808
C -14.46700 50.72670 9.92311
C -15.63620 53.81360 9.91783
H -17.44500 53.20430 11.46580
H -19.51740 50.73140 11.60280
C -10.41430 47.24060 10.01810
C -12.49450 53.17200 9.98345
C -8.23999 49.62580 10.20570
C -11.46730 50.24890 10.03860
C -9.21217 52.54790 10.09610
C -6.30222 51.95530 10.19140
C -5.19143 48.95610 10.13230
C -2.10060 48.34410 10.01840
C -3.15109 51.34060 10.04840
C -1.03051 53.74110 9.89345
C 4.44110 47.19630 9.92104
C 0.06975 50.70960 9.93419
C 5.39917 52.45330 9.97617
C 2.29361 53.09200 9.99216
C 1.17174 47.71760 9.90429
C 3.28804 50.17480 9.92867
C 6.49458 49.43450 9.98343
H -19.46560 59.25740 11.49050
C -14.66440 59.25930 9.90108
C -17.69550 59.87310 9.88823
C -13.56580 56.14540 10.02850
C -16.75110 56.86640 9.98457
C -18.87330 54.37220 9.93782
H -16.37330 58.70080 11.57280
H -15.39490 55.62190 11.56810
H -13.25850 58.04650 11.53820
H -18.50380 56.17480 11.55730
C -7.18369 55.08450 10.00810
C -8.39248 57.90940 9.91233
C -11.53720 58.55730 9.84629
C -10.43630 55.43830 9.97090
H -12.17450 54.98400 11.67080
H -10.11180 57.39190 11.46210
H -8.02134 59.80990 11.40340
H -6.91092 56.84310 11.63580
H -11.15910 60.40210 11.36380
C -6.26480 60.34690 9.78342
C -3.08875 59.81550 9.86531
C -2.04491 56.74540 9.92499
C -5.20958 57.37770 9.97587
C -4.23339 54.35770 9.96285
H -1.64500 58.58590 11.49400
H -4.80503 59.29140 11.46590
C 6.40966 57.99810 10.06740
C 3.21764 58.56020 10.09020
C 4.23901 55.52410 10.05170
C 1.23462 56.21980 9.99848
C 0.12372 59.20960 9.92454
H 1.46479 58.05800 11.65470
H -13.16190 66.49380 11.60910
H -16.37870 67.14480 11.70060
C -15.67640 62.33630 9.93500
C -13.66150 64.71190 9.99428
C -16.73370 65.36600 10.02010
C -18.72220 63.02390 9.99837
H -18.44540 64.79900 11.65480
H -15.37220 64.11000 11.62920
H -17.43130 61.67010 11.47230
H -14.33200 61.06300 11.48710
H -9.04635 62.87180 11.32370
C -12.58980 61.62970 9.85914
C -11.46120 67.18650 9.97717
C -9.44101 60.98780 9.77112
H -6.88298 65.25350 11.46730
C -10.51980 64.12870 9.86130
C -7.30649 63.54690 9.79549
C -8.36555 66.49700 9.95242
H -10.06770 65.88140 11.59860
H -12.20680 63.44730 11.50950
H -0.57923 64.10920 11.47140
H -1.54749 67.07710 11.50300
C -0.84769 62.32290 9.82830
C -1.92750 65.30570 9.82679
C -4.14186 62.88700 9.75605
C -5.19065 65.85770 9.78897
H -5.87937 62.22550 11.30140
H -3.75381 64.69660 11.36870
H -2.69026 61.70600 11.37280
C 4.44389 64.09970 10.06600
C 1.36939 64.62200 10.04630
C 5.35237 61.05530 10.05560
C 2.22364 61.62480 9.97108
C 3.33896 67.14540 10.03870
H 1.57696 66.49440 11.62120
C 6.45186 66.46560 10.00470
H 0.43428 61.07160 11.50240
H 2.63102 63.43550 11.61530
H 4.71530 65.93140 11.65760
C -17.72190 34.44190 13.40020
C -15.72990 36.91150 13.49320
C -16.74070 40.00750 13.43000
C -13.58730 39.40860 13.43160
C -18.84660 37.48650 13.46490
C -14.66430 33.83440 13.54900
H -14.26010 35.65510 11.94930
H -17.43290 36.22060 11.84370
H -18.48930 39.27130 11.89580
H -15.37030 38.69750 11.89470
H -19.55330 33.87670 11.86020
C -12.46850 36.28470 13.51750
C -9.32407 35.71450 13.48380
C -10.40530 38.86910 13.34820
C -7.19601 38.21340 13.31520
H -12.16000 38.05930 11.82660
H -7.92738 34.42530 11.89640
H -6.82069 39.94740 11.66290
H -9.01739 37.48670 11.77550
H -11.10840 35.04710 11.88080
C -6.20987 35.08100 13.44980
C -2.92379 34.50690 13.36940
C -3.99270 37.50000 13.29110
C -0.77404 36.92420 13.16680
C -1.88641 39.84610 13.24160
H -5.78446 36.87140 11.73320
H -0.57158 38.70250 11.54760
H -2.62941 36.27150 11.67350
H -3.68824 39.34610 11.67520
H -4.73213 33.82390 11.93220
C 0.19343 33.93190 13.16280
C 2.26163 36.28220 13.08520
C 1.14908 39.24220 13.16040
C 5.29142 35.64940 13.18380
C 4.31696 38.64720 13.16630
H 2.55379 38.12880 11.50850
H 5.71684 37.44210 11.57000
H 3.64843 35.06610 11.53070
H 0.46839 35.67850 11.45200
C -18.82190 45.96300 13.26320
C -17.76280 42.92980 13.21860
C -14.67220 42.40560 13.24080
C -15.70630 45.40600 13.11160
H -14.28350 44.13200 11.52770
H -13.24590 41.09310 11.69810
H -19.57200 42.32050 11.67480
H -16.34730 41.64990 11.60830
H -17.45780 44.74840 11.63390
C -12.55630 44.77940 13.15260
C -11.42570 41.80570 13.23250
C -8.28703 41.08870 13.22300
C -9.38348 44.18850 13.21540
C -7.27973 46.56500 13.24620
H -10.06990 40.57430 11.59450
H -9.05528 46.02110 11.63530
H -7.91933 42.93830 11.64480
H -11.08590 43.60280 11.57600
H -12.14960 46.60440 11.57360
C -6.22739 43.50990 13.29040
C -5.09026 40.48010 13.29780
C -3.04824 42.95460 13.28390
C -4.13135 45.97230 13.36650
C -0.94597 45.37210 13.23020
H -1.58081 41.73610 11.73820
H -4.81759 42.35370 11.71530
H -2.76290 44.77070 11.74980
H -5.86155 45.34240 11.74060
C 0.21019 42.39820 13.26600
C 3.29448 41.86210 13.16380
C 2.21080 44.89340 13.14960
C 5.38039 44.11920 13.11770
H 5.73640 45.96120 11.55570
H 4.67227 40.52620 11.63640
H 1.51653 41.11430 11.64620
H 3.56235 43.61650 11.53870
H 0.45876 44.16810 11.60280
H 2.65503 46.59710 11.48600
C 6.44051 41.11400 13.24220
C -16.64700 48.30620 13.10130
C -13.64200 47.74570 13.12470
C -17.72190 51.37250 13.08540
C -14.65460 50.79060 13.17110
H -15.32200 47.12490 11.43850
C -15.67860 53.82360 13.10310
H -18.43240 47.74360 11.59170
H -16.28810 50.16610 11.46920
H -13.19960 49.56020 11.63010
H -14.28110 52.56600 11.54420
C -10.47100 47.19940 13.24510
C -12.58690 53.13550 13.18840
C -8.35727 49.48530 13.31700
C -11.51860 50.29000 13.18960
C -9.39920 52.62040 13.27300
H -7.95405 51.39010 11.87860
H -10.10390 48.99110 11.68780
H -11.07640 52.03740 11.55560
H -6.94740 48.35630 11.68360
C -6.12261 52.04160 13.31830
C -5.22498 48.97700 13.31550
C -1.91144 48.32110 13.23660
C -3.06398 51.36540 13.23210
H -0.55980 47.11850 11.51150
H -2.76807 53.18980 11.56950
H -4.84726 50.74710 11.70610
H -5.90052 53.83880 11.67670
H -1.68563 50.13440 11.58990
H -3.76589 47.76570 11.74590
C -0.98898 53.79070 13.15630
C 0.13052 50.70720 13.11350
C 4.34270 47.23410 13.10960
C 6.41421 49.47640 13.14250
C 3.21709 50.06200 13.12510
C 1.24979 47.79830 13.07070
C 2.14619 53.05590 13.17380
C 5.38862 52.48260 13.21690
H 4.69267 48.98080 11.51230
H 0.41853 52.56700 11.52500
H 1.50190 49.54870 11.47330
H 3.65218 51.90670 11.61730
C -18.84420 54.36410 13.16650
C -14.62130 59.30100 13.16240
C -17.77580 59.95510 13.13020
C -13.63790 56.25330 13.17410
C -16.76850 56.91360 13.17020
C -10.37790 55.65940 13.16590
C -11.45690 58.65470 13.05340
C -8.44271 58.09570 13.05930
C -7.28619 55.02800 13.25160
H -8.96115 54.41680 11.58810
C -6.30192 60.48300 12.99470
C -4.16285 54.46020 13.21160
C -5.08785 57.53020 13.09320
C -1.97700 56.76240 13.09920
C -3.07149 59.88060 13.09190
H -0.57532 55.54550 11.48170
H -3.79564 56.17540 11.54100
C 0.04762 59.33250 13.18660
C 4.25937 55.41590 13.18730
C 1.13523 56.15390 13.17790
C 3.26847 58.61050 13.26970
C 6.37214 58.06320 13.30310
H 2.50750 54.92540 11.59430
H 5.75067 54.28970 11.55000
H 4.66648 57.32840 11.69690
H 3.60361 60.42030 11.64550
C -13.50160 64.66950 13.15480
C -15.71420 62.27490 13.12310
C -18.77790 62.91500 13.10290
C -16.73420 65.33010 13.27620
C -10.37280 63.98090 13.08930
C -9.40063 61.05900 12.95510
C -12.50170 61.61410 13.04660
C -7.23220 63.36200 12.97090
C -11.40920 67.16150 13.17080
C -8.23564 66.36230 13.18880
C -5.09895 65.88360 13.04380
C -4.17283 62.85870 12.96710
C -2.02619 65.29310 13.03880
C -1.03973 62.37160 13.06120
C 6.50945 66.51310 13.17690
C 1.16286 64.65550 13.12950
C 3.27063 67.03930 13.28820
C 4.36056 64.07610 13.21560
C 5.29535 61.07280 13.26040
H 5.79338 62.83490 11.63360
C 2.14462 61.66710 13.17130
C -17.72580 68.42150 10.05450
C -15.51460 70.73740 10.14320
C -16.53650 73.80260 10.09640
C -13.52140 73.21450 10.10340
C -18.78300 71.42860 10.01730
C -14.62880 67.75130 10.10620
H -15.21260 72.57100 11.75830
H -18.39590 73.27000 11.63190
H -14.19980 69.55750 11.80590
H -17.38120 70.26750 11.69560
H -19.48100 67.76910 11.68150
C -12.55170 70.14770 10.09230
C -9.27005 69.50340 10.02730
C -10.41190 72.52260 10.11010
C -7.25362 71.97670 10.07290
H -6.86466 73.79100 11.67430
H -7.93905 68.23490 11.63470
H -12.12260 71.98090 11.69150
H -9.00329 71.30410 11.70040
H -11.05280 68.96150 11.57720
C -6.29450 68.92270 9.88467
C -2.97468 68.33330 9.93996
C -3.99648 71.33750 10.03630
C -0.89467 70.70860 9.98516
C -2.05435 73.76670 10.05950
H -3.77620 73.13800 11.72470
H -4.81893 67.67440 11.42600
H -5.79477 70.68120 11.50910
H -2.63564 70.05660 11.61340
H -0.61203 72.51140 11.55930
C 0.24807 67.72930 9.95856
C 2.27405 70.04880 10.02290
C 1.16973 73.16320 10.00740
C 5.28847 69.51820 10.01850
C 4.30367 72.46280 9.99879
H 0.49966 69.52520 11.61420
H 2.53445 71.90220 11.57490
H 3.68413 68.90810 11.75340
C -18.82410 80.02190 9.94336
C -17.73650 76.74170 10.09520
C -15.55500 79.25670 9.90108
C -14.57650 76.11740 10.02920
H -13.16780 75.01400 11.72170
H -16.30100 75.62190 11.70400
H -14.25630 78.01340 11.52040
H -17.38210 78.69580 11.48630
H -19.45780 76.29740 11.74310
C -12.44520 78.65440 9.94021
C -11.49570 75.61340 10.06010
C -8.22511 74.95600 10.00390
C -9.31862 77.98960 9.95004
C -7.06567 80.55120 10.04610
H -9.99403 74.40610 11.61290
H -7.95523 76.84070 11.61270
H -11.08010 77.44260 11.61250
H -12.09140 80.47650 11.45520
H -8.89743 79.83130 11.51910
C -6.16900 77.41600 10.07030
C -5.09363 74.41570 10.03600
C -2.95064 76.86590 10.08580
C -4.04197 79.76080 10.12180
C -0.98284 79.26640 10.17030
H -5.83862 79.23890 11.65470
H -4.73683 76.21990 11.64980
H -2.66947 78.58080 11.81890
H -1.59206 75.54930 11.68550
C 0.10421 76.22190 10.03650
C 3.30284 75.65060 9.92713
C 6.44486 74.99950 10.02440
C 5.49165 77.96160 10.06020
C 2.21175 78.59340 10.05180
H 1.52569 75.02240 11.53410
H 0.47193 78.03650 11.69680
H -19.42350 84.75530 11.57300
C -16.63910 82.32700 9.83275
C -13.46240 81.68960 9.81494
C -17.69510 85.34610 9.85229
C -14.46910 84.76850 9.84747
C -15.48270 87.70220 9.88410
H -15.22240 81.13700 11.43480
H -18.32440 81.77230 11.54000
H -14.18140 86.54830 11.57120
H -17.30450 87.13150 11.41290
H -13.06710 83.51020 11.41490
H -16.25040 84.14430 11.43210
C -10.25430 81.06250 9.91656
C -12.37230 87.09310 9.96228
C -11.28830 84.22870 9.87193
C -8.14253 83.41290 10.03770
C -9.20788 86.58540 10.06410
H -6.80746 82.32350 11.74570
H -10.98740 85.92810 11.64470
H -7.91691 85.31230 11.66960
H -10.03500 82.89230 11.50770
C -6.10524 85.95070 10.14770
C -5.03172 82.93560 10.10430
C -1.89302 82.37280 10.16980
C -2.94688 85.28750 10.07980
H -2.59796 87.13540 11.64150
H -3.67744 81.63850 11.70450
H -5.72045 87.78510 11.77410
C -0.76029 87.77230 10.13220
H -0.57466 81.05570 11.80040
H -1.59742 84.15090 11.85450
H -4.69742 84.76030 11.74630
C 0.14638 84.71400 10.14260
C 4.25720 81.01270 10.02870
C 6.35885 83.56960 9.96318
C 3.28153 84.07690 10.08790
C 1.17927 81.58740 10.18000
C 2.34529 87.19860 10.15970
C 5.45908 86.42810 10.12940
H 3.65667 85.91430 11.77460
H 0.56376 86.51010 11.72000
H 1.56399 83.46050 11.73250
H -19.44980 93.16480 11.39050
C -18.77020 88.25800 9.83262
C -14.58690 93.24860 9.87352
C -17.66500 93.80360 9.84629
C -13.46790 90.18560 9.84397
C -16.63620 90.73530 9.84601
H -13.13980 92.03480 11.50440
H -16.28280 92.54940 11.44090
H -15.23580 89.56380 11.48130
H -18.43340 90.12280 11.39050
C -10.18310 89.54790 9.94679
C -7.08552 88.98420 10.12560
C -11.33090 92.57680 9.87430
C -8.04097 92.07000 10.01310
H -6.82261 90.81190 11.72920
H -8.88546 88.37270 11.74920
H -10.99060 94.40690 11.49890
H -7.82058 93.86430 11.64610
H -9.91127 91.44450 11.42980
H -12.07930 89.00320 11.40730
C -2.94779 93.84150 10.16980
C -1.84403 90.84390 10.18750
C -4.01834 88.49010 10.11540
C -6.02176 94.38970 10.07000
C -5.07306 91.45330 10.13690
H -1.55710 92.66920 11.79040
H -3.61342 90.24080 11.74810
H -0.44557 89.58720 11.77660
H -4.70966 93.23090 11.76020
C 0.21615 93.15900 10.18730
C 6.36352 92.01100 10.04890
C 1.30485 90.26830 10.23130
C 4.39664 89.56940 10.17380
C 3.39093 92.62390 10.18720
H 1.67345 92.05770 11.84780
H 2.65213 88.99510 11.84800
H 5.80836 88.34030 11.64280
H 4.76554 91.42000 11.74640
H 3.71678 94.45400 11.75010
C -18.67810 96.80390 9.82101
C -13.43320 98.61880 9.81696
C -15.57570 96.25090 9.85996
C -16.58260 99.26180 9.83691
H -18.31470 98.65990 11.36900
H -16.27540 101.14600 11.41210
H -13.03540 100.48800 11.38900
H -15.16130 98.04830 11.46090
H -17.31930 95.61920 11.48690
H -14.17060 95.04310 11.47160
C -12.37820 95.58280 9.90613
C -9.19264 94.98690 9.94522
C -8.13891 100.50100 9.79604
C -11.29280 101.06600 9.72055
C -7.08199 97.37130 9.91306
C -10.31560 98.05320 9.86168
H -8.89437 96.87650 11.45490
H -12.08580 97.42140 11.48130
H -9.89054 99.91090 11.38070
H -6.83559 99.29700 11.42030
C -0.81690 96.29800 10.08090
C -3.96751 96.84450 10.04790
C -5.00146 99.91520 9.90344
C -1.87338 99.23760 9.95344
H -0.43693 98.12460 11.63330
H -3.67168 98.73300 11.54690
H -1.54625 101.09200 11.54290
H -2.55180 95.67020 11.73340
H -5.74767 96.26020 11.67210
C 3.39134 101.07200 9.85803
C 4.36425 97.90900 9.96178
C 5.42431 94.99800 10.07920
C 1.27563 98.77380 9.94876
C 6.46910 100.25100 9.73778
C 2.36050 95.57030 10.06460
H 2.60184 97.46730 11.57550
H 4.76316 99.83010 11.47350
H 5.74200 96.82590 11.64750
H 0.58089 95.04590 11.63660
H 1.64138 100.55300 11.51040
C -17.78170 68.40660 13.30970
C -15.65420 70.75950 13.37420
C -16.67300 73.80840 13.30250
C -13.46900 73.17760 13.33160
C -18.80160 71.52110 13.29490
C -14.55210 67.60380 13.26520
C -12.32790 70.16060 13.27990
C -9.33443 69.41940 13.28080
C -10.38890 72.66820 13.25820
C -7.20197 71.84790 13.18300
C -6.08844 68.86610 13.13610
C -3.06158 68.16800 13.08010
C -4.07907 71.16860 13.19930
C -0.93190 70.73120 13.21250
C -1.94141 73.72520 13.23630
C 0.11246 67.67730 13.16380
C 2.21255 70.13580 13.23330
C 1.09701 73.16370 13.11020
C 5.48783 69.50100 13.27500
C 4.33688 72.46550 13.15360
H 5.81503 71.30230 11.59360
C -18.72640 79.91010 13.11300
C -17.65350 77.01570 13.20060
C -15.63410 79.38800 13.03990
C -14.55080 76.28260 13.26820
C -12.53480 78.72810 13.11120
C -11.38320 75.64260 13.23460
C -8.28730 75.06760 13.23430
C -9.33841 78.09020 13.21840
C -7.24571 80.42970 13.24820
C -6.19495 77.37540 13.21830
C -5.17380 74.43740 13.31760
C -2.99303 76.68470 13.34100
C -0.89316 79.15550 13.36300
C -4.16003 79.82370 13.31780
C 0.18402 76.11630 13.25780
C 3.28241 75.55500 13.20540
C 6.34899 74.88470 13.23360
C 2.24977 78.55050 13.31690
C 5.41224 78.13640 13.20760
H 2.62006 80.36510 11.74400
H 3.67436 77.43130 11.62050
H 4.63691 74.36360 11.51880
H 5.80896 79.84040 11.53370
C -16.52490 82.37250 13.08980
C -13.50320 81.70020 13.01070
C -17.57330 85.35570 13.10470
C -14.45790 84.63740 13.05800
C -15.63030 87.76890 13.08650
C -10.30740 81.07110 13.07130
C -12.42980 87.22030 13.10860
C -8.41234 83.49280 13.25130
C -11.40460 84.03980 13.16790
C -9.29194 86.56170 13.32040
C -6.18438 85.94010 13.34320
C -1.94404 82.28060 13.40650
C -5.06730 82.89280 13.33910
C -3.02643 85.44990 13.39570
C -0.88962 87.71060 13.34110
C 4.42867 80.99110 13.23960
C 0.22667 84.71920 13.38530
C 1.26132 81.62030 13.33730
C 3.39117 84.04960 13.29760
C 6.47658 83.54180 13.16110
C 2.25513 87.10520 13.41140
C 5.46109 86.56180 13.26620
H 4.72273 82.81910 11.61480
C -18.69200 88.33910 13.05090
C -14.58270 93.25230 13.07310
C -17.68740 93.80480 13.01450
C -13.48120 90.19110 13.08080
C -16.70020 90.78360 13.03380
C -7.13838 89.03360 13.35670
C -11.32760 92.56120 13.08190
C -10.41360 89.72260 13.06810
C -8.32312 92.04910 13.22100
C -6.10929 94.43200 13.31260
C -3.91567 88.40570 13.33260
C -5.10445 91.40650 13.35300
C -1.84465 90.79640 13.40540
C -2.98561 93.86660 13.35870
C 6.60395 91.97830 13.19370
C 0.20938 93.34780 13.35410
C 4.47080 89.57850 13.30060
C 3.48321 92.64940 13.39410
C 1.26264 90.25870 13.46060
C -18.75710 96.90940 13.01110
C -16.58420 99.28020 13.00430
C -15.60440 96.24500 13.10040
C -13.41870 98.69510 13.09210
C -10.32610 98.08110 13.03400
C -7.23984 97.59230 13.12890
C -9.28140 95.11430 13.13830
C -11.27890 101.17400 12.96710
C -8.21620 100.57400 13.02700
C -12.39120 95.58500 13.10390
C -0.75536 96.32450 13.26410
C -3.94028 96.90680 13.25730
C -1.97448 99.32030 13.16740
C -5.20862 99.89380 13.08390
C 5.57951 95.03050 13.25460
C 1.35862 98.80830 13.19150
C 3.45077 101.20800 13.03140
C 4.35605 98.07760 13.19550
C 2.30009 95.75910 13.23080
C 6.52788 100.58700 12.94080
C -17.68790 102.25500 9.71249
C -15.56370 104.79400 9.69189
C -16.61810 107.73600 9.78039
C -13.47750 107.09900 9.66047
C -18.74190 105.36400 9.72684
C -14.51960 101.64100 9.73217
H -18.35840 107.14100 11.39330
H -17.36770 104.13600 11.23960
H -15.20490 106.56000 11.34640
H -14.20500 103.54500 11.25090
H -19.39510 101.66700 11.38910
C -12.39040 104.11400 9.66433
C -9.21286 103.48200 9.77737
C -10.23270 106.51600 9.67056
C -7.05215 105.90100 9.72561
H -6.83441 107.79100 11.22530
H -12.01160 105.95500 11.22550
H -8.84971 105.36400 11.35250
H -7.87408 102.31800 11.42760
H -10.98400 102.92900 11.27150
C -6.07286 102.82400 9.88370
C -3.01252 102.23500 9.92541
C -4.00564 105.10100 9.76120
C -0.85831 104.65300 9.89424
C -1.86444 107.62700 9.72576
H -4.69993 101.72200 11.55500
H -5.73739 104.70100 11.39180
H -3.70220 107.08800 11.21300
H -0.52882 106.54700 11.39820
H -2.64026 104.08000 11.48560
C 0.18552 101.71900 9.93117
C 2.23351 104.10900 9.77983
C 1.12323 107.24100 9.74681
C 5.39453 103.43300 9.65188
C 4.23655 106.44400 9.61866
H 5.74380 105.32800 11.17960
H 0.55624 103.54500 11.52970
H 3.70554 102.95300 11.33730
H 2.52196 105.99700 11.31990
C -17.81310 110.81600 9.74288
C -14.60560 110.11400 9.62149
C -15.70910 113.18100 9.58574
C -18.77370 113.84200 9.82940
H -13.14000 108.99600 11.17480
H -14.17940 112.01700 11.12780
H -17.29880 112.60500 11.31800
H -16.32320 109.66700 11.32050
H -19.44750 110.23800 11.42750
C -12.46200 112.57600 9.53226
C -11.41300 109.54500 9.60730
C -8.27632 108.97800 9.61042
C -9.25510 112.02300 9.56288
C -7.36000 114.41400 9.44707
H -12.10780 114.42200 11.06560
H -9.00197 113.82900 11.13480
H -7.95756 110.81700 11.20520
H -10.99300 111.43100 11.14430
H -9.97299 108.36400 11.24860
C -5.08094 108.33900 9.62537
C -6.23850 111.39900 9.54731
C -2.95659 110.66800 9.54601
C -4.14600 113.81300 9.40098
C -0.78040 113.11000 9.49432
H -2.69644 112.61100 11.00960
H -5.89869 113.27600 11.03870
H -1.61043 109.54800 11.26020
H -4.74802 110.24000 11.15280
C 0.11625 110.08100 9.65682
C 3.24689 109.62000 9.57144
C 6.37525 108.92300 9.37016
C 5.27094 111.97500 9.41240
C 2.13726 112.54500 9.58083
H 5.77698 113.82500 10.90830
H 2.54194 114.45300 11.04750
H 3.61336 111.44600 11.07690
H 0.44263 111.91300 11.25410
H 1.55201 109.00600 11.25580
H 4.69511 108.34300 11.05290
C 4.23979 114.92800 9.37763
H -15.29750 115.02800 11.16050
C -16.80340 116.16200 9.63109
C -13.55170 115.68300 9.57876
C -17.83500 119.29300 9.70274
C -14.64820 118.71100 9.67114
H -13.18630 117.46000 11.22010
H -14.28430 120.47700 11.36670
H -17.44650 121.14100 11.28440
H -16.38310 118.02200 11.22960
H -18.44090 115.63600 11.41160
H -19.49350 118.65200 11.36800
C -15.64460 121.68300 9.74149
C -10.33580 115.00200 9.51271
C -12.54770 121.06500 9.64132
C -8.41834 117.47800 9.46606
C -11.45700 118.06900 9.56720
C -9.42119 120.31700 9.51073
H -6.94991 116.24700 10.99130
H -7.93038 119.24100 11.05240
H -11.13330 119.87200 11.20830
H -10.08710 116.83800 11.13000
H -0.56280 115.03200 11.03160
C -6.27613 119.83700 9.40115
C -5.21526 116.87300 9.38854
C -1.92170 116.15700 9.35321
C -3.03906 119.29800 9.31745
H -2.64936 121.10900 10.90830
H -1.67431 118.01900 10.89420
H -3.75103 115.63900 10.97360
H -4.77978 118.67000 10.91440
H -5.79129 121.67600 10.93930
C -0.97406 121.68900 9.24194
C 0.07860 118.56400 9.29402
C 3.22011 117.93800 9.30756
C 1.16792 115.56600 9.33776
C 2.15895 121.01500 9.21719
C 5.31285 120.33200 9.19302
H 4.63169 116.77400 10.95950
H 3.57912 119.82300 10.80710
H 0.39039 120.45000 10.81680
H 1.49280 117.43300 10.87850
C 6.38258 117.35900 9.36911
C -18.96990 122.30900 9.70024
C -16.79520 124.74400 9.72395
C -13.67290 124.15300 9.61835
C -17.80190 127.68500 9.69842
C -14.60730 127.09000 9.68348
H -18.50080 124.14400 11.30560
H -16.37370 126.53700 11.36730
H -13.20990 125.89100 11.26150
H -15.30680 123.51800 11.29980
H -19.54350 127.07800 11.28110
C -10.42070 123.42000 9.49136
C -11.58250 126.59400 9.60047
C -7.18419 122.88200 9.33972
C -8.36480 125.82400 9.36786
H -7.98322 127.64900 10.90650
H -11.17010 128.32600 11.21450
H -8.93192 122.23200 10.99210
H -6.90019 124.66400 10.97200
H -10.06820 125.29600 11.04590
H -12.18560 122.92400 11.16690
C -6.28900 128.31600 9.29422
C -1.98861 124.73800 9.18477
C -5.23192 125.35800 9.28234
C -4.11479 122.29500 9.31191
C -3.05964 127.79700 9.26574
H -3.74189 124.15700 10.81470
H -0.57812 123.57000 10.79410
H -1.62774 126.53200 10.84600
H -4.83266 127.15100 10.87440
C 0.06944 127.19100 9.13609
C 1.22818 123.94100 9.15878
C 6.40396 125.71600 9.08218
C 3.27556 126.34300 8.99722
C 4.19557 123.38000 9.14335
H 5.68317 122.19500 10.70760
H 3.55066 128.24800 10.51140
H 1.48700 125.87500 10.61270
H 4.63728 125.20600 10.65900
H 2.55508 122.86700 10.83950
C -16.71180 133.20900 9.75112
C -15.65670 130.09700 9.65136
C -18.83150 130.85000 9.70880
C -13.62710 132.55700 9.73212
H -17.44630 129.53200 11.25810
H -14.27980 128.89800 11.21310
H -15.36140 131.90000 11.36590
H -18.44570 132.58500 11.35150
H -13.18990 134.34300 11.39960
H -16.42150 135.00700 11.37430
C -9.51010 128.90300 9.50259
C -10.48670 132.04300 9.47390
C -12.57100 129.47400 9.56646
C -11.59760 135.02200 9.69703
C -8.41810 134.36600 9.42681
C -7.28016 131.30900 9.28668
H -6.89552 133.15000 10.87520
H -8.99277 130.77400 10.98660
H -10.03710 133.76900 11.14880
H -12.15700 131.31500 11.13770
C -4.14720 130.72000 9.20779
C -1.99715 133.19500 9.13460
H -5.83005 130.10500 10.89920
H -3.73534 132.54900 10.74490
C -0.97895 130.19300 9.10536
H -0.56726 131.98400 10.67560
C -5.15641 133.87100 9.27503
H -2.64700 129.62800 10.80050
H -1.64909 134.98400 10.77460
C 3.22914 135.05300 9.06513
H 1.56329 134.39600 10.67680
H 5.66831 130.83700 10.59160
H 0.47536 129.01200 10.69480
C 5.33421 129.01600 8.97947
H 4.71318 133.86500 10.61960
C 4.21952 132.08600 8.99400
H 2.59575 131.37200 10.60140
C 2.13426 129.56100 9.01244
C 6.43586 134.44200 9.02104
C 1.11211 132.57600 9.05922
C -17.72380 102.48200 12.97170
C -15.66990 104.74900 12.86080
C -16.62910 107.83700 12.93340
C -13.33970 107.24400 12.83230
C -18.66010 105.34900 12.98890
C -14.52040 101.79300 12.94560
C -12.44690 104.15400 12.83980
C -9.31105 103.58600 12.93740
C -10.34400 106.59500 12.87670
C -7.08120 105.99000 12.92350
C -6.15102 103.00800 13.04560
C -2.95220 102.29700 13.13290
C -4.00215 105.37900 12.97920
C -0.92530 104.82200 13.05520
C -1.99724 107.76500 12.86240
C 0.23637 101.72700 13.12000
C 2.41916 104.20900 12.99100
C 1.20934 107.24300 12.94440
C 5.55020 103.51000 12.80250
C 4.37992 106.63100 12.76150
C -18.64600 113.79400 12.97350
C -17.66970 110.85000 12.96740
C -14.46120 110.23400 12.78350
C -15.45920 113.26400 12.78280
C -12.39870 112.64300 12.69130
C -11.38370 109.62600 12.73270
C -8.26186 109.00800 12.82420
C -9.28590 112.10600 12.77510
C -7.20885 114.45300 12.65690
C -6.15831 111.47400 12.69500
C -5.05537 108.44700 12.78200
C -2.97169 110.90300 12.77010
C -4.11832 113.88100 12.61430
C -0.97201 113.27800 12.67940
C 6.50479 108.92800 12.60080
C 0.11187 110.14600 12.90290
C 3.37025 109.62500 12.66890
C 2.23681 112.64400 12.68570
C 5.40976 112.01500 12.52410
C -16.62400 116.23500 12.89750
C -13.49480 115.56400 12.73320
C -17.68000 119.30700 12.87200
C -14.58030 118.57800 12.86660
C -15.70880 121.72800 12.92610
C -10.43210 115.00600 12.70090
C -12.50490 121.08800 12.86310
C -8.26593 117.46100 12.63250
C -11.41480 118.02500 12.80860
C -9.23904 120.45700 12.68830
C -6.12837 119.87000 12.56410
C -5.17865 116.87300 12.54200
C -2.01291 116.27100 12.57730
C -3.00747 119.29400 12.48300
C -0.86454 121.75800 12.44260
C 0.03617 118.62100 12.47180
C 4.33515 114.91800 12.55230
C 6.35978 117.42100 12.52410
C 3.21747 118.08900 12.47000
C 1.15296 115.73100 12.59700
C 2.17872 121.05900 12.37930
C 5.31553 120.46700 12.41030
C -14.57960 127.08000 12.86500
C -17.82920 127.75500 12.91730
C -16.75260 124.72100 12.89380
C -13.54750 124.07600 12.86020
C -18.81750 122.33000 12.95100
C -7.16113 122.82900 12.61750
C -8.27218 125.91700 12.58780
C -10.30180 123.43500 12.65800
C -11.35280 126.43700 12.75890
C -6.19612 128.27600 12.49860
C -4.01489 122.32900 12.48420
C -3.05623 127.84000 12.42030
C -1.95956 124.71500 12.43080
C -5.13507 125.28300 12.47920
C 0.26380 127.14200 12.29310
C 1.24290 124.14800 12.38430
C 6.44339 125.88500 12.17740
C 3.21998 126.51100 12.20380
C 4.36830 123.46900 12.33270
C -18.80560 130.77600 12.93180
C -13.52370 132.49400 12.85220
C -16.72360 133.16500 13.01940
C -15.64700 129.96000 12.87050
C -9.23988 128.92800 12.56360
C -7.16604 131.35400 12.52790
C -12.54990 129.50600 12.78340
C -8.12755 134.33200 12.65820
C -11.32960 134.96800 12.90180
C -10.36210 131.88100 12.68110
C -5.08413 133.74300 12.42330
C -4.05430 130.80000 12.44010
C -0.82588 130.27100 12.34690
C -1.96176 133.11400 12.32710
C 5.32134 128.90500 12.11890
C 6.46582 134.42500 12.27240
C 4.30800 132.05500 12.21980
C 2.35495 129.52200 12.19160
C 3.28848 134.99800 12.25820
C 1.22192 132.53500 12.22800
C 8.62358 1.23929 9.09488
C 7.57887 4.19622 9.23709
C 11.69360 0.60428 9.12467
C 10.64730 3.54792 9.18539
C 12.93360 6.07238 9.27988
H 7.93264 5.98135 10.84440
H 11.09920 5.36125 10.74790
H 12.08240 2.37735 10.79010
H 9.94464 -0.12399 10.63490
H 8.94338 2.94111 10.83030
H 6.86302 0.54767 10.65270
C 13.83560 2.99561 9.14388
C 17.10300 2.35042 9.11680
C 15.93470 5.35286 9.25784
C 19.18820 4.73518 9.07033
C 14.78460 -0.14335 8.99030
H 18.38630 1.06875 10.79740
H 17.46440 4.12424 10.74670
H 15.27850 1.69194 10.63610
H 14.22070 4.69790 10.82320
C 20.08630 1.71534 9.18512
C 22.31810 4.14292 9.03386
C 23.38540 1.06503 9.10346
C 25.40770 3.49206 9.10477
H 25.83430 5.29208 10.76220
H 20.58350 3.54106 10.67370
H 24.76200 -0.15140 10.72830
H 21.61270 0.44545 10.63350
H 23.64210 2.90298 10.68460
H 22.63160 5.88643 10.69370
C 26.47700 0.40099 9.04246
C 27.46870 5.88015 9.00420
C 28.49670 2.84383 8.96692
C 31.79020 2.29322 8.97978
C 30.54490 5.17801 8.98507
C 29.59130 -0.19250 8.94532
H 29.95760 1.67104 10.48160
H 26.82250 2.22885 10.64500
H 28.84150 4.64429 10.58440
H 32.10100 4.13276 10.56250
C 9.72807 6.57762 9.21458
C 8.57915 9.59730 9.32818
C 7.48720 12.56190 9.37384
C 11.77450 9.01767 9.33035
C 10.65850 11.98450 9.37520
H 10.01620 8.38084 10.91430
H 12.08440 10.80550 10.97320
H 8.88321 11.39120 10.96060
H 6.87836 9.00643 10.89190
H 13.18030 7.82389 10.97350
C 13.85990 11.30840 9.48786
C 18.08680 7.75042 9.28923
C 14.96380 8.37521 9.36763
C 16.97080 10.66510 9.39360
H 15.28970 10.12870 11.06490
H 18.43650 9.46174 10.94150
H 17.40730 12.53820 10.87050
H 16.34090 7.11744 10.92330
H 19.52640 6.46181 10.78370
C 24.44720 6.47291 9.10948
C 20.15820 10.16290 9.30947
C 21.24930 7.17675 9.20808
C 22.30140 12.64800 9.27034
C 23.34860 9.66651 9.14515
C 25.43130 12.01970 9.17832
H 20.55560 12.02000 10.95660
H 21.66700 8.97721 10.83860
H 24.81120 8.37302 10.60680
H 23.73530 11.41020 10.85390
C 26.59330 9.07046 9.03988
C 29.65920 8.38594 9.04454
C 28.69190 11.49060 9.29538
C 31.79090 10.78200 9.23019
H 26.88490 10.81880 10.78970
H 31.06640 7.02110 10.53950
H 27.89350 7.67681 10.63970
H 32.13870 12.49720 10.98200
H 30.00880 10.10140 10.81870
C 9.64774 15.01610 9.35759
C 12.88300 14.40230 9.45769
C 8.42941 18.06120 9.43838
C 11.75840 17.52270 9.42185
H 11.08670 13.78050 10.97790
H 7.87250 14.40550 10.98960
H 9.94838 16.83920 10.94470
H 12.03100 19.25630 11.12620
H 6.73241 17.43800 11.08390
H 8.82648 19.83920 11.08830
H 13.11240 16.21590 11.05510
H 14.22460 13.14720 11.06660
C 19.14220 13.19790 9.25639
C 15.89190 13.74050 9.37831
C 17.94270 16.17040 9.35477
C 14.91990 16.83570 9.46285
C 16.93430 19.30740 9.44664
H 18.37810 17.99690 10.92860
H 19.42880 15.00520 10.87610
H 16.29250 15.49770 11.03340
H 15.22070 18.61890 11.08850
C 13.79660 19.87210 9.48013
C 20.12080 18.60910 9.31701
C 21.25160 15.65730 9.36238
C 24.28150 15.04950 9.28960
C 23.30080 18.00800 9.39814
H 22.63020 14.40930 10.92700
H 24.71990 16.79270 10.94030
H 21.54670 17.47680 11.00260
H 25.81120 13.82140 10.79900
H 23.65750 19.83470 11.00690
H 29.04140 13.15170 11.02570
C 26.41180 17.32070 9.29016
C 27.66430 14.27440 9.33532
C 30.74680 13.69820 9.38349
C 29.68310 16.79900 9.28533
C 31.86090 19.19610 9.27639
H 30.07010 18.59720 10.86880
H 27.92720 16.18450 10.87620
H 26.80540 19.17230 10.75270
H 31.10720 15.57390 10.86510
C 28.65380 19.78350 9.27864
C 10.58530 20.40320 9.48411
C 7.41364 21.08120 9.50821
C 9.49948 23.60540 9.54508
C 12.80560 22.87080 9.49871
C 11.64510 25.90080 9.61282
H 10.96770 22.30940 11.02850
H 9.88479 25.31180 11.24440
C 8.44119 26.54520 9.70986
H 7.81399 22.85310 11.17800
H 6.77762 25.95240 11.40910
H 13.07720 24.68310 11.15730
C 15.80660 22.22160 9.56852
C 18.99390 21.57750 9.38780
C 17.87610 24.66940 9.46113
C 14.88220 25.35220 9.62742
H 16.24670 24.03730 11.17530
H 19.36560 23.39490 10.95470
H 17.30820 21.03920 11.09990
H 14.11850 21.60820 11.17160
H 18.27100 26.47450 11.06870
C 24.35060 23.42090 9.34656
C 21.17220 24.04130 9.44628
C 22.27410 21.04440 9.40268
C 25.32550 20.37730 9.26466
H 24.70480 25.24940 10.94730
H 25.80650 22.17700 10.89320
H 20.44990 20.42040 10.94010
H 21.50310 25.86280 11.10100
H 22.60270 22.84250 11.05210
C 23.22580 26.45330 9.37725
C 26.47210 25.96970 9.30486
C 30.68090 22.26470 9.25505
C 27.53590 22.77690 9.31591
C 29.58650 25.29710 9.27070
H 32.12290 21.04050 10.90370
H 27.87210 24.67460 10.88720
H 28.98990 21.58460 10.87780
H 31.05290 24.09430 10.84870
C 9.54155 31.96170 9.89756
C 10.60090 28.92820 9.76569
C 12.76480 31.38430 9.79666
C 7.35876 29.54250 9.89810
H 12.10890 27.67530 11.26050
H 7.81950 31.29590 11.51520
H 8.84701 28.28780 11.40850
H 11.01280 30.72680 11.41600
C 16.76820 27.69450 9.56461
C 18.91040 30.20590 9.47701
C 17.86350 33.12870 9.58649
C 15.79920 30.78170 9.69243
C 13.88840 28.31660 9.72267
H 15.20430 27.06250 11.29300
H 17.22820 29.49410 11.11400
H 16.18940 32.60030 11.28600
H 19.30760 31.92720 11.17840
H 14.12130 30.11100 11.36430
H 13.04600 33.16190 11.41560
C 21.03440 32.60030 9.52582
C 25.24610 28.95450 9.25090
C 19.93970 27.04490 9.54102
C 24.21090 31.96470 9.31984
C 22.06360 29.56200 9.37166
H 20.37060 28.97850 11.06180
H 23.53430 28.30630 10.90210
H 22.46040 31.34570 10.99960
H 25.60530 30.72840 10.87410
H 26.73040 27.75480 10.78190
C 30.69810 30.74460 9.33598
C 31.73580 27.75380 9.33501
H 29.93040 27.15880 10.81810
C 27.40880 31.39720 9.29963
H 30.94950 32.52020 11.00620
H 32.06890 29.55730 10.99790
H 27.75390 33.14290 11.01390
H 28.82650 30.09550 10.84010
C 28.52630 28.23330 9.20256
C 8.55581 1.04307 12.32720
C 7.58344 4.17846 12.43090
C 11.65850 0.48390 12.28420
C 10.57960 3.55363 12.35850
C 12.78590 5.85267 12.41200
C 14.92440 -0.16015 12.23140
C 13.84500 2.82601 12.37670
C 16.95780 2.29410 12.34400
C 16.02640 5.20449 12.42180
C 19.22170 4.62706 12.38270
C 20.29400 1.69632 12.23080
C 22.26230 4.12855 12.32130
C 23.38250 1.09154 12.28590
C 25.45620 3.41271 12.29560
C 26.57080 0.38848 12.26860
C 27.61150 5.92717 12.28940
C 28.65970 2.84705 12.20310
C 31.60740 2.26717 12.14220
C 30.61890 5.18665 12.16690
C 29.58800 -0.13690 12.11440
C 9.74084 6.48175 12.41890
C 8.56737 9.57985 12.53350
C 7.61368 12.62400 12.63580
C 11.74760 8.96323 12.55870
C 10.66850 11.99510 12.54270
C 13.83370 11.33190 12.61780
C 18.15100 7.59270 12.50600
C 14.95050 8.23149 12.59610
C 17.11420 10.72930 12.56210
C 24.37410 6.58146 12.27980
C 20.22780 10.08970 12.47420
C 21.29770 7.06119 12.38120
C 22.32560 12.52920 12.52840
C 23.52690 9.55940 12.39470
C 25.52470 12.04380 12.42570
C 26.54270 8.88787 12.28840
C 29.70550 8.15355 12.25200
C 28.66420 11.26720 12.49090
C 31.75680 10.62240 12.49130
C 9.63884 15.01470 12.52630
C 12.82460 14.27160 12.63630
C 8.54704 17.94480 12.60470
C 11.60820 17.38260 12.66980
C 19.11360 13.20110 12.53460
C 16.06440 13.70790 12.59710
C 18.06970 16.19490 12.53640
C 14.92640 16.72690 12.65850
C 17.04440 19.17110 12.64910
C 13.76120 19.79830 12.75040
C 20.06800 18.64880 12.60290
C 21.20260 15.60440 12.50530
C 24.42460 14.97940 12.50400
C 23.29170 17.97280 12.59670
C 26.52830 17.42270 12.43310
C 27.50670 14.41540 12.47130
C 30.81770 13.82580 12.54410
C 29.66740 16.73840 12.46800
C 31.75520 19.18610 12.47900
C 28.52450 19.74340 12.41550
C 10.60740 20.50580 12.67900
C 7.43437 20.98790 12.76100
C 9.61307 23.41370 12.77530
C 12.65290 22.89240 12.73400
C 11.71280 25.80700 12.83920
C 8.58132 26.45190 13.01160
C 14.84720 25.20410 12.76800
C 18.06530 24.59360 12.63110
C 19.14600 21.60380 12.60760
C 15.95030 22.17960 12.72550
C 21.07850 24.03090 12.62160
C 24.44380 23.34040 12.55510
C 22.18720 20.97630 12.58660
C 25.51350 20.35610 12.49680
C 23.31290 26.50450 12.58590
C 26.47990 26.04910 12.48020
C 27.63190 22.80780 12.44920
C 30.67240 22.25660 12.47240
C 29.64970 25.33890 12.46640
C 7.52141 29.47800 13.15560
C 12.78650 31.32140 12.99650
C 10.66460 28.80590 12.94540
C 9.59130 31.84320 13.13070
C 18.97320 30.10830 12.76670
C 16.96150 27.66640 12.77660
C 18.00380 33.14420 12.82870
C 13.79790 28.21270 12.90060
C 15.90120 30.67150 12.84220
C 24.22630 31.92740 12.53390
C 22.27160 29.50200 12.59840
C 21.14040 32.51670 12.70590
C 20.05240 27.11760 12.62430
C 25.32120 28.87910 12.45300
C 28.48590 28.25600 12.44150
C 27.41150 31.24480 12.52140
C 31.61250 27.73460 12.55520
C 30.56640 30.68990 12.56090
C 8.52168 34.93320 9.95259
C 7.48546 38.02350 10.02630
C 11.54490 34.41340 9.96267
C 10.51820 37.44580 9.95488
C 12.75910 39.81930 9.90641
H 11.98270 36.23260 11.48910
H 10.97320 39.24170 11.48440
H 9.87421 33.74260 11.60010
C 13.59590 36.89600 9.86050
C 16.79490 36.26590 9.63359
C 15.82760 39.22250 9.86508
C 19.10390 38.73880 9.79193
C 14.67310 33.77870 9.73531
H 18.24160 34.97720 11.22160
H 14.14490 38.63430 11.53610
H 15.09690 35.61070 11.26180
H 17.33840 37.99240 11.31530
C 19.92050 35.62630 9.64715
C 22.14630 38.07750 9.71534
C 23.14930 35.08400 9.56306
C 25.29940 37.51190 9.70314
H 21.46090 34.37860 11.16120
H 25.73260 39.21450 11.44420
H 23.53600 36.80180 11.28870
H 20.43950 37.34870 11.29710
H 22.57610 39.77000 11.43440
H 24.59620 33.76190 10.94560
C 26.44300 34.43570 9.49573
C 27.37160 39.83680 9.74862
C 28.48680 36.74200 9.62407
C 31.67260 36.25490 9.61872
C 30.63750 39.21480 9.66156
C 29.57520 33.78280 9.45893
H 29.90830 35.52300 11.17910
H 32.00970 38.02360 11.34590
H 28.85760 38.60770 11.22110
H 26.69540 36.20650 11.19890
C 9.54454 40.52410 9.95564
C 8.56847 43.51150 9.99191
C 11.62140 42.95810 9.93803
C 7.59602 46.37960 10.02390
C 10.63700 45.96470 10.04780
C 13.74000 45.35190 9.95310
C 18.08910 41.61770 9.94644
C 14.86560 42.27510 9.82879
C 17.00780 44.66660 9.91737
H 13.06380 41.69390 11.45890
H 16.26130 41.05020 11.43180
H 19.45370 40.38370 11.60570
C 24.34400 40.47560 9.85890
C 20.12700 44.04080 9.92738
C 21.15480 41.01490 9.91800
C 23.24370 43.45460 9.90983
C 22.23160 46.56040 9.88700
C 25.36130 45.96030 9.74215
H 24.73900 42.25230 11.46150
C 26.38100 42.93640 9.79797
C 29.53380 42.25070 9.72445
C 31.69880 44.68200 9.71662
C 28.57280 45.36000 9.78656
H 31.00150 41.03820 11.28290
H 32.03750 46.51360 11.39430
H 27.78660 41.66510 11.33530
H 29.91860 44.07030 11.37610
C 9.65383 48.89610 10.00760
C 12.78900 48.40340 10.07620
C 8.53765 51.96550 10.04130
C 11.73550 51.39690 10.10300
C 19.12920 47.15220 9.93438
C 15.90300 47.70750 10.00740
C 18.02960 50.16210 10.05680
C 14.84120 50.88550 10.09810
C 16.94780 53.08620 10.22910
C 13.80830 53.77940 10.23190
C 20.07780 52.58880 10.11890
C 21.15000 49.53780 10.00240
C 24.19910 48.96550 9.96476
C 23.22230 51.94730 10.07860
C 26.36980 51.45440 10.09930
C 27.40180 48.50550 9.90172
C 30.59290 47.79020 9.82536
C 29.55790 50.88770 9.98642
C 31.70280 53.19110 10.02770
C 28.54980 53.83230 10.16150
H 30.97200 49.56180 11.54830
C 10.76920 54.37740 10.16770
C 7.49353 54.99700 10.02040
C 9.66451 57.30070 10.15340
C 12.74920 56.78560 10.15130
C 11.65920 59.89290 10.12260
C 8.58052 60.40850 10.06790
C 15.88760 56.17460 10.24200
C 19.03030 55.59970 10.23750
C 14.92150 59.22090 10.12950
C 18.01380 58.60290 10.22700
C 21.12730 57.92170 10.14040
C 22.18980 54.92710 10.13400
C 23.25840 60.36960 10.05200
C 25.35590 54.33130 10.11730
C 24.32460 57.28840 10.07310
C 30.69460 56.20170 10.12060
C 26.36150 59.73870 9.98698
C 27.59240 56.69360 10.04920
C 29.62430 59.28170 9.99935
C 7.55690 63.43390 10.03570
C 12.79720 65.29720 9.99372
C 10.65590 62.84150 10.04830
C 9.61750 65.89450 9.96831
C 19.13950 64.00940 9.97017
C 15.87340 64.69100 9.96455
C 16.97410 61.56880 10.11370
C 13.84050 62.18800 10.09960
C 18.05740 67.12100 9.81868
C 20.11430 61.00610 10.08930
C 21.21860 66.39730 9.90157
C 24.38260 65.90890 10.05130
C 22.35710 63.43360 10.07800
C 25.34680 62.76520 10.01380
C 27.53000 65.24540 10.16910
C 30.59690 64.60870 10.05820
C 28.61440 62.29500 10.07150
C 31.76960 61.58420 10.09800
C 8.51059 34.94570 13.24750
C 7.43314 38.01270 13.20050
C 11.76080 34.35270 13.08540
C 10.57710 37.42730 13.12030
C 12.70050 39.84020 13.08940
H 7.84173 39.86010 11.63150
H 6.75706 34.42050 11.59210
H 8.81858 36.75840 11.60910
C 14.88020 33.77620 12.92000
C 13.82630 36.73110 12.99240
C 16.85890 36.16950 12.87450
C 15.97850 39.23040 12.99890
C 19.06540 38.46350 13.00860
C 20.00010 35.41990 12.79630
C 22.09630 37.86000 12.93180
C 23.28340 34.84240 12.70920
C 25.31750 37.29420 12.88770
C 26.28190 34.26570 12.61910
C 27.52620 39.80430 12.90350
C 28.52820 36.75040 12.79160
C 31.65550 36.13210 12.83650
C 30.54320 39.20710 12.88210
C 29.50290 33.63700 12.65700
C 9.69458 40.48460 13.13910
C 8.59765 43.46030 13.24860
C 11.69710 42.86800 13.16600
C 7.47166 46.52200 13.15520
C 10.68660 45.91200 13.22030
H 9.93159 42.29620 11.57410
H 8.95860 45.27460 11.64780
H 12.06080 44.71880 11.60500
H 6.84166 42.90300 11.61600
C 13.80830 45.28430 13.17490
C 18.00500 41.61990 13.13170
C 14.84800 42.23260 13.06980
C 16.91120 44.69300 13.08680
H 17.35200 46.47430 11.49190
H 15.18780 44.11500 11.47910
H 18.39000 43.45710 11.54410
C 24.31990 40.40130 13.02460
C 20.13580 44.08930 13.12810
C 21.24010 40.96240 13.09430
C 23.32290 43.44810 13.05220
C 22.30980 46.46660 13.08940
C 25.36270 45.86100 13.05000
H 20.50930 45.89590 11.50090
H 21.52030 42.80850 11.52310
H 23.65330 45.28210 11.41590
C 26.49370 42.99140 12.97180
C 29.54750 42.15860 12.90880
C 31.66960 44.66450 13.00540
C 28.50940 45.29950 12.98480
H 26.76150 44.76530 11.34200
C 9.53288 48.93840 13.20740
C 12.78840 48.28140 13.22890
C 8.55321 51.91200 13.19600
C 11.61700 51.20780 13.28810
H 11.03090 47.75430 11.65430
H 7.91001 48.28840 11.56380
H 6.79990 51.30080 11.61210
H 12.08390 53.14080 11.81880
H 9.94837 50.71800 11.57500
H 8.91985 53.81610 11.65170
C 19.06340 47.06150 13.12770
H 14.15310 47.12770 11.61850
H 13.09570 50.15580 11.70330
C 15.93840 47.62720 13.12170
C 17.96140 49.98280 13.26570
C 14.87170 50.58340 13.30640
C 17.03110 53.05700 13.41280
H 18.39620 51.87720 11.76990
H 15.16710 52.53560 11.85330
H 19.39710 48.90280 11.63240
H 16.25480 49.55640 11.58480
C 13.81260 53.80880 13.45160
C 20.20030 52.43460 13.30740
C 21.14970 49.49760 13.17010
C 24.31620 48.77480 13.15970
C 23.21000 51.88940 13.22320
H 21.49550 51.32350 11.57030
H 24.66400 50.68270 11.63930
H 22.54710 48.30330 11.59400
H 23.61450 53.76440 11.72150
H 25.67320 47.70270 11.44860
C 26.42460 51.35500 13.22990
C 27.35820 48.32290 13.07220
C 30.65850 47.67440 13.07320
C 29.58500 50.71430 13.24570
C 31.70750 53.17180 13.31580
C 28.59000 53.74130 13.32540
H 28.84970 47.19920 11.42760
H 27.84310 50.18450 11.60090
H 26.82270 53.20850 11.73020
H 29.97870 52.57290 11.67220
C 10.60440 54.33490 13.35680
C 7.42901 54.96230 13.24660
C 9.58236 57.36720 13.34630
C 12.76530 56.83840 13.40840
C 11.62560 59.83470 13.28920
C 8.49685 60.42050 13.26910
H 6.77025 59.83260 11.65700
H 11.02610 56.17940 11.81300
H 7.81624 56.82740 11.70580
H 9.90264 59.18570 11.69750
H 13.08860 58.59490 11.67970
C 14.81560 59.30030 13.35230
C 15.85610 56.24910 13.40370
C 19.04920 55.59090 13.42260
C 17.99730 58.59860 13.42830
H 17.27940 54.93300 11.83310
H 19.41470 57.38770 11.80300
H 18.41990 60.41360 11.80190
H 16.28040 58.05380 11.80340
H 14.12720 55.60710 11.80100
C 23.30210 60.34240 13.31020
C 22.24560 54.92360 13.41130
C 25.40770 54.42390 13.29340
C 21.23060 57.99750 13.37970
C 24.43450 57.35370 13.27720
H 20.47410 54.36540 11.83180
H 24.66160 59.16230 11.65360
H 21.53480 59.79190 11.68690
H 22.57210 56.76930 11.76580
H 25.82420 56.17040 11.65670
C 26.43890 59.79220 13.20850
C 27.52060 56.81290 13.33550
C 30.77240 56.22570 13.26260
C 29.59220 59.22160 13.26600
H 28.93890 55.59650 11.78450
H 27.86830 58.58610 11.59730
H 31.01420 58.08030 11.64520
H 32.08940 54.95540 11.68700
H 11.01770 64.69420 11.58940
H 12.06840 61.67020 11.71900
H 8.92979 62.24100 11.69810
H 7.87733 65.29000 11.58300
C 12.80670 65.39700 13.17480
C 7.54972 63.50680 13.22050
C 9.62050 65.94940 13.16640
C 10.70560 62.99850 13.26870
H 13.14330 67.14240 11.54410
C 13.84430 62.34270 13.28830
H 15.27650 61.04710 11.76800
H 14.16540 64.08090 11.59960
C 15.94230 64.84950 13.15560
C 18.10260 67.08640 13.06990
C 19.11660 64.17900 13.16980
C 17.02480 61.80370 13.30160
H 19.42680 65.90890 11.47950
H 16.31420 66.55790 11.42240
H 17.31000 63.54530 11.60130
H 25.72540 64.60590 11.64790
H 20.53690 62.86090 11.66480
C 24.35480 65.90050 13.24270
C 25.48540 62.74420 13.26660
H 22.60600 65.29090 11.60770
C 21.13540 66.56690 13.12600
C 20.25270 61.06500 13.32730
C 22.32050 63.48610 13.27180
H 23.67430 62.17150 11.72710
C 27.43700 65.19130 13.29890
H 28.93420 64.03150 11.78360
H 30.91780 66.50490 11.62480
H 27.85130 67.09800 11.76880
C 31.71530 61.62280 13.28010
C 28.51380 62.19020 13.28240
C 30.72710 64.67180 13.30770
H 29.96240 61.04530 11.66890
H 26.81470 61.60440 11.55880
H 32.03800 63.43820 11.63680
C 8.60236 68.93160 9.97328
C 7.58888 72.02020 10.00130
C 11.71670 68.32350 9.88964
C 10.68830 71.42660 10.04480
C 12.60960 73.84610 9.96085
C 13.77040 70.80100 9.80238
C 16.94830 70.13470 9.82878
C 15.94320 73.15960 9.92760
C 19.14390 72.56520 9.87225
C 14.79620 67.69840 9.79782
C 20.06150 69.51880 9.87715
C 22.24710 71.89520 9.91602
C 23.27530 68.85620 9.98135
C 25.49090 71.30320 9.97827
C 26.45830 68.32090 10.13120
C 29.52370 67.74790 10.04250
C 27.60120 73.62710 10.05050
C 28.60730 70.70600 10.18280
C 31.66720 70.13390 10.06350
C 30.57080 73.10050 10.10150
H 32.05570 71.96950 11.64440
C 9.59134 74.34190 10.01880
C 8.43637 77.32460 10.00770
C 7.52034 80.44050 9.85760
C 11.73740 76.77340 9.95687
C 10.59020 79.84190 9.87863
C 13.70660 79.20720 9.81844
C 18.09060 75.56900 9.91498
C 14.70120 76.12600 9.99644
C 16.89460 78.56440 9.82489
H 17.25720 80.39790 11.36820
C 24.34650 74.29070 9.91398
C 20.19310 78.03540 9.95455
C 21.28290 74.92140 9.93954
C 22.10970 80.43950 9.98176
C 23.32670 77.38870 9.96706
C 25.32620 79.84050 9.98857
H 23.57010 79.18290 11.58970
H 20.41530 79.83320 11.58900
C 26.40490 76.73340 9.98445
C 29.60160 76.13260 9.98336
C 28.45580 79.19700 9.98320
C 31.62560 78.66150 9.92355
H 31.95830 80.42050 11.59700
H 29.89400 77.99650 11.59330
H 27.82790 75.54570 11.56780
H 30.94940 74.93190 11.68810
H 26.72570 78.57160 11.60190
C 9.52378 82.87680 9.85009
C 12.72500 82.28080 9.83434
C 8.52512 85.94010 9.91191
C 11.68370 85.21550 9.87989
H 6.81761 85.33740 11.59280
H 7.78545 82.24650 11.46370
H 9.93345 84.66080 11.48650
H 12.14190 87.07990 11.42750
H 8.99532 87.76150 11.38640
C 19.05390 81.03310 9.88343
C 15.87380 81.61510 9.81307
C 18.02270 84.10170 9.89280
C 14.84550 84.72120 9.81599
C 17.05460 87.00400 9.86666
C 13.90110 87.71060 9.81971
H 13.13060 84.04090 11.46410
H 19.36160 82.84610 11.47730
H 16.23370 83.43440 11.41610
H 15.23770 86.49280 11.42660
H 18.33140 85.84660 11.57640
C 20.09050 86.38220 9.99451
C 21.17820 83.41170 9.99328
C 24.23340 82.73390 9.97194
C 23.13510 85.77030 9.87667
H 24.59580 84.65310 11.42820
H 25.62520 81.63020 11.62890
H 22.44190 82.22770 11.61070
H 23.55010 87.63860 11.33570
H 21.47720 85.22220 11.60940
H 28.79810 81.03670 11.53230
C 26.35900 85.22330 9.82974
C 27.35440 82.18510 9.91702
C 30.53520 81.60650 9.94953
C 29.51970 84.56650 9.82583
C 31.58500 86.92540 9.69892
H 26.77970 87.06970 11.41620
H 29.85850 86.46630 11.39480
H 30.88570 83.45270 11.50080
H 27.77600 84.04650 11.48000
C 28.46060 87.66570 9.76872
C 7.43353 88.92390 9.92631
C 10.72690 88.28250 9.75257
C 9.58764 91.39320 9.85593
C 12.87610 90.87550 9.83522
C 11.79070 93.81660 9.92313
C 8.57960 94.42270 9.97003
H 6.89221 93.81150 11.59780
H 7.90668 90.77140 11.47550
H 11.10380 90.16830 11.34150
H 10.00300 93.19680 11.44390
C 19.10780 89.45170 9.74921
C 16.00830 90.05930 9.78758
C 17.96650 92.60540 9.74180
C 14.89250 93.13560 9.85475
H 18.33590 94.42410 11.31450
H 16.30460 91.88570 11.43360
H 19.41520 91.36300 11.24020
H 13.17970 92.60720 11.53280
H 14.21640 89.52750 11.36680
H 17.37240 88.88710 11.39390
C 24.06750 91.17880 9.58251
C 22.10350 88.78010 9.73757
C 21.18320 91.95640 9.67715
C 25.32070 88.09440 9.70120
H 25.64930 90.06210 11.11480
C 23.11680 94.28950 9.49492
H 21.49520 93.78910 11.27020
H 24.58230 93.10170 11.00290
H 22.47920 90.64850 11.27680
H 20.44630 88.30190 11.43710
C 26.28290 93.60160 9.30832
C 29.50620 93.01000 9.36281
C 27.46490 90.48060 9.53622
C 30.58620 89.94500 9.56468
H 30.95470 91.88060 11.01940
H 28.88020 89.50420 11.31240
H 27.69170 92.47070 10.94660
H 32.03670 88.82240 11.17290
C 9.59468 99.58110 9.75015
C 7.47484 97.29100 9.99795
C 12.69740 99.14860 9.74146
C 10.58580 96.68130 9.96023
H 11.03150 98.57950 11.46250
H 12.11860 95.62880 11.52550
H 7.90242 99.22360 11.45070
H 8.89173 96.19160 11.64240
H 13.13340 101.08400 11.18290
C 18.11550 101.02000 9.59620
C 15.88200 98.52660 9.66888
C 19.08660 97.92420 9.64871
H 16.32900 100.40700 11.16600
H 19.43720 99.78040 11.21260
C 13.83440 96.13810 9.84163
C 16.89640 95.54490 9.68701
H 15.26560 94.98370 11.40040
H 14.16810 98.02750 11.31990
H 17.34200 97.35600 11.23420
C 25.19090 96.58200 9.32234
C 24.21920 99.86930 9.37579
C 21.03280 100.41700 9.46513
H 23.53120 96.14180 11.02930
H 25.64920 98.51040 10.82270
C 20.06420 94.96290 9.69522
H 22.50370 99.17550 10.95430
C 22.03130 97.23650 9.53134
H 20.43260 96.75030 11.31980
H 27.75240 100.97000 10.82000
C 27.32540 99.14880 9.22354
C 31.53970 95.54020 9.18459
H 29.88800 94.86890 10.85340
H 26.67510 95.45130 10.92580
H 31.90810 97.33650 10.77950
H 30.87600 100.32200 10.74400
H 28.75580 97.88260 10.78790
C 30.46440 98.51730 9.14012
C 28.42430 96.00220 9.27982
C 8.54552 68.89340 13.15030
C 7.55421 72.02900 13.21480
C 11.78500 68.40600 13.14210
C 10.74490 71.30670 13.17720
C 12.82670 73.72340 13.24840
H 6.81139 68.33750 11.53050
H 10.01360 67.74910 11.55160
H 12.10070 70.13980 11.47060
H 8.92593 70.75500 11.61550
H 7.85655 73.81800 11.61490
H 11.00800 73.22320 11.68120
C 13.86780 70.77270 13.05520
C 16.87200 70.08940 13.06110
C 15.88140 73.13740 13.09010
C 19.16750 72.53520 13.19360
C 14.94240 67.75480 13.05330
H 15.17350 69.55500 11.36240
H 17.40210 71.92070 11.51000
H 18.30270 68.91410 11.44760
H 14.12140 72.61390 11.43830
C 20.05980 69.50690 13.05060
C 22.20390 71.88980 13.13410
C 23.16340 68.94840 13.15080
C 25.34410 71.38350 13.22960
H 22.64690 73.69490 11.54130
H 20.47210 71.34160 11.47520
H 21.46380 68.27800 11.44270
H 24.67980 67.73380 11.65560
H 25.76040 73.15480 11.56200
H 23.68450 70.71970 11.54890
C 26.35560 68.34920 13.29640
C 29.65470 67.68970 13.38600
C 27.44590 73.75920 13.20940
C 28.58300 70.61820 13.32360
C 31.72810 70.17580 13.28230
C 30.65650 73.12800 13.31250
H 28.92730 72.49840 11.80020
H 26.79470 70.16290 11.70520
H 29.99250 69.45550 11.72660
C 9.61197 74.46550 13.20040
C 8.68162 77.47860 13.15440
C 7.54635 80.43820 13.07930
C 11.62390 76.95470 13.15460
C 10.61640 79.87810 13.00520
H 6.81058 76.75740 11.74570
H 8.87834 79.20640 11.44050
H 9.94790 76.20970 11.52920
H 12.00390 78.64440 11.46980
C 13.76320 79.20530 13.04010
C 18.07880 75.65890 13.15500
C 14.81210 76.28020 13.12510
C 16.84140 78.65870 13.01830
H 18.38710 77.45250 11.47890
H 19.47950 74.39600 11.56690
H 13.01420 75.59070 11.68270
H 15.14330 78.01520 11.42220
H 16.28530 75.04200 11.53150
C 24.30020 74.32030 13.17360
C 20.14730 77.94900 13.13180
C 21.28110 74.94650 13.15250
C 22.18900 80.45420 13.19130
C 23.36500 77.31360 13.20170
C 25.32230 79.76520 13.21950
H 21.59590 76.74760 11.56740
H 24.68220 76.10410 11.54220
C 26.40900 76.72050 13.17910
C 29.47130 76.16550 13.19790
C 28.43970 79.27630 13.15890
C 31.62920 78.52890 13.17030
C 9.57261 82.84840 13.05910
C 12.71670 82.21850 13.01810
C 8.65019 86.01960 13.09050
C 11.73460 85.24200 13.05220
H 10.95410 81.70510 11.40380
C 18.88520 81.06680 13.06890
C 15.86280 81.61690 13.00880
C 17.91890 84.00240 13.09020
C 14.91420 84.69090 13.05550
C 16.91840 87.16820 13.07730
C 13.87540 87.77700 13.03430
H 14.12200 80.99790 11.41620
C 20.12280 86.54040 13.12040
C 21.01130 83.44150 13.17900
C 24.18930 82.90270 13.15490
C 23.32710 85.91610 13.06880
C 28.53930 87.77270 13.01270
C 26.39320 85.28120 13.07040
C 27.44050 82.31050 13.14360
C 30.55430 81.65840 13.15820
C 29.56460 84.73630 13.09410
C 31.66510 87.14610 12.85600
C 11.73290 93.85620 13.10000
C 12.82560 90.66650 12.97800
C 9.75477 91.32210 13.01090
C 10.73420 88.34620 12.99560
C 7.64766 88.96160 13.08170
C 8.68561 94.33880 13.17890
C 14.99620 93.19470 13.08170
C 15.94700 90.05910 13.01100
C 19.09480 89.63800 12.96950
C 18.12870 92.56810 12.92160
C 21.18780 91.90200 12.83590
C 25.27900 88.34270 12.92480
C 22.26100 88.86380 12.95380
C 24.30920 91.34760 12.69580
C 23.39040 94.42390 12.66800
C 26.34890 93.70830 12.59360
C 27.40470 90.77190 12.72190
C 29.46670 93.12040 12.48500
C 30.73790 90.15670 12.74820
C 10.72830 96.85500 13.13610
C 9.66338 99.92730 12.98290
C 12.85100 99.38250 12.90690
C 7.53791 97.53600 13.13780
C 13.94580 96.29500 12.99960
C 15.97700 98.60990 12.84920
C 19.05950 98.00850 12.86760
C 16.97740 95.66840 12.94450
C 18.08020 101.19600 12.71890
C 25.41020 96.72320 12.51200
C 20.09020 94.94360 12.93850
C 24.35960 99.75180 12.51570
C 21.29730 100.52000 12.63160
C 22.32430 97.45880 12.69190
C 27.40310 99.13620 12.40810
C 30.52830 98.54830 12.37110
C 28.48090 96.13480 12.43740
C 31.66390 95.53250 12.40560
C 8.50669 102.64900 9.43664
C 7.32071 105.83900 9.41667
C 11.65760 102.12400 9.48121
C 10.55020 105.30800 9.32537
C 12.75440 107.56300 9.20828
H 10.95730 107.17600 10.80230
H 12.09850 104.10300 10.84660
H 9.91879 101.58500 11.17100
H 7.86107 107.69300 10.93370
H 8.82117 104.58200 10.91550
H 6.82366 102.21000 11.17700
C 13.91000 104.62500 9.34252
C 17.00800 103.94500 9.40168
C 15.98160 107.01400 9.21040
C 19.17990 106.41500 9.32359
C 14.89380 101.60600 9.52971
H 15.26610 103.46200 11.05640
H 17.38700 105.84200 10.91160
H 14.21820 106.51700 10.89650
H 18.39220 102.90200 11.12720
C 20.08940 103.42600 9.47123
C 22.22880 105.83900 9.29205
C 23.27460 102.70900 9.39303
C 25.30100 105.33100 9.28536
H 23.61430 104.63600 10.87380
H 20.56290 105.29700 10.99490
H 22.56280 107.69900 10.88320
H 25.75850 107.09200 10.95760
H 24.66520 101.64000 11.03100
H 21.48090 102.25300 10.97040
C 26.27500 102.20500 9.26981
C 29.53920 101.59900 9.22611
C 27.43020 107.66100 9.24352
C 28.53600 104.67300 9.21963
C 31.54870 104.10000 9.05175
C 30.53730 107.13900 9.18674
H 29.94250 103.45200 10.77260
H 26.76540 104.05000 10.80680
H 28.85120 106.47700 10.83850
H 31.96680 105.83600 10.67340
C 9.49613 108.28000 9.17545
C 8.50727 111.43100 9.31824
C 11.70040 110.70100 9.08657
C 7.37024 114.40700 9.39062
C 10.56960 113.80200 9.20387
H 8.92452 113.19600 10.96640
H 9.96098 110.12300 10.78190
H 12.07600 112.56200 10.74400
H 6.78099 110.76300 10.94510
H 13.16230 109.52800 10.68970
H 19.46580 108.28200 10.82720
C 13.86340 113.20800 9.14777
C 18.14830 109.56500 9.21558
C 14.94360 110.04500 9.06346
C 17.09380 112.52600 9.14722
H 17.36530 114.40600 10.71920
H 16.35280 108.89100 10.72550
H 15.29320 111.92300 10.67030
H 18.42430 111.40500 10.82500
C 24.33580 108.26400 9.33682
C 20.21440 111.98600 9.23226
C 21.24260 108.95900 9.26524
C 23.22740 111.20600 9.30661
C 22.20990 114.25800 9.13025
C 25.29730 113.70900 9.23617
H 24.72940 110.15200 10.92700
H 21.53700 110.73700 10.88300
H 20.49100 113.80400 10.85880
H 23.57180 113.12900 10.82500
C 26.40160 110.66100 9.25304
C 29.65270 110.15300 9.30301
C 31.68130 112.55600 9.42698
C 28.56290 113.18100 9.31671
H 27.90310 109.48800 10.82970
H 29.96300 111.97100 10.99270
H 32.00080 114.33100 11.11180
H 26.75110 112.55700 10.85830
H 31.00510 108.83600 10.86470
C 9.48429 116.85000 9.25517
C 12.71090 116.23000 9.17245
C 8.44478 119.76500 9.24345
C 11.54720 119.28100 9.21674
H 7.84284 116.24200 10.99530
H 9.86909 118.64900 10.87600
H 12.00930 121.06300 10.72850
H 10.96240 115.63400 10.83200
H 6.69931 119.22200 10.89380
H 8.84551 121.60000 10.74140
C 19.14020 114.93100 9.16307
H 14.13750 115.05700 10.77070
H 13.02020 118.04700 10.77890
C 15.88960 115.55200 9.13603
C 17.94850 117.94100 9.09655
C 14.76550 118.59500 9.10405
C 16.91070 121.05900 9.06469
H 16.21870 117.40300 10.72460
H 15.13310 120.47300 10.61370
H 19.36510 116.86800 10.74910
H 18.28270 119.85200 10.61940
C 13.70820 121.68000 9.04402
C 20.11900 120.35500 9.00846
C 21.11210 117.34400 9.11166
C 24.37190 116.71900 9.10305
C 23.26610 119.84900 9.03034
H 24.65620 118.61500 10.70410
H 21.54400 119.23300 10.62980
H 25.67070 115.59500 10.82200
H 22.54140 116.12900 10.70740
H 23.55740 121.70400 10.58300
H 28.89250 115.02000 10.90650
C 26.47430 119.21300 9.11442
C 27.51110 116.08800 9.25391
C 30.71130 115.48400 9.37306
C 29.63340 118.49000 9.20527
C 31.75750 120.85100 9.17798
H 29.93600 120.36900 10.74760
H 26.76050 121.06400 10.72380
H 30.93900 117.33800 10.90070
H 27.77480 118.04400 10.78710
C 28.54920 121.54400 9.13143
C 10.57680 122.11800 9.06033
C 11.68180 127.65400 8.91135
C 12.76360 124.66200 9.01836
C 7.44196 122.75600 9.12205
C 9.52601 125.18700 9.03831
H 11.03470 124.02600 10.64240
H 9.90500 127.11900 10.53050
H 7.82081 124.60600 10.71520
C 8.54956 128.36600 8.86121
H 6.73961 127.71300 10.49090
H 13.06440 126.50800 10.58710
C 14.83090 127.16100 9.04137
C 17.95300 126.48700 9.10715
C 19.00490 123.58200 9.03563
C 15.97200 124.13000 9.06153
H 16.17930 125.93600 10.72240
H 19.40560 125.34100 10.72840
H 17.29970 122.93100 10.62420
H 14.17420 123.47800 10.63900
H 18.28530 128.34000 10.67760
C 25.37050 122.11000 8.96669
C 21.13680 125.89800 9.06062
C 22.17290 122.82500 8.98250
C 24.25150 125.21700 8.92419
C 23.19660 128.29300 8.95770
H 21.50620 127.66700 10.62660
H 25.69050 123.99700 10.45660
H 24.67060 127.10800 10.45460
H 22.55770 124.62200 10.61460
H 20.37400 122.24800 10.58240
C 26.47540 127.63200 8.85884
C 30.62850 123.91300 9.03957
C 29.57410 127.13600 8.94172
C 27.55550 124.61700 8.98824
H 27.81100 126.49500 10.59260
H 30.99380 125.85400 10.53350
H 32.06640 122.76400 10.67650
H 28.85280 123.42100 10.70880
C 10.62430 130.78100 8.99283
C 7.49483 131.46600 9.01542
C 9.60016 133.75400 9.04429
C 12.59880 133.17500 9.04749
H 10.93270 132.54300 10.67440
H 12.00400 129.50000 10.50530
H 7.82564 133.23300 10.66140
H 8.82732 130.12500 10.49890
H 13.09640 134.95900 10.65570
H 17.35760 131.39100 10.67640
C 15.98430 132.53900 8.99252
C 19.02690 132.01700 8.94582
C 18.12940 135.04700 9.03028
C 17.01530 129.53100 8.98454
C 13.79900 130.15900 8.92512
H 16.31600 134.40500 10.53790
H 19.44570 133.73300 10.59070
H 14.14450 131.99000 10.56700
H 15.19020 128.99100 10.56340
C 20.09950 128.85400 9.06359
C 22.30110 131.33200 8.90127
H 20.47760 130.75700 10.50720
H 22.59910 133.10400 10.52870
C 25.28550 130.75800 8.89523
H 25.77000 132.53400 10.53060
H 23.64280 130.09300 10.57750
C 24.34500 133.85400 8.98973
C 21.14010 134.39200 9.01172
H 28.92020 131.88900 10.54650
H 29.93890 128.91100 10.56760
H 32.07360 131.28500 10.62040
H 26.78880 129.52700 10.34020
H 31.03800 134.37300 10.58150
C 27.51790 133.08400 8.96603
H 27.88770 134.88400 10.55300
C 28.63960 130.08700 8.84563
C 31.73490 129.52200 8.99582
C 30.72110 132.53200 8.97553
C 8.64367 102.89900 12.71830
C 7.51960 105.87900 12.60020
C 11.76800 102.40600 12.64120
C 10.63540 105.38100 12.40980
C 12.72250 107.81100 12.39450
C 13.80360 104.74500 12.56150
C 16.95260 104.13800 12.66540
C 16.03890 107.19400 12.46000
C 19.10500 106.58900 12.50900
C 14.94130 101.74200 12.70440
C 20.15240 103.53700 12.59860
C 22.29230 105.88000 12.54390
C 23.25920 102.87500 12.55290
C 25.40840 105.21800 12.46230
C 26.51290 102.21700 12.49820
C 27.60010 107.68600 12.52040
C 28.46840 104.58900 12.37240
C 31.71460 104.07400 12.35750
C 30.66420 107.01000 12.40160
C 29.55810 101.60400 12.35790
C 9.62377 108.33900 12.50780
C 8.58160 111.30500 12.51300
C 11.79520 110.73200 12.35540
C 7.48912 114.35600 12.56460
C 10.78470 113.79700 12.46130
C 13.88840 113.13700 12.30500
C 18.08950 109.60900 12.36890
C 14.92980 110.14500 12.32680
C 17.03230 112.65800 12.34890
C 24.30510 108.30200 12.49490
C 20.15090 111.95200 12.45830
C 21.15990 108.94300 12.45920
C 23.25960 111.31500 12.49080
C 22.27280 114.41200 12.42520
C 25.28690 113.78000 12.43680
C 26.56930 110.73100 12.49120
C 29.65030 110.06300 12.51160
C 31.72530 112.44900 12.66780
C 28.48580 113.20000 12.49480
C 9.64090 116.86100 12.51670
C 12.83330 116.21900 12.42680
C 8.50403 119.89400 12.42470
C 11.68100 119.33200 12.37600
C 19.03250 115.04700 12.36750
C 15.92970 115.56800 12.33430
C 17.96430 118.08600 12.29820
C 14.89970 118.67600 12.29090
C 16.88850 121.09600 12.19580
C 13.81150 121.69900 12.26690
C 20.07250 120.40600 12.22030
C 21.20750 117.44800 12.29490
C 24.26120 116.88800 12.37100
C 23.29520 119.96700 12.25800
C 26.36510 119.30700 12.35560
C 27.38790 116.26000 12.42060
C 30.50300 115.64400 12.56800
C 29.52070 118.62200 12.39400
C 31.72480 120.95300 12.33090
C 28.55880 121.66200 12.34260
C 10.60420 122.27800 12.31360
C 7.48633 122.81400 12.32140
C 9.65340 125.36500 12.19500
C 12.81260 124.72500 12.23030
C 11.68330 127.73900 12.17030
C 8.47767 128.37800 12.16010
C 18.00410 126.49800 12.32210
C 14.78120 127.21400 12.21050
C 19.01190 123.50100 12.27540
C 15.92760 124.08900 12.25440
C 24.40710 125.33500 12.09960
C 22.10810 122.86300 12.22520
C 21.24330 125.84800 12.26160
C 25.23120 122.33600 12.18800
C 23.28530 128.24400 12.13160
C 26.39180 127.79300 12.05690
C 27.34100 124.70100 12.14440
C 30.67210 124.05800 12.25170
C 29.58330 127.09800 12.16390
C 10.53620 130.64000 12.14510
C 7.53843 131.37200 12.17510
C 9.59816 133.76800 12.26710
C 12.65650 133.12000 12.24700
C 18.08920 134.89700 12.24340
C 19.15330 131.97300 12.21310
C 16.85960 129.54700 12.27740
C 13.74050 130.17700 12.13170
C 15.88500 132.67200 12.20020
C 25.43650 130.64600 12.07060
C 22.22050 131.29900 12.15640
C 21.27850 134.31100 12.18500
C 24.33480 133.63700 12.16890
C 20.12920 128.96400 12.16020
C 27.50400 133.08000 12.11780
C 28.48800 130.03900 12.08240
C 30.60210 132.56900 12.17210
C 31.71150 129.47700 12.19390
C 35.03810 1.72313 9.18330
C 33.93710 4.69995 9.13475
C 38.06410 1.12350 9.34901
C 37.09650 4.10055 9.34932
H 33.15890 1.08157 10.71430
H 35.23770 3.45773 10.87040
H 38.41750 2.87903 10.97580
H 37.39640 5.87014 10.97460
H 36.28060 0.44324 10.87820
H 39.42020 -0.16659 10.90530
C 41.24050 0.52411 9.53398
C 40.22740 3.42697 9.53293
C 43.20950 2.86907 9.63399
C 42.30350 5.77230 9.55245
C 45.47820 5.08198 9.72602
H 40.43310 5.29595 11.05750
C 44.40130 -0.16973 9.61651
H 41.52930 2.24180 11.25120
H 43.63420 4.65107 11.26190
H 44.61070 1.63729 11.20660
C 46.47560 2.27143 9.80415
C 49.49680 1.63072 9.82800
C 48.45030 4.50782 9.81171
C 51.74760 4.05964 9.80630
H 46.78130 4.01311 11.53910
H 47.86490 0.99328 11.42550
H 52.09310 5.89915 11.36600
H 49.99620 3.49442 11.43120
H 50.96200 0.43528 11.39280
C 52.74280 1.06019 9.85845
C 55.90790 0.52088 10.02970
C 54.88950 3.62816 9.96333
C 57.98210 2.92850 10.09700
C 57.03870 5.93023 10.04170
H 54.12920 -0.13751 11.53680
H 53.12540 2.86593 11.43540
H 55.25260 5.34384 11.61060
H 34.26610 6.53348 10.79710
C 34.97910 10.07030 9.34678
C 36.10670 7.04605 9.29438
C 38.13750 9.46780 9.36250
C 36.94750 12.60340 9.35181
H 33.12060 9.46715 10.80790
H 36.37620 8.86044 10.92130
H 38.37150 11.35970 10.90150
H 35.26090 11.88580 10.97800
C 32.98880 7.68051 9.11078
C 39.17790 6.52777 9.41961
H 39.47330 8.30668 11.06210
C 41.19930 8.94106 9.50490
C 40.19410 11.89810 9.39359
C 43.31890 11.23910 9.40004
C 44.33710 8.16218 9.44524
H 41.54230 10.75640 11.13670
H 42.60250 7.70176 11.09560
H 44.69920 10.03900 11.00420
H 45.73370 7.05614 11.19420
C 47.50500 7.61408 9.58392
C 50.72330 7.05033 9.66446
C 46.45730 10.64200 9.38952
C 49.65300 10.02470 9.52361
C 51.70880 12.39030 9.57723
H 46.76240 12.49830 10.87520
H 47.85530 9.49773 11.08660
H 48.94040 6.42163 11.20600
H 49.85660 11.89670 11.10720
H 50.98690 8.91265 11.27840
C 53.94250 6.46643 9.89613
C 52.85430 9.42051 9.69996
C 56.03590 9.01772 9.95813
C 54.99920 11.96120 9.85637
C 58.11640 11.40800 10.15930
H 54.20000 8.38228 11.45840
H 53.11500 11.31760 11.25370
C 33.90420 13.19140 9.42979
C 35.07010 18.60330 9.34100
C 35.96790 15.55570 9.39529
C 38.14960 18.08370 9.40985
H 34.23210 14.99300 11.06160
H 33.27480 18.01810 10.90940
H 37.36370 14.32680 11.03080
H 36.40160 17.33740 10.96810
C 32.86980 16.14170 9.31890
H 38.45790 19.86340 11.07890
C 39.11440 14.91720 9.42423
H 43.67280 13.15070 10.92570
C 42.24040 14.41810 9.34787
C 45.39300 13.83480 9.36777
C 41.21230 17.39540 9.43042
C 44.35850 16.81010 9.43571
H 39.46450 16.76850 10.99780
H 40.48840 13.76560 10.95330
H 42.62320 16.19460 11.04960
H 41.52840 19.19080 11.03460
H 44.71160 18.58510 11.08800
C 43.33660 19.85790 9.52455
H 45.73340 15.60370 11.04010
C 48.57920 13.09810 9.37873
C 46.48020 19.22860 9.52977
C 47.53770 16.11780 9.43700
C 50.68380 15.51120 9.47170
C 49.67900 18.55580 9.47627
H 47.89490 17.96190 11.05610
H 48.89300 14.88610 11.07100
H 51.03590 17.29510 11.13290
H 52.09910 14.30540 11.07600
C 52.87760 17.96400 9.62481
C 54.00070 14.85590 9.65701
C 57.01920 14.34570 9.95241
C 56.10800 17.45080 9.80372
C 58.16250 19.86850 9.99945
H 53.12470 19.81730 11.21690
C 33.96610 21.63790 9.36770
C 37.11410 21.07600 9.38945
C 35.98100 24.03270 9.49721
H 35.34370 20.41810 10.99070
H 37.45620 22.87610 11.06500
H 34.16640 23.42500 10.99690
C 32.87760 24.70490 9.34145
C 37.95720 26.42440 9.53280
H 36.25620 25.85680 11.20150
H 33.07080 26.52140 10.98220
C 39.25800 23.50980 9.54133
C 40.21670 20.50890 9.51510
C 45.41670 22.29830 9.61741
C 42.33370 22.84010 9.58609
C 41.24880 26.03730 9.58817
C 44.38110 25.23690 9.68107
H 43.65480 21.60540 11.20320
H 39.43560 25.33560 11.16020
H 40.58260 22.26820 11.21060
H 42.58520 24.66530 11.20620
H 45.75330 24.01010 11.28750
C 48.56680 21.68540 9.65807
C 51.72390 21.01730 9.55788
C 47.47780 24.68770 9.74838
C 50.53830 24.04280 9.67509
H 46.78930 21.00140 11.21330
H 49.94920 20.36850 11.15760
H 47.91200 26.43240 11.41340
H 48.87350 23.44020 11.38690
H 52.06470 22.79140 11.16220
C 52.82090 26.50490 9.91088
C 53.93840 23.53550 9.79063
C 57.17100 22.85700 9.94317
C 54.97040 20.44140 9.71082
C 56.01380 25.95150 10.07170
C 32.77150 33.18200 9.49712
C 34.97090 27.08260 9.52760
C 35.95110 32.51760 9.47314
C 33.89100 30.12450 9.43453
C 36.92200 29.48850 9.54701
H 35.19490 28.89420 11.17140
H 37.34710 31.31030 11.11580
H 38.37740 28.29630 11.10940
H 34.16510 31.91990 11.07090
H 42.58630 33.16120 11.34850
C 39.08200 31.93780 9.59502
C 42.21930 31.36630 9.71412
C 43.48580 28.33690 9.68506
C 45.50710 30.72990 9.69301
C 40.13480 28.93550 9.55379
H 41.59560 27.74200 11.15610
H 40.46560 30.72450 11.29880
H 44.72230 27.07090 11.36340
H 43.68670 30.18600 11.22860
C 49.63160 27.06390 9.84426
C 48.61120 30.17550 9.85703
C 51.74700 29.52540 10.13240
C 47.57230 33.13690 9.82691
C 46.54860 27.73910 9.80462
C 50.84680 32.53310 10.02290
H 46.77600 29.53070 11.34640
H 45.76170 32.54670 11.35510
C 57.01010 31.34010 10.43480
C 58.06490 28.40390 10.31200
C 53.92210 31.99250 10.28450
C 54.84350 28.96100 10.22890
C 34.80660 1.63206 12.45840
C 33.72680 4.70048 12.31580
C 37.96620 1.04341 12.47700
C 36.98890 4.03547 12.51240
C 40.96840 0.40001 12.67760
C 40.00010 3.46140 12.69300
C 43.29000 2.83650 12.83290
C 42.14200 5.87894 12.71230
C 45.27660 5.35215 12.93590
C 44.21420 -0.15416 12.83680
C 46.31050 2.08120 12.95340
C 49.60350 1.68001 13.04480
C 48.61180 4.72121 12.99550
C 51.70900 4.12822 13.03600
C 52.68410 1.08074 13.05060
C 55.85790 0.41841 13.16160
C 54.75150 3.53515 13.15750
C 57.87830 2.80151 13.26710
C 56.89790 5.96699 13.30740
H 58.25240 4.65336 11.77730
H 56.16630 2.31035 11.60330
C 34.86890 9.98601 12.46180
C 35.94660 7.06716 12.51370
C 38.01430 9.60711 12.55300
C 36.99010 12.47120 12.61020
C 32.66550 7.60496 12.35180
C 38.97850 6.49971 12.64180
C 41.17660 8.89560 12.70430
C 40.06450 11.96790 12.57390
C 43.41700 11.37760 12.62050
C 44.31400 8.34059 12.73820
C 47.49430 7.69789 12.75270
C 50.62020 7.12293 12.89420
C 49.50340 10.11520 12.79250
C 46.42140 10.81380 12.60660
C 51.55460 12.51480 12.70860
C 53.71830 6.60323 13.06160
C 52.67020 9.58249 12.93210
C 55.81020 8.97973 13.20540
C 57.94440 11.40840 13.30060
C 54.69790 11.99870 13.03990
H 56.27490 10.79820 11.63550
H 57.29330 7.77657 11.66280
C 33.88290 13.11470 12.59170
C 35.01640 18.56420 12.55380
C 35.99450 15.58660 12.64940
C 38.07060 18.00050 12.62610
C 39.13730 14.91560 12.61990
C 32.76300 16.25800 12.55390
C 42.23140 14.30520 12.56530
C 45.40400 13.73350 12.52370
C 41.23230 17.39490 12.66180
C 44.39180 16.78060 12.70120
C 43.27500 19.71190 12.68950
C 48.38040 13.08380 12.62510
C 50.60800 15.42200 12.69680
C 47.49040 16.16800 12.64890
C 46.49350 19.10410 12.70970
C 49.62960 18.51700 12.72290
C 52.71370 17.98660 12.77050
C 56.76570 14.50150 13.16720
C 53.65560 15.02460 12.82470
C 55.81100 17.43480 12.95690
H 56.27500 19.23150 11.43120
C 57.84540 19.76450 13.18060
H 55.21200 13.76190 11.46950
H 58.29850 13.24740 11.73050
H 54.19740 16.77750 11.23750
H 57.33380 16.20210 11.49060
C 32.72430 24.65480 12.54180
C 35.85460 23.90030 12.68170
C 39.12090 23.44530 12.78060
C 33.81990 21.56400 12.56460
C 37.02820 21.01330 12.67630
C 37.97550 26.52260 12.79340
C 40.25250 20.38060 12.72600
C 44.32490 25.16880 12.89360
C 41.20780 25.92440 12.78760
C 45.41370 22.13290 12.83530
C 42.30210 22.82000 12.85020
C 51.65780 20.98620 12.77140
C 50.74860 23.87930 12.89670
C 47.43340 24.61870 12.97610
C 48.56080 21.50040 12.82540
H 51.00860 25.74560 11.38240
C 56.81630 22.73990 13.18340
C 54.75350 20.38020 12.92820
C 52.63190 26.22860 13.15470
C 55.80310 25.77010 13.25970
C 53.69580 23.29980 12.92550
H 57.31700 24.62650 11.63640
H 54.16210 25.26300 11.52440
H 58.35950 21.60630 11.67330
H 55.24670 22.19920 11.37230
C 32.73280 32.98040 12.68420
C 35.87580 32.51530 12.67240
C 34.73510 27.03570 12.71100
C 33.74010 30.13600 12.68620
C 36.97780 29.52180 12.74110
C 39.00560 31.94100 12.81460
C 45.32660 30.73400 12.95040
C 42.27810 31.35430 12.91910
C 43.33390 28.33010 12.81440
C 40.13350 28.77750 12.79380
C 48.43110 30.05000 13.03180
C 47.49650 33.11780 13.01880
C 46.44480 27.65440 12.96390
C 51.61410 29.38950 13.27900
H 52.06080 31.32130 11.81390
C 49.67300 26.98420 13.04230
H 48.93790 31.90470 11.46980
H 49.96040 28.84730 11.48850
C 50.52880 32.51460 13.24970
C 54.75830 28.82910 13.45820
C 53.70540 31.86440 13.54050
H 58.34970 30.10860 12.02850
H 56.24500 27.71220 11.81890
H 55.16240 30.68580 11.95360
C 56.86100 31.16630 13.62900
H 53.08010 28.18390 11.73770
H 57.23130 33.09620 12.13750
C 57.91860 28.29650 13.52530
C 34.80140 35.65620 9.63282
C 33.77440 38.52800 9.78144
C 38.04700 34.95840 9.58727
C 36.91950 37.95090 9.74773
H 33.00100 34.94200 11.17040
H 37.30230 39.74700 11.40090
H 38.41520 36.73290 11.22460
H 35.19990 37.33420 11.35280
H 36.27480 34.33390 11.08850
C 41.23720 34.32100 9.65622
C 40.20710 37.40260 9.59123
C 43.32520 36.79610 9.74698
C 42.21910 39.83800 9.70267
C 45.41210 39.20670 9.88446
C 44.33760 33.72650 9.73579
H 40.43800 39.21670 11.23010
H 43.55770 38.63280 11.38150
H 41.49500 36.13480 11.24000
H 39.41520 33.72670 11.19330
H 44.64900 35.54540 11.37480
C 46.45250 36.21740 9.85220
C 49.64100 35.62330 9.98997
C 48.56970 38.63900 10.00540
C 51.85000 38.01290 10.21710
C 52.91750 34.99420 10.32010
C 55.91620 34.39170 10.49150
C 54.91040 37.40260 10.44150
C 58.11800 36.74470 10.63130
C 56.99970 39.68180 10.51800
C 34.88320 44.09340 9.86996
C 35.91800 40.97430 9.82451
C 37.97000 43.40290 9.84193
C 36.95580 46.46200 9.92185
C 32.78870 41.67260 9.69138
H 38.36890 45.21510 11.46160
H 33.03690 43.46270 11.35330
H 35.20510 45.90390 11.50580
H 34.12070 40.41350 11.28860
H 36.25710 42.85200 11.39340
C 39.01570 40.41030 9.69834
C 41.10130 42.85120 9.72947
C 44.33410 42.19100 9.79570
C 40.06180 45.85940 9.81601
C 43.17390 45.19890 9.77817
H 39.40520 42.17690 11.34420
H 42.52350 41.65500 11.31520
H 44.63810 44.05890 11.38560
H 41.45210 44.61950 11.39950
C 47.47800 41.54710 9.99588
C 50.77120 40.95580 10.13910
C 46.52310 44.54710 9.88722
C 49.62460 44.08670 10.09200
C 51.72720 46.39890 10.20250
H 46.75580 46.49800 11.42780
C 53.94080 40.41240 10.35860
C 52.82170 43.33330 10.24690
C 55.98600 42.72670 10.34430
C 54.88830 45.88600 10.29170
C 58.16310 45.17990 10.35140
C 33.89580 47.12670 9.86423
C 32.82080 50.19700 10.00440
C 34.90410 52.63400 10.04670
C 35.93070 49.47460 9.94891
C 37.96900 51.96520 9.87928
H 34.18400 48.88980 11.60030
H 33.11970 52.01700 11.64010
H 36.24070 51.32080 11.56850
H 37.32360 48.24630 11.51720
H 38.36660 53.74200 11.50970
C 39.06740 48.78380 9.90137
C 42.12800 48.26190 9.83295
C 45.26440 47.65930 9.77411
C 41.15430 51.22620 9.71702
C 44.31170 50.63180 9.70681
C 43.33890 53.83200 9.60642
H 44.66340 52.51540 11.17430
H 41.51480 53.13680 11.10890
H 39.38880 50.68400 11.37310
H 43.58360 47.02710 11.34400
H 42.58840 50.10340 11.42340
H 40.47560 47.60780 11.51270
C 48.67530 47.07200 10.00420
C 50.69330 49.51420 10.08050
C 47.54710 50.02910 9.84217
C 46.49560 53.14120 9.61637
C 49.69990 52.43290 9.88789
H 45.67390 49.46640 11.39090
H 48.83730 48.90640 11.61710
H 47.77910 51.94280 11.42050
H 50.94660 51.34180 11.70670
C 52.79350 51.81630 10.11630
C 53.82140 48.82060 10.28060
C 57.09900 48.30990 10.31230
C 55.95190 51.30370 10.27680
C 57.91160 53.67780 10.14480
H 53.06450 53.69510 11.67760
C 32.77160 58.68840 10.05850
C 33.76040 55.53990 10.05690
C 36.92120 54.95080 9.99803
C 35.89630 58.00030 10.09430
C 37.87510 60.48300 9.95636
H 33.16080 60.42840 11.74710
C 38.95650 57.32220 9.89303
H 37.31970 56.76920 11.59490
H 34.13060 57.38110 11.69460
H 36.29580 59.83400 11.70040
H 35.26620 54.39700 11.64530
C 44.21070 59.27240 9.69857
C 39.97670 54.36660 9.78100
C 41.08820 59.75410 9.76729
C 42.06240 56.79300 9.76108
C 45.25650 56.16300 9.67937
H 43.53660 55.60420 11.31220
H 42.56760 58.56450 11.36850
H 40.41460 56.16550 11.45590
H 39.36180 59.18630 11.43750
C 47.46670 58.52740 9.69486
C 50.64940 57.90330 9.79745
C 51.82720 54.95250 9.95616
C 48.59350 55.56010 9.70349
H 45.65220 58.01960 11.23000
H 46.73370 54.95970 11.24610
H 49.87960 54.38920 11.37500
H 48.86800 57.38500 11.32970
H 52.02870 56.81540 11.54280
H 50.96130 59.85460 11.20770
H 47.79310 60.42250 11.22520
C 54.89590 54.24870 10.09740
C 52.79330 60.41120 9.74603
C 56.94580 56.76400 9.89657
C 53.73090 57.32200 9.84280
C 55.79680 59.79670 9.79525
H 57.22480 58.64690 11.42760
H 54.11210 59.12490 11.38800
C 32.76890 67.01500 10.08090
C 36.98250 63.52430 9.97626
C 33.77590 64.15510 10.04970
C 34.89400 60.93110 10.03620
C 35.91160 66.54280 9.97418
C 38.94360 65.93020 9.83516
H 37.30700 65.34310 11.56790
H 34.23790 65.92420 11.67130
H 35.20510 62.83980 11.55190
H 38.40210 62.28040 11.48430
C 45.38380 64.69170 9.54073
C 40.03060 62.91420 9.71678
C 43.32570 62.15310 9.67319
C 42.08260 65.25140 9.60809
H 42.52080 67.09700 11.11060
H 43.61530 64.08530 11.12930
H 40.39370 64.73270 11.33210
H 44.68470 61.00170 11.36060
H 41.48730 61.68110 11.26340
H 48.85000 65.90090 11.06000
H 45.67270 66.54450 11.15250
C 49.52880 60.95020 9.57748
C 50.67910 66.40120 9.52388
C 47.46160 67.06890 9.48371
C 51.76690 63.42520 9.61296
C 46.33750 61.48450 9.61058
C 48.49700 64.06850 9.49061
H 49.91370 62.85080 11.07840
H 46.76870 63.41390 11.09600
H 51.98750 65.25150 11.26210
H 58.31370 64.12560 11.19670
C 58.01150 62.23340 9.69967
C 54.77450 62.80930 9.64853
C 56.89690 65.29820 9.56847
H 55.13810 64.65600 11.16400
H 57.22280 67.10430 11.17340
C 53.65560 65.85930 9.58876
H 53.06480 62.22280 11.31060
H 56.20330 61.65020 11.28240
C 34.74600 35.37680 12.76420
C 33.80020 38.60250 12.91730
C 37.92340 34.87520 12.77050
C 36.98090 37.84540 12.89270
C 44.32570 33.75650 12.99310
C 41.06040 34.36190 12.86090
C 40.09200 37.43050 12.83100
C 43.14980 36.74800 12.92620
C 42.16780 39.82330 12.91080
C 45.28150 39.22250 13.08390
C 46.29650 36.13510 13.03990
C 49.44110 35.52050 13.22100
C 48.45020 38.62000 13.23310
C 51.54170 38.02250 13.44730
H 50.95320 34.33360 11.68620
H 52.12830 39.81180 11.84720
H 49.91280 37.40090 11.68120
H 46.74670 38.01630 11.54880
H 47.81220 34.95130 11.46560
C 52.54690 34.83080 13.45910
C 55.80360 34.35430 13.70170
C 54.70660 37.42940 13.70930
C 57.98660 36.74380 13.80480
C 56.90380 39.77950 13.69260
H 55.21040 39.16090 12.06940
H 53.06540 36.76800 11.98050
H 56.23730 36.19370 12.15440
H 54.15230 33.68640 12.02150
H 58.43370 38.59550 12.18150
C 32.72570 41.60920 12.93180
C 34.78720 44.03740 12.98270
C 35.83670 41.03220 12.92150
C 37.97790 43.31330 12.95810
C 36.99980 46.43100 13.11150
C 39.06130 40.37480 12.91980
C 41.11890 42.77190 12.95520
C 44.25340 42.27070 13.01410
C 40.10570 45.81190 13.12560
C 43.18680 45.22060 12.96160
C 47.37920 41.55740 13.15710
C 50.59030 40.99720 13.37270
C 46.32520 44.72110 13.07830
C 49.43320 43.99220 13.31500
C 51.59580 46.47580 13.47430
H 48.94070 40.44990 11.64370
H 47.79010 43.41800 11.60170
H 50.99340 42.82390 11.74210
H 49.93080 45.82300 11.76710
H 45.65130 41.03920 11.48890
C 53.74170 40.38720 13.60320
C 52.66250 43.41160 13.52770
C 55.98720 42.86030 13.58740
C 54.86760 45.83620 13.45870
C 57.98340 45.13210 13.50730
H 56.27300 44.56430 11.80850
H 57.35560 41.55130 12.05570
H 53.05940 45.20900 11.89080
H 54.22720 42.17860 12.00360
C 33.75240 47.01360 13.14920
C 34.89860 52.55970 13.23000
C 35.98690 49.44080 13.15400
C 38.07370 51.85600 13.06030
C 32.73670 50.13730 13.17330
C 39.10970 48.89520 13.06180
C 42.25120 48.26660 13.01010
C 45.26340 47.71640 12.99480
C 41.20820 51.42410 12.88370
C 44.33940 50.78900 12.91440
C 43.22280 53.75130 12.76740
C 48.39350 47.05740 13.18490
C 50.51100 49.59270 13.32060
C 47.32340 50.18700 13.06840
C 46.28190 53.22210 12.92310
C 49.44700 52.65610 13.11150
H 51.94190 48.27030 11.80550
H 58.41460 47.04430 11.97940
C 52.65090 51.92430 13.38910
C 53.69780 48.86090 13.41310
C 57.01730 48.30520 13.59090
C 55.86630 51.45080 13.48170
H 56.20160 53.18810 11.82680
H 57.33460 50.14360 11.94940
H 54.15030 50.70410 11.83000
H 55.28220 47.69010 11.90210
C 57.95530 53.88920 13.34580
C 32.74640 58.63370 13.29350
C 35.90910 57.97960 13.25480
C 37.11530 54.95830 13.18990
C 33.85300 55.53180 13.29400
C 38.18800 60.49400 13.12510
C 39.16990 57.45530 13.11580
C 42.19140 56.82250 13.00640
C 45.34840 56.18230 12.83780
C 41.18750 59.89810 12.91030
C 44.34140 59.22970 12.93190
C 40.25130 54.22470 12.94060
C 50.49880 58.20960 12.92940
C 51.55380 54.99650 13.11970
C 47.40080 58.64380 12.84660
C 48.39310 55.60840 12.96490
C 56.83280 56.97970 13.11640
C 55.78600 59.90760 12.92760
C 54.78710 54.57800 13.22300
C 53.75390 57.44570 13.09590
H 55.19240 56.21810 11.49580
H 58.26670 55.61270 11.59810
C 52.68540 60.37710 12.82820
C 36.01940 66.57080 13.23680
C 34.93000 61.12400 13.28350
C 33.87800 64.09320 13.19620
C 37.02210 63.46950 13.11600
C 32.75230 67.01410 13.18930
C 39.14250 66.01080 12.96380
C 42.28380 65.29720 12.77930
C 40.21590 62.94530 12.96600
C 45.43190 64.67480 12.70190
C 43.29790 62.30280 12.84460
C 48.53390 64.09670 12.67300
C 46.50790 61.70060 12.84010
C 47.47010 67.12090 12.67940
C 50.56640 66.58230 12.68830
C 51.60950 63.35850 12.79800
C 49.55490 61.11750 12.77370
C 53.75530 65.86690 12.81780
C 57.80120 62.47960 12.92740
C 54.76980 62.93880 12.81480
C 56.86000 65.37810 12.79000
C 34.78440 69.45080 10.00190
C 33.76620 72.49200 10.03700
C 37.86730 68.99820 9.84320
C 36.82230 71.88850 9.87922
H 35.20000 71.26200 11.57500
H 37.27250 73.77480 11.44210
H 33.06010 68.91390 11.64030
H 38.35110 70.79870 11.41460
H 36.26890 68.32620 11.57540
C 44.28320 67.78880 9.54019
C 41.02670 68.30980 9.58683
C 40.00940 71.34800 9.68885
C 43.19300 70.74800 9.56401
C 42.11770 73.72460 9.64137
C 45.20530 73.17180 9.53216
H 41.48610 70.08970 11.20850
H 43.55780 72.54190 11.24650
H 40.44220 73.12960 11.32300
H 44.62490 69.56820 11.18240
H 39.36990 67.77630 11.28310
C 46.32330 70.13360 9.48241
C 49.49980 69.46160 9.40533
C 48.38390 72.56240 9.37221
C 51.77090 71.78260 9.39700
H 46.67920 71.96750 11.04370
H 49.90870 71.37930 10.94820
H 47.74130 68.96660 11.06310
H 52.05940 73.70240 10.90200
H 50.98120 68.33940 10.98080
C 52.75460 68.97700 9.54845
C 55.89220 68.28450 9.55656
C 54.87650 71.18170 9.51754
C 57.89190 70.64640 9.44703
C 56.97170 73.67360 9.28853
H 55.22870 73.13210 10.87390
H 53.09830 70.81840 11.18340
H 54.09320 67.69700 11.14550
H 56.30140 70.09300 11.19950
H 58.33190 72.50710 10.97020
C 34.86880 77.90830 9.81681
C 35.80030 74.99360 9.90434
C 37.89960 77.45650 9.77668
C 36.83450 80.35330 9.67500
H 38.30080 79.28470 11.35430
H 35.14370 79.79690 11.32390
H 33.08480 77.37290 11.46040
H 36.23730 76.82250 11.48970
C 32.64450 75.43750 10.00810
H 34.13840 74.32100 11.60560
C 38.97510 74.22160 9.74446
C 33.59290 80.96800 9.79975
C 41.09250 76.73950 9.60862
C 39.91520 79.81370 9.57431
C 43.19020 79.23970 9.47749
C 44.23710 76.21290 9.50730
H 41.47700 78.64160 11.12560
H 44.65850 78.03060 11.03420
H 42.58860 75.59700 11.19760
H 39.35740 76.16330 11.21020
H 45.72230 74.99950 11.08720
C 47.41180 75.47710 9.32954
C 50.63640 74.83060 9.23674
C 46.33530 78.69220 9.36555
C 49.51020 77.99520 9.17088
C 51.69780 80.42100 9.19482
H 49.91670 79.79440 10.78960
H 46.75720 80.36490 11.06990
H 51.02840 76.76500 10.66480
H 47.78610 77.36570 10.83620
H 48.89760 74.38100 10.91510
C 53.76290 74.23090 9.27011
C 52.88260 77.27210 9.12559
C 55.97170 76.81340 9.22361
C 54.97420 79.74490 9.15717
C 58.16630 79.19020 9.28994
H 53.13530 79.14420 10.69570
H 54.20940 76.10730 10.82330
H 56.28640 78.59670 10.87320
H 57.32410 75.51100 10.85250
C 34.77720 86.45740 9.68304
C 35.77420 83.40450 9.69481
C 38.94910 82.84280 9.54517
C 37.86550 85.79660 9.57117
H 33.09010 85.84520 11.33070
H 37.23100 82.21750 11.23890
H 34.05840 82.82420 11.33640
H 36.20240 85.24960 11.27740
H 38.29290 87.66510 11.13390
C 32.55870 83.98620 9.77799
H 43.57720 80.98520 11.11460
C 45.30210 81.59330 9.53705
C 42.16440 82.18110 9.49257
C 41.06470 85.28140 9.48702
C 44.38060 84.54840 9.51817
H 44.54130 86.40150 11.10370
H 41.45230 87.06350 11.12700
H 42.51360 84.01060 10.99360
H 40.40190 81.64060 11.09100
H 39.35150 84.63470 11.06110
C 43.18350 87.65320 9.49802
C 48.40900 81.09320 9.37054
H 45.66080 83.37130 11.19720
C 47.34510 84.09390 9.58804
C 50.46900 83.45030 9.42257
C 46.38230 87.04230 9.57227
C 49.41630 86.48190 9.58275
H 50.93220 85.22290 11.06370
H 48.82270 82.82830 11.13700
H 47.71810 85.87920 11.22470
H 52.04190 82.22500 10.87930
H 58.37550 81.06030 10.83180
C 52.64450 85.94000 9.43537
C 53.76760 82.96040 9.29929
C 56.92210 82.37300 9.25962
C 55.83410 85.42100 9.40532
H 56.16060 87.09490 11.14000
H 54.06590 84.68860 10.96130
H 57.23420 84.16660 10.87820
H 55.14900 81.57390 10.85920
H 53.03290 87.63810 11.13040
C 57.92410 87.67230 9.57815
C 33.72780 89.37250 9.53539
C 36.84660 88.78920 9.52149
C 35.84920 91.79670 9.39507
H 32.98190 94.33840 10.76800
H 37.33340 90.72250 11.02510
H 36.21010 93.75360 10.89820
H 35.13740 88.31890 11.23060
H 34.09010 91.30890 11.02220
C 37.94100 94.40290 9.17368
C 32.64320 92.39650 9.32962
C 39.06710 91.09000 9.32084
H 39.42220 93.09760 10.72410
C 44.33350 93.13650 9.31831
C 40.03320 88.23660 9.52332
C 42.20430 90.62690 9.44551
C 41.22530 93.68970 9.16705
C 45.29200 90.01000 9.46332
H 43.60920 89.50850 11.13530
H 40.46410 90.04590 11.08320
H 42.55980 92.54130 10.89050
H 45.66140 91.93390 11.01160
C 51.64230 88.93620 9.54484
C 50.74530 91.95130 9.46865
C 47.45070 92.40650 9.41671
C 48.50380 89.39960 9.47237
H 46.73660 88.90450 11.18400
H 47.80930 94.28410 10.96660
H 48.87510 91.26090 10.96370
H 52.03530 90.71110 11.15360
H 49.94090 88.29670 11.16730
H 50.93630 93.71210 11.08430
C 52.73810 94.31740 9.57446
C 56.90500 90.72890 9.61128
C 54.76590 88.32990 9.56230
C 55.81870 93.71820 9.68361
C 53.79770 91.42370 9.61755
H 55.12430 90.11690 11.21700
H 58.28130 89.48170 11.14170
H 54.05840 93.15420 11.30510
H 57.22970 92.53200 11.24590
C 32.62560 100.86900 9.12860
C 34.77330 94.82980 9.17018
C 35.78910 100.27000 9.13157
C 33.63650 97.92260 9.12643
C 36.81590 97.28590 9.06718
H 35.08160 96.75260 10.67360
H 38.31700 96.20530 10.66970
H 37.24570 99.08820 10.70360
H 34.06420 99.73650 10.79190
C 39.05430 99.73190 9.14113
C 45.39590 98.47800 9.21392
C 42.24920 99.11290 9.17032
H 41.47770 95.55450 10.76190
H 40.46380 98.55750 10.74260
H 43.61130 98.00060 10.79680
H 42.53910 100.97500 10.77170
C 40.10860 96.76340 9.10818
C 43.37850 96.18570 9.19959
H 44.62310 94.93350 10.90950
H 45.70220 100.39200 10.72080
H 48.84920 99.80810 10.91790
H 46.77570 97.34500 10.92730
C 49.59340 94.84060 9.40288
C 50.67240 100.40700 9.39947
C 48.51480 97.92330 9.31601
C 47.52650 101.07100 9.28238
C 46.46580 95.52710 9.34669
C 51.59740 97.37440 9.50432
H 49.80130 96.69310 11.00010
H 51.99990 99.23010 11.04220
C 54.89150 96.75030 9.59036
H 58.29980 97.93720 11.24390
H 57.32450 100.91500 11.23490
H 53.01260 96.18000 11.10430
C 56.87820 99.16050 9.63888
C 57.99000 96.10530 9.69795
C 53.87980 99.82510 9.55938
H 55.11520 98.55110 11.22130
H 56.18910 95.52900 11.26240
C 34.87580 69.43750 13.20740
C 33.83290 72.47260 13.19910
C 38.17440 68.93650 13.00930
C 37.01730 71.97690 13.06270
C 41.20680 68.29860 12.80080
C 40.24330 71.26820 12.90590
C 43.23660 70.75160 12.81570
C 42.19930 73.85370 12.82550
C 45.36830 73.24360 12.71970
C 44.21910 67.72670 12.76250
C 46.41360 70.17620 12.73160
C 49.55220 69.59580 12.60530
C 48.49360 72.63350 12.54790
C 51.55960 72.05270 12.63320
C 52.66360 68.92850 12.71180
C 55.79660 68.32950 12.79310
C 54.93110 71.45970 12.66320
C 58.10030 70.78660 12.70050
C 56.93310 73.78080 12.51020
C 32.75160 75.64430 13.18170
C 34.84860 78.09610 13.04530
C 35.96540 74.95400 13.11450
C 38.08280 77.40750 12.93420
C 36.88720 80.48380 12.92900
C 39.13170 74.44680 12.91240
C 41.17750 76.85990 12.77620
C 40.10290 79.89610 12.81540
C 43.32340 79.18380 12.71470
C 44.40640 76.26420 12.71390
C 47.60270 75.59180 12.54390
C 50.70950 75.05380 12.39740
C 49.64280 77.90640 12.35280
C 46.47650 78.48820 12.59590
C 51.74770 80.28040 12.41790
C 53.87080 74.30010 12.48120
C 52.73760 77.36560 12.30560
C 55.98420 76.80540 12.42300
C 57.96310 79.23130 12.47790
C 54.76840 79.76670 12.47500
C 33.84900 81.01740 13.00390
C 32.74000 84.08640 12.97470
C 34.86960 86.55010 12.87650
C 35.88710 83.40230 12.88610
C 37.99560 85.86030 12.75300
C 39.04870 82.84930 12.73810
C 45.36300 81.48350 12.69610
C 42.18800 82.25530 12.64400
C 41.17270 85.16690 12.63940
C 44.22250 84.52620 12.66830
C 43.18060 87.70590 12.72350
C 48.60230 80.85070 12.57530
C 50.70370 83.36140 12.63590
C 47.39310 84.00370 12.77000
C 46.24460 87.04610 12.75080
C 49.61520 86.41490 12.68800
C 52.71770 85.77660 12.66570
C 56.90660 82.23160 12.41140
C 53.85780 82.80750 12.51690
C 55.78620 85.19000 12.60940
C 57.91270 87.64870 12.70490
C 33.75670 89.58590 12.72250
C 36.93730 88.94330 12.72030
C 35.83670 91.99580 12.56950
C 32.69390 92.60280 12.53300
C 38.10930 94.37820 12.37120
C 39.14290 91.41030 12.56490
C 45.32400 90.17060 12.74960
C 42.22020 90.85220 12.59920
C 41.15620 93.76530 12.39230
C 44.21770 93.21380 12.57150
C 40.06860 88.28920 12.69990
C 50.54280 91.87720 12.66610
C 47.46760 92.50590 12.57110
C 51.69020 88.89860 12.72060
C 48.53420 89.58510 12.72280
C 56.92720 90.65620 12.77400
C 55.81140 93.73760 12.85360
C 53.72000 91.27180 12.83570
C 54.72750 88.29820 12.71880
C 52.62030 94.41330 12.74960
C 32.61930 100.96000 12.33440
C 35.88230 100.32400 12.33430
C 33.68770 97.94880 12.36250
C 34.66370 95.06900 12.37540
C 36.84120 97.27210 12.32380
C 38.97310 99.78630 12.29920
C 40.05270 96.75970 12.33720
C 42.11420 99.15630 12.38300
C 43.17820 96.22340 12.41840
C 45.32830 98.62300 12.41470
C 50.49020 100.41400 12.60870
C 51.51500 97.43550 12.63290
C 49.48810 94.93360 12.60350
C 46.41370 95.51930 12.49150
C 47.35650 101.02900 12.46710
C 48.47900 97.98740 12.54640
C 54.67970 96.72670 12.81520
C 57.93340 96.20070 12.88440
C 56.81710 99.13630 12.82470
C 53.65800 99.79970 12.75700
C 34.75360 103.34300 9.06710
C 33.77200 106.46200 9.15188
C 38.01050 102.81700 9.09868
C 36.96350 105.86400 9.17000
H 35.17360 105.15500 10.70100
H 32.93480 102.75500 10.66000
H 37.29510 107.60300 10.85080
H 36.23730 102.13000 10.68190
H 38.34520 104.57100 10.76680
C 41.13470 102.10900 9.13889
C 40.08070 105.25500 9.16242
C 43.31060 104.78000 9.18361
C 42.30750 107.56500 9.32586
C 45.38840 107.04700 9.36367
C 44.25300 101.61300 9.15677
H 44.68220 103.42900 10.71870
H 43.65330 106.39400 10.97770
H 40.46910 106.96600 10.85880
H 39.33710 101.58000 10.71250
H 41.52190 103.97800 10.70190
C 46.55130 104.03100 9.28107
C 49.64990 103.49100 9.40580
C 48.56330 106.43300 9.40542
C 51.76760 105.89900 9.53386
H 47.85470 102.83500 10.94930
H 46.78920 105.80900 10.92530
H 49.95150 105.21800 11.04610
H 50.92620 102.20900 11.04700
H 52.11470 107.59300 11.24100
C 52.68240 102.71100 9.50509
C 54.91010 105.21500 9.54820
C 58.09860 104.65500 9.65783
C 55.98640 102.14900 9.60093
C 57.02900 107.59900 9.69285
H 56.26300 104.00700 11.19090
H 53.07190 104.55800 11.10450
H 55.23760 106.97600 11.24970
H 54.14290 101.63100 11.16380
H 58.41540 106.42600 11.35790
C 34.83470 111.90600 9.33733
C 35.90890 108.87300 9.23737
C 38.06080 111.18200 9.32843
C 36.94110 114.23700 9.24248
H 38.40810 113.07500 10.86640
H 36.26150 110.58300 10.86290
H 35.23780 113.72000 10.99120
H 34.13270 108.19200 10.81710
H 33.09350 111.26700 10.98840
C 32.72830 109.49100 9.29035
C 39.09310 108.19200 9.29171
C 41.18310 110.58600 9.27923
C 44.39930 110.06900 9.35309
C 40.16650 113.66500 9.23332
C 43.31120 113.02000 9.29178
H 41.52250 112.43600 10.85710
H 39.43580 109.96700 10.95060
H 42.64950 109.44100 10.86700
H 44.64480 111.90600 11.06250
H 45.74230 108.85500 10.96590
C 47.51330 109.46800 9.37606
C 46.47830 112.50900 9.47633
C 51.82940 114.31700 9.57326
C 49.67010 111.77400 9.42097
C 50.68740 108.69000 9.55084
H 48.85000 108.22600 11.05840
H 50.97360 110.53500 11.14770
H 47.85580 111.26500 11.00610
H 46.78420 114.33900 11.07070
H 49.95680 113.64400 10.98230
C 53.91110 108.19800 9.61164
C 52.80420 111.19300 9.59818
C 54.91160 113.82000 9.78569
C 58.09220 113.21800 9.82286
C 55.98420 110.70600 9.69502
H 56.27330 112.48300 11.38990
H 54.15990 109.98300 11.22460
H 53.07270 113.01400 11.28540
H 57.31920 109.41600 11.31730
C 33.71110 114.87100 9.41792
C 34.74960 120.34000 9.15922
C 35.84650 117.22500 9.25586
C 38.07370 119.85800 9.17619
H 34.12650 116.72900 10.92030
H 33.07820 119.62700 10.79570
H 36.25920 119.17700 10.69550
H 37.39440 116.08700 10.78840
C 32.69370 117.84800 9.27393
H 38.37560 121.61700 10.84250
C 39.09770 116.76000 9.16368
H 43.63760 114.92700 10.87870
C 42.33250 116.11900 9.21471
C 45.52000 115.54900 9.39274
C 41.19780 119.17400 9.22822
C 44.36960 118.49000 9.25652
H 39.41900 118.54000 10.78430
H 40.51890 115.55300 10.74920
H 42.57220 117.96100 10.86960
H 41.51520 121.01000 10.82760
H 44.79940 120.30700 10.86450
C 43.38460 121.62300 9.33684
H 45.75960 117.37500 10.97220
C 48.53230 114.90500 9.39982
C 50.82090 117.34300 9.55880
C 47.53880 117.99000 9.39552
C 46.59350 120.96400 9.37695
C 49.71360 120.40700 9.51433
H 52.05730 116.06600 11.28120
H 47.92500 119.75100 11.01870
H 48.92690 116.71200 10.99790
H 51.00170 119.16400 11.16580
H 58.41940 114.96100 11.54680
C 55.91480 119.18800 9.96745
C 57.04340 116.17000 9.91579
C 52.83950 119.86000 9.78906
C 53.86360 116.81800 9.82168
H 55.20870 115.54700 11.52120
H 53.09740 121.60200 11.48000
H 56.22960 120.94900 11.68470
H 54.12150 118.60800 11.49110
H 57.28870 117.93200 11.53980
C 58.02310 121.59800 10.16750
C 35.98030 125.93100 9.01791
C 36.98740 122.73200 9.15285
C 33.80030 123.31400 9.01339
H 33.12910 128.25700 10.58770
H 36.30530 127.70900 10.69740
H 35.19480 122.21000 10.76040
H 34.14470 125.24300 10.50390
C 38.03570 128.26200 9.12231
H 37.33290 124.68600 10.65740
C 32.66700 126.51200 8.92312
C 39.21220 125.23500 9.17306
H 39.40130 127.04400 10.77110
C 44.44640 127.00300 9.45228
C 41.31020 127.63800 9.36858
C 45.46270 123.98300 9.42541
C 42.23160 124.66600 9.36786
C 40.12270 122.26900 9.23314
H 40.48130 124.02600 10.92290
H 43.66950 123.43800 10.93970
H 42.63350 126.43000 11.02820
H 45.73950 125.79000 11.08370
C 47.55690 126.45000 9.64842
C 48.51570 123.53300 9.64059
C 50.75140 125.87500 9.77576
C 51.82970 122.86000 9.81020
H 46.77660 122.69800 11.10720
H 52.03620 124.65900 11.48500
H 47.79510 128.25200 11.17760
H 48.92790 125.24400 11.32220
H 49.93880 122.17600 11.18700
H 50.93590 127.63000 11.42560
C 55.88800 127.72000 10.04850
C 52.79270 128.33700 9.96340
C 54.92220 122.21300 9.99545
C 53.88440 125.28500 9.97363
C 57.03620 124.61800 10.15490
H 54.10880 127.06900 11.66850
H 55.17330 124.01600 11.63930
H 57.27600 126.52300 11.67650
H 58.35260 123.37500 11.82350
C 32.83110 134.94900 9.04870
H 38.36330 130.10200 10.74730
C 37.03450 131.36500 9.14985
H 37.35350 133.13300 10.80830
H 34.22270 133.72300 10.66760
H 35.21910 130.74500 10.67490
C 34.91730 128.88900 9.06167
C 36.04980 134.37900 9.14647
C 33.84630 131.91500 9.04625
C 39.14830 133.78700 9.28568
H 41.44560 129.41300 11.04220
C 45.46490 132.60600 9.54671
C 42.33690 133.19000 9.43463
C 40.24330 130.64100 9.26789
H 40.45260 132.47300 10.89420
C 43.25820 129.95400 9.48498
H 43.61050 131.84200 11.01770
H 44.65300 128.83600 11.10760
H 42.56830 134.95400 11.13900
H 45.74690 134.31200 11.32910
H 46.74960 131.32700 11.17770
C 46.44830 129.50100 9.56943
C 51.77280 131.24000 9.84104
C 48.57200 131.92200 9.64769
C 47.49590 134.92800 9.74451
C 49.64170 128.81400 9.72157
C 50.71640 134.36100 9.74825
H 49.87860 130.70500 11.32700
H 52.05700 133.13500 11.39400
H 48.90300 133.71700 11.31120
H 55.11710 132.54200 11.52820
H 53.11390 130.13100 11.58310
C 56.93090 133.18900 10.04670
C 53.83360 133.81800 9.88110
H 56.30030 129.52000 11.68930
C 57.99810 130.15300 10.03080
C 54.94870 130.63200 9.98853
C 34.73060 103.27900 12.28950
C 33.73060 106.29900 12.31240
C 37.90520 102.76900 12.34870
C 36.91000 105.71900 12.39360
C 44.35990 101.61000 12.33670
C 41.07860 102.15800 12.34750
C 40.09120 105.10600 12.38890
C 43.25960 104.51600 12.41890
C 42.22150 107.61300 12.47530
C 45.42770 107.00200 12.55350
C 46.30010 104.00100 12.44400
C 49.51370 103.44400 12.62650
C 48.48480 106.38200 12.60750
C 51.64770 105.76600 12.74340
C 52.55650 102.74600 12.70170
C 55.89480 102.13200 12.79750
C 54.75150 105.09500 12.82320
C 57.93160 104.59300 12.91060
C 56.93220 107.61800 12.95650
C 34.94900 111.81900 12.56000
C 35.84180 108.78500 12.45170
C 37.98290 111.27300 12.47110
C 37.07500 114.39800 12.47470
C 32.75490 109.34200 12.48910
C 39.00990 108.09600 12.49390
C 41.17550 110.62200 12.49380
C 44.29360 110.02200 12.61670
C 40.17510 113.77500 12.39450
C 43.20610 113.14800 12.58130
C 47.43480 109.44400 12.62140
C 50.56940 108.70000 12.73470
C 46.42270 112.48500 12.63590
C 49.58390 111.87800 12.66820
C 51.52240 114.22500 12.82110
C 53.85080 108.17600 12.87280
C 52.67940 111.10600 12.82230
C 55.85930 110.66800 12.90960
C 54.77360 113.64700 12.97730
C 58.08640 113.06000 13.02790
C 33.81550 114.95900 12.57570
C 34.82580 120.33100 12.35500
C 35.97930 117.35200 12.34790
C 37.98990 119.78000 12.36790
C 32.68580 117.87900 12.49170
C 39.16770 116.71800 12.39670
C 42.17680 116.16300 12.45200
C 45.33240 115.60600 12.57600
C 41.11060 119.16700 12.44670
C 44.30970 118.55500 12.53230
C 43.30350 121.53200 12.42020
C 48.54760 114.85600 12.61830
C 50.57490 117.32900 12.73880
C 47.51800 117.88600 12.60460
C 46.44960 120.80700 12.61920
C 49.53960 120.33800 12.74350
C 52.54500 119.79500 12.97880
C 53.64780 116.74200 13.03140
C 56.98280 116.10000 13.17750
C 55.81510 119.05600 13.16700
C 57.90000 121.54400 13.39530
C 33.81740 123.51100 12.26540
C 36.97610 122.92900 12.36430
C 35.83740 125.91800 12.21950
C 37.99950 128.27700 12.33790
C 32.77020 126.44600 12.19260
C 38.91750 125.26200 12.37850
C 40.00200 122.16400 12.47920
C 42.23560 124.56700 12.56660
C 45.30290 123.93100 12.64200
C 41.02820 127.55300 12.51060
C 44.33270 127.04900 12.68760
C 47.40760 126.47300 12.79690
C 50.55200 125.82900 13.02970
C 48.40600 123.30000 12.72490
C 51.55280 122.77300 12.96340
C 55.84240 127.72700 13.30490
C 56.90320 124.72900 13.27000
C 54.73590 122.17900 13.22280
C 53.74700 125.17000 13.20170
C 52.55260 128.31300 13.11450
C 39.04520 133.68300 12.46530
C 35.84460 134.29000 12.39330
C 36.92540 131.26300 12.35200
C 34.85390 128.88200 12.22380
C 33.75240 131.90800 12.26270
C 32.76940 134.93300 12.24720
C 45.21830 132.42600 12.78240
C 42.14820 133.08700 12.61100
C 39.99700 130.71200 12.48680
C 43.17230 130.04900 12.62330
C 48.41590 131.91900 12.91150
C 47.51550 134.83300 12.97560
C 46.39360 129.44300 12.72860
C 51.56990 131.37800 13.01220
C 49.41520 128.85300 12.90400
C 50.61680 134.30700 12.98720
C 54.82520 130.72600 13.24030
C 56.88310 133.05000 13.13220
C 53.72560 133.72900 13.11650
C 58.03340 130.19800 13.29750
H 58.39650 131.94600 11.60740
H 57.30900 134.93900 11.63010
C 61.21890 2.41871 10.29350
C 60.15140 5.31300 10.40750
C 64.34280 1.73799 10.38030
C 63.20380 4.76397 10.43530
C 59.00850 -0.03467 10.05900
C 67.53910 1.15378 10.54160
C 66.42690 4.08640 10.46780
C 70.66950 0.48356 10.62630
C 69.56880 3.46691 10.61170
C 71.59070 5.80987 10.67160
C 72.67810 2.87562 10.66740
C 75.91310 2.22785 10.58600
C 74.67020 5.20959 10.55480
C 78.01430 4.73058 10.63510
C 73.88050 -0.13462 10.64260
C 79.02570 1.70228 10.69630
C 81.12020 4.21330 10.74450
C 82.25490 1.03046 10.63650
C 84.26510 3.50783 10.82470
C 62.20020 7.76327 10.43900
C 64.36120 10.09430 10.48490
C 61.28960 10.75410 10.30600
C 59.17010 8.39243 10.21700
C 65.28600 7.17553 10.44110
C 68.51360 6.48017 10.59060
C 67.46680 9.39849 10.44920
C 66.35230 12.67650 10.34150
C 70.63670 8.99485 10.58760
C 69.64550 12.00360 10.46470
C 76.92870 7.74821 10.67120
C 72.80330 11.43580 10.55370
C 73.73650 8.29587 10.48330
C 76.00480 10.69720 10.59290
C 83.25400 6.59795 10.94860
C 80.21660 7.18177 10.80910
C 79.05670 10.17630 10.77210
C 81.33440 12.55680 10.94560
C 82.20430 9.55503 10.94810
C 84.36370 11.97630 11.07840
C 63.32550 13.26590 10.29760
C 59.20030 16.80030 10.04360
C 62.34010 16.19480 10.26600
C 60.11060 13.77460 10.18460
C 61.24710 19.28160 10.16250
C 64.52820 18.70650 10.37700
C 65.42830 15.68460 10.41010
C 68.61110 15.04480 10.39890
C 67.49590 18.08540 10.53290
C 70.65490 17.47070 10.58190
C 71.77870 14.52120 10.52560
C 74.88630 13.93860 10.60850
C 77.06210 16.37260 10.92280
C 73.96510 16.95700 10.80770
C 76.00320 19.24540 11.01290
C 72.74910 19.92050 10.92830
C 78.11430 13.23670 10.73350
C 80.19930 15.56420 10.93460
C 83.19600 15.03980 11.03860
C 79.04640 18.66310 11.12390
C 82.19430 18.03850 11.02230
C 60.15460 22.34430 10.16410
C 63.30920 21.67410 10.42410
C 62.29970 24.72160 10.40960
C 59.19830 25.36520 10.21320
C 65.39740 24.13940 10.60120
C 69.64020 20.54060 10.69040
C 68.58830 23.60380 10.83530
C 66.45200 21.18270 10.58570
C 70.57230 25.92110 10.93470
C 67.58860 26.53310 10.85730
C 71.70130 22.90730 10.91400
C 74.85770 22.17900 10.99300
C 73.76880 25.21220 10.97920
C 77.94680 21.63860 11.08490
C 76.97020 24.59680 10.98260
C 84.19340 20.46410 11.04530
C 83.03850 23.44730 11.02090
C 81.03660 21.03450 11.06980
C 79.99990 24.09820 11.14550
C 82.11240 26.43500 11.06050
C 61.22500 27.80020 10.44840
C 64.42940 27.15950 10.69800
C 63.37950 30.18260 10.76490
C 62.20060 33.10740 10.74470
C 60.18940 30.74500 10.54750
C 69.49920 28.89550 10.95970
C 68.51520 31.99840 10.91000
C 65.25590 32.49820 10.82640
C 66.56570 29.45690 10.82580
C 74.76850 30.67810 10.98070
C 76.79630 33.15010 10.83000
C 72.61080 28.28240 10.96970
C 75.75790 27.83490 10.97710
C 77.76580 30.05380 10.91590
C 71.58780 31.30830 10.87650
C 84.18600 28.89490 10.93220
C 80.09800 32.59100 10.88600
C 81.05690 29.48910 10.92350
C 83.24660 31.91200 10.82650
C 78.98740 27.03000 10.96580
C 61.01350 2.27777 13.48410
C 59.87170 5.32424 13.48920
C 64.17850 1.68211 13.55620
C 63.19290 4.73501 13.64530
C 58.99910 -0.10547 13.25310
H 59.38550 1.73029 11.69440
H 62.51730 1.13584 11.90410
H 61.47340 4.15186 12.03010
H 64.60970 3.54296 12.00720
C 67.32430 1.14561 13.71500
C 66.26780 4.13657 13.67600
C 70.56570 0.46666 13.83160
C 69.44130 3.34402 13.84030
H 69.79250 5.26856 12.29390
H 66.65770 5.94761 12.06340
H 67.74570 2.94842 12.12260
H 68.84560 -0.08783 12.19500
H 70.93110 2.28358 12.27750
H 65.67980 0.50887 12.01050
C 71.61370 5.93609 13.82210
C 72.71100 2.84837 13.83220
C 75.82290 2.31694 13.84700
C 74.77740 5.28684 13.76300
C 77.88490 4.66916 13.86580
C 73.86700 -0.14850 13.77470
H 76.18460 4.09245 12.13320
H 73.02840 4.70454 12.26150
H 74.16380 1.70857 12.20150
H 77.29560 1.06023 12.34950
C 79.08430 1.63117 13.87520
C 81.16290 4.03209 13.97710
C 82.19270 1.04102 13.85710
C 84.17140 3.38226 13.99360
H 82.47650 2.85848 12.27430
H 83.56240 -0.17948 12.25850
H 81.50250 5.92300 12.51740
H 79.38420 3.49386 12.31230
H 80.47660 0.44688 12.22760
C 62.08370 7.71831 13.63470
C 61.11360 10.82830 13.49380
C 64.24800 10.22000 13.60750
C 58.87510 8.46267 13.42070
H 64.61390 12.03360 11.96730
H 62.54510 9.53856 12.04140
H 60.39550 7.17408 11.99920
H 63.55180 6.55317 12.04820
H 59.41560 10.21840 11.80820
H 61.53960 12.63510 11.85440
C 65.18910 7.15429 13.66400
C 68.32810 6.56708 13.76380
C 67.41940 9.71397 13.66780
C 66.39960 12.59300 13.51430
C 70.62000 9.05169 13.77970
C 69.41050 12.02420 13.63430
H 67.76970 11.38720 11.90600
H 65.70730 8.96051 12.08600
H 71.01890 10.86360 12.18600
H 68.83810 8.37985 12.17170
C 76.79610 7.67837 13.78840
C 72.82990 11.39350 13.70530
C 73.78040 8.39094 13.75460
C 75.81770 10.75410 13.78120
H 72.00500 7.73750 12.17800
H 77.28670 9.54259 12.34170
H 74.14660 10.13120 12.05710
H 76.20440 12.54900 12.16710
H 75.09400 7.06932 12.12120
C 83.29110 6.42337 14.10530
C 79.98850 7.11783 14.00520
C 78.92510 10.22500 13.99230
C 81.03250 12.47920 14.13010
C 82.00900 9.54606 14.16930
C 84.20370 12.00430 14.25810
H 82.56930 11.33090 12.62700
H 79.41980 11.97340 12.36170
H 78.34730 6.51808 12.27860
H 83.52840 8.36100 12.64030
H 80.38030 8.98091 12.46590
C 63.21930 13.28000 13.52390
C 60.03210 13.83870 13.36820
C 62.13950 16.24570 13.37560
C 61.05640 19.20200 13.31300
C 64.25580 18.60650 13.61270
C 58.97020 16.70600 13.24610
H 63.64530 15.06410 11.92890
H 59.41190 18.56730 11.65630
H 62.63940 18.08220 11.80440
H 60.46360 15.59880 11.76390
C 65.37950 15.49670 13.58080
C 68.44890 14.95340 13.65100
C 67.41840 18.00880 13.68420
C 70.51560 17.29150 13.84520
H 69.94800 13.84370 12.03820
H 65.70710 17.41820 12.08650
H 70.92210 19.21980 12.33700
H 68.83220 16.81100 12.12630
H 67.81830 19.87850 12.15480
H 66.81770 14.42350 11.93210
C 71.60580 14.34180 13.72310
C 77.89030 13.11070 13.88470
C 74.79320 13.73150 13.84110
C 76.91880 16.05320 14.08780
C 73.78500 16.72300 13.94410
C 75.82110 19.24460 14.24250
H 75.24950 15.60360 12.36480
H 72.04660 16.25560 12.22190
H 74.17030 18.67090 12.51000
H 77.27760 18.02450 12.71750
H 73.10560 13.26590 12.15590
C 72.61560 19.73830 14.06920
H 78.34150 14.97700 12.41170
C 80.01210 15.55580 14.16890
C 83.17890 15.00200 14.22530
C 79.06350 18.54400 14.23520
C 82.11380 17.94380 14.27050
H 83.54260 16.82780 12.63740
H 81.48080 14.35990 12.62450
H 80.44750 17.37340 12.57100
H 82.47810 19.81030 12.71320
C 58.95240 25.24760 13.38730
C 60.00870 22.20370 13.39690
C 63.06620 21.50170 13.53630
C 62.06960 24.60970 13.65350
H 63.54640 23.45210 12.08700
H 64.66760 20.47510 12.11130
H 60.44330 24.03910 11.86520
H 62.49920 26.47920 12.08340
H 61.42330 21.06500 11.79140
C 65.17950 24.02150 13.79730
C 70.60310 25.86470 14.15260
C 68.36340 23.38570 13.97220
C 69.50870 20.33870 13.91810
C 66.36420 21.04820 13.75750
C 67.35210 26.45030 14.04760
H 69.87790 22.24180 12.41760
H 66.71030 22.93890 12.24430
H 65.71770 25.88600 12.32730
H 68.85800 25.28020 12.52850
C 71.54110 22.85010 14.10390
C 73.69320 25.19500 14.08910
C 76.76700 24.80600 14.19470
C 77.83650 21.69660 14.33200
C 74.77390 22.29270 14.19810
H 76.18420 21.04590 12.67880
H 75.18530 24.03640 12.53920
H 77.17340 26.50130 12.47290
H 71.93490 24.66620 12.47670
H 73.02630 21.65690 12.57760
H 78.20270 23.45300 12.73000
C 81.15220 21.05380 14.34920
C 79.98700 24.05120 14.30250
C 83.14210 23.53960 14.25510
C 84.32480 20.42620 14.23770
H 83.51670 25.30040 12.62640
H 81.37290 22.87400 12.67340
H 80.32750 25.93290 12.70720
H 79.32550 20.48780 12.77120
C 82.12940 26.56140 14.24610
C 61.05730 27.65890 13.65700
C 60.02240 30.63070 13.70640
C 64.14550 27.00730 13.80290
C 63.13890 30.04230 13.92910
C 61.99090 33.10910 13.97810
H 64.71820 28.92190 12.36370
H 63.54940 31.92500 12.47490
H 60.39370 32.53000 12.22250
H 61.50430 29.51900 12.16650
H 59.36320 27.11780 11.91050
C 65.31790 32.50500 14.02400
C 68.36250 31.94410 14.07080
C 66.36050 29.55850 14.07290
C 69.44870 28.89140 14.17440
H 67.77160 28.31530 12.55980
H 69.85760 30.73760 12.55890
H 66.71200 31.31890 12.40480
H 70.89250 27.70190 12.59390
C 71.60520 31.46410 14.11290
C 75.79970 27.63460 14.16060
H 71.95550 33.19890 12.39950
H 74.01150 27.08910 12.54060
H 75.10760 32.54950 12.54190
C 78.02350 30.20830 14.10130
C 76.92000 33.23830 14.01310
C 72.68520 28.29520 14.17530
C 74.73470 30.71800 14.18100
H 76.11810 29.54580 12.68380
H 72.95910 30.14470 12.57560
H 82.41820 28.33150 12.59690
C 84.23850 28.99310 14.10730
C 83.17700 32.00550 14.05540
C 81.02790 29.56120 14.12180
H 81.49370 31.34920 12.46760
C 79.99020 32.59550 13.95130
H 78.23330 31.93630 12.36190
H 79.29130 28.93160 12.47360
C 78.86410 27.17920 14.15300
C 61.21840 36.13450 10.76040
C 60.20630 39.17680 10.58580
C 64.28660 35.58130 10.84370
C 63.41730 38.69670 10.82220
C 59.00510 33.73660 10.60220
C 67.45240 35.05480 10.92730
C 66.44160 38.02820 10.95750
C 70.50140 34.46410 10.84200
C 69.54210 37.56730 10.92850
C 71.70860 39.82710 10.98150
C 72.78280 36.82070 10.95250
C 75.79500 36.20400 10.84830
C 74.71600 39.19680 10.95040
C 77.88610 38.64600 10.94100
C 73.74350 33.76600 10.87920
C 79.04830 35.68290 10.85810
C 81.00400 38.05200 10.95860
C 82.18190 35.07050 10.82810
C 84.11500 37.34740 10.79870
C 59.17000 42.13730 10.52910
C 62.31490 41.64400 10.77460
C 64.35670 43.96270 10.81290
C 61.28230 44.67110 10.64480
C 63.42580 46.97220 10.63650
C 65.43400 41.05830 10.94630
C 68.46320 40.38510 11.02410
C 67.48640 43.46010 10.99260
C 70.54430 42.87210 10.89850
C 66.44080 46.44710 10.79360
C 69.49880 45.90970 10.88660
C 76.96800 41.56050 10.93000
C 73.77460 42.24320 10.86970
C 75.86910 44.60550 10.79720
C 72.70980 45.24950 10.88890
C 83.08630 40.45920 10.84450
C 80.04190 41.06610 10.96190
C 78.92150 44.01240 10.83620
C 82.15840 43.45760 10.85250
C 80.98530 46.35120 10.62620
C 84.16740 45.80120 10.67940
C 59.15030 50.64360 10.34340
C 62.21640 50.01500 10.46690
C 60.25460 47.71030 10.44580
C 61.13380 52.98750 10.27630
C 64.30800 52.35910 10.36900
C 65.47580 49.44050 10.52270
C 68.55530 48.86900 10.76920
C 67.46060 51.87020 10.48030
C 70.64610 51.25370 10.64450
C 77.92530 47.05000 10.65350
C 71.61430 48.32950 10.83660
C 74.72370 47.66840 10.74940
C 76.77210 49.97800 10.57790
C 73.73040 50.65780 10.70690
C 75.72830 53.07720 10.47140
C 72.65290 53.65190 10.50560
C 79.98500 49.43290 10.45540
C 83.12710 48.77210 10.42990
C 78.98220 52.54310 10.31810
C 82.15570 51.82280 10.31390
C 59.05660 59.27820 9.93067
C 60.13770 56.14350 10.01110
C 63.26910 55.47810 10.14610
C 62.22430 58.63170 10.05560
C 65.32840 57.96560 10.10170
C 67.37610 60.37430 10.07440
C 69.58470 54.22000 10.43430
C 66.43160 54.85860 10.32840
C 68.50210 57.36180 10.26250
C 70.54080 59.79450 10.19900
C 71.62400 56.66110 10.28970
C 73.71410 59.11390 10.22150
C 74.68840 56.21110 10.37070
C 77.77420 55.45790 10.29250
C 76.81450 58.58230 10.30060
C 82.12400 60.48340 10.07080
C 83.20730 57.34480 10.05010
C 80.08890 58.02620 10.12820
C 84.24040 54.15620 10.12740
C 81.08170 54.89830 10.20640
C 64.30120 61.03630 10.02130
C 61.18760 61.64460 9.92795
C 63.19450 64.03670 9.89823
C 60.23450 64.58480 9.72672
C 62.22450 67.04460 9.64915
H 63.56980 65.96550 11.40200
H 60.42640 66.53000 11.24400
H 59.34540 61.15860 11.50250
H 61.44810 63.52230 11.50250
C 65.42380 66.43530 9.88258
C 68.47590 65.82510 10.00920
C 66.31840 63.47450 10.05390
C 69.52090 62.84420 10.09480
H 66.72210 65.32750 11.63410
C 71.60250 65.22720 10.11800
C 77.89330 63.93520 10.13630
C 75.83900 61.61060 10.20790
C 74.77320 64.63260 10.16610
C 72.70150 62.36230 10.14880
C 76.90030 67.11910 10.00790
H 71.92280 67.13970 11.68770
C 78.83710 60.99170 10.15650
C 80.08080 66.48420 10.03720
C 84.26670 62.84670 10.06200
C 83.22840 65.88390 10.12940
C 80.96720 63.40070 10.11810
C 61.14570 36.24230 13.87170
C 60.18290 39.16060 13.82190
C 64.26620 35.53850 14.00680
C 63.20670 38.63220 13.99210
C 58.90480 33.65830 13.82560
H 62.53920 34.89880 12.40220
H 61.58840 38.02940 12.25290
H 64.66080 37.40420 12.49050
H 59.41810 35.50160 12.29700
C 67.32100 35.01710 14.03370
C 66.40790 37.97230 14.13780
C 70.60760 34.38870 14.07490
C 69.57340 37.46940 14.15490
H 70.89120 36.25060 12.47590
H 67.81880 36.88260 12.50940
H 66.75370 39.84820 12.58330
H 68.83880 33.78910 12.50110
H 69.97170 39.28700 12.60620
H 65.65340 34.29730 12.43550
C 71.70990 39.95100 14.13940
C 72.68570 36.67000 14.11970
C 75.88720 36.14290 14.05140
C 74.85020 39.21340 14.13010
C 77.93460 38.59770 14.12040
C 73.65300 33.71900 14.12260
H 77.24190 35.02030 12.38820
H 73.06340 38.61000 12.61500
H 74.12400 35.55120 12.51730
H 76.20710 37.98980 12.50010
C 78.94600 35.60640 14.05430
C 81.06960 37.99530 14.11930
C 82.23840 34.94180 14.07140
C 84.24770 37.50170 14.03190
H 80.44430 34.46030 12.47730
H 83.59550 33.80810 12.38920
H 82.48150 36.81360 12.50450
H 79.33670 37.42720 12.49650
H 81.46760 39.87090 12.58700
C 62.09710 41.68770 13.86210
C 61.07140 44.71890 13.73370
C 64.21240 44.07630 14.02770
C 59.08500 42.22730 13.70360
H 61.53830 46.52600 12.16020
H 62.57100 43.45850 12.32140
H 60.49800 40.97930 12.20410
H 63.62980 40.45400 12.45550
H 64.65740 45.83030 12.38630
H 59.46110 43.98120 12.07690
C 65.25620 41.06500 14.13080
C 68.47830 40.43120 14.15180
C 67.45090 43.46550 14.15220
C 70.61610 42.90310 14.12060
C 66.26190 46.62810 14.02260
C 69.51120 45.97430 14.14350
H 68.89590 42.25230 12.58710
H 67.75250 45.30850 12.56660
H 65.71190 42.87740 12.54440
H 70.88610 44.73400 12.48330
C 76.92590 41.66340 14.12840
C 73.78940 42.24720 14.07900
C 75.86730 44.76410 14.05040
C 72.70000 45.37630 14.05980
H 75.14930 41.06440 12.50150
H 77.23730 43.45160 12.49010
H 76.21180 46.49670 12.34080
H 71.99340 41.69900 12.46050
H 74.14830 44.10620 12.49680
H 78.33290 40.42840 12.61110
C 83.33930 40.40180 14.08090
C 80.09850 41.16020 14.12710
C 78.99010 44.10400 14.00080
C 82.16260 43.56860 14.02510
C 81.07450 46.59430 13.88340
C 84.30940 45.89830 13.90590
H 83.52360 42.25050 12.50010
H 80.42840 42.91290 12.44880
H 82.46340 45.33100 12.36500
H 79.32050 45.89830 12.32930
C 63.22740 47.19620 13.78610
C 62.19730 50.12500 13.65390
C 60.09150 47.73140 13.70920
C 61.09780 53.24040 13.46160
C 64.23940 52.56980 13.61120
C 59.01930 50.86310 13.56060
H 63.65410 48.92590 12.09790
H 60.44640 49.52360 12.10730
H 59.36170 52.57610 11.80570
H 62.52310 51.90110 12.00570
C 65.31350 49.63180 13.80050
C 68.47700 49.04380 13.89890
C 67.38800 52.05260 13.69690
C 70.45760 51.44520 13.87620
H 66.73430 48.33970 12.31040
H 69.89800 47.73870 12.46750
H 70.94990 53.16420 12.19020
H 68.81110 50.76580 12.22070
H 65.68580 51.33200 12.10920
H 67.80530 53.73730 11.97610
H 73.04640 47.13720 12.42460
C 77.95460 47.24790 13.90120
C 71.64440 48.43200 14.02910
C 74.80900 47.74980 13.96850
C 76.96130 50.27050 13.76410
C 73.77080 50.84690 13.92910
C 76.00840 53.29160 13.62780
H 74.08870 52.58050 12.24470
H 75.10170 49.56210 12.32050
H 71.96950 50.17490 12.38410
H 77.27860 51.92360 11.97170
C 72.65220 53.89590 13.77540
H 78.26350 48.91650 12.18620
C 80.03300 49.67280 13.70360
C 83.11800 49.04410 13.72220
C 78.99810 52.63680 13.58100
C 82.21710 51.98550 13.51200
H 83.52500 50.66570 11.94860
H 80.37570 51.37860 11.97100
H 81.38060 48.30810 12.08610
H 82.52450 53.74320 11.81650
C 58.91150 59.34510 13.10680
C 60.05710 56.21920 13.25790
C 63.15750 55.63330 13.33410
C 62.16390 58.70690 13.23570
H 64.59720 54.27330 11.87850
H 61.46540 54.96980 11.72430
H 63.53130 57.42310 11.66120
H 60.38230 58.03570 11.62010
H 62.45740 60.51710 11.60720
C 65.20030 58.05150 13.32430
C 69.48260 54.47750 13.61530
C 66.28390 55.02130 13.44850
C 68.37280 57.52240 13.41970
C 70.53810 59.88150 13.33800
H 65.65260 59.80510 11.64510
H 68.73840 59.25440 11.80250
H 69.88200 56.18560 11.94260
H 66.66980 56.79590 11.79860
C 67.22430 60.49300 13.31340
C 71.64300 56.86010 13.51900
C 74.77200 56.15310 13.56940
C 73.64920 59.28540 13.43880
C 77.02190 58.53480 13.42500
C 77.97340 55.60810 13.47260
H 73.00380 55.53200 11.99760
H 77.20850 60.40290 11.88310
H 76.19590 55.01620 11.92490
H 71.93460 58.58120 11.80820
H 75.10120 57.99630 11.95880
H 78.37040 57.37200 11.77290
C 82.19560 60.46930 13.27430
C 84.24150 54.46890 13.42660
C 83.20450 57.33140 13.25590
C 81.13370 55.01470 13.35860
C 80.15640 58.05030 13.30320
H 83.55710 59.20830 11.64890
H 80.39750 59.86280 11.71050
H 81.47600 56.77100 11.69470
H 79.33360 54.37750 11.84690
C 61.00320 61.76320 13.18160
C 62.10440 67.29100 12.84830
C 64.23990 61.11250 13.18610
C 59.90640 64.84510 12.89390
C 63.18240 64.23010 13.07390
H 64.56800 62.91540 11.56950
C 65.23810 66.65350 13.02360
C 69.40120 62.75870 13.26010
C 66.31050 63.53050 13.20410
C 68.35830 65.93250 13.31160
H 67.68780 62.23120 11.64070
H 70.91790 61.67910 11.69270
H 69.79910 64.66430 11.73610
C 71.46080 65.39740 13.37890
C 75.82170 61.61600 13.44290
C 76.94730 67.05050 13.30430
C 72.56350 62.31620 13.35560
C 74.77060 64.77610 13.36580
C 78.00450 64.15830 13.29720
H 74.03640 61.05380 11.78360
H 75.15210 66.55390 11.66100
H 72.97960 64.15450 11.82620
H 76.15310 63.46340 11.83160
H 78.27350 65.88650 11.57430
C 83.15670 65.89110 13.34320
C 79.03840 60.96840 13.42260
H 81.40450 65.22010 11.69690
H 79.29440 62.77140 11.75800
C 84.29000 62.86430 13.36580
H 82.54150 62.30590 11.67360
C 81.12880 63.40280 13.33110
C 80.00130 66.40710 13.29140
C 61.16780 70.20660 9.46864
C 60.09550 73.10690 9.36162
C 64.39910 69.59270 9.62614
C 63.40280 72.53870 9.51652
C 59.03900 67.54420 9.57732
H 62.54040 68.95410 11.09280
H 59.39790 69.52960 11.05660
H 61.57380 72.03800 11.00950
H 64.64020 71.36260 11.26150
C 67.51440 68.88210 9.82333
C 66.36190 71.98650 9.68804
C 70.54200 68.27970 9.98953
C 69.56220 71.34440 9.83249
H 65.64870 68.35490 11.30990
H 66.76460 73.80220 11.28420
H 67.73500 70.77370 11.33080
H 69.90110 73.13210 11.48350
H 70.92120 70.13980 11.49510
H 68.74360 67.66550 11.59710
C 71.62960 73.69000 9.79368
C 73.69590 67.76090 10.05550
C 72.71310 70.66170 9.89381
C 75.85330 70.05890 10.06870
C 74.82340 73.08440 9.94516
C 77.90840 72.49920 10.01480
H 74.04480 69.56140 11.63510
H 77.23700 68.90220 11.69910
H 72.99270 72.53510 11.45790
H 76.14600 71.94340 11.66770
C 79.03040 69.49440 10.11620
C 80.97240 71.93360 10.04940
C 82.18830 68.85590 10.10020
C 84.17590 71.25340 9.87718
H 79.28320 71.32900 11.69260
H 82.49960 70.74970 11.59750
H 81.37060 73.77570 11.56120
C 59.14330 76.22400 9.28967
C 62.35850 75.63560 9.48062
C 64.40230 77.94190 9.59093
C 61.33370 78.63820 9.49207
H 61.53850 80.50040 11.08140
H 62.60330 77.41720 11.15200
H 64.66120 79.82870 11.13130
H 59.48030 77.98870 10.97430
H 60.47110 74.98940 10.84860
H 63.65060 74.37600 11.13640
C 63.27210 81.05140 9.47663
C 68.60160 74.30010 9.74429
C 65.47010 75.03730 9.66128
C 67.44390 77.39520 9.68184
C 66.44990 80.54780 9.55736
C 70.57000 76.94970 9.65383
C 69.57120 79.81030 9.65246
H 70.95240 78.67720 11.34980
H 67.79240 79.27890 11.20170
H 65.69480 76.83860 11.33070
H 68.85000 76.23080 11.26780
C 76.95100 75.60380 9.75831
C 72.73460 79.28800 9.80008
C 73.82040 76.29150 9.73940
C 75.82330 78.55000 9.74443
H 76.25050 80.44910 11.30500
H 71.99310 75.63060 11.18600
C 78.04860 80.89690 9.59947
H 74.09540 78.06380 11.42570
H 75.16430 75.04980 11.35820
H 77.28900 77.42490 11.30160
C 83.08470 74.46650 9.92379
C 80.07500 74.97980 9.89302
C 79.10400 77.90550 9.72236
C 81.34010 80.31670 9.85096
C 82.31060 77.39840 9.94609
C 84.37500 79.74180 9.95111
H 82.64570 79.19380 11.63170
H 79.44920 79.81770 11.24750
H 80.46870 76.77770 11.41280
H 78.27810 74.39790 11.49280
H 83.58500 76.13390 11.58240
C 59.10230 84.75240 9.43655
C 62.16370 84.17320 9.55681
C 60.20670 81.73670 9.39334
C 61.10170 87.12640 9.68127
C 64.29570 86.51070 9.76733
H 63.55820 82.89410 11.09550
H 60.35220 83.49970 11.09650
H 62.50650 85.88030 11.29300
H 59.34400 86.49740 11.13930
C 65.38190 83.56750 9.56221
C 68.57800 82.91010 9.67053
C 67.41340 85.96390 9.68464
C 70.60520 85.38980 9.68766
H 70.98560 87.16140 11.28340
H 68.80440 84.75960 11.24430
H 66.71810 82.33140 11.16330
H 65.67240 85.29280 11.30610
H 69.90670 81.65830 11.24680
H 67.77730 87.73380 11.39870
C 71.69350 82.18470 9.71620
C 74.74370 81.58180 9.74716
C 76.94140 84.02380 9.54774
C 73.72340 84.73390 9.60070
C 75.73690 87.02860 9.53834
H 73.05910 81.08850 11.42300
H 77.27800 85.86950 11.10000
H 71.98050 84.08430 11.22140
H 74.08150 86.53610 11.19530
H 75.17840 83.46150 11.17820
C 72.66630 87.76700 9.60624
C 82.09660 85.90970 9.59347
C 80.18470 83.31130 9.63925
C 83.22010 82.77030 9.76258
C 79.05170 86.47810 9.52311
H 78.37960 82.79350 11.10690
H 83.56620 84.70240 11.15780
H 81.48290 82.22380 11.42660
H 80.37720 85.21860 11.18640
H 82.54840 87.75500 11.09620
C 59.06220 93.15890 9.73652
C 63.30830 89.50160 9.73686
C 60.02120 90.18230 9.62149
C 62.17010 92.44440 9.74234
H 60.36710 91.92790 11.35860
H 63.58040 91.30310 11.41460
H 62.50700 94.35920 11.31060
H 61.45050 88.95740 11.19920
H 64.58440 88.28160 11.45020
C 65.33390 91.97060 9.71921
C 68.48280 91.41660 9.74530
C 70.59070 93.81220 9.78505
C 66.29590 88.84170 9.79450
C 69.49340 88.36090 9.75656
C 67.48930 94.43330 9.74701
H 65.71100 93.80040 11.27890
H 68.86740 93.19870 11.39110
H 69.86230 90.18280 11.33710
H 66.72010 90.71340 11.30220
C 71.58070 90.82200 9.70447
C 73.65590 93.17530 9.65339
C 77.02500 92.50970 9.51100
C 77.95850 89.47760 9.55169
C 74.73170 90.08960 9.48668
H 72.00790 92.58810 11.34320
H 75.22060 91.93200 11.08940
H 77.27200 94.30550 11.17830
H 73.04230 89.56040 11.21890
H 76.16420 88.87460 11.03650
C 81.13120 88.88670 9.45360
C 83.18950 91.28960 9.44736
C 80.02080 91.90560 9.47005
C 84.23160 88.33680 9.45984
H 79.40210 88.30590 11.11480
H 78.35200 91.30090 11.12340
H 80.41210 93.75000 10.99010
H 83.56120 93.14310 11.05880
H 81.42780 90.69380 11.03480
C 82.22830 94.42130 9.46006
H 60.51310 100.33600 11.29400
H 63.65440 99.82230 11.45320
H 64.67650 96.81460 11.45790
C 62.33920 101.04900 9.81881
C 64.27100 95.06470 9.77916
C 63.20860 98.04290 9.88118
C 60.10600 98.53010 9.69270
C 61.10890 95.63030 9.75312
H 59.38650 94.96940 11.34530
H 61.41210 97.38530 11.41090
H 69.91000 98.53350 11.50200
H 70.93750 95.61290 11.42010
C 69.49820 96.77230 9.82425
H 67.76870 96.19290 11.46010
H 66.77610 99.18380 11.45910
C 68.54780 99.81430 9.89930
C 66.35870 97.38900 9.83944
C 65.41910 100.45200 9.91095
C 71.59970 99.30120 9.86254
C 74.73840 98.58120 9.62686
C 77.95670 98.04350 9.68813
C 75.84900 95.50230 9.62910
C 76.98910 101.01300 9.75946
H 76.19620 97.37010 11.19100
H 74.07960 94.96830 11.27860
H 75.20120 100.37800 11.24270
H 73.07680 98.02070 11.35880
H 72.02360 101.00600 11.46680
C 72.63420 96.19020 9.78688
C 81.10820 97.43660 9.63086
C 80.12860 100.41800 9.74143
H 81.49780 99.16290 11.38480
H 79.37370 96.74560 11.19340
C 83.14930 99.77560 9.70596
C 84.32400 96.87860 9.61222
H 78.35380 99.80810 11.38610
H 82.54000 96.17690 11.18190
C 78.95080 95.03780 9.51542
C 61.14130 70.20920 12.65860
C 60.05320 73.22840 12.49690
C 64.14390 69.59350 12.82500
C 63.21130 72.59730 12.75470
C 58.91850 67.80190 12.70020
C 67.28370 69.01100 13.01740
C 66.33640 71.98520 12.89640
C 70.43620 68.43680 13.17730
C 69.39960 71.30370 13.02680
C 71.65870 73.92430 13.00170
C 72.60930 70.81920 13.15600
C 75.80430 70.07480 13.24260
C 74.72600 73.29800 13.06350
C 77.92210 72.66010 13.20160
C 73.64780 67.74960 13.27310
C 79.01150 69.51050 13.32160
C 81.12110 72.01130 13.21790
C 82.15450 69.04400 13.31820
C 84.33680 71.38390 13.09190
H 80.41180 68.26590 11.72200
H 83.58220 67.68680 11.78820
C 62.12530 75.62880 12.59080
C 61.07590 78.69930 12.63650
C 64.27690 78.05010 12.83300
C 59.01970 76.15720 12.47620
C 65.30110 74.95360 12.83300
C 68.50370 74.43250 12.95940
C 67.48810 77.42410 12.85540
C 66.38910 80.51320 12.75690
C 70.60420 76.83600 12.88380
C 69.47940 79.86840 12.88700
C 76.86890 75.66950 13.01610
C 72.64980 79.30910 12.99730
C 73.63990 76.22570 12.93960
C 75.92730 78.67630 12.94350
C 83.20270 74.27410 13.10020
C 79.98760 75.02050 13.09940
C 79.07040 78.03190 12.90590
C 81.07900 80.43750 13.00320
C 82.11350 77.35100 13.11130
C 84.39920 80.02290 13.16270
C 63.18070 81.01880 12.71590
C 59.99840 81.58080 12.61480
C 62.07450 83.97980 12.76640
C 61.11820 87.09380 12.75630
C 64.25840 86.39870 12.95850
C 58.84400 84.63330 12.63180
C 65.30700 83.38030 12.80690
C 68.41680 82.87200 12.75820
C 67.39380 85.85570 12.95080
C 70.55320 85.30090 12.84110
C 71.59190 82.36780 12.90580
C 78.09200 81.01260 12.84510
C 74.89750 81.69530 12.88100
C 77.01160 84.02700 12.72750
C 73.78940 84.71920 12.75670
C 75.86670 87.13520 12.73520
C 72.72120 87.79080 12.84120
C 79.99870 83.49460 12.82480
C 83.17330 82.95370 12.88730
C 78.95470 86.50410 12.73030
C 82.15180 85.98370 12.70510
C 59.95140 90.03720 12.78640
C 63.05630 89.48580 12.97520
C 62.03730 92.56620 12.95880
C 58.96000 93.14250 12.89780
C 65.36230 92.03030 12.92150
C 69.54050 88.29200 12.90320
C 66.28140 88.91630 12.97490
C 68.40910 91.34890 12.96050
C 70.62910 93.72220 12.98990
C 67.39260 94.31480 13.01440
C 71.66480 90.73360 12.87200
C 74.86630 90.12230 12.70420
C 77.92340 89.45090 12.66430
C 76.97000 92.42450 12.77270
C 73.85900 93.07390 12.82550
C 82.11940 94.25630 12.66940
C 81.17600 88.92320 12.70740
C 83.21330 91.27740 12.60410
C 80.14720 91.95880 12.65210
C 84.37300 88.37920 12.62070
C 64.26990 94.87960 12.94250
C 59.93570 98.61500 12.94180
C 61.15600 95.51720 12.94420
C 62.23500 100.93300 12.96390
C 63.19810 97.98400 12.96950
C 68.49190 99.73070 13.09520
C 69.54300 96.70840 13.05880
C 65.40230 100.44600 13.04120
C 66.39970 97.43660 13.06780
C 76.92040 100.91000 12.93810
C 74.86250 98.59140 12.88470
C 75.90540 95.49560 12.80780
C 77.96120 97.88180 12.85980
C 71.73140 99.19350 13.08270
C 72.80490 96.12120 12.94350
C 83.32280 99.80700 12.87440
C 79.09670 94.80930 12.71340
C 81.13250 97.25150 12.85900
C 84.24890 96.77830 12.78630
C 80.13650 100.44300 12.95780
C 60.21580 106.99100 9.78734
C 61.23080 104.04400 9.78193
C 64.34200 103.53700 9.93295
C 63.40940 106.40900 9.93151
C 59.16290 101.60500 9.69144
H 62.58770 102.82300 11.44480
H 61.60560 105.81400 11.42350
H 59.39300 103.41900 11.29840
H 64.69650 105.22600 11.65410
C 70.58100 102.23400 9.87142
C 66.43230 105.90700 10.04390
C 67.43390 102.83500 9.92697
C 69.52960 105.22600 10.01060
H 65.68570 102.26600 11.49650
H 68.84970 101.61000 11.52690
H 66.86070 107.69000 11.63120
H 67.80990 104.58300 11.59860
H 70.98740 103.98800 11.54170
H 69.89370 107.02100 11.66410
C 71.66110 107.70200 10.10960
C 75.85690 104.02100 9.85430
C 77.97990 106.45900 9.83545
C 72.65300 104.77600 9.90977
C 74.73700 107.09000 9.96642
C 73.74940 101.62400 9.78972
H 73.05630 106.41600 11.64740
H 77.32470 102.82800 11.42600
H 76.24170 105.86200 11.45140
H 74.13480 103.44200 11.42900
C 84.22860 105.42300 9.74418
C 82.21490 102.90700 9.70971
C 81.04390 105.92500 9.80255
C 79.00280 103.39600 9.76496
H 79.40010 105.21700 11.34750
H 80.46510 102.21800 11.35140
H 83.57410 101.59400 11.25420
H 82.56140 104.63500 11.31020
H 81.53990 107.62100 11.46220
C 62.35070 109.44700 9.87415
C 61.23370 112.53800 9.85983
C 64.39200 111.99700 9.94959
C 59.09590 110.06300 9.74008
H 60.47440 108.82400 11.39230
H 63.64440 108.26400 11.48080
H 59.45650 111.85100 11.36140
H 61.50630 114.30100 11.54110
H 62.59400 111.28300 11.52560
H 64.66140 113.75900 11.63900
C 65.47030 108.88100 9.99033
C 68.61250 108.34500 10.02800
C 70.62410 110.69600 10.17980
C 69.60860 113.81400 10.22010
C 66.48100 114.37100 10.12920
C 67.59850 111.37500 10.10540
H 65.73500 110.75400 11.52930
H 68.89220 110.05500 11.73940
H 70.94530 112.48600 11.78950
H 67.82410 113.14700 11.77900
C 75.82760 112.57900 10.18800
C 72.67220 113.19600 10.20230
C 73.73310 110.17300 10.07450
C 76.81970 109.55000 9.97377
H 75.14350 108.85500 11.61460
H 72.05630 109.46600 11.74330
C 83.29810 108.43900 9.90566
C 81.08300 114.41900 10.26750
C 80.14760 108.95400 9.93243
C 82.19750 111.45500 10.21890
C 79.00460 111.86100 10.14680
C 84.24500 113.80800 10.22660
H 78.33130 108.30100 11.45670
C 63.27270 114.96300 9.97629
C 62.17380 118.04500 10.08520
C 61.12470 121.04800 10.20930
C 64.38290 120.53900 10.23530
C 60.18980 115.63600 9.96472
C 59.09530 118.67800 10.08370
H 60.42860 117.39700 11.65520
H 59.39080 120.38800 11.81970
H 63.61730 116.77900 11.56260
C 65.48110 117.44900 10.14970
C 67.44880 119.94800 10.36100
C 68.51210 116.79000 10.21140
C 70.63760 119.25500 10.36300
C 71.64900 116.24900 10.33050
C 77.94130 114.99800 10.35740
C 75.81620 121.00300 10.41640
C 76.91990 117.87900 10.37430
C 73.79240 118.68700 10.34630
C 74.79440 115.51800 10.34710
C 72.77330 121.68700 10.45920
C 78.95030 120.45600 10.46500
C 82.00010 119.84000 10.43450
C 83.13300 116.79700 10.28960
C 79.97300 117.48000 10.49450
C 63.18370 123.45600 10.34980
C 59.09900 127.08300 10.15220
C 62.23440 126.40700 10.31320
C 60.22590 124.03100 10.32040
C 65.37620 125.79800 10.53370
C 67.33360 128.27700 10.40120
C 69.50020 122.35100 10.55510
C 66.48160 122.90700 10.49090
C 68.46410 125.20500 10.55260
C 70.59560 127.78800 10.41330
C 71.59740 124.67800 10.56880
C 76.94570 126.49700 10.48690
C 73.75600 127.13000 10.51800
C 74.77020 124.02600 10.48530
C 78.03660 123.52100 10.47240
C 80.08360 125.93800 10.59540
C 83.13610 125.26800 10.52330
C 81.05140 122.89400 10.47790
C 84.21880 122.25400 10.42930
C 82.12970 128.32500 10.60150
C 63.23000 132.00000 10.16880
C 64.41540 128.89300 10.33840
C 60.15280 132.59800 10.01130
C 61.21700 129.46800 10.13060
C 62.32850 135.07200 10.19180
C 66.39060 131.43700 10.33150
C 68.56950 133.87100 10.50090
C 69.62630 130.79600 10.42090
C 65.34490 134.43000 10.35390
C 78.02070 131.93300 10.66440
C 72.81050 130.18100 10.48940
C 76.96460 135.04700 10.65990
C 75.92160 129.58400 10.57320
C 71.66420 133.29400 10.56810
C 74.90150 132.50700 10.55810
C 79.98660 134.30500 10.70780
C 81.09020 131.40800 10.66390
C 79.05690 128.97000 10.60570
C 83.16800 133.76600 10.66030
C 84.22150 130.81700 10.70030
C 61.15520 103.97800 12.96670
C 60.11760 107.02100 12.99210
C 64.23000 103.35100 13.15380
C 63.25880 106.48200 13.11910
C 59.04710 101.54700 12.83930
C 67.40890 102.76600 13.15700
C 66.48210 105.87800 13.19060
C 70.64640 102.15700 13.11710
C 69.57630 105.09600 13.17800
C 71.68410 107.62100 13.28040
C 72.72940 104.54000 13.13980
C 75.89760 104.01600 13.05450
C 74.84120 106.95600 13.18940
C 78.02300 106.40000 13.00470
C 73.91530 101.56100 12.96630
C 79.12700 103.42700 12.96960
C 81.17360 105.73400 12.97020
C 82.27560 102.78500 12.92560
C 84.24460 105.24500 12.97310
C 62.14970 109.41600 13.09280
C 61.15560 112.41200 13.11530
C 64.33920 111.87500 13.18020
C 59.04720 110.03200 12.95430
C 63.20320 114.97500 13.16360
C 65.32150 108.90400 13.14350
C 68.59070 108.20600 13.31690
C 67.44210 111.26500 13.29800
C 70.66610 110.58000 13.31640
C 66.33130 114.36900 13.30610
C 69.62310 113.61700 13.43460
C 76.97230 109.32200 13.16800
C 73.80650 110.08600 13.31070
C 75.85750 112.40700 13.38840
C 72.76020 113.00500 13.40840
C 78.00510 114.79600 13.55030
H 77.24560 111.28000 11.69220
H 76.20560 114.30700 11.93760
H 74.07900 111.91600 11.71750
C 83.27150 108.19400 13.14940
C 80.09720 108.66300 13.15120
C 79.00940 111.81400 13.40110
C 82.22570 111.27400 13.31410
C 81.03620 114.30200 13.47620
C 84.23220 113.78200 13.42240
H 83.63010 110.09000 11.65350
H 80.43150 110.65700 11.79840
H 79.35820 113.66900 11.82190
H 82.48550 113.18500 11.83790
C 62.15320 117.86300 13.22200
C 60.18410 115.51000 13.19970
C 61.15490 120.80000 13.45870
C 64.22840 120.39700 13.46940
C 58.97830 118.50200 13.26570
H 62.56070 119.80300 11.74980
C 65.24460 117.21600 13.31430
C 68.45220 116.76700 13.44740
C 67.37700 119.65500 13.58940
C 70.56580 119.14200 13.57380
H 67.77220 121.63600 12.15580
H 70.97340 121.04800 12.07110
H 68.85220 118.58600 11.88030
H 69.89430 115.57200 11.91140
H 65.67050 119.19200 11.87800
H 66.77960 116.17500 11.72030
C 71.65890 116.15100 13.52910
C 74.74890 115.51100 13.49090
C 76.79860 117.90300 13.64110
C 73.80050 118.57800 13.57840
C 75.82940 121.02100 13.64150
C 72.70460 121.51700 13.73750
H 75.13210 117.34000 11.90880
H 74.08970 120.40400 12.03190
H 77.16200 119.73800 12.01510
H 73.02670 114.91300 11.90440
H 72.03830 118.01000 11.96470
C 80.07970 117.33700 13.65130
C 83.21180 116.77300 13.48810
C 78.89370 120.38600 13.62980
C 82.16990 119.74500 13.60250
H 80.31510 119.23200 12.11680
H 81.45070 116.17100 11.96870
H 83.48330 118.59400 11.88110
H 82.45680 121.62600 12.03700
H 78.28740 116.73200 12.11360
C 60.09810 124.06200 13.45400
C 63.17170 123.37100 13.60180
C 62.13030 126.46600 13.49740
C 58.92240 127.21300 13.35570
H 62.54510 128.26900 11.82820
H 63.53970 125.17300 12.01670
H 60.37620 125.89900 11.87120
H 64.63600 122.24500 11.95330
H 61.47670 122.74300 11.95140
C 65.19630 125.88300 13.69790
C 69.53790 122.12300 13.77520
C 66.30810 122.82500 13.72380
C 68.52060 125.37700 13.81530
C 67.39120 128.42500 13.62510
C 70.55040 127.79000 13.69900
H 65.63080 127.66500 12.11330
H 68.81070 127.14200 12.03530
H 66.74840 124.68500 12.19290
H 69.88730 124.07800 12.25880
C 71.67290 124.80100 13.79450
C 74.91430 124.01500 13.69350
C 77.94150 123.42900 13.67070
C 76.90890 126.47500 13.77810
C 73.77300 127.18700 13.68420
H 75.17180 125.85100 12.10200
H 77.26920 128.27800 12.17150
H 76.25140 122.82200 12.01580
H 73.05110 123.46000 12.22550
H 71.94010 126.58100 12.10310
H 78.30170 125.27200 12.13010
C 83.18280 125.19300 13.74560
C 80.06080 125.85400 13.73940
C 81.07850 122.74700 13.70730
C 82.15630 128.27600 13.81520
C 84.19130 122.24700 13.64790
H 80.43540 127.69000 12.21030
H 83.50840 127.04000 12.15060
H 81.43740 124.59600 12.14920
H 79.34690 122.20800 12.05300
C 62.06200 134.95400 13.39610
C 63.12270 131.99500 13.46550
C 61.13200 129.51900 13.33250
C 64.21440 128.99000 13.54840
C 60.06260 132.60900 13.28440
H 63.52530 133.79200 11.84010
H 64.55240 130.77800 11.87700
H 59.37380 128.96500 11.67070
H 60.45320 134.40000 11.64910
H 61.49060 131.35900 11.69750
H 67.76210 130.17100 11.91130
H 71.01330 129.64600 12.11130
C 68.32170 133.71300 13.70450
C 69.40680 130.78100 13.64540
C 66.26060 131.34600 13.51140
C 65.18160 134.37500 13.51330
H 69.85920 132.63200 12.09650
H 66.71130 133.22000 11.96830
C 71.61800 133.16400 13.74690
H 76.21350 131.34000 12.23060
C 77.93850 131.92800 13.85100
C 75.86650 129.48300 13.79610
C 72.76790 130.24900 13.74410
C 76.85400 134.94600 13.85560
H 75.22060 134.30200 12.17710
H 73.08180 132.01200 12.08700
H 74.13430 128.97100 12.12930
C 74.75380 132.49500 13.73060
H 72.04920 135.01600 12.23290
C 84.33100 130.56700 13.77180
H 78.26120 133.75100 12.27820
C 80.00820 134.39000 13.84530
H 81.45140 133.17000 12.27680
C 83.11680 133.79300 13.94720
H 82.47510 130.11300 12.23670
C 79.00520 128.91000 13.79800
H 79.34980 130.73600 12.26600
C 81.17690 131.32800 13.81440
C 87.42230 2.97283 10.92880
C 86.51620 5.92074 10.95760
C 90.59020 2.35661 10.94700
C 89.49100 5.24909 11.08720
C 85.36830 0.48401 10.79020
C 88.54240 -0.01958 10.84520
C 93.62510 1.67793 10.91230
C 92.68820 4.77041 10.89610
C 95.83620 4.17811 10.80750
C 96.78700 0.98739 10.71900
C 99.06790 3.63451 10.81350
C 101.18400 5.95326 10.95150
C 99.96080 0.64684 10.69570
C 102.22200 3.05114 10.88880
C 103.15900 0.06984 10.70140
C 104.35200 5.34882 10.92840
C 107.60100 4.70888 10.95980
C 105.45600 2.46089 10.86080
C 108.65200 1.75785 11.07280
C 85.34280 8.96258 11.04220
C 88.52350 8.34355 11.11290
C 87.40020 11.32510 11.03970
C 90.63400 10.76380 11.14640
C 91.57460 7.82532 11.04750
C 94.83500 7.19774 10.95340
C 93.75490 10.19100 11.10190
C 95.76240 12.63760 10.97940
C 96.93650 9.56174 10.88940
C 98.00970 6.56014 10.89320
C 103.16600 8.37522 10.90040
C 100.08700 8.93435 10.88780
C 99.00110 12.03660 10.79340
C 102.11200 11.41820 10.73460
C 106.31300 7.78093 10.86450
C 109.42800 7.26564 10.76540
C 105.30400 10.78380 10.75760
C 108.37200 10.11190 10.71240
C 86.40710 14.50550 11.06530
C 89.57380 13.68460 11.04800
C 88.39320 16.79670 11.01390
C 90.46470 19.26680 10.95040
C 85.33310 17.41450 11.04830
C 87.45800 19.83070 10.99630
C 92.63810 13.10280 11.05280
C 91.61920 16.23450 10.87770
C 94.77090 15.60520 10.86460
C 93.69590 18.71940 10.90150
C 96.87170 18.13950 10.82350
C 97.84390 15.02330 10.80950
C 100.94500 14.51020 10.74370
C 99.99280 17.55600 10.81970
C 103.01600 16.88990 10.70080
C 101.99600 19.94490 10.82760
C 107.30100 13.17660 10.49610
C 104.16200 13.83190 10.66600
C 105.07200 19.14980 10.57460
C 106.14500 16.35180 10.51630
C 109.37300 15.65020 10.43870
C 108.30800 18.61880 10.43980
C 85.23260 25.80210 11.06850
C 89.51100 22.35240 11.01350
C 86.30220 22.98010 11.04770
C 88.30550 25.20970 11.05250
C 91.47470 24.68560 10.93660
C 92.62770 21.58260 10.98530
C 95.71030 21.17040 10.97690
C 94.62220 24.06240 10.91570
C 96.81300 26.46240 10.92500
C 97.75730 23.49070 10.94020
C 98.88880 20.51020 10.82990
C 103.11300 25.33170 10.78280
C 100.94400 22.93730 10.82850
C 99.83000 25.92180 10.87800
C 103.98800 22.38890 10.67720
C 106.17900 24.79360 10.67460
C 109.46300 24.20160 10.55220
C 107.30400 21.70260 10.39020
C 90.46890 27.68890 10.88960
C 87.32620 28.27700 10.89820
C 86.33470 31.41020 10.81160
C 89.44920 30.78970 10.82740
C 95.74270 29.52010 10.88490
C 92.58650 30.15830 10.85320
C 94.70820 32.62460 10.88790
C 93.64260 27.09980 10.95380
C 91.56470 33.23610 10.85330
C 97.91400 32.04510 10.97850
C 100.99100 31.33920 11.05060
C 102.00800 28.29340 10.97570
C 98.97070 29.07340 11.02150
C 104.03500 30.74450 10.94890
C 109.40900 32.49580 10.79300
C 107.31400 30.04160 10.75020
C 108.47000 27.07580 10.69190
C 105.13800 27.73020 10.77710
C 106.28200 33.14400 10.90010
C 87.32130 2.83027 14.14760
C 86.29030 5.90391 14.21190
C 90.46580 2.28363 14.13300
C 89.54920 5.20576 14.26210
C 85.31250 0.30386 13.89500
C 88.43350 -0.12945 14.05220
H 85.66010 2.26603 12.47300
H 87.76540 4.72299 12.67510
H 91.00480 4.09776 12.59350
H 88.80680 1.71549 12.49980
H 84.68070 5.28327 12.42890
C 93.77180 1.63526 14.06310
C 92.77510 4.68013 14.13630
C 95.89410 4.07049 13.99850
C 96.95360 1.00116 13.92070
H 96.25480 5.90435 12.46850
H 95.12020 0.46887 12.37560
H 94.12770 3.49288 12.43920
H 97.24180 2.86052 12.28700
H 91.93390 1.08980 12.57060
C 103.21900 -0.17534 13.86320
C 100.04900 0.42781 13.97820
C 98.94700 3.48078 14.00100
C 102.15300 2.90398 14.10880
C 101.12100 5.93192 14.20700
H 99.39410 5.37549 12.53120
H 100.39200 2.32900 12.44160
H 102.57700 4.80263 12.61410
H 103.64200 1.81843 12.43780
H 98.31440 -0.12826 12.29680
C 104.34600 5.46816 14.16560
C 105.38200 2.40623 14.12890
C 108.48100 1.64911 14.22970
C 107.73900 4.67002 14.11790
H 109.75200 0.54477 13.11340
H 108.93600 3.60894 12.70100
H 106.72100 1.14409 12.47280
H 105.76800 4.26117 12.55550
C 85.25830 8.88165 14.29450
C 88.46360 8.33708 14.25240
C 87.47110 11.41930 14.30510
C 90.64200 10.70620 14.36450
H 90.95010 12.57260 12.78430
H 88.85760 10.19410 12.70570
H 85.70610 10.72320 12.72880
H 86.68710 7.73139 12.63100
H 89.88040 7.11068 12.67750
C 91.72240 7.53809 14.25640
C 94.86650 7.07887 14.12900
C 93.87680 10.20480 14.21970
C 96.01060 12.67860 14.09720
C 96.95710 9.64249 14.12280
H 94.10990 12.04490 12.69200
H 95.22870 8.97112 12.60220
H 93.12050 6.52066 12.50340
H 92.01950 9.48863 12.74610
H 97.28680 11.40610 12.42860
C 97.89880 6.54673 14.11410
C 103.21400 8.44806 14.09870
C 100.00300 9.13506 14.06130
C 99.04740 12.05720 14.00570
C 102.10400 11.56460 13.93940
H 100.38100 10.84520 12.33580
H 98.31060 8.36428 12.52260
H 101.42800 7.76030 12.57590
H 103.54600 10.23440 12.44260
C 109.61800 7.04271 14.15330
C 106.38900 7.83105 14.11800
C 105.32800 10.92350 14.00430
C 108.65300 10.24470 13.89510
H 109.76900 9.06959 12.62000
H 105.59100 12.66840 12.21860
H 106.68200 9.65993 12.47320
H 108.79300 12.07590 12.12710
H 104.62300 7.20187 12.49360
H 107.80500 6.64042 12.51380
H 87.74350 13.18750 12.61690
C 85.32080 17.51740 14.22450
C 86.36590 14.42640 14.25500
C 89.40830 13.86410 14.21720
C 88.57930 16.77270 14.23480
C 90.59550 19.23490 14.21000
H 85.67740 19.26550 12.58710
H 89.91500 15.59330 12.54350
H 86.71840 16.23950 12.70850
H 88.79530 18.64730 12.64910
C 87.38960 19.91730 14.19060
H 84.62260 13.81310 12.65560
C 92.75140 13.33930 14.27060
C 91.66450 16.24760 14.10850
C 94.74500 15.70060 14.02410
C 93.61590 18.63760 14.11050
C 96.78810 18.10550 14.02160
H 95.06150 17.51190 12.41830
H 96.17230 14.48500 12.50320
H 93.00220 15.00520 12.46590
H 91.90890 18.04960 12.45490
H 97.16270 19.92780 12.44670
H 102.41100 13.28430 12.30090
C 97.99640 15.04000 14.04310
C 101.01900 14.42720 13.96450
C 100.00600 17.47750 14.03200
C 103.14400 16.83490 13.96210
H 98.26060 16.86750 12.41130
H 100.30700 19.34770 12.45110
H 101.37000 16.26720 12.39170
H 103.44200 18.64550 12.33290
H 99.25380 13.83800 12.39330
C 102.11200 19.91550 13.95530
C 107.44700 13.20060 13.75150
C 104.22400 13.87830 13.87680
C 109.48000 15.28930 13.65360
C 106.34500 16.18700 13.79690
C 105.27100 19.30040 13.78880
C 108.67000 18.53330 13.58910
H 109.74200 17.48300 12.31480
H 104.52500 15.71520 12.23560
H 106.61700 18.06240 12.18250
H 107.62500 15.04420 12.02300
C 85.23140 26.07110 14.19560
C 89.38600 22.25010 14.21090
C 86.33480 22.94790 14.22870
C 88.38660 25.32070 14.27380
H 90.84460 21.04560 12.59750
H 89.83960 24.11800 12.65750
H 87.70410 21.69350 12.56160
H 86.64840 24.68730 12.75930
H 84.53990 22.30300 12.62290
C 91.62930 24.75000 14.17040
C 92.64830 21.70660 14.18810
C 95.82990 21.11570 14.12690
C 94.62910 24.12900 14.16760
H 94.03150 20.49260 12.59000
H 96.04710 22.96930 12.57560
H 91.85540 26.53630 12.51580
H 92.91840 23.48140 12.51020
C 96.80590 26.50910 14.12440
H 95.05010 25.89070 12.52160
C 97.84180 23.38610 14.17150
C 98.96220 20.49170 14.06470
C 100.00000 25.76890 14.09900
C 101.06600 22.93020 13.98500
C 103.14200 25.17640 14.00190
H 102.38700 21.72120 12.38280
H 98.19510 25.23340 12.55280
H 99.23800 22.33250 12.47740
H 101.38200 24.72660 12.38030
C 104.29100 22.12270 13.85190
H 106.68300 26.53300 12.28400
H 107.64500 23.48530 12.15290
H 105.53200 21.03120 12.02550
H 109.69600 25.84100 12.57490
C 106.39400 24.67310 13.87500
C 109.49600 23.62830 13.76980
C 107.28800 21.54470 13.68400
H 104.53200 24.07460 12.34940
H 108.70700 20.50630 11.97330
C 86.37570 31.39720 14.08480
C 87.34590 28.35060 14.08710
C 89.41320 30.84200 14.01890
C 90.50300 27.82590 14.10450
H 90.81750 29.57820 12.45630
H 89.83020 32.59730 12.37800
H 86.70500 33.18430 12.46550
H 85.56940 27.75300 12.47990
H 88.73110 27.09650 12.54620
H 87.66680 30.16330 12.43010
H 84.59720 30.77840 12.47710
C 94.65390 32.52470 14.03280
C 95.72440 29.55190 14.09010
C 92.59900 30.22760 14.08040
C 91.54420 33.10750 14.05170
C 93.64870 27.13360 14.10050
H 96.11270 31.34720 12.45850
H 93.97830 28.96170 12.48430
H 92.94400 31.95740 12.42340
H 97.13810 28.30250 12.55130
C 97.71890 32.01020 14.17890
H 99.20800 30.81650 12.68140
C 102.13600 28.23000 14.17130
C 98.93370 28.96580 14.16260
H 103.49400 27.08380 12.48410
C 101.03000 31.35870 14.20880
H 101.32500 33.18420 12.59050
H 100.29800 27.66710 12.55160
H 102.42200 30.10830 12.60480
H 104.57700 32.56360 12.59110
H 105.56600 29.49230 12.39780
C 105.33400 27.62800 14.00000
H 108.72000 28.89300 12.33640
C 109.48000 31.89800 13.98220
H 107.64700 31.83690 12.43110
C 104.24700 30.64870 14.13030
C 106.39700 33.00120 14.17300
C 108.53700 26.94670 13.93250
C 107.39200 29.96140 14.00640
C 85.37790 34.37530 10.83190
C 87.31320 36.76550 10.77320
C 86.32930 39.77870 10.76480
C 90.58810 36.18380 10.81720
C 89.48230 39.18520 10.77150
C 88.39660 33.73730 10.77520
C 93.68560 35.57890 10.93010
C 92.67430 38.60300 10.86980
C 95.88050 37.99030 10.95360
C 96.90010 35.07500 10.99250
C 99.88530 34.37500 10.99460
C 98.98080 37.37540 10.96530
C 102.11400 36.70100 11.00230
C 101.12500 39.73810 10.85960
C 103.10400 33.79310 11.04070
C 104.28700 39.18200 10.96600
C 105.26100 36.16440 11.05440
C 108.50700 35.49880 11.03750
C 107.45200 38.47230 10.95730
C 85.18970 42.78110 10.75980
C 88.48610 42.18390 10.70570
C 90.68930 44.58020 10.65130
C 87.38870 45.17320 10.63240
C 91.65610 41.54210 10.83360
C 94.74180 40.95990 10.86330
C 93.80460 43.89490 10.64020
C 96.87000 43.41430 10.77230
C 95.95840 46.61160 10.69000
C 92.68050 47.03720 10.53680
C 97.96950 40.44490 10.85890
C 103.23000 42.13810 10.79110
C 100.06600 42.83290 10.80680
C 99.01030 45.82730 10.71860
C 102.17800 45.20610 10.72990
C 106.38200 41.43900 10.81080
C 109.42200 41.25020 10.79350
C 105.30000 44.57820 10.68690
C 108.51500 44.06910 10.83390
C 85.29600 51.15210 10.38880
C 86.28520 48.18730 10.55270
C 89.52710 47.60790 10.46990
C 88.42150 50.55160 10.32460
C 90.52440 53.08620 10.19230
C 87.31410 53.62760 10.22560
C 91.58000 50.04630 10.33380
C 94.87390 49.50920 10.60550
C 93.71500 52.39950 10.29000
C 96.90180 51.92050 10.47490
C 97.85950 48.87940 10.64560
C 101.14000 48.24870 10.71110
C 99.98180 51.15590 10.56150
C 103.07700 50.57940 10.49410
C 102.12600 53.59500 10.28510
C 107.54800 46.92280 10.76000
C 104.27800 47.52580 10.65490
C 106.29100 49.98630 10.51590
C 109.56500 49.60830 10.66760
C 105.30800 52.95170 10.28130
C 108.54200 52.30340 10.38450
C 85.34640 59.83850 10.03990
C 86.39080 56.77380 9.95156
C 89.54760 56.14880 10.04560
C 88.64190 59.19440 9.96940
C 91.62300 58.60660 9.98531
C 92.68920 55.58200 10.12270
C 95.89150 54.88770 10.25120
C 94.87700 57.94160 10.06660
C 96.86880 60.43900 9.92026
C 97.89470 57.25970 10.09580
C 98.97680 54.19880 10.32070
C 101.06300 56.58200 10.15080
C 103.11200 59.18340 9.78903
C 99.96930 59.69830 9.80417
C 104.11000 55.99160 10.01630
C 106.27800 58.53010 9.72433
C 109.53300 57.47180 9.57647
C 107.42300 55.23910 9.95109
H 109.67300 59.83070 10.77060
C 90.64590 61.61030 10.00300
C 87.38660 62.15700 10.05720
C 89.60640 64.60330 9.95860
C 86.37520 65.24660 10.04180
C 94.89180 66.41290 9.74704
C 95.85300 63.40690 9.91148
C 92.71810 64.05020 9.97538
C 93.68650 61.01170 9.96972
C 91.71050 66.98740 9.85883
C 101.11600 65.22840 9.63397
C 98.88480 62.74310 9.81915
C 102.13000 62.25140 9.70194
C 98.00800 65.84440 9.66505
H 101.53400 67.07360 11.21570
C 106.27200 67.23010 9.53744
C 104.17100 64.67920 9.63816
C 107.19700 64.08330 9.39050
C 105.23200 61.59820 9.66837
H 107.79200 65.88700 10.96460
C 108.40700 60.92950 9.41739
C 109.55600 66.68820 9.45439
H 104.63500 66.49190 11.19490
C 87.45270 36.83060 13.95970
C 86.32190 39.90080 13.88950
C 90.42990 36.16710 14.00850
C 89.48820 39.29570 14.00580
C 85.37210 34.48410 14.01030
C 88.51390 33.82350 13.99400
H 88.76860 35.56930 12.32760
H 90.84510 37.98640 12.42350
H 85.62340 36.30110 12.39300
H 87.75410 38.63160 12.37820
H 84.54930 39.20320 12.33290
C 93.67290 35.58480 14.11070
C 92.53670 38.53260 14.09590
C 95.83520 38.03960 14.15730
C 96.77450 35.02320 14.17460
H 95.11790 34.37880 12.49580
H 94.07120 37.42530 12.53360
H 91.91340 34.97080 12.51080
H 97.25230 36.82410 12.60810
H 96.22280 39.81540 12.49670
C 99.94400 34.40350 14.23650
C 98.99490 37.48210 14.21340
C 102.07600 36.86120 14.22960
C 101.12800 39.92100 14.09750
H 103.52500 35.59250 12.72000
C 103.09700 33.67340 14.23250
H 98.20150 33.78960 12.64650
H 102.50800 38.61900 12.54300
H 100.37300 36.18710 12.60660
H 99.33590 39.24520 12.55320
C 104.36800 39.20770 14.06420
C 105.37400 36.15710 14.25430
C 108.61400 35.27270 14.21870
C 107.65000 38.40050 14.09620
H 109.83100 34.16760 12.79140
H 106.69200 34.88650 12.61540
H 108.83900 37.28760 12.65610
H 105.69000 37.95750 12.61420
C 88.45270 42.26310 13.96960
C 90.69810 44.74000 13.78260
C 87.43290 45.27520 13.83440
C 85.32760 42.86420 14.00550
H 89.85740 41.02640 12.38950
H 90.96680 46.51360 12.14600
H 88.86530 44.02020 12.28190
H 86.67590 41.66680 12.30070
H 85.61580 44.65150 12.27840
C 91.58590 41.78080 14.00920
C 94.78660 41.13180 14.03940
C 93.75240 44.13150 13.86300
C 96.85770 43.52920 13.96970
C 95.79580 46.50590 13.86820
H 93.02090 40.37910 12.54860
H 92.06620 43.43840 12.25930
H 95.15890 42.81510 12.38090
H 97.23670 45.28380 12.30290
H 94.15940 45.84160 12.12280
C 97.86540 40.49210 14.11920
C 103.18800 42.26210 13.97260
C 100.06800 42.86400 13.99520
C 99.00860 45.89320 13.87420
C 102.26700 45.21000 13.95960
H 98.28670 42.28720 12.41620
H 101.46600 41.61090 12.39250
H 100.45000 44.65630 12.38270
H 103.58400 44.04310 12.26050
H 107.84800 40.33440 12.48620
C 109.72400 40.67970 14.08050
C 106.42300 41.60790 13.99630
C 105.30500 44.54680 13.89850
C 108.50700 43.81250 13.94560
H 109.71400 42.86380 12.76140
H 105.68400 46.41830 12.30050
H 104.63900 41.05730 12.45320
H 106.71200 43.36300 12.29310
H 108.84300 45.87600 12.55090
H 87.79170 47.04790 12.17010
C 86.44950 48.26960 13.73980
C 89.60160 47.78300 13.71100
C 88.54070 50.73620 13.52480
C 90.51210 53.22320 13.42840
C 85.31350 51.26850 13.53860
H 85.61120 53.12950 11.89630
H 86.72440 50.05890 12.05700
H 88.80030 52.49070 11.81000
H 89.86130 49.44070 11.93390
C 87.42890 53.81430 13.36440
H 84.54520 47.69560 12.20400
C 92.74020 47.12520 13.69060
C 91.55450 50.18980 13.54140
C 94.74770 49.55460 13.66720
C 93.56320 52.60180 13.52500
C 96.76560 52.06620 13.67450
H 91.88810 51.93250 11.85800
H 95.08120 51.42840 12.07580
H 92.97560 48.93020 12.02810
H 96.19820 48.40420 12.34870
H 97.19840 53.76240 11.99840
H 102.53000 47.04240 12.31840
C 97.92770 49.01730 13.89820
C 101.11000 48.28720 13.89470
C 100.00800 51.47650 13.70600
C 103.21800 50.90310 13.71050
H 100.40600 53.15020 11.94770
H 98.22530 50.73360 12.18190
H 99.32300 47.72620 12.29260
H 101.44000 50.11450 12.27500
H 103.55900 52.52920 11.93110
C 102.20800 53.79800 13.52220
C 107.59900 46.97590 13.87970
C 104.28600 47.73640 13.85620
C 109.50500 49.25550 13.95060
C 106.30200 50.25750 13.74080
C 105.30000 53.34390 13.45260
C 108.58300 52.64550 13.63650
H 109.77600 51.42410 12.51250
H 107.77600 48.89490 12.23320
H 104.54800 49.50480 12.12910
H 106.72900 51.93310 11.99910
C 86.35630 56.81280 13.19180
C 89.44520 56.26870 13.25110
C 88.54610 59.17050 13.23760
C 85.41650 59.70990 13.23430
H 87.73820 55.59640 11.61630
H 90.90200 54.96100 11.72190
H 89.95690 57.98010 11.60020
H 86.83030 58.60880 11.56470
H 84.64170 56.14150 11.59450
C 92.62360 55.72570 13.24110
C 95.68510 55.04180 13.46100
C 91.67080 58.63710 13.18030
C 94.74550 58.09740 13.26030
H 94.05700 54.33520 11.79020
H 96.18350 56.77410 11.83270
C 96.90550 60.47540 13.13820
H 93.07450 57.43130 11.55420
H 95.15520 59.85470 11.57470
H 92.00580 60.41760 11.57430
C 101.15000 56.90450 13.26190
C 103.25500 59.25100 13.05140
C 100.04400 59.90190 13.08420
C 98.96690 54.43370 13.49900
C 97.97040 57.55920 13.28020
H 99.27150 56.14500 11.79330
H 102.49600 55.48890 11.80440
H 101.43800 58.61010 11.48830
H 98.27680 59.24420 11.47830
C 104.31000 56.32100 13.21210
C 107.45600 55.76670 13.18480
C 109.48000 58.14560 12.89180
C 106.40800 58.68950 12.88340
H 107.72200 57.34600 11.28270
H 108.82600 54.38310 11.78680
H 104.56600 57.95580 11.39640
H 105.65700 54.97490 11.65210
H 106.69400 60.42740 11.25700
C 89.64010 64.71730 13.16470
C 90.69330 61.65140 13.20640
C 86.50680 65.24840 13.25740
C 87.51610 62.27800 13.23930
H 88.89480 60.97940 11.62930
H 85.62330 61.64860 11.73290
H 84.65430 64.67890 11.74390
H 87.82980 64.04260 11.59170
H 91.02540 63.44900 11.59920
H 86.74550 67.08680 11.64610
H 89.94070 66.46890 11.45770
C 95.93790 63.53600 13.07550
C 93.73900 61.04410 13.20990
C 95.13140 66.59220 12.96170
C 92.79340 64.12040 13.16370
C 91.70600 67.17450 13.02000
H 93.21500 65.91270 11.50660
H 97.24000 62.24620 11.50810
H 96.31330 65.25010 11.34640
H 94.12950 62.81790 11.57690
C 98.06260 65.98370 12.87290
C 101.12600 65.27740 12.89580
C 99.10090 62.87960 12.91180
C 102.13400 62.29800 12.92650
H 99.39140 64.68360 11.26770
H 100.41500 61.59540 11.33390
H 103.52200 61.03190 11.37170
H 102.48500 64.09040 11.28440
C 107.43100 64.11630 12.69960
C 106.42500 67.04680 12.66920
C 109.47600 66.25420 12.78490
C 105.34000 61.69970 12.85520
C 104.24600 64.70680 12.83660
C 108.55000 61.21480 12.77450
H 105.61100 63.50220 11.19990
H 108.73600 62.92770 11.01380
C 87.41400 70.72250 9.91631
C 86.38670 73.81340 9.89737
C 90.52570 70.18960 9.79894
C 89.46110 73.16320 9.88892
C 85.25550 68.28110 10.02740
C 88.43140 67.68730 9.91663
H 87.74650 72.54780 11.48150
H 84.54300 73.13920 11.35510
H 90.89680 72.00860 11.45590
C 93.68190 69.56940 9.73676
C 92.59010 72.61560 9.81075
C 95.65160 71.91020 9.53230
C 96.84650 68.83280 9.55486
H 96.09090 73.82180 11.04990
H 94.06650 71.37820 11.36160
H 97.19960 70.75450 11.08490
C 103.25500 67.72320 9.57075
C 100.17300 68.27460 9.59396
C 98.96520 71.36710 9.46101
C 102.22000 70.80030 9.53250
C 101.15900 73.97460 9.55255
H 102.50100 72.60850 11.13000
H 103.62100 69.55990 11.16990
H 100.39400 70.20320 11.10710
H 99.37300 73.19140 11.09390
C 104.28400 73.28240 9.55291
C 105.29800 70.26100 9.51560
C 108.45300 69.57360 9.45343
C 107.45700 72.63030 9.50376
H 106.72100 68.97570 11.11620
H 105.74000 72.04510 11.12860
H 108.87000 71.41000 11.09080
C 85.39760 76.80760 10.01920
C 88.42480 76.15980 9.86329
C 87.33740 79.18210 9.81242
C 90.47430 78.57200 9.66483
H 85.73720 78.61820 11.63990
H 88.83050 78.08010 11.39160
H 90.98560 80.45410 11.10880
H 86.76850 75.57360 11.59940
H 89.90260 75.02840 11.42090
C 91.54690 75.59960 9.75083
C 94.59280 75.17110 9.60761
C 93.71880 78.06800 9.65250
C 96.82090 77.46290 9.63737
C 95.93030 80.47150 9.70489
H 91.97130 77.47790 11.26550
H 94.07880 79.89300 11.19900
H 95.10410 76.85510 11.23830
H 97.23430 79.25480 11.32670
H 93.01920 74.45170 11.35260
C 97.93440 74.37910 9.51285
C 103.26800 76.29030 9.65493
C 100.08200 76.88630 9.61157
C 98.99260 79.87980 9.67142
C 102.12400 79.32870 9.72399
H 100.35500 78.64580 11.25070
H 103.50300 78.07710 11.35090
H 101.46700 75.64750 11.20300
H 98.27280 76.19590 11.15870
C 106.36500 75.66090 9.68630
C 109.46400 75.20050 9.57213
C 105.28200 78.69300 9.70479
C 108.38900 78.16620 9.67882
H 105.70900 80.57260 11.27930
H 107.84400 74.38790 11.21240
H 104.64600 75.04060 11.31580
H 106.69600 77.49010 11.31490
H 108.84700 79.94130 11.31050
H 87.79530 81.05780 11.27380
C 85.31450 85.12560 9.49731
C 86.34370 82.21380 9.70694
C 89.54870 81.66760 9.63918
C 90.52190 87.18770 9.45884
C 88.34930 84.61260 9.62342
H 88.81890 86.52720 11.04780
H 85.64190 87.03990 10.99110
H 84.65970 81.67130 11.41300
H 89.86450 83.51730 11.22290
H 86.69340 84.09810 11.26840
C 87.36620 87.66730 9.38963
C 92.70980 80.94050 9.48484
C 91.50210 84.04690 9.49864
C 96.90800 85.92100 9.49921
C 94.86720 83.42820 9.53391
C 93.68470 86.54290 9.54642
H 95.14670 85.32630 11.13280
H 97.22450 87.68100 11.17280
H 96.12280 82.29670 11.28150
H 93.01070 82.85040 10.99710
H 91.85540 85.92350 11.06400
C 97.92080 82.86410 9.64029
C 101.22100 82.19360 9.72607
C 100.04500 85.32920 9.60929
C 103.18400 84.89640 9.74260
H 102.57300 81.09080 11.36170
H 98.29010 84.70950 11.10850
H 101.46300 84.13360 11.25100
C 102.17500 87.80650 9.78495
H 103.51300 86.60870 11.45330
H 99.36990 81.66710 11.26210
H 100.39000 87.09960 11.28870
C 104.21000 81.75270 9.69235
C 107.49900 81.25930 9.67846
C 105.32700 87.17110 9.88045
C 106.38000 84.25800 9.86370
C 109.77900 84.03580 10.26180
C 108.53000 86.60460 10.25770
H 104.56000 83.55710 11.31730
H 107.87400 82.99010 11.41100
H 84.61550 90.14630 11.04480
C 86.29020 90.75580 9.37430
C 85.28450 93.91950 9.43415
C 89.61620 90.13240 9.42626
C 88.56160 93.17170 9.48694
H 90.96650 88.93180 11.12890
H 89.83910 91.88070 11.11820
H 86.67590 92.59510 10.95680
H 87.77220 89.54490 10.88560
C 94.83450 92.02900 9.68279
C 92.74000 89.54270 9.57533
C 91.58970 92.60320 9.60900
C 95.99370 89.06550 9.60942
C 96.90700 94.37250 9.77726
H 94.19490 88.36560 11.14140
H 93.01280 91.38210 11.19010
H 95.13010 93.78790 11.37000
H 96.20100 90.76470 11.34100
H 91.90720 94.32600 11.34970
C 99.05180 88.36960 9.70275
C 99.96370 93.90800 9.85535
C 101.09400 90.72250 9.84222
C 98.02240 91.39760 9.78052
C 103.16100 93.32370 9.86297
H 102.46900 89.55950 11.43980
H 99.28270 90.10680 11.38640
H 98.26010 93.22070 11.43190
C 107.51100 89.57700 9.97505
C 109.41500 92.26230 9.93999
C 104.19600 90.22060 9.83815
C 106.32100 92.66080 9.88245
H 105.66100 88.98030 11.43000
H 106.64200 94.48240 11.51990
H 107.71600 91.43900 11.51870
H 84.64140 98.63680 11.21550
C 87.40220 96.31680 9.56085
C 86.41480 99.36690 9.69620
C 90.63390 95.65640 9.63896
C 89.53540 98.77250 9.64474
H 90.94630 97.48800 11.27260
H 88.77080 95.00020 11.08950
H 85.71330 95.62930 11.18300
H 89.93020 100.55800 11.31250
H 87.80820 98.04670 11.25480
H 86.70350 101.08600 11.38400
C 94.80690 100.60900 10.04540
C 95.91930 97.57520 9.82657
C 92.76500 98.20840 9.75528
C 91.75420 101.27000 9.90753
C 93.73350 94.99750 9.78736
H 94.11500 96.84420 11.36820
H 96.22720 99.28880 11.53720
H 93.01420 99.86690 11.54230
H 97.23400 96.19900 11.34850
C 102.17200 96.39510 9.95952
C 98.03820 100.04200 10.00020
C 99.01280 96.93430 9.87176
C 101.10100 99.33590 10.04190
H 100.35200 95.66230 11.52550
H 103.45300 95.09260 11.57850
H 99.32710 98.68230 11.53530
H 108.82100 96.82160 11.70650
C 105.22300 95.75090 9.98275
C 107.52300 98.03280 10.04860
C 106.36500 101.14200 10.17250
C 109.42100 100.51300 10.05200
C 108.45400 95.08340 9.99554
C 104.29400 98.68010 10.03650
H 107.76900 99.81140 11.78730
H 105.68400 97.46860 11.62980
H 104.63100 100.44200 11.78060
C 87.45550 70.70600 13.06110
C 86.25920 73.63970 13.05580
C 90.70450 70.11400 13.04230
C 89.52830 73.25680 13.04100
C 85.38560 68.40070 13.26350
C 88.58880 67.70180 13.13250
H 88.87460 69.49870 11.46700
H 85.64470 70.10790 11.51700
C 93.77990 69.47040 12.91030
C 92.68970 72.64700 12.98510
C 95.89210 72.03140 12.78310
C 97.03580 68.99630 12.78100
H 91.95060 68.93110 11.33530
H 95.20300 68.33580 11.25570
C 100.16400 68.29900 12.73660
C 99.01330 71.31370 12.71820
C 102.13500 70.77170 12.74350
C 101.10000 73.84430 12.76780
C 103.30400 67.71000 12.81320
H 98.33380 67.68890 11.15730
C 104.31400 73.13490 12.76670
C 105.38200 70.24240 12.74330
C 108.62100 69.38490 12.62870
C 107.51700 72.50370 12.80330
H 109.70500 68.40040 11.41740
C 88.56880 76.29180 13.05110
C 87.59670 79.38300 13.02680
C 90.69280 78.76000 12.83750
C 85.35370 76.73110 13.18700
C 91.68970 75.75380 12.95150
C 94.85250 75.02770 12.83760
C 93.76140 78.14440 12.80600
C 95.76900 80.45740 12.86430
C 96.91800 77.33470 12.84130
C 97.90270 74.30490 12.69490
C 103.20800 76.18990 12.90550
C 99.98850 76.78750 12.79910
C 98.97510 79.88700 12.91640
C 102.01400 79.29110 12.93840
C 109.60900 74.68790 12.94920
C 106.47100 75.61740 12.84290
C 105.27700 78.74020 12.89630
C 108.59000 78.00820 12.97810
C 107.41400 81.08810 12.99000
H 109.70100 76.88000 11.54580
C 85.28240 85.37880 12.77410
C 86.50070 82.31760 12.88020
C 89.65550 81.70200 12.75370
C 88.49840 84.79590 12.76250
C 90.47570 87.12830 12.72670
C 87.35420 87.75980 12.53110
C 92.65430 81.13960 12.69950
C 91.69830 84.08600 12.69000
C 94.61300 83.52170 12.73920
C 93.61860 86.55380 12.66540
C 96.83560 85.83180 12.74610
C 97.92630 82.94230 12.77440
C 101.11000 82.28690 12.87150
C 99.98550 85.20600 12.81960
C 103.09200 84.73900 12.94150
C 102.01400 87.78850 13.03340
C 104.32800 81.74370 12.94950
C 109.59700 83.01730 13.27040
C 106.27200 83.99830 13.03690
C 105.18000 87.29550 13.11180
C 108.29500 86.51470 13.38560
H 109.60100 85.48170 12.44590
H 106.58300 85.96530 11.62450
C 85.28950 93.75800 12.65400
C 89.39070 90.02880 12.66330
C 86.44320 90.81000 12.55480
C 88.41430 93.09950 12.62330
C 91.46990 92.41160 12.84900
C 92.73290 89.50020 12.75670
C 95.92270 88.84860 12.83800
C 94.69330 91.92250 12.88700
C 96.83680 94.46410 12.99270
C 97.94660 91.39740 12.99280
C 98.88970 88.18390 12.85740
C 100.99300 90.77460 13.02680
C 103.10100 93.23970 13.15060
C 99.93800 93.75980 13.08940
H 101.38300 92.61210 11.46230
C 104.17100 90.15830 13.03720
C 106.34700 92.69720 13.11740
C 109.39900 91.81500 13.30670
H 109.65700 93.87450 11.87380
H 108.78400 88.48200 11.83640
C 107.28900 89.67790 13.22200
H 104.58000 92.07920 11.48720
C 89.50030 98.68370 12.88730
C 90.43800 95.58520 12.82780
C 87.41370 96.16450 12.77790
C 86.37790 99.12870 12.86140
C 92.62480 97.91020 13.03820
C 94.76120 100.40700 13.18050
C 95.86700 97.38420 13.00930
C 93.63770 94.93790 12.94300
C 91.54800 101.02000 13.18070
H 102.50600 98.10910 11.61120
H 101.37900 101.06600 11.76330
C 97.90240 99.86130 13.20010
C 101.00700 99.16880 13.22880
C 98.84060 96.86420 13.06610
C 102.03100 96.28030 13.20550
C 106.41700 101.10600 13.39470
C 105.23300 95.60220 13.17080
C 108.44900 94.81360 13.20830
C 109.60300 100.08900 13.42120
C 107.37200 97.92540 13.35090
C 104.21500 98.54480 13.29560
C 89.63210 107.23500 10.11460
C 86.39660 107.81800 9.98227
C 87.49720 104.84600 9.79529
C 85.28950 102.25500 9.69311
C 90.70190 104.10800 10.05050
C 88.43240 101.80700 9.78059
H 85.64660 104.11100 11.23610
H 84.62490 107.11800 11.48750
H 88.83470 103.57100 11.44070
C 92.74110 106.54200 10.16390
C 95.83570 105.79600 10.24020
C 96.81000 102.97900 10.23640
C 93.69400 103.54900 10.17060
H 95.08000 102.32000 11.78040
H 91.99160 102.89100 11.72200
C 100.03300 102.42900 10.26320
C 98.99300 105.17700 10.43030
C 101.12000 107.67400 10.43180
C 101.98600 104.72800 10.42470
C 103.16300 101.60500 10.19790
C 104.14400 107.18500 10.37460
C 105.25600 104.20800 10.23530
C 107.50400 106.49900 10.27820
C 108.39000 103.54700 10.08100
H 108.85600 105.36700 11.63960
H 106.70300 102.94600 11.81750
H 105.65000 105.95800 11.91250
C 88.49080 110.15000 10.16640
C 85.34260 110.83200 10.07830
C 87.34720 113.15600 10.16610
C 90.66100 112.72800 10.18210
C 91.64200 109.53300 10.23900
C 95.97270 114.37000 10.35400
C 93.70990 111.96600 10.21960
C 94.78420 108.99700 10.21900
C 96.99930 111.35100 10.35270
C 98.02330 108.32500 10.29850
C 100.08700 110.76700 10.40280
C 99.00550 113.84200 10.44930
C 103.23900 110.07900 10.38890
C 102.03800 113.18500 10.37780
C 105.18600 112.64700 10.21590
C 106.25600 109.40600 10.29240
C 108.30800 111.99200 10.09290
C 109.22000 108.99800 10.07060
H 107.75100 108.32400 11.93490
C 85.31250 119.20700 10.44280
C 86.32540 116.34000 10.24170
C 90.48270 121.13100 10.51040
C 88.45730 118.62400 10.41850
C 89.55640 115.70300 10.28960
C 87.39690 121.70600 10.46140
C 92.71640 115.04200 10.22720
C 91.66430 118.13200 10.33830
C 93.81630 120.47400 10.51400
C 94.84100 117.44500 10.34750
C 96.90350 119.84500 10.52250
C 98.04110 116.95400 10.52470
C 100.01300 119.25800 10.55030
C 103.19800 118.55400 10.46010
C 101.05700 116.33300 10.50490
C 102.14500 121.67700 10.49630
C 107.40600 115.07000 10.21380
C 104.23000 115.65000 10.38340
C 105.22400 121.03300 10.36800
C 109.38200 117.55700 10.37670
C 108.46600 120.43400 10.31670
C 106.37200 117.92200 10.43000
C 85.22870 127.72400 10.53630
C 88.49170 127.20300 10.57870
C 86.34050 124.71400 10.48260
C 89.51780 124.05000 10.55420
C 91.67150 126.56400 10.58600
C 94.87120 125.88900 10.56200
C 95.90130 122.86500 10.56910
C 92.73870 123.51800 10.58130
C 96.87570 128.43100 10.56370
C 98.95740 122.32200 10.64150
C 97.94320 125.34100 10.60190
C 99.97130 127.82300 10.51570
C 103.14700 127.08300 10.35860
C 100.94000 124.78300 10.56000
C 107.34400 123.26800 10.16950
C 109.49300 125.46100 9.81433
C 106.35200 126.58600 10.09100
C 104.17500 124.08900 10.33370
H 109.68400 127.75400 11.10440
C 87.47410 130.26300 10.67570
C 86.35360 133.21200 10.75620
C 90.58530 129.60900 10.74800
C 89.56040 132.59600 10.82480
C 91.55110 135.11800 10.85870
C 94.71710 134.42800 10.75800
C 93.72030 128.94600 10.69620
C 95.72610 131.30000 10.65820
C 92.57800 131.92100 10.75230
C 98.86840 130.82700 10.58710
C 102.05000 130.24500 10.41220
C 101.07000 133.21800 10.57420
C 97.84030 133.78300 10.64700
C 109.85900 134.88200 10.83810
C 105.16000 129.68200 10.15290
C 106.36700 135.24900 10.56430
C 107.45500 132.11000 10.19890
C 104.21100 132.80700 10.44640
C 108.41600 129.04500 9.85882
C 87.31990 104.65000 13.01870
C 86.31620 107.60300 13.18390
C 90.47130 104.09400 13.18470
C 89.44580 106.99700 13.27370
C 85.22900 102.29700 12.90720
C 88.47360 101.69500 12.98340
H 87.78940 106.52000 11.53480
H 90.94990 105.91100 11.68280
C 93.64450 103.47500 13.38000
C 92.57710 106.46900 13.38330
C 95.72700 105.90900 13.44250
C 96.82420 102.81300 13.39900
H 97.19090 104.70200 11.92710
H 96.15280 107.69700 11.77180
H 94.03650 105.31300 11.82320
C 99.91660 102.06800 13.45190
C 98.90920 105.24500 13.59990
C 102.17300 104.70800 13.59410
C 100.99900 107.76600 13.60550
C 103.11400 101.57500 13.42760
H 98.23080 101.73100 11.72020
H 100.35900 104.04300 12.11210
H 99.32270 107.06000 11.95830
H 103.51600 103.44000 11.84750
H 102.49200 106.53900 12.07320
C 104.33600 107.06000 13.64660
C 105.20200 104.10100 13.49870
C 108.60700 103.52600 13.43240
C 107.50800 106.45000 13.48010
H 109.75500 102.30400 11.98000
C 88.29090 110.24700 13.32430
C 90.53140 112.61900 13.45020
C 87.33470 113.15000 13.39820
C 85.26930 110.69800 13.37960
H 90.96420 114.44500 11.86470
H 88.87600 112.03500 11.73840
H 86.67060 109.51900 11.68320
H 85.61090 112.55500 11.81380
H 89.88800 108.96900 11.88340
C 91.69730 109.53500 13.42280
C 94.78230 108.92200 13.43300
C 93.70510 112.02600 13.43980
C 96.88620 111.27700 13.57600
C 95.79860 114.32800 13.49890
H 94.08280 113.79700 11.80040
H 97.26520 113.12500 12.02840
H 93.03700 108.29200 11.79490
H 91.96160 111.40800 11.84350
H 95.11240 110.82400 11.87190
C 97.80010 108.22000 13.50770
C 103.17700 110.19300 13.57710
C 100.04800 110.71100 13.58940
C 98.92180 113.70300 13.70870
C 102.13300 113.12000 13.56460
H 101.44400 109.53600 11.94890
H 103.55300 111.97000 11.94780
H 100.33100 112.58900 12.01970
H 98.30920 110.07600 12.00320
C 109.64700 108.67100 13.40690
C 106.33800 109.59100 13.49110
C 105.35500 112.52800 13.49860
C 108.62100 111.71100 13.15450
H 106.59800 111.34400 11.73760
H 108.87200 113.78900 11.71590
H 109.68400 110.74500 11.85270
C 107.52600 114.77900 13.53120
H 105.74300 114.36800 11.88350
H 104.57000 108.89600 12.02640
C 86.35330 116.12100 13.50740
C 89.46460 115.52300 13.46710
C 88.41430 118.56200 13.62440
C 90.54510 120.93100 13.69250
C 85.22650 119.17800 13.53560
C 87.37230 121.61000 13.71940
H 85.63040 121.06400 12.05240
H 86.70220 117.98800 11.98750
H 89.91590 117.42500 11.99190
H 88.74880 120.41400 12.06010
H 84.59590 115.61000 11.83950
H 87.71010 115.01100 11.78620
C 92.75340 114.97000 13.46560
C 91.70870 117.96400 13.54640
C 94.71970 117.31400 13.56700
C 93.72020 120.40600 13.64610
C 96.77990 119.83100 13.79340
H 95.13800 119.17600 12.08630
H 91.95810 119.84800 11.98250
H 96.16870 116.21300 11.94180
H 93.02890 116.80300 11.88120
H 97.20380 121.61900 12.18150
H 102.46100 114.96700 11.98670
C 97.87200 116.68700 13.69300
C 101.12100 116.19500 13.66950
C 100.08300 119.31400 13.78500
C 103.30500 118.60100 13.77340
C 102.19300 121.77600 13.67770
H 101.47600 118.12000 12.16830
H 99.33490 115.56600 12.12870
H 103.58700 120.45100 12.09830
H 98.27570 118.64300 12.24360
H 100.39500 121.08400 12.12040
C 104.25400 115.45300 13.57530
C 109.65400 117.02700 13.71800
C 106.43700 118.02600 13.61340
C 105.37400 121.12300 13.64330
C 108.51900 120.49900 13.60820
H 109.75900 119.27600 12.37320
H 107.79700 116.73700 12.03150
H 106.69400 119.86100 11.95300
H 104.60500 117.40100 12.08580
H 84.56910 124.07100 12.03490
C 85.23550 127.62300 13.76730
C 86.30340 124.66000 13.69030
C 89.49370 124.09900 13.76730
C 88.38550 127.06900 13.83890
H 89.89580 125.93300 12.18530
H 90.95490 122.85800 12.21430
H 86.73310 126.51600 12.09000
H 87.78600 123.45300 12.10560
C 91.56790 126.42500 13.83290
C 92.73110 123.52100 13.74370
C 95.88490 122.89900 13.77630
C 94.75960 125.87700 13.76750
C 96.88900 128.32400 13.80500
H 96.17050 124.67000 12.19720
H 93.06060 125.33900 12.11400
H 94.15400 122.27700 12.17840
H 92.00690 128.32800 12.28420
H 95.18260 127.68600 12.17450
C 97.91380 125.32100 13.82920
C 100.09200 127.80500 13.71590
C 103.33400 127.12500 13.50170
C 98.98220 122.21100 13.76110
C 101.13100 124.85300 13.72940
H 98.28510 127.14600 12.18030
H 101.48500 126.61900 12.07620
H 99.28870 124.12600 12.29650
H 102.50000 123.56900 12.07480
C 104.37200 124.37300 13.49690
C 107.48000 123.66300 13.49950
C 109.60200 126.00300 13.14050
C 106.50200 126.61100 13.30880
H 104.72700 125.95600 11.81900
H 107.79200 125.27600 11.61980
H 106.69100 128.45600 11.64190
H 105.67500 122.93500 11.95960
H 108.77800 122.31700 11.87660
H 84.52620 132.58400 12.36580
C 86.29930 133.17500 13.90470
C 87.33290 130.15700 13.90090
C 90.60510 129.51200 13.94140
C 89.45530 132.53800 14.01800
H 87.76200 131.98800 12.33620
H 89.84940 134.38100 12.43460
H 86.73460 134.98100 12.34040
H 85.66470 129.47700 12.17000
H 88.84140 128.97900 12.32450
H 90.91760 131.35600 12.44630
H 94.06070 130.76400 12.35420
H 92.95810 133.74500 12.29720
H 97.18000 130.14600 12.24260
C 91.60990 134.91000 14.03120
C 92.69530 131.94300 14.01500
C 93.78900 128.88500 13.83100
C 95.87530 131.29300 13.92890
C 94.75470 134.29200 13.90340
H 96.14030 133.10300 12.27300
C 102.23600 130.09200 13.61350
C 101.12900 133.06700 13.74630
C 97.91920 133.74500 13.81970
C 98.96790 130.75600 13.78180
H 101.40600 135.04300 12.23420
H 102.53600 131.99400 12.10350
H 99.30090 132.56000 12.16760
H 100.37300 129.61900 12.11450
H 103.54800 128.96700 11.89760
C 106.54400 134.74100 13.79200
C 107.57000 131.88600 13.40310
H 104.67200 134.44100 12.18680
C 104.43300 132.41600 13.62490
C 108.57600 128.96200 13.20100
C 109.59800 133.70100 13.76470
H 108.90700 130.80900 11.61820
C 105.37600 129.51200 13.41790
H 105.71100 131.40900 11.83330
H 107.89900 133.86400 11.92270
C 113.42400 1.63370 9.89173
C 116.72900 2.26656 9.86089
C 114.48600 4.61377 10.00680
H 112.18000 0.31619 11.20720
C 110.95400 4.02479 11.32320
H 113.28400 3.36559 11.78660
C 117.77000 5.27435 9.77875
C 122.09300 0.48590 9.78973
C 120.01200 2.89519 9.80986
C 123.08300 3.50943 9.75423
C 121.01200 5.90854 9.80383
C 118.80700 -0.21085 9.78239
H 121.73900 2.28396 11.41060
H 118.56600 1.65220 11.39000
H 119.59200 4.71517 11.37480
H 122.76200 5.28093 11.39500
C 125.19800 1.09825 9.70963
C 126.28300 4.13834 9.80375
C 128.28400 1.86511 9.67419
C 129.44000 4.73223 9.80137
H 126.97200 0.58453 11.29660
H 123.85900 -0.09666 11.40530
H 124.85100 2.89075 11.29510
H 128.03300 3.54088 11.45850
H 125.85200 5.92526 11.41370
H 130.15900 1.18678 11.11420
C 133.71800 -0.01699 9.50157
C 131.57000 2.48467 9.57714
C 132.56900 5.42547 9.83241
C 134.67900 3.07517 9.71906
C 135.74900 5.99967 9.91213
H 136.40400 2.39631 11.29790
H 133.26400 1.75197 11.15070
H 134.29500 4.79581 11.42230
H 131.19300 4.14929 11.39890
C 112.41300 6.80552 10.16610
C 115.61000 7.74258 10.02870
C 113.52800 10.14750 10.18940
C 116.80300 10.86900 10.02470
C 114.67700 13.09320 10.03570
C 110.97700 12.35750 10.95910
C 118.81500 8.46986 9.81251
C 122.10900 9.07868 9.86996
C 119.98800 11.48870 9.94298
C 123.12100 12.07630 9.97955
C 124.11100 6.55281 9.81006
C 126.20500 12.59380 9.90096
C 125.23400 9.68109 9.98901
C 127.27600 7.25944 9.92066
C 128.30800 10.17370 9.97528
H 129.07000 6.53812 11.44580
H 130.09900 9.64394 11.50280
H 126.94100 8.98534 11.60570
H 127.98500 12.03320 11.47970
H 124.85300 11.44370 11.57320
H 123.82700 8.37352 11.49110
C 130.44400 7.82598 9.85305
C 133.60600 8.53146 9.90843
C 131.56800 10.81600 9.99207
C 134.70700 11.37500 10.03580
H 135.33500 7.80042 11.51740
H 136.40600 10.80530 11.66770
H 133.25500 10.22720 11.64690
H 132.21100 7.23461 11.43400
H 131.11400 12.63410 11.59470
C 115.63800 16.36170 9.97087
C 112.39000 15.24750 9.87972
C 113.58900 18.60260 9.98297
C 116.74100 19.36280 10.05120
C 117.83000 13.78990 10.02750
C 120.92900 14.49050 9.97585
C 118.77800 16.89860 10.08360
C 121.96900 17.45480 10.01820
C 119.93700 19.92500 10.05280
C 129.42700 13.18780 9.90115
C 124.11000 15.07930 9.95409
C 125.11400 18.19160 9.96040
C 127.30100 15.70920 9.94361
C 128.21700 18.74820 10.08440
H 129.03000 14.98510 11.48090
H 134.27300 13.20320 11.60740
C 130.34100 16.31970 9.98271
C 132.51300 13.85200 9.98817
C 135.65100 14.43580 9.99703
C 133.63700 16.92390 9.98793
C 131.36200 19.27860 10.11340
C 134.56500 19.85800 10.04880
H 133.18100 18.64760 11.61020
H 135.34200 16.23750 11.60950
H 132.13600 15.68630 11.53490
H 136.31900 19.27130 11.67590
C 114.49400 21.68970 10.09290
C 112.56700 23.85580 10.04060
C 115.74700 24.82760 10.21340
C 110.93200 20.87280 10.82650
C 120.94500 23.07170 10.15480
C 117.74400 22.35300 10.18080
C 118.93400 25.38840 10.29950
C 122.02000 26.08700 10.37510
C 123.00500 20.57510 10.06800
C 124.12600 23.65600 10.22590
C 127.19600 24.26260 10.20520
C 126.11300 21.19110 10.10060
C 129.37400 21.70470 10.15980
C 125.19900 26.73400 10.41020
C 135.61300 22.89390 10.03620
C 132.41200 22.34830 10.15390
C 130.35400 24.78360 10.16260
C 133.38600 25.37600 10.06120
C 114.62000 30.22380 10.40580
C 116.75200 28.05460 10.41330
C 110.89200 29.02080 11.16680
C 113.54700 27.06680 10.16700
C 112.39800 32.20180 10.20270
C 115.66800 33.26940 10.40330
C 117.80600 30.90830 10.54820
C 120.98000 31.50670 10.57570
C 119.99700 28.47190 10.45200
C 123.19000 29.05060 10.50510
C 124.04500 32.06460 10.46700
C 126.23900 29.68380 10.44030
C 128.26200 27.29830 10.31130
C 127.15500 32.78100 10.44220
C 129.32600 30.28330 10.35030
C 130.41200 33.38070 10.41820
C 135.53900 31.49320 9.97264
C 134.54500 28.39240 9.99100
C 131.36500 27.88640 10.12310
C 132.38300 30.92700 10.20740
C 113.56000 1.51265 13.17440
C 116.82100 2.25237 13.02980
C 114.73900 4.59372 13.29950
C 111.30300 4.02399 13.17990
H 111.12800 6.31292 12.29340
H 116.41200 4.11115 11.48270
H 115.36700 1.03928 11.44170
C 117.85600 5.31411 13.08060
C 122.00900 0.39966 12.96390
C 119.97700 2.87176 12.96980
C 123.19300 3.52570 12.98270
C 121.01000 5.94840 12.97160
C 118.92400 -0.07852 12.99490
C 125.28000 1.15148 12.97700
C 126.24400 4.10846 12.95940
C 128.49100 1.62919 12.88680
C 129.45600 4.72293 13.05840
C 131.58100 2.22166 12.85110
C 132.52100 5.41457 13.00420
C 134.61100 2.88546 12.85470
C 135.62900 5.93967 13.11020
C 133.56700 -0.07698 12.71240
C 112.70700 7.24967 13.44790
C 115.88800 7.70284 13.18650
C 116.90900 10.87990 13.20880
C 113.84000 10.26920 13.39610
C 111.10200 12.23920 12.80600
H 116.43100 12.65690 11.68150
H 115.49600 9.59195 11.66630
H 113.29900 12.06420 11.80920
H 112.46500 9.03647 11.50630
H 114.32700 6.44700 11.69530
C 118.92100 8.36343 13.03510
C 122.08900 8.90682 13.10930
C 119.89700 11.49190 13.16920
C 123.14500 12.08890 13.16870
H 117.53700 7.10563 11.40220
H 118.59600 10.24480 11.51670
H 119.56600 13.26000 11.58820
H 121.71900 10.83650 11.58030
H 120.64100 7.79002 11.37360
C 124.11800 6.45905 13.05720
C 125.17800 9.59787 13.15690
C 126.23600 12.60680 13.10470
C 127.29400 7.09974 13.08320
C 128.34300 10.28590 13.07390
C 129.34900 13.19850 13.14080
C 130.46300 7.85103 13.03630
C 133.56800 8.34193 13.16500
C 131.42800 10.79320 13.17540
C 134.68600 11.38680 13.23700
C 114.76400 13.38810 13.28710
C 115.62900 16.21680 13.19220
C 112.63400 15.66610 13.22120
C 113.60200 18.68750 13.23810
C 116.81200 19.26280 13.30000
H 111.08600 14.58030 11.89260
H 114.26800 15.02380 11.48210
H 115.38100 18.07960 11.65730
H 112.33800 17.47580 11.27360
C 117.88800 13.86220 13.22400
C 120.98200 14.43820 13.19210
C 118.80800 16.77070 13.18550
C 122.02600 17.44330 13.19410
H 118.49400 18.67350 11.62510
H 117.36900 15.57910 11.58460
H 121.68700 19.29470 11.65630
H 120.59800 16.26910 11.60560
C 119.94400 19.82150 13.26560
H 122.72100 13.89650 11.55250
H 123.77000 16.90160 11.55470
C 124.17400 15.04620 13.10520
C 125.13300 18.14090 13.20150
C 127.29400 15.59000 13.10050
C 128.22600 18.63140 13.27370
H 124.76300 19.95160 11.61620
H 125.92100 14.42410 11.49200
H 126.82700 17.45540 11.58340
H 129.98300 18.06310 11.68220
C 130.34600 16.15050 13.14010
C 132.54400 13.84730 13.16370
C 135.72800 14.35980 13.20340
C 133.58400 16.80240 13.18670
C 131.44300 19.17240 13.29800
C 134.53100 19.83770 13.25670
C 111.01400 20.80260 12.71080
C 114.55300 21.61270 13.35140
C 112.59100 24.20790 13.37910
C 115.66700 24.77070 13.41540
H 116.34000 21.10190 11.71880
H 111.02000 23.14290 11.82160
H 115.37000 26.60200 11.83490
H 113.22700 20.50610 11.61360
H 114.29800 23.50910 11.75800
H 112.32600 25.96050 11.47140
C 123.09500 20.50010 13.26980
C 120.94200 22.91930 13.42360
C 118.84600 25.35480 13.52770
C 117.82500 22.21110 13.36140
C 122.00300 25.99280 13.57110
H 119.60600 21.73040 11.72560
H 120.63800 24.79430 11.91680
H 117.52200 24.13970 11.89240
H 122.64100 22.35830 11.74520
H 123.77900 25.41260 11.96330
C 127.28400 24.16400 13.40290
C 129.32400 21.74990 13.33960
C 124.06500 23.41540 13.40940
C 126.07700 21.08700 13.34280
C 125.30300 26.48390 13.60440
H 126.95100 25.96630 11.92460
H 125.83800 22.94990 11.78930
H 127.84600 20.53120 11.75140
H 128.99200 23.53350 11.70940
H 130.07100 26.62660 11.75650
C 130.34400 24.77460 13.33730
C 133.57500 25.43970 13.25270
C 132.52600 22.32990 13.31820
C 135.66100 22.99290 13.20420
H 131.10000 21.07580 11.76740
H 135.25400 24.76370 11.54840
H 132.10200 24.19200 11.77040
H 134.22300 21.65880 11.68480
H 114.15900 32.11270 11.98630
C 112.14700 33.07610 13.19850
C 111.03400 29.14970 13.07490
C 115.49900 33.40010 13.64670
H 116.35400 29.72030 12.18930
C 116.70900 27.76100 13.55950
C 113.58300 27.11530 13.42460
C 114.37700 30.29090 13.63300
H 113.22200 28.97930 11.84220
H 110.86900 31.35200 12.02140
H 118.50300 27.18640 11.91760
H 117.33300 32.69490 12.17060
C 120.91400 31.44670 13.73330
H 120.59800 33.26490 12.20240
H 122.70400 30.79560 12.15240
H 121.71000 27.86070 12.07130
C 117.81400 30.92770 13.78660
C 119.84800 28.36420 13.61360
C 123.11800 28.99160 13.73530
H 119.52100 30.24530 12.12150
H 124.88100 28.43280 12.11330
C 127.29000 32.73840 13.63850
C 129.47000 30.25310 13.53630
H 127.98900 29.01990 12.01640
H 129.00400 32.12250 11.96330
C 128.39000 27.15970 13.46300
H 125.85800 31.47210 12.07240
C 126.31700 29.69370 13.68310
C 124.11200 32.04900 13.67650
H 134.23700 30.21230 11.61150
H 131.12800 29.64950 11.85250
C 134.70900 28.38060 13.19290
C 130.48000 33.26280 13.60830
C 132.68700 30.76310 13.40200
C 135.72400 31.35890 13.16030
C 131.54600 27.74540 13.32060
H 135.28200 33.20960 11.69100
H 132.19000 32.67210 11.95320
H 136.36200 27.77020 11.49990
H 133.17700 27.22730 11.61230
C 113.66200 35.70240 10.11640
C 116.86300 36.28860 10.28850
C 114.65600 38.72190 10.12100
H 112.31300 34.64210 11.06860
C 110.86700 37.82290 11.31850
H 113.21300 37.58540 11.69530
C 118.85000 33.78180 10.53030
C 117.77400 39.28920 10.25100
C 121.98100 34.43910 10.54980
C 119.89000 36.82210 10.40810
C 123.14100 37.50280 10.54060
C 120.89700 39.91420 10.24520
C 125.15900 35.14340 10.44440
C 126.20300 38.01700 10.43600
C 128.34100 35.65300 10.40900
C 129.27700 38.71680 10.32600
C 131.28600 36.30210 10.30170
C 132.42100 39.32520 10.21640
C 134.50800 36.99260 10.10270
C 135.63600 39.97330 10.07450
C 133.42300 33.93570 10.24340
C 112.56600 40.92750 10.26850
C 115.74200 41.81750 10.27780
C 113.48900 44.05610 10.42520
C 116.74200 44.76180 10.38660
C 110.96200 46.25300 11.27840
H 112.40000 42.95890 11.78680
C 118.85800 42.41300 10.22620
C 122.01200 42.88890 10.18810
C 119.85400 45.40960 10.29380
C 123.05200 46.10120 10.26380
C 124.10800 40.55310 10.25080
C 125.27400 43.61240 10.28010
C 127.19100 41.22330 10.30410
C 128.25500 44.23610 10.36530
C 126.34200 46.73680 10.33450
C 129.42700 47.24680 10.40320
C 130.33900 41.72220 10.28150
C 133.58100 42.45880 10.13030
C 131.40400 44.77640 10.30780
C 134.59100 45.49140 10.24000
C 114.66000 47.06570 10.38430
C 112.47400 49.16980 10.21670
C 115.75100 50.17640 10.21370
C 113.59400 52.35910 10.06610
C 116.90000 53.24470 10.17530
C 117.79600 47.70000 10.34230
C 121.00600 48.41970 10.29120
C 118.94100 50.86390 10.21080
C 122.01700 51.46500 10.24000
C 119.96000 53.82270 10.17110
C 124.17300 49.05940 10.22930
C 125.20500 52.11920 10.25640
C 127.27100 49.75490 10.29860
C 128.27900 52.69660 10.27880
C 130.35400 50.25940 10.28050
C 132.50100 47.72150 10.29030
C 135.60600 48.39130 10.18480
C 133.45800 50.86290 10.20920
C 131.38300 53.23590 10.17150
C 134.66200 53.91250 10.15950
H 136.35100 53.26790 11.70020
C 111.04900 54.62210 10.73740
C 114.84600 55.58390 9.96196
C 112.54500 57.95610 9.96451
C 115.80000 58.58740 9.94815
C 120.99300 56.85460 10.14580
C 123.03100 54.51850 10.22530
C 117.78300 56.23760 10.11790
C 122.03100 59.82570 10.05500
C 118.79900 59.20770 10.03840
C 127.31600 58.07410 10.16110
C 126.27600 55.17420 10.16880
C 124.06700 57.55870 10.16390
C 129.39700 55.69740 10.19300
C 125.23900 60.48100 10.07390
H 123.76300 59.41760 11.75490
H 129.05100 57.56180 11.72990
H 127.01700 59.96280 11.63170
C 135.60700 56.78680 10.01200
C 132.48400 56.27090 10.11780
C 133.56800 59.15800 9.90339
C 130.36700 58.64270 10.01420
H 130.08800 60.47280 11.57560
H 135.32700 58.69910 11.55230
H 132.14500 58.11100 11.57720
H 134.24800 55.74010 11.69890
C 113.62300 60.87190 9.67238
C 116.93100 61.69250 9.73599
C 114.68800 63.83990 9.48539
C 112.60000 66.19950 9.08881
C 110.98700 63.17270 10.14150
C 115.87900 67.01620 9.32628
H 114.35500 65.90990 10.84460
H 116.45600 63.54300 11.27590
H 111.06400 65.52690 10.97390
H 113.28400 62.89410 11.01190
C 121.17500 65.20170 9.62448
C 117.86500 64.64280 9.63821
C 120.00800 62.18160 9.89875
C 123.13600 62.79160 9.94754
H 117.58900 66.59700 11.07550
H 122.79700 64.74300 11.38140
H 119.65600 64.15460 11.29790
H 120.69000 67.14300 11.05770
H 118.54700 61.08890 11.51340
H 121.73800 61.73770 11.60510
C 128.36300 61.05130 9.91396
C 127.36500 66.44350 9.55750
C 126.29600 63.36290 9.79785
C 124.16300 65.76800 9.62280
C 129.40000 64.07300 9.67181
H 128.06200 62.96360 11.36910
H 125.94000 65.35250 11.23770
H 129.13500 65.98780 11.13990
H 124.92000 62.38940 11.58280
H 133.23200 61.08510 11.30350
C 130.52200 67.07290 9.48536
C 134.68400 62.19230 9.67164
C 132.50400 64.72980 9.48516
C 131.42400 61.48440 9.80926
H 134.27900 64.12600 11.08600
H 136.47100 61.71670 11.25060
H 135.34300 67.15150 11.06720
H 131.22600 63.51290 11.14360
H 132.25500 66.54410 11.09280
C 135.72500 65.31640 9.49520
C 113.38200 35.71630 13.27450
C 116.76100 36.38330 13.53460
C 114.54600 38.63820 13.41750
C 111.14500 37.88890 13.12080
H 111.19500 40.16180 12.16610
H 115.35500 35.15810 11.90130
H 116.34400 38.07090 11.81380
C 117.68300 39.35480 13.45940
C 122.05100 34.53370 13.67830
C 119.88700 36.97420 13.64090
C 123.10100 37.65270 13.57830
C 120.96800 39.97080 13.49050
C 118.85300 33.87020 13.73080
H 119.51000 38.77700 11.93410
H 121.63800 36.32950 12.05720
H 122.68000 39.35730 11.84560
H 118.53000 35.65160 12.02840
H 123.77100 33.87040 12.03050
C 125.14500 35.02450 13.68270
C 126.26700 38.18290 13.57450
C 128.22800 35.69380 13.62090
C 129.36300 38.75280 13.47030
H 125.87500 39.95640 11.91570
H 126.88600 34.52970 12.03730
H 124.91100 36.87740 12.14240
H 127.96900 37.47480 11.96650
H 130.04900 35.13850 12.10610
C 131.51500 36.40650 13.57840
C 132.57600 39.36650 13.37420
C 134.75600 36.99880 13.34520
C 135.80500 39.99170 13.30840
C 133.69800 33.94110 13.43590
H 131.08400 38.15100 11.86130
H 134.27700 38.78740 11.76710
H 133.17900 35.80280 11.84230
H 136.37300 36.28430 11.57890
C 111.10900 46.24050 13.22240
C 112.88200 41.20140 13.60780
C 115.78300 41.77610 13.43660
C 116.76800 44.72210 13.56250
C 113.73600 44.15180 13.63490
H 116.40800 46.58780 12.02020
H 113.27700 45.96640 12.10210
H 115.39600 43.58480 11.91600
H 114.42100 40.51280 11.83230
C 118.89000 42.30690 13.51180
C 121.94900 42.95490 13.47810
C 119.92100 45.33040 13.48590
C 123.02400 46.04630 13.43190
H 117.51000 41.14800 11.83360
H 120.59300 41.75080 11.83350
H 118.52900 44.13200 11.92260
H 121.66100 44.73140 11.81000
C 124.07200 40.61140 13.46810
C 125.11300 43.60480 13.54690
C 127.28400 41.12060 13.49910
C 128.29800 44.23520 13.52150
C 126.18900 46.68610 13.53210
H 127.96700 46.07390 11.93960
H 123.75500 42.40860 11.84300
H 129.01700 40.56710 11.83260
H 126.89200 42.98290 11.99570
H 124.86700 45.43850 11.88670
H 130.03300 43.60130 11.93450
C 130.43000 41.70990 13.46110
C 133.68200 42.35360 13.39000
C 131.54000 44.70550 13.51820
C 134.63000 45.46240 13.43360
H 132.20500 41.22170 11.76760
H 133.25100 44.20120 11.81770
H 131.18400 46.56480 11.98120
H 136.38600 44.84750 11.79630
H 134.27200 47.29790 11.89330
H 135.34800 41.81400 11.67730
C 114.66800 47.30790 13.61830
C 115.82600 50.31910 13.30310
C 112.58200 49.70480 13.49670
C 113.69500 52.71480 13.30180
C 116.83200 53.22690 13.29710
H 111.13400 48.51140 12.22540
H 115.43600 52.05750 11.69250
H 114.33300 48.98770 11.85490
H 112.39200 51.38110 11.49240
C 117.85400 47.91320 13.49420
C 120.99500 48.48290 13.47820
C 118.88900 50.83100 13.41140
C 121.99500 51.48240 13.42860
H 118.61800 52.66370 11.81760
H 121.66400 53.29900 11.82980
H 117.55000 49.64180 11.76240
H 119.61000 47.21760 11.91230
H 122.75500 47.89860 11.90220
H 120.66200 50.23700 11.83490
C 119.91100 53.95980 13.40860
C 129.42600 47.25270 13.51960
C 124.13000 49.06990 13.51960
C 125.14100 52.23820 13.40480
C 127.24800 49.70900 13.54480
C 128.34600 52.77450 13.44020
H 123.77800 50.85450 11.85960
H 126.91900 51.51750 11.93550
H 125.87100 48.50700 11.90130
H 128.99400 49.10500 11.95170
H 124.84000 53.98230 11.76480
H 130.07200 52.12260 11.85050
C 130.42200 50.34630 13.45540
C 132.51300 47.90460 13.51580
C 135.76600 48.44970 13.36230
C 133.61200 50.87500 13.34830
C 131.49400 53.33210 13.41170
H 132.12300 49.61980 11.82360
H 135.31700 50.27990 11.75120
H 133.21300 52.71050 11.78220
C 134.70400 53.99240 13.31370
C 111.14300 54.61700 12.52380
C 114.64800 55.56360 13.25760
C 112.60000 57.76090 13.31330
C 115.65300 58.83720 13.11710
H 112.41100 59.86990 11.80690
H 113.38100 54.38160 11.55750
H 110.95500 56.92910 11.59300
H 114.36100 57.38490 11.57130
H 116.44400 55.02590 11.72900
H 115.41200 60.55020 11.32850
C 123.10400 54.52580 13.42010
C 117.77800 56.25920 13.32400
C 120.96700 56.94650 13.27870
C 118.78600 59.34030 13.23550
C 121.91900 60.00570 13.28260
H 120.58100 58.72400 11.66400
H 119.54200 55.68920 11.71730
H 117.45000 58.07210 11.68060
H 122.74200 56.34500 11.80580
C 125.30000 60.63830 13.24450
C 127.28500 58.19520 13.28120
C 129.43900 55.81590 13.37210
C 126.25300 55.21400 13.38960
C 124.11800 57.61250 13.35290
H 128.01600 54.58750 11.85290
H 125.83900 56.95050 11.74670
C 135.65600 56.98030 13.24940
C 133.50200 59.39900 13.05830
C 132.50800 56.37820 13.23700
C 130.45400 58.71610 13.22380
H 131.11000 55.08040 11.74660
C 112.60600 66.60750 12.47370
C 111.00500 63.25240 11.97010
C 115.67200 67.23590 12.47940
C 113.49400 61.15840 12.91570
C 114.54600 64.21490 12.69130
C 116.70900 61.82060 12.98450
C 119.94600 62.41840 13.07120
C 121.02900 65.51810 12.83470
C 123.13000 63.08510 13.10190
C 117.85100 64.88210 12.83780
C 127.39200 66.63650 12.69510
C 129.61100 64.22340 12.75690
C 126.41100 63.73830 12.97260
C 124.21100 66.09830 12.79720
C 128.42300 61.29820 13.12670
C 132.62300 64.71290 12.71820
C 131.56200 61.80210 12.95410
C 134.69200 62.35140 12.75820
C 135.66200 65.34150 12.62660
C 130.53800 67.18610 12.71060
C 113.55800 69.39960 9.14137
C 116.95400 70.13270 9.18846
C 114.70800 72.46200 9.06590
C 111.01700 71.86500 9.94641
H 112.40300 68.39030 10.52210
H 111.06800 74.06020 11.06960
H 113.33400 71.35650 10.80260
H 116.43300 71.97180 10.74410
H 115.45700 68.96390 10.76590
C 119.03300 67.60500 9.36237
C 117.78800 73.09570 9.04385
C 122.06000 68.23940 9.38405
C 119.95200 70.71600 9.14745
C 123.15300 71.33170 9.19211
C 121.00800 73.73480 9.05784
H 119.59700 72.58940 10.66290
H 122.72500 73.20310 10.73420
H 121.71700 70.19060 10.78680
H 118.59100 69.52700 10.80320
C 125.28500 68.87770 9.34109
C 126.31600 72.03670 9.30326
C 128.41200 69.48780 9.39886
C 129.46500 72.54480 9.34073
H 128.03400 71.36060 10.95010
H 125.91100 73.77040 10.92440
H 123.84900 67.70970 10.94700
H 124.87800 70.73840 10.78700
H 127.02700 68.36140 11.03940
H 130.16300 68.94440 11.03330
C 133.58600 67.67550 9.46043
C 131.53500 70.09440 9.36485
C 132.61900 73.22870 9.33652
C 134.59300 70.72610 9.31004
C 135.83300 73.69830 9.19282
H 131.25000 71.96370 10.90380
H 134.39800 72.60370 10.93980
H 136.49400 70.19510 10.82280
H 133.28500 69.58930 11.02060
H 114.31400 74.41020 10.63140
C 112.44500 74.75180 9.04897
C 115.70800 75.64230 8.97979
C 113.47900 77.99660 9.09284
C 116.74200 78.74670 9.01167
C 111.02700 80.09810 10.13760
H 112.37000 76.86130 10.45820
H 115.38200 77.44420 10.59770
H 116.44300 80.46160 10.74780
H 113.28600 79.79950 10.82820
C 114.62000 81.02380 9.21892
C 118.93000 76.20530 8.94794
C 122.17300 76.77270 9.13870
C 120.05200 79.32370 9.10296
C 123.23800 79.93250 9.19368
H 120.60700 75.60580 10.64250
H 117.50800 74.99270 10.55090
H 118.54300 78.04810 10.53880
H 121.79000 78.66050 10.73630
H 119.55600 81.01680 10.78040
C 124.21100 74.36670 9.20863
H 123.84300 76.23300 10.80090
C 126.22500 80.48920 9.11978
C 125.31000 77.38910 9.16013
C 127.39300 74.95980 9.30307
C 128.43100 78.05180 9.19439
H 129.11900 74.36840 10.93920
H 124.95300 79.19730 10.82100
H 127.01100 76.80540 10.76080
H 128.02200 79.90870 10.74780
C 129.34300 80.96000 8.99551
H 130.13800 77.46140 10.81160
C 130.49400 75.55890 9.30932
C 133.64000 76.13050 9.21015
C 131.53800 78.57780 9.09833
C 134.70800 79.09130 9.01028
H 133.24900 78.05230 10.72280
H 136.50200 78.58910 10.58760
H 135.45300 75.57490 10.69710
H 131.13800 80.46900 10.58070
H 132.24300 75.05030 10.95900
H 134.30200 81.02090 10.44230
C 115.62900 83.96300 9.17718
C 112.45800 82.89460 9.40817
C 113.41200 86.32600 9.12183
C 116.63700 87.12810 9.25228
H 112.13600 85.13480 10.65390
H 115.27800 85.77280 10.78860
H 114.37800 82.77070 10.90510
H 111.10900 82.30390 11.39690
C 117.85800 81.63230 9.14190
C 120.92800 82.29700 9.19456
C 118.86300 84.76440 9.23564
C 121.94400 85.41980 9.23436
H 121.57000 87.16030 10.88880
H 122.70800 81.70650 10.80840
H 120.61600 84.08350 10.83360
H 117.46700 83.43960 10.72720
H 118.36700 86.49300 10.93820
C 119.69800 87.75180 9.35097
H 123.72600 84.74940 10.83350
C 124.02900 82.93290 9.15726
C 125.05900 85.86860 9.09949
C 127.27000 83.49820 9.00045
C 128.25100 86.54530 8.98809
H 129.08300 82.86730 10.50800
H 124.75500 87.71100 10.68970
H 125.89100 82.33710 10.68820
H 126.94900 85.36120 10.57710
H 130.11900 85.94760 10.50860
C 130.41800 84.16780 8.83845
C 132.51200 81.56070 8.85909
C 135.69500 82.20580 8.78048
C 133.62900 84.63190 8.74585
C 131.43700 87.18990 8.91072
H 136.39800 87.10630 10.16070
H 133.27600 86.49360 10.36640
H 132.25100 83.46640 10.35710
H 135.42300 84.07640 10.32890
C 134.57300 87.69010 8.64325
C 110.82400 88.86250 10.41450
C 114.36400 89.41290 9.46903
C 112.36900 91.74040 9.56159
C 115.60300 92.54170 9.60222
H 116.31200 88.88210 11.00360
H 112.35500 93.86330 11.00560
H 115.46100 94.38900 11.25370
H 114.22500 91.30900 11.14510
H 113.10900 88.20530 10.81690
H 110.92300 91.11820 11.49610
C 122.86600 88.36510 9.17091
C 117.67000 90.20050 9.43372
C 122.00200 93.75320 9.34977
C 118.66100 93.20690 9.53714
C 120.78600 90.79580 9.28708
H 119.47200 89.56460 11.01740
H 120.53800 92.58160 11.00640
H 122.62700 90.13590 10.81300
H 117.38600 91.88670 11.17010
H 123.78000 93.14960 10.85170
C 124.03900 91.35640 9.23821
C 125.11800 94.38000 9.17977
C 127.16700 91.95720 9.14343
C 129.33400 89.61410 9.07361
C 126.14100 88.99280 9.10987
H 129.02800 91.47910 10.68710
H 127.94900 88.35090 10.72300
H 126.86400 93.75230 10.73190
H 125.82600 90.76160 10.81970
H 130.07100 94.41950 10.46960
C 130.35400 92.61640 8.92173
C 132.46000 90.19020 8.84767
C 135.66000 90.77180 8.62409
C 133.50700 93.14150 8.75753
H 135.36900 92.61090 10.25640
H 132.18400 92.01710 10.45100
H 131.19600 89.00880 10.60250
H 134.32100 89.51970 10.25240
C 111.02200 97.02130 10.62110
C 113.58100 94.92240 9.69712
C 115.74400 101.04500 9.54988
C 116.74800 95.63180 9.61408
C 114.66700 97.86180 9.57506
C 112.41900 99.95090 9.45001
H 116.43100 97.40870 11.27150
H 114.30800 99.75710 11.09700
H 113.33000 96.82960 11.37120
H 111.07000 99.35600 11.51550
H 117.47900 100.48200 11.18840
C 119.83100 96.15850 9.52251
C 120.93800 99.18080 9.37638
C 123.06000 96.76830 9.23569
C 117.78800 98.65000 9.63023
H 122.76900 98.63380 10.80190
H 121.72000 95.64170 10.97220
H 118.51900 94.97430 11.22800
H 120.64600 101.00600 10.99540
H 119.65300 98.02540 11.13470
C 126.15800 97.33870 9.03506
C 127.33700 100.47200 9.07362
C 128.16000 94.92170 9.01655
C 129.29900 98.08950 8.98422
H 127.97600 96.77770 10.60440
H 129.08200 99.84680 10.68100
H 124.85000 96.16020 10.74400
H 125.90000 99.20800 10.59060
C 124.06700 99.83830 9.12150
C 134.59500 96.23070 8.79056
C 131.45800 95.60050 8.82451
H 136.39200 95.60010 10.27000
C 130.39100 101.17800 9.06433
C 132.49800 98.69980 8.82534
H 133.22700 94.98350 10.36890
C 135.67200 99.24500 8.81154
H 134.27800 98.01550 10.37340
H 132.22400 100.43200 10.50000
H 131.15200 97.43530 10.37260
H 135.41100 101.03600 10.49570
C 113.72500 69.54380 12.43740
C 116.83000 70.19400 12.37710
C 114.66400 72.66210 12.35470
C 111.16200 71.69570 11.89950
C 118.98300 67.90110 12.58920
C 117.84500 73.26390 12.26650
C 122.12500 68.44260 12.50190
C 119.97600 70.83680 12.34380
C 123.11100 71.39740 12.37630
C 120.95400 73.80720 12.29390
C 125.18900 68.96880 12.49970
C 126.20600 71.89840 12.48090
C 128.43300 69.62660 12.59420
C 129.52200 72.52210 12.50150
C 131.54300 70.22300 12.57810
C 132.64200 73.18320 12.50710
C 134.74200 70.75010 12.53740
C 135.91500 73.83350 12.41930
C 133.58400 67.81190 12.67330
C 111.17900 79.96490 12.12410
C 112.76100 75.21190 12.40850
C 115.80000 75.63230 12.18410
C 116.84300 78.58650 12.21360
C 113.76800 77.92880 12.33210
C 114.70000 81.00090 12.41180
C 118.82500 76.34740 12.18380
C 121.95900 76.77890 12.32200
C 119.93300 79.09860 12.27130
C 123.10900 79.83250 12.33640
C 124.04900 74.35240 12.38600
C 125.26500 77.38920 12.43460
C 126.31700 80.62780 12.34800
C 127.30900 75.03830 12.44760
C 128.32500 78.06380 12.37970
C 130.40000 75.66950 12.49130
C 133.80400 76.34930 12.38870
C 131.52200 78.81770 12.33030
C 134.77200 79.34710 12.19340
C 115.80400 84.03020 12.41900
C 112.68800 83.39390 12.59340
C 113.54400 86.37420 12.44970
C 116.57600 86.92670 12.55390
C 117.84400 81.66740 12.36580
C 120.92200 82.20910 12.40470
C 118.83400 84.56590 12.40350
C 121.97600 85.34620 12.44330
C 119.86100 87.67140 12.54770
C 129.46700 81.12420 12.20680
C 124.09000 82.84400 12.36790
C 125.28600 85.87980 12.32460
C 127.45500 83.57600 12.16700
C 128.45100 86.44090 12.20240
C 130.56400 84.08000 12.03350
C 132.58300 81.74930 12.08630
C 135.68300 82.33200 11.99950
C 133.66100 84.66200 11.96830
C 131.64100 87.06240 12.10190
C 134.73200 87.75800 11.87570
C 114.48600 89.36760 12.58980
C 112.70400 92.13620 12.87700
C 115.66300 92.45780 12.79000
C 111.14100 88.76920 12.31830
C 123.08600 88.33930 12.41920
C 117.71500 89.97540 12.71500
C 121.02500 90.70780 12.57280
C 118.82000 93.02330 12.77190
C 122.09500 93.72030 12.53020
C 126.17500 88.87930 12.36880
C 127.28300 92.00540 12.35540
C 124.04200 91.31160 12.42900
C 129.47800 89.64020 12.22250
C 125.24800 94.38360 12.37510
C 130.57700 92.68170 12.14750
C 132.78700 90.24570 12.03630
C 135.71500 90.70670 11.83730
C 133.68600 93.23290 11.96300
C 114.69500 98.10540 12.91430
C 116.86800 95.59960 12.89370
C 113.71800 94.99250 12.90390
C 112.68200 100.65200 12.74570
C 111.11800 97.04140 12.44480
C 115.71100 101.09400 12.69720
C 121.18300 99.22300 12.59480
C 117.90900 98.67000 12.79530
C 123.22800 96.85300 12.44530
C 120.09300 96.21900 12.69760
C 124.24900 99.80570 12.30440
C 128.40900 94.95470 12.19260
C 126.29800 97.42290 12.23690
C 127.34800 100.29900 12.27620
C 129.48000 97.91170 12.13800
C 134.69300 96.19540 11.90780
C 135.69700 99.13750 12.00860
C 132.61000 98.55880 11.98550
C 131.55600 95.64240 11.99260
C 130.59800 100.88000 12.28670
C 113.55300 103.36200 9.55259
C 116.83700 104.12200 9.43943
C 114.72000 106.36400 9.46940
C 111.03400 105.65600 10.55140
H 112.42800 102.21400 10.64050
H 116.52600 105.90900 11.08460
H 115.47600 102.89800 11.07380
H 113.35700 105.28600 11.26050
H 111.08800 108.01400 11.43490
C 118.82600 101.53700 9.44056
C 121.92300 102.16500 9.32887
C 120.02900 104.56500 9.29180
C 123.11000 105.20100 9.23074
C 121.09300 107.59900 9.22240
C 117.76200 107.08700 9.32337
H 122.84600 107.06100 10.84500
H 118.60300 103.42700 10.91330
H 121.72900 104.02800 10.91650
H 119.64200 106.44100 10.85260
H 123.83100 101.68100 10.74340
C 125.32600 102.80200 9.16266
C 126.32700 105.86700 9.18442
C 128.36800 103.46200 9.30193
C 129.37600 106.55100 9.26844
H 126.98700 102.17300 10.80360
H 125.99300 107.70200 10.80180
H 124.93000 104.64800 10.73310
H 128.05000 105.24400 10.87900
H 130.20000 102.87100 10.87380
C 133.63900 101.74300 9.00649
C 131.53700 104.12400 9.18732
C 132.49600 107.15200 9.19452
C 134.61000 104.64300 9.05881
C 135.71700 107.81600 8.99440
H 134.40200 106.53400 10.64180
H 133.30800 103.47200 10.77400
H 131.20800 105.91100 10.79080
H 136.42100 104.05600 10.61740
C 112.52600 108.50100 9.44296
C 115.56100 109.50400 9.52416
C 113.60100 112.04500 9.40942
C 116.64400 112.69400 9.37787
C 111.01100 114.19800 10.50900
H 112.40400 110.81100 10.83640
H 116.42000 114.40000 11.14040
H 114.42700 108.27700 10.98130
H 115.43300 111.42900 11.05890
H 113.28700 113.85200 11.12220
C 114.72400 115.01300 9.47155
C 118.97700 110.19800 9.27104
C 122.06300 110.79300 9.20881
C 119.98200 113.27500 9.29034
C 123.09800 113.86500 9.31348
H 120.76100 109.47900 10.82990
H 121.71500 112.55200 10.88340
H 117.57700 108.98100 10.90190
H 118.55300 112.02500 10.81670
H 119.58800 115.03900 10.93210
H 123.82900 110.15700 10.82780
H 129.09800 108.35600 10.84470
C 124.21000 108.34400 9.23241
C 127.34700 108.95300 9.19544
C 125.25000 111.38300 9.22158
C 128.38300 112.07200 9.17939
C 126.13700 114.45000 9.24732
H 124.83500 113.15700 10.92540
H 127.98100 113.80000 10.72890
H 127.00800 110.76800 10.84360
H 130.16800 111.27500 10.74130
C 130.55000 109.45100 9.13634
C 133.65900 110.17400 9.13424
C 131.56000 112.49100 9.10317
C 134.75700 113.21600 9.14053
H 131.14900 114.34700 10.70490
H 133.30900 111.97500 10.75250
H 136.47700 112.50900 10.79830
H 132.31600 108.99100 10.78210
H 135.43500 109.59100 10.67090
H 134.31100 115.00500 10.68800
C 112.32300 117.02700 9.64294
C 115.62500 118.07400 9.48348
C 113.52700 120.53200 9.55468
C 116.83200 121.21300 9.50070
H 112.37400 119.30100 10.94900
H 114.30300 116.76800 11.12440
H 115.45100 119.93500 11.07860
H 111.07500 116.40500 11.75470
C 117.76200 115.50300 9.43214
C 120.90100 116.34200 9.36303
C 118.78200 118.65400 9.42083
C 122.04000 119.24400 9.43024
H 118.54400 120.44600 11.10040
H 121.70800 121.09100 11.01080
H 117.47800 117.42900 10.92660
H 120.60100 118.09100 11.02020
H 122.68200 115.63000 10.92600
C 119.91700 121.77800 9.56035
C 129.44100 114.98300 9.08415
H 123.78700 118.65500 10.99440
C 124.02400 116.85800 9.33754
C 125.19500 119.82400 9.40275
C 127.22000 117.57300 9.26617
C 128.32200 120.42200 9.35297
H 126.97300 119.21400 11.01620
H 129.01600 116.75000 10.76930
H 125.88100 116.23400 10.80090
H 124.81300 121.65600 11.00390
H 130.11700 119.85200 10.90240
C 130.44300 118.06900 9.20698
C 132.59100 115.65400 9.13243
C 135.82600 116.26300 9.23759
C 133.74300 118.57600 9.36926
C 131.55400 121.08500 9.33256
H 136.46300 121.01500 10.97350
H 132.16300 117.41100 10.83230
H 133.31100 120.45600 10.92000
H 135.46900 117.97900 10.92600
C 134.78400 121.63200 9.32535
C 115.71400 126.54900 9.79053
C 114.62100 123.50600 9.69711
C 112.55900 126.02000 9.96243
C 110.96500 122.61400 10.67620
H 116.46000 122.88700 11.18280
H 113.30800 122.31000 11.39720
C 118.76100 127.15200 9.66794
C 122.10400 127.74900 9.50270
C 123.05500 122.29900 9.38244
C 117.86000 124.15300 9.62255
C 120.97900 124.71500 9.51817
H 122.78200 124.07800 11.07490
H 120.69500 126.55100 11.08100
H 119.61800 123.53300 11.19880
H 117.48200 125.87900 11.30310
H 123.87900 127.20700 11.14900
C 127.41300 125.79000 9.51932
C 129.43600 123.51100 9.46480
C 125.30400 128.46700 9.53460
C 126.23900 122.89700 9.47941
C 124.21500 125.33800 9.53105
H 125.93900 124.73300 11.09420
H 129.14600 125.28100 11.22190
H 128.04900 122.28100 11.05350
H 127.07100 127.72900 11.04150
H 130.23300 128.29500 11.11780
C 130.56900 126.43600 9.53881
C 132.67300 124.04800 9.36830
C 135.80900 124.82700 9.39035
C 133.77200 127.13700 9.44766
H 135.48400 126.49700 11.05060
H 132.35700 125.86700 10.99930
H 134.45500 123.45900 10.96350
H 131.27500 122.87500 10.99880
C 113.59900 128.86300 9.90077
C 115.71900 134.92500 9.85871
C 116.83800 129.56900 9.73101
C 112.46700 133.79400 9.89140
C 114.72100 131.91100 9.81730
C 111.09100 130.95000 10.61580
C 117.84500 132.66000 9.75448
C 119.93800 130.17400 9.57911
C 121.05600 133.23200 9.67290
C 123.26600 130.74400 9.60042
H 119.63100 131.94800 11.18440
H 122.83700 132.60100 11.23480
H 121.75800 129.59400 11.14220
H 120.61800 135.01400 11.29710
H 118.62300 128.99900 11.26770
H 117.47600 134.33800 11.48140
H 128.07300 130.73100 11.16360
C 124.19900 133.91200 9.64786
C 129.44200 131.99200 9.54578
C 128.51100 128.94700 9.48508
C 126.32100 131.39600 9.59951
C 127.30000 134.47000 9.63385
H 125.00300 130.17700 11.28790
H 129.10200 133.81600 11.18460
H 125.95900 133.18500 11.17230
C 134.72500 130.09600 9.48064
C 135.76400 133.27100 9.51722
H 131.21500 131.39700 11.03660
H 134.31800 131.99000 11.02000
H 136.45400 129.57500 11.09860
C 130.49900 135.05400 9.52837
C 131.62700 129.52100 9.51698
H 133.35900 128.88000 11.10630
H 135.37400 135.03500 11.13430
H 132.27100 134.41700 11.06900
C 132.59700 132.61700 9.41798
C 113.65500 103.46900 12.66970
C 116.98500 104.06000 12.62170
C 114.85200 106.58200 12.74720
C 111.18300 105.75800 12.45940
C 118.02500 107.17700 12.54590
C 122.21500 102.19800 12.46570
C 120.00700 104.63600 12.54390
C 123.20200 105.22500 12.42070
C 121.04800 107.63400 12.47510
C 118.99400 101.69200 12.59310
C 125.26900 102.86800 12.37300
C 126.26600 105.81700 12.42340
C 128.38000 103.41200 12.43230
C 129.46700 106.51600 12.43400
C 133.66100 101.49500 12.14880
C 131.63700 104.15500 12.43170
C 132.68900 107.18700 12.33160
C 134.74400 104.70400 12.28200
C 135.81600 107.75900 12.21790
C 111.17900 114.05300 12.46430
C 112.75000 108.91700 12.72140
C 115.84300 109.54300 12.55310
C 116.91500 112.54200 12.63700
C 113.76600 112.08200 12.72960
C 114.71700 114.97800 12.75320
C 118.97300 110.18200 12.43700
C 122.12900 110.74900 12.48100
C 119.93200 113.20600 12.47710
C 123.08000 113.79600 12.52130
C 124.24100 108.31900 12.40950
C 125.27500 111.32600 12.45870
C 127.37300 108.95800 12.45720
C 128.48300 112.07800 12.33280
C 126.23800 114.36300 12.43110
C 129.47900 114.94100 12.40220
C 130.58200 109.55700 12.42930
C 133.78200 110.16800 12.34400
C 131.58600 112.51000 12.34370
C 134.72900 113.21800 12.32310
C 115.79100 118.07100 12.58710
C 112.64200 117.43800 12.87520
C 113.82400 120.41600 12.89130
C 116.84200 121.06700 12.73470
C 117.83200 115.63600 12.59410
C 120.92000 116.17800 12.54920
C 118.82800 118.57200 12.62960
C 122.05800 119.27000 12.60720
C 120.01300 121.66600 12.62530
C 124.20200 116.74400 12.47660
C 125.22100 119.78800 12.62790
C 127.32700 117.27900 12.47990
C 128.45900 120.40500 12.58980
C 130.40200 117.98800 12.43550
C 132.58000 115.56200 12.34170
C 135.64000 116.07600 12.44250
C 133.61700 118.52000 12.42170
C 131.56000 121.01300 12.53560
C 134.71800 121.64000 12.56320
C 111.14300 122.59600 12.56640
C 114.78500 123.39400 12.91980
C 112.76900 125.58300 13.27770
C 115.77200 126.54700 12.94260
H 112.45700 127.70500 11.89160
H 115.47800 128.39100 11.37440
H 111.11500 124.88000 11.58020
H 114.39300 125.29200 11.40450
C 122.08800 127.72700 12.74380
C 118.97400 127.10600 12.76420
C 121.09800 124.72600 12.72700
C 117.90300 123.98300 12.83890
C 123.09100 122.25900 12.65380
C 124.15000 125.28900 12.68580
C 127.33200 125.92500 12.74560
C 129.55300 123.48600 12.70260
C 125.39200 128.27400 12.76730
C 126.21400 122.83300 12.64080
C 132.71800 124.04900 12.61570
C 135.80400 124.65700 12.59660
C 130.63500 126.45300 12.69190
C 133.73200 127.07300 12.63200
C 111.24000 130.76400 12.57960
C 115.69100 134.93800 13.09080
C 116.95700 129.50200 12.93700
C 114.74400 131.78200 13.07690
C 112.50300 134.19100 13.13960
C 113.75200 128.85300 13.10690
H 111.13800 133.12100 11.87410
H 113.37300 130.71700 11.44700
H 116.49700 131.35400 11.35590
H 114.32500 133.68200 11.49550
C 118.01800 132.44500 12.97240
C 123.22900 130.67100 12.83680
C 120.01800 130.18100 12.83090
C 120.98200 133.16600 12.80040
C 126.40700 131.46500 12.83780
C 129.55200 131.90300 12.71960
C 128.51300 128.87200 12.72490
C 124.32500 133.68300 12.88660
C 127.29400 134.41300 12.77630
C 132.60600 132.61300 12.67100
C 134.67900 130.16400 12.67170
C 135.65600 133.21200 12.73640
C 130.56700 135.03900 12.69850
C 131.62800 129.57100 12.66260
C 139.95700 1.18627 9.86490
C 137.86200 3.71227 9.83507
C 140.93200 4.13800 9.90768
H 142.63600 3.45998 11.55040
H 139.51900 2.93251 11.49360
H 137.44100 5.36515 11.56050
H 141.63500 0.54409 11.56580
H 140.61900 5.95435 11.50800
H 138.46100 -0.05779 11.29650
C 136.79600 0.64198 9.64529
C 143.04600 1.73111 9.91782
C 148.44100 -0.13019 9.69667
C 146.11300 2.38306 9.80745
C 143.99900 4.64269 9.87890
C 147.12800 5.27511 9.89109
C 149.30300 2.92917 9.79129
H 145.70600 4.08626 11.52480
H 144.83500 1.06506 11.43200
H 147.90200 1.66259 11.28830
H 148.93400 4.72431 11.41880
C 151.48800 0.49022 9.78335
C 154.56100 1.05056 9.81601
C 152.39800 3.51595 9.81959
C 150.39500 5.91057 9.80394
C 155.63500 4.13392 9.80056
H 154.17500 2.90310 11.36180
H 151.04400 2.26434 11.43150
H 152.12700 5.36581 11.43300
H 155.25600 5.95586 11.43610
H 153.18300 -0.17304 11.40960
H 156.30300 0.47309 11.49510
C 157.64500 1.65643 9.76858
C 160.89100 2.36702 9.76364
C 158.85100 4.81118 9.77177
C 162.00800 5.31822 9.78304
H 159.51200 1.14484 11.34920
H 160.58600 4.16458 11.41740
H 157.43000 3.51007 11.29300
C 138.82700 6.55705 9.93474
C 142.07200 7.24451 9.96893
C 139.90600 9.49302 9.99563
C 137.72000 11.91300 9.94000
C 140.96100 12.57110 9.99966
H 139.52300 11.33780 11.47710
H 142.75000 11.93270 11.58350
H 141.69400 8.96759 11.62230
H 138.49100 8.31169 11.59120
C 143.10300 10.12960 9.99764
C 136.74000 9.03530 9.99776
C 145.08200 7.74835 9.91020
C 146.13400 10.81290 9.93525
C 148.16900 8.38045 9.83540
C 149.34400 11.37460 9.79376
H 146.83600 7.13805 11.48560
H 143.70700 6.45375 11.48710
H 145.88300 12.63350 11.56840
H 147.96700 10.18290 11.45540
H 144.82600 9.53532 11.59070
C 153.47100 6.53189 9.79210
C 155.64900 12.60590 9.71211
C 151.44900 8.90303 9.77354
C 154.65600 9.49457 9.80400
C 152.47500 12.00950 9.69671
H 154.25900 11.40030 11.28000
H 151.12300 10.79670 11.32430
H 150.00000 7.74484 11.37130
H 153.18800 8.37087 11.42420
H 156.39400 8.91040 11.39850
C 156.70000 7.09816 9.78968
C 159.89200 7.72572 9.76320
C 157.76700 10.13230 9.75892
C 160.94600 10.73510 9.64898
H 158.46800 6.58401 11.39370
H 157.47900 12.00670 11.30160
H 159.53500 9.59605 11.32680
H 161.62100 7.10525 11.39260
H 160.61300 12.60850 11.16400
C 138.88400 15.03200 9.99451
C 141.97400 15.52800 9.93388
C 139.89000 18.07220 10.00830
H 140.59700 14.38880 11.59410
H 138.47500 16.86180 11.62280
H 137.46200 13.75410 11.56140
C 136.69100 17.48080 10.03850
H 141.67400 17.41480 11.49100
H 139.46900 19.82140 11.68970
C 143.03200 18.62820 9.83442
C 144.07600 13.17890 9.96342
H 149.01500 13.22310 11.35590
C 147.22800 13.69710 9.78059
C 145.08800 16.17490 9.85304
C 148.25300 16.80660 9.65399
C 146.11100 19.21830 9.75252
C 149.31400 19.98900 9.70812
H 144.77300 18.03050 11.37720
H 146.94700 15.61900 11.31560
H 143.76600 14.99920 11.56490
H 147.96600 18.63680 11.24560
C 153.60600 14.92010 9.70495
C 150.46100 14.31000 9.74609
C 151.51800 17.43630 9.66641
C 154.59400 18.01250 9.65291
H 155.35000 14.39080 11.34290
H 151.08800 19.24060 11.24640
H 153.25400 16.77900 11.24030
H 154.21800 19.82100 11.24750
H 152.21300 13.79150 11.32950
H 150.11400 16.23910 11.24020
C 158.79500 13.26940 9.68070
H 156.36800 17.39690 11.23860
C 156.76300 15.58660 9.70816
C 162.06500 13.81020 9.68041
C 159.95300 16.18740 9.73096
C 157.75400 18.60810 9.71897
C 160.97100 19.20420 9.64921
H 159.58900 18.04040 11.33990
H 161.68900 15.66020 11.26270
H 158.49200 15.05040 11.36330
C 137.74300 20.46760 10.06410
C 140.85100 20.98950 10.03030
C 138.92900 23.47620 9.97164
C 141.95000 23.98870 9.98919
H 142.67200 20.38680 11.52630
C 136.69000 25.91500 9.90231
H 140.56000 22.80370 11.66430
C 139.92600 26.56870 9.85931
H 137.40900 22.34810 11.59810
C 148.22600 25.32070 9.78665
C 145.07300 24.66950 9.92059
C 147.23300 22.27720 9.80327
C 143.97600 21.66570 9.90258
H 146.88300 24.09180 11.43410
H 144.74500 26.46810 11.53150
H 143.73600 23.44290 11.58870
H 149.00500 21.71460 11.39430
H 145.85000 21.04930 11.36830
C 155.67700 21.00630 9.64137
C 151.37600 25.95770 9.67017
C 152.46900 20.48800 9.68813
C 150.37800 22.96330 9.76365
C 153.45400 23.42940 9.66891
C 154.59300 26.48820 9.59112
H 153.16500 25.27820 11.26950
H 155.24400 22.80060 11.26290
H 150.00900 24.72560 11.30190
H 152.11500 22.28560 11.33750
H 156.35400 25.80800 11.21590
H 161.60600 24.03730 11.20760
C 162.00400 22.14830 9.65485
C 158.76300 21.65300 9.68044
C 159.86600 24.63690 9.62911
C 156.70100 23.88720 9.69195
H 159.49400 26.44590 11.25170
H 158.51600 23.45420 11.30400
H 157.38200 20.43660 11.28970
H 160.54400 21.00520 11.22450
C 141.87900 32.59390 9.74225
C 138.72300 31.94850 9.77409
C 137.75400 28.88470 9.87846
C 140.95300 29.60660 9.81266
C 143.01600 27.05400 9.87101
C 146.06400 27.65840 9.83390
C 149.28400 28.33050 9.67312
C 144.09000 30.03430 9.80474
C 145.15600 33.15160 9.63343
C 147.13700 30.64750 9.73942
H 147.90500 27.16700 11.32140
H 148.94400 30.13270 11.26270
H 146.88100 32.56970 11.28050
H 154.24500 28.27220 11.23250
C 155.61300 29.56400 9.66845
C 153.42200 31.91640 9.70685
C 150.42500 31.27010 9.71207
C 152.47200 28.92230 9.73839
H 151.06100 27.70800 11.27290
H 152.13300 30.71280 11.40650
H 150.04000 33.09880 11.24900
H 155.21300 31.34040 11.26230
H 161.56300 32.52010 11.29220
H 160.55400 29.45310 11.28640
C 160.92800 27.66760 9.70840
C 159.83000 33.06420 9.63127
C 161.83800 30.67770 9.70517
C 158.89200 30.12570 9.63279
H 158.42800 31.88850 11.25500
H 157.41600 28.91160 11.19140
C 157.74100 27.06030 9.58724
C 156.61600 32.49900 9.66841
C 139.79900 1.04899 13.03490
C 137.72000 3.46523 13.03730
C 140.89500 4.11305 13.10010
C 136.62100 0.47550 12.84120
C 143.14300 1.66322 13.09230
C 148.36200 -0.17726 12.89220
C 146.20900 2.21139 13.01000
C 143.97200 4.68766 13.15730
C 147.17300 5.26722 13.02500
C 149.22700 2.90101 12.95230
C 151.38400 0.38599 13.00310
C 154.45500 1.03702 13.04300
C 152.44800 3.49843 13.02270
C 150.32400 5.90492 13.03860
C 155.68000 4.11601 12.95090
C 157.78100 1.76167 12.99990
C 161.03600 2.30794 12.92140
C 158.76900 4.75462 12.97510
C 162.01000 5.33508 13.04090
C 138.84800 6.52064 13.15780
C 142.00000 7.14347 13.14870
C 139.90600 9.60285 13.09290
C 137.90400 11.99850 13.19630
C 140.95800 12.49300 13.12550
C 136.73800 8.91779 13.16080
C 143.08800 10.11920 13.21350
C 145.08000 7.62246 13.10070
C 146.26700 10.79610 13.13600
C 148.30700 8.33677 13.05240
C 149.41000 11.45880 12.99070
C 144.11800 13.17670 13.18990
C 153.53600 6.53829 13.10590
C 151.39400 8.95286 12.96800
C 154.70300 9.65087 12.95030
C 155.72500 12.59510 12.92110
C 152.54100 12.05030 12.93500
C 156.72600 7.15006 13.00980
C 159.86400 7.80128 12.98390
C 157.79100 10.19010 12.96090
C 160.95100 10.84060 12.83870
C 138.82500 14.99620 13.17180
C 142.02100 15.60970 13.14780
C 139.98200 17.99280 13.17220
C 136.71600 17.46230 13.24200
C 143.09000 18.55070 13.06990
C 145.26400 16.24740 13.00160
C 147.37200 13.90490 13.03200
C 148.41800 16.84760 12.84520
C 146.26500 19.17610 12.93750
C 149.37100 19.81560 12.91530
C 153.60600 15.03180 12.90860
C 150.46500 14.46560 12.88760
C 151.61500 17.45500 12.84330
C 154.63900 18.02650 12.84330
C 158.90100 13.18250 12.88740
C 156.68200 15.64380 12.91250
C 161.95400 13.83660 12.83590
C 159.97100 16.26910 12.93410
C 157.71700 18.63620 12.86430
C 161.06000 19.25900 12.84810
C 136.72800 25.99060 13.09160
C 137.71200 20.54700 13.24440
C 141.01200 20.98630 13.21470
C 138.80500 23.60430 13.19810
C 142.02000 24.06490 13.17990
C 139.81100 26.59650 13.08310
H 141.58600 25.87830 11.53050
H 138.46500 25.36070 11.48050
C 144.15900 21.54900 13.09130
C 147.23600 22.26970 12.99780
C 145.16800 24.68510 13.10090
C 148.30700 25.40750 12.91530
C 150.38000 22.93740 12.95490
C 153.52000 23.48170 12.92170
C 154.65600 26.47200 12.85800
C 152.46800 20.43950 12.87030
C 151.41100 25.93150 12.89750
C 155.62500 21.00520 12.87990
C 161.98500 22.17140 12.77100
C 156.73000 24.04490 12.83690
C 158.84800 21.60200 12.85730
C 159.90300 24.64790 12.89880
C 137.86700 28.93150 13.02080
C 138.67700 31.96960 13.00780
C 141.97500 32.59450 12.91400
C 140.91300 29.64260 12.98340
H 137.37100 30.75450 11.44370
H 139.57800 28.36750 11.38260
H 142.67700 28.86390 11.44350
H 140.45500 31.40210 11.35980
C 143.01800 27.12340 13.14300
C 149.38900 28.37100 12.85170
C 146.25300 27.67940 12.99300
C 145.12300 33.23670 12.90220
C 147.24000 30.78930 12.91270
C 144.11400 30.19270 12.95430
H 145.83500 29.51610 11.43440
H 143.68500 31.98290 11.25200
C 155.61500 29.50940 12.80120
C 152.53100 28.79690 12.90980
C 153.59400 31.96230 12.92090
C 150.31900 31.32230 12.91620
C 157.71700 27.12630 12.81810
C 158.78900 30.00420 12.87720
C 159.78600 33.18630 12.83050
C 161.93600 30.61120 12.84260
C 156.61300 32.54230 12.82700
C 160.93400 27.58710 12.87200
C 139.76300 35.11050 9.78027
C 137.71100 37.54430 9.94718
C 140.81800 38.04170 9.76314
C 142.94800 35.68900 9.70725
C 136.54200 34.42500 9.94153
C 146.13500 36.30070 9.58248
C 143.99200 38.79840 9.67388
C 147.14300 39.12100 9.57084
C 149.45600 36.74170 9.53374
C 148.31600 33.66510 9.60531
H 147.92200 35.59240 11.12050
H 148.96900 38.55770 11.12000
C 151.44400 34.33970 9.74605
C 154.54500 34.92000 9.68096
C 152.51100 37.34260 9.63380
C 150.36600 39.80250 9.50692
C 155.64100 37.89730 9.59628
H 155.27800 39.82100 11.04480
H 152.14800 39.19740 11.15660
H 151.08500 36.18790 11.29830
H 153.22100 33.75210 11.32370
H 154.25800 36.76410 11.26420
H 156.34900 34.35840 11.20620
C 157.71900 35.53970 9.60404
C 160.94800 35.99680 9.54752
C 158.75900 38.44060 9.54834
C 161.97100 39.16340 9.45731
H 159.44900 34.92930 11.16280
H 160.61300 37.89420 11.09780
H 157.39100 37.35650 11.23790
C 138.74800 40.55320 9.92081
C 141.95200 41.17250 9.78787
C 139.87900 43.59750 9.89807
C 140.98400 46.63620 9.95468
C 137.70300 46.00610 10.07120
C 142.91900 44.26300 9.85387
C 136.68400 43.07040 10.09990
C 145.15000 41.76030 9.63106
C 146.18800 44.82550 9.66752
C 148.33300 42.26090 9.45301
C 149.39700 45.41080 9.47585
H 148.05000 44.10530 11.06720
H 145.87300 46.56860 11.41830
H 146.96300 41.07210 11.10910
H 149.00600 47.11200 11.16170
C 144.05900 47.22750 9.90881
C 153.45700 40.37170 9.48000
C 151.50400 42.79580 9.42534
C 154.62400 43.40540 9.33697
C 155.62300 46.38330 9.33545
C 152.57000 45.85110 9.37764
H 150.09200 41.63680 11.01970
H 153.28500 42.24010 11.03090
H 154.33200 45.18790 11.00740
H 151.16100 44.62880 11.00670
H 156.42700 42.78670 10.89180
H 158.42300 40.40230 11.05100
C 156.65700 40.91040 9.33270
C 159.89000 41.47380 9.41200
C 157.88300 43.89050 9.27692
C 160.99400 44.49710 9.31389
H 161.66900 40.95710 11.05470
H 157.54100 45.82570 10.77450
H 160.72500 46.31520 10.89640
H 159.62200 43.36360 10.98910
C 158.90700 46.94460 9.30351
C 138.84000 48.90550 10.00460
C 141.99800 49.72240 9.99498
C 139.86800 52.04760 10.03410
C 136.63200 51.42360 10.07030
C 143.00900 52.54640 9.93683
H 139.50500 53.81810 11.64500
H 141.63200 51.46120 11.66200
H 138.47000 50.78920 11.61540
C 147.18200 47.75830 9.71722
C 145.13100 50.09580 9.87769
C 148.22900 50.73220 9.78210
C 146.24600 53.12510 9.74001
H 147.98000 52.58340 11.38510
H 146.91600 49.51960 11.42620
H 144.83700 51.95400 11.41260
H 143.76400 48.99050 11.58460
C 149.28100 53.68910 9.59518
C 153.51100 48.78740 9.40508
C 150.34700 48.38870 9.57263
C 151.38800 51.22290 9.54217
C 154.52400 51.74290 9.29127
H 152.12800 47.57440 11.02290
H 155.33500 48.21540 10.94900
H 151.11800 53.09060 11.12650
H 153.19600 50.57670 11.01340
H 150.01900 50.11750 11.29160
H 154.24700 53.61590 10.79550
H 156.37500 51.25990 10.82350
C 156.81900 49.32570 9.36319
C 162.03900 47.51290 9.24717
C 159.91700 49.92550 9.21470
C 157.69200 52.33360 9.05743
C 160.81100 53.01670 9.00458
H 159.51500 51.83350 10.67620
H 158.59200 48.78340 10.98080
H 161.74200 49.38630 10.76170
C 136.75800 59.73860 9.82165
C 137.71400 54.43100 10.07870
C 140.93000 55.00120 10.02360
C 138.92900 57.38130 9.91750
C 141.95600 57.94390 9.81791
H 141.68500 59.92370 11.19910
H 140.64000 56.83780 11.59920
H 138.56900 59.31830 11.39180
H 142.74800 54.44610 11.54810
C 139.90500 60.45430 9.70105
H 137.45300 56.37560 11.61860
C 144.05400 55.61450 9.75472
C 147.18900 56.07830 9.51930
C 148.27000 59.08150 9.37164
C 145.08200 58.54590 9.52854
H 145.84600 54.99670 11.24950
H 146.90500 57.95550 11.03300
H 144.86200 60.48960 11.02180
H 143.81300 57.48270 11.29160
H 149.01400 55.58420 11.08290
C 151.32100 59.77900 9.22582
C 153.51400 57.21350 9.20412
C 155.60900 54.80390 9.15080
C 154.67500 60.30250 9.02544
C 152.35600 54.21770 9.37293
C 150.41800 56.70900 9.38955
H 155.37300 56.66680 10.75250
H 150.08600 58.55330 10.98070
H 153.21500 59.09190 10.62070
H 152.24200 56.08190 10.98060
H 156.43900 59.69310 10.66200
C 161.88900 56.05100 8.87497
C 159.79200 58.53740 8.92898
C 156.73300 57.83900 9.08131
C 158.84500 55.40360 9.01635
H 161.61000 57.89970 10.41880
H 160.62600 54.85180 10.61600
H 158.55300 57.27010 10.63640
H 157.44300 54.22010 10.63880
H 159.60300 60.32410 10.58050
C 143.02300 60.96520 9.44361
C 138.78400 65.82990 9.32166
C 140.91300 63.33500 9.38775
C 142.01600 66.50960 9.19879
C 137.79100 62.83230 9.54427
H 137.46300 64.72730 11.07110
H 142.69400 62.88920 10.96200
H 140.62200 65.27830 10.82480
H 139.54100 62.38520 11.21310
H 145.95800 63.48500 10.80220
H 148.01300 60.94720 10.96330
H 149.11500 64.04670 10.75560
H 147.02200 66.48760 10.77970
H 143.83500 65.94100 10.68600
C 147.32500 64.65010 9.18689
C 144.12100 63.99220 9.24795
C 145.35100 66.96950 9.07676
C 146.28100 61.56890 9.35774
C 149.35800 62.10060 9.27300
H 155.32000 65.20970 10.61510
H 154.22400 62.09130 10.61890
C 155.54500 63.35880 8.98590
C 153.54800 65.79490 9.03426
H 151.17100 61.63360 10.80120
H 152.21700 64.67570 10.72830
H 150.17700 67.08560 10.75020
C 150.49400 65.26330 9.14887
C 152.42700 62.81450 9.12335
H 160.62700 63.38420 10.44330
C 159.87600 66.89460 8.74466
C 157.77600 60.94010 9.04134
H 161.65400 66.36210 10.33420
C 161.99200 64.55250 8.74317
H 157.40000 62.82590 10.55410
C 156.70800 66.30470 8.87709
C 160.93200 61.46940 8.87238
H 158.52300 65.79200 10.43040
C 158.84400 63.92410 8.87018
C 139.77500 35.03490 13.05270
C 137.80200 37.43120 13.17310
C 140.98600 38.10630 12.95130
C 136.82100 34.37880 13.14850
H 137.45100 39.34360 11.62000
H 140.57800 39.89430 11.35390
H 142.64400 37.49790 11.26360
H 141.54600 34.46890 11.36700
H 139.48700 36.88170 11.47820
H 138.41300 33.78520 11.38730
C 143.04700 35.68420 12.86550
C 146.20300 36.18870 12.79960
C 143.98600 38.68960 12.89030
C 147.29100 39.27990 12.78250
C 149.26200 36.81560 12.83120
C 148.30700 33.82750 12.82790
H 145.75300 38.09240 11.28510
H 144.79100 35.01660 11.20110
C 150.41300 39.86120 12.68550
C 151.41000 34.33640 12.87330
C 154.66700 35.00090 12.85290
C 152.56000 37.42500 12.83990
C 155.64100 38.10820 12.74940
C 157.75800 35.58620 12.81910
C 160.99500 36.07500 12.72510
C 158.89800 38.62890 12.71310
C 162.10300 39.10850 12.64550
C 136.87600 42.91050 13.26950
C 138.97700 40.46170 13.10450
C 142.01600 41.05690 12.97420
C 140.03000 43.55170 13.16820
C 137.94800 46.06730 13.26400
C 141.00700 46.59670 13.16110
H 139.57500 45.38070 11.56150
H 141.62700 42.93990 11.47780
H 138.54700 42.37790 11.58620
H 142.74100 45.98510 11.53620
C 143.14700 44.09540 13.03670
C 145.29400 41.73430 12.81580
C 146.45300 44.62370 12.81870
C 148.38500 42.29670 12.65670
C 149.50200 45.27640 12.65270
H 144.79900 43.58570 11.25810
H 143.78600 40.57710 11.32140
C 153.59500 40.43880 12.69040
C 151.46200 42.82770 12.61640
C 154.67100 43.35990 12.61220
C 155.81800 46.37120 12.50290
C 152.57700 45.79480 12.62500
C 156.63100 41.09610 12.64050
C 159.89400 41.53820 12.64850
C 157.76300 44.06830 12.49790
C 161.02900 44.59790 12.63090
C 136.80200 51.43450 13.32580
C 138.97600 48.97570 13.24100
C 142.05100 49.60900 13.24680
C 139.88200 52.01430 13.25730
H 137.45200 47.82280 11.70010
H 140.64800 48.43620 11.58900
C 144.15100 47.10710 13.11770
C 143.23300 52.67870 13.14050
C 145.24000 50.20580 13.08680
C 147.41100 47.66080 12.94420
C 148.38600 50.77920 12.97760
C 146.29600 53.25440 12.92210
C 149.47900 53.90550 12.78920
C 153.59700 48.80060 12.61090
C 150.45900 48.26320 12.72440
C 151.57100 51.31850 12.75010
C 154.63400 51.90390 12.47070
C 159.00500 46.92500 12.48040
C 156.77800 49.47130 12.45740
C 162.16000 47.63750 12.36430
C 160.03400 50.10410 12.37190
C 157.83700 52.51520 12.36730
C 161.02500 53.01360 12.20950
C 136.84800 60.01470 12.96930
C 137.79600 54.52910 13.23040
C 140.96200 55.03830 13.19000
C 138.93100 57.62290 13.16720
C 142.10500 58.18110 12.89470
C 140.01200 60.61330 12.86720
C 148.30600 59.15760 12.61560
C 145.28200 58.77540 12.69690
C 147.31100 56.21960 12.73500
C 144.25100 55.74060 12.94990
C 153.62500 57.37760 12.37790
C 155.77100 54.81400 12.32710
C 150.55100 56.73120 12.58520
C 152.74400 54.28810 12.57800
C 151.61500 59.79580 12.37880
C 154.65800 60.24010 12.24330
C 156.86300 57.90440 12.30480
C 158.88100 55.44980 12.21470
C 160.01600 58.48740 12.19660
C 162.14800 56.14920 12.04890
C 142.03700 66.46550 12.29850
C 137.83800 63.01530 12.79430
C 138.94200 65.94550 12.45770
C 141.04000 63.67160 12.60760
C 143.14000 61.18710 12.68380
C 144.21800 64.21820 12.38630
C 145.35900 67.07670 12.32830
C 149.48200 62.31200 12.39760
C 147.40700 64.68250 12.37560
C 146.32900 61.78260 12.51160
C 150.51800 65.29450 12.37150
C 155.61100 63.33010 12.20410
C 152.65200 62.89370 12.30050
C 153.62900 65.94780 12.25070
C 160.03400 66.99410 11.94820
C 162.04800 64.58410 11.96950
C 157.83600 61.02620 12.15690
C 156.85400 66.46830 12.09140
C 160.97300 61.62630 12.13210
C 158.90200 64.06700 12.07430
C 139.89700 68.98020 9.17619
C 137.92100 71.40070 9.23164
C 141.06700 71.97250 9.17384
H 140.71500 73.80820 10.76750
C 143.17100 69.50520 9.07985
H 141.73600 68.32320 10.70080
H 137.59300 73.21680 10.82660
H 138.56700 67.74120 10.82920
H 142.81500 71.31280 10.75840
H 139.66200 70.77050 10.83070
C 136.66200 68.26530 9.30684
C 146.33900 70.03420 9.01354
C 144.16500 72.42160 9.03713
C 147.30200 73.01330 8.77132
C 149.36100 70.57300 8.87041
C 148.47800 67.58360 9.12346
H 148.08700 69.48000 10.62210
H 144.98300 68.86420 10.64600
H 149.07700 72.52160 10.34390
H 146.00000 71.90900 10.54660
C 151.48100 68.11080 8.99351
C 154.63500 68.77840 8.82815
C 152.58600 71.11180 8.66042
C 150.42400 73.66460 8.61479
C 155.75900 71.92750 8.63042
H 154.42800 70.72060 10.31170
H 155.37500 73.73910 10.23600
H 151.19400 70.08730 10.37100
H 153.29000 67.66810 10.52320
H 152.24500 73.05990 10.14560
H 156.43000 68.19060 10.40160
C 157.74900 69.41740 8.74257
C 160.96800 69.99980 8.80692
C 158.89900 72.50440 8.74653
C 162.13500 73.13910 8.90227
H 159.50400 68.75340 10.29140
H 160.61900 71.89230 10.41220
H 157.48500 71.27220 10.32240
C 138.90900 74.29160 9.09572
C 142.00600 74.96290 8.97387
C 139.95500 77.40700 9.04166
C 137.87500 79.74510 8.90660
C 140.92500 80.28250 8.78630
H 139.57800 79.22970 10.56520
H 141.78700 76.84710 10.59820
H 142.76000 79.84480 10.29720
H 138.63700 76.16960 10.66570
C 136.85100 76.72670 9.04839
C 143.04000 77.97270 8.75090
C 145.18300 75.55100 8.69750
C 146.21500 78.60730 8.53828
C 148.25000 76.05640 8.52233
C 149.33600 79.19640 8.41518
H 145.95200 80.41180 10.16010
H 148.00200 77.92280 10.08000
H 143.86400 74.42580 10.49530
H 146.97400 74.90600 10.23110
H 144.91000 77.44170 10.20510
C 144.15000 80.94790 8.62401
C 153.63000 74.34980 8.59322
C 155.86100 80.38740 8.56181
C 151.57100 76.70090 8.45723
C 154.68200 77.32160 8.58999
C 152.67200 79.79850 8.35112
H 153.23700 76.21260 10.20190
H 151.15800 78.61210 9.87198
H 150.11900 75.57360 10.10750
H 154.35100 79.23880 10.09260
H 156.43300 76.72210 10.21480
H 158.56300 74.34290 10.33500
C 156.84900 74.86420 8.65214
C 160.04600 75.55030 8.81740
C 157.95200 77.92640 8.68431
C 160.97400 78.55240 8.87596
H 157.49600 79.74910 10.29550
H 159.55800 77.33730 10.43340
H 160.60900 80.40000 10.43750
H 161.67700 74.92090 10.53370
C 138.85000 82.71810 8.66402
C 142.02300 83.37030 8.60419
C 139.97700 85.85940 8.57960
H 140.66500 82.18990 10.23010
H 137.45400 81.68220 10.39250
H 138.55900 84.61790 10.16650
H 141.67300 85.19840 10.18970
H 139.57300 87.66390 10.17870
C 136.75900 85.23420 8.62787
C 143.08200 86.44810 8.59494
H 149.09400 81.02100 10.00700
C 145.27400 84.04910 8.61115
C 147.28800 81.72920 8.57194
C 148.29700 84.69300 8.62157
C 146.28700 87.12560 8.56379
H 144.89800 85.88350 10.15920
H 143.83700 82.82540 10.17960
H 146.97500 83.41650 10.24050
H 148.00500 86.44560 10.19800
C 149.39500 87.71860 8.63591
C 153.69200 82.74480 8.44035
C 150.48800 82.37930 8.46890
C 151.49800 85.30980 8.47035
C 154.75400 85.98190 8.53999
H 153.30300 84.66150 9.99887
H 152.21700 81.61060 10.02270
H 150.14300 84.10930 10.17030
H 151.14300 87.05460 10.17800
H 155.40300 82.26830 10.06910
H 154.29300 87.68780 10.25610
C 158.93600 80.96200 8.73034
H 156.44600 85.33770 10.18720
C 156.92100 83.51450 8.65169
C 162.09100 81.66990 8.98966
C 160.06000 84.03910 8.83112
C 157.96900 86.54560 8.71633
C 161.04400 87.16490 8.96373
H 159.56900 85.86500 10.42990
H 158.54600 82.81070 10.31950
H 161.73500 83.47190 10.52550
C 137.86400 88.26560 8.54409
C 142.12200 92.03010 8.59054
C 140.92200 88.85170 8.53806
C 138.89600 91.39640 8.51929
C 139.85900 94.55770 8.61345
H 137.47800 90.12600 10.11980
H 138.45400 93.20990 10.11410
H 140.66600 90.73690 10.10310
H 141.62000 93.79870 10.16140
H 142.69200 88.28270 10.12860
C 136.64300 93.90730 8.57690
C 144.10900 89.47400 8.58487
C 147.30600 90.10940 8.65555
C 145.15300 92.60920 8.66972
C 148.25500 93.23190 8.68834
H 145.88600 88.88780 10.20320
H 146.88700 91.92490 10.23710
H 143.81400 91.27080 10.25550
H 144.79000 94.36690 10.30330
H 149.02100 89.48180 10.28100
C 150.39900 90.76030 8.74697
C 155.73600 88.90200 8.70284
C 152.50800 88.37580 8.68286
C 153.58900 91.35750 8.80317
C 154.58100 94.33880 8.86710
C 151.44000 93.73090 8.78862
H 149.97600 92.60000 10.33910
H 153.16800 93.09690 10.47290
H 155.32200 90.69820 10.38060
H 152.15000 90.11860 10.34750
H 156.35200 93.75590 10.45840
C 156.75100 91.90440 8.79435
C 158.93900 89.51050 8.88864
C 159.99800 92.46740 9.02859
C 162.06400 90.12780 9.05914
H 159.54500 94.28160 10.59030
H 157.46900 88.25350 10.36540
H 158.43400 91.30240 10.51340
H 161.63800 91.91330 10.73260
H 160.57800 88.88810 10.59500
C 137.79600 96.80640 8.73447
C 142.07100 100.43500 8.98885
C 138.85800 99.86030 8.94845
C 140.98300 97.47100 8.86751
H 142.68100 96.79580 10.47710
H 140.62400 99.21720 10.55460
H 139.50500 96.22640 10.37800
H 137.39200 98.56730 10.35880
C 143.05100 95.12950 8.71980
H 148.99500 98.00030 10.55360
H 145.81800 97.45810 10.52240
H 147.87800 95.01530 10.31700
H 146.96200 100.44200 10.51020
H 143.76200 99.81850 10.62760
C 146.19000 95.71100 8.81264
C 147.28300 98.61380 8.95058
C 149.30600 96.31350 8.85282
C 145.13400 101.04100 8.98073
C 144.09300 98.04950 8.93910
H 150.08600 101.00800 10.45170
H 151.06100 95.57550 10.38760
H 155.35400 99.14520 10.45680
H 154.19600 96.11860 10.52090
H 152.25800 98.62140 10.47020
C 155.63800 97.29780 8.89953
C 152.55600 96.78370 8.86664
C 153.64500 99.78710 8.84566
C 150.43900 99.05960 8.93362
C 160.98900 95.61230 9.09709
C 162.00100 98.52930 9.23632
C 158.94700 97.92910 9.01614
H 157.37900 96.77130 10.46400
H 160.52800 97.32570 10.78950
H 158.45200 99.80510 10.47510
H 161.57100 100.40400 10.74580
C 156.83300 100.31500 8.89299
C 159.94000 101.01500 8.98334
C 157.88500 94.95450 8.92930
C 140.09700 68.93220 12.40230
C 137.92800 71.42440 12.44760
C 141.16200 72.02510 12.42970
C 136.86900 68.41920 12.50570
C 143.25900 69.48970 12.28570
C 146.38800 70.11940 12.21300
C 144.30500 72.64680 12.16620
C 147.44700 73.26420 11.97130
C 149.54300 70.77760 12.02830
C 148.46000 67.74220 12.30470
C 151.68300 68.47480 12.13640
C 154.75700 68.93440 12.00960
C 152.65700 71.42560 11.86740
C 150.50800 73.80690 11.76430
C 155.84500 71.94740 11.91090
C 157.82600 69.47130 11.93760
C 160.89000 69.96370 11.93030
C 158.86400 72.50610 11.94440
C 161.99000 73.09160 12.10310
C 138.98600 74.50680 12.41490
C 142.23600 75.07330 12.21620
C 140.04300 77.50070 12.19150
C 137.92100 79.95170 12.11930
C 141.11200 80.51220 11.94990
C 136.89000 76.77540 12.26160
C 143.33500 78.12450 11.93220
C 145.35600 75.74630 11.90650
C 146.34900 78.67150 11.76090
C 148.40300 76.16630 11.76930
C 149.54000 79.16840 11.56960
C 153.61300 74.35910 11.78700
C 151.52100 76.88150 11.65360
C 154.65200 77.46100 11.76600
C 155.71500 80.49400 11.72990
C 152.49200 79.74630 11.60570
C 156.71200 74.93850 11.87000
C 159.82000 75.51250 12.05280
C 157.70400 77.95040 11.90930
C 160.92700 78.54520 12.05100
C 158.83700 80.99260 11.95940
C 139.02200 82.91630 11.85610
C 142.09300 83.41120 11.81550
C 139.97200 85.84220 11.79810
C 136.83500 85.36000 11.83000
C 143.11100 86.39700 11.68320
C 144.27300 81.04100 11.77980
C 145.18200 84.08050 11.80140
C 147.42900 81.54560 11.70800
C 148.34900 84.64040 11.78840
C 146.24700 87.06410 11.79060
C 149.39800 87.57540 11.80690
C 153.53900 82.84180 11.63450
C 150.47400 82.23360 11.64840
C 151.63900 85.30050 11.74250
C 154.61000 85.80410 11.74740
C 156.71100 83.45470 11.77350
C 161.97700 81.58380 12.07710
C 159.90000 84.00790 12.00380
C 157.71000 86.45870 11.94230
C 160.89100 87.01000 12.13920
C 137.80800 88.28710 11.78430
C 140.94100 88.92300 11.72690
C 138.88700 91.35330 11.67120
C 141.95100 91.96000 11.76550
C 136.82500 93.80870 11.82450
C 139.86500 94.28460 11.78800
C 147.28400 90.12260 11.86540
C 148.26000 93.17680 11.90320
C 145.08900 92.46780 11.87610
C 144.10000 89.42660 11.80070
C 154.59400 94.29010 12.10490
C 155.73100 88.80390 11.93580
C 150.39000 90.73150 11.88540
C 153.55100 91.23700 12.03350
C 152.51700 88.23240 11.85830
C 151.36500 93.75000 12.02750
C 158.68500 89.49370 12.06520
C 159.77100 92.44910 12.21470
C 161.85800 90.09360 12.31300
C 156.68300 91.86610 12.09030
C 137.74900 96.77560 11.94970
C 140.94600 97.31260 12.10600
C 138.75700 99.62940 12.07020
C 141.99000 100.32300 12.25690
C 143.02300 94.80060 11.89960
C 147.23800 98.60460 12.10240
C 145.26800 101.09200 12.10960
C 146.18700 95.49800 12.00060
C 144.07200 97.92080 12.15740
C 149.27700 96.07580 11.99910
C 153.65800 99.88680 12.03130
C 155.59500 97.39530 12.03760
C 150.50200 99.20540 12.04310
C 152.44700 96.77810 12.05130
C 156.68200 100.42000 12.03450
C 157.71500 95.02960 12.08350
C 160.86800 95.40460 12.32520
C 161.81100 98.62330 12.40480
C 158.58000 98.03380 12.10000
C 159.68800 101.09700 12.18010
C 139.89900 102.80900 9.03755
C 137.78300 105.26900 8.97012
C 140.97600 105.81100 8.96849
H 138.48200 101.60800 10.61290
H 137.51500 107.11700 10.55640
H 141.65500 102.20400 10.69290
H 142.72900 105.23300 10.54990
H 140.62200 107.68500 10.48870
H 139.55700 104.63800 10.59490
C 136.82000 102.24900 8.95427
C 143.00900 103.38400 8.99023
C 146.24300 104.04800 8.89610
C 144.10500 106.42000 8.95775
C 147.28200 107.02800 8.79142
C 149.38700 104.54700 8.81958
H 148.01500 103.42100 10.50090
H 144.82300 102.87700 10.47560
H 145.92800 105.86700 10.45300
H 149.05800 106.46300 10.37840
C 148.33400 101.62000 8.87053
C 151.50200 102.06800 8.83545
C 154.66000 102.77200 8.79552
C 152.54500 105.15000 8.66363
C 150.43700 107.59900 8.69020
C 155.80000 105.82100 8.79664
H 154.29600 104.65600 10.27690
H 152.17700 107.02400 10.26850
H 155.31400 107.55900 10.41830
H 151.14100 104.03300 10.37050
H 153.30400 101.60100 10.42360
H 156.40300 102.21500 10.39020
C 157.89700 103.40900 8.89540
C 161.09700 104.03000 9.14450
C 158.99000 106.36200 8.96115
C 162.10500 106.97100 9.16619
H 157.41700 105.21400 10.49670
H 159.51800 102.83100 10.55180
H 160.61200 105.81200 10.72220
C 138.86400 108.34400 8.91967
C 142.10300 108.94900 8.98407
C 139.98600 111.38600 9.10781
C 140.93300 114.47000 9.22462
C 137.80700 113.80500 9.26516
H 138.65600 110.10300 10.63700
H 141.77200 110.71100 10.57090
H 139.62600 113.16600 10.73940
H 142.77800 113.74600 10.72970
C 136.92600 110.79300 9.15229
C 143.04800 112.07100 8.98709
C 145.17400 109.45000 8.90339
C 146.20600 112.61200 8.90889
C 148.34300 110.05000 8.69526
C 149.38000 113.16100 8.73971
H 148.02800 111.83900 10.30070
H 147.00600 108.88600 10.39630
H 145.95700 114.34000 10.63050
H 144.88000 111.28300 10.50230
H 143.84100 108.24900 10.58370
C 153.71100 108.18000 8.73017
C 151.51400 110.63300 8.66744
C 154.69900 111.22400 8.59576
C 155.82200 114.37700 8.73174
C 152.48100 113.73300 8.67928
H 151.12700 112.43900 10.30220
H 150.12800 109.43600 10.24750
H 154.32200 113.08400 10.17900
H 153.32900 110.04700 10.19200
H 158.43200 108.23500 10.40550
C 156.67400 108.81200 8.77423
C 159.92100 109.42800 8.86281
C 157.91400 111.94300 8.76363
C 161.13400 112.50100 8.86562
H 159.60400 111.28900 10.39700
H 161.59800 108.87400 10.58500
H 156.43800 110.68700 10.26410
H 160.62100 114.32400 10.44920
H 157.48500 113.66200 10.47530
C 138.86900 116.82900 9.37404
C 141.95300 117.45900 9.38197
C 139.97300 119.83500 9.50426
H 137.47200 115.54700 10.96100
H 138.54800 118.56100 11.02490
H 140.64500 116.19900 10.95950
H 141.69200 119.14400 11.11420
C 136.90800 119.26900 9.36401
C 143.03700 120.34700 9.43818
H 139.63700 121.60600 11.04850
H 149.15000 114.93000 10.49690
C 144.16100 115.03900 9.15105
C 145.08100 118.05900 9.25476
C 147.29800 115.61900 8.99905
C 148.29300 118.72700 9.07864
C 146.18200 121.06200 9.35596
H 146.96900 117.38200 10.65970
H 143.79500 116.78300 10.87250
H 144.85200 119.77100 10.95920
H 147.96800 120.41400 10.84670
C 149.37100 121.72400 9.33106
C 153.58700 116.79000 8.88775
C 150.42500 116.30700 8.84168
C 151.48700 119.40200 9.07346
C 154.69700 119.91300 9.14748
H 150.12700 117.99400 10.56610
H 151.17800 121.05900 10.82710
H 153.24000 118.52100 10.58460
H 155.40900 116.12200 10.40350
H 152.17700 115.47600 10.40860
H 154.29300 121.62000 10.84640
C 158.84600 114.89500 8.85878
H 156.41900 119.10800 10.72880
C 156.76600 117.48800 8.89645
C 160.91800 121.08100 9.17296
C 162.03900 115.59100 8.95355
C 160.05400 118.00700 9.05140
C 157.82300 120.45400 9.14493
H 158.53500 116.72600 10.45590
H 159.57500 119.74900 10.76120
H 161.67700 117.34000 10.64150
C 137.92900 122.23300 9.38331
C 140.01000 128.34700 9.47200
C 142.14400 125.89700 9.43081
C 138.95400 125.29600 9.49485
C 141.04300 122.84900 9.48248
H 138.56700 127.13000 11.09550
H 137.55600 124.05200 10.96620
H 140.73400 124.67800 11.05570
H 141.72600 127.71000 11.06900
H 142.81200 122.14900 11.04570
C 136.85000 127.76400 9.49988
C 144.06600 123.53700 9.43763
C 147.32800 124.10200 9.38552
C 145.20900 126.66100 9.50903
C 148.35000 127.15400 9.41832
H 144.83300 128.32000 11.21250
H 143.87200 125.35500 11.04700
H 145.91300 122.91700 10.95410
H 149.04900 123.47100 11.01310
H 146.97800 125.89900 11.01060
C 155.62500 122.97900 9.29794
C 154.64800 128.38100 9.55855
C 150.42900 124.64700 9.36624
C 153.57200 125.33400 9.44341
C 152.55000 122.37200 9.27635
C 151.53500 127.74600 9.52323
H 150.08100 126.44800 10.96550
H 152.16300 124.08800 10.97050
H 153.23200 127.10200 11.15060
H 155.33600 124.65800 11.03130
H 156.37100 127.66800 11.11210
C 156.69700 125.95900 9.46456
C 162.05600 124.16200 9.32928
C 159.79900 126.65000 9.53625
C 158.75300 123.52900 9.26353
H 159.52300 128.30500 11.32030
H 158.47100 125.24500 11.03740
H 157.40200 122.17300 10.81470
H 161.57700 125.93200 11.03080
H 160.53300 122.87400 10.80740
C 138.80400 133.87900 9.64392
C 142.01900 134.58600 9.78814
H 140.58600 133.18700 11.20930
C 141.00500 131.39000 9.55651
C 137.77700 130.81900 9.49349
H 142.71200 130.74600 11.18970
H 137.47000 132.56200 11.22200
H 139.54800 130.14600 11.02070
C 143.13700 129.02600 9.58347
C 146.13400 129.54900 9.55372
H 146.91600 134.37800 11.24790
C 145.10300 134.98900 9.76371
C 144.06500 132.05700 9.68338
C 147.24300 132.53700 9.61517
C 149.44600 130.15600 9.44685
H 149.02700 131.90700 11.12890
H 143.71700 133.78200 11.40640
H 145.83700 131.32300 11.20860
H 147.96700 128.92500 11.01280
C 150.54100 133.17900 9.67916
C 152.53600 130.80900 9.64788
C 155.70400 131.35200 9.72265
C 153.61000 133.78900 9.76834
H 150.07600 134.88900 11.33840
H 151.09800 129.53200 11.11670
H 152.18300 132.55000 11.32340
H 154.27600 130.11700 11.27350
H 155.29700 133.08300 11.39960
C 156.64300 134.35200 9.84977
H 160.57000 131.31800 11.28490
C 159.79300 134.98000 9.70901
H 158.48200 133.79700 11.42150
H 161.67800 134.36700 11.21960
H 157.46900 130.75800 11.27860
C 157.83400 128.97600 9.65074
C 160.86900 129.57700 9.70489
C 158.89500 132.00900 9.72469
C 161.93600 132.50800 9.65561
C 139.84800 102.86100 12.22980
C 137.82400 105.27300 12.18980
C 140.96000 105.88200 12.08790
C 136.71900 102.19700 12.20440
C 143.16700 103.43700 12.19650
C 148.37600 101.57300 12.11340
C 146.25400 104.04800 12.04320
C 144.25300 106.38600 12.13500
C 147.35100 107.09100 12.02870
C 149.39900 104.67500 12.03200
C 151.56200 102.20900 11.95610
C 154.68000 102.91100 11.93400
C 152.58000 105.27300 11.91350
C 150.52400 107.68400 11.90790
C 155.63400 105.74900 12.01300
C 157.67800 103.36800 12.05840
C 160.73600 103.96600 12.28430
C 158.71600 106.50900 12.11990
C 161.93200 107.15000 12.30160
C 138.92900 108.26700 12.19180
C 142.06700 108.83100 12.13120
C 140.02400 111.26500 12.23300
C 137.92600 113.62500 12.42140
C 141.05300 114.30000 12.41390
C 136.92100 110.69000 12.23950
C 143.23600 111.79800 12.19480
C 145.36800 109.48300 12.11130
C 146.38500 112.40300 12.05920
C 148.49100 110.03600 11.94640
C 149.46600 112.92700 11.96070
C 144.27300 114.85700 12.33700
C 153.52100 108.26600 11.89020
C 151.58200 110.55700 11.81800
C 154.62100 111.28000 11.78930
C 155.68300 114.18100 11.95940
C 152.62200 113.53000 11.87360
C 156.61500 108.92600 11.92320
C 159.74800 109.50200 12.04790
C 157.80300 111.76900 11.97430
C 160.87400 112.50600 12.09010
C 158.86100 114.86000 12.04330
C 138.89600 116.71900 12.57720
C 142.13400 117.29600 12.62900
C 139.86900 119.76900 12.64180
C 136.81500 119.18700 12.55920
C 143.16600 120.26500 12.65750
C 145.32400 117.88200 12.42400
C 147.47100 115.51600 12.20520
C 148.42100 118.53000 12.28840
C 146.26300 121.08400 12.50320
C 149.39100 121.56100 12.49370
C 153.66000 116.57000 12.08070
C 150.55100 116.11500 12.11970
C 151.54600 119.08400 12.24560
C 154.61300 119.69100 12.30210
C 156.80900 117.16800 12.13660
C 161.97100 115.47100 12.13440
C 159.88100 117.77300 12.24210
C 157.73200 120.29500 12.35600
C 160.84100 121.00500 12.43970
C 137.80300 122.22500 12.59110
C 141.08800 122.81100 12.64840
C 138.98900 125.21900 12.61950
C 142.15300 125.85900 12.66880
C 140.01000 128.37400 12.65610
C 136.81800 127.71200 12.65830
C 147.36600 124.13600 12.63210
C 144.18900 123.48400 12.58690
C 148.38300 127.07600 12.57470
C 145.27600 126.48000 12.69000
C 150.46100 124.65000 12.60480
C 155.70100 122.75200 12.51880
C 153.58600 125.18500 12.65660
C 151.35000 127.61600 12.64820
C 154.63400 128.24200 12.79660
C 152.52800 122.21300 12.50990
C 158.75200 123.26900 12.49860
C 159.88900 126.37800 12.75880
C 161.94200 123.99700 12.50910
C 156.68500 125.76300 12.66080
C 137.87900 130.73000 12.76050
C 138.82100 133.80100 12.85420
C 141.89100 134.26100 12.99100
C 140.89400 131.28500 12.72630
C 143.12900 128.90300 12.74380
C 146.33600 129.50700 12.72560
C 145.21900 134.89800 12.95630
C 149.32300 130.07900 12.69900
C 147.32600 132.53600 12.77870
C 144.14500 131.86100 12.86620
C 155.70100 131.22700 12.92630
C 153.54200 133.70400 13.00700
C 152.43600 130.66400 12.84050
C 150.35300 133.02400 12.86230
C 159.99400 134.98900 12.92110
C 161.96400 132.49500 12.85070
C 158.89900 131.91100 12.95670
C 156.63900 134.35300 13.03200
C 157.69700 128.84800 12.80400
C 161.02900 129.48200 12.83810
C 164.24300 2.93170 9.79817
C 166.24900 0.52981 9.88059
C 167.16700 3.65707 9.90178
C 165.14000 5.95627 9.83038
H 163.74700 4.73527 11.42550
H 166.87800 5.38648 11.46560
H 165.83600 2.33307 11.47620
H 167.87700 -0.09945 11.54330
C 163.21000 -0.14025 9.65818
H 168.95300 2.91722 11.45170
H 162.74000 1.67895 11.25950
C 169.28700 1.04668 9.90771
C 170.44600 4.11693 9.94609
C 172.50300 1.68284 9.90730
C 173.62400 4.77131 10.06480
H 172.17200 3.45812 11.56230
H 171.08200 0.50695 11.45680
H 175.26300 4.04951 11.74020
H 170.03800 5.84774 11.61450
H 174.23700 1.01654 11.51290
C 175.59600 2.31088 9.99080
C 178.87000 2.93293 9.92371
C 176.63000 5.30634 10.11190
C 180.96700 0.47725 9.90256
C 182.04400 3.47726 9.94485
C 179.89100 5.79382 9.95219
C 177.68300 -0.14812 9.86399
H 181.60400 5.26286 11.54320
H 180.61800 2.28464 11.54660
H 178.43900 4.66483 11.60210
H 177.43900 1.65675 11.49780
C 184.05300 1.06355 9.82499
C 185.11100 4.03409 9.84642
C 187.25400 1.56077 9.79236
C 188.34200 4.57429 9.80507
H 184.79600 5.84880 11.44250
H 185.80200 0.44535 11.41200
H 182.70300 -0.13023 11.50240
H 186.88300 3.38958 11.36150
H 183.78600 2.82754 11.48860
C 168.39300 6.55552 9.92540
C 163.07300 8.28205 9.74454
C 164.21400 11.32120 9.72477
C 167.40100 11.96170 9.78189
C 166.32000 8.90848 9.85853
H 165.89500 10.79320 11.39690
H 164.80500 7.80264 11.36050
H 167.98900 8.32185 11.53590
H 169.07300 11.30720 11.36650
H 162.72200 10.17230 11.27710
C 169.48800 9.41431 9.88371
C 171.51300 7.00691 10.05160
C 174.58000 7.67280 10.01480
C 170.53700 12.49370 9.80413
C 172.54700 10.07920 9.97320
H 174.33000 9.49530 11.52710
H 172.18300 11.95030 11.52140
H 173.22400 6.48850 11.71900
H 171.12400 8.84809 11.61610
H 175.32000 12.56670 11.56810
C 175.72100 10.78600 9.98166
C 178.84300 11.27910 9.88839
C 177.69000 8.31563 9.98626
C 182.03000 11.96770 9.79007
C 180.96200 8.90144 9.88933
H 176.31400 7.15342 11.69290
H 179.53900 7.74682 11.48900
H 180.65100 10.76820 11.44010
H 177.45100 10.15720 11.57950
C 182.98500 6.41296 9.91549
C 186.19300 7.08597 9.84510
C 185.12100 12.49230 9.83746
C 184.06700 9.40255 9.87391
C 187.20500 10.03110 9.86332
H 186.85500 11.88060 11.42630
H 183.72700 11.31230 11.43910
H 187.92400 6.39178 11.37900
H 185.82500 8.81537 11.51310
H 182.73100 8.28493 11.47810
H 163.78400 13.19450 11.31480
H 162.79400 18.68060 11.21230
C 168.35000 14.88820 9.68888
C 165.30100 14.33860 9.72012
C 166.26500 17.40090 9.58134
C 163.00000 16.76130 9.63447
H 165.95100 19.21800 11.13670
H 166.98000 13.74670 11.37090
H 164.87000 16.23170 11.17120
H 167.98100 16.74740 11.19210
H 169.02700 19.73520 11.19230
C 164.18600 19.86830 9.60306
C 173.65800 13.10160 9.92849
C 169.41200 17.85600 9.65387
C 171.61100 15.61880 9.72393
C 174.62400 16.24040 9.83078
C 172.60300 18.72180 9.80711
H 170.14800 14.39700 11.27210
H 171.19400 17.39110 11.32030
H 174.33400 18.03930 11.43800
H 173.23300 14.98870 11.43690
H 178.44600 13.16850 11.43580
C 175.79800 19.19240 9.87774
C 176.68200 13.73030 9.84100
C 179.85800 14.37500 9.83899
C 177.79200 16.79000 9.90605
C 180.94400 17.43260 9.86716
H 179.53300 16.22010 11.47530
H 180.57200 19.18050 11.49000
H 176.35500 15.54200 11.43060
H 177.45200 18.57460 11.52480
H 181.65400 13.79550 11.37530
C 178.83500 19.71570 9.88097
C 188.26100 13.06480 9.81680
C 186.26800 15.53450 9.89137
C 183.08700 14.98620 9.80600
C 184.16700 17.90700 9.86529
C 187.27600 18.69050 9.82058
H 182.71300 16.76360 11.51360
H 188.03100 14.85390 11.49720
H 185.94600 17.38220 11.46470
H 184.81100 14.31560 11.47160
H 183.74000 19.75980 11.45350
C 167.37000 20.48680 9.58870
C 165.16100 22.88770 9.62997
C 168.34600 23.44880 9.70831
C 166.24300 25.91460 9.63301
H 166.87900 22.22580 11.23850
H 164.86700 24.65380 11.27380
C 163.06300 25.25850 9.68999
H 167.99000 25.32970 11.28070
H 163.79000 21.62900 11.23760
C 169.45200 26.37400 9.61906
C 174.75200 24.59360 9.74069
C 171.56800 24.02770 9.69763
C 173.68100 21.56320 9.81430
C 170.49200 20.96400 9.77280
H 174.33900 26.45940 11.28930
H 170.09800 22.83040 11.24880
H 171.15200 25.87620 11.30070
H 173.26700 23.47000 11.35530
H 172.21200 20.46590 11.47000
H 175.39600 21.04790 11.50210
C 176.72300 22.22320 9.84636
C 177.82200 25.26480 9.86324
C 180.99000 25.94930 9.83236
C 179.90900 22.81040 9.80681
C 181.95300 20.34460 9.87755
H 176.41000 24.03590 11.47620
H 179.58800 24.64050 11.37920
H 181.63800 22.17470 11.43950
H 178.49300 21.60210 11.40440
C 184.13800 26.42370 9.93748
C 185.22700 20.97760 9.89769
C 182.97700 23.45100 9.88777
C 186.19600 24.05030 9.91882
C 188.29800 21.64430 10.00700
H 182.67000 25.26560 11.50880
H 184.77700 22.81520 11.50800
H 185.86300 25.85870 11.53640
H 187.97300 23.52750 11.55540
H 186.93500 20.40500 11.57500
H 162.67700 27.06060 11.28460
H 169.04800 28.27160 11.08940
C 164.98500 31.12940 9.45941
C 167.33000 28.82940 9.45584
C 168.32200 31.90080 9.41066
C 163.95000 28.25490 9.56381
H 165.84200 27.73720 11.09950
H 166.89900 30.69580 10.97860
H 164.72800 33.06090 10.94930
H 163.66100 30.06380 11.22840
H 172.20600 28.92180 11.18090
C 171.54500 32.55790 9.57844
C 170.52000 29.53140 9.56564
C 172.59300 26.97190 9.66854
C 173.72000 30.16060 9.68077
C 174.66800 33.13330 9.74410
H 173.23400 31.95170 11.26990
H 175.36900 29.53140 11.31420
H 170.05300 31.35680 11.12410
C 175.70300 27.72270 9.73184
H 176.42100 32.57020 11.35200
C 180.09500 31.35900 9.79012
C 178.93100 28.30520 9.79946
C 176.79200 30.75850 9.75565
H 181.70100 30.77350 11.56190
H 179.56200 33.13850 11.38970
H 177.45100 27.16100 11.39290
H 178.60900 30.17730 11.27380
H 180.60300 27.71180 11.47530
C 181.99500 28.98060 9.90944
H 187.97100 31.90540 11.73740
C 187.18400 27.19760 10.01810
H 186.89800 28.95080 11.68610
H 183.72200 28.26570 11.51390
C 183.16300 32.01160 10.00600
C 188.27600 30.12180 10.07090
H 184.81800 31.31730 11.63990
C 186.28700 32.57870 10.12720
C 185.16600 29.52680 10.01840
C 164.07500 2.87410 12.98870
C 166.06300 0.47193 13.05500
C 167.24800 3.56966 13.02990
C 165.07900 6.02901 12.99300
C 163.01600 -0.16299 12.88050
C 169.31900 1.13883 13.05560
C 170.35600 4.00040 13.16570
C 172.47300 1.59400 13.11630
C 173.43600 4.73212 13.27160
C 175.67700 2.09656 13.15040
C 180.95000 0.40670 13.11110
C 182.07400 3.45497 13.13330
C 176.68200 5.27978 13.23300
C 178.83400 2.80900 13.16430
C 179.87800 5.87270 13.16510
C 177.68900 -0.22285 13.05370
C 188.29100 4.59903 12.99920
C 185.23500 4.08817 13.03230
C 184.13100 1.03623 13.10450
C 187.28600 1.59975 12.97430
C 168.25100 6.52057 13.13340
C 164.08600 11.41340 12.93520
C 166.14600 8.97495 13.02300
C 167.27300 11.95750 12.98430
C 163.01300 8.41119 12.94080
C 169.36800 9.62253 13.14870
C 170.36500 12.63240 12.97770
C 171.37500 6.98040 13.20960
C 174.61200 7.78666 13.31400
C 172.56000 10.15390 13.12000
C 175.71800 10.73910 13.16720
C 178.90300 11.41050 13.07020
C 177.82300 8.37571 13.17090
C 180.98600 9.03128 13.06180
C 181.98500 12.00710 13.01400
C 183.07800 6.43588 13.08160
C 186.24300 6.97681 13.05430
C 184.10400 9.50118 13.08650
C 187.25900 10.09180 13.05180
C 185.12400 12.46400 13.05840
C 163.12200 16.81360 12.79620
C 165.21800 14.53280 12.85330
C 168.38200 15.02850 12.88620
C 166.25000 17.41790 12.75290
C 164.28700 19.81480 12.78500
C 173.55100 13.18860 13.12000
C 169.34800 17.94840 12.80790
C 171.42400 15.58340 12.96390
C 174.64100 16.21830 13.00180
C 172.56100 18.60830 12.99560
C 175.75100 19.19430 13.10900
C 176.72800 13.77260 13.09610
C 179.88400 14.31140 12.99930
C 177.76600 16.72680 13.06150
C 180.87700 17.38780 13.09210
C 178.82800 19.82970 13.06480
C 188.30600 12.98610 13.06730
C 186.21600 15.49860 13.07380
C 183.03500 14.83680 13.07590
C 184.19600 17.93490 13.09440
C 187.38100 18.54420 13.09630
C 163.06200 25.14410 12.85000
C 167.29600 20.40000 12.78030
C 165.19900 22.77250 12.90100
C 168.28200 23.44590 12.82380
C 166.19500 25.96830 12.82500
C 169.42500 26.64490 12.85230
C 170.28000 20.96820 12.88270
C 173.61600 21.72530 13.06290
C 171.42200 23.95670 12.90640
C 174.61400 24.66800 12.99990
C 181.94400 20.36760 13.03720
C 176.81600 22.22670 13.08500
C 177.90100 25.33400 12.99720
C 180.88100 25.85330 13.07590
C 179.88300 22.85390 13.00440
C 188.34800 21.68370 13.10150
C 182.98800 23.39300 13.08940
C 186.10900 24.01800 13.15560
C 184.07800 26.47210 13.13110
C 185.08100 20.97720 13.11140
C 167.33300 28.94760 12.66360
C 164.18900 28.30900 12.79490
C 165.17300 31.31120 12.66320
C 168.27700 31.84020 12.70450
C 174.62100 33.12830 12.91740
C 172.55700 27.08510 12.86770
C 173.58900 30.10590 12.87230
C 170.37500 29.57150 12.73640
C 171.45000 32.56980 12.73910
C 175.61200 27.74150 12.94210
C 179.93100 31.33360 13.02350
C 181.97300 28.88370 13.11550
C 178.80400 28.41850 12.97630
C 176.85900 30.69310 12.87320
C 186.14700 32.52280 13.26770
C 188.27300 30.11620 13.34820
C 185.03800 29.46420 13.22170
C 183.09000 31.98720 13.15360
C 187.23100 27.01990 13.17660
C 164.07200 36.66250 9.48217
C 166.13700 34.27620 9.43635
C 167.18700 37.36670 9.46160
C 165.20500 39.80940 9.38201
C 162.87400 33.61830 9.53497
H 169.00200 36.77610 10.96440
H 165.84100 36.11740 11.10350
H 163.80900 38.56490 11.00180
H 166.93200 39.21170 11.05390
H 167.95900 33.70880 11.11930
H 162.69500 35.47580 11.13560
C 169.35900 34.91460 9.47471
C 170.43800 37.99560 9.36803
C 172.69900 35.48840 9.56853
C 173.85400 38.51430 9.61066
H 171.14600 34.39110 11.11080
H 175.31600 37.94430 11.47680
H 170.07400 39.78260 10.97440
H 174.28500 34.96660 11.35470
H 172.17800 37.36710 11.02200
C 175.78000 36.18850 9.88487
C 178.84900 36.79060 9.95406
C 176.81000 39.01940 9.87931
C 180.97400 34.36590 9.87278
C 182.03200 37.46660 9.98364
C 179.86200 39.73270 9.96966
C 177.85300 33.88630 9.82719
H 177.49100 35.54440 11.57920
H 181.58900 39.24780 11.63750
H 178.52300 38.57970 11.60540
H 180.59200 36.17150 11.46630
C 184.14900 34.92850 10.02670
C 185.23000 37.97220 9.94844
C 187.34300 35.47500 10.13140
C 188.48600 38.50910 10.23950
H 182.63300 33.79520 11.56600
H 186.87800 37.34600 11.64700
H 184.82600 39.76830 11.63870
H 183.73900 36.81670 11.56840
H 185.83000 34.36210 11.71170
C 168.29900 40.39390 9.37333
C 163.08500 42.13880 9.44310
C 166.25800 42.75360 9.30219
C 164.14500 45.10240 9.28169
C 167.39300 45.70200 9.21455
H 169.10800 45.27920 10.89140
H 168.05000 42.24920 10.93360
H 165.94900 44.63080 10.83900
H 164.87400 41.58880 11.00710
H 162.75600 43.99820 11.00190
C 169.59200 43.39300 9.40255
H 173.20600 40.38270 11.11290
C 171.54300 41.10970 9.48549
C 174.68800 41.63260 9.61897
C 172.71500 44.09040 9.57547
C 170.55800 46.38330 9.38966
H 174.35200 43.47720 11.26060
H 172.25600 45.95420 11.10150
H 175.41000 46.44810 11.08640
H 171.26200 42.90800 11.12840
C 173.70000 47.00330 9.49542
C 175.85700 44.56710 9.63969
C 177.80800 42.22360 9.74728
C 180.98600 42.83830 9.87729
C 178.91100 45.20640 9.84086
H 177.48200 44.00160 11.36560
C 182.10400 45.71620 9.89230
H 176.37600 40.95880 11.28140
H 180.59800 44.62440 11.47910
H 179.52200 41.65790 11.40500
C 183.05600 40.44440 10.05190
C 186.30300 40.89920 10.04790
C 184.10400 43.34160 10.03550
C 187.36000 44.00960 10.03050
C 185.12200 46.35220 9.96077
H 185.91100 42.75710 11.57640
H 187.98100 40.37170 11.74480
H 183.75200 45.18900 11.61790
H 182.60500 42.21780 11.65800
H 186.90600 45.83900 11.57240
H 163.89100 47.02750 10.74940
C 168.43200 48.78980 8.95492
C 165.24100 48.14690 9.02620
C 166.21600 51.13440 8.82095
C 162.95600 50.55940 9.00328
H 167.95600 50.63920 10.45770
H 165.81900 53.08130 10.26860
H 164.83800 50.02310 10.49810
H 167.02000 47.67110 10.58230
H 168.99900 53.68950 10.43420
C 163.98200 53.63470 8.79047
H 162.69200 52.44210 10.53830
C 169.36000 51.92890 8.89869
C 171.67600 49.37960 9.11967
C 174.78000 49.96600 9.34444
C 172.66300 52.53830 8.98717
H 171.17900 51.31900 10.49500
H 170.08000 48.37100 10.69400
H 173.24100 48.91100 10.97270
H 174.31100 51.89640 10.67830
C 175.89100 53.08670 9.28390
C 176.91800 47.54830 9.59298
C 179.90800 48.10060 9.75426
C 177.89400 50.65720 9.51607
C 180.97600 51.34910 9.77498
H 176.44800 49.44390 11.08100
H 178.49100 47.03240 11.40930
H 177.46300 52.48230 11.12860
C 179.00700 53.68440 9.63879
H 179.58700 50.00820 11.25080
H 180.61500 53.14100 11.44820
H 181.68900 47.60140 11.41270
C 188.34100 46.95520 9.92724
C 186.16300 49.34660 9.83447
C 183.09700 48.81710 9.87812
C 184.17700 51.81330 9.72394
C 187.28100 52.39760 9.82089
H 182.71100 50.70200 11.42630
H 185.86600 51.21820 11.39740
H 184.84400 48.23380 11.54360
H 187.94800 48.83580 11.43380
H 183.77600 53.61920 11.39000
C 163.01100 59.10210 8.87267
C 167.36200 54.21600 8.70501
C 165.16700 56.76400 8.74938
C 168.44500 57.28100 8.87924
C 166.31300 59.67430 8.81970
H 166.93200 56.04750 10.27470
H 163.75900 55.51500 10.34780
H 164.78000 58.54620 10.41180
H 167.97500 59.08160 10.53180
C 169.39400 60.26750 8.96631
C 174.73500 58.47460 9.17217
C 173.69400 55.49650 9.11499
C 171.49600 57.93830 9.01582
C 170.57700 54.86410 8.94681
H 171.13400 59.71780 10.62070
H 172.19800 54.31040 10.62430
H 173.23900 57.32530 10.62330
H 170.10000 56.66280 10.58010
H 174.29600 60.34600 10.76100
H 175.33100 54.91820 10.80340
C 181.01200 59.67750 9.63810
C 179.88600 56.72600 9.57460
C 176.89600 56.09600 9.34319
C 177.85400 59.13290 9.54213
C 182.05200 54.26790 9.78839
H 176.31800 57.86640 10.94800
H 178.46400 55.53650 11.16920
H 179.53800 58.51580 11.22010
H 181.63600 56.17610 11.28290
C 185.20400 54.87330 9.77551
C 183.10500 57.40970 9.67649
C 186.21700 57.96070 9.74626
C 188.32700 55.56380 9.74820
C 184.18100 60.38030 9.68848
H 182.77400 59.20390 11.28960
H 184.77800 56.72260 11.28850
H 186.93600 54.28430 11.38780
H 187.96200 57.35600 11.36010
H 185.87300 59.74180 11.39380
H 162.70600 60.94310 10.49570
C 168.47400 65.80630 9.00077
C 165.33000 65.17380 8.80624
C 167.36100 62.77150 8.85701
C 164.06900 62.11590 8.80595
H 169.01000 62.11620 10.57020
H 163.78900 64.01020 10.35450
H 165.85000 61.50120 10.36640
H 164.82900 67.00990 10.39840
H 166.96100 64.54460 10.52300
H 175.22600 63.45930 10.88930
C 173.52900 64.08700 9.26525
C 172.59500 61.06060 9.12743
C 170.51400 63.39170 9.12623
H 170.12000 65.20580 10.70810
H 172.17200 62.76350 10.86390
C 171.60200 66.48970 9.20704
C 174.74500 67.00370 9.36210
H 173.19900 65.83990 10.85930
C 182.07800 62.68670 9.60772
C 175.78000 61.63440 9.30074
H 180.57000 61.53750 11.14380
H 176.34200 66.46200 10.99530
H 179.55900 67.00100 11.01130
H 178.40500 63.91330 11.08050
H 181.57300 64.52360 11.16140
C 178.89400 62.10600 9.48228
C 179.86100 65.10330 9.47910
C 176.79200 64.65670 9.42394
H 177.35200 60.92840 11.03540
H 183.76500 62.18000 11.28720
C 188.30100 63.97280 9.80796
C 185.18000 63.30130 9.69466
C 187.29200 60.94880 9.85018
H 187.85100 65.85410 11.38450
H 186.87800 62.76860 11.41210
C 183.06000 65.62190 9.53498
C 186.17100 66.39700 9.61027
H 184.76400 65.19450 11.22640
C 164.06200 36.82290 12.67480
C 166.13600 34.18790 12.64840
C 167.35700 37.36550 12.64840
C 165.17200 39.78190 12.66040
C 163.09100 33.66660 12.75400
C 169.37300 35.04100 12.66090
C 170.39400 38.02280 12.58400
C 172.45600 35.58630 12.72250
C 173.50600 38.51910 12.75230
C 175.63200 36.06050 13.05260
C 178.94800 36.76210 13.15360
C 176.69500 39.24980 13.01870
C 180.82200 34.35120 13.08090
C 181.90100 37.37880 13.14150
C 179.83500 39.96050 13.12260
C 177.83700 33.67260 13.05380
C 184.01500 34.92760 13.18270
C 185.16300 37.92660 13.25670
C 187.10000 35.60170 13.38970
C 188.20500 38.57380 13.34920
C 168.36900 40.44200 12.59200
C 163.12400 42.17920 12.60730
C 166.29400 42.89040 12.53690
C 164.22800 45.33670 12.43880
C 167.32000 45.98750 12.35380
C 169.41400 43.54750 12.60030
C 171.39300 41.01930 12.68220
C 174.52600 41.58090 12.79120
C 172.56900 44.21370 12.74200
C 170.39200 46.62180 12.44480
C 175.72900 44.75770 12.82000
C 177.71900 42.17400 12.97340
C 180.80400 42.82130 13.14340
C 178.76200 45.20600 13.01850
C 181.94000 45.83620 13.11880
C 183.03100 40.41240 13.20270
C 186.16400 41.00130 13.25460
C 184.14700 43.28900 13.17170
C 187.33400 43.99480 13.18760
C 185.21600 46.42130 13.21440
C 163.19800 50.74990 12.15550
C 168.25400 48.94980 12.23510
C 165.34900 48.32140 12.21090
C 166.14300 51.35800 11.97120
C 164.18500 53.71750 11.97990
C 169.41000 51.87270 12.01620
C 173.61200 47.12730 12.63220
C 171.37400 49.66960 12.31230
C 174.59700 50.21550 12.47180
C 172.49300 52.49450 12.20280
C 175.50700 53.08730 12.45270
C 176.60500 47.74150 12.78240
C 179.90200 48.25290 12.98870
C 177.75000 50.64400 12.74180
C 180.86100 51.29270 12.95680
C 178.68200 53.73970 12.86300
C 188.40300 47.06750 13.13460
C 186.29700 49.50450 13.09390
C 182.98800 48.90400 13.03750
C 184.18200 51.90290 13.03640
C 187.28300 52.46660 13.00760
C 163.02200 59.09090 12.02910
C 167.19300 54.26350 11.94580
C 165.21700 56.70420 11.91920
C 168.19200 57.17910 12.01990
C 166.19600 59.70700 12.06790
C 171.41100 57.86260 12.19070
C 174.47300 58.49440 12.38790
C 173.47600 55.53670 12.25580
C 170.36500 54.81410 12.14050
C 169.33300 60.27070 12.17610
C 180.88900 59.75310 12.78750
C 176.55200 56.08450 12.58450
C 179.79200 56.68430 12.84660
C 177.62300 59.02220 12.62710
C 182.07300 54.38760 12.96980
C 184.09600 60.44900 12.96200
C 186.13600 57.89990 12.94670
C 185.15800 54.97980 12.94300
C 183.07300 57.33060 12.89550
C 188.37800 55.54380 12.94820
C 164.15500 62.23650 11.99970
C 167.16700 62.67410 12.11070
C 165.12300 65.23820 12.04880
C 168.30800 65.73540 12.22080
C 174.53600 66.98190 12.52660
C 170.26700 63.29260 12.31420
C 172.47900 60.88540 12.34490
C 171.37600 66.41180 12.37250
C 173.45000 64.03100 12.48470
C 175.48800 61.60410 12.47680
C 179.74700 65.22450 12.66960
C 181.91900 62.73740 12.77640
C 176.54500 64.61150 12.57370
C 178.77800 62.09520 12.68130
C 185.08400 63.45500 12.90330
C 188.17100 64.01630 13.06370
C 186.06100 66.53620 12.82570
C 182.91900 65.76010 12.74440
C 187.29900 60.93950 12.98320
C 164.18700 70.72320 8.93182
C 166.32800 68.31690 8.93211
C 167.43800 71.22460 8.98556
C 165.20800 73.81060 8.99827
C 163.09500 67.58600 8.77706
H 163.80200 72.58120 10.55350
H 166.95700 73.06990 10.57550
H 169.11600 70.65980 10.76500
H 167.96000 67.61230 10.61530
H 165.90300 70.07890 10.55180
H 162.73400 69.40820 10.39700
C 169.44300 68.88530 9.13996
C 170.58600 71.89730 9.28292
C 172.62600 69.46610 9.26056
C 173.65700 72.55800 9.41487
H 175.36000 71.92050 11.11160
H 172.27600 71.25680 10.91130
H 171.12700 68.29730 10.83660
H 170.07000 73.70280 10.92600
H 174.28200 68.82960 10.97610
C 175.75700 70.09860 9.45959
C 177.90400 67.61370 9.44202
C 178.92500 70.69440 9.42928
C 176.73700 73.14830 9.50882
C 181.00700 68.18210 9.40327
C 182.09200 71.40060 9.50860
C 179.97600 73.70530 9.54306
H 177.49600 69.45920 11.06240
H 181.68600 73.11860 11.21270
H 178.51900 72.51860 11.14020
H 180.69900 70.03140 10.99460
C 184.05500 68.80990 9.48837
C 185.21000 71.95950 9.51637
C 187.25300 69.47070 9.58520
C 188.33400 72.59670 9.66856
H 186.88600 71.34300 11.17620
H 183.82500 70.66410 11.12890
H 184.87700 73.76260 11.22340
H 182.70500 67.56140 11.04700
H 185.78500 68.29480 11.12760
C 168.51300 74.32260 9.15308
C 164.15300 79.16900 8.95977
C 167.32100 79.78050 9.07708
C 166.44000 76.70050 9.09404
C 163.12500 76.12520 9.00635
H 167.98300 76.15780 10.74010
H 168.98300 79.18140 10.73820
H 165.88400 78.56310 10.60760
H 164.87500 75.59910 10.64790
H 162.72500 77.99210 10.53120
C 169.48500 77.36800 9.19884
H 173.27600 74.35900 11.10430
C 171.59800 74.89780 9.38091
C 174.63900 75.63110 9.45303
C 170.47000 80.28310 9.19046
C 172.55600 78.02710 9.31942
H 175.27600 80.42470 11.02840
H 172.14300 79.82910 10.91930
H 174.23000 77.42660 10.96170
H 171.13800 76.75960 10.87020
C 175.67200 78.62690 9.41816
C 178.76700 79.20980 9.43942
C 177.83100 76.11800 9.49948
C 180.95400 76.84580 9.43105
H 179.60200 75.54450 11.08560
H 180.54100 78.61550 11.07460
H 177.40500 78.01430 11.06070
H 176.35700 74.95970 11.11830
C 181.90000 79.86680 9.38982
C 183.10300 74.22150 9.58551
H 187.95700 74.43880 11.19260
C 186.19800 75.01800 9.53491
C 185.19900 80.51360 9.45321
C 184.00000 77.34880 9.42159
C 187.25400 78.08130 9.45195
H 182.61900 76.12600 11.11820
H 186.90800 79.92150 11.09650
H 185.83700 76.87350 11.06000
H 183.69800 79.22300 10.90420
H 163.82500 80.99900 10.58400
C 163.17800 84.67880 8.93090
C 168.31200 82.85140 9.09489
C 165.28700 82.19910 9.02498
C 166.34600 85.31910 9.08803
H 167.99800 84.55330 10.72220
H 166.95500 81.57460 10.68830
H 164.82600 84.07460 10.52740
H 165.90600 87.04090 10.79750
H 169.06300 87.58150 10.83840
H 162.69900 86.42070 10.58580
C 164.19200 87.65990 9.12315
C 173.66900 80.95020 9.34685
C 169.35000 85.79680 9.20942
C 171.52700 83.48090 9.21694
C 174.68400 84.04020 9.34370
C 172.53000 86.51330 9.38018
H 170.07600 82.19190 10.66640
H 173.19200 82.81530 10.86000
H 174.25300 85.86410 10.97940
H 171.10700 85.24010 10.83250
H 178.43900 81.07700 11.03970
C 175.60000 87.22560 9.41280
C 176.67400 81.60890 9.38156
C 179.94200 82.25100 9.47445
C 177.79800 84.65170 9.38793
C 180.98000 85.24860 9.47841
H 181.64200 81.62780 11.09550
H 179.53900 84.09190 11.03380
H 180.61100 87.08540 11.01630
H 176.33400 83.41320 10.99160
H 177.39200 86.49290 10.93380
C 178.88900 87.66500 9.37002
C 188.34300 81.23290 9.58399
C 186.27400 83.46040 9.62396
C 183.00200 82.91150 9.50109
C 184.17000 85.79640 9.67060
C 187.16400 86.48600 9.69499
H 188.01400 82.92310 11.24510
H 184.73400 82.28500 11.12300
H 182.64800 84.63040 11.17570
H 185.86200 85.21480 11.26280
H 183.64600 87.69160 11.20350
C 163.08100 93.24010 9.24370
C 167.34800 88.30230 9.25931
C 166.33400 93.75730 9.43859
C 168.44300 91.26350 9.44450
C 165.21400 90.68430 9.34609
H 167.92300 93.03810 11.14160
H 164.76300 92.53630 10.93370
H 166.96800 90.07600 10.97600
H 163.68800 89.42730 10.81790
C 169.38800 94.27440 9.65306
C 170.49000 88.89860 9.40807
C 173.62700 89.58900 9.57453
C 171.53500 91.95930 9.63313
C 174.61200 92.53070 9.70329
H 175.32100 88.87090 11.14090
H 173.19400 91.27660 11.26730
H 172.17300 88.27540 11.04370
H 171.09600 93.69420 11.31390
H 170.13400 90.61860 11.14520
H 174.20700 94.25130 11.34260
C 180.95100 93.81120 9.75300
C 182.01500 88.35590 9.49124
C 176.71700 90.14060 9.57508
C 179.89100 90.87100 9.58406
C 177.81800 93.14930 9.75229
H 179.53000 92.54170 11.34480
H 176.39200 91.88260 11.29110
H 178.51000 89.46030 11.03390
H 181.60500 90.14450 11.11520
C 184.09500 94.30020 9.70600
C 183.00800 91.42800 9.60740
C 185.10500 88.93630 9.66128
C 186.24200 92.02100 9.73112
C 188.22800 89.57390 9.70376
H 182.71200 93.13990 11.31260
H 187.92800 91.34170 11.33540
H 186.82800 88.32580 11.31360
H 184.72800 90.74280 11.20660
H 185.80700 93.77250 11.37830
C 167.30500 96.83370 9.50147
C 165.13500 99.15320 9.44035
C 168.38000 99.67110 9.57617
C 164.12000 96.19270 9.29613
H 165.79300 95.57120 11.02050
H 168.88000 96.11880 11.21570
H 163.65800 97.94610 10.92600
H 166.83500 98.52320 11.10200
H 164.72600 101.00700 11.01480
H 162.64800 94.97630 10.78980
H 170.05000 99.09470 11.28780
H 173.15300 99.76400 11.37360
H 172.08600 96.69090 11.34190
H 175.23400 97.29920 11.53070
C 172.50100 94.93530 9.73650
C 171.51100 100.28700 9.65080
C 173.53100 97.88770 9.81948
C 174.62000 100.91900 9.78231
C 170.39600 97.22920 9.70375
C 175.62200 95.53410 9.81944
H 177.42200 94.97000 11.36290
H 180.59900 95.52660 11.37070
C 178.86100 96.19740 9.79836
C 181.92700 96.82720 9.78708
C 176.64200 98.55800 9.90282
C 179.86800 99.26750 9.89804
H 179.48000 101.01200 11.57000
H 178.50000 98.00300 11.43560
H 181.62400 98.61400 11.46440
H 176.33200 100.35100 11.49070
C 183.03800 99.94460 9.94850
C 187.19400 94.91590 9.76536
C 185.13900 97.55600 9.85013
C 188.29100 98.08230 9.85064
C 186.17300 100.48500 10.02100
H 183.71500 96.13920 11.31610
H 186.87200 96.78460 11.36450
H 184.69900 99.21580 11.54680
H 187.90800 99.82360 11.55440
C 164.07500 70.63470 12.04950
C 166.15800 68.18240 12.11060
C 167.23500 71.29170 12.25220
C 165.18300 73.83700 12.17340
C 162.95300 67.55480 11.98180
C 169.28100 68.77880 12.36100
C 170.46000 71.80780 12.47410
C 172.47900 69.40250 12.53500
C 173.50700 72.46470 12.65410
C 175.69900 69.99740 12.64150
C 177.75000 67.54660 12.62060
C 179.00600 70.69740 12.69690
C 176.74600 73.13160 12.78150
C 180.89400 68.15470 12.62830
C 182.03100 71.23710 12.72160
C 179.90100 73.76890 12.78380
C 183.97600 68.74530 12.72750
C 185.14800 71.92690 12.82780
C 187.19800 69.45810 12.76740
C 188.27900 72.57030 12.78870
C 168.14000 74.32040 12.37270
C 164.15700 79.17080 12.20230
C 166.21300 76.78320 12.29440
C 167.18500 79.80060 12.28240
C 163.04400 76.13890 12.17010
C 169.28100 77.39520 12.35510
C 171.36600 74.96880 12.57830
C 174.59200 75.70000 12.66130
C 172.45500 78.03140 12.52680
C 170.28300 80.42660 12.36270
C 175.60400 78.54980 12.60860
C 178.81600 79.28020 12.67890
C 177.82800 76.17940 12.62640
C 180.88200 76.83860 12.73100
C 182.00500 79.72910 12.63880
C 183.06300 74.35580 12.78240
C 186.25700 75.10560 12.77900
C 184.01000 77.47480 12.62870
C 185.06800 80.35660 12.63560
C 187.25900 78.07190 12.73290
C 163.11900 84.56450 12.15620
C 165.18700 82.31930 12.14470
C 168.31000 82.71510 12.28970
C 166.28400 85.06110 12.25750
C 164.07000 87.48370 12.33990
C 173.51900 81.06050 12.52220
C 169.28700 85.69590 12.40870
C 171.40400 83.37430 12.35960
C 174.53100 83.96500 12.51940
C 172.41800 86.34830 12.53220
C 175.69400 86.97690 12.65060
C 176.64900 81.56550 12.63370
C 179.88100 82.28810 12.64920
C 177.76300 84.62500 12.57590
C 180.87100 85.32190 12.67880
C 178.87100 87.61230 12.61870
C 188.36700 80.99890 12.75970
C 186.21800 83.40210 12.81390
C 182.98700 82.86350 12.77220
C 187.16900 86.49230 12.88600
C 184.06400 85.86860 12.70000
C 162.92800 93.14040 12.40650
C 166.07200 93.74120 12.60970
C 167.35700 88.14180 12.50180
C 168.33800 91.22140 12.73730
C 165.10500 90.61070 12.44710
C 169.25700 94.27760 12.79150
C 170.36200 88.69850 12.61390
C 174.61800 92.41670 12.91510
C 171.44800 91.85430 12.84660
C 173.54700 89.36120 12.75740
C 180.98200 93.64590 12.92330
C 179.85600 90.55610 12.73780
C 176.84500 89.93180 12.75450
C 181.86600 88.32240 12.70730
C 177.79400 93.11860 12.92470
C 188.20300 89.47500 12.96030
C 186.12600 91.87880 12.89130
C 182.93000 91.20640 12.81030
C 184.03900 94.32910 12.94670
C 184.95700 88.90310 12.83930
C 168.13700 99.76970 12.72240
C 164.98800 99.16410 12.58760
C 167.10800 96.75400 12.75350
C 164.00200 96.05020 12.50360
C 174.56400 100.96900 12.98700
C 172.43700 94.88830 12.94900
C 171.36500 100.43600 12.91090
C 173.39200 97.95190 13.02810
C 170.30400 97.22930 12.86440
C 175.61500 95.35630 12.99030
C 179.87900 99.13000 13.10450
C 178.85900 96.11140 12.99540
C 181.98900 96.68590 12.95750
C 176.72600 98.55590 13.06870
C 186.12200 100.27200 13.20880
C 187.27400 94.95090 12.93870
C 185.05400 97.28630 12.98380
C 182.90900 99.72260 13.18430
C 188.26100 97.90990 13.05230
C 164.23900 104.61700 9.32151
C 166.21700 102.11000 9.41582
C 167.38400 105.10900 9.42866
C 165.21200 107.55900 9.26528
C 163.10600 101.64800 9.28698
H 167.92400 101.53300 11.06830
H 165.89100 103.94000 10.98760
H 163.77600 106.37800 10.89510
H 166.87500 106.97900 10.92640
H 169.04200 104.54300 11.09110
H 162.72300 103.48000 10.87460
C 169.41000 102.72400 9.55532
C 170.47900 105.69600 9.51503
C 172.58700 103.29400 9.66145
C 173.65900 106.44800 9.78734
H 175.31100 105.79400 11.45380
H 171.10700 102.11100 11.18830
H 174.29400 102.74300 11.31380
H 172.17500 105.16300 11.23620
H 170.04800 107.55300 11.09410
C 175.74400 103.98700 9.82639
C 178.82000 104.66700 10.03330
C 176.71700 107.12000 9.99952
C 180.90000 102.27800 10.01900
C 181.96500 105.28400 10.19260
C 179.99200 107.71700 10.23660
C 177.73100 101.58800 9.91724
H 177.39500 103.39000 11.53370
H 181.60900 107.03400 11.89390
H 178.43300 106.46300 11.66830
H 180.52000 104.01400 11.70460
C 184.11300 102.85000 10.19420
C 185.13400 105.90900 10.19050
C 187.20700 103.40900 10.13260
C 188.23500 106.38000 10.08740
H 182.62300 101.62100 11.68590
H 183.70600 104.64700 11.78030
H 185.86000 102.21600 11.79360
C 168.34800 108.25700 9.47683
C 166.33900 110.55900 9.36107
C 164.20700 112.98200 9.06946
C 167.31600 113.68900 9.38187
C 163.16600 110.03300 9.07777
H 167.91700 110.02600 11.20660
H 164.79200 109.41000 10.84050
H 168.99700 113.05000 11.08330
H 165.81600 112.43400 10.88020
H 162.70400 111.87200 10.59500
C 169.41400 111.17000 9.59763
C 171.53300 108.86100 9.69597
C 174.62600 109.41700 9.96275
C 172.45900 111.78400 9.77765
C 170.57100 114.29100 9.62940
H 174.18000 111.31400 11.50610
H 173.14500 108.20900 11.43210
H 171.08200 110.61200 11.34170
H 172.16600 113.69100 11.31900
H 175.27800 114.29600 11.54060
C 175.71600 112.41300 10.01400
C 177.79100 110.07500 10.15360
C 180.94500 110.71100 10.27980
C 178.75500 113.13400 10.16400
H 176.28300 108.88800 11.68820
H 179.47900 109.50800 11.87600
H 177.34100 111.90000 11.73280
C 181.95400 113.64800 10.25740
C 183.06300 108.29200 10.31220
C 186.02100 108.88900 10.17770
C 184.06400 111.40700 10.27480
C 187.05300 111.85900 10.12140
C 185.00200 114.30000 10.09400
H 163.80000 114.89300 10.57050
H 162.62500 120.41400 10.80780
C 168.41000 116.68000 9.39998
C 165.27000 116.16800 9.22315
C 166.19800 119.35300 9.34931
C 163.06700 118.62200 9.12939
H 167.87100 118.53700 10.87030
H 164.74400 117.99300 10.81250
H 166.90000 115.51400 10.93470
H 165.80500 121.06200 11.04430
H 168.98200 121.64300 10.98520
C 164.11800 121.55200 9.33589
C 173.63000 114.91600 9.83173
C 169.31100 119.82500 9.37730
C 171.62100 117.22800 9.59907
C 174.55000 117.93700 9.77507
C 172.51100 120.39100 9.53754
H 170.99200 119.15400 11.03140
H 170.03100 116.14900 11.18250
H 173.17200 116.71800 11.37200
H 174.15100 119.83200 11.26670
C 175.59700 120.96100 9.71044
C 176.62600 115.52700 9.95388
C 179.79700 116.10600 10.11160
C 177.79700 118.57900 9.96574
C 180.89900 119.09600 9.98469
H 176.21200 117.40400 11.47790
C 178.76000 121.51600 9.82512
H 177.30500 120.42800 11.41720
C 188.29900 114.90500 10.01750
C 186.15500 117.32700 9.99288
C 182.95000 116.78900 10.05800
C 184.02500 119.79400 10.00370
C 187.25900 120.25400 9.92397
C 167.22700 122.21800 9.39863
C 165.14200 124.77900 9.32577
C 168.23000 125.27900 9.32411
C 166.21500 127.74000 9.41414
C 163.03200 127.20800 9.49316
H 163.73400 123.46600 10.85600
H 166.85100 124.08400 10.95400
H 164.77700 126.50800 11.03060
H 167.99300 127.08600 10.94040
C 169.42200 128.38800 9.49359
C 174.77000 126.51900 9.63683
C 173.68900 123.52200 9.54473
C 171.52100 126.00900 9.49232
C 170.38900 122.80900 9.32967
H 170.03400 124.67300 10.87470
H 172.09500 122.31600 10.98410
H 175.23600 122.77500 11.29180
H 171.09000 127.70000 11.18580
H 173.23400 125.28600 11.09150
H 174.20000 128.21000 11.26030
C 182.02400 122.09400 9.97950
C 180.89200 127.52200 9.90928
C 176.69200 124.00900 9.80889
C 177.73100 126.98800 9.81746
C 179.82800 124.54400 9.81384
H 176.30200 125.80400 11.40470
H 179.43800 126.33400 11.45840
H 178.38300 123.35300 11.40060
C 185.12200 122.68800 9.91883
C 188.41700 123.40700 9.91317
C 183.95900 128.25000 9.97782
C 186.26700 125.74800 9.86193
C 182.99700 125.13000 9.94744
H 162.72200 128.95400 11.17300
C 165.17900 133.20300 9.74051
C 167.22400 130.86200 9.63489
C 164.08300 130.17300 9.55591
C 168.29400 133.86200 9.87930
H 163.70900 131.94300 11.22260
H 165.85100 129.47900 11.06960
H 168.97900 130.13200 11.12820
H 164.80800 134.93400 11.36830
H 166.85100 132.53400 11.38670
H 172.16100 130.69900 11.32280
H 173.16900 133.70700 11.45420
H 169.96700 133.22100 11.43700
C 170.37900 131.47900 9.76046
C 171.43100 134.39500 9.85975
C 173.54900 131.98500 9.72620
C 174.60900 134.93000 9.88792
C 172.52200 128.91700 9.66065
H 175.28000 131.24800 11.32320
H 177.41600 128.82800 11.34390
H 178.48100 131.84600 11.44480
C 175.70000 129.43100 9.69810
H 176.34400 134.24200 11.48380
C 178.82200 130.08700 9.78055
C 182.05900 130.65100 9.85015
C 179.80900 133.17100 9.80546
C 176.78600 132.52800 9.82805
H 179.49100 134.92800 11.44550
H 181.60700 132.50400 11.36260
H 180.56200 129.44500 11.42280
C 183.07000 133.82200 9.84524
C 185.08300 131.29800 9.89957
C 186.13400 134.33400 9.81341
C 188.34300 131.80800 9.82369
C 187.24400 128.79500 9.83516
H 184.77800 133.10200 11.44070
H 187.91400 133.67400 11.33270
C 164.11000 104.62100 12.52850
C 166.16300 102.14800 12.62780
C 167.27000 105.20800 12.57770
C 165.11900 107.65400 12.51820
C 162.84000 101.62100 12.45890
C 169.26300 102.75200 12.69160
C 170.34400 105.75300 12.75380
C 172.44900 103.32100 12.77090
C 173.42000 106.37600 12.97300
C 175.51400 103.93000 13.00770
C 177.69400 101.62500 13.13730
C 178.69600 104.57800 13.22290
C 180.79600 102.16200 13.26210
C 181.95200 105.10800 13.41180
C 176.51800 106.98400 13.21220
C 179.70900 107.62300 13.40430
C 184.05500 102.76700 13.31190
C 185.16500 105.72800 13.39370
C 187.31500 103.42900 13.33760
C 188.33200 106.39700 13.24090
H 184.77000 107.60100 11.92320
H 186.88200 105.19600 11.71770
C 168.21600 108.07200 12.67060
C 162.85000 110.07200 12.23690
C 166.00100 110.65700 12.59780
C 163.90800 113.13500 12.29210
C 167.14000 113.67000 12.54010
C 169.22600 111.29300 12.83900
C 171.28100 108.77400 12.90870
C 174.33900 109.47000 13.13120
C 170.24200 114.31500 12.76310
C 172.32500 111.90400 13.03960
C 175.49800 112.52500 13.21720
C 180.84300 110.73700 13.52240
C 178.61900 113.24700 13.38070
C 181.90500 113.78900 13.41940
C 177.58500 110.06800 13.37460
H 180.45900 112.55100 11.88160
C 182.96100 108.21300 13.51190
C 186.25500 108.88300 13.40240
C 184.14300 111.40900 13.49130
C 187.32700 111.90900 13.26560
C 185.18200 114.41600 13.32190
H 187.85500 108.18400 11.63470
H 185.78600 110.66700 11.81740
H 186.83600 113.72800 11.64550
H 183.68800 113.19900 11.85990
H 182.68700 110.16600 11.94530
C 162.95200 118.55200 12.36900
C 165.00900 116.12700 12.33980
C 166.09600 119.18100 12.47280
C 168.09900 116.81000 12.59840
C 163.87100 121.59500 12.45280
C 173.45400 114.91300 13.02230
C 169.14600 119.79200 12.55510
C 174.34700 118.09300 12.98000
C 171.31600 117.45200 12.77970
C 172.26200 120.50100 12.64630
C 175.51200 120.99200 12.95520
H 178.29800 114.96700 11.67010
C 180.87400 119.27000 13.18670
C 176.43900 115.65700 13.14990
C 179.70900 116.13100 13.27950
C 177.54000 118.64500 13.10760
C 178.77200 121.51100 12.99540
H 180.49900 120.94000 11.43620
H 181.59000 115.60300 11.75770
H 179.46200 118.00700 11.66870
C 188.38100 114.92700 13.16710
C 186.24300 117.36500 13.18060
C 183.08000 116.85900 13.29670
C 187.23400 120.36400 13.14700
C 184.08500 119.74400 13.24610
H 183.74900 121.59700 11.67210
H 187.92000 116.68400 11.55690
H 184.74900 116.17000 11.63300
H 185.81400 119.17400 11.58610
H 182.64300 118.62700 11.63010
C 166.25500 127.62600 12.59500
C 163.01500 127.02400 12.66310
C 168.34200 125.23600 12.52920
C 167.25300 122.30300 12.56550
C 165.05400 124.62700 12.57760
C 169.26700 128.30400 12.66380
C 174.51300 126.39200 12.85690
C 171.37200 125.82200 12.59330
C 173.41000 123.45100 12.73280
C 170.32900 122.88800 12.56640
C 179.68500 124.51000 13.09750
C 181.84900 122.06900 13.12090
C 176.62100 123.90500 12.91350
C 177.62500 126.96200 12.98720
C 180.74600 127.65700 13.08090
H 181.52100 123.94600 11.51730
C 183.08500 125.02700 13.11510
C 186.13600 125.79900 13.15750
C 184.12500 128.22600 13.16030
C 188.39500 123.35000 13.11820
C 185.23900 122.78200 13.12640
H 187.93100 125.18300 11.58790
H 182.61700 126.97800 11.63400
H 185.82800 127.59600 11.48350
H 184.83400 124.55800 11.45240
H 186.97200 122.17300 11.47930
C 164.20400 130.15900 12.74790
C 167.20200 130.58600 12.77070
C 168.20400 133.68700 13.03360
C 165.02200 133.08700 12.91120
C 174.62100 134.84500 13.07470
C 173.50900 131.81400 13.00130
C 171.38300 134.33700 13.03140
C 172.47700 128.79200 12.87930
C 170.33100 131.26100 12.85300
C 175.58400 129.34400 12.84680
C 181.91700 130.69400 13.07560
C 178.78500 130.00600 13.01810
C 179.90400 133.06700 13.03830
C 176.68900 132.34900 13.01480
C 185.19700 131.33100 13.06830
C 186.20500 134.35400 12.98870
C 183.00000 133.65400 13.03310
H 183.69800 130.11500 11.60500
H 186.90700 130.66500 11.40890
C 188.26200 131.92900 13.03900
C 187.26300 128.88900 13.05460
C 193.62700 2.75316 9.91960
C 194.54800 5.85979 9.89844
C 190.44600 2.22963 9.77526
C 191.50500 5.14913 9.88574
C 192.60000 -0.27981 9.85434
H 193.19500 4.60149 11.52560
H 190.03300 3.99162 11.45870
H 192.10900 1.58523 11.40840
H 189.01600 1.04332 11.37310
C 195.75800 0.36435 9.96916
C 198.82800 0.99740 10.07640
C 196.76200 3.32881 10.02600
C 199.98700 4.02180 10.11290
H 199.49100 5.85864 11.65130
H 195.30500 2.15542 11.63100
H 196.34200 5.26554 11.52290
H 198.51400 2.84172 11.71420
H 200.56500 0.39031 11.73750
H 197.39900 -0.21164 11.68550
H 201.69300 3.46241 11.81820
C 201.93500 1.59033 10.16680
C 205.07900 2.17155 10.05070
C 203.00200 4.61447 10.10900
C 206.16600 5.35348 10.11380
C 207.18000 -0.19710 10.05230
H 203.72000 0.97713 11.72480
H 207.92000 4.73837 11.72430
H 204.83100 4.05575 11.65860
H 206.87100 1.60238 11.62650
C 214.62100 4.02073 10.09040
C 208.26700 2.94757 10.14810
C 210.33600 0.49524 10.06490
C 213.54700 1.09689 10.08050
C 211.51000 3.43679 10.16840
C 209.40300 5.92859 10.13180
H 214.30200 5.87215 11.66560
H 211.12200 5.29511 11.75690
H 213.23000 2.85771 11.75250
H 212.11700 -0.18053 11.61110
H 210.04400 2.25777 11.74150
C 193.54100 11.26380 9.90345
C 192.44800 8.24341 9.91163
C 190.37500 10.62940 9.85841
C 189.29100 7.65267 9.82153
H 194.27700 7.71661 11.45040
H 188.93100 9.44258 11.42960
H 190.01200 12.45470 11.43440
H 190.98600 6.97388 11.45700
H 192.09500 9.98560 11.51130
H 195.28900 10.72830 11.47730
C 197.83400 6.44421 9.92284
C 195.67400 8.97711 9.85794
C 200.96600 7.01904 10.09640
C 198.82300 9.59020 10.06550
C 196.74800 11.93430 9.96524
C 199.88500 12.55840 10.01230
H 200.59300 8.92817 11.67320
H 198.46200 11.39530 11.63350
H 197.36200 8.25958 11.51520
H 201.64000 11.98460 11.64630
C 201.95200 10.16100 10.02360
C 204.10900 7.69108 10.12290
C 205.19300 10.73490 10.02210
C 207.22200 8.25558 10.14960
H 202.68500 6.48441 11.74580
H 203.71900 9.55218 11.64030
H 204.82200 12.53480 11.66880
H 205.83200 7.13334 11.78300
H 206.89700 10.13170 11.70980
C 214.57800 12.56730 10.08550
C 208.31600 11.34950 10.08680
C 212.48800 6.48905 10.13290
C 210.34800 8.86556 10.13630
C 213.50200 9.51559 10.08700
C 211.41100 11.88800 10.09050
H 212.16100 8.33082 11.71740
H 210.03800 10.67050 11.70040
H 208.98300 7.68836 11.76190
C 194.61800 14.29000 9.86909
C 191.42100 13.58630 9.78602
C 192.60500 16.73350 9.78965
C 190.41200 19.34620 9.83928
C 189.26500 16.11140 9.76096
H 194.24400 16.09330 11.48390
H 189.07600 17.99140 11.36160
H 191.10900 15.48300 11.26380
H 192.19700 18.57680 11.38750
C 193.66000 19.88540 9.84235
H 193.20700 13.08230 11.45590
C 195.68000 17.27190 9.89591
C 197.80700 15.00910 9.93439
C 200.85700 15.59420 10.02610
C 198.83800 18.02820 10.01970
H 195.33400 19.16340 11.50160
H 196.35000 13.78740 11.49190
H 197.41300 16.80220 11.54100
H 199.48800 14.34540 11.61080
H 200.52300 17.38010 11.66500
H 198.43000 19.80660 11.67070
C 203.05000 13.19930 10.03810
C 201.91000 18.61820 10.09410
C 204.08500 16.20320 10.05100
C 206.29700 13.71410 10.08500
C 207.21000 16.87160 10.16230
C 205.12300 19.27710 10.20500
H 208.00500 13.13690 11.75010
H 202.61700 15.00320 11.62480
H 203.67500 17.96610 11.71740
H 205.79800 15.55350 11.70310
H 206.87100 18.68590 11.89270
C 212.50700 14.96600 10.05720
C 209.37600 14.43790 10.12890
C 210.34100 17.52100 10.17700
C 213.56700 18.00660 10.03480
C 208.31400 19.88010 10.26290
C 194.58700 22.94190 9.95304
C 189.39700 24.69750 9.93831
C 192.43500 25.37820 10.01090
C 191.41800 22.27180 9.92630
H 190.08700 21.05430 11.55640
H 188.98300 26.47640 11.54790
H 191.09200 24.07260 11.60490
H 194.25000 24.73020 11.57520
H 193.19500 21.59210 11.49910
C 195.77100 25.94640 10.02910
C 196.76800 20.52270 9.99859
C 199.82000 20.98270 10.13040
C 197.84700 23.40800 10.09290
C 200.85200 24.05370 10.20230
C 198.94400 26.46620 10.15400
H 196.33900 22.25690 11.54390
H 197.45900 25.23180 11.63800
H 199.53100 22.81720 11.77250
H 201.59000 20.44300 11.72440
H 200.56000 25.84360 11.85000
C 202.99100 21.65440 10.14900
C 206.20000 22.23580 10.26170
C 204.14500 24.60360 10.19160
C 207.15500 25.27190 10.22040
H 204.73000 21.03820 11.79280
H 202.67900 23.45960 11.76220
C 214.64300 21.04240 10.13590
C 213.53400 26.39520 10.25390
C 212.57300 23.43810 10.26420
C 211.42300 20.49770 10.24900
C 210.39200 25.73950 10.25340
C 209.39800 22.79480 10.33590
C 189.38200 33.21260 10.23660
C 194.53800 31.38770 10.13520
C 193.62000 28.37900 10.10760
C 190.41100 27.78100 10.04240
C 191.41100 30.72700 10.14390
H 191.09500 32.52160 11.80910
H 189.99500 29.52350 11.72360
H 193.19200 30.12000 11.70260
H 192.14000 27.10760 11.62300
H 194.21200 33.17280 11.79270
C 196.75300 28.83440 10.08590
C 200.95200 32.50930 10.12630
C 197.80200 31.93550 10.10340
C 199.94000 29.46930 10.04430
H 195.34800 27.65880 11.73330
H 198.51500 28.30250 11.70150
H 196.37000 30.72710 11.65650
C 205.07000 27.73830 10.18710
C 201.92900 26.98810 10.18630
C 204.03500 33.13530 10.16980
C 203.03000 30.15420 10.18950
C 206.20400 30.74550 10.20280
C 214.63700 29.56180 10.25670
C 208.30800 28.26500 10.21830
C 211.30700 29.00870 10.30420
C 209.41000 31.40910 10.26560
C 212.44200 32.07180 10.30330
C 193.44300 2.76166 13.11880
C 194.55700 5.92814 13.11040
C 191.37600 5.21964 13.09730
C 192.46000 -0.20353 13.10430
C 190.37000 2.19033 13.05230
C 195.61800 0.34614 13.28460
C 198.79300 0.98601 13.34130
C 196.62000 3.45082 13.21720
C 199.86400 4.11399 13.35150
C 201.98400 1.57479 13.36790
C 205.16900 2.20453 13.26680
C 203.14000 4.65508 13.34380
C 206.18300 5.32830 13.34240
C 207.19900 -0.21480 13.22490
C 208.19000 2.83495 13.26080
C 210.41000 0.37221 13.25750
C 213.42800 0.94553 13.30890
C 211.46800 3.45366 13.35240
C 209.40400 5.90417 13.38050
C 214.62300 4.06719 13.31990
C 193.49700 11.28800 13.06650
C 192.44200 8.13420 13.05420
C 189.21100 7.59435 12.99390
C 190.33800 10.58970 13.05650
C 197.71100 6.50041 13.19780
C 195.59400 8.92978 13.11460
C 200.87800 7.02190 13.27560
C 198.79400 9.46739 13.12820
C 196.62000 11.99120 13.09660
C 199.89700 12.58110 13.25050
C 201.92500 10.13840 13.28180
C 204.07400 7.76809 13.31780
C 205.13400 10.70880 13.30540
C 207.24600 8.30962 13.37020
C 208.32800 11.30940 13.31020
C 212.59600 6.47318 13.30110
C 210.43000 8.85562 13.34490
C 213.58500 9.51198 13.24920
C 214.68500 12.61150 13.21060
C 211.51800 11.87110 13.29210
H 213.19200 11.35640 11.69150
C 194.58100 14.31090 13.10750
C 189.52500 16.11660 12.98600
C 192.39500 16.70190 12.97720
C 190.43100 19.14790 13.04810
C 191.41400 13.72550 12.98680
C 193.54300 19.74290 13.09680
C 195.59400 17.33320 13.11970
C 197.67900 14.98440 13.14800
C 200.90700 15.52370 13.23790
C 198.72200 17.92980 13.22050
C 203.01800 13.24830 13.24430
C 201.85600 18.62500 13.27660
C 203.99400 16.10630 13.32290
C 206.24500 13.69140 13.34990
C 207.19500 16.76930 13.38700
C 205.01600 19.16910 13.40260
C 208.32200 19.83650 13.54730
C 212.48100 14.99300 13.30480
C 209.43600 14.36900 13.36580
C 210.39200 17.36460 13.36820
C 213.54800 17.99250 13.27240
H 213.20400 19.80040 11.64790
H 210.04400 19.29080 11.87200
H 211.13000 13.70270 11.68780
H 212.13400 16.81310 11.65250
H 214.24400 14.38890 11.71800
H 208.99100 16.19500 11.76050
C 189.34700 24.69530 13.20340
C 194.55700 22.85520 13.10060
C 191.50700 22.21860 13.16050
C 192.51300 25.26370 13.24190
C 195.68200 25.77710 13.26310
C 196.61100 20.44450 13.16360
C 197.65100 23.37580 13.22780
C 199.76500 20.94210 13.34130
C 200.91600 23.99410 13.42540
C 198.70100 26.50580 13.30180
C 207.21500 25.32090 13.42940
C 204.02400 24.65610 13.42650
C 202.96100 21.61730 13.36700
C 206.10800 22.13510 13.44240
H 203.70700 26.45880 11.77530
H 207.90700 21.59860 11.90510
H 205.83000 24.02480 11.89410
C 211.58300 20.40320 13.40760
C 210.38000 25.73300 13.46370
C 212.67000 23.48840 13.45580
C 213.57600 26.52910 13.43890
C 214.59600 20.92590 13.37170
C 209.35400 22.85350 13.48390
H 208.92500 24.64880 11.83110
H 212.15500 25.21780 11.88150
H 211.13100 22.29460 11.93120
H 214.32900 22.82590 11.78830
C 191.44600 30.63630 13.32360
C 190.36900 27.61710 13.21140
C 194.61300 31.32020 13.29060
C 193.57000 28.27630 13.28730
C 189.34200 33.06350 13.41820
H 199.55700 31.25090 11.69110
C 200.84800 32.56540 13.29900
C 196.76700 28.92790 13.26740
C 197.79300 31.89540 13.28180
C 199.93200 29.42610 13.32170
H 201.64800 28.88490 11.70420
H 205.79000 32.54170 11.78260
C 201.93200 27.13900 13.38490
C 206.12900 30.71640 13.39330
C 204.05800 33.18000 13.36070
C 203.02300 30.19020 13.32000
C 205.09000 27.72060 13.40530
H 202.65900 31.96050 11.79000
H 207.96500 30.10450 11.81080
H 204.78500 29.52070 11.76180
H 206.85700 27.08790 11.80330
H 208.95200 33.21670 11.91010
C 208.22100 28.26220 13.44970
H 211.10100 30.77610 11.95700
H 213.14200 28.29730 11.80450
H 214.29500 31.37990 11.78760
C 211.39400 28.87820 13.52140
C 214.53500 29.55160 13.40760
C 212.62300 31.84320 13.52660
C 209.30500 31.32950 13.51140
H 210.03200 27.59560 11.88640
C 193.58600 36.73750 10.34800
C 194.52300 39.66060 10.24130
C 190.44000 36.18300 10.36000
C 191.47000 39.08670 10.28030
C 192.43600 33.86520 10.26560
H 188.96500 34.98270 11.89830
H 190.11800 37.97400 11.97320
H 192.16700 35.58450 11.97540
C 195.55500 34.49270 10.22380
C 198.78400 34.82880 10.07890
C 196.63300 37.37160 10.19830
C 199.83700 37.92110 10.05440
C 201.90500 35.44690 10.07410
C 205.15600 36.14830 10.18140
C 202.97700 38.60530 10.02050
C 206.28400 39.22230 10.19450
C 207.29700 33.74330 10.23090
C 208.32500 36.81070 10.33160
C 214.56700 37.98290 10.31950
C 210.55700 34.40500 10.38720
C 213.58300 35.02410 10.41310
C 211.41800 37.32350 10.36360
C 209.29900 39.72760 10.27870
C 189.35500 41.62930 10.09840
C 192.50500 42.12870 10.10550
C 190.41500 44.51620 10.01190
C 193.63700 45.17180 9.93225
H 191.10300 40.97570 11.70380
H 190.09400 46.43660 11.53050
H 189.04400 43.40040 11.70390
C 197.78500 40.37000 10.23380
C 195.70000 42.69060 10.12700
C 200.87700 40.92240 10.08880
C 198.74200 43.34060 10.13710
C 199.93200 46.34520 9.98575
C 196.82100 45.69740 9.95358
C 201.85000 44.02380 10.07620
C 204.07200 41.59300 10.04500
C 205.16700 44.67920 9.98774
C 207.15800 42.17290 10.06870
C 208.23800 45.24350 9.99517
C 212.44300 40.32680 10.24260
C 210.25700 42.76570 10.03910
C 213.48900 43.39840 9.96648
C 211.38400 45.77340 9.90104
C 214.61400 46.43190 9.80998
C 189.32500 50.02360 9.81461
C 194.70900 48.17610 9.71266
C 191.47600 47.54130 9.78899
C 192.54000 50.68870 9.74288
C 190.24600 53.06870 9.81507
C 193.47500 53.82590 9.77412
H 189.03400 51.80000 11.48410
H 192.12400 52.52480 11.30110
H 191.15000 49.43600 11.31150
C 195.64800 51.39670 9.70207
C 197.80500 48.87230 9.79060
C 200.96400 49.37140 9.78932
C 198.83400 51.91920 9.68639
C 203.04100 46.95120 10.01210
C 201.99600 52.52480 9.68704
C 204.11500 50.12130 9.86704
C 206.03600 47.64970 9.98966
C 207.27700 50.72720 9.94757
C 205.16800 53.21670 9.91559
C 208.27800 53.71500 9.89616
C 213.61200 51.91400 9.83032
C 212.57200 48.87590 9.76500
C 209.29500 48.26950 9.90576
C 210.34700 51.30010 9.87288
C 189.46700 58.48710 9.83663
C 191.55800 56.19820 9.87096
C 194.55200 56.77850 9.88762
C 192.56000 59.13840 9.98674
H 193.18200 55.56260 11.48060
H 190.09000 54.93230 11.38610
H 191.09000 57.93590 11.52530
H 189.06000 60.33520 11.45630
H 194.29500 58.53760 11.52060
C 199.82200 54.97960 9.77876
C 197.72700 57.34170 9.86027
C 200.87000 57.91040 9.80283
C 196.63900 54.42480 9.76227
C 195.56900 59.74100 9.78654
C 198.79300 60.37770 9.59468
H 197.40200 59.18750 11.28200
H 200.50900 59.83320 11.32220
H 196.31100 56.15120 11.48950
H 199.50500 56.73320 11.51080
C 206.06100 56.08340 9.88006
C 203.06700 55.49820 9.80883
C 204.07600 58.57940 9.79858
C 207.13800 59.10970 9.76079
H 205.80700 57.95830 11.43590
H 203.63800 60.42280 11.31140
H 202.63800 57.36480 11.34040
C 211.45000 54.26310 9.89784
C 209.21200 56.63820 9.79137
C 214.66300 54.93180 9.89474
C 212.50400 57.38550 9.72807
C 210.36300 59.72930 9.75967
C 213.42800 60.45050 9.76471
H 212.06500 59.16970 11.41260
H 214.18500 56.79510 11.46090
H 208.91700 58.54940 11.30650
C 189.33300 66.99260 9.69819
C 191.37400 64.55440 9.76135
C 194.53000 65.19740 9.60105
C 193.47300 62.15190 9.82121
C 190.46000 61.58920 9.87991
H 191.10300 66.45380 11.29500
H 190.02800 63.43020 11.51960
H 194.22800 67.06270 11.08040
H 193.22300 64.07640 11.35520
H 192.15000 60.96700 11.54610
C 196.53900 62.83420 9.67443
C 199.70400 63.38200 9.46188
C 197.76400 65.78730 9.51276
C 200.94100 66.51380 9.51294
H 199.54500 65.25160 11.05900
H 201.53100 62.87030 11.00230
H 198.37500 62.22270 11.14670
H 196.31600 64.70900 11.20480
H 195.25200 61.60870 11.35740
C 206.08200 64.53920 9.66462
C 205.04100 61.62570 9.69495
C 203.09300 64.08500 9.53674
C 201.91300 60.94720 9.63252
C 204.05700 67.20420 9.63988
H 205.74100 66.42660 11.23370
H 207.84900 64.03640 11.26460
H 206.77900 60.99070 11.32780
H 202.64500 65.86750 11.15320
H 204.66000 63.40900 11.31050
C 208.17900 62.16170 9.71230
H 209.93700 61.56660 11.36870
H 213.12300 62.23250 11.43020
C 214.48100 63.42660 9.80426
H 208.92100 67.04730 11.39790
H 214.22100 65.33610 11.27810
H 211.07600 64.66270 11.43250
C 212.37000 65.82200 9.71769
C 211.36800 62.79370 9.81727
C 209.39500 65.24730 9.76835
C 193.62000 36.80230 13.53170
C 194.60400 39.83480 13.39660
C 190.36100 36.12720 13.53980
C 191.50300 39.31130 13.47000
C 192.43600 33.67470 13.45360
H 193.20200 38.54960 11.90190
C 195.64200 34.27710 13.42510
C 198.77100 34.91980 13.26580
C 196.83800 37.36600 13.37710
C 199.87500 37.84940 13.25150
H 200.55000 34.31370 11.69660
H 198.45500 36.70990 11.62610
H 197.34300 33.71920 11.73100
H 199.52600 39.73180 11.74750
H 196.34400 39.19280 11.84180
H 195.31900 36.19130 11.93290
H 201.60100 37.31490 11.59820
C 201.85300 35.59350 13.28820
C 207.07300 33.73100 13.47000
C 204.98500 36.32190 13.31130
C 202.94900 38.50980 13.23540
C 206.02800 39.21960 13.31780
H 207.93600 38.60350 11.93240
H 206.85400 35.57940 11.86540
H 203.67900 34.98320 11.74060
H 204.72900 38.05240 11.62830
C 208.23300 36.73370 13.50080
C 214.63300 38.15660 13.48390
C 210.42800 34.36130 13.58080
C 213.71500 35.07010 13.61000
C 211.37200 37.41510 13.55890
C 209.35000 39.95800 13.46120
H 211.01600 39.18350 11.91080
H 210.02800 36.18680 11.92830
H 213.15300 36.87480 12.01610
H 212.24100 33.81420 12.06450
H 214.24800 39.87420 11.82790
C 189.38000 41.61620 13.30480
C 192.47100 42.32600 13.24770
C 190.46700 44.70560 13.21610
C 193.54400 45.36750 13.09110
H 192.18600 44.01410 11.58400
H 194.24400 41.58060 11.71950
C 197.82800 40.37840 13.40010
H 195.31000 44.63620 11.58490
C 195.53300 42.94460 13.29490
C 200.98900 40.99300 13.29680
C 198.85200 43.46910 13.32750
C 196.71500 45.92550 13.07650
C 199.80300 46.53920 13.19110
H 200.56000 42.74440 11.69180
H 197.39100 42.20830 11.84750
H 201.64500 45.87800 11.70200
H 198.51200 45.20030 11.64540
C 201.98000 44.05520 13.20260
C 203.96500 41.69080 13.22880
C 205.08800 44.58010 13.21810
C 207.10800 42.28750 13.30050
H 206.84800 44.03200 11.60090
H 204.77100 46.43190 11.68030
H 205.72700 41.05570 11.73280
H 203.71900 43.47480 11.53410
H 202.66000 40.34580 11.65270
C 208.24500 45.29290 13.20390
C 212.42500 40.49930 13.36760
C 210.29300 42.91780 13.28260
C 213.47800 43.57060 13.15980
C 214.61500 46.53650 13.10630
C 211.42500 46.03260 13.03550
H 213.19600 45.33180 11.50090
H 212.04100 42.26420 11.65020
H 209.97400 44.66300 11.61670
H 208.87500 41.64580 11.75360
H 193.27500 47.08420 11.38250
C 191.56100 47.73590 12.98230
C 194.68400 48.26990 12.98670
C 189.46600 49.93600 13.03120
C 192.54200 50.69440 12.87460
C 190.42700 53.06700 12.97930
H 194.32400 50.04180 11.28250
C 193.56700 53.66630 12.92630
C 195.61200 51.34150 12.93080
C 197.68200 48.94300 13.01530
C 200.99200 49.47290 13.01950
C 198.82800 51.89820 12.91900
H 199.49900 48.25000 11.47000
H 195.29200 53.12430 11.28790
H 197.42000 50.71610 11.32090
H 196.38800 47.63990 11.35950
H 198.42300 53.76400 11.31500
H 200.59200 51.25470 11.31120
H 207.85900 47.05410 11.51560
C 203.04800 47.20410 13.21180
C 201.88700 52.56840 12.93910
C 204.04000 50.23260 13.04280
C 206.19300 47.70700 13.22220
C 207.29300 50.69730 13.19670
C 205.05400 53.13830 13.10220
H 202.71500 48.87690 11.42620
H 206.88700 52.52020 11.56380
H 205.82500 49.53150 11.58500
H 203.69600 51.98730 11.35460
C 212.50100 48.87510 12.93280
C 209.39200 48.10040 13.05320
C 210.52400 51.25750 13.09360
C 213.46300 51.80880 13.07330
H 211.09500 47.72370 11.29540
H 212.15000 50.71200 11.35140
H 214.31600 48.26060 11.40880
H 210.03200 53.10470 11.54680
H 209.02900 50.07190 11.59590
C 208.34000 53.79990 13.11830
H 213.26000 53.70490 11.50670
C 194.54400 56.70420 13.13160
C 191.41300 56.12680 13.06170
C 192.55000 59.08780 13.10670
C 189.32800 58.48960 13.07420
C 200.91100 58.03640 12.99830
C 199.85700 54.82790 13.02290
C 196.68100 54.24170 12.95450
C 195.72600 59.84890 12.95780
C 197.72800 57.43920 13.01280
C 198.75600 60.50400 12.89580
H 201.60700 54.34290 11.30510
C 203.96200 58.68390 12.95160
C 207.25400 59.19230 12.96360
C 206.20700 56.18310 13.08330
C 202.84900 55.59390 13.01250
H 207.86400 55.52750 11.42390
H 204.70700 54.97920 11.53840
C 214.68800 54.98560 13.06590
C 213.56100 60.38460 12.95420
C 210.28800 59.73270 12.96670
C 212.48600 57.41410 13.06090
C 209.28600 56.76160 12.91590
C 211.44000 54.43790 13.06560
H 211.09300 56.21500 11.36520
C 193.60700 62.24250 13.02120
C 189.35800 67.13070 12.87060
C 190.39100 61.55020 13.12760
C 191.50000 64.74840 12.99930
C 194.62700 65.42610 12.84610
C 197.86300 65.96830 12.65430
C 199.82100 63.44810 12.68570
C 200.83600 66.47340 12.74730
C 196.67700 62.94570 12.84180
C 206.12200 64.61660 12.86160
C 202.80600 64.07140 12.76810
C 201.88200 61.22540 12.77530
C 203.96000 67.12460 12.83300
C 205.01000 61.61550 12.93190
C 209.22100 65.16680 12.94790
C 214.48300 63.52050 12.97300
C 208.15600 62.22210 12.93330
C 212.51500 66.03800 12.92670
C 211.31700 62.75160 13.02450
C 193.56600 70.68360 9.41793
C 194.66100 73.76660 9.40727
C 190.35100 70.16750 9.53919
C 191.37300 73.09750 9.46815
C 192.41900 67.60690 9.54856
H 190.08900 71.92760 11.23940
H 188.99800 68.89890 11.17290
H 193.17800 72.54900 11.01180
H 192.13300 69.49830 11.09790
C 195.60300 68.19190 9.41884
C 198.90900 68.92840 9.44934
C 196.77400 71.32060 9.45028
C 199.99300 71.95130 9.52414
H 200.64900 68.32060 11.15180
H 197.42300 67.70980 10.97200
H 198.53100 70.73500 11.05190
H 199.59100 73.73110 11.13450
H 196.35900 73.13660 11.09920
H 201.70800 71.35920 11.18040
H 195.33600 70.05450 10.99380
C 207.21500 67.60190 9.68547
C 202.09200 69.57400 9.60351
C 205.20300 70.17830 9.71966
C 203.15200 72.63350 9.66605
C 206.34400 73.29890 9.75071
H 206.87800 69.43930 11.33270
H 203.75700 68.96500 11.30120
H 208.00600 72.58020 11.47280
H 204.86700 72.02300 11.31780
C 208.28200 70.76100 9.77713
C 210.29100 68.29660 9.71983
C 213.49300 68.99840 9.60530
C 211.33300 71.30760 9.72466
C 209.27300 73.87800 9.78166
C 214.51900 71.98110 9.62560
H 211.09500 73.16910 11.34900
H 214.26200 73.80070 11.32590
H 210.02400 70.07150 11.35620
H 212.13600 67.74350 11.22630
H 213.16100 70.74080 11.26190
C 189.36900 75.61680 9.54653
C 193.62900 79.30280 9.49535
C 192.47900 76.16030 9.45027
C 190.39800 78.61850 9.51902
H 192.21300 78.03790 11.10060
H 194.30600 75.59720 11.01000
H 190.12600 80.45910 11.11740
H 191.12400 74.95280 11.07680
H 189.00600 77.44890 11.14030
H 195.35100 78.62590 11.15520
C 197.84300 74.33420 9.51982
C 195.89200 76.85710 9.53187
C 201.03700 75.07460 9.69371
C 198.84300 77.37810 9.67257
C 196.85300 79.91560 9.63707
C 200.02600 80.42980 9.76766
H 198.51100 79.26000 11.33730
H 201.70200 79.90030 11.47450
H 200.60200 76.83820 11.31400
H 197.47900 76.09640 11.26150
C 202.03500 78.16530 9.77008
C 204.06600 75.63230 9.76689
C 205.15800 78.74720 9.86713
C 207.25000 76.34080 9.81921
H 204.77200 80.48400 11.55710
H 203.73600 77.47650 11.35880
H 205.85000 75.05730 11.36040
H 206.87400 78.07650 11.49460
H 202.71200 74.37550 11.37190
C 212.51200 74.44460 9.69889
C 208.28200 79.27330 9.89186
C 214.74900 80.48150 9.87073
C 210.39600 76.97930 9.80627
C 213.49500 77.50990 9.72355
C 211.33100 79.84440 9.83705
H 213.18000 79.26290 11.35740
H 210.01100 78.66530 11.56070
H 208.97600 75.66770 11.38690
H 212.11300 76.22580 11.34560
H 193.19200 81.05280 11.15600
C 194.60000 82.29900 9.50523
C 191.45200 81.77140 9.53575
C 189.39100 84.25050 9.68739
C 192.46800 84.75990 9.58939
C 190.30900 87.19720 9.67204
C 193.61100 87.73800 9.59831
H 194.31300 84.16670 11.05220
H 188.93800 85.96440 11.30480
H 191.13300 83.51880 11.25020
H 192.09300 86.57950 11.16650
C 195.86400 85.42370 9.60997
C 197.85900 82.93100 9.64774
C 201.08900 83.57260 9.85446
C 198.95100 85.96010 9.83086
H 196.35400 81.76630 11.21680
H 199.58500 82.29450 11.26400
H 195.40000 87.24580 11.20810
H 197.48600 84.72240 11.31390
H 198.52500 87.73200 11.49760
H 200.60900 85.30870 11.54950
C 203.07800 81.14440 9.92310
H 207.92300 81.11200 11.47670
C 202.11600 86.47690 10.02260
C 204.18800 84.17560 10.03990
C 206.11400 81.75730 9.95879
C 207.28400 84.68510 10.00660
C 205.21700 87.13030 10.12120
H 206.97400 86.47110 11.64200
H 203.82600 85.90490 11.70310
H 202.72000 82.94040 11.59060
H 205.90800 83.51220 11.60920
C 212.57900 82.83170 9.91001
C 209.38900 82.32180 9.93822
C 210.40800 85.34680 9.92615
C 213.64100 85.93270 10.06300
H 209.04400 84.13060 11.53730
H 211.15500 81.63660 11.48680
H 214.25300 82.25020 11.55930
H 212.14200 84.63050 11.49140
H 210.10000 87.13030 11.60020
H 213.22900 87.65910 11.75920
C 208.31300 87.78730 10.05910
C 194.68000 90.83320 9.77678
C 191.35700 90.21030 9.69432
C 192.52900 93.19980 9.77833
C 189.34900 92.56280 9.75105
H 194.22200 92.63640 11.36440
H 191.10500 91.96750 11.37650
H 189.01300 94.41100 11.33470
H 193.21000 89.54820 11.16680
H 189.99500 88.93600 11.35560
C 195.62500 93.85270 9.81596
C 196.91300 88.44590 9.77106
C 199.99300 88.90730 9.98138
C 197.79100 91.39190 9.85924
C 200.88700 92.05990 10.03810
C 198.88000 94.41360 9.90697
H 199.50400 90.75770 11.51830
H 197.32500 93.18770 11.44880
H 196.36000 90.18010 11.42180
H 200.46900 93.80700 11.70760
H 201.72300 88.27380 11.64250
C 203.09900 89.48870 10.04810
C 207.13400 93.21180 10.22900
C 204.14500 92.48820 10.12500
C 206.22400 90.12940 10.17260
H 207.95300 89.49980 11.72560
H 202.62700 91.31290 11.67750
H 204.78900 88.93720 11.73610
H 205.81600 91.89860 11.83100
H 203.72000 94.37390 11.64710
C 214.59800 88.83040 10.13250
C 211.60500 88.41610 10.13360
C 209.31700 90.78790 10.15330
C 212.38400 91.25140 10.08890
C 213.57200 94.30610 9.98241
C 210.36800 93.77680 10.10540
H 212.11800 93.13520 11.57630
H 214.24200 90.66520 11.68350
H 211.05100 90.11190 11.74710
H 208.94700 92.58600 11.74800
C 194.52500 99.29550 9.89435
C 193.52500 96.25230 9.86810
C 191.46400 98.68980 9.89271
C 190.39600 95.71330 9.79284
C 189.37300 101.11000 10.01620
H 190.01900 97.44720 11.44780
H 192.11400 94.98460 11.39130
C 199.91100 97.41790 9.84551
C 200.98800 100.50000 9.93814
C 197.82000 99.82130 9.77128
C 196.54500 96.86630 9.79576
H 195.23200 95.64140 11.44930
C 204.10000 101.01400 9.97534
C 205.13900 95.70890 10.09510
C 201.96000 94.93050 10.00550
C 206.15400 98.73260 10.14410
C 203.00500 98.01170 10.04920
H 207.94400 98.04330 11.70390
H 206.81400 95.06410 11.76810
H 204.73000 97.44420 11.74950
C 214.62600 97.32850 9.97751
H 211.12500 98.62320 11.55680
H 214.26800 99.17050 11.52630
H 213.14900 96.15440 11.52470
C 208.19700 96.24980 10.10980
C 212.53700 99.79340 9.93538
C 211.42800 96.73210 9.97988
C 209.31800 99.20940 10.06780
H 209.09400 101.05800 11.67770
H 210.00000 95.63150 11.67260
C 193.72300 70.70770 12.58920
C 194.53700 73.80800 12.65160
C 190.46700 70.06320 12.77070
C 191.49400 73.19910 12.77700
C 192.60100 67.73540 12.74670
C 195.73100 68.21010 12.61420
C 198.82800 68.85530 12.64830
C 196.71900 71.24930 12.62310
C 199.87900 71.87960 12.73810
C 201.92100 69.59260 12.82960
C 207.12700 67.58990 12.93670
C 205.15400 70.15990 12.90060
C 203.07600 72.46920 12.91010
C 206.22000 73.28630 12.99500
C 208.25800 70.71360 12.94030
C 210.42000 68.27510 12.91820
C 213.59100 68.91820 12.79400
C 211.45200 71.27520 12.92690
C 209.43500 73.86510 13.02310
C 214.65800 71.83390 12.80900
C 193.59800 79.31230 12.79140
C 189.38200 75.60110 12.74260
C 192.54600 76.15550 12.65960
C 190.49600 78.63630 12.74380
C 197.84800 74.18630 12.82460
C 195.66200 76.76340 12.75740
C 200.84100 74.93210 12.88650
C 198.87100 77.34610 12.92120
C 196.65900 79.90690 12.82150
C 199.96300 80.55900 12.92820
C 201.99400 78.03660 13.02450
C 204.07400 75.66170 12.95110
C 205.13000 78.60140 13.08360
C 207.24400 76.23110 13.04800
C 208.23100 79.31110 13.09670
C 212.47800 74.40330 12.94650
C 210.41700 76.76210 13.06140
C 213.57100 77.40500 12.90750
C 214.55700 80.37310 13.04520
C 211.52600 79.85450 13.06990
C 189.35300 84.11830 12.86970
C 194.50500 82.39470 12.72520
C 191.43900 81.64480 12.79180
C 192.61400 84.72860 12.75520
C 190.42600 87.06300 12.91130
C 193.55500 87.69580 12.79030
C 195.61800 85.37810 12.75170
C 197.85400 82.84630 12.85980
C 200.85800 83.41650 13.07080
C 198.75600 85.91070 13.03590
C 203.06500 81.08250 13.15070
C 202.01500 86.44630 13.22550
C 204.16100 83.99220 13.23350
C 206.18500 81.60400 13.12580
C 207.34800 84.62140 13.21540
C 205.25200 87.11350 13.28360
C 208.35300 87.61610 13.26010
C 212.54700 82.79800 13.12320
C 209.35600 82.21080 13.05820
C 210.47900 85.23780 13.13010
C 213.50800 85.72690 13.20300
C 192.51500 93.17860 12.99470
C 194.54900 90.76610 12.87760
C 191.59500 90.09380 12.87710
C 189.37100 92.56460 12.93150
C 198.55900 94.50520 13.13080
C 200.84400 91.91860 13.25010
C 197.71400 91.35900 13.04050
C 199.85600 88.91820 13.11680
C 195.55200 93.82190 12.99840
C 196.73300 88.34960 12.99000
C 206.25200 90.05350 13.35480
C 203.98800 92.58300 13.32780
C 207.22700 93.21220 13.34820
C 203.01500 89.51110 13.30240
C 214.62800 88.91310 13.35760
C 209.29500 90.79040 13.31200
C 213.55700 94.37210 13.17480
C 211.38800 88.28850 13.32410
C 210.39900 93.74760 13.21640
C 212.45300 91.32090 13.24290
C 189.30200 100.98000 13.16010
C 190.36800 95.56620 12.99480
C 191.43500 98.58510 13.10930
C 194.60800 99.31120 13.02770
C 193.42800 96.18940 13.03480
H 193.17200 98.06990 11.48570
H 191.11300 100.47500 11.58460
H 194.25600 101.12800 11.48820
H 201.55300 96.73680 11.57560
H 199.54600 99.25850 11.40360
H 196.33700 98.70350 11.37120
C 196.57300 96.89130 13.00150
C 197.76000 99.90740 12.94240
C 200.77600 100.38800 13.16820
C 199.74800 97.42380 13.04320
H 198.34100 96.24910 11.37110
H 205.86600 100.49800 11.59190
H 202.65700 99.84440 11.62130
C 205.07600 95.63370 13.35780
C 206.23600 98.69810 13.25380
C 204.05500 101.05700 13.23390
C 201.91900 94.98100 13.28290
C 202.89800 97.98560 13.24580
C 212.56200 99.77480 13.17790
C 208.28600 96.22240 13.33180
C 209.48300 99.19170 13.24980
C 211.46500 96.84570 13.18780
C 214.53600 97.32570 13.11510
C 193.54600 104.68700 9.91084
C 194.53600 107.61200 9.98046
C 190.28700 104.08600 9.99812
C 191.38800 107.00000 10.00340
C 192.49000 101.69900 9.91755
C 195.60600 102.31800 9.79562
C 198.90700 102.90100 9.82415
C 196.67200 105.37500 9.92365
C 199.86100 105.91400 9.71713
C 201.91500 103.39300 9.91662
C 205.12500 104.06200 9.87881
C 203.00100 106.50100 9.75792
C 206.08700 107.04000 9.72176
C 207.39600 101.60900 9.99250
C 214.76100 105.84800 9.78785
C 208.30000 104.64800 9.85526
C 210.53100 102.22400 9.99135
C 213.67200 102.73000 9.85738
C 211.44000 105.20200 9.76033
C 209.22400 107.73400 9.70811
H 211.12000 107.14800 11.21900
H 213.25100 104.65200 11.33900
H 214.31100 107.69800 11.27120
H 212.28100 101.60400 11.56630
H 210.06600 104.10900 11.52090
C 192.43100 110.03600 9.92322
C 190.36100 112.44600 9.95349
C 193.61100 113.03900 9.97437
C 189.21600 109.43700 9.97733
C 197.64300 108.26300 9.85598
C 195.71300 110.78700 9.89056
C 200.87600 108.93400 9.81811
C 198.82500 111.40200 9.75202
C 199.87100 114.33200 9.74847
C 196.62200 113.66400 9.89215
C 201.94800 111.93100 9.73766
C 203.93300 109.50900 9.75558
C 205.08200 112.54100 9.78859
C 207.13000 110.12600 9.74329
C 214.61100 114.34700 9.86941
C 208.26600 113.17300 9.67344
C 212.49700 108.33300 9.68074
C 210.39600 110.62600 9.66417
C 213.62800 111.35000 9.78808
C 211.51500 113.74100 9.81517
H 212.17700 110.12400 11.30550
H 213.20900 113.11000 11.46490
H 210.04100 112.47500 11.20730
C 189.27800 117.83700 9.95008
C 194.50300 116.09600 9.88501
C 191.47800 115.37300 9.96341
C 192.48000 118.46600 9.97252
C 190.38200 120.97800 9.91458
C 193.53000 121.61000 9.96594
C 195.58100 119.19100 9.88983
C 197.71100 116.82500 9.74689
C 200.89600 117.41100 9.77050
C 198.76300 119.78000 9.84641
C 203.02300 114.98200 9.69932
C 201.98400 120.51100 9.85717
C 204.04800 118.10600 9.78987
C 206.19400 115.66200 9.70073
C 207.26800 118.67900 9.92206
C 205.09500 121.08000 9.90993
C 212.43700 116.86900 9.93947
C 209.46200 116.22200 9.82118
C 210.37400 119.25800 10.02390
C 213.50300 119.81300 10.00640
H 214.24600 116.18200 11.43380
H 211.11700 115.49200 11.49860
H 208.95700 117.94500 11.51850
H 212.10000 118.59900 11.66450
C 208.28500 121.64000 9.95829
H 209.95400 121.02600 11.65310
H 213.16200 121.61000 11.60470
C 194.73100 124.54100 9.98374
C 191.55800 123.98000 9.92085
C 192.50200 126.98700 9.91242
C 189.32000 126.32700 9.92187
C 198.82700 128.26900 10.02360
C 200.98200 125.91300 10.03910
C 195.71500 127.63600 9.95107
C 196.60900 122.23000 9.92290
C 199.99600 122.77800 9.90832
C 197.67700 125.13000 10.02190
H 200.51600 127.66000 11.69020
C 207.27800 127.02600 10.09300
C 204.06700 126.37600 10.04690
C 206.16600 123.98200 9.94146
C 203.02400 123.42000 10.02920
H 205.87500 125.80100 11.58180
H 207.91500 123.42500 11.57810
H 203.67900 128.24200 11.64360
C 213.46700 128.36800 9.98654
C 210.32200 127.71900 10.03620
C 209.31900 124.77300 10.10110
C 212.36500 125.29300 9.99163
C 211.41700 122.25900 10.04420
C 214.53800 122.83900 9.92276
H 214.20000 124.68100 11.47080
H 209.00500 126.48700 11.75830
H 212.06000 127.12300 11.59780
H 211.04700 124.08900 11.66840
C 194.63900 133.02200 10.04560
C 193.63300 130.00000 10.00210
C 190.56400 129.43200 9.88329
C 189.32300 134.80800 9.84331
C 191.52600 132.38600 9.90573
H 190.05700 131.25000 11.54690
H 191.12700 134.20800 11.47190
H 194.27400 134.88100 11.55430
H 193.17000 131.78400 11.61620
H 199.46900 133.01800 11.76260
C 197.72800 133.65400 10.08820
C 196.75500 130.65000 10.02690
C 200.83500 134.23400 10.11300
C 199.89200 131.24800 10.13080
H 201.63800 130.66500 11.72150
H 198.45100 130.04600 11.68120
H 195.36400 129.41600 11.60710
H 196.35300 132.41100 11.66840
H 206.82900 128.84400 11.71950
H 205.79300 134.24700 11.63400
H 202.63400 133.65400 11.64200
H 207.89300 131.84800 11.60720
C 201.98400 128.86600 10.07910
C 203.01100 131.86700 10.04320
C 204.04200 134.88700 10.07040
C 205.13800 129.38200 10.02380
C 206.19700 132.45900 10.02210
H 204.75700 131.24400 11.59440
H 214.21100 133.15600 11.73230
C 211.32600 130.70800 10.11100
C 209.28500 133.06600 10.03070
C 208.27200 130.01500 10.10060
H 209.97700 129.46900 11.74860
C 212.47100 133.64800 10.09620
H 208.96700 134.86400 11.66080
H 213.19200 130.15400 11.58880
H 211.01000 132.55400 11.71680
C 214.73000 131.39100 10.11010
C 193.59200 104.54900 13.12060
C 194.61800 107.70700 13.17190
C 190.47500 103.96700 13.18970
C 191.42200 107.05600 13.17140
C 192.53500 101.68800 13.11990
H 193.14700 106.40100 11.60860
H 192.09800 103.46200 11.49080
H 188.98200 102.86100 11.62170
H 190.01300 105.80800 11.62870
C 195.75200 102.25100 13.01180
C 198.71200 102.91000 12.97990
C 196.76600 105.25200 13.00740
C 199.83400 105.91500 12.94090
H 195.29700 104.05800 11.45210
H 198.45800 104.69700 11.35180
H 199.46600 107.70500 11.34170
H 200.56700 102.25200 11.58980
H 196.33600 107.12700 11.58790
H 197.41800 101.68600 11.29500
H 201.56900 105.35400 11.31730
C 201.75500 103.51300 12.98830
C 205.06000 104.18500 13.09780
C 202.92000 106.45800 13.01050
C 206.18900 107.17600 12.97100
C 207.31500 101.68700 13.19800
H 203.73800 102.87700 11.52300
H 204.72600 105.95300 11.43690
H 207.84400 106.55000 11.32250
H 206.88700 103.47500 11.53000
C 208.31700 104.82100 13.03990
C 210.56400 102.33000 13.18460
C 213.60600 102.95300 13.12130
C 211.52600 105.41800 12.97720
C 209.37700 107.71800 12.87120
C 214.65800 105.88500 12.93160
C 192.50100 110.01200 13.10530
C 190.40300 112.43700 13.20710
C 193.55500 112.97800 13.21260
C 189.31800 109.41700 13.14930
H 194.27500 109.48400 11.49650
H 192.11500 111.86500 11.54490
H 188.95000 111.27100 11.58320
H 191.01900 108.84300 11.53190
H 190.06400 114.23800 11.58320
C 197.81400 108.34200 13.01150
C 195.76600 110.68100 13.13460
C 200.86100 108.96600 12.94890
C 198.83700 111.36900 13.01570
C 196.81200 113.74500 13.05140
C 199.88800 114.36900 12.94240
H 195.31900 112.49600 11.61410
H 198.49900 113.13600 11.40450
H 197.46700 110.15100 11.39670
H 200.54500 110.77900 11.37880
H 201.62200 113.75700 11.30060
C 201.91000 112.00400 12.98000
C 204.04300 109.50500 12.99210
C 205.08300 112.64100 12.94840
C 207.17200 110.09400 12.87710
H 202.64300 108.27300 11.44570
H 206.86300 111.97600 11.36540
H 203.69900 111.32800 11.39710
H 205.72000 108.89000 11.29090
H 204.78300 114.44900 11.29610
C 208.37300 113.14900 12.84380
C 212.52600 108.35900 12.89930
C 210.37800 110.70800 12.87190
C 213.52700 111.26900 13.00920
C 211.33800 113.57400 13.00770
H 208.92700 109.53900 11.30570
C 214.60100 114.38100 13.05500
C 194.74100 116.03400 13.14230
C 191.45000 115.44600 13.16930
C 189.32600 117.91700 13.11400
C 192.45300 118.49200 13.08450
C 190.39600 120.98200 13.11980
C 193.53900 121.56800 13.11390
H 192.12200 120.34800 11.49860
H 189.02200 119.73500 11.54490
H 193.26000 114.84100 11.60080
H 194.28200 117.89500 11.58030
H 191.04900 117.25500 11.56280
C 195.61200 119.18000 13.14570
C 197.81500 116.74300 13.02220
C 200.98000 117.37700 12.94930
C 198.82100 119.78900 13.00380
H 195.28800 120.96600 11.52430
H 198.47100 121.59200 11.37860
H 197.36800 118.55800 11.49000
H 196.36900 115.54000 11.38770
H 199.51100 116.19200 11.32720
H 200.57100 119.21600 11.38830
C 203.05800 114.97400 12.87670
C 201.91500 120.32300 13.11350
C 204.05900 117.91000 12.94100
C 206.28100 115.58300 12.89780
C 207.10300 118.55600 13.00850
C 205.06300 120.99700 13.09910
H 202.67200 116.78900 11.31640
H 205.80300 117.41600 11.37080
H 207.94600 114.97700 11.25580
H 203.64800 119.83100 11.44710
H 206.84400 120.47300 11.52360
C 208.19300 121.61400 13.18830
C 212.53000 116.68000 13.12120
C 209.29100 116.07800 12.99990
C 210.23600 119.17400 13.20190
C 213.59500 119.83300 13.20650
C 194.58800 124.68200 13.18920
C 189.33000 126.42900 13.12130
C 191.45900 124.00000 13.17150
C 192.55400 126.92700 13.08050
H 193.23700 123.42100 11.60010
H 194.28200 126.40200 11.46250
H 191.10700 125.77300 11.52030
H 190.11900 122.80300 11.49940
H 189.02700 128.22100 11.44450
C 195.62500 127.55200 13.14500
C 196.74500 121.94200 13.13610
C 200.90000 125.79800 13.23210
C 199.84400 122.70700 13.10840
C 197.83900 125.18600 13.17740
C 198.72100 128.17100 13.24120
H 196.36000 123.94100 11.68220
H 197.41000 126.99200 11.55140
H 199.55900 124.57000 11.52930
H 201.66100 122.20500 11.61870
C 203.08400 123.37000 13.27530
C 207.14000 127.00200 13.26600
C 204.14800 126.40300 13.19850
C 206.22800 124.03000 13.19480
H 202.68000 125.20100 11.68510
H 204.80900 122.85500 11.59810
C 214.51000 122.88900 13.15290
C 209.33800 124.52400 13.26130
C 211.41000 122.19700 13.22060
C 212.48700 125.26500 13.17970
C 210.42200 127.69300 13.35310
C 213.55500 128.31600 13.14450
C 190.42200 129.37200 13.12210
C 194.51500 133.05100 13.18540
C 193.55100 129.94000 13.15010
C 191.38100 132.49100 13.19450
C 189.26600 134.87700 12.96840
H 192.16400 128.78800 11.52140
C 199.86000 131.16500 13.30940
C 196.73500 130.59900 13.27780
C 197.64500 133.65000 13.27880
C 200.95100 134.17100 13.30430
C 204.08600 134.82100 13.23060
C 206.16400 132.44600 13.22010
C 203.11900 131.89200 13.26480
C 201.95800 128.82900 13.27370
C 205.04500 129.48700 13.28490
C 214.55700 131.31300 13.27730
C 208.21300 130.08500 13.30610
C 211.46300 130.69100 13.26430
C 209.21800 133.02000 13.29690
C 212.48900 133.79700 13.28720
C 216.76100 1.64646 10.13390
C 219.71100 2.29272 10.16680
C 217.73900 4.64322 10.15110
C 220.82400 5.21062 10.20580
H 218.44000 1.08032 11.83140
H 219.43500 4.07265 11.82630
H 216.30600 3.43106 11.68490
H 215.25600 0.49782 11.71700
C 222.93000 2.90210 10.04600
C 225.09400 0.46405 9.99396
C 226.15500 3.44904 9.97865
C 223.95500 5.85951 10.04640
C 221.87700 -0.13832 10.01990
H 224.74400 2.29246 11.58880
H 225.82300 5.28596 11.59380
H 226.82300 -0.09168 11.68100
H 222.66800 4.68727 11.72770
H 221.56500 1.68379 11.60560
C 228.25600 1.06031 10.04520
C 229.36800 4.10833 10.07200
C 231.43800 1.61876 10.01030
C 232.52200 4.71208 10.05990
H 230.02800 0.43371 11.65370
H 231.12600 3.44881 11.64850
H 233.21600 1.02213 11.55280
H 227.94200 2.86472 11.64280
H 228.99700 5.93770 11.77600
C 234.60200 2.26657 9.98443
C 237.87000 2.88799 9.99508
C 235.68300 5.20681 10.00890
C 239.95900 0.59343 9.87860
C 238.99700 5.92108 10.09680
C 236.75700 -0.15761 9.88574
H 237.45200 4.64858 11.60480
H 234.25700 4.06434 11.61190
H 236.36300 1.64697 11.55040
H 239.53300 2.22444 11.61100
H 240.59400 5.24220 11.81680
C 215.66200 7.09606 10.10090
C 218.80400 7.61068 10.04840
C 216.76700 10.11770 9.98114
C 219.89300 10.75210 9.96715
H 220.57800 7.10711 11.68440
H 217.43600 6.49827 11.72500
H 215.34300 8.94211 11.63040
H 218.50400 9.52361 11.56030
C 227.31500 6.50042 10.03850
C 221.94700 8.32573 10.04130
C 222.92600 11.31760 9.98105
C 226.27600 12.03500 10.14590
C 225.06000 8.92781 9.92231
H 223.71100 7.71623 11.61070
H 221.58100 10.12320 11.63860
H 224.78100 10.72230 11.54030
H 226.83600 8.37848 11.53790
C 228.33900 9.61713 10.04940
C 230.41000 7.18211 10.15030
C 233.58600 7.81348 10.17870
C 229.37800 12.59790 10.19610
C 231.48500 10.13990 10.11740
H 230.05300 8.97273 11.66380
H 232.19800 6.54199 11.75420
C 234.65100 10.76200 10.27950
C 237.76300 11.46230 10.27720
C 236.84100 8.33512 10.10500
C 239.90300 9.01737 10.22980
H 235.36800 7.05116 11.68210
C 217.74100 13.13710 10.00900
C 215.64200 15.52080 10.05490
C 220.86400 13.87780 10.04420
C 218.94600 16.18700 10.08420
C 216.69200 18.70830 10.13550
C 219.93300 19.21850 10.16360
C 227.25000 14.94620 10.25750
C 224.17800 14.35020 10.12500
C 222.09100 16.73900 10.18180
C 225.23500 17.36950 10.21130
C 223.07000 19.86850 10.22620
C 232.62400 13.20290 10.26820
C 228.32200 18.02060 10.34600
C 230.32600 15.58510 10.32620
C 233.63800 16.20960 10.36450
C 231.41600 18.57420 10.44560
C 237.69800 19.86910 10.37710
C 234.57700 19.20070 10.38650
C 235.67500 13.78920 10.34980
C 238.80300 14.29830 10.39480
C 236.64300 16.80590 10.38230
C 239.80500 17.41640 10.35570
C 218.97400 24.59880 10.35300
C 215.73800 24.09740 10.25410
C 220.88500 22.25520 10.38860
C 217.87200 21.68180 10.20160
C 226.16400 20.45110 10.22170
C 221.91800 25.29090 10.55640
C 225.08600 25.85420 10.56210
C 223.99600 22.90650 10.43700
C 227.27900 23.46820 10.42540
C 232.37500 21.68340 10.40850
C 230.35500 24.11660 10.44280
C 233.49100 24.64670 10.49470
C 228.20100 26.46230 10.47240
C 229.38900 21.06560 10.35650
C 235.52600 22.28810 10.43850
C 236.63300 25.34780 10.49450
C 239.88500 25.93260 10.32480
C 238.72100 22.84950 10.35640
C 216.75600 27.07420 10.31550
C 219.94300 27.65310 10.41080
C 221.03000 30.59230 10.45060
C 215.75500 32.57000 10.30750
C 218.85700 33.05560 10.38410
C 217.85600 30.15360 10.37470
C 223.08600 28.28700 10.57370
C 224.09900 31.31530 10.52580
C 227.28100 31.85700 10.47350
C 226.13800 28.94590 10.56260
C 230.30500 32.45870 10.33090
C 231.44900 27.02890 10.51170
C 233.59400 33.15320 10.34690
C 232.44700 30.11160 10.40140
C 229.38700 29.42980 10.46190
C 237.69500 28.32340 10.48700
C 235.55100 30.70920 10.45910
C 238.68900 31.28240 10.32210
C 234.52400 27.69100 10.53480
C 216.65900 1.67639 13.34340
C 219.91100 2.25957 13.32690
C 217.64600 4.67382 13.35460
C 220.90200 5.32306 13.29460
C 223.03000 2.81095 13.21910
C 225.01800 0.52097 13.23660
C 226.15300 3.54079 13.22660
C 224.07800 5.96248 13.21860
C 222.00700 -0.07087 13.21990
C 228.30200 1.04533 13.31590
C 229.38100 4.06122 13.28430
C 231.51700 1.61731 13.23610
C 232.59300 4.65690 13.28330
C 234.67700 2.19531 13.19280
C 237.77200 2.82495 13.20410
C 235.64400 5.16410 13.24040
C 239.86100 0.31711 13.09230
C 238.84100 5.80635 13.34200
C 236.85200 -0.19223 13.07830
C 215.70800 7.12259 13.29130
C 218.88600 7.77468 13.21130
C 216.80300 10.10550 13.18610
C 219.83300 10.70570 13.20070
H 219.54000 12.55370 11.58500
H 216.40100 11.92190 11.59020
C 227.09800 6.62177 13.23270
C 222.01700 8.35729 13.24270
C 223.03300 11.32200 13.16090
C 225.13500 8.93958 13.17370
C 226.13700 11.78960 13.30740
C 228.26400 9.43116 13.25640
C 230.42600 7.22660 13.33990
C 233.65800 7.68897 13.37080
C 229.42200 12.42580 13.37850
C 231.36200 10.14520 13.36550
H 227.96000 11.31920 11.76510
H 231.14000 11.93950 11.71170
H 233.21400 9.55448 11.85810
C 234.68400 10.71790 13.43730
C 237.69800 11.24420 13.51730
C 236.68100 8.20404 13.34110
C 239.86500 8.87847 13.41940
H 234.28900 12.58700 11.93070
H 238.51100 7.68016 11.73340
H 239.44800 10.71380 11.89330
H 236.38100 10.08420 11.79060
C 217.80100 13.15310 13.18380
C 215.77300 15.54390 13.27810
C 220.92100 13.64930 13.25040
C 218.80500 16.23430 13.26850
C 216.71300 18.63960 13.26200
C 219.88700 19.12020 13.32340
H 215.31200 17.37920 11.68970
H 217.46900 14.97800 11.59490
H 220.65600 15.59940 11.78060
H 218.46400 18.02190 11.68400
C 223.96400 14.18700 13.31310
C 227.22600 14.94210 13.50970
C 222.11100 16.71220 13.38490
C 225.11300 17.38270 13.40380
C 223.09700 19.71690 13.44940
H 224.78500 19.18910 11.80480
H 226.91200 16.73630 11.88830
H 221.68200 18.58520 11.76970
H 223.83300 16.13080 11.77350
H 222.66500 13.12250 11.54960
H 225.84300 13.74860 11.84980
C 232.43800 13.08590 13.39550
C 228.25200 18.02220 13.48130
C 230.38200 15.50060 13.51770
C 233.53000 16.13050 13.52350
C 231.38900 18.55170 13.60890
H 227.92000 19.86760 11.84990
H 232.12200 14.97260 11.86130
H 230.02900 17.36240 12.01020
H 228.98000 14.33790 11.90210
H 233.21800 18.00330 12.00690
H 237.38400 13.15740 12.00730
C 234.59100 19.23660 13.61540
C 235.66500 13.74620 13.60490
C 238.78400 14.38860 13.59450
C 236.64400 16.77080 13.56200
C 239.90800 17.36280 13.50130
C 237.67900 19.81190 13.65960
H 236.34700 18.63020 12.02580
H 239.45200 19.24990 11.98400
H 238.42500 16.20600 11.96900
H 240.52700 13.78260 11.95640
H 235.29200 15.52740 11.97380
C 217.80700 21.59450 13.37880
C 215.74500 24.02430 13.40810
C 220.85600 22.06500 13.48850
C 218.78400 24.61340 13.56900
H 220.57200 24.00800 12.08100
H 217.46600 23.44360 11.84410
H 218.50000 26.40790 11.94160
H 215.28800 25.88670 11.85630
H 219.49300 20.98050 11.79240
H 216.37200 20.48600 11.75940
C 225.12900 25.89840 13.74930
C 221.88100 25.26610 13.71150
C 227.18200 23.34000 13.60030
C 224.03800 22.69380 13.62280
C 226.16700 20.31580 13.46120
H 223.68600 24.63330 12.15900
H 222.65700 21.59610 11.95860
H 226.85100 25.23460 12.08040
H 225.79900 22.18590 11.92030
C 229.21500 21.00980 13.57420
C 232.47000 21.56870 13.59150
C 233.43300 24.56040 13.71750
C 230.35000 24.04080 13.63450
C 228.28000 26.43600 13.66320
H 229.00000 22.86150 12.03160
H 229.98000 25.86920 12.06210
H 233.15300 26.42800 12.12300
H 232.09700 23.42010 12.05200
H 231.03500 20.37890 12.04050
H 234.15600 21.03720 11.93420
C 239.85800 25.93060 13.60210
C 236.71000 25.35240 13.66550
C 235.55400 22.14270 13.65790
C 238.80200 22.88400 13.56980
H 238.47500 24.69310 11.98070
H 240.54300 22.23580 11.89630
H 237.33500 21.65520 12.02140
H 235.25700 24.08360 12.18080
H 217.43900 31.92530 12.03190
H 220.60300 32.44580 11.99880
H 219.50300 29.46140 12.01680
H 216.34600 28.90630 11.91750
C 216.71900 27.04200 13.48720
C 220.85700 30.65950 13.66790
C 217.68400 30.02700 13.59750
C 219.76500 27.65220 13.64110
C 218.79600 33.20630 13.55060
C 215.61100 32.55300 13.52380
H 222.69300 30.11200 12.15370
H 223.63500 33.17210 12.02730
H 221.60600 27.13170 12.15650
H 224.83700 27.67100 12.17230
C 226.23900 28.98080 13.72710
C 227.28400 32.01340 13.61460
C 223.08100 28.29670 13.72450
C 224.07500 31.44860 13.69190
H 225.82000 30.76870 12.13390
H 232.12100 31.99290 11.92680
H 231.02700 28.91430 11.99670
H 227.93100 28.27590 12.06870
C 232.36900 30.22010 13.59230
H 229.00200 31.27520 12.02550
C 231.41200 27.07860 13.59920
C 230.35400 32.65200 13.52540
C 229.31600 29.47820 13.64460
C 233.46000 33.23490 13.52590
H 240.55400 30.73080 11.80090
H 235.30500 32.60320 12.03700
H 237.34100 30.19060 12.11870
C 237.79700 28.35710 13.70030
C 234.52600 27.73010 13.73230
C 238.91400 31.43490 13.53780
C 235.53400 30.75070 13.69740
H 238.41100 33.22060 11.86500
H 236.28300 27.18490 12.17070
H 234.16000 29.53180 12.06730
H 239.50800 27.75320 12.00000
C 216.72900 35.63690 10.25440
C 219.90000 36.09530 10.26940
C 217.74500 38.59650 10.13620
C 220.97400 39.18230 10.13300
C 221.94000 33.76990 10.36630
C 223.03800 36.75110 10.30380
C 225.04300 34.31500 10.37670
C 226.11000 37.27430 10.15410
C 224.04900 39.78090 10.06290
C 228.21400 34.80750 10.30980
C 229.23100 37.90470 10.02870
C 231.40000 35.53380 10.17710
C 232.38100 38.54210 10.03410
C 234.56400 36.20750 10.17630
C 237.65300 36.76810 10.11030
C 235.51800 39.05470 10.01910
C 239.78000 34.43840 10.23760
C 238.79400 39.85710 10.02460
C 236.58500 33.74970 10.26360
C 215.60200 40.97410 10.11440
C 218.70900 41.61900 10.05500
C 216.65300 43.94220 9.92798
C 219.88800 44.50590 9.96232
C 227.08100 40.34860 9.95394
C 221.90900 42.30470 10.02290
C 224.95600 42.91810 9.93695
C 222.96800 45.20140 9.96594
C 226.12800 45.85480 9.79697
C 228.17700 43.38920 9.76196
C 230.21800 40.98070 9.89096
C 233.45100 41.57690 9.81976
C 231.33900 44.07070 9.70021
C 229.21100 46.40570 9.69239
C 234.56500 44.56130 9.71000
C 236.66700 42.16390 9.94529
C 239.84500 42.86320 9.92676
C 237.58700 45.31940 9.90072
C 217.65800 47.11790 9.92368
C 215.71700 49.52060 9.84707
C 220.93000 47.64960 9.79519
C 218.77700 50.08010 9.85520
C 216.63200 52.48610 9.90512
C 219.74400 53.09470 9.66340
H 218.47500 51.94320 11.38120
C 227.22800 49.03320 9.62562
C 224.04700 48.25000 9.73451
C 221.91100 50.72970 9.68552
C 225.22400 51.40110 9.68749
C 222.99700 53.76370 9.58325
H 221.60100 52.59230 11.23480
H 224.73900 53.28800 11.20520
H 223.76500 50.14640 11.20120
H 226.91300 50.80150 11.31000
C 232.44200 47.09110 9.59340
C 228.24800 51.93350 9.63675
C 230.43000 49.51910 9.61304
C 233.44400 50.18470 9.63377
C 231.44300 52.65010 9.60476
H 230.07300 51.40400 11.22730
H 227.91200 53.88150 11.15060
H 233.16500 52.03320 11.20470
H 229.00600 48.36200 11.23700
C 239.87700 51.34270 9.88493
C 236.74700 50.75080 9.73397
C 234.64100 53.17560 9.61086
C 235.72900 47.73650 9.68962
C 238.77800 48.32170 9.84173
C 237.80800 53.75130 9.84043
H 236.29900 52.58110 11.35290
H 239.48300 53.15430 11.48490
C 218.66400 58.52700 9.59724
C 220.80400 56.07880 9.61372
C 215.56000 57.93260 9.74546
C 217.68600 55.51040 9.73843
H 217.35900 57.32060 11.31570
H 215.22700 59.79900 11.27910
H 218.44400 60.37640 11.19420
H 216.40400 54.34380 11.44680
H 219.49700 54.93290 11.28090
H 220.50700 58.04140 11.09940
C 226.14200 54.44780 9.53713
C 224.06600 56.73780 9.45346
C 227.17700 57.39340 9.51381
C 221.92700 59.18560 9.44900
C 225.19000 59.87540 9.38175
H 226.89500 59.28500 10.97140
H 225.79600 56.26390 11.17070
H 223.74700 58.67300 10.98400
H 222.66000 55.66400 11.12990
C 230.42500 58.00760 9.43914
C 229.38900 54.98350 9.51196
C 233.57300 58.55430 9.41937
C 232.46000 55.57210 9.54555
C 228.29000 60.37580 9.30892
H 230.06200 59.91060 10.93680
H 232.14600 57.47210 11.05510
H 229.00100 56.84010 11.05780
H 233.20300 60.50540 10.90140
H 231.08400 54.45770 11.20480
H 234.27700 55.05520 11.07940
C 239.83400 59.87060 9.75039
C 236.73700 59.30550 9.54294
C 238.86900 56.79200 9.73186
C 235.76900 56.24770 9.56531
H 235.31100 58.07460 11.10600
H 237.39700 55.62360 11.34080
H 240.52000 56.19600 11.41090
H 238.39300 58.69230 11.29450
C 217.55400 63.93550 9.55261
C 216.60800 61.05430 9.71177
C 219.77500 61.57040 9.46449
C 218.64700 67.08410 9.31442
C 215.45900 66.48960 9.49694
C 220.79400 64.60840 9.30964
H 220.45700 66.45190 10.84180
H 219.44100 63.43950 11.02170
H 217.30400 65.89330 10.96650
H 216.27700 62.84110 11.40620
C 222.96600 62.30080 9.35944
C 226.10100 62.89070 9.27088
C 227.14600 65.98450 9.24119
C 223.99000 65.24380 9.26372
H 225.78800 64.72700 10.81890
H 222.62100 64.06040 10.92900
H 224.74000 61.69800 10.94330
H 223.69700 67.10910 10.84590
H 221.61400 61.08940 10.98060
C 229.23800 63.44980 9.26982
C 232.56100 64.19890 9.31542
C 231.40900 61.14230 9.31974
C 233.52200 67.25930 9.47603
C 230.32400 66.50260 9.35238
H 231.07500 62.95950 10.87610
H 227.87300 62.25980 10.86540
H 228.87500 65.30100 10.83630
H 232.09800 65.95520 10.94150
C 235.81500 64.80390 9.44391
C 237.85700 62.39880 9.57835
H 237.37200 64.12590 11.18290
H 236.34100 61.17650 11.01120
H 235.25500 66.57090 11.04050
H 238.35800 67.20170 11.38420
C 238.78400 65.39590 9.74353
C 234.68100 61.69860 9.30908
H 240.46100 64.69150 11.42010
H 234.30500 63.51310 10.86450
H 239.47600 61.72370 11.30220
C 216.77600 35.62590 13.51590
C 219.82300 36.24740 13.46490
C 217.83800 38.68650 13.42480
C 220.88400 39.41140 13.33700
H 219.52000 38.04080 11.76770
H 218.48900 34.98290 11.85210
H 216.37200 37.44130 11.89070
H 215.39400 34.40720 11.92710
C 221.90900 33.84540 13.61180
C 222.96400 36.87470 13.50470
C 225.11600 34.41910 13.51420
C 226.17100 37.47350 13.39530
C 224.15000 39.93580 13.27420
H 222.69100 38.65300 11.81640
H 224.75800 36.19320 11.90990
H 226.85000 33.72810 11.96840
H 225.78800 39.16700 11.63750
H 221.62100 35.56030 11.94880
H 227.90000 36.80510 11.76700
C 228.27200 35.04570 13.42850
C 229.29600 38.18250 13.26140
C 231.40700 35.74740 13.35890
C 232.37300 38.73940 13.21300
H 230.98200 37.41670 11.69280
H 228.86400 39.79520 11.55940
H 230.06200 34.34880 11.82370
H 233.17400 35.00560 11.80670
H 234.13600 38.01640 11.67760
C 234.52900 36.32500 13.36390
C 237.67600 36.97360 13.37670
C 235.57800 39.29600 13.19500
C 239.79900 34.54210 13.44040
C 238.84900 39.85900 13.19400
C 236.72100 33.91240 13.54510
H 237.34300 38.68990 11.62650
H 236.33200 35.65630 11.80370
H 240.55800 39.16330 11.58190
H 239.40300 36.31810 11.75500
H 217.35000 40.44750 11.74020
C 215.60900 41.20570 13.33460
C 218.80600 41.68790 13.28980
C 216.63500 44.12670 13.19400
C 219.80000 44.72650 13.17920
H 218.41000 43.45380 11.62790
H 220.53600 41.06140 11.65590
H 219.56100 46.45730 11.39740
H 215.22900 42.89340 11.60300
H 216.31000 45.83140 11.46530
C 227.15300 40.55760 13.11220
C 221.97600 42.27910 13.27040
C 225.13500 42.94880 13.09500
C 223.06300 45.40720 13.14230
C 226.22200 46.02950 12.98480
H 221.59400 44.07900 11.68450
H 226.80300 42.27280 11.41000
H 224.77500 44.75380 11.52880
H 223.67600 41.65470 11.59110
H 227.86800 45.27730 11.36270
C 228.25500 43.49550 12.98180
C 230.26800 41.12710 13.03990
C 233.35200 41.75630 13.03500
C 231.32000 44.17530 12.93930
C 229.30200 46.54250 12.84830
H 229.94900 42.87750 11.35530
H 232.03800 40.44230 11.47040
H 231.05100 45.92920 11.24260
H 233.09600 43.48060 11.33950
H 234.19900 46.54600 11.20620
C 234.51600 44.77070 12.90840
C 236.58600 42.24880 13.09800
C 239.76800 43.01480 13.15800
C 237.62200 45.32850 13.00370
H 235.13800 40.99890 11.48360
H 236.25700 44.04960 11.45650
H 239.40500 44.71270 11.44460
H 238.42500 41.70140 11.59030
C 217.75500 47.10300 13.01510
C 215.64600 49.47200 13.08280
C 220.92900 47.63950 13.03250
C 218.91100 50.21950 13.04910
C 216.74700 52.54590 13.02480
C 219.85400 53.14480 12.89320
H 215.31300 51.27440 11.50280
H 217.47800 48.94980 11.53540
H 220.60400 49.50080 11.41810
H 222.71000 47.13310 11.42380
C 227.31900 48.94120 12.89330
C 224.20400 48.36570 12.88130
C 222.06600 50.80840 12.87890
C 225.11000 51.46910 12.80170
H 225.91500 47.76930 11.25650
C 222.99000 53.94400 12.79750
C 232.48200 47.12980 12.83850
C 228.24800 52.01670 12.80510
C 230.40400 49.60030 12.85940
C 233.46000 50.26920 12.83340
C 231.47200 52.68810 12.85440
H 232.15000 48.94340 11.25440
C 234.48800 53.33290 12.80550
C 235.54300 47.79200 12.87650
C 238.75400 48.32590 13.06690
C 236.48800 50.67900 12.90000
C 239.71300 51.36990 13.10810
H 240.47900 47.69950 11.46660
C 237.66200 53.80320 12.99400
H 237.32300 47.17650 11.41950
H 238.37000 50.13710 11.44990
H 235.20500 49.56620 11.21290
C 218.86200 58.56260 12.79400
C 217.84400 55.59410 12.94020
C 215.69200 58.01160 12.93240
C 220.89700 56.22150 12.76330
C 223.98400 56.95740 12.69520
C 227.24500 57.53560 12.64340
C 222.02300 59.30050 12.57660
C 226.19700 54.50510 12.81770
C 225.13500 59.99200 12.49240
C 228.29300 60.51890 12.51460
C 233.53400 58.78560 12.61400
C 232.56000 55.66390 12.69610
C 229.38300 55.09290 12.76660
C 230.40400 58.14400 12.61390
C 236.65900 59.40670 12.66170
C 239.76900 59.95860 12.91820
C 238.77100 56.91120 12.94710
C 235.53600 56.31190 12.79040
C 215.75200 66.57240 12.73790
C 216.68900 60.91360 12.86440
C 217.77000 64.16890 12.71850
C 218.78500 67.13850 12.47120
C 219.90200 61.70110 12.65780
C 220.90500 64.70110 12.51660
C 224.09000 65.30930 12.45020
C 227.15100 65.94510 12.47150
C 226.18900 62.96600 12.44560
C 223.01000 62.25220 12.54210
C 233.46600 67.07010 12.65660
C 231.45900 61.16280 12.52850
C 232.54000 64.13360 12.50820
C 230.21800 66.38920 12.50180
C 229.24900 63.49430 12.46520
C 237.63600 62.29530 12.77290
C 235.46200 64.72900 12.61160
C 238.59000 65.29190 12.90230
C 234.51300 61.72170 12.48900
C 216.50200 69.56470 9.40795
C 219.91100 70.14360 9.31606
C 217.68300 72.63390 9.55228
C 220.90000 73.22380 9.43610
H 219.50600 71.90590 11.01130
H 216.33300 71.29550 11.10600
H 215.25900 68.32090 11.11270
H 218.40700 68.93800 10.85740
C 222.90400 70.75630 9.35243
C 225.05700 68.37920 9.25946
C 226.17700 71.38700 9.38118
C 224.04000 73.91320 9.51922
C 221.83500 67.59620 9.26400
H 221.59200 69.44770 10.93260
H 225.77700 73.15510 11.02290
H 222.66900 72.55290 11.02770
H 224.68600 70.17150 10.88260
H 226.83600 67.78750 10.88420
C 228.29100 69.04920 9.37417
C 229.27300 72.16840 9.51057
C 231.37400 69.49770 9.44909
C 232.46400 72.67250 9.54398
H 233.13200 68.98310 11.18010
H 231.03200 71.33710 11.03110
H 229.96600 68.30830 11.00850
H 227.86100 70.80520 11.03520
H 228.86800 73.84190 11.23530
H 234.18600 72.02970 11.13740
C 234.58300 70.14760 9.57382
C 237.77500 70.79290 9.77809
C 235.72100 73.28290 9.69252
C 239.91100 68.31150 9.84214
C 238.82300 73.88570 9.83784
C 236.77700 67.83200 9.61647
H 236.26400 69.57840 11.29450
H 239.48400 70.17610 11.41960
H 237.36100 72.62900 11.42260
H 240.52600 73.14980 11.40370
C 215.57400 75.07120 9.61582
C 218.77900 75.75030 9.69731
C 216.75800 78.06670 9.77569
C 219.80100 78.64460 9.79830
H 220.60000 74.97400 11.15680
H 216.35200 79.77450 11.50640
H 219.48800 80.40260 11.43380
H 218.41900 77.40590 11.39150
H 215.29700 76.82630 11.25530
H 217.37600 74.39280 11.16460
C 227.17800 74.50560 9.62128
C 221.96300 76.34570 9.62425
C 223.06300 79.31410 9.84542
C 226.14200 79.92870 9.91767
C 225.11500 76.84960 9.79617
H 221.55400 78.03380 11.36510
H 224.77400 78.64290 11.43010
H 223.66400 75.62490 11.26610
H 226.80600 76.19320 11.43970
C 228.20200 77.50980 9.90245
C 230.32300 75.12760 9.74255
C 233.44600 75.62560 9.75575
C 229.22700 80.46070 9.94482
C 231.34000 78.04700 9.80236
H 233.09100 77.49160 11.35530
H 227.81600 79.25050 11.58140
H 229.93500 76.78570 11.45190
H 232.04400 74.36050 11.27390
H 230.98700 79.88150 11.42290
H 234.16500 80.41240 11.41330
C 234.55200 78.64910 9.75275
C 237.64200 79.36810 9.75811
C 236.69700 76.24250 9.83601
C 239.79800 76.83520 9.89553
H 235.18200 75.02830 11.37990
H 238.39900 75.65770 11.50120
H 239.37400 78.76670 11.35720
H 236.29000 78.06230 11.33600
C 217.69400 81.11500 9.95362
C 215.67100 83.53030 10.01340
C 220.87300 81.73070 9.93938
C 218.77700 84.05570 9.97633
C 216.64100 86.51700 10.13520
C 219.89900 87.12150 10.14580
H 215.28200 85.21000 11.68370
H 218.47400 85.83140 11.59790
H 217.38300 82.85560 11.60970
H 220.53600 83.45470 11.56820
H 222.60500 81.05930 11.52410
C 227.18300 82.85930 9.97637
C 224.04900 82.31590 10.02850
C 221.89200 84.74240 10.05280
C 225.01500 85.35710 10.15750
H 224.72400 87.08860 11.88000
H 221.58700 86.42620 11.81060
H 223.60600 84.08030 11.66170
C 222.97000 87.71910 10.25840
H 225.77600 81.62320 11.57860
H 226.83000 84.61490 11.63670
C 232.40800 81.06800 9.83722
C 228.23200 85.87090 10.03410
C 230.27000 83.45150 9.91174
C 233.45300 84.04060 9.77437
C 231.37600 86.44680 9.89090
H 233.25000 85.87060 11.41220
H 230.02100 85.23280 11.53190
H 228.89700 82.24810 11.58500
H 232.09000 82.86820 11.49950
H 227.82800 87.66530 11.63680
H 237.26300 81.13760 11.39960
C 234.47700 87.20350 9.76005
C 235.54700 81.55350 9.79774
C 238.69000 82.17720 9.73593
C 236.62600 84.54460 9.65129
C 239.82100 85.38160 9.55994
C 237.72700 87.74850 9.59157
H 239.49000 87.13150 11.21020
H 236.35700 86.50460 11.15340
H 235.21400 83.46430 11.30330
H 240.45900 81.63630 11.38050
H 238.43200 84.08110 11.14170
C 218.80500 92.57370 10.15350
C 215.69600 91.79490 10.05980
C 220.95600 90.05110 10.27140
C 217.84600 89.41750 10.16290
H 216.36200 88.27180 11.75380
H 220.55200 91.95030 11.77180
H 218.46300 94.30590 11.78580
H 219.50700 88.87500 11.81810
H 217.42100 91.29420 11.72130
H 215.31300 93.68820 11.61700
C 224.00200 90.77190 10.24390
C 227.14000 91.33310 10.15800
C 221.95200 93.19180 10.21930
C 225.06100 93.72200 10.16880
C 225.97100 88.33390 10.18910
H 222.68800 89.51140 11.89570
H 225.79200 90.13310 11.76790
H 226.83000 93.11650 11.76530
H 223.65900 92.58360 11.85680
C 230.26500 91.78800 9.99067
C 233.38600 92.54450 9.90141
C 229.09200 88.91450 10.00610
C 232.44700 89.57900 9.88115
C 228.10400 94.24470 9.99590
H 231.01300 88.27400 11.44320
H 229.95800 93.69270 11.54800
H 233.11100 94.38070 11.50710
H 228.93100 90.65470 11.72480
H 232.08000 91.30940 11.59660
H 234.20100 88.94600 11.49080
C 238.75600 90.72580 9.62080
C 235.57400 90.18380 9.82928
C 236.54900 93.13690 9.72243
C 239.83800 93.78610 9.67713
H 235.23900 91.99150 11.45150
H 240.52500 90.14030 11.27040
H 237.42600 89.48730 11.27530
H 238.40500 92.53590 11.21530
H 219.49300 97.30140 11.89920
C 218.85800 100.89600 10.08150
C 219.76900 95.62730 10.21420
C 215.74900 100.31600 10.01340
C 216.80000 94.95280 10.11610
C 217.86100 97.90680 10.16360
C 220.89200 98.46830 10.29770
H 220.54200 100.34300 11.76110
H 217.45600 99.73090 11.67020
H 216.33200 96.74020 11.61060
H 222.68300 97.98970 11.92690
C 227.09900 99.81780 9.99205
C 226.07800 96.78190 10.03920
C 222.96900 96.18630 10.23570
C 223.96800 99.05860 10.10650
H 225.81100 98.59770 11.65960
H 224.76300 95.54230 11.71600
H 223.69400 101.01100 11.59940
H 221.52500 95.00710 11.78760
H 227.85600 96.13100 11.56590
C 231.34100 94.96890 9.89125
C 229.13400 97.41660 9.92560
C 232.41700 97.98620 9.86726
C 233.61600 100.97700 9.87468
C 230.29500 100.34000 9.89392
H 231.00200 96.79560 11.44270
H 228.93200 99.21210 11.56640
H 232.10100 99.84410 11.45310
C 235.57000 98.52260 9.82856
H 238.42300 100.96800 11.54550
H 234.24600 97.33410 11.36920
H 236.34000 94.93390 11.31670
H 235.27200 100.30600 11.52200
H 240.56300 98.58990 11.47970
C 238.84500 99.16960 9.84928
H 237.38800 97.93890 11.45620
C 237.75100 96.12840 9.79884
C 234.47200 95.48480 9.81196
H 239.49200 95.49400 11.38700
C 216.78300 69.50150 12.63840
C 219.83000 70.01910 12.53000
C 217.77700 72.55140 12.68040
C 220.92100 73.07070 12.64530
C 221.94200 67.54420 12.47610
C 222.91700 70.70340 12.58400
C 225.07200 68.36160 12.46780
C 226.04900 71.28450 12.60610
C 224.05300 73.65520 12.70210
C 228.23200 68.92910 12.59430
C 229.26900 71.94020 12.66630
C 231.29900 69.51910 12.66320
C 232.33900 72.42040 12.75510
C 234.42300 70.20390 12.80460
C 236.49200 67.72500 12.86770
C 237.62700 70.75180 12.96900
C 235.50300 73.12260 12.93580
C 239.69800 68.35130 13.04100
C 238.81600 73.81880 13.01900
C 215.76500 75.00120 12.88650
C 218.88900 75.44850 12.78290
C 216.70400 77.88240 13.00910
C 219.78300 78.57830 13.00600
C 227.06600 74.20250 12.82200
C 221.88800 76.15600 12.88980
C 222.95800 79.16460 12.99150
C 224.98200 76.74440 12.98560
C 226.08900 79.81780 13.19030
C 228.17200 77.29610 13.05790
C 230.29200 74.81700 12.93220
C 233.27100 75.55840 12.89560
C 229.28700 80.40760 13.13430
C 231.32600 78.03490 13.02910
C 234.55700 78.59920 12.97390
C 237.61300 79.32540 12.96160
C 236.50600 76.27450 12.98100
C 239.66000 76.91540 12.98390
C 217.77600 80.92960 13.07260
C 215.63800 83.36410 13.22550
C 220.78300 81.61730 13.11790
C 218.80400 84.01220 13.20320
C 216.71500 86.40250 13.23860
C 219.77800 87.04510 13.31800
C 224.02200 82.23450 13.16200
C 227.18900 82.74460 13.22920
C 221.88900 84.52780 13.31100
C 225.09400 85.16610 13.30720
C 222.95600 87.64970 13.45230
C 232.43200 80.98450 13.03560
C 228.31500 85.83440 13.20540
C 230.35200 83.41300 13.16680
C 233.64200 84.01220 13.04640
C 231.50800 86.46380 13.03970
C 234.72900 87.03400 12.94650
C 235.48000 81.72770 12.94110
C 238.71400 82.37670 12.88520
C 236.72700 84.66490 12.77980
C 239.76400 85.30060 12.81500
C 237.77000 87.64640 12.81070
C 217.74300 89.49040 13.33940
C 215.62600 91.96310 13.27010
C 220.89200 90.13420 13.38180
C 218.79500 92.50290 13.39130
C 224.09500 90.75680 13.41910
C 226.20000 88.30410 13.36270
C 225.17100 93.78790 13.39740
C 221.85600 93.19220 13.38030
C 227.24900 91.29600 13.32580
C 228.24800 94.38830 13.21390
C 233.58900 92.58290 13.13270
C 229.35300 88.72790 13.23040
C 230.29300 91.96020 13.28150
C 232.46700 89.40500 13.11020
C 235.73000 90.13580 12.97240
C 239.80300 93.63330 12.91310
C 236.76900 93.19390 12.93000
C 238.76300 90.76280 12.89310
C 220.86300 98.56080 13.44340
C 216.65800 94.94430 13.24050
C 217.62600 97.93940 13.31240
C 218.78700 100.98800 13.27920
C 219.80200 95.46000 13.45810
C 215.61800 100.41200 13.12630
C 224.19700 99.33260 13.37040
C 226.24100 96.76310 13.26020
C 223.07800 96.05540 13.38680
C 227.25600 99.85000 13.21900
C 232.50400 98.02060 12.93970
C 233.53800 100.99700 13.05480
C 229.29700 97.39370 13.12050
C 231.35400 95.04150 13.12810
C 230.43900 100.50300 13.02150
C 235.61700 98.43850 13.08550
C 234.64100 95.57780 12.97110
C 237.74100 96.06560 13.00630
C 238.79100 99.11310 13.11110
C 216.83400 103.26000 9.92886
C 219.85000 104.02600 9.92154
C 217.75400 106.39700 9.86129
C 220.91800 107.06400 9.82799
H 216.43100 105.14800 11.45160
H 215.33600 102.18800 11.55470
H 218.54800 102.77000 11.59330
H 219.53800 105.83100 11.44670
C 223.00100 104.57900 9.90852
C 225.10400 102.29600 10.02270
C 226.11800 105.26500 9.88680
C 224.13400 107.56300 9.81488
C 221.82300 101.55800 10.06430
H 224.78200 104.09200 11.55930
H 221.61100 103.45600 11.52910
H 225.86300 107.09400 11.49810
H 222.67800 106.45500 11.42280
H 226.90500 101.64800 11.62130
C 228.19300 102.83500 9.86155
C 229.36500 105.90500 9.89462
C 231.37100 103.47200 9.78608
C 232.49400 106.52400 9.80969
H 233.11200 102.81700 11.43270
H 230.01700 102.25300 11.35050
H 227.91400 104.69900 11.48570
H 229.07400 107.75700 11.52000
H 231.08500 105.30300 11.40220
C 234.57000 104.05700 9.85188
C 237.76100 104.64600 9.82806
C 235.60700 107.09700 9.95980
C 239.85000 102.19000 9.97013
C 238.70500 107.75900 9.94942
C 236.68600 101.60100 9.87719
H 237.38400 106.38200 11.50020
H 239.48700 104.02800 11.48720
H 240.45100 107.00700 11.47970
H 234.17600 105.88600 11.46740
H 236.34700 103.38900 11.40110
C 215.83200 108.95600 9.76574
C 218.80600 109.54400 9.73625
C 216.63500 112.04500 9.75436
C 219.84100 112.66500 9.90346
H 215.36300 110.75100 11.41580
H 217.48000 108.23900 11.39080
H 216.38300 113.78100 11.47720
H 218.39500 111.36300 11.34940
H 220.58500 108.94100 11.28920
H 219.57000 114.43400 11.60050
C 227.27000 108.30700 9.84935
C 221.96500 110.12800 9.70474
C 225.14800 110.72100 9.75330
C 223.05900 113.25800 9.85918
C 226.12200 113.79800 9.80858
H 226.91500 110.14500 11.37420
H 224.83500 112.55800 11.40860
H 223.71300 109.46700 11.30390
H 221.63800 111.90500 11.37670
C 228.42300 111.26600 9.79325
C 230.44600 108.95900 9.90153
C 233.65100 109.54900 9.95792
C 231.54700 111.95000 9.88962
C 229.44100 114.44700 9.80458
H 230.11000 110.79200 11.48780
H 231.14500 113.75500 11.47380
H 227.98800 113.16200 11.29540
H 232.19000 108.31200 11.48580
H 233.26600 111.37300 11.53340
C 234.67000 112.60800 9.97381
C 236.68900 110.08600 10.03260
C 239.91000 110.77100 10.08140
C 237.74400 113.12800 10.09690
H 234.37300 114.40800 11.61660
H 236.32600 111.88200 11.65770
H 238.43900 109.51700 11.61610
H 239.50500 112.53000 11.70820
H 235.34300 108.86400 11.62050
C 217.82100 115.03000 9.93928
C 215.62300 117.34200 9.87209
C 220.97000 115.55200 9.89036
C 218.76000 118.09600 9.88922
C 216.66800 120.42900 9.92961
C 219.86300 121.13400 9.88146
H 220.55100 117.37300 11.43440
H 217.38300 116.84300 11.49570
H 215.30200 119.17100 11.53110
H 218.48900 119.85000 11.49880
C 227.23400 116.77300 9.85348
C 224.02200 116.13900 9.92409
C 222.02000 118.55700 9.88586
C 225.15300 119.18600 9.86164
H 225.81600 115.60000 11.47440
H 222.65200 114.94400 11.57210
H 224.75700 120.97500 11.43130
H 223.73800 117.97200 11.48360
H 221.63900 120.42700 11.42800
H 226.91700 118.63000 11.51140
C 223.02800 121.56100 9.77789
C 232.62600 115.09700 10.03160
C 228.38000 119.92000 9.96650
C 230.52000 117.53100 10.03870
C 233.64400 118.10300 10.10710
C 231.50400 120.41000 10.09070
H 229.01600 116.23600 11.43390
H 233.16600 119.81900 11.80350
H 232.20200 116.88500 11.68620
H 230.01000 119.30700 11.65240
H 227.91100 121.73200 11.50580
C 234.60200 121.04700 10.24770
C 235.91500 115.75800 10.20730
C 238.93700 116.29700 10.19890
C 236.77100 118.64400 10.27720
C 239.86400 119.14800 10.23550
C 237.70500 121.61700 10.24290
H 240.59700 115.53000 11.81770
H 238.45900 118.01200 11.94050
H 239.53100 121.00900 11.82550
H 237.54400 114.93900 11.71260
H 235.30300 117.48100 11.83910
H 236.34400 120.47900 11.87930
C 218.69700 126.57500 9.97413
C 217.67300 123.52000 9.94163
C 215.61300 125.96300 9.92014
C 220.82300 124.16100 9.93530
H 218.40700 128.33300 11.65250
H 220.46700 125.92900 11.54080
H 215.28200 127.70900 11.53790
H 219.45100 122.86700 11.50240
H 217.27100 125.33000 11.55680
H 216.31400 122.25700 11.52870
C 221.86800 127.18200 9.93658
C 227.23400 125.24000 9.88487
C 224.02000 124.60800 9.83098
C 225.11300 127.72800 9.87684
C 226.18300 122.18400 9.85111
H 225.78900 124.06200 11.42220
H 226.80000 127.06200 11.50070
H 223.65800 126.46500 11.38980
H 222.62900 123.36400 11.44290
C 228.18400 128.23900 9.92601
C 229.39800 122.95600 9.96232
C 233.47600 126.51700 10.10110
C 230.41500 125.90400 9.99584
C 232.64900 123.49700 10.10080
H 233.17700 128.34700 11.72860
H 229.97800 127.73900 11.52800
H 232.07300 125.30100 11.69700
H 228.92400 124.73200 11.61070
H 231.08600 122.30700 11.57310
H 234.25500 122.90000 11.83000
C 239.87800 127.65200 10.10440
C 238.87700 124.62000 10.13000
C 235.69900 124.01900 10.16300
C 236.67400 126.98100 10.04830
H 240.58700 124.02500 11.75580
H 237.43500 123.51500 11.75910
H 238.45600 126.48400 11.69250
H 235.24100 125.88200 11.69300
C 218.79100 135.00800 10.17640
C 215.64800 134.37200 10.13950
C 219.80800 129.58500 10.08940
C 216.68000 129.02300 10.08050
C 217.76500 131.96400 10.18070
C 220.90300 132.49400 10.05470
H 217.38100 133.78000 11.75000
H 219.51700 131.34200 11.75100
H 220.54600 134.31600 11.68890
H 216.36600 130.75300 11.78560
C 227.19000 133.77800 10.02360
C 226.11900 130.79400 9.93073
C 224.04700 133.10300 10.06420
C 222.96800 130.14800 10.00130
H 222.64900 131.92600 11.68600
H 223.68400 134.97600 11.58940
H 224.75600 129.51100 11.51380
H 221.59700 128.94500 11.65170
H 225.82000 132.55400 11.62620
C 230.38900 134.30900 10.01410
C 229.40200 131.31600 9.90396
C 231.50800 128.87000 10.01750
C 233.51600 134.87100 9.98285
C 232.54700 131.89500 9.98780
H 232.12500 133.66200 11.60730
H 231.03400 130.72200 11.54600
H 227.88000 130.11600 11.44220
H 228.95200 133.11500 11.56440
C 238.94000 133.01300 9.93941
H 235.33300 134.32700 11.52600
H 236.38100 128.86500 11.55460
H 238.51500 134.93300 11.36010
C 237.79000 130.08000 9.98708
C 234.58400 129.50700 10.06500
H 239.51900 129.49500 11.64960
H 240.63300 132.45300 11.61520
H 234.20100 131.29300 11.68880
H 237.43500 131.94000 11.54380
C 235.58200 132.43400 9.97060
C 216.78900 103.38700 13.12630
C 219.87900 104.08500 13.10880
C 217.80800 106.43000 13.01220
C 220.86800 107.17900 12.95390
C 222.99200 104.74200 13.12210
C 225.09800 102.31400 13.17130
C 226.18300 105.34400 13.15940
C 224.16200 107.69300 13.00360
C 221.91200 101.77000 13.22650
C 228.45100 102.87500 13.10610
C 229.39200 105.83600 13.06590
C 231.33100 103.46200 12.99270
C 232.42200 106.45300 13.07800
C 236.62400 101.57300 13.08400
C 234.57700 104.06600 13.01630
C 237.74700 104.60400 13.07740
C 235.66800 106.94800 13.10070
C 239.87100 102.25500 13.10100
C 238.73700 107.62700 13.12590
C 215.74800 108.84400 12.93270
C 218.89200 109.49000 12.90820
C 216.70600 111.95800 13.06170
C 219.90200 112.46900 12.99750
C 227.26800 108.38000 13.04580
C 221.98700 110.06800 12.95740
C 225.07600 110.67700 12.97810
C 223.06900 113.05300 13.06490
C 226.31700 113.72800 12.98610
C 228.32600 111.39600 12.98300
C 230.48300 109.01300 13.10040
C 233.55200 109.51900 13.11560
C 231.53500 111.91700 13.12490
C 229.31300 114.38200 12.97100
C 234.61100 112.54000 13.21890
C 236.66700 110.06300 13.24330
C 239.80700 110.67200 13.26780
C 237.70700 113.04000 13.28750
C 217.75200 115.05800 13.10970
C 215.54700 117.32600 13.10220
C 221.01900 115.66900 13.16940
C 218.85200 117.99900 13.07780
C 216.71800 120.45300 13.11710
C 219.88000 121.03200 13.05860
C 227.28700 116.78900 13.07580
C 224.10900 116.18600 13.10820
C 221.95600 118.58500 13.02330
C 225.14700 119.20300 13.11000
C 223.00100 121.52800 13.07690
C 232.50300 115.01300 13.12150
C 228.17100 119.91800 13.16040
C 230.31100 117.43700 13.18440
C 233.53400 118.03800 13.42860
C 231.31800 120.54700 13.27510
C 234.58600 121.03700 13.40640
C 235.76200 115.55100 13.29590
C 238.87700 116.11300 13.44490
C 236.69300 118.66800 13.49370
C 239.87100 119.20900 13.46710
C 237.78900 121.76900 13.41060
C 217.74500 123.53200 13.14040
C 215.53400 125.85300 13.16590
C 220.89300 124.01500 13.06600
C 218.71100 126.44100 13.20300
C 224.04800 124.66300 13.03000
C 222.06700 127.05700 13.11450
C 225.01800 127.67300 13.08210
C 226.06900 122.25700 13.05100
C 227.05200 125.25300 13.10410
C 228.17000 128.32500 13.08290
C 232.44200 123.45400 13.29120
C 233.52900 126.50900 13.29470
C 229.32100 122.89800 13.14070
C 230.28500 125.99700 13.23000
C 239.90400 127.75700 13.21880
C 238.83600 124.76000 13.32220
C 235.71300 124.13600 13.36750
C 236.71000 127.08900 13.22850
C 215.59800 134.39100 13.31110
C 217.73800 131.98700 13.32310
C 219.84000 129.49000 13.24520
C 218.85500 134.89900 13.33370
C 220.91900 132.52000 13.34520
C 216.61800 128.79800 13.25780
C 227.21100 133.74800 13.22490
C 223.04900 130.09100 13.21200
C 224.09700 133.18500 13.21040
C 226.17900 130.66400 13.11760
C 231.34200 128.96100 13.21580
C 232.37500 131.85700 13.22650
C 229.21500 131.24900 13.11950
C 230.33400 134.28600 13.22170
C 233.56400 134.85700 13.15830
C 234.71600 129.47100 13.26970
C 235.70700 132.53900 13.20710
C 238.87200 133.21800 13.07350
C 237.75400 130.11300 13.18930
C 243.05700 1.07949 9.97649
C 244.07300 4.13890 10.14100
C 246.15500 1.71964 10.07300
C 240.95300 3.57351 10.07300
H 241.59600 -0.21663 11.47170
H 242.66600 2.84757 11.61200
H 244.77100 0.48409 11.62170
H 245.82100 3.45917 11.69740
H 243.77300 5.88941 11.84910
C 247.21800 4.70678 10.11440
C 249.28100 2.21028 10.03780
C 252.45800 2.75818 9.99804
C 250.34100 5.24621 9.99433
C 253.51900 5.90699 10.00950
C 251.38600 -0.23714 10.05330
H 247.87800 1.02083 11.65250
H 248.96500 4.00981 11.65900
H 251.04200 1.58579 11.62680
C 254.53000 0.42663 10.00310
C 257.65700 1.07128 10.00110
C 255.61100 3.46364 10.01030
C 258.75800 4.04087 10.00360
C 260.82300 1.65397 9.98735
C 263.88000 2.23425 9.98886
C 261.86900 4.77082 9.99945
C 265.05200 4.91052 10.00930
H 262.52700 0.98037 11.58540
C 265.98700 0.20031 9.97822
C 241.98900 6.47614 10.23790
C 245.14300 7.12476 10.25020
C 243.98600 12.57800 10.31490
C 242.96100 9.49871 10.22680
C 246.03000 10.09270 10.13850
C 240.90800 11.93620 10.32420
C 248.20400 7.61607 10.07820
C 251.43000 8.33104 10.03200
C 249.26300 10.76790 10.11900
C 252.39000 11.19980 10.03300
C 256.64500 6.42665 10.00780
C 259.75200 7.14705 10.00470
C 254.57500 8.84431 10.01820
C 257.69400 9.53334 10.00760
C 255.55900 11.96700 10.00750
C 258.70600 12.56430 10.00660
C 260.79500 10.05820 10.02300
C 262.86000 7.79810 10.02010
C 266.00700 7.96975 10.02800
C 263.93400 10.82810 10.03380
C 245.01400 15.59720 10.31920
C 241.96600 14.94280 10.29190
C 243.02300 18.13440 10.26400
C 246.14900 18.64620 10.23670
C 247.10700 13.22800 10.18140
C 250.35100 13.75710 10.08680
C 248.20500 16.09930 10.23940
C 253.45200 14.24140 10.00560
C 251.35400 16.72410 10.05010
C 249.26300 19.16850 10.09710
C 252.44800 19.71630 9.97476
H 254.20600 19.11820 11.57840
C 256.66900 15.00730 9.98493
C 259.80800 15.57680 9.98604
C 254.57900 17.32690 9.98052
C 257.74200 17.93010 9.96301
H 259.47800 17.42450 11.57970
H 256.33800 16.77870 11.58250
H 257.39900 19.81390 11.55570
C 261.93200 13.11170 10.01820
C 260.79200 18.74840 9.96994
C 265.09700 14.09710 10.03890
C 262.87700 16.24190 9.99824
C 266.02400 16.94760 10.01240
C 263.85400 19.25890 9.97027
H 262.48700 17.94100 11.58860
H 265.53100 18.82890 11.58840
C 240.84900 20.42060 10.29450
C 244.13300 21.05310 10.32840
C 241.96800 23.46770 10.32800
C 245.02000 24.07730 10.32980
C 242.92300 26.41530 10.24510
C 247.12000 21.64010 10.26340
H 252.15900 21.55930 11.55650
C 250.33200 22.20810 10.01730
C 248.13800 24.63910 10.06440
H 253.14400 24.60760 11.54850
C 253.59600 22.78220 9.94076
C 251.34100 25.20150 9.94975
H 247.93200 26.45940 11.67060
C 255.56200 20.29350 9.95254
C 258.74500 21.18640 9.94921
C 256.65900 23.50690 9.94193
C 259.75900 24.09320 9.95119
H 258.40400 22.95840 11.55470
H 255.29800 22.20760 11.54610
C 254.51000 25.88160 9.94985
C 257.68900 26.47350 9.95953
H 256.27900 25.28660 11.55360
H 259.43800 25.91920 11.56780
H 260.48000 20.54950 11.56820
C 261.88700 21.78840 9.95175
H 263.62900 21.24380 11.55850
C 265.20500 22.48490 9.95011
C 262.86100 24.75880 9.94728
H 261.51700 23.57850 11.55710
H 264.63400 24.11180 11.55060
C 265.97400 25.48070 9.95713
H 262.53600 26.51450 11.56070
C 240.86100 28.79960 10.22170
C 241.83200 32.04110 10.12820
C 245.25500 32.62260 10.04500
C 246.08500 27.05650 10.13750
C 244.04200 29.51180 10.03420
C 247.10900 30.12520 10.12780
C 249.21300 27.71530 10.01080
C 250.33300 30.71240 10.02810
C 253.50200 31.30270 9.98350
H 252.12400 30.02120 11.58530
C 252.45200 28.17490 9.97043
C 248.27300 33.08450 10.11100
H 251.02200 27.00890 11.60420
H 254.17500 27.64640 11.57370
H 257.27000 28.29670 11.58300
C 256.61600 31.99020 9.99672
C 258.67400 29.56680 9.98431
C 259.78500 32.54610 9.99360
C 255.53700 28.87180 9.97530
H 263.63300 29.75960 11.58020
H 265.54400 27.34270 11.57030
H 260.44400 28.98000 11.59420
H 261.53400 32.02840 11.59080
C 260.81600 27.16530 9.96667
C 262.88200 33.20940 9.98240
C 261.82400 30.21580 9.98021
C 265.20200 30.71290 9.96655
C 263.92400 27.79090 9.96156
H 264.65400 32.69220 11.57350
C 242.92800 0.93446 13.12130
C 244.02800 3.98502 13.29660
C 246.12800 1.64044 13.26380
C 240.93900 3.32779 13.25540
C 247.23400 4.62420 13.34310
C 251.41400 -0.20070 13.25130
C 249.25700 2.13637 13.25050
C 252.52500 2.74811 13.21390
C 250.37800 5.29234 13.21060
H 252.14600 4.62708 11.60890
C 253.55700 5.84518 13.22800
H 254.21100 2.24285 11.61550
C 254.53500 0.41064 13.21960
C 257.69200 1.04166 13.21680
C 255.66100 3.43744 13.22800
C 258.79700 4.04718 13.22080
H 255.27500 5.26776 11.61820
H 259.40900 0.47558 11.59780
H 257.36900 2.84770 11.62320
H 258.38500 5.86288 11.61090
H 256.27100 -0.18793 11.60570
C 266.01600 0.31011 13.19990
H 260.52700 3.50613 11.60300
C 260.80100 1.70143 13.20330
C 263.89600 2.20957 13.20430
C 261.86300 4.81360 13.21490
C 265.12900 5.60548 13.22620
H 265.58900 1.60325 11.59670
H 263.60000 4.13298 11.60790
C 242.00000 6.40225 13.40420
C 245.18900 7.10140 13.42890
C 242.97900 9.42310 13.49350
C 244.09300 12.48840 13.51420
C 246.19500 10.08130 13.36620
C 240.87000 11.87620 13.51190
H 244.71700 8.90522 11.84060
H 242.64000 11.28170 11.93750
H 246.90800 6.47200 11.77800
H 245.82900 11.91690 11.78190
H 241.62400 8.24407 11.80400
C 248.40400 7.64831 13.25950
H 253.13400 7.66807 11.62940
C 251.38000 8.20788 13.24400
C 249.24900 10.67850 13.29170
C 252.44400 11.26730 13.24920
H 250.97500 10.03350 11.71480
H 248.91500 12.55410 11.71660
H 247.88400 9.46753 11.65470
H 250.02900 7.03826 11.58620
C 256.68200 6.48550 13.22420
H 254.19700 10.66480 11.63100
C 259.77000 7.13692 13.22320
C 254.56700 8.77955 13.23500
C 257.64800 9.51775 13.22430
C 255.56400 11.97240 13.22460
C 258.69800 12.58380 13.22290
H 256.31100 8.26999 11.61890
H 259.42500 8.90954 11.61860
H 257.30900 11.32790 11.61350
H 261.50500 6.56329 11.61150
H 260.47600 11.92960 11.63240
C 260.83000 10.07200 13.24060
C 262.87600 7.68975 13.23630
H 264.62700 7.05645 11.63130
H 263.71100 12.70820 11.64160
C 266.09200 8.68408 13.24880
C 263.97800 10.80220 13.25170
H 265.62000 10.29990 11.64430
H 262.55400 9.48572 11.64190
C 245.16200 15.60800 13.60790
C 241.94500 15.02530 13.54180
C 242.98400 18.12800 13.46790
C 246.30400 18.53710 13.50400
H 244.78100 17.41380 11.90910
H 241.62500 16.79840 11.83820
H 243.67900 14.34770 11.97810
H 246.80100 14.93880 11.94810
H 242.66500 19.86990 11.87830
C 247.24500 13.02620 13.44830
H 252.07900 13.06250 11.62930
C 250.38100 13.70180 13.30050
C 248.32400 16.15810 13.39170
H 253.13100 16.13540 11.60600
C 253.54400 14.25940 13.22050
C 251.45000 16.80730 13.26520
C 249.40900 19.23370 13.31610
H 250.04900 15.53580 11.74800
H 251.07500 18.56280 11.61730
H 247.94300 17.98660 11.78200
C 252.46800 19.72540 13.19070
C 256.65500 15.03590 13.20240
C 259.75300 15.60960 13.20280
H 255.25600 13.78380 11.60380
H 258.39900 14.38610 11.59640
C 254.61800 17.33050 13.19620
C 257.76300 17.96370 13.18060
C 261.94200 13.16770 13.23490
C 260.78700 18.68010 13.18760
H 264.65400 15.62740 11.62790
C 262.87100 16.37020 13.21660
H 261.50700 14.96640 11.60740
C 265.26600 13.88180 13.25640
C 266.03000 17.17950 13.23380
C 263.84300 19.39160 13.18670
C 240.87500 20.45740 13.52310
C 244.08000 21.05210 13.53700
C 241.94600 23.46750 13.51670
C 245.12300 24.13930 13.50010
C 242.92000 26.60170 13.47620
H 241.54200 25.27360 11.93480
H 243.72500 22.85690 11.93320
H 245.84200 20.40320 11.95120
H 246.86700 23.53280 11.85310
H 244.69200 25.95420 11.87780
C 247.29200 21.65450 13.44700
C 250.49200 22.20770 13.24590
C 248.41900 24.71440 13.32970
C 253.60000 22.76770 13.15910
C 251.36900 25.13980 13.19630
H 248.96100 21.03660 11.73560
H 249.98200 23.94570 11.57220
C 255.58900 20.33340 13.16780
C 258.73000 21.16670 13.17030
C 256.63600 23.54840 13.15980
C 259.79600 24.12900 13.16830
C 254.53800 25.86650 13.16660
C 257.67400 26.40620 13.17680
C 266.03900 25.48370 13.17740
C 261.92800 21.83510 13.16980
C 265.19900 22.58480 13.16730
C 262.92300 24.77730 13.16480
C 241.02900 28.97110 13.47640
C 246.28000 27.16250 13.32780
C 242.06900 31.96090 13.32750
C 244.06500 29.60020 13.27230
C 245.09600 32.67020 13.24830
H 242.67100 28.33540 11.75200
H 246.89500 31.94300 11.78160
H 243.72800 31.37850 11.58810
H 245.77500 28.87930 11.67300
C 247.21100 30.09690 13.30870
C 248.48000 33.18750 13.21410
C 249.32100 27.72270 13.28020
H 253.15400 33.13740 11.59560
C 253.47800 31.31330 13.20080
C 250.45700 30.60580 13.25580
C 252.42800 28.21860 13.18790
H 248.92500 29.52590 11.66950
H 250.06300 32.46090 11.68750
H 255.26800 30.70100 11.59740
C 255.51000 28.85970 13.19470
C 259.79000 32.47450 13.20980
C 258.63600 29.54210 13.20300
C 256.62300 31.98970 13.21380
H 258.34900 31.37460 11.60230
C 263.91200 27.82210 13.17910
C 265.16500 31.23590 13.18340
C 262.89900 33.18520 13.19810
C 260.78400 27.11730 13.18230
C 261.84500 30.23050 13.19570
C 242.87400 35.00130 10.10360
C 243.96800 38.10450 10.07510
C 246.23300 35.68430 9.99577
C 240.87000 37.35880 10.07480
C 247.17000 38.74220 10.03710
C 249.31800 36.12930 10.01150
C 252.39800 36.71210 10.02080
C 250.33300 39.29360 10.03600
C 253.55700 39.79720 10.03720
C 251.35700 33.68230 10.00490
C 254.52300 34.38460 10.00460
C 257.64200 34.89370 10.00600
C 255.60900 37.28900 10.02050
C 258.73500 38.01570 10.02730
C 265.84100 34.48090 9.96885
C 260.70500 35.61760 10.01170
C 263.76700 36.32810 9.99521
C 261.80200 38.78140 10.02000
C 265.13200 39.13330 10.00520
H 265.46800 35.70330 11.59220
C 241.92700 40.46080 10.06950
C 244.97700 41.08650 10.12520
C 242.98900 43.48320 10.01630
C 246.07000 44.09270 10.04500
C 244.02000 46.53340 9.98724
C 240.85300 45.87010 9.85985
C 248.24300 41.68110 10.11830
C 251.33300 42.14880 10.08930
C 249.33200 44.82260 9.99919
C 252.39100 45.20520 10.02730
C 256.64500 40.40900 10.02850
C 259.66800 41.16210 10.02350
C 254.40400 42.88160 10.03340
C 257.56100 43.59640 10.01460
C 255.53500 45.99900 10.01760
C 258.72500 46.72000 10.00060
C 260.68300 44.21250 10.00590
C 262.84500 41.74100 10.01060
C 263.79800 44.83300 10.00630
C 265.92700 42.70680 10.00820
C 245.01300 49.54620 10.10140
C 241.97500 48.91440 9.98433
C 243.02600 51.92390 9.94652
C 246.13700 52.57980 10.02940
H 242.61800 53.78850 11.47100
C 247.14500 47.18160 10.05050
C 250.26700 47.77770 10.06550
C 248.17700 50.30130 10.11380
C 253.42100 48.28550 10.01380
C 251.27900 50.66260 10.02040
C 249.18700 53.20040 10.07420
C 252.39200 53.73460 9.99985
C 256.61700 49.09270 10.00940
C 259.75300 49.72340 9.99572
C 254.48500 51.41970 10.00750
C 257.61300 52.12450 10.00440
C 261.76100 47.31480 9.99874
C 262.91500 50.27110 9.99168
C 265.01100 47.38680 10.00090
C 260.71300 52.65110 9.98936
C 265.93400 51.15730 9.98108
C 263.82400 53.34170 9.98260
H 265.49600 52.75860 11.59150
C 240.88200 54.34540 9.83626
C 244.02900 55.06670 9.91850
C 241.97700 57.41600 9.85563
C 245.07100 58.18320 9.99929
C 243.01200 60.53590 9.86430
H 243.69700 56.86880 11.59720
H 244.76200 60.00250 11.51750
H 246.82200 57.55730 11.62280
H 241.60900 59.28740 11.39710
C 247.08000 55.67860 10.03400
C 250.29500 56.08290 9.96401
C 248.24100 58.71110 9.94265
C 253.45700 56.80910 9.99703
C 251.41900 59.27040 9.94389
H 247.90200 60.55720 11.55790
H 249.99800 58.02960 11.51090
C 255.52400 54.47640 10.00470
C 258.67700 55.14530 9.99572
C 256.59400 57.52960 9.99642
C 259.79800 58.09380 9.98330
C 254.50000 59.87000 9.98896
C 257.62100 60.52600 9.97563
H 259.37600 59.91210 11.57970
C 261.89500 55.70510 9.98300
C 265.18200 56.70950 9.97167
C 262.84100 58.62320 9.97251
H 263.68000 55.26570 11.58890
H 264.69200 58.24690 11.57420
H 261.52700 57.45400 11.59280
C 266.09400 59.63440 9.95649
H 262.49300 60.49530 11.57670
C 240.95400 62.93050 9.75602
C 246.15500 61.16910 9.92173
C 245.02500 66.67680 10.00250
C 241.92200 65.97110 9.94774
C 244.04000 63.61580 9.92653
H 242.56000 62.34000 11.43370
H 246.79100 65.97000 11.63710
H 243.67900 65.39630 11.55090
H 245.78200 62.96760 11.53660
C 247.21000 64.15700 9.98541
C 252.54600 62.34130 9.98926
C 248.26800 67.17890 10.11080
C 250.39500 64.90570 10.04010
C 253.49100 65.34730 9.99340
C 249.31900 61.80150 9.97540
H 249.96900 66.57370 11.78600
H 248.97000 63.60710 11.58260
H 257.36400 62.37650 11.57410
C 258.76200 63.65750 9.97295
C 256.66700 65.96520 9.98856
C 259.87000 66.54320 9.98209
H 258.42100 65.47370 11.59000
C 255.61700 62.89990 9.97932
H 264.71700 66.53290 11.57810
H 260.53700 63.07290 11.58100
H 265.61200 61.26270 11.57070
C 261.95000 64.31260 9.97383
C 260.72900 61.17150 9.97155
C 263.00800 67.31670 9.97570
H 261.60500 66.08090 11.58480
H 263.68800 63.67760 11.58060
C 265.20600 65.04790 9.97454
C 263.90700 61.78400 9.96673
C 243.06100 35.00910 13.31010
C 244.11900 38.04090 13.28840
C 246.24800 35.67880 13.19650
C 240.96800 37.40090 13.28930
H 241.54200 33.83420 11.85070
H 243.63000 39.86620 11.73360
H 242.66600 36.81120 11.68570
H 245.81100 37.48690 11.60950
H 244.80600 34.45980 11.58970
C 247.31300 38.67380 13.20460
C 249.36700 36.16280 13.18820
C 252.45300 36.72710 13.23850
C 250.36000 39.09660 13.30520
H 252.11000 38.59360 11.63870
C 253.55600 39.79470 13.25340
C 251.45800 33.69200 13.29020
H 248.95500 37.97040 11.60710
H 251.07000 35.50220 11.62930
H 247.96300 34.99360 11.58990
H 256.27900 33.78640 11.61410
H 254.18600 36.16430 11.62820
C 254.51700 34.35280 13.22120
C 257.68100 34.94880 13.22400
C 255.61500 37.27910 13.23740
H 259.40000 34.29610 11.61190
H 257.38100 36.75130 11.62010
C 258.72000 38.03480 13.24430
H 255.29400 39.12780 11.63840
H 258.39300 39.86650 11.64380
H 260.47200 37.47620 11.64160
C 265.88800 34.24010 13.18770
C 260.76200 35.58470 13.22810
C 263.83200 36.31800 13.21250
C 261.80900 38.82710 13.23680
C 265.10600 39.66860 13.22450
H 262.48100 34.93070 11.60610
H 263.60200 38.26800 11.61270
C 241.82200 40.46040 13.24690
C 245.02000 41.08950 13.33380
C 242.92800 43.61920 13.18900
C 246.16800 44.04660 13.23680
C 243.94800 46.49260 13.22380
C 240.72600 45.91490 13.09760
H 244.72400 42.90250 11.70660
H 246.79700 40.51930 11.68140
H 241.54100 42.28240 11.62750
H 245.73500 45.91970 11.65920
H 242.53900 45.34370 11.53420
C 248.17500 41.74020 13.28500
H 253.12500 41.62340 11.65610
C 251.39700 42.22720 13.31250
C 249.31000 44.73420 13.24780
C 252.45300 45.21020 13.24430
H 251.00100 44.00280 11.63000
H 247.89800 43.54300 11.59230
H 248.87400 46.52420 11.66250
H 249.94900 40.98810 11.80690
C 256.67900 40.37400 13.24550
H 254.11700 44.72660 11.63750
C 259.73000 41.22180 13.24180
C 254.48700 42.91740 13.24950
C 257.56000 43.59410 13.23210
H 256.20400 42.21380 11.63140
H 259.30100 42.97760 11.62380
C 255.54700 45.93810 13.23470
C 258.71400 46.72680 13.21820
H 257.31100 45.47450 11.61430
H 261.44800 40.63510 11.62960
H 260.42700 46.06200 11.60480
C 262.82100 41.95820 13.22830
H 264.64800 41.15700 11.61440
C 260.68600 44.21020 13.22350
C 263.81200 44.97910 13.22550
H 265.50600 44.44810 11.61510
C 265.98400 42.81500 13.22970
H 262.40800 43.59160 11.61500
H 263.48700 46.76220 11.61660
C 244.98800 49.60190 13.25750
C 241.76900 48.95620 13.12950
C 242.81700 52.01220 13.17440
C 246.08100 52.73130 13.30760
H 243.65900 48.35810 11.64300
H 246.81500 49.01430 11.68190
H 244.70700 51.43540 11.68760
H 241.57100 50.77200 11.56120
C 247.10500 47.18760 13.25860
H 252.03100 47.07300 11.62270
C 250.26000 47.76860 13.22520
C 248.20300 50.24100 13.27970
H 253.08100 50.19900 11.61940
C 253.38800 48.34710 13.23230
C 251.33400 50.72410 13.28540
C 249.28200 53.34080 13.23650
C 252.41000 53.71920 13.21730
H 247.81400 52.08060 11.71740
H 249.92700 49.54540 11.67330
H 250.96200 52.51140 11.63170
H 254.19600 53.25640 11.61140
C 256.64000 49.12050 13.22890
H 258.34200 48.51870 11.60980
C 259.71800 49.72360 13.21510
H 255.21000 47.83930 11.62710
C 254.53300 51.44600 13.22620
H 256.24900 50.90010 11.62050
C 257.60600 52.14960 13.22280
H 259.33200 51.49360 11.60370
H 257.29000 53.95180 11.61510
C 261.77300 47.30450 13.21690
C 262.89500 50.22300 13.20950
C 265.01900 48.05980 13.22090
H 264.65000 49.56770 11.60410
H 261.42400 49.15420 11.60200
C 260.71100 52.73080 13.20660
C 265.90000 51.33000 13.20020
C 263.82900 53.38100 13.20090
H 262.47400 52.03320 11.59600
C 240.87200 54.43530 13.03750
C 243.91300 54.98140 13.19490
C 241.80800 57.46810 13.07430
C 245.00500 58.20790 13.18740
C 242.98400 60.55020 13.03290
H 245.69900 54.40810 11.59980
C 247.05100 55.67070 13.16640
C 250.25400 56.22620 13.19020
C 248.27800 58.68540 13.19260
H 252.03700 55.52520 11.60120
H 253.11900 58.63810 11.60330
C 253.40900 56.79930 13.21520
C 251.37900 59.27170 13.15820
H 248.86100 55.05270 11.61300
C 255.52300 54.54930 13.22250
C 258.68900 55.16060 13.21440
C 256.63500 57.57180 13.21530
C 259.81200 58.13510 13.20120
H 255.19200 56.32590 11.61490
H 258.37100 56.97160 11.60360
C 254.45900 59.91790 13.20980
C 257.61400 60.59740 13.19200
H 256.23500 59.33490 11.59840
H 260.44200 54.51170 11.59570
C 266.13100 59.70720 13.17590
C 261.90700 55.68440 13.20250
C 265.18400 56.51150 13.19210
C 262.86700 58.63250 13.19040
C 240.79700 62.88860 13.01270
C 243.96900 63.49850 13.08870
C 246.13900 61.19640 13.18730
C 244.98900 66.47180 13.28030
C 241.80000 65.90090 13.06310
C 247.13700 64.09540 13.18980
C 253.51500 65.27050 13.21120
C 249.31800 61.75730 13.17270
H 252.08000 64.10240 11.60140
C 250.38900 64.70820 13.30500
C 252.49900 62.28360 13.20790
H 253.16300 67.13350 11.60940
C 248.17600 67.21910 13.27680
H 251.08900 61.09360 11.57110
C 256.69500 65.91270 13.20590
C 255.57700 62.83840 13.19600
H 254.21700 61.67720 11.59580
C 258.75200 63.67360 13.19030
C 259.87600 66.56810 13.20010
H 255.26100 64.71340 11.59560
C 261.92000 64.28910 13.18910
C 265.22900 64.64320 13.19170
C 260.78200 61.17410 13.18760
C 263.90900 61.77910 13.18360
C 262.95100 67.19260 13.18910
C 243.06400 69.04740 10.08470
C 244.07600 71.95910 10.08200
C 246.12500 69.64450 10.15280
C 241.02800 71.28930 9.88310
H 242.64700 70.78910 11.72020
H 245.74500 71.44710 11.77770
H 241.56500 67.79490 11.54840
H 244.71500 68.41370 11.78490
H 243.71300 73.77300 11.66000
C 247.17600 72.55280 10.06170
C 251.34500 67.78180 10.06230
C 249.33600 70.23920 10.03140
C 252.48800 70.61140 9.99804
C 250.38400 73.08020 9.98399
C 253.51800 73.72990 10.00950
H 247.90900 69.01640 11.60670
H 248.94600 71.99720 11.64960
C 254.58600 68.36850 10.00310
C 257.75300 68.92640 10.00110
C 255.73700 71.34730 10.01030
C 258.84900 72.05480 10.00360
C 266.15200 67.74360 9.97822
C 260.85100 69.61320 9.98735
C 264.00900 70.24390 9.98886
C 261.99100 72.61020 9.99945
C 265.17100 73.39150 10.00930
H 262.58000 69.01420 11.58540
C 242.07100 74.32940 9.94261
C 245.08200 74.99950 9.98416
C 244.05300 80.48670 9.68495
C 243.04400 77.26160 9.79873
C 246.13700 77.86260 9.84517
C 240.78100 79.88450 9.68677
H 246.89100 74.44250 11.52020
H 244.68000 76.81230 11.51530
H 241.56300 76.18970 11.49090
H 242.53100 79.23760 11.20290
H 245.68100 79.81510 11.32780
C 248.27500 75.64770 9.95507
C 251.40600 76.17910 9.97885
C 249.31900 78.59970 9.94001
C 252.42000 79.10830 10.03300
H 250.00400 74.90870 11.55050
H 247.82400 77.45040 11.55260
C 256.64200 74.51540 10.00780
C 259.80600 75.09540 10.00470
C 254.57300 76.79980 10.01820
C 257.66800 77.55390 10.00760
C 255.48300 79.87870 10.00750
C 258.80400 80.48450 10.00660
C 260.84700 78.05840 10.02300
C 262.98900 75.60270 10.02010
C 266.13400 76.40540 10.02800
C 263.96000 78.70540 10.03380
C 245.10900 83.58880 9.75109
C 241.79200 82.81650 9.73171
C 243.06600 85.91530 9.68501
C 246.25000 86.46630 9.80825
H 241.52300 84.75290 11.18420
H 246.74000 82.87050 11.41140
H 244.72000 85.34320 11.39620
H 242.60900 87.71230 11.22590
H 243.63800 82.30990 11.23360
C 247.15900 81.08030 9.83367
C 250.39100 81.55400 9.92450
C 248.31900 83.97230 9.90319
C 253.37100 82.24600 10.00560
C 251.40900 84.57710 10.02200
C 249.43800 86.98940 9.91008
C 252.53500 87.58280 9.97476
H 247.94400 85.81590 11.49910
H 254.27300 87.02830 11.57840
C 256.64900 82.79480 9.98493
C 259.80700 83.47870 9.98604
C 254.58700 85.20200 9.98052
C 257.79600 85.79690 9.96301
H 259.52400 85.30870 11.57970
H 256.32600 84.64270 11.58250
H 257.49300 87.60720 11.55570
C 261.95500 81.14330 10.01820
C 260.87500 86.51720 9.96994
C 265.18600 82.00150 10.03890
C 263.01100 84.11680 9.99824
C 266.11400 85.02390 10.01240
C 264.02000 87.06510 9.97027
H 262.58100 85.85020 11.58860
H 265.66600 86.61140 11.58840
C 240.89600 88.35450 9.61495
C 244.11800 88.95230 9.69310
C 242.06300 91.26900 9.68286
C 245.20100 91.90040 9.80878
C 243.06900 94.29210 9.78837
H 243.75800 90.69120 11.35390
H 241.55800 93.03770 11.26790
H 246.91000 91.27900 11.45390
H 245.83800 88.29220 11.31830
H 244.73500 93.70160 11.42110
C 247.32300 89.49880 9.78867
H 252.20500 89.38210 11.55650
C 250.49900 90.01230 9.93165
C 248.33300 92.48700 9.85693
H 253.22100 92.38100 11.54850
C 253.60300 90.54190 9.94076
C 251.53200 92.98320 9.87054
H 248.97800 88.83880 11.42970
H 247.93400 94.26690 11.48820
H 250.05200 91.84580 11.44980
C 255.66300 88.18670 9.95254
C 258.85800 88.91990 9.94921
C 256.66600 91.31390 9.94193
C 259.88100 91.98410 9.95119
H 258.45200 90.74680 11.55470
H 255.34200 89.99540 11.54610
C 254.61800 93.67540 9.94985
C 257.70000 94.31480 9.95953
H 256.34700 93.10910 11.55360
H 259.40500 93.77190 11.56780
H 260.56500 88.38880 11.56820
C 261.98900 89.60650 9.95175
H 263.73500 89.07220 11.55850
C 265.22100 89.82480 9.95011
C 262.97300 92.69780 9.94728
H 261.61600 91.43510 11.55710
H 264.78200 92.02290 11.55060
C 266.02200 91.65740 9.95713
H 262.55700 94.33790 11.56070
C 240.96800 96.76880 9.86364
C 246.28500 94.82210 9.81690
C 245.10300 100.42300 9.90091
C 241.98800 99.78460 9.83555
C 244.10200 97.32580 9.77279
H 242.69500 96.10710 11.42690
H 243.71800 99.11250 11.45320
H 245.86400 96.67380 11.39240
H 246.85000 99.72740 11.47450
C 247.32800 97.87270 9.84369
C 248.30200 100.86300 9.84660
C 253.53200 99.11280 9.98350
C 249.44400 95.42830 9.93835
H 252.13900 97.84530 11.58530
C 250.49700 98.48650 9.89624
C 252.46800 96.01770 9.97043
H 251.13200 94.69850 11.57830
H 249.06900 97.22320 11.47760
H 249.97400 100.19000 11.52720
H 254.26000 95.48200 11.57370
C 255.64700 96.75130 9.97530
H 257.36600 96.14750 11.58300
C 256.70000 99.71730 9.99672
C 258.73700 97.40750 9.98431
C 259.79400 100.40900 9.99360
C 262.90700 101.04000 9.98240
H 265.64600 95.01900 11.57030
C 260.78700 95.12700 9.96667
C 261.91200 98.14030 9.98021
C 263.97600 95.53800 9.96156
H 261.53600 99.89130 11.59080
C 265.19500 98.38400 9.96655
H 263.72800 97.54000 11.58020
H 260.49900 96.85740 11.59420
H 264.74300 100.48300 11.57350
C 242.85700 68.92870 13.28980
C 243.98900 72.09310 13.34870
C 246.16500 69.55060 13.27440
C 240.75700 71.34920 13.13980
C 247.24900 72.72430 13.23280
C 251.48100 67.79510 13.26570
C 249.30900 70.22540 13.25850
C 252.47100 70.63160 13.21390
C 250.41000 73.16970 13.23590
H 252.11500 72.46120 11.60890
C 253.53100 73.73950 13.22800
H 251.02300 69.52110 11.63210
H 256.31500 67.75540 11.60570
H 254.22500 70.17800 11.61550
C 254.61200 68.37040 13.21960
C 257.75000 68.92240 13.21680
C 255.67200 71.36480 13.22800
C 258.86500 72.13610 13.22080
H 255.27400 73.19920 11.61820
H 259.51200 68.39100 11.59780
H 257.42100 70.80440 11.62320
H 258.43200 73.86800 11.61090
H 260.60000 71.42290 11.60300
C 260.85800 69.61060 13.20330
C 263.98300 70.24900 13.20430
C 261.97500 72.65590 13.21490
C 265.17600 73.53840 13.22620
H 265.66300 69.77060 11.59670
H 263.72800 72.07220 11.60790
C 266.11300 67.97790 13.19990
C 241.81800 74.32220 13.11780
C 245.13700 75.07420 13.14810
C 242.87800 77.51130 12.98260
C 243.83800 80.43180 12.86880
C 246.00800 78.08680 13.09780
C 240.87300 79.86230 12.95630
C 248.24600 75.63840 13.12710
H 253.15100 75.59010 11.62940
C 251.35500 76.16950 13.21470
C 249.25500 78.65260 13.15650
C 252.41900 79.09730 13.24920
H 250.99500 77.96130 11.63140
H 248.85500 80.44510 11.48050
C 256.68000 74.46980 13.22420
H 254.18200 78.61680 11.63100
C 259.79200 75.04030 13.22320
C 254.59400 76.87710 13.23500
C 257.69300 77.49750 13.22430
C 255.55700 79.86760 13.22460
C 258.74300 80.51950 13.22290
H 256.31100 76.25600 11.61890
H 259.44000 76.87010 11.61860
H 257.28200 79.30730 11.61350
H 261.56000 74.41560 11.61150
H 260.51300 79.90660 11.63240
C 260.79900 78.02000 13.24060
C 262.96800 75.67510 13.23630
H 264.78500 75.00320 11.63130
H 263.69300 80.67630 11.64160
C 266.07400 76.76900 13.24880
C 263.95000 78.71340 13.25170
H 265.64100 78.20600 11.64430
H 262.58600 77.41250 11.64190
C 244.91500 83.48740 12.98360
C 241.88500 82.98240 12.83020
C 242.85600 85.88920 12.86440
C 246.13300 86.47540 12.99140
C 247.04100 81.03370 13.01120
H 252.03100 80.92660 11.62930
C 250.23800 81.48860 13.18790
C 248.16400 83.98580 13.08660
H 253.20100 84.07140 11.60600
C 253.37200 82.26040 13.22050
C 251.34700 84.62160 13.12020
C 249.35200 87.05360 13.08510
H 251.14300 86.43360 11.57210
H 250.02500 83.32790 11.56660
C 252.50300 87.65080 13.19070
C 256.63100 82.80830 13.20240
C 259.81400 83.49870 13.20280
H 255.13300 81.69050 11.60380
H 258.37600 82.31640 11.59640
C 254.60300 85.22440 13.19620
C 257.75900 85.79140 13.18060
C 261.93100 81.18560 13.23490
C 260.86800 86.53930 13.18760
H 264.74400 83.52130 11.62790
C 262.95000 84.08600 13.21660
H 261.54300 82.92650 11.60740
C 265.28400 81.72760 13.25640
C 266.05600 84.95690 13.23380
C 263.93100 87.12940 13.18670
C 240.84200 88.28600 12.82910
C 243.99600 88.82590 12.89910
C 241.98500 91.27280 12.89430
C 245.07900 91.88300 12.99820
C 242.85300 94.20190 12.92590
C 247.23900 89.42700 13.00170
C 250.36200 90.03180 13.03840
C 248.29800 92.48330 13.04610
C 253.60300 90.55860 13.15910
C 251.46000 92.87570 13.17510
C 255.75800 88.16530 13.16780
C 258.88300 88.88790 13.17030
C 256.67500 91.27720 13.15980
C 259.83200 91.95330 13.16830
C 254.57500 93.67920 13.16660
C 257.69300 94.35920 13.17680
C 261.97300 89.61980 13.16980
C 265.16700 90.27120 13.16730
C 263.01600 92.66810 13.16480
C 266.14700 93.52840 13.17740
C 247.25200 97.86280 13.00520
C 244.11400 97.23210 13.04830
C 240.88200 96.68990 12.98350
C 246.14000 94.84180 13.04730
C 242.04700 99.73300 13.10200
C 245.09800 100.30500 13.09710
C 253.51200 99.07300 13.20080
C 250.40500 98.42840 13.20440
C 248.23900 100.96800 13.10110
C 252.47700 96.02870 13.18790
H 253.18200 100.90300 11.59560
C 249.32300 95.41630 13.08840
H 255.27700 98.50170 11.59740
C 259.82200 100.36500 13.20980
C 255.63200 96.70390 13.19470
H 258.44100 99.14880 11.60230
C 258.73900 97.36870 13.20300
C 256.67100 99.66180 13.21380
C 265.19600 99.14180 13.18340
C 262.96600 101.00900 13.19810
C 260.76400 95.06240 13.18230
C 263.94700 95.62260 13.17910
C 261.93800 98.17040 13.19570
C 243.03900 102.85700 9.98487
C 244.00700 105.80100 9.99378
C 246.12600 103.32700 9.91646
C 240.94000 105.18200 9.91259
H 241.64400 101.55800 11.51500
H 242.60200 104.63400 11.63670
H 243.62200 107.65300 11.62790
H 245.78000 105.16200 11.55880
H 244.75300 102.19700 11.61940
C 247.23100 106.37300 9.96373
C 251.38700 101.49100 10.03240
C 249.44500 103.99100 9.93056
C 252.57100 104.35200 10.02080
C 250.50000 107.00600 10.01150
C 253.55300 107.59400 10.03720
H 247.94200 102.76000 11.44140
C 254.57900 102.12300 10.00460
C 257.69100 102.78500 10.00600
C 255.61500 105.19700 10.02050
C 258.78600 105.80100 10.02730
C 260.83900 103.42900 10.01170
C 264.00000 104.07500 9.99521
C 261.94100 106.48300 10.02000
C 265.27800 106.85400 10.00520
H 265.66100 103.65900 11.59220
C 266.05100 101.92400 9.96885
C 240.96000 113.77200 10.17010
C 241.88000 108.29600 10.00520
C 245.07800 108.85600 10.00570
C 242.98500 111.34200 10.14730
C 246.14400 111.92800 10.07190
C 244.05800 114.25700 10.16740
H 245.80300 113.69500 11.72900
H 242.65200 113.10900 11.81740
H 241.63500 110.07100 11.66410
H 244.81800 110.65600 11.70980
H 246.85800 108.21100 11.49670
C 248.38300 109.41900 9.99386
C 251.45100 109.89000 10.04550
C 249.35900 112.52400 10.06160
C 252.43100 112.93900 10.02730
H 247.93100 111.23200 11.62150
C 256.67300 108.20500 10.02850
C 259.74900 108.80900 10.02350
C 254.57100 110.66100 10.03340
C 257.72600 111.28300 10.01460
C 255.56300 113.63300 10.01760
C 258.86100 114.35500 10.00060
C 260.86900 112.03300 10.00590
C 262.93100 109.47900 10.01060
C 263.98100 112.62300 10.00630
C 266.09400 110.43500 10.00820
C 245.10800 117.35900 10.18960
C 242.05600 116.73400 10.27860
C 243.07100 119.73200 10.16350
C 246.18800 120.41200 10.11990
H 244.80600 119.20000 11.77370
H 242.71300 121.56800 11.79220
H 241.65300 118.57000 11.84240
H 243.82400 116.08400 11.84780
H 246.90900 116.70700 11.71430
C 247.25500 114.87300 10.10080
C 250.38700 115.52900 10.09250
C 248.36000 117.90000 10.14100
C 253.56500 116.08800 10.01380
C 251.35500 118.43300 10.11070
C 249.31400 120.88300 10.04700
C 252.51000 121.41900 9.99985
C 256.68000 116.76200 10.00940
C 259.84800 117.39700 9.99572
C 254.54100 119.04700 10.00750
C 257.73500 119.70400 10.00440
C 262.09800 115.05400 9.99874
C 260.82900 120.45700 9.98936
C 262.89800 118.09600 9.99168
C 265.37400 115.78700 10.00090
C 265.95400 119.08900 9.98108
C 263.91400 121.10800 9.98260
H 265.63200 120.53300 11.59150
C 240.95100 122.14100 10.16340
C 244.03200 122.90300 10.20760
C 242.05400 125.20500 10.17650
C 245.10400 125.72700 10.21130
C 243.11200 128.24500 10.10980
H 245.87800 122.26900 11.71270
H 243.71100 124.63400 11.88490
H 244.80400 127.60600 11.72270
H 241.64800 127.06500 11.64350
H 246.92200 125.21100 11.70350
C 247.25500 123.42400 10.04150
C 250.37600 123.98700 9.95954
C 248.16600 126.41200 10.01630
C 253.51300 124.54100 9.99703
C 251.46100 127.01200 9.95781
H 249.00400 122.74400 11.61770
H 247.92700 128.21300 11.61840
C 255.54100 122.14400 10.00470
C 258.72500 122.77200 9.99572
C 256.59400 125.20900 9.99642
C 259.68900 125.72800 9.98330
C 254.52700 127.58500 9.98896
H 259.39000 127.59600 11.57970
C 257.65900 128.21100 9.97563
C 261.88800 123.59900 9.98300
C 265.16600 124.00800 9.97167
C 262.78300 126.46400 9.97251
H 263.66600 122.97800 11.58890
H 264.59000 125.99200 11.57420
H 261.47400 125.16600 11.59280
C 265.97700 127.57800 9.95649
H 262.50800 128.26200 11.57670
C 240.95200 130.63000 10.02980
C 246.07600 128.84300 10.09120
C 244.09800 131.22800 10.14260
C 241.94000 133.71000 9.94919
C 245.11400 134.34900 10.06350
H 245.88000 130.66100 11.76060
H 242.62600 130.06500 11.69380
H 246.83500 133.69100 11.65070
H 243.70200 133.10300 11.59260
C 247.28000 131.87800 10.16580
C 253.52100 133.00700 9.99340
C 252.49000 130.02400 9.98926
C 250.30300 132.50600 10.07170
C 248.21800 134.93400 10.03960
C 249.28600 129.51700 10.11460
H 249.93200 134.28700 11.68480
H 249.02400 131.27100 11.79480
H 258.34500 133.12600 11.59000
C 259.76600 134.35100 9.98209
C 258.63500 131.30300 9.97295
C 255.48600 130.65400 9.97932
H 257.24000 130.05900 11.57410
C 256.58600 133.77900 9.98856
H 265.60000 128.97100 11.57070
C 265.18700 132.67500 9.97454
C 263.88900 129.61200 9.96673
H 264.63000 134.34100 11.57810
H 263.66400 131.55100 11.58060
H 261.47300 133.70000 11.58480
C 261.89700 131.88500 9.97383
C 262.83700 134.88500 9.97570
C 260.73000 128.91000 9.97155
H 260.43400 130.74500 11.58100
C 242.97500 102.78300 13.17890
C 244.07100 105.81200 13.19020
C 246.26700 103.36000 13.15520
C 240.80300 105.26100 13.14270
C 247.24000 106.42900 13.13290
C 251.37600 101.39100 13.16810
C 249.29500 103.92900 13.17330
C 252.52500 104.39800 13.23850
C 250.37900 106.83800 13.25710
H 252.17800 106.22600 11.63870
C 253.54300 107.50400 13.25340
H 248.99300 105.76800 11.54900
H 251.03700 103.27700 11.63100
H 256.33600 101.50100 11.61410
H 254.27800 103.91700 11.62820
C 254.57300 102.09400 13.22120
C 257.72600 102.78100 13.22400
C 255.65700 105.16300 13.23740
H 259.42900 102.18200 11.61190
H 257.38000 104.59100 11.62010
C 258.82200 105.81100 13.24430
H 255.26300 106.98400 11.63840
H 258.42400 107.65200 11.64380
H 260.55500 105.22300 11.64160
C 260.82600 103.45000 13.22810
C 263.96200 104.09700 13.21250
C 261.95800 106.58900 13.23680
C 265.23500 107.42400 13.22450
H 262.57900 102.78300 11.60610
H 263.70400 106.06500 11.61270
C 266.02300 102.09000 13.18770
C 240.86000 113.66200 13.39300
C 241.76400 108.11900 13.17890
C 245.16400 108.69900 13.23110
C 243.00500 111.19300 13.33980
C 246.25800 111.83800 13.34750
C 244.05500 114.20900 13.43070
C 248.18800 109.37100 13.22610
H 253.19800 109.38300 11.65610
C 251.41600 109.95700 13.26090
C 249.42400 112.44700 13.21640
C 252.43000 112.94900 13.24430
H 251.08500 111.72300 11.62270
H 250.02800 108.71900 11.70880
H 248.98600 114.28900 11.68370
C 256.67300 108.26700 13.24550
H 254.20200 112.42100 11.63750
C 259.80500 108.83600 13.24180
C 254.56500 110.62500 13.24950
C 257.71700 111.28700 13.23210
H 256.31400 110.04500 11.63140
H 259.51800 110.70400 11.62380
C 255.64100 113.64200 13.23470
C 258.81500 114.38300 13.21820
H 257.41300 113.13200 11.61430
H 261.54300 108.29600 11.62960
H 260.60700 113.77800 11.60480
C 260.86800 112.01800 13.22350
C 262.93500 109.51800 13.22830
H 264.73000 108.96000 11.61440
C 263.97800 112.63900 13.22550
H 265.66100 112.02700 11.61510
C 266.09000 110.48000 13.22970
H 262.63300 111.35700 11.61500
H 263.83400 114.52400 11.61660
C 245.26200 117.34900 13.34610
C 242.05300 116.69400 13.39280
C 243.11300 119.80100 13.44280
C 246.24300 120.45300 13.31460
C 247.25600 114.87300 13.30250
H 252.12500 114.82600 11.62270
C 250.39400 115.43700 13.31390
C 248.25300 117.97500 13.31930
H 253.18100 117.88200 11.61940
C 253.56500 116.12800 13.23230
C 251.49100 118.47600 13.28270
C 249.35500 120.89900 13.22250
H 251.08300 120.26000 11.65040
C 252.45100 121.43700 13.21730
H 250.03200 117.26000 11.79650
H 247.92100 119.73200 11.67220
H 254.19400 120.85400 11.61140
C 256.77900 116.80000 13.22890
H 258.46800 116.16400 11.60980
C 259.84500 117.40900 13.21510
H 255.32000 115.51900 11.62710
C 254.52900 119.05200 13.22620
H 256.28100 118.53400 11.62050
C 257.74800 119.72400 13.22280
H 259.46100 119.18000 11.60370
H 257.33200 121.55600 11.61510
C 261.99100 114.95700 13.21690
C 262.96600 118.06500 13.20950
C 265.37300 115.69000 13.22090
H 264.72900 117.31900 11.60410
H 261.58500 116.77100 11.60200
C 260.83200 120.43200 13.20660
C 266.01800 118.80800 13.20020
C 263.93900 121.08400 13.20090
H 262.57100 119.77500 11.59600
C 240.99200 122.20700 13.40240
C 244.12800 122.79000 13.36710
C 241.89500 125.34800 13.36740
C 245.24900 125.80800 13.32240
C 243.11100 128.26400 13.25290
C 247.32900 123.39200 13.31260
C 250.34500 124.03600 13.19350
C 248.34200 126.40900 13.23350
H 252.09600 123.25900 11.60120
H 253.14600 126.39600 11.60330
C 253.51100 124.52500 13.21520
C 251.34900 127.00300 13.16740
H 250.02000 125.78200 11.52240
C 255.57200 122.11000 13.22250
C 258.74300 122.77500 13.21440
C 256.58200 125.24000 13.21530
C 259.74100 125.74300 13.20120
H 255.24900 123.96200 11.61490
H 258.31000 124.56500 11.60360
C 254.49000 127.58700 13.20980
C 257.67900 128.27200 13.19200
H 256.25800 127.01400 11.59840
H 260.51000 122.25600 11.59570
C 261.91500 123.49400 13.20250
C 265.15200 124.13000 13.19210
C 262.79800 126.45500 13.19040
C 265.99000 127.50700 13.17590
C 240.89700 130.72700 13.28890
C 244.03400 131.32000 13.27140
C 245.08600 134.32400 13.19520
C 246.22800 128.81800 13.31760
C 241.96000 133.74700 13.17760
C 247.25200 131.97000 13.31720
C 250.44800 132.51100 13.31620
C 248.16000 134.90600 13.23690
H 252.08200 131.80300 11.60140
C 253.45200 133.05300 13.21120
H 253.15700 134.86500 11.60940
C 249.34200 129.35400 13.24270
C 252.44800 129.93800 13.20790
H 251.07900 128.80000 11.58060
C 256.58700 133.67700 13.20590
C 258.68400 131.26700 13.19030
C 255.47500 130.68600 13.19600
H 254.16000 129.37700 11.59580
H 255.21300 132.47600 11.59560
C 259.75300 134.35700 13.20010
C 260.74100 128.93300 13.18760
C 263.93400 129.58700 13.18360
C 262.80300 134.95300 13.18910
C 265.21500 132.75200 13.19170
C 261.88900 131.89400 13.18910
