14208
Frame 18
C -41.79090 3.53984 9.97280
C -43.15910 6.42247 9.95853
C -39.86130 5.89376 9.96318
H -40.45610 2.34493 11.58800
H -43.49040 2.93773 11.57250
H -41.60680 5.37874 11.56810
C -43.87400 1.47846 9.95080
C -44.95580 4.30866 10.00390
H -45.03150 5.73317 11.56430
C -38.77730 2.92241 9.98237
H -38.43430 4.74341 11.56700
C -35.70050 2.18837 9.98538
C -36.67260 5.23124 9.96942
C -33.62760 4.61098 9.97678
H -35.31880 3.99162 11.57900
H -36.38020 7.00610 11.57300
H -33.24390 6.42015 11.58150
H -34.21400 1.11459 11.58350
C -32.49250 1.67597 9.98152
H -32.14930 3.47722 11.57950
C -31.48120 7.12072 9.97946
C -30.32200 4.02131 10.01070
C -27.07050 3.40032 9.98925
C -28.17930 6.37451 9.87101
H -29.96700 5.89306 11.56300
C -29.24950 1.00149 10.07680
H -28.86470 2.78982 11.66100
H -26.65390 5.28345 11.55440
C -23.91420 2.76489 9.95977
C -24.79500 5.79959 9.98240
C -20.54910 2.36568 9.75902
C -21.56690 5.29148 9.80029
H -22.27900 1.68869 11.47650
H -20.04250 4.18233 11.42660
H -21.25230 7.09848 11.48050
H -25.66950 2.24140 11.63290
H -23.29720 4.65102 11.45060
H -39.47400 7.66885 11.56530
C -45.04850 12.51400 10.06010
C -40.84940 8.84397 9.95743
H -42.65380 8.22525 11.55300
C -43.88190 9.69874 9.95873
C -41.85690 11.84920 9.96934
H -41.60160 13.69350 11.57900
H -43.55790 11.10830 11.57420
H -40.47970 10.64790 11.56330
C -38.75310 11.25490 9.96907
C -34.59070 7.60971 9.97171
H -38.40300 13.07550 11.58140
C -37.75850 8.28167 9.96690
C -35.62860 10.70030 9.97114
C -36.63180 13.62830 9.97504
C -33.48620 13.13260 9.97846
H -35.20980 12.47000 11.57440
H -37.35780 10.09820 11.57470
H -34.28310 9.43334 11.57230
C -32.56010 10.18850 9.97940
H -32.09280 11.90140 11.59040
H -31.20440 8.89096 11.58450
C -25.92320 8.72864 9.94671
C -29.41110 9.26416 9.93893
C -30.40180 12.44970 9.90848
C -27.06090 11.69350 9.87583
H -27.76590 8.24999 11.54090
H -26.62870 13.60060 11.46370
H -28.89870 11.21490 11.40230
C -19.43060 7.62394 9.88332
C -23.79630 11.19660 9.94196
C -22.77610 8.28673 9.91874
C -20.53570 10.63500 9.94839
C -21.50060 13.67290 10.00150
H -22.28750 9.99969 11.57950
H -20.05990 12.40400 11.56750
H -25.59580 10.56540 11.53580
H -23.37040 12.99360 11.52770
H -24.46880 7.63767 11.67280
C -39.81470 14.22570 9.97988
C -43.13550 14.85250 9.99044
C -40.74190 17.22470 9.98428
H -39.39030 16.03600 11.58670
C -41.84530 20.19640 9.98091
H -40.37800 19.04520 11.57800
C -43.95250 17.60100 10.00470
C -45.01070 20.91900 9.98000
C -38.66990 19.51550 9.97839
C -37.66990 16.71120 9.97775
C -34.59810 15.97530 9.97932
H -36.30320 15.43720 11.57810
H -33.13950 14.89180 11.58360
C -35.47900 18.97510 9.98791
H -37.22770 18.43030 11.57530
H -34.14720 17.76110 11.58950
C -32.44610 18.46880 10.00320
H -29.93300 14.25740 11.53010
C -31.44260 15.50600 9.99054
C -28.14510 14.89050 9.95591
C -25.92280 17.18370 10.02870
C -29.17440 17.77760 10.06340
C -27.15020 20.16670 10.03730
C -30.22430 20.78400 10.04840
C -24.79900 14.24910 9.85738
C -23.59970 19.61240 10.08100
C -22.55140 16.59010 10.03280
C -19.37360 15.92040 10.06190
C -20.27020 18.82140 10.13780
H -21.15000 15.40960 11.71000
C -43.08190 23.20100 9.98666
C -39.75830 22.50240 9.98822
H -41.56790 21.99720 11.57570
C -40.77290 25.50650 10.00360
H -42.57700 24.93240 11.58560
C -43.97430 26.38410 9.99476
H -38.32880 21.35170 11.59150
C -36.57420 21.96660 10.00620
C -33.44530 21.38470 10.01010
C -37.63540 24.88830 10.01670
C -34.53760 24.34470 10.02280
C -35.69460 27.26210 10.01560
C -32.52630 26.68420 10.01400
C -28.12520 23.14550 9.99430
C -31.46910 23.75680 10.01470
C -25.98860 25.53370 10.08770
C -29.27340 26.19100 10.12230
C -20.45590 27.16870 10.20830
C -24.85170 22.52850 10.09110
C -21.49310 21.79330 10.10550
C -19.25560 24.29380 10.24680
C -22.59060 24.80360 10.16580
C -45.00070 29.25810 9.96960
C -39.87730 30.94540 10.01600
C -40.98070 33.93380 10.02400
C -41.86340 28.58950 10.00730
C -43.09230 31.48010 10.00910
C -37.70950 33.31080 10.01340
C -33.58550 29.73700 10.00380
C -36.79290 30.21960 10.01180
C -38.72750 27.93630 10.02150
C -34.65380 32.73030 10.00590
C -25.94640 33.88760 10.12830
C -27.07850 28.55650 10.08900
C -31.55860 32.12540 9.99978
C -28.09120 31.51820 10.11390
C -30.30810 29.09730 10.02930
C -24.80560 30.86620 10.05520
C -21.67810 30.24610 10.21680
C -23.78320 27.81530 10.16500
C -19.28660 32.52740 10.15710
C -22.62300 33.27420 10.15100
C -41.76350 3.63167 13.18030
C -43.16330 6.40321 13.16420
C -39.84040 5.89427 13.16970
C -44.97130 4.26149 13.21200
C -43.87470 0.99839 13.15730
C -38.73550 2.95192 13.19020
C -35.62050 2.29943 13.19300
C -36.63560 5.23440 13.17620
C -33.60110 4.57433 13.18290
H -37.42060 1.70072 11.60460
C -32.48670 1.70272 13.18980
C -31.50540 7.03528 13.18700
C -30.38960 4.03314 13.17170
C -27.11490 3.48684 13.22610
C -28.14700 6.42793 13.20910
C -29.39170 1.01314 13.27170
C -23.76830 2.83824 13.14550
C -24.78100 5.66948 13.14470
C -20.46490 2.40451 13.06980
C -21.57130 5.21571 13.08220
C -40.87710 8.90680 13.16310
C -43.89500 9.12812 13.16700
C -41.87360 11.92490 13.17440
C -44.97050 12.34290 13.26830
H -44.99630 13.85810 11.60560
C -38.78580 11.24370 13.17580
C -34.62490 7.72997 13.17950
C -37.77080 8.26406 13.17570
C -33.49390 13.04150 13.18580
C -36.63410 13.62760 13.18140
C -35.63450 10.69690 13.17680
C -32.58750 10.13340 13.18680
C -26.04260 8.80092 13.23670
C -29.30600 9.43229 13.09710
C -30.26790 12.43600 13.10610
C -27.12010 11.80170 13.06430
C -19.39010 7.51258 13.05470
C -23.75930 11.14660 13.13050
C -22.69210 8.16209 13.22710
C -20.47810 10.51590 13.18790
C -21.61840 13.47320 13.17460
C -39.81370 14.25440 13.18480
C -43.09970 14.86120 13.19580
H -42.51200 16.68300 11.59670
C -40.74740 17.31250 13.19000
C -43.89370 18.05320 13.21190
C -41.81280 20.16660 13.18510
H -43.52340 19.54650 11.59610
C -45.02040 20.86710 13.19040
C -38.62200 19.56160 13.18500
C -34.63190 16.00170 13.18700
C -37.68670 16.64330 13.18260
C -35.52160 18.92690 13.19110
H -35.18740 20.74920 11.60640
C -32.41130 18.44650 13.20900
H -32.06000 20.24040 11.61330
C -31.35790 15.39660 13.19780
H -31.01100 17.25400 11.61370
C -25.79230 17.25050 13.23840
C -28.11070 14.60770 13.20200
C -29.23530 17.73150 13.25720
C -27.03870 20.11930 13.27740
C -30.30510 20.79730 13.20050
H -28.81040 19.56620 11.67610
H -27.70810 16.60310 11.70560
C -24.90190 14.12290 13.17410
C -23.71150 19.52130 13.24200
C -22.66880 16.52050 13.34900
C -19.30530 15.80040 13.28270
C -20.39010 18.70120 13.41580
H -22.17670 18.35250 11.71420
H -20.05310 20.61900 11.85970
H -25.51100 19.06660 11.56600
H -24.37110 16.00460 11.63660
H -44.95980 22.30680 11.60490
C -43.08240 23.07980 13.18950
C -39.79000 22.46800 13.19450
C -40.78490 25.57970 13.20900
H -39.40320 24.29090 11.60930
C -43.89220 25.91220 13.20050
H -40.50290 27.34940 11.62260
C -33.47790 21.35880 13.21580
C -36.60390 21.95460 13.21320
H -33.18270 23.17380 11.61880
C -37.63160 24.85820 13.22270
C -34.56400 24.39440 13.22780
H -36.26460 23.74820 11.62970
H -37.39850 26.71170 11.62090
H -34.23850 26.14450 11.62640
C -35.67550 27.27220 13.22260
C -32.53310 26.75550 13.22020
H -29.89870 22.66700 11.60990
C -28.18250 23.18820 13.29860
C -31.46650 23.73040 13.22050
H -31.13250 25.53970 11.61840
C -26.02820 25.48820 13.33820
C -29.31360 26.17980 13.16350
H -27.79130 24.97140 11.61960
H -26.70840 21.99580 11.68300
C -24.88740 22.49470 13.30800
C -21.57860 21.77920 13.42650
C -19.43710 24.13880 13.48920
C -22.66720 24.77820 13.40470
C -20.51970 27.29590 13.48580
H -21.13140 23.62820 11.77190
H -25.63560 27.35410 11.72600
H -22.30250 26.64730 11.82240
H -23.31240 21.40140 11.70040
H -24.48130 24.35540 11.73990
H -42.75700 33.30780 11.62190
H -41.63840 30.36650 11.61310
H -44.96570 30.58900 11.60070
C -45.01620 29.29940 13.17530
H -43.54730 27.82680 11.59760
C -41.90110 28.57270 13.21450
C -43.08870 31.46830 13.21420
C -39.90740 30.97280 13.22320
C -40.93420 33.86300 13.22800
H -39.48340 32.77170 11.61970
H -36.36450 32.01770 11.61190
H -35.35190 29.08570 11.60950
C -38.79640 27.94500 13.22660
H -33.27010 31.54910 11.60850
C -36.74200 30.28030 13.22010
C -33.58410 29.74000 13.21130
C -37.68000 33.25920 13.22020
C -34.66870 32.76850 13.21100
H -38.54020 29.74450 11.62660
H -27.72050 33.38200 11.75220
H -28.84320 27.99600 11.72790
H -29.99090 30.97720 11.59350
H -31.22990 33.95450 11.60480
C -28.21550 31.49330 13.26380
H -32.16300 28.58210 11.60640
C -30.38260 29.15880 13.25450
C -27.01350 28.47800 13.35290
C -31.53760 32.11090 13.20540
C -25.88620 33.86700 13.37570
H -26.61390 30.32810 11.73850
H -20.15640 29.09150 11.76460
H -24.45580 32.66920 11.72670
C -22.69230 33.18780 13.40680
C -24.92650 30.96000 13.44570
C -23.90500 27.82890 13.38670
C -19.28760 32.60770 13.42830
C -21.64190 30.27510 13.39250
H -21.11100 32.10430 11.80790
H -23.48240 29.67230 11.81200
C -41.96260 36.88820 10.03230
C -43.24220 39.84300 10.05110
C -39.95680 39.25460 10.04090
C -44.04020 34.84730 10.02230
C -45.00170 37.68820 10.00210
C -38.78920 36.21310 10.02250
C -35.69190 35.80640 10.01030
C -36.84880 38.75350 10.02680
C -33.70600 38.05070 10.01550
C -32.61870 35.10170 10.00160
C -31.61610 40.34440 10.01890
C -30.52740 37.44240 10.05920
C -27.02390 36.73800 10.08040
C -28.29520 39.69080 9.97597
C -29.38410 34.38110 10.10630
C -23.68820 36.25410 10.20980
C -24.90460 39.11960 10.20290
C -20.46390 35.55390 10.15870
C -21.56900 38.49570 10.21660
C -40.93780 42.26880 10.05260
C -43.93160 42.52380 10.04780
C -41.84640 45.29580 10.03780
C -44.98170 45.83870 10.01110
C -38.84750 44.50540 10.04650
C -34.68070 41.06700 10.03850
C -37.79550 41.67740 10.05540
C -35.70310 43.99780 10.04790
C -33.56070 46.40830 10.01660
C -36.78200 47.00230 10.03590
C -32.57150 43.37320 10.01610
C -25.97020 42.09660 10.05340
C -29.43270 42.80110 9.98094
C -27.13760 45.11910 10.05310
C -30.50010 45.79690 10.03000
H -29.00200 44.58440 11.66480
H -26.77930 46.93780 11.66770
C -19.32510 40.96350 10.28090
C -23.73840 44.51610 10.16490
C -22.72260 41.54590 10.25630
C -20.60180 43.85070 10.24610
C -21.67230 46.90790 10.17650
H -25.64830 43.93970 11.66960
C -39.89530 47.65600 10.03060
C -43.13500 48.34030 10.02110
C -40.88150 50.62830 10.02100
C -44.01690 51.38990 10.00510
C -42.00280 53.73530 10.01640
C -45.03790 54.20030 9.98338
C -38.75120 52.99400 10.02880
C -34.65230 49.38500 10.01070
C -37.73950 49.99310 10.02890
C -35.79200 52.43980 10.02240
H -30.05520 47.56880 11.65050
C -32.61400 51.80870 9.99275
H -32.27200 53.60400 11.58860
C -31.52200 48.76330 9.99224
H -31.17920 50.61260 11.59200
C -26.06670 50.52920 10.17560
C -28.28610 48.10330 10.07510
C -29.28190 51.01900 10.11360
C -27.05770 53.49270 10.12660
C -30.48030 54.06900 10.01030
H -27.88630 49.84520 11.79170
H -28.94040 52.94270 11.66110
C -24.96840 47.47760 10.08430
C -23.94810 52.86940 10.15790
C -22.74050 49.87800 10.15230
C -19.52050 49.19790 10.22500
C -20.49150 52.34930 10.12730
H -22.34020 51.76210 11.74510
H -20.14730 54.18910 11.76720
H -24.60410 49.30000 11.75600
H -21.31120 48.70390 11.84020
H -25.63000 52.34120 11.90900
C -43.25630 56.70220 10.01940
C -39.87320 56.07140 10.01800
C -40.87140 59.03320 10.01210
C -43.88610 59.92430 10.00250
C -36.75620 55.39840 10.02860
C -37.67520 58.33550 10.01820
C -33.68490 54.73600 10.00280
C -34.59560 57.77720 10.00990
C -35.58640 60.84720 10.00220
C -32.43480 60.07230 9.99054
C -31.46400 57.03800 9.98556
H -31.10600 58.87230 11.58810
C -28.11500 56.36540 10.03600
C -25.94640 58.83220 10.08960
H -29.99430 55.87890 11.58800
C -29.31740 59.48520 10.02080
H -27.83970 58.25620 11.64750
H -26.72170 55.32330 11.72110
C -24.90440 55.88590 10.14940
C -21.64350 55.28170 10.05220
C -19.37760 57.57360 9.99146
C -22.76260 58.23060 10.00340
C -20.48540 60.57130 9.91386
H -22.33950 60.15470 11.42920
H -25.48290 60.63530 11.68510
H -23.36040 54.72360 11.71080
H -24.47880 57.66320 11.73080
H -21.22630 57.12470 11.61860
H -44.92290 64.21770 11.53730
H -43.45580 61.34310 11.58300
C -42.99280 64.89890 9.95586
H -39.38870 66.17360 11.59400
C -39.73200 64.34260 9.98440
C -40.79560 67.39380 9.97972
H -42.54650 66.67950 11.56550
H -41.49180 63.78950 11.57190
C -41.77070 62.00640 9.98401
C -44.89480 62.69070 9.96909
C -38.70450 61.35100 10.00340
C -34.52810 65.98940 9.98249
C -33.41490 63.08640 9.98751
H -33.09890 64.87520 11.58200
C -37.63900 66.77250 9.99345
C -36.56740 63.77090 9.99295
H -36.27270 65.54850 11.59480
C -30.34460 62.54010 10.05200
H -29.93680 64.33580 11.65180
C -26.97940 61.78020 10.07540
C -31.37550 65.48030 9.98340
H -32.10970 61.91180 11.59390
H -31.03090 67.31760 11.59400
C -25.92810 67.16560 9.94590
C -28.17060 64.78180 10.01840
H -27.75640 66.68430 11.52230
H -26.72980 63.65810 11.72730
H -28.79760 61.30830 11.58230
H -19.98480 62.46640 11.39860
H -24.39810 66.00990 11.57570
C -21.51950 63.63440 9.82606
H -23.30570 63.06990 11.42120
H -21.13800 65.37570 11.53770
C -22.57380 66.62420 9.96075
C -19.38650 65.89130 9.87948
C -25.00230 64.18350 10.01100
C -23.88990 61.16760 9.87201
C -41.95650 36.83970 13.23880
C -43.24860 39.90560 13.25860
C -39.90380 39.21410 13.24480
H -43.64610 36.20340 11.62770
H -40.54670 35.69430 11.63340
H -41.76090 38.68100 11.64580
H -45.05430 39.07380 11.66010
C -45.08900 37.51890 13.21010
C -44.11040 34.28980 13.22880
C -38.78280 36.24940 13.22900
H -38.55160 38.05970 11.62620
C -35.74340 35.79450 13.21490
C -36.84650 38.67210 13.23370
H -35.44030 37.56310 11.61610
C -33.64220 38.01210 13.22080
H -33.33600 39.83280 11.63470
H -37.39700 35.10550 11.61960
H -36.41840 40.48130 11.64910
H -34.38960 34.55560 11.60270
C -32.66340 35.08210 13.20630
H -32.28780 36.86620 11.60380
C -31.54450 40.28030 13.22430
C -30.47160 37.33910 13.19470
C -27.19630 36.81660 13.31060
H -30.11090 39.17350 11.57790
C -28.39020 39.79190 13.22610
C -29.42800 34.47040 13.22880
H -28.92950 36.28950 11.60370
H -26.82200 38.60090 11.67500
C -23.73070 36.21870 13.40030
C -25.01520 39.11300 13.30010
C -20.35110 35.50910 13.41780
C -21.61480 38.62620 13.50480
H -21.21090 40.41360 11.83270
H -25.57920 35.68280 11.80780
H -22.24440 35.07300 11.83970
H -20.14900 37.41250 11.86740
H -23.37560 38.06710 11.82390
H -39.52390 41.01710 11.65760
C -40.94290 42.28580 13.25640
H -42.67380 41.60700 11.65680
C -43.96850 43.09110 13.25520
H -43.54250 44.51980 11.64010
C -41.88280 45.26250 13.24560
H -40.54660 44.00730 11.64900
H -41.65200 47.08770 11.63540
C -44.99950 45.94000 13.22010
H -45.05340 47.23820 11.61560
C -38.88510 44.58540 13.25350
C -34.68950 41.05500 13.24320
H -38.48840 46.41460 11.63780
C -37.77390 41.66450 13.25920
C -35.74080 44.07250 13.25370
H -37.46120 43.43330 11.66320
H -34.32190 42.83900 11.63760
C -36.74080 47.01060 13.24060
C -33.58030 46.42900 13.22080
H -35.34380 45.81560 11.64850
C -32.54710 43.41360 13.22310
H -32.23890 45.20650 11.60790
H -31.18790 42.13290 11.61390
C -26.19650 42.09110 13.28090
C -29.40680 42.75040 13.24870
C -27.16500 45.06110 13.29160
C -30.49880 45.75150 13.24390
H -27.91940 41.53620 11.54940
C -19.45680 40.94910 13.51950
C -23.98140 44.54730 13.40140
C -22.75990 41.49460 13.44090
C -20.60380 43.93320 13.50850
C -21.74290 46.80820 13.42140
H -20.20790 45.74010 11.80870
H -23.52530 46.34960 11.73890
H -22.38590 43.39720 11.90930
H -24.53820 41.01410 11.77620
C -39.88470 47.60830 13.23650
C -43.21890 48.04050 13.22530
H -42.71640 49.92540 11.61890
C -40.93530 50.63710 13.22640
H -39.48600 49.43640 11.62850
C -44.06770 51.45360 13.21160
C -42.00590 53.72380 13.22150
H -43.62920 52.87660 11.61020
H -40.57340 52.47730 11.62580
C -45.09480 54.27840 13.19350
C -38.77560 53.04420 13.23600
C -37.76320 49.99790 13.23330
C -34.62900 49.39310 13.21390
H -36.36770 48.79620 11.62820
H -33.21410 48.20490 11.60040
C -35.72050 52.43590 13.22570
H -34.34950 51.22620 11.60760
H -37.45550 51.77970 11.63740
H -35.39960 54.19270 11.62700
C -32.60300 51.78160 13.19790
C -31.46770 48.73240 13.19870
C -28.31310 47.90810 13.32300
C -26.09130 50.40100 13.41800
C -29.42060 51.10900 13.24210
C -27.29250 53.57620 13.42860
C -30.51410 54.10140 13.19350
C -25.03930 47.42700 13.33680
C -23.84720 52.89360 13.44370
C -22.80910 49.93180 13.38890
C -19.49300 49.35800 13.45340
C -20.57680 52.35750 13.36660
H -45.00190 55.71460 11.62420
C -43.19540 56.63290 13.22420
C -39.88820 56.04650 13.22480
C -40.82210 59.01050 13.21730
H -41.69770 55.55750 11.62030
H -42.60750 58.46610 11.62130
H -39.43800 57.82640 11.61340
C -43.83850 59.47220 13.20740
H -40.42260 60.79620 11.60810
H -38.51120 54.83250 11.63260
C -33.60260 54.75360 13.20810
C -36.75990 55.42160 13.23380
C -37.66750 58.38550 13.22200
C -34.54200 57.80200 13.21510
H -36.30830 57.17350 11.63130
H -33.18090 56.52330 11.60090
H -37.31580 60.19240 11.61650
H -34.22480 59.55490 11.60320
C -35.55520 60.83140 13.21000
C -32.44980 60.05130 13.19900
C -31.45370 57.02910 13.19270
C -28.30380 56.44150 13.27940
C -26.00020 58.83270 13.25350
C -29.32240 59.51680 13.16770
C -24.93820 55.84520 13.31850
C -21.62980 55.35390 13.37300
C -19.45340 57.70750 13.23630
C -22.64460 58.46490 13.16900
C -20.53330 60.68270 13.04000
C -40.77210 67.35200 13.18680
C -39.74950 64.33010 13.18970
C -41.77990 62.03840 13.19020
C -43.07200 64.89030 13.16090
C -44.92320 62.61910 13.17760
C -38.73450 61.40670 13.21050
C -36.56920 63.73180 13.19960
C -34.53930 66.04640 13.19060
C -37.68240 66.77880 13.20200
C -33.41160 63.12250 13.19520
H -35.15890 62.62840 11.59840
H -38.33340 63.16910 11.59600
C -30.38050 62.40780 13.17540
C -28.20920 64.90930 13.24410
C -27.03490 61.82660 13.29530
C -31.39470 65.50180 13.19230
C -25.88630 67.17480 13.15480
C -22.55280 66.53350 13.17880
C -23.67830 61.36680 13.15960
C -21.52000 63.54080 13.06170
C -24.74920 64.10340 13.12880
C -19.27670 65.83430 13.10040
C -41.82650 70.32870 9.97280
C -43.05290 73.22540 9.95853
C -39.77210 72.69240 9.96318
H -40.44530 69.15730 11.58800
H -43.44630 69.69460 11.57250
H -41.54660 72.14060 11.56810
C -43.76910 68.21170 9.95080
H -44.91480 72.43780 11.56430
C -44.89650 71.06040 10.00390
C -38.71030 69.74260 9.98237
H -38.43630 71.48910 11.56700
C -35.54300 69.14700 9.98538
C -36.66240 72.08870 9.96942
C -33.52260 71.44810 9.97678
H -35.27730 70.91080 11.57900
H -36.28110 73.86350 11.57300
H -33.13890 73.26290 11.58150
H -34.18630 67.85500 11.58350
C -32.43030 68.49030 9.98152
H -32.09240 70.31890 11.57950
C -31.36420 73.80630 9.97946
C -30.26000 70.89420 9.99118
C -27.06000 70.29720 10.02220
C -28.08720 73.17650 10.01950
H -29.87100 72.70450 11.61490
C -29.18080 67.80730 9.99771
H -26.62100 72.06180 11.67020
H -28.85500 69.69220 11.59160
C -23.78090 69.40990 9.89925
C -24.91440 72.56070 9.95155
C -20.45650 68.89900 9.81233
C -21.62380 71.81690 9.82494
H -19.99620 70.76480 11.37030
H -21.16200 73.69460 11.36450
H -22.23000 68.39520 11.56950
H -25.58370 69.03190 11.51660
H -23.38220 71.28670 11.50040
H -39.43540 74.48250 11.56530
C -40.83230 75.66090 9.95743
H -42.59480 74.98900 11.55300
C -43.85590 76.48210 9.95873
C -41.77560 78.72300 9.96934
H -41.42400 80.43680 11.57900
H -43.45770 77.94930 11.57420
H -40.45980 77.42790 11.56330
C -44.97260 79.33910 10.06010
C -38.71040 77.95550 9.96907
C -34.51650 74.42810 9.97171
H -38.29990 79.78730 11.58140
C -37.67440 75.12590 9.96690
C -35.58670 77.49110 9.97114
C -36.57930 80.42700 9.97504
C -33.41910 79.82440 9.97846
H -35.18610 79.23980 11.57440
H -37.31860 76.86100 11.57470
H -34.16000 76.24440 11.57230
C -32.38530 76.87570 9.97940
H -32.00710 78.66580 11.59040
H -31.06280 75.63270 11.58450
C -25.86720 75.46540 9.94590
C -29.17260 76.05180 10.03810
C -30.27550 79.28090 9.96031
C -26.97300 78.51870 9.95062
H -27.63550 75.02530 11.62260
H -28.81840 77.97840 11.50360
H -26.60070 80.36030 11.55860
C -19.42160 74.24220 9.70135
C -23.73130 77.93800 9.75060
C -22.71030 74.84910 9.79957
C -20.46090 77.31780 9.62397
C -21.38060 80.46980 9.77920
H -23.22100 79.77470 11.29570
H -22.19480 76.74710 11.33630
H -25.41250 77.36620 11.51250
H -19.98560 79.07360 11.30830
H -24.33780 74.36250 11.55000
C -39.70020 81.01540 9.97988
C -42.96180 81.63550 9.99044
C -40.68640 83.99730 9.98428
H -39.30450 82.80020 11.58670
C -41.72960 87.07350 9.98091
H -40.33900 85.80210 11.57800
C -43.85180 84.67130 10.00470
C -44.84340 87.53960 9.98000
C -38.59740 86.42220 9.97839
C -37.59450 83.41790 9.97775
C -34.45980 82.82410 9.97932
H -36.19390 82.26700 11.57810
H -33.01510 81.64060 11.58360
C -35.55720 85.87400 9.98791
H -37.28830 85.22380 11.57530
H -34.19620 84.62370 11.58950
C -32.48940 85.24040 10.00320
H -29.79630 81.05000 11.59940
C -31.30480 82.22320 9.99054
C -28.06450 81.52820 9.91239
C -25.83280 83.99950 9.95970
C -29.17470 84.55000 10.08210
C -26.94470 86.84310 10.01010
C -30.30100 87.51900 10.03340
H -27.63870 83.33750 11.58900
C -24.77570 80.89520 9.88195
C -23.64170 86.26750 10.00640
C -22.48370 83.26970 9.96273
C -19.23090 82.67230 9.90418
C -20.32600 85.60520 9.87662
H -25.39250 85.76470 11.69160
H -24.37610 82.78910 11.51310
H -20.98990 82.14040 11.57880
H -22.10600 85.14310 11.56180
H -19.92400 87.48650 11.44560
C -43.05680 90.11120 9.98666
C -39.71670 89.45980 9.98822
H -41.53080 88.89120 11.57570
C -40.74190 92.42640 10.00360
H -42.54050 91.74650 11.58560
C -43.77180 93.23550 9.99476
H -38.37640 88.23270 11.59150
C -36.65210 88.80860 10.00620
C -33.47470 88.13740 10.01010
C -37.63800 91.76500 10.01670
C -34.53840 91.09890 10.02280
C -35.53240 94.07540 10.01560
C -32.46470 93.44410 10.01400
C -28.03960 89.89200 9.89375
C -31.34330 90.49700 10.01470
C -25.79890 92.12950 9.96829
C -29.17500 92.93910 10.01550
C -20.27770 93.88600 9.93886
C -22.46130 91.55570 9.96618
C -24.68140 89.11620 9.92119
C -21.44470 88.58010 9.89097
C -19.15590 91.00100 9.87419
C -40.84710 100.67000 10.02400
C -44.89880 96.08650 9.96960
C -43.09820 98.31370 10.00910
C -39.75380 97.65210 10.01600
C -41.81080 95.36740 10.00730
C -37.59620 100.02300 10.01340
C -36.60360 97.05190 10.01180
C -34.51100 99.45260 10.00590
C -33.48080 96.44650 10.00380
C -38.64200 94.74310 10.02150
C -31.32030 98.76840 9.99978
C -30.21990 95.80560 10.04640
C -25.76390 100.50900 10.03070
C -28.06490 98.17760 10.02890
C -26.99990 95.23410 10.06100
H -27.64340 99.98440 11.64890
C -22.53210 99.92440 10.00170
C -24.69130 97.54720 10.09230
C -21.43530 96.82960 9.94604
C -23.67080 94.55910 9.94412
C -19.19240 99.26800 9.92497
H -20.96560 98.71620 11.52970
H -24.33160 99.40190 11.67200
C -41.78310 70.33560 13.18030
C -43.07000 73.16440 13.16420
C -39.78730 72.74820 13.16970
C -44.87960 70.98730 13.21200
C -43.81740 67.74960 13.15730
C -38.70390 69.70610 13.19020
C -35.52320 69.07910 13.19300
C -36.69110 72.05540 13.17620
C -33.49620 71.47980 13.18290
H -37.32400 68.57740 11.60460
C -32.43690 68.48550 13.18980
C -31.38360 73.85100 13.18700
C -30.31330 70.81320 13.15940
C -27.03760 70.11690 13.17870
C -28.12990 73.24440 13.25750
C -29.20130 67.80780 13.14760
C -23.76780 69.53330 13.18430
C -24.70820 72.55930 13.16680
C -20.39940 69.00030 13.10800
C -21.50590 71.90170 13.04800
C -40.84340 75.63030 13.16310
C -43.85750 75.96910 13.16700
C -41.78320 78.63730 13.17440
C -44.91160 79.18810 13.26830
H -44.86250 80.76690 11.60560
C -38.74660 77.95180 13.17580
C -34.51960 74.47520 13.17950
C -37.67210 75.00320 13.17570
C -33.39370 79.78280 13.18580
C -36.57750 80.46260 13.18140
C -35.61290 77.42830 13.17680
C -32.41820 76.86040 13.18680
C -25.81650 75.58600 13.16870
C -29.22600 76.15940 13.12250
C -30.24060 79.23920 13.15120
C -26.99160 78.44230 13.11570
C -19.34440 74.34950 12.96760
C -23.52280 78.02310 13.00920
C -22.43270 75.03980 13.04350
C -20.42200 77.26320 12.94250
C -21.38160 80.25770 12.97930
C -39.69150 80.96960 13.18480
C -42.97550 81.53540 13.19580
H -42.43240 83.33140 11.59670
C -40.66020 84.07360 13.19000
C -43.84230 84.29730 13.21190
C -41.72920 87.05550 13.18510
H -43.39310 86.22700 11.59610
C -44.87290 87.61300 13.19040
C -38.65720 86.44010 13.18500
C -34.39140 82.83540 13.18700
C -37.60500 83.43860 13.18260
C -35.56710 85.75870 13.19110
H -35.21880 87.56680 11.60640
C -32.50100 85.23670 13.20900
H -32.06020 86.97460 11.61330
C -31.26580 82.16900 13.19780
H -31.08250 84.04860 11.61370
C -25.82640 83.87920 13.21880
C -28.02750 81.48100 13.26370
C -29.19800 84.41660 13.20360
C -26.89890 86.97600 13.19850
C -30.21620 87.44310 13.20020
H -28.78070 86.40080 11.70030
C -24.63300 80.91630 13.03290
C -23.61750 86.24920 13.24880
C -22.52640 83.27730 13.14450
C -19.20120 82.66910 13.17130
C -20.25590 85.71500 13.15260
H -44.90860 88.88080 11.60490
C -43.06450 90.06110 13.18950
C -39.78400 89.37390 13.19450
C -40.75780 92.40650 13.20900
H -39.36170 91.19530 11.60930
C -43.80100 93.23170 13.20050
H -40.37010 94.18900 11.62260
C -33.45620 88.12940 13.21580
C -36.65880 88.76870 13.21320
H -33.09290 89.93980 11.61880
C -37.64560 91.73560 13.22270
C -34.53110 91.03290 13.22780
H -36.28400 90.54920 11.62970
H -37.24390 93.53150 11.62090
H -34.15430 92.83980 11.62640
C -35.47650 94.05600 13.22260
C -32.46540 93.46260 13.22020
H -29.86230 89.32180 11.59220
C -28.03660 89.82760 13.18690
C -31.32260 90.48660 13.22050
H -30.98800 92.34530 11.61840
C -25.78920 92.13630 13.13590
C -29.12770 92.90610 13.24240
H -27.70830 91.70130 11.57070
H -26.51840 88.73430 11.52410
C -20.28620 93.91850 13.10240
C -24.68130 89.30690 13.15420
C -21.34240 88.62860 13.14080
C -19.14240 90.98520 13.12870
C -22.43300 91.55450 13.10440
H -25.47020 94.00280 11.57970
H -24.28810 91.03820 11.50310
H -22.10460 93.39270 11.54230
H -23.16490 88.09580 11.62650
H -20.90780 90.41310 11.49720
H -44.94570 97.60100 11.60070
H -43.46210 94.73820 11.59760
C -41.81860 95.35900 13.21450
C -43.05990 98.31130 13.21420
C -39.77590 97.67960 13.22320
C -40.83870 100.61500 13.22800
H -39.35890 99.48950 11.61970
H -41.54040 97.19370 11.61310
H -42.64890 100.14500 11.62190
C -44.90320 96.15430 13.17530
C -36.60450 97.12560 13.22010
C -38.66180 94.76970 13.22660
H -33.09910 98.22900 11.60850
C -33.46160 96.50500 13.21130
H -36.21370 98.88110 11.61190
C -34.51010 99.47520 13.21100
H -38.32760 96.51670 11.62660
H -35.21040 95.89600 11.60950
C -37.61750 99.97520 13.22020
C -26.87000 95.08600 13.31860
H -29.87000 97.65300 11.59590
C -25.81260 100.55900 13.29470
H -32.05270 95.26370 11.60640
H -28.74460 94.69590 11.70040
C -28.08490 98.14820 13.26550
C -31.34130 98.80350 13.20540
H -26.51360 97.00640 11.73930
C -30.26140 95.79930 13.26500
H -30.98820 100.57900 11.60480
H -23.17050 96.34310 11.65400
C -22.40650 99.94780 13.18800
C -24.65840 97.53010 13.28040
C -19.20310 99.39990 13.18870
C -21.26830 96.95230 13.20480
C -23.60550 94.48620 13.21100
H -19.91960 95.73860 11.53550
C -41.74120 103.67900 10.03230
C -43.01520 106.44000 10.05110
C -39.71180 105.97100 10.04090
C -44.85210 104.48900 10.00210
C -43.91250 101.62200 10.02230
C -38.68510 102.91900 10.02250
C -35.54090 102.34100 10.01030
C -36.55060 105.33400 10.02680
C -33.40300 104.82600 10.01550
C -32.40630 101.77300 10.00160
C -31.37030 107.04300 10.01890
C -30.26300 104.11100 10.02360
C -27.03140 103.44700 9.94137
C -28.06610 106.48500 9.90963
C -29.21320 101.03200 10.01810
H -26.63320 105.29600 11.50400
C -23.74290 102.79800 9.99645
C -24.81210 105.79100 9.90023
C -20.37560 102.21000 9.92278
C -21.55360 105.21300 9.86220
H -21.07650 107.06000 11.48280
H -22.18540 101.72100 11.57970
H -23.30600 104.69000 11.52610
H -20.00640 104.10900 11.39590
H -25.51440 102.38400 11.62490
C -40.71830 108.98600 10.05260
C -43.83350 109.29700 10.04780
C -41.70740 111.88100 10.03780
C -44.83360 112.59700 10.01110
C -38.60560 111.29000 10.04650
C -34.46400 107.75700 10.03850
C -37.58920 108.32100 10.05540
C -35.49120 110.75000 10.04790
C -33.46470 113.03800 10.01660
C -36.57160 113.68900 10.03590
C -32.33690 110.11800 10.01610
C -25.85470 108.93400 9.94508
C -29.25890 109.42400 10.02540
C -27.05160 111.78300 9.97117
C -30.18230 112.41100 10.02390
H -28.81570 111.24400 11.65690
H -26.66070 113.63000 11.50580
C -19.32260 107.54200 9.81665
C -23.83150 111.31800 9.95151
C -22.58860 108.26800 9.86635
C -20.50970 110.60700 9.79420
C -21.58050 113.61300 9.94570
H -22.26610 110.08400 11.50070
H -23.32530 113.02000 11.65380
H -19.91900 112.47000 11.40610
H -24.37190 107.71000 11.51850
H -25.51550 110.67400 11.60080
C -39.74580 114.27700 10.03060
C -43.00490 114.80500 10.02110
C -40.80950 117.27900 10.02100
C -43.92950 118.09800 10.00510
C -41.82490 120.25000 10.01640
C -44.88950 120.91900 9.98338
C -38.71380 119.52600 10.02880
C -34.51130 116.01800 10.01070
C -37.64580 116.60800 10.02890
C -35.60020 118.99100 10.02240
C -32.45130 118.52400 9.99275
H -29.87050 114.28000 11.60960
H -32.14920 120.31000 11.58860
C -31.35760 115.41300 9.99224
H -31.08780 117.29700 11.59200
C -25.87010 117.15600 9.85806
C -28.13750 114.76800 9.89712
C -29.36400 117.87300 9.91991
C -27.12140 120.21700 9.87938
H -27.77480 116.69200 11.43100
H -28.81180 119.63800 11.59160
C -30.31640 120.79200 10.02880
C -24.80110 114.10700 9.93467
H -25.58470 119.01800 11.41570
C -23.81220 119.46700 9.78565
C -22.64660 116.45800 9.79741
C -19.37280 116.04800 9.78877
C -20.53120 118.91400 9.74476
H -22.32590 118.31800 11.38510
H -24.45520 115.97000 11.49980
H -20.12150 120.75200 11.29450
H -21.08690 115.39300 11.42720
C -43.04530 123.14400 10.01940
C -39.79480 122.59100 10.01800
C -40.83420 125.51700 10.01210
C -43.86150 126.38200 10.00250
C -36.71660 122.01400 10.02860
C -37.71350 124.93800 10.01820
C -33.53830 121.47200 10.00280
C -34.59680 124.54300 10.00990
C -35.64890 127.35600 10.00220
C -32.45000 126.69300 9.99054
C -31.47970 123.78800 9.98556
H -31.06120 125.54300 11.58810
C -28.16670 123.19300 9.96657
C -25.98720 125.44900 9.86986
H -29.96040 122.63900 11.58110
C -29.29470 126.19400 10.07290
H -26.64950 121.98800 11.56440
H -27.71090 124.98300 11.59540
C -20.57570 127.26600 9.66527
C -24.94030 122.57600 9.82585
C -21.61100 121.94200 9.74267
C -19.47180 124.23300 9.66848
C -22.67940 124.90600 9.77689
H -22.23970 126.70600 11.45460
H -24.39490 124.33000 11.46090
H -23.41640 121.36100 11.35860
H -21.21640 123.72700 11.40770
H -25.57130 127.27700 11.52490
C -44.93700 129.22700 9.96909
H -43.49780 127.89000 11.58300
H -41.63390 130.36700 11.57190
H -39.48970 132.68400 11.59400
C -41.81190 128.62400 9.98401
C -43.06120 131.51200 9.95586
C -39.89100 130.88500 9.98440
C -40.82180 133.89900 9.97972
H -42.61380 133.33100 11.56550
H -44.91010 130.72000 11.53730
C -38.74870 127.87700 10.00340
H -36.34200 132.18900 11.59480
C -36.72520 130.36900 9.99295
C -37.73550 133.33900 9.99345
H -33.18140 131.51600 11.58200
C -34.59450 132.76300 9.98249
C -33.53960 129.71100 9.98751
C -30.34570 129.06800 10.08390
H -31.10470 133.85500 11.59400
C -31.43210 132.03600 9.98340
C -28.14290 131.43900 10.05280
C -27.09550 128.49800 9.97809
H -32.17110 128.52400 11.59390
H -29.95360 130.93200 11.60690
C -26.14450 133.78700 10.01840
H -26.63150 130.27600 11.68470
H -28.80930 127.94800 11.72920
H -27.81410 133.20500 11.75390
H -19.99870 129.06700 11.32190
C -19.45750 132.78600 9.69072
C -21.49560 130.20800 9.77273
C -23.76860 127.81800 9.84753
C -24.88360 130.89400 9.95412
H -24.52020 132.70200 11.59550
H -23.33030 129.67700 11.41380
H -21.20360 132.07000 11.47600
C -22.75030 133.21900 9.88807
C -41.78340 103.65000 13.23880
C -43.01730 106.44400 13.25860
C -39.69720 105.93400 13.24480
H -43.44900 103.10600 11.62770
H -40.42290 102.43300 11.63340
H -41.45770 105.44000 11.64580
H -44.86020 105.91900 11.66010
C -44.89550 104.43600 13.21010
C -43.85510 101.11200 13.22880
C -38.68780 102.93400 13.22900
H -38.28660 104.75300 11.62620
C -35.52180 102.37300 13.21490
C -36.53880 105.28800 13.23370
H -35.13380 104.16300 11.61610
C -33.38310 104.81200 13.22080
H -33.06450 106.56800 11.63470
H -37.23110 101.82500 11.61960
H -36.18700 107.10300 11.64910
H -34.10540 101.19700 11.60270
C -32.31570 101.71800 13.20630
H -32.06230 103.59200 11.60380
C -31.27740 107.05900 13.22430
C -30.29980 104.13900 13.16810
C -27.01650 103.57000 13.18910
H -29.81200 105.97300 11.57210
C -28.00240 106.45800 13.17870
C -29.21090 101.13400 13.18100
H -28.79190 102.92700 11.57340
C -23.65230 102.87700 13.21690
C -24.84030 105.90800 13.12360
C -20.32930 102.38800 13.12780
C -21.42530 105.22200 13.09690
H -39.33480 107.75800 11.65760
C -40.75760 108.89500 13.25640
H -42.55360 108.32500 11.65680
C -43.88020 109.83600 13.25520
H -43.39940 111.23300 11.64010
C -41.72060 111.93700 13.24560
H -40.32260 110.69500 11.64900
H -41.49630 113.71000 11.63540
C -44.84690 112.64700 13.22010
H -44.84590 114.13800 11.61560
C -38.58250 111.32800 13.25350
C -34.47140 107.74900 13.24320
H -38.32890 113.11400 11.63780
C -37.62240 108.29800 13.25920
C -35.47640 110.74000 13.25370
H -37.21220 110.08500 11.66320
H -34.05380 109.56100 11.63760
C -36.58210 113.63600 13.24060
C -33.39150 113.05100 13.22080
H -35.18880 112.48800 11.64850
C -32.33390 110.15200 13.22310
H -32.01560 111.93400 11.60790
H -31.00940 108.88400 11.61390
C -25.86850 108.80600 13.18280
C -29.20890 109.38800 13.17660
C -26.94710 111.82000 13.15240
C -30.26000 112.42300 13.22610
H -27.64030 108.32600 11.56380
C -19.17630 107.63900 13.01480
C -23.73540 111.20100 13.23640
C -22.53230 108.25000 13.11410
C -20.40060 110.62800 12.99170
C -21.38830 113.57900 13.08620
C -39.77960 114.30600 13.23650
C -42.99480 114.74700 13.22530
H -42.58110 116.66100 11.61890
C -40.80450 117.23700 13.22640
H -39.40450 116.09300 11.62850
C -43.93040 117.63000 13.21160
C -41.86250 120.29200 13.22150
H -43.48960 119.51300 11.61020
H -40.47160 119.03900 11.62580
C -44.89590 120.86100 13.19350
C -38.72240 119.58500 13.23600
C -37.63950 116.57300 13.23330
C -34.50310 116.05700 13.21390
H -36.26010 115.43300 11.62820
H -33.11270 114.88600 11.60040
C -35.57870 118.96500 13.22570
H -34.16620 117.85500 11.60760
H -37.29560 118.37600 11.63740
H -35.23950 120.82500 11.62700
C -32.44240 118.52400 13.19790
C -31.40910 115.46000 13.19870
C -28.08340 114.94900 13.16840
C -25.93670 117.17700 13.02150
C -29.23180 117.77200 13.14440
C -26.96480 120.10500 13.17370
C -30.35140 120.83500 13.17030
C -24.91600 114.20200 13.18160
C -23.75500 119.52300 12.99820
C -22.63310 116.49200 13.02070
C -19.28450 116.00800 12.97530
C -20.53010 118.94900 12.96140
H -44.90170 122.38000 11.62420
C -43.03210 123.11500 13.22420
C -39.80940 122.56900 13.22480
C -40.84510 125.54800 13.21730
H -41.56490 122.00700 11.62030
H -42.61920 124.94800 11.62130
H -39.44320 124.34300 11.61340
C -43.83490 126.02000 13.20740
H -40.47140 127.29000 11.60810
H -38.40720 121.34400 11.63260
C -36.69300 121.97800 13.23380
C -37.73850 124.94200 13.22200
C -33.50230 121.52200 13.20810
C -34.60540 124.46900 13.21510
H -36.31940 123.77900 11.63130
H -33.18140 123.26200 11.60090
H -37.35440 126.74700 11.61650
C -35.60620 127.32200 13.21000
H -34.19190 126.23100 11.60320
C -32.42380 126.73000 13.19900
C -31.39610 123.80300 13.19270
C -28.18240 123.11700 13.16830
C -25.84160 125.40700 13.19290
C -29.27880 126.06100 13.21160
C -24.76360 122.49100 13.10120
C -21.54330 121.85900 12.97010
C -19.26820 124.14400 12.84980
C -22.54100 124.89400 13.09380
C -20.37070 127.22300 12.97500
C -43.08200 131.50100 13.16090
C -44.94140 129.21700 13.17760
C -40.79530 133.90900 13.18680
C -41.77010 128.53000 13.19020
C -39.93420 130.97200 13.18970
C -34.58720 132.70100 13.19060
C -38.76280 127.92500 13.21050
H -35.32820 129.18400 11.59840
H -38.44990 129.74300 11.59600
C -33.54760 129.73200 13.19520
C -36.72060 130.44100 13.19960
C -37.75430 133.30800 13.20200
C -30.42010 129.10300 13.19850
C -31.42010 132.06100 13.19230
C -28.18470 131.28000 13.29260
C -26.94970 128.37200 13.29420
C -25.96560 133.78000 13.31210
C -24.72140 130.80300 13.17180
C -21.47450 130.17600 13.03070
C -19.33880 132.74500 12.95780
C -23.76700 127.86000 13.07660
C -22.63920 133.21800 13.14100
C -17.30500 1.65274 9.60599
C -14.81410 4.11620 9.58186
C -16.05130 7.04877 9.86868
C -12.75630 6.45272 9.69943
C -18.23920 4.69422 9.77388
C -13.83300 1.07109 9.54340
H -14.46500 5.86540 11.35130
H -16.63370 3.49776 11.14780
H -13.43630 2.84169 11.17450
H -17.82160 6.49768 11.44270
H -19.05470 1.22713 11.31430
C -11.72540 3.41753 9.54622
C -8.40413 2.93459 9.45180
C -9.47802 5.88407 9.53717
C -6.21542 5.26950 9.52830
H -6.88466 1.71323 10.93290
H -5.74055 7.07726 11.17200
H -8.00935 4.69946 11.18330
H -11.19330 5.21315 11.19790
H -10.17290 2.22823 11.14480
C -5.10468 2.23044 9.26129
C -1.74245 1.61891 9.33477
C -2.88677 4.63441 9.41857
C 0.31875 4.03065 9.27880
C -0.65554 7.10091 9.43192
H -4.64973 4.01167 10.93860
H -2.40607 6.43960 11.10600
H -1.35081 3.43586 11.00240
H 0.84471 5.83108 10.88640
H -3.51402 1.06829 10.86390
C 1.58974 1.02754 9.20070
C 3.84194 3.41779 9.15679
C 2.58575 6.43778 9.19146
C 7.02270 2.81872 9.25243
C 6.00863 5.79889 9.21111
H 7.47987 4.59560 10.87830
H 4.20203 5.20277 10.70620
H 5.27202 2.19814 10.82710
H 1.95197 2.87346 10.75940
C -18.21570 12.95710 9.97476
C -17.14370 9.94653 9.96357
C -15.04890 12.45190 9.98244
C -13.89930 9.36725 9.85441
H -12.26760 8.19591 11.34040
H -13.47520 11.18080 11.48670
H -16.76800 11.75740 11.60860
H -15.61220 8.79110 11.59410
H -18.99920 9.46310 11.53150
C -11.69440 11.93480 9.95051
C -10.57220 8.91934 9.67553
C -7.26641 8.28945 9.55886
C -8.38087 11.31310 9.77041
C -6.04668 13.55100 9.92931
H -9.05272 7.65650 11.13040
H -6.94484 10.02360 11.27280
H -7.92612 13.01520 11.45030
H -10.14560 10.66860 11.43390
H -11.17130 13.67170 11.64660
C -5.12966 10.67140 9.70481
C -3.95932 7.58832 9.47449
C -1.59619 9.92786 9.59384
C -2.87051 12.99740 9.80742
C 0.47269 12.47340 9.60622
H -0.15914 8.76348 11.23610
H -1.27045 11.70870 11.19560
H -3.50806 9.35732 11.10790
H -4.60063 12.29580 11.45990
C 1.47409 9.43285 9.49055
C 4.84725 8.80163 9.37818
C 8.23128 8.07140 9.17189
C 6.89484 11.08410 9.40234
C 3.63029 11.86910 9.46414
H 3.01268 8.19876 10.87610
H 4.14342 13.59340 11.13350
H 5.10813 10.61520 11.08420
H 6.41847 7.60497 10.87980
H 1.92216 11.25200 11.12180
H 7.45800 12.95450 11.03020
H -14.56640 14.17310 11.69580
C -15.94170 15.42570 10.04890
C -12.76010 14.80360 10.11590
C -17.11600 18.36630 10.19040
C -13.81580 17.73310 10.21820
H -17.73070 14.77380 11.58920
C -14.90770 20.66890 10.26600
C -9.47296 14.29330 9.96563
C -11.69560 20.16650 10.19870
C -10.55080 17.13770 10.19970
C -7.16675 16.48940 10.03680
C -8.35405 19.59180 10.12510
H -8.99855 16.00120 11.70260
H -5.65838 15.28260 11.63390
H 0.73425 14.12280 11.44360
C -4.87756 19.05560 10.05760
C -3.94689 15.90230 9.98769
C -0.72280 15.38630 9.89537
C -1.77922 18.31700 9.93778
H -2.43502 14.70890 11.52540
H -0.25663 17.14490 11.47380
H -3.52262 17.68990 11.63650
H -1.43932 20.10520 11.63610
C 0.25212 20.60180 9.97163
C 1.47072 17.72620 9.81828
C 5.94421 14.12220 9.46660
C 8.05894 16.46170 9.57327
C 4.68193 17.14020 9.72447
C 2.39167 14.81770 9.84077
C 3.63645 20.10370 9.73308
C 6.89271 19.58660 9.70558
H 2.95140 16.58790 11.44600
H 6.29040 15.91430 11.18860
H 5.19452 18.93540 11.34210
H 1.92777 19.51430 11.49070
C -17.20880 26.58930 10.35660
C -16.05750 23.64810 10.25170
C -12.85590 23.11150 10.19370
C -13.82270 26.07270 10.28430
C -18.33100 21.34120 10.23080
C -9.38122 22.54230 10.18940
C -6.10172 22.01720 10.22280
C -10.53010 25.38920 10.26750
C -7.18413 24.99130 10.33830
C -5.13607 27.30260 10.27870
C -4.05235 24.26450 10.17050
C -0.74445 23.61730 10.00060
C -1.73413 26.67820 10.08370
C -2.94107 21.29870 10.08630
H 0.77679 22.46840 11.55500
C 1.42847 26.09330 9.89913
C 8.04848 24.92950 9.74454
C 4.81125 25.52020 9.95647
C 2.55172 23.09430 9.86513
C 5.91320 22.57940 9.73511
H 4.10211 21.94620 11.29490
H 7.32096 21.33740 11.37200
H 6.36490 24.30950 11.46030
H 2.97766 24.93010 11.45680
C -16.02100 32.02800 10.17460
C -15.07910 29.01980 10.25970
C -12.73820 31.34210 10.18290
C -18.25410 29.52510 10.25150
C -10.47670 33.83310 10.07620
C -9.42011 30.74900 10.24640
C -7.13703 33.21920 10.26140
C -11.62000 28.48490 10.29920
C -8.33358 27.84330 10.25930
C -6.19407 30.24750 10.30260
C -3.95509 32.48280 10.26850
C -0.68423 32.11320 10.15620
C 0.38134 29.09350 10.00560
C -2.76685 29.69250 10.23860
C 4.80494 33.90920 10.01220
C 8.14567 33.20050 9.83908
C 5.88359 30.87930 9.82157
C 2.64108 31.43860 10.02290
C 6.95798 27.80990 9.84779
C 3.75359 28.43650 9.99008
C -17.10500 1.70467 12.82090
C -14.82100 3.94305 12.82670
C -15.94590 6.83979 13.05270
C -12.59190 6.29425 12.90140
C -18.08430 4.60447 12.91170
C -13.90340 1.06108 12.78690
C -11.62520 3.32622 12.80930
C -8.32547 2.76150 12.71790
C -9.45643 5.83507 12.79080
C -6.01378 5.13295 12.69360
C -5.02279 2.13658 12.51650
C -1.70906 1.54513 12.50550
C -2.84044 4.51867 12.60730
C 0.49168 3.98492 12.50800
C -0.55616 6.83720 12.68490
C 1.65938 1.10974 12.42790
C 3.79748 3.38708 12.38450
C 2.67947 6.30298 12.43120
C 7.00063 2.74429 12.48620
C 5.94207 5.77399 12.44380
C -17.09330 9.87211 13.13770
C -15.01190 12.21600 13.19300
C -13.71490 9.22069 13.07020
C -18.26170 12.92840 13.17670
C -11.66610 11.68470 13.11920
C -10.39760 8.73652 12.89700
C -7.27894 8.02523 12.79370
C -8.26722 11.12890 13.02740
C -6.09674 13.39060 13.11450
C -9.27805 14.06510 13.24000
C -3.86511 7.51614 12.77720
C -5.08284 10.35110 12.84690
C -1.74480 9.84771 12.76990
C 0.46139 12.16440 12.88150
C -2.67839 12.77890 12.99320
C 1.73517 9.36750 12.67210
C 4.82327 8.68449 12.53690
C 8.19023 8.08404 12.53990
C 3.64677 11.75190 12.77460
C 7.07875 11.00470 12.57340
C 5.97760 13.99950 12.78410
C -16.03900 15.34300 13.32320
C -12.81280 14.56340 13.33950
C -17.13270 18.33050 13.36500
C -13.84380 17.69330 13.45370
C -14.93680 20.59960 13.45070
H -13.42230 19.54320 11.89440
H -12.36960 16.54340 11.83140
H -16.82410 20.20440 11.82730
H -15.62680 17.21790 11.78420
H -18.88000 17.64630 11.76920
C -11.60110 20.17350 13.49160
C -7.06049 16.50220 13.19520
C -10.48550 17.05330 13.33960
C -8.17691 19.46470 13.31110
H -10.11640 19.02710 11.80310
H -6.74086 18.33250 11.55950
C -5.03798 18.79540 13.27850
C -0.58173 15.26680 13.08240
C -3.86960 15.81290 13.23340
C -1.65220 18.26190 13.18470
H -4.67370 20.76900 11.80470
C 0.45347 20.63320 13.12380
C 8.20456 16.42430 12.75920
C 1.58335 17.60000 13.09730
C 2.67858 14.62260 12.89920
C 4.91548 17.06980 12.91110
C 3.83708 20.11900 12.98550
C 7.08650 19.36530 12.88820
C -12.75000 22.97740 13.46050
C -16.01160 23.67230 13.49010
C -17.19440 26.68360 13.54970
C -13.83260 26.05920 13.49220
C -18.31590 21.29880 13.50200
H -12.33620 24.90480 11.89980
H -15.66940 25.51190 11.91500
H -19.04770 26.08380 11.96060
H -17.82240 23.09350 11.89210
H -14.59210 22.50490 11.86730
C -6.10777 21.93980 13.50810
C -10.48290 25.54210 13.46280
C -7.24791 24.92360 13.58490
C -9.36213 22.48370 13.37290
H -11.23750 21.98120 11.74200
H -7.83373 21.33790 11.77540
H -6.87695 26.77670 12.03430
H -10.12490 27.24370 11.85320
H -5.72323 23.81280 11.94870
H -8.97053 24.33880 11.87240
C -4.86504 27.33130 13.41500
C -2.79670 21.24770 13.35040
C -0.59144 23.63030 13.26700
C -3.76192 24.26550 13.44100
C -1.62593 26.55210 13.33100
H -3.47650 26.09500 11.73170
H -0.22519 25.45900 11.60080
H -2.48501 23.10170 11.72700
C 8.16529 24.85660 13.06140
C 1.59719 26.09780 13.15360
C 5.87178 22.42340 13.00420
C 4.81965 25.38490 13.12460
C 2.69345 23.07980 13.02230
H 5.26454 27.26720 11.65260
C -18.32210 29.62230 13.45200
C -12.73420 31.47570 13.39800
C -15.98460 32.06240 13.47070
C -14.97980 29.07220 13.49520
H -12.30220 33.28000 11.72670
H -14.56860 30.87720 11.82600
H -15.70430 33.86330 11.81170
H -13.49380 27.97170 11.84550
H -16.81970 28.47770 11.96140
H -17.76630 31.44480 11.82530
C -8.46161 27.91890 13.56090
C -7.28244 33.18810 13.48710
C -10.57370 33.91170 13.32060
C -9.43636 30.93210 13.48300
C -11.63510 28.50630 13.42550
C -6.11084 30.21190 13.45720
H -11.25120 30.33220 11.85920
H -5.71277 32.03870 11.93310
H -7.97318 29.67560 11.88290
H -9.01361 32.68630 11.76800
C -3.86508 32.59180 13.51570
C 0.60552 29.01290 13.30260
C -0.50670 31.98720 13.37480
C -2.76027 29.64460 13.45670
H -4.59796 29.12760 11.81650
H -2.40793 31.50880 11.85130
H 0.89324 30.85960 11.65000
H -1.29505 28.49680 11.81120
H -0.12142 33.86460 11.77620
H 4.17341 30.25740 11.58230
H 3.07783 33.26000 11.64000
H 7.45936 29.66080 11.30550
C 7.20275 27.91790 13.09830
C 8.25931 33.01300 13.05790
C 6.09293 30.75180 13.10430
C 2.73763 31.40960 13.25130
C 4.94229 33.71470 13.21700
C 3.68180 28.40720 13.21250
H 6.35150 32.62330 11.50120
H 1.92802 27.92270 11.49850
C -17.14350 35.05870 10.19420
C -15.06210 37.35070 10.15450
C -16.13880 40.42200 10.20310
C -12.93980 39.82010 10.19740
C -18.30660 38.07900 10.32020
C -13.92390 34.32820 10.17880
C -11.70420 36.75640 10.07980
C -8.19559 36.13130 10.13580
C -9.45943 39.24830 10.16200
C -6.04937 38.55260 10.16680
C -5.01923 35.49090 10.22590
C -1.67775 35.00200 10.21560
C -2.70822 37.95340 10.18670
C 0.46590 37.26050 10.14590
C -0.64209 40.28290 10.10280
C 1.58628 34.40200 10.03600
C 3.71902 36.82080 10.12530
C 2.77362 39.71700 10.10080
C 6.99767 36.14660 10.01720
C 5.98557 39.10220 9.98656
C -17.23680 43.40620 10.34400
C -14.02500 42.75270 10.26330
C -15.02350 45.78390 10.30590
C -18.40900 46.24850 10.27550
C -11.87060 45.09290 10.19860
C -10.71220 42.21440 10.13000
C -7.12044 41.51480 10.23480
C -8.34785 44.44920 10.14650
C -6.18287 46.73830 10.08480
C -3.89356 40.95560 10.07730
C -5.07121 43.97120 10.08130
C -1.77513 43.34500 10.16230
C -2.73852 46.30590 10.10010
C 0.45319 45.60100 10.06930
C 1.60241 42.65750 10.09560
C 4.85532 42.05380 10.03690
C 8.25645 41.42950 10.04220
C 7.13955 44.57180 10.06700
C 3.71988 44.98350 10.08680
C -16.16930 48.56440 10.26770
C -12.87560 48.13430 10.23030
C -17.23610 51.61910 10.13510
C -14.10650 50.91010 10.11850
C -15.05950 53.94020 9.97707
H -16.82480 53.56630 11.72850
H -19.02500 51.14370 11.76260
C -9.50937 47.40350 10.10300
C -11.81800 53.29400 9.96709
C -7.46768 49.78020 9.90818
C -10.76040 50.39250 10.07690
C -8.57130 52.70280 9.84522
C -5.15566 52.11740 9.99392
C -4.01860 49.35050 9.99898
C -0.59920 48.77030 9.98387
C -1.77945 51.50300 10.02920
C 0.45249 53.88650 9.98654
C 6.04412 47.34220 10.09260
C 1.57437 51.02440 9.95002
C 7.04971 52.78420 9.90345
C 3.71167 53.41420 9.92698
C 2.76436 47.98370 9.96384
C 4.88323 50.41680 9.93475
C 8.18075 49.76020 9.98004
H -18.95170 59.51460 11.55240
C -13.85390 59.53510 9.79267
C -17.12830 59.98410 9.90492
C -12.77730 56.46610 9.82527
C -16.10130 57.04220 9.95468
C -18.34810 54.68260 10.10460
H -15.54360 58.90520 11.52530
H -14.59240 55.88920 11.51210
H -12.35990 58.28180 11.44350
H -17.83440 56.58500 11.65580
C -6.12513 55.26580 9.80591
C -7.21904 58.13200 9.86383
C -10.52940 58.83640 9.79850
C -9.63912 55.80190 9.78159
H -11.37610 55.23390 11.49400
H -9.07132 57.61170 11.42220
H -6.79771 59.95860 11.46700
H -5.71817 56.99860 11.54550
H -10.05980 60.67010 11.39420
C -5.05522 60.58030 9.79652
C -1.72937 59.93790 9.88118
C -0.54126 56.89300 9.77955
C -3.97712 57.56390 9.84454
C -2.86592 54.57130 9.85550
H -0.14523 58.76100 11.37450
H -3.61068 59.39500 11.42410
C 8.41543 58.11870 10.02840
C 4.88353 58.75440 9.91937
C 5.96738 55.92660 10.00240
C 2.67332 56.33560 9.90426
C 1.72630 59.33900 9.80301
H 3.08144 58.14720 11.51320
H -12.33820 66.60640 11.34830
H -15.57200 67.26610 11.37400
C -14.95530 62.48880 9.76482
C -12.71390 64.74580 9.79057
C -16.00480 65.47280 9.73321
C -18.14980 62.91160 9.81005
H -17.78390 64.85850 11.37540
H -14.56780 64.28890 11.38810
H -16.66780 61.86200 11.47660
H -13.41260 61.32980 11.37270
H -7.84390 62.91240 11.44400
C -11.58270 61.85600 9.73983
C -10.51500 67.08180 9.74705
C -8.21255 61.13170 9.75669
H -5.69608 65.46830 11.47970
C -9.22057 64.14780 9.74815
C -6.05576 63.71090 9.84926
C -7.15671 66.64830 9.81313
H -9.00233 66.04020 11.40850
H -11.09800 63.71570 11.33620
H 0.90731 64.09760 11.58530
H -0.16892 67.01750 11.44240
C 0.46532 62.28010 9.93478
C -0.62823 65.10570 9.90271
C -2.73943 62.92680 9.94116
C -3.74732 65.85220 9.97239
H -4.68383 62.39950 11.45410
H -2.34031 64.70640 11.63870
H -1.35571 61.77060 11.53670
C 6.02062 64.03090 9.93166
C 2.68723 64.58740 9.93144
C 7.23127 61.01620 9.99229
C 3.91986 61.74160 9.89030
C 4.94054 67.13630 9.89301
H 3.06755 66.47770 11.49000
C 8.29068 66.29930 9.93522
H 2.06245 61.16010 11.49670
H 4.20720 63.54610 11.56910
H 6.39093 65.91790 11.50770
C -17.18680 34.98610 13.39200
C -14.93380 37.33770 13.45330
C -16.04800 40.34360 13.53250
C -12.82690 39.73620 13.42190
C -18.28400 38.05740 13.43980
C -13.89190 34.34940 13.37380
H -13.50810 36.22190 11.74920
H -16.78560 36.87320 11.85050
H -17.84260 39.88710 11.95120
H -14.66310 39.17740 11.80310
H -18.93390 34.38670 11.73050
C -11.68940 36.76110 13.32400
C -8.42586 36.21590 13.40580
C -9.46813 39.23890 13.36290
C -6.09633 38.46260 13.41510
H -11.30000 38.63670 11.72300
H -6.79933 35.04930 11.90880
H -5.56776 40.36370 11.86530
H -7.93195 38.01340 11.75030
H -10.14000 35.71170 11.64190
C -4.97143 35.56070 13.47260
C -1.63867 34.93510 13.44780
C -2.79058 38.05080 13.38980
C 0.61839 37.34710 13.36820
C -0.59693 40.26190 13.24040
H -4.58859 37.37650 11.77470
H 0.92937 39.16710 11.66510
H -1.29179 36.81250 11.88180
H -2.45577 39.83460 11.74470
H -3.47895 34.41050 11.84190
C 1.72107 34.36590 13.36450
C 3.77300 36.78460 13.33200
C 2.72009 39.65240 13.33090
C 7.18305 36.06020 13.18990
C 6.11918 39.12010 13.31530
H 4.26956 38.60020 11.72960
H 7.49766 37.96620 11.63210
H 5.26299 35.65320 11.67590
H 1.99532 36.18700 11.71610
C -18.41020 46.33750 13.51630
C -17.23020 43.35140 13.56590
C -13.90650 42.78540 13.53220
C -15.03110 45.75280 13.55340
H -13.55650 44.60010 11.90900
H -12.48280 41.61100 11.83530
H -19.05770 42.79410 11.90690
H -15.75100 42.22500 11.93510
H -16.86200 45.23080 11.94910
C -11.64260 45.17930 13.42690
C -10.63370 42.21570 13.42540
C -7.22707 41.45510 13.36350
C -8.35095 44.49610 13.39090
C -6.13474 46.97440 13.27490
H -9.13066 41.12190 11.75300
H -8.02691 46.33060 11.76610
H -6.81589 43.42250 11.81200
H -10.21410 44.02540 11.74910
H -11.31320 46.96490 11.78500
C -4.95729 43.99770 13.39790
C -3.88750 41.02280 13.43710
C -1.69409 43.26320 13.30510
C -2.81292 46.43840 13.34270
C 0.50103 45.77910 13.34310
H -0.21858 42.11460 11.66150
H -3.58938 42.81000 11.70890
H -1.30201 45.14590 11.80840
H -4.60009 45.78060 11.73550
C 1.53038 42.58630 13.35370
C 5.07885 42.01700 13.30620
C 3.83037 45.04280 13.29340
C 7.20556 44.37470 13.29240
H 7.52943 46.29110 11.83660
H 6.47111 40.88540 11.62890
H 3.11814 41.54610 11.76360
H 5.36342 43.88980 11.61220
H 1.93326 44.49550 11.76140
H 4.20219 46.88300 11.67920
C 8.31344 41.51830 13.19820
C -16.15750 48.69000 13.51900
C -12.77030 48.16890 13.43190
C -17.24720 51.83620 13.41310
C -14.05060 51.04260 13.37110
H -14.63230 47.57690 11.93770
C -14.93410 54.12050 13.28180
H -17.97260 48.15640 11.86060
H -15.83380 50.48630 11.84970
H -12.46970 49.99190 11.79370
H -13.59380 52.83170 11.62710
C -9.49907 47.57270 13.34020
C -11.71710 53.45730 13.21360
C -7.33045 49.88290 13.16620
C -10.57700 50.46440 13.28910
C -8.34218 52.87000 13.06550
H -7.01181 51.64830 11.43070
H -9.16058 49.29370 11.64040
H -10.22140 52.26340 11.58850
H -5.86150 48.70920 11.51870
C -5.25135 52.19980 13.11060
C -4.05587 49.26870 13.18080
C -0.57710 48.65820 13.21970
C -1.66088 51.57940 13.22040
H 0.94244 47.51860 11.55300
H -1.40192 53.44020 11.56980
H -3.58370 51.11300 11.68110
H -4.73726 54.05080 11.47460
H -0.16979 50.49270 11.63140
H -2.40702 48.19790 11.63070
C 0.45426 53.99130 13.15830
C 1.64202 50.98830 13.18670
C 5.98525 47.54360 13.31790
C 8.12441 49.85530 13.19820
C 4.77305 50.47510 13.15600
C 2.65888 48.13830 13.18920
C 3.82019 53.31940 13.17860
C 6.96638 52.71930 13.14190
H 6.32002 49.26640 11.61530
H 1.96626 52.78690 11.60820
H 3.06806 49.89050 11.51310
H 5.21724 52.23980 11.47560
C -18.30800 54.79550 13.34940
C -13.72810 59.55480 13.09470
C -17.08290 60.07470 13.11580
C -12.82820 56.52460 13.15210
C -15.96870 57.13660 13.20470
C -9.44945 55.71710 13.04520
C -10.49800 58.80640 13.04380
C -7.24015 58.17870 13.08990
C -6.33873 55.18090 13.08060
H -8.05797 54.64940 11.27250
C -5.00164 60.54000 13.09060
C -2.96614 54.64210 13.10950
C -3.82059 57.55510 13.09570
C -0.68672 57.01040 13.10010
C -1.70791 59.89760 12.99650
H 0.85361 55.79350 11.54280
H -2.42037 56.42820 11.41870
C 1.56482 59.32440 13.12420
C 5.99370 55.81410 13.09940
C 2.64754 56.28640 13.20600
C 4.86383 58.67120 13.08310
C 8.16991 58.04260 13.26790
H 4.13462 55.21300 11.58110
H 7.48229 54.59830 11.54630
H 6.48485 57.63510 11.47050
H 5.34236 60.60000 11.57220
C -12.71170 64.79840 12.92140
C -14.84750 62.55630 13.04440
C -18.24510 63.03250 13.07980
C -16.01360 65.46140 13.02490
C -9.29410 64.20010 13.01380
C -8.29856 61.09000 13.08470
C -11.54060 61.88000 12.98990
C -6.08440 63.60190 13.08190
C -10.55920 67.22110 12.98070
C -7.20668 66.58030 13.11110
C -3.86594 65.88960 13.15280
C -2.89800 62.80190 13.14860
C -0.51438 65.29600 13.21130
C 0.51949 62.28230 13.12750
C 8.19613 66.36750 13.15210
C 2.67463 64.68290 13.17090
C 4.83922 67.05980 13.12490
C 6.01025 63.99800 13.13160
C 7.10427 61.17310 13.22470
H 7.64644 62.97690 11.52890
C 3.77471 61.72380 13.18910
C -17.21460 68.38520 9.86976
C -14.89640 70.78140 9.77161
C -16.02770 73.77240 9.75688
C -12.71700 73.16710 9.68660
C -18.12610 71.30710 9.76825
C -13.79230 67.82280 9.75765
H -14.50190 72.64180 11.34780
H -17.83710 73.18070 11.35380
H -13.47350 69.61720 11.42630
H -16.68660 70.20710 11.45000
H -19.01460 67.76420 11.52110
C -11.72040 70.06190 9.70633
C -8.31618 69.49910 9.75521
C -9.34350 72.56980 9.66407
C -6.04616 71.92180 9.65099
H -5.66840 73.75820 11.28700
H -6.84118 68.39600 11.47810
H -11.18650 71.96280 11.22060
H -7.87754 71.34430 11.34030
H -10.20010 68.98190 11.28800
C -4.92132 68.83510 9.89974
C -1.69749 68.17200 9.80174
C -2.81052 71.34830 9.62236
C 0.61830 70.59100 9.66094
C -0.59208 73.68650 9.62459
H -2.47506 73.16510 11.15740
H -3.39938 67.71450 11.58670
H -4.56953 70.68990 11.31980
H -1.29201 70.10270 11.21000
H 0.81957 72.53920 11.27680
C 1.57016 67.55090 9.78323
C 3.81689 70.01100 9.76329
C 2.68388 73.09570 9.65556
C 7.13201 69.49510 9.92560
C 6.01932 72.27500 9.89723
H 1.97368 69.43320 11.31990
H 4.06582 71.90290 11.37470
H 5.30282 68.96340 11.50100
C -18.14510 79.66540 9.81318
C -17.08430 76.71010 9.78181
C -15.03270 79.14170 9.75271
C -13.81610 76.21740 9.67361
H -12.37390 75.05570 11.31740
H -15.55870 75.58020 11.37990
H -13.42640 78.03950 11.29710
H -16.71320 78.52780 11.46490
H -18.99140 76.10770 11.25470
C -11.53970 78.47670 9.75387
C -10.55380 75.52950 9.71650
C -7.18688 74.87480 9.65454
C -8.26010 77.86230 9.64814
C -6.04495 80.37480 9.79225
H -9.02232 74.38610 11.33060
H -6.74641 76.72600 11.23270
H -10.01630 77.35170 11.36550
H -11.11240 80.35740 11.34910
H -7.86070 79.69600 11.29320
C -4.96926 77.44820 9.63142
C -3.94018 74.39650 9.57014
C -1.67506 76.74820 9.64327
C -2.72886 79.78240 9.70696
C 0.63611 78.94680 9.70575
H -4.51528 79.23670 11.36880
H -3.53933 76.18680 11.25380
H -1.29782 78.48430 11.30370
H -0.26845 75.50190 11.27800
C 1.53548 76.14460 9.74572
C 4.76012 75.50260 9.73119
C 8.04635 74.69520 9.89192
C 7.09567 77.77520 9.82148
C 3.80674 78.49790 9.73680
H 2.96218 74.85680 11.35430
H 2.06838 77.97420 11.37250
H -18.84290 84.50490 11.50510
C -16.04650 82.22440 9.84785
C -12.68090 81.48410 9.73612
C -17.04370 85.04380 9.89733
C -13.77240 84.47330 9.85815
C -14.91220 87.39440 9.97534
H -14.48130 80.98240 11.30250
H -17.74970 81.50660 11.51680
H -13.33250 86.27640 11.55450
H -16.71480 86.82980 11.58810
H -12.22790 83.27990 11.35640
H -15.51730 83.95920 11.54380
C -9.30535 80.96810 9.73206
C -11.46650 86.87130 9.95261
C -10.36460 83.87150 9.83093
C -7.08956 83.26390 9.78091
C -8.38440 86.30540 9.91703
H -5.63290 82.20660 11.50080
H -10.09820 85.65450 11.53900
H -6.75329 85.14290 11.31100
H -8.90308 82.74080 11.41760
C -4.88313 85.76700 9.79560
C -3.83840 82.73350 9.84717
C -0.59090 82.14570 9.70462
C -1.62879 85.08690 9.84845
H -1.16961 86.85310 11.51000
H -2.28988 81.57190 11.43900
H -4.59203 87.51720 11.56230
C 0.60606 87.50490 9.87765
H 0.94547 80.93260 11.22060
H -0.03758 83.89930 11.41320
H -3.45955 84.58280 11.45080
C 1.69889 84.45640 9.76659
C 6.06504 80.76320 9.74608
C 8.39015 83.30330 9.77109
C 4.95658 83.78580 9.75291
C 2.82193 81.53000 9.73136
C 3.95240 86.81420 9.86854
C 7.23219 86.24620 9.82081
H 5.43071 85.59630 11.40190
H 2.09096 86.34790 11.41370
H 3.18549 83.32020 11.41240
H -18.73560 92.78430 11.52350
C -18.07090 87.92380 9.87696
C -13.84390 92.72690 9.96200
C -16.97790 93.52250 9.98150
C -12.56270 89.87670 9.92256
C -15.92830 90.51270 9.95757
H -12.31980 91.60490 11.55580
H -15.56640 92.27720 11.62250
H -14.46250 89.30120 11.47630
H -17.77970 89.78210 11.49180
C -9.40537 89.22430 9.95909
C -6.21503 88.57140 9.95912
C -10.52570 92.22350 9.93368
C -7.24003 91.53170 9.85862
H -5.75173 90.41820 11.51580
H -7.96190 88.05790 11.62420
H -10.01500 94.05150 11.53500
H -6.78015 93.44500 11.35520
H -9.03041 91.07980 11.51340
H -11.16410 88.70060 11.60030
C -1.77268 93.43670 9.95967
C -0.61139 90.38270 9.96846
C -2.72433 88.02900 9.98710
C -4.89039 93.95390 9.84539
C -3.89448 90.87920 9.98471
H -0.24985 92.22820 11.55360
H -2.35464 89.84050 11.65910
H 0.99711 89.31770 11.57570
H -3.52329 92.78980 11.58790
C 1.60293 92.74540 9.99859
C 8.38888 91.57450 10.02570
C 2.82345 89.78850 9.91633
C 6.03418 89.25560 9.98569
C 5.11687 92.07370 10.00430
H 3.20835 91.67400 11.56800
H 4.26446 88.65420 11.56480
H 7.58087 88.01270 11.53180
H 6.59271 91.00680 11.61750
H 5.47482 94.00460 11.56630
C -18.06560 96.31480 10.05260
C -12.67020 98.04470 10.04410
C -14.83840 95.81410 9.98686
C -15.87970 98.69080 9.96839
H -17.66490 98.21470 11.61200
H -15.39270 100.56800 11.48740
H -12.20930 99.95890 11.58640
H -14.45950 97.60310 11.67990
H -16.57890 95.23330 11.73600
H -13.32760 94.62690 11.48060
C -11.46690 95.15360 9.89512
C -8.31353 94.62050 9.84097
C -7.08288 99.91650 9.86602
C -10.51970 100.45600 9.83168
C -5.97122 96.98330 9.85153
C -9.32836 97.55100 9.81167
H -7.81363 96.41950 11.48230
H -11.06160 96.97380 11.50490
H -8.93011 99.37100 11.41880
H -5.47891 98.80970 11.40940
C 0.62345 95.61410 9.91052
C -2.76510 96.31550 9.83620
C -3.67420 99.32180 9.74201
C -0.54101 98.51480 9.80588
H 0.99024 97.50120 11.42400
H -2.37032 98.11850 11.46760
H -0.11649 100.47200 11.23730
H -1.23494 95.27890 11.53750
H -4.54115 95.77600 11.48400
C 4.96839 100.33900 9.64366
C 6.09889 97.42960 9.87243
C 7.24103 94.54280 9.91828
C 2.74435 98.00270 9.74503
C 8.26769 99.74990 9.64562
C 3.87637 95.00920 9.95400
H 4.21725 96.95800 11.45670
H 6.49004 99.37720 11.35080
H 7.68813 96.40820 11.48130
H 2.10459 94.57990 11.62770
H 3.18071 99.90890 11.28880
C -17.15360 68.32700 13.02990
C -14.86280 70.84230 13.05530
C -16.06170 73.76370 12.99140
C -12.63980 73.14630 12.89310
C -18.24610 71.34350 13.06410
C -13.75420 67.81580 13.03370
C -11.62790 70.16160 12.94420
C -8.44337 69.60530 12.98080
C -9.42881 72.47470 12.92940
C -6.00272 71.98720 12.88910
C -5.00265 68.91530 13.08120
C -1.56565 68.35100 13.01980
C -2.80913 71.31200 12.83540
C 0.41360 70.62150 12.87080
C -0.69458 73.65390 12.87750
C 1.57036 67.68200 13.04830
C 3.70900 70.08670 13.05020
C 2.52865 73.07660 13.01500
C 7.08273 69.39310 13.22180
C 5.87901 72.50950 13.02500
H 7.50609 71.26860 11.66000
C -18.27010 79.67070 13.03950
C -17.16240 76.63320 12.94880
C -14.88030 79.19760 12.96590
C -13.74800 76.23010 13.02520
C -11.60400 78.50870 12.92190
C -10.56810 75.54680 12.96710
C -7.18330 74.87640 12.90450
C -8.15570 77.89450 12.96480
C -6.07729 80.32300 12.98560
C -4.97872 77.28480 12.94400
C -3.82685 74.35720 12.87910
C -1.70061 76.63640 12.92190
C 0.53524 79.11250 12.90140
C -2.69566 79.69860 13.02020
C 1.50302 76.14030 12.90310
C 4.75160 75.44370 12.95440
C 7.88935 74.73970 13.08130
C 3.87064 78.54690 13.04840
C 7.03647 77.83590 13.06100
H 4.24262 80.31750 11.34240
H 5.22497 77.30150 11.41320
H 6.22521 74.28530 11.30910
H 7.48111 79.61290 11.42830
C -15.81670 82.00590 13.03610
C -12.68830 81.44830 12.94010
C -17.13360 84.95610 13.14960
C -13.61960 84.38090 13.11430
C -14.90620 87.42890 13.09690
C -9.32827 80.84540 12.96550
C -11.47810 86.81180 13.14240
C -7.20980 83.37000 13.05440
C -10.43200 83.72580 13.01860
C -8.20246 86.16910 13.05550
C -5.07190 85.62180 13.07970
C -0.39706 82.09010 12.99660
C -3.76379 82.73480 13.07770
C -1.57385 84.97280 13.07120
C 0.64106 87.46610 13.14380
C 6.03188 80.81790 13.00460
C 1.75290 84.54450 13.03160
C 2.71328 81.53050 12.90600
C 5.06737 83.74930 12.99670
C 8.17085 83.20810 13.07980
C 3.96943 86.69840 13.04000
C 7.13203 86.16590 13.11220
H 6.48579 82.64940 11.31890
C -18.17020 87.97250 13.14230
C -13.82100 92.79870 13.14980
C -17.05170 93.47300 13.24010
C -12.75040 89.76790 13.17540
C -15.98850 90.39870 13.09350
C -6.12224 88.57500 13.15420
C -10.49710 92.17660 13.13480
C -9.42464 89.32670 13.19380
C -7.26018 91.71850 13.07370
C -5.09542 94.01260 13.08740
C -2.80326 87.87780 13.17570
C -3.99792 90.92860 13.18560
C -0.52254 90.38420 13.21970
C -1.73723 93.48320 13.16090
C 8.31719 91.68430 13.27030
C 1.63377 92.83140 13.15850
C 6.09874 89.12940 13.18500
C 5.05071 92.19010 13.19270
C 2.79505 89.87630 13.18380
C -18.21760 96.37350 13.20300
C -15.89450 98.83620 13.22520
C -14.68210 95.76640 13.26540
C -12.52490 98.11290 13.17580
C -9.29668 97.56210 13.08050
C -6.00241 97.02730 13.07390
C -8.15733 94.58870 13.08870
C -10.34330 100.58500 13.04590
C -7.09049 99.85890 13.02270
C -11.51160 95.15450 13.13350
C 0.54139 95.78540 13.17300
C -2.81027 96.39250 13.13320
C -0.47950 98.66770 12.94860
C -3.67326 99.38470 13.06380
C 7.20731 94.68550 13.16160
C 2.73908 98.26120 13.01850
C 4.96951 100.64600 12.88430
C 6.09877 97.56740 13.00250
C 3.92999 95.14790 13.15960
C 8.30070 99.96450 12.95820
C -16.97480 101.61100 9.91269
C -14.94950 104.09200 9.69616
C -15.97750 107.01300 9.71384
C -12.63440 106.31300 9.65850
C -18.15720 104.62800 9.84422
C -13.63430 101.01700 9.78626
H -17.71570 106.49800 11.42600
H -16.59200 103.52300 11.41540
H -14.44640 105.91300 11.33110
H -13.39070 102.94600 11.26560
H -18.86660 101.15000 11.54710
C -11.57690 103.42300 9.69125
C -8.26227 102.76500 9.80032
C -9.39047 105.81200 9.70895
C -6.12296 105.14300 9.61501
H -5.72357 107.05000 11.16430
H -11.12580 105.28200 11.37270
H -7.85354 104.69200 11.26560
H -6.71772 101.77100 11.47000
H -10.10280 102.33000 11.37490
C -4.96520 102.25400 9.77693
C -1.62035 101.69100 9.64978
C -2.75216 104.61800 9.51347
C 0.67546 104.16900 9.48430
C -0.43992 106.94400 9.43689
H -3.36567 101.17600 11.35580
H -4.47701 104.17200 11.25930
H -2.28650 106.48500 11.06610
H 1.10693 105.96900 11.10020
H -1.10739 103.58500 11.13010
C 1.68566 100.92400 9.59070
C 3.89512 103.41400 9.40559
C 2.71020 106.49200 9.33316
C 7.22170 102.74100 9.44649
C 6.07139 105.77700 9.34611
H 7.58417 104.63800 11.02510
H 2.09245 102.90300 11.08460
H 5.37239 102.32600 11.10190
H 4.21623 105.31500 10.92770
C -17.11290 109.98800 9.70717
C -13.88400 109.40200 9.64062
C -15.01600 112.36100 9.69647
C -18.20320 112.90700 9.73179
H -12.25360 108.31300 11.14500
H -13.41060 111.27000 11.28470
H -16.72720 111.82900 11.41630
H -15.60930 108.84100 11.32330
H -18.89840 109.44500 11.32710
C -11.72030 111.69300 9.60897
C -10.47400 108.91000 9.56956
C -7.27206 108.17900 9.56412
C -8.29679 111.20000 9.54809
C -6.10984 113.57700 9.35224
H -11.14910 113.56800 11.15840
H -7.84667 113.06400 11.07550
H -6.77802 110.03400 11.16080
H -10.07430 110.72800 11.24310
H -9.01007 107.74800 11.22850
C -3.90536 107.61600 9.54404
C -4.97758 110.45600 9.51763
C -1.73529 109.93800 9.36973
C -2.81828 112.90800 9.24151
C 0.43923 112.36000 9.18412
H -1.29184 111.83000 10.91040
H -4.59307 112.38700 10.95800
H -0.15749 108.90200 10.96640
H -3.39964 109.38100 11.16430
C 1.61859 109.27900 9.24568
C 4.90371 108.81000 9.17602
C 8.19029 108.14600 9.25870
C 7.19471 111.07700 9.15399
C 3.83258 111.74500 9.16674
H 7.47340 113.00600 10.68580
H 4.23484 113.68000 10.70440
H 5.36650 110.63300 10.77150
H 2.01057 111.20900 10.76550
H 3.19102 108.32800 10.85140
H 6.36874 107.64700 10.80170
C 6.02476 114.29000 9.06944
H -14.53280 114.21100 11.21590
C -16.10810 115.30500 9.66122
C -12.75650 114.71700 9.55816
C -17.19650 118.24200 9.71473
C -13.96050 117.66300 9.63653
H -12.38210 116.55200 11.21990
H -13.44380 119.53800 11.20890
H -16.75550 120.16800 11.25220
H -15.68300 117.17000 11.31770
H -17.82530 114.81800 11.36350
H -18.99350 117.84200 11.38080
C -14.97790 120.62100 9.54799
C -9.40638 114.12400 9.44237
C -11.66470 120.11600 9.55004
C -7.27847 116.51500 9.35879
C -10.60760 117.19100 9.56593
C -8.47122 119.49100 9.38825
H -5.66417 115.37900 10.91260
H -6.93778 118.37600 10.98880
H -10.13930 118.98100 11.21140
H -9.05318 115.97300 11.03200
H 0.83282 114.19700 10.74660
C -5.25157 118.92100 9.24502
C -3.94129 115.94900 9.21859
C -0.74645 115.25000 9.10751
C -1.80740 118.37300 9.04035
H -1.36034 120.22300 10.64660
H -0.32014 117.21000 10.66240
H -2.44209 114.77300 10.79870
H -3.52089 117.85100 10.76830
H -4.73677 120.76800 10.79220
C 0.47563 120.66800 8.98380
C 1.51537 117.66200 9.10192
C 4.98271 117.06800 9.19380
C 2.65410 114.75300 9.09246
C 3.81783 119.96100 9.13845
C 7.06819 119.43500 9.21305
H 6.45357 116.03300 10.85780
H 5.26456 118.91300 10.85090
H 2.01517 119.54200 10.66870
H 3.10411 116.54000 10.71430
C 8.21188 116.52000 9.19830
C -18.31030 121.19800 9.62947
C -16.01740 123.71900 9.51415
C -12.70860 123.00500 9.44634
C -17.22150 126.58600 9.56935
C -13.98720 126.12800 9.43972
H -17.82060 123.10600 11.17420
H -15.63270 125.50000 11.17230
H -12.43180 124.93600 11.00810
H -14.54170 122.48300 11.10150
H -18.98830 126.06800 11.21340
C -9.45665 122.58200 9.44163
C -10.64110 125.57300 9.34235
C -6.34933 121.91500 9.28595
C -7.20207 124.95000 9.26101
H -6.88387 126.74300 10.90040
H -10.09100 127.40500 10.92610
H -7.96511 121.29000 11.02450
H -5.72139 123.76600 10.89070
H -9.02801 124.33000 10.84230
H -11.20710 121.94300 11.18280
C -5.13693 127.31400 9.29546
C -0.68418 123.67500 9.12773
C -3.97328 124.34200 9.19785
C -2.95775 121.37900 9.15029
C -1.74571 126.74900 9.09958
H -2.49449 123.17900 10.80450
H 0.88208 122.50900 10.65050
H -0.25545 125.57100 10.66630
H -3.46046 126.19400 10.80630
C 1.61061 126.07200 9.11347
C 2.79733 123.02700 9.10375
C 8.09832 124.96200 9.03933
C 4.83500 125.40100 9.07710
C 6.00902 122.40500 9.16131
H 7.47584 121.28000 10.79910
H 5.31756 127.24200 10.61180
H 3.07079 124.87900 10.77120
H 6.34038 124.26800 10.68460
H 4.15448 121.84800 10.78730
C -16.11780 132.00100 9.59246
C -15.05100 129.08400 9.54209
C -18.31470 129.71400 9.59415
C -12.84260 131.49300 9.57817
H -16.82220 128.45700 11.19250
H -13.54930 127.91000 11.08330
H -14.61420 130.87600 11.24550
H -17.90340 131.56600 11.23970
H -12.43550 133.27600 11.20640
H -15.70020 133.90600 11.12230
C -8.36727 127.93500 9.27213
C -9.58757 130.87600 9.44203
C -11.78100 128.49900 9.52394
C -10.68260 133.81700 9.47769
C -7.38024 133.31700 9.28300
C -6.22878 130.22700 9.27155
H -5.83793 132.11300 10.84090
H -8.02580 129.73800 10.94100
H -9.13761 132.71900 10.97260
H -11.33200 130.32100 11.12760
C -2.87457 129.62800 9.25812
C -0.53604 132.15500 9.26251
H -4.65872 129.18500 10.92370
H -2.40734 131.51000 10.84040
C 0.48739 129.05900 9.14040
H 0.98397 130.87800 10.78560
C -3.91813 132.59200 9.25025
H -1.28781 128.50800 10.83840
H -0.18006 133.89700 10.89390
C 4.88451 133.82100 9.19135
H 3.09372 133.21300 10.78540
H 7.41614 129.73700 10.68990
H 1.93989 127.90700 10.75760
C 7.05670 127.99500 8.94249
H 6.26933 132.58000 10.83240
C 5.87039 130.88100 9.13416
H 4.13937 130.20500 10.79960
C 3.74514 128.45100 9.09974
C 8.01554 133.27900 9.23931
C 2.74289 131.36200 9.14416
C -16.94970 101.70600 13.05710
C -14.78000 104.06900 12.99090
C -15.89050 107.00900 13.03790
C -12.62560 106.57400 12.87610
C -18.15960 104.64700 12.99540
C -13.63850 101.27300 13.10570
C -11.64060 103.56500 12.89230
C -8.31419 102.87900 12.97020
C -9.30463 105.94300 12.85780
C -6.03464 105.26300 12.87950
C -4.85243 102.39200 12.97760
C -1.45647 101.78400 12.86210
C -2.59544 104.70600 12.77700
C 0.73009 104.14100 12.71390
C -0.43747 107.12400 12.63660
C 1.64699 101.13500 12.78430
C 3.87238 103.58600 12.67450
C 2.95360 106.61200 12.61960
C 7.16371 102.87000 12.71770
C 6.01946 105.86400 12.50110
C -18.14800 113.07500 13.06010
C -17.05570 109.98500 12.95640
C -13.73700 109.40800 12.84390
C -14.86340 112.44900 12.90560
C -11.70490 111.77400 12.83560
C -10.47800 108.90700 12.83100
C -7.17741 108.20700 12.84680
C -8.21948 111.28300 12.78600
C -5.97715 113.65800 12.65230
C -4.90158 110.59300 12.72240
C -3.85981 107.50700 12.73730
C -1.53414 110.06900 12.66510
C -2.79043 113.06000 12.51010
C 0.56197 112.41300 12.44130
C 8.24551 108.10600 12.37090
C 1.73352 109.47100 12.48920
C 4.99776 108.88900 12.45440
C 3.81053 111.83600 12.35690
C 7.24249 111.17000 12.38180
C -15.94000 115.26200 12.88520
C -12.62770 114.67100 12.78270
C -17.15420 118.39500 12.93120
C -13.82860 117.71600 12.90900
C -14.96480 120.71700 12.84330
C -9.27023 114.16200 12.71030
C -11.66340 120.08800 12.85140
C -7.22797 116.48700 12.55560
C -10.46990 117.12200 12.74920
C -8.27352 119.53400 12.73020
C -5.01135 118.94000 12.43600
C -3.81651 116.01800 12.44210
C -0.66974 115.36900 12.37390
C -1.67815 118.40900 12.36660
C 0.46303 120.72200 12.29570
C 1.51145 117.68700 12.26880
C 6.04005 114.10600 12.36250
C 8.28498 116.58900 12.41120
C 4.82712 117.09300 12.40590
C 2.67361 114.70400 12.33330
C 3.72724 120.03800 12.43750
C 7.09099 119.46400 12.40520
C -13.80890 126.09300 12.74720
C -17.14230 126.57800 12.79780
C -16.01110 123.65500 12.77530
C -12.69970 123.09600 12.70900
C -18.27380 121.30800 12.88290
C -6.12880 121.96700 12.52640
C -7.24452 124.93600 12.49170
C -9.29816 122.64800 12.64520
C -10.51130 125.54200 12.46410
C -5.06750 127.22400 12.44500
C -2.88116 121.22600 12.36840
C -1.66137 126.65300 12.43690
C -0.55778 123.78100 12.28500
C -3.91579 124.37400 12.48270
C 1.51319 126.05800 12.30320
C 2.63284 123.04400 12.38250
C 8.18623 124.86200 12.11650
C 4.89687 125.43000 12.33480
C 5.99670 122.42700 12.34380
C -18.10160 129.67200 12.87960
C -12.79430 131.43700 12.83650
C -16.04660 132.11100 12.82790
C -14.99810 129.01600 12.79850
C -8.35866 127.87800 12.57070
C -6.15091 130.32400 12.54300
C -11.66280 128.37400 12.61000
C -7.32160 133.27200 12.54480
C -10.54490 133.78000 12.71910
C -9.44085 130.88100 12.59710
C -4.00921 132.58600 12.46430
C -2.70902 129.68300 12.46400
C 0.56252 129.08200 12.44330
C -0.48718 132.05700 12.43480
C 7.13199 127.75000 12.18290
C 8.13519 133.15500 12.34260
C 5.93952 130.76600 12.40450
C 3.84253 128.27700 12.30690
C 4.87472 133.78200 12.44370
C 2.78111 131.44900 12.44530
C 10.32670 2.18445 9.25483
C 9.32590 5.10728 9.29301
C 13.63190 1.62669 9.18783
C 12.48050 4.54760 9.35527
C 14.71780 6.88306 9.34852
H 9.66295 6.92953 10.90620
H 12.91560 6.37525 11.00980
H 14.01560 3.37974 10.90280
H 11.81040 0.98985 10.86280
H 10.70340 3.90356 10.94970
H 8.53344 1.65479 10.86730
C 15.85150 3.92837 9.26359
C 19.24410 3.34935 9.17013
C 18.04290 6.31064 9.25084
C 21.53680 5.83370 9.27920
C 17.03930 0.95671 9.15044
H 20.73050 2.21855 10.82800
H 19.65370 5.21061 10.77630
H 17.42120 2.78600 10.79790
H 16.27970 5.72378 10.96900
C 22.55220 2.82294 9.22282
C 24.63820 5.15125 9.25957
C 25.77350 2.29535 9.18952
C 28.08970 4.60081 9.18794
H 28.35420 6.46194 10.69080
H 22.90250 4.59009 10.96880
H 27.32400 1.11160 10.76680
H 24.01470 1.63851 10.80340
H 26.25610 4.05791 10.82170
H 25.05880 7.04918 10.73120
C 29.14440 1.64043 9.22140
C 30.19860 7.08290 9.16342
C 31.23660 4.01720 9.16678
C 34.62660 3.45672 9.11423
C 33.49930 6.39947 9.21309
C 32.25460 0.96422 9.05399
H 32.78450 2.76035 10.62450
H 29.52960 3.44569 10.86290
H 31.63330 5.81407 10.81540
H 34.99660 5.19587 10.84860
C 11.43470 7.54165 9.36005
C 10.45780 10.56950 9.32399
C 9.32888 13.52580 9.43770
C 13.64120 9.85100 9.34280
C 12.50620 12.90560 9.31545
H 11.84290 9.34660 11.03240
H 14.10450 11.75160 10.86130
H 10.79050 12.34710 11.06630
H 8.55085 9.88850 10.82010
H 15.15700 8.71066 10.95990
C 15.83820 12.38940 9.22255
C 20.26330 8.66549 9.32563
C 16.87220 9.27900 9.26473
C 19.09480 11.70630 9.25143
H 17.28200 11.12600 10.85520
H 20.58870 10.51850 10.89840
H 19.56240 13.53920 10.91820
H 18.42310 8.13493 10.89990
H 21.78100 7.61091 11.00970
C 26.82320 7.60063 9.09387
C 22.31900 11.18370 9.20482
C 23.42720 8.19295 9.16923
C 24.60390 13.47300 9.33130
C 25.77490 10.53860 9.12045
C 27.91640 13.02580 9.19697
H 22.74460 12.95670 10.90670
H 23.92720 10.05820 10.70430
H 27.33190 9.45238 10.69880
H 26.21940 12.35700 10.77040
C 29.22310 9.99632 9.13651
C 32.40890 9.38494 9.20669
C 31.33880 12.45020 9.16073
C 34.63050 11.76100 9.20132
H 29.48900 11.86270 10.73450
H 33.90400 8.21999 10.82390
H 30.55350 8.84647 10.83880
H 34.95470 13.53000 10.88420
H 32.73730 11.18490 10.77240
C 11.45110 15.84260 9.35756
C 14.66970 15.28530 9.23783
C 10.25230 18.89810 9.45941
C 13.59630 18.30220 9.24335
H 12.93810 14.72690 10.93020
H 9.69306 15.33180 11.08950
H 11.82040 17.72350 10.94800
H 14.01360 20.13860 10.87430
H 8.49533 18.32640 11.16010
H 10.69760 20.65650 11.19740
H 15.08990 17.13650 10.77640
H 16.14530 14.13770 10.95090
C 21.31060 14.22740 9.31614
C 18.02240 14.64750 9.36672
C 20.24960 17.04840 9.29785
C 17.02570 17.62690 9.28457
C 19.09900 19.98940 9.32951
H 20.65520 18.89830 10.90930
H 21.76850 15.96450 10.96560
H 18.50440 16.49740 10.96410
H 17.26140 19.51430 10.83930
C 15.88300 20.69560 9.31194
C 22.49800 19.41010 9.28327
C 23.65840 16.41050 9.36307
C 26.79440 15.86240 9.25813
C 25.74780 18.81650 9.28081
H 25.10600 15.26580 11.02880
H 27.25720 17.70190 10.86740
H 23.96140 18.28050 10.95440
H 28.30980 14.76880 10.86200
H 26.24180 20.65470 10.93520
H 31.74710 14.18080 10.92760
C 29.07610 18.23850 9.29004
C 30.18270 15.23980 9.36764
C 33.52790 14.77310 9.25065
C 32.33410 17.79500 9.26086
C 34.68320 19.85750 9.35434
H 32.80970 19.60690 10.91860
H 30.60230 17.14220 10.93090
H 29.47270 20.13460 10.86760
H 33.87070 16.59150 10.83860
C 31.28560 20.60100 9.21729
C 12.39160 21.29150 9.46021
C 9.09197 21.86440 9.68401
C 11.33610 24.17680 9.73835
C 14.69330 23.50640 9.48770
C 13.56430 26.61450 9.64999
H 12.91520 22.99980 11.16990
H 11.85340 25.98700 11.40670
C 10.33180 27.08350 9.74211
H 9.52705 23.66630 11.34380
H 8.57729 26.68440 11.43810
H 15.09780 25.39720 11.08290
C 17.95690 22.96400 9.31430
C 21.30550 22.30610 9.32116
C 20.18580 25.31120 9.25755
C 16.80260 26.00430 9.38960
H 18.38120 24.81490 10.91030
H 21.70530 24.19500 10.89670
H 19.48080 21.86180 10.89900
H 16.23890 22.48190 11.04240
H 20.61150 27.14260 10.86080
C 26.77670 24.12390 9.35557
C 23.54760 24.73110 9.29741
C 24.66690 21.70620 9.33027
C 28.04390 21.29140 9.26850
H 27.15100 26.01840 10.94060
H 28.35460 23.08580 10.99510
H 22.82000 21.21630 10.91150
H 23.96280 26.54050 10.90830
H 25.00620 23.57650 10.97780
C 25.71130 27.13630 9.21950
C 28.99260 26.45360 9.33119
C 33.58760 22.97780 9.36156
C 30.11390 23.62020 9.30747
C 32.45010 26.07630 9.27953
H 35.07580 21.72760 10.94350
H 30.69180 25.46010 10.87850
H 31.64560 22.44970 10.85430
H 33.95400 24.88080 10.87700
C 11.51050 32.50800 9.77237
C 12.62510 29.56870 9.65367
C 14.69800 31.98380 9.70037
C 9.25345 30.19260 9.64541
H 14.17520 28.40420 11.18320
H 9.71897 31.93210 11.34370
H 10.77840 28.99420 11.21800
H 13.03080 31.31560 11.33490
C 19.12560 28.43030 9.41112
C 21.29840 30.75110 9.42901
C 20.06400 33.64180 9.58073
C 18.03620 31.33070 9.71268
C 15.82800 29.15970 9.50891
H 17.27330 27.78210 10.99100
H 19.60930 30.16940 11.18010
H 18.44220 33.16410 11.38370
H 21.69060 32.53080 11.12990
H 16.24300 30.81330 11.28640
H 15.12280 33.74470 11.33470
C 23.58770 33.04530 9.53661
C 27.85570 29.55760 9.38048
C 22.41550 27.73770 9.34069
C 26.83980 32.49990 9.38535
C 24.57790 30.11430 9.36083
H 22.82180 29.61320 10.94510
H 26.05340 28.92330 10.94220
H 25.14520 31.92380 11.07600
H 28.32230 31.33020 11.01790
H 29.41170 28.35320 10.91270
C 33.43840 31.36610 9.36731
C 34.52510 28.33890 9.33910
H 32.81270 27.81210 11.01780
C 30.12940 31.92400 9.41312
H 33.92920 33.12420 11.03170
H 34.93970 30.13690 10.95260
H 30.47300 33.71380 11.04740
H 31.64170 30.72120 11.01620
C 31.28230 28.83780 9.35557
C 10.34710 2.09704 12.52690
C 9.22354 5.09172 12.54500
C 13.65190 1.50349 12.46900
C 12.47400 4.48236 12.54870
C 14.80070 6.87709 12.60770
C 17.07570 0.85246 12.40470
C 15.89240 3.81898 12.49520
C 19.24750 3.36082 12.44010
C 18.13010 6.28259 12.50020
C 21.32130 5.68967 12.57170
C 22.55700 2.69777 12.50270
C 24.78400 5.22373 12.45870
C 25.81130 2.16411 12.37440
C 28.02410 4.62955 12.40670
C 29.18610 1.59032 12.40560
C 30.06040 6.95481 12.41070
C 31.40950 3.87315 12.39300
C 34.51700 3.35129 12.37410
C 33.45740 6.40635 12.40120
C 32.38290 0.94957 12.33700
C 11.40180 7.44888 12.64450
C 10.24450 10.42030 12.59880
C 9.25938 13.46870 12.69250
C 13.69920 9.90496 12.54620
C 12.70520 12.90940 12.58500
C 15.84770 12.27780 12.56870
C 20.18730 8.72002 12.55530
C 16.92510 9.29272 12.52150
C 19.08640 11.70040 12.49570
C 26.91890 7.65472 12.35260
C 22.43260 11.04130 12.47230
C 23.65140 8.22983 12.44990
C 24.64890 13.36140 12.46120
C 25.78630 10.49610 12.32850
C 28.00500 12.96330 12.41890
C 29.09670 10.06920 12.38870
C 32.36660 9.35149 12.42740
C 31.24190 12.27310 12.44780
C 34.59270 11.58150 12.41630
C 11.58290 15.90010 12.61160
C 14.72410 15.38140 12.53650
C 10.40380 18.70300 12.74700
C 13.71260 18.29500 12.48620
C 21.29610 14.12290 12.54990
C 18.04290 14.69090 12.54550
C 20.30630 17.11430 12.58950
C 16.91620 17.64110 12.41250
C 19.05870 19.98390 12.47000
C 15.80250 20.57740 12.52940
C 22.42340 19.43300 12.55550
C 23.56480 16.43900 12.60450
C 26.93750 15.96690 12.54720
C 25.77790 18.83100 12.56680
C 29.06900 18.30070 12.47930
C 30.13700 15.25710 12.48050
C 33.50670 14.80100 12.51000
C 32.46000 17.78120 12.50220
C 34.61800 19.95720 12.59680
C 31.26150 20.62000 12.53790
C 12.62350 21.10600 12.72550
C 9.24859 21.69490 12.88330
C 11.46330 24.00750 12.89180
C 14.80440 23.52940 12.68720
C 13.81780 26.50780 12.79230
C 10.46730 27.23710 12.99730
C 16.94420 25.91250 12.65130
C 20.21820 25.32330 12.52470
C 21.27380 22.34000 12.50230
C 18.09820 22.99440 12.57100
C 23.47340 24.71050 12.55990
C 26.82050 24.17780 12.58440
C 24.62970 21.70560 12.54020
C 28.01300 21.22660 12.58360
C 25.66890 27.11040 12.59950
C 29.03200 26.45200 12.47330
C 30.20500 23.63190 12.50900
C 33.52950 22.98130 12.46910
C 32.41660 25.91460 12.58790
C 9.36071 30.00310 12.89770
C 14.79200 31.86020 12.96330
C 12.67040 29.45870 12.79540
C 11.52690 32.47940 12.94430
C 21.48000 30.68530 12.73010
C 19.11190 28.18790 12.61040
C 20.34030 33.73320 12.83430
C 15.97960 28.87720 12.83950
C 18.13630 31.21370 12.88220
C 26.95550 32.51090 12.68600
C 24.65830 30.08520 12.63910
C 23.54520 32.95480 12.74030
C 22.41580 27.60630 12.46920
C 27.83780 29.45920 12.57310
C 31.21590 28.83510 12.56900
C 30.14190 31.82650 12.63020
C 34.65540 28.24540 12.56600
C 33.45920 31.24460 12.65420
C 10.44450 35.53970 9.79591
C 9.24246 38.51590 9.96020
C 13.70110 34.99650 9.75175
C 12.61530 38.01720 9.88866
C 14.73140 40.34300 9.89747
H 14.08480 36.77560 11.46310
H 12.94240 39.78340 11.58300
H 11.93600 34.34660 11.35670
C 15.78190 37.36010 9.72812
C 19.17060 36.71530 9.67502
C 18.17390 39.60000 9.77321
C 21.37510 39.03710 9.75900
C 16.95610 34.23860 9.74114
H 20.68490 35.49030 11.11580
H 16.33040 39.14600 11.36010
H 17.34610 36.15530 11.26510
H 19.60930 38.42120 11.39180
C 22.48560 36.12740 9.52829
C 24.70190 38.47730 9.73180
C 25.69240 35.53740 9.55794
C 27.93420 37.86000 9.63511
H 23.93740 34.87980 11.19150
H 28.25260 39.69390 11.30510
H 26.18790 37.26800 11.28760
H 22.86550 37.84130 11.22550
H 25.05280 40.25540 11.50550
H 27.32240 34.30130 10.99630
C 29.11790 35.06210 9.47980
C 30.14790 40.27030 9.82920
C 31.31290 37.30940 9.59932
C 34.58850 36.63610 9.57698
C 33.52450 39.67000 9.67479
C 32.33810 34.23870 9.50309
H 32.72890 36.03270 11.10010
H 34.98500 38.46650 11.19640
H 31.78800 39.06900 11.33700
H 29.51090 36.78000 11.22700
C 11.48790 40.97000 9.97975
C 10.43650 43.70930 9.91811
C 13.72590 43.25760 9.89743
C 9.17894 46.71540 10.06690
C 12.64440 46.27290 9.97836
C 15.97620 45.59400 9.88902
C 20.42700 42.02880 9.77826
C 17.08890 42.63060 9.81682
C 19.31840 44.98150 9.85973
H 15.30600 42.13810 11.48200
H 18.61070 41.39450 11.37180
H 21.87920 40.82430 11.39910
C 26.70300 40.92940 9.75788
C 22.49490 44.40820 9.96706
C 23.70850 41.56570 9.89614
C 25.76940 43.89260 9.98484
C 24.73580 46.69750 10.03860
C 28.00130 46.25680 10.04790
H 27.29830 42.62690 11.45190
C 29.07940 43.27740 9.88835
C 32.41110 42.71210 9.77718
C 34.66300 45.04040 9.85376
C 31.30640 45.73610 9.91853
H 33.91770 41.49950 11.37830
H 35.02510 46.84120 11.53790
H 30.57480 42.08580 11.44110
H 32.82950 44.45290 11.44550
C 11.52420 49.26450 10.00100
C 14.94340 48.61200 9.95194
C 10.41060 52.09500 9.97885
C 13.74160 51.58310 9.92440
C 21.41350 47.34710 9.91177
C 18.17360 48.04560 9.97056
C 20.24240 50.42690 9.92323
C 17.09950 51.07500 9.97103
C 19.24640 53.35650 9.91915
C 15.94710 53.96310 9.91304
C 22.51790 52.73900 9.94775
C 23.58970 49.64580 9.96671
C 27.01690 49.14570 10.06420
C 25.80850 52.09490 9.96570
C 29.11410 51.42270 10.00800
C 30.28700 48.54280 10.03560
C 33.53100 47.96760 9.93056
C 32.41430 51.02880 9.91300
C 34.67340 53.35180 9.93172
C 31.39660 53.97680 9.82698
H 33.96950 49.83710 11.51390
C 12.69150 54.61040 10.02980
C 9.27203 55.24460 9.97108
C 11.52730 57.56240 10.09130
C 14.66160 56.92940 10.05690
C 13.70170 59.91160 10.09460
C 10.52760 60.51660 10.09000
C 18.09670 56.22340 9.95338
C 21.39730 55.80140 9.95877
C 16.85810 59.30310 10.08950
C 20.32740 58.60240 10.02720
C 23.65160 58.11320 9.95219
C 24.68590 55.01290 9.90013
C 25.87880 60.48770 9.91696
C 28.00550 54.53260 9.88127
C 26.94350 57.45120 9.97249
C 33.65590 56.43830 9.84159
C 29.09170 59.88260 9.95669
C 30.29450 56.92120 9.95523
C 32.47330 59.27840 9.97852
C 9.42705 63.46840 9.88183
C 14.83250 65.30930 9.97295
C 12.79710 62.94050 9.92341
C 11.59680 65.86430 9.97817
C 21.44940 64.07190 10.02480
C 18.22820 64.77740 9.99307
C 19.24930 61.68810 10.01460
C 15.98980 62.18880 10.01210
C 20.33850 67.17450 10.12030
C 22.55550 61.17070 10.05450
C 23.58310 66.48300 10.04980
C 26.93870 65.97050 10.01810
C 24.61780 63.63180 10.00450
C 28.08220 62.92060 9.90923
C 30.24380 65.31690 9.81484
C 33.49000 64.66990 9.74884
C 31.27550 62.24700 9.85560
C 34.62870 61.60970 9.85225
C 10.51680 35.39910 13.10410
C 9.37548 38.42810 13.24010
C 13.78550 34.85400 13.05460
C 12.62460 37.92780 13.13560
C 14.89270 40.24990 13.05010
H 9.79308 40.28180 11.66370
H 8.67404 34.96340 11.49830
H 10.80890 37.33310 11.52770
C 16.94010 34.30160 12.92610
C 15.94380 37.28360 12.98290
C 19.20810 36.48850 12.85150
C 18.22780 39.55620 13.00900
C 21.45790 38.91780 12.92870
C 22.41320 36.02320 12.77700
C 24.66660 38.25480 12.88960
C 25.85620 35.28930 12.76230
C 27.90830 37.75290 12.84220
C 29.09150 34.86580 12.74890
C 30.15050 40.12620 12.91900
C 31.33750 37.17200 12.83550
C 34.50170 36.55760 12.74970
C 33.63150 39.59190 12.92240
C 32.33610 34.12770 12.62010
C 11.61610 40.93710 13.24900
C 10.48390 43.84410 13.22030
C 13.84400 43.22990 13.18340
C 9.47405 46.76550 13.29340
C 12.61220 46.26890 13.15630
H 11.98640 42.75930 11.59040
H 10.82140 45.61930 11.50990
H 14.15810 45.07350 11.53350
H 8.67254 43.33640 11.56730
C 15.99750 45.49930 13.14060
C 20.35850 41.81260 13.05980
C 17.17580 42.59880 13.01170
C 19.25030 44.97070 13.10510
H 19.61640 46.83340 11.52630
H 17.49750 44.45970 11.43130
H 20.69160 43.77880 11.54520
C 26.85620 40.79820 13.09490
C 22.39040 44.31490 13.20520
C 23.56710 41.39410 13.16990
C 25.90070 43.61830 13.23820
C 24.67710 46.70190 13.25840
C 28.14620 46.11010 13.29510
H 22.83520 46.22100 11.61240
H 24.00400 43.28330 11.64100
H 26.26260 45.60240 11.72310
C 29.06390 43.18280 13.12190
C 32.41140 42.57420 12.99500
C 34.62920 44.97320 13.09360
C 31.47140 45.63300 13.16250
H 29.58490 45.04990 11.60740
C 11.52790 49.26420 13.25860
C 14.95580 48.68270 13.20490
C 10.43400 52.13400 13.16120
C 13.88240 51.66200 13.21570
H 13.10810 48.13870 11.64030
H 9.71025 48.66010 11.61440
H 8.54662 51.66060 11.56710
H 14.20790 53.38730 11.52260
H 12.02620 51.09030 11.66210
H 10.77760 53.98440 11.49160
C 21.31780 47.41390 13.16780
H 16.37240 47.40200 11.59130
H 15.26960 50.47490 11.51470
C 18.19810 47.89100 13.20040
C 20.31080 50.36350 13.24410
C 17.05940 51.07620 13.20840
C 19.26510 53.25960 13.17600
H 20.70510 52.17920 11.54000
H 17.43390 52.93170 11.57260
H 21.72440 49.21360 11.52520
H 18.51800 49.87290 11.66890
C 15.88060 54.03580 13.15350
C 22.47970 52.67290 13.17470
C 23.59380 49.64670 13.12550
C 26.88730 49.19390 13.27830
C 25.72300 52.24860 13.19160
H 24.00960 51.54910 11.54490
H 27.25540 51.03430 11.67570
H 25.12720 48.54310 11.60550
H 26.22320 53.99880 11.46450
H 28.50010 48.01130 11.72580
C 29.11380 51.57430 13.15820
C 30.39280 48.63670 13.26070
C 33.61890 48.07900 13.22120
C 32.49540 51.03070 13.17100
C 34.69440 53.41350 13.08900
C 31.27890 54.04130 13.13490
H 31.81200 47.43930 11.61600
H 30.68080 50.41950 11.59120
H 29.58290 53.38370 11.44910
H 32.82160 52.82170 11.53640
C 12.59250 54.40870 13.13630
C 9.29934 55.03050 13.22200
C 11.52370 57.51580 13.42580
C 14.75530 56.77930 13.28370
C 13.78500 60.00030 13.30550
C 10.49850 60.67130 13.28700
H 8.68750 59.95050 11.71590
H 12.93190 56.37100 11.73730
H 9.76550 56.93830 11.75470
H 11.92030 59.34120 11.79090
H 15.15480 58.70500 11.74980
C 17.10030 59.24810 13.25230
C 18.07990 56.26520 13.07530
C 21.47330 55.73380 13.23070
C 20.30550 58.61400 13.23210
H 19.70150 55.12570 11.56830
H 21.90980 57.58630 11.67500
H 20.74950 60.49880 11.65370
H 18.52210 58.09470 11.50060
H 16.19320 55.83160 11.50270
C 25.83970 60.61600 13.20250
C 24.74640 55.12110 13.14770
C 28.07540 54.45300 13.13400
C 23.82280 58.00760 13.22170
C 26.88770 57.40760 13.16020
H 22.86530 54.58500 11.58280
H 27.32630 59.34080 11.61250
H 24.11130 59.92650 11.61540
H 25.10330 56.88350 11.49350
H 28.48540 56.32890 11.57760
C 29.10160 59.93080 13.24280
C 30.33870 56.92250 13.13400
C 33.54730 56.41840 13.22430
C 32.49240 59.43390 13.09340
H 31.88460 55.79760 11.49080
H 30.63420 58.82980 11.60670
H 34.03320 58.19260 11.58310
H 35.05520 55.24150 11.54210
H 13.07140 64.74560 11.59030
H 14.17230 61.78740 11.59040
H 10.99510 62.43100 11.55690
H 9.78620 65.32300 11.55920
C 14.96450 65.28380 13.14050
C 9.39266 63.48040 13.17360
C 11.57900 65.83450 13.21000
C 12.77010 62.92300 13.24190
H 15.23300 67.15960 11.51840
C 16.01210 62.24640 13.17130
H 17.46630 61.10760 11.69300
H 16.41120 64.12420 11.53430
C 18.09770 64.59740 13.26360
C 20.36790 67.04540 13.35240
C 21.39530 64.04560 13.36140
C 19.24700 61.67540 13.29300
H 21.83280 65.88150 11.69500
H 18.54070 66.53340 11.74950
H 19.61220 63.49880 11.65170
H 28.48110 64.78150 11.48000
H 22.92550 62.93490 11.73010
C 27.02170 65.79880 13.18880
C 28.07430 62.95510 13.13740
H 25.11370 65.34800 11.68990
C 23.63420 66.44570 13.36940
C 22.53870 61.00000 13.30440
C 24.81910 63.49510 13.26060
H 26.23020 62.42110 11.47660
C 30.30220 65.29790 13.09180
H 31.68410 64.10090 11.39490
H 33.92760 66.52140 11.33950
H 30.62980 67.12740 11.42130
C 34.58260 61.81300 13.12270
C 31.35190 62.41710 13.13510
C 33.47910 64.74570 12.98140
H 32.82080 61.20610 11.47130
H 29.51700 61.74840 11.57110
H 34.96580 63.55430 11.36520
C 10.31770 68.82780 9.92555
C 9.25852 71.87640 9.94409
C 13.59500 68.27670 10.01310
C 12.58780 71.24950 10.00420
C 14.76260 73.50880 9.95567
C 15.77370 70.52980 10.03840
C 19.14250 70.15520 10.12610
C 18.13270 73.06060 10.16470
C 21.28040 72.36110 10.07510
C 17.09190 67.60910 10.03010
C 22.42570 69.47100 10.09120
C 24.70760 71.85540 9.97346
C 25.71250 68.78690 10.11440
C 27.92680 71.11980 9.99301
C 29.07780 68.29310 9.95903
C 32.39930 67.65530 9.76443
C 30.27360 73.65260 9.86915
C 31.22580 70.55670 9.90875
C 34.71790 69.86060 9.89421
C 33.58760 72.93830 9.86703
H 35.06950 71.73970 11.43500
C 11.43090 74.23150 10.02140
C 10.34310 77.14070 9.96169
C 9.36006 80.20350 9.90154
C 13.68610 76.56360 10.01160
C 12.63100 79.54200 9.89481
C 15.89610 78.90820 9.91278
C 20.28530 75.43180 10.04090
C 16.93510 75.97410 10.02690
C 19.14150 78.33740 9.97034
H 19.49810 80.23230 11.50550
C 26.98120 74.17460 9.94555
C 22.40510 77.61270 9.82508
C 23.65900 74.58880 10.00030
C 24.78860 80.13160 9.84390
C 25.94410 77.12360 9.84965
C 27.97160 79.42610 9.80113
H 26.23330 78.98600 11.48720
H 22.91110 79.53620 11.34570
C 29.15780 76.51140 9.89492
C 32.49610 76.00320 9.93753
C 31.40350 78.90690 9.87645
C 34.67020 78.33890 9.84786
H 34.97750 80.27000 11.40690
H 32.92320 77.77600 11.59020
H 30.68620 75.44770 11.54790
H 33.96500 74.75790 11.49930
H 29.52840 78.39290 11.48990
C 11.53590 82.57030 9.93263
C 14.70330 81.99680 9.95971
C 10.45450 85.57630 9.97537
C 13.79170 84.91460 9.87463
H 8.61280 85.02330 11.50080
H 9.70514 82.07010 11.53590
H 11.98370 84.39390 11.53320
H 14.11280 86.69220 11.59850
H 10.70750 87.38360 11.62880
C 21.31010 80.72500 9.88898
C 18.00070 81.28130 9.79629
C 20.28330 83.71870 9.84323
C 17.00950 84.32070 9.89209
C 19.18030 86.64830 9.78680
C 15.91370 87.30450 9.94912
H 15.25130 83.75270 11.56050
H 21.77040 82.59910 11.47640
H 18.46870 83.14370 11.47030
H 17.47200 86.16160 11.55790
H 20.65180 85.55120 11.44240
C 22.55660 86.06300 9.89726
C 23.57670 83.04410 9.85873
C 26.82900 82.55140 9.81655
C 25.82930 85.52950 9.87410
H 27.32860 84.37180 11.44980
H 28.31070 81.32170 11.33490
H 25.07390 81.95030 11.54210
H 26.12440 87.30360 11.56880
H 24.02070 84.87610 11.41840
H 31.70930 80.80950 11.39240
C 29.05480 84.87970 9.76105
C 30.14860 81.90420 9.74719
C 33.52010 81.32700 9.73253
C 32.35690 84.31680 9.71951
C 34.56700 86.61300 9.49062
H 29.52980 86.76090 11.30830
H 32.83260 86.20990 11.22310
H 33.94420 83.26000 11.27510
H 30.55750 83.74780 11.42050
C 31.28220 87.34300 9.63100
C 9.40627 88.67430 10.01390
C 12.57580 87.85770 10.02300
C 11.46410 90.79360 9.93880
C 14.78980 90.27330 9.90415
C 13.78690 93.25890 9.86436
C 10.44110 93.88790 9.87367
H 8.72141 93.45430 11.60390
H 9.76626 90.40930 11.69810
H 12.99570 89.72460 11.57020
H 11.93620 92.72120 11.42620
C 21.45700 88.91940 9.86474
C 18.00010 89.62460 9.81236
C 20.40770 92.01560 9.72345
C 17.10520 92.54950 9.81147
H 20.84340 93.85630 11.37620
H 18.66150 91.46630 11.37300
H 21.82220 90.82420 11.40020
H 15.28410 92.04470 11.44120
H 16.30300 89.17380 11.58490
H 19.58260 88.51550 11.39970
C 26.95690 90.84520 9.66973
C 24.72920 88.41970 9.81309
C 23.62620 91.35920 9.73363
C 27.87550 87.81920 9.85029
H 28.43950 89.73090 11.34770
C 25.90480 93.94330 9.56746
H 24.14610 93.25520 11.27190
H 27.41000 92.80370 11.17050
H 25.24130 90.30520 11.35830
H 23.04260 87.87860 11.47930
C 29.06350 93.21420 9.43341
C 32.33590 92.47500 9.35587
C 30.11320 90.23990 9.58588
C 33.50660 89.59290 9.47622
H 33.97220 91.48780 10.97730
H 31.74070 89.17560 11.18460
H 30.58460 92.16400 11.08800
H 35.11690 88.48070 10.98590
C 11.63160 99.13670 9.69034
C 9.45870 96.94680 9.81092
C 14.91370 98.59590 9.77593
C 12.63860 96.12310 9.84945
H 13.09400 98.01710 11.34070
H 14.18440 95.05750 11.44810
H 9.83030 98.82770 11.35180
H 10.86580 95.74970 11.45600
H 15.26410 100.45300 11.27410
C 20.30610 100.44900 9.47109
C 18.08330 98.01950 9.69393
C 21.38890 97.29130 9.51508
H 18.61890 99.84630 11.21870
H 21.88710 99.26570 10.97680
C 15.95100 95.65300 9.78323
C 19.25160 94.90720 9.72855
H 17.42650 94.45200 11.37620
H 16.37500 97.50050 11.48580
H 19.67560 96.81690 11.19660
C 27.98590 96.19420 9.39880
C 26.90130 99.05610 9.30233
C 23.62660 99.81400 9.31022
H 26.26990 95.76380 11.09080
H 28.44840 98.04270 10.97990
C 22.57800 94.34510 9.64834
H 25.11670 98.68180 11.00590
C 24.68000 96.80940 9.50230
H 22.98780 96.31630 11.15770
H 30.71640 100.39400 10.87240
C 30.19880 98.54920 9.26886
C 34.64950 94.94770 9.09962
H 32.83730 94.42120 10.78140
H 29.56250 95.09080 10.94840
H 35.05780 96.81670 10.67510
H 34.08230 99.74910 10.74750
H 31.84070 97.41400 10.71480
C 33.58790 98.02700 9.04758
C 31.24420 95.58730 9.19903
C 10.29840 68.83060 13.18970
C 9.30897 71.79400 13.26150
C 13.70130 68.16360 13.15690
C 12.53110 71.23470 13.17300
C 14.74200 73.47560 13.30220
H 8.55120 68.22480 11.54090
H 11.81910 67.69400 11.61670
H 13.98410 70.05780 11.62260
H 10.73100 70.68010 11.54930
H 9.59764 73.66570 11.61210
H 12.95530 73.12500 11.59420
C 15.80470 70.57240 13.22750
C 19.05980 69.97900 13.40000
C 17.92640 73.04800 13.33850
C 21.39880 72.49610 13.30700
C 16.87630 67.63430 13.24510
H 17.35450 69.49850 11.65900
H 19.56820 71.90620 11.88040
H 20.63500 68.95210 11.76040
H 16.20260 72.41360 11.61100
C 22.50350 69.59890 13.33460
C 24.75000 71.81530 13.28240
C 25.81200 68.79500 13.32080
C 28.02800 71.19220 13.16190
H 25.20520 73.62040 11.64400
H 22.92590 71.32130 11.63250
H 23.90360 68.28240 11.74740
H 27.39170 67.73280 11.70320
H 28.51170 73.03620 11.48510
H 26.12540 70.62840 11.65370
C 29.28850 68.25220 13.20430
C 32.42310 67.58460 13.02560
C 30.30160 73.63530 13.13450
C 31.37460 70.61790 13.15990
C 34.61430 69.94790 13.11330
C 33.64870 72.89370 13.10210
H 31.75580 72.42100 11.47960
H 29.50830 70.11240 11.62930
H 32.83730 69.43420 11.47360
C 11.40070 74.17700 13.25770
C 10.25770 77.18530 13.18100
C 9.26701 80.19150 13.07420
C 13.74910 76.55730 13.21230
C 12.62880 79.53480 13.19740
H 8.49433 76.58150 11.54130
H 10.83370 78.98530 11.53520
H 11.83010 76.03230 11.63060
H 14.09960 78.39290 11.52950
C 15.82360 79.07260 13.13010
C 20.34780 75.46540 13.27540
C 16.88450 76.02440 13.31590
C 19.16370 78.43770 13.23320
H 20.68300 77.29620 11.63360
H 21.74760 74.30470 11.57630
H 15.12410 75.30910 11.64950
H 17.36570 77.78340 11.64820
H 18.47710 74.89790 11.75560
C 27.07440 74.21420 13.18480
C 22.66410 77.73480 13.11330
C 23.66690 74.81260 13.12640
C 24.67280 80.06550 13.07000
C 25.76670 77.20620 13.12850
C 28.04160 79.49840 13.07930
H 24.05680 76.60790 11.39270
H 27.36380 76.07510 11.56930
C 29.23380 76.60370 13.15770
C 32.46650 75.90340 13.17350
C 31.38130 78.95900 13.12000
C 34.80660 78.43960 13.08120
C 11.48360 82.61340 13.19520
C 14.83560 81.84080 13.13970
C 10.41090 85.54330 13.12790
C 13.74080 84.83500 13.23930
H 12.92920 81.37260 11.59160
C 21.45770 80.70340 13.01670
C 18.01170 81.34070 13.13540
C 20.20810 83.76510 13.07900
C 17.05500 84.29650 13.17640
C 19.22120 86.73270 13.13540
C 15.93870 87.33140 13.17140
H 16.29280 80.79380 11.42330
C 22.55090 86.01850 13.03430
C 23.56000 83.09150 13.08710
C 26.95510 82.52370 13.05050
C 25.79120 85.40220 13.08580
C 31.42200 87.44740 12.86270
C 29.15450 84.96420 13.04240
C 30.09330 81.89330 12.98200
C 33.49420 81.50830 13.00510
C 32.46200 84.46640 12.88970
C 34.76790 86.72250 12.73640
C 13.83250 93.26430 13.02480
C 14.82130 90.35220 13.18640
C 11.64390 91.00480 13.21550
C 12.59230 87.84470 13.18220
C 9.29914 88.56940 13.26760
C 10.62250 93.93200 13.11960
C 17.17870 92.69920 12.94980
C 18.16570 89.73910 13.07870
C 21.42120 88.96560 13.01980
C 20.41180 92.05510 13.03230
C 23.68830 91.46460 12.93790
C 28.08450 87.91630 12.99050
C 24.73700 88.65880 13.13230
C 27.05170 91.06190 12.87840
C 25.97330 94.04370 12.78700
C 29.19760 93.40480 12.72350
C 30.34510 90.45800 12.80960
C 32.53840 92.73850 12.56430
C 33.67550 89.65040 12.66190
C 12.69850 96.21360 12.98840
C 11.71480 99.36290 12.86190
C 14.78050 98.74350 12.98380
C 9.54996 97.04450 13.06010
C 15.99480 95.65300 13.04080
C 18.33490 98.03310 12.93800
C 21.49570 97.53750 12.70940
C 19.32530 95.05190 12.92510
C 20.54790 100.43700 12.72770
C 28.17330 96.25530 12.61070
C 22.73180 94.52880 12.88300
C 26.94280 99.31060 12.53520
C 23.72880 99.95000 12.53390
C 24.82220 96.99040 12.68880
C 30.41120 98.46790 12.45630
C 33.65470 97.93160 12.36710
C 31.46580 95.69150 12.41310
C 34.70030 95.01410 12.31610
C 10.49540 102.04600 9.51086
C 9.40252 105.06100 9.33520
C 13.88730 101.49900 9.51004
C 12.75010 104.55000 9.30390
C 14.90490 106.91500 9.27050
H 13.09620 106.42800 10.88630
H 14.18930 103.46300 10.97720
H 12.08910 101.07100 11.11560
H 9.79251 107.02300 10.76670
H 10.97080 104.03400 10.94500
H 8.68448 101.69700 11.15270
C 16.09110 103.91000 9.45515
C 19.30070 103.33700 9.45431
C 18.11980 106.41900 9.30082
C 21.36540 105.68800 9.14375
C 17.02800 100.99000 9.60486
H 17.57130 102.84600 11.21740
H 19.67470 105.22600 10.88330
H 16.35740 105.82000 10.96470
H 20.90450 102.24700 11.05530
C 22.55740 102.74600 9.24607
C 24.66910 105.11200 9.02500
C 25.83420 102.15000 9.14727
C 28.03980 104.33800 9.07512
H 26.20380 104.03100 10.63290
H 22.96250 104.66000 10.71960
H 25.06250 107.00400 10.58300
H 28.47510 106.31400 10.57400
H 27.36270 100.99200 10.77120
H 24.06840 101.59900 10.81000
C 29.23230 101.47600 9.20718
C 32.46150 100.95700 9.18665
C 30.29060 106.79500 8.99645
C 31.42290 103.85500 9.15415
C 34.71730 103.32900 9.25374
C 33.58980 106.27600 9.18963
H 32.89810 102.76100 10.82820
H 29.57160 103.39800 10.75270
H 31.79010 105.71700 10.75090
H 35.05030 105.13100 10.89350
C 11.70440 107.48400 9.18039
C 10.48580 110.44300 9.15124
C 13.74260 109.98700 9.20646
C 9.35261 113.43700 9.10452
C 12.71820 112.86400 9.13909
H 10.87280 112.34300 10.73250
H 12.00640 109.36800 10.82780
H 14.24230 111.82200 10.81080
H 8.72519 109.99500 10.84170
H 15.32290 108.83800 10.75590
H 21.87680 107.59400 10.68910
C 16.01830 112.38400 9.13798
C 20.37540 108.72700 9.09259
C 17.11380 109.41700 9.13725
C 19.22300 111.75700 9.03756
H 19.69750 113.60500 10.63630
H 18.56760 108.22500 10.74040
H 17.45140 111.26900 10.79350
H 20.74580 110.62900 10.64990
C 26.93000 107.46700 8.99681
C 22.54340 111.14300 8.95986
C 23.50440 108.17200 8.95370
C 25.90480 110.53700 8.87521
C 24.80320 113.47800 8.84726
C 28.07220 112.87300 8.96253
H 27.34840 109.37300 10.43330
H 24.10210 109.95500 10.54250
H 23.02240 112.98600 10.48430
H 26.27270 112.36000 10.51010
C 29.23820 109.84700 8.95805
C 32.45320 109.11600 9.18679
C 34.60640 111.65600 9.15716
C 31.40160 112.23100 8.93816
H 30.63870 108.66100 10.61540
H 32.74420 111.12100 10.70720
H 34.94790 113.50600 10.84680
H 29.55350 111.73300 10.56020
H 33.98420 108.05300 10.87900
C 11.49310 115.74000 9.15310
C 14.79650 115.34100 9.09091
C 10.37440 118.78400 8.98789
C 13.71610 118.17800 8.96840
H 9.64461 115.28800 10.78210
H 11.91440 117.66000 10.66610
H 14.06710 120.15900 10.49220
H 13.04490 114.74900 10.73380
H 8.66256 118.37800 10.77360
H 10.79570 120.68200 10.56990
C 21.45790 114.07200 8.90186
H 16.31980 114.25900 10.74960
H 15.25630 117.18100 10.65960
C 18.10440 114.79400 9.09277
C 20.35040 117.13800 9.02359
C 17.12400 117.64400 8.97300
C 19.34260 120.06800 8.94582
H 18.61720 116.56700 10.71270
H 17.48310 119.49700 10.51060
H 21.91780 115.89900 10.48500
H 20.86300 118.95900 10.63450
C 15.93600 120.65200 8.86193
C 22.54700 119.47900 8.97041
C 23.69790 116.54000 8.88112
C 27.03380 115.94400 8.97232
C 25.90090 118.88200 8.96304
H 27.38070 117.77200 10.58700
H 24.07520 118.33200 10.54570
H 28.42370 114.71700 10.61310
H 25.17470 115.35000 10.45600
H 26.31320 120.71700 10.55880
H 31.66250 114.14100 10.54370
C 29.17350 118.31600 8.95217
C 30.15210 115.25200 8.92497
C 33.59260 114.64600 9.08276
C 32.46650 117.72800 9.06979
C 34.64770 120.15600 9.16774
H 32.80360 119.54100 10.73480
H 29.57150 120.12300 10.61460
H 33.94800 116.55300 10.69620
H 30.56080 117.06600 10.57260
C 31.40480 120.67800 9.04629
C 12.60380 121.39300 8.99411
C 13.73200 126.67500 9.05058
C 14.62620 123.66300 9.02066
C 9.20304 121.86900 9.02314
C 11.52520 124.29000 8.97400
H 12.91560 123.16800 10.73970
H 11.82930 126.07900 10.56000
H 9.65129 123.64100 10.53810
C 10.39800 127.28300 8.89717
H 8.53982 126.66400 10.41020
H 15.23800 125.44900 10.70700
C 16.96560 125.96700 8.96686
C 20.40210 125.32400 8.98339
C 21.64110 122.34200 8.96320
C 18.15470 122.97000 8.94920
H 18.56950 124.85200 10.56710
H 21.91350 124.20700 10.62400
H 19.72740 121.87700 10.56150
H 16.28320 122.47900 10.51790
H 20.79220 127.22600 10.60580
C 28.17340 121.33200 8.99479
C 23.69800 124.79000 8.97181
C 24.87560 121.83800 8.90954
C 27.09770 124.11400 9.02451
C 25.84820 127.24600 8.96804
H 24.04050 126.64400 10.55790
H 28.54660 123.06400 10.70670
H 27.28190 126.03000 10.61160
H 25.22790 123.64600 10.55210
H 23.10720 121.27100 10.61460
C 29.11020 126.60900 9.01831
C 33.60170 123.07600 9.21240
C 32.44710 125.99700 9.15581
C 30.29830 123.63000 9.07799
H 30.56630 125.47600 10.70840
H 33.96280 124.88400 10.85220
H 35.00600 121.89500 10.94210
H 31.75310 122.48500 10.71150
C 12.52310 129.67300 9.07307
C 9.28621 130.27000 9.07174
C 11.48440 132.64300 9.12432
C 14.79660 132.04700 9.12906
H 12.93000 131.49200 10.77320
H 14.04210 128.48000 10.64940
H 9.63446 132.04800 10.66220
H 10.71370 129.05300 10.73590
H 15.15970 133.83800 10.75280
H 19.62570 130.20200 10.64620
C 18.07680 131.37800 9.08849
C 21.47200 130.79100 9.06816
C 20.30610 133.82600 9.17472
C 19.20700 128.34600 9.05409
C 15.90300 129.06100 9.03364
H 18.52360 133.15700 10.73390
H 21.79050 132.59400 10.74210
H 16.26810 130.79000 10.65880
H 17.38640 127.77600 10.62680
C 22.56980 127.95600 9.00938
C 24.65400 130.21800 9.09179
H 22.86800 129.66900 10.79430
H 25.05470 132.07600 10.67420
C 27.94800 129.65300 9.04851
H 28.30810 131.50600 10.62920
H 26.14600 129.00100 10.65880
C 26.79520 132.76500 9.06491
C 23.50710 133.30300 9.14116
H 31.60250 130.83600 10.72690
H 32.75040 127.84400 10.74030
H 34.98990 130.25400 10.77330
H 29.47030 128.48000 10.63490
H 33.79220 133.22500 10.65720
C 30.17310 132.02500 9.09423
H 30.60260 133.78500 10.78930
C 31.31450 128.99800 9.03376
C 34.69700 128.28900 9.21964
C 33.45400 131.32400 9.09958
C 10.56720 102.29200 12.66590
C 9.41450 105.21400 12.49800
C 13.80260 101.81600 12.74460
C 12.70510 104.68400 12.57950
C 14.87660 107.10700 12.50590
C 15.97390 104.02200 12.65510
C 19.48950 103.52900 12.68150
C 18.25340 106.50100 12.47210
C 21.59260 105.84000 12.37160
C 17.15810 101.03500 12.84430
C 22.80730 102.90400 12.46520
C 24.84940 105.20400 12.25710
C 25.92220 102.27500 12.30660
C 27.92020 104.56900 12.31660
C 29.17570 101.55100 12.40080
C 30.21740 106.87000 12.26820
C 31.33450 103.91600 12.40690
C 34.71910 103.30200 12.47460
C 33.50960 106.30300 12.48340
C 32.60320 100.88300 12.41050
C 11.57150 107.51600 12.46190
C 10.55220 110.60600 12.43400
C 13.82360 110.01700 12.41390
C 9.27699 113.44000 12.37370
C 12.68730 112.95000 12.35720
C 16.04040 112.49300 12.43320
C 20.41930 108.77700 12.30280
C 17.10170 109.41200 12.42980
C 19.31310 111.81900 12.34440
C 26.96820 107.53300 12.10880
C 22.65190 111.14700 12.12480
C 23.69160 108.15100 12.27580
C 25.96650 110.51400 12.15020
C 24.76560 113.52500 12.08520
C 28.09030 112.87400 12.20490
C 29.09900 109.86500 12.14170
C 32.36960 109.26600 12.28320
C 34.38200 111.78900 12.46630
C 31.31300 112.33800 12.25270
C 11.55150 115.84500 12.35540
C 14.79800 115.45800 12.35450
C 10.54440 118.92300 12.33140
C 13.71270 118.36700 12.22490
C 21.57510 114.08000 12.14280
C 18.23590 114.69600 12.32040
C 20.54790 117.00000 12.19980
C 17.08480 117.70500 12.25050
C 19.27450 120.05100 12.19930
C 15.96170 120.56300 12.13680
C 22.67130 119.45300 12.23950
C 23.72650 116.47500 12.09140
C 26.89860 115.93000 12.14590
C 25.82960 118.91400 12.17100
C 29.10380 118.28200 12.24220
C 30.20330 115.30400 12.22080
C 33.32390 114.71400 12.27530
C 32.32630 117.63700 12.25170
C 34.49510 119.99700 12.45880
C 31.28880 120.75300 12.29870
C 12.60290 121.31700 12.20690
C 9.39811 121.89500 12.25670
C 11.36430 124.26500 12.24000
C 14.85720 123.57400 12.25380
C 13.66820 126.56600 12.23590
C 10.21380 127.17200 12.16810
C 20.39920 125.38300 12.20790
C 17.12430 125.95600 12.30090
C 21.55340 122.29700 12.18860
C 18.14920 122.96600 12.15020
C 27.01250 124.20900 12.22450
C 24.91320 121.87900 12.21850
C 23.79020 124.78200 12.17320
C 28.06890 121.20900 12.22430
C 25.78140 127.15000 12.26730
C 29.01460 126.66100 12.26390
C 30.35960 123.62000 12.30910
C 33.42140 123.09300 12.43730
C 32.36670 126.03900 12.36770
C 12.55080 129.57600 12.33080
C 9.20473 130.21300 12.33190
C 11.39660 132.53800 12.41180
C 14.84090 132.05600 12.29460
C 20.28240 133.72300 12.37130
C 21.31960 130.80500 12.37040
C 19.25130 128.30900 12.25220
C 15.95240 128.91000 12.30230
C 18.07550 131.28400 12.25880
C 27.98590 129.65000 12.27880
C 24.73900 130.21400 12.33810
C 23.57070 133.19100 12.36170
C 26.83980 132.68100 12.34180
C 22.55290 127.66800 12.25680
C 30.10450 131.96100 12.38760
C 31.19310 128.98700 12.31160
C 33.40770 131.43300 12.33260
C 34.60500 128.36200 12.38110
C 37.96350 2.68162 9.13921
C 36.75520 5.65796 9.15487
C 41.24590 2.14498 9.15213
C 40.15540 5.16458 9.13235
H 36.05450 2.24670 10.73880
H 38.34780 4.57639 10.68440
H 41.62830 3.98961 10.79560
H 40.44340 6.94789 10.85610
H 39.44450 1.54760 10.74870
H 42.70910 1.03185 10.82280
C 44.67660 1.58582 9.35073
C 43.55560 4.53091 9.24281
C 46.87670 3.92414 9.38091
C 45.63090 6.97750 9.32630
C 48.99430 6.46584 9.49040
H 43.78040 6.40077 10.88530
C 47.94250 1.02504 9.48749
H 44.99610 3.43372 10.94230
H 47.14390 5.80332 10.96040
H 48.29260 2.82721 11.13910
C 50.15200 3.43406 9.50146
C 53.41680 2.85681 9.52034
C 52.28840 5.94150 9.60405
C 55.64350 5.25432 9.66493
H 50.42110 5.25950 11.14790
H 51.56110 2.28025 11.18470
H 55.98500 6.99683 11.46180
H 53.78530 4.59687 11.08800
H 54.86670 1.60090 11.17690
C 56.74980 2.24993 9.61012
C 59.98040 1.64399 9.73842
C 58.94240 4.56880 9.79826
C 62.30480 4.07987 9.97326
C 61.15040 6.90419 10.01310
H 58.12520 1.06185 11.30840
H 57.03020 4.06293 11.33140
H 59.24640 6.38153 11.51660
H 37.18550 7.49038 10.80850
C 37.96210 11.14460 9.14730
C 38.99770 8.06307 9.17068
C 41.18620 10.49890 9.24737
C 40.14030 13.48340 9.26420
H 36.13350 10.54940 10.79260
H 39.33860 9.91576 10.80500
H 41.61680 12.31780 10.88700
H 38.30140 12.93280 10.85620
C 35.71810 8.68527 9.18349
C 42.25350 7.52704 9.24237
H 42.60310 9.34373 10.95400
C 44.47870 9.81036 9.36950
C 43.52530 12.92950 9.33500
C 46.79320 12.33650 9.47400
C 47.99230 9.36414 9.49985
H 44.94900 11.63390 10.98360
H 46.07280 8.72866 10.97350
H 48.25850 11.19000 11.12740
H 49.30420 8.20856 11.25190
C 51.23830 8.71105 9.71674
C 54.52540 8.21299 9.88870
C 50.10590 11.69820 9.53432
C 53.50290 11.26120 9.84160
C 55.69590 13.58430 9.87991
H 50.40570 13.56710 11.16580
H 51.56390 10.59250 11.26150
H 52.59150 7.61944 11.43330
H 53.84400 13.01490 11.49970
H 54.85020 10.01300 11.50590
C 57.78420 7.53283 9.84090
C 56.67840 10.64650 9.88811
C 60.04410 9.92600 9.90991
C 58.85000 12.92990 9.95725
C 62.29830 12.42650 10.05590
H 58.10360 9.38387 11.44150
H 57.03950 12.44320 11.55960
C 36.78030 14.04740 9.23821
C 38.06230 19.44730 9.40523
C 39.06790 16.41250 9.29974
C 41.31720 18.86590 9.43787
H 37.21350 15.85350 10.87830
H 36.24440 18.87440 11.02040
H 40.49550 15.25110 10.94780
H 39.48480 18.18750 10.99990
C 35.77080 17.12540 9.29261
H 41.58750 20.63330 11.14560
C 42.30400 15.91120 9.38998
H 47.04110 14.14730 11.12890
C 45.66200 15.29860 9.46610
C 48.88830 14.69510 9.58224
C 44.53530 18.24780 9.42505
C 47.84160 17.65800 9.57734
H 42.73810 17.69330 11.06630
H 43.80110 14.62240 10.92450
H 45.94790 17.11880 11.14750
H 44.86060 20.08090 11.07740
H 48.28940 19.47230 11.11460
C 46.70560 20.51790 9.46191
H 49.31410 16.52200 11.29270
C 52.42100 14.17140 9.79018
C 50.22050 19.96720 9.66605
C 51.14200 17.06670 9.79988
C 54.45320 16.59000 9.92987
C 53.46070 19.51400 9.87997
H 51.62290 18.90860 11.45900
H 52.61550 15.96950 11.48740
H 54.87550 18.40280 11.55780
H 55.96240 15.38720 11.53780
C 56.63120 18.99470 9.95065
C 57.84730 15.98190 9.98426
C 61.13580 15.29530 10.04660
C 60.04000 18.23940 10.01800
C 62.08230 20.73270 9.94923
H 57.04810 20.78580 11.61990
C 36.96040 22.41900 9.41527
C 40.26670 21.92500 9.48224
C 39.01110 24.78630 9.53090
H 38.43740 21.26140 11.05570
H 40.54870 23.71830 11.17540
H 37.17840 24.19440 11.12350
C 35.83150 25.35330 9.28846
C 41.24570 27.23700 9.56114
H 39.39460 26.64040 11.06080
H 36.15950 27.17480 10.86430
C 42.29900 24.34440 9.49958
C 43.34870 21.28130 9.48452
C 48.94300 22.97890 9.60201
C 45.57520 23.62710 9.54354
C 44.50550 26.59900 9.54610
C 47.84870 25.96280 9.59194
H 47.08530 22.41700 11.14070
H 42.68540 26.07440 11.19130
H 43.76230 23.10000 11.12590
H 46.00030 25.48010 11.18690
H 49.34570 24.84150 11.22650
C 52.27290 22.49730 9.78330
C 55.59480 21.87830 9.93023
C 51.23460 25.44360 9.71977
C 54.49000 24.83450 9.85304
H 50.41620 21.86530 11.30690
H 53.73650 21.35440 11.46250
H 51.52770 27.28360 11.32230
H 52.62970 24.32000 11.43230
H 55.94390 23.72040 11.49380
C 56.68100 27.28080 9.90966
C 57.79360 24.26860 9.94489
C 61.08790 23.76910 10.01570
C 58.86170 21.26900 9.99321
C 59.96250 26.75250 10.05990
C 35.76710 33.87420 9.55816
C 38.02290 27.87030 9.32794
C 38.95540 33.19480 9.62503
C 36.67150 30.90410 9.37524
C 40.27820 30.14900 9.45941
H 38.23220 29.66960 10.90160
H 40.54660 31.98430 11.06450
H 41.62770 29.06800 11.24290
H 37.16010 32.59270 11.15800
H 46.07050 33.72540 11.40590
C 42.45270 32.60210 9.58915
C 45.59520 31.99490 9.68585
C 46.74930 28.96680 9.61056
C 48.95850 31.35510 9.60776
C 43.44790 29.60930 9.62888
H 44.87770 28.42170 11.21580
H 43.78130 31.41080 11.30660
H 48.29590 27.77470 11.23410
H 47.13630 30.73570 11.10990
C 53.34370 27.92450 9.81224
C 52.39540 30.79990 9.76140
C 55.59390 30.20750 9.95610
C 51.21750 33.71370 9.80912
C 50.07700 28.34530 9.62494
C 54.49040 33.25060 10.01990
H 50.45970 30.22550 11.18750
H 49.36880 33.10840 11.35420
C 61.19850 32.00220 10.31560
C 62.25880 29.05670 10.30950
C 57.80180 32.69920 10.12150
C 58.97570 29.66780 10.02920
C 37.87790 2.78017 12.31650
C 36.90960 5.61505 12.39930
C 41.17670 2.21655 12.40970
C 40.08320 5.07923 12.43750
C 44.45350 1.58805 12.51580
C 43.37680 4.55246 12.46890
C 46.71910 4.02677 12.66920
C 45.58510 6.89105 12.56260
C 48.86010 6.45327 12.72840
C 47.68630 1.05376 12.73130
C 50.06080 3.47329 12.79380
C 53.33700 2.81246 12.78040
C 52.24850 5.70651 12.80490
C 55.37560 5.10240 12.92520
C 56.53980 2.18287 12.90250
C 59.92130 1.55731 13.00090
C 58.82030 4.53063 13.02510
C 62.05880 3.90831 13.26940
C 60.98490 6.94353 13.25590
H 62.52310 5.77389 11.76800
H 60.39460 3.42242 11.43210
C 37.95120 11.06880 12.48750
C 39.00240 8.05756 12.43600
C 41.12390 10.50590 12.50490
C 40.10370 13.37130 12.51260
C 35.69120 8.70773 12.41220
C 42.23220 7.41977 12.48640
C 44.46360 9.79204 12.56890
C 43.37120 12.86710 12.56840
C 46.62390 12.31600 12.68580
C 47.70030 9.40228 12.73590
C 51.07650 8.77869 12.92220
C 54.42870 8.10274 13.04870
C 53.30590 11.11630 13.03470
C 50.02450 11.74090 12.83660
C 55.57260 13.58970 13.20810
C 57.80640 7.52922 13.12090
C 56.62160 10.53250 13.10740
C 59.89950 9.93309 13.11830
C 62.10090 12.28760 13.31710
C 58.84780 12.89450 13.23110
H 60.36150 11.75510 11.55080
H 61.46600 8.73470 11.59610
C 36.72020 14.00110 12.50270
C 38.06610 19.44030 12.63940
C 39.02910 16.37460 12.56580
C 41.15650 18.72600 12.69560
C 42.29790 15.78250 12.52890
C 35.73500 16.95450 12.51790
C 45.46890 15.21500 12.66670
C 48.77840 14.59920 12.81520
C 44.45400 18.27640 12.76010
C 47.74270 17.67090 12.79700
C 46.70800 20.57290 12.70500
C 52.08090 14.04350 12.93060
C 54.40120 16.51800 13.12240
C 51.03810 17.09760 13.05270
C 49.90550 19.98540 12.88490
C 53.29320 19.50740 13.12280
C 56.61090 18.95930 13.26320
C 61.04850 15.38630 13.30720
C 57.74670 15.94620 13.18630
C 59.96070 18.26040 13.22770
H 60.36000 20.12660 11.64500
C 62.10240 20.79980 13.28830
H 59.28940 14.78700 11.61420
H 62.60340 14.19840 11.78220
H 58.12740 17.83130 11.58810
H 61.52900 17.15220 11.65730
C 35.66410 25.44940 12.60580
C 38.95910 24.86140 12.75910
C 42.29980 24.24550 12.83590
C 36.82460 22.29010 12.67370
C 40.14340 21.84910 12.76330
C 41.12300 27.14840 12.78210
C 43.39330 21.17780 12.74160
C 47.77830 25.97470 12.87340
C 44.45880 26.60880 12.81520
C 48.85340 23.07350 12.84580
C 45.57420 23.57220 12.79880
C 55.51160 21.93800 13.14030
C 54.43490 24.93010 13.03600
C 51.03260 25.50350 12.96670
C 52.11610 22.44270 13.01010
H 54.89030 26.72600 11.42370
C 60.99960 23.55840 13.27800
C 58.82060 21.28470 13.23450
C 56.56610 27.26660 13.15060
C 59.80560 26.60810 13.26830
C 57.67140 24.17630 13.17620
H 61.36510 25.50360 11.77610
H 58.08780 26.03340 11.58810
H 62.53350 22.54200 11.60490
H 59.24480 23.08100 11.58670
C 35.61910 33.61810 12.79260
C 39.00500 32.91390 12.79150
C 37.88710 27.81180 12.57780
C 36.72170 30.62680 12.61370
C 39.92440 30.20480 12.66460
C 42.21140 32.47270 12.85620
C 48.85350 31.21520 12.83780
C 45.70290 31.74290 12.84020
C 46.79150 28.91550 12.77400
C 43.43530 29.52850 12.87340
C 52.12150 30.70200 13.02300
C 51.12480 33.67410 13.02500
C 50.08250 28.43870 12.86600
C 55.47080 30.19550 13.19760
H 55.86900 32.04120 11.60650
C 53.25190 27.77120 13.00450
H 52.63630 32.55010 11.46050
H 53.74630 29.65980 11.52820
C 54.29070 33.01460 13.19840
C 58.83310 29.52880 13.30990
C 57.59840 32.54870 13.31550
H 62.56320 30.86770 11.99760
H 60.37650 28.47630 11.71110
H 59.24110 31.46640 11.76430
C 60.93760 31.94190 13.51660
H 57.08770 29.12000 11.55690
H 61.37800 33.83200 11.94480
C 62.10430 28.97540 13.47790
C 37.91890 36.05380 9.74336
C 36.87140 39.04990 9.72300
C 41.19080 35.50240 9.71032
C 40.09830 38.43810 9.83152
H 36.07400 35.56010 11.31300
H 40.53670 40.25410 11.47670
H 41.65160 37.27740 11.34580
H 38.24750 37.91300 11.40150
H 39.41670 34.93330 11.38150
C 44.54920 34.80800 9.76089
C 43.38500 37.81120 9.67991
C 46.81570 37.12180 9.89251
C 45.69870 40.20880 9.73165
C 48.88350 39.60520 9.87184
C 47.83590 34.36760 9.82481
H 43.83550 39.61860 11.30540
H 47.05990 39.02500 11.41440
H 44.87510 36.67380 11.31630
H 42.68690 34.32720 11.29360
H 48.29270 36.08860 11.59290
C 49.97660 36.66590 9.91597
C 53.49450 36.06920 9.99261
C 52.24460 38.96460 9.93935
C 55.58140 38.44320 10.02390
C 56.63230 35.51580 10.19630
C 59.94200 35.02280 10.29320
C 58.92310 37.88320 10.17600
C 62.15220 37.18700 10.35310
C 61.04150 40.16530 10.21100
C 37.91660 44.39910 9.83560
C 39.06910 41.47350 9.86160
C 41.22910 43.78250 9.74637
C 40.10890 46.85610 9.80961
C 35.74520 42.00310 9.76809
H 41.61100 45.61460 11.39700
H 36.08960 43.83410 11.46770
H 38.35730 46.23460 11.41880
H 37.18080 40.87780 11.35030
H 39.45560 43.28080 11.45220
C 42.32150 40.74210 9.76049
C 44.58980 43.14280 9.79064
C 47.77430 42.57430 9.75121
C 43.42050 46.15440 9.70129
C 46.69820 45.62660 9.74414
H 42.70510 42.62730 11.34660
H 46.00040 41.95440 11.45210
H 48.19160 44.43760 11.32030
H 44.88540 45.00000 11.37050
C 51.08620 41.92570 9.86328
C 54.38030 41.40170 9.87172
C 50.04160 44.87900 9.66690
C 53.32560 44.30650 9.79794
C 55.54110 46.79590 9.82006
H 50.41970 46.78450 11.17870
C 57.78700 40.88390 10.01660
C 56.62800 43.89100 9.88456
C 60.04570 43.16940 10.05180
C 58.99500 46.29820 10.00630
C 62.11720 45.55490 10.08590
C 36.79490 47.45010 9.84922
C 35.71370 50.36690 9.84275
C 38.03880 52.84150 9.95129
C 39.14320 49.77590 9.92305
C 41.24210 52.20720 9.85560
H 37.27020 49.19380 11.46710
H 36.19840 52.21410 11.47570
H 39.49530 51.64980 11.53890
H 40.57460 48.60000 11.50720
H 41.73560 54.00300 11.49140
C 42.25960 49.28470 9.78429
C 45.67600 48.58140 9.71840
C 48.92870 47.98120 9.65289
C 44.51760 51.60100 9.81106
C 47.84350 51.00470 9.73689
C 46.84280 53.99940 9.79231
H 48.26970 52.77520 11.45980
H 45.04150 53.39330 11.40040
H 42.73210 51.03400 11.47520
H 47.15860 47.48360 11.36010
H 46.05040 50.42690 11.34320
H 43.79730 48.01810 11.27290
C 52.26740 47.33190 9.62675
C 54.48790 49.79930 9.75917
C 51.09900 50.39080 9.63093
C 50.00320 53.47820 9.73667
C 53.40160 52.78520 9.72254
H 49.35860 49.78620 11.27450
H 52.56090 49.18560 11.23460
H 51.58430 52.28990 11.28840
H 54.84590 51.61960 11.37300
C 56.61800 52.21710 9.75678
C 57.74300 49.05950 9.79695
C 61.14470 48.52540 9.88147
C 60.03580 51.55660 9.71209
C 62.21510 54.02840 9.86709
H 57.13320 53.99730 11.33040
C 35.78520 58.75160 9.98830
C 36.98220 55.72420 10.04590
C 40.15370 55.20160 10.04950
C 39.16020 58.06780 10.00300
C 41.42400 60.39430 10.02540
H 36.10840 60.62080 11.58900
C 42.36430 57.62650 9.95079
H 40.71840 57.02010 11.65710
H 37.30180 57.60740 11.63570
H 39.57220 59.85420 11.63830
H 38.41840 54.57540 11.71180
C 47.88220 59.51900 9.75973
C 43.53540 54.53440 9.80272
C 44.59330 59.86450 9.84643
C 45.77530 56.92410 9.74456
C 48.96320 56.37610 9.73262
H 47.20590 55.82250 11.43460
H 46.15230 58.71400 11.38620
H 43.96460 56.36100 11.38770
H 42.94450 59.33710 11.64110
C 51.27010 58.67710 9.61818
C 54.47390 58.14620 9.71949
C 55.56930 55.07620 9.71377
C 52.30470 55.77190 9.77511
H 49.46500 58.23220 11.28830
H 50.48660 55.24570 11.40780
H 53.85400 54.61860 11.32660
H 52.70110 57.59140 11.33670
H 56.00280 56.96740 11.28390
H 54.90900 59.93200 11.32330
H 51.67870 60.56160 11.15290
C 58.85610 54.56390 9.64590
C 56.76610 60.44500 9.72507
C 61.14000 56.91570 9.78295
C 57.81290 57.55670 9.69324
C 59.93530 60.01870 9.68339
H 61.43170 58.84710 11.28040
H 58.25060 59.37060 11.35400
C 35.88780 67.02280 9.86658
C 40.29180 63.43400 9.93150
C 36.96830 63.98860 9.92653
C 38.04600 61.03700 10.05960
C 39.11460 66.34870 9.91776
C 42.46650 65.85840 9.86383
H 40.64400 65.27620 11.54730
H 37.28780 65.89500 11.48600
H 38.44680 62.91040 11.65210
H 41.69440 62.30110 11.62350
C 49.01800 64.72220 9.65778
C 43.50290 62.81610 9.92835
C 46.74880 62.41600 9.68415
C 45.68080 65.33250 9.78209
H 46.09090 67.10050 11.48250
H 47.24380 64.15530 11.31120
H 43.91380 64.71740 11.42550
H 48.32100 61.21550 11.15460
H 45.09800 61.68180 11.43160
H 52.73600 65.89390 11.24160
H 49.46700 66.47300 11.40840
C 53.54460 61.10280 9.60952
C 54.51460 66.45380 9.57785
C 51.18160 67.03490 9.65315
C 55.77480 63.43080 9.55945
C 50.18910 61.71610 9.57686
C 52.37580 64.08560 9.54682
H 53.91020 62.95330 11.14940
H 50.61760 63.58430 11.20110
H 56.07030 65.34330 11.15940
H 62.63980 64.17280 11.40290
C 62.23490 62.34820 9.78273
C 58.96320 62.95240 9.71188
C 61.17800 65.26410 9.74576
H 59.34800 64.78960 11.34100
H 61.59610 67.16350 11.29210
C 57.94780 65.93040 9.67438
H 57.12370 62.35870 11.27220
H 60.43390 61.80340 11.31340
C 37.90970 36.00760 12.97530
C 36.66710 39.06090 12.92900
C 41.32340 35.51390 12.97590
C 40.11680 38.37760 12.99760
C 47.89260 34.19880 13.06500
C 44.49120 34.74490 12.89120
C 43.43560 37.88740 12.99000
C 46.60330 37.18410 13.01680
C 45.50750 40.15310 12.99780
C 48.77030 39.58910 13.04930
C 50.09450 36.68160 13.13700
C 53.19380 36.04280 13.22530
C 52.09610 39.11070 13.15230
C 55.39830 38.60000 13.25300
H 54.81300 34.96060 11.78480
H 55.88650 40.39120 11.55600
H 53.70520 37.90410 11.64190
H 50.37170 38.48220 11.51400
H 51.58150 35.51530 11.43120
C 56.52310 35.58630 13.43320
C 59.90070 34.95310 13.55540
C 58.74750 37.96850 13.45190
C 62.10230 37.33410 13.59110
C 60.90790 40.14910 13.46270
H 59.15680 39.73760 11.77270
H 57.01220 37.37450 11.75120
H 60.31230 36.79670 11.93300
H 58.07340 34.43520 11.86970
H 62.54190 39.10920 11.90420
C 35.68410 41.96750 13.03980
C 37.91970 44.37110 13.02100
C 38.90320 41.41430 13.02220
C 41.29800 43.75010 13.03390
C 40.16210 46.77340 13.05100
C 42.43180 40.75090 13.01070
C 44.52040 43.18810 13.01240
C 47.68900 42.71770 13.06180
C 43.42740 46.17080 12.98710
C 46.65610 45.63720 12.96350
C 51.04590 42.05580 13.01650
C 54.27340 41.50800 13.10510
C 50.04690 45.07790 12.90980
C 53.18420 44.34450 13.02100
C 55.41560 46.81970 13.00260
H 52.60290 40.86340 11.49530
H 51.49710 43.81350 11.35150
H 54.80170 43.29380 11.45240
H 53.67660 46.17850 11.34670
H 49.19670 41.45680 11.47330
C 57.59730 40.96970 13.26330
C 56.54880 43.85320 13.12310
C 59.80680 43.19430 13.36350
C 58.76370 46.36130 13.16800
C 62.10370 45.66460 13.36610
H 60.34840 45.01890 11.70450
H 61.34840 42.02180 11.83050
H 57.05170 45.67940 11.45920
H 58.10150 42.73040 11.56990
C 36.89750 47.37350 13.15100
C 37.93030 52.64680 13.24030
C 39.11420 49.75400 13.09490
C 41.30080 52.17380 13.15240
C 35.79580 50.34510 13.13930
C 42.45430 49.21910 13.07300
C 45.57960 48.61690 12.93590
C 49.05090 47.94060 12.89830
C 44.60310 51.57760 12.98570
C 47.89120 50.85220 12.96160
C 46.83800 53.92890 13.03820
C 52.15090 47.39490 12.86400
C 54.19260 49.82620 12.92870
C 51.14070 50.48580 12.87570
C 50.19390 53.44930 13.01170
C 53.41130 52.78500 12.97030
H 55.90070 48.68680 11.46250
H 62.56430 47.45440 11.66160
C 56.76760 52.16400 12.88410
C 57.76750 49.23580 13.03120
C 61.01640 48.66400 13.12070
C 59.84430 51.60970 12.94420
H 60.33360 53.44930 11.30600
H 61.46080 50.47630 11.42560
H 58.14120 50.97320 11.28110
H 59.28360 48.07340 11.45280
C 62.02270 54.06970 13.02020
C 35.80680 58.72840 13.26710
C 39.12920 57.98790 13.28520
C 40.32000 55.11150 13.21520
C 36.86330 55.73030 13.23070
C 41.46280 60.41220 13.22750
C 42.62510 57.46270 13.17720
C 45.66130 56.92810 13.05390
C 49.04350 56.54640 13.00860
C 44.82480 59.86870 13.13770
C 47.97200 59.50930 12.88480
C 43.59230 54.54590 13.03480
C 54.52860 58.10400 12.93300
C 55.64870 55.11360 12.93040
C 51.32470 58.83830 12.87300
C 52.39310 55.78360 12.93140
C 60.98130 57.04930 12.92860
C 60.03580 60.00090 12.94870
C 58.84690 54.64090 12.92350
C 57.79700 57.46700 12.89420
H 59.23710 56.38220 11.27380
H 62.54590 55.84770 11.52550
C 56.70800 60.55070 12.93800
C 39.11240 66.37650 13.12840
C 38.01350 60.97240 13.20980
C 36.80350 64.00780 13.07740
C 40.21590 63.50350 13.26900
C 35.65190 66.97340 13.05640
C 42.50450 65.78180 13.10560
C 45.75770 65.18420 13.00250
C 43.60200 62.89630 13.04620
C 49.14830 64.72250 12.88220
C 46.98950 62.29400 12.91180
C 52.43630 64.06110 12.85010
C 50.15730 61.72510 12.70990
C 51.32630 67.11050 12.91570
C 54.60970 66.52410 12.81060
C 55.61050 63.60990 12.87120
C 53.39980 61.14940 12.82420
C 57.82040 65.94200 12.89090
C 62.14150 62.33950 13.01330
C 58.94760 62.91350 12.93220
C 61.13630 65.35400 12.96050
C 37.94210 69.31240 9.91761
C 36.91840 72.32950 9.80752
C 41.21300 68.66800 9.93598
C 40.17510 71.73080 9.88121
H 38.32570 71.19010 11.45030
H 40.48150 73.52400 11.45800
H 36.17700 68.79230 11.56540
H 41.65060 70.58190 11.51670
H 39.38360 68.23210 11.55690
C 47.87150 67.59710 9.85405
C 44.63800 68.31050 9.86255
C 43.42070 71.18070 9.87159
C 46.89000 70.64170 9.82887
C 45.58080 73.54690 9.88702
C 48.94320 72.95340 9.71957
H 45.04150 70.11500 11.44900
H 47.18050 72.48660 11.46600
H 43.76020 73.02090 11.46740
H 48.27120 69.44220 11.48590
H 42.82980 67.68300 11.49170
C 49.99480 70.04160 9.74958
C 53.38720 69.47820 9.56801
C 52.11060 72.34550 9.62696
C 55.57580 71.66200 9.49882
H 50.37890 71.82250 11.32940
H 53.71150 71.31620 11.17760
H 51.62170 68.87560 11.24660
H 56.00310 73.61390 11.04210
H 54.89510 68.31930 11.17640
C 56.71430 68.77320 9.55808
C 60.08420 68.08920 9.64405
C 58.97060 71.10270 9.52209
C 62.24410 70.44940 9.54380
C 61.04110 73.57750 9.38196
H 59.30010 73.05350 11.02530
H 57.07740 70.68240 11.08280
H 58.23620 67.81350 11.30810
H 60.42590 70.04090 11.17770
H 62.70390 72.48520 10.90850
C 37.84720 77.66880 9.72039
C 39.03530 74.63150 9.84441
C 41.10750 77.05410 9.59640
C 39.97880 80.05150 9.47490
H 41.54900 78.95960 11.09610
H 38.27470 79.56860 11.24530
H 36.14200 77.17140 11.47590
H 39.39990 76.56730 11.33240
C 35.74840 75.33890 9.85814
H 37.18470 74.11630 11.48990
C 42.26240 74.02510 9.78247
C 36.69100 80.62680 9.61142
C 44.47990 76.35720 9.65540
C 43.41380 79.38140 9.47247
C 46.69300 78.73340 9.54979
C 47.71250 75.79090 9.80612
H 44.83580 78.29870 11.14350
H 48.23740 77.74820 11.25710
H 45.96540 75.42880 11.45030
H 42.61760 75.98750 11.23870
H 49.37850 74.81400 11.35890
C 51.16010 75.38210 9.65928
C 54.35610 74.75060 9.54881
C 49.96530 78.26820 9.62714
C 53.35530 77.82260 9.57625
C 55.44150 80.23440 9.53202
H 53.67950 79.61160 11.20920
H 50.38690 80.21040 11.20090
H 54.78410 76.61850 11.20910
H 51.56410 77.22790 11.21300
H 52.65300 74.16780 11.26820
C 57.79550 74.16070 9.39661
C 56.58300 77.08850 9.46255
C 60.08960 76.50610 9.36155
C 58.84740 79.54950 9.36362
C 62.13620 78.99420 9.29715
H 57.04230 78.95570 11.00750
H 58.21910 76.06620 10.98900
H 60.33960 78.36940 10.90650
H 61.54360 75.38570 11.04300
C 37.88500 86.08070 9.34390
C 39.02040 82.98780 9.41437
C 42.37450 82.36070 9.35867
C 41.18470 85.42610 9.29963
H 36.16370 85.51520 11.08680
H 40.55160 81.91180 11.01820
H 37.24790 82.48900 11.08210
H 39.41760 84.96770 10.88530
H 41.68680 87.29220 10.85740
C 35.73890 83.62460 9.52750
H 47.09550 80.68000 11.03560
C 48.87210 81.28470 9.48878
C 45.59230 81.71800 9.33427
C 44.44260 84.68390 9.23349
C 47.81030 84.04410 9.32042
H 48.14640 86.07850 10.70850
H 44.90420 86.59380 10.70930
H 45.93190 83.62280 10.90190
H 43.83830 81.28140 11.01070
H 42.69430 84.26060 10.94260
C 46.74900 87.17240 9.13408
C 52.13110 80.60810 9.50026
H 49.24890 83.13130 11.13340
C 51.02370 83.63230 9.42670
C 54.48480 83.10060 9.49262
C 50.06600 86.62990 9.18958
C 53.44440 85.96030 9.27955
H 54.94870 84.99920 11.07990
H 52.64490 82.51880 11.03360
H 51.58280 85.56060 10.92100
H 56.01020 81.91320 11.10090
H 62.46820 80.83060 10.90770
C 56.78960 85.52950 9.43417
C 57.69680 82.55410 9.36942
C 60.93780 81.97060 9.32878
C 59.98550 85.00320 9.31238
H 60.38730 86.75670 11.00240
H 58.27120 84.33560 11.00360
H 61.45960 83.79860 10.91530
H 59.21000 81.38160 11.02510
H 57.16820 87.33080 11.12230
C 62.19840 87.43510 9.43366
C 36.78610 88.99590 9.24286
C 40.08670 88.35740 9.22444
C 38.93420 91.49060 9.05409
H 36.17990 93.80950 10.69980
H 40.46330 90.29070 10.57040
H 39.42730 93.24750 10.65310
H 38.29310 87.93330 10.94950
H 37.31090 90.84740 10.77190
C 41.28870 93.83740 9.09701
C 35.74120 91.95210 9.20795
C 42.28970 90.79650 8.97068
H 42.84880 92.60520 10.60850
C 47.89810 92.72390 9.07800
C 43.41420 87.68460 9.05112
C 45.67010 90.22510 8.96163
C 44.60200 93.32550 9.02201
C 49.00130 89.63590 9.04470
H 47.15740 89.10780 10.64010
H 43.83330 89.58470 10.50720
H 46.01860 92.04560 10.57890
H 49.36800 91.47940 10.67090
C 55.65190 88.43090 9.38868
C 54.56010 91.33460 9.30462
C 51.32120 91.96580 9.21815
C 52.24750 89.11120 9.25893
H 50.36740 88.51610 10.78130
H 51.57980 93.88010 10.87050
H 52.68990 90.89980 10.95450
H 56.01230 90.26190 11.02160
H 53.71170 87.89140 10.86550
H 54.82540 93.22620 10.89680
C 56.67070 93.78770 9.34682
C 60.98810 90.43820 9.41814
C 58.89460 87.94240 9.43131
C 60.01000 93.46720 9.47288
C 57.83610 90.88160 9.41319
H 59.28570 89.74280 11.08790
H 62.48980 89.24380 11.06220
H 58.16790 92.70950 11.05490
H 61.44390 92.17570 11.06830
C 35.84240 100.39400 9.18533
C 37.95070 94.43640 9.03356
C 39.16490 99.69970 9.23933
C 36.96480 97.41410 9.11776
C 40.26750 96.76160 9.09904
H 38.40940 96.17550 10.70720
H 41.69950 95.62620 10.70640
H 40.70290 98.55720 10.78700
H 37.33180 99.17170 10.82940
C 42.38320 99.22010 9.11070
C 49.10370 97.98610 9.14807
C 45.69300 98.65810 9.18228
H 44.97160 95.00260 10.84060
H 43.88440 98.03520 10.73000
H 47.25450 97.39400 10.67130
H 46.10750 100.39700 10.93840
C 43.54610 96.15150 9.17401
C 46.71720 95.50980 9.18173
H 48.18310 94.41020 10.84230
H 49.38330 99.88660 10.77720
H 52.69810 99.13840 10.73470
H 50.46280 96.80270 10.84090
C 53.40360 94.38930 9.20157
C 54.48440 99.76660 9.15194
C 52.29490 97.33160 9.15922
C 51.19220 100.30300 9.08698
C 50.05180 94.97340 9.24631
C 55.55640 96.86290 9.15487
H 53.80470 96.23550 10.78550
H 55.93160 98.65080 10.82720
C 58.96410 96.30710 9.24717
H 62.53470 97.57470 11.14730
H 61.31660 100.50500 11.06780
H 57.08250 95.71430 10.77140
C 61.09840 98.65830 9.42661
C 62.33550 95.71970 9.53313
C 57.72310 99.28310 9.23429
H 59.19920 98.08630 10.85210
H 60.38490 95.12780 10.92800
C 37.94240 69.46440 13.13880
C 36.76950 72.24010 13.10030
C 41.28380 68.74480 13.13910
C 40.10400 71.72320 13.12790
C 44.67680 68.37890 13.08190
C 43.48380 71.20060 13.09420
C 46.83700 70.66810 13.08430
C 45.61340 73.60860 13.04150
C 49.01630 73.06160 13.02750
C 47.96470 67.58090 13.04710
C 50.14660 70.00380 12.94920
C 53.50000 69.46550 12.82650
C 52.20730 72.35380 12.90560
C 55.62750 71.82160 12.70710
C 56.68140 68.97510 12.81630
C 60.00720 68.28380 12.89020
C 58.91230 71.17160 12.67790
C 62.28510 70.74690 12.67920
C 61.21250 73.64100 12.59200
C 35.77330 75.34360 13.12440
C 37.95690 77.80680 12.98700
C 39.03250 74.79390 13.00990
C 41.20850 77.26560 12.86600
C 40.20270 80.18670 12.75010
C 42.23610 74.28030 13.01810
C 44.42120 76.52880 12.88520
C 43.36130 79.60180 12.69560
C 46.66890 78.92030 12.74530
C 47.81120 75.96720 12.94030
C 51.27680 75.44270 12.89470
C 54.54620 74.70730 12.78070
C 53.37640 77.81360 12.85890
C 50.07650 78.43740 12.80320
C 55.60750 80.06460 12.71660
C 57.82480 74.22770 12.65580
C 56.70740 77.13650 12.70650
C 60.02610 76.56350 12.60690
C 62.02490 79.02980 12.53990
C 58.88890 79.51420 12.60030
C 36.93060 80.84160 12.90590
C 35.84830 83.69200 12.76180
C 37.98580 86.10350 12.61010
C 39.13260 83.19260 12.60420
C 41.23490 85.51940 12.49420
C 42.38250 82.48830 12.59700
C 48.78770 81.37060 12.75430
C 45.62670 81.92860 12.60050
C 44.54370 84.95140 12.45080
C 47.67270 84.36580 12.47280
C 46.70520 87.35800 12.26480
C 52.18190 80.81640 12.80940
C 54.50140 83.12560 12.67160
C 51.16900 83.77660 12.61510
C 49.88840 86.69520 12.38250
C 53.36420 86.11510 12.60510
C 56.76660 85.45150 12.68080
C 61.08730 81.95660 12.56950
C 57.81430 82.56130 12.66230
C 60.01440 84.90420 12.63220
C 62.08060 87.37570 12.64720
C 36.87990 89.19480 12.55630
C 40.18860 88.58120 12.35810
C 39.15110 91.42390 12.29380
C 35.89790 92.05160 12.43000
C 41.31000 93.74130 12.18320
C 42.36330 90.79070 12.12740
C 48.85950 89.70020 12.33490
C 45.63340 90.17860 12.17950
C 44.52520 93.03720 12.32720
C 47.77100 92.55170 12.31050
C 43.58130 87.85610 12.34890
C 54.51430 91.49880 12.59590
C 51.04630 92.03870 12.45470
C 55.46170 88.35420 12.57550
C 52.12000 88.97230 12.47520
C 61.02460 90.37840 12.71230
C 60.00080 93.35140 12.61720
C 57.74810 90.81660 12.68220
C 58.98250 87.86840 12.71880
C 56.68800 93.92210 12.48470
C 35.85810 100.26900 12.47150
C 39.12710 99.64720 12.41230
C 36.90820 97.33620 12.32900
C 38.00020 94.28180 12.35100
C 40.21620 96.67840 12.36350
C 42.47000 99.19110 12.47860
C 43.42970 96.19910 12.34350
C 45.74040 98.63660 12.33550
C 46.76030 95.67360 12.42160
C 48.95510 97.99580 12.36750
C 54.44980 99.77520 12.42470
C 55.59980 96.77460 12.42880
C 53.31610 94.50270 12.47680
C 49.98570 95.00790 12.44300
C 51.20350 100.34800 12.32050
C 52.30370 97.34790 12.38700
C 58.80930 96.24080 12.47130
C 62.03710 95.66470 12.69850
C 60.85800 98.60790 12.61300
C 57.66190 99.25000 12.43730
C 38.07810 102.64600 9.24381
C 36.81460 105.68800 9.25695
C 41.27140 102.21300 9.21800
C 40.17020 105.16400 9.23255
H 38.35150 104.56600 10.82630
H 36.23570 102.14200 10.88730
H 40.49520 106.98900 10.89900
H 39.54130 101.59400 10.88800
H 41.68540 104.05500 10.82930
C 44.60020 101.52800 9.29291
C 43.46400 104.64900 9.14760
C 46.71420 103.99200 9.08246
C 45.74120 107.18500 9.12325
C 49.09010 106.45300 9.10707
C 47.79870 100.93700 9.19457
H 48.26160 102.84500 10.60230
H 47.17540 105.87200 10.63430
H 43.96640 106.47400 10.70080
H 42.74890 100.99200 10.84320
H 44.99350 103.45900 10.81070
C 50.09910 103.42100 9.06669
C 53.36840 102.88300 9.12745
C 52.27390 105.89000 9.22820
C 55.55030 105.23800 9.30176
H 51.55730 102.16600 10.61900
H 50.41280 105.23400 10.79240
H 53.69370 104.68000 10.85330
H 54.69960 101.61300 10.79620
H 55.92170 107.02200 11.03030
C 56.53010 102.23900 9.23942
C 58.80640 104.71500 9.47435
C 62.17310 103.94000 9.51985
C 60.08800 101.71500 9.32320
C 60.92060 107.00100 9.55894
H 60.28120 103.47800 11.08490
H 56.94880 104.01300 10.91560
H 59.12210 106.51100 11.17560
H 58.13300 101.11700 10.83270
H 62.46820 105.82100 11.11170
C 37.83470 111.06100 9.33484
C 39.05310 108.12300 9.32636
C 41.12070 110.37500 9.43896
C 40.11230 113.41200 9.39041
H 41.59860 112.29400 11.02720
H 39.25940 109.94900 11.04190
H 38.17330 112.95200 10.92810
H 37.14490 107.57900 10.83440
H 36.00460 110.55600 10.93400
C 35.66950 108.78100 9.23979
C 42.30940 107.59800 9.28844
C 44.52600 109.93100 9.34969
C 47.78930 109.36300 9.32266
C 43.40150 112.96400 9.41986
C 46.72240 112.29100 9.40939
H 44.88860 111.78800 11.01850
H 42.75040 109.35300 10.96940
H 46.02720 108.78600 10.97250
H 48.18460 111.15200 11.04930
H 49.30900 108.22100 10.83260
C 51.16370 108.86000 9.33836
C 49.96640 111.77100 9.46794
C 55.61420 113.62100 9.50179
C 53.25890 111.12200 9.45898
C 54.47040 108.14900 9.35593
H 52.62860 107.63300 10.94290
H 54.85140 109.95100 10.99880
H 51.44340 110.59800 11.12480
H 50.41030 113.57200 11.06350
H 53.68160 112.97600 11.01610
C 57.70910 107.71000 9.52976
C 56.71240 110.60700 9.47180
C 58.82920 112.98100 9.66985
C 62.28250 112.21300 9.81307
C 59.98930 110.00400 9.56299
H 60.30340 111.77000 11.29690
H 58.14090 109.47900 11.17640
H 56.97790 112.38000 11.16270
H 61.48210 108.80400 11.16000
C 36.77520 114.09100 9.21194
C 37.92050 119.56200 9.22430
C 39.09980 116.51000 9.27674
C 41.34350 119.00700 9.30559
H 37.20470 115.97100 10.83070
H 36.06750 118.95000 10.78900
H 39.42400 118.38500 10.82020
H 40.45330 115.33300 11.00820
C 35.84580 117.12500 9.09685
H 41.59860 120.77600 11.09960
C 42.30310 115.89500 9.35586
H 47.07180 114.16200 11.04790
C 45.47530 115.26500 9.48985
C 48.86480 114.62500 9.38330
C 44.51750 118.21500 9.42045
C 47.75070 117.70900 9.40635
H 42.60280 117.72400 10.97740
H 43.65810 114.73900 11.15310
H 46.00740 117.06200 11.11510
H 44.88600 120.11100 10.95050
H 48.19470 119.45000 11.09300
C 46.81300 120.77600 9.54408
H 49.31560 116.52300 10.92720
C 52.13380 114.22700 9.42433
C 54.48910 116.47800 9.51746
C 51.13990 117.05700 9.30984
C 49.95960 120.16900 9.45363
C 53.25480 119.53400 9.36274
H 55.87270 115.34700 11.27770
H 51.42790 118.91600 10.94230
H 52.62250 116.01600 11.07590
H 54.73060 118.38700 11.06260
H 62.52750 114.11200 11.37690
C 59.92220 118.21600 9.86955
C 60.93800 115.27500 9.80879
C 56.79940 118.82400 9.78374
C 57.73270 115.87800 9.74842
H 59.13640 114.72200 11.37440
H 57.07140 120.66900 11.41820
H 60.23050 120.01500 11.58470
H 58.10750 117.61500 11.48640
H 61.40740 117.07100 11.50080
C 62.05140 120.58000 9.95650
C 39.10410 124.82000 9.30711
C 40.18600 121.85500 9.34908
C 36.78760 122.43600 9.27867
H 36.17010 127.16200 10.89660
H 39.36790 126.72400 10.91580
H 38.34620 121.33700 10.85210
H 37.22840 124.29600 10.89780
C 41.28740 127.10900 9.38387
H 40.51300 123.75700 10.96120
C 35.74400 125.37700 9.20709
C 42.40230 124.23200 9.40138
H 42.76370 126.04600 11.05360
C 47.92430 126.00600 9.59221
C 44.52680 126.59900 9.43597
C 48.85840 123.10000 9.70138
C 45.74310 123.59300 9.47883
C 43.54030 121.18000 9.48986
H 43.83100 123.12900 11.00060
H 47.08960 122.49300 11.30450
H 45.99150 125.43200 11.07670
H 49.30630 124.85800 11.38370
C 51.03360 125.41300 9.69780
C 52.07550 122.52800 9.59224
C 54.44040 124.86800 9.63323
C 55.62940 121.78200 9.68605
H 50.36470 121.87700 11.25390
H 55.88950 123.67800 11.28300
H 51.44290 127.25700 11.20800
H 52.62380 124.27200 11.27330
H 53.63110 121.26600 11.08650
H 54.79680 126.64600 11.30080
C 59.91990 126.50600 9.85840
C 56.71860 127.17700 9.78918
C 58.91720 121.17300 9.80504
C 57.85130 124.20900 9.78780
C 61.02560 123.54900 9.95303
H 58.12370 125.92500 11.50250
H 59.19170 122.96000 11.53220
H 61.48810 125.41200 11.52270
H 62.50850 122.37000 11.59160
C 35.67830 133.77000 9.07164
H 41.65970 128.96600 10.93290
C 40.14280 130.05700 9.27858
H 40.54320 132.01900 10.77090
H 37.13020 132.64300 10.71770
H 38.29420 129.69500 10.97400
C 37.95900 127.89600 9.26910
C 39.07950 133.10200 9.13755
C 36.85770 130.70400 9.17479
C 42.39790 132.56900 9.15498
H 44.89500 128.38300 11.12470
C 49.01180 131.44700 9.56867
C 45.80680 131.98000 9.32254
C 43.49860 129.51700 9.32191
H 43.87040 131.39900 10.81110
C 46.70190 129.01400 9.56120
H 47.14500 130.91000 11.17340
H 48.27060 127.81500 11.08970
H 46.05420 133.79200 11.00610
H 49.27040 133.28900 11.20490
H 50.45860 130.25800 11.18470
C 50.10690 128.51700 9.53596
C 55.52590 130.12900 9.70202
C 52.37270 130.83500 9.63027
C 51.12950 133.73300 9.65583
C 53.28000 127.79100 9.66042
C 54.43770 133.10900 9.67276
H 53.69780 129.59400 11.26960
H 55.93540 131.93100 11.30610
H 52.61130 132.62400 11.36050
H 59.17440 131.43400 11.41280
H 56.98080 128.99600 11.44930
C 61.10110 131.80100 9.81073
C 57.75840 132.57100 9.73216
H 60.22150 128.39800 11.44240
C 62.17050 128.84900 10.00040
C 58.79070 129.58000 9.79316
C 38.05900 102.71400 12.49560
C 36.88090 105.71300 12.46390
C 41.33790 102.25900 12.48410
C 40.10710 105.09700 12.44300
C 47.97450 101.11700 12.39910
C 44.61410 101.64800 12.45440
C 43.51890 104.74100 12.38630
C 46.88450 104.06200 12.31560
C 45.74690 106.84500 12.39770
C 48.86360 106.33000 12.37740
C 50.09600 103.29400 12.26490
C 53.24830 102.74200 12.39140
C 52.17740 105.72100 12.48570
C 55.43130 105.16100 12.55820
C 56.45750 102.10700 12.42500
C 59.72200 101.63700 12.65670
C 58.69200 104.72400 12.57850
C 62.01590 103.99900 12.75070
C 60.97040 106.91300 12.78840
C 37.78870 111.10900 12.62520
C 38.96100 107.99200 12.52010
C 41.20150 110.37700 12.59610
C 39.97340 113.46100 12.55980
C 35.73260 108.71100 12.55320
C 42.34980 107.35300 12.37340
C 44.55290 109.90700 12.61310
C 47.82630 109.22200 12.55400
C 43.36160 112.87600 12.70410
C 46.69150 112.31400 12.66010
C 51.04460 108.62100 12.56590
C 54.45340 108.11700 12.62730
C 49.91250 111.73800 12.71950
C 53.33620 111.10300 12.64810
C 55.42540 113.51100 12.75810
C 57.57550 107.63100 12.75260
C 56.52660 110.54200 12.72750
C 59.99390 109.85300 12.80390
C 58.69940 112.84400 12.87290
C 62.09530 112.26100 12.93070
C 36.70730 114.21700 12.50800
C 37.85440 119.49500 12.40890
C 38.90230 116.61000 12.51330
C 41.10750 118.91200 12.59470
C 35.60450 117.15900 12.41640
C 42.09560 115.93700 12.68660
C 45.55680 115.25800 12.73140
C 48.88090 114.75300 12.63800
C 44.43900 118.32000 12.56780
C 47.90860 117.53700 12.68260
C 46.61720 120.57400 12.73410
C 52.29920 114.12100 12.68320
C 54.38280 116.55000 12.76140
C 51.01560 117.10600 12.61840
C 49.97370 119.91200 12.74250
C 53.15860 119.40400 12.69140
C 56.42580 118.76400 12.87140
C 57.58940 115.71100 13.01310
C 60.89240 115.15900 13.00310
C 59.85980 118.13700 13.15480
C 62.10140 120.46500 13.16660
C 36.81670 122.42900 12.49360
C 39.99130 121.91400 12.61060
C 38.97020 124.88100 12.53750
C 41.16740 127.10100 12.56350
C 35.69650 125.35700 12.54360
C 42.31540 124.23500 12.60150
C 43.46590 121.28300 12.61670
C 45.47890 123.68300 12.77240
C 48.89730 122.98900 12.94410
C 44.50510 126.52700 12.72420
C 47.67330 126.07000 12.79390
C 51.17190 125.41800 12.89660
C 54.41860 124.79400 12.92970
C 52.21150 122.39700 12.82720
C 55.40330 121.75500 12.79670
C 59.97790 126.57500 13.06920
C 60.92710 123.56600 13.15380
C 58.70070 121.17900 13.19610
C 57.59090 124.06000 13.08760
C 56.54700 127.13200 13.03130
C 42.32980 132.59100 12.43210
C 38.98160 133.13600 12.40230
C 40.17360 130.22500 12.50440
C 37.88550 127.88600 12.56690
C 36.68220 130.94700 12.47120
C 35.54940 133.78900 12.33360
C 48.99170 131.44100 12.84130
C 45.52580 131.98400 12.63550
C 43.33980 129.70600 12.61530
C 46.74420 129.04600 12.66520
C 52.22060 130.72500 12.93420
C 51.04900 133.81500 12.85810
C 50.03930 128.44800 12.83790
C 55.35230 130.13900 12.95980
C 53.16780 127.74900 12.82290
C 54.57640 133.17400 12.87900
C 58.76390 129.63900 13.08570
C 60.94420 132.02500 13.09570
C 57.67570 132.64400 12.99850
C 62.07730 128.89700 13.08580
H 62.47040 130.75400 11.64660
H 61.38550 133.73800 11.32210
C 65.49360 3.25853 10.02130
C 64.33280 6.33804 10.14360
C 68.85040 2.82639 10.29940
C 67.78770 5.71449 10.23180
C 63.27610 1.00710 9.87809
C 72.03230 2.15379 10.42150
C 71.04990 5.21048 10.47620
C 75.40060 1.57912 10.48440
C 74.27260 4.54739 10.56360
C 76.38680 7.01059 10.80870
C 77.50030 4.03888 10.68730
C 80.72470 3.38539 10.80180
C 79.65310 6.37636 10.84200
C 83.01640 5.78583 10.77780
C 78.65960 0.91773 10.71640
C 84.14750 2.68304 10.79090
C 86.37480 4.98164 10.88630
C 87.48390 2.16227 10.91520
C 89.59340 4.55197 11.01240
C 66.45300 8.77761 10.21470
C 68.82170 11.15390 10.45390
C 65.44570 11.70270 10.23150
C 63.30910 9.26162 10.08230
C 69.92280 8.19781 10.40840
C 73.20230 7.47030 10.62130
C 72.11840 10.51650 10.53990
C 70.94450 13.36270 10.49640
C 75.29410 9.87235 10.63700
C 74.34660 12.98820 10.57620
C 81.91560 8.75574 10.98840
C 77.40780 12.21670 10.72110
C 78.70260 9.24661 10.83550
C 80.77120 11.64490 11.00440
C 88.56120 7.53326 10.94010
C 85.31640 8.14951 10.91170
C 84.04050 10.98810 11.03850
C 86.28780 13.42710 11.01230
C 87.28680 10.47190 11.05220
C 89.64070 12.63510 11.08670
C 67.69520 13.99070 10.45990
C 63.44950 17.59740 10.11710
C 66.71010 17.01610 10.33810
C 64.46110 14.63850 10.18200
C 65.49560 20.01730 10.09860
C 68.87940 19.37020 10.30020
C 69.88490 16.38350 10.46000
C 73.24260 15.85090 10.59320
C 72.09820 18.80480 10.47270
C 75.34970 18.17380 10.52230
C 76.57180 15.19290 10.69220
C 79.71420 14.61540 10.86910
C 82.09080 17.05860 10.77860
C 78.72570 17.57770 10.68990
C 80.94980 19.97000 10.74740
C 77.69790 20.56420 10.54420
C 82.91350 13.94610 10.96090
C 85.32520 16.38510 10.96600
C 88.45720 15.71020 10.98030
C 84.27240 19.33110 10.91920
C 87.36880 18.74330 10.96870
C 64.43380 23.17060 10.15990
C 67.75400 22.37890 10.14180
C 66.46040 25.52680 10.29060
C 63.26090 26.11350 10.31640
C 69.86880 24.92910 10.22410
C 74.18850 21.25520 10.30740
C 73.11510 24.26770 10.34970
C 70.94210 21.87490 10.27360
C 75.44590 26.62330 10.54960
C 72.00270 27.19920 10.34980
C 76.59200 23.63240 10.41400
C 79.79890 22.83950 10.64770
C 78.72630 25.94410 10.62560
C 83.23460 22.39110 10.80560
C 82.01630 25.26150 10.66490
C 89.67620 21.00820 11.07100
C 88.60410 24.03280 10.80580
C 86.45000 21.66910 10.92720
C 85.36940 24.74550 10.85400
C 87.46170 27.13050 10.78300
C 65.42620 28.47370 10.39010
C 68.64250 27.87350 10.31430
C 67.50930 30.91750 10.42460
C 66.57620 33.79340 10.43930
C 64.40980 31.35670 10.44110
C 74.31600 29.56140 10.55450
C 73.10740 32.53130 10.53220
C 69.83270 33.20990 10.49200
C 70.91230 30.22110 10.40290
C 79.62480 31.30220 10.58240
C 81.88260 33.71730 10.64010
C 77.50080 28.95100 10.66730
C 80.89190 28.14170 10.63410
C 83.10540 30.67800 10.60630
C 76.44950 31.95590 10.54420
C 89.72520 29.43660 10.78960
C 85.29540 33.18730 10.61730
C 86.43270 30.06470 10.73870
C 88.62620 32.49010 10.70580
C 84.19970 27.68460 10.72830
C 65.34930 3.24914 13.29440
C 64.37890 6.22967 13.34480
C 68.54530 2.69011 13.53220
C 67.60230 5.74536 13.43230
C 63.06940 0.84525 13.13930
H 63.61060 2.78183 11.62450
H 66.88680 2.09721 11.65300
H 65.89030 5.10353 11.68690
H 69.10360 4.60268 12.03220
C 71.86240 1.99940 13.65090
C 70.83210 5.10196 13.72090
C 75.12650 1.53339 13.79860
C 74.07520 4.40374 13.89700
H 74.51900 6.27419 12.31020
H 71.27930 6.97715 12.14630
H 72.40710 3.97306 12.15450
H 73.52840 0.95891 12.02850
H 75.69950 3.36159 12.25810
H 70.13580 1.46826 12.01280
C 76.23970 6.88363 13.92510
C 77.33540 3.87703 14.04000
C 80.69430 3.30154 14.00940
C 79.66950 6.24138 14.08020
C 83.00380 5.72438 14.08880
C 78.47980 0.87163 13.93310
H 81.19170 5.20076 12.43390
H 77.85380 5.74660 12.46160
H 78.90420 2.78724 12.39190
H 82.30730 2.21323 12.38950
C 84.09300 2.69225 14.02200
C 86.19010 5.02859 14.10440
C 87.38280 2.10513 14.13720
C 89.57950 4.50059 14.22710
H 87.82010 3.99854 12.60510
H 88.85040 0.89552 12.51920
H 86.71030 6.84697 12.45530
H 84.48570 4.55956 12.41410
H 85.61260 1.54500 12.41630
C 66.44200 8.67518 13.46800
C 65.31470 11.66420 13.48290
C 68.59280 11.02680 13.63020
C 63.20920 9.20715 13.35330
H 69.14470 12.89170 12.15030
H 66.87270 10.55090 11.87960
H 64.67030 8.13205 11.81400
H 67.98080 7.62288 11.81240
H 63.59230 11.09540 11.72060
H 65.81580 13.49830 11.92110
C 69.57520 8.10222 13.62200
C 72.94970 7.48066 13.84260
C 71.97310 10.56320 13.73120
C 70.98180 13.42460 13.74380
C 75.28360 9.83515 13.84860
C 74.19070 12.87270 13.81110
H 72.43930 12.31140 12.06790
H 70.23090 9.95157 12.09220
H 75.66850 11.70420 12.23180
H 73.50620 9.31669 12.24650
C 81.95550 8.59688 14.11520
C 77.26880 12.23470 14.03060
C 78.36140 9.27307 14.03280
C 80.57580 11.67880 14.25650
H 76.76800 8.66975 12.24280
H 82.20630 10.57620 12.69510
H 78.87970 11.12970 12.47020
H 81.12940 13.51250 12.64050
H 80.08430 8.19903 12.54670
C 88.41200 7.43402 14.16290
C 85.21830 7.96399 14.14350
C 83.99980 11.08610 14.31880
C 86.26100 13.38180 14.28840
C 87.36660 10.40710 14.28070
C 89.61950 12.82930 14.33740
H 87.81050 12.27670 12.69720
H 84.47560 12.83310 12.60760
H 83.44060 7.51379 12.43260
H 88.83460 9.33094 12.62050
H 85.50580 9.84887 12.70500
C 67.56930 14.00000 13.69130
C 64.30860 14.66360 13.51400
C 66.48710 17.07070 13.53620
C 65.34420 20.11920 13.30180
C 68.72360 19.51330 13.57160
C 63.26210 17.80720 13.36610
H 68.06560 15.86990 12.08910
H 63.57300 19.58050 11.62140
H 66.95900 18.94000 11.87970
H 64.77800 16.48300 11.87270
C 69.90020 16.47420 13.69580
C 73.06570 15.80180 13.80220
C 71.98890 18.94830 13.71650
C 75.38300 18.38850 13.78500
H 74.68210 14.73530 12.22830
H 70.25340 18.27990 12.03680
H 75.69400 20.11710 12.00120
H 73.53950 17.75400 12.22170
H 72.39530 20.74030 11.99590
H 71.36930 15.24510 12.08750
C 76.38680 15.30180 13.96350
C 83.02570 14.09960 14.17320
C 79.55080 14.84380 14.10300
C 82.03720 17.11470 14.05090
C 78.62490 17.62770 13.92250
C 80.82440 20.02440 13.93430
H 80.24700 16.48740 12.36800
H 76.88320 17.08950 12.26180
H 79.10960 19.48740 12.28800
H 82.40930 18.88930 12.39340
H 77.85870 14.03220 12.43680
C 77.40590 20.56970 13.75860
H 83.45890 15.85830 12.46400
C 85.09880 16.32950 14.26250
C 88.61000 15.77120 14.23930
C 84.08680 19.43990 14.16280
C 87.45350 18.74610 14.20250
H 88.94710 17.60240 12.47630
H 86.69650 15.21890 12.71830
H 85.59410 18.18990 12.67300
H 87.75850 20.59480 12.56620
C 63.14200 26.05300 13.50050
C 64.33610 23.17060 13.24610
C 67.58440 22.36970 13.37150
C 66.59180 25.44690 13.41090
H 68.04940 24.24530 11.76120
H 69.17340 21.25730 11.87170
H 64.69670 24.94860 11.93500
H 66.91000 27.29230 11.88920
H 65.87590 21.93920 11.64530
C 69.72510 24.88640 13.53090
C 75.24550 26.47780 13.74840
C 73.11140 24.17950 13.53490
C 74.15890 21.28990 13.56610
C 70.92150 21.87200 13.55810
C 71.98100 27.17790 13.65230
H 74.69400 23.12410 11.88850
H 71.27870 23.73790 11.92650
H 70.18550 26.71110 11.95820
H 73.46830 26.08340 12.01800
C 76.30590 23.62130 13.73700
C 78.62320 25.93430 13.76250
C 81.87590 25.34290 13.93210
C 82.99860 22.48910 14.01830
C 79.68190 22.98520 13.85310
H 81.30410 21.86650 12.32390
H 80.16480 24.74910 12.24040
H 82.37250 27.18290 12.31560
H 76.80840 25.43780 12.13580
H 77.88900 22.43270 12.20800
H 83.47230 24.27040 12.38010
C 86.33990 21.84600 14.18940
C 85.24050 24.74820 14.02980
C 88.60950 24.29340 14.09320
C 89.50340 21.22730 14.23510
H 89.01280 25.97180 12.33810
H 86.82460 23.60610 12.50480
H 85.69640 26.63800 12.47960
H 84.58140 21.23310 12.55760
C 87.59740 27.13560 14.04040
C 65.44530 28.30360 13.59750
C 64.27110 31.36850 13.71760
C 68.67900 27.76330 13.54340
C 67.62730 30.85040 13.74000
C 66.43180 33.77050 13.76550
H 69.01270 29.70560 11.97040
H 68.00980 32.68200 12.13900
H 64.72020 33.21810 12.03200
H 65.82040 30.24710 12.15350
H 63.66690 27.87780 11.96560
C 69.80610 33.18490 13.77120
C 73.10630 32.55080 13.78310
C 70.78300 30.09200 13.66170
C 74.05680 29.55070 13.75100
H 72.36210 29.02810 12.01690
H 74.63790 31.42040 12.19440
H 71.26660 32.01820 12.14250
H 75.68980 28.41140 12.26520
C 76.35660 32.07870 13.84690
C 80.79170 28.34710 13.86130
H 76.80180 33.83030 12.13290
H 78.98850 27.88030 12.22940
H 79.99360 33.14450 12.22520
C 82.98670 30.68620 13.83470
C 81.85950 33.60800 13.86730
C 77.45460 28.96990 13.87590
C 79.69790 31.26340 13.85300
H 81.15510 30.15060 12.13010
H 77.81960 30.85510 12.24950
H 87.90130 28.99250 12.44040
C 89.75030 29.61340 14.02230
C 88.56070 32.54720 13.92370
C 86.25150 30.18000 13.96410
H 86.72700 31.98910 12.29210
C 85.17840 33.02020 13.96750
H 83.45010 32.54790 12.21520
H 84.58330 29.55830 12.29610
C 84.11730 27.80470 14.02800
C 65.36860 36.74910 10.45600
C 64.42160 39.57360 10.32970
C 68.66500 36.07170 10.51700
C 67.70310 39.07630 10.42930
C 63.25720 34.34240 10.40140
C 71.99820 35.49160 10.47230
C 70.93180 38.48830 10.44040
C 75.29030 34.94260 10.50540
C 74.23100 37.87620 10.43140
C 76.44890 40.33680 10.61020
C 77.47960 37.27280 10.58960
C 80.83650 36.69730 10.64830
C 79.79090 39.76380 10.59700
C 83.05390 39.02800 10.75870
C 78.62260 34.39550 10.50440
C 84.12300 36.16310 10.79930
C 86.32990 38.43740 10.90450
C 87.32810 35.59470 10.82640
C 89.51410 37.80310 10.88820
C 63.20550 42.60920 10.24750
C 66.52720 42.05720 10.22850
C 68.67430 44.38450 10.21800
C 65.50430 45.07680 10.15730
C 67.66850 47.41800 10.10110
C 69.86410 41.40900 10.32690
C 73.11360 40.81640 10.47130
C 72.13240 43.76600 10.30880
C 75.51160 43.14400 10.46790
C 71.02490 46.78220 10.20820
C 74.32120 46.20100 10.24080
C 82.07010 41.98170 10.67130
C 78.69920 42.76460 10.60190
C 80.99340 45.01120 10.57950
C 77.64730 45.65170 10.48310
C 88.53780 40.81610 10.85340
C 85.32160 41.54030 10.77410
C 84.36130 44.42530 10.63700
C 87.51950 43.80100 10.77350
C 86.45370 46.73990 10.56570
C 89.65920 46.14700 10.68040
C 63.38970 50.99080 9.91942
C 66.50240 50.49320 10.03900
C 64.38490 48.11360 10.11860
C 65.50950 53.37580 9.94655
C 68.80640 52.76070 9.96733
C 69.97530 49.64560 10.15040
C 73.30160 49.17520 10.24580
C 72.23160 52.25610 10.09500
C 75.35450 51.57010 10.19130
C 83.11520 47.38820 10.40700
C 76.69050 48.46600 10.35840
C 79.88870 47.91410 10.49050
C 81.96440 50.31770 10.30780
C 78.75780 50.90200 10.26920
C 80.91870 53.30380 10.11860
C 77.58910 53.84620 10.07440
C 85.33680 49.79210 10.31190
C 88.70700 49.15650 10.44920
C 84.31320 52.75780 10.19800
C 87.65950 52.18740 10.27210
C 63.24260 59.49080 9.76766
C 64.34440 56.35940 9.87428
C 67.75270 55.66690 9.94374
C 66.57620 58.74060 9.81815
C 69.99580 58.09060 9.98944
C 72.10830 60.52150 9.91920
C 74.29590 54.63940 10.06650
C 71.10310 55.18310 9.98470
C 73.22560 57.58470 9.99430
C 75.49890 59.89720 9.93686
C 76.46010 56.98740 9.98796
C 78.68760 59.22360 10.03580
C 79.87840 56.33690 9.98284
C 83.14550 55.79940 10.10400
C 82.04480 58.75870 10.16510
C 87.62400 60.40150 10.22210
C 88.69460 57.54420 10.24240
C 85.26660 58.04530 10.21320
C 89.80720 54.46860 10.36860
C 86.47490 55.19700 10.21360
C 68.78860 61.09980 9.88966
C 65.57170 61.70710 9.92827
C 67.59130 63.90780 9.84274
C 64.46480 64.54910 9.81331
C 66.56750 66.92850 9.72276
H 68.06880 65.83340 11.37660
H 64.78930 66.47340 11.26100
H 63.67060 61.23370 11.42620
H 65.84600 63.55780 11.52930
C 69.87900 66.28190 9.77478
C 73.21120 65.71840 9.81808
C 70.94640 63.43410 9.86307
C 74.38040 62.82980 9.85777
H 71.38260 65.28410 11.45320
C 76.50210 65.19810 9.95246
C 83.16500 63.95680 9.91494
C 80.96310 61.59140 10.01570
C 79.72610 64.64340 9.87492
C 77.67850 62.28040 9.91252
C 81.96640 66.94530 9.78259
H 76.83490 67.05920 11.48530
C 84.21980 60.93620 10.14150
C 85.17630 66.30430 9.78965
C 89.77630 62.83700 10.03410
C 88.65710 65.72660 9.83401
C 86.43920 63.37060 9.98881
C 65.30880 36.79840 13.68940
C 64.28820 39.72950 13.51080
C 68.68700 36.16940 13.73050
C 67.69320 39.24720 13.62600
C 63.16400 34.24300 13.62000
H 66.84790 35.62600 12.12950
H 65.89450 38.55380 12.07990
H 69.11400 37.96670 12.07670
H 63.60580 36.14190 12.04340
C 72.05690 35.65360 13.74070
C 70.85470 38.46430 13.65270
C 75.30680 34.90650 13.76170
C 74.06140 37.89990 13.72270
H 75.64820 36.77860 12.14670
H 72.38440 37.37980 11.99230
H 71.30220 40.35520 12.08280
H 73.50500 34.38010 12.13370
H 74.57760 39.68010 12.13610
H 70.23780 35.03910 12.15780
C 76.41450 40.27950 13.79980
C 77.46810 37.33260 13.79270
C 80.77230 36.80080 13.90560
C 79.64370 39.74620 13.88230
C 82.93710 39.13800 14.01860
C 78.57880 34.29650 13.84760
H 82.25010 35.53490 12.36410
H 77.96600 39.13060 12.14140
H 78.98680 36.15040 12.23640
H 81.19870 38.55520 12.29340
C 84.01710 36.04580 14.07760
C 86.24720 38.54310 14.20170
C 87.30940 35.31950 14.04880
C 89.62820 37.86200 14.10630
H 85.53320 34.94450 12.44480
H 88.87850 34.36650 12.29770
H 87.77800 37.31730 12.60540
H 84.49960 37.92810 12.51310
H 86.68200 40.36210 12.53480
C 66.49230 42.12570 13.50210
C 65.31880 45.17690 13.46890
C 68.73580 44.61730 13.38210
C 63.17430 42.63510 13.37970
H 65.84870 46.92830 11.77710
H 66.88940 43.94450 11.87600
H 64.76950 41.52160 11.84030
H 68.02350 41.00490 11.91750
H 69.10490 46.32800 11.68260
H 63.66150 44.50100 11.78220
C 69.77080 41.61230 13.56420
C 73.08940 40.93230 13.69720
C 71.95800 43.86640 13.50830
C 75.30490 43.35900 13.73480
C 70.86990 46.69980 13.41850
C 74.19080 46.29940 13.53630
H 73.61120 42.68710 12.00280
H 72.49880 45.62360 11.83840
H 70.21590 43.33600 11.85990
H 75.72720 45.09350 12.01810
C 81.99350 42.14290 13.87550
C 78.74710 42.83980 13.87360
C 80.97800 45.05900 13.78170
C 77.52120 45.73070 13.68950
H 80.14650 41.56750 12.29200
H 82.46500 43.90510 12.19330
H 81.36840 46.88390 12.13900
H 76.91830 42.15340 12.28130
H 79.15440 44.58720 12.21440
H 83.54510 40.90910 12.36100
C 88.46580 40.93320 14.11030
C 85.19920 41.63310 14.12200
C 84.13270 44.72410 13.82180
C 87.51320 43.96920 14.01580
C 86.30370 47.01710 13.75070
C 89.67640 46.18370 13.85740
H 88.98970 42.70770 12.39710
H 85.70490 43.40520 12.44990
H 87.87970 45.71500 12.33340
H 84.60850 46.37380 12.09050
C 67.69110 47.55390 13.34190
C 66.60110 50.53270 13.33290
C 64.27640 48.12040 13.35310
C 65.42840 53.39140 13.18970
C 68.88530 52.74360 13.25380
C 63.10790 51.08230 13.17530
H 68.00310 49.34640 11.66090
H 64.74120 49.93330 11.75130
H 63.66900 52.86530 11.54330
H 67.01170 52.25260 11.62430
C 69.88770 49.79140 13.26030
C 73.24520 49.24570 13.54330
C 72.02220 52.20090 13.28360
C 75.39970 51.72550 13.39930
H 71.48950 48.58770 11.89900
H 74.73390 48.10300 11.89850
H 75.75650 53.48310 11.70320
H 73.59620 51.06830 11.84710
H 70.29200 51.58620 11.55160
H 72.50600 54.04490 11.70760
H 78.04070 47.49280 12.06250
C 83.16700 47.60240 13.68870
C 76.47250 48.72590 13.57070
C 79.81610 48.06610 13.68240
C 81.94010 50.41010 13.50770
C 78.66840 51.09460 13.49080
C 80.95010 53.46780 13.32230
H 79.08720 52.83530 11.75690
H 80.15530 49.82510 11.99700
H 76.87910 50.43250 11.85900
H 82.42250 52.20200 11.80380
C 77.61730 54.06820 13.23870
H 83.50710 49.27810 11.93050
C 85.25520 49.92110 13.58030
C 88.55350 49.27740 13.70260
C 84.19630 52.82190 13.44400
C 87.49610 52.18150 13.54020
H 89.01460 51.02810 11.99260
H 85.76280 51.62820 11.86310
H 86.80960 48.68070 12.04410
H 87.88570 54.01210 11.90860
C 63.18880 59.35480 12.95730
C 64.32870 56.49460 13.10400
C 67.65870 55.74010 13.16760
C 66.58470 58.69340 13.04260
H 69.27580 54.58070 11.61030
H 65.85250 55.23490 11.57220
H 68.09530 57.53560 11.46290
H 64.73080 58.24560 11.38310
H 66.99390 60.52300 11.46270
C 69.84690 58.09840 13.14040
C 74.24700 54.69960 13.31540
C 71.00000 55.19140 13.32120
C 73.28910 57.69940 13.23660
C 75.42280 59.98880 13.15530
H 70.31610 59.97770 11.52570
H 73.66020 59.45020 11.53490
H 74.71300 56.49530 11.67210
H 71.47200 56.99170 11.66840
C 72.08460 60.54590 13.10120
C 76.63790 56.98190 13.20440
C 79.78300 56.33980 13.22060
C 78.65480 59.34300 13.18070
C 81.86580 58.80600 13.34600
C 82.97600 55.83290 13.33700
H 78.05400 55.81850 11.51160
H 82.37040 60.61750 11.79840
H 81.29380 55.20270 11.62980
H 76.88250 58.76610 11.62110
H 80.16990 58.15050 11.65570
H 83.43680 57.63530 11.76940
C 87.57820 60.77560 13.32440
C 89.62880 54.67430 13.56960
C 88.76710 57.72740 13.38090
C 86.37330 55.17820 13.50690
C 85.25710 58.11460 13.38880
H 89.10790 59.35900 11.88970
H 85.74210 59.93630 11.73740
H 86.84310 57.00080 11.85770
H 84.59770 54.62260 11.79620
C 65.50910 61.64490 13.04830
C 66.55090 67.08700 12.87610
C 68.76390 61.12130 13.07290
C 64.35630 64.84350 13.03700
C 67.63830 64.05130 13.06810
H 69.15760 62.95200 11.47110
C 69.83680 66.43100 12.97440
C 74.28170 62.80400 13.14600
C 70.98870 63.50270 13.09250
C 73.16150 65.87300 13.02870
H 72.52020 62.40380 11.47180
H 75.82580 61.72340 11.47940
H 74.68990 64.62670 11.52830
C 76.46730 65.27640 13.12530
C 80.79590 61.78900 13.23430
C 81.92800 67.17500 13.05210
C 77.57980 62.20720 13.15060
C 79.73860 64.74400 13.15100
C 82.95240 64.09580 13.15830
H 79.09890 61.11780 11.55620
H 80.13820 66.48090 11.43340
H 78.00540 64.07040 11.58440
H 81.23520 63.51810 11.47790
H 83.43850 65.87210 11.51680
C 88.59930 65.81190 13.10260
C 84.23790 61.17960 13.34030
H 86.75920 65.32970 11.43260
H 84.59260 62.90360 11.64290
C 89.92790 62.97310 13.23700
H 87.95430 62.37690 11.73160
C 86.35150 63.64630 13.20870
C 85.27040 66.57400 13.04470
C 65.59860 70.01960 9.56318
C 64.49980 72.90880 9.48039
C 68.77980 69.41710 9.62657
C 67.77220 72.53690 9.65667
C 63.44460 67.56820 9.64023
H 66.99120 68.85860 11.22220
H 63.78430 69.50870 11.18960
H 65.93950 71.84340 11.19240
H 69.16650 71.24160 11.25790
C 72.01410 68.80220 9.76721
C 71.00880 71.81080 9.76280
C 75.43220 68.06470 9.78886
C 74.18610 71.06280 9.75557
H 70.15590 68.18650 11.27130
H 71.34510 73.59840 11.41990
H 72.41960 70.60380 11.42850
H 74.63080 72.95340 11.35740
H 75.70250 69.97500 11.36510
H 73.53120 67.63000 11.30050
C 76.39350 73.59470 9.72270
C 78.56380 67.52610 9.80362
C 77.51910 70.58580 9.74714
C 80.71090 69.99400 9.77829
C 79.75080 72.89740 9.67948
C 83.10010 72.46570 9.68913
H 79.00900 69.40670 11.32660
H 82.29620 68.86370 11.31020
H 77.92600 72.46310 11.35640
H 81.28090 71.81350 11.32990
C 84.05660 69.42200 9.63724
C 86.41410 71.76560 9.67787
C 87.53580 68.75960 9.74813
C 89.73960 71.10410 9.73197
H 84.54460 71.24060 11.26330
H 87.87640 70.60840 11.35060
H 86.73020 73.60670 11.32230
C 63.31280 75.90070 9.41668
C 66.84030 75.41510 9.50626
C 68.77070 77.78940 9.58075
C 65.50920 78.38580 9.47253
H 65.84240 80.19730 11.09940
H 66.94670 77.25320 11.18690
H 69.10480 79.61780 11.26910
H 63.62830 77.87490 10.98150
H 64.91590 74.86100 10.98930
H 68.13700 74.30390 11.24080
C 67.70870 80.71990 9.57356
C 73.10660 74.11620 9.73976
C 70.00950 74.77150 9.64721
C 72.15970 77.24820 9.72474
C 70.80680 80.25330 9.62978
C 75.30530 76.51380 9.67202
C 74.23520 79.60800 9.72202
H 75.65560 78.34350 11.32430
H 72.32380 79.06820 11.24150
H 70.25490 76.61300 11.18880
H 73.55870 75.94360 11.37230
C 81.95340 75.35810 9.70691
C 77.48310 78.82650 9.71680
C 78.61780 75.90810 9.74843
C 80.72150 78.26310 9.75151
H 81.18230 80.14020 11.37740
H 76.76170 75.44740 11.35980
C 83.01110 80.60730 9.80107
H 78.98950 77.73460 11.40800
H 80.18020 74.76900 11.31190
H 82.28600 77.17370 11.38940
C 88.64310 74.03250 9.71916
C 85.17040 74.66800 9.68820
C 84.03300 77.78870 9.78569
C 86.18640 80.05300 9.72176
C 87.49080 77.16310 9.61229
C 89.62340 79.55360 9.64514
H 87.82670 78.99030 11.29620
H 84.55210 79.52480 11.49970
H 85.64420 76.57300 11.21120
H 83.45190 74.24190 11.35630
H 88.89340 75.98530 11.33360
C 63.28540 84.42280 9.36624
C 66.50390 83.82010 9.45192
C 64.42840 81.36410 9.45846
C 65.46600 86.85260 9.44066
C 68.82590 86.29700 9.56132
H 67.94640 82.62150 11.10150
H 64.72600 83.23480 11.08110
H 66.92140 85.63870 11.06220
H 63.65250 86.21820 11.06100
C 69.79820 83.13680 9.52133
C 73.18250 82.42830 9.64077
C 72.05490 85.45030 9.53709
C 75.33120 84.94230 9.63842
H 75.72690 86.73720 11.13300
H 73.46850 84.34320 11.22620
H 71.24320 82.09920 11.16260
H 70.17790 85.00120 11.13380
H 74.67280 81.36670 11.40670
H 72.36470 87.29650 11.19700
C 76.41150 81.90850 9.72587
C 79.69950 81.20840 9.70426
C 81.84450 83.56950 9.70040
C 78.60990 84.18160 9.66238
C 80.82060 86.59460 9.53711
H 77.88480 80.73780 11.36360
H 82.29140 85.50190 11.25370
H 76.79350 83.76890 11.31280
H 79.02490 86.06240 11.12620
H 80.04760 83.05960 11.30250
C 77.53510 87.22730 9.52906
C 87.32820 85.38510 9.46552
C 85.15350 83.04860 9.59533
C 88.49060 82.40980 9.57269
C 84.06840 86.17120 9.62884
H 83.42920 82.53540 11.32410
H 88.93440 84.39070 11.04090
H 86.73180 81.97550 11.24450
H 85.58120 84.90220 11.16940
H 87.85640 87.30270 10.98750
C 63.27240 92.85990 9.50496
C 67.74230 89.21420 9.57214
C 64.35020 89.79940 9.42830
C 66.56640 92.14730 9.55913
H 64.69470 91.60490 11.05120
H 68.01120 91.03980 11.26940
H 66.88240 94.00160 11.23520
H 65.85980 88.62000 11.09860
H 69.14220 88.09120 11.24250
C 69.84630 91.55730 9.62308
C 73.19370 90.86450 9.44980
C 75.40550 93.28540 9.61470
C 70.92140 88.52180 9.56968
C 74.15560 87.81110 9.58592
C 72.03270 93.96020 9.61323
H 70.27130 93.37150 11.29970
H 73.50990 92.68480 11.14570
H 74.64020 89.71030 11.15260
H 71.38420 90.39090 11.10860
C 76.35710 90.31450 9.48716
C 78.66500 92.67190 9.65428
C 81.91990 92.03470 9.70082
C 83.07520 89.01480 9.65988
C 79.73380 89.68290 9.48929
H 76.88340 92.04690 11.18710
H 80.09980 91.41030 11.28190
H 82.41020 93.84150 11.35390
H 77.88370 89.13400 11.07210
H 81.18210 88.47290 11.13980
C 86.11740 88.40070 9.58789
C 88.39690 90.88410 9.52979
C 85.28940 91.48730 9.69867
C 89.62980 87.79450 9.36581
H 84.49320 87.87240 11.37620
H 83.43450 90.88190 11.29760
H 85.74270 93.24360 11.42620
H 89.00500 92.61550 11.29090
H 86.77290 90.20310 11.22010
C 87.47530 93.77930 9.70277
H 64.76500 99.91870 11.33350
H 68.04010 99.21710 11.33040
H 69.08560 96.31160 11.33520
C 66.62140 100.41700 9.76483
C 68.73610 94.45530 9.68266
C 67.59280 97.42120 9.64652
C 64.32870 98.23030 9.59069
C 65.48580 95.18110 9.58194
H 63.65700 94.54620 11.20060
H 65.73900 96.97030 11.16670
H 74.62170 98.06980 11.48690
H 75.82840 95.06470 11.33520
C 74.33800 96.35600 9.74324
H 72.50970 95.71530 11.32400
H 71.35010 98.64840 11.48920
C 73.15150 99.35730 9.93081
C 70.97150 96.91120 9.80511
C 69.89810 99.85970 9.81107
C 76.47060 98.60470 9.91887
C 79.81450 97.93530 9.81467
C 83.06850 97.43660 9.83140
C 80.89820 95.02620 9.78554
C 81.96770 100.41600 9.83371
H 81.25210 96.81080 11.51220
H 79.10480 94.48470 11.35070
H 80.23300 99.78810 11.44330
H 77.97720 97.42870 11.43540
H 76.89580 100.43700 11.60300
C 77.60510 95.67870 9.74426
C 86.37040 96.81180 9.78961
C 85.31980 99.76850 9.81874
H 86.82520 98.62170 11.42930
H 84.58710 96.15660 11.34050
C 88.45770 99.27250 9.71147
C 89.61290 96.22490 9.61985
H 83.51530 99.18600 11.42500
H 87.88220 95.58750 11.30690
C 84.22980 94.33700 9.73628
C 65.56380 70.11710 12.83980
C 64.36210 73.11220 12.64120
C 68.73330 69.43210 12.86150
C 67.64170 72.45000 12.81190
C 63.42790 67.69020 12.85640
C 71.95820 68.67310 12.89680
C 70.86320 71.72290 13.00940
C 75.23690 68.14880 13.04110
C 74.24370 71.17310 13.02930
C 76.46190 73.65090 12.96700
C 77.54620 70.53700 12.93260
C 80.81180 70.02480 12.94170
C 79.76960 72.97770 12.94950
C 83.10180 72.38460 12.94870
C 78.67790 67.63550 13.04510
C 84.07370 69.44590 12.88350
C 86.29030 71.81350 12.96280
C 87.33100 68.72550 12.89680
C 89.64160 71.14470 13.05200
H 85.56310 68.26120 11.23190
H 89.00280 67.59370 11.39130
C 66.56660 75.41840 12.78900
C 65.37430 78.41910 12.70210
C 68.73030 77.72900 12.84460
C 63.34310 75.98850 12.59660
C 69.83140 74.82930 12.87570
C 73.20020 74.07930 13.03710
C 72.00440 77.23470 12.84350
C 70.88200 80.22290 12.85160
C 75.29280 76.54300 13.02600
C 74.11430 79.47170 12.94680
C 81.97270 75.25850 13.00550
C 77.41480 78.95540 12.98350
C 78.60980 75.83990 12.96310
C 80.80210 78.33570 13.05530
C 88.52240 74.11750 12.97510
C 85.22440 74.81900 12.92590
C 84.16870 77.65160 12.97030
C 86.43410 80.18720 13.00580
C 87.36840 77.13810 12.91930
C 89.68380 79.52270 12.91200
C 67.58620 80.78670 12.75990
C 64.25920 81.36730 12.57840
C 66.47300 83.82740 12.70670
C 65.41790 86.74510 12.72940
C 68.68290 86.16080 12.75790
C 63.20670 84.33290 12.65230
C 69.66970 83.22260 12.74830
C 73.04870 82.52860 12.87580
C 71.93080 85.47490 12.79290
C 75.30050 84.95220 12.82260
C 76.45810 82.00180 13.01640
C 83.00410 80.74790 12.99430
C 79.63910 81.28830 12.99950
C 81.83590 83.67910 12.89010
C 78.61210 84.33810 12.88490
C 80.76360 86.64140 12.80790
C 77.56950 87.27200 12.66940
C 85.22480 83.12920 12.89970
C 88.53810 82.67810 12.79170
C 84.15440 85.99140 12.87520
C 87.49620 85.54190 12.67720
C 64.30560 89.73250 12.63990
C 67.49470 89.19180 12.82280
C 66.42340 92.13520 12.79140
C 63.20480 92.67550 12.71000
C 69.91170 91.46490 12.80640
C 74.14490 87.81970 12.74610
C 71.00900 88.54370 12.83150
C 73.16800 90.82030 12.79970
C 75.34150 93.09650 12.81390
C 72.13360 93.84600 12.93010
C 76.44860 90.20460 12.79850
C 79.68560 89.57120 12.83060
C 82.92500 89.02730 12.88400
C 81.90990 91.93820 12.89600
C 78.62510 92.58030 12.92640
C 87.61900 93.74740 12.99620
C 86.43890 88.27920 12.80140
C 88.67530 90.62760 12.77240
C 85.30360 91.35200 12.92720
C 89.70950 87.81440 12.53320
C 68.69530 94.40570 12.89040
C 64.25490 98.02260 12.84000
C 65.39380 95.18110 12.83590
C 66.55390 100.46000 12.96800
C 67.50490 97.31120 12.87930
C 73.13390 99.21770 13.15510
C 74.33820 96.14730 13.01180
C 69.77440 99.70870 13.06200
C 70.90960 96.71560 12.95180
C 82.01720 100.30100 13.09670
C 79.72160 97.99330 13.08250
C 80.94460 94.89650 13.03770
C 83.20020 97.30110 12.99840
C 76.46010 98.51710 13.08050
C 77.68440 95.57370 13.03690
C 88.69500 99.15110 12.97050
C 84.19020 94.39410 13.02310
C 86.39550 96.70890 12.91950
C 89.67130 96.21180 12.83740
C 85.35680 99.63200 13.08320
C 64.46070 106.34500 9.65031
C 65.42980 103.35800 9.67834
C 68.85320 102.74400 9.90674
C 67.73890 105.64800 9.88685
C 63.32470 101.05700 9.66565
H 66.95850 102.29000 11.35760
H 65.79040 105.19000 11.36990
H 63.57280 102.85200 11.21770
H 69.25350 104.59700 11.56640
C 75.36400 101.64600 10.02770
C 71.08660 104.97900 9.93628
C 72.11070 102.12600 10.02690
C 74.28940 104.48500 9.97685
H 70.27430 101.58700 11.53970
H 73.60060 101.06700 11.64750
H 71.40790 106.86100 11.54570
H 72.51940 103.95400 11.66350
H 75.79740 103.46100 11.61030
H 74.70710 106.35700 11.56810
C 76.48370 106.87700 9.88036
C 80.87670 103.35700 9.93078
C 83.27240 105.74000 10.01490
C 77.60240 103.91500 9.97602
C 79.86540 106.38300 9.89683
C 78.65660 101.04300 9.93112
H 78.04220 105.76000 11.48970
H 82.39460 102.19600 11.53930
H 81.33230 105.15900 11.53000
H 79.12070 102.82700 11.60810
C 89.59230 104.60800 9.81394
C 87.44780 102.22100 9.84803
C 86.30190 105.17800 9.98569
C 84.19220 102.83400 9.97409
H 84.61870 104.54400 11.69270
H 85.73170 101.57400 11.51000
H 88.92510 100.97000 11.33290
H 87.90750 103.98800 11.47690
H 86.81390 107.00300 11.49300
C 66.66910 108.71500 9.82752
C 65.68690 111.63800 9.90595
C 68.81410 111.08200 9.97867
C 63.36600 109.41500 9.68604
H 64.71850 108.13700 11.34080
H 67.99580 107.47000 11.51620
H 63.76770 111.12500 11.45340
H 65.94000 113.46000 11.54650
H 67.02740 110.42300 11.58340
H 69.16440 112.84200 11.66710
C 69.86270 108.01000 9.95018
C 73.23580 107.48100 9.89676
C 75.33750 110.01100 9.84111
C 74.26200 112.90900 10.08480
C 70.91320 113.45900 10.04550
C 72.07820 110.51900 9.90257
H 70.31590 109.86800 11.52710
H 73.61720 109.33400 11.49550
H 75.82650 111.70900 11.62130
H 72.39860 112.26200 11.63090
C 81.02580 111.64300 9.97839
C 77.59090 112.26000 9.92909
C 78.78930 109.27500 9.82552
C 82.21390 108.75900 9.94885
H 80.31440 108.19100 11.53240
H 76.89150 108.80100 11.34220
C 88.57840 107.58800 9.88769
C 86.42180 113.56600 10.20030
C 85.28780 108.24000 9.99605
C 87.44300 110.62000 10.07510
C 84.22010 111.10400 10.04800
C 89.72860 112.91700 10.24210
H 83.54030 107.54500 11.63620
C 67.81130 114.00000 9.94417
C 66.62500 117.06300 10.00270
C 65.59420 119.96700 10.02480
C 68.82880 119.34300 10.20200
C 64.43240 114.55400 9.85296
C 63.25770 117.60500 9.89244
H 64.72110 116.38800 11.49870
H 63.69110 119.44600 11.49010
H 68.03550 115.78800 11.63570
C 69.88530 116.44000 10.07910
C 72.15130 118.71500 10.31700
C 73.23610 115.90200 10.21670
C 75.34930 118.23900 10.36890
C 76.45170 115.27400 10.12780
C 83.21580 114.12200 10.05200
C 80.97190 120.23600 10.36090
C 82.00280 117.06300 10.13310
C 78.69240 117.79400 10.12250
C 79.85640 114.65500 9.98993
C 77.70150 120.73000 10.51930
C 84.32450 119.42700 10.29520
C 87.53660 118.84700 10.42240
C 88.64230 115.75600 10.35520
C 85.43070 116.59000 10.24490
C 67.85880 122.24900 10.10770
C 63.28480 125.88500 9.88647
C 66.67040 125.29000 10.04910
C 64.40100 122.83700 10.00600
C 70.00470 124.59400 10.18670
C 72.16270 127.27200 10.25480
C 74.28870 121.24500 10.34820
C 70.97520 121.69200 10.29080
C 73.21730 124.11500 10.37500
C 75.47970 126.56000 10.53890
C 76.46600 123.54700 10.64100
C 81.81940 125.38900 10.75690
C 78.57120 125.93100 10.74940
C 79.70550 123.05900 10.77440
C 83.11070 122.35800 10.51190
C 85.37360 124.82200 10.61960
C 88.58320 124.13900 10.59730
C 86.35030 121.80100 10.58860
C 89.59250 121.13500 10.53480
C 87.44530 127.15700 10.71710
C 67.66050 130.66100 10.11010
C 68.72590 127.67200 10.15610
C 64.27010 131.19900 9.99447
C 65.50600 128.25000 9.99703
C 66.55800 133.56700 10.05920
C 70.96460 130.07600 10.33260
C 73.26220 132.47700 10.40730
C 74.29920 129.52900 10.54640
C 69.84480 133.09200 10.24780
C 82.97300 130.72800 10.70570
C 77.57630 129.00000 10.59770
C 81.89700 133.86100 10.69680
C 80.83510 128.34800 10.72540
C 76.44790 131.94100 10.64400
C 79.85360 131.40000 10.71500
C 85.18470 133.12300 10.74230
C 86.38130 130.08900 10.67320
C 84.08070 127.72700 10.72310
C 88.45470 132.58400 10.71280
C 89.72330 129.40500 10.62150
C 65.26240 103.31100 12.92610
C 64.17940 106.33400 12.89540
C 68.73340 102.78900 13.09720
C 67.56850 105.63600 13.07010
C 63.02840 100.99300 12.76870
C 71.99330 102.09900 13.22580
C 71.00210 105.11200 13.27020
C 75.43470 101.67300 13.24810
C 74.31130 104.58600 13.24410
C 76.61390 107.03700 13.02790
C 77.65650 104.03400 13.20420
C 80.95290 103.39600 13.20650
C 79.83410 106.35900 13.12590
C 83.13810 105.64000 13.20600
C 78.76970 100.94200 13.15300
C 84.27530 102.53900 13.15190
C 86.49370 105.18100 13.13930
C 87.59540 102.06900 13.06300
C 89.69980 104.54800 13.07450
C 66.39640 108.63700 13.10780
C 65.52870 111.62400 13.16060
C 68.74680 110.90200 13.17530
C 63.19860 109.27000 12.93410
C 67.65180 113.96400 13.25860
C 69.83580 108.02100 13.10620
C 73.11920 107.49200 13.14450
C 72.12270 110.39900 13.18230
C 75.41180 109.78100 13.10220
C 70.90110 113.42600 13.26800
C 74.20970 112.71200 13.28320
C 82.05130 108.65900 13.23130
C 78.65940 109.25100 13.06030
C 80.82830 111.64200 13.20940
C 77.63080 112.23500 13.21950
C 83.09890 114.03800 13.27460
H 82.45730 110.54500 11.67830
H 81.34690 113.48800 11.59690
H 79.08820 111.11700 11.50260
C 88.62190 107.46100 13.14950
C 85.35930 107.97800 13.22070
C 84.25670 111.11700 13.34350
C 87.52260 110.43000 13.31380
C 86.29190 113.44200 13.43560
C 89.66930 112.77500 13.41740
H 88.91190 109.34300 11.59230
H 85.69660 109.94600 11.71360
H 84.61090 112.89100 11.70280
H 87.84920 112.34500 11.83180
C 66.41840 116.91000 13.23960
C 64.32140 114.53100 13.04980
C 65.41620 120.03500 13.30750
C 68.73520 119.29200 13.43490
C 63.26100 117.58100 13.11760
H 66.94460 118.73900 11.75090
C 69.70020 116.30400 13.35820
C 73.04020 115.64700 13.48350
C 71.93740 118.79000 13.55580
C 75.45240 118.11600 13.55490
H 72.49520 120.57400 11.92940
H 75.72650 120.00000 11.96600
H 73.55340 117.61800 12.05540
H 74.64930 114.68000 11.82150
H 70.24100 118.21700 11.81440
H 71.31630 115.27000 11.70290
C 76.57180 115.10600 13.33920
C 79.80100 114.57000 13.26640
C 81.97290 116.88800 13.30100
C 78.73240 117.62000 13.43380
C 80.87080 119.88600 13.52150
C 77.59650 120.50800 13.60890
H 80.12840 116.43500 11.71690
H 79.07350 119.52700 11.81200
H 82.40760 118.84500 11.80770
H 78.02510 114.07900 11.56840
H 76.96040 117.04200 11.80990
C 85.17520 116.32500 13.45200
C 88.53740 115.67700 13.53390
C 84.08950 119.21400 13.61000
C 87.45680 118.56500 13.68270
H 85.65890 118.28600 11.99670
H 86.76630 115.30200 11.90570
H 88.99800 117.58800 11.99200
H 87.77630 120.55700 12.22560
H 83.54140 115.88400 11.68540
C 64.37200 122.92900 13.20920
C 67.68680 122.34500 13.40500
C 66.52020 125.22200 13.27900
C 63.20060 125.85100 13.19990
H 66.90280 127.11600 11.74860
H 68.09880 124.14300 11.69880
H 64.76330 124.76900 11.56140
H 69.17210 121.17400 11.87460
H 65.96020 121.81600 11.68550
C 69.73800 124.78300 13.35480
C 74.22330 121.10700 13.61770
C 70.95420 121.72500 13.53290
C 73.07210 124.19900 13.60720
C 71.84410 127.07800 13.53110
C 75.10460 126.63500 13.75770
H 70.27430 126.55200 11.68250
H 73.48560 126.01200 11.98380
H 71.37230 123.52500 11.92970
H 74.60830 122.99400 12.07830
C 76.25080 123.48800 13.94680
C 79.83030 122.82100 13.96800
C 83.22950 122.37100 13.82170
C 82.05690 125.30000 13.92070
C 78.50360 125.95900 14.02440
H 80.06400 124.83000 12.48780
H 82.33900 127.23700 12.36210
H 81.36040 121.85900 12.24950
H 77.90720 122.47600 12.41720
H 76.72960 125.36500 12.37550
H 83.50460 124.20900 12.16100
C 88.70170 124.02600 13.87340
C 85.23110 124.72100 13.93790
C 86.22030 121.76100 13.81100
C 87.51590 127.04500 13.87460
C 89.68820 120.99400 13.67780
H 85.59800 126.60400 12.34820
H 89.03230 125.94200 12.28070
H 86.79280 123.62700 12.29530
H 84.55920 121.15300 12.10260
C 66.37610 133.68100 13.29300
C 67.51590 130.62600 13.39840
C 65.38030 128.30300 13.30520
C 68.69420 127.64400 13.36030
C 64.24600 131.28600 13.25570
H 68.00940 132.47900 11.81020
H 69.11630 129.51800 11.81750
H 63.69520 127.69200 11.57770
H 64.61690 133.12500 11.57570
H 65.78330 130.13700 11.64870
H 72.35380 128.99700 12.05600
H 75.77230 128.36900 12.15380
C 73.08740 132.50800 13.64500
C 74.15200 129.43900 13.69450
C 70.80420 130.19200 13.55170
C 69.69310 132.90700 13.55180
H 74.58520 131.27500 12.13170
H 71.36750 131.95300 11.92720
C 76.33530 131.84900 13.80270
H 81.22570 130.16200 12.38090
C 82.96250 130.72200 13.94630
C 80.76550 128.28000 13.98390
C 77.45440 128.97700 13.86140
C 81.96020 133.74800 14.03980
H 80.11740 133.17900 12.40320
H 77.95480 130.82700 12.27210
H 78.99730 127.75600 12.30750
C 79.74190 131.27600 14.00180
H 76.74440 133.78000 12.25150
C 89.69470 129.51000 13.87070
H 83.38200 132.63200 12.29090
C 85.18210 133.03300 13.95490
H 86.69200 131.86800 12.37500
C 88.60530 132.26200 13.97820
H 87.90960 128.92600 12.28880
C 84.08650 127.78700 13.96420
H 84.49430 129.58700 12.28690
C 86.36450 129.93300 13.91880
C 92.94030 3.83901 11.08400
C 91.84450 6.84519 11.09400
C 96.25530 3.39086 11.00160
C 95.08130 6.19241 11.10210
C 90.60590 1.60404 10.88290
C 94.07940 0.97121 10.82100
C 99.59210 2.59248 10.88600
C 98.39300 5.66096 11.04200
C 101.69400 5.10568 10.95530
C 102.81700 2.21374 10.85320
C 104.96700 4.54382 10.81980
C 107.13500 6.85129 10.92030
C 106.12800 1.55676 10.62090
C 108.22900 3.80267 10.76990
C 109.49300 0.87747 10.57090
C 110.41400 6.29428 10.65170
C 113.85300 5.66153 10.70000
C 111.50700 3.31072 10.60910
C 115.04700 2.70787 10.77640
C 90.81990 9.77469 11.12650
C 94.03910 9.17139 11.14560
C 92.93860 12.16730 11.19340
C 96.20820 11.51850 11.15070
C 97.33470 8.73949 11.15530
C 100.57500 8.13863 11.05170
C 99.50030 11.13540 11.09960
C 101.77300 13.45410 11.16590
C 102.82800 10.49210 11.07160
C 103.78400 7.50611 10.95650
C 109.30500 9.36303 10.77940
C 105.97700 9.86105 11.00810
C 105.02600 12.71720 11.16060
C 108.20400 12.18500 10.90200
C 112.60700 8.68968 10.80480
C 115.92700 8.01179 10.70950
C 111.53500 11.52760 10.81540
C 114.67800 11.15700 10.62160
C 91.89130 15.14980 11.05480
C 95.10860 14.66130 11.07540
C 94.05760 17.58540 11.13430
C 96.16800 19.79480 11.11990
C 90.89120 18.21010 11.10280
C 92.93840 20.54530 11.13870
C 98.33820 13.98310 11.16200
C 97.39950 16.87940 11.17100
C 100.57800 16.32890 11.25030
C 99.62570 19.33770 11.07370
C 102.68000 18.75890 11.08580
C 103.82100 15.63620 11.15950
C 107.03700 15.06850 11.05470
C 105.91300 18.02230 10.95310
C 109.31700 17.32940 10.81200
C 108.06000 20.33530 10.67490
C 113.74300 14.07140 10.60170
C 110.44100 14.52110 10.82630
C 111.56700 19.76880 10.63280
C 112.60400 16.87470 10.74800
C 116.02400 16.39550 10.67210
C 114.84200 19.30650 10.63770
C 90.83430 26.52600 10.74360
C 95.02850 22.79050 11.04260
C 91.81960 23.31010 10.99720
C 94.01860 25.75500 10.84710
C 97.34800 25.42580 10.88000
C 98.51120 22.31240 10.92720
C 101.66900 21.68160 10.97840
C 100.69300 24.71330 10.85070
C 102.76100 27.12830 10.88590
C 103.87900 24.14860 10.82980
C 104.83100 21.06280 10.84580
C 109.29300 25.73810 10.62430
C 106.88900 23.49470 10.60280
C 105.99800 26.55370 10.71920
C 110.35200 22.73830 10.62480
C 112.62200 25.10570 10.55830
C 115.91200 24.78140 10.55450
C 113.88800 22.18880 10.50190
C 96.25600 28.23410 10.88120
C 92.99860 28.92480 10.76770
C 91.90930 31.91540 10.70260
C 95.23400 31.30030 10.87910
C 101.67100 29.83860 10.87380
C 98.40430 30.62400 10.85610
C 100.63400 32.97780 10.68670
C 99.48060 27.67790 10.93500
C 97.28130 33.63220 10.86090
C 103.84200 32.32460 10.69590
C 107.17800 31.80130 10.71470
C 108.21000 28.87850 10.59370
C 105.00400 29.51170 10.78970
C 110.58300 31.21000 10.61690
C 116.00900 32.94640 10.57190
C 113.94200 30.63160 10.58880
C 114.86000 27.52320 10.61450
C 111.62300 28.13700 10.55410
C 112.78200 33.46400 10.72210
C 92.95770 3.80000 14.26150
C 91.68970 6.81165 14.36480
C 96.32960 3.17617 14.27070
C 95.10880 6.24610 14.41320
C 90.69710 1.33415 14.14180
C 94.01700 134.07000 14.07530
H 91.05810 3.30284 12.62350
H 93.29380 5.67929 12.76480
H 96.63150 5.12121 12.75300
H 94.51440 2.67010 12.62870
H 89.97760 6.33281 12.60810
C 99.48210 2.57965 14.14870
C 98.51050 5.63917 14.28600
C 101.72600 4.97974 14.15620
C 103.06500 1.96388 14.06630
H 102.05900 6.89878 12.64260
H 101.08900 1.51088 12.56950
H 99.90560 4.47001 12.54020
H 103.28900 3.94201 12.52410
H 97.71560 2.09099 12.45770
C 109.50700 0.78301 13.80080
C 106.25500 1.43105 13.90630
C 105.14200 4.45415 14.13080
C 108.33500 3.74637 13.95210
C 107.25900 6.85120 14.05830
H 105.31700 6.34557 12.52130
H 106.44600 3.31179 12.39300
H 108.72100 5.66841 12.38260
H 109.83300 2.69771 12.29680
H 104.40200 0.92124 12.27000
C 110.56000 6.21358 13.97090
C 111.62300 3.37830 13.86350
C 114.87500 2.71128 13.91510
C 113.78800 5.62030 13.92390
H 116.09600 1.57936 12.97680
H 115.34300 4.55521 12.28180
H 113.04700 2.23426 12.18240
H 111.96900 5.19295 12.22060
C 90.61690 9.73223 14.37710
C 94.02950 9.19937 14.42660
C 92.91600 12.16530 14.37130
C 96.15460 11.68500 14.29570
H 96.59370 13.45880 12.63180
H 94.45170 10.98690 12.78520
H 91.11180 11.57170 12.82960
H 92.22270 8.62629 12.81060
H 95.52100 8.03887 12.74460
C 97.35170 8.64692 14.34070
C 100.58900 8.03872 14.28970
C 99.66120 11.05750 14.39450
C 101.73000 13.29040 14.46490
C 102.79900 10.30950 14.25170
H 99.95650 12.87390 12.76510
H 100.97700 9.91943 12.63950
H 98.81540 7.47129 12.69550
H 97.77810 10.48510 12.80490
H 103.25600 12.25350 12.80150
C 103.87100 7.42121 14.22840
C 109.44100 9.18326 14.06080
C 106.15800 9.76040 14.15310
C 105.15500 12.71660 14.36740
C 108.39800 12.15110 14.20100
H 106.57600 11.62780 12.61900
H 104.26600 9.26746 12.63010
H 107.60800 8.69254 12.44450
H 109.77000 11.05620 12.46420
C 116.02900 7.74563 13.87890
C 112.59100 8.62870 13.94150
C 111.57800 11.66730 14.02760
C 115.12000 11.00120 13.79930
H 116.07600 9.93418 12.51170
H 112.05600 13.43900 12.31930
H 113.06100 10.51770 12.43490
H 115.32300 12.89660 12.07590
H 110.79900 8.07621 12.32780
H 114.11600 7.48756 12.36690
H 93.40000 14.02590 12.76380
C 90.64780 18.07020 14.29690
C 91.77320 15.02890 14.30980
C 95.23080 14.61240 14.33050
C 94.07910 17.47500 14.40550
C 96.37510 19.95010 14.24420
H 91.14800 19.99890 12.84630
H 95.57040 16.46700 12.73440
H 92.24650 16.93390 12.77310
H 94.39190 19.36450 12.80720
C 92.91730 20.49220 14.50990
H 89.99670 14.59370 12.58530
C 98.34110 13.87370 14.33430
C 97.28270 17.07770 14.36760
C 100.54400 16.43950 14.44700
C 99.55810 19.35210 14.32410
C 102.83100 18.84390 14.28890
H 101.00200 18.18890 12.76520
H 102.04500 15.20140 12.90160
H 98.75590 15.78510 12.86330
H 97.80640 18.79490 12.67170
H 103.18900 20.60000 12.59590
H 108.70000 13.97970 12.55440
C 103.93300 15.72130 14.42870
C 107.31300 15.18650 14.25800
C 106.06900 18.14630 14.17910
C 109.46600 17.63620 14.00150
H 104.18100 17.53840 12.68410
H 106.35900 19.91950 12.45790
H 107.52900 16.97320 12.52150
H 109.73300 19.36960 12.23150
H 105.37600 14.58110 12.80360
C 108.26900 20.58810 13.89510
C 113.94700 13.94690 13.86920
C 110.61300 14.51140 14.04130
C 116.10900 16.06240 14.00790
C 112.74400 16.93940 13.97340
C 111.57700 19.95620 13.85070
C 115.07900 19.23410 13.77870
H 116.28000 18.19140 12.54810
H 110.87600 16.36800 12.44560
H 113.08000 18.73140 12.29670
H 114.22400 15.84990 12.29570
C 90.75850 26.62450 14.02610
C 95.25620 22.88510 14.21350
C 91.67320 23.60080 14.20670
C 93.94050 25.91600 14.06070
H 96.69140 21.75660 12.54980
H 95.54060 24.75030 12.51800
H 93.24010 22.31740 12.82660
H 92.14130 25.28210 12.45870
H 89.94240 22.92640 12.52600
C 97.38730 25.26370 14.19690
C 98.47990 22.44030 14.18670
C 101.70500 21.78760 14.12400
C 100.66800 24.69690 14.12310
H 99.89570 21.16300 12.63320
H 102.10000 23.56690 12.44910
H 97.75980 27.16570 12.59250
H 98.84070 24.21710 12.48490
C 102.87300 27.07700 14.10890
H 101.02100 26.55260 12.50500
C 103.94200 24.13390 14.03460
C 105.10400 21.08970 14.06540
C 106.12400 26.51960 13.95260
C 107.19400 23.47180 13.90400
C 109.31100 25.83730 13.78270
H 108.45800 22.31670 12.11580
H 104.26200 25.96620 12.43210
H 105.31200 22.93300 12.39210
H 107.44200 25.31970 12.25820
C 110.45800 22.89060 13.64870
H 113.07600 26.94040 12.13430
H 114.19000 24.00550 12.17440
H 112.05000 21.63620 12.10630
H 116.15800 26.41950 12.49060
C 112.73200 25.11020 13.79440
C 115.95600 24.34030 13.94550
C 113.90700 22.10310 13.74420
H 110.82800 24.58700 12.25150
H 115.36800 21.13520 12.14390
C 91.93930 31.89580 13.98410
C 92.97720 28.97340 14.00520
C 95.06180 31.18360 14.09540
C 96.15040 28.28260 14.08380
H 96.57300 30.09690 12.48560
H 95.48280 33.08870 12.58310
H 92.23560 33.77120 12.35240
H 91.22100 28.34600 12.44800
H 94.41530 27.71910 12.39530
H 93.33770 30.80310 12.35260
H 90.10780 31.37710 12.35920
C 100.64100 33.00270 13.98920
C 101.65800 30.06730 14.02600
C 98.32480 30.69760 14.05620
C 97.35710 33.57340 14.09520
C 99.63460 27.69130 14.16540
H 102.06300 31.81720 12.33670
H 99.85700 29.49800 12.50270
H 98.84680 32.48640 12.41260
H 103.27400 28.95490 12.51680
C 103.86800 32.41730 13.96420
H 105.38100 31.32900 12.35910
C 108.41100 28.79800 13.94300
C 105.13100 29.50450 14.03880
H 109.76500 27.68490 12.14500
C 107.33700 31.64960 13.93220
H 107.61400 33.59320 12.39000
H 106.57000 28.38050 12.35280
H 108.76800 30.65200 12.23720
H 110.95700 32.97590 12.25440
H 112.13400 29.98450 12.14380
C 111.64700 28.13440 13.73950
H 115.34300 29.39950 12.13670
C 116.20800 32.47170 14.00360
H 114.34100 32.36380 12.32260
C 110.62000 31.04570 13.78270
C 112.72600 33.42830 13.92290
C 115.00900 27.46940 13.70050
C 113.89200 30.40030 13.81720
C 90.75160 34.97210 10.77300
C 92.97630 37.26570 10.89900
C 91.83240 40.23400 10.86040
C 96.33330 36.61100 10.91490
C 95.11350 39.62550 10.94990
C 94.12930 34.31310 10.84110
C 99.46300 36.03600 10.77900
C 98.45360 39.05350 10.94510
C 101.68000 38.44330 10.84760
C 102.78400 35.38620 10.67890
C 106.11800 34.74950 10.71600
C 104.97000 37.76680 10.75220
C 108.25300 37.11750 10.73720
C 107.21700 40.08270 10.78480
C 109.40800 34.12160 10.64670
C 110.54900 39.30870 10.72590
C 111.74500 36.37940 10.66040
C 115.06700 35.88410 10.73740
C 113.83400 38.88450 10.63890
C 90.83560 43.08090 10.77050
C 94.03810 42.51500 10.91080
C 96.28510 44.84800 10.71740
C 93.07880 45.54310 10.70820
C 97.27760 41.85940 10.89040
C 100.67100 41.24570 10.88570
C 99.54560 44.18940 10.82170
C 102.91400 43.68470 10.82800
C 101.72000 46.62730 10.73210
C 98.57120 47.24970 10.67690
C 103.90400 40.70240 10.86640
C 109.55600 42.45670 10.62360
C 106.20900 42.97350 10.76870
C 105.13500 45.92270 10.73380
C 108.40300 45.43700 10.63090
C 112.80100 41.83100 10.61470
C 116.00200 41.27780 10.63190
C 111.61700 44.79800 10.51020
C 114.89900 44.30970 10.40850
C 90.89460 51.48640 10.48550
C 91.92700 48.53120 10.59260
C 95.24420 47.89760 10.63330
C 94.17390 50.86230 10.62740
C 96.29190 53.29860 10.58150
C 93.07660 53.73010 10.50090
C 97.38620 50.18220 10.63590
C 100.73400 49.63390 10.61350
C 99.61090 52.61030 10.44930
C 102.87500 52.05990 10.39280
C 103.91700 48.92460 10.57380
C 107.41500 48.34950 10.48190
C 106.15600 51.31760 10.34890
C 109.47100 50.79980 10.33720
C 108.26600 53.84400 10.12600
C 113.77900 47.25720 10.34950
C 110.49500 47.75700 10.40140
C 112.71300 50.23610 10.21500
C 116.09700 49.67450 10.38070
C 111.63600 53.25690 10.07570
C 114.96700 52.51750 10.13870
C 90.84520 59.72920 10.18530
C 92.05770 56.83140 10.26630
C 95.33300 56.14000 10.40050
C 94.19970 59.10710 10.24150
C 97.52150 58.51770 10.22310
C 98.45190 55.58190 10.44180
C 101.80900 55.03870 10.26570
C 100.64100 57.93970 10.19500
C 102.95100 60.46630 9.96688
C 103.96900 57.44460 10.08190
C 104.98100 54.43850 10.17970
C 107.23500 56.87590 10.00460
C 109.49500 59.31110 9.87846
C 106.17800 59.89270 10.05730
C 110.46900 56.09460 10.03020
C 112.69400 58.70150 9.70734
C 116.11600 57.68680 9.69020
C 113.92200 55.43010 9.86516
H 116.32800 59.90740 11.10020
C 96.38730 61.49440 10.11990
C 93.12880 62.13340 10.00370
C 95.33520 64.63410 9.92876
C 92.05920 65.17140 9.91760
C 100.78700 66.39690 9.90931
C 101.99100 63.48320 9.89181
C 98.51250 64.01190 9.86205
C 99.68280 61.04200 9.94196
C 97.43430 66.91920 9.87729
C 107.35300 65.11280 9.97335
C 105.25800 62.90280 9.94954
C 108.53100 62.25590 10.08700
C 104.12900 65.78230 9.98360
H 107.69100 67.00250 11.45210
C 112.81300 67.06600 9.77721
C 110.48500 64.49280 9.87458
C 114.00100 64.01420 9.76901
C 111.71500 61.64060 9.80325
H 114.27800 65.87130 11.45110
C 115.11400 60.99230 9.81416
C 116.07100 66.50050 9.83499
H 110.96100 66.42300 11.32330
C 92.87680 37.22460 14.09370
C 91.75210 40.31980 14.14110
C 96.31160 36.59480 14.13050
C 95.07770 39.67730 14.17510
C 90.69930 34.88900 13.97670
C 93.94360 34.22230 14.12040
H 94.45490 36.09490 12.51770
H 96.63830 38.47260 12.56920
H 91.13580 36.71800 12.42560
H 93.26630 39.14240 12.53330
H 89.99640 39.69600 12.48760
C 99.56450 35.90200 14.08440
C 98.45870 38.93100 14.15140
C 101.82100 38.23370 14.06370
C 102.82600 35.30750 13.91820
H 100.96800 34.83000 12.31650
H 99.93300 37.79850 12.50450
H 97.73350 35.42250 12.47780
H 103.22400 37.17690 12.35920
H 102.15800 40.11250 12.53310
C 106.01000 34.65340 13.91580
C 105.00700 37.68910 14.01750
C 108.37600 37.00290 13.87990
C 107.35400 40.11880 14.04840
H 109.89900 35.94320 12.19940
C 109.48700 34.17410 13.88640
H 104.20800 34.19270 12.23550
H 108.74400 38.89270 12.35870
H 106.45300 36.56340 12.36000
H 105.49900 39.54210 12.39770
C 110.60400 39.44420 13.88200
C 111.65100 36.34190 13.90930
C 115.14800 35.74960 13.92780
C 113.98400 38.72160 13.89650
H 116.59800 34.62360 12.54210
H 113.17100 35.30160 12.36350
H 115.40600 37.62230 12.11720
H 112.13300 38.20990 12.33320
C 94.02180 42.67910 14.10690
C 96.27840 45.04410 14.02420
C 92.92220 45.71200 13.90790
C 90.73260 43.37590 14.02240
H 95.53710 41.44290 12.58710
H 96.71870 46.70870 12.22640
H 94.46180 44.45170 12.39510
H 92.22280 42.07270 12.52260
H 91.21120 45.04340 12.24220
C 97.37990 42.01790 14.13200
C 100.71700 41.40560 14.10740
C 99.57790 44.33650 14.00470
C 102.91800 43.82270 14.07010
C 101.71800 46.73220 14.02250
H 98.86030 40.85470 12.52760
H 97.70330 43.79430 12.44120
H 101.12400 43.13810 12.40920
H 103.27900 45.58700 12.41810
H 99.95300 46.12250 12.36060
C 104.01000 40.70650 14.08910
C 109.63200 42.48460 13.93020
C 106.31600 43.09740 14.07250
C 105.19800 46.14630 13.92100
C 108.56400 45.53820 13.90780
H 104.42600 42.53860 12.51040
H 107.76700 41.94630 12.39410
H 106.68600 44.90450 12.35190
H 109.91800 44.29440 12.25800
H 114.23200 40.68030 12.35960
C 116.31200 41.02520 13.83600
C 112.94800 41.80430 13.76130
C 111.80900 44.85750 13.76760
C 115.23000 44.22280 13.54920
H 116.27900 43.18070 12.37250
H 112.04700 46.69120 12.06320
H 110.99600 41.27740 12.22050
H 113.16900 43.71270 12.11030
H 115.38000 46.17950 11.92410
H 93.42440 47.44830 12.25080
C 91.91150 48.52210 13.86460
C 95.29510 47.83790 13.83240
C 94.15440 50.94680 13.85640
C 96.41820 53.30760 13.80370
C 90.73180 51.54590 13.73910
H 91.22160 53.36700 12.13490
H 92.31610 50.35520 12.20890
H 94.54660 52.69530 12.22870
H 95.64140 49.71880 12.30060
C 93.04380 53.94390 13.73130
H 90.07700 48.04100 12.25310
C 98.42260 47.34230 13.91450
C 97.40860 50.38330 13.90970
C 100.71400 49.77940 13.87340
C 99.64050 52.75130 13.72680
C 103.03000 52.19700 13.62820
H 97.80850 52.12390 12.14260
H 101.14500 51.54750 12.14130
H 98.90130 49.14550 12.28180
H 102.17900 48.52440 12.34330
H 103.33300 53.95750 11.90920
H 108.85200 47.31550 12.22870
C 104.14300 49.14120 13.76920
C 107.36500 48.53620 13.76910
C 106.15700 51.62510 13.56490
C 109.61200 51.04310 13.50390
H 106.51600 53.31660 11.76610
H 104.38500 50.89540 12.03080
H 105.54800 47.88240 12.14750
H 107.66900 50.31020 12.02220
H 109.81200 52.78730 11.78820
C 108.29000 53.91950 13.38420
C 114.01100 47.22350 13.55420
C 110.79000 47.94030 13.70750
C 116.09200 49.34460 13.63070
C 112.78900 50.40990 13.50640
C 111.73800 53.46060 13.30900
C 115.00900 52.65740 13.38200
H 116.27800 51.56550 12.24000
H 114.22300 49.15530 11.91160
H 110.99300 49.66990 11.91280
H 113.14100 52.13680 11.73980
C 91.91200 56.92500 13.53130
C 95.17880 56.34640 13.66420
C 94.14820 59.28640 13.43990
C 90.95290 59.98980 13.40380
H 93.45560 55.69190 11.96970
H 96.72430 55.10190 12.18700
H 95.72910 58.03660 11.91280
H 92.34060 58.68830 11.87370
H 90.19290 56.34810 11.83960
C 98.64310 55.70260 13.68850
C 101.89400 55.16040 13.55600
C 97.44610 58.77630 13.51050
C 100.83800 58.13100 13.36610
H 100.06200 54.50110 12.01980
H 102.22200 56.88960 11.76410
C 102.99900 60.61250 13.19270
H 98.90790 57.46460 11.95760
H 101.19400 59.92030 11.64400
H 97.99110 60.45950 11.70800
C 107.17300 57.02630 13.27960
C 109.62500 59.14920 13.08680
C 106.30800 59.85230 13.22200
C 105.18600 54.64550 13.40200
C 104.08800 57.51900 13.30730
H 105.47500 56.32490 11.65690
H 108.65800 55.70960 11.71630
H 107.75800 58.70670 11.56190
H 104.37900 59.28910 11.62160
C 110.61500 56.30670 13.11680
C 114.10300 55.70280 13.09890
C 115.96700 58.08810 12.95770
C 112.77200 58.63200 13.00490
H 114.20400 57.47600 11.30280
H 115.40000 54.48370 11.60400
H 111.00800 58.06810 11.39550
H 112.15000 55.11680 11.55200
H 113.19000 60.46340 11.37080
C 95.36200 64.63110 13.21540
C 96.45150 61.62520 13.29650
C 92.11500 65.28720 13.14110
C 93.10220 62.25710 13.32430
H 94.55440 61.01790 11.76260
H 91.33140 61.69060 11.62500
H 90.23010 64.72520 11.56350
H 93.55570 64.03720 11.58960
H 96.80860 63.41520 11.58280
H 92.45300 67.09850 11.41750
H 95.70100 66.42530 11.56060
C 101.93200 63.45050 13.09840
C 99.82980 61.19390 13.24830
C 100.80100 66.37630 13.12500
C 98.63850 64.03630 13.13580
C 97.48790 67.02450 13.11470
H 98.97110 65.85560 11.50320
H 103.46000 62.34720 11.48870
H 102.30300 65.27170 11.53270
H 100.11600 62.90930 11.44610
C 104.06800 65.80790 13.20420
C 107.29900 65.32400 13.23230
C 105.11300 62.90210 13.23090
C 108.49700 62.19890 13.18990
H 105.60600 64.69030 11.62680
H 106.66200 61.69690 11.63950
H 110.00900 61.06720 11.53520
H 108.86200 64.10950 11.71980
C 114.00200 63.99380 13.05400
C 112.76100 67.17900 12.90350
C 115.94100 66.19110 13.23880
C 111.84100 61.66360 13.07310
C 110.80700 64.67200 13.09980
C 114.97800 61.08570 13.03480
H 112.14500 63.46950 11.42000
H 115.41700 62.93140 11.41280
C 93.05210 70.52250 9.87858
C 91.99300 73.41880 9.72503
C 96.39480 69.96270 9.77890
C 95.19950 72.94780 9.75837
C 90.89640 68.16220 9.77301
C 94.28870 67.52920 9.83168
H 93.46670 72.39600 11.51270
H 90.11370 72.95770 11.40410
H 96.77010 71.80900 11.37320
C 99.64880 69.19090 9.77104
C 98.50020 72.30580 9.62693
C 101.91600 71.63940 9.55143
C 102.98100 68.65130 9.83721
H 102.23000 73.54650 11.12550
H 100.07600 71.16710 11.14700
H 103.27700 70.55780 11.31790
C 109.41600 67.45940 9.71015
C 106.16100 68.05950 9.86241
C 105.03700 70.98400 9.63516
C 108.28200 70.49040 9.47848
C 107.36900 73.49000 9.35027
H 108.81200 72.40110 10.94100
H 109.83200 69.41740 11.16930
H 106.63200 70.03530 11.28720
H 105.56200 72.95850 11.01160
C 110.65400 72.94490 9.39669
C 111.62300 69.93480 9.54824
C 115.19200 69.49540 9.68068
C 113.98100 72.39750 9.43376
H 113.21700 68.86660 11.13680
H 112.14900 71.88900 11.02390
H 115.43400 71.28100 11.09660
C 90.76390 76.51030 9.65218
C 94.14460 75.80340 9.59179
C 92.89480 78.77370 9.53103
C 96.41460 78.24620 9.55842
H 91.14810 78.42630 11.28900
H 94.49800 77.70440 11.07610
H 96.65160 80.12630 11.08220
H 92.27130 75.37050 11.25610
H 95.62620 74.74460 11.32670
C 97.37090 75.22120 9.64182
C 100.72700 74.71160 9.53943
C 99.59980 77.74270 9.62446
C 102.78800 77.11070 9.57330
C 101.72100 80.04090 9.63797
H 97.80610 77.08990 11.21880
H 99.91660 79.51540 11.24260
H 101.10100 76.50480 11.20610
H 103.29500 78.87670 11.23200
H 98.96700 74.17960 11.18890
C 104.01800 74.12830 9.47116
C 109.44400 76.03330 9.38704
C 106.15900 76.50310 9.32147
C 104.99400 79.47830 9.49904
C 108.24900 78.90300 9.39282
H 106.50500 78.31970 11.07300
H 109.74900 77.80960 11.06300
H 107.66200 75.36010 10.95940
H 104.41100 75.95540 11.04020
C 112.81600 75.28970 9.41613
C 116.07200 74.95890 9.49110
C 111.57700 78.30810 9.42230
C 115.12700 77.72050 9.54343
H 112.15300 80.18310 10.98360
H 114.29200 74.19670 11.07220
H 110.90700 74.79530 10.97110
H 113.12900 77.18490 10.98410
H 115.50500 79.50760 11.16210
H 93.37090 80.69120 11.13450
C 90.74400 84.80270 9.34986
C 91.80290 81.82230 9.55062
C 95.13930 81.22400 9.43873
C 96.34180 86.73270 9.47914
C 94.03990 84.38500 9.44115
H 94.47520 86.13500 11.06790
H 91.18170 86.66890 10.91080
H 90.03680 81.37980 11.26980
H 95.55050 83.12940 11.02610
H 92.23820 83.75460 11.02580
C 93.01300 87.28010 9.41398
C 98.37440 80.60830 9.51184
C 97.38850 83.63750 9.44268
C 102.82900 85.40330 9.59033
C 100.66900 83.00780 9.50523
C 99.59450 86.07420 9.55691
H 101.01800 84.88170 11.20570
H 103.16800 87.25680 11.23090
H 102.14300 81.89230 11.20760
H 98.86010 82.49950 11.10780
H 97.72740 85.48570 11.06530
C 103.88900 82.42870 9.56007
C 107.22500 81.90860 9.46635
C 106.04400 84.88180 9.52678
C 109.38600 84.25510 9.47811
H 108.84800 80.80930 10.91360
H 104.32600 84.29560 11.22880
H 107.60400 83.69520 11.10980
C 108.24100 87.24620 9.55303
H 109.74300 86.06650 11.19540
H 105.47300 81.32900 11.15410
H 106.45800 86.69060 11.13470
C 110.69900 81.32080 9.34220
C 114.10500 80.65050 9.45876
C 111.57800 86.63560 9.58729
C 112.96700 83.62030 9.56789
C 116.49500 83.46660 9.99878
C 115.02700 86.05140 9.74376
H 110.99800 83.14000 11.03110
H 114.46800 82.48620 11.14670
H 90.07240 89.70460 10.95470
C 91.88030 90.31560 9.38801
C 90.70980 93.15320 9.55502
C 95.27450 89.58660 9.56771
C 94.06830 92.66380 9.55461
H 96.68760 88.45750 11.27390
H 95.61810 91.42410 11.12230
H 92.25460 92.02060 11.12430
H 93.32270 89.09700 11.04550
C 100.54800 91.47800 9.61908
C 98.43610 89.08580 9.67516
C 97.52250 92.05180 9.60913
C 101.69200 88.37100 9.56233
C 102.93100 93.84440 9.75771
H 99.92340 87.88110 11.24470
H 98.87120 90.85000 11.33970
H 101.13200 93.15140 11.32910
H 102.15900 90.23500 11.10000
H 97.78830 93.87680 11.33640
C 104.90000 87.81270 9.55612
C 106.10800 93.18690 9.68985
C 107.25700 90.25010 9.61140
C 103.97400 90.94740 9.56633
C 109.47400 92.64890 9.72210
H 108.74000 89.08840 11.16050
H 105.41900 89.64920 11.14750
H 104.33600 92.64070 11.31110
C 113.71200 89.04600 9.59661
C 116.05100 91.51770 9.74865
C 110.62800 89.61740 9.65009
C 112.66700 92.09210 9.67224
H 111.98100 88.40290 11.28690
H 113.09400 93.87310 11.32890
H 114.12400 90.85320 11.22160
H 90.00730 98.02160 11.22920
C 93.02050 95.63140 9.66199
C 91.83950 98.49070 9.63252
C 96.26040 94.97360 9.72114
C 95.21060 98.04900 9.68576
H 96.66650 96.82380 11.29550
H 94.43700 94.40720 11.33330
H 91.14260 95.00880 11.16270
H 95.55030 99.80910 11.42240
H 93.39270 97.44950 11.29110
H 92.18720 100.34800 11.21170
C 100.73800 99.76940 9.90571
C 101.80900 96.73070 9.85217
C 98.54950 97.27820 9.80868
C 97.38160 100.32700 9.84760
C 99.69180 94.45720 9.79058
H 100.01700 96.14540 11.48360
H 102.20800 98.57940 11.50440
H 98.83130 99.13510 11.44570
H 103.29700 95.58740 11.47620
C 108.44200 95.59960 9.75502
C 104.00600 99.18280 9.86951
C 105.03900 96.20940 9.77944
C 107.31100 98.67570 9.89786
H 106.59200 94.99270 11.26170
H 109.85400 94.42810 11.42940
H 105.51800 97.99260 11.46740
H 115.35200 96.34140 11.27240
C 111.59700 95.02770 9.74540
C 113.86800 97.41930 9.73754
C 112.69300 100.37700 9.89255
C 116.14000 99.77000 9.90003
C 114.90300 94.50750 9.74493
C 110.54800 98.03020 9.90385
H 114.22600 99.17560 11.43580
H 112.06600 96.81860 11.37500
H 111.01200 99.81930 11.59250
C 93.07490 70.54360 12.99890
C 91.92190 73.63610 13.04310
C 96.33880 69.97250 13.05670
C 95.38300 73.01000 13.05820
C 90.80630 68.10590 12.99560
C 94.25150 67.71120 13.06670
H 94.62870 69.41060 11.38120
H 91.15740 70.00520 11.43680
C 99.71070 69.49740 12.95990
C 98.61550 72.29510 12.81520
C 101.80600 71.78980 12.81980
C 102.92000 68.87390 13.08980
H 97.83840 68.83420 11.47120
H 101.16700 68.19790 11.47670
C 106.30800 68.28540 13.03250
C 105.07400 71.27390 12.77500
C 108.47700 70.79090 12.78020
C 107.34900 73.54260 12.62020
C 109.53300 67.69760 12.89960
H 104.41800 67.65830 11.58490
C 110.57900 72.95390 12.63570
C 111.70600 70.08210 12.69850
C 115.13900 69.37520 12.74410
C 113.95700 72.39690 12.70390
H 116.31100 68.27230 11.72910
C 94.08200 76.00200 12.85590
C 93.04260 78.83770 12.78280
C 96.33200 78.28650 12.74930
C 90.68610 76.47160 12.89330
C 97.54760 75.26560 12.85870
C 100.80400 74.60930 12.79200
C 99.57680 77.68750 12.85530
C 101.74200 80.01400 12.78350
C 102.97300 77.00870 12.75530
C 104.04200 74.12400 12.65250
C 109.41800 75.93620 12.62800
C 106.20800 76.41910 12.65500
C 105.07800 79.49650 12.79700
C 108.23800 79.13220 12.58840
C 116.02600 74.47500 12.90950
C 112.76200 75.40050 12.56730
C 111.63800 78.34910 12.60690
C 115.02800 77.54640 12.69920
C 113.91200 80.56960 12.75320
H 116.24900 76.53980 11.48460
C 90.79680 84.86530 12.60380
C 91.94780 81.94920 12.73340
C 95.24810 81.38260 12.71250
C 94.08720 84.25030 12.66100
C 96.20590 86.56810 12.74760
C 92.91160 87.24200 12.62270
C 98.41510 80.67710 12.76120
C 97.36300 83.67390 12.70050
C 100.63700 83.04110 12.78330
C 99.49510 85.99020 12.80390
C 102.82100 85.43960 12.86350
C 103.99200 82.42980 12.82760
C 107.35300 81.81060 12.65090
C 106.19300 84.86840 12.74750
C 109.48600 84.15250 12.72730
C 108.28000 87.25620 12.75760
C 110.62300 81.30320 12.63540
C 116.16500 82.64430 13.00360
C 112.84500 83.53610 12.69480
C 111.53500 86.56060 12.84190
C 114.74200 86.21660 12.92020
H 116.05400 85.08040 12.02530
H 113.05700 85.50460 11.17200
C 90.86830 93.23400 12.82100
C 95.10780 89.60280 12.73040
C 91.75740 90.16390 12.69790
C 94.02890 92.45110 12.79970
C 97.33170 91.98540 12.87110
C 98.39920 88.96900 12.91170
C 101.68400 88.50210 12.81260
C 100.74700 91.23110 12.89350
C 102.89600 93.72420 12.98330
C 103.92100 90.74460 12.81980
C 105.00800 87.82210 12.79020
C 107.22200 90.05370 12.82740
C 109.37500 92.61110 12.97990
C 106.18000 93.17740 12.89280
H 107.65100 92.02450 11.31440
C 110.47300 89.56700 12.86700
C 112.77400 91.98430 12.89670
C 115.88100 91.10910 12.95800
H 116.18000 93.33270 11.66690
H 115.21200 87.98610 11.23260
C 113.79300 89.05810 12.86690
H 110.91400 91.43250 11.33920
C 95.21850 97.91660 12.93180
C 96.25230 94.99010 12.93790
C 92.91050 95.62040 12.90270
C 91.85510 98.48830 12.84940
C 98.42800 97.21460 13.02400
C 100.61200 99.68290 13.14290
C 101.80500 96.74910 13.08550
C 99.62820 94.19510 12.98420
C 97.33490 100.22700 13.13630
H 108.76500 97.37930 11.49710
H 107.70200 100.41500 11.58100
C 104.05300 99.08960 13.16800
C 107.30400 98.54180 13.15090
C 105.17100 96.03060 13.00630
C 108.24000 95.51960 13.03430
C 112.84400 100.27900 13.13710
C 111.65900 95.01010 12.99830
C 115.04500 94.38210 12.83860
C 116.17700 99.23740 13.03560
C 113.92200 97.25780 12.97740
C 110.58700 97.89320 13.09080
C 95.18320 106.34500 9.82953
C 91.86560 106.97200 9.81544
C 92.91210 103.93000 9.73573
C 90.68630 101.57100 9.69509
C 96.35890 103.29700 9.74258
C 94.06580 100.90400 9.69679
H 91.09660 103.39800 11.35420
H 90.13700 106.40500 11.49190
H 94.44830 102.73300 11.29590
C 98.56730 105.76900 9.94959
C 101.77400 105.07100 10.02900
C 102.86600 102.07300 9.94700
C 99.54440 102.69000 10.01830
H 101.08200 101.55300 11.57210
H 97.67780 102.12400 11.55040
C 106.18600 101.53800 9.94997
C 105.03500 104.51500 10.10870
C 107.22400 106.88800 10.12750
C 108.34100 103.92100 10.08130
C 109.53100 101.01100 9.98344
C 110.43100 106.35500 10.05520
C 111.60500 103.37100 10.00070
C 113.84000 105.86000 9.82921
C 114.92700 102.77800 9.88180
H 115.32400 104.65000 11.36890
H 113.14900 102.16600 11.54830
H 112.09500 105.17300 11.50620
C 94.13190 109.46400 9.96714
C 90.72860 109.97400 10.07320
C 92.98090 112.40300 10.19160
C 96.37040 111.72800 10.11880
C 97.36610 108.64400 10.02860
C 101.62100 113.34900 10.13560
C 99.49250 110.98400 10.15970
C 100.76100 108.02500 10.14190
C 102.81300 110.33400 10.12710
C 104.00300 107.45100 10.07590
C 106.20400 109.83000 10.15190
C 105.19000 112.87300 10.11920
C 109.49000 109.32900 10.10020
C 108.46100 112.24000 10.14690
C 111.67600 111.73400 10.09010
C 112.65300 108.80100 10.04420
C 114.87700 111.17100 9.99391
C 116.00100 108.11000 9.98575
H 114.15800 107.56500 11.58070
C 90.78190 118.23200 10.33800
C 91.92160 115.21900 10.31370
C 96.32250 120.12900 10.35310
C 94.09070 117.71400 10.30040
C 95.20350 114.61800 10.29100
C 93.06820 120.64400 10.36770
C 98.47370 114.02100 10.18930
C 97.41040 117.04500 10.20170
C 99.58120 119.46800 10.32990
C 100.71600 116.40600 10.15460
C 102.91200 118.88000 10.20700
C 104.00400 115.82800 10.15390
C 106.18600 118.21300 10.20640
C 109.52900 117.69200 10.18430
C 107.34800 115.25100 10.09480
C 108.35600 120.54200 10.26510
C 113.71700 114.22700 10.08270
C 110.53600 114.71400 10.14610
C 111.68100 120.04600 10.33950
C 116.10100 116.38100 10.35120
C 114.99100 119.50200 10.41410
C 112.86000 117.17000 10.28400
C 90.78190 126.49200 10.62490
C 94.16180 125.99500 10.59350
C 91.94090 123.60300 10.53350
C 95.23670 123.02900 10.47400
C 97.43260 125.48400 10.50850
C 100.73100 124.84600 10.38670
C 101.79700 121.79200 10.31150
C 98.51170 122.39100 10.40480
C 102.96600 127.14800 10.39950
C 105.07300 121.22600 10.27080
C 103.99100 124.23400 10.33460
C 106.19500 126.59000 10.36310
C 109.44300 125.95600 10.30140
C 107.30000 123.60900 10.32020
C 113.93200 122.28600 10.39150
C 116.01000 124.37300 10.09190
C 112.73100 125.26600 10.30590
C 110.75500 122.95200 10.34950
H 116.25000 126.53800 11.39070
C 92.93220 128.99100 10.67600
C 91.94890 131.93100 10.68660
C 96.30430 128.22100 10.64010
C 95.02450 131.29400 10.68960
C 97.26970 133.72800 10.74060
C 100.60200 133.14700 10.81410
C 99.57850 127.71500 10.55720
C 101.76800 130.22900 10.52280
C 98.42490 130.70500 10.59390
C 105.07000 129.52900 10.35070
C 108.38100 129.09800 10.28280
C 107.24200 132.03200 10.48140
C 103.84100 132.56000 10.60500
C 116.41100 133.53900 10.79810
C 111.77200 128.39300 10.16510
C 112.87000 133.84100 10.51370
C 114.10800 130.81400 10.19510
C 110.62200 131.43800 10.29890
C 115.02300 127.59400 10.08490
C 92.98570 103.90000 12.93420
C 91.95840 106.90900 13.09200
C 96.15040 103.29800 13.05910
C 95.10850 106.22700 13.02150
C 90.70030 101.49800 12.89730
C 93.93290 100.93200 12.91190
H 93.33090 105.78100 11.36910
H 96.68770 105.13000 11.41130
C 99.49770 102.74900 13.16070
C 98.32860 105.60100 13.17610
C 101.66100 105.00900 13.30440
C 102.88200 101.99400 13.23690
H 103.21100 103.88800 11.69140
H 102.20600 106.86900 11.69620
H 99.91140 104.55900 11.60960
C 106.15300 101.41800 13.21610
C 105.03600 104.39300 13.30730
C 108.32400 103.83400 13.32030
C 107.30300 106.86700 13.37360
C 109.53100 100.83700 13.22150
H 104.36800 100.96800 11.54840
H 106.52700 103.28700 11.64690
H 105.44400 106.32200 11.76380
H 109.86800 102.79600 11.71340
H 108.73800 105.71800 11.74400
C 110.67600 106.17100 13.25360
C 111.78300 103.29400 13.18690
C 115.12400 102.72800 13.05040
C 113.94400 105.63200 13.12560
H 116.22300 101.58300 11.87110
C 94.05990 109.29400 13.22570
C 96.31270 111.63700 13.43200
C 92.95270 112.17400 13.40260
C 90.71970 109.76200 13.21170
H 96.71730 113.46200 11.81230
H 94.51970 111.18100 11.72140
H 92.31040 108.77000 11.53210
H 91.19300 111.73500 11.75660
H 95.46120 108.14200 11.50390
C 97.19750 108.56700 13.24890
C 100.61700 107.93200 13.32490
C 99.43920 110.92100 13.39670
C 102.84300 110.42000 13.36800
C 101.76100 113.31900 13.36280
H 99.83590 112.82000 11.84390
H 103.28700 112.20900 11.68730
H 98.83770 107.53500 11.68830
H 97.67310 110.42500 11.72760
H 101.00300 109.85500 11.78590
C 103.93100 107.40500 13.41900
C 109.54000 109.28700 13.37320
C 106.20700 109.77800 13.36750
C 105.07300 112.88100 13.37210
C 108.40400 112.23000 13.35650
H 107.74600 108.68300 11.73850
H 109.92700 111.07600 11.76680
H 106.61900 111.62400 11.76590
H 104.39500 109.23000 11.77080
C 116.12300 107.68000 13.19140
C 112.83600 108.66900 13.33350
C 111.72700 111.64100 13.36440
C 115.10000 111.03300 13.21970
H 113.12300 110.53100 11.69920
H 115.28500 112.99700 11.53680
H 116.25000 109.92800 11.92620
C 113.91700 113.83300 13.33260
H 112.02800 113.47000 11.72510
H 110.97100 108.10600 11.73550
C 91.98960 115.28600 13.56240
C 95.32840 114.62300 13.45790
C 94.18200 117.54600 13.53320
C 96.31880 119.92900 13.62090
C 90.80020 118.14100 13.56360
C 93.04270 120.49900 13.68620
H 91.25120 120.03300 11.97140
H 92.33160 117.08300 11.92590
H 95.63240 116.47200 11.84130
H 94.54290 119.48100 11.99360
H 90.16470 114.69700 11.95800
H 93.42630 114.13700 11.93230
C 98.43680 114.08700 13.47190
C 97.41320 117.01400 13.49930
C 100.71000 116.32000 13.43050
C 99.62760 119.34700 13.51590
C 102.90700 118.72900 13.51370
H 101.10800 118.19700 11.82630
H 97.77350 118.83800 11.88870
H 102.20800 115.19900 11.74330
H 98.86310 115.90600 11.80530
H 103.31900 120.65600 11.94950
H 108.78700 114.08400 11.70730
C 103.98000 115.79900 13.43660
C 107.40000 115.21300 13.38790
C 106.15300 118.20300 13.39290
C 109.49300 117.52900 13.46440
C 108.31700 120.59200 13.49160
H 107.72300 117.08100 11.76060
H 105.54100 114.68700 11.80830
H 109.85500 119.46200 11.91620
H 104.35300 117.67300 11.80400
H 106.52500 120.03400 11.84060
C 110.54800 114.63400 13.33590
C 116.00200 115.91600 13.64350
C 112.70000 116.94300 13.49310
C 111.62000 119.98600 13.61310
C 115.13300 119.17800 13.48300
H 116.31000 118.14000 12.30980
H 114.20300 115.88300 11.89810
H 113.15000 118.87400 11.95650
H 110.95300 116.50700 11.75690
H 90.13860 122.97400 12.17430
C 90.82650 126.45000 13.93670
C 91.99580 123.52400 13.79340
C 95.26050 122.86000 13.70120
C 94.20290 125.86700 13.82180
H 95.70160 124.72100 12.11330
H 96.72680 121.80500 12.05190
H 92.30850 125.41600 12.24030
H 93.41100 122.40100 12.09930
C 97.48140 125.28200 13.76770
C 98.49340 122.37300 13.64560
C 101.82600 121.78300 13.59740
C 100.75100 124.73300 13.61820
C 103.04500 127.12100 13.64380
H 102.21400 123.63900 11.95910
H 98.93140 124.20900 12.03330
H 99.99060 121.23600 12.00580
H 97.85040 127.17200 12.28050
H 101.19800 126.64300 12.06490
C 104.01700 124.10600 13.58360
C 106.19800 126.57700 13.60610
C 109.44100 126.14300 13.55000
C 105.15900 121.27200 13.49100
C 107.30900 123.57100 13.49830
H 104.47200 125.97100 12.03140
H 107.67300 125.41400 11.98550
H 105.48600 123.06700 11.87680
H 108.81500 122.40600 11.86360
C 110.57000 123.01000 13.59350
C 114.10100 122.22100 13.51920
C 116.04800 124.96300 13.42780
C 112.82000 125.39400 13.48830
H 110.91200 124.84000 11.99310
H 114.30700 124.18300 11.91610
H 113.20300 127.14900 11.75870
H 112.10000 121.79700 12.01800
H 115.46700 121.20200 12.00570
H 90.02490 131.32300 12.12430
C 91.78120 131.89800 13.94030
C 92.96980 128.85200 13.97060
C 96.37920 128.21700 13.82630
C 95.19790 131.20500 13.90430
H 93.27180 130.71400 12.37780
H 95.56290 133.06700 12.34690
H 92.23580 133.79500 12.37110
H 91.18220 128.31500 12.33300
H 94.44180 127.79200 12.25860
H 96.63580 130.11600 12.20770
H 100.03000 129.56400 12.14200
H 98.78810 132.51200 12.33620
H 103.34800 128.99600 12.02010
C 97.32600 133.57800 14.01870
C 98.46050 130.52300 13.81830
C 99.72370 127.67400 13.79070
C 101.85500 129.99200 13.77230
C 100.65800 133.00300 13.98820
H 102.15600 131.92200 12.29840
C 108.45400 128.92200 13.54880
C 107.31200 131.84800 13.65570
C 104.02000 132.43700 13.82470
C 105.18900 129.45400 13.65450
H 107.67000 133.79200 12.15430
H 108.85400 130.83800 11.99860
H 105.44700 131.36600 12.05480
H 106.61700 128.37600 11.90990
H 109.93500 127.83500 11.84550
C 112.98500 133.61600 13.64350
C 114.04900 130.49000 13.44580
H 111.02700 133.13800 12.11100
C 110.78700 131.14900 13.57820
C 115.03300 127.65900 13.32080
C 116.29400 132.45800 13.77570
H 115.42200 129.47700 11.70960
C 111.79600 128.33100 13.41030
H 112.22100 130.20700 11.75730
H 114.45600 132.52700 11.98580
C 120.02300 2.48598 10.10070
C 123.60400 3.14155 9.98162
C 121.25800 5.39607 10.19950
H 118.75100 1.18367 11.37620
C 117.56600 4.72751 11.14680
H 119.88900 4.31037 11.94470
C 124.77900 6.12461 10.09900
C 129.01400 1.58540 9.73921
C 126.91900 3.98727 10.00060
C 130.10800 4.42574 9.77907
C 127.88500 6.72808 10.02510
C 125.80500 0.87947 9.86619
H 128.74300 3.29064 11.50590
H 125.48100 2.65332 11.54950
H 126.50400 5.60830 11.78540
H 129.84300 6.26186 11.43700
C 132.39500 2.19425 9.59183
C 133.58000 5.26260 9.77633
C 135.74400 2.72568 9.77980
C 136.83600 5.76974 9.80317
H 134.17800 1.48319 11.24690
H 130.92300 0.94864 11.22090
H 132.07800 3.97251 11.25320
H 135.32300 4.52919 11.39810
H 133.12900 6.98164 11.46870
H 137.59200 2.14102 11.36540
C 141.27300 0.83364 9.63536
C 139.04300 3.34063 9.68276
C 140.05200 6.29342 9.74162
C 142.35100 3.86214 9.54019
C 143.46200 6.91105 9.61945
H 144.13800 3.29215 11.18870
H 140.92700 2.73739 11.23720
H 142.00300 5.69701 11.21990
H 138.63300 5.03074 11.40230
C 119.11000 7.58379 10.17800
C 122.34700 8.48553 10.14380
C 120.13200 10.92420 10.16410
C 123.52800 11.57750 10.26940
C 121.40600 13.97800 10.36400
C 117.57600 13.15140 11.13480
C 125.72900 9.33780 10.06190
C 129.13600 9.65319 10.06610
C 126.79900 12.23210 10.13770
C 130.12800 12.73830 10.03520
C 131.27200 7.51205 9.85767
C 133.48100 13.35250 10.08060
C 132.51100 10.45260 10.15300
C 134.60800 8.19590 9.93085
C 135.59400 11.07570 9.99154
H 136.50700 7.47191 11.38900
H 137.42200 10.54430 11.52870
H 134.33600 9.85907 11.75400
H 135.25600 12.84930 11.71610
H 131.94900 12.24390 11.74990
H 130.95000 9.23793 11.65460
C 137.95000 8.79521 9.83720
C 141.18700 9.37686 9.72659
C 138.87300 11.67350 9.87240
C 142.19600 12.23340 9.69339
H 143.01300 8.70446 11.24490
H 144.03800 11.71590 11.22930
H 140.75400 11.11710 11.42020
H 139.80400 8.08725 11.40250
H 138.58100 13.48460 11.49030
C 122.48200 16.93100 10.40120
C 119.24100 16.09670 10.31170
C 120.27800 19.21130 10.41520
C 123.56700 19.96120 10.33490
C 124.62000 14.57570 10.31480
C 128.00900 15.20440 10.24680
C 125.71700 17.56890 10.29610
C 129.01700 18.19060 10.23950
C 126.90300 20.55680 10.29840
C 136.66700 13.95150 9.96556
C 131.28200 15.74220 10.10260
C 132.45600 18.76130 10.11820
C 134.58900 16.54380 10.11060
C 135.73200 19.36190 10.11630
H 136.40400 15.78130 11.63870
H 141.89600 14.03560 11.38120
C 137.87600 16.97400 10.01330
C 140.06400 14.62100 9.85365
C 143.35300 15.07990 9.62174
C 141.11400 17.60060 9.79108
C 138.95100 20.01940 9.99932
C 142.31200 20.67770 9.83187
H 140.89700 19.43350 11.44130
H 143.03600 16.98040 11.22910
H 139.72500 16.42160 11.54590
H 144.11800 19.97440 11.43000
C 121.30900 22.19270 10.31150
C 119.09600 24.42010 10.22240
C 122.53200 25.21180 10.19360
C 117.69100 21.38270 11.20800
C 128.05100 23.49190 10.28410
C 124.76100 22.85470 10.27260
C 125.91000 25.90930 10.17330
C 129.14700 26.52660 10.24660
C 130.32100 21.16530 10.28880
C 131.42500 24.08970 10.29280
C 134.60000 24.64410 10.18040
C 133.52600 21.80400 10.13160
C 136.88200 22.30400 10.13030
C 132.38400 27.18560 10.29560
C 143.41800 23.53720 9.88191
C 140.09200 22.87580 10.04740
C 137.94500 25.25360 10.07470
C 141.38100 25.89660 10.10150
C 121.22600 30.52020 10.32070
C 123.63100 28.18630 10.15770
C 117.61300 29.44170 11.15640
C 120.12200 27.47880 10.24220
C 119.14000 32.41260 10.16020
C 122.34800 33.45760 10.42980
C 124.57200 31.26620 10.28080
C 127.98100 31.82040 10.20110
C 126.99000 28.95100 10.31780
C 130.29700 29.36060 10.26640
C 131.33800 32.36080 10.21380
C 133.49500 29.94270 10.22320
C 135.66700 27.56080 10.19080
C 134.58700 32.94960 10.08600
C 136.83100 30.48590 10.07440
C 137.99600 33.54770 10.14530
C 143.30600 31.82090 10.02290
C 142.26300 28.84150 10.03220
C 138.93700 28.24310 10.09380
C 140.09600 31.25900 10.16480
C 120.26100 2.49102 13.21920
C 123.65000 3.04605 13.19410
C 121.44700 5.54939 13.35330
C 117.66400 4.76243 12.92950
H 117.40800 7.04920 11.94710
H 123.24400 4.92586 11.68520
H 122.08600 1.98315 11.53500
C 124.66000 6.12506 13.32930
C 129.29400 1.39958 13.02630
C 126.98700 3.69871 13.22780
C 130.35200 4.39485 13.00220
C 128.14000 6.75934 13.21060
C 125.79500 134.07200 13.05050
C 132.44500 2.11789 12.85200
C 133.52200 5.08747 12.99680
C 135.71100 2.64390 12.87580
C 136.84600 5.59874 13.01520
C 139.18300 3.19205 12.96040
C 140.25600 6.14783 12.95480
C 142.37600 3.85275 12.86810
C 143.36700 6.89044 12.91680
C 141.32100 0.83344 12.81290
C 119.27400 7.82793 13.35200
C 122.56500 8.52917 13.37340
C 123.61400 11.45280 13.43470
C 120.33600 10.92210 13.54560
C 117.64700 13.05470 12.97220
H 123.26600 13.42760 11.98290
H 122.03700 10.39190 11.81050
H 119.89200 12.77060 11.93580
H 118.95700 9.75810 11.59260
H 121.09000 7.36818 11.65830
C 125.79200 9.02037 13.36570
C 129.06800 9.76420 13.22460
C 126.96300 12.09880 13.42490
C 130.08800 12.71890 13.37010
H 124.32100 7.96658 11.67260
H 125.42700 10.99210 11.85060
H 126.51400 13.98940 11.90000
H 128.68900 11.58950 11.62610
H 127.52800 8.56656 11.61460
C 131.35200 7.32601 13.14830
C 132.42500 10.31960 13.26450
C 133.43000 13.43420 13.32160
C 134.71800 7.87595 13.10570
C 135.76900 11.04650 13.33230
C 136.85800 13.96750 13.25830
C 137.99400 8.67358 13.01690
C 141.33900 9.25837 12.99950
C 138.99000 11.67050 13.10190
C 142.34800 12.17230 12.99500
C 121.35800 13.84710 13.57920
C 122.48500 16.95000 13.62930
C 119.21500 16.41520 13.72520
C 120.47300 19.35330 13.70800
C 123.62300 19.96650 13.56860
H 117.75500 15.42450 12.21280
H 120.97300 15.73200 12.05270
H 122.20300 18.76680 11.99060
H 119.12600 18.17610 11.77970
C 124.81800 14.53830 13.62390
C 128.05300 15.18520 13.49100
C 125.85300 17.60990 13.60520
C 129.20600 18.10760 13.43630
H 125.45100 19.39720 11.96340
H 124.34600 16.40540 12.02030
H 128.73000 20.03390 11.89270
H 127.57100 17.04820 11.88120
C 126.91200 20.58280 13.55920
H 129.86200 14.59730 11.81430
H 130.97100 17.57580 11.71550
C 131.51600 15.71760 13.32450
C 132.46800 18.66820 13.39830
C 134.64300 16.38090 13.27500
C 135.84000 19.32400 13.32130
H 132.18000 20.55920 11.82680
H 133.17100 15.20460 11.63090
H 134.25000 18.22990 11.76950
H 137.57700 18.81690 11.67710
C 137.91200 16.91920 13.23440
C 140.18400 14.53990 13.11580
C 143.41700 15.18290 12.91280
C 141.37500 17.61570 13.00930
C 139.21800 19.91930 13.21670
C 142.41600 20.51280 13.10820
C 117.64900 21.41380 13.07540
C 121.44600 22.40340 13.60230
C 119.25700 24.71570 13.49590
C 122.64600 25.29610 13.39770
H 123.21300 21.80520 11.90990
H 117.53300 23.69630 12.14160
H 122.09600 27.07280 11.77210
H 119.94600 21.12290 12.10590
H 121.02600 24.10540 11.83640
H 118.92400 26.47370 11.62210
C 130.35100 21.12910 13.42680
C 128.10100 23.52010 13.51270
C 125.82400 25.92670 13.45670
C 124.69000 23.01180 13.45200
C 129.12100 26.43580 13.52010
H 126.56000 22.41070 11.92450
H 127.62600 25.37390 11.83460
H 124.37900 24.78040 11.77220
H 129.89700 22.98940 11.86880
H 130.94300 25.93000 11.92030
C 134.71300 24.65020 13.43790
C 136.95600 22.29090 13.27810
C 131.42200 24.07490 13.50630
C 133.71300 21.70550 13.44100
C 132.43600 27.02110 13.54290
H 134.22100 26.49350 11.83730
H 133.19600 23.53820 11.86070
H 135.38900 21.16530 11.70050
H 136.45200 24.15520 11.73340
H 137.55600 27.06640 11.74310
C 138.03900 25.22960 13.32740
C 141.34900 25.87660 13.24320
C 140.25200 22.93080 13.26850
C 143.65400 23.38770 13.09110
H 138.71000 21.74050 11.72170
H 143.18500 25.31270 11.67070
H 139.76600 24.74310 11.65370
H 141.98100 22.37500 11.56740
H 120.78500 32.38230 12.04670
C 118.87900 33.53610 13.20380
C 117.63700 29.52830 13.01740
C 122.39200 33.69470 13.49160
H 123.18800 30.02200 11.81650
C 123.57300 28.13060 13.42580
C 120.32400 27.53700 13.49520
C 121.40700 30.44650 13.53050
H 119.88700 29.35670 11.91070
H 117.57800 31.76160 12.02150
H 125.46800 27.70310 11.83610
H 124.29400 33.07780 11.99520
C 127.98300 31.91410 13.40310
H 127.64400 33.68470 11.73660
H 129.77200 31.26550 11.81670
H 128.75400 28.32250 11.93180
C 124.60200 31.20320 13.53440
C 126.92900 28.90620 13.50390
C 130.23700 29.53640 13.52950
H 126.46000 30.73080 11.89440
H 132.07700 28.92190 11.97350
C 134.74100 33.08210 13.33870
C 136.82100 30.64170 13.39360
H 135.34000 29.44230 11.76480
H 136.43300 32.37080 11.62600
C 135.78100 27.62860 13.36530
H 133.23200 31.85000 11.81070
C 133.66600 30.05730 13.46810
C 131.38100 32.38210 13.34380
H 141.95000 30.68440 11.69110
H 138.61000 30.09320 11.74560
C 142.31400 28.84460 13.29720
C 137.85700 33.59330 13.28430
C 140.19300 31.20000 13.31000
C 143.45100 31.82200 13.32220
C 139.06400 28.28880 13.31960
H 142.97800 33.62190 11.68280
H 139.73700 33.05380 11.78210
H 144.13200 28.37390 11.60350
H 140.79300 27.72880 11.64950
C 120.40200 36.00920 10.13190
C 123.63200 36.63870 10.10930
C 121.44700 38.89850 10.22510
H 119.17600 34.90010 11.02000
C 117.60800 38.10680 11.07540
H 119.94500 37.83490 11.87420
C 125.80300 34.05750 10.19600
C 124.77200 39.53100 10.11370
C 129.15700 34.74820 10.06850
C 126.94100 37.15720 10.04240
C 130.29400 37.79360 10.08570
C 128.12300 40.32940 10.08020
C 132.44000 35.36580 10.15670
C 133.49900 38.32030 10.04290
C 135.79600 35.97200 10.05720
C 136.92900 38.95570 9.99992
C 138.97900 36.51360 10.02940
C 140.10900 39.50400 10.02380
C 142.24500 37.17330 9.98974
C 143.29500 40.11610 9.98291
C 141.11300 34.13750 10.09130
C 119.31400 41.05790 10.01050
C 122.61100 42.00200 10.16300
C 120.39200 44.27330 10.13930
C 123.68900 45.11760 10.11980
C 117.65500 46.29000 11.01650
H 119.10800 43.21000 11.53460
C 125.86800 42.61730 10.08450
C 129.25400 43.17450 10.14950
C 127.03000 45.56310 10.15210
C 130.29600 46.20880 10.15750
C 131.45000 40.74270 10.07080
C 132.51700 43.87680 10.16780
C 134.63200 41.38960 10.08830
C 135.70900 44.33240 10.06710
C 133.60300 46.84640 10.15000
C 136.83900 47.39260 10.09420
C 137.98300 41.97900 9.93384
C 141.28300 42.50410 9.96745
C 139.08100 45.06350 9.92502
C 142.32800 45.69500 9.90129
C 121.40300 47.36990 10.18420
C 119.48100 49.34930 10.04870
C 122.62500 50.37840 10.25800
C 120.34000 52.51870 10.33360
C 123.76300 53.23140 10.29900
C 124.75900 48.00820 10.18000
C 128.09200 48.60560 10.18670
C 125.92500 51.02610 10.31420
C 129.29200 51.35050 10.16550
C 126.94300 53.75040 10.05800
C 131.54500 49.10490 10.21790
C 132.73600 52.06110 10.13340
C 134.81700 49.73680 10.21140
C 135.82400 52.72430 10.05570
C 137.97300 50.26580 10.14520
C 140.18100 48.03600 9.98452
C 143.43300 48.53210 9.93021
C 141.16400 50.94610 10.06880
C 139.25900 53.33610 10.10060
C 142.26300 53.86450 10.00070
H 144.18300 53.35890 11.49480
C 117.74700 54.72120 10.68660
C 121.37400 55.44860 10.12950
C 119.48600 58.04820 9.93458
C 122.68600 58.50910 9.92125
C 128.16600 56.72470 9.82739
C 130.48900 54.33270 9.96426
C 124.85500 56.16810 9.97311
C 129.33500 59.82850 9.79553
C 125.91600 59.12270 9.81756
C 134.84900 58.13530 9.95922
C 133.75600 55.06010 9.99916
C 131.60700 57.43610 9.82978
C 137.03000 55.66020 10.05570
C 132.73600 60.43470 9.86203
H 131.13200 59.31190 11.40490
H 136.61000 57.58110 11.62650
H 134.41500 59.91990 11.57960
C 143.44900 56.81930 9.78678
C 140.11900 56.21730 9.98665
C 141.26700 59.18820 9.82966
C 137.99400 58.75650 9.91688
H 137.65400 60.55450 11.57230
H 143.13100 58.75030 11.30930
H 139.76500 58.15020 11.50480
H 142.00600 55.75900 11.53550
C 120.54400 60.95120 9.83970
C 123.86600 61.42140 9.74163
C 121.48000 63.70530 9.57487
C 119.17000 65.85120 9.63297
C 117.70500 63.11180 10.49970
C 122.73900 66.91980 9.50238
H 121.25100 65.72260 11.03670
H 123.33600 63.36530 11.19120
H 117.52600 65.37510 11.48580
H 120.01500 62.86490 11.29080
C 128.16300 65.04880 9.59954
C 124.88000 64.46680 9.62192
C 127.11500 62.18940 9.80799
C 130.42200 62.64390 9.76201
H 124.49500 66.35700 11.18930
H 129.97800 64.65850 11.18540
H 126.67800 64.02330 11.40180
H 127.82300 67.00560 11.16830
H 125.62800 60.98640 11.40960
H 128.90400 61.63030 11.42990
C 135.87100 61.01180 9.92221
C 134.64100 66.44230 9.53570
C 133.68500 63.40850 9.74892
C 131.44300 65.80150 9.59464
C 136.85700 63.95950 9.72617
H 135.41800 62.89110 11.49910
H 133.25000 65.29160 11.26530
H 136.53800 65.92110 11.05450
H 132.19400 62.27780 11.41250
H 140.88200 61.11380 11.32190
C 138.06200 66.99080 9.45102
C 142.29400 62.29820 9.68900
C 140.25300 64.59060 9.62631
C 139.05500 61.60350 9.80283
H 141.95000 64.05720 11.32460
H 144.16300 61.75420 11.23940
H 143.05200 66.98640 11.10430
H 138.75000 63.54290 11.31020
H 139.89600 66.55950 11.07260
C 143.36000 65.13270 9.60710
C 120.27800 36.06780 13.19970
C 123.75400 36.65410 13.38920
C 121.45800 39.01230 13.43500
C 117.73400 38.07400 12.94240
H 117.90200 40.38950 12.01540
H 122.24800 35.48490 11.77040
H 123.33300 38.48220 11.83230
C 124.96300 39.63740 13.35170
C 129.12400 34.81500 13.38770
C 127.05400 37.19620 13.27160
C 130.26100 37.74540 13.32320
C 128.19300 40.20450 13.37310
C 125.90600 34.29290 13.41930
H 126.69200 39.05070 11.68590
H 128.82400 36.57830 11.65110
H 129.95600 39.63390 11.69710
H 125.48400 36.02670 11.67540
H 130.93800 34.26600 11.78890
C 132.56600 35.39180 13.31780
C 133.61800 38.32560 13.29620
C 135.80500 36.04240 13.27960
C 136.85400 38.95240 13.29240
H 133.26300 40.16020 11.65880
H 134.30200 34.84730 11.67360
H 132.06200 37.23100 11.70550
H 135.38200 37.85540 11.62100
H 137.56800 35.40850 11.68540
C 138.95800 36.54450 13.28970
C 140.14800 39.58510 13.26710
C 142.31400 37.13270 13.27940
C 143.47700 40.10890 13.11540
C 141.21800 34.21310 13.32120
H 138.65700 38.41390 11.66950
H 141.90200 38.98580 11.64390
H 140.79400 36.05220 11.65320
H 144.04600 36.66140 11.61460
C 117.72100 46.41210 12.79330
C 119.53500 41.57170 13.56620
C 122.66900 42.00830 13.36220
C 123.74400 45.06250 13.37920
C 120.56000 44.45550 13.40150
H 123.28700 46.88770 11.78940
H 120.00500 46.18810 11.78200
H 122.35100 43.83350 11.77870
H 121.11400 40.81090 11.77070
C 125.87400 42.55730 13.36620
C 129.25200 43.15580 13.38670
C 126.98300 45.50530 13.41240
C 130.30200 46.19620 13.41810
H 124.44800 41.40880 11.73500
H 127.68400 42.05080 11.77110
H 125.49400 44.40990 11.74830
H 128.84400 45.01550 11.78210
C 131.53500 40.72450 13.32070
C 132.46300 43.77200 13.43450
C 134.65800 41.23790 13.26740
C 135.88200 44.39540 13.30740
C 133.67800 46.71930 13.40940
H 135.41100 46.20070 11.69290
H 131.06200 42.55910 11.75210
H 136.53900 40.80020 11.64610
H 134.32100 43.23210 11.81580
H 132.12300 45.62690 11.76220
H 137.63900 43.81700 11.59170
C 137.98600 41.94990 13.22190
C 141.27600 42.58100 13.16850
C 139.12800 44.92390 13.24130
C 142.31300 45.55160 13.19120
H 139.79000 41.38410 11.59670
H 140.88400 44.41050 11.53140
H 138.74300 46.79210 11.63020
H 144.09500 44.98390 11.56940
H 141.92800 47.43020 11.60020
H 143.06600 41.97750 11.57770
C 121.40100 47.32630 13.41290
C 122.59700 50.32130 13.52520
C 119.32500 49.81780 13.36600
C 120.28100 52.68120 13.37560
C 123.68700 53.44680 13.45270
H 117.82500 48.69250 11.89480
H 122.22700 52.12240 11.95700
H 121.17100 49.18300 11.81970
H 119.16400 51.50700 11.35770
C 124.86600 47.92600 13.44900
C 128.07800 48.52930 13.46600
C 125.88100 51.01650 13.50240
C 129.32700 51.62000 13.32460
H 125.61200 52.83830 11.97050
H 128.91900 53.34710 11.57350
H 124.40700 49.79060 11.87320
H 126.57300 47.38760 11.77010
H 129.91700 48.05970 11.80340
H 127.71000 50.38000 11.87960
C 127.26500 54.04160 13.31350
C 136.98000 47.27260 13.31810
C 131.48200 49.20430 13.43760
C 132.61200 52.20950 13.38040
C 134.83500 49.90010 13.45670
C 135.90500 52.76060 13.29990
H 131.15800 51.02550 11.76780
H 134.44200 51.58600 11.77210
H 133.32500 48.62190 11.90120
H 136.54900 49.15170 11.85710
H 132.30300 53.98620 11.69680
H 137.67500 52.18320 11.63870
C 138.08000 50.40660 13.32270
C 140.17100 47.92380 13.31630
C 143.51100 48.57570 13.15680
C 141.32000 50.86000 13.33590
C 139.12100 53.36310 13.33350
H 139.81800 49.73930 11.71560
H 143.03900 50.36690 11.53720
H 140.96600 52.71720 11.81330
C 142.54800 54.03670 13.22460
C 117.66500 54.83250 12.63270
C 121.59100 55.70190 13.35250
C 119.39300 57.76920 13.39090
C 122.73800 58.69060 13.13950
H 119.24600 59.88150 11.85130
H 119.99100 54.56710 11.80310
H 117.83800 57.10190 11.50880
H 121.23300 57.43990 11.65120
H 123.38700 55.13750 11.64340
H 122.33400 60.44670 11.44270
C 130.39700 54.55190 13.15470
C 124.95600 56.33200 13.19180
C 128.32800 56.92980 13.05100
C 126.01200 59.22130 13.04560
C 129.32800 59.71680 12.99830
H 127.80100 58.63210 11.38280
H 126.72400 55.71130 11.57440
H 124.48700 58.07270 11.50610
H 130.07300 56.28730 11.40450
C 132.53900 60.49470 13.09240
C 134.83800 58.05360 13.21000
C 137.03800 55.72810 13.24190
C 133.73800 55.20080 13.28240
C 131.45500 57.57100 13.10890
H 135.52700 54.57130 11.67460
H 133.28900 56.94210 11.54820
C 143.51800 57.02330 13.03000
C 141.33800 59.33120 12.95640
C 140.26000 56.38100 13.17730
C 138.19500 58.73690 13.21050
H 138.79400 55.13140 11.67860
C 119.48300 66.37000 12.68220
C 117.74600 63.04570 12.32040
C 122.66800 66.87560 12.73350
C 120.43300 61.06600 13.00150
C 121.45000 63.98070 12.77600
C 123.86500 61.68450 12.95570
C 127.06000 62.22680 13.03020
C 128.26300 65.25570 12.90600
C 130.29500 62.86950 12.95150
C 124.75000 64.53280 12.89480
C 134.78900 66.46300 12.77520
C 136.98900 64.26400 12.85470
C 133.60800 63.56480 13.02490
C 131.37300 65.85900 12.82140
C 135.90000 61.17610 13.14800
C 140.20900 64.89990 12.84270
C 139.17200 61.86530 12.99960
C 142.37600 62.23760 12.89910
C 143.55200 65.24060 12.76610
C 138.10800 67.03190 12.62880
C 120.28900 68.99890 9.56230
C 123.69700 69.92640 9.50993
C 121.45200 72.16260 9.45595
C 117.72700 71.46370 10.16630
H 119.14300 68.09270 10.79490
H 117.54200 73.75730 11.06950
H 119.99300 71.06320 11.07190
H 123.33000 71.76980 11.14630
H 122.27300 68.70450 11.13680
C 125.99800 67.47000 9.51265
C 124.79300 72.90110 9.48986
C 129.28700 68.09940 9.50978
C 127.09200 70.44510 9.46833
C 130.34000 71.05920 9.47480
C 128.11700 73.45480 9.39956
H 126.63500 72.32330 11.03340
H 129.94300 72.97960 11.00380
H 128.83700 69.98910 11.08250
H 125.47900 69.36910 11.09920
C 132.47800 68.83970 9.57924
C 133.60200 71.71230 9.51123
C 135.86100 69.34210 9.46045
C 136.84400 72.27810 9.28576
H 135.45400 71.25400 11.06110
H 133.24200 73.65150 11.04480
H 131.07400 67.68520 11.21460
H 132.12000 70.67120 11.19430
H 134.34900 68.28640 11.17580
H 137.64600 68.86660 11.00300
C 141.33100 67.56510 9.40746
C 139.07800 69.87580 9.31624
C 140.19400 72.93060 9.09159
C 142.42700 70.59520 9.22259
C 143.45700 73.54350 8.95697
H 138.75100 71.85050 10.84440
H 141.99700 72.49980 10.72100
H 144.12300 70.03510 10.99900
H 140.96100 69.51440 10.87910
H 121.13600 74.06320 11.05490
C 119.25400 74.35120 9.38655
C 122.57300 75.29510 9.55407
C 120.34300 77.51330 9.59442
C 123.69700 78.29350 9.59121
C 117.82100 79.47930 10.31030
H 119.09700 76.45210 10.89210
H 122.27300 77.12230 11.23280
H 123.19400 80.12480 11.18210
H 120.02400 79.35330 11.27680
C 121.41300 80.43210 9.55729
C 125.90700 75.88990 9.44755
C 129.21300 76.48430 9.28348
C 126.98400 78.87380 9.35900
C 130.09700 79.44850 9.10514
H 127.75000 75.29090 10.95420
H 124.45400 74.73870 11.13860
H 125.55900 77.74530 11.12600
H 128.85300 78.37400 10.87940
H 126.52100 80.73550 10.97420
C 131.48300 74.08310 9.33543
H 131.04100 75.95770 10.83080
C 133.52800 80.05300 8.85902
C 132.45800 77.03220 9.10579
C 134.60300 74.66440 9.24404
C 135.71900 77.59780 9.01954
H 136.52300 74.20630 10.78380
H 132.06300 78.90780 10.59010
H 134.24700 76.55220 10.76100
H 135.38000 79.54290 10.43070
C 136.80100 80.77900 8.79511
H 137.54300 77.25340 10.66720
C 137.91000 75.34590 9.10647
C 141.29800 75.89960 8.89595
C 138.91400 78.28340 8.89715
C 142.30000 78.91430 8.80636
H 140.83600 77.80510 10.48670
H 144.19000 78.45970 10.40700
H 143.17800 75.40690 10.47570
H 138.56800 80.20380 10.41660
H 139.82200 74.87470 10.63320
H 141.91300 80.81650 10.34120
C 122.35600 83.56920 9.39930
C 119.21000 82.36400 9.33077
C 120.13400 85.81620 9.22249
C 123.48500 86.39940 9.33101
H 118.77200 84.61140 10.58630
H 121.96000 85.41990 10.99810
H 121.00000 82.37630 11.03360
H 117.78600 81.75130 11.30030
C 124.64400 81.16800 9.46823
C 127.92700 81.83620 9.23503
C 125.64300 84.11090 9.28708
C 129.03500 84.75840 9.17685
H 128.71000 86.69140 10.71840
H 129.86600 81.36990 10.74610
H 127.54100 83.67770 10.85880
H 124.23400 83.06840 10.97570
H 125.38200 86.01310 10.92790
C 126.80100 87.22790 9.21693
H 130.96500 84.40240 10.61350
C 131.23300 82.55430 8.95327
C 132.28600 85.53430 8.91426
C 134.60900 83.22160 8.78290
C 135.65600 86.22090 8.82857
H 136.31300 82.60190 10.45790
H 132.04000 87.34020 10.60520
H 133.09500 81.97700 10.32800
H 134.14600 85.02470 10.42660
H 137.42500 85.59910 10.41280
C 137.84000 83.73780 8.77728
C 139.97800 81.36920 8.75946
C 143.47200 81.93110 8.74356
C 141.18300 84.35570 8.74128
C 138.97600 86.82190 8.88989
H 144.08500 86.70400 10.30910
H 140.81100 86.14950 10.39560
H 139.63400 83.20700 10.40050
H 142.96500 83.76820 10.37420
C 142.30700 87.37310 8.76309
C 117.46300 88.19220 10.19990
C 121.19900 88.78760 9.29741
C 119.07700 90.97980 9.37536
C 122.49600 91.97450 9.36865
H 123.07600 88.34650 10.86770
H 119.00200 93.21270 10.61070
H 122.18500 93.74270 11.01670
H 121.04100 90.73400 10.92060
H 119.73800 87.67600 10.98510
H 117.32700 90.47830 11.10700
C 130.22100 87.86800 9.01629
C 124.49800 89.58960 9.29298
C 129.01800 93.35870 9.17466
C 125.66600 92.53470 9.30209
C 127.95800 90.23630 9.15662
H 126.41200 89.06220 10.82610
H 127.62900 92.07400 10.79350
H 129.85200 89.66800 10.71430
H 124.23600 91.35550 11.04380
H 130.86100 92.68830 10.72610
C 131.19400 90.90900 9.02249
C 132.31300 93.92250 9.10139
C 134.60400 91.56270 9.02974
C 136.81900 89.16430 8.91869
C 133.37800 88.58000 8.94291
H 136.45900 90.90510 10.61690
H 135.26700 87.99410 10.50930
H 134.19200 93.35490 10.63940
H 133.07700 90.36200 10.56410
H 137.64700 93.84470 10.75280
C 137.99600 92.08720 9.05851
C 140.15200 89.70500 9.00145
C 143.50000 90.25810 8.86429
C 141.22700 92.73290 9.04748
H 143.11100 92.01740 10.54860
H 139.80000 91.48190 10.68760
H 138.57900 88.55590 10.60120
H 142.05400 89.09530 10.53610
C 117.63400 96.42350 10.25580
C 120.27100 94.27840 9.44622
C 122.52300 100.32000 9.36688
C 123.55200 94.94250 9.39833
C 121.39300 97.15970 9.44930
C 119.27400 99.26970 9.30993
H 123.22000 96.72360 11.12970
H 121.10900 99.08660 11.00120
H 119.94700 96.13010 11.13830
H 117.61000 98.71050 11.10450
H 124.37300 99.74040 10.87040
C 126.79100 95.54990 9.34748
C 128.03400 98.61790 9.42058
C 130.20800 96.24420 9.29271
C 124.67400 97.83720 9.38689
H 129.84400 98.02040 11.02970
H 128.69200 95.12630 10.85920
H 125.41200 94.30790 11.02030
H 127.61000 100.47500 11.02170
H 126.55800 97.40950 11.02380
C 133.53200 96.76510 9.24169
C 134.80100 99.70150 9.39727
C 135.85200 94.43770 9.12644
C 136.92300 97.48860 9.24705
H 135.43200 96.21640 10.78860
H 136.61500 99.17020 11.06310
H 132.01200 95.67420 10.87020
H 133.23600 98.60740 10.88280
C 131.42100 99.03230 9.33035
C 142.36800 95.67440 9.08763
C 139.15500 95.04230 9.13287
H 144.25500 95.03350 10.57250
C 138.05500 100.37500 9.35301
C 140.24500 97.93120 9.28543
H 140.95400 94.48020 10.75440
C 143.45200 98.65340 9.11323
H 142.13600 97.44810 10.80090
H 139.88500 99.78730 10.91890
H 138.70200 96.78320 10.85640
H 143.17200 100.47700 10.79800
C 120.40900 69.35050 12.72480
C 123.68800 69.92730 12.75580
C 121.47000 72.23110 12.73830
C 117.70600 71.46740 12.01750
C 125.99700 67.58130 12.74670
C 124.88800 72.92370 12.72770
C 129.22900 68.32480 12.78580
C 127.00900 70.53630 12.69120
C 130.24300 71.24540 12.69740
C 128.11900 73.50080 12.66860
C 132.59300 68.84070 12.80890
C 133.73500 71.85570 12.67400
C 135.91500 69.41300 12.69010
C 137.05200 72.48770 12.50560
C 139.18300 70.03540 12.51080
C 140.23300 73.10690 12.37060
C 142.28700 70.83140 12.52000
C 143.59300 73.69950 12.22590
C 141.31900 67.77960 12.64480
C 117.73100 79.46660 12.17300
C 119.29200 74.58670 12.68020
C 122.61500 75.25710 12.76650
C 123.77400 78.42760 12.76160
C 120.42100 77.52990 12.84640
C 121.38700 80.74810 12.80450
C 126.00400 75.99870 12.70500
C 129.29500 76.59180 12.47290
C 127.11900 78.93780 12.59590
C 130.42300 79.65670 12.37480
C 131.36400 74.22760 12.57960
C 132.46000 77.21180 12.37740
C 133.60600 80.19740 12.05610
C 134.76000 74.86440 12.45680
C 135.62500 77.77110 12.21700
C 138.09000 75.48690 12.30510
C 141.42200 76.04010 12.13110
C 139.10000 78.48930 12.15910
C 142.41000 79.00880 12.03310
C 122.44500 83.67690 12.60310
C 119.26100 83.05260 12.68870
C 119.98400 86.00680 12.51140
C 123.56000 86.54620 12.53820
C 124.77800 81.36420 12.65130
C 128.16100 81.92390 12.49570
C 125.79200 84.23290 12.53410
C 129.21600 84.84380 12.32860
C 127.01100 87.20030 12.42050
C 136.77200 80.73880 12.08420
C 131.50200 82.58670 12.18320
C 132.47700 85.52770 12.20040
C 134.47100 83.16960 12.02450
C 135.66600 86.13840 12.07530
C 137.81800 83.74440 12.03680
C 140.16700 81.33260 11.99050
C 143.50400 81.92050 11.97510
C 141.19100 84.31740 12.02430
C 139.01200 86.60500 12.07950
C 142.36500 87.15000 12.08740
C 121.29800 88.89390 12.54250
C 119.15800 91.38440 12.47420
C 122.42700 91.88890 12.62250
C 117.51900 88.15580 11.99060
C 130.32100 87.76740 12.30320
C 124.64100 89.44150 12.56200
C 128.02900 90.16360 12.40670
C 125.87900 92.40700 12.57500
C 129.13500 93.23230 12.39610
C 133.49500 88.55910 12.19300
C 134.57000 91.42030 12.18050
C 131.37900 90.85460 12.30340
C 136.75600 89.01040 12.20260
C 132.36300 93.79170 12.37760
C 137.92700 92.00290 12.28540
C 140.21900 89.55830 12.15050
C 143.57200 90.26430 12.17320
C 141.35900 92.60020 12.29040
C 121.32700 97.28510 12.73900
C 123.60300 94.87750 12.70310
C 120.35800 94.25030 12.61300
C 119.29700 99.71550 12.57190
C 117.66400 96.42160 12.08290
C 122.64200 100.39800 12.53510
C 128.06100 98.60150 12.60470
C 124.74500 98.04130 12.57950
C 130.18100 96.11700 12.54140
C 126.95000 95.47290 12.57590
C 131.43900 99.15360 12.57390
C 135.74800 94.26940 12.33410
C 133.61700 96.71030 12.44540
C 134.68700 99.80390 12.55560
C 136.90900 97.21060 12.52300
C 142.59800 95.54760 12.32060
C 143.75100 98.54500 12.27200
C 140.33600 97.88630 12.42020
C 139.20200 94.90210 12.39830
C 138.19900 100.28900 12.65560
C 120.23500 102.57100 9.40335
C 123.58800 103.30000 9.31883
C 121.35100 105.63000 9.42110
C 117.56100 104.81500 10.28840
H 119.01700 101.47800 10.64340
H 123.33800 105.20100 10.89860
H 122.16300 102.16100 10.99510
H 119.93400 104.47000 11.10650
H 117.55400 107.11700 11.17110
C 125.83500 100.89700 9.27282
C 129.13300 101.51700 9.37091
C 127.00300 103.87600 9.42424
C 130.34500 104.44400 9.35451
C 128.14500 106.85600 9.35171
C 124.85300 106.37600 9.37582
H 129.96800 106.33000 10.93400
H 125.40700 102.75900 10.91950
H 128.87300 103.36100 11.03700
H 126.60300 105.76400 11.02610
H 131.02800 100.95300 10.89140
C 132.42900 102.12000 9.33264
C 133.66800 105.21400 9.47095
C 135.88300 102.70800 9.39388
C 136.94500 105.64300 9.43750
H 134.28800 101.60100 10.95780
H 133.27900 106.99900 11.19750
H 132.20200 104.00300 11.00200
H 135.46700 104.52600 11.03840
H 137.64500 102.14300 11.05620
C 141.28100 101.02400 9.26935
C 139.13800 103.33800 9.42918
C 140.10600 106.25700 9.33406
C 142.37200 103.87500 9.26953
C 143.49200 106.92200 9.22799
H 142.03700 105.76200 10.80550
H 140.97400 102.78800 11.00190
H 138.72100 105.13700 11.07400
H 144.28900 103.43700 10.83150
C 119.27400 107.79400 9.45274
C 122.55600 108.74600 9.55458
C 120.14900 111.00100 9.76251
C 123.65900 111.60300 9.73550
C 117.58800 113.19500 10.64670
H 119.04100 109.84600 10.91890
H 123.18100 113.36700 11.41670
H 121.11700 107.43100 11.13090
H 122.09700 110.44900 11.29760
H 119.85100 112.84700 11.52610
C 121.30500 113.94100 9.82229
C 125.92700 109.30900 9.45904
C 129.29000 109.77200 9.45502
C 126.94600 112.26400 9.56428
C 130.29500 112.80800 9.46955
H 127.71900 108.63500 11.00210
H 128.85200 111.61300 11.04170
H 124.45700 108.16100 11.06870
H 125.58900 111.04000 11.22750
H 126.59900 114.03000 11.32180
H 131.04200 109.24000 11.04720
H 136.51500 107.49300 10.96660
C 131.57400 107.44500 9.44619
C 134.68100 108.05700 9.47024
C 132.52200 110.47500 9.51274
C 135.84700 111.01300 9.50524
C 133.63000 113.43300 9.50975
H 132.08000 112.26300 11.13090
H 135.44200 112.91400 11.15430
H 134.33200 109.90500 11.14270
H 137.67500 110.48300 11.11570
C 137.93000 108.69800 9.38381
C 141.41100 109.19800 9.35676
C 139.14100 111.60600 9.46717
C 142.37200 112.30900 9.39087
H 138.76700 113.48700 11.05500
H 140.96400 111.05200 10.96210
H 144.25600 111.69000 10.87920
H 139.80100 108.11500 10.91140
H 143.21000 108.70800 10.95190
H 142.01400 114.08700 11.04250
C 119.15800 116.13100 9.93815
C 122.57200 117.01900 9.91738
C 120.18900 119.22600 10.15170
C 123.54500 120.04500 9.88266
H 119.10800 118.21100 11.43560
H 121.13300 115.78800 11.46430
H 122.24400 118.80100 11.57170
H 117.75200 115.39000 11.90340
C 124.71600 114.54600 9.80310
C 128.07800 115.13000 9.58600
C 125.64400 117.51700 9.69442
C 129.17000 118.23900 9.61960
H 125.43600 119.37200 11.32770
H 128.74400 119.95300 11.34710
H 124.41700 116.31500 11.50510
H 127.61700 117.01200 11.14400
H 129.96900 114.62700 11.14220
C 126.90300 120.50600 9.71641
C 136.95200 114.02000 9.46331
H 131.00300 117.59100 11.15030
C 131.46800 115.80100 9.47486
C 132.39100 118.90200 9.51656
C 134.69400 116.40100 9.47655
C 135.83000 119.44700 9.53641
H 134.28000 118.26000 11.06900
H 136.54300 115.90300 11.03370
H 133.26300 115.27500 11.11960
H 131.96500 120.60600 11.24060
H 137.64200 118.87700 11.16220
C 138.00600 117.17200 9.45444
C 140.22400 114.67400 9.42168
C 143.45900 115.28000 9.46125
C 141.31100 117.56900 9.48920
C 139.04800 120.06900 9.48360
H 144.16500 120.06200 11.22920
H 139.75300 116.42900 11.09250
H 140.88900 119.45700 11.05680
H 143.09100 117.06800 11.12570
C 142.43700 120.64300 9.48066
C 122.54300 125.22300 10.00780
C 121.36000 122.28200 10.08630
C 119.25500 124.64400 10.27460
C 117.69300 121.43000 11.02970
H 123.29700 121.77700 11.61970
H 120.04000 121.13600 11.82020
C 125.77500 125.83300 9.79706
C 129.13300 126.42800 9.61105
C 130.08900 121.17600 9.64149
C 124.69700 122.88800 9.93154
C 128.09000 123.55100 9.73755
H 129.89600 122.95100 11.30360
H 127.65000 125.39100 11.36750
H 126.61400 122.36200 11.34820
H 124.39700 124.72500 11.55370
H 130.91600 125.97600 11.31280
C 134.52900 124.64800 9.60140
C 136.83200 122.46400 9.61263
C 132.35800 127.16200 9.60947
C 133.52400 121.74600 9.62739
C 131.28000 124.12400 9.62664
H 133.05000 123.59600 11.22910
H 136.43900 124.25300 11.20510
H 135.35500 121.25400 11.22780
H 134.24100 126.54000 11.17260
H 137.65600 127.15100 11.11430
C 138.00700 125.30900 9.54601
C 140.11800 122.91000 9.54861
C 143.49100 123.60200 9.58507
C 141.29800 125.94100 9.66364
H 143.10500 125.38700 11.28630
H 139.74400 124.72900 11.23350
H 141.98800 122.43200 11.13290
H 138.66900 121.75700 11.22040
C 120.37100 127.52700 10.03950
C 122.46000 133.65300 9.83258
C 123.48000 128.20400 9.80600
C 119.18200 132.46700 9.91046
C 121.36100 130.43200 9.87062
C 117.68100 129.61200 10.71160
C 124.52200 131.27900 9.68691
C 126.77300 128.77100 9.57846
C 128.01500 131.99500 9.68169
C 130.22600 129.55400 9.55345
H 126.46200 130.72800 11.10130
H 129.85600 131.34800 11.24200
H 128.70300 128.37000 11.11160
H 127.67700 133.71300 11.47260
H 125.38400 127.69200 11.33470
H 124.24300 133.05600 11.41760
H 135.39800 129.52200 11.24290
C 131.29500 132.53500 9.57544
C 136.76100 130.66700 9.70546
C 135.80600 127.66100 9.57909
C 133.59900 130.06800 9.55693
C 134.66200 133.08700 9.62727
H 132.05400 128.95000 11.15410
H 136.44600 132.62400 11.30850
H 133.09000 131.91600 11.19900
C 142.38500 128.91300 9.68022
C 143.45000 131.78900 9.59672
H 138.65700 130.14300 11.26080
H 141.98000 130.71600 11.25950
H 144.12800 128.36100 11.34050
C 137.89200 133.72400 9.66843
C 139.14900 128.39200 9.59532
H 140.87500 127.74800 11.29450
H 143.10400 133.66700 11.19250
H 139.72400 133.18500 11.28660
C 140.17000 131.32800 9.68184
C 120.37500 102.57000 12.66190
C 123.66400 103.34300 12.55640
C 121.55100 105.44700 12.64490
C 117.67200 104.81200 12.10580
C 124.74100 106.31000 12.62960
C 129.22200 101.53300 12.62220
C 126.97500 103.84600 12.53800
C 130.39900 104.49800 12.61030
C 128.16400 106.80300 12.59700
C 125.70000 100.95000 12.55120
C 132.39300 102.11800 12.59440
C 133.70400 105.07000 12.67920
C 135.80600 102.68200 12.62470
C 136.93600 105.72800 12.64140
C 141.45700 100.95600 12.52870
C 139.18700 103.37400 12.65200
C 140.30300 106.33300 12.53440
C 142.49400 103.92700 12.50950
C 143.52100 106.89500 12.48670
C 117.56600 112.99200 12.50580
C 119.32200 107.97400 12.72450
C 122.66000 108.52500 12.76720
C 123.75500 111.41200 12.85740
C 120.26100 110.83800 12.95950
C 121.26000 113.78600 13.03130
C 126.03800 109.09500 12.73510
C 129.23700 109.72500 12.61700
C 127.16400 112.11700 12.81820
C 130.26100 112.78000 12.72100
C 131.35300 107.46000 12.69430
C 132.50300 110.40300 12.68850
C 134.83600 108.11000 12.74110
C 135.85800 111.10800 12.73640
C 133.60500 113.42900 12.74340
C 137.02100 114.12300 12.67040
C 138.06400 108.59200 12.57270
C 141.36100 109.25200 12.47910
C 139.24700 111.64900 12.65420
C 142.48100 112.15800 12.55440
C 122.60300 116.91200 13.09950
C 119.50400 116.42400 13.29080
C 120.53500 119.26700 13.31770
C 123.83800 119.87200 13.10440
C 124.76000 114.34800 13.02180
C 128.23100 115.20600 12.81850
C 125.99500 117.54200 12.92740
C 129.18300 118.00600 12.83020
C 126.98000 120.53000 12.95650
C 131.50900 115.76000 12.77540
C 132.48200 118.71300 12.73570
C 134.78600 116.44400 12.71270
C 135.78000 119.30500 12.72150
C 137.98400 116.97100 12.70830
C 140.28600 114.61200 12.70040
C 143.55800 115.17600 12.68120
C 141.25800 117.61100 12.70280
C 139.14900 119.87600 12.80100
C 142.28700 120.56800 12.75060
C 117.82000 121.60200 12.84350
C 121.54700 122.24100 13.35450
C 119.44200 124.41500 13.51470
C 122.71500 125.33500 13.23570
H 119.11700 126.45600 12.04660
H 122.22100 127.06300 11.56530
H 117.59100 123.78100 11.88610
H 121.15800 124.09000 11.75330
C 129.17700 126.67600 12.89400
C 125.86500 125.99500 13.07260
C 128.07700 123.57500 12.94340
C 124.91500 122.90900 13.09290
C 130.26600 121.11600 12.92320
C 131.33500 124.12300 12.95250
C 134.60200 124.69700 12.83560
C 136.87600 122.39900 12.83570
C 132.49500 127.13900 12.80510
C 133.48100 121.76100 12.81000
C 140.21300 122.86500 12.81670
C 143.37200 123.53600 12.89750
C 137.98200 125.39000 12.83310
C 141.26900 125.84800 12.89170
C 117.76200 129.34500 12.50760
C 122.50200 133.57000 13.12470
C 123.69300 128.25000 13.08460
C 121.49300 130.56400 13.07560
C 119.49100 132.85300 13.25620
C 120.41400 127.52800 13.23050
H 117.78300 131.73700 11.87350
H 120.00300 129.38000 11.56080
H 123.25200 130.03000 11.41950
H 121.11500 132.33900 11.43060
C 124.79200 131.22200 12.94380
C 130.21800 129.49000 12.76630
C 126.95900 128.94400 12.80860
C 127.96500 131.70000 12.85570
C 133.57000 130.15300 12.80100
C 136.85100 130.69700 12.86270
C 135.80700 127.62700 12.74520
C 131.30700 132.47700 12.87980
C 134.55900 133.05200 12.89190
C 140.19100 131.29600 12.86370
C 142.26800 128.86000 12.91090
C 143.44200 131.79600 12.86860
C 138.02200 133.66800 12.95600
C 139.00200 128.26300 12.85840
C 147.86400 2.17397 9.54588
C 145.64100 4.48541 9.63728
C 148.88500 5.21544 9.59279
H 150.80200 4.63060 11.06630
H 147.50500 3.95738 11.19860
H 145.21500 6.30211 11.31900
H 149.72400 1.57148 11.15770
H 148.49300 6.97422 11.30270
H 146.37800 0.92997 11.07130
C 144.52100 1.46769 9.49243
C 151.15100 2.74959 9.50926
C 156.69700 0.93738 9.58857
C 154.44700 3.19493 9.63682
C 152.38200 5.66403 9.49892
C 155.55800 6.32130 9.59143
C 157.82600 3.97554 9.49544
H 154.16500 5.13620 11.18610
H 152.87000 2.11293 11.19670
H 156.41200 2.81519 11.16920
H 157.43600 5.77280 11.19650
C 160.07400 1.55482 9.61342
C 163.33000 2.08890 9.61328
C 161.21800 4.47983 9.56558
C 158.91100 6.98257 9.67497
C 164.48400 5.10989 9.61143
H 162.97200 3.94750 11.19970
H 159.64000 3.41744 11.14780
H 160.73400 6.31332 11.24620
H 164.02500 6.91756 11.27420
H 161.84600 0.92975 11.24990
H 165.15500 1.60219 11.19890
C 166.71000 2.81731 9.65055
C 170.05100 3.33492 9.62635
C 167.76900 5.71355 9.74647
C 171.07100 6.35870 9.69205
H 168.50500 2.21824 11.24270
H 169.63700 5.10437 11.29010
H 166.18300 4.58947 11.33400
C 146.67800 7.39242 9.63924
C 150.02200 8.01316 9.61757
C 147.86800 10.45710 9.62836
C 145.65300 12.79840 9.61248
C 148.90700 13.33980 9.65855
H 147.40100 12.26090 11.28450
H 150.75100 12.79800 11.27990
H 149.69300 9.85991 11.20100
H 146.32100 9.29429 11.19560
C 151.20400 11.07120 9.57954
C 144.48900 9.85493 9.58546
C 153.47700 8.76373 9.55486
C 154.43400 11.64600 9.68839
C 156.79800 9.28036 9.67137
C 157.88000 12.17930 9.75155
H 155.22500 8.20828 11.22730
H 151.95600 7.52487 11.08490
H 154.03700 13.51260 11.20210
H 156.29600 11.13230 11.28640
H 152.88400 10.49410 11.26740
C 162.23400 7.53114 9.70411
C 164.45700 13.38140 9.70458
C 159.99500 9.93959 9.73897
C 163.28000 10.51940 9.67800
C 161.10700 12.65850 9.78814
H 162.98300 12.32270 11.37730
H 159.60300 11.68120 11.42610
H 158.54200 8.79734 11.38950
H 161.81900 9.37027 11.33200
H 165.12700 9.97093 11.23190
C 165.61700 8.06790 9.68417
C 168.81300 8.60025 9.77919
C 166.78400 11.06190 9.71207
C 170.03400 11.62500 9.89049
H 167.33300 7.50392 11.40710
H 166.32300 12.88770 11.31360
H 168.50800 10.44060 11.38980
H 170.65300 8.08953 11.38900
H 169.48400 13.49490 11.51390
C 146.72200 15.80280 9.66535
C 150.06500 16.31940 9.56336
C 147.82100 18.67990 9.65843
H 148.57600 15.23050 11.22960
H 146.30400 17.59760 11.20970
H 145.18200 14.62990 11.21610
C 144.46300 18.19130 9.68760
H 149.70400 18.14950 11.19810
H 147.51900 20.51800 11.31210
C 151.14700 19.32190 9.65501
C 152.19400 14.00880 9.61804
H 157.38500 14.00880 11.31880
C 155.67900 14.52390 9.59914
C 153.37800 16.92160 9.66468
C 156.80900 17.43980 9.63829
C 154.39800 19.87850 9.60174
C 157.86000 20.49100 9.53452
H 152.97900 18.70930 11.25080
H 155.23800 16.33790 11.24000
H 151.79400 15.79980 11.24290
H 156.30600 19.30180 11.08140
C 162.28000 15.68050 9.63014
C 158.92200 15.13850 9.68978
C 159.97200 18.05260 9.60369
C 163.28600 18.84060 9.60900
H 164.08500 15.31580 11.25170
H 159.64300 19.93230 11.16190
H 161.79500 17.56730 11.16440
H 162.86300 20.59630 11.29810
H 160.74400 14.57600 11.23350
H 158.56100 16.96020 11.35590
C 167.83700 14.11510 9.75344
H 165.08300 18.32560 11.16680
C 165.56500 16.43190 9.64492
C 170.99200 14.51760 9.86543
C 168.84300 16.94960 9.69967
C 166.61500 19.43260 9.58022
C 169.93600 19.89640 9.63466
H 168.34200 18.82600 11.26540
H 170.55100 16.45300 11.36060
H 167.30300 15.89990 11.30990
C 145.67900 21.01970 9.77141
C 149.00100 21.69930 9.69303
C 146.87000 24.19930 9.82033
C 149.93500 24.79110 9.75882
H 150.72700 21.15560 11.29040
C 144.60600 26.48840 9.99720
H 148.60100 23.49270 11.39770
C 147.76600 27.13970 9.87007
H 145.32700 22.91470 11.26490
C 156.65100 25.83690 9.76457
C 153.38800 25.24640 9.75271
C 155.51800 22.91480 9.62607
C 152.23700 22.40940 9.71434
H 155.18800 24.66860 11.37730
H 153.03600 27.13060 11.29470
H 151.76500 24.18800 11.30030
H 157.36600 22.26660 11.22450
H 154.07500 21.68360 11.27490
C 164.29100 21.78250 9.69669
C 159.81500 26.38170 9.54894
C 161.14300 21.19510 9.62324
C 158.92800 23.56420 9.71366
C 162.22800 23.97900 9.69335
C 163.27800 27.04770 9.58274
H 161.66300 25.93200 11.10350
H 163.95500 23.60410 11.41790
H 158.49300 25.32420 11.37330
H 160.69500 22.95760 11.28610
H 165.09100 26.52580 11.25250
H 170.58500 24.88000 11.16580
C 170.96500 23.02030 9.54691
C 167.66100 22.39810 9.57324
C 168.78100 25.44400 9.58456
C 165.43700 24.61160 9.69578
H 168.32900 27.27610 11.27230
H 167.32300 24.25420 11.24780
H 166.16100 21.28050 11.20590
H 169.47600 21.79900 11.14930
C 149.99700 33.06070 9.87641
C 146.83000 32.44270 10.04060
C 145.53000 29.53810 9.94681
C 148.93100 30.10590 9.95381
C 151.08800 27.65460 9.83943
C 154.47500 28.31160 9.63740
C 157.66700 28.89680 9.54605
C 152.19000 30.78150 9.75997
C 153.33800 33.64490 9.93655
C 155.55100 31.28690 9.71393
H 156.28800 27.73380 11.27070
H 157.41600 30.71270 11.16540
H 155.24800 33.05830 11.43130
H 162.87700 28.89520 11.14640
C 164.31000 30.12360 9.57902
C 162.22500 32.36790 9.58118
C 158.81900 31.93810 9.54949
C 161.12600 29.36460 9.47978
H 159.52700 28.31510 11.07140
H 160.60400 31.23690 11.05510
H 158.52400 33.70510 11.29080
H 163.97600 31.93230 11.29920
H 170.49600 33.18370 11.26500
H 169.44500 30.26970 11.23770
C 169.85400 28.44460 9.62907
C 168.64200 33.68770 9.57618
C 170.91300 31.44880 9.54688
C 167.56600 30.72800 9.60491
H 167.19800 32.54730 11.22620
H 166.07600 29.53360 11.17630
C 166.53200 27.71370 9.60295
C 165.41800 33.07770 9.60437
C 147.92400 2.08201 12.73840
C 145.72100 4.42215 12.83790
C 149.01100 5.08922 12.81780
C 144.56700 1.47486 12.76250
C 151.14700 2.86679 12.77060
C 156.75400 0.96708 12.86300
C 154.50200 3.21584 12.74980
C 152.31200 5.65117 12.74960
C 155.63700 6.30885 12.81530
C 157.84800 3.93732 12.82000
C 160.04900 1.62860 12.83700
C 163.35200 2.12558 12.82700
C 161.14600 4.44997 12.84790
C 158.91200 7.02851 12.85690
C 164.38400 5.13326 12.92490
C 166.64600 2.74578 12.84270
C 169.99100 3.25062 12.89150
C 167.81700 5.62979 12.93710
C 171.12100 6.18330 12.92990
C 146.71400 7.54541 12.94870
C 150.22100 8.05855 12.76560
C 147.86900 10.33700 12.85680
C 145.54300 12.85240 12.85770
C 148.93100 13.42210 12.90380
C 144.50800 9.85420 12.82450
C 151.07700 11.00010 12.91430
C 153.34200 8.61490 12.84470
C 154.41400 11.66840 12.80810
C 156.62700 9.34760 12.96420
C 157.79000 12.20530 12.95840
C 152.22100 13.97540 12.85050
C 162.20000 7.49765 12.90260
C 160.08600 9.89034 13.04430
C 163.34400 10.38420 12.93960
C 164.52700 13.47200 12.88870
C 161.15900 12.81100 12.93830
C 165.45000 8.12842 12.91150
C 168.87000 8.62291 13.02850
C 166.64300 11.01160 12.90530
C 169.94100 11.63020 13.04990
C 146.72300 15.74250 12.80310
C 150.10100 16.36540 12.87080
C 147.89700 18.64230 12.84530
C 144.57900 18.07200 12.93210
C 151.16800 19.34520 12.84160
C 153.35300 16.84360 12.78730
C 155.55100 14.59890 12.90320
C 156.65900 17.63000 12.81600
C 154.57900 19.78890 12.82420
C 157.77500 20.40630 12.75750
C 162.22400 15.78930 12.80950
C 158.93100 15.14310 12.87740
C 160.03800 18.13900 12.85950
C 163.25400 18.68050 12.82040
C 167.61200 14.19270 13.02200
C 165.53000 16.52480 12.83860
C 171.03300 14.58110 13.00220
C 168.73900 17.05490 12.94740
C 166.54100 19.41920 12.81520
C 169.89300 19.99030 12.83700
C 144.64500 26.55420 13.24820
C 145.78400 21.05900 12.92340
C 148.99100 21.62360 12.98700
C 146.75900 23.95210 13.01330
C 150.05800 24.69220 13.03450
C 147.85500 27.15840 13.17450
H 149.56100 26.54700 11.48960
H 146.39800 25.92640 11.61540
C 152.22800 22.28790 12.87930
C 155.60500 22.76630 12.92770
C 153.34200 25.25130 12.90050
C 156.71300 25.89950 12.95600
C 158.80700 23.43870 12.86050
C 162.05100 24.21030 12.90810
C 163.14500 26.97640 12.74210
C 161.03900 21.08170 12.85550
C 159.92300 26.55360 12.81320
C 164.38400 21.69130 12.90410
C 170.90200 23.01850 12.85620
C 165.53500 24.76310 12.94270
C 167.70200 22.36050 12.82750
C 168.82700 25.43270 12.87320
C 145.65900 29.52160 13.16050
C 146.76900 32.37040 13.23650
C 150.11600 33.07280 13.22890
C 149.05700 29.92880 13.10450
H 145.19500 31.34510 11.60500
H 147.43200 28.96550 11.49410
H 150.85000 29.50490 11.45020
H 148.62600 31.90470 11.60850
C 151.29900 27.57930 12.96700
C 157.88300 28.91520 12.78270
C 154.52600 28.29580 12.92340
C 153.47200 33.55050 13.08950
C 155.68000 31.11310 12.86350
C 152.31600 30.59680 13.04550
H 154.01400 30.11640 11.28160
H 151.80900 32.49570 11.53120
C 164.32500 30.07340 12.84280
C 161.06700 29.37930 12.71530
C 162.01400 32.42910 12.73520
C 158.90400 31.77890 12.83390
C 166.58600 27.75650 12.85010
C 167.56200 30.69310 12.81130
C 168.65600 33.79870 12.79600
C 170.96000 31.33210 12.89160
C 165.39100 33.17820 12.86610
C 169.93200 28.37970 12.81760
C 147.85300 35.33640 9.97201
C 145.67700 37.72980 9.96103
C 148.97300 38.23160 9.97739
C 151.22100 35.99310 9.94644
C 144.50600 34.73890 10.06160
C 154.32700 36.56690 9.85270
C 152.25400 38.95100 9.81402
C 155.51300 39.56080 9.64438
C 157.71000 37.10970 9.64528
C 156.66700 34.21230 9.74973
H 156.27700 36.09370 11.31190
H 157.33300 39.05840 11.18720
C 159.91400 34.84840 9.58929
C 163.20200 35.43020 9.45727
C 160.99200 37.79690 9.53268
C 158.89700 40.15690 9.54212
C 164.24200 38.54620 9.42318
H 163.90000 40.30470 11.13570
H 160.69600 39.63370 11.15420
H 159.54600 36.68140 11.26880
H 161.73800 34.25210 11.11410
H 162.86000 37.30540 11.08530
H 165.00500 34.97480 11.10820
C 166.48600 36.09210 9.46981
C 169.92200 36.74250 9.44623
C 167.64200 39.05610 9.39092
C 171.01400 39.73190 9.52844
H 168.39900 35.61330 11.08140
H 169.41800 38.58570 11.04820
H 166.07600 37.98350 10.98570
C 146.79500 40.74720 9.87322
C 149.99100 41.39060 9.75471
C 147.79000 43.66310 9.87898
C 148.83900 46.72250 9.78474
C 145.63100 46.07060 9.90257
C 150.99200 44.34800 9.68633
C 144.49900 43.15530 9.92843
C 153.24900 41.83950 9.66560
C 154.32200 44.94510 9.56730
C 156.50400 42.56190 9.60257
C 157.67300 45.59420 9.52950
H 156.20500 44.38970 11.18820
H 153.98300 46.84470 11.20800
H 155.13400 41.36350 11.28810
H 157.22400 47.39810 11.14630
C 152.07800 47.39680 9.67404
C 162.11600 40.82930 9.47814
C 160.04100 43.36130 9.49091
C 163.23800 43.87490 9.48850
C 164.38000 46.72480 9.49260
C 160.98400 46.23520 9.56230
H 158.52000 42.11160 11.02240
H 161.74800 42.66810 11.12730
H 162.86200 45.71070 11.13710
H 159.47800 45.09940 11.21270
H 164.97900 43.32320 11.17290
H 167.25200 40.91640 10.96660
C 165.34600 41.52630 9.49477
C 168.85300 41.99210 9.42494
C 166.56500 44.37180 9.52835
C 169.83900 45.07410 9.33726
H 170.58700 41.52920 11.16760
H 166.21600 46.27670 11.11650
H 169.34600 46.86160 10.95170
H 168.42800 43.86060 11.01840
C 167.54300 47.43190 9.37502
C 146.73700 49.12990 9.83800
C 149.88300 49.80280 9.79758
C 147.70000 52.12920 9.79535
C 144.54800 51.52380 9.91690
C 150.97700 52.62620 9.78906
H 147.39000 53.92590 11.41760
H 149.48100 51.59030 11.45340
H 146.34200 50.95300 11.50150
C 155.42200 47.93700 9.51135
C 153.26500 50.28560 9.63012
C 156.62600 51.01130 9.56362
C 154.40800 53.35480 9.60967
H 156.17800 52.81670 11.24300
H 155.10100 49.81330 11.15040
H 152.94400 52.20840 11.24670
H 151.74400 49.24970 11.36210
C 157.66500 53.93570 9.59304
C 162.12400 49.19970 9.49477
C 158.79000 48.49290 9.58988
C 159.94100 51.53970 9.48240
C 163.16200 52.13980 9.38926
H 160.65700 48.04000 11.19920
H 163.98300 48.66040 10.97860
H 159.50400 53.38220 11.16310
H 161.79700 51.00960 11.14680
H 158.44000 50.41450 11.12890
H 162.82100 54.01800 10.98110
H 165.04200 51.59650 10.92510
C 165.46700 49.70880 9.38289
C 170.85800 47.96930 9.30755
C 168.70400 50.36980 9.32684
C 166.48600 52.77160 9.35985
C 169.95700 53.32740 9.46190
H 168.31100 52.21980 10.95080
H 167.29100 49.26870 11.02940
H 170.50600 49.79340 10.97660
C 144.47900 59.95370 9.60637
C 145.58400 54.44700 9.85027
C 148.78800 55.02350 9.73651
C 146.65100 57.40090 9.63724
C 150.04300 58.01600 9.66068
H 149.63600 59.92700 11.23320
H 148.48100 56.95660 11.27460
H 146.34300 59.36070 11.12250
H 150.65100 54.57300 11.36660
C 147.85100 60.37370 9.54387
H 145.27800 56.40500 11.35950
C 152.24600 55.57770 9.70238
C 155.53200 56.26890 9.61217
C 156.63900 59.17170 9.46835
C 153.34400 58.66780 9.59448
H 154.10400 55.17390 11.33970
H 155.16900 58.14510 11.16040
H 152.94500 60.56630 11.16590
H 151.86600 57.54090 11.26380
H 157.36000 55.76700 11.26660
C 159.90000 59.75940 9.46988
C 162.14200 57.42880 9.40866
C 164.37700 55.13560 9.42137
C 163.22100 60.37390 9.30440
C 160.94500 54.49950 9.42252
C 158.78300 56.76780 9.54994
H 163.91900 56.93870 11.03650
H 158.40700 58.69320 11.13750
H 161.76100 59.29230 10.96630
H 160.66400 56.36410 11.06020
H 164.97800 59.90830 10.89670
C 170.99500 56.31890 9.42302
C 168.76200 58.67360 9.43770
C 165.40800 57.93200 9.39440
C 167.73000 55.65740 9.47479
H 170.59000 58.14580 11.08270
H 169.49100 55.19240 11.09560
H 167.23000 57.57210 11.05220
H 166.11100 54.60840 11.06000
H 168.36700 60.59860 10.98990
C 151.12900 61.00680 9.51322
C 146.82200 65.87540 9.43335
C 149.00100 63.43720 9.39480
C 150.04000 66.36070 9.34720
C 145.54000 62.90230 9.46294
H 145.34500 64.79830 11.08050
H 150.73000 62.83500 11.07660
H 148.65800 65.22160 11.02360
H 147.43400 62.33780 11.00740
H 154.00900 63.51260 11.17240
H 156.18200 61.06220 10.96780
H 157.30800 64.07250 11.05460
H 155.16500 66.49220 10.83380
H 151.81800 65.86040 10.96550
C 155.43500 64.51070 9.41252
C 152.24200 63.96190 9.49068
C 153.33000 66.83560 9.26604
C 154.34300 61.77690 9.49677
C 157.76100 62.16970 9.44099
H 163.92400 65.32190 10.50010
H 162.78700 62.31110 10.81380
C 164.39600 63.25320 9.13002
C 161.96100 65.70640 8.99416
H 159.57300 61.63740 11.02540
H 160.51700 64.63910 10.70210
H 158.47300 67.06220 10.66370
C 158.57000 65.09450 9.17387
C 160.93900 62.73200 9.21399
H 169.51700 63.52450 10.88540
C 168.83200 66.99550 9.10143
C 166.54000 61.00650 9.27845
H 170.62100 66.45990 10.72200
C 170.97200 64.59640 9.12621
H 166.20700 62.96760 10.82390
C 165.59800 66.30420 8.91846
C 169.92800 61.65570 9.31322
H 167.29500 65.92510 10.74250
C 167.78700 64.07280 9.16782
C 147.98900 35.34170 13.24850
C 145.59000 37.80240 13.20620
C 149.01700 38.26490 13.16170
C 144.50800 34.83140 13.23620
H 145.26700 39.58440 11.45590
H 148.62900 40.15390 11.45400
H 150.87200 37.87440 11.56410
H 149.68400 34.86610 11.54430
H 147.46500 37.14140 11.66480
H 146.37400 34.27890 11.68180
C 151.20600 36.02930 13.16490
C 154.52900 36.60660 13.05630
C 152.35600 39.12880 13.02410
C 155.66500 39.61980 12.91950
C 157.79300 37.28800 12.89210
C 156.70900 34.25550 12.95910
H 154.07300 38.44000 11.41090
H 152.98000 35.42530 11.58080
C 158.89400 40.29730 12.70360
C 160.07100 34.84910 12.87840
C 163.18100 35.47720 12.72870
C 161.14700 37.86490 12.77550
C 164.35500 38.49570 12.73860
C 166.56500 36.20790 12.62730
C 169.75100 36.83950 12.77200
C 167.55600 39.09210 12.62540
C 170.93100 39.66400 12.71040
C 144.51400 43.21240 13.20570
C 146.76400 40.65430 13.10380
C 150.08500 41.33600 13.08330
C 147.88600 43.70700 13.12000
C 145.68100 46.09900 13.15130
C 149.01600 46.72190 13.04950
H 147.44900 45.51640 11.50180
H 149.68000 43.19970 11.46700
H 146.29900 42.53840 11.56180
H 150.72100 46.17970 11.33290
C 151.24100 44.37620 12.96090
C 153.35800 41.99040 12.89870
C 154.41800 45.01770 12.83710
C 156.72700 42.49160 12.75610
C 157.59400 45.57170 12.83880
H 152.92800 43.80590 11.19830
H 151.80700 40.85320 11.31990
C 162.09600 40.85390 12.75780
C 159.91000 43.18720 12.76240
C 163.15300 43.91350 12.76970
C 164.40200 46.93200 12.67480
C 161.02500 46.19930 12.79680
C 165.46200 41.40450 12.68270
C 168.73800 42.00360 12.66780
C 166.64200 44.38770 12.67340
C 169.84400 45.15790 12.61100
C 144.55900 51.53900 13.10920
C 146.74600 49.14820 13.13210
C 149.99200 49.77000 13.06190
C 147.75700 52.18360 13.10370
H 145.26500 47.97450 11.46740
H 148.52300 48.49140 11.48780
C 152.21500 47.36350 12.93530
C 151.14300 52.72360 12.91100
C 153.35400 50.39250 12.88850
C 155.47100 48.02220 12.84840
C 156.66100 50.89170 12.75130
C 154.41700 53.31080 12.93850
C 157.73100 53.90530 12.86650
C 162.24900 49.27230 12.69800
C 158.78000 48.53120 12.75890
C 159.96500 51.52910 12.75190
C 163.34900 52.24240 12.65370
C 167.67300 47.48090 12.68920
C 165.45800 49.76540 12.59490
C 170.88900 47.95760 12.57700
C 168.76100 50.46760 12.62040
C 166.49400 52.69640 12.56790
C 169.76600 53.30030 12.68710
C 144.66700 59.96000 12.87910
C 145.66000 54.60510 13.01950
C 148.88600 55.15110 12.96860
C 146.76600 57.66750 12.89200
C 150.02100 58.08830 12.90350
C 147.79600 60.58020 12.70050
C 156.64600 59.37300 12.74040
C 153.45100 58.81150 12.81680
C 155.63400 56.40010 12.89930
C 152.26500 55.70470 12.90530
C 162.18100 57.53500 12.61140
C 164.34000 55.14210 12.66220
C 158.92300 56.91190 12.78460
C 161.09000 54.53950 12.64680
C 160.00500 59.84110 12.67050
C 163.17600 60.61940 12.53720
C 165.36000 58.11410 12.60010
C 167.63800 55.82390 12.67470
C 168.75800 58.78350 12.63010
C 170.97600 56.33540 12.71640
C 150.08500 66.53990 12.57170
C 145.71200 62.97090 12.70320
C 146.87700 65.91000 12.62420
C 148.98800 63.38140 12.65670
C 151.17200 61.10320 12.80720
C 152.11100 64.09510 12.69670
C 153.35600 67.10260 12.47870
C 157.73900 62.21510 12.57150
C 155.56100 64.83530 12.64350
C 154.52800 61.76670 12.68310
C 158.87900 65.37890 12.44640
C 164.28200 63.63200 12.29540
C 161.05700 62.97480 12.48360
C 162.13900 65.82010 12.22980
C 168.81000 67.16080 12.30550
C 171.06100 64.72400 12.42430
C 166.42200 61.13370 12.48360
C 165.40700 66.46660 12.17070
C 169.83700 61.76370 12.60830
C 167.68200 64.09980 12.44160
C 147.87900 68.80020 9.18058
C 145.58800 70.98510 9.19320
C 148.98100 71.80780 9.03094
H 148.51600 73.66970 10.61090
C 151.06700 69.47650 9.13177
H 149.72400 68.29870 10.83860
H 145.30900 73.01840 10.58910
H 146.53800 67.74910 11.00430
H 150.75100 71.38260 10.73050
H 147.55900 70.67590 10.71160
C 144.58100 68.11630 9.50759
C 154.33000 69.94340 8.97497
C 152.11000 72.36060 8.92122
C 155.47100 72.93890 8.78937
C 157.76200 70.39500 8.85040
C 156.63200 67.46050 9.07784
H 156.21600 69.48040 10.55240
H 152.94100 68.85230 10.71140
H 157.43900 72.40790 10.33630
H 154.02800 71.87780 10.51120
C 159.87700 68.00510 8.89758
C 163.15100 68.73340 8.93535
C 161.10000 71.13300 8.82230
C 158.90400 73.54700 8.75254
C 164.48900 71.67810 8.90018
H 162.85200 70.55250 10.51040
H 163.99400 73.56310 10.47850
H 159.65000 70.00890 10.43660
H 161.68100 67.62300 10.59440
H 160.67900 73.00270 10.41690
H 165.13600 68.22070 10.40760
C 166.66200 69.38450 8.85588
C 169.97500 69.89220 9.04329
C 167.73700 72.37000 8.84367
C 171.09400 72.97570 8.89278
H 168.36100 68.88450 10.61100
H 169.54600 71.85120 10.46480
H 166.28200 71.24160 10.51750
C 146.81600 74.19320 8.90726
C 149.99300 74.74650 8.88967
C 147.84000 77.12720 8.79923
C 145.73800 79.54690 8.76234
C 148.93600 80.01010 8.62471
H 147.53300 79.03040 10.36580
H 149.64600 76.62530 10.36220
H 150.71500 79.59390 10.33120
H 146.37000 76.07620 10.50570
C 144.58500 76.57730 8.85405
C 151.17300 77.76600 8.73385
C 153.38300 75.26470 8.75645
C 154.52400 78.29340 8.58053
C 156.66500 75.90600 8.72189
C 157.71700 78.95160 8.51305
H 154.15100 80.19050 10.14210
H 156.35300 77.80930 10.20830
H 151.87700 74.27960 10.42550
H 155.22000 74.83790 10.40390
H 153.05100 77.23250 10.30020
C 152.20500 80.67650 8.58882
C 162.24400 74.03320 8.78726
C 164.37600 80.09010 8.65515
C 159.98900 76.46880 8.68161
C 163.24800 77.06700 8.65962
C 161.05300 79.50220 8.61976
H 161.80000 75.94570 10.26490
H 159.50300 78.33350 10.13770
H 158.47700 75.41400 10.34040
H 162.85700 78.98260 10.24120
H 165.01800 76.58920 10.35770
H 167.32900 74.23290 10.45200
C 165.45800 74.67650 8.84956
C 168.73200 75.34070 8.72159
C 166.54300 77.68310 8.70209
C 169.88100 78.39160 8.72280
H 166.14700 79.57000 10.25700
H 168.34400 77.21440 10.31410
H 169.47800 80.22700 10.39500
H 170.52400 74.87060 10.38930
C 146.75400 82.44200 8.60441
C 150.03800 83.10190 8.60340
C 147.76000 85.53410 8.57050
H 148.56400 81.93640 10.22200
H 145.27900 81.39900 10.31620
H 146.35000 84.30420 10.20530
H 149.59900 84.94280 10.18500
H 147.36500 87.22620 10.28630
C 144.45600 84.92230 8.70770
C 151.11300 86.15120 8.60982
H 157.47400 80.76650 10.17650
C 153.42000 83.84070 8.53995
C 155.69200 81.35040 8.53584
C 156.81300 84.31580 8.44167
C 154.53300 86.77600 8.61822
H 153.02600 85.60530 10.19220
H 151.95000 82.56960 10.18820
H 155.26000 83.16350 10.15040
H 156.41300 86.15500 10.07450
C 157.92200 87.36720 8.50146
C 162.24000 82.47860 8.66637
C 158.93100 81.87110 8.49453
C 160.13700 84.90990 8.55640
C 163.32900 85.49250 8.61914
H 161.87500 84.36100 10.28990
H 160.67900 81.41110 10.20800
H 158.59000 83.75560 10.11230
H 159.66400 86.74350 10.13360
H 163.99700 81.90650 10.30340
H 162.96500 87.31990 10.27500
C 167.67800 80.75110 8.72866
H 165.15500 84.90880 10.19080
C 165.40700 82.99020 8.64427
C 171.11300 81.34900 8.92448
C 168.92400 83.70370 8.80853
C 166.78700 86.04500 8.69892
C 170.01000 86.70210 8.81396
H 168.50200 85.50140 10.33590
H 167.20700 82.58740 10.27590
H 170.66900 83.18010 10.50280
C 145.62000 87.91240 8.71015
C 150.09400 91.35180 8.80425
C 148.83900 88.36940 8.69600
C 146.78600 90.84950 8.78792
C 147.98800 93.84120 8.67975
H 145.32800 89.71940 10.45240
H 146.50700 92.67650 10.38590
H 148.61900 90.20200 10.34000
H 149.72800 93.22510 10.39240
H 150.76800 87.95880 10.25970
C 144.56300 93.26240 8.91873
C 152.38000 89.11580 8.72469
C 155.54400 89.57180 8.63669
C 153.35700 92.06500 8.68257
C 156.84100 92.56300 8.82674
H 154.15000 88.51420 10.36790
H 155.17300 91.41440 10.22210
H 151.96100 90.90630 10.38340
H 153.09700 93.86500 10.40260
H 157.40600 89.12930 10.19080
C 159.03700 90.29190 8.57085
C 164.49800 88.49650 8.76354
C 161.26000 87.88930 8.59872
C 162.39500 90.90520 8.73702
C 163.39700 93.85640 8.78139
C 160.17100 93.17970 8.69335
H 158.60400 92.09590 10.23850
H 161.92600 92.65180 10.35150
H 164.10900 90.27030 10.44980
H 160.75700 89.75070 10.23740
H 165.13100 93.27060 10.48120
C 165.49700 91.52600 8.77769
C 167.76100 89.00500 8.77427
C 168.89000 92.14770 8.90700
C 171.09900 89.68370 8.84520
H 168.50400 93.90670 10.58480
H 166.29000 87.82890 10.36010
H 167.27600 90.89430 10.34560
H 170.68600 91.47900 10.44770
H 169.56700 88.52230 10.40560
C 145.65300 96.23960 8.84598
C 150.06900 99.75030 8.86338
C 146.95500 99.28370 8.98896
C 149.11300 96.90190 8.89969
H 150.82100 96.19920 10.55740
H 148.65800 98.59450 10.56260
H 147.55300 95.64990 10.35770
H 145.41000 98.06290 10.47600
C 151.20700 94.37690 8.83989
H 157.45900 97.48760 10.37030
H 154.28100 96.81910 10.44760
H 156.41000 94.46460 10.40850
H 155.35000 99.76800 10.45390
H 151.92700 99.09860 10.44570
C 154.64700 94.98500 8.81562
C 155.65300 97.98410 8.77586
C 157.81800 95.65020 8.71348
C 153.42700 100.45000 8.93276
C 152.42000 97.22030 8.89770
H 158.64700 100.47100 10.41140
H 159.62200 95.12000 10.15360
H 164.15100 98.65630 10.58350
H 163.08700 95.69760 10.43580
H 160.87000 98.05250 10.44020
C 164.61100 96.88440 8.89747
C 161.30000 96.30890 8.71456
C 162.43100 99.26570 8.92017
C 159.01900 98.61610 8.84473
C 170.01800 95.07140 8.99352
C 171.07300 98.15640 9.15961
C 167.74700 97.58540 9.00476
H 166.34100 96.29330 10.58910
H 169.52600 96.87670 10.60100
H 167.33600 99.30730 10.70130
H 170.63900 99.87370 10.91080
C 165.60900 99.84470 8.99452
C 168.92300 100.44400 9.21739
C 166.73800 94.48050 8.96846
C 148.03500 68.97710 12.52540
C 145.78100 71.25390 12.35630
C 148.94300 71.95940 12.32750
C 144.59300 68.12660 12.55370
C 151.27400 69.59280 12.38010
C 154.46700 70.10650 12.25930
C 152.34800 72.61200 12.18480
C 155.67400 73.03640 11.98900
C 157.85100 70.70270 12.04020
C 156.73700 67.80890 12.27870
C 159.97200 68.31680 12.22960
C 163.34500 68.73310 12.12720
C 161.05300 71.19630 12.13420
C 158.82700 73.67320 11.98110
C 164.44100 71.67040 12.05500
C 166.45900 69.37600 12.14650
C 169.75300 70.08760 12.24940
C 167.76000 72.47690 12.10010
C 170.93100 73.05290 12.08840
C 146.72800 74.25440 12.19420
C 150.17200 74.84140 12.05670
C 147.95200 77.20810 12.05060
C 145.76900 79.64220 11.95420
C 148.93100 80.25200 11.99420
C 144.56900 76.70390 12.07010
C 151.22400 77.77580 11.91550
C 153.43100 75.43190 11.98870
C 154.53800 78.38550 11.84480
C 156.72000 76.06250 11.90050
C 157.82000 78.92950 11.82010
C 162.10800 74.21610 12.01640
C 160.02000 76.62090 11.82510
C 163.08700 77.17490 11.91300
C 164.31200 80.08510 11.89500
C 160.98600 79.47430 11.75070
C 165.50000 74.82150 12.05130
C 168.75900 75.41290 12.06870
C 166.50300 77.78410 11.93040
C 169.74800 78.27900 11.96420
C 167.56100 80.75220 11.87820
C 146.81300 82.51510 11.87610
C 150.12200 83.09000 11.78430
C 147.83500 85.37550 11.88420
C 144.56900 84.83460 11.88260
C 151.16300 86.04540 11.79030
C 152.36500 80.75120 11.82490
C 153.50900 83.74570 11.80340
C 155.63500 81.35670 11.80990
C 156.76600 84.32610 11.73960
C 154.64600 86.60830 11.82270
C 157.87200 87.31300 11.76830
C 162.18900 82.46330 11.87530
C 158.90000 81.98540 11.83840
C 160.01500 84.95250 11.80320
C 163.39100 85.48560 11.88550
C 165.42400 83.12590 11.89520
C 170.90300 81.34320 12.10710
C 168.74000 83.62800 11.91260
C 166.68100 85.92760 11.88430
C 169.82700 86.70300 12.05050
C 145.62100 87.73360 11.92840
C 148.92100 88.31960 11.89030
C 146.93600 90.82440 12.00280
C 150.10000 91.32940 11.96720
C 144.72300 93.12700 12.11980
C 147.98200 93.83170 12.01560
C 155.73200 89.68750 11.90930
C 156.72900 92.64590 11.79790
C 153.53200 92.02580 11.95040
C 152.31000 88.98710 11.93730
C 163.29300 93.83010 12.04970
C 164.49900 88.36410 11.97380
C 158.93900 90.20540 11.81810
C 162.21700 90.84870 11.96680
C 161.08800 87.83040 11.83120
C 160.10900 93.27110 11.78200
C 167.65800 89.07490 11.99430
C 168.77900 91.98450 12.02420
C 170.86900 89.70860 12.16010
C 165.59400 91.42080 12.08660
C 145.81100 96.18980 12.07780
C 148.96600 96.75850 12.12760
C 146.89200 99.07780 12.24170
C 150.10400 99.73820 12.08390
C 151.27500 94.26920 12.02220
C 155.73100 97.93590 12.08600
C 153.45300 100.18400 12.02960
C 154.58500 94.97320 11.99520
C 152.47100 97.24640 12.07890
C 157.91100 95.57650 11.94430
C 162.25800 99.08510 12.15440
C 164.55100 96.78740 12.16940
C 158.99100 98.60390 11.94660
C 161.12500 96.09530 11.93530
C 165.52100 99.86360 12.27690
C 166.62400 94.36150 12.14220
C 169.90400 95.01680 12.27630
C 170.99000 97.95420 12.40060
C 167.80300 97.45830 12.26790
C 168.75400 100.42000 12.41920
C 147.80700 102.13700 8.96142
C 145.71600 104.61600 9.14819
C 149.18400 105.08100 9.20358
H 146.50200 100.95800 10.73160
H 145.33900 106.36400 10.84110
H 149.72600 101.57300 10.42960
H 150.92600 104.50000 10.86090
H 148.63300 107.00900 10.67290
H 147.56500 103.91100 10.67770
C 144.65800 101.62400 9.16989
C 151.26000 102.79200 9.00406
C 154.57400 103.45300 8.97541
C 152.30000 105.65200 9.16113
C 155.63300 106.27700 9.13072
C 158.03500 103.97600 9.01919
H 156.42700 102.78600 10.52440
H 153.09900 102.18100 10.54260
H 154.10200 105.13600 10.72440
H 157.47300 105.73600 10.72100
C 156.77000 101.03800 8.86306
C 160.23300 101.66100 8.93882
C 163.44000 102.29600 9.02185
C 161.14700 104.62100 9.01817
C 158.94700 106.94400 9.19511
C 164.36700 105.11400 9.09681
H 162.87900 104.00700 10.72060
H 160.76300 106.34200 10.72760
H 164.06900 107.00300 10.69550
H 159.76300 103.38700 10.60310
H 161.94400 101.01600 10.59270
H 165.15300 101.62700 10.63860
C 166.71400 102.70900 9.09964
C 170.03600 103.32300 9.16043
C 167.79100 105.78300 9.09406
C 171.13300 106.35500 9.29653
H 166.23300 104.58800 10.64640
H 168.50700 102.26100 10.80110
H 169.50200 105.19000 10.78190
C 146.74100 107.60700 9.19832
C 150.12800 108.18800 9.08010
C 147.92200 110.52400 9.23105
C 149.00900 113.51600 9.40713
C 145.75200 112.88700 9.30264
H 146.42800 109.39600 10.85030
H 149.71100 109.94300 10.77640
H 147.51400 112.25300 10.96080
H 150.81900 112.90400 11.01530
C 144.57300 109.85500 9.25896
C 151.26800 111.14800 9.28646
C 153.36900 108.79200 9.21554
C 154.47600 111.68200 9.31156
C 156.67600 109.33600 9.22968
C 157.69500 112.31600 9.29767
H 156.26700 111.10900 10.95830
H 155.20900 108.05100 10.77680
H 154.00800 113.55100 10.89570
H 153.03100 110.54100 10.94030
H 151.89000 107.51600 10.72850
C 162.22000 107.57700 9.15010
C 159.94800 109.89100 9.22171
C 163.25500 110.55200 9.10707
C 164.30700 113.45600 9.13967
C 160.96700 112.88700 9.19285
H 159.53100 111.70000 10.84970
H 158.47500 108.70900 10.91930
H 162.76500 112.29900 10.78480
H 161.82700 109.40500 10.77190
H 167.29500 107.58700 10.72710
C 165.50400 108.19900 9.04735
C 168.92700 108.74900 9.15582
C 166.57600 111.04300 9.10655
C 169.92500 111.76400 9.11748
H 168.41300 110.60400 10.67860
H 170.64100 108.19400 10.86730
H 165.04400 109.97000 10.73710
H 169.43600 113.56000 10.77050
H 166.20900 112.92800 10.69190
C 146.83500 115.92800 9.47357
C 150.15100 116.53000 9.42173
C 147.91000 118.84500 9.59990
H 145.35100 114.65700 11.00080
H 146.38100 117.67200 11.22070
H 148.63100 115.39000 11.04800
H 149.71700 118.32000 11.07410
C 144.59200 118.30800 9.57454
C 151.17200 119.37900 9.41578
H 147.49500 120.70300 11.15960
H 157.44200 114.12200 11.04980
C 152.14000 114.15800 9.36227
C 153.32300 117.05900 9.46404
C 155.66200 114.64000 9.41218
C 156.56600 117.58900 9.39717
C 154.44000 120.15800 9.51440
H 155.15100 116.44000 11.11860
H 151.84900 115.90600 11.12130
H 152.95900 118.87500 11.09080
H 156.27800 119.47200 11.04650
C 157.77700 120.62100 9.43775
C 162.15200 115.77900 9.22431
C 158.75500 115.27400 9.25606
C 159.95000 118.32700 9.25107
C 163.21800 118.89700 9.27887
H 158.50000 117.14000 10.89840
H 159.65100 120.07400 10.97690
H 161.74100 117.63800 10.84440
H 164.06700 115.29900 10.79320
H 160.64200 114.69500 10.80190
H 162.84300 120.65900 10.97140
C 167.67900 114.18300 9.13499
H 165.06600 118.29700 10.81620
C 165.52600 116.51600 9.15456
C 169.98100 120.08800 9.38655
C 171.04100 114.71300 9.28367
C 168.90900 117.03800 9.23365
C 166.62900 119.47200 9.27703
H 167.31200 115.97800 10.81270
H 168.42600 118.84100 10.86120
H 170.62300 116.44800 10.98910
C 145.63800 121.27500 9.59732
C 147.84800 127.25800 9.63487
C 150.03400 124.89800 9.47631
C 146.55000 124.24700 9.63430
C 148.82100 121.87000 9.41738
H 146.35800 126.07100 11.30790
H 145.21600 123.00600 11.32030
H 148.49500 123.69700 11.09080
H 149.69800 126.57700 11.19240
H 150.68400 121.26100 10.92050
C 144.57400 126.61800 9.66255
C 152.42200 122.35900 9.47874
C 155.53400 122.97900 9.62394
C 153.55300 125.36000 9.51383
C 156.68100 125.96900 9.61848
H 153.04200 127.14000 11.11540
H 151.89000 124.22500 11.00280
H 154.09400 121.85000 11.31260
H 157.46400 122.44700 11.10040
H 155.19600 124.80900 11.26200
C 164.45200 121.78200 9.37859
C 163.37600 127.23200 9.48439
C 158.86700 123.70200 9.47222
C 162.17600 124.23500 9.35090
C 161.05700 121.27800 9.35037
C 159.95600 126.60100 9.48242
H 158.57300 125.49100 11.21690
H 160.71800 123.09200 11.03280
H 161.83100 126.04500 11.03910
H 164.01600 123.67600 10.95180
H 165.11200 126.64800 11.10930
C 165.49100 124.90600 9.39920
C 171.05300 123.06700 9.52672
C 168.86100 125.46600 9.55303
C 167.62100 122.62600 9.43827
H 168.51100 127.17400 11.25930
H 167.20100 124.34500 11.12750
H 166.24400 121.24900 11.01170
H 170.62500 124.82600 11.19570
H 169.45100 121.85500 11.05680
C 146.78100 132.39600 9.60292
C 150.02400 133.10700 9.61924
H 148.57800 131.94500 11.34480
C 149.02000 130.08900 9.72127
C 145.64300 129.55300 9.74993
H 150.81200 129.58200 11.30860
H 145.25600 131.31300 11.24910
H 147.49300 128.97700 11.38070
C 151.16400 127.78000 9.63276
C 154.41200 128.45500 9.59787
H 155.20700 133.23100 11.24260
C 153.37500 133.61900 9.58009
C 152.23200 130.62700 9.64929
C 155.58400 131.33200 9.65964
C 157.75100 129.00300 9.59827
H 157.34500 130.83400 11.31130
H 151.84100 132.53000 11.18920
H 154.03600 130.22300 11.30700
H 156.24400 127.83800 11.14630
C 158.80900 132.00300 9.60924
C 161.09000 129.53400 9.52776
C 164.41400 130.11800 9.49634
C 162.21000 132.56400 9.46394
H 158.56900 133.87300 11.21440
H 159.56900 128.42900 11.17270
H 160.73800 131.41700 11.09560
H 162.90100 129.02800 11.18410
H 164.02400 131.97300 11.08830
C 165.53500 133.15900 9.55643
H 169.58200 130.21000 11.29720
C 168.79000 133.75700 9.60474
H 167.30900 132.58500 11.28910
H 170.62200 133.17000 11.19040
H 166.29300 129.59000 11.04460
C 166.71000 127.81100 9.56816
C 170.04500 128.35300 9.67799
C 167.84700 130.86000 9.54671
C 171.24000 131.27500 9.69751
C 148.12300 102.10600 12.25900
C 145.86400 104.48800 12.41410
C 149.05800 105.14900 12.32900
C 144.73500 101.60400 12.37380
C 151.23900 102.58700 12.15880
C 156.83300 100.90200 12.07640
C 154.63100 103.16400 12.18450
C 152.34400 105.75800 12.39710
C 155.63800 106.16700 12.35000
C 157.95000 103.87600 12.18480
C 160.05700 101.50600 12.16900
C 163.37800 102.13600 12.28500
C 161.02400 104.50100 12.34000
C 158.94800 106.75600 12.39400
C 164.41900 105.10000 12.27720
C 166.58700 102.79200 12.30680
C 169.94300 103.37700 12.49770
C 167.64800 105.71000 12.36030
C 170.91500 106.34400 12.50910
C 146.85200 107.57200 12.36780
C 150.10500 108.05900 12.35870
C 147.94800 110.37600 12.44740
C 145.75200 112.75100 12.59940
C 149.00000 113.45700 12.58400
C 144.65900 109.85700 12.52090
C 151.19600 110.92500 12.54230
C 153.39600 108.59800 12.44950
C 154.45000 111.73400 12.55520
C 156.59700 109.16600 12.49670
C 157.79300 112.15700 12.56720
C 152.31700 114.00200 12.67330
C 162.21600 107.48700 12.36030
C 159.96000 109.78300 12.45860
C 163.34700 110.53200 12.42280
C 164.43600 113.33000 12.32840
C 161.05600 112.87400 12.47750
C 165.49300 108.15200 12.40980
C 168.72200 108.79100 12.36650
C 166.62600 111.10300 12.29780
C 169.76400 111.78500 12.39800
C 167.62400 114.07700 12.33560
C 146.76800 115.73500 12.74340
C 150.07400 116.54900 12.72530
C 147.94400 118.82100 12.74340
C 144.55900 118.16500 12.81520
C 151.12800 119.51500 12.66240
C 153.37400 117.04500 12.73970
C 155.52000 114.54600 12.61980
C 156.76000 117.62900 12.60770
C 154.49100 119.89400 12.73400
C 157.84500 120.46300 12.63910
C 162.26000 115.71500 12.39740
C 158.96800 115.33800 12.54620
C 160.04200 118.21300 12.55240
C 163.24500 118.75300 12.48510
C 165.52000 116.49100 12.47270
C 170.92800 114.52800 12.52710
C 168.75600 117.02700 12.51110
C 166.61200 119.41000 12.49130
C 169.82900 119.93900 12.63410
C 145.72800 121.11000 12.82290
C 149.02500 121.86100 12.66620
C 146.85800 124.13500 12.81740
C 150.09100 124.71300 12.69650
C 147.97500 127.07000 12.90970
C 144.54800 126.50800 12.95980
C 155.72100 122.94600 12.84790
C 152.05000 122.35300 12.66990
C 156.68100 126.01400 12.80270
C 153.30500 125.30300 12.77140
C 158.95700 123.55700 12.74900
C 164.36200 121.82800 12.58550
C 162.24200 124.18200 12.64790
C 160.13300 126.61400 12.77670
C 163.32600 127.21700 12.73510
C 161.06800 121.21400 12.64070
C 167.67800 122.44500 12.71570
C 168.74000 125.24400 12.82030
C 170.92400 122.95700 12.79160
C 165.41000 124.81400 12.72960
C 145.63700 129.52800 12.89660
C 146.73200 132.53100 12.84030
C 150.09800 133.18900 12.86040
C 149.04400 130.11600 12.97490
C 151.26900 127.71000 12.77560
C 154.44300 128.29400 12.81860
C 153.36300 133.68600 12.83750
C 157.77500 128.88500 12.84590
C 155.50700 131.41500 12.90650
C 152.29700 130.76600 12.91740
C 164.47000 130.18000 12.68940
C 162.28500 132.50400 12.76070
C 161.05700 129.65800 12.75600
C 158.96400 131.95900 12.79420
C 168.84700 133.69400 12.86350
C 171.12100 131.37900 12.89990
C 167.70000 130.65600 12.83700
C 165.43000 133.11300 12.82760
C 166.56400 127.79400 12.74730
C 169.91000 128.40600 12.95030
C 173.29800 3.85198 9.65799
C 175.45500 1.37626 9.82126
C 176.61200 4.52711 9.83961
C 174.39200 6.86468 9.73904
H 172.84600 5.66775 11.26770
H 176.11800 6.29208 11.46680
H 175.02100 3.31995 11.31660
H 177.23100 0.92768 11.52040
C 172.29100 0.89626 9.74408
H 178.32000 3.87508 11.55250
H 171.79900 2.74569 11.31150
C 178.82200 2.04029 9.91877
C 179.91600 4.97094 9.97943
C 182.19300 2.72905 9.91798
C 183.12300 5.67360 9.89294
H 181.73300 4.52225 11.52600
H 180.66900 1.56490 11.49930
H 184.89500 5.18603 11.62010
H 179.39600 6.80587 11.59540
H 183.93800 2.14691 11.59440
C 185.32600 3.36730 9.96772
C 188.67600 3.96064 10.02960
C 186.42200 6.32725 10.01980
C 190.89700 1.57547 10.06640
C 191.94300 4.58495 10.09130
C 189.68800 6.84943 9.99316
C 187.68300 0.92753 9.92612
H 191.47200 6.41148 11.71750
H 190.42200 3.41487 11.73070
H 188.17900 5.75940 11.71400
H 187.15100 2.70601 11.57030
C 194.17100 2.15070 10.09950
C 195.10700 5.12221 9.97619
C 197.31000 2.73545 10.04080
C 198.49600 5.69151 10.01810
H 194.78300 6.96589 11.59730
H 195.93200 1.59601 11.82350
H 192.61600 0.97393 11.66930
H 196.94000 4.63691 11.59500
H 193.66300 4.00107 11.72380
C 177.64400 7.39279 9.92210
C 172.17600 9.27867 9.84354
C 173.24000 12.24070 9.82534
C 176.43400 12.87270 9.77810
C 175.39000 9.86821 9.84386
H 174.99000 11.72320 11.45790
H 173.95800 8.65343 11.42960
H 177.17700 9.30488 11.49520
H 178.25400 12.28320 11.35280
H 171.83300 11.06300 11.54540
C 178.61500 10.48370 9.79224
C 180.88100 7.86430 9.89102
C 184.20400 8.67326 9.84229
C 179.69200 13.47230 9.71891
C 181.96100 10.97060 9.80932
H 183.77800 10.48420 11.47380
H 181.54700 12.89330 11.33230
H 182.71700 7.54398 11.54390
H 180.42500 9.79234 11.39040
H 184.87400 13.59010 11.48000
C 185.26500 11.72820 9.86156
C 188.67400 12.33660 9.92329
C 187.49000 9.32311 9.84658
C 191.89900 12.90780 10.00960
C 190.64500 9.99222 9.93262
H 186.00300 8.24985 11.49270
H 189.22800 8.71344 11.50980
H 190.42000 11.77980 11.64110
H 187.13700 11.22500 11.48760
C 192.98800 7.49441 9.99862
C 196.35400 8.10278 9.99788
C 195.25100 13.55680 9.90605
C 194.17100 10.49160 9.93044
C 197.42700 11.19500 9.97144
H 196.99100 12.96200 11.65190
H 193.75600 12.36940 11.48160
H 198.11500 7.54189 11.64470
H 195.91300 9.93811 11.57870
H 192.52500 9.42342 11.48400
H 172.85500 14.08050 11.39360
H 171.71700 19.42800 11.29830
C 177.55700 15.73030 9.73605
C 174.23800 15.22810 9.74572
C 175.39800 18.18390 9.70181
C 172.10700 17.54660 9.74301
H 174.96100 20.09930 11.23530
H 176.03900 14.69640 11.38520
H 173.94600 17.12640 11.35590
H 177.15300 17.65120 11.38500
H 178.31200 20.68120 11.15860
C 173.14500 20.57350 9.62043
C 183.13100 13.98480 9.75027
C 178.65300 18.68890 9.68394
C 180.82400 16.32680 9.71262
C 184.20100 16.93220 9.80346
C 181.95200 19.35170 9.60045
H 179.32500 15.26730 11.38690
H 180.49900 18.23650 11.24340
H 183.66000 18.84960 11.33370
H 182.57300 15.79740 11.36120
H 188.24600 14.13430 11.57620
C 185.20700 20.12000 9.82240
C 186.48000 14.69350 9.91033
C 189.78800 15.32060 10.02300
C 187.54000 17.64010 9.85938
C 190.83700 18.16790 9.91098
H 189.29500 17.14030 11.55230
H 190.36500 20.10920 11.40540
H 185.99700 16.52320 11.47830
H 186.99900 19.51780 11.42410
H 191.51100 14.71300 11.71130
C 188.52600 20.60790 9.77389
C 198.34800 14.13240 9.94385
C 196.26800 16.49050 9.84844
C 192.87200 15.95650 9.98982
C 193.94600 18.87650 9.99122
C 197.42600 19.34850 9.76413
H 192.53300 17.74560 11.67630
H 198.02500 15.94980 11.56640
H 195.88600 18.34030 11.39720
H 194.74300 15.38120 11.47300
H 193.65200 20.68720 11.55060
C 176.44800 21.20770 9.55523
C 174.26000 23.54750 9.62938
C 177.56800 24.18940 9.61580
C 175.43600 26.65140 9.51888
H 176.11700 23.04040 11.27200
H 173.94900 25.50900 11.14840
C 172.08100 26.03500 9.51672
H 177.16500 26.09440 11.17430
H 172.72700 22.43150 11.25320
C 178.69300 27.19220 9.61418
C 184.19700 25.47830 9.57221
C 180.89100 24.76790 9.57781
C 183.08900 22.44120 9.64157
C 179.79300 21.84320 9.55924
H 183.73300 27.27920 11.19650
H 179.41800 23.63550 11.29610
H 180.52900 26.63520 11.22130
H 182.69400 24.28210 11.18970
H 181.59900 21.21540 11.22440
H 184.74900 21.89920 11.48590
C 186.28300 22.99890 9.82214
C 187.48700 26.04140 9.75270
C 190.88100 26.64760 9.91127
C 189.75900 23.62230 9.75296
C 191.94600 21.29430 9.85147
H 185.92600 24.92270 11.33090
H 189.30800 25.45910 11.35050
H 191.45200 23.07060 11.49280
H 188.17600 22.51660 11.32340
C 194.08700 27.13200 10.01230
C 195.15900 21.82620 9.90554
C 192.99300 24.22040 9.94009
C 196.33000 24.69130 10.00890
C 198.66500 22.41950 9.94069
H 192.57400 25.99420 11.63680
H 194.72000 23.59000 11.59230
H 195.90200 26.61710 11.57230
H 198.12500 24.22280 11.61340
H 197.02100 21.23370 11.38270
H 171.71600 27.81240 11.20690
H 178.24200 29.04780 11.16970
C 174.26900 31.95160 9.59245
C 176.48800 29.62600 9.52809
C 177.57000 32.51530 9.53657
C 173.18200 28.91320 9.59294
H 175.05300 28.48740 11.18400
H 176.06300 31.40860 11.19140
H 173.80000 33.79110 11.15880
H 172.69200 30.81220 11.16130
H 181.54400 29.68960 11.22770
C 180.79300 33.15090 9.64559
C 179.78000 30.22900 9.60917
C 181.94600 27.84980 9.61097
C 183.09000 30.73670 9.62786
C 184.27700 33.67750 9.55896
H 182.72000 32.64470 11.17300
H 184.89200 30.27500 11.28000
H 179.29500 31.98610 11.28670
C 185.25200 28.46260 9.64713
H 186.01900 33.17790 11.29380
C 189.79000 31.86520 9.92510
C 188.67900 29.01980 9.88087
C 186.49900 31.32450 9.72504
H 191.46300 31.36820 11.73610
H 189.25000 33.78430 11.33340
H 187.00600 27.86750 11.34680
H 188.18400 30.82330 11.45790
H 190.41600 28.41480 11.58800
C 191.90100 29.63870 10.00720
H 198.01800 32.57920 11.72820
C 197.42000 27.86010 10.01070
H 197.04700 29.58450 11.77340
H 193.63600 29.01900 11.58560
C 192.99800 32.36470 9.99499
C 198.51300 30.74250 10.15140
H 194.81700 31.98400 11.63290
C 196.26500 33.17560 10.02000
C 195.22800 30.14210 10.06820
C 173.25700 3.89445 12.96290
C 175.33300 1.52369 13.03520
C 176.46400 4.46135 13.05620
C 174.25300 6.79518 13.01100
C 172.04100 0.93090 12.94890
C 178.81900 2.03221 13.12130
C 179.90300 4.87928 13.18940
C 182.14000 2.74885 13.17560
C 183.05600 5.75545 13.19690
C 185.36800 3.34951 13.24860
C 190.81000 1.58838 13.31880
C 191.89500 4.59730 13.38400
C 186.27600 6.48790 13.22400
C 188.57900 3.87619 13.27460
C 189.63400 6.93680 13.28250
C 187.51500 0.83870 13.19400
C 198.48800 5.68634 13.29390
C 195.14300 5.14999 13.29920
C 194.02600 2.10954 13.31290
C 197.40000 2.83853 13.31170
C 177.55900 7.49578 13.15730
C 173.25100 12.34800 13.11560
C 175.32500 9.83296 13.10130
C 176.49600 12.86350 12.98110
C 172.16000 9.16625 13.06470
C 178.67800 10.55660 13.03070
C 179.71200 13.43610 12.96070
C 180.84000 8.03810 13.15260
C 184.20000 8.66897 13.16650
C 181.84700 11.07730 12.98820
C 185.23800 11.68880 13.10480
C 188.55500 12.33350 13.19930
C 187.43500 9.43327 13.13540
C 190.71300 9.87947 13.18910
C 192.04400 12.80650 13.24330
C 193.02000 7.68493 13.22300
C 196.28300 8.08290 13.21320
C 194.03000 10.51310 13.11520
C 197.40800 11.00480 13.20970
C 195.10700 13.59880 13.16650
C 172.12300 17.50130 12.90220
C 174.31900 15.27820 13.00660
C 177.49300 15.85090 12.99970
C 175.37300 18.36880 12.97260
C 173.16500 20.56990 12.92830
C 182.96300 13.98290 13.04210
C 178.77800 18.90440 12.85910
C 180.77500 16.47500 12.95800
C 184.02700 17.02980 13.00860
C 181.83100 19.54240 12.91350
C 185.08700 19.94360 12.99190
C 186.37300 14.69030 13.14480
C 189.66900 15.33970 13.22270
C 187.48000 17.68390 13.10200
C 190.68000 18.38680 13.19140
C 188.53400 20.66770 12.98850
C 198.54200 14.13450 13.19690
C 196.18100 16.57340 13.11490
C 193.01500 15.88420 13.23520
C 194.17700 18.84530 13.12530
C 197.39600 19.43500 13.05650
C 172.15900 25.97290 12.81620
C 176.51900 21.26530 12.83700
C 174.25700 23.62100 12.82300
C 177.57500 24.33750 12.82840
C 175.37800 26.65350 12.81260
C 178.68200 27.20580 12.80180
C 179.74500 21.79910 12.85140
C 182.86000 22.51730 12.94060
C 180.92300 24.80540 12.88070
C 184.08100 25.45800 12.85950
C 191.80100 21.22570 13.10090
C 186.34800 23.05820 12.96020
C 187.43700 25.95110 12.93070
C 190.67700 26.58310 13.15300
C 189.64500 23.68290 13.06130
C 198.34900 22.34910 13.20120
C 192.87500 24.19100 13.20480
C 196.24200 24.75270 13.20480
C 194.01400 27.17140 13.19360
C 195.28600 21.69560 13.12820
C 176.47500 29.58840 12.83710
C 173.18000 28.96700 12.77610
C 174.22600 31.92000 12.75270
C 177.47400 32.62410 12.83190
C 184.18300 33.79960 12.81040
C 181.95600 27.89310 12.84130
C 183.01700 30.86430 12.85920
C 179.71900 30.15750 12.86050
C 180.91500 33.16400 12.79460
C 185.13000 28.44990 12.90080
C 189.53700 32.07250 13.14200
C 191.90900 29.52120 13.30250
C 188.42600 28.93810 13.01520
C 186.32000 31.42570 12.96660
C 196.17800 33.19190 13.31580
C 198.57300 30.68620 13.35580
C 195.12400 30.14950 13.23540
C 192.99700 32.61480 13.22210
C 197.37000 27.62460 13.28900
C 173.10200 37.23250 9.61738
C 175.24400 34.90060 9.54607
C 176.45400 37.87940 9.41321
C 174.18600 40.25860 9.45841
C 171.90400 34.36720 9.60510
H 178.19800 37.36350 11.13780
H 175.02300 36.79920 11.11910
H 172.80000 39.11690 11.12160
H 176.01700 39.70220 11.01960
H 177.17400 34.35930 11.05990
H 171.57600 36.19510 11.23130
C 178.66000 35.55980 9.47128
C 179.70700 38.44050 9.47184
C 181.95300 35.98300 9.56444
C 183.19000 39.14270 9.54557
H 180.36000 35.00910 11.23050
H 184.83900 38.61380 11.20790
H 179.36000 40.30460 11.00160
H 183.77300 35.54090 11.11960
H 181.59500 37.97570 11.08380
C 185.19400 36.80800 9.56024
C 188.62400 37.36100 9.61326
C 186.29900 39.71600 9.61692
C 190.81000 34.91450 9.74169
C 191.91600 38.02380 9.77178
C 189.66300 40.21000 9.69589
C 187.50400 34.29390 9.65405
H 187.01600 36.18310 11.11790
H 191.39900 39.77790 11.39090
H 188.09800 39.12700 11.26720
H 190.36700 36.76530 11.31210
C 194.13800 35.44340 9.89702
C 195.14200 38.45390 9.90513
C 197.35300 36.20560 9.96543
C 198.45100 39.08570 9.91322
H 192.55900 34.31670 11.46290
H 196.95200 37.96570 11.52790
H 194.81800 40.36200 11.49920
H 193.60500 37.28310 11.42510
H 195.88800 35.02240 11.60730
C 177.53200 40.84680 9.41323
C 172.05800 42.57860 9.44282
C 175.38900 43.21150 9.35239
C 173.17200 45.59680 9.42252
C 176.50100 46.29530 9.31387
H 178.26600 45.71680 11.00790
H 177.14400 42.72300 10.99450
H 175.11800 45.10310 10.97040
H 173.85100 42.15650 11.04820
H 171.58400 44.48080 10.99090
C 178.61200 43.91810 9.39068
H 182.60400 40.99070 11.09640
C 180.87500 41.53930 9.42858
C 184.16400 42.14190 9.48741
C 181.91400 44.47700 9.45954
C 179.75600 46.78520 9.42529
H 183.71600 43.96140 11.09110
H 181.55000 46.28590 11.10170
H 184.74800 46.93820 11.28210
H 180.39200 43.34800 11.05240
C 183.02300 47.46760 9.56288
C 185.31700 45.22430 9.58721
C 187.40100 42.75770 9.57029
C 190.76200 43.24870 9.74364
C 188.69100 45.77490 9.66144
H 187.10100 44.60150 11.18640
C 191.79400 46.17400 9.75114
H 185.93900 41.60360 11.21160
H 190.33900 45.07930 11.43540
H 189.19600 42.11230 11.24270
C 193.01300 40.90830 9.89157
C 196.19400 41.51260 9.79064
C 194.02100 43.78990 9.76275
C 197.37200 44.48430 9.76893
C 195.14000 46.91790 9.78657
H 195.87800 43.36130 11.39340
H 198.00200 40.95500 11.47830
H 193.67400 45.67870 11.38040
H 192.51800 42.75770 11.45350
H 196.96700 46.27940 11.39070
H 172.68100 47.40920 10.96270
C 177.61400 49.32180 9.38641
C 174.14300 48.64730 9.35971
C 175.44600 51.50740 9.39248
C 172.00400 51.04910 9.47022
H 177.21100 51.09600 11.11120
H 174.98100 53.45410 10.93680
H 173.87700 50.46700 11.07080
H 176.07100 48.11850 10.88440
H 178.24200 54.13530 11.10260
C 173.12400 53.99690 9.47720
H 171.70300 52.85820 11.18460
C 178.68000 52.23980 9.52466
C 180.81700 49.91340 9.55568
C 184.13100 50.42110 9.61049
C 181.80600 52.88630 9.72630
H 180.40000 51.69710 11.24140
H 179.37900 48.61450 11.03250
H 182.58100 49.30160 11.16980
H 183.67500 52.22630 11.26760
C 185.10900 53.45540 9.67174
C 186.27800 48.10440 9.71727
C 189.61100 48.67440 9.67662
C 187.35000 50.91940 9.74754
C 190.67000 51.55020 9.67942
H 185.81000 49.82700 11.34400
H 188.11200 47.57250 11.31570
H 186.89200 52.82380 11.23570
C 188.61200 53.83630 9.67459
H 189.23800 50.51110 11.35290
H 190.43100 53.44570 11.28710
H 191.40300 48.03800 11.30350
C 198.49500 47.40530 9.84923
C 196.32400 49.81330 9.76811
C 193.04900 49.07010 9.68195
C 194.18100 52.06410 9.61959
C 197.56000 52.69990 9.68898
H 192.59800 50.95810 11.19720
H 195.96100 51.69410 11.31870
H 194.79000 48.69900 11.45820
H 198.02000 49.25070 11.46570
H 193.65100 53.92330 11.21520
C 172.01200 59.27900 9.47796
C 176.47200 54.73730 9.42264
C 174.12800 57.02670 9.46476
C 177.64200 57.64570 9.55682
C 175.39600 59.92160 9.49766
H 175.98800 56.54310 11.04680
H 172.73600 55.82480 11.12300
H 173.84900 58.84220 11.08430
H 177.16400 59.48500 11.16770
C 178.73500 60.48660 9.58115
C 184.16100 58.74060 9.73155
C 182.97200 55.86180 9.76180
C 180.87400 58.19540 9.73528
C 179.83300 55.25380 9.58051
H 180.45000 60.02770 11.32480
H 181.46200 54.71910 11.41070
H 182.66900 57.70860 11.44190
H 179.34100 57.06970 11.22080
H 183.82200 60.61800 11.27200
H 184.72000 55.18340 11.42470
C 190.79100 59.67990 9.52752
C 189.74800 56.76980 9.66777
C 186.30000 56.28790 9.79930
C 187.45400 59.27740 9.68561
C 191.94100 54.59560 9.66038
H 185.98100 58.17110 11.39290
H 188.15200 55.71070 11.32400
H 189.29400 58.65270 11.18170
H 191.56700 56.40800 11.30090
C 195.30200 54.98240 9.67205
C 193.01200 57.44910 9.53356
C 196.19300 58.10530 9.52733
C 198.58100 55.75470 9.60794
C 193.96100 60.51080 9.50611
H 192.64900 59.29490 11.15020
H 194.77300 56.88090 11.18800
H 197.10400 54.62690 11.29490
H 198.06400 57.64280 11.10040
H 195.81500 59.97980 11.08090
H 171.64800 61.14710 11.04970
C 177.71700 65.81520 9.47003
C 174.47600 65.15620 9.33132
C 176.57600 62.79500 9.48605
C 173.21900 62.11340 9.38552
H 178.42100 62.38300 11.10370
H 172.78100 64.10290 10.74380
H 174.98500 61.80830 11.08260
H 173.95700 67.03880 10.90260
H 176.26200 64.70010 11.05040
H 184.91700 63.52490 11.06250
C 183.01500 64.01440 9.56707
C 181.99000 61.08300 9.69308
C 179.96500 63.52480 9.51941
H 179.46400 65.29270 11.14280
H 181.61600 62.96150 11.30460
C 180.86500 66.46770 9.52357
C 184.04300 67.08540 9.42332
H 182.67800 65.94050 11.10360
C 191.93800 62.79870 9.40818
C 185.33100 61.67470 9.58458
H 190.37100 61.68890 10.97340
H 185.95100 66.52320 11.00930
H 189.32400 67.07810 11.02250
H 188.15400 64.08070 10.97410
H 191.47400 64.69610 10.96290
C 188.51900 62.11620 9.46481
C 189.66000 65.26710 9.38253
C 186.33800 64.64450 9.37630
H 187.11200 61.13470 11.26400
H 193.68100 62.35220 11.21240
C 198.50400 64.15260 9.47462
C 195.17500 63.38620 9.56498
C 197.36300 61.12360 9.49297
H 198.12200 65.92710 11.14110
H 197.06300 62.96360 11.11380
C 193.05900 65.93440 9.45698
C 196.31700 66.35650 9.53291
H 194.78500 65.27900 11.15150
C 173.17300 37.30790 12.74300
C 175.31400 34.88210 12.68020
C 176.45300 37.97510 12.79350
C 174.20700 40.27400 12.68190
C 172.06600 34.32410 12.81770
C 178.49400 35.59090 12.80570
C 179.72700 38.59130 12.68130
C 181.97600 36.21360 12.75790
C 182.95600 39.18220 12.74340
C 185.25600 36.76110 12.70270
C 188.43200 37.27410 12.85450
C 186.29300 39.70220 12.83060
C 190.68700 34.97070 12.99310
C 191.77000 37.95980 12.98230
C 189.52300 40.30030 12.94610
C 187.43800 34.45740 12.84590
C 193.96400 35.47550 13.10610
C 195.07700 38.51200 13.06080
C 197.35300 36.24250 13.20540
C 198.32900 39.16630 13.16550
C 177.56200 40.90270 12.59490
C 172.07600 42.70460 12.69000
C 175.33900 43.29010 12.67850
C 173.21100 45.59600 12.55410
C 176.53500 46.35840 12.61730
C 178.60200 43.94490 12.64130
C 180.76000 41.48830 12.64310
C 184.02900 42.11230 12.77780
C 181.89500 44.46610 12.72630
C 179.70400 46.79630 12.69040
C 185.18900 45.04900 12.76440
C 187.42000 42.76800 12.83220
C 190.62400 43.19280 13.00930
C 188.40700 45.69540 12.94010
C 191.86200 46.26790 12.98990
C 192.91000 40.80290 13.02100
C 196.15600 41.56130 13.10450
C 194.07500 43.86240 13.05050
C 197.36900 44.51610 13.09080
C 195.13200 46.77190 12.99600
C 172.00400 50.96260 12.66420
C 177.51400 49.21350 12.63650
C 174.24100 48.62650 12.53400
C 175.31100 51.68840 12.65280
C 173.27000 54.00680 12.71650
C 178.64000 52.28640 12.80930
C 182.92200 47.44980 12.80930
C 180.77800 49.76330 12.73420
C 184.01800 50.33830 12.87130
C 181.92000 52.83380 12.89090
C 185.13900 53.27610 12.95780
C 186.25600 47.98210 12.90960
C 189.61400 48.65160 12.97040
C 187.31200 50.97050 12.89280
C 190.87600 51.56620 12.88860
C 188.54400 53.72820 12.86660
C 198.39400 47.40470 13.08730
C 196.21200 49.91750 13.06350
C 192.88400 49.19700 12.95860
C 194.05300 52.11060 12.87820
C 197.43700 52.79990 12.99500
C 172.05800 59.39890 12.67020
C 176.39100 54.65550 12.65100
C 174.20100 57.07400 12.71120
C 177.46500 57.62960 12.74640
C 175.26000 59.99670 12.72710
C 180.84200 58.18400 12.93580
C 184.21400 58.86850 12.99560
C 182.93700 55.84060 13.06330
C 179.55900 55.23490 12.89180
C 178.59100 60.62990 12.80650
C 190.86700 59.88860 12.70010
C 186.34800 56.28210 13.01430
C 189.69500 56.85460 12.88210
C 187.60400 59.34760 12.88800
C 191.98100 54.58990 12.89170
C 194.05500 60.46510 12.77880
C 196.26200 58.18340 12.71880
C 195.17600 55.09450 12.81060
C 193.06200 57.50430 12.89580
C 198.47500 55.91680 12.88580
C 173.17700 62.43280 12.56870
C 176.56800 62.88060 12.67630
C 174.27900 65.14510 12.40690
C 177.65800 65.95100 12.68540
C 184.17800 67.09930 12.69690
C 179.78900 63.63310 12.83720
C 181.97900 61.15650 12.90230
C 180.88000 66.52810 12.72060
C 183.24300 64.12990 12.73260
C 185.32200 61.83660 12.83470
C 189.64800 65.23320 12.59550
C 191.78000 62.91640 12.69900
C 186.39400 64.75240 12.65590
C 188.71200 62.40330 12.69280
C 195.25400 63.48230 12.79010
C 198.45000 64.13710 12.81060
C 196.35500 66.48150 12.73780
C 192.91300 65.84370 12.66930
C 197.26500 61.04840 12.72630
C 173.32000 70.45060 9.14668
C 175.48200 68.18630 9.27101
C 176.42400 71.14310 9.18039
C 174.30800 73.52790 8.98543
C 172.25800 67.59120 9.21195
H 172.82400 72.41210 10.59660
H 175.99900 72.99100 10.75460
H 178.24200 70.70030 10.85360
H 177.17900 67.72060 11.00390
H 175.05300 69.99830 10.90370
H 171.71800 69.44610 10.81430
C 178.70700 68.84430 9.35593
C 179.84400 71.88940 9.36176
C 181.87500 69.51290 9.45057
C 182.98500 72.41800 9.36683
H 184.93900 71.86270 10.81620
H 181.53700 71.31410 11.09340
H 180.45000 68.35140 11.08390
H 179.37100 73.73210 10.96100
H 183.70600 68.92670 11.08090
C 185.26900 69.96900 9.35030
C 187.51300 67.57040 9.36633
C 188.68100 70.67620 9.33500
C 186.50200 72.96660 9.30748
C 190.80800 68.18480 9.39917
C 192.01300 71.12150 9.45766
C 189.65600 73.73380 9.46201
H 187.15200 69.48110 10.92010
H 191.47100 72.97740 11.02500
H 188.18700 72.44270 11.05530
H 190.39500 70.03580 11.04430
C 194.09600 68.81670 9.49039
C 195.13300 71.86280 9.44213
C 197.32200 69.44830 9.40632
C 198.48900 72.43420 9.41367
H 196.98200 71.29680 11.04980
H 193.79900 70.65440 11.16570
H 194.76500 73.74110 10.97720
H 192.54900 67.69650 11.08400
H 195.87700 68.22600 11.05800
C 177.60100 74.15420 9.21251
C 173.24100 79.02780 8.97735
C 176.49600 79.40780 9.15647
C 175.45200 76.59390 9.03839
C 172.13900 75.91260 8.87955
H 177.08200 76.00780 10.78450
H 178.26600 78.98620 10.86810
H 174.91800 78.37690 10.62810
H 173.85500 75.41090 10.60230
H 171.64800 77.83180 10.38770
C 178.81400 77.13120 9.35208
H 182.70800 74.26850 10.99040
C 180.93000 74.80430 9.31294
C 184.16400 75.41970 9.31104
C 179.80800 80.21720 9.32166
C 182.08600 77.83320 9.33673
H 184.91500 80.21200 10.99010
H 181.57800 79.69020 10.96310
H 183.85800 77.28300 10.89980
H 180.62200 76.64710 11.03220
C 185.40400 78.40980 9.30062
C 188.66300 78.88370 9.55586
C 187.54700 76.03510 9.43332
C 190.82700 76.75150 9.56809
H 189.31700 75.55310 11.11090
H 190.44600 78.50780 11.26420
H 187.03900 77.81670 11.09070
H 185.96600 74.84260 10.91200
C 191.82900 79.61730 9.50653
C 192.87300 74.34700 9.42007
H 198.10200 74.27900 11.01330
C 196.35800 74.95640 9.44104
C 195.32000 79.99890 9.58874
C 194.05500 77.07830 9.62878
C 197.54600 77.80440 9.55083
H 192.51100 76.02770 11.27850
H 197.13400 79.59600 11.26720
H 196.00100 76.69910 11.15080
H 193.64600 79.00210 11.14860
H 172.78300 80.77930 10.65210
C 172.15700 84.19100 9.02511
C 177.60500 82.52370 9.25430
C 174.23000 82.00870 9.08940
C 175.39100 84.90840 9.07757
H 177.09500 84.36200 10.80480
H 176.00200 81.29550 10.71430
H 173.90900 83.79620 10.73380
H 174.98500 86.72590 10.67910
H 178.29400 87.25760 10.79490
H 171.73400 86.09250 10.55830
C 173.28300 87.34350 9.02204
C 183.06800 80.76050 9.30859
C 178.69900 85.37370 9.24502
C 180.77100 83.00060 9.37012
C 184.22100 83.83310 9.32587
C 181.97200 86.07320 9.34176
H 179.25000 81.96990 10.98120
H 182.68900 82.61570 10.86820
H 183.75800 85.54050 10.98830
H 180.46200 84.92050 10.92830
H 188.26000 80.87070 11.00490
C 185.41200 86.60040 9.46248
C 186.40800 81.41640 9.37307
C 189.79800 82.05510 9.42789
C 187.55200 84.37080 9.42872
C 190.83000 85.06520 9.50120
H 191.58400 81.43480 11.06610
H 189.34500 83.87220 11.09250
H 190.39000 86.71540 11.29460
H 185.96800 83.24340 11.00280
H 187.18300 86.12360 11.08090
C 188.68400 87.33840 9.59440
C 198.53000 80.75980 9.58862
C 196.39900 83.13600 9.58330
C 193.10800 82.57880 9.49505
C 194.18400 85.56020 9.62614
C 197.41700 86.12040 9.59254
H 198.23200 82.57130 11.21050
H 194.88200 81.89460 11.15160
H 192.62700 84.37150 11.14080
H 195.95800 84.91580 11.20560
H 193.74400 87.33600 11.33210
C 172.24000 92.67190 8.96175
C 176.56600 87.86320 9.12891
C 175.45900 93.26020 9.17721
C 177.62200 90.93170 9.23056
C 174.30900 90.29100 9.10733
H 177.21200 92.70830 10.93280
H 173.89300 92.11130 10.70040
H 176.15200 89.68180 10.71060
H 172.75000 89.14990 10.63710
C 178.80100 93.80850 9.33357
C 179.71900 88.51120 9.25825
C 183.01800 88.88460 9.39726
C 180.82100 91.39940 9.37512
C 184.27100 91.97920 9.47752
H 184.89300 88.48610 11.00890
H 182.66400 90.77620 10.96120
H 181.43700 87.87320 10.95260
H 180.56700 93.25640 11.05200
H 179.31300 90.28100 10.94490
H 183.74800 93.79760 11.13410
C 190.64700 93.23590 9.61854
C 191.91100 87.85460 9.73210
C 186.52500 89.67010 9.48753
C 189.73000 90.16630 9.64821
C 187.46200 92.63950 9.56879
H 189.25000 91.99360 11.24880
H 186.00800 91.39670 11.17510
H 188.16500 89.10230 11.21310
H 191.51300 89.70100 11.27770
C 194.12800 93.93210 9.66594
C 192.88300 90.85880 9.55802
C 195.12100 88.48620 9.69914
C 196.28100 91.48110 9.64838
C 198.42900 89.01240 9.63886
H 192.53600 92.73510 11.15610
H 198.02100 90.86910 11.27190
H 196.98700 87.87340 11.27370
H 194.78400 90.41740 11.22030
H 195.93800 93.32950 11.28310
C 176.59000 96.17910 9.21137
C 174.39100 98.66050 9.25025
C 177.80200 99.25400 9.36351
C 173.26100 95.63920 9.11203
H 174.97100 95.05740 10.80760
H 178.41100 95.65460 10.89260
H 172.82300 97.47710 10.76100
H 176.18700 98.02140 10.84580
H 173.96800 100.41900 11.00100
H 171.74500 94.46160 10.67280
H 179.44700 98.67820 11.02790
H 182.67400 99.25520 11.12510
H 181.62900 96.31110 11.13790
H 184.90800 96.80090 11.12530
C 182.04700 94.48200 9.48169
C 180.96800 99.78580 9.39638
C 183.11000 97.42120 9.48408
C 184.27900 100.43600 9.61754
C 179.92500 96.91030 9.42032
C 185.27200 94.97200 9.50896
H 186.98600 94.43770 11.20830
H 190.39100 95.05830 11.29590
C 188.58700 95.56940 9.68827
C 191.84700 96.32340 9.66963
C 186.38600 98.10810 9.54795
C 189.63900 98.53870 9.65089
H 189.24800 100.39000 11.26970
H 188.15700 97.43660 11.28040
H 191.51800 98.03810 11.22290
H 186.01900 99.81990 11.25670
C 193.08300 99.22050 9.75328
C 197.34800 94.52850 9.71725
C 195.24100 96.76020 9.71752
C 198.52600 97.52160 9.95384
C 196.42300 99.77930 9.96229
H 193.66500 95.68230 11.33060
H 197.00900 96.28770 11.44040
H 194.85200 98.55450 11.37430
H 198.15200 99.25560 11.69110
C 173.18500 70.64230 12.40050
C 175.36400 68.23660 12.60560
C 176.40700 71.21140 12.46010
C 174.18700 73.63200 12.30290
C 172.06000 67.62050 12.44940
C 178.62300 68.95700 12.61290
C 179.65500 71.82210 12.57650
C 181.94700 69.49150 12.71330
C 183.19000 72.37180 12.52560
C 185.31900 70.09710 12.52890
C 187.48600 67.66520 12.61390
C 188.52800 70.57370 12.65260
C 186.30500 73.00930 12.58260
C 190.71600 68.25300 12.70120
C 191.92900 71.09730 12.70220
C 189.72800 73.58910 12.66750
C 194.09900 68.74760 12.71350
C 195.23000 72.00320 12.71320
C 197.31500 69.45760 12.66970
C 198.53300 72.38140 12.66990
C 177.42300 74.22870 12.42000
C 173.04000 78.93320 12.16600
C 175.16800 76.55050 12.28700
C 176.30800 79.45830 12.36620
C 171.95700 76.00730 12.05030
C 178.61300 77.11730 12.45590
C 180.86800 74.79190 12.63080
C 184.21300 75.48800 12.56330
C 182.10600 77.90870 12.57920
C 179.73900 80.11350 12.56250
C 185.20600 78.46180 12.63890
C 188.46700 79.01330 12.71970
C 187.37600 75.89850 12.67490
C 190.73000 76.63940 12.91000
C 191.99200 79.69980 12.81580
C 193.03700 74.10460 12.73690
C 196.22900 74.80360 12.67940
C 194.19500 77.17280 12.74820
C 195.22400 80.05360 12.77350
C 197.57200 77.73950 12.85450
C 172.03600 84.29490 12.22710
C 174.17200 81.94100 12.29960
C 177.32000 82.49100 12.44760
C 175.29900 84.95060 12.36990
C 173.13600 87.29660 12.19750
C 183.06400 80.83690 12.56800
C 178.64400 85.44370 12.42750
C 180.87300 83.08290 12.50020
C 184.13600 83.70490 12.62220
C 181.90800 86.03300 12.57770
C 185.27000 86.65730 12.58590
C 186.41000 81.42750 12.59060
C 189.75200 81.95720 12.63210
C 187.50700 84.27720 12.65820
C 190.84300 84.83470 12.78980
C 188.50400 87.25760 12.81240
C 198.61900 80.82170 12.88960
C 196.37600 83.06190 12.76160
C 193.05600 82.49420 12.73320
C 197.43800 86.06970 12.85950
C 194.24500 85.38190 12.80880
C 172.01600 92.57250 12.22670
C 175.28000 93.18540 12.44910
C 176.45100 87.85400 12.32870
C 177.44700 90.83230 12.51310
C 174.25900 90.21140 12.25650
C 178.68500 93.87390 12.57460
C 179.55300 88.44440 12.52700
C 184.07200 91.88960 12.69940
C 180.81200 91.37090 12.58400
C 182.97300 88.93040 12.59880
C 190.76500 93.14320 12.86270
C 189.66500 90.14990 12.87590
C 186.29000 89.49710 12.78800
C 191.92800 87.82990 12.91300
C 187.37000 92.58750 12.81180
C 198.48600 89.05250 12.86050
C 196.27000 91.49400 12.93510
C 192.99200 90.91070 12.84550
C 194.04800 93.80410 12.84810
C 195.19700 88.60660 12.86200
C 177.58400 99.06680 12.58980
C 174.32600 98.48620 12.48870
C 176.45900 96.08670 12.43320
C 173.14700 95.62230 12.36970
C 184.14100 100.35700 12.83960
C 181.97700 94.52080 12.74740
C 180.83800 99.83720 12.70410
C 183.14100 97.41800 12.76000
C 179.76200 96.87500 12.67140
C 185.22900 94.91810 12.78370
C 189.66700 98.44340 12.85880
C 188.57100 95.46600 12.84980
C 191.84500 96.23640 12.92040
C 186.26700 97.91270 12.87440
C 196.17800 99.71270 13.15540
C 197.36200 94.39290 13.00550
C 195.15300 96.72350 13.03530
C 192.99300 99.05590 12.96420
C 198.39500 97.40710 13.17480
C 173.23900 104.05000 9.32658
C 175.43300 101.58900 9.37155
C 176.57300 104.66900 9.42349
C 174.31600 107.09200 9.41062
C 172.23100 100.94500 9.34871
H 177.15800 100.98200 11.10110
H 175.02400 103.44900 10.97150
H 172.89300 105.82300 11.03740
H 176.04500 106.48700 11.05380
H 178.31000 103.95000 10.99670
H 171.76600 102.84400 10.92870
C 178.67600 102.02200 9.42115
C 179.78900 105.14100 9.40865
C 182.14500 102.81900 9.52721
C 183.17500 105.70100 9.57374
H 184.85500 105.21900 11.35690
H 180.56900 101.64400 11.01800
H 183.78900 102.24600 11.27580
H 181.53700 104.63800 11.14100
H 179.29900 106.91800 11.08890
C 185.27800 103.43600 9.70086
C 188.58100 103.95700 9.74197
C 186.38200 106.32500 9.76480
C 190.88100 101.52300 9.73668
C 191.99800 104.56200 9.79228
C 189.87700 106.91700 9.91083
C 187.48100 101.05400 9.60788
H 187.09300 102.79800 11.36300
H 191.52300 106.29900 11.48900
H 188.19900 105.79100 11.37570
H 190.40300 103.36700 11.27070
C 194.17700 102.10700 9.92128
C 195.21400 105.19300 9.92978
C 197.53500 102.68200 10.08200
C 198.55600 105.70500 10.09730
H 192.61000 100.98300 11.49580
H 193.71500 104.00400 11.46430
H 195.91000 101.55500 11.63540
C 177.55000 107.64900 9.50202
C 175.51400 109.92300 9.46487
C 173.30000 112.22600 9.35352
C 176.55600 112.92500 9.51651
C 172.21400 109.27500 9.28397
H 177.18700 109.41000 11.21460
H 173.90100 108.89200 11.10100
H 178.33600 112.36600 11.16810
H 175.00600 111.74600 11.05750
H 171.59500 111.16600 10.83530
C 178.73200 110.49400 9.56660
C 180.89700 108.04900 9.53709
C 184.34400 108.61200 9.65400
C 181.99900 111.10200 9.57106
C 179.73500 113.43200 9.36874
H 183.83000 110.48800 11.19960
H 182.68800 107.53200 11.17990
H 180.43100 109.91200 11.19510
H 181.68000 112.89500 10.85810
H 185.04500 113.50000 11.29980
C 185.48300 111.62300 9.71711
C 187.59700 109.19600 9.79192
C 190.85600 109.93500 9.95980
C 188.78400 112.19600 9.91381
H 186.01300 108.18800 11.38320
H 189.33000 108.70300 11.52470
H 187.19300 111.04400 11.39260
C 192.10700 112.90600 10.09800
C 193.04700 107.47400 9.94200
C 196.41000 108.14400 10.10920
C 194.19400 110.46900 10.00210
C 197.45700 111.03900 10.19110
C 195.30900 113.35000 10.10420
H 172.77900 114.11700 10.92650
H 171.77400 119.45600 11.07460
C 177.57000 115.89000 9.47958
C 174.27700 115.31400 9.40672
C 175.45600 118.35800 9.57863
C 172.20600 117.65400 9.43336
H 177.19600 117.63600 11.17960
H 173.92900 117.08600 11.15170
H 176.02500 114.75300 11.11380
H 174.99400 120.18400 11.11890
H 178.30500 120.58800 11.31970
C 173.18100 120.70900 9.45538
C 183.33500 114.09400 9.54570
C 178.72300 118.80200 9.63767
C 181.01000 116.55100 9.44349
C 184.28100 117.05300 9.68263
C 182.14500 119.47000 9.67201
H 180.57600 118.30100 11.19180
H 179.52700 115.32800 10.92820
H 182.66200 115.85300 11.18340
H 183.74900 118.77000 11.38020
C 185.40800 120.01400 9.91091
C 186.61300 114.63400 9.71088
C 189.84400 115.20000 9.98907
C 187.65800 117.60500 9.86100
C 191.01500 118.13000 10.04230
H 186.05800 116.48600 11.33340
C 188.91800 120.50000 9.98657
H 187.26100 119.47700 11.50450
C 198.73600 114.07200 10.30600
C 196.43400 116.37500 10.23990
C 193.15200 115.77600 10.04040
C 194.28200 118.71000 9.96761
C 197.41500 119.41000 10.25360
C 176.57100 121.24000 9.57269
C 174.38700 123.60800 9.59127
C 177.81400 124.19500 9.71117
C 175.60200 126.63300 9.69844
C 172.14100 126.09100 9.66377
H 172.80000 122.48200 11.18140
H 176.17500 123.03700 11.25620
H 173.98200 125.45900 11.17900
H 177.36400 125.97400 11.31810
C 178.85500 127.16800 9.66178
C 184.34600 125.31200 9.86303
C 183.18500 122.42500 9.78988
C 181.06100 124.69700 9.82953
C 179.86300 121.70700 9.75783
H 179.51200 123.55300 11.39990
H 181.68000 121.26000 11.36580
H 185.03400 121.78800 11.28840
H 180.57600 126.57600 11.32040
H 182.85100 124.17600 11.45510
H 183.89400 127.13400 11.50400
C 191.96500 121.13600 10.00330
C 190.85700 126.50800 9.98077
C 186.64000 122.93600 9.87363
C 187.63700 125.85600 9.93745
C 189.81200 123.51300 9.90988
H 186.10900 124.76000 11.54810
H 189.38200 125.32800 11.58550
H 188.40100 122.40600 11.53240
C 195.43600 121.83700 10.03020
C 198.38700 122.41300 10.08560
C 194.10700 127.19100 10.01860
C 196.32900 124.83600 10.02660
C 193.08200 124.10300 9.94305
H 171.78300 127.80000 11.38830
C 174.39600 131.89300 9.81525
C 176.66000 129.54100 9.85411
C 173.31500 128.83100 9.79103
C 177.62700 132.49800 9.86503
H 172.92900 130.69800 11.38220
H 175.16000 128.35700 11.42880
H 178.50500 128.95600 11.43520
H 173.96200 133.70600 11.48190
H 176.16500 131.35700 11.51950
H 181.74300 129.52500 11.38010
H 182.75100 132.52900 11.40170
H 179.53300 131.98700 11.45210
C 179.95300 130.19300 9.77181
C 180.96300 133.19400 9.76931
C 183.29400 130.66900 9.83051
C 184.20000 133.69700 9.85942
C 182.17600 127.68700 9.79249
H 185.04900 130.09600 11.51340
H 187.17200 127.73000 11.56790
H 188.30500 130.72200 11.58940
C 185.38500 128.28100 9.85375
H 186.08500 133.11800 11.41180
C 188.73200 128.92600 9.97413
C 191.99700 129.55000 10.05970
C 189.87600 131.93400 10.00000
C 186.53600 131.29300 9.86684
H 189.39500 133.73100 11.68300
H 191.61700 131.35900 11.72240
H 190.57300 128.32000 11.58280
C 193.06900 132.54300 10.10110
C 195.16500 130.27200 10.05450
C 196.32600 133.09400 10.16960
C 198.61000 130.89400 9.94740
C 197.45200 127.77700 9.89536
H 194.82100 132.04400 11.80660
H 198.17800 132.57800 11.68530
C 173.21000 103.97600 12.61500
C 175.31300 101.58500 12.65290
C 176.52400 104.57500 12.60870
C 174.26100 107.00400 12.71200
C 172.09800 100.94800 12.55800
C 178.70200 102.13300 12.62610
C 179.74300 105.05700 12.71840
C 181.89200 102.79200 12.75560
C 182.94500 105.73000 12.85930
C 185.26400 103.30800 12.93990
C 187.47500 100.91600 12.93120
C 188.59900 103.95700 12.92970
C 190.65300 101.57600 12.96090
C 191.85800 104.41200 13.04760
C 186.36900 106.38100 12.95090
C 189.71400 106.82700 13.08030
C 194.02800 102.18500 13.12790
C 195.09400 105.11200 13.17440
C 197.37200 102.72000 13.27410
C 198.45400 105.63600 13.34100
H 194.81600 106.95500 11.58800
H 197.01000 104.54900 11.62690
C 177.54500 107.47300 12.73800
C 171.96900 109.40800 12.55160
C 175.36400 109.93900 12.76230
C 173.08000 112.23300 12.55520
C 176.48600 112.94200 12.72380
C 178.63900 110.50300 12.83660
C 180.78700 108.01000 12.75790
C 184.13100 108.70000 12.89270
C 179.95400 113.51000 12.55940
C 181.97100 111.16700 12.67310
C 185.30900 111.58700 12.89780
C 190.78900 109.78100 13.18650
C 188.55700 112.15400 13.13040
C 191.96700 112.89000 13.30810
C 187.46200 109.25000 13.07870
H 190.51900 111.74600 11.68860
C 192.97600 107.35800 13.19000
C 196.25800 108.06700 13.31850
C 194.01100 110.36100 13.34950
C 197.34700 111.07400 13.36180
C 195.27600 113.38900 13.36780
H 198.11900 107.49000 11.78790
H 195.90300 109.93600 11.74610
H 197.06000 112.91900 11.74670
H 193.78300 112.20900 11.74160
H 192.62200 109.28800 11.58000
C 172.06600 117.56400 12.69140
C 174.11800 115.18200 12.71710
C 175.45000 118.30100 12.75140
C 177.71700 115.68600 12.65690
C 173.17200 120.67700 12.80380
C 183.07500 113.89900 12.66960
C 178.70100 118.67200 12.87610
C 184.11300 116.82400 12.90300
C 180.84600 116.39900 12.75780
C 181.93600 119.37000 12.96970
C 185.27600 120.00800 12.95310
H 188.25000 114.06100 11.51100
C 190.91500 118.08300 13.27770
C 186.41900 114.72100 13.00740
C 189.64800 115.15200 13.17520
C 187.48000 117.64800 13.08080
C 188.68700 120.61700 13.19630
H 190.57500 119.96800 11.71410
H 191.58500 114.72400 11.66700
H 189.40600 117.06900 11.54800
C 198.54600 113.99600 13.44010
C 196.30700 116.38100 13.33140
C 193.10400 115.79200 13.31280
C 197.50000 119.35900 13.42600
C 194.10300 118.87700 13.31470
H 193.86300 120.59700 11.50320
H 198.19900 115.88300 11.87070
H 194.89600 115.19700 11.71170
H 195.93100 118.25800 11.83390
H 192.77900 117.60100 11.63660
C 175.50400 126.43300 12.92250
C 172.17500 125.86300 12.88420
C 177.62600 124.08100 12.93370
C 176.47500 121.19300 12.89020
C 174.32000 123.65600 12.79200
C 178.85200 127.09600 13.01910
C 184.29300 125.31700 13.13700
C 180.98400 124.68900 12.95950
C 183.27500 122.28000 12.95860
C 179.81700 121.64700 12.95440
C 189.77700 123.49200 13.26380
C 191.99100 121.12300 13.10290
C 186.47600 122.85300 13.01900
C 187.58400 125.93100 13.19970
C 190.81400 126.52200 13.21650
H 191.53900 123.02200 11.55510
C 192.95200 124.13200 13.24780
C 196.25900 124.92400 13.18410
C 194.17300 127.13400 13.15700
C 198.53300 122.47300 13.38720
C 195.19500 121.78600 13.26720
H 198.13600 124.25100 11.65020
H 192.63100 125.95900 11.58010
H 195.99900 126.66300 11.58580
H 194.80100 123.61400 11.60530
H 197.10900 121.22900 11.85330
C 173.32600 128.90200 13.02130
C 176.69300 129.47000 13.05340
C 177.73900 132.46600 13.10910
C 174.28300 131.84900 13.08840
C 184.28000 133.61100 13.08200
C 183.17400 130.64200 13.05370
C 181.04000 133.13400 13.11450
C 181.96900 127.65100 13.02700
C 179.96600 130.18100 13.06220
C 185.35100 128.29300 13.15660
C 191.99700 129.45400 13.25320
C 188.66500 128.83500 13.17540
C 189.78400 131.85000 13.28720
C 186.46500 131.34000 13.15810
C 195.37000 130.15400 13.19790
C 196.47000 133.04900 13.35760
C 192.94900 132.63800 13.37680
H 193.81800 128.98600 11.67130
H 197.08900 129.66300 11.47770
C 198.52200 130.71500 13.20490
C 197.43400 127.82400 13.14130
C 204.10600 4.00259 10.19080
C 205.07700 6.99647 10.12670
C 200.74300 3.27421 10.16450
C 201.95100 6.34536 10.05700
C 203.04700 0.95972 10.22450
H 203.62600 5.86346 11.74360
H 200.35000 5.22954 11.65950
H 202.61700 2.86005 11.78860
H 199.18800 2.17448 11.67860
C 206.18700 1.55046 10.19170
C 209.45600 2.19821 10.10490
C 207.27400 4.52106 10.17860
C 210.57300 5.12771 10.10760
H 210.17600 7.00109 11.74690
H 205.82900 3.38312 11.87420
H 206.90200 6.36457 11.73600
H 209.09100 3.94853 11.76690
H 211.24600 1.54321 11.73150
H 207.99200 1.00812 11.76640
H 212.37700 4.63710 11.72060
C 212.76300 2.79198 10.14750
C 216.08500 3.39443 10.09090
C 213.99400 5.78542 10.11410
C 217.12800 6.54150 10.06210
C 218.29000 0.99724 10.08980
H 214.64300 2.25568 11.75920
H 218.95600 5.81757 11.55380
H 215.69200 5.30404 11.73510
H 217.89900 2.84406 11.72160
C 225.81100 5.17895 10.01100
C 219.40600 4.02976 10.05310
C 221.54800 1.60022 10.07730
C 224.79700 2.26981 10.01870
C 222.55900 4.55268 10.03740
C 220.52700 7.05550 9.97537
H 225.61100 7.05620 11.65340
H 222.24200 6.42838 11.64520
H 224.39200 4.08089 11.73720
H 223.35700 1.06011 11.67440
H 221.17100 3.38398 11.73310
C 203.96800 12.33900 10.07350
C 202.89800 9.31756 10.11120
C 200.70600 11.70460 9.88588
C 199.63900 8.61487 9.98888
H 204.68600 8.78087 11.80630
H 199.22800 10.51410 11.49230
H 200.27800 13.54990 11.48240
H 201.49000 8.22687 11.56850
H 202.45700 11.24350 11.65820
H 205.76100 11.77750 11.70750
C 208.40400 7.48648 10.07770
C 206.19500 9.85506 10.11950
C 211.60800 8.08110 10.03180
C 209.40000 10.53690 9.93527
C 207.15600 12.91860 10.03010
C 210.47000 13.52780 9.89906
H 211.24300 9.96339 11.53010
H 209.03800 12.38890 11.55890
H 208.01600 9.38140 11.68670
H 212.38600 12.95730 11.41550
C 212.87600 11.03870 9.97532
C 214.96600 8.83438 10.12690
C 216.12900 11.72320 10.11480
C 218.14500 9.47427 10.10970
H 213.41000 7.67221 11.67770
H 214.63100 10.63090 11.71270
H 215.74200 13.59780 11.72760
H 216.76500 8.30266 11.79360
H 217.86200 11.25080 11.80270
C 225.96800 13.53710 10.23310
C 219.40200 12.33490 10.18850
C 223.77200 7.57532 10.05670
C 221.56100 9.94243 10.07690
C 224.76300 10.51220 10.11830
C 222.68900 12.93820 10.18810
H 223.31600 9.38104 11.76580
H 221.19900 11.69050 11.77790
H 220.01600 8.82870 11.62860
C 205.10100 15.27200 10.09220
C 201.87200 14.72710 9.97103
C 202.99400 17.66100 10.03300
C 200.74200 20.03280 10.02440
C 199.56500 17.05740 9.92528
H 204.75600 17.10030 11.64630
H 199.20200 18.88150 11.48250
H 201.35500 16.58730 11.61070
H 202.62400 19.54920 11.60010
C 204.16300 20.62540 9.94876
H 203.55200 14.19490 11.70550
C 206.28600 18.28730 10.08580
C 208.30200 15.96850 10.02230
C 211.68100 16.69430 9.93912
C 209.45500 18.91730 10.10070
H 205.84500 20.10770 11.70640
H 206.92400 14.77770 11.70950
H 208.04900 17.70760 11.76490
H 210.19600 15.38380 11.49000
H 211.28600 18.40790 11.72970
H 209.10800 20.80590 11.67900
C 214.07200 14.08980 9.94019
C 212.81500 19.49950 10.04170
C 215.07200 17.19870 9.93624
C 217.33300 14.65910 10.11580
C 218.42600 17.75430 10.06900
C 216.15600 20.20750 9.97292
H 219.06900 14.21200 11.85490
H 213.49000 15.98420 11.43680
H 214.71400 18.98110 11.59050
H 216.80400 16.57620 11.63990
H 217.96000 19.57660 11.57170
C 223.77100 15.82380 10.29040
C 220.59200 15.31450 10.16890
C 221.79600 18.19450 10.14130
C 224.81700 18.84010 10.23860
C 219.50800 20.76450 9.94166
C 205.05200 23.69040 9.93709
C 199.58800 25.42670 9.95844
C 202.79900 26.08210 9.84515
C 201.84200 22.94380 9.97164
H 200.32200 21.87040 11.70060
H 199.21500 27.14700 11.67650
H 201.44300 24.84270 11.54160
H 204.67800 25.56700 11.47340
H 203.61100 22.46970 11.57850
C 206.16600 26.72610 9.75632
C 207.27300 21.30080 10.00260
C 210.62100 21.79260 9.91554
C 208.42900 24.17450 9.82070
C 211.75000 24.84650 9.78866
C 209.45500 27.19510 9.72596
H 206.91200 23.17300 11.53080
H 208.01700 26.00460 11.34690
H 210.23600 23.72330 11.42240
H 212.39900 21.37900 11.56570
H 211.26700 26.72960 11.34960
C 213.88200 22.45670 9.93547
C 217.19400 23.05810 10.05720
C 215.01500 25.46960 9.88951
C 218.21300 26.00530 9.87921
H 215.63300 21.94840 11.67370
H 213.45200 24.33050 11.43480
C 226.02400 21.66180 9.97540
C 224.97600 27.26240 9.89641
C 223.81600 24.25570 9.86261
C 222.76300 21.33950 9.99483
C 221.62400 26.79400 9.84472
C 220.51400 23.69210 9.86927
C 199.42400 33.67960 10.02370
C 205.16900 32.12160 9.98794
C 203.96800 29.06130 9.76377
C 200.59200 28.40780 10.00080
C 201.75500 31.40670 9.95533
H 201.33500 33.19580 11.60450
H 200.38500 30.22540 11.70750
H 203.63900 30.84430 11.52100
H 202.51700 27.92480 11.44490
H 204.72300 33.87470 11.76500
C 207.46200 29.81910 9.71398
C 211.67800 33.17330 9.90157
C 208.44400 32.72450 9.95183
C 210.74800 30.28760 9.85427
H 205.94900 28.49010 11.21400
H 209.16300 29.06390 11.28040
H 206.98400 31.49970 11.47490
C 216.15300 28.52350 9.93440
C 212.81200 27.84340 9.85094
C 214.90500 33.80190 9.75547
C 213.96600 30.78920 9.91827
C 217.11700 31.32600 9.87875
C 226.04900 30.30930 9.98215
C 219.46900 29.08450 9.88628
C 222.82900 29.57100 9.91269
C 220.70900 32.03840 9.88967
C 223.89000 32.61200 9.93867
C 204.02200 4.06845 13.44880
C 205.11600 7.01242 13.38950
C 201.75100 6.53066 13.26680
C 202.93200 1.04345 13.39350
C 200.64000 3.43356 13.28610
C 206.27900 1.56126 13.46850
C 209.51400 2.12923 13.40230
C 207.34000 4.61643 13.44350
C 210.54100 5.18042 13.35520
C 212.80800 2.71269 13.34250
C 216.11700 3.46662 13.38950
C 213.84800 5.82825 13.34210
C 217.26600 6.45249 13.32910
C 218.21400 0.98906 13.33810
C 219.39800 4.06035 13.29770
C 221.62000 1.56971 13.37560
C 224.94600 2.19426 13.22030
C 222.53600 4.61647 13.35300
C 220.39800 6.99038 13.22420
C 225.98200 5.24050 13.24150
C 203.93200 12.39380 13.31230
C 202.86200 9.40535 13.28360
C 199.59600 8.62557 13.11620
C 200.59900 11.77160 13.18250
C 208.40700 7.59636 13.32530
C 206.22200 9.92063 13.32270
C 211.66800 8.30182 13.30430
C 209.51300 10.61130 13.19740
C 207.31800 12.88490 13.28400
C 210.65400 13.52890 13.09700
C 212.76900 11.10080 13.17530
C 214.90400 8.79357 13.33770
C 216.02700 11.72890 13.36290
C 218.31200 9.46976 13.38150
C 219.41400 12.33120 13.41790
C 223.81900 7.46463 13.32810
C 221.52100 9.78026 13.33630
C 224.93400 10.49460 13.32780
C 225.90700 13.43860 13.51500
C 222.64200 12.80880 13.44500
H 224.49000 12.34930 11.79930
C 205.09600 15.30370 13.28630
C 199.53600 17.04980 13.21730
C 202.92000 17.68460 13.20240
C 200.69800 19.98870 13.19590
C 201.65800 14.76800 13.19980
C 204.04100 20.70550 13.28320
C 206.18900 18.17870 13.33500
C 208.53000 15.76590 13.28820
C 211.75700 16.41810 13.16170
C 209.47300 19.00230 13.35390
C 213.73400 14.09600 13.14160
C 212.88300 19.55820 13.20510
C 214.89400 17.12890 13.17900
C 217.21500 14.78070 13.34160
C 218.25600 17.74720 13.26820
C 216.17400 20.07340 13.24670
C 219.40600 20.76930 13.23220
C 223.79000 15.86590 13.53570
C 220.51800 15.43050 13.55160
C 221.56400 18.46380 13.39820
C 224.89000 19.08470 13.36670
H 224.46500 20.80780 11.68050
H 221.22400 20.15390 11.61590
H 222.29500 14.71370 11.91270
H 223.40900 17.69870 11.92960
H 225.61500 15.34760 11.93280
H 220.18700 17.15050 11.76360
C 199.67900 25.28100 13.27650
C 205.08600 23.76660 13.10420
C 201.82500 23.04980 13.27580
C 202.88300 26.10330 13.11850
C 206.31100 26.67590 12.95220
C 207.27600 21.45300 13.26970
C 208.48500 24.27870 13.07780
C 210.65200 21.96570 13.17640
C 211.61700 24.93540 12.99240
C 209.46100 27.24160 12.92290
C 218.52100 26.04790 13.08950
C 214.85200 25.47820 13.12550
C 213.82100 22.60910 13.18730
C 217.20600 23.14440 13.25340
H 214.63400 27.31670 11.48550
H 219.04200 22.58240 11.61100
H 216.78900 24.96250 11.60070
C 222.69600 21.43140 13.22740
C 221.68600 26.61060 13.07220
C 223.92500 24.30710 13.01350
C 224.90100 27.20860 13.11450
C 225.92000 22.04230 13.17990
C 220.59000 23.83350 13.10660
H 220.13300 25.57020 11.39400
H 223.43600 26.13960 11.44000
H 222.32500 23.20490 11.50770
H 225.62300 23.68950 11.35130
C 201.89500 31.43260 13.26930
C 200.79200 28.30520 13.22890
C 205.19700 31.90510 13.20280
C 204.19600 28.96770 12.99040
C 199.57000 33.72610 13.29450
H 210.19900 32.02450 11.55090
C 211.75600 33.11040 13.09060
C 207.38100 29.59240 12.92600
C 208.44300 32.58960 13.18510
C 210.57700 30.14260 13.04260
H 212.45500 29.65920 11.49610
H 216.70700 33.23600 11.38570
C 212.69400 27.79070 13.03300
C 217.32200 31.48980 13.05990
C 214.97800 33.77240 13.08210
C 213.79600 30.84960 13.14940
C 216.13100 28.44050 13.13700
H 213.49800 32.62160 11.42470
H 219.06400 30.89890 11.37900
H 215.72200 30.32510 11.63640
H 217.95000 27.88490 11.47210
H 220.21900 33.79180 11.54270
C 219.38000 29.17720 13.11400
H 222.45900 31.41070 11.56300
H 224.58200 29.06900 11.51650
H 225.66900 32.06060 11.62250
C 222.80200 29.61790 13.17270
C 226.07100 30.15640 13.18610
C 223.83800 32.64780 13.24980
C 220.58000 32.01780 13.08020
H 221.25500 28.55900 11.55850
C 204.03600 37.37980 10.02800
C 205.00000 40.29210 9.99377
C 200.61300 36.70470 9.98451
C 201.72300 39.59620 9.95506
C 202.89200 34.39660 10.07020
H 199.15700 35.53110 11.60930
H 200.20300 38.56080 11.62620
H 202.48100 36.21270 11.60110
C 206.22000 34.96070 10.04270
C 209.52000 35.55460 9.91819
C 207.26200 37.97960 10.03710
C 210.67500 38.62080 9.90516
C 212.80900 36.19860 9.94135
C 216.11100 36.83730 9.93005
C 213.94300 39.07260 10.01070
C 217.23200 39.75610 9.97595
C 218.35800 34.34870 9.93824
C 219.36200 37.31340 9.94247
C 226.04000 38.58350 9.88034
C 221.78600 34.96630 9.92372
C 225.02500 35.58920 9.92928
C 222.73400 38.00420 10.03050
C 220.58200 40.35550 9.98887
C 199.60400 42.08200 9.86346
C 202.99800 42.71530 9.93511
C 200.71800 45.06840 9.96045
C 204.06500 45.63100 10.01920
H 201.41600 41.55360 11.46770
H 200.25300 46.90370 11.54910
H 199.14300 43.92620 11.46090
C 208.46000 40.90620 10.02110
C 206.21300 43.22790 10.02830
C 211.73700 41.46640 9.93578
C 209.44200 43.86880 9.95241
C 210.50800 46.78670 9.85019
C 207.15500 46.26760 10.03990
C 212.78100 44.50840 9.87460
C 215.05400 42.04030 9.88744
C 216.20500 45.03150 9.83931
C 218.35500 42.76060 9.93516
C 219.33700 45.66860 9.82392
C 223.81500 40.79100 9.93525
C 221.65200 43.19000 9.81150
C 224.99000 43.77770 9.82607
C 222.76700 46.23090 9.75126
C 226.10100 46.89430 9.77367
C 199.58300 50.28340 9.91279
C 205.11600 48.56190 10.04470
C 201.80100 47.97100 9.99943
C 202.93000 50.89720 9.95017
C 200.80700 53.30670 9.82939
C 204.06200 53.91000 9.82030
H 199.29400 52.21570 11.40630
H 202.52600 52.82940 11.51090
H 201.38700 49.82620 11.57580
C 206.25500 51.64160 9.93468
C 208.26800 49.14470 9.96537
C 211.71400 49.90670 9.75733
C 209.47300 52.18830 9.78152
C 213.82300 47.48340 9.76904
C 212.95800 52.73990 9.76513
C 214.97700 50.42000 9.76645
C 217.36900 48.04160 9.74911
C 218.47700 51.07510 9.68752
C 216.24000 53.35640 9.80226
C 219.54200 53.95140 9.66446
C 225.20000 52.08810 9.79563
C 223.98600 49.12380 9.78167
C 220.50300 48.50580 9.75416
C 221.84600 51.62460 9.66985
C 199.55400 58.82520 9.50562
C 201.75700 56.32850 9.63653
C 205.03500 56.80960 9.70019
C 202.81300 59.38300 9.64921
H 203.49600 55.81650 11.30450
H 200.25500 55.24690 11.30610
H 201.29000 58.20080 11.21560
H 199.13400 60.59670 11.14580
H 204.73500 58.79850 11.14790
C 210.60700 55.09530 9.68153
C 208.42300 57.43350 9.55696
C 211.83200 57.98490 9.52209
C 207.26400 54.48420 9.76576
C 206.22300 59.87570 9.49035
C 209.53800 60.41260 9.49457
H 208.04500 59.34550 11.12020
H 211.39200 59.89540 11.04000
H 206.96600 56.37710 11.27780
H 210.24900 57.05200 11.16610
C 217.48000 56.31240 9.67950
C 214.16400 55.69100 9.66794
C 215.20600 58.57430 9.52326
C 218.47300 59.26750 9.46064
H 217.04100 58.22080 11.22270
H 214.75900 60.55780 10.99370
H 213.62100 57.55510 11.17230
C 222.99400 54.53810 9.63592
C 220.72500 56.86560 9.58001
C 226.19900 55.22720 9.61514
C 224.05500 57.56500 9.61361
C 221.80400 59.87570 9.47588
C 225.09400 60.54430 9.53747
H 223.55900 59.46740 11.17150
H 225.84500 57.08920 11.25000
H 220.29100 58.76630 11.08920
C 199.60100 66.93140 9.49625
C 201.84700 64.67830 9.53942
C 205.19100 65.22960 9.57023
C 203.94900 62.27330 9.61022
C 200.72900 61.77010 9.63072
H 201.39700 66.49890 11.16050
H 200.27300 63.59360 11.14960
H 204.73700 67.16010 11.10380
H 203.62400 64.13220 11.21500
H 202.49100 61.16210 11.32180
C 207.35400 62.86800 9.49904
C 210.58200 63.40880 9.37099
C 208.33900 65.89840 9.54527
C 211.63000 66.39390 9.33812
H 210.25400 65.21760 11.07340
H 212.42800 62.94090 10.99140
H 209.14400 62.23380 11.06390
H 206.96800 64.69290 11.23430
H 205.88000 61.75140 11.10660
C 217.30400 64.64060 9.28351
C 216.32100 61.61200 9.36038
C 213.94600 63.99610 9.35388
C 212.85400 61.04320 9.41215
C 215.05200 67.00840 9.30602
H 216.89700 66.49900 10.84740
H 219.13300 64.18770 10.98420
H 218.10700 61.16010 11.00160
H 213.54800 65.87960 10.95220
H 215.84500 63.49340 10.94850
C 219.55700 62.32300 9.39883
H 221.28100 61.73220 11.05290
H 224.57400 62.42590 11.05490
C 226.19300 63.54620 9.48811
H 220.13700 67.16820 10.98750
H 225.79600 65.41310 11.06180
H 222.38300 64.78520 10.95310
C 223.99600 65.85540 9.42293
C 222.77800 62.88290 9.43098
C 220.59300 65.36990 9.39281
C 203.90300 37.43940 13.32760
C 205.09200 40.37400 13.23690
C 200.65800 36.70580 13.23640
C 201.61600 39.79550 13.24540
C 202.82700 34.35230 13.27230
H 203.50900 39.22880 11.65010
C 206.30100 34.96620 13.35420
C 209.56000 35.64950 13.21940
C 207.38200 37.89580 13.17020
C 210.63700 38.53620 13.21580
H 211.32000 35.02570 11.57090
H 209.17200 37.41610 11.50320
H 208.04700 34.47700 11.62610
H 210.28200 40.41260 11.66730
H 206.88900 39.81550 11.59340
H 205.76700 36.80120 11.69570
H 212.44600 38.02390 11.53620
C 212.88300 36.16860 13.12220
C 218.25100 34.31960 13.05300
C 216.07900 36.73760 13.15080
C 213.94200 39.20480 13.14310
C 217.28200 39.85230 13.18550
H 219.05100 39.22260 11.53740
H 217.90600 36.18190 11.56180
H 214.65200 35.57820 11.46010
H 215.77700 38.61670 11.63330
C 219.36200 37.41990 13.18200
C 226.13700 38.64320 13.11730
C 221.67400 34.90380 13.19700
C 225.08200 35.56390 13.24830
C 222.83200 37.83720 13.19520
C 220.53500 40.45310 13.25530
H 222.33100 39.79620 11.72530
H 221.21300 36.73910 11.59320
H 224.64600 37.41560 11.57820
H 223.55600 34.41940 11.59260
H 225.76100 40.43640 11.41910
C 199.56200 42.02840 13.06670
C 202.87700 42.62990 13.19820
C 200.60700 45.01770 13.13990
C 204.08400 45.61410 13.21690
H 202.49300 44.50710 11.60010
H 204.69400 42.13660 11.61320
C 208.41500 40.85500 13.22330
H 205.83200 45.05980 11.62880
C 206.20900 43.27250 13.19020
C 211.85700 41.57240 13.17410
C 209.54000 43.87680 13.21660
C 207.29500 46.13820 13.27480
C 210.58600 46.92330 13.15390
H 211.31600 43.33630 11.53170
H 208.04700 42.72750 11.63250
H 212.38900 46.38010 11.53570
H 209.09300 45.70460 11.55660
C 212.83600 44.49380 13.09140
C 215.06100 42.14220 13.11140
C 216.07300 45.23390 13.03600
C 218.34100 42.69830 13.17670
H 217.96200 44.58360 11.60100
H 215.74600 47.00100 11.30120
H 216.87200 41.62210 11.55210
H 214.65700 43.97460 11.43620
H 213.58900 40.99520 11.49280
C 219.54300 45.78620 13.04610
C 224.01200 40.89800 13.11140
C 221.72200 43.39450 13.04850
C 224.96100 43.86070 13.04330
C 226.05200 46.85220 13.00300
C 222.73300 46.16330 12.94310
H 224.59100 45.68720 11.35980
H 223.46700 42.70690 11.44720
H 221.20400 45.10470 11.31130
H 220.17100 42.21970 11.54960
H 203.60500 47.47220 11.63510
C 201.77400 48.01520 13.20880
C 205.02600 48.63430 13.30960
C 199.49400 50.34720 13.09320
C 202.86400 51.04780 13.14870
C 200.68300 53.53910 13.03360
H 204.74100 50.45690 11.59190
C 203.93800 54.12510 13.07370
C 206.24800 51.69910 13.15950
C 208.57900 49.21160 13.18070
C 211.73000 49.86940 13.04350
C 209.55800 52.23300 13.09470
H 210.24500 48.70950 11.38230
H 205.78200 53.47390 11.52420
H 208.05800 51.04900 11.53650
H 206.88400 48.03960 11.78910
H 209.10600 54.06400 11.38330
H 211.34700 51.71190 11.39330
H 219.14400 47.56890 11.40360
C 213.97800 47.50630 13.00630
C 212.86100 52.90770 13.00410
C 215.10700 50.38270 13.02220
C 217.26100 48.15920 12.90290
C 218.51900 50.96440 12.88940
C 216.33400 53.39210 13.03740
H 213.50900 49.36570 11.40750
H 218.10700 52.84610 11.39070
H 216.89600 49.97360 11.27470
H 214.71000 52.27100 11.45420
C 223.92000 49.16310 13.02300
C 220.61800 48.74910 13.01180
C 221.73400 51.68330 12.93040
C 225.01300 52.23180 12.97430
H 222.38200 48.06980 11.37840
H 223.57500 51.01310 11.38630
H 225.73900 48.67900 11.44850
H 221.43000 53.46130 11.26120
H 220.29700 50.52430 11.24620
C 219.65000 53.99220 12.93310
H 224.79100 54.01390 11.27240
C 205.06300 56.93860 12.81340
C 201.72500 56.41360 12.92720
C 202.86600 59.24040 12.82370
C 199.55700 58.79930 12.78850
C 211.80700 58.15470 12.74430
C 210.65000 55.29970 12.86000
C 207.32800 54.66910 13.05400
C 206.29000 59.91310 12.71110
C 208.49300 57.60320 12.81080
C 209.63500 60.43220 12.66820
H 212.49500 54.66500 11.26140
C 215.14700 58.82890 12.70870
C 218.53500 59.42530 12.74550
C 217.44300 56.43880 12.93240
C 214.01300 55.77520 12.88820
H 219.21900 55.77810 11.25430
H 215.92900 55.25370 11.35570
C 226.20700 55.22500 12.91250
C 225.05200 60.66120 12.73640
C 221.67900 59.97390 12.73940
C 224.00400 57.64640 12.81870
C 220.67500 57.07010 12.82240
C 222.98900 54.54620 12.87420
H 222.51900 56.39900 11.22540
C 204.14100 62.23310 12.78400
C 199.55800 67.17520 12.75380
C 200.61200 61.79290 12.79730
C 201.80800 64.61810 12.85000
C 205.12500 65.40410 12.77310
C 208.55200 65.80790 12.79360
C 210.65500 63.39250 12.69760
C 211.80700 66.40810 12.63230
C 207.42500 62.75860 12.76700
C 217.27900 64.73580 12.53310
C 213.97100 64.03870 12.53850
C 212.88400 61.09070 12.60960
C 215.01600 66.92870 12.44290
C 216.29000 61.71090 12.60630
C 220.69600 65.33260 12.64190
C 226.09200 63.56710 12.65980
C 219.52900 62.41790 12.63030
C 223.86600 65.92140 12.58060
C 222.72900 62.96070 12.62330
C 204.06600 70.52170 9.34877
C 205.18500 73.60780 9.21973
C 200.69100 70.03750 9.42993
C 201.78100 73.04730 9.30155
C 202.86000 67.56130 9.49425
H 200.34000 71.92760 11.03630
H 199.13000 68.87620 11.00370
H 203.64800 72.45710 10.84770
H 202.52500 69.53470 11.04810
C 206.33800 68.21770 9.51737
C 209.44900 68.75720 9.49355
C 207.44500 71.16710 9.38475
C 210.57700 71.69850 9.37574
H 211.39000 68.26550 10.99030
H 208.03300 67.67640 11.24570
H 209.16600 70.58880 11.09530
H 210.22600 73.59260 10.93690
H 206.96300 73.06440 10.91860
H 212.51700 71.27590 10.84540
H 205.87500 70.10610 11.00750
C 218.42100 67.66190 9.28179
C 212.91500 69.32150 9.30484
C 216.08000 70.07470 9.29448
C 213.96800 72.44850 9.18190
C 217.20100 72.99270 9.32758
H 217.86000 69.49530 10.92060
H 214.72400 68.85230 10.93310
H 219.04900 72.43240 10.95170
H 215.61300 71.88170 10.93200
C 219.41400 70.58520 9.35894
C 221.67600 68.29910 9.38094
C 225.07700 68.85050 9.52183
C 222.85200 71.08930 9.33916
C 220.51500 73.60600 9.26716
C 226.08400 71.84850 9.43926
H 222.39400 73.02060 10.87710
H 225.60500 73.70440 11.04080
H 221.22500 70.16080 11.00400
H 223.44400 67.71470 10.95660
H 224.55200 70.70970 11.06090
C 199.64600 75.50180 9.46904
C 203.98200 79.01160 9.45231
C 202.89000 76.08980 9.36618
C 200.72500 78.44910 9.49676
H 202.55500 77.85840 11.04830
H 204.75400 75.43870 10.87060
H 200.34600 80.22570 11.20020
H 201.53400 74.85880 10.99500
H 199.33300 77.27460 11.15700
H 205.75400 78.35680 11.04780
C 208.48100 74.14850 9.26095
C 206.18200 76.63650 9.28919
C 211.62600 74.72620 9.25639
C 209.48000 77.25940 9.28187
C 207.20200 79.55270 9.47846
C 210.59000 80.15530 9.41529
H 209.06300 78.98010 11.02950
H 212.43600 79.60410 10.96770
H 211.34800 76.62740 10.80030
H 208.03400 76.00070 10.86730
C 212.84400 77.85220 9.24642
C 214.92300 75.41000 9.25215
C 216.07200 78.48210 9.35284
C 218.43200 75.94940 9.19739
H 215.72700 80.24230 11.12660
H 214.62000 77.23200 10.93860
H 216.80600 74.89350 10.83320
H 217.99400 77.83520 10.74700
H 213.49800 74.25950 10.85410
C 223.83100 74.30670 9.37590
C 219.45600 79.07170 9.40822
C 226.03800 80.34120 9.54472
C 221.75200 76.78240 9.38485
C 224.84800 77.23540 9.48799
C 222.81600 79.71570 9.50869
H 224.52900 79.10920 11.06800
H 221.24600 78.51340 11.10000
H 220.25800 75.41900 10.80420
H 223.35700 76.06960 11.10880
H 203.68300 80.82680 11.06760
C 205.14100 81.96290 9.50109
C 201.79900 81.38650 9.57635
C 199.69400 83.70920 9.58594
C 202.96800 84.18280 9.55859
C 200.73200 86.70010 9.58846
C 204.13100 87.32990 9.54900
H 204.79600 83.80430 11.15160
H 199.21900 85.53980 11.20190
H 201.50100 83.13370 11.21750
H 202.55400 86.11770 11.10020
C 206.25300 84.99130 9.52608
C 208.34100 82.53420 9.48359
C 211.63600 83.10450 9.45679
C 209.47700 85.51210 9.55778
H 206.89100 81.38270 11.12920
H 210.18400 81.92380 11.05940
H 205.83700 86.70920 11.19780
H 208.00700 84.33470 11.18250
H 209.12800 87.35060 11.26560
H 211.27100 84.92570 11.13340
C 213.98900 80.81370 9.39973
H 218.99400 80.92560 11.05090
C 212.79300 86.14050 9.57555
C 214.96200 83.84710 9.52044
C 217.10400 81.46030 9.50654
C 218.36300 84.40410 9.64741
C 216.24100 86.82620 9.74460
H 218.00400 86.17130 11.27230
H 214.61500 85.63990 11.18580
H 213.50200 82.64830 11.06140
H 216.75700 83.25650 11.16270
C 223.89400 82.75230 9.67215
C 220.62500 82.05740 9.56063
C 221.63400 85.03780 9.70837
C 224.95400 85.60330 9.70396
H 220.14200 83.82200 11.22690
H 222.39600 81.49280 11.21030
H 225.69000 82.09240 11.31290
H 223.44400 84.48460 11.30720
H 221.22300 86.77610 11.41960
H 224.67400 87.41080 11.40460
C 219.44900 87.42060 9.77368
C 204.98000 90.41390 9.70809
C 201.72900 89.77220 9.63367
C 202.90200 92.71580 9.75455
C 199.55600 91.96840 9.71417
H 204.62900 92.11620 11.43390
H 201.38900 91.50950 11.30830
H 199.14800 93.84610 11.30880
H 203.56800 89.07390 11.21540
H 200.25900 88.53310 11.22570
C 206.23100 93.30320 9.92739
C 207.31500 88.07470 9.65589
C 210.60300 88.61440 9.72335
C 208.47600 91.04460 9.78835
C 211.65800 91.62360 9.85896
C 209.51600 93.89410 9.93705
H 210.20500 90.39410 11.43130
H 208.02000 92.72830 11.53840
H 206.86600 89.82060 11.27570
H 211.30300 93.36070 11.60630
H 212.37700 87.90260 11.29230
C 213.97200 89.14470 9.81227
C 218.50600 92.83810 9.80680
C 214.89900 92.17970 9.90667
C 217.27300 89.82570 9.80298
H 219.09000 89.16960 11.48260
H 213.44900 90.90520 11.49940
H 215.77800 88.56550 11.45900
H 216.96400 91.60930 11.25170
H 214.65900 93.89860 11.66130
C 226.00600 88.66700 9.67357
C 222.78100 87.78050 9.81383
C 220.57200 90.23860 9.77647
C 223.79700 90.83850 9.80211
C 224.97600 93.98140 9.79492
C 221.66200 93.33560 9.80003
H 223.48900 92.71930 11.37410
H 225.67900 90.46690 11.36350
H 222.37500 89.66580 11.38820
H 220.25800 92.04920 11.41510
C 205.17100 98.70490 10.06100
C 204.06900 95.74880 9.91258
C 201.85800 97.99790 10.06140
C 200.72000 95.13240 9.85982
C 199.69600 100.32500 10.07900
H 200.28000 96.84980 11.59250
H 202.49900 94.48110 11.45300
C 210.83600 96.83620 10.16710
C 211.79400 99.74790 10.23080
C 208.65100 99.27470 10.19160
C 207.41500 96.27340 9.96216
H 205.79300 95.12280 11.45730
C 214.94500 100.32000 10.17140
C 216.05700 95.10450 10.02130
C 212.85200 94.52670 10.06960
C 217.08800 98.09470 10.06950
C 213.95200 97.43970 10.24520
H 219.04800 97.53570 11.56610
H 217.95100 94.55940 11.52200
H 215.77200 96.87580 11.72750
C 226.14300 96.91060 10.04600
H 222.39300 98.10270 11.61070
H 225.59400 98.74860 11.63050
H 224.52200 95.73900 11.49140
C 219.33200 95.79470 9.86014
C 223.86200 99.30550 9.98567
C 222.68100 96.32710 9.85773
C 220.57100 98.71150 10.02820
H 220.12400 100.52500 11.62970
H 221.20800 95.12930 11.41580
C 204.10100 70.74950 12.59740
C 205.11900 73.66020 12.48500
C 200.65900 70.06050 12.63500
C 201.93000 73.01760 12.59420
C 202.96300 67.71320 12.72640
C 206.17800 68.37470 12.75530
C 209.62700 68.78560 12.74300
C 207.36200 71.30740 12.61740
C 210.81300 71.77460 12.56290
C 212.96000 69.44340 12.53060
C 218.32500 67.67130 12.53530
C 216.11100 70.11650 12.54360
C 213.86100 72.57220 12.53530
C 217.19300 73.05590 12.43910
C 219.31400 70.62720 12.60090
C 221.66400 68.35430 12.58940
C 224.87100 68.85760 12.65240
C 222.72800 71.29720 12.60190
C 220.59500 73.63240 12.47780
C 225.99800 71.87220 12.70440
C 203.96800 78.96550 12.66220
C 199.72800 75.33180 12.61260
C 203.05600 76.00640 12.54930
C 200.85100 78.37470 12.77070
C 208.45800 74.20840 12.54880
C 206.30100 76.42390 12.55330
C 211.75800 74.85670 12.46570
C 209.60300 77.01820 12.48750
C 207.23200 79.45820 12.67070
C 210.67900 80.10820 12.64920
C 212.83500 77.66510 12.52600
C 215.02000 75.36210 12.50620
C 216.21600 78.36810 12.47640
C 218.41700 75.92450 12.40540
C 219.33500 78.96720 12.58390
C 223.69400 74.16390 12.63300
C 221.48000 76.55470 12.65400
C 224.86600 77.16600 12.64390
C 225.93500 80.15440 12.83100
C 222.75400 79.62220 12.76620
C 199.78500 83.68870 12.80570
C 205.10700 81.94460 12.73510
C 201.95800 81.28400 12.76650
C 202.99800 84.31330 12.76950
C 200.77400 86.62640 12.79010
C 204.01000 87.23610 12.82040
C 206.20800 84.91510 12.83480
C 208.39200 82.43440 12.72700
C 211.63500 83.07140 12.69310
C 209.54300 85.40010 12.83770
C 213.87600 80.73980 12.64810
C 212.78500 86.03710 12.80990
C 214.93900 83.75470 12.76200
C 217.23700 81.41370 12.73380
C 218.32900 84.40020 12.77380
C 216.16800 86.56680 12.89610
C 219.39400 87.25990 13.00390
C 223.83900 82.64810 12.86400
C 220.53200 81.94210 12.77200
C 221.60400 84.92590 12.90130
C 224.98500 85.51330 12.94670
C 202.81600 92.57880 13.01550
C 204.97800 90.17660 12.92120
C 201.77900 89.62230 12.86020
C 199.57900 91.93390 12.89870
C 209.45100 93.88750 13.18120
C 211.60800 91.44190 13.15150
C 208.35200 90.75260 13.03760
C 210.58500 88.46910 12.95610
C 206.07000 93.23410 13.07400
C 207.30400 87.90810 12.83360
C 217.25800 89.83630 13.03400
C 215.19900 91.90760 13.03570
C 218.46300 92.67700 13.00010
C 213.86000 88.97470 13.00770
C 226.25400 88.58050 12.94390
C 220.60600 90.25190 13.09450
C 224.90000 93.84860 13.06450
C 222.83700 87.79720 12.98650
C 221.71300 93.25340 13.00950
C 223.86900 90.88450 12.97870
C 199.66500 100.26800 13.38350
C 200.60400 94.91390 13.04290
C 201.79200 97.85100 13.25370
C 205.19800 98.60130 13.37880
C 203.97700 95.55410 13.12250
H 203.68400 97.51660 11.62760
H 201.45400 99.85070 11.77110
H 204.84500 100.46700 11.84540
H 212.55300 96.23940 11.82850
H 210.28000 98.57020 11.82320
H 206.95000 98.07100 11.60820
C 207.27900 96.16010 13.13960
C 208.37000 99.00590 13.39740
C 211.68100 99.68740 13.50730
C 210.60200 96.67010 13.31260
H 209.16900 95.66450 11.57730
H 216.81900 99.93490 11.69640
H 213.53200 99.24710 11.93170
C 216.21000 94.99180 13.24560
C 217.33800 98.03520 13.28590
C 215.09600 100.47600 13.46910
C 212.86600 94.30620 13.30250
C 214.06800 97.35640 13.45530
C 223.86400 99.41780 13.18490
C 219.46400 95.64550 13.17560
C 220.55900 98.70660 13.22890
C 222.66700 96.25410 13.12760
C 226.00600 96.88660 13.18190
C 204.16300 103.97200 10.22210
C 205.09200 107.01400 10.24680
C 200.73200 103.37700 10.16420
C 201.85100 106.28800 10.23630
C 203.09700 101.02100 10.26260
C 206.37900 101.65300 10.32180
C 209.57000 102.10600 10.27220
C 207.34500 104.40900 10.29320
C 210.53500 105.11100 10.24620
C 212.75200 102.82100 10.18510
C 215.93100 103.46300 10.04670
C 213.69800 105.82900 10.10310
C 217.10800 106.31700 9.96679
C 218.29300 101.09100 10.03310
C 225.92700 105.27100 9.81089
C 219.35300 104.07800 9.90251
C 221.54800 101.66700 9.90100
C 224.84600 102.20500 9.86738
C 222.50100 104.67600 9.83241
C 220.46400 107.00700 9.78054
H 222.28100 106.59100 11.45540
H 224.37800 104.11400 11.36450
H 225.56200 107.08600 11.36750
H 223.31900 101.16600 11.50580
H 221.20200 103.54100 11.51350
C 202.97600 109.23300 10.27460
C 200.77600 111.70700 10.29830
C 204.00000 112.30300 10.25700
C 199.62100 108.66100 10.16990
C 208.42800 107.64100 10.17430
C 206.16300 109.92600 10.24390
C 211.54200 108.10200 10.14090
C 209.32000 110.57000 10.10610
C 210.43100 113.59500 9.99737
C 207.26700 112.76900 10.15780
C 212.63700 111.08700 10.05450
C 214.86000 108.81300 10.01000
C 215.95500 111.62400 9.81551
C 218.14300 109.31700 9.76705
C 226.00500 113.62200 9.72948
C 219.29100 112.27800 9.87049
C 223.72500 107.69900 9.74548
C 221.52300 110.09400 9.78887
C 224.87200 110.66100 9.71427
C 222.80600 112.92900 9.76877
H 223.41000 109.55100 11.38920
H 224.61800 112.49100 11.42820
H 221.24600 111.91500 11.41860
C 199.68900 116.98400 10.19360
C 205.01500 115.26500 10.05450
C 201.73200 114.67400 10.22730
C 202.88000 117.58600 10.10040
C 200.66300 119.94200 10.09860
C 203.89700 120.64700 9.93634
C 206.11300 118.28000 9.93582
C 208.42400 115.85500 10.01050
C 211.62200 116.49900 9.94402
C 209.46700 118.89300 9.86715
C 213.77700 114.20100 9.83524
C 212.76300 119.51800 9.94637
C 215.00200 117.19300 9.91530
C 217.27800 114.75300 9.83125
C 218.32600 117.73200 9.83573
C 216.17800 119.99500 9.85129
C 223.82100 116.08200 9.74640
C 220.51100 115.33300 9.81116
C 221.64500 118.30700 9.87907
C 224.76700 119.01600 9.85455
H 225.63700 115.47400 11.36400
H 222.38600 114.80600 11.31630
H 220.13500 117.16500 11.41850
H 223.39100 117.77200 11.58240
C 219.35500 120.63200 9.86791
H 221.20000 120.15200 11.45110
H 224.46300 120.79500 11.31220
C 205.13700 123.63800 9.86055
C 201.74100 122.97300 10.04600
C 202.84400 126.01200 9.97860
C 199.55400 125.33200 10.00670
C 209.58500 127.29400 10.04930
C 211.77700 124.84300 9.94624
C 206.21500 126.63300 9.90635
C 207.31100 121.25800 9.90545
C 210.66200 121.83700 9.89988
C 208.41800 124.20700 9.88760
H 211.38900 126.62600 11.62920
C 218.20900 126.07800 9.95475
C 215.03200 125.43100 10.03820
C 217.26700 123.10900 9.86165
C 213.83000 122.54500 9.92994
H 216.82300 124.83200 11.63050
H 219.04800 122.54200 11.41210
H 214.59300 127.20600 11.70690
C 224.94300 127.23400 9.76946
C 221.55500 126.66900 9.88007
C 220.47700 123.76000 9.79109
C 223.69500 124.28600 9.71268
C 222.62500 121.30900 9.78539
C 225.93800 121.90500 9.64816
H 225.58900 123.76700 11.25960
H 220.06000 125.51100 11.51770
H 223.45400 126.06300 11.36950
H 222.28100 123.12100 11.40330
C 205.15900 132.05500 10.12200
C 204.06100 129.04000 10.03810
C 200.80100 128.47800 9.98039
C 199.65200 133.79600 10.08670
C 201.89500 131.49800 10.06320
H 200.40700 130.29200 11.63230
H 201.43800 133.24700 11.77280
H 204.80700 133.77800 11.86780
H 203.65300 130.85900 11.69990
H 210.20500 131.95200 11.72950
C 208.36800 132.50900 10.16330
C 207.26200 129.64100 10.07210
C 211.67100 133.18700 10.08430
C 210.65100 130.08900 10.18030
H 212.53100 129.65600 11.82320
H 209.01900 129.00000 11.81130
H 205.81300 128.39400 11.61010
H 206.87600 131.41500 11.80120
H 217.79200 127.88100 11.58050
H 216.81600 133.22900 11.62330
H 213.52400 132.68900 11.67430
H 218.92600 130.89400 11.75810
C 212.86400 127.86600 10.07390
C 213.88100 130.93900 10.12780
C 215.00200 133.81900 10.07880
C 215.91800 128.51200 10.04780
C 217.17000 131.37100 10.07980
H 215.66100 130.28700 11.75320
H 225.48800 132.10100 11.47080
C 222.65800 129.64700 9.83361
C 220.36500 132.03200 10.07840
C 219.30400 129.11500 10.02740
H 221.23100 128.50600 11.53580
C 223.71000 132.72300 9.87750
H 220.06000 133.86200 11.78260
H 224.53000 129.02800 11.38470
H 222.27700 131.43900 11.49590
C 225.93200 130.32400 9.82790
C 203.97800 103.99700 13.52250
C 205.16400 106.87100 13.46030
C 200.70800 103.30200 13.45120
C 201.87300 106.33800 13.43670
C 202.98200 100.95500 13.38690
H 203.67300 105.78000 11.84330
H 202.54100 102.87300 11.83700
H 199.29000 102.14400 11.75380
H 200.32900 105.15000 11.83790
C 206.22400 101.58900 13.57280
C 209.60000 102.15500 13.54360
C 207.33700 104.63900 13.51000
C 210.61500 105.18600 13.54290
H 205.86400 103.42800 11.98420
H 209.16500 103.92500 11.94480
H 210.15700 106.92700 11.81130
H 211.36400 101.54200 11.86670
H 206.97500 106.38900 11.77040
H 208.08400 100.98600 11.96410
H 212.39000 104.63300 11.85790
C 212.79800 102.74600 13.44540
C 216.12200 103.45500 13.24840
C 213.91000 105.89900 13.36810
C 217.26300 106.40000 13.10730
C 218.33600 101.22200 13.20760
H 214.58100 102.23100 11.74480
H 215.60600 105.32000 11.65000
H 219.06900 105.92300 11.44280
H 217.85600 102.98500 11.56910
C 219.41000 104.10700 13.11960
C 221.59900 101.75500 13.16530
C 224.79900 102.32300 13.04800
C 222.67900 104.76600 13.08060
C 220.45400 107.17600 13.07430
C 225.91400 105.29200 12.97360
C 202.91500 109.21700 13.52180
C 200.72200 111.51900 13.50740
C 204.01700 112.42100 13.43310
C 199.56200 108.58900 13.52280
H 204.77900 108.80200 11.91360
H 202.54200 111.10000 11.90040
H 199.21400 110.44000 11.82540
H 201.42100 108.14900 11.85650
H 200.40900 113.43800 11.97810
C 208.36300 107.55500 13.45100
C 206.25800 109.96900 13.51910
C 211.63600 108.23900 13.34450
C 209.42000 110.59500 13.41990
C 207.28800 112.99300 13.36410
C 210.65000 113.54100 13.26350
H 205.78400 111.72600 11.86910
H 209.07200 112.43200 11.74170
H 207.99700 109.40900 11.85400
H 211.17400 110.00600 11.72540
H 212.34800 113.03000 11.51510
C 212.73800 111.28400 13.23580
C 215.03100 108.75200 13.22740
C 216.11000 111.87000 13.10320
C 218.28300 109.36100 13.05000
H 213.41700 107.65400 11.70050
H 217.81900 111.19300 11.42070
H 214.53400 110.63300 11.67440
H 216.75600 108.24500 11.47660
H 215.69100 113.60000 11.35730
C 219.32300 112.31000 13.03850
C 223.81400 107.70300 12.99320
C 221.51300 110.07700 12.95290
C 224.93700 110.61600 12.98040
C 222.80000 113.02800 13.03930
H 220.03000 108.89800 11.36390
C 226.11100 113.67800 12.98520
C 205.09700 115.34800 13.31450
C 201.82000 114.66600 13.51830
C 199.60000 116.99300 13.47160
C 203.01000 117.69400 13.35710
C 200.72900 120.03800 13.35160
C 203.98300 120.67400 13.21230
H 202.48400 119.45300 11.66690
H 199.25300 118.80200 11.77600
H 203.57800 114.13700 11.77570
H 204.72900 117.14500 11.69210
H 201.46700 116.50800 11.85320
C 206.30900 118.37900 13.18010
C 208.34000 115.98600 13.18840
C 211.81100 116.60200 13.14220
C 209.49000 118.96900 13.17770
H 205.77300 120.16500 11.51020
H 209.07300 120.72000 11.49810
H 207.99600 117.79300 11.53930
H 206.85200 114.72300 11.63510
H 210.19800 115.38300 11.68690
H 211.23400 118.37900 11.53530
C 213.96600 114.15100 13.04780
C 212.79400 119.47300 13.16290
C 215.03100 117.10500 13.10260
C 217.13000 114.64600 13.09990
C 218.40100 117.65400 13.12410
C 216.13200 120.13800 13.12380
H 213.50000 116.00800 11.46650
H 216.86600 116.55900 11.47990
H 219.02700 114.19100 11.51990
H 214.58000 119.02200 11.57740
H 217.95300 119.52800 11.53190
C 219.41900 120.75300 13.08870
C 223.80600 115.88400 13.04880
C 220.60500 115.30800 13.02470
C 221.52300 118.33500 13.10490
C 224.98500 119.05600 12.95870
C 205.19400 123.63300 13.17660
C 199.60100 125.49500 13.18660
C 201.83800 122.98500 13.19100
C 203.02400 126.02700 13.25820
H 203.65400 122.50000 11.54610
H 204.73100 125.46800 11.51810
H 201.45200 124.87000 11.62800
H 200.23400 121.81900 11.68320
H 199.27100 127.28600 11.52160
C 206.27300 126.53300 13.16710
C 207.37000 121.27800 13.07270
C 211.76200 124.66700 13.14960
C 210.56200 121.86400 13.10450
C 208.41300 124.22000 13.07150
C 209.52400 127.04000 13.22640
H 206.85600 123.09600 11.48690
H 208.04100 126.04400 11.44100
H 210.24000 123.65400 11.44910
H 212.39200 121.30100 11.56110
C 213.97200 122.30300 13.09030
C 218.28400 126.09100 13.21060
C 215.00700 125.30400 13.25560
C 217.29700 122.89500 13.06880
H 213.53800 124.21600 11.58990
H 215.75100 121.88200 11.39200
C 226.00700 121.93800 12.88350
C 220.51300 123.63200 13.07550
C 222.69400 121.27300 12.98950
C 223.86900 124.21700 12.99020
C 221.70500 126.60000 13.06610
C 224.92900 127.22000 13.03460
C 200.70400 128.43200 13.20840
C 205.05700 132.00400 13.42080
C 204.06100 128.98800 13.27070
C 201.84400 131.34300 13.34120
C 199.56400 133.76700 13.36720
H 202.53500 127.85900 11.63360
C 210.60500 130.10700 13.36540
C 207.23800 129.46800 13.37190
C 208.35000 132.57400 13.37470
C 211.71800 133.09300 13.33780
C 215.06900 133.77900 13.30580
C 217.16200 131.53000 13.36260
C 213.92900 130.92600 13.41100
C 212.76200 127.74100 13.35620
C 216.09300 128.36800 13.31460
C 225.90900 130.25600 13.06470
C 219.37300 129.01100 13.17770
C 222.82100 129.61300 13.09210
C 220.59700 131.95500 13.25960
C 223.77400 132.54400 13.18830
C 228.22600 2.80934 9.83995
C 231.52100 3.37871 10.00810
C 229.35500 5.74677 9.95865
C 232.42100 6.28365 9.98924
H 229.96100 2.13109 11.50420
H 231.04700 5.11714 11.70780
H 227.73600 4.61864 11.48150
H 226.70800 1.67454 11.50270
C 234.87000 4.05972 10.02220
C 237.12200 1.61082 9.98528
C 238.24800 4.60895 10.11480
C 235.97100 7.08554 9.94823
C 233.83700 1.11266 9.83413
H 236.70100 3.46060 11.65220
H 237.62400 6.48833 11.64950
H 238.77200 1.05524 11.76240
H 234.36000 5.92605 11.50060
H 233.36600 2.84312 11.59710
C 240.34200 2.25747 10.30800
C 241.54400 5.29314 10.30770
C 243.56600 2.92513 10.24070
C 244.72800 5.83169 10.22920
H 242.21800 1.73304 11.95860
H 243.27400 4.69193 11.94450
H 245.44200 2.25901 11.83160
H 239.99400 4.14360 11.87740
H 241.12200 7.11135 11.92900
C 246.92100 3.37935 10.15300
C 250.26500 3.89121 10.02610
C 247.96200 6.35429 10.17200
C 252.61600 1.62899 10.07330
C 251.26800 7.03757 10.04080
C 249.15800 1.06368 9.94575
H 249.85000 5.78054 11.69610
H 246.52400 5.20658 11.85710
H 248.77000 2.82391 11.67870
H 252.12100 3.51053 11.64060
H 253.14500 6.47394 11.58280
C 227.06000 8.09672 9.95528
C 230.27400 8.88586 10.02670
C 228.19000 11.15470 10.15190
C 231.45400 11.83860 10.24000
H 232.15500 8.22225 11.56460
H 228.89000 7.55895 11.57710
H 226.66100 9.95150 11.62510
H 229.95500 10.57920 11.82650
C 239.36400 7.56450 10.21040
C 233.70400 9.45558 10.16810
C 234.69800 12.38540 10.20940
C 238.18000 12.89070 10.19430
C 237.01600 9.97837 10.11790
H 235.52400 8.81313 11.73640
H 233.22100 11.24230 11.88170
H 236.57400 11.81850 11.73930
H 238.75200 9.40084 11.84650
C 240.36200 10.55500 10.27570
C 242.57400 8.26264 10.24310
C 245.76500 8.73466 10.24980
C 241.47400 13.61520 10.26630
C 243.62500 11.22870 10.21560
H 242.21000 10.03300 11.88730
H 244.31700 7.63280 11.88970
C 246.90800 11.79270 10.16860
C 250.24800 12.39040 10.22470
C 249.14100 9.40362 10.18480
C 252.37600 9.94347 10.12680
H 247.62000 8.23481 11.81870
C 229.21900 14.20820 10.30120
C 227.04800 16.46710 10.23940
C 232.44400 14.70470 10.28180
C 230.31800 17.05580 10.22770
C 228.25800 19.36860 10.14920
C 231.58200 20.02070 10.13070
C 239.23400 15.97090 10.21480
C 235.91300 15.16840 10.21090
C 233.63200 17.68230 10.23250
C 237.12700 18.30510 10.19410
C 234.86500 20.64740 10.16980
C 244.75400 14.20910 10.17440
C 240.36200 19.05190 10.29680
C 242.55400 16.67930 10.21670
C 245.81500 17.13410 10.18180
C 243.72200 19.57960 10.22650
C 250.19800 20.64420 10.23710
C 247.11100 20.16140 10.25040
C 248.14700 14.67480 10.23640
C 251.28900 15.44740 10.16670
C 249.05900 17.67200 10.35690
C 252.47000 18.32770 10.22680
C 230.42900 25.49880 10.00020
C 227.14200 24.82160 9.81731
C 232.72000 22.92710 10.11770
C 229.32800 22.35580 10.10610
C 238.18700 21.13000 10.26150
C 233.69400 26.08630 9.95707
C 236.98300 26.65910 10.11120
C 235.88400 23.56470 10.08390
C 239.29000 24.18230 10.10050
C 244.80900 22.38480 10.28920
C 242.58300 24.80530 10.18340
C 245.88000 25.41470 10.14940
C 240.29300 27.17900 10.04130
C 241.42400 21.79830 10.26820
C 248.13500 23.04780 10.25880
C 249.25100 26.23670 10.25660
C 252.41500 26.72180 10.26050
C 251.37200 23.77310 10.22930
C 228.37700 27.79850 10.05680
C 231.48400 28.45980 10.00300
C 232.58000 31.38900 9.94251
C 227.11600 33.23310 9.96306
C 230.42000 33.73320 9.82069
C 229.25600 30.82280 9.96252
C 234.88400 29.03800 10.05920
C 236.04500 31.95370 10.01390
C 239.22000 32.40850 10.12700
C 238.08300 29.55210 10.07420
C 242.59600 33.11840 10.10950
C 243.79800 27.82440 10.01520
C 245.92700 33.73590 10.08350
C 244.78700 30.90330 10.11510
C 241.54900 30.15900 10.08260
C 250.31900 29.19880 10.25830
C 248.14000 31.41910 10.27080
C 251.23200 31.96590 10.16050
C 246.99100 28.49280 10.18060
C 228.21500 2.78944 13.09870
C 231.46300 3.17165 13.16540
C 229.17400 5.70608 13.21220
C 232.56500 6.32905 13.23230
C 234.77700 4.09221 13.15220
C 236.86700 1.58000 13.23230
C 238.04600 4.65115 13.31410
C 235.85700 6.87415 13.29220
C 233.77700 0.93558 13.10950
C 240.25300 2.22166 13.41000
C 241.49100 5.27296 13.55580
C 243.73100 2.89305 13.58660
C 244.76400 5.85895 13.48820
C 247.03900 3.36815 13.41230
C 250.30200 3.89432 13.29190
C 248.09200 6.38420 13.37600
C 252.41300 1.64105 13.26330
C 251.36300 6.91517 13.31000
C 249.11000 0.92063 13.17250
C 227.16100 8.14140 13.26760
C 230.41500 8.67449 13.27230
C 228.08600 11.02810 13.40600
C 231.40100 11.69180 13.55970
H 230.96700 13.52060 11.95800
H 227.73500 12.94650 11.87420
C 239.11000 7.45591 13.37260
C 233.66800 9.25895 13.30750
C 234.82100 12.35190 13.47830
C 236.92200 9.94118 13.42330
C 238.02300 12.87150 13.46890
C 240.27100 10.54330 13.45300
C 242.58500 8.26076 13.55710
C 245.87000 8.81725 13.45690
C 241.37900 13.53690 13.47240
C 243.68200 11.22890 13.51760
H 239.98300 12.40220 11.91190
H 243.27000 13.04730 11.89950
H 245.46300 10.67540 11.80890
C 246.90500 11.87300 13.46060
C 250.31400 12.25190 13.44680
C 249.12000 9.40730 13.50070
C 252.63900 9.93737 13.31950
H 246.51400 13.64210 11.82090
H 250.94100 8.84775 11.83190
H 252.06500 11.75890 11.76090
H 248.69700 11.21490 11.83290
C 229.12200 14.20850 13.52500
C 227.03400 16.59830 13.54970
C 232.53800 14.74460 13.48470
C 230.35100 17.13110 13.46760
C 228.24500 19.50800 13.35670
C 231.47400 20.11070 13.43230
H 226.68500 18.35540 11.77470
H 228.81400 16.00200 11.93470
H 232.11600 16.54450 11.80920
H 230.04100 18.95550 11.77430
C 235.91700 15.34350 13.42790
C 239.25900 15.92420 13.43960
C 233.69600 17.61970 13.32320
C 237.02700 18.28390 13.42110
C 234.82900 20.66000 13.43120
H 236.60600 20.08470 11.83290
H 238.89400 17.75980 11.84170
H 233.33500 19.55050 11.82210
H 235.57700 17.12560 11.72600
H 234.32800 14.21000 11.89870
H 237.77000 14.75370 11.81040
C 244.75300 14.24560 13.49250
C 240.39800 18.85380 13.53640
C 242.53600 16.57190 13.50580
C 245.96300 17.08700 13.39950
C 243.75200 19.51010 13.43810
H 239.92200 20.77540 12.02220
H 244.33200 16.04020 11.83080
H 242.18000 18.45380 11.85440
H 241.12700 15.46940 11.85550
H 245.56600 18.94750 11.78640
H 249.98000 14.20680 11.87570
C 246.93700 20.15150 13.52160
C 248.09300 14.83100 13.36710
C 251.56100 15.31070 13.49730
C 249.08300 17.68180 13.46070
C 252.49800 18.33710 13.43190
C 250.40400 20.80680 13.50560
H 248.81800 19.62420 11.98560
H 252.11000 20.20530 11.84190
H 251.01500 17.20940 11.93590
H 253.15200 14.75870 11.67470
H 247.69700 16.58430 11.70170
C 229.19200 22.45370 13.24420
C 226.98300 24.76750 13.09700
C 232.58800 23.04210 13.33370
C 230.47300 25.23520 13.21350
H 232.27900 24.80550 11.56210
H 228.88300 24.31240 11.54830
H 230.11600 27.24100 11.77790
H 226.75300 26.62620 11.54060
H 231.11400 21.87510 11.77130
H 227.74100 21.26020 11.68650
C 236.92900 26.59180 13.31110
C 233.65800 26.03280 13.24830
C 239.15700 24.19740 13.34330
C 235.94500 23.69850 13.34090
C 238.01000 21.32460 13.43050
H 235.44000 25.45190 11.64290
H 234.45700 22.48740 11.81250
H 238.79000 26.07490 11.71280
H 237.67300 23.09110 11.65720
C 241.51100 21.98930 13.54060
C 244.76700 22.52200 13.48970
C 245.89300 25.47020 13.48380
C 242.52600 24.94600 13.36120
C 240.35200 27.22150 13.27440
H 241.04300 23.71110 11.80520
H 242.17100 26.72760 11.61110
H 245.50900 27.30070 11.75720
H 244.39700 24.31890 11.85250
H 243.24200 21.36210 11.91660
H 246.59600 21.94020 11.89570
C 252.60900 26.82160 13.54280
C 249.09700 26.14030 13.45900
C 248.16600 23.12840 13.43080
C 251.45400 23.75880 13.47440
H 251.02000 25.58750 11.94930
H 253.24000 23.18110 11.78180
H 249.98800 22.56880 11.82510
H 247.65700 24.95080 11.78640
H 228.93900 32.61450 11.39610
H 232.18600 33.25900 11.54120
H 231.09000 30.26270 11.60850
H 227.79000 29.60460 11.59340
C 228.19700 27.75710 13.23090
C 232.60200 31.44260 13.17720
C 229.17700 30.89440 13.12180
C 231.62300 28.53210 13.30730
C 230.28700 33.77810 13.08200
C 227.22500 33.19500 13.11040
H 234.41800 30.88190 11.60160
H 235.52800 33.79160 11.63290
H 233.31100 27.87520 11.60980
H 236.60900 28.46620 11.73270
C 238.18300 29.51570 13.33890
C 239.18000 32.50250 13.31390
C 234.80600 29.04420 13.25570
C 235.87900 31.99220 13.29470
H 237.70600 31.36320 11.74520
H 244.40000 32.69510 11.72770
H 243.33500 29.65320 11.70540
H 239.92600 29.05040 11.64830
C 244.76100 30.92260 13.35880
H 241.07600 31.99130 11.73820
C 243.64400 27.84970 13.34190
C 242.60100 33.23280 13.32770
C 241.43600 30.19380 13.30020
C 245.79900 33.88760 13.40430
H 253.20000 31.54670 11.68260
H 247.61700 33.26050 11.85760
H 249.89100 30.93680 11.94430
C 250.34100 29.07030 13.56960
C 246.93300 28.50910 13.41370
C 251.51600 32.10880 13.39390
C 248.00400 31.45650 13.46990
H 251.04100 33.87500 11.70550
H 248.80100 28.00760 11.86690
H 246.54900 30.31690 11.77360
H 252.11000 28.61930 11.86130
C 228.19900 36.17590 9.84856
C 231.64000 36.80280 9.95552
C 229.53900 39.07260 10.01350
C 232.66100 39.68920 9.96771
C 233.71600 34.46060 10.02220
C 234.85500 37.31140 10.02140
C 237.09200 34.93220 10.07570
C 238.08300 37.88690 10.04790
C 235.98600 40.28220 10.03150
C 240.29200 35.50100 10.00410
C 241.51400 38.51100 9.99414
C 243.68800 36.13890 10.10900
C 244.74700 38.97810 10.02920
C 246.94100 36.76620 10.08100
C 250.34100 37.26490 9.97280
C 248.06600 39.69550 9.97682
C 252.59200 34.89220 10.08540
C 251.44000 40.34540 9.89536
C 249.16000 34.36710 10.19350
C 227.44400 41.53240 9.85051
C 230.40800 42.16460 9.87235
C 228.34200 44.49500 9.88156
C 231.68600 45.08630 9.91605
C 239.15100 40.85970 9.94569
C 233.62300 42.67120 9.99131
C 237.01900 43.30190 9.89184
C 234.90800 45.64720 9.91195
C 238.16100 46.25390 9.92282
C 240.22800 43.87440 9.90762
C 242.56200 41.35600 9.88405
C 245.91300 42.05520 9.86656
C 243.65900 44.47670 9.79779
C 241.46800 46.86930 9.79538
C 246.90600 45.09060 9.85852
C 249.20800 42.77670 9.89495
C 252.51900 43.33670 9.87995
C 250.24500 45.70060 9.83050
C 229.49400 47.52460 9.78011
C 227.25900 49.77760 9.80841
C 232.85100 48.14960 9.89139
C 230.63000 50.34230 9.88466
C 228.37800 52.75950 9.76598
C 231.60000 53.40500 9.70120
H 230.17800 52.28410 11.42750
C 239.30800 49.15000 9.87842
C 236.08200 48.61680 9.85689
C 233.89100 50.96270 9.86116
C 237.03100 51.60480 9.83186
C 235.09700 53.91820 9.68157
H 233.44600 52.91150 11.28760
H 236.76400 53.45590 11.45540
H 235.68800 50.44860 11.46310
H 238.87900 51.07950 11.36500
C 244.81900 47.47950 9.78068
C 240.34600 52.22190 9.72782
C 242.49800 49.82990 9.66585
C 245.81600 50.52990 9.74600
C 243.64700 52.80420 9.74156
H 242.16900 51.68220 11.31380
H 239.97600 54.08210 11.33490
H 245.39800 52.37020 11.40270
H 241.15200 48.67570 11.44420
C 252.32100 51.60310 9.70834
C 249.08400 51.01430 9.72189
C 246.86800 53.48700 9.75915
C 247.95600 48.02410 9.84344
C 251.27400 48.69850 9.76924
C 250.13100 53.94350 9.59780
H 248.68500 52.86390 11.28730
H 251.96600 53.51920 11.24900
C 230.55100 58.76560 9.52661
C 232.70700 56.36060 9.56204
C 227.31300 58.27930 9.57828
C 229.41400 55.75620 9.61861
H 229.08700 57.66860 11.19340
H 226.89300 60.07190 11.18270
H 230.13100 60.58940 11.09130
H 227.94600 54.65830 11.27220
H 231.27000 55.25010 11.28930
H 232.37400 58.24650 11.15560
C 238.16900 54.53180 9.72840
C 236.03100 57.10780 9.54137
C 239.24600 57.60880 9.65764
C 233.85000 59.40650 9.47876
C 236.99200 60.03780 9.63906
H 238.78200 59.42890 11.21750
H 237.75900 56.47460 11.23200
H 235.54500 58.84460 11.21430
H 234.54700 55.83450 11.11300
C 242.40400 58.23490 9.59821
C 241.46600 55.19680 9.70528
C 245.92400 58.89560 9.57859
C 244.80700 55.78700 9.70111
C 240.30600 60.47700 9.55541
H 242.07200 60.04620 11.23310
H 244.33700 57.74510 11.12470
H 241.02900 57.04180 11.30370
H 245.46800 60.65270 11.31320
H 243.27600 54.71700 11.33040
H 246.56500 55.30810 11.40250
C 252.34700 60.02730 9.54723
C 249.06600 59.40300 9.52133
C 251.26800 56.90660 9.59870
C 247.98300 56.40530 9.68073
H 247.66600 58.30030 11.17770
H 249.78600 55.80370 11.26500
H 253.15500 56.47840 11.17440
H 250.88700 58.82780 11.15130
C 229.38500 64.21740 9.53179
C 228.33600 61.28930 9.52456
C 231.55800 61.74160 9.39635
C 230.43500 67.15990 9.57640
C 227.33800 66.56560 9.52562
C 232.70400 64.68500 9.53730
H 232.25200 66.52030 11.11710
H 231.15600 63.56650 11.04720
H 229.05000 66.00310 11.22510
H 227.99800 63.03530 11.16330
C 235.06600 62.40170 9.58166
C 238.06600 62.87090 9.58916
C 239.17200 66.01780 9.51009
C 235.88600 65.42200 9.58000
H 237.71100 64.80560 11.10250
H 234.46300 64.17020 11.18330
H 236.70700 61.78690 11.32520
H 235.50500 67.14960 11.28230
H 233.37500 61.22590 10.98060
C 241.53500 63.43610 9.53827
C 244.73900 64.06860 9.53873
C 243.68700 61.11150 9.68374
C 245.81600 67.19570 9.56516
C 242.52900 66.50060 9.46883
H 243.28400 63.00240 11.26170
H 239.94400 62.37410 11.14280
H 241.03200 65.34130 11.07980
H 244.29200 66.00490 11.11740
C 247.89300 64.90620 9.63489
C 250.17600 62.34070 9.60079
H 249.77600 64.24260 11.13640
H 248.73400 61.21120 11.20000
H 247.54000 66.68650 11.36100
H 250.84900 67.24420 11.30550
C 251.30000 65.46910 9.60825
C 246.89400 61.80960 9.66551
H 253.02800 64.83090 11.36040
H 246.53700 63.65570 11.26950
H 251.97700 61.77670 11.24360
C 228.31300 36.24130 13.10650
C 231.46500 36.63710 13.11900
C 229.42900 39.12600 13.09580
C 232.67800 39.73090 13.22910
H 231.26300 38.52030 11.63440
H 230.03200 35.59180 11.39760
H 227.87500 38.02490 11.45550
H 226.78800 35.05790 11.58180
C 233.65700 34.39470 13.19000
C 234.73300 37.34160 13.25440
C 237.09100 34.91120 13.30240
C 238.17100 37.96250 13.27430
C 235.86500 40.36750 13.19810
H 234.41800 39.15350 11.59880
H 236.60800 36.77580 11.73100
H 238.86900 34.34420 11.67730
H 237.75600 39.76100 11.65280
H 233.35400 36.19640 11.61820
H 239.94100 37.36330 11.59350
C 240.28600 35.58420 13.28600
C 241.42300 38.54310 13.27380
C 243.66700 36.18530 13.27740
C 244.79100 39.18630 13.25630
H 243.25200 38.01350 11.74500
H 240.99800 40.32620 11.56550
H 242.10300 35.00570 11.66430
H 245.48900 35.62640 11.67120
H 246.57900 38.61880 11.70570
C 246.96900 36.76050 13.29410
C 250.37500 37.40290 13.24750
C 248.15700 39.75590 13.18570
C 252.64500 35.01180 13.20270
C 251.51800 40.34920 13.12650
C 249.21900 34.47130 13.29610
H 249.96700 39.19390 11.47230
H 248.80700 36.28170 11.68810
H 253.29300 39.83370 11.49570
H 252.15200 36.82280 11.59630
H 229.05300 40.97690 11.51180
C 227.24100 41.52030 13.06650
C 230.38200 42.18010 13.21040
C 228.26300 44.58470 13.06730
C 231.57700 45.19190 13.08670
H 230.15500 43.99020 11.53770
H 232.11100 41.49420 11.57800
H 231.27500 47.02010 11.45440
H 226.81500 43.36530 11.47530
H 227.92600 46.36060 11.38000
C 239.20000 40.92240 13.20750
C 233.65700 42.68820 13.13440
C 236.99300 43.33270 13.22160
C 234.90900 45.76250 13.13350
C 238.21700 46.28130 13.10430
H 233.42000 44.55900 11.56230
H 238.74600 42.75020 11.57200
H 236.68400 45.12160 11.56300
H 235.55600 42.19070 11.54310
H 239.96900 45.75460 11.45280
C 240.35600 43.91240 13.09690
C 242.58200 41.52780 13.14740
C 245.86500 42.17560 13.14610
C 243.63100 44.49750 13.03660
C 241.54000 46.90150 13.06070
H 242.14700 43.31620 11.42900
H 244.41000 40.93810 11.47960
H 243.27900 46.31140 11.41250
H 245.46800 43.93350 11.47580
H 246.44000 46.93560 11.47090
C 246.93800 45.07230 13.06680
C 249.20200 42.77110 13.13740
C 252.47400 43.37040 13.15450
C 250.20800 45.75810 13.06910
H 247.69200 41.61710 11.53840
H 248.74600 44.58790 11.44260
H 252.04200 45.21500 11.47900
H 250.99500 42.22310 11.55210
C 229.42500 47.57040 12.97220
C 227.28000 49.81390 13.02860
C 232.86600 47.98530 13.08900
C 230.49500 50.43230 13.00400
C 228.45200 52.94030 13.00130
C 231.74500 53.47900 12.99370
H 226.96800 51.64590 11.50120
H 229.02600 49.28500 11.33870
H 232.42700 49.87600 11.55760
H 234.59000 47.50920 11.49340
C 239.31600 49.37040 13.04770
C 235.91100 48.72070 13.11440
C 233.88000 51.17690 12.98900
C 237.13000 51.68800 13.06430
H 237.78100 48.12370 11.54910
C 234.89400 54.11480 12.93430
C 244.64000 47.58480 13.03610
C 240.40000 52.27740 12.93180
C 242.58400 49.91130 13.00180
C 245.73700 50.50520 12.95680
C 243.64500 52.88250 12.96390
H 244.29200 49.35540 11.28060
C 246.97300 53.46300 12.95450
C 247.94900 48.09580 13.02420
C 251.31800 48.75650 13.04700
C 249.09600 51.10220 12.98000
C 252.36200 51.73240 12.92710
H 253.11500 48.22260 11.43310
C 250.16900 54.06840 12.90730
H 249.79500 47.57830 11.43050
H 250.87500 50.51410 11.36440
H 247.58000 49.94060 11.37880
C 230.55200 58.82430 12.79120
C 229.44700 55.85110 12.83490
C 227.36100 58.26550 12.86370
C 232.84000 56.43920 12.77560
C 235.92600 57.00980 12.80980
C 239.22000 57.60560 12.83570
C 233.75300 59.51820 12.74860
C 238.20400 54.70040 12.95480
C 237.03900 59.90240 12.89020
C 240.23900 60.60410 12.83320
C 245.84400 58.79570 12.79770
C 244.73400 56.01900 12.87010
C 241.48900 55.26250 12.94960
C 242.55900 58.19190 12.83220
C 249.17900 59.43020 12.82600
C 252.53800 59.91070 12.75490
C 251.30400 57.03890 12.78350
C 247.97100 56.55520 12.88280
C 227.21800 66.52720 12.76680
C 228.41800 61.20700 12.77130
C 229.50400 64.19540 12.76930
C 230.57200 67.05810 12.85460
C 231.61100 61.77690 12.64020
C 232.64100 64.65120 12.69620
C 235.95100 65.29270 12.78940
C 239.23000 65.91060 12.73530
C 238.12700 63.06660 12.79070
C 234.79600 62.31320 12.73950
C 245.64100 67.16760 12.85580
C 243.64300 61.14740 12.84940
C 244.73900 64.28060 12.85130
C 242.47200 66.51430 12.74980
C 241.38600 63.57980 12.78000
C 250.19900 62.39630 12.82920
C 248.04000 64.78090 12.89120
C 251.14500 65.37370 12.92400
C 247.01200 61.80060 12.86560
C 228.37000 69.51770 9.62752
C 231.51000 70.02940 9.60260
C 229.34400 72.54440 9.63440
C 232.61100 72.99340 9.63999
H 231.11600 71.86690 11.27850
H 227.82600 71.36540 11.12470
H 226.82800 68.34270 11.19600
H 230.08900 68.89200 11.27490
C 234.89300 70.63840 9.67548
C 237.06600 68.30810 9.65867
C 238.15600 71.29190 9.70070
C 235.92600 73.66160 9.71828
C 233.79100 67.69040 9.53610
H 233.31400 69.44550 11.20800
H 237.70100 73.10210 11.37190
H 234.42200 72.42180 11.30220
H 236.69500 70.11010 11.28840
H 238.86900 67.79180 11.20410
C 240.34900 69.09780 9.60580
C 241.41800 71.92350 9.64949
C 243.57800 69.59410 9.54722
C 244.70100 72.62680 9.66911
H 245.40800 68.99110 11.18410
H 243.21900 71.37180 11.25220
H 242.12900 68.34430 11.11270
H 239.95900 70.79930 11.33850
H 241.05300 73.78910 11.27360
H 246.52500 71.91140 11.25770
C 246.97500 70.15700 9.64038
C 250.28600 70.85250 9.82475
C 248.09600 73.18980 9.83993
C 252.52700 68.36670 9.81448
C 251.34900 73.72290 9.85431
C 249.02200 67.82790 9.69030
H 248.71600 69.61680 11.34000
H 252.06700 70.17380 11.46120
H 249.82500 72.59760 11.52300
H 253.17900 73.17220 11.48350
C 227.19700 74.81840 9.50995
C 230.35600 75.56190 9.64119
C 228.27100 77.90580 9.56723
C 231.52200 78.37290 9.68456
H 232.17000 74.84450 11.22530
H 227.80100 79.67970 11.17460
H 231.17700 80.25060 11.35140
H 230.01300 77.31150 11.34530
H 226.74800 76.69520 11.07770
H 228.92200 74.34370 11.27870
C 239.16200 74.32880 9.74230
C 233.71900 75.95410 9.65609
C 234.87000 79.01410 9.71428
C 238.11200 79.57710 9.84086
C 237.03700 76.57440 9.80509
H 233.34100 77.84130 11.27900
H 236.61800 78.41950 11.37260
H 235.48000 75.43480 11.39570
H 238.85200 76.12010 11.43030
C 240.28200 77.30180 9.73951
C 242.57200 75.04920 9.71504
C 245.91900 75.55120 9.86263
C 241.52500 80.28410 9.84043
C 243.78900 78.02950 9.87548
H 245.49000 77.31220 11.56420
H 240.01000 79.13530 11.36740
H 242.15000 76.84750 11.30290
H 244.30100 74.35740 11.36760
H 243.27900 79.75480 11.56320
H 246.58500 80.28530 11.77000
C 247.06600 78.50120 10.07180
C 250.36400 79.05610 10.12170
C 249.16300 76.02980 10.00190
C 252.54700 76.77590 10.02400
H 247.58000 74.90360 11.52120
H 251.02400 75.52470 11.51790
H 252.18800 78.51890 11.76780
H 248.83200 77.87530 11.72750
C 229.45500 80.76460 9.65513
C 227.20900 83.19890 9.60785
C 232.71600 81.43190 9.75002
C 230.56100 83.81160 9.65876
C 228.25800 86.13610 9.60512
C 231.67900 86.82000 9.74557
H 226.75200 84.99960 11.24290
H 230.05400 85.64800 11.28260
H 228.99100 82.63780 11.23110
H 232.28500 83.30880 11.34810
H 234.47300 80.78020 11.43020
C 239.24600 82.48410 9.85091
C 235.98300 81.94090 9.82400
C 233.81700 84.42630 9.76868
C 236.91400 85.01480 9.72598
H 236.60300 86.81860 11.42330
H 233.48000 86.25640 11.41860
H 235.58800 83.80640 11.41210
C 234.88300 87.33580 9.71054
H 237.75600 81.41120 11.48970
H 238.82300 84.47230 11.25850
C 244.88300 80.93580 10.05540
C 240.32700 85.60920 9.67172
C 242.60300 83.10780 9.87867
C 245.90900 83.77420 10.08470
C 243.88700 86.01530 9.79892
H 245.46200 85.62390 11.66510
H 242.12700 85.02630 11.28460
H 241.03300 82.06370 11.55970
H 244.31700 82.70380 11.60460
H 239.97600 87.37230 11.36890
H 249.87100 80.87580 11.67210
C 246.94300 86.75860 9.95910
C 248.07900 81.44140 10.12340
C 251.30400 81.95790 10.07860
C 249.11100 84.32140 10.11460
C 252.38800 84.90590 10.03630
C 250.11000 87.34480 9.88538
H 251.92000 86.81100 11.49480
H 248.72100 86.22160 11.61510
H 247.65100 83.25730 11.77530
H 253.23600 81.50240 11.61040
H 250.93100 83.80540 11.76390
C 230.43800 92.19160 9.64835
C 227.09800 91.63310 9.74233
C 232.67900 89.82170 9.62774
C 229.36600 89.27570 9.60003
H 227.89300 88.06720 11.12740
H 232.30000 91.72150 11.21660
H 230.13600 94.00020 11.22770
H 231.14100 88.66340 11.22220
H 228.89700 91.02680 11.29180
H 226.70500 93.38380 11.44220
C 236.03700 90.31800 9.64806
C 239.25700 90.95580 9.63710
C 233.82800 92.82450 9.58702
C 237.20700 93.48130 9.64921
C 238.10100 87.87220 9.80282
H 234.43000 89.25130 11.28120
H 237.75900 89.79020 11.32180
H 239.00300 92.80860 11.22750
H 235.62100 92.22800 11.15460
C 242.62300 91.57460 9.69578
C 245.96300 92.17580 9.80168
C 241.40500 88.47970 9.64725
C 244.87300 89.21320 9.78187
C 240.54300 94.01230 9.64659
H 243.27700 87.97800 11.20900
H 242.19800 93.39980 11.34470
H 245.54800 93.98690 11.31430
H 241.12000 90.39130 11.24750
H 244.36400 91.02580 11.42790
H 246.63200 88.64440 11.47510
C 251.34500 90.37870 9.89338
C 248.08700 89.72550 9.81844
C 249.30200 92.73510 9.83928
C 252.52000 93.48150 10.00760
H 247.77200 91.60490 11.41020
H 253.14100 89.81460 11.46010
H 249.84800 89.23900 11.46630
H 251.05100 92.22980 11.55070
H 231.13400 97.03380 11.43560
C 230.33700 100.38400 9.78213
C 231.61200 95.25590 9.71236
C 227.03200 99.81340 9.87351
C 228.26000 94.60340 9.95026
C 229.28600 97.39160 9.95235
C 232.62400 98.08840 9.72981
H 232.24800 99.95830 11.31330
H 228.85900 99.33020 11.49140
H 227.85300 96.33040 11.71170
H 234.48300 97.57700 11.31560
C 239.25600 99.23940 9.71116
C 238.19700 96.30920 9.70974
C 234.88800 95.75070 9.68053
C 235.97600 98.68540 9.72391
H 237.74900 98.15970 11.37180
H 236.67400 95.18190 11.35800
H 235.51400 100.53700 11.30890
H 233.38300 94.63820 11.29430
H 239.97600 95.78130 11.36220
C 243.75000 94.58130 9.76042
C 241.50800 96.92090 9.77332
C 244.84000 97.36530 9.70230
C 246.02200 100.66100 9.76131
C 242.62300 99.84600 9.71284
H 243.29100 96.40020 11.45100
H 241.05100 98.79480 11.34580
H 244.52900 99.34140 11.21390
C 248.14400 98.05310 9.84514
H 251.04700 100.59300 11.54630
H 246.60200 96.90370 11.36770
H 248.88100 94.59860 11.48580
H 247.67500 99.91310 11.51000
H 253.24900 98.19360 11.69300
C 251.49100 98.74310 9.94190
H 249.98100 97.60480 11.51510
C 250.53100 95.73840 9.97667
C 247.11100 95.05910 9.78875
H 252.21900 95.24440 11.72850
C 228.32700 69.58680 12.80130
C 231.58000 70.05540 12.89170
C 229.31100 72.47530 12.84460
C 232.59400 73.04850 12.88020
C 233.64100 67.60330 12.85590
C 234.81200 70.51490 12.86370
C 237.09500 68.29180 12.85710
C 238.15100 71.23040 12.96960
C 235.84900 73.52200 13.00700
C 240.36800 68.88160 12.81530
C 241.47600 71.97180 12.94170
C 243.55900 69.45510 12.78810
C 244.71400 72.54580 12.89060
C 246.82100 70.11500 12.86950
C 249.09000 67.74280 12.98460
C 250.19000 70.62460 13.05310
C 247.88400 72.93890 13.04220
C 252.31300 68.21920 13.00770
C 251.35300 73.68980 13.14170
C 226.99500 74.88100 12.72800
C 230.40800 75.41100 12.90780
C 228.09900 77.81120 12.86000
C 231.57600 78.37440 12.94990
C 239.25400 74.24240 12.94120
C 233.63200 75.98360 12.90530
C 234.81900 78.93740 13.00270
C 236.98900 76.59990 12.98670
C 238.13500 79.44160 12.94540
C 240.41100 77.28740 12.96310
C 242.49200 74.97510 12.93260
C 245.72100 75.44500 13.10750
C 241.40200 80.20930 13.16830
C 243.58500 77.87780 13.06920
C 246.90300 78.34140 13.29820
C 250.33000 79.08610 13.32090
C 249.19800 75.90550 13.17990
C 252.36600 76.57460 13.28630
C 229.23700 80.76690 12.86270
C 227.23100 83.22560 12.90550
C 232.63300 81.43890 13.00320
C 230.40500 83.83190 12.95610
C 228.26200 86.27450 12.81290
C 231.59700 86.83440 12.87200
C 235.85300 81.92440 13.06230
C 239.12900 82.71670 13.03880
C 233.78400 84.47310 13.01590
C 237.10100 84.95440 12.98170
C 234.83900 87.53670 13.01820
C 244.71100 80.91540 13.25130
C 240.32300 85.57420 12.94560
C 242.48200 83.30960 13.09400
C 245.74800 83.80170 13.30640
C 243.47000 86.21250 12.98030
C 246.87600 86.88960 13.19310
C 248.11000 81.42000 13.33430
C 251.43500 81.93480 13.28540
C 249.09700 84.47470 13.31540
C 252.35800 85.01690 13.21320
C 250.26900 87.44170 13.16480
C 229.30800 89.18000 12.84220
C 227.15000 91.48790 12.99090
C 232.58000 89.81800 12.84360
C 230.43700 92.13800 12.83270
C 235.94400 90.47360 12.87670
C 238.21000 88.00460 12.99780
C 237.15500 93.24140 12.83510
C 233.87800 92.82410 12.84250
C 239.30500 90.89070 12.87940
C 240.38300 93.97990 12.99090
C 245.97400 92.15750 12.97870
C 241.48500 88.54680 12.91120
C 242.49300 91.52700 13.03620
C 244.65300 89.14810 12.97220
C 248.17200 89.79150 13.08930
C 252.43800 93.32450 13.30440
C 249.14500 92.83350 13.07140
C 251.32400 90.38510 13.09870
C 232.74700 98.13610 12.96170
C 228.32700 94.60200 12.91070
C 229.37700 97.60770 13.14180
C 230.47100 100.46600 13.00630
C 231.54300 95.09740 12.93540
C 227.11300 99.89240 13.21510
C 235.95700 98.78200 12.96780
C 238.13500 96.30160 13.02520
C 234.85900 95.85560 12.92970
C 239.18500 99.33880 12.98250
C 244.85800 97.64020 12.99040
C 245.74600 100.63200 13.00140
C 241.47700 96.98200 12.99830
C 243.75400 94.46530 12.96500
C 242.75300 99.92640 12.85450
C 248.03000 98.12450 13.03840
C 246.95900 95.12680 13.02250
C 250.27800 95.80190 13.20070
C 251.35600 98.78820 13.19700
C 228.11000 102.78600 9.75898
C 231.42100 103.41300 9.70610
C 229.26200 105.74800 9.76969
C 232.55400 106.42100 9.78582
H 227.75500 104.61500 11.38740
H 226.64100 101.64900 11.47300
H 229.91300 102.24800 11.37430
H 231.12000 105.24200 11.38280
C 234.86700 104.09300 9.60788
C 237.06400 101.64500 9.64874
C 238.21500 104.74300 9.78223
C 236.03900 107.01400 9.76882
C 233.71800 101.12000 9.64359
H 236.64300 103.51200 11.27020
H 233.35200 102.98600 11.27020
H 237.77100 106.47300 11.45470
H 234.51600 105.88800 11.27440
H 238.82200 101.13700 11.25820
C 240.31800 102.29600 9.67794
C 241.51100 105.35400 9.74018
C 243.64000 102.94600 9.67435
C 244.91700 105.91600 9.95773
H 245.38500 102.41700 11.38200
H 242.20300 101.73100 11.25520
H 240.04800 104.12400 11.36700
H 241.09100 107.09900 11.47400
H 243.22600 104.71300 11.37890
C 246.96000 103.61000 9.88875
C 250.37100 104.23500 9.84215
C 248.12200 106.38800 9.95405
C 252.54400 101.71500 9.90629
C 251.41300 107.05300 9.89457
C 249.26300 100.98100 9.87542
H 249.92100 105.95300 11.63260
H 252.13500 103.55600 11.45250
H 253.31800 106.55700 11.36460
H 246.69200 105.30900 11.63340
H 248.87400 102.93700 11.34950
C 227.08900 108.14000 9.68105
C 230.44100 108.82700 9.78459
C 228.24700 111.18900 9.71757
C 231.59100 111.75200 9.91591
H 226.70700 109.99600 11.28050
H 228.86700 107.64300 11.36010
H 227.81800 112.98700 11.31650
H 229.93300 110.61800 11.45100
H 232.27200 108.32000 11.42420
H 231.12900 113.63400 11.51180
C 239.31200 107.68500 9.87536
C 233.86000 109.50900 9.86283
C 237.02900 110.18900 10.02430
C 235.02800 112.44200 9.99327
C 238.17700 112.90500 10.15430
H 238.87600 109.53300 11.55670
H 236.63400 111.88700 11.84650
H 235.66100 108.85200 11.44250
H 233.47800 111.26000 11.52280
C 240.39800 110.67000 9.95106
C 242.60500 108.21200 9.85520
C 245.88900 108.90100 9.86788
C 243.64700 111.28300 9.87206
C 241.43800 113.63300 9.97749
H 242.23000 110.06200 11.54820
H 243.27200 113.10300 11.53200
H 240.07700 112.41400 11.62170
H 244.40700 107.60300 11.41780
H 245.48500 110.69800 11.44550
C 246.93900 111.82900 9.78659
C 249.21900 109.33400 9.79494
C 252.45700 109.93700 9.77963
C 250.21600 112.45000 9.71049
H 246.50500 113.63700 11.37820
H 248.79800 111.25400 11.30060
H 250.96000 108.90100 11.51210
H 252.06500 111.84400 11.29860
H 247.69000 108.34300 11.47980
C 229.43900 114.04900 9.71236
C 227.11200 116.55500 9.69641
C 232.70800 114.70400 9.84737
C 230.56300 117.09400 9.69850
C 228.28000 119.51900 9.69006
C 231.75400 120.07300 9.81680
H 232.31800 116.58000 11.44020
H 228.93700 115.95100 11.23360
H 226.73800 118.42600 11.32490
H 230.10100 118.93500 11.28840
C 239.26800 115.92600 10.05680
C 236.14600 115.36400 10.04340
C 233.85400 117.78300 9.96145
C 236.96300 118.30900 9.97195
H 237.85500 114.76900 11.74240
H 234.48200 114.29400 11.54300
H 236.68300 120.16600 11.53710
H 235.60200 117.18500 11.64640
H 233.41000 119.60600 11.61070
H 238.76900 117.76300 11.60150
C 234.89000 120.65500 9.89463
C 244.75700 114.22900 9.84632
C 240.21100 118.85500 9.94774
C 242.53200 116.48900 9.93272
C 245.73100 117.11800 9.84471
C 243.55600 119.44700 9.84221
H 241.09800 115.42700 11.65980
H 245.47100 119.07900 11.38450
H 244.33200 116.04700 11.59940
H 242.05600 118.31800 11.52300
H 239.86300 120.74000 11.46980
C 246.99300 120.19800 9.78647
C 247.96300 114.80700 9.69886
C 251.30700 115.47600 9.67759
C 248.94700 117.81900 9.77730
C 252.44400 118.31800 9.55709
C 250.12800 120.80000 9.68951
H 253.17200 114.87400 11.27270
H 250.87900 117.24800 11.27200
H 252.01100 120.17100 11.17250
H 249.78400 114.27000 11.31690
H 247.61000 116.62300 11.36280
H 248.74500 119.65700 11.45160
C 230.54500 125.55500 9.60203
C 229.47300 122.36600 9.57464
C 227.16100 124.95100 9.69211
C 232.72400 123.17300 9.78291
H 230.03700 127.37000 11.22030
H 232.21000 124.97400 11.38990
H 226.75200 126.72500 11.42330
H 231.22500 121.97200 11.34110
H 229.02800 124.30300 11.15220
H 227.81900 121.38200 11.21480
C 233.73100 126.11600 9.80933
C 239.26700 124.37000 9.73583
C 235.97500 123.59900 9.80749
C 237.04200 126.68200 9.72090
C 238.09100 121.30300 9.81773
H 237.84500 123.18800 11.36250
H 238.83900 126.16100 11.40340
H 235.56900 125.51100 11.35950
H 234.44000 122.52900 11.46290
C 240.38800 127.33300 9.87683
C 241.44800 121.77800 9.82489
C 245.83500 125.58200 9.88151
C 242.51200 124.89800 9.86739
C 244.74400 122.54400 9.81997
H 245.40000 127.36200 11.50140
H 242.12500 126.67100 11.55400
H 244.36400 124.32600 11.45670
H 241.01300 123.67100 11.38690
H 243.21700 121.37200 11.41380
H 246.53900 121.98600 11.45790
C 252.38200 126.80100 9.81652
C 251.41800 123.72500 9.81133
C 248.07200 123.11200 9.88134
C 249.11100 126.16800 9.88461
H 253.22400 123.12000 11.44610
H 249.93400 122.55100 11.43870
H 250.96900 125.52300 11.45140
H 247.67700 124.94000 11.51620
C 230.36900 133.77600 9.80053
C 226.99100 133.23300 9.85150
C 231.63200 128.39100 9.63370
C 228.15300 127.97200 9.76270
C 229.23700 130.78200 9.75631
C 232.80200 131.49200 9.76235
H 228.84400 132.65500 11.38130
H 231.18100 130.29900 11.22260
H 232.25500 133.36500 11.35760
H 227.74300 129.73500 11.44710
C 239.22100 132.78000 9.96698
C 238.18800 129.72300 9.85384
C 235.98500 132.08000 9.85093
C 234.89200 129.10500 9.79875
H 234.51700 130.87800 11.47590
H 235.54600 133.83700 11.48090
H 236.71300 128.49400 11.35110
H 233.34700 127.94300 11.43150
H 237.76800 131.54500 11.46180
C 242.51400 133.40500 10.11210
C 241.41200 130.43400 9.87250
C 243.48900 127.90200 9.88041
C 245.85100 133.97600 10.02170
C 244.77200 130.86100 9.88389
H 244.38700 132.63700 11.58740
H 243.19600 129.74300 11.47360
H 240.00500 129.16500 11.48740
H 241.03500 132.16700 11.59860
C 251.47500 132.00900 10.02320
H 247.65900 133.25000 11.49420
H 248.70300 127.94600 11.54350
H 250.99700 133.86800 11.54630
C 250.13700 129.16500 9.94206
C 246.93800 128.43900 9.86654
H 252.01700 128.56500 11.55110
H 253.12200 131.51000 11.84260
H 246.60100 130.28300 11.49000
H 249.83100 130.94500 11.52140
C 248.08500 131.44600 9.84698
C 228.13600 102.81100 13.09850
C 231.50800 103.33700 12.92930
C 229.24200 105.79800 12.99500
C 232.70900 106.48900 12.96840
C 234.87800 104.10100 12.91150
C 237.02300 101.68100 12.89440
C 238.17300 104.56000 12.94400
C 235.91600 106.92300 12.99390
C 233.71300 101.14500 12.93320
C 240.40000 102.28600 12.87570
C 241.50000 105.23300 13.07070
C 243.54300 102.88600 12.98220
C 244.79200 105.73600 13.03170
C 249.15700 101.23400 13.05000
C 246.99100 103.56900 13.00760
C 250.31800 104.10500 13.07590
C 248.09700 106.62000 13.18460
C 252.46200 101.78500 13.18310
C 251.61300 107.10700 13.08300
C 227.09100 108.23800 12.99680
C 230.38700 108.74700 13.06610
C 228.05000 111.14100 12.99210
C 231.50900 111.72400 13.03270
C 239.27800 107.65700 13.07320
C 233.90300 109.33900 13.09370
C 237.04600 109.91200 13.21600
C 234.73500 112.56600 13.27580
C 238.30600 112.93000 13.31470
C 240.42000 110.53300 13.21670
C 242.61900 108.14500 13.08060
C 245.79200 108.83600 13.02590
C 243.75000 111.27300 13.11110
C 241.51100 113.56600 13.23280
C 247.03900 111.79500 12.99440
C 249.11500 109.55400 13.08820
C 252.60600 110.06400 12.99420
C 250.23200 112.47700 12.91030
C 229.21400 114.18700 12.94850
C 227.17900 116.72600 12.92370
C 232.60700 114.83800 13.12340
C 230.37500 117.12800 12.92690
C 228.30000 119.56100 12.90070
C 231.45200 120.12300 13.03160
C 239.33600 116.03700 13.29720
C 235.97900 115.34500 13.23040
C 233.70300 117.71200 13.17250
C 237.01500 118.38400 13.22650
C 234.95900 120.78100 13.19260
C 244.82500 114.15600 13.13590
C 240.29500 118.98000 13.12550
C 242.58300 116.62000 13.24940
C 245.87500 117.28700 13.06820
C 243.63700 119.56800 12.99470
C 246.97400 120.12600 13.08620
C 247.97400 114.78500 12.97330
C 251.35300 115.49100 12.87550
C 249.06200 117.78100 12.96490
C 252.58100 118.27600 12.70840
C 250.39000 120.65700 12.98590
C 229.34300 122.46900 12.86540
C 227.24300 124.78300 12.85370
C 232.66900 123.13100 13.04160
C 230.33200 125.54500 12.90610
C 236.01100 123.67100 12.99280
C 233.74600 126.01300 12.99160
C 236.98700 126.59400 13.03630
C 238.07200 121.42500 13.08500
C 239.27100 124.36500 13.03800
C 240.28400 127.23600 13.09400
C 244.71300 122.50100 13.07040
C 245.81900 125.48100 13.12440
C 241.40500 121.87900 13.05530
C 242.52800 124.74800 13.04530
C 252.42300 126.68900 13.14640
C 251.46400 123.66700 13.10530
C 248.12400 123.05200 13.05170
C 249.25600 126.08500 13.13760
C 227.09100 133.17200 13.09310
C 229.36100 130.77700 12.95380
C 231.40900 128.50200 12.94550
C 230.44400 133.64200 13.01350
C 232.60800 131.46900 12.90210
C 228.26000 127.82800 12.96310
C 239.20400 132.49300 13.21130
C 234.92000 129.02000 13.06180
C 235.98800 132.04600 13.11070
C 238.11900 129.72400 13.01630
C 243.60700 127.87100 13.11420
C 244.80100 130.78600 13.10210
C 241.44400 130.25900 13.17880
C 242.61700 133.16000 13.31620
C 245.94700 133.73400 13.25900
C 247.03100 128.43300 13.11230
C 248.02300 131.43700 13.14240
C 251.20300 132.07600 13.25780
C 250.22300 129.10800 13.13610
C 255.74400 2.14865 10.07410
C 256.71900 5.20868 9.92529
C 259.17100 2.74199 9.96771
C 253.56000 4.68092 9.99115
H 254.34200 1.10989 11.81040
H 255.31600 4.09903 11.65100
H 257.61800 1.63427 11.60800
H 258.60800 4.63181 11.47440
H 256.57000 7.09866 11.58540
C 260.14100 5.85886 9.95202
C 262.23600 3.48205 10.05370
C 265.68800 4.13416 10.00350
C 263.60000 6.50179 9.99229
C 266.74900 7.14246 10.01500
C 264.61800 1.18613 9.98960
H 260.85600 2.26746 11.73640
H 262.02900 5.39970 11.56460
H 264.17500 2.97407 11.61600
C 267.76000 1.81821 10.00850
C 270.88700 2.33047 10.00650
C 268.84100 4.70229 10.01580
C 271.98800 5.27483 10.00900
C 274.05300 2.92396 9.99285
C 277.11000 3.57113 9.99436
C 275.09900 6.03733 10.00490
C 278.28100 6.44198 10.01480
H 275.75700 2.31749 11.58550
C 279.21700 1.61049 9.98375
C 254.71300 7.64681 9.98269
C 258.04800 8.28971 9.96673
C 256.81500 13.53020 9.86772
C 255.92800 10.60220 9.95363
C 259.13400 11.11640 9.92722
C 253.42800 12.93660 10.04560
C 261.33100 8.74293 9.97097
C 264.53300 9.49863 10.05180
C 262.47500 11.82880 9.97242
C 265.62000 12.43350 10.03840
C 269.87500 7.76315 10.01320
C 272.98200 8.40766 10.01010
C 267.80400 10.16750 10.02360
C 270.92400 10.70980 10.01300
C 268.78900 13.16600 10.01290
C 271.93600 13.66440 10.01200
C 274.02500 11.37890 10.02840
C 276.09000 8.96183 10.02550
C 279.23700 9.12399 10.03330
C 277.16400 11.90760 10.03920
C 257.94800 16.45930 9.94295
C 254.56200 15.98700 10.03030
C 255.70100 18.86710 10.03250
C 259.12700 19.41910 9.95605
C 260.21800 14.20320 9.86927
C 263.55200 14.81270 9.96891
C 261.35700 17.16200 9.97362
C 266.68200 15.46790 10.01100
C 264.56300 17.84140 10.01140
C 262.47000 20.14000 9.91744
C 265.67800 20.85910 9.98031
H 267.43600 20.23020 11.57840
C 269.89900 16.07210 9.99044
C 273.03800 16.66150 9.99154
C 267.80900 18.39180 9.98604
C 270.97200 19.02880 9.96860
H 272.70800 18.45590 11.57970
H 269.56800 17.85870 11.58250
H 270.62900 20.84890 11.55580
C 275.16100 14.29010 10.02360
C 274.02100 19.68410 9.97550
C 278.32700 15.31370 10.04420
C 276.10700 17.31290 10.00370
C 279.25400 18.26650 10.01780
C 277.08400 20.34930 9.97583
H 275.71700 19.10020 11.58870
H 278.76100 19.80360 11.58850
C 253.55400 21.36120 10.16010
C 256.78000 21.91590 10.02570
C 254.65200 24.35280 10.13050
C 257.83000 24.89340 9.94187
C 255.72400 27.25210 10.05140
C 260.18000 22.57590 9.86782
H 265.38900 22.66330 11.55660
C 263.48900 23.24200 10.04600
C 261.28900 25.62000 9.99437
H 266.37400 25.60320 11.54870
C 266.82600 23.79260 9.94642
C 264.54200 26.15510 10.02420
H 260.86600 27.42780 11.60780
C 268.79200 21.31610 9.95816
C 271.97500 22.07370 9.95484
C 269.88900 24.43760 9.94759
C 272.98900 25.02640 9.95681
H 271.63300 23.86300 11.55480
H 268.52800 23.17630 11.54630
C 267.74000 26.73270 9.95548
C 270.91900 27.37700 9.96512
H 269.50900 26.20520 11.55370
H 272.66800 26.78800 11.56790
H 273.71000 21.51200 11.56830
C 275.11700 22.64640 9.95737
H 276.85900 22.24380 11.55860
C 278.43500 23.37370 9.95574
C 276.09100 25.62090 9.95292
H 274.74700 24.43990 11.55720
H 277.86400 25.14850 11.55080
C 279.20400 26.66580 9.96273
H 275.76600 27.37730 11.56080
C 253.60300 29.59790 10.10240
C 254.70400 32.59900 10.06600
C 257.96800 33.27630 10.05400
C 259.07700 27.96070 9.98071
C 256.83400 30.28540 10.03250
C 260.15300 30.80690 10.09880
C 262.35800 28.64670 9.97868
C 263.58600 31.58710 10.04390
C 266.73200 32.05790 9.98902
H 265.35400 30.87080 11.58540
C 265.68200 29.07930 9.97599
C 261.43100 33.81320 9.98548
H 264.12900 27.98370 11.60750
H 267.40500 28.54500 11.57380
H 270.50000 29.16830 11.58300
C 269.84600 32.86440 10.00220
C 271.90400 30.39230 9.98982
C 273.01400 33.40280 9.99908
C 268.76700 29.79480 9.98084
H 276.86300 30.51670 11.58020
H 278.77400 28.15940 11.57040
H 273.67400 29.79390 11.59420
H 274.76400 32.86340 11.59080
C 274.04600 27.95880 9.97225
C 276.11200 34.11340 9.98791
C 275.05400 31.02730 9.98573
C 278.43200 31.57500 9.97213
C 277.15400 28.64130 9.96715
H 277.88400 33.41390 11.57360
C 255.84500 2.27655 13.26550
C 256.89100 5.24937 13.21480
C 259.00500 2.88328 13.24040
C 253.57700 4.69544 13.29330
C 260.13700 5.73863 13.17410
C 264.63500 1.16972 13.23190
C 262.36600 3.58701 13.23610
C 265.75500 4.11750 13.20840
C 263.57600 6.47069 13.25730
H 265.37600 5.95457 11.60890
C 266.78700 7.19061 13.22240
H 267.44100 3.56864 11.61540
C 267.76500 1.76029 13.21400
C 270.92200 2.32144 13.21120
C 268.89100 4.73042 13.22240
C 272.02700 5.22547 13.21520
H 268.50400 6.49887 11.61810
H 272.63900 1.76545 11.59780
H 270.59800 4.12433 11.62310
H 271.61500 7.10752 11.61090
H 269.50100 1.17717 11.60570
C 279.24600 1.51651 13.19440
H 273.75700 4.72727 11.60290
C 274.03100 2.91285 13.19780
C 277.12600 3.53870 13.19880
C 275.09300 5.96885 13.20930
C 278.35800 6.62308 13.22070
H 278.81800 3.09755 11.59670
H 276.83000 5.43509 11.60790
C 254.67500 7.62604 13.18000
C 258.02700 8.23086 13.26300
C 255.85200 10.62320 13.20160
C 256.96700 13.55060 13.16950
C 259.09500 11.21690 13.12450
C 253.63200 12.88750 13.26500
H 257.65600 10.05780 11.61960
H 255.40700 12.41720 11.56690
H 259.79600 7.65562 11.63600
H 258.68700 13.06470 11.44800
H 254.35500 9.48563 11.58610
C 261.33500 8.84884 13.21610
H 266.36400 8.94831 11.62930
C 264.62800 9.48497 13.23690
C 262.36000 11.79350 13.21710
C 265.67400 12.46220 13.24360
H 264.16100 11.32540 11.69550
H 262.00500 13.67720 11.53890
H 260.93900 10.61990 11.49440
H 263.18600 8.29264 11.62140
C 269.91100 7.69580 13.21870
H 267.42700 11.93770 11.63090
C 273.00000 8.33288 13.21770
C 267.79700 10.12310 13.22940
C 270.87800 10.68250 13.21880
C 268.79300 13.13610 13.21910
C 271.92800 13.70130 13.21740
H 269.54100 9.52891 11.61880
H 272.65500 10.16680 11.61850
H 270.53800 12.50230 11.61340
H 274.73500 7.78442 11.61150
H 273.70600 13.10830 11.63230
C 274.06000 11.30640 13.23490
C 276.10600 8.97948 13.23070
H 277.85700 8.39768 11.63120
H 276.94100 13.83740 11.64140
C 279.32200 9.76476 13.24320
C 277.20800 11.93870 13.24600
H 278.85000 11.36230 11.64410
H 275.78400 10.71550 11.64170
C 257.97300 16.45850 13.14530
C 254.74600 15.97310 13.23730
C 255.91300 18.93190 13.35730
C 259.10300 19.56150 13.15430
H 257.56100 18.34270 11.54510
H 254.31200 17.79720 11.77450
H 256.42200 15.37300 11.50570
H 259.82300 16.03850 11.57900
H 255.40900 20.73060 11.69900
C 260.11100 14.13930 13.12280
H 265.30900 14.30040 11.62920
C 263.48000 14.70850 13.21360
C 261.29300 17.15440 13.22910
H 266.36100 17.32880 11.60600
C 266.77400 15.49470 13.21490
C 264.59100 17.84860 13.21730
C 262.43700 20.21650 13.24940
H 263.17100 16.63110 11.63650
H 264.21100 19.70580 11.61030
H 260.98800 19.02080 11.60180
C 265.69800 20.81250 13.18520
C 269.88500 16.10000 13.19690
C 272.98300 16.69550 13.19730
H 268.48600 14.94720 11.60370
H 271.62900 15.48580 11.59640
C 267.84800 18.42630 13.19070
C 270.99200 19.11040 13.17510
C 275.17200 14.35590 13.22930
C 274.01700 19.73960 13.18220
H 277.88400 16.78240 11.62780
C 276.10100 17.25970 13.21100
H 274.73700 16.09950 11.60740
C 278.49600 14.88200 13.25070
C 279.26000 18.24670 13.22820
C 277.07300 20.32750 13.18130
C 253.68400 21.34880 13.41910
C 256.93400 21.96410 13.21180
C 254.76300 24.30900 13.36460
C 257.99100 24.99120 13.22080
C 255.94700 27.31390 13.28850
H 254.30900 26.20890 11.79640
H 256.50600 23.75810 11.69850
H 258.71300 21.34670 11.51480
H 259.70800 24.37680 11.50750
H 257.57600 26.75580 11.51200
C 260.13400 22.58180 13.17000
C 263.55600 23.07210 13.13770
C 261.22100 25.50860 13.17620
C 266.83000 23.82950 13.15370
C 264.61900 26.08530 13.15940
H 261.93600 21.97140 11.55300
H 263.08000 24.95980 11.68780
C 268.81900 21.42700 13.16240
C 271.96000 22.03890 13.16490
C 269.86600 24.37650 13.15440
C 273.02600 24.99470 13.16290
C 267.76800 26.78530 13.16120
C 270.90400 27.35080 13.17140
C 279.26900 26.52180 13.17200
C 275.15800 22.67590 13.16440
C 278.42900 23.32090 13.16190
C 276.15300 25.59020 13.15950
C 253.67200 29.83290 13.32120
C 259.00100 27.87550 13.21030
C 254.75800 32.67080 13.27540
C 256.90900 30.35120 13.32260
C 258.06400 33.26290 13.27140
H 255.43300 29.16650 11.66580
H 259.84100 32.77730 11.59440
H 256.56100 32.12990 11.68180
H 258.60900 29.73690 11.68180
C 260.16900 30.91170 13.20630
C 261.38500 33.87260 13.24610
C 262.32600 28.53610 13.26230
H 266.38400 33.89240 11.59560
C 266.70800 32.13700 13.19530
C 263.60400 31.53490 13.14710
C 265.65800 29.03900 13.18250
H 262.06800 30.39580 11.65010
H 263.16600 33.36910 11.64730
H 268.49800 31.57550 11.59740
C 268.74000 29.77410 13.18920
C 273.02000 33.38580 13.20430
C 271.86600 30.46500 13.19750
C 269.85300 32.87620 13.20830
H 271.57900 32.24330 11.60220
C 277.14100 28.58080 13.17360
C 278.39500 31.81010 13.17800
C 276.12800 34.09640 13.19260
C 274.01400 27.91580 13.17690
C 275.07500 31.07630 13.19020
C 255.93500 35.62320 10.05090
C 256.82900 38.51700 10.07220
C 259.05800 36.34510 10.05990
C 253.66900 37.92430 9.96605
C 260.08100 39.36520 10.06250
C 262.40300 36.90790 9.98253
C 265.62800 37.46410 10.02620
C 263.48300 39.86320 10.03720
C 266.78700 40.46090 10.04250
C 264.62400 34.49700 9.97647
C 267.75300 35.11970 10.01000
C 270.87200 35.85750 10.01140
C 268.83900 38.05320 10.02590
C 271.96500 38.78920 10.03260
C 279.07100 35.05480 9.97442
C 273.93500 36.47230 10.01720
C 276.99700 37.23340 10.00070
C 275.03200 39.46810 10.02540
C 278.36200 40.19200 10.01060
H 278.69800 36.13440 11.59220
C 254.76400 41.07100 9.91596
C 257.95300 41.59190 10.02590
C 255.81400 44.05810 9.96516
C 259.03100 44.50290 10.02520
C 256.80000 46.89130 9.92377
C 253.60300 46.34910 9.90584
C 261.17900 42.21850 10.07760
C 264.51900 42.81320 10.09600
C 262.29700 45.15920 10.14580
C 265.62100 45.83810 10.03260
C 269.87500 41.06920 10.03380
C 272.89800 41.77490 10.02890
C 267.63400 43.52640 10.03880
C 270.79100 44.08040 10.02000
C 268.76500 46.46110 10.02300
C 271.95500 47.16770 10.00600
C 273.91300 44.73220 10.01130
C 276.07500 42.34570 10.01610
C 277.02800 45.33130 10.01170
C 279.15700 43.41540 10.01360
C 257.95200 49.91660 9.97535
C 254.67400 49.26830 9.83021
C 255.78500 52.32290 9.74970
C 259.08100 52.88100 9.93695
H 255.33100 54.14290 11.33970
C 260.15800 47.50580 10.09300
C 263.39900 48.14520 10.09850
C 261.32500 50.42990 9.98316
C 266.65100 48.83700 10.01920
C 264.51300 51.22180 10.07350
C 262.39300 53.50640 9.96767
C 265.62100 54.07400 10.00530
C 269.84700 49.46940 10.01490
C 272.98300 50.13820 10.00120
C 267.71500 51.88500 10.01290
C 270.84300 52.52160 10.00980
C 274.99100 47.78190 10.00420
C 276.14400 50.72820 9.99717
C 278.24100 48.55620 10.00630
C 273.94300 53.17490 9.99486
C 279.16400 51.63850 9.98661
C 277.05400 53.76060 9.98811
H 278.72600 53.17220 11.59150
C 253.54300 54.55890 9.65833
C 256.92900 55.23510 9.73049
C 254.69100 57.52040 9.47508
C 257.93100 58.23970 9.69780
C 255.75700 60.73460 9.56580
H 256.38700 57.10710 11.24370
H 257.45200 60.10190 11.21640
H 259.67100 57.80650 11.47760
H 254.28100 59.38700 11.04800
C 260.12100 55.93980 9.84834
C 263.46300 56.55280 9.95385
C 261.27600 58.89390 9.87590
C 266.68700 57.23600 10.00250
C 264.64700 59.57180 9.94198
H 260.85800 60.76220 11.46000
H 263.10100 58.48620 11.49120
C 268.75400 54.93920 10.01010
C 271.90700 55.49870 10.00120
C 269.82400 57.83850 10.00190
C 273.02700 58.51270 9.98882
C 267.73000 60.18360 9.99446
C 270.85100 60.82060 9.98117
H 272.60600 60.27120 11.57970
C 275.12500 56.16290 9.98852
C 278.41200 56.62940 9.97722
C 276.07100 59.11400 9.97807
H 276.91000 55.66400 11.58900
H 277.92200 58.56490 11.57430
H 274.75700 57.91190 11.59280
C 279.32400 60.02100 9.96210
H 275.72300 60.87030 11.57680
C 253.44700 63.03100 9.67768
C 259.03800 61.28610 9.78438
C 257.92300 66.57450 9.85640
C 254.62200 66.04930 9.79102
C 256.74000 63.61470 9.78835
H 255.22600 62.43120 11.31400
H 259.74600 66.00790 11.50730
H 256.42300 65.43190 11.43970
H 258.50500 63.03920 11.45720
C 260.14600 64.16900 9.91631
C 265.77500 62.59790 9.99476
C 261.23800 67.22030 9.91006
C 263.57600 64.80030 9.93553
C 266.72100 65.58280 9.99888
C 262.40100 61.84450 9.89009
H 263.05300 66.68330 11.53280
H 261.99700 63.68600 11.47830
H 270.59400 62.65290 11.57420
C 271.99200 63.80480 9.97850
C 269.89700 66.17660 9.99405
C 273.10000 66.68870 9.98761
H 271.65100 65.59420 11.59000
C 268.84700 63.23870 9.98485
H 277.94700 66.86350 11.57810
H 273.76700 63.28010 11.58100
H 278.84200 61.58290 11.57080
C 275.18000 64.48870 9.97938
C 273.95900 61.46970 9.97710
C 276.23800 67.44370 9.98124
H 274.83500 66.26420 11.58490
H 276.91800 63.94120 11.58060
C 278.43600 65.19560 9.98009
C 277.13700 62.07610 9.97230
C 255.86700 35.62080 13.31800
C 256.80600 38.67220 13.26790
C 259.24600 36.23650 13.26940
C 253.62200 38.04810 13.23640
H 254.44500 34.49120 11.63790
H 256.49000 40.44260 11.61000
H 255.41300 37.42800 11.67130
H 258.67700 38.12500 11.71520
H 257.68800 35.13560 11.68420
C 260.16800 39.23000 13.35140
C 262.41400 36.87760 13.23740
C 265.68300 37.45070 13.23280
C 263.50000 39.79510 13.24380
H 265.34000 39.30370 11.63850
C 266.78600 40.43980 13.24770
C 264.66900 34.47620 13.22900
H 261.92600 38.72300 11.61600
H 264.18800 36.31130 11.66620
H 260.96900 35.67190 11.57460
H 269.50900 34.61360 11.61400
H 267.41600 36.90560 11.62810
C 267.74700 35.12090 13.21560
C 270.91100 35.81220 13.21850
C 268.84500 38.02980 13.23180
H 272.63000 35.18210 11.61190
H 270.61000 37.56590 11.62000
C 271.95000 38.81270 13.23870
H 268.52400 39.85270 11.63820
H 271.62300 40.52110 11.64360
H 273.70200 38.18490 11.64140
C 279.11800 34.98290 13.18230
C 273.99200 36.37740 13.22250
C 277.06200 37.12050 13.20700
C 275.03900 39.43120 13.23120
C 278.33600 40.12390 13.21900
H 275.71100 35.87950 11.60610
H 276.83200 38.90230 11.61270
C 254.66700 41.10890 13.14700
C 257.82600 41.59700 13.31380
C 255.68600 44.04320 13.19310
C 258.89900 44.69480 13.24490
C 256.74500 46.98020 13.16550
C 253.49900 46.36270 13.11140
H 257.50400 43.45220 11.63620
H 259.68700 41.08140 11.76270
H 254.26600 42.86150 11.49950
H 258.58100 46.41690 11.55490
H 255.33500 45.83390 11.57640
C 261.21900 42.25460 13.35240
H 266.35500 42.25320 11.65590
C 264.59900 42.85580 13.27400
C 262.35200 45.23400 13.33620
C 265.68300 45.85730 13.23870
H 264.13200 44.66840 11.66630
H 260.81300 44.04780 11.76270
H 261.93100 47.04750 11.79080
H 263.03600 41.66840 11.70400
C 269.90900 41.06860 13.23990
H 267.34700 45.27420 11.63730
C 272.96000 41.78290 13.23610
C 267.71700 43.47050 13.24390
C 270.79000 44.12090 13.22650
H 269.43400 42.87140 11.63130
H 272.53000 43.56150 11.62370
C 268.77700 46.36420 13.22910
C 271.94400 47.13500 13.21260
H 270.54100 45.92020 11.61420
H 274.67700 41.19500 11.62950
H 273.65700 46.51580 11.60470
C 276.05100 42.35930 13.22270
H 277.87800 41.78670 11.61430
C 273.91600 44.66840 13.21800
C 277.04200 45.33030 13.22000
H 278.73600 44.83290 11.61500
C 279.21400 43.31600 13.22410
H 275.63700 44.10670 11.61490
H 276.71700 47.23490 11.61650
C 257.85100 49.92160 13.19250
C 254.55200 49.49950 13.02860
C 255.61800 52.33840 13.02720
C 259.03800 52.94640 13.07550
H 256.42800 48.78160 11.52820
H 259.74900 49.43520 11.63180
H 257.49700 51.79710 11.54370
H 254.18400 51.22810 11.30300
C 259.98200 47.55420 13.27510
H 265.26100 47.65720 11.62260
C 263.61800 48.12650 13.30420
C 261.25300 50.57570 13.29650
H 266.31100 50.66130 11.61930
C 266.61700 48.82790 13.22670
C 264.59100 51.22550 13.28400
C 262.31900 53.50610 13.22110
C 265.64000 54.08450 13.21170
H 260.88700 52.33720 11.54340
H 263.10000 49.99980 11.71840
H 264.14500 53.01710 11.63770
H 267.42600 53.68640 11.61140
C 269.86900 49.47030 13.22330
H 271.57200 48.95310 11.60980
C 272.94800 50.15070 13.20950
H 268.44000 48.25450 11.62700
C 267.76300 51.83220 13.22070
H 269.47900 51.26430 11.62040
C 270.83600 52.45480 13.21730
H 272.56200 51.92490 11.60360
H 270.52000 54.33410 11.61500
C 275.00300 47.71780 13.21130
C 276.12500 50.64240 13.20400
C 278.24800 48.49600 13.21530
H 277.88000 50.04950 11.60400
H 274.65400 49.52320 11.60190
C 273.94100 53.12880 13.20110
C 279.13000 51.59270 13.19470
C 277.05900 53.77510 13.19540
H 275.70400 52.44410 11.59600
C 253.46100 54.70260 12.86420
C 256.75300 55.35170 12.91620
C 254.56000 57.69130 12.82190
C 257.77900 58.30420 12.91610
C 255.60100 60.51650 12.83280
H 258.62700 54.76470 11.43620
C 259.98900 55.96640 13.14320
C 263.37900 56.59480 13.11950
C 261.17300 58.93360 13.11150
H 265.26600 55.95720 11.60110
H 266.34900 58.99600 11.60320
C 266.63900 57.16800 13.20960
C 264.57500 59.59320 13.14430
H 261.88800 55.35600 11.56980
C 268.75300 54.90780 13.21690
C 271.91900 55.56050 13.20880
C 269.86500 57.94820 13.20970
C 273.04200 58.46640 13.19570
H 268.42200 56.72140 11.61480
H 271.60100 57.33880 11.60350
C 267.68900 60.24960 13.20430
C 270.84400 60.81560 13.18650
H 269.46500 59.64810 11.59840
H 273.67200 54.96250 11.59570
C 279.36100 60.06760 13.17050
C 275.13700 56.13450 13.19700
C 278.41400 57.02380 13.18660
C 276.09700 59.14690 13.18490
C 253.40300 63.02630 12.92330
C 256.62700 63.51080 13.04290
C 258.87400 61.11720 12.97100
C 257.94700 66.57320 13.11900
C 254.57100 65.94650 13.02020
C 260.12400 64.04180 13.03920
C 266.74400 65.56010 13.20570
C 262.37100 61.84930 13.09740
H 265.31000 64.38290 11.60130
C 263.42800 64.81070 13.12560
C 265.72900 62.53450 13.20240
H 266.39300 67.35920 11.60940
C 261.23800 67.16670 13.18270
H 264.23900 61.46770 11.53600
C 269.92500 66.13040 13.20040
C 268.80700 63.20440 13.19050
H 267.44700 62.04180 11.59580
C 271.98200 63.81740 13.18480
C 273.10600 66.74950 13.19460
H 268.49100 64.99000 11.59560
C 275.15000 64.46630 13.18370
C 278.45900 64.97200 13.18620
C 274.01200 61.46820 13.18220
C 277.13900 62.00110 13.17820
C 276.18000 67.41740 13.18370
C 255.82400 69.03620 9.88017
C 256.86500 72.04430 10.00240
C 259.01800 69.61300 9.95358
C 253.68800 71.33550 9.90427
H 255.41500 70.78550 11.59040
H 258.61400 71.35960 11.65440
H 254.27500 67.84180 11.42970
H 257.51700 68.37550 11.52430
H 256.60200 73.73740 11.78540
C 260.18300 72.55530 10.04010
C 264.60600 67.81730 9.96925
C 262.40800 70.24530 9.99590
C 265.71700 70.84480 10.00350
C 263.57500 73.24620 10.00270
C 266.74800 73.89780 10.01500
H 260.82900 69.03190 11.55910
H 262.10000 72.05080 11.58580
C 267.81600 68.49520 10.00850
C 270.98300 69.08640 10.00650
C 268.96700 71.43730 10.01580
C 272.07900 72.07220 10.00900
C 279.38200 68.27080 9.98375
C 274.08100 69.70850 9.99285
C 277.23900 70.34000 9.99436
C 275.22100 72.69540 10.00490
C 278.40100 73.68130 10.01480
H 275.81000 69.18850 11.58550
C 254.86100 74.25880 10.05740
C 257.97100 74.90130 10.06410
C 256.90100 80.20530 10.17550
C 255.70000 77.26310 10.14730
C 259.13100 77.84990 10.05640
C 253.58000 79.66740 10.03180
H 259.89900 74.38900 11.60580
H 257.59000 76.72570 11.65220
H 254.24000 76.05060 11.72470
H 255.31400 79.10690 11.77780
H 258.73900 79.72460 11.66560
C 261.44000 75.57260 10.03330
C 264.55900 76.15430 10.09350
C 262.34200 78.53450 10.06600
C 265.65000 79.14600 10.03840
H 263.11300 74.96990 11.67780
H 260.92600 77.39410 11.70660
C 269.87200 74.44360 10.01320
C 273.03600 75.01380 10.01010
C 267.80300 76.81520 10.02360
C 270.89800 77.50040 10.01300
C 268.71300 79.88000 10.01290
C 272.03400 80.32910 10.01200
C 274.07700 78.01170 10.02840
C 276.21900 75.69220 10.02550
C 279.36400 76.71750 10.03330
C 277.19000 78.65390 10.03920
C 257.89100 83.30770 10.19060
C 254.79700 82.64130 10.06610
C 255.72300 85.68150 10.05540
C 259.00700 86.22730 10.13200
H 254.26900 84.48740 11.65990
H 259.74600 82.71930 11.80210
H 257.47500 85.13380 11.81640
H 255.28900 87.50100 11.61320
H 256.51300 82.08420 11.79690
C 260.21100 80.94260 10.11910
C 263.47900 81.49070 10.04020
C 261.21300 83.82880 10.14560
C 266.60100 82.16180 10.01100
C 264.67500 84.47910 10.00990
C 262.44600 86.73910 10.05050
C 265.76500 87.49400 9.98031
H 260.81000 85.72070 11.67050
H 267.50300 86.94320 11.57840
C 269.87800 82.75200 9.99044
C 273.03600 83.32170 9.99154
C 267.81700 85.16280 9.98604
C 271.02600 85.67820 9.96860
H 272.75300 85.14860 11.57970
H 269.55600 84.54350 11.58250
H 270.72300 87.45900 11.55580
C 275.18500 80.98210 10.02360
C 274.10500 86.35720 9.97550
C 278.41600 81.96030 10.04420
C 276.24000 83.91740 10.00370
C 279.34400 84.87140 10.01780
C 277.25000 86.93230 9.97583
H 275.81100 85.70130 11.58870
H 278.89600 86.36280 11.58850
C 253.54600 87.86320 9.94419
C 256.90000 88.59180 10.08660
C 254.74000 91.01230 9.97453
C 257.99400 91.44390 10.01730
C 255.71200 94.00810 10.08980
H 256.44200 90.39890 11.65720
H 254.25300 92.77540 11.68820
H 259.78900 91.03030 11.66510
H 258.73400 88.10160 11.74760
H 257.62500 93.34690 11.58390
C 260.16700 89.16230 10.01060
H 265.43500 89.31820 11.55660
C 263.55100 89.75220 10.03420
C 261.31100 92.07230 10.04220
H 266.45100 92.28630 11.54870
C 266.83300 90.50970 9.94642
C 264.65400 92.81770 9.99261
H 262.01300 88.63830 11.63740
H 260.93600 94.01920 11.55770
H 263.22100 91.62650 11.60680
C 268.89300 88.02160 9.95816
C 272.08800 88.76830 9.95484
C 269.89600 91.10510 9.94759
C 273.11100 91.68600 9.95681
H 271.68200 90.53500 11.55480
H 268.57200 89.84560 11.54630
C 267.84800 93.47460 9.95548
C 270.93000 94.07350 9.96512
H 269.57700 92.87680 11.55370
H 272.63500 93.42720 11.56790
H 273.79500 88.17620 11.56830
C 275.21900 89.29010 9.95737
H 276.96500 88.80740 11.55860
C 278.45100 89.81530 9.95574
C 276.20300 92.28400 9.95292
H 274.84600 91.11860 11.55720
H 278.01200 91.78980 11.55080
C 279.25200 92.64890 9.96273
H 275.78700 94.08270 11.56080
C 253.71300 96.38000 10.07070
C 259.08700 94.50300 9.99016
C 257.93900 99.95930 10.01760
C 254.70900 99.29450 10.04470
C 256.85400 96.96390 10.15880
H 255.38400 95.82080 11.81140
H 256.53000 98.84410 11.71890
H 258.72100 96.37270 11.66610
H 259.83900 99.33740 11.54470
C 260.16900 97.54390 9.93084
C 261.44900 100.59400 10.03150
C 266.76200 98.84630 9.98902
C 262.44100 95.16480 9.91897
H 265.36900 97.62290 11.58540
C 263.59200 98.15460 9.97566
C 265.69700 95.79150 9.97599
H 264.20300 94.62970 11.58840
H 262.00600 96.97290 11.54990
H 263.18500 99.90920 11.70230
H 267.49000 95.27330 11.57380
C 268.87700 96.45890 9.98084
H 270.59500 95.85000 11.58300
C 269.93000 99.52200 10.00220
C 271.96700 97.09960 9.98982
C 273.02300 100.05700 9.99908
C 276.13700 100.70000 9.98791
H 278.87600 94.80120 11.57040
C 274.01700 94.58110 9.97225
C 275.14200 97.62920 9.98573
C 277.20600 95.32770 9.96715
H 274.76600 99.44270 11.59080
C 278.42500 98.62460 9.97213
H 276.95800 97.25680 11.58020
H 273.72900 96.41930 11.59420
H 277.97300 100.17300 11.57360
C 255.73000 68.88340 13.17070
C 256.85400 71.85280 13.33760
C 258.99400 69.47440 13.21410
C 253.52500 71.32290 13.14900
C 260.21600 72.47570 13.19430
C 264.52900 67.75890 13.17270
C 262.37500 70.13880 13.18730
C 265.70100 70.86820 13.20840
C 263.59300 73.15800 13.23720
H 265.34500 72.66240 11.60890
C 266.76100 73.83800 13.22240
H 264.21900 69.63580 11.60040
H 269.54400 67.90690 11.60570
H 267.45500 70.33000 11.61540
C 267.84200 68.51500 13.21400
C 270.98000 69.01560 13.21120
C 268.90100 71.41600 13.22240
C 272.09500 72.06140 13.21520
H 268.50400 73.24260 11.61810
H 272.74200 68.50250 11.59780
H 270.65100 70.88310 11.62310
H 271.66200 73.86610 11.61090
H 273.83000 71.49770 11.60290
C 274.08800 69.70530 13.19780
C 277.21300 70.35350 13.19880
C 275.20500 72.71100 13.20930
C 278.40500 73.64040 13.22070
H 278.89200 69.91400 11.59670
H 276.95800 72.26620 11.60790
C 279.34300 68.27150 13.19440
C 254.69500 74.18300 13.25340
C 258.14400 74.91170 13.31900
C 255.78200 77.21350 13.32180
C 256.87900 80.25320 13.32590
C 259.05700 77.87930 13.28230
C 253.58700 79.77680 13.37920
C 261.35400 75.52300 13.28850
H 266.38100 75.67250 11.62930
C 264.60600 76.12490 13.25450
C 262.39800 78.56840 13.35060
C 265.64900 79.15210 13.24360
H 264.13400 77.98380 11.66570
H 261.98700 80.36950 11.70740
C 269.90900 74.37840 13.21870
H 267.41100 78.62750 11.63090
C 273.02200 75.03230 13.21770
C 267.82300 76.83750 13.22940
C 270.92300 77.47930 13.21880
C 268.78700 79.86020 13.21910
C 271.97300 80.41160 13.21740
H 269.54100 76.21730 11.61880
H 272.66900 76.83000 11.61850
H 270.51200 79.28580 11.61340
H 274.78900 74.47990 11.61150
H 273.74300 79.83150 11.63230
C 274.02900 77.94830 13.23490
C 276.19800 75.66880 13.23070
H 278.01500 75.12270 11.63120
H 276.92300 80.53370 11.64140
C 279.30400 76.67680 13.24320
C 277.18000 78.62230 13.24600
H 278.87000 78.13970 11.64410
H 275.81500 77.38600 11.64170
C 257.99200 83.32650 13.40540
C 254.66100 82.69730 13.31160
C 255.59300 85.75830 13.30640
C 259.05100 86.23140 13.36070
C 260.19300 80.85450 13.34560
H 265.26100 80.91280 11.62920
C 263.49000 81.53490 13.25120
C 261.32600 83.92720 13.32990
H 266.43100 84.00420 11.60600
C 266.60200 82.13590 13.21490
C 264.68300 84.55770 13.21830
C 262.49100 86.81000 13.22180
H 264.27400 86.36200 11.57680
H 263.13100 83.36590 11.68410
C 265.73300 87.56160 13.18520
C 269.86100 82.72340 13.19690
C 273.04400 83.39280 13.19730
H 268.36300 81.63620 11.60370
H 271.60600 82.19010 11.59640
C 267.83300 85.12340 13.19070
C 270.98900 85.64290 13.17510
C 275.16100 81.05830 13.22930
C 274.09800 86.40200 13.18220
H 277.97300 83.36010 11.62780
C 276.18000 83.92000 13.21100
H 274.77300 82.80650 11.60740
C 278.51400 81.55050 13.25070
C 279.28600 84.89270 13.22820
C 277.16100 87.00650 13.18130
C 253.39800 87.97030 13.14850
C 256.82900 88.55180 13.22660
C 254.59500 90.85090 13.22780
C 257.96300 91.48420 13.27580
C 255.81900 93.93400 13.28660
C 260.27600 89.28330 13.30650
C 263.65100 89.77720 13.18500
C 261.39700 92.18130 13.17600
C 266.83200 90.52350 13.15370
C 264.72900 92.87120 13.17750
C 268.98800 88.06330 13.16240
C 272.11300 88.70530 13.16490
C 269.90500 91.06410 13.15440
C 273.06200 91.66740 13.16290
C 267.80500 93.42710 13.16120
C 270.92300 94.00000 13.17140
C 275.20300 89.38080 13.16440
C 278.39700 89.87190 13.16190
C 276.24600 92.33230 13.15950
C 279.37700 93.31190 13.17200
C 260.25100 97.50300 13.23510
C 256.94000 96.95660 13.31870
C 253.57700 96.41710 13.43310
C 259.14200 94.46950 13.23350
C 254.68300 99.38370 13.30450
C 258.11500 99.92690 13.26450
C 266.74200 98.89020 13.19530
C 263.56600 97.92640 13.22060
C 261.29700 100.53200 13.21780
C 265.70600 95.75460 13.18250
H 266.41200 100.68800 11.59560
C 262.41100 95.14700 13.21230
H 268.50700 98.28470 11.59740
C 273.05200 100.10200 13.20430
C 268.86200 96.46780 13.18920
H 271.67100 98.86250 11.60220
C 271.96900 96.97610 13.19750
C 269.90100 99.47550 13.20830
C 278.42600 98.63980 13.17800
C 276.19600 100.66700 13.19260
C 273.99400 94.63050 13.17690
C 277.17700 95.29670 13.17360
C 275.16800 97.63380 13.19020
C 255.85100 102.25000 9.95836
C 257.00800 105.25600 9.77640
C 259.13900 102.83900 9.99139
C 253.67900 104.59900 9.81272
H 254.30600 101.18600 11.61720
H 255.47800 104.19400 11.42630
H 256.58000 107.05600 11.38790
H 258.74100 104.73800 11.48170
H 257.61300 101.79600 11.69270
C 260.24600 105.96600 9.93646
C 264.61200 101.15000 9.98562
C 262.37900 103.61400 10.03250
C 265.80100 104.21000 10.02620
C 263.56700 106.41700 10.10830
C 266.78300 107.24600 10.04250
H 260.90100 102.37900 11.65570
C 267.80900 101.83700 10.01000
C 270.92100 102.49500 10.01140
C 268.84500 104.88100 10.02590
C 272.01600 105.44900 10.03260
C 274.06900 103.05300 10.01720
C 277.23000 103.71000 10.00070
C 275.17100 106.07700 10.02540
C 278.50800 106.67900 10.01060
H 278.89100 103.25800 11.59220
C 279.28100 101.77800 9.97442
C 253.48900 112.98600 9.66413
C 254.78400 107.71000 9.73903
C 258.07100 108.29600 9.82374
C 255.87600 110.70700 9.71816
C 259.30200 111.21200 9.92411
C 256.90900 113.48700 9.86725
H 258.79700 113.06000 11.43780
H 255.26800 112.49200 11.34800
H 254.35500 109.55200 11.32830
H 257.57100 110.08300 11.42670
H 259.76600 107.74500 11.55580
C 261.39300 108.85900 9.98869
C 264.62000 109.48000 10.06350
C 262.48900 111.76000 9.93730
C 265.66100 112.53000 10.03260
H 261.02000 110.66200 11.60800
C 269.90300 107.78700 10.03380
C 272.97800 108.37100 10.02890
C 267.80100 110.17600 10.03880
C 270.95600 110.72800 10.02000
C 268.79300 113.16300 10.02300
C 272.09100 113.74700 10.00600
C 274.09900 111.40500 10.01130
C 276.16100 109.01200 10.01610
C 277.21100 112.12500 10.01170
C 279.32400 109.95100 10.01360
C 258.05200 116.62500 9.76082
C 254.65800 115.85900 9.57191
C 255.98800 119.07800 9.59241
C 259.06600 119.63400 9.81798
H 257.58400 118.45700 11.40060
H 255.47400 120.84500 11.21340
H 254.35300 117.82400 11.04210
H 256.45700 115.49600 11.24780
H 259.69500 116.03400 11.53590
C 260.28500 114.22600 9.85457
C 263.53700 114.81800 10.01560
C 261.24400 117.15200 9.94873
C 266.79500 115.54600 10.01920
C 264.61900 117.83200 10.02210
C 262.46600 120.23000 9.97922
C 265.74000 120.81400 10.00530
C 269.91000 116.18100 10.01490
C 273.07700 116.73800 10.00120
C 267.77100 118.51200 10.01290
C 270.96500 119.04300 10.00980
C 275.32800 114.40500 10.00420
C 274.05900 119.67200 9.99486
C 276.12800 117.36600 9.99717
C 278.60400 115.28500 10.00630
C 279.18400 118.51800 9.98661
C 277.14400 120.41900 9.98811
H 278.86200 119.90500 11.59150
C 253.59500 121.35300 9.68347
C 257.10300 122.17000 9.81482
C 254.65500 124.31300 9.80254
C 258.02600 124.90700 9.89563
C 255.76500 127.39600 9.97924
H 258.73000 121.44000 11.51720
H 256.42100 123.87400 11.50360
H 257.67500 126.75600 11.50030
H 254.17200 126.15500 11.45820
H 259.86300 124.44200 11.53630
C 260.28000 122.63300 9.91768
C 263.52600 123.23700 10.02950
C 261.33500 125.57600 9.90365
C 266.74300 123.82300 10.00250
C 264.59700 126.15000 9.99025
H 261.97900 121.99900 11.61990
H 260.92000 127.39700 11.47440
C 268.77100 121.46800 10.01010
C 271.95500 122.06000 10.00120
C 269.82400 124.45700 10.00190
C 272.91900 124.99300 9.98882
C 267.75700 126.90300 9.99446
H 272.62000 126.79900 11.57970
C 270.88900 127.37100 9.98117
C 275.11800 122.71800 9.98852
C 278.39600 123.60200 9.97722
C 276.01300 125.74500 9.97807
H 276.89600 122.28700 11.58900
H 277.82000 125.20900 11.57430
H 274.70400 124.49800 11.59280
C 279.20700 126.65100 9.96210
H 275.73800 127.51100 11.57680
C 253.56900 129.86600 10.03940
C 259.08800 127.84200 9.88238
C 256.91800 130.27500 9.94230
C 254.67900 132.69500 10.18890
C 258.00100 133.19700 9.95925
H 258.71700 129.69600 11.51410
H 255.40000 129.20800 11.56790
H 259.83900 132.71500 11.57530
H 256.56900 132.05700 11.67580
C 260.14000 130.87200 9.92940
C 266.75100 132.14500 9.99888
C 265.71900 129.16800 9.99476
C 263.55100 131.45600 10.00520
C 261.36300 133.87700 10.02310
C 262.44300 128.49700 9.87357
H 263.18300 133.33600 11.62280
H 261.97600 130.32600 11.52340
H 271.57500 132.18100 11.59000
C 272.99600 133.35500 9.98761
C 271.86500 130.37000 9.97850
C 268.71600 129.80200 9.98485
H 270.47000 129.21300 11.57420
C 269.81600 132.75400 9.99405
H 278.83000 128.19600 11.57080
C 278.41600 131.85300 9.98009
C 277.11900 128.74400 9.97230
H 277.86000 133.51200 11.57810
H 276.89400 130.60700 11.58060
H 274.70300 132.77300 11.58490
C 275.12700 130.96400 9.97938
C 276.06700 133.95000 9.98124
C 273.96000 128.05000 9.97710
H 273.66400 129.83200 11.58100
C 255.77200 102.42400 13.16910
C 256.89500 105.27300 13.09630
C 259.07900 103.03700 13.25400
C 253.65700 104.70500 13.03220
C 260.09000 105.91900 13.19260
C 264.63800 101.22700 13.24440
C 262.49800 103.48800 13.23720
C 265.75500 104.18400 13.23280
C 263.55600 106.50300 13.23190
H 265.40800 105.99300 11.63850
C 266.77300 107.17800 13.24770
H 261.95500 105.37800 11.67430
H 264.27100 103.02600 11.57800
H 269.56600 101.29100 11.61400
H 267.50800 103.63100 11.62810
C 267.80300 101.81300 13.21560
C 270.95600 102.51100 13.21850
C 268.88700 104.83600 13.23180
H 272.65900 101.87900 11.61190
H 270.61000 104.30800 11.62000
C 272.05200 105.41100 13.23870
H 268.49300 106.62900 11.63820
H 271.65400 107.19700 11.64360
H 273.78500 104.86100 11.64140
C 274.05600 103.04100 13.22250
C 277.19200 103.74100 13.20700
C 275.18700 106.07100 13.23120
C 278.46500 106.95700 13.21900
H 275.80900 102.47600 11.60610
H 276.93400 105.61000 11.61270
C 279.25300 101.76900 13.18230
C 253.49100 113.04200 12.97650
C 254.75900 107.75600 12.95860
C 257.90600 108.26900 13.09330
C 255.78800 110.72900 12.99130
C 259.05500 111.24500 13.05570
C 256.84600 113.64500 12.84680
C 261.33700 108.78400 13.19660
H 266.42800 109.01000 11.65590
C 264.61100 109.46700 13.19470
C 262.40200 111.87900 13.24810
C 265.66000 112.57600 13.23870
H 264.20400 111.33000 11.65400
H 263.16300 108.30700 11.61600
H 262.01000 113.65900 11.56140
C 269.90300 107.78700 13.23990
H 267.43200 111.96100 11.63730
C 273.03500 108.35800 13.23610
C 267.79400 110.15200 13.24390
C 270.94700 110.75900 13.22650
H 269.54400 109.57300 11.63130
H 272.74800 110.17300 11.62370
C 268.87100 113.16800 13.22910
C 272.04500 113.82200 13.21260
H 270.64300 112.56500 11.61420
H 274.77300 107.83500 11.62950
H 273.83700 113.23900 11.60470
C 274.09800 111.40300 13.21800
C 276.16500 108.99400 13.22270
H 277.96000 108.47400 11.61430
C 277.20800 112.13100 13.22000
H 278.89100 111.52300 11.61500
C 279.31900 110.03600 13.22410
H 275.86300 110.80400 11.61490
H 277.06300 114.00800 11.61650
C 257.74000 116.58200 13.03500
C 254.64500 116.09700 12.81360
C 255.71400 118.92000 12.83630
C 258.99800 119.55400 13.11500
C 260.20200 114.25400 13.17820
H 265.35500 114.34300 11.62260
C 263.55500 114.80600 13.19620
C 261.15700 117.19500 13.14450
H 266.41100 117.28700 11.61930
C 266.79500 115.53500 13.22670
C 264.64000 117.83300 13.20900
C 262.36100 120.09400 13.19390
H 264.25200 119.66100 11.62270
C 265.68100 120.81100 13.21170
H 263.06800 116.70300 11.59110
H 260.84200 119.03700 11.47860
H 267.42400 120.26900 11.61140
C 270.00900 116.13500 13.22330
H 271.69800 115.54600 11.60980
C 273.07500 116.73600 13.20950
H 268.55000 114.94800 11.62700
C 267.75900 118.49700 13.22070
H 269.51100 117.92500 11.62040
C 270.97800 119.00400 13.21730
H 272.69100 118.47800 11.60360
H 270.56200 120.87200 11.61500
C 275.22100 114.49600 13.21130
C 276.19600 117.38600 13.20400
C 278.60300 115.15200 13.21530
H 277.95900 116.94100 11.60400
H 274.81500 116.17400 11.60190
C 274.06200 119.70100 13.20110
C 279.24800 118.42200 13.19470
C 277.16900 120.40400 13.19540
H 275.80100 119.13600 11.59600
C 253.61300 121.13700 12.86170
C 256.79100 121.90500 13.00470
C 254.60800 124.39200 13.15310
C 258.01400 124.88400 13.13920
C 255.75800 127.26100 13.02060
C 260.18600 122.61600 13.23140
C 263.55400 123.21000 13.20120
C 261.31400 125.62000 13.18660
H 265.32600 122.62100 11.60110
H 266.37600 125.62800 11.60320
C 266.74100 123.82000 13.20960
C 264.64600 126.21700 13.19220
H 263.11500 125.05200 11.60130
C 268.80200 121.48000 13.21690
C 271.97200 122.03100 13.20880
C 269.81200 124.42800 13.20970
C 272.97100 125.00300 13.19570
H 268.47900 123.23100 11.61480
H 271.54000 123.83400 11.60350
C 267.72000 126.80300 13.20430
C 270.90900 127.42100 13.18650
H 269.48800 126.25600 11.59840
H 273.74000 121.50600 11.59570
C 275.14400 122.73400 13.19700
C 278.38200 123.23500 13.18660
C 276.02800 125.70700 13.18490
C 279.22000 126.64900 13.17050
C 253.57900 129.53300 13.25110
C 257.01700 130.20600 13.24180
C 258.04400 133.22700 13.24590
C 259.13400 127.91900 13.17410
C 254.80700 132.60000 13.33730
C 260.19600 130.88400 13.18000
C 263.50800 131.37400 13.15490
C 261.34300 133.73100 13.28180
H 265.31200 130.94100 11.60130
C 266.68200 132.12200 13.20570
H 266.38700 133.96500 11.60940
C 262.46500 128.50400 13.11220
C 265.67800 129.14500 13.20240
H 264.23400 128.00400 11.55670
C 269.81700 132.77900 13.20040
C 271.91400 130.35000 13.18480
C 268.70500 129.80100 13.19050
H 267.39000 128.59800 11.59580
H 268.44300 131.59200 11.59560
C 272.98300 133.34700 13.19460
C 273.97100 128.02100 13.18220
C 277.16400 128.74000 13.17820
C 276.03300 134.00700 13.18370
C 278.44500 131.66600 13.18620
C 275.11900 130.99600 13.18370
