14208
Frame 26
C -41.79090 4.61571 9.97813
C -43.15910 7.37825 9.96391
C -39.86130 6.80834 9.96855
H -40.45610 3.37511 11.58800
H -43.49040 4.05047 11.57260
H -41.60680 6.37361 11.56820
C -43.87400 2.64200 9.95621
C -44.95580 5.40018 10.00910
H -45.03150 6.86334 11.56450
C -38.77730 3.87748 9.98767
H -38.43430 5.67927 11.56710
C -35.70050 3.16198 9.99067
C -36.67260 6.21741 9.97477
C -33.62760 5.58323 9.98210
H -35.31880 4.99446 11.57910
H -36.38020 8.03689 11.57310
H -33.24390 7.36882 11.58160
H -34.21400 2.11698 11.58360
C -32.49250 2.70067 9.98683
H -32.14930 4.51397 11.57960
C -31.48120 7.89476 9.98477
C -30.36440 4.98527 9.98580
C -27.07450 4.21565 9.87199
C -28.13760 7.20958 9.87853
H -29.96270 6.81629 11.58290
C -29.33870 2.03166 9.95414
H -28.86540 3.85021 11.55450
H -26.47880 6.10454 11.39390
C -23.66430 3.68679 9.65313
C -24.76110 6.70795 9.69353
C -20.25020 3.01122 9.55485
C -21.33890 6.09087 9.62171
H -22.01390 2.60226 11.21570
H -19.82340 4.89555 11.15820
H -20.88070 7.87192 11.22850
H -25.37150 3.15791 11.34300
H -23.16730 5.53010 11.26600
H -39.47400 8.57027 11.56540
C -45.04850 13.56510 10.06510
C -40.84940 9.75970 9.96282
H -42.65380 9.19551 11.55310
C -43.88190 10.69760 9.96411
C -41.85690 12.82320 9.97469
H -41.60160 14.61790 11.57910
H -43.55790 12.13720 11.57430
H -40.47970 11.51950 11.56340
C -38.75310 12.11390 9.97442
C -34.59070 8.56802 9.97705
H -38.40300 13.92560 11.58150
C -37.75850 9.23534 9.97225
C -35.62860 11.53280 9.97648
C -36.63180 14.44990 9.98037
C -33.48620 13.82660 9.98377
H -35.20980 13.29280 11.57450
H -37.35780 11.01620 11.57480
H -34.28310 10.36510 11.57240
C -32.56010 10.95840 9.98471
H -32.09280 12.69810 11.59040
H -31.20440 9.71698 11.58460
C -25.84350 9.64123 9.76024
C -29.28410 10.16800 10.05510
C -30.24190 13.15800 10.06980
C -26.96810 12.58940 9.95476
H -27.66640 9.07617 11.42210
H -26.46040 14.38790 11.58810
H -28.76770 12.02760 11.70440
C -19.01190 8.43242 9.66109
C -23.49690 12.03070 9.80403
C -22.50460 9.02751 9.73558
C -20.21020 11.24830 9.68855
C -21.33700 14.32470 9.69767
H -21.96980 10.74360 11.41770
H -19.80400 13.15830 11.21460
H -25.34320 11.40560 11.41570
H -23.15510 13.76460 11.35590
H -24.32400 8.49313 11.37440
C -39.81470 15.15900 9.98519
C -43.13550 15.70210 9.99571
C -40.74190 18.08680 9.98957
H -39.39030 16.88130 11.58670
C -41.84530 20.88440 9.98622
H -40.37800 19.82680 11.57810
C -43.95250 18.50330 10.00990
C -45.01070 21.68170 9.98531
C -38.66990 20.28270 9.98370
C -37.66990 17.36580 9.98307
C -34.59810 16.84060 9.98463
H -36.30320 16.18820 11.57820
H -33.13950 15.67530 11.58370
C -35.47900 19.73560 9.99320
H -37.22770 19.15170 11.57540
H -34.14720 18.57620 11.58950
C -32.44610 19.20530 10.00840
H -29.82220 15.09730 11.56250
C -31.44260 16.17950 9.99581
C -27.93540 15.64820 9.98757
C -25.78760 17.87250 9.87663
C -29.21400 18.48030 10.00780
C -26.93670 20.83690 10.00820
C -30.37130 21.54550 9.96575
C -24.75420 14.87020 9.79574
C -23.59550 20.32230 9.96594
C -22.41660 17.32230 9.74587
C -19.04420 16.60850 9.70374
C -20.10110 19.64720 9.94373
H -20.83180 16.15800 11.28000
C -43.08190 23.83890 9.99194
C -39.75830 23.19490 9.99350
H -41.56790 22.73520 11.57580
C -40.77290 26.28500 10.00880
H -42.57700 25.64740 11.58560
C -43.97430 27.07640 10.00000
H -38.32880 22.08630 11.59150
C -36.57420 22.72760 10.01140
C -33.44530 22.15040 10.01530
C -37.63540 25.65710 10.02190
C -34.53760 25.09260 10.02800
C -35.69460 28.02960 10.02080
C -32.52630 27.49680 10.01910
C -28.08430 23.74540 10.05420
C -31.46910 24.54800 10.01990
C -25.74640 26.07700 10.01450
C -29.23780 26.61480 10.05620
C -20.29450 27.81200 10.24400
C -24.62700 23.22430 10.03880
C -21.32330 22.51400 10.26630
C -19.10030 24.93540 10.26940
C -22.44480 25.46220 10.24990
C -45.00070 29.96910 9.97495
C -39.87730 31.63370 10.02120
C -40.98070 34.55440 10.02920
C -41.86340 29.19690 10.01250
C -43.09230 32.19310 10.01430
C -37.70950 33.96760 10.01860
C -33.58550 30.40250 10.00900
C -36.79290 30.94060 10.01700
C -38.72750 28.58940 10.02670
C -34.65380 33.35830 10.01110
C -25.98150 34.47080 9.91636
C -26.95050 29.08590 10.06160
C -31.55860 32.75030 10.00500
C -28.14360 32.04470 10.01710
C -30.40980 29.78210 9.94433
C -24.92440 31.36970 9.99470
C -21.30390 30.76890 10.13010
C -23.53180 28.45280 10.02890
C -19.04270 32.94150 10.25310
C -22.57780 33.67800 10.14420
C -41.76350 4.58863 13.17510
C -43.16330 7.32215 13.15900
C -39.84040 6.84885 13.16450
C -44.97130 5.28316 13.20670
C -43.87470 2.11203 13.15210
C -38.73550 3.91524 13.18500
C -35.62050 3.15997 13.18780
C -36.63560 6.19388 13.17110
C -33.60110 5.61271 13.17770
H -37.42060 2.71007 11.60460
C -32.48670 2.72721 13.18460
C -31.50540 7.87354 13.18180
C -30.37070 4.95371 13.16430
C -26.87680 4.22112 12.98060
C -28.04100 7.15870 13.02780
C -29.24120 2.00141 13.11340
C -23.56690 3.68246 12.92160
C -24.62310 6.59144 12.98150
C -20.11440 2.98832 12.81070
C -21.32280 6.02014 12.82920
C -40.87710 9.76874 13.15790
C -43.89500 10.14530 13.16180
C -41.87360 12.71730 13.16920
C -44.97050 13.52820 13.26280
H -44.99630 14.89410 11.60550
C -38.78580 12.12690 13.17070
C -34.62490 8.60547 13.17430
C -37.77080 9.26053 13.17060
C -33.49390 13.90270 13.18060
C -36.63410 14.45630 13.17620
C -35.63450 11.53810 13.17160
C -32.58750 10.92820 13.18160
C -25.81210 9.55371 13.07480
C -29.27000 10.27490 13.06290
C -30.31220 13.26110 13.21570
C -26.76930 12.47240 13.16140
C -19.10240 8.36606 12.99130
C -23.44070 11.93220 13.00250
C -22.37010 8.87691 12.98530
C -20.14030 11.43980 13.02580
C -21.23290 14.30360 12.86630
C -39.81370 15.10750 13.17960
C -43.09970 15.73330 13.19060
H -42.51200 17.51550 11.59670
C -40.74740 18.02160 13.18480
C -43.89370 18.90990 13.20660
C -41.81280 20.94740 13.17990
H -43.52340 20.39350 11.59610
C -45.02040 21.70940 13.18520
C -38.62200 20.27930 13.17980
C -34.63190 16.79600 13.18180
C -37.68670 17.40210 13.17740
C -35.52160 19.76910 13.18590
H -35.18740 21.53940 11.60630
C -32.41130 19.20410 13.20370
H -32.06000 20.96170 11.61320
C -31.35790 16.15530 13.19250
H -31.01100 18.02590 11.61360
C -25.66320 17.79490 13.12720
C -27.99830 15.54610 13.17110
C -29.13070 18.49260 13.20060
C -26.98430 20.71920 13.11350
C -30.31080 21.52140 13.21170
H -28.84150 20.36870 11.55690
H -27.52270 17.43840 11.53980
C -24.53770 14.82640 13.09960
C -23.50950 20.06060 13.24720
C -22.33080 17.16760 12.95390
C -19.08610 16.53400 12.96960
C -20.13140 19.43150 13.11030
H -21.99620 19.08900 11.43910
H -19.68980 21.36470 11.78460
H -25.32110 19.70660 11.58230
H -24.22690 16.67260 11.41050
H -44.95980 23.21040 11.60490
C -43.08240 23.83650 13.18430
C -39.79000 23.20600 13.18930
C -40.78490 26.22110 13.20370
H -39.40320 25.04930 11.60920
C -43.89220 26.61210 13.19520
H -40.50290 28.01540 11.62250
C -33.47790 22.08330 13.21050
C -36.60390 22.60160 13.20790
H -33.18270 23.92850 11.61870
C -37.63160 25.66440 13.21730
C -34.56400 25.17040 13.22240
H -36.26460 24.48330 11.62960
H -37.39850 27.45110 11.62080
H -34.23850 26.89530 11.62630
C -35.67550 28.03270 13.21720
C -32.53310 27.51870 13.21480
H -29.95160 23.35030 11.61300
C -28.02120 23.71520 13.14770
C -31.46650 24.44840 13.21510
H -31.13250 26.31820 11.61830
C -25.83450 26.21190 13.33970
C -29.23620 26.72850 13.14840
H -27.59340 25.67820 11.61710
H -26.45450 22.64320 11.57470
C -24.80470 23.08630 13.37500
C -21.32630 22.48080 13.38720
C -19.03940 24.94210 13.54370
C -22.57700 25.54060 13.43250
C -20.30910 27.80890 13.44150
H -20.88610 24.33680 11.93870
H -25.38740 27.95080 11.64860
H -22.13310 27.33180 11.81670
H -23.21760 22.02930 11.78130
H -24.33540 24.98840 11.80880
H -42.75700 34.00490 11.62180
H -41.63840 31.04330 11.61300
H -44.96570 31.38900 11.60070
C -45.01620 29.93500 13.17010
H -43.54730 28.58380 11.59760
C -41.90110 29.26500 13.20920
C -43.08870 32.12030 13.20890
C -39.90740 31.66490 13.21780
C -40.93420 34.59970 13.22260
H -39.48340 33.44380 11.61960
H -36.36450 32.74630 11.61180
H -35.35190 29.78350 11.60940
C -38.79640 28.60340 13.22120
H -33.27010 32.17100 11.60840
C -36.74200 31.03530 13.21470
C -33.58410 30.37390 13.20600
C -37.68000 33.95530 13.21480
C -34.66870 33.33510 13.20570
H -38.54020 30.44840 11.62650
H -27.76660 33.92410 11.60800
H -28.88900 28.59450 11.53550
H -30.00000 31.60650 11.58740
H -31.22990 34.57130 11.60480
C -28.27600 32.10580 13.22540
H -32.16300 29.26360 11.60630
C -30.33830 29.73250 13.16980
C -27.06690 29.02200 13.19240
C -31.53760 32.73980 13.20010
C -25.99150 34.46310 13.24010
H -26.72610 30.94090 11.67610
H -19.82390 29.64670 11.80000
H -24.59940 33.24620 11.55290
C -22.77350 33.62090 13.22900
C -24.82900 31.44090 13.19530
C -23.66010 28.54250 13.32240
C -19.09990 33.13090 13.40470
C -21.51920 30.72680 13.30720
H -20.96110 32.60150 11.81100
H -23.28660 30.35290 11.60020
C -41.96260 37.58920 10.03750
C -43.24220 40.50170 10.05620
C -39.95680 39.87320 10.04600
C -44.04020 35.52450 10.02750
C -45.00170 38.36880 10.00730
C -38.78920 36.89460 10.02770
C -35.69190 36.33760 10.01550
C -36.84880 39.38560 10.03200
C -33.70600 38.69610 10.02070
C -32.61870 35.68290 10.00680
C -31.61610 40.98840 10.02410
C -30.50740 37.97760 9.98534
C -27.02580 37.36310 9.93732
C -28.20230 40.33360 10.02100
C -29.39440 34.96260 10.03290
C -23.54400 36.66230 10.08130
C -24.82000 39.64750 10.02880
C -20.28560 35.92730 10.15720
C -21.38760 39.01830 10.13640
C -40.93780 42.82420 10.05770
C -43.93160 43.19320 10.05290
C -41.84640 45.83290 10.04290
C -44.98170 46.36100 10.01630
C -38.84750 45.22380 10.05160
C -34.68070 41.65170 10.04360
C -37.79550 42.24170 10.06040
C -35.70310 44.58700 10.05300
C -33.56070 46.89810 10.02180
C -36.78200 47.59550 10.04100
C -32.57150 43.94480 10.02130
C -25.92610 42.66120 10.02740
C -29.31390 43.18950 10.08000
C -26.98640 45.60050 10.09410
C -30.44370 46.25980 10.03930
H -28.85000 45.09020 11.63060
H -26.60870 47.33560 11.82550
C -19.20740 41.25990 10.07970
C -23.66710 44.98190 10.17750
C -22.59010 41.89180 10.14290
C -20.29940 44.13970 10.17740
C -21.41000 47.20330 10.25210
H -25.48500 44.43100 11.73300
C -39.89530 48.21040 10.03580
C -43.13500 48.92960 10.02630
C -40.88150 51.11590 10.02620
C -44.01690 51.91440 10.01030
C -42.00280 54.12860 10.02160
C -45.03790 54.79810 9.98868
C -38.75120 53.52470 10.03400
C -34.65230 49.87150 10.01590
C -37.73950 50.49740 10.03410
C -35.79200 52.81750 10.02760
H -30.08600 48.05450 11.62980
C -32.61400 52.19860 9.99801
H -32.27200 54.02990 11.58860
C -31.52200 49.23650 9.99751
H -31.17920 51.09860 11.59200
C -25.81940 50.85490 10.09940
C -28.12400 48.45520 10.12640
C -29.29020 51.48710 10.03780
C -26.94840 53.83090 10.08920
C -30.44140 54.46840 10.02870
H -27.72800 50.35300 11.64470
H -28.85270 53.35510 11.62340
C -24.73110 47.81630 10.22330
C -23.59760 53.12640 10.10770
C -22.59480 50.09110 10.30100
C -19.27180 49.46540 10.02290
C -20.36890 52.44880 10.11650
H -22.17020 52.03880 11.88120
H -19.87570 54.33230 11.63280
H -24.41600 49.68700 11.87520
H -20.92260 49.03010 11.81490
H -25.42690 52.70200 11.75610
C -43.25630 57.04070 10.02460
C -39.87320 56.55330 10.02320
C -40.87140 59.39010 10.01730
C -43.88610 60.33820 10.00770
C -36.75620 55.85570 10.03380
C -37.67520 58.72680 10.02340
C -33.68490 55.19490 10.00800
C -34.59560 58.12480 10.01510
C -35.58640 61.12390 10.00740
C -32.43480 60.45270 9.99581
C -31.46400 57.44830 9.99085
H -31.10600 59.26170 11.58810
C -28.07490 56.79860 10.05170
C -25.88830 59.16250 10.06730
H -29.94440 56.30910 11.60970
C -29.27130 59.65340 10.02700
H -27.73100 58.61320 11.69300
H -26.59810 55.67910 11.74360
C -24.78320 56.13740 10.04970
C -21.44850 55.38620 10.02460
C -19.03510 57.74180 9.97379
C -22.50080 58.44800 10.06400
C -20.22970 60.62670 10.02950
H -22.06260 60.30060 11.70740
H -25.49560 60.96860 11.72500
H -23.29630 55.05260 11.70130
H -24.38370 58.02830 11.64290
H -20.90650 57.33080 11.55690
H -44.92290 64.69820 11.53750
H -43.45580 61.89910 11.58310
C -42.99280 65.22840 9.96125
H -39.38870 66.48470 11.59400
C -39.73200 64.71510 9.98969
C -40.79560 67.71220 9.98503
H -42.54650 67.02340 11.56560
H -41.49180 64.18490 11.57200
C -41.77070 62.40950 9.98931
C -44.89480 63.30310 9.97444
C -38.70450 61.75920 10.00860
C -34.52810 66.42220 9.98779
C -33.41490 63.49180 9.99280
H -33.09890 65.30480 11.58210
C -37.63900 67.02480 9.99872
C -36.56740 64.02360 9.99822
H -36.27270 65.84740 11.59480
C -30.43220 62.85440 9.93893
H -29.89360 64.64200 11.57390
C -27.02180 62.12160 10.07410
C -31.37550 65.86520 9.98870
H -32.10970 62.25830 11.59390
H -31.03090 67.61090 11.59400
C -25.78510 67.44760 9.92353
C -27.97610 65.14080 10.04090
H -27.62150 66.91720 11.47130
H -26.56460 63.88460 11.75850
H -28.92920 61.58730 11.49690
H -19.83220 62.55860 11.51920
H -24.29790 66.11800 11.51500
C -21.43910 63.66660 10.01090
H -23.27440 63.14880 11.66320
H -20.88920 65.57180 11.55860
C -22.47190 66.66570 9.92278
C -19.11290 66.07820 9.80485
C -24.83040 64.23730 10.00560
C -23.63890 61.27820 10.05580
C -41.95650 37.55400 13.23340
C -43.24860 40.49980 13.25310
C -39.90380 39.86930 13.23940
H -43.64610 36.92050 11.62760
H -40.54670 36.35110 11.63330
H -41.76090 39.38760 11.64570
H -45.05430 39.84200 11.65990
C -45.08900 38.30430 13.20480
C -44.11040 34.98960 13.22340
C -38.78280 36.91430 13.22360
H -38.55160 38.71600 11.62610
C -35.74340 36.32290 13.20960
C -36.84650 39.31880 13.22830
H -35.44030 38.13840 11.61600
C -33.64220 38.67540 13.21540
H -33.33600 40.44750 11.63460
H -37.39700 35.73140 11.61950
H -36.41840 41.10390 11.64890
H -34.38960 35.12280 11.60270
C -32.66340 35.73110 13.20100
H -32.28780 37.52330 11.60380
C -31.54450 40.98810 13.21890
C -30.45300 37.96430 13.15710
C -27.06970 37.32180 13.17350
H -30.08580 39.82020 11.55970
C -28.24870 40.23340 13.20230
C -29.35870 35.03600 13.13520
H -28.91750 36.87810 11.54340
H -26.68480 39.15020 11.56260
C -23.82310 36.67530 13.27840
C -24.88840 39.57160 13.23170
C -20.24890 36.02880 13.40600
C -21.43230 38.90900 13.31440
H -20.97710 40.82400 11.76980
H -25.50950 36.21740 11.56210
H -22.13800 35.54750 11.77150
H -19.87890 37.83950 11.73590
H -23.30200 38.52420 11.70930
H -39.52390 41.64830 11.65740
C -40.94290 42.84750 13.25100
H -42.67380 42.26860 11.65660
C -43.96850 43.68410 13.24980
H -43.54250 45.11160 11.64000
C -41.88280 45.84330 13.24020
H -40.54660 44.59770 11.64880
H -41.65200 47.62760 11.63530
C -44.99950 46.43910 13.21470
H -45.05340 47.92430 11.61550
C -38.88510 45.21900 13.24810
C -34.68950 41.67370 13.23780
H -38.48840 47.02470 11.63770
C -37.77390 42.23840 13.25370
C -35.74080 44.56200 13.24830
H -37.46120 44.05740 11.66300
H -34.32190 43.42890 11.63750
C -36.74080 47.57540 13.23520
C -33.58030 46.95260 13.21540
H -35.34380 46.38750 11.64830
C -32.54710 44.00030 13.21770
H -32.23890 45.75330 11.60780
H -31.18790 42.78960 11.61380
C -25.91360 42.61010 13.31000
C -29.35340 43.21990 13.22070
C -27.07850 45.47770 13.36820
C -30.42360 46.15510 13.18620
H -27.71370 42.09730 11.69660
C -19.10910 41.20540 13.33200
C -23.69310 44.86310 13.40880
C -22.66020 41.85810 13.27960
C -20.33810 44.12050 13.36060
C -21.31300 47.18740 13.47210
H -19.88500 45.97050 11.79260
H -23.21270 46.75450 11.93220
H -22.17790 43.74210 11.74300
H -24.50510 41.43870 11.64430
C -39.88470 48.17380 13.23110
C -43.21890 48.63630 13.21990
H -42.71640 50.45230 11.61880
C -40.93530 51.13870 13.22100
H -39.48600 49.98290 11.62840
C -44.06770 51.90580 13.20630
C -42.00590 54.16390 13.21610
H -43.62920 53.42420 11.61010
H -40.57340 52.94210 11.62560
C -45.09480 54.71510 13.18830
C -38.77560 53.59720 13.23060
C -37.76320 50.50570 13.22790
C -34.62900 49.84280 13.20860
H -36.36770 49.33790 11.62810
H -33.21410 48.71560 11.60040
C -35.72050 52.87490 13.22030
H -34.34950 51.67920 11.60750
H -37.45550 52.31800 11.63730
H -35.39960 54.66580 11.62690
C -32.60300 52.25660 13.19260
C -31.46770 49.33180 13.19340
C -28.26980 48.54510 13.30330
C -25.99730 50.89900 13.38780
C -29.30970 51.55400 13.18390
C -27.01770 53.78650 13.28090
C -30.47260 54.47740 13.18220
C -24.81490 47.86330 13.49680
C -23.66660 53.29340 13.41810
C -22.49260 50.13710 13.44300
C -19.13980 49.59740 13.32930
C -20.20830 52.48160 13.30370
H -45.00190 56.30210 11.62410
C -43.19540 57.09060 13.21880
C -39.88820 56.52570 13.21940
C -40.82210 59.46970 13.21190
H -41.69770 55.93080 11.62020
H -42.60750 58.87540 11.62120
H -39.43800 58.26650 11.61330
C -43.83850 59.98720 13.20210
H -40.42260 61.15440 11.60800
H -38.51120 55.32890 11.63250
C -33.60260 55.16410 13.20280
C -36.75990 55.84480 13.22840
C -37.66750 58.79250 13.21660
C -34.54200 58.15670 13.20980
H -36.30830 57.56990 11.63120
H -33.18090 56.95060 11.60090
H -37.31580 60.53260 11.61640
H -34.22480 59.88800 11.60320
C -35.55520 61.15670 13.20470
C -32.44980 60.40260 13.19370
C -31.45370 57.42760 13.18750
C -28.18250 56.82450 13.31170
C -25.87490 59.09430 13.29660
C -29.32000 59.74240 13.17890
C -24.79810 56.24610 13.30570
C -21.34340 55.56870 13.21470
C -19.15040 57.79100 13.29110
C -22.48750 58.41260 13.19360
C -20.14920 60.81110 13.23900
C -40.77210 67.71930 13.18160
C -39.74950 64.71560 13.18450
C -41.77990 62.39640 13.18500
C -43.07200 65.17370 13.15570
C -44.92320 63.30310 13.17240
C -38.73450 61.72500 13.20520
C -36.56920 64.02560 13.19430
C -34.53930 66.42870 13.18540
C -37.68240 67.01580 13.19670
C -33.41160 63.54370 13.19000
H -35.15890 62.88210 11.59840
H -38.33340 63.50310 11.59600
C -30.32770 62.81620 13.17800
C -28.08890 65.14940 13.17280
C -27.15620 61.95380 13.24600
C -31.39470 65.81650 13.18710
C -25.80530 67.27180 13.13600
C -22.44980 66.70970 13.13010
C -23.62260 61.30020 13.32550
C -21.35630 63.74850 13.16730
C -24.67580 64.34910 13.28900
C -19.06540 66.09290 13.14520
C -41.82650 70.66320 9.97813
C -43.05290 73.59680 9.96391
C -39.77210 72.98130 9.96855
H -40.44530 69.44260 11.58800
H -43.44630 69.94730 11.57260
H -41.54660 72.43290 11.56820
C -43.76910 68.51640 9.95621
H -44.91480 72.72560 11.56450
C -44.89650 71.31670 10.00910
C -38.71030 69.96690 9.98767
H -38.43630 71.78860 11.56710
C -35.54300 69.31940 9.99067
C -36.66240 72.38020 9.97477
C -33.52260 71.64860 9.98210
H -35.27730 71.14370 11.57910
H -36.28110 74.10920 11.57310
H -33.13890 73.45900 11.58160
H -34.18630 68.19390 11.58360
C -32.43030 68.68900 9.98683
H -32.09240 70.53350 11.57960
C -31.36420 73.98140 9.98477
C -30.28960 70.97440 10.05300
C -26.92570 70.40140 10.12150
C -27.99730 73.24350 9.99485
H -29.87250 72.87250 11.58430
C -29.22320 68.18960 10.05740
H -26.59370 72.13540 11.72670
H -28.81280 69.95470 11.71350
C -23.56130 69.80210 9.92114
C -24.68660 72.56850 10.07990
C -20.23660 69.11430 9.83234
C -21.30740 72.10480 9.98122
H -19.79350 70.90410 11.52880
H -20.83380 73.86810 11.67170
H -22.07980 68.56860 11.47880
H -25.31600 69.18820 11.60240
H -23.03890 71.50100 11.62500
H -39.43540 74.76970 11.56540
C -40.83230 75.92230 9.96282
H -42.59480 75.34690 11.55310
C -43.85590 76.85400 9.96411
C -41.77560 78.88710 9.97469
H -41.42400 80.61630 11.57910
H -43.45770 78.30970 11.57430
H -40.45980 77.68020 11.56340
C -44.97260 79.68850 10.06510
C -38.71040 78.25480 9.97442
C -34.51650 74.66640 9.97705
H -38.29990 79.98750 11.58150
C -37.67440 75.30060 9.97225
C -35.58670 77.62370 9.97648
C -36.57930 80.56040 9.98037
C -33.41910 79.90900 9.98377
H -35.18610 79.38190 11.57450
H -37.31860 77.07550 11.57480
H -34.16000 76.47940 11.57240
C -32.38530 77.07350 9.98471
H -32.00710 78.81350 11.59040
H -31.06280 75.82780 11.58460
C -25.76280 75.62000 9.96709
C -29.17350 76.25780 10.03660
C -30.23580 79.31590 10.01690
C -26.84530 78.54300 9.95649
H -27.61690 75.11140 11.63360
H -28.78240 78.12660 11.54120
H -26.49600 80.41330 11.50740
C -19.05620 74.38580 9.93083
C -23.54760 77.99140 9.83080
C -22.36080 74.87460 9.93502
C -20.22430 77.36350 9.86623
C -21.34720 80.43830 9.88438
H -23.08220 79.75820 11.54970
H -22.06290 76.82440 11.45140
H -25.29520 77.43100 11.55260
H -19.83650 79.25430 11.49060
H -24.24680 74.43790 11.49190
C -39.70020 81.08500 9.98519
C -42.96180 81.62270 9.99571
C -40.68640 84.05310 9.98957
H -39.30450 82.88900 11.58670
C -41.72960 87.05910 9.98622
H -40.33900 85.87320 11.57810
C -43.85180 84.79810 10.00990
C -44.84340 87.73000 9.98531
C -38.59740 86.50750 9.98370
C -37.59450 83.47840 9.98307
C -34.45980 82.90710 9.98463
H -36.19390 82.35460 11.57820
H -33.01510 81.68330 11.58370
C -35.55720 85.90660 9.99320
H -37.28830 85.30960 11.57540
H -34.19620 84.67040 11.58950
C -32.48940 85.30600 10.00840
H -29.85620 81.15510 11.65150
C -31.30480 82.35060 9.99581
C -28.04900 81.54750 9.95356
C -25.73540 83.88060 10.03020
C -29.12590 84.57970 10.13380
C -26.90360 86.89230 10.14660
C -30.17240 87.50140 10.09560
H -27.59720 83.37820 11.56860
C -24.60070 80.97300 9.94849
C -23.57900 86.40080 9.97600
C -22.43290 83.35800 9.98818
C -19.12540 82.79300 9.83117
C -20.25510 85.69750 9.96851
H -25.34670 85.74080 11.71050
H -24.19980 82.75230 11.65920
H -20.87550 82.24020 11.51860
H -22.10880 85.20510 11.54560
H -19.85480 87.49340 11.61340
C -43.05680 90.15380 9.99194
C -39.71670 89.50520 9.99350
H -41.53080 88.91790 11.57580
C -40.74190 92.46380 10.00880
H -42.54050 91.80500 11.58560
C -43.77180 93.32050 10.00000
H -38.37640 88.28550 11.59150
C -36.65210 88.90650 10.01140
C -33.47470 88.26400 10.01530
C -37.63800 91.95260 10.02190
C -34.53840 91.13830 10.02800
C -35.53240 94.12810 10.02080
C -32.46470 93.52360 10.01910
C -28.02960 90.03210 9.90556
C -31.34330 90.58360 10.01990
C -25.71060 92.18530 9.89140
C -29.17840 92.92120 10.00820
C -20.14160 93.97760 9.97117
C -22.37570 91.55560 9.89562
C -24.70590 89.19670 10.00640
C -21.33030 88.61990 10.00490
C -18.95130 91.02430 9.91817
C -40.84710 100.55800 10.02920
C -44.89880 96.06790 9.97495
C -43.09820 98.15360 10.01430
C -39.75380 97.68710 10.02120
C -41.81080 95.37930 10.01250
C -37.59620 100.03900 10.01860
C -36.60360 97.06650 10.01700
C -34.51100 99.47850 10.01110
C -33.48080 96.51300 10.00900
C -38.64200 94.84420 10.02670
C -31.32030 98.86870 10.00500
C -30.28020 95.77640 9.96941
C -25.72380 100.58000 9.92582
C -28.07290 98.22030 9.92752
C -26.93500 95.11290 9.92969
H -27.49340 99.99250 11.56170
C -22.35890 99.76400 9.96118
C -24.59010 97.50260 9.89802
C -21.23620 96.92110 9.99225
C -23.54220 94.65710 9.87242
C -18.88210 99.32540 10.04660
H -20.78720 98.79290 11.59400
H -24.28070 99.37450 11.49240
C -41.78310 70.64580 13.17510
C -43.07000 73.48740 13.15900
C -39.78730 72.98420 13.16450
C -44.87960 71.18810 13.20670
C -43.81740 68.05160 13.15210
C -38.70390 70.02420 13.18500
C -35.52320 69.35210 13.18780
C -36.69110 72.35420 13.17110
C -33.49620 71.69140 13.17770
H -37.32400 68.79380 11.60460
C -32.43690 68.74500 13.18460
C -31.38360 73.96490 13.18180
C -30.31330 71.08470 13.21070
C -26.88910 70.19060 13.24720
C -28.13900 73.33650 13.28990
C -29.19440 68.05350 13.15320
C -23.45620 69.66680 13.23440
C -24.61040 72.65000 13.17040
C -20.19420 69.02310 13.09010
C -21.25530 71.99560 13.25430
C -40.84340 75.92800 13.15790
C -43.85750 76.42470 13.16180
C -41.78320 78.88180 13.16920
C -44.91160 79.50060 13.26280
H -44.86250 81.14980 11.60550
C -38.74660 78.21500 13.17070
C -34.51960 74.70220 13.17430
C -37.67210 75.32130 13.17060
C -33.39370 79.86880 13.18060
C -36.57750 80.59830 13.17620
C -35.61290 77.58740 13.17160
C -32.41820 77.00840 13.18160
C -25.74040 75.52240 13.15200
C -29.17240 76.24120 13.14750
C -30.22830 79.25260 13.16330
C -26.92460 78.47520 13.11550
C -18.97280 74.43840 13.20370
C -23.50870 77.88060 13.22120
C -22.41640 75.05950 13.12770
C -20.28330 77.39650 13.10080
C -21.31140 80.35730 13.17100
C -39.69150 81.09370 13.17960
C -42.97550 81.59790 13.19060
H -42.43240 83.47080 11.59670
C -40.66020 84.18790 13.18480
C -43.84230 84.44530 13.20660
C -41.72920 87.07150 13.17990
H -43.39310 86.33420 11.59610
C -44.87290 87.75170 13.18520
C -38.65720 86.50950 13.17980
C -34.39140 82.82530 13.18180
C -37.60500 83.53310 13.17740
C -35.56710 85.89230 13.18590
H -35.21880 87.69090 11.60630
C -32.50100 85.27220 13.20370
H -32.06020 87.09710 11.61320
C -31.26580 82.29610 13.19250
H -31.08250 84.14140 11.61360
C -25.76140 83.78590 13.25990
C -27.94620 81.51620 13.18920
C -29.17600 84.67950 13.10200
C -26.87260 86.96690 13.24470
C -30.24430 87.68780 13.25430
H -28.76420 86.42480 11.77050
C -24.66550 80.81950 13.21200
C -23.53230 86.28020 13.28180
C -22.32930 83.35150 13.19590
C -18.96170 82.66420 13.10680
C -20.25560 85.57390 13.13280
H -44.90860 89.06900 11.60490
C -43.06450 90.06590 13.18430
C -39.78400 89.45140 13.18930
C -40.75780 92.44350 13.20370
H -39.36170 91.22880 11.60920
C -43.80100 93.33620 13.19520
H -40.37010 94.20900 11.62250
C -33.45620 88.28510 13.21050
C -36.65880 88.84730 13.20790
H -33.09290 90.05960 11.61870
C -37.64560 91.87350 13.21730
C -34.53110 91.09980 13.22240
H -36.28400 90.67810 11.62960
H -37.24390 93.63750 11.62080
H -34.15430 92.92060 11.62630
C -35.47650 94.11740 13.21720
C -32.46540 93.52780 13.21480
H -29.78520 89.45850 11.62060
C -27.96240 89.99740 13.20840
C -31.32260 90.55570 13.21510
H -30.98800 92.39560 11.61830
C -25.71060 92.29720 13.16320
C -29.14420 92.87320 13.15830
H -27.54180 91.77210 11.50970
H -26.57900 88.81480 11.54490
C -20.19400 93.97720 13.22740
C -24.75950 89.29350 13.19200
C -21.27720 88.75030 13.19970
C -18.95290 90.90880 13.14320
C -22.30520 91.60130 13.14110
H -25.29930 94.06170 11.45040
H -24.22820 91.10470 11.56480
H -21.99880 93.46760 11.48750
H -23.12190 88.15110 11.66860
H -20.79890 90.50900 11.49990
H -44.94570 97.59680 11.60070
H -43.46210 94.72680 11.59760
C -41.81860 95.36820 13.20920
C -43.05990 98.20880 13.20890
C -39.77590 97.71890 13.21780
C -40.83870 100.58700 13.22260
H -39.35890 99.48880 11.61960
H -41.54040 97.14990 11.61300
H -42.64890 100.05400 11.62180
C -44.90320 96.13130 13.17010
C -36.60450 97.12820 13.21470
C -38.66180 94.78010 13.22120
H -33.09910 98.28310 11.60840
C -33.46160 96.46490 13.20600
H -36.21370 98.86160 11.61180
C -34.51010 99.53410 13.20570
H -38.32760 96.56580 11.62650
H -35.21040 95.91750 11.60940
C -37.61750 99.95500 13.21480
C -26.79250 95.22710 13.10030
H -29.84440 97.63170 11.58390
C -25.65940 100.59300 13.22530
H -32.05270 95.36780 11.60630
H -28.69520 94.71940 11.59670
C -27.94380 98.17690 13.12430
C -31.34130 98.83660 13.20010
H -26.49740 97.03970 11.43390
C -30.21740 95.80520 13.21540
H -30.98820 100.68600 11.60480
H -23.10070 96.46500 11.55450
C -22.46700 99.77640 13.12390
C -24.65270 97.49860 13.09140
C -18.91150 99.15620 13.19200
C -21.29120 96.99550 13.21440
C -23.50250 94.55030 13.11980
H -19.72230 95.82760 11.64910
C -41.74120 103.60900 10.03750
C -43.01520 106.35300 10.05620
C -39.71180 105.87400 10.04600
C -44.85210 104.46000 10.00730
C -43.91250 101.58300 10.02750
C -38.68510 102.91100 10.02770
C -35.54090 102.42800 10.01550
C -36.55060 105.36700 10.03200
C -33.40300 104.76900 10.02070
C -32.40630 101.81400 10.00680
C -31.37030 107.11800 10.02410
C -30.28820 104.13600 10.00330
C -26.83170 103.57800 9.96870
C -28.09260 106.41300 9.85126
C -29.16320 101.10000 10.04420
H -26.50960 105.46700 11.52640
C -23.57210 102.71100 10.03410
C -24.64210 105.79000 9.90916
C -20.05520 102.12400 9.96843
C -21.21100 105.10700 9.82981
H -20.87370 106.95000 11.51280
H -21.94130 101.63300 11.53750
H -23.04530 104.64400 11.51400
H -19.77330 103.98700 11.55750
H -25.41880 102.41100 11.72610
C -40.71830 108.76900 10.05770
C -43.83350 109.24700 10.05290
C -41.70740 111.78800 10.04290
C -44.83360 112.53600 10.01630
C -38.60560 111.21100 10.05160
C -34.46400 107.72200 10.04360
C -37.58920 108.29900 10.06040
C -35.49120 110.58100 10.05300
C -33.46470 112.94600 10.02180
C -36.57160 113.58600 10.04100
C -32.33690 110.09200 10.02130
C -25.78460 108.77700 9.88111
C -29.33530 109.44200 9.94053
C -26.98200 111.60000 9.99829
C -30.32160 112.40700 10.02430
H -28.83900 111.20200 11.59140
H -26.54660 113.50400 11.51510
C -19.05050 107.43800 9.91146
C -23.42550 111.01300 9.86806
C -22.35060 108.10000 9.85701
C -20.03100 110.33200 9.86870
C -21.22170 113.30900 9.80622
H -21.85350 109.92700 11.49020
H -23.04990 112.88600 11.43490
H -19.71720 112.22800 11.48060
H -24.15820 107.69200 11.48470
H -25.25000 110.59500 11.48290
C -39.74580 114.18000 10.03580
C -43.00490 114.69000 10.02630
C -40.80950 117.12500 10.02620
C -43.92950 117.91600 10.01030
C -41.82490 120.12400 10.02160
C -44.88950 120.88600 9.98868
C -38.71380 119.36400 10.03400
C -34.51130 115.88600 10.01590
C -37.64580 116.44900 10.03410
C -35.60020 118.85800 10.02760
C -32.45130 118.32800 9.99801
H -29.87120 114.24800 11.62390
H -32.14920 120.10800 11.58860
C -31.35760 115.34000 9.99751
H -31.08780 117.14300 11.59200
C -25.91860 116.92000 9.90602
C -28.08730 114.67800 9.94409
C -29.25960 117.53000 10.01670
C -27.02060 119.88100 9.96033
H -27.67880 116.50500 11.56110
H -28.87610 119.43500 11.52160
C -30.44260 120.60700 9.99144
C -24.70350 113.91300 9.88449
H -25.43880 118.75000 11.56820
C -23.73460 119.28300 9.85904
C -22.53220 116.26000 9.77103
C -19.13920 115.69600 9.68348
C -20.20010 118.70700 9.67315
H -22.00580 118.15400 11.27090
H -24.32990 115.80400 11.44730
H -19.80010 120.44300 11.40410
H -20.89900 115.22100 11.34540
C -43.04530 122.96100 10.02460
C -39.79480 122.30300 10.02320
C -40.83420 125.25400 10.01730
C -43.86150 126.20300 10.00770
C -36.71660 121.75400 10.03380
C -37.71350 124.67700 10.02340
C -33.53830 121.24700 10.00800
C -34.59680 124.13700 10.01510
C -35.64890 127.11400 10.00740
C -32.45000 126.44600 9.99581
C -31.47970 123.45900 9.99085
H -31.06120 125.26800 11.58810
C -28.12940 122.82300 9.97030
C -25.90850 125.14000 9.86724
H -29.92410 122.38300 11.60010
C -29.22710 125.72100 10.00170
H -26.50880 121.76600 11.50360
H -27.65600 124.65300 11.55310
C -20.32540 126.91300 9.62822
C -24.72700 122.17600 9.73280
C -21.24190 121.59500 9.76725
C -19.11420 123.92700 9.54845
C -22.47210 124.40200 9.74385
H -22.18410 126.34900 11.24720
H -24.30000 123.97700 11.36570
H -23.07650 121.12300 11.36150
H -20.79730 123.48800 11.34950
H -25.47250 126.99500 11.45460
C -44.93700 129.07700 9.97444
H -43.49780 127.67400 11.58310
H -41.63390 130.09200 11.57200
H -39.48970 132.41100 11.59400
C -41.81190 128.31000 9.98931
C -43.06120 131.31700 9.96125
C -39.89100 130.64700 9.98969
C -40.82180 1.58384 9.98503
H -42.61380 133.15800 11.56560
H -44.91010 130.63700 11.53750
C -38.74870 127.66000 10.00860
H -36.34200 131.83000 11.59480
C -36.72520 130.07100 9.99822
C -37.73550 133.00000 9.99872
H -33.18140 131.24100 11.58210
C -34.59450 132.37800 9.98779
C -33.53960 129.43400 9.99280
C -30.36960 128.76500 9.99624
H -31.10470 1.52988 11.59400
C -31.43210 131.75200 9.98870
C -28.17730 131.07500 9.93079
C -27.03950 128.14200 9.89236
H -32.17110 128.28500 11.59390
H -29.91900 130.60000 11.62210
C -25.89830 133.33600 9.76014
H -26.50740 129.96900 11.43990
H -28.82240 127.61500 11.59220
H -27.70870 132.97600 11.47260
H -19.77610 128.67000 11.02140
C -19.08710 132.18900 9.41271
C -21.45570 129.78000 9.55696
C -23.79390 127.43000 9.67222
C -24.73190 130.38100 9.70082
H -24.28960 132.23900 11.27390
H -23.19340 129.23300 11.30110
H -20.89640 131.63700 11.09400
C -22.52970 132.80900 9.60227
C -41.78340 103.58500 13.23340
C -43.01730 106.38300 13.25310
C -39.69720 105.83900 13.23940
H -43.44900 103.03900 11.62760
H -40.42290 102.37000 11.63330
H -41.45770 105.36600 11.64570
H -44.86020 105.86200 11.65990
C -44.89550 104.33800 13.20480
C -43.85510 101.17300 13.22340
C -38.68780 102.96500 13.22360
H -38.28660 104.71000 11.62610
C -35.52180 102.48500 13.20960
C -36.53880 105.32800 13.22830
H -35.13380 104.20300 11.61600
C -33.38310 104.77500 13.21540
H -33.06450 106.53900 11.63460
H -37.23110 101.82900 11.61950
H -36.18700 107.10700 11.64890
H -34.10540 101.26400 11.60270
C -32.31570 101.80000 13.20100
H -32.06230 103.61100 11.60380
C -31.27740 107.03900 13.21890
C -30.26920 104.11200 13.15820
C -26.90420 103.65200 13.20890
H -29.85560 105.92200 11.57750
C -28.03510 106.53900 13.12710
C -29.12490 101.06500 13.11900
H -28.69500 102.99800 11.55980
C -23.43520 102.83300 13.20470
C -24.56700 105.83100 13.08170
C -20.25700 102.21200 13.23030
C -21.28460 105.13400 13.19270
H -39.33480 107.64900 11.65740
C -40.75760 108.80500 13.25100
H -42.55360 108.23100 11.65660
C -43.88020 109.68400 13.24980
H -43.39940 111.22600 11.64000
C -41.72060 111.85300 13.24020
H -40.32260 110.61400 11.64880
H -41.49630 113.62000 11.63530
C -44.84690 112.66900 13.21470
H -44.84590 113.99600 11.61550
C -38.58250 111.23300 13.24810
C -34.47140 107.70300 13.23780
H -38.32890 113.04300 11.63770
C -37.62240 108.21700 13.25370
C -35.47640 110.67100 13.24830
H -37.21220 110.02900 11.66300
H -34.05380 109.45400 11.63750
C -36.58210 113.61700 13.23520
C -33.39150 112.95800 13.21540
H -35.18880 112.41600 11.64830
C -32.33390 110.08400 13.21770
H -32.01560 111.84400 11.60780
H -31.00940 108.84100 11.61380
C -25.82440 108.69700 12.99490
C -29.15470 109.34600 13.12040
C -26.89020 111.59100 13.08370
C -30.28530 112.43100 13.17940
H -27.70090 108.28900 11.41370
C -18.94680 107.45000 13.03720
C -23.41800 111.01400 13.09610
C -22.34960 108.15100 13.11930
C -19.98850 110.36400 13.09620
C -21.23010 113.48100 13.03700
C -39.77960 114.20800 13.23110
C -42.99480 114.72200 13.21990
H -42.58110 116.53600 11.61880
C -40.80450 117.10200 13.22100
H -39.40450 115.94400 11.62840
C -43.93040 117.42300 13.20630
C -41.86250 120.08400 13.21610
H -43.48960 119.40700 11.61010
H -40.47160 118.89100 11.62560
C -44.89590 120.85000 13.18830
C -38.72240 119.34300 13.23060
C -37.63950 116.44900 13.22790
C -34.50310 115.96400 13.20860
H -36.26010 115.34100 11.62810
H -33.11270 114.74900 11.60040
C -35.57870 118.86600 13.22030
H -34.16620 117.69600 11.60750
H -37.29560 118.24800 11.63730
H -35.23950 120.65400 11.62690
C -32.44240 118.34100 13.19260
C -31.40910 115.36800 13.19340
C -27.99810 114.66100 13.19710
C -25.83860 116.84400 13.12820
C -29.25420 117.65300 13.11050
C -26.94790 119.92300 13.11280
C -30.39170 120.58600 13.15940
C -24.65160 113.94800 13.06910
C -23.44300 119.28700 12.98950
C -22.42140 116.37700 12.92530
C -19.03900 115.71400 12.95200
C -20.18780 118.60400 12.98790
H -44.90170 122.32100 11.62410
C -43.03210 122.98000 13.21880
C -39.80940 122.28100 13.21940
C -40.84510 125.26800 13.21190
H -41.56490 121.87400 11.62020
H -42.61920 124.74000 11.62120
H -39.44320 124.08600 11.61330
C -43.83490 125.75200 13.20210
H -40.47140 127.04000 11.60800
H -38.40720 121.15200 11.63250
C -36.69300 121.82300 13.22840
C -37.73850 124.74900 13.21660
C -33.50230 121.19400 13.20280
C -34.60540 124.11300 13.20980
H -36.31940 123.53000 11.63120
H -33.18140 122.99700 11.60090
H -37.35440 126.49100 11.61640
C -35.60620 127.09900 13.20470
H -34.19190 125.95300 11.60320
C -32.42380 126.45300 13.19370
C -31.39610 123.46200 13.18750
C -28.05390 122.80000 13.17770
C -25.77920 125.13100 13.05090
C -29.20610 125.72400 13.14100
C -24.61510 122.15200 13.03030
C -21.26590 121.67400 12.97940
C -19.06620 124.04700 12.71810
C -22.47010 124.52900 12.89480
C -20.07200 126.76300 12.56520
C -43.08200 131.29700 13.15570
C -44.94140 129.06500 13.17240
C -40.79530 1.61757 13.18160
C -41.77010 128.29800 13.18500
C -39.93420 130.66700 13.18450
C -34.58720 132.36200 13.18540
C -38.76280 127.67300 13.20520
H -35.32820 128.90200 11.59840
H -38.44990 129.47300 11.59600
C -33.54760 129.45000 13.19000
C -36.72060 130.05600 13.19430
C -37.75430 132.92200 13.19670
C -30.33770 128.75900 13.18720
C -31.42010 131.73700 13.18710
C -27.95950 131.12600 13.08460
C -26.93570 128.15300 13.12050
C -25.70810 133.26300 12.92970
C -24.57640 130.49100 12.96030
C -21.20750 129.77500 12.75310
C -19.04860 132.03400 12.71470
C -23.55360 127.44000 12.98870
C -22.32950 132.69800 12.76920
C -16.82470 2.58929 9.55758
C -14.42930 4.83183 9.75865
C -15.57730 7.82032 9.88693
C -12.37220 7.07434 9.84079
C -17.98900 5.54503 9.61332
C -13.45670 1.79128 9.51317
H -14.14620 6.54545 11.56620
H -16.41310 4.33804 11.17290
H -12.88330 3.53186 11.21330
H -17.59100 7.31423 11.36900
H -18.66150 1.92330 11.14780
C -11.20100 4.13908 9.48358
C -7.72911 3.67846 9.46268
C -8.94820 6.53898 9.48700
C -5.50129 5.94080 9.55229
H -6.10387 2.46683 10.96960
H -5.14154 7.73764 11.22670
H -7.43716 5.40673 11.13470
H -10.65910 5.86717 11.19130
H -9.61169 3.06195 11.03740
C -4.34367 3.10833 9.29055
C -1.08680 2.33718 9.26847
C -2.04392 5.37853 9.34010
C 1.18111 4.79767 9.28838
C 0.11424 7.67470 9.37095
H -3.82460 4.81566 10.98700
H -1.64031 7.12462 11.04960
H -0.59991 4.15863 10.92280
H 1.75944 6.55720 10.91670
H -2.86549 1.83840 10.90840
C 2.26926 1.84787 9.13329
C 4.43235 4.20270 9.19373
C 3.53571 7.20402 9.28570
C 8.00521 3.56007 9.11570
C 6.85469 6.47596 9.28299
H 8.37105 5.29201 10.88040
H 5.02530 5.91807 10.79940
H 6.10624 2.93774 10.62510
H 2.66654 3.55176 10.85920
C -17.93350 13.54900 9.68802
C -16.74670 10.59660 9.90399
C -14.45530 13.05040 9.78263
C -13.31420 10.06470 9.81008
H -11.81890 8.89848 11.47850
H -12.91850 11.82920 11.44370
H -16.34330 12.51680 11.38560
H -15.14470 9.60388 11.52800
H -18.72200 10.22720 11.40790
C -11.14870 12.41850 9.79696
C -10.09530 9.47564 9.70576
C -6.69197 8.87559 9.60216
C -7.83583 11.92780 9.79158
C -5.51217 14.09760 9.79717
H -8.48889 8.30452 11.18600
H -6.22298 10.63460 11.29260
H -7.38970 13.66310 11.39000
H -9.64414 11.23610 11.43220
H -10.67090 14.21780 11.41730
C -4.49021 11.24670 9.62145
C -3.33219 8.20057 9.53828
C -1.01097 10.60670 9.51343
C -2.11630 13.59090 9.76595
C 1.17287 12.89390 9.64460
H 0.61432 9.45683 11.00760
H -0.62009 12.34950 11.26520
H -2.85581 10.06390 11.08540
H -3.95053 12.95400 11.37150
C 2.48393 10.14680 9.40340
C 5.76790 9.50092 9.32126
C 8.98885 8.80225 9.19309
C 7.91871 11.85610 9.25022
C 4.62235 12.43670 9.34504
H 3.95193 8.92995 10.97650
H 5.04673 14.22730 11.02320
H 6.17482 11.32380 10.92540
H 7.27148 8.33642 10.92100
H 2.90948 11.86040 11.10690
H 8.45095 13.62760 10.96000
H -14.10460 14.78960 11.37960
C -15.66770 15.89530 9.73887
C -12.15170 15.49570 9.88640
C -16.74190 19.07380 9.82824
C -13.34670 18.25340 9.98147
H -17.56150 15.44210 11.30370
C -14.51250 21.21490 10.10050
C -8.87264 14.84320 9.77203
C -11.16450 20.66740 10.04390
C -10.00880 17.80380 9.86907
C -6.64597 16.98770 9.88415
C -7.79593 19.99040 9.98046
H -8.50411 16.60850 11.46240
H -5.01241 15.89440 11.41940
H 1.62327 14.69720 11.25090
C -4.37979 19.42000 9.93309
C -3.15410 16.44290 9.86594
C 0.07132 15.92850 9.75506
C -1.08947 18.80820 9.96921
H -1.61139 15.30670 11.43890
H 0.49833 17.64640 11.54220
H -2.90399 18.23770 11.55800
H -0.69837 20.65640 11.49290
C 1.15723 21.14480 9.91294
C 2.11917 18.34950 9.72747
C 6.90848 14.77840 9.40562
C 9.14330 17.02390 9.48580
C 5.59501 17.66550 9.56332
C 3.32072 15.22940 9.51924
C 4.50011 20.56480 9.73172
C 7.92205 19.97170 9.54592
H 3.69685 17.12050 11.12680
H 7.25827 16.59980 11.08070
H 6.10950 19.48130 11.23740
H 2.77168 20.07440 11.41680
C -16.73090 27.08490 10.39120
C -15.69480 24.15590 10.23490
C -12.27850 23.68250 10.18510
C -13.35480 26.62260 10.28500
C -17.94810 22.07000 10.15300
C -8.84345 22.89630 10.15600
C -5.51428 22.43140 10.05570
C -10.10040 25.84440 10.26920
C -6.60780 25.41440 10.18020
C -4.53091 27.64530 10.17790
C -3.45475 24.76420 10.12270
C -0.03934 24.15250 10.02130
C -1.17551 27.08050 10.09590
C -2.25241 21.83470 9.90942
H 1.54156 22.93460 11.55550
C 2.16224 26.44830 10.10920
C 8.96266 25.42060 9.68764
C 5.57882 25.90030 9.85717
C 3.22082 23.55230 9.84954
C 6.66387 22.93690 9.69766
H 4.87599 22.42020 11.33790
H 8.38826 21.81460 11.13730
H 7.25946 24.74570 11.28560
H 3.79493 25.29230 11.62160
C -15.69220 32.32280 10.27310
C -14.54900 29.44050 10.42900
C -12.31760 31.81140 10.37090
C -17.84850 29.95910 10.31930
C -10.03190 34.04970 10.27180
C -9.05982 31.20640 10.33440
C -6.79560 33.52350 10.19440
C -11.26380 28.93280 10.35480
C -7.80699 28.28860 10.32020
C -5.72605 30.53970 10.24990
C -3.43712 32.90340 10.05340
C 0.09679 32.21430 10.09130
C 1.18654 29.35420 10.16300
C -2.23283 30.03500 10.16240
C 5.67295 34.05810 9.99579
C 9.00268 33.64820 9.89101
C 6.82570 31.25710 9.86313
C 3.36078 31.75780 10.01790
C 7.80805 28.26300 9.80430
C 4.52286 28.85810 9.93030
C -16.87850 2.48659 12.81900
C -14.49540 4.71247 12.80060
C -15.78410 7.75102 13.04340
C -12.13900 6.90930 12.94680
C -18.04420 5.31100 12.82790
C -13.37730 1.60101 12.72420
C -11.09710 3.99962 12.81690
C -7.69586 3.43132 12.60950
C -8.89808 6.48577 12.81240
C -5.47157 5.75046 12.66680
C -4.34858 2.97545 12.62170
C -1.01474 2.24557 12.48880
C -2.00378 5.29202 12.65920
C 1.20175 4.71390 12.51530
C 0.23197 7.58347 12.56890
C 2.34097 1.67069 12.45320
C 4.60441 4.06542 12.36680
C 3.57165 7.09258 12.52600
C 7.89756 3.34903 12.32560
C 6.84037 6.45327 12.46730
C -16.85780 10.68900 13.00300
C -14.56130 12.89310 13.01290
C -13.29220 9.99194 13.14900
C -18.00160 13.63890 12.86860
C -11.14410 12.38150 13.09300
C -9.88370 9.34575 13.01710
C -6.67817 8.73250 12.87700
C -7.69519 11.72650 12.95580
C -5.49983 14.00210 13.00020
C -8.90253 14.78400 13.07110
C -3.14300 8.15474 12.66700
C -4.32546 10.96350 12.85810
C -0.95881 10.33240 12.68400
C 1.31172 12.81180 12.78280
C -2.04903 13.39560 12.95760
C 2.42101 9.98876 12.66180
C 5.79236 9.50185 12.54800
C 9.08996 8.83318 12.48630
C 4.75640 12.37740 12.66660
C 8.01856 11.74740 12.51600
C 6.89882 14.67700 12.62300
C -15.70130 15.83500 12.96640
C -12.34200 15.27120 13.02650
C -16.84380 18.85850 13.14190
C -13.51730 18.09970 13.10380
C -14.53650 21.14820 13.29140
H -12.98800 20.03390 11.68820
H -11.70790 17.19180 11.57980
H -16.39200 20.78860 11.67780
H -15.35810 17.77840 11.40290
H -18.56010 18.37970 11.42450
C -11.10630 20.55350 13.30410
C -6.62318 16.90810 13.05840
C -9.92714 17.73160 13.19720
C -7.78293 19.84490 13.22260
H -9.62478 19.52170 11.59290
H -6.22379 18.80990 11.55380
C -4.41850 19.37300 13.15820
C 0.23372 15.71250 13.07300
C -3.14906 16.27980 13.09590
C -0.95250 18.77680 13.06210
H -4.00843 21.23220 11.57140
C 1.20183 21.00440 13.07430
C 9.15337 16.95470 12.71380
C 2.45607 18.21050 13.03430
C 3.53777 15.18770 12.72380
C 5.59719 17.55750 12.72460
C 4.62522 20.53170 12.94240
C 8.01170 19.94140 12.79210
C -12.27880 23.48720 13.46960
C -15.61770 24.11170 13.48120
C -16.75590 27.14390 13.45400
C -13.42930 26.51510 13.63960
C -17.83230 21.88760 13.43890
H -11.90260 25.42400 11.93800
H -15.14560 25.96050 11.88090
H -18.72200 26.75840 11.89780
H -17.55950 23.78650 11.91410
H -14.09090 23.05270 11.77100
C -5.50840 22.25050 13.35250
C -9.93083 25.72790 13.42940
C -6.66697 25.32850 13.50850
C -8.86117 22.90090 13.32870
H -10.74160 22.46850 11.73720
H -7.30643 21.74150 11.67550
H -6.21445 27.14490 11.90810
H -9.68403 27.70140 11.86710
H -5.19067 24.17980 11.84040
H -8.37747 24.78680 11.76450
C -4.37559 27.65940 13.45430
C -2.20904 21.71550 13.15150
C -0.01035 23.99440 13.20560
C -3.27030 24.60540 13.31990
C -1.12447 27.08520 13.40100
H -2.95677 26.54610 11.77030
H 0.35553 25.96470 11.74430
H -1.86182 23.59250 11.55510
C 9.09138 25.18520 12.89890
C 2.33333 26.39800 13.26570
C 6.85422 22.83600 12.82710
C 5.80467 25.82030 13.04420
C 3.36136 23.34970 13.13830
H 6.08020 27.68780 11.49300
C -18.04080 30.17020 13.52310
C -12.37890 31.88720 13.56730
C -15.70260 32.45250 13.56110
C -14.53960 29.54890 13.59370
H -11.88250 33.70110 11.87490
H -14.17680 31.35300 11.98810
H -15.38500 34.25450 11.83600
H -13.01520 28.38010 12.02040
H -16.42610 28.95070 12.04400
H -17.55410 31.91200 11.89850
C -7.85722 28.21050 13.54210
C -6.59787 33.73390 13.38770
C -10.00890 34.24650 13.45570
C -8.95739 31.26240 13.65940
C -11.13050 28.76900 13.59950
C -5.52707 30.60890 13.45060
H -10.78310 30.74650 12.05760
H -5.18759 32.44140 11.78910
H -7.48720 30.07820 11.98500
H -8.49839 33.01030 11.96280
C -3.33763 32.95000 13.37470
C 1.26843 29.32390 13.34750
C 0.05468 32.36990 13.29720
C -2.20560 30.05900 13.35630
H -4.07140 29.49770 11.80640
H -1.82357 31.86520 11.69550
H 1.67599 31.22250 11.79500
H -0.67211 28.87660 11.75150
H 0.49518 34.17740 11.59370
H 5.03165 30.65440 11.49480
H 3.87951 33.60690 11.61180
H 8.26616 30.03130 11.49150
C 7.91851 28.13820 13.09400
C 9.07444 33.49180 13.18700
C 6.84932 31.12810 13.15370
C 3.59992 31.70510 13.26480
C 5.78489 34.11010 13.13430
C 4.69665 28.81260 13.19930
H 7.29375 32.96210 11.57060
H 2.80447 28.30550 11.66220
C -16.84850 35.40930 10.20260
C -14.64270 37.68310 10.11280
C -15.74460 40.52030 10.14930
C -12.44800 39.87540 10.07450
C -18.07260 38.32870 10.08290
C -13.51350 34.59410 10.20880
C -11.21670 36.96600 10.09910
C -7.93111 36.43890 9.95012
C -9.05757 39.47810 9.95492
C -5.62517 38.83670 9.93391
C -4.52001 35.87830 10.01440
C -1.16421 35.19330 10.00020
C -2.15829 38.24310 9.81582
C 1.19427 37.60470 9.95016
C -0.00568 40.52060 9.88005
C 2.25590 34.64520 9.95638
C 4.57255 37.07790 9.93456
C 3.41746 40.10460 10.01020
C 8.02580 36.59820 9.91604
C 6.72705 39.47830 10.00380
C -17.00330 43.55990 10.05280
C -13.55830 42.83280 10.01950
C -14.67280 45.88900 9.99997
C -18.18110 46.59320 10.05480
C -11.39570 45.28250 9.92841
C -10.18590 42.22500 9.95304
C -6.77347 41.75790 9.94352
C -7.80574 44.71220 9.94922
C -5.63991 47.07610 10.04350
C -3.23770 41.28900 9.85789
C -4.42465 44.15800 10.04380
C -1.12777 43.66170 10.03200
C -2.23671 46.45370 10.20520
C 1.14537 45.99570 10.06200
C 2.30464 43.02050 10.05410
C 5.59309 42.42020 10.06970
C 9.00109 41.88550 10.09700
C 7.71925 44.71740 10.21810
C 4.46818 45.31390 10.23450
C -15.82870 48.84050 9.99328
C -12.54830 48.23580 9.95132
C -16.93220 51.84230 9.97333
C -13.51150 51.20510 10.07380
C -14.71390 54.12860 10.06870
H -16.56610 53.69470 11.59750
H -18.78040 51.33000 11.58900
C -9.04334 47.70110 9.95511
C -11.35890 53.63280 10.08210
C -6.96667 50.06050 10.07010
C -10.23320 50.62880 10.07740
C -8.02757 52.91990 10.07810
C -4.63732 52.29930 10.02530
C -3.42724 49.40200 10.13170
C -0.05277 48.82130 10.15210
C -1.15114 51.72590 10.13800
C 0.97227 54.11740 10.11240
C 6.60282 47.72520 10.21730
C 2.14545 51.14430 10.07280
C 7.83238 52.84260 10.08250
C 4.47063 53.56880 10.08080
C 3.34278 48.09420 10.21510
C 5.53476 50.61390 10.17010
C 8.93925 50.03970 10.09850
H -18.67280 59.56620 11.64480
C -13.47210 59.35690 9.89799
C -16.81980 59.92660 10.01280
C -12.35770 56.42650 10.01140
C -15.80290 57.07520 10.07140
C -18.06930 54.87390 10.00310
H -15.24520 58.94970 11.64310
H -14.15860 56.01270 11.65080
H -11.95460 58.34020 11.61020
H -17.61630 56.62780 11.73180
C -5.80142 55.28420 10.06820
C -6.71092 58.24320 9.93869
C -10.17070 58.97660 10.03390
C -9.04761 55.95090 9.96373
H -10.81090 55.44200 11.66430
H -8.58187 57.75750 11.51510
H -6.36562 60.11920 11.51550
H -5.25422 57.10370 11.61150
H -9.63559 60.78530 11.71760
C -4.54786 60.62540 9.88746
C -1.29899 59.91640 9.87847
C -0.06742 56.95920 10.00800
C -3.42911 57.54260 9.96961
C -2.39869 54.68150 10.05630
H 0.33938 58.92000 11.49310
H -3.09544 59.44330 11.53680
C 8.88651 58.31950 9.77807
C 5.47347 58.77360 9.89259
C 6.58276 55.82270 10.00240
C 3.17978 56.37510 10.05990
C 2.13804 59.46670 9.84857
H 3.61414 58.34550 11.51650
H -12.04580 66.65160 11.51850
H -15.33140 67.28140 11.18080
C -14.81250 62.36190 9.73330
C -12.41580 64.86350 9.79026
C -15.84100 65.31340 9.72734
C -18.03950 62.94660 9.80781
H -17.66210 64.81330 11.39850
H -14.29490 64.23180 11.31580
H -16.51430 61.87810 11.49330
H -13.24300 61.35800 11.35750
H -7.37623 63.02020 11.52320
C -11.21140 61.79040 9.98310
C -10.13610 67.15890 9.86399
C -7.93716 61.12990 9.92516
H -5.30541 65.43050 11.31260
C -8.94246 64.16150 9.95021
C -5.66737 63.53390 9.78321
C -6.83393 66.60850 9.77136
H -8.54641 66.05890 11.47070
H -10.91160 63.69530 11.53110
H 1.37064 64.28790 11.26380
H 0.34260 67.22870 11.40270
C 1.06906 62.41460 9.70317
C -0.13711 65.45130 9.68908
C -2.19541 62.96640 9.88730
C -3.37804 65.97170 9.82244
H -4.10261 62.50190 11.46300
H -1.79984 64.86070 11.47830
H -0.69418 61.80490 11.39620
C 6.67899 64.11930 9.74307
C 3.30529 64.75630 9.69733
C 7.73700 61.21210 9.87975
C 4.38542 61.68230 9.75834
C 5.71711 67.09250 9.54181
H 3.81881 66.63570 11.14300
C 8.86459 66.47440 9.62635
H 2.51892 61.32510 11.41900
H 4.83030 63.61380 11.29250
H 7.06792 66.01310 11.26170
C -16.85020 35.47350 13.39810
C -14.62280 37.73950 13.34240
C -15.84600 40.63640 13.23140
C -12.31810 39.94090 13.26720
C -18.03900 38.35960 13.30290
C -13.50610 34.84480 13.36470
H -13.11840 36.59180 11.63280
H -16.51220 37.27890 11.71350
H -17.67170 40.15400 11.64140
H -14.21350 39.50230 11.78990
H -18.72060 34.93730 11.78650
C -11.23780 37.10690 13.22370
C -7.82531 36.58040 13.28640
C -8.97118 39.47090 13.19050
C -5.56669 38.84040 13.00080
H -10.80620 38.90250 11.60140
H -6.36872 35.41460 11.60260
H -5.06635 40.71130 11.44640
H -7.51478 38.29530 11.52780
H -9.62404 35.97170 11.73570
C -4.43786 35.99060 13.15770
C -1.06631 35.38070 13.21330
C -2.19242 38.21200 13.13200
C 1.14520 37.58980 13.14870
C 0.00950 40.50460 13.13070
H -3.96842 37.78090 11.43560
H 1.52790 39.44750 11.54080
H -0.67908 37.12690 11.49390
H -1.82388 40.07070 11.49960
H -2.97341 34.74850 11.67530
C 2.31862 34.70130 13.21590
C 4.60148 36.97110 13.15580
C 3.35670 39.94920 13.23420
C 7.95351 36.47720 13.18720
C 6.76731 39.35810 13.22700
H 4.91195 38.90740 11.58730
H 8.36430 38.33580 11.58380
H 6.17492 35.97360 11.50200
H 2.74496 36.51380 11.55850
C -18.00590 46.58950 13.28430
C -16.85330 43.68540 13.30540
C -13.53710 42.82220 13.18680
C -14.71270 45.79560 13.20100
H -13.17620 44.72240 11.59660
H -11.93870 41.82150 11.62980
H -18.72590 43.06630 11.76890
H -15.44140 42.51530 11.64480
H -16.56370 45.47250 11.56860
C -11.26760 45.13670 13.07840
C -10.09040 42.38080 13.17900
C -6.59527 41.67010 13.15910
C -7.93620 44.65860 13.16110
C -5.80808 47.16680 13.31410
H -8.50593 41.30270 11.58710
H -7.55248 46.57210 11.62250
H -6.31323 43.58480 11.62650
H -9.70676 44.17150 11.46090
H -10.92920 47.10070 11.49490
C -4.52997 44.03440 13.30060
C -3.32394 41.07020 13.20020
C -1.04120 43.44980 13.22760
C -2.31443 46.39750 13.35350
C 1.16617 45.93850 13.39650
H 0.42155 42.35810 11.47240
H -2.90250 42.99490 11.64610
H -0.61847 45.39290 11.77680
H -4.19429 45.97200 11.74270
C 2.15803 42.99100 13.20950
C 5.62654 42.21340 13.37330
C 4.28585 45.22670 13.40560
C 7.78925 44.70260 13.41630
H 8.18134 46.57070 11.82140
H 7.11609 41.25640 11.63960
H 3.82479 41.84370 11.72410
H 5.92646 44.16620 11.83270
H 2.54775 44.85420 11.68490
H 4.85354 47.11910 11.92210
C 8.96167 41.77110 13.24970
C -15.87780 48.88910 13.26140
C -12.45520 48.06790 13.24460
C -16.94870 51.86440 13.19290
C -13.59730 51.12010 13.26470
H -14.34030 47.74420 11.65490
C -14.79780 54.23940 13.28930
H -17.69400 48.41470 11.63970
H -15.43430 50.68810 11.61210
H -12.05920 50.00110 11.69720
H -13.17880 53.04830 11.73390
C -9.19539 47.60650 13.27070
C -11.31770 53.58520 13.27870
C -6.87429 50.04880 13.27920
C -10.28230 50.67440 13.30220
C -8.03167 52.95800 13.22740
H -6.44806 51.87230 11.65270
H -8.75073 49.49380 11.71820
H -9.84215 52.46050 11.65360
H -5.32006 48.97410 11.63940
C -4.61130 52.39820 13.32200
C -3.44747 49.39510 13.29520
C 0.00747 48.82030 13.42930
C -1.23327 51.66050 13.34450
H 1.44514 47.74620 11.79150
H -0.83052 53.58890 11.74810
H -3.09163 51.29710 11.72260
H -4.20624 54.17800 11.62960
H 0.40305 50.63730 11.77240
H -1.83285 48.32380 11.80190
C 1.05801 54.09160 13.33430
C 2.22841 51.26440 13.37980
C 6.70824 47.71530 13.49570
C 9.10351 50.09730 13.28890
C 5.49763 50.57390 13.34140
C 3.20949 48.27450 13.40560
C 4.29752 53.61340 13.33960
C 7.91620 52.93960 13.27340
H 7.14191 49.53020 11.79090
H 2.58148 53.02680 11.66200
H 3.64659 50.02480 11.71710
H 5.97613 52.48140 11.80590
C -18.07860 54.81220 13.30030
C -13.39890 59.63460 13.16210
C -16.80330 60.12040 13.19890
C -12.33430 56.54170 13.28530
C -15.71930 57.15850 13.24850
C -9.02337 56.05430 13.29050
C -10.07930 58.92150 13.20630
C -6.77131 58.30100 13.15770
C -5.81717 55.33610 13.22390
H -7.62003 54.79960 11.66840
C -4.51685 60.64290 13.15990
C -2.38781 54.67580 13.28890
C -3.47505 57.64400 13.26920
C -0.11752 57.28330 13.25450
C -1.28700 60.06890 13.09570
H 1.41634 55.95730 11.73440
H -1.89739 56.52470 11.68770
C 2.13028 59.52410 13.13150
C 6.73029 55.94200 13.19410
C 3.25586 56.58810 13.31450
C 5.54384 58.83180 13.04110
C 8.96924 58.24420 13.07860
H 4.81057 55.45870 11.73520
H 8.22940 54.75140 11.55050
H 7.14793 57.69690 11.45310
H 5.91577 60.67570 11.43140
C -12.53740 64.80140 13.09800
C -14.69710 62.51350 13.04630
C -17.97470 63.02640 13.12640
C -15.75950 65.49410 12.90940
C -9.02611 64.12810 13.06900
C -7.75024 61.26840 13.24850
C -11.48610 61.82520 13.09080
C -5.52678 63.63110 13.09500
C -10.15250 67.07960 13.07970
C -6.68268 66.56650 13.08820
C -3.48076 65.93800 12.92820
C -2.22165 62.93860 13.02110
C 0.02108 65.35850 13.08150
C 1.02459 62.46510 13.02000
C 8.87004 66.47650 12.89530
C 3.23829 64.85310 12.78160
C 5.60580 67.14980 12.82360
C 6.44059 64.30450 12.99690
C 7.75911 61.18560 13.13520
H 8.00272 63.02020 11.55470
C 4.35640 61.88000 12.98810
C -16.96080 68.46310 9.68132
C -14.47250 70.77670 9.78075
C -15.68350 73.72310 9.85676
C -12.25380 73.06370 9.91887
C -18.02980 71.46730 9.85278
C -13.60080 67.83130 9.85275
H -14.17260 72.59290 11.43470
H -17.49460 73.30120 11.50360
H -13.06130 69.71130 11.53230
H -16.36890 70.29940 11.30060
H -18.70400 67.88100 11.38890
C -11.27740 70.16830 9.91740
C -7.91915 69.59400 9.92519
C -8.95966 72.45570 10.01620
C -5.80289 71.99630 9.90673
H -5.27614 73.73060 11.60730
H -6.48165 68.39050 11.46520
H -10.78800 71.96910 11.57080
H -7.50707 71.35530 11.67070
H -9.73757 68.99720 11.47900
C -4.64510 68.85310 9.82473
C -1.06343 68.33510 9.72667
C -2.33415 71.21200 9.76179
C 0.88836 70.70980 9.70564
C -0.21066 73.83860 9.71216
H -1.92657 73.08650 11.34880
H -2.95113 67.81480 11.31750
H -4.20129 70.77390 11.37190
H -0.84901 70.19960 11.43410
H 1.36089 72.59700 11.17710
C 2.13605 67.87590 9.70904
C 4.51378 70.13250 9.50312
C 3.26326 73.07140 9.59896
C 7.83646 69.37180 9.53669
C 6.70522 72.42230 9.56918
H 2.65591 69.57790 11.06260
H 4.86336 71.93360 11.15160
H 5.97877 68.95850 11.15840
C -18.04630 79.65760 9.80039
C -16.88350 76.65630 9.83146
C -14.54990 78.98620 9.65819
C -13.39530 75.95310 9.81211
H -11.90970 74.93870 11.52910
H -15.29930 75.61990 11.47170
H -13.02570 77.89080 11.31400
H -16.36590 78.57670 11.31520
H -18.74160 76.24770 11.50970
C -11.15700 78.13730 9.74762
C -9.99870 75.40950 9.94054
C -6.76592 74.89180 9.98689
C -7.84894 77.77310 9.86591
C -5.61015 80.18210 9.68479
H -8.55926 74.29090 11.64870
H -6.46121 76.68310 11.60680
H -9.62078 77.31440 11.50580
H -10.97230 80.18230 11.15760
H -7.41731 79.67360 11.33010
C -4.72403 77.15900 9.89917
C -3.54788 74.14030 9.86722
C -1.30812 76.66520 9.84926
C -2.33926 79.57010 9.81588
C 1.04539 79.00270 9.86540
H -4.21486 79.02550 11.40550
H -3.09799 76.05900 11.47930
H -0.79461 78.45470 11.46600
H 0.16029 75.50750 11.49480
C 2.02132 76.01380 9.86923
C 5.59717 75.38270 9.67193
C 8.91518 74.86510 9.57257
C 7.81435 77.74770 9.74927
C 4.39595 78.30510 9.85620
H 3.74692 74.84800 11.26920
H 2.54955 77.79330 11.48140
H -18.70090 84.59760 11.51930
C -15.80620 82.06080 9.73545
C -12.45520 81.35040 9.57397
C -16.85490 85.08450 9.91193
C -13.65330 84.30540 9.80249
C -14.68790 87.40450 9.81960
H -14.27490 80.87400 11.21790
H -17.61940 81.55230 11.35650
H -13.04440 86.22320 11.26730
H -16.43590 86.89840 11.56210
H -12.03320 83.14390 11.26490
H -15.42420 83.82980 11.52950
C -9.03056 80.65310 9.68881
C -11.17020 86.68970 9.60448
C -10.25550 83.72460 9.62753
C -6.85606 83.14990 9.64754
C -7.92024 86.06980 9.60179
H -5.28105 82.04750 11.25190
H -9.77141 85.52800 11.28980
H -6.38928 85.00570 11.25070
H -8.68411 82.57670 11.29380
C -4.53654 85.49180 9.65193
C -3.30781 82.49570 9.77717
C -0.07525 81.86990 9.91266
C -1.24666 84.90750 9.80275
H -0.86580 86.64250 11.59980
H -1.96633 81.36340 11.52960
H -4.15689 87.33550 11.29510
C 0.96519 87.07130 9.93480
H 1.55769 80.79870 11.49730
H 0.28112 83.75120 11.42070
H -3.09475 84.39330 11.36930
C 2.16719 84.19790 9.87168
C 6.65626 80.55930 9.75353
C 8.99011 82.97660 9.73632
C 5.57436 83.55570 9.68071
C 3.33720 81.22600 9.82723
C 4.46565 86.53510 9.78126
C 7.88069 86.01280 9.66678
H 6.05560 85.42410 11.28330
H 2.62148 86.07230 11.45350
H 3.84415 83.08360 11.39320
H -18.61400 92.86850 11.65960
C -18.07780 87.96400 9.93079
C -13.36910 92.72080 9.73884
C -16.82330 93.30460 9.94369
C -12.29890 89.65580 9.66141
C -15.63690 90.41490 9.81720
H -11.89080 91.47140 11.28600
H -15.12360 92.20690 11.46030
H -14.09440 89.21050 11.39060
H -17.50920 89.87060 11.38550
C -9.03280 89.05670 9.56607
C -5.63550 88.49080 9.64343
C -10.08450 91.96500 9.59646
C -6.67144 91.27400 9.59662
H -5.26753 90.31540 11.35000
H -7.52602 87.96120 11.15830
H -9.59673 93.81270 11.17660
H -6.33965 93.25430 11.08810
H -8.57290 90.87370 11.21910
H -10.80720 88.48970 11.30110
C -0.89874 93.04180 9.66784
C 0.02799 90.09400 9.87595
C -2.21896 87.77540 9.82450
C -4.46488 93.79550 9.51748
C -3.33048 90.77600 9.74618
H 0.51283 91.98720 11.41480
H -1.84222 89.64000 11.48700
H 1.55114 88.96060 11.49650
H -2.91732 92.58960 11.09060
C 2.26571 92.33220 9.65478
C 9.02501 91.19530 9.85214
C 3.32573 89.36750 9.80221
C 6.67044 89.01300 9.75552
C 5.55344 91.72170 9.76728
H 3.71188 91.26930 11.36770
H 4.96772 88.36670 11.40890
H 8.21961 87.79950 11.35410
H 7.13917 90.76550 11.43290
H 5.99865 93.67980 11.28010
C -17.91210 96.26810 9.98473
C -12.38190 97.88500 9.76915
C -14.55680 95.56180 9.84953
C -15.73870 98.61500 9.79077
H -17.38000 98.10890 11.58230
H -15.15920 100.44600 11.40600
H -11.83270 99.80820 11.28610
H -14.18980 97.43410 11.39960
H -16.38150 95.16950 11.54100
H -12.90930 94.55390 11.36760
C -11.16000 94.94950 9.63983
C -7.83273 94.49620 9.49832
C -6.69499 99.63270 9.62055
C -9.98134 100.22500 9.58912
C -5.54556 96.68980 9.53384
C -9.02130 97.41930 9.54209
H -7.46439 96.25240 11.11070
H -10.68820 96.81900 11.24080
H -8.49681 99.13680 11.26040
H -5.04754 98.60430 11.10020
C 1.22173 95.39110 9.59877
C -2.08487 96.11000 9.52664
C -3.13028 99.02550 9.53529
C 0.19387 98.35610 9.56009
H 1.63456 97.28080 11.20860
H -1.70074 97.91650 11.19570
H 0.52557 100.23700 11.20000
H -0.68025 94.96580 11.23240
H -3.98643 95.59480 11.09490
C 5.82740 100.02300 9.69179
C 6.77696 97.14140 9.73513
C 7.81823 94.13450 9.67981
C 3.55079 97.68800 9.64210
C 9.02355 99.53340 9.54341
C 4.54931 94.86880 9.67269
H 4.97152 96.62060 11.38160
H 7.31199 99.02150 11.28560
H 8.24932 96.00590 11.29780
H 2.71000 94.26210 11.17150
H 3.91852 99.55170 11.23740
C -16.78040 68.41750 12.87420
C -14.63980 70.75210 13.04540
C -15.61200 73.79160 13.12050
C -12.40970 73.06750 13.10290
C -17.88970 71.38020 13.03880
C -13.67930 67.81440 12.99080
C -11.21300 70.11860 13.14490
C -7.96816 69.42200 13.17060
C -9.06731 72.47050 13.25050
C -5.62285 71.86200 13.19100
C -4.56238 68.87720 12.94880
C -1.15206 68.28700 13.01380
C -2.38657 71.30350 13.01160
C 1.18308 70.65260 12.74530
C -0.12582 73.56020 12.94960
C 2.35365 67.79680 12.76960
C 4.47095 70.14560 12.71220
C 3.28152 72.88510 12.76530
C 7.76992 69.43000 12.83860
C 6.66441 72.37310 12.77860
H 8.14493 71.25250 11.19010
C -17.93980 79.65920 12.96770
C -16.79960 76.82970 13.05170
C -14.53340 79.10150 12.90190
C -13.44670 76.15530 13.06160
C -11.17140 78.46870 12.97820
C -10.06310 75.52890 13.17580
C -6.76754 74.86820 13.26870
C -7.85940 77.99990 13.11300
C -5.64723 80.27500 12.98300
C -4.56416 77.24310 13.06870
C -3.30347 74.18540 13.10480
C -1.30387 76.62500 13.11900
C 1.00168 78.97110 13.12020
C -2.39028 79.53710 13.06160
C 2.13495 75.79350 12.97440
C 5.58749 75.29290 12.86200
C 8.95349 74.65370 12.89640
C 4.52198 78.19050 13.04430
C 7.82600 77.64290 12.98110
H 4.90596 80.07950 11.44550
H 6.04995 77.17270 11.33690
H 7.14893 74.24590 11.20700
H 8.22392 79.57140 11.42330
C -15.69010 82.15180 12.91940
C -12.42030 81.32860 12.85800
C -16.82000 85.14910 13.12940
C -13.44000 84.36770 12.92630
C -14.41930 87.37680 13.04990
C -9.13137 80.66820 12.82650
C -11.21700 86.72600 12.95720
C -6.85811 83.13050 12.84830
C -10.23010 83.67630 12.92760
C -7.91086 86.15710 12.82220
C -4.59191 85.53590 12.96680
C -0.07011 81.90070 13.10000
C -3.56250 82.58580 13.04990
C -1.26920 84.75170 13.10060
C 1.04711 87.11120 13.13560
C 6.75119 80.72660 13.03830
C 2.21475 84.13200 12.96010
C 3.40114 81.27040 13.09050
C 5.64641 83.63900 12.98730
C 8.86099 83.02650 12.97020
C 4.58654 86.51410 12.98780
C 7.87740 85.96020 12.95400
H 7.08184 82.47650 11.29640
C -18.02900 88.12580 13.08250
C -13.28260 92.75980 13.00400
C -16.64930 93.26300 13.16000
C -12.21660 89.64820 12.95820
C -15.63840 90.30190 13.00980
C -5.79543 88.46670 12.89390
C -10.08280 92.06730 12.84950
C -8.97032 89.12170 12.86670
C -6.82798 91.58600 12.85010
C -4.44178 93.74510 12.67700
C -2.45135 87.84900 13.08970
C -3.42272 90.91060 12.92320
C -0.00442 90.15980 13.08400
C -1.18036 93.12110 12.83470
C 8.98225 91.32200 13.03860
C 2.30534 92.56700 12.97390
C 6.77830 88.93310 13.03430
C 5.50652 91.87730 12.94570
C 3.44834 89.47460 13.01160
C -17.82400 96.26940 13.21040
C -15.53070 98.72480 13.12140
C -14.47000 95.63620 13.02050
C -12.20720 97.91300 12.88240
C -8.81945 97.32350 12.87600
C -5.54509 96.71460 12.65380
C -7.78410 94.41870 12.77290
C -9.93750 100.35400 12.89430
C -6.57108 99.62100 12.74190
C -10.98580 95.02400 12.83970
C 1.18916 95.40310 12.82690
C -2.23389 96.07370 12.80350
C 0.10904 98.39000 12.84190
C -3.26688 99.00150 12.77970
C 7.79709 94.24130 12.97140
C 3.41053 97.80420 12.89730
C 5.70428 100.06700 12.84360
C 6.83555 97.29500 12.90970
C 4.40697 94.77230 12.88250
C 9.09674 99.62110 12.88490
C -16.85780 101.53500 9.89752
C -14.51150 103.93800 9.71659
C -15.57970 106.88000 9.77970
C -12.20760 106.15200 9.73893
C -17.93100 104.42600 9.85776
C -13.43890 100.98300 9.69042
H -17.40070 106.27900 11.38950
H -16.25760 103.38400 11.39290
H -14.01640 105.73100 11.34850
H -12.98930 102.80300 11.31230
H -18.57590 101.10300 11.70730
C -11.13670 103.24700 9.70710
C -7.63024 102.68200 9.58441
C -8.76518 105.59100 9.70157
C -5.35013 105.07400 9.65374
H -4.96053 106.83500 11.35870
H -10.61030 105.10300 11.33330
H -7.14122 104.49400 11.26670
H -6.14417 101.52300 11.20840
H -9.48072 102.08000 11.15560
C -4.32192 101.99800 9.54254
C -0.94027 101.36500 9.56707
C -1.96780 104.28900 9.58848
C 1.37644 103.66800 9.74493
C 0.31144 106.51300 9.64247
H -2.83650 100.87600 11.16680
H -3.81375 103.87800 11.19000
H -1.57815 106.17900 11.19440
H 1.82515 105.50600 11.37210
H -0.52041 103.19400 11.26340
C 2.41871 100.68100 9.65529
C 4.60418 102.98800 9.68354
C 3.41436 106.03300 9.51587
C 7.87438 102.43800 9.54364
C 6.89219 105.36500 9.51453
H 8.41714 104.25200 11.11100
H 2.83045 102.49400 11.39080
H 6.19766 101.94300 11.31890
H 5.08742 104.97700 11.05870
C -16.70100 109.80700 9.82972
C -13.35980 109.20200 9.79856
C -14.46720 112.11300 9.82867
C -17.99910 112.65500 9.81299
H -11.83740 108.03800 11.37490
H -12.79730 110.98200 11.41620
H -16.35890 111.62000 11.46530
H -15.20670 108.67200 11.47860
H -18.51790 109.29300 11.46350
C -11.11840 111.46200 9.65317
C -9.93595 108.43100 9.73772
C -6.46267 107.88200 9.65704
C -7.74679 110.70200 9.72139
C -5.50590 113.00800 9.55504
H -10.71120 113.28400 11.27890
H -7.40179 112.61600 11.18280
H -6.03869 109.71700 11.20670
H -9.61735 110.34900 11.34120
H -8.35926 107.45200 11.29850
C -3.19267 107.21700 9.62713
C -4.31181 110.14800 9.51752
C -0.91435 109.47800 9.52494
C -1.91299 112.45700 9.45268
C 1.31185 112.00700 9.38342
H -0.42550 111.35900 11.09460
H -3.78189 112.06100 11.06170
H 0.63416 108.41200 11.17420
H -2.73749 109.12700 11.13500
C 2.38917 108.93300 9.52067
C 5.85196 108.26600 9.46236
C 9.13589 107.77900 9.50146
C 7.98705 110.78300 9.37698
C 4.60534 111.29900 9.40142
H 8.45259 112.66300 10.93490
H 5.10941 113.16500 10.97780
H 6.21810 110.19100 11.02640
H 2.79081 110.83200 11.06680
H 4.00554 107.85000 11.07320
H 7.32283 107.22300 11.18430
C 6.89277 113.70500 9.35020
H -14.02400 113.95000 11.25490
C -15.71420 115.00900 9.69622
C -12.14840 114.46000 9.65491
C -16.84040 117.99900 9.70769
C -13.33810 117.33300 9.60862
H -11.85390 116.28800 11.31080
H -12.98540 119.17700 11.21220
H -16.40850 119.84400 11.27850
H -15.20760 116.93200 11.22570
H -17.57930 114.59500 11.35370
H -18.73780 117.55400 11.28730
C -14.58130 120.21600 9.60789
C -8.93567 113.74300 9.59061
C -11.12600 119.57900 9.62425
C -6.64974 116.08500 9.50653
C -10.07200 116.74200 9.65981
C -7.77969 119.07300 9.61740
H -5.13503 114.94000 11.06780
H -6.24264 117.91000 11.17650
H -9.56534 118.54100 11.25470
H -8.47741 115.54200 11.19760
H 1.73590 113.79400 11.02410
C -4.48432 118.27400 9.41592
C -3.28376 115.42100 9.45014
C 0.30996 114.91600 9.31453
C -1.07786 117.88000 9.33688
H -0.57856 119.73600 10.92930
H 0.47924 116.79000 10.95850
H -1.53710 114.41700 10.91850
H -2.84560 117.32500 11.02640
H -4.06430 120.22600 10.92100
C 1.23443 120.23900 9.29913
C 2.41890 117.23800 9.43653
C 5.63445 116.64100 9.37337
C 3.56256 114.35100 9.43222
C 4.58787 119.63100 9.37037
C 8.04347 119.02400 9.29252
H 7.23733 115.58300 10.91450
H 6.18088 118.56400 10.87040
H 2.72564 119.13000 10.96160
H 3.90472 116.16300 11.13380
C 9.04230 116.06200 9.30758
C -18.09260 120.83500 9.66824
C -15.72270 123.10300 9.48932
C -12.28860 122.46300 9.44930
C -16.65510 126.18200 9.30401
C -13.28260 125.61000 9.37246
H -17.56770 122.76700 11.13430
H -15.20540 125.02600 10.92530
H -11.84420 124.40000 10.97420
H -14.06710 122.12400 11.09230
H -18.47000 125.77500 10.93290
C -8.84024 121.85500 9.59767
C -9.96853 124.99500 9.42131
C -5.67887 121.33900 9.45998
C -6.63036 124.43300 9.51942
H -6.17155 126.24700 11.05990
H -9.60047 126.80200 11.00990
H -7.32187 120.90300 11.29170
H -5.12021 123.16000 11.11040
H -8.51273 123.81900 11.12950
H -10.78270 121.43700 11.16910
C -4.47381 126.76000 9.31282
C -0.06448 123.17800 9.33508
C -3.43389 123.66200 9.38422
C -2.21685 120.78000 9.36228
C -1.06651 126.01000 9.20648
H -1.79326 122.65900 10.97530
H 1.57835 122.08200 10.89880
H 0.59255 125.05800 10.81350
H -2.94064 125.61400 10.82370
C 2.38807 125.55400 9.13805
C 3.38026 122.52000 9.26502
C 9.13328 124.38100 9.20832
C 5.63761 124.93600 9.25872
C 6.72135 121.88900 9.33755
H 8.37811 120.85700 10.91120
H 6.17337 126.81300 10.87020
H 3.85687 124.40200 10.85280
H 7.24857 123.81700 10.79720
H 4.90792 121.50600 11.01160
C -15.64510 131.57700 9.46721
C -14.51000 128.45400 9.36485
C -17.92020 129.15200 9.39189
C -12.15470 130.80400 9.40875
H -16.34250 128.05900 10.96980
H -12.95820 127.43500 11.05120
H -14.09060 130.38100 10.92720
H -17.56300 131.02500 11.01210
H -11.80890 132.65700 11.00010
H -15.30630 133.38400 11.19370
C -7.77158 127.31300 9.39395
C -8.92722 130.26700 9.31103
C -11.06250 127.96000 9.40966
C -9.98639 133.27800 9.39265
C -6.56714 132.70600 9.26469
C -5.51397 129.57100 9.36216
H -5.12529 131.48600 10.95310
H -7.37777 129.16500 10.91020
H -8.36385 132.12600 10.89330
H -10.64750 129.72700 11.08760
C -2.25482 129.07300 9.16310
C 0.11729 131.43700 9.16355
H -3.90572 128.54700 10.97410
H -1.70655 130.89100 10.77510
C 1.18016 128.41800 9.18561
H 1.64666 130.29500 10.74640
C -3.34727 132.12800 9.26719
H -0.70898 127.94400 10.74450
H 0.54100 133.26400 10.80840
C 5.60663 133.15400 9.08904
H 3.77054 132.67700 10.69290
H 8.50956 129.14200 10.84420
H 2.77505 127.34600 10.79670
C 7.99497 127.34200 9.24291
H 7.30925 132.06000 10.65690
C 6.82570 130.22800 9.27743
H 4.92413 129.75400 10.88780
C 4.64961 127.91700 9.21463
C 9.18725 132.53400 9.06704
C 3.47672 130.78800 9.14998
C -16.61110 101.56200 13.10320
C -14.41300 103.93000 12.96520
C -15.55110 106.77900 13.02070
C -12.18270 106.18900 12.93810
C -17.86060 104.44400 13.03790
C -13.27150 100.93200 12.97810
C -11.04920 103.28300 12.82590
C -7.70745 102.56900 12.83650
C -8.68830 105.52000 12.87920
C -5.31821 104.91900 12.91200
C -4.32429 102.04800 12.82100
C -1.00776 101.28700 12.81060
C -2.03528 104.38100 12.84570
C 1.28936 103.63900 12.93980
C 0.21239 106.61900 12.85180
C 2.36105 100.70800 12.84900
C 4.72153 103.21000 12.81500
C 3.74803 106.08600 12.82680
C 8.05405 102.53200 12.84970
C 6.93474 105.36000 12.76610
C -17.86650 112.78100 13.10160
C -16.67730 109.80100 13.10090
C -13.31250 109.16400 13.04250
C -14.44090 112.11600 12.93290
C -11.01400 111.56700 13.01330
C -9.90924 108.47500 12.93510
C -6.54530 107.93000 12.88990
C -7.68932 110.77300 12.79550
C -5.45215 113.01700 12.65330
C -4.19802 110.33500 12.76700
C -3.03295 107.40600 12.81560
C -0.93953 109.54600 12.73320
C -1.93053 112.64300 12.61860
C 1.34318 112.03800 12.73640
C 9.20681 107.84800 12.74170
C 2.44998 108.98500 12.72660
C 5.80297 108.39600 12.72740
C 4.65046 111.35800 12.60360
C 7.96564 110.91400 12.64160
C -15.63700 115.06800 12.86300
C -12.17420 114.42100 12.91340
C -16.81080 118.01100 12.82820
C -13.44160 117.39900 12.86210
C -14.47170 120.36100 12.78250
C -8.84826 113.77000 12.88020
C -11.14900 119.56000 12.81000
C -6.58240 116.04700 12.77060
C -9.90423 116.72700 12.85360
C -7.72811 119.05400 12.86010
C -4.34628 118.45200 12.68890
C -3.22987 115.41400 12.54250
C 0.22917 114.96500 12.64140
C -0.99083 117.99200 12.62020
C 1.17550 120.28200 12.55660
C 2.27536 117.39300 12.61160
C 6.94187 113.73400 12.55920
C 9.13353 116.10800 12.52130
C 5.77578 116.75100 12.55920
C 3.65978 114.42400 12.60280
C 4.65455 119.59700 12.56740
C 7.95489 119.05400 12.57690
C -13.39870 125.52500 12.56520
C -16.66250 126.14500 12.57300
C -15.61180 123.24700 12.64840
C -12.29130 122.62900 12.72780
C -17.90230 121.06300 12.89230
C -5.35373 121.32600 12.79110
C -6.59748 124.40300 12.67720
C -8.97463 122.03200 12.80530
C -10.06340 124.95600 12.68620
C -4.24684 126.68500 12.61760
C -2.17510 120.79700 12.51530
C -1.03665 126.08000 12.38620
C 0.04497 123.23800 12.48370
C -3.27568 123.88400 12.59550
C 2.39731 125.58100 12.49000
C 3.37466 122.64800 12.56030
C 9.04711 124.39400 12.45590
C 5.73828 124.90500 12.41260
C 6.88204 122.03300 12.49390
C -17.84390 129.13000 12.62860
C -12.29080 130.80600 12.62810
C -15.69150 131.44800 12.63580
C -14.51860 128.58000 12.63840
C -7.74491 127.40500 12.56800
C -5.53152 129.60100 12.50170
C -11.16910 127.88200 12.68430
C -6.53431 132.60000 12.56780
C -9.90417 133.13500 12.55180
C -8.76158 130.33900 12.58930
C -3.22642 131.95400 12.42460
C -2.05908 129.12400 12.52260
C 1.14431 128.48700 12.31690
C 0.14443 131.42300 12.37480
C 7.96903 127.32500 12.48510
C 9.10241 132.63000 12.33640
C 6.88734 130.28500 12.36600
C 4.61991 127.91200 12.48050
C 5.67031 133.07800 12.22000
C 3.37313 130.89600 12.43770
C 11.32510 2.90137 9.08320
C 10.13690 5.90268 9.20946
C 14.65890 2.34061 9.04031
C 13.55010 5.31447 9.11603
C 15.75330 7.66016 9.24356
H 10.51030 7.66483 10.78100
H 13.94250 7.06589 10.81120
H 15.12380 4.13929 10.68770
H 12.83000 1.75984 10.69740
H 11.72000 4.71183 10.72310
H 9.46021 2.35689 10.66790
C 16.96110 4.68262 9.08369
C 20.40130 4.01978 9.08971
C 19.24210 6.89814 9.19581
C 22.67920 6.38450 9.26495
C 18.05720 1.65508 9.03870
H 21.93090 2.96499 10.72300
H 20.81370 5.84540 10.81150
H 18.48980 3.49943 10.67020
H 17.32490 6.49427 10.80290
C 23.75870 3.53630 9.17506
C 26.10170 5.59710 9.29131
C 26.95610 2.93684 9.33747
C 29.21550 5.07065 9.34526
H 29.72660 6.93970 10.92480
H 24.19380 5.29753 10.88400
H 28.41690 1.63777 10.86040
H 25.11950 2.25953 10.84310
H 27.48690 4.60203 11.12760
H 26.40320 7.53867 10.86170
C 30.24040 2.20952 9.23834
C 31.44750 7.63141 9.24459
C 32.55050 4.62956 9.13940
C 35.94710 3.92612 9.09996
C 34.85310 6.81615 9.16885
C 33.65680 1.67373 9.03967
H 34.11320 3.43372 10.71170
H 30.78440 4.00016 10.85340
H 32.97810 6.43770 10.80530
H 36.49990 5.77456 10.75730
C 12.31300 8.15335 9.20066
C 11.30580 11.15740 9.25921
C 10.23120 14.13330 9.36403
C 14.67380 10.63390 9.28576
C 13.65890 13.46240 9.38264
H 12.86340 9.97068 10.83280
H 15.09830 12.30120 11.10120
H 11.81370 12.94170 10.91630
H 9.44302 10.65360 10.80700
H 16.19910 9.42985 10.86230
C 16.96260 12.85490 9.48867
C 21.47650 9.31431 9.17214
C 18.08890 9.90280 9.33158
C 20.19240 12.22950 9.38937
H 18.46880 11.65760 11.08960
H 21.81920 11.15400 10.83830
H 20.66990 14.08850 11.01820
H 19.66060 8.73738 10.79050
H 22.96220 8.25829 10.84820
C 28.23180 8.10854 9.27786
C 23.78890 11.69900 9.32330
C 24.86830 8.66991 9.28101
C 25.82330 14.02850 9.31829
C 27.09830 11.11920 9.21144
C 29.34410 13.57420 9.26952
H 24.03830 13.45840 11.05950
H 25.35660 10.55130 10.90930
H 28.67610 9.97086 10.82080
H 27.52430 12.96690 10.84330
C 30.49100 10.57790 9.22597
C 33.78630 9.99284 9.11732
C 32.74620 12.99380 9.29866
C 36.12820 12.21190 9.18624
H 30.84840 12.39410 10.87140
H 35.37960 8.75010 10.62880
H 31.96360 9.41943 10.87970
H 36.44280 14.01710 10.86930
H 34.29520 11.66790 10.80810
C 12.60720 16.40700 9.48977
C 15.87670 15.89670 9.45636
C 11.39010 19.40950 9.53935
C 14.73260 18.78140 9.51075
H 14.06090 15.24390 11.09410
H 10.73930 15.88830 11.06900
H 12.96350 18.28670 11.16250
H 15.20070 20.60750 11.18580
H 9.56337 18.88230 11.13670
H 11.71600 21.27380 11.19490
H 16.24960 17.61970 11.15130
H 17.41220 14.69100 11.00120
C 22.50050 14.54100 9.40127
C 19.20630 15.26720 9.42568
C 21.31500 17.45070 9.48545
C 18.07670 18.23020 9.56108
C 20.29990 20.59910 9.47512
H 21.82230 19.35640 11.00930
H 22.90920 16.36340 11.03710
H 19.51730 17.04830 11.17350
H 18.50490 20.10140 11.13050
C 16.97330 21.19100 9.55238
C 23.54750 19.80240 9.27759
C 24.71560 16.76890 9.33997
C 28.09050 16.42930 9.24680
C 26.93000 19.30910 9.23403
H 26.30570 15.85190 10.86180
H 28.45750 18.25150 10.87030
H 25.15820 18.71540 10.90070
H 29.62120 15.37480 10.95980
H 27.39330 21.25560 10.71710
H 33.14170 14.72030 10.99010
C 30.35630 18.78550 9.38811
C 31.56110 15.78500 9.39141
C 34.90180 15.20850 9.29508
C 33.75640 18.18280 9.32199
C 36.00590 20.36190 9.47470
H 34.05670 19.97460 10.96030
H 31.93520 17.64690 10.97380
H 30.74840 20.64730 10.94390
H 35.28290 17.01360 10.94310
C 32.63810 21.06250 9.32865
C 13.65120 21.87030 9.68064
C 10.21490 22.34490 9.50220
C 12.46190 24.73390 9.67184
C 15.62550 24.18560 9.67556
C 14.54290 27.09840 9.67655
H 13.92080 23.59720 11.42010
H 12.83490 26.51030 11.34600
C 11.28570 27.71540 9.83032
H 10.55400 24.18120 11.16110
H 9.42652 27.14690 11.41740
H 16.11310 26.04110 11.34190
C 19.10800 23.53440 9.45326
C 22.30350 22.82150 9.28709
C 21.30420 25.88430 9.38869
C 17.82310 26.51420 9.60571
H 19.49190 25.38320 11.02490
H 22.85600 24.66960 10.86660
H 20.63750 22.45090 11.07410
H 17.31320 23.08410 11.14020
H 21.77770 27.65030 11.05990
C 28.09380 24.71620 9.27053
C 24.55380 25.26300 9.22803
C 25.82660 22.30780 9.16482
C 29.26510 21.79950 9.21715
H 28.43660 26.51560 10.95680
H 29.60930 23.57600 10.93560
H 24.01470 21.75320 10.77660
H 25.04150 27.07630 10.94090
H 26.20670 24.18970 10.74320
C 26.90080 27.68390 9.38068
C 30.32850 27.13530 9.44870
C 34.89190 23.44120 9.38001
C 31.49500 24.06610 9.34812
C 33.72040 26.32410 9.42270
H 36.33120 22.27090 11.05580
H 31.86300 25.92340 10.99500
H 32.98870 22.99130 10.91050
H 35.26250 25.22970 11.02340
C 12.34460 33.02350 9.85140
C 13.38300 30.07810 9.75390
C 15.68280 32.40980 9.73057
C 10.11400 30.53260 9.91167
H 14.96930 28.95230 11.30360
H 10.50480 32.42930 11.43820
H 11.70090 29.44280 11.54230
H 13.87370 31.87390 11.40370
C 20.16370 28.83730 9.60099
C 22.43160 31.25270 9.52844
C 21.23590 34.10230 9.71674
C 19.10500 31.75670 9.81567
C 16.79310 29.45890 9.68945
H 18.34240 28.33650 11.20700
H 20.77040 30.65060 11.25570
H 19.54350 33.57370 11.50360
H 22.90050 32.98960 11.24520
H 17.19090 31.26220 11.34110
H 16.11130 34.19540 11.39520
C 24.63640 33.61200 9.57107
C 29.07360 29.97780 9.58610
C 23.48600 28.26710 9.41857
C 28.08970 33.02830 9.45827
C 25.74190 30.64360 9.49536
H 23.95190 29.99310 11.09790
H 27.24590 29.42160 11.11210
H 26.29340 32.41750 11.02640
H 29.47950 31.82870 11.16620
H 30.68370 28.85310 11.16270
C 34.90210 31.78270 9.47468
C 35.94620 28.74080 9.49929
H 34.08580 28.15640 11.12960
C 31.41240 32.20380 9.64086
H 35.20530 33.55460 11.22450
H 36.39950 30.61100 11.06170
H 31.83640 34.08670 11.22270
H 33.09760 31.10180 11.11960
C 32.51930 29.26280 9.49183
C 11.24450 2.83099 12.28460
C 10.22830 5.74908 12.42640
C 14.70400 2.28250 12.29500
C 13.55000 5.15387 12.34160
C 15.78650 7.51011 12.43710
C 18.00720 1.59746 12.26090
C 16.95220 4.61714 12.33500
C 20.32930 3.96188 12.35360
C 19.18940 6.89399 12.40260
C 22.57410 6.38316 12.49990
C 23.67640 3.47900 12.45220
C 25.90700 5.77613 12.60930
C 26.91230 2.66680 12.58940
C 29.43190 5.09881 12.61290
C 30.35470 2.12153 12.37160
C 31.52070 7.59427 12.56130
C 32.70580 4.60492 12.40510
C 35.98370 3.89937 12.30130
C 34.90360 6.98960 12.32920
C 33.77860 1.64361 12.35540
C 12.31240 8.15885 12.41530
C 11.31120 11.04150 12.45000
C 10.31040 13.99660 12.63180
C 14.66780 10.36590 12.56310
C 13.55230 13.38060 12.68860
C 16.93280 12.88300 12.63010
C 21.44930 9.37303 12.47620
C 18.02400 9.64988 12.47650
C 20.37800 12.20180 12.59590
C 28.23240 8.15883 12.49250
C 23.64900 11.54530 12.50300
C 24.85850 8.67537 12.45390
C 26.01780 14.03810 12.48550
C 27.20890 11.14770 12.49690
C 29.32560 13.48860 12.52580
C 30.47870 10.53530 12.50860
C 33.87790 9.77520 12.39120
C 32.77350 12.71210 12.47440
C 36.10620 12.16110 12.45090
C 12.59980 16.40380 12.74240
C 15.88410 15.71710 12.71370
C 11.35860 19.35600 12.77370
C 14.74610 18.70170 12.79200
C 22.48460 14.57520 12.67280
C 19.13380 15.11880 12.71380
C 21.42440 17.55200 12.68200
C 18.03630 18.22710 12.73410
C 20.38580 20.63260 12.69540
C 17.01580 21.22310 12.77750
C 23.77490 19.91550 12.53300
C 24.81570 16.91260 12.55380
C 28.03180 16.47560 12.54170
C 27.00800 19.45600 12.43620
C 30.27920 18.74600 12.48950
C 31.50170 15.77790 12.55500
C 34.99880 15.13470 12.60430
C 33.75230 18.12730 12.55440
C 35.77820 20.46890 12.68240
C 32.52140 21.13920 12.54260
C 13.57980 21.61850 12.83340
C 10.15110 22.37930 12.82670
C 12.32390 24.66850 12.91500
C 15.83110 24.12110 12.88460
C 14.62420 27.10550 12.95690
C 11.29900 27.53850 13.04410
C 18.04890 26.42950 12.82150
C 21.42460 25.74030 12.60100
C 22.61620 22.84610 12.49940
C 19.17210 23.57150 12.69630
C 24.70110 25.16080 12.45740
C 27.93240 24.57220 12.45110
C 25.85740 22.37820 12.36550
C 29.10230 21.74360 12.51820
C 26.83330 27.48610 12.58890
C 30.27130 26.91860 12.62000
C 31.43930 24.01880 12.54060
C 34.77450 23.38150 12.59390
C 33.69560 26.25570 12.66010
C 10.13090 30.57620 13.06010
C 15.72340 32.35380 13.02740
C 13.57550 30.03890 13.06370
C 12.35550 32.86830 13.05670
C 22.56990 31.14910 12.88680
C 20.32260 28.69100 12.71120
C 21.50490 34.13460 12.99190
C 16.81470 29.39930 12.89410
C 19.16610 31.56860 12.88280
C 27.96770 32.86130 12.85500
C 25.83030 30.54440 12.67660
C 24.86650 33.56630 12.74560
C 23.57880 28.15590 12.67620
C 29.08330 29.94470 12.74970
C 32.59770 29.30970 12.79170
C 31.46530 32.11090 12.71030
C 35.91380 28.77730 12.72230
C 34.87040 31.67550 12.79260
C 11.22710 35.97730 9.94773
C 10.17700 38.92410 9.94896
C 14.51670 35.37000 9.90781
C 13.53130 38.24240 9.93219
C 15.67030 40.72280 9.91082
H 15.04240 37.14160 11.59230
H 13.84610 40.12360 11.50670
H 12.75860 34.80150 11.56480
C 16.80840 37.55100 9.85084
C 20.07300 37.15160 9.76735
C 19.03900 40.06220 9.76295
C 22.39680 39.50720 9.72580
C 18.00230 34.69210 9.84769
H 21.70620 35.98280 11.29520
H 17.26410 39.45380 11.36300
H 18.34040 36.52500 11.50890
H 20.59130 38.92260 11.34960
C 23.53040 36.52800 9.60424
C 25.84790 38.87370 9.69622
C 26.99130 35.98180 9.62203
C 29.18740 38.26470 9.71002
H 25.14480 35.43430 11.18830
H 29.57790 39.98070 11.42040
H 27.35990 37.71820 11.33550
H 23.99100 38.35240 11.24670
H 26.31200 40.67320 11.34160
H 28.42450 34.72640 11.27010
C 30.28090 35.28550 9.67510
C 31.58170 40.60460 9.94393
C 32.52920 37.65780 9.73669
C 35.93320 37.07180 9.76338
C 34.90060 40.01410 9.83499
C 33.65550 34.71800 9.60922
H 34.07140 36.46200 11.32040
H 36.35920 38.82490 11.45990
H 33.04930 39.46670 11.39260
H 30.71030 37.07020 11.36200
C 12.33930 41.30460 9.97985
C 11.21670 44.18040 10.10690
C 14.56680 43.62760 10.06310
C 10.00720 47.03030 10.17070
C 13.31290 46.48530 10.11480
C 16.76200 45.86620 10.11440
C 21.30070 42.39880 9.83392
C 17.90310 42.95170 10.00180
C 20.13240 45.26110 9.99314
H 16.07610 42.43890 11.62900
H 19.49350 41.82830 11.45940
H 22.84310 41.24920 11.44700
C 28.13940 41.26170 9.79700
C 23.59940 44.68070 9.94987
C 24.69600 41.77350 9.81312
C 27.13820 44.07060 9.85468
C 25.79920 47.05260 9.91144
C 29.29310 46.50600 9.96397
H 28.57770 42.98510 11.59390
C 30.45460 43.52320 10.00750
C 33.72770 42.77850 9.98115
C 36.01400 45.28370 9.82257
C 32.55970 45.80300 10.00490
H 35.33170 41.78360 11.50200
H 36.39220 47.07750 11.54640
H 31.93920 42.42110 11.70500
H 34.30260 44.73810 11.44100
C 12.40350 49.44450 10.15250
C 15.70130 48.71400 10.13020
C 11.27320 52.27560 10.00490
C 14.56250 51.72000 10.00680
C 22.37840 47.56960 10.01850
C 19.17670 48.13000 10.01630
C 21.26350 50.58270 9.93275
C 18.00070 51.09000 10.08650
C 20.12360 53.60160 10.01120
C 16.69630 54.05320 9.96172
C 23.55680 52.83770 10.00350
C 24.68920 49.95720 9.98908
C 28.16630 49.47540 9.97097
C 26.97030 52.32290 10.08340
C 30.28160 51.71970 9.95663
C 31.37690 48.73530 10.00040
C 34.85470 48.26640 9.94022
C 33.67560 51.14370 9.95441
C 36.03770 53.42810 9.96100
C 32.51350 53.99890 9.92575
H 35.30200 50.11660 11.54770
C 13.39220 54.67020 9.92809
C 10.04650 55.27430 9.89619
C 12.37890 57.60130 9.77912
C 15.76730 57.09330 9.84518
C 14.65680 59.92900 9.84817
C 11.07390 60.66290 9.81719
C 19.12200 56.51220 10.00150
C 22.32880 55.88180 10.04340
C 18.01990 59.38160 9.91653
C 21.37310 58.91250 9.98153
C 24.62230 58.30020 10.03950
C 25.83740 55.19310 10.01340
C 26.93140 60.65440 10.04380
C 29.12460 54.64670 9.96962
C 28.00840 57.70780 10.04820
C 34.78320 56.27540 9.81013
C 30.19040 60.03300 9.91703
C 31.37510 57.02180 9.85859
C 33.67960 59.30250 9.87011
C 9.83721 63.41820 9.87826
C 15.77020 65.30170 9.92718
C 13.47760 62.99160 9.81375
C 12.32380 65.89980 9.95010
C 22.56270 64.13980 9.95431
C 19.10200 64.70570 9.91646
C 20.24530 61.66400 10.02440
C 16.84180 62.26480 9.91396
C 21.16260 67.07190 10.12480
C 23.60090 61.21980 10.08430
C 24.74130 66.50280 10.05640
C 28.01870 65.89220 10.08810
C 25.81960 63.49270 10.09100
C 29.17280 62.86370 10.03980
C 31.39460 65.22140 9.98549
C 34.81610 64.69980 10.04340
C 32.55620 62.34290 9.99159
C 35.96860 61.78450 9.89147
C 11.30740 35.96450 13.20660
C 10.17300 38.90210 13.21800
C 14.66110 35.22360 13.13590
C 13.54500 38.29660 13.14680
C 15.73880 40.48320 13.08100
H 10.53920 40.74810 11.60320
H 9.48314 35.36990 11.59730
H 11.69570 37.79230 11.56040
C 17.91210 34.71610 13.06500
C 16.90810 37.73100 13.12410
C 20.31630 37.01420 13.00320
C 19.07720 39.97030 13.03150
C 22.44050 39.34660 12.99350
C 23.56810 36.48090 12.84970
C 25.75020 38.77420 12.91510
C 26.93380 35.81680 12.87350
C 29.16970 38.15670 13.04590
C 30.29270 35.17940 12.89900
C 31.41540 40.46850 13.07960
C 32.51820 37.56650 12.97760
C 35.93910 36.97970 13.00400
C 34.83070 39.95270 13.08520
C 33.64360 34.61320 12.90750
C 12.37520 41.14640 13.21640
C 11.26520 44.06670 13.36820
C 14.58310 43.54480 13.30860
C 10.04390 47.12490 13.41290
C 13.43140 46.52030 13.43970
H 12.79330 43.04600 11.68370
H 11.58470 45.95310 11.81930
H 14.94110 45.44080 11.75680
H 9.39183 43.67810 11.75470
C 16.85600 45.83270 13.26530
C 21.26940 42.34220 13.09480
C 17.98160 42.82320 13.18890
C 20.23650 45.07810 13.28440
H 20.62430 46.97460 11.71600
H 18.39030 44.72150 11.67800
H 21.75190 44.17930 11.54840
C 28.04220 41.10660 13.10120
C 23.66040 44.64340 13.13640
C 24.71170 41.76720 12.98770
C 27.04830 44.10080 13.12810
C 25.94630 47.00080 13.15480
C 29.14300 46.49260 13.21390
H 24.03970 46.53320 11.61550
H 25.22820 43.63840 11.41130
H 27.42280 45.91240 11.48310
C 30.33650 43.52050 13.28000
C 33.90220 42.90900 13.13010
C 35.99560 45.24880 13.20040
C 32.72300 45.77130 13.09520
H 30.74900 45.39000 11.65940
C 12.22420 49.47810 13.31600
C 15.79340 48.78710 13.26670
C 11.30080 52.50590 13.33160
C 14.65380 51.85580 13.27980
H 13.84630 48.29490 11.77310
H 10.48080 48.86480 11.67460
H 9.53866 51.89530 11.65800
H 14.97060 53.62080 11.54350
H 12.78950 51.31890 11.74270
H 11.58270 54.22460 11.57660
C 22.48360 47.64340 13.24040
H 17.37670 47.70970 11.67230
H 16.07730 50.64800 11.62610
C 19.13730 48.15110 13.32480
C 21.33860 50.59740 13.29240
C 17.98000 51.13360 13.19380
C 20.18580 53.52170 13.25810
H 21.66790 52.40530 11.60160
H 18.34610 53.03270 11.59420
H 22.82010 49.46400 11.58570
H 19.54970 50.02290 11.64400
C 16.78360 54.21740 13.17110
C 23.50290 52.89500 13.23550
C 24.74820 49.80940 13.19880
C 28.07500 49.38980 13.29010
C 26.98930 52.32410 13.31180
H 25.12960 51.78000 11.68100
H 28.54420 51.23300 11.69630
H 26.37590 48.86810 11.51510
H 27.40110 54.19500 11.72190
H 29.59860 48.31060 11.63460
C 30.41170 51.74110 13.24080
C 31.49130 48.80740 13.19300
C 34.91770 48.26510 13.17500
C 33.66130 51.21360 13.15360
C 35.99350 53.48310 13.13250
C 32.59550 54.16070 13.07420
H 33.02620 47.72390 11.57890
H 31.84430 50.64020 11.53390
H 30.66490 53.54570 11.58360
H 34.14730 53.01170 11.48570
C 13.43520 54.76270 13.13080
C 10.04310 55.45360 13.09370
C 12.32440 57.64860 12.97850
C 15.73080 57.07560 13.11870
C 14.51020 59.95820 13.00960
C 11.17590 60.64350 13.00380
H 9.32033 60.11080 11.47870
H 13.96050 56.54900 11.45530
H 10.47220 57.19450 11.34890
H 12.69520 59.49180 11.33640
H 16.18610 58.91760 11.52670
C 18.00790 59.43630 13.18450
C 18.94510 56.49630 13.19660
C 22.47110 55.82510 13.25120
C 21.22770 58.77230 13.27440
H 20.53950 55.38980 11.70420
H 22.80310 57.72570 11.63980
H 21.75160 60.66000 11.72920
H 19.51190 58.33220 11.57420
H 17.22560 55.96080 11.48190
C 27.02670 60.62030 13.35850
C 25.71230 55.21030 13.26350
C 29.29030 54.71370 13.26580
C 24.66070 58.21930 13.26670
C 28.01580 57.67450 13.19960
H 23.90790 54.75290 11.59040
H 28.45620 59.52590 11.63170
H 25.13660 60.07730 11.70150
H 26.14820 57.08280 11.63600
H 29.57350 56.52380 11.56060
C 30.32780 59.89400 13.20880
C 31.46390 57.07310 13.09130
C 34.70350 56.43970 13.08840
C 33.76960 59.24620 13.00560
H 32.90660 55.87750 11.45710
H 31.78800 58.87990 11.46100
H 35.26640 58.16430 11.37870
H 36.29330 55.34740 11.54950
H 13.90050 64.80590 11.52810
H 14.92710 61.86250 11.48480
H 11.61910 62.48750 11.42020
H 10.34220 65.32530 11.28560
C 15.71340 65.14360 13.21340
C 9.98772 63.50930 12.95310
C 12.16110 65.78730 13.04210
C 13.41920 62.93160 13.11070
H 16.21260 67.04030 11.71100
C 16.78080 62.26840 13.10060
H 18.36220 61.23810 11.52660
H 17.23430 64.12530 11.53090
C 19.03860 64.61480 13.18710
C 21.27200 67.02290 13.25110
C 22.36540 64.16800 13.16850
C 20.11340 61.86210 13.18920
H 22.85540 65.99650 11.60760
H 19.35100 66.49270 11.67860
H 20.59610 63.64620 11.47060
H 29.58640 64.76930 11.55200
H 24.01350 63.05030 11.67060
C 28.08560 65.90590 13.23250
C 29.30280 62.98760 13.21620
H 26.18040 65.35650 11.69450
C 24.60810 66.45090 13.30250
C 23.60570 61.20840 13.30670
C 25.79160 63.52840 13.32400
H 27.37800 62.41580 11.73690
C 31.39970 65.25390 13.21000
H 32.99340 64.17750 11.63390
H 35.25680 66.47810 11.71410
H 31.78530 67.07010 11.59460
C 35.86420 61.60630 13.22020
C 32.64520 62.30780 13.18570
C 34.75830 64.63610 13.29420
H 34.10460 61.18360 11.46750
H 30.74090 61.74240 11.62680
H 36.30760 63.48850 11.67170
C 11.33320 68.78220 9.82300
C 10.11060 71.78520 9.71155
C 14.65690 68.32160 10.11810
C 13.35950 71.18750 9.78788
C 15.74660 73.54810 9.75824
C 16.76580 70.56520 9.80475
C 20.23900 69.98600 9.95944
C 19.13660 72.92700 9.88413
C 22.44410 72.33570 10.00820
C 17.90800 67.66940 9.99016
C 23.45350 69.40370 10.09610
C 25.76830 71.76430 10.09930
C 26.87570 68.72640 10.11160
C 29.18320 71.00690 9.91691
C 30.29940 68.13840 10.03360
C 33.69230 67.59870 10.16140
C 31.48220 73.52110 10.00830
C 32.65730 70.50080 9.99178
C 35.82310 69.95820 10.08680
C 34.83850 72.96670 10.02240
H 36.32090 71.84690 11.66600
C 12.33430 74.13590 9.68451
C 11.21040 77.14930 9.79667
C 10.09670 80.08880 9.81701
C 14.64890 76.55750 9.82579
C 13.47340 79.40250 9.94607
C 16.83760 78.89650 9.86381
C 21.33860 75.16810 9.95328
C 17.98420 75.91610 9.85368
C 20.10680 78.20830 9.82564
H 20.57600 80.03430 11.50480
C 28.00710 74.00040 10.05020
C 23.59290 77.42810 9.92541
C 24.76840 74.62700 10.06500
C 25.83380 79.86270 9.93182
C 27.11070 77.04420 9.98945
C 29.17940 79.38210 10.04570
H 27.43090 78.85730 11.62430
H 23.90670 79.38160 11.45150
C 30.21460 76.47670 10.13700
C 33.79890 75.83200 10.03710
C 32.49940 78.67260 10.08910
C 35.88290 78.22700 10.04110
H 36.33770 80.10500 11.49760
H 34.08570 77.69060 11.68330
H 31.91470 75.37910 11.63300
H 35.26330 74.74170 11.67920
H 30.67410 78.30120 11.75020
C 12.43190 82.35810 9.82645
C 15.71150 81.79510 9.94121
C 11.38390 85.43800 9.76079
C 14.70080 84.74290 9.85597
H 9.37588 84.86860 11.30270
H 10.52260 81.90500 11.43510
H 12.95380 84.23280 11.42260
H 15.13030 86.66630 11.35680
H 11.73930 87.18320 11.17460
C 22.38550 80.51190 9.84706
C 19.03640 81.13570 9.93037
C 21.35120 83.56600 9.85970
C 17.96600 84.15120 9.93536
C 20.32100 86.31450 9.90423
C 16.97810 86.99000 9.79284
H 16.17090 83.63480 11.58020
H 22.90460 82.35060 11.43720
H 19.58290 82.97850 11.47350
H 18.46730 85.95790 11.52590
H 21.92290 85.30640 11.54160
C 23.68810 85.82770 9.80722
C 24.72550 82.91110 9.83137
C 28.11460 82.29410 9.95599
C 26.87290 85.16590 9.87836
H 28.53540 84.15270 11.40860
H 29.66010 81.22020 11.68330
H 26.17180 81.75730 11.46980
H 27.44670 87.06600 11.44410
H 25.09420 84.71880 11.52640
H 32.88160 80.63480 11.63690
C 30.40020 84.64440 9.77090
C 31.38080 81.71710 9.94896
C 34.72920 81.10870 9.94174
C 33.65710 84.10970 9.84590
C 36.00020 86.44710 9.64733
H 30.68870 86.58560 11.36700
H 34.17590 86.02300 11.29220
H 35.29700 83.04470 11.43140
H 31.80890 83.62460 11.53260
C 32.53970 86.99340 9.69476
C 10.07080 88.34260 9.81159
C 13.67810 87.78430 9.70382
C 12.34990 90.69630 9.79535
C 15.82180 90.01210 9.77214
C 14.58070 92.87280 9.69849
C 11.17520 93.51560 9.70072
H 9.37226 93.12450 11.36230
H 10.61780 90.14540 11.51940
H 13.93120 89.62880 11.37420
H 12.77640 92.56080 11.33820
C 22.46670 88.65870 9.73437
C 19.23360 89.34000 9.76438
C 21.37990 91.70190 9.56069
C 18.10020 92.23860 9.61164
H 21.78230 93.58270 11.08250
H 19.65270 91.22840 11.31870
H 22.85070 90.61680 11.21660
H 16.18060 91.91650 11.30070
H 17.39180 88.88750 11.35950
H 20.71520 88.24060 11.41350
C 28.02560 90.56780 9.58499
C 25.90580 88.08890 9.76803
C 24.58810 91.09650 9.52240
C 29.16350 87.57440 9.70964
H 29.61060 89.50840 11.28000
C 27.03070 93.53940 9.49644
H 25.10520 93.00630 11.00200
H 28.47880 92.45120 11.23670
H 26.19220 90.12200 11.22150
H 24.06360 87.65610 11.38560
C 30.31520 92.89130 9.62296
C 33.68230 92.27360 9.55282
C 31.41470 90.03060 9.61092
C 34.83530 89.28320 9.72196
H 35.22180 91.28150 11.21090
H 32.88750 88.90490 11.26930
H 31.86210 91.80240 11.20470
H 36.42410 88.27390 11.29710
C 12.30710 98.81660 9.49212
C 9.99154 96.61160 9.62088
C 15.66270 98.20930 9.37984
C 13.44380 95.69790 9.70704
H 13.90190 97.72670 11.08720
H 15.11800 94.79860 11.24780
H 10.52670 98.41410 11.22090
H 11.51050 95.44300 11.25150
H 16.17550 100.07100 10.96020
C 21.41670 100.06200 9.38714
C 19.08980 97.72210 9.33434
C 22.49840 97.07810 9.35917
H 19.56830 99.54810 11.01360
H 22.89060 98.88700 11.01200
C 16.77570 95.20980 9.46858
C 20.31020 94.58100 9.39524
H 18.39450 94.21440 10.98500
H 17.24550 97.18930 10.95430
H 20.67420 96.58620 10.87460
C 29.29010 95.83440 9.54292
C 28.07640 98.77660 9.39411
C 24.70160 99.46200 9.39838
H 27.37430 95.42060 11.09250
H 29.74960 97.78120 10.99010
C 23.50750 94.15370 9.43784
H 26.26620 98.35760 11.01730
C 25.89790 96.45170 9.38720
H 24.02190 96.01620 10.99930
H 31.92260 100.16500 10.99230
C 31.58980 98.28870 9.41232
C 35.85460 94.65330 9.43687
H 34.04470 94.21170 11.08730
H 30.78170 94.78190 11.22440
H 36.40780 96.45980 11.03360
H 35.26450 99.47060 11.06340
H 33.01960 97.15880 11.13530
C 34.80240 97.57330 9.47170
C 32.50680 95.28260 9.47899
C 11.04710 68.68480 12.99990
C 9.98487 71.79690 12.85360
C 14.61710 68.22710 13.12760
C 13.37120 71.21350 13.06630
C 15.61970 73.56890 13.03490
H 9.31561 68.28890 11.21060
H 12.67130 67.74850 11.64520
H 14.89600 70.05060 11.42820
H 11.56020 70.69270 11.48560
H 10.44730 73.67260 11.18710
H 13.86040 73.00660 11.35190
C 16.69240 70.65060 13.00530
C 20.06460 70.13870 13.18850
C 18.97790 72.95930 13.08470
C 22.39740 72.43710 13.26120
C 17.99630 67.81340 13.26320
H 18.29990 69.52730 11.41200
H 20.62320 71.87600 11.54940
H 21.63410 68.88320 11.74700
H 17.19740 72.47110 11.40450
C 23.47130 69.41670 13.36500
C 25.80920 71.62090 13.26670
C 26.89400 68.81590 13.27610
C 29.22620 71.06810 13.17240
H 26.21520 73.54120 11.79810
H 23.89950 71.23260 11.69970
H 24.98830 68.29920 11.75900
H 28.51220 67.70460 11.72740
H 29.60650 72.90240 11.52590
H 27.35550 70.61790 11.55520
C 30.40830 68.25030 13.25950
C 33.59460 67.53500 13.27420
C 31.41630 73.53770 13.16190
C 32.48480 70.61040 13.30950
C 35.94760 70.00980 13.31120
C 34.76870 72.88920 13.28510
H 33.01890 72.35000 11.59740
H 30.79670 70.04150 11.56500
H 34.06710 69.43500 11.80760
C 12.24250 74.08170 12.90070
C 11.21300 76.97590 13.02540
C 9.95120 80.12940 13.10090
C 14.57630 76.51550 13.06740
C 13.40760 79.39510 13.14910
H 9.34735 76.54520 11.36900
H 11.56750 78.95140 11.52690
H 12.77570 75.96590 11.35840
H 15.03480 78.34290 11.54830
C 16.85420 78.79310 13.21600
C 21.21620 75.27340 13.12660
C 17.90810 75.82360 13.10380
C 20.14300 78.19460 13.12810
H 21.63300 77.13190 11.48220
H 22.86200 74.20720 11.62060
H 16.11840 75.37430 11.43680
H 18.28740 77.72130 11.51560
H 19.40690 74.77180 11.48160
C 28.16230 73.86260 13.31740
C 23.49240 77.52430 13.05890
C 24.65470 74.78060 13.27500
C 25.73180 79.92450 13.10100
C 26.97520 76.98780 13.27300
C 29.15160 79.44170 13.34610
H 25.21860 76.49760 11.54530
H 28.43800 75.80480 11.74060
C 30.32370 76.42750 13.28270
C 33.71220 75.85000 13.30840
C 32.55500 78.86490 13.32950
C 35.92830 78.32330 13.24480
C 12.38020 82.45680 13.06050
C 15.68290 81.82960 13.18240
C 11.25610 85.36940 12.86240
C 14.69730 84.85980 13.08020
H 13.86130 81.28980 11.51250
C 22.42040 80.56910 13.09340
C 19.09050 81.20190 13.13960
C 21.43250 83.50690 13.08880
C 18.10110 84.09790 13.12960
C 20.35440 86.46060 13.08300
C 16.93100 87.07600 13.05570
H 17.21640 80.67010 11.57070
C 23.69680 85.97990 13.18350
C 24.68770 82.86860 13.13570
C 28.01170 82.37100 13.06710
C 26.97130 85.23670 13.07310
C 32.58570 87.11290 12.92420
C 30.23570 84.83190 13.08400
C 31.44840 81.90150 13.28190
C 34.79450 81.30180 13.14520
C 33.76460 84.22090 13.01090
C 36.02810 86.46410 12.91630
C 14.64520 93.05410 12.92650
C 15.84380 90.13790 12.91880
C 12.45830 90.83180 13.05260
C 13.50930 87.78860 12.88820
C 10.13930 88.21220 12.89020
C 11.21120 93.67710 12.95550
C 18.12370 92.50560 12.82140
C 19.20640 89.42670 12.97110
C 22.51960 88.85750 12.95920
C 21.48710 91.87300 12.87910
C 24.65520 91.26450 12.76240
C 29.21930 87.78550 13.00480
C 25.94080 88.31550 12.93940
C 28.03260 90.60890 12.85810
C 26.86130 93.60610 12.71050
C 30.37180 92.97870 12.84570
C 31.38000 90.03000 12.90540
C 33.65600 92.38830 12.77240
C 34.80460 89.42910 12.83590
C 13.46130 95.91710 12.74080
C 12.43870 98.81020 12.78680
C 15.77590 98.28760 12.63240
C 10.06590 96.63090 12.87590
C 16.95810 95.43890 12.71410
C 19.16190 97.70790 12.52010
C 22.45450 97.07970 12.59040
C 20.24570 94.76470 12.61790
C 21.40680 100.03700 12.61000
C 29.15220 96.06200 12.67980
C 23.63790 94.18630 12.62510
C 28.13970 98.78830 12.61650
C 24.71260 99.44720 12.59910
C 25.87190 96.52130 12.65550
C 31.54530 98.41650 12.69150
C 34.93820 97.62490 12.67530
C 32.61250 95.31830 12.78490
C 35.97930 94.56890 12.61850
C 11.26080 101.83400 9.55087
C 10.19670 104.75400 9.45608
C 14.59890 101.17800 9.42437
C 13.53350 104.10400 9.37659
C 15.85220 106.48900 9.36105
H 14.04150 105.92700 11.00250
H 15.14080 103.02900 10.96080
H 12.81820 100.67400 11.10980
H 10.70980 106.66600 11.09140
H 11.74720 103.66100 11.10030
H 9.41753 101.36200 11.15050
C 16.91260 103.60700 9.33492
C 20.28240 102.88500 9.39149
C 19.07180 105.81800 9.29504
C 22.44720 105.27700 9.24888
C 17.97060 100.56800 9.33865
H 18.36570 102.44600 10.86230
H 20.63590 104.83300 10.88980
H 17.32190 105.41200 10.97910
H 21.82830 101.89800 11.02640
C 23.51720 102.42700 9.29655
C 25.76500 104.60300 9.23532
C 26.91020 101.64500 9.30799
C 29.17250 104.06000 9.27296
H 27.31500 103.56200 10.84350
H 24.00040 104.24600 10.91250
H 26.28190 106.54500 10.74230
H 29.72380 105.95700 10.76020
H 28.50070 100.67400 10.95510
H 25.04460 101.32600 10.94190
C 30.31190 101.10900 9.33659
C 33.81130 100.65300 9.41835
C 31.41320 106.45600 9.07330
C 32.63680 103.51000 9.40150
C 36.04380 102.90700 9.37648
C 35.00690 105.88900 9.26686
H 34.26310 102.47500 11.05860
H 30.69060 103.02000 10.90000
H 33.02300 105.31600 10.64180
H 36.52940 104.81800 10.91070
C 12.53630 107.09900 9.41645
C 11.27820 109.99900 9.35902
C 14.67700 109.41600 9.33350
C 10.21150 113.07000 9.23085
C 13.65220 112.42500 9.26385
H 11.75770 111.97100 10.85240
H 12.93840 108.99700 10.94730
H 15.15470 111.30500 10.86030
H 9.50408 109.70600 11.07810
H 16.21400 108.30500 10.99860
H 22.96120 107.14300 10.73560
C 16.98680 111.82100 9.18414
C 21.32870 108.25200 9.18990
C 17.91320 108.89500 9.25728
C 20.24820 111.14500 9.16740
H 20.68170 112.99700 10.71710
H 19.54550 107.72400 10.78230
H 18.46920 110.73000 10.84280
H 21.87140 110.08300 10.77060
C 28.13080 106.97300 9.09615
C 23.61320 110.68000 9.06950
C 24.79580 107.62300 9.07479
C 26.98290 110.05200 8.94503
C 25.85270 113.01700 9.03130
C 29.11300 112.36100 8.89883
H 28.46060 108.88000 10.53820
H 25.18970 109.52500 10.62050
H 24.03310 112.49100 10.66330
H 27.38290 111.86600 10.61210
C 30.39930 109.24700 8.99277
C 33.82390 108.85800 9.08247
C 35.97090 111.25500 9.07599
C 32.73060 111.88100 8.96482
H 32.00130 108.27600 10.68930
H 34.15800 110.75600 10.64520
H 36.39590 113.08500 10.69910
H 30.75420 111.28100 10.42920
H 35.24520 107.82900 10.85050
C 12.46970 115.40500 9.20780
C 15.74910 114.78700 9.12759
C 11.21320 118.44100 9.25695
C 14.63480 117.58900 9.09145
H 10.61900 114.93300 10.85050
H 12.81220 117.28700 10.76990
H 15.19130 119.55000 10.56260
H 14.01240 114.31800 10.82100
H 9.51373 117.86300 11.01770
H 11.65610 120.28300 10.88740
C 22.48680 113.54700 9.09652
H 17.45180 113.72300 10.65070
H 16.32160 116.60400 10.67170
C 19.29560 114.18800 9.04477
C 21.45170 116.51200 8.99136
C 18.16750 117.18600 9.04973
C 20.22790 119.44800 9.07123
H 19.64160 116.04500 10.64390
H 18.48680 119.01600 10.74960
H 22.93140 115.44600 10.65430
H 21.87380 118.40200 10.60980
C 17.04990 120.14200 9.02444
C 23.70910 118.96300 9.01777
C 24.75400 115.93600 9.02200
C 28.02810 115.34500 8.97186
C 27.07170 118.29600 8.94798
H 28.53260 117.15500 10.63580
H 25.27620 117.82500 10.59140
H 29.60500 114.19800 10.53650
H 26.30720 114.83900 10.63210
H 27.41560 120.15200 10.50580
H 32.99570 113.63500 10.77240
C 30.35350 117.65200 8.99085
C 31.50260 114.71200 9.02042
C 34.77510 114.25400 9.14851
C 33.70620 117.00200 8.97826
C 35.92150 119.43700 9.10734
H 33.97220 118.90300 10.59050
H 30.80590 119.55500 10.50790
H 35.20140 116.05500 10.72400
H 31.87880 116.54900 10.62190
C 32.64510 120.11500 8.91024
C 13.42800 120.59200 9.10471
C 14.62890 126.03200 9.10164
C 15.78860 122.97500 9.07028
C 10.14860 121.38600 9.24904
C 12.36350 123.72500 9.17984
H 13.92370 122.50500 10.65350
H 12.87020 125.54300 10.79170
H 10.56980 123.19900 10.88970
C 11.34820 126.76000 9.28446
H 9.50371 126.13600 10.88220
H 16.16900 124.86000 10.62600
C 17.88260 125.55800 9.01489
C 21.26390 124.70600 8.94259
C 22.43660 121.83800 9.03620
C 19.14520 122.42000 8.96038
H 19.41710 124.28400 10.53390
H 22.84040 123.72400 10.60080
H 20.58740 121.36400 10.63220
H 17.38410 121.93300 10.70060
H 21.65360 126.57800 10.50810
C 29.26270 120.63100 8.90158
C 24.68470 124.11700 8.92117
C 25.86670 121.26200 8.89342
C 28.07420 123.72300 8.92687
C 26.95590 126.54800 8.90609
H 25.10470 125.98800 10.40430
H 29.61190 122.50500 10.52980
H 28.54860 125.49900 10.59250
H 26.30790 123.06700 10.49710
H 24.13590 120.81600 10.60710
C 30.45340 126.03100 9.04000
C 34.81030 122.43800 9.04416
C 33.74780 125.35500 9.13354
C 31.50370 123.03900 9.02763
H 31.85710 124.87900 10.74850
H 35.21650 124.21000 10.71270
H 36.27960 121.26700 10.73810
H 32.97610 121.91400 10.64140
C 13.63810 128.95800 9.22744
C 10.38470 129.52800 9.26472
C 12.48300 131.90100 9.15669
C 15.79070 131.38900 9.09000
H 14.04150 130.85100 10.79970
H 15.14540 127.80000 10.80990
H 10.64750 131.46200 10.78130
H 11.88270 128.54300 10.98590
H 16.19500 133.21400 10.61510
H 20.66910 129.55000 10.73040
C 19.12100 130.68600 9.11851
C 22.38660 130.19300 9.04590
C 21.44850 133.16600 9.08691
C 20.17460 127.85300 9.04583
C 16.84310 128.45000 9.13749
H 19.60640 132.54800 10.65740
H 22.84200 131.90000 10.77360
H 17.29900 130.31600 10.77100
H 18.34920 127.29900 10.75250
C 23.45420 127.23800 8.91869
C 25.59720 129.55300 8.98106
H 23.84930 128.94100 10.64000
H 26.10130 131.25600 10.68670
C 29.21070 129.01300 9.03981
H 29.55690 130.82600 10.73820
H 27.29040 128.41000 10.47000
C 27.89960 131.88500 9.14407
C 24.60310 132.56700 9.17883
H 32.99630 130.11000 10.48690
H 34.10780 127.15400 10.87350
H 36.37310 129.50300 10.68900
H 30.69800 127.85500 10.61630
H 35.21130 132.53700 10.67870
C 31.39580 131.27900 9.05949
H 31.94730 133.11100 10.70880
C 32.67980 128.43900 9.12793
C 35.87760 127.63500 9.17333
C 34.92190 130.69200 9.02686
C 11.32230 101.80600 12.74420
C 10.22540 104.86200 12.70900
C 14.71000 101.19900 12.60510
C 13.62220 104.08900 12.65820
C 15.78540 106.44900 12.63920
C 16.96610 103.58500 12.53940
C 20.21130 103.03100 12.47300
C 19.14620 105.97700 12.51200
C 22.45090 105.39200 12.46040
C 18.02100 100.66500 12.51680
C 23.62870 102.47700 12.63660
C 25.89020 104.81600 12.45430
C 26.93630 101.77900 12.51660
C 29.13270 104.25200 12.44370
C 30.29860 101.21500 12.57480
C 31.63040 106.47600 12.33600
C 32.59460 103.59800 12.43290
C 36.05060 103.05900 12.66230
C 34.76470 105.96300 12.30870
C 33.75780 100.67800 12.65570
C 12.52290 107.17500 12.61600
C 11.42580 110.14200 12.56960
C 14.75410 109.53400 12.59700
C 10.33960 113.09700 12.51090
C 13.60700 112.48600 12.44600
C 17.04660 111.92900 12.37960
C 21.41060 108.21000 12.36240
C 18.07600 108.89000 12.50020
C 20.39780 111.22400 12.39980
C 28.10730 107.16700 12.29110
C 23.74630 110.71600 12.28850
C 24.74910 107.76300 12.33280
C 26.98190 109.98200 12.23340
C 25.84450 113.02000 12.22360
C 29.30030 112.31100 12.17150
C 30.33160 109.41200 12.07750
C 33.71430 109.00700 12.37060
C 35.89980 111.25200 12.33070
C 32.44750 111.68400 12.21210
C 12.50960 115.47000 12.38910
C 15.87380 114.72900 12.29270
C 11.40700 118.43800 12.53560
C 14.78880 117.73000 12.25290
C 22.49900 113.61300 12.30850
C 19.22380 114.26100 12.27370
C 21.40420 116.62000 12.28690
C 18.08770 117.09200 12.30720
C 20.34570 119.54200 12.28960
C 16.92140 120.08300 12.29160
C 23.69450 118.94700 12.17190
C 24.82490 115.98500 12.26690
C 28.17430 115.28800 12.25870
C 27.08830 118.40400 12.20930
C 30.35060 117.81500 12.20670
C 31.38380 114.73800 12.25600
C 34.88950 114.17400 12.34330
C 33.63220 117.15600 12.28170
C 35.77260 119.42800 12.23190
C 32.49420 120.07200 12.22250
C 13.70710 120.60800 12.27360
C 10.23840 121.38700 12.56550
C 12.44040 123.62200 12.39290
C 15.79520 123.00700 12.24150
C 14.78770 125.91900 12.36250
C 11.40600 126.59900 12.50030
C 21.22620 124.78000 12.16650
C 17.95580 125.38200 12.24360
C 22.51740 121.87800 12.18670
C 19.16330 122.52400 12.28510
C 28.06370 123.63900 12.16580
C 25.95910 121.25200 12.16850
C 24.80290 124.16600 12.08430
C 29.25930 120.69300 12.12290
C 26.84470 126.53000 12.07170
C 30.27110 126.06300 12.28360
C 31.38910 123.04200 12.21500
C 34.65230 122.40400 12.31140
C 33.70790 125.26600 12.41360
C 13.75230 128.98100 12.48950
C 10.30180 129.70800 12.50330
C 12.50120 131.95900 12.38190
C 15.83490 131.46000 12.37560
C 21.42130 133.12700 12.32990
C 22.42250 130.03100 12.35420
C 20.26430 127.72000 12.28820
C 16.94420 128.50200 12.39780
C 19.20630 130.72000 12.32220
C 29.02500 128.95000 12.22130
C 25.74190 129.34100 12.20980
C 24.70000 132.38300 12.39830
C 27.89370 131.74000 12.39790
C 23.54360 126.96400 12.08420
C 31.51700 131.20700 12.23710
C 32.48230 128.42000 12.25120
C 34.77270 130.62300 12.16400
C 35.89760 127.76700 12.42170
C 39.33810 3.46586 9.16539
C 38.31330 6.31071 9.19891
C 42.76220 2.84292 9.23214
C 41.58980 5.72188 9.27443
H 37.50990 2.82202 10.61610
H 39.75760 5.23971 10.87800
H 43.08700 4.61948 10.89210
H 41.96210 7.55718 10.86130
H 40.81600 2.23329 10.69490
H 44.05360 1.64545 10.98080
C 45.94490 2.22323 9.49283
C 45.06240 5.15338 9.41743
C 48.34060 4.52304 9.62888
C 47.28510 7.47385 9.63287
C 50.57580 6.91715 9.81015
H 45.33530 7.00027 11.06380
C 49.15830 1.61170 9.64961
H 46.38330 4.07343 11.12630
H 48.69950 6.32557 11.31770
H 49.51640 3.34852 11.37880
C 51.46360 4.00014 9.98507
C 54.85300 3.27871 9.98424
C 53.73940 6.31961 9.98719
C 57.11480 5.63729 9.96442
H 51.90510 5.74196 11.64350
H 53.01260 2.73077 11.57920
H 57.68030 7.60172 11.41640
H 55.25630 5.16292 11.62100
H 56.51400 2.21466 11.54120
C 58.31380 2.77991 9.92439
C 61.81500 2.16051 10.04830
C 60.55910 5.13198 9.97969
C 64.02460 4.54338 9.99743
C 62.79890 7.63303 9.95171
H 59.88540 1.67306 11.56180
H 58.74370 4.63257 11.58160
H 60.98520 7.02039 11.55240
H 38.69180 8.13592 10.82460
C 39.53870 11.70740 9.33899
C 40.53740 8.73586 9.27666
C 42.81910 11.05530 9.46793
C 41.64400 14.13100 9.51568
H 37.65750 11.13000 10.80550
H 40.93540 10.49510 10.97110
H 43.10130 12.89250 11.09880
H 39.80900 13.49800 11.02110
C 37.28700 9.32638 9.14425
C 43.83440 8.12667 9.41088
H 44.25250 9.89115 11.17590
C 46.22410 10.37870 9.67795
C 44.98050 13.44320 9.55155
C 48.23840 12.72460 9.68800
C 49.53840 9.91109 9.74023
H 46.37420 12.32470 11.28720
H 47.63150 9.30579 11.31600
H 49.78360 11.78490 11.44990
H 50.84310 8.73034 11.46750
C 52.79150 9.30133 9.98124
C 55.88620 8.52519 9.95467
C 51.66160 12.20320 9.83777
C 54.92090 11.73750 9.93858
C 57.24630 13.93550 10.15070
H 52.06800 14.06270 11.44110
H 53.13410 11.15700 11.62920
H 54.14520 8.04996 11.70570
H 55.34270 13.50400 11.68200
H 56.40790 10.45950 11.44840
C 59.52370 8.10538 9.86645
C 58.30560 11.08410 10.02420
C 61.67300 10.57060 10.04410
C 60.44870 13.49140 10.20190
C 63.80970 12.85180 10.11290
H 59.89160 9.92333 11.55920
H 58.67660 12.84930 11.82620
C 38.32860 14.67330 9.36456
C 39.30240 19.89060 9.62719
C 40.53950 17.04880 9.56000
C 42.60250 19.34710 9.65338
H 38.66920 16.42250 11.06730
H 37.41670 19.37860 11.17360
H 41.99000 15.90530 11.21030
H 40.80470 18.79410 11.31860
C 37.13610 17.58760 9.43464
H 43.03410 21.21790 11.24900
C 43.81250 16.44320 9.54398
H 48.57950 14.68140 11.18560
C 47.01630 15.86710 9.60887
C 50.60430 15.18650 9.81709
C 46.09080 18.88150 9.58289
C 49.48450 18.24250 9.80066
H 44.23930 18.25300 11.19010
H 45.19590 15.30240 11.23210
H 47.52450 17.70250 11.28640
H 46.45570 20.67180 11.25220
H 49.82980 20.00640 11.53960
C 48.44660 21.17370 9.80120
H 51.00650 17.06320 11.40270
C 53.95590 14.69260 9.97252
C 51.66380 20.50570 9.95787
C 52.92980 17.53200 9.90891
C 56.09700 16.87590 10.12930
C 55.03720 19.85630 10.05490
H 53.14800 19.35930 11.59230
H 54.22490 16.40700 11.70430
H 56.56030 18.77850 11.70490
H 57.59420 15.80850 11.77330
C 58.42790 19.23900 10.15450
C 59.44110 16.48680 10.21080
C 62.66190 15.82850 10.25830
C 61.65360 18.81030 10.21080
C 63.92010 21.11360 10.28730
H 58.77680 21.13550 11.73660
C 38.12640 22.81870 9.42179
C 41.43630 22.34960 9.65082
C 40.48860 25.14890 9.52949
H 39.55650 21.77460 11.18640
H 41.98930 24.17210 11.25040
H 38.56020 24.66190 11.03330
C 37.14430 25.78440 9.42159
C 42.75420 27.74130 9.48806
H 40.81940 27.06900 10.99240
H 37.52400 27.62730 11.12030
C 43.74150 24.79370 9.54805
C 44.93320 21.77320 9.65498
C 50.57360 23.48500 9.97662
C 47.20250 24.03240 9.80679
C 46.07640 26.97780 9.68899
C 49.54000 26.36990 9.89265
H 48.71270 22.97080 11.51620
H 44.13790 26.58220 11.21490
H 45.20160 23.62360 11.25790
H 47.56390 25.94130 11.40500
H 50.98650 25.31030 11.62390
C 53.86890 22.84680 10.00860
C 57.38160 22.31650 10.08760
C 52.73780 25.77100 10.02320
C 56.12040 25.13700 10.17800
H 52.04100 22.31160 11.61480
H 55.42820 21.77630 11.61450
H 53.17830 27.66170 11.61840
H 54.24210 24.66420 11.62920
H 57.60240 24.08230 11.87280
C 58.41510 27.42900 10.16710
C 59.41610 24.65680 10.29190
C 62.81070 24.06780 10.34800
C 60.59160 21.73570 10.17600
C 61.82410 26.95060 10.35200
C 37.04890 34.14830 9.59989
C 39.27900 28.09860 9.39656
C 40.35840 33.62690 9.51560
C 38.25660 31.12420 9.45269
C 41.60940 30.61100 9.49911
H 39.75770 29.96430 11.01330
H 41.88070 32.45840 11.10260
H 43.09400 29.53300 11.16890
H 38.57340 32.97480 11.11530
H 47.65870 34.15550 11.10120
C 43.80000 32.92720 9.60598
C 47.14890 32.23540 9.53845
C 48.29140 29.19640 9.68758
C 50.52490 31.59380 9.78992
C 45.01470 29.96600 9.57405
H 46.38290 28.87800 11.28410
H 45.32700 31.85180 11.19930
H 49.77230 28.27030 11.51210
H 48.57630 31.10770 11.24870
C 55.02340 28.08480 10.03620
C 53.94500 30.96940 9.96494
C 57.29650 30.48820 10.02390
C 52.86950 33.95650 9.82951
C 51.64050 28.68780 9.95741
C 56.20400 33.38940 9.89776
H 52.01270 30.56860 11.56950
H 50.90990 33.51500 11.27130
C 62.91580 32.12870 10.25650
C 63.93430 29.16330 10.32320
C 59.58040 32.87160 10.17030
C 60.76020 29.92740 10.24540
C 39.23280 3.33437 12.36660
C 38.16390 6.32125 12.42130
C 42.47480 2.88552 12.48600
C 41.57800 5.80292 12.50220
C 45.75750 2.25708 12.68790
C 44.79720 5.18253 12.67410
C 48.01760 4.56939 12.93590
C 47.02540 7.46531 12.83030
C 50.28770 6.90788 13.11790
C 49.09230 1.48243 12.90940
C 51.31600 3.80092 13.07430
C 54.88120 3.25400 13.19350
C 53.71240 6.21818 13.31850
C 57.20920 5.80290 13.11290
C 58.24490 2.76570 13.18170
C 61.61700 2.39895 13.23970
C 60.55030 5.22152 13.21920
C 63.94840 4.69709 13.30110
C 62.75220 7.50125 13.16170
H 64.34960 6.48440 11.52260
H 62.15780 4.13207 11.62990
C 39.31750 11.61780 12.53170
C 40.45230 8.63116 12.53030
C 42.56900 11.04560 12.67720
C 41.54400 13.92760 12.71010
C 37.11150 9.28346 12.36790
C 43.66130 8.05061 12.61730
C 45.98370 10.50480 12.88210
C 44.80710 13.45800 12.83480
C 48.15780 12.87720 12.97750
C 49.35870 9.95928 13.06160
C 52.57200 9.25110 13.20470
C 56.05360 8.55589 13.11620
C 55.04980 11.47940 13.17600
C 51.55980 12.28420 13.15130
C 57.10600 13.96720 13.36370
C 59.44790 8.09333 13.15230
C 58.26580 11.13450 13.07400
C 61.61280 10.37500 13.23720
C 63.85260 12.85320 13.37410
C 60.51130 13.41660 13.46050
H 62.03600 12.34570 11.77000
H 63.24180 9.40355 11.62870
C 38.19600 14.47830 12.57670
C 39.19310 19.90380 12.86400
C 40.36890 16.84900 12.81610
C 42.71810 19.29140 12.84630
C 43.75190 16.48390 12.85900
C 37.04600 17.48100 12.65860
C 47.07210 15.84870 12.87070
C 50.39100 15.21240 12.94010
C 45.99830 18.84420 12.86210
C 49.35870 18.16890 12.98990
C 48.11670 21.04930 13.02140
C 53.76160 14.49120 13.26330
C 56.05180 16.98380 13.30830
C 52.65550 17.59490 13.24470
C 51.64820 20.49240 13.23660
C 54.95930 19.99210 13.21480
C 58.31200 19.31450 13.42630
C 62.79320 15.74560 13.42170
C 59.26280 16.47950 13.48780
C 61.63800 18.75740 13.54110
H 62.03030 20.60800 11.90650
C 63.99410 21.01740 13.41390
H 60.81190 15.32050 11.88500
H 64.33370 14.69100 11.75710
H 59.86120 18.24370 11.88760
H 63.18030 17.64150 11.88040
C 37.01640 25.74890 12.68840
C 40.29800 25.34540 12.68650
C 43.71540 24.80150 12.93200
C 37.97170 22.91990 12.74220
C 41.39160 22.31210 12.81500
C 42.51090 27.69550 12.70790
C 44.91890 21.71810 12.86910
C 49.32680 26.38270 13.13900
C 45.98760 26.99590 12.88260
C 50.49330 23.45390 13.21760
C 46.93830 24.09510 12.93360
C 57.17850 22.15120 13.32560
C 55.95050 25.21530 13.36490
C 52.79010 25.86530 13.24860
C 53.88320 22.88560 13.25430
H 56.52340 27.03330 11.73890
C 62.76360 23.98570 13.53560
C 60.46160 21.65680 13.49970
C 58.28770 27.65990 13.39440
C 61.69000 26.97940 13.58930
C 59.36450 24.62200 13.52800
H 63.32400 25.85320 11.97100
H 59.93380 26.43980 11.93640
H 64.43790 22.95580 11.87520
H 60.91810 23.52250 11.90450
C 37.01320 33.95410 12.85890
C 40.35900 33.50850 12.79400
C 39.23650 28.15440 12.65660
C 38.25280 31.04780 12.67710
C 41.44930 30.66590 12.68060
C 43.75430 32.94630 12.73480
C 50.34030 31.75120 12.94160
C 47.11530 32.39850 12.81020
C 48.15730 29.36780 13.00900
C 44.82550 30.05090 12.86030
C 53.84080 31.07130 13.14620
C 52.68540 33.96400 12.98860
C 51.55630 28.70760 13.15450
C 57.24750 30.50140 13.28450
H 57.59570 32.33300 11.64010
C 54.94410 28.15320 13.26630
H 54.37830 32.89240 11.50700
H 55.46890 29.93870 11.61960
C 56.08930 33.47330 13.24580
C 60.48160 29.88450 13.44150
C 59.39800 33.02360 13.27910
H 64.41460 31.08250 11.89190
H 62.16160 28.79900 12.01420
H 61.03440 31.77240 11.85410
C 62.87590 32.26410 13.46510
H 58.78200 29.37140 11.65410
H 63.29470 34.03630 11.86730
C 64.00400 29.34970 13.61320
C 39.28760 36.45480 9.71402
C 38.12970 39.43490 9.73749
C 42.57690 35.89410 9.60227
C 41.51740 38.81280 9.62897
H 37.46110 35.89380 11.35850
H 42.00590 40.65750 11.21070
H 43.05750 37.68330 11.28090
H 39.71490 38.31960 11.30830
H 40.83680 35.32180 11.28550
C 46.12120 35.30230 9.59518
C 44.98900 38.22550 9.74448
C 48.34940 37.62060 9.74579
C 47.30190 40.45370 9.69286
C 50.50110 39.95880 9.82099
C 49.52870 34.70150 9.56523
H 45.39330 40.08600 11.28000
H 48.68980 39.40680 11.44600
H 46.51260 37.11210 11.32320
H 44.17270 34.81190 11.17280
H 49.87520 36.45100 11.31150
C 51.80870 36.91470 9.77689
C 55.12230 36.34130 9.82787
C 53.93380 39.32360 9.72390
C 57.29750 38.61610 9.73485
C 58.43830 35.58780 9.96204
C 61.88110 35.11340 10.07800
C 60.85600 38.06180 9.89179
C 64.16820 37.54970 10.10600
C 63.15710 40.48330 9.93303
C 39.26240 44.88690 9.95050
C 40.39820 41.84870 9.76712
C 42.63730 44.19320 9.66360
C 41.47680 47.10690 9.91476
C 37.07720 42.44640 9.85065
H 43.23490 45.97890 11.23720
H 37.46470 44.16180 11.54630
H 39.84830 46.53760 11.70260
H 38.60260 41.20360 11.39130
H 40.96040 43.64620 11.38690
C 43.85440 41.11380 9.57668
C 46.18440 43.49820 9.57384
C 49.49620 42.91050 9.70014
C 44.99150 46.52700 9.56341
C 48.36790 45.83040 9.68704
H 44.26140 42.99950 11.11740
H 47.63050 42.34030 11.25390
H 49.93210 44.74160 11.30650
H 46.46510 45.38380 11.20680
C 52.79970 42.19200 9.76182
C 56.10210 41.69910 9.67560
C 51.77620 45.21960 9.66039
C 54.94000 44.63750 9.64770
C 57.34350 46.83720 9.72626
H 52.14960 47.06940 11.28350
C 59.56830 40.92030 9.77538
C 58.43290 43.93920 9.77074
C 61.96910 43.35800 9.85477
C 60.87430 46.34950 9.87513
C 64.02610 45.76710 9.93464
C 38.27180 47.59380 10.03130
C 37.20630 50.54600 10.01320
C 39.43350 52.80690 9.96895
C 40.49350 49.95760 10.03510
C 42.72120 52.35640 9.98489
H 38.69990 49.41250 11.67370
H 37.56410 52.38140 11.62570
H 40.92040 51.77040 11.67160
H 42.05390 48.82200 11.60210
H 43.05230 54.21820 11.31400
C 43.71220 49.59160 9.92160
C 47.27350 48.75770 9.74440
C 50.62530 48.39980 9.74222
C 46.12210 51.82010 10.01110
C 49.59640 51.12320 9.81827
C 48.46630 54.06420 9.80763
H 49.92180 52.94850 11.51340
H 46.64980 53.60380 11.45440
H 44.29910 51.28640 11.68170
H 48.83910 47.65440 11.33150
H 47.81270 50.57230 11.44300
H 45.40590 48.31550 11.24510
C 53.91200 47.69430 9.62807
C 56.25520 49.99760 9.77341
C 52.87130 50.69610 9.78845
C 51.77860 53.54780 9.91874
C 55.13830 52.83290 9.79721
H 51.16730 50.07930 11.45900
H 54.38290 49.44140 11.34030
H 53.38580 52.41790 11.52000
H 56.72310 51.79160 11.45290
C 58.47470 52.33840 9.78954
C 59.62730 49.33050 9.78056
C 62.87500 48.80140 9.79895
C 61.78540 51.78210 9.81054
C 64.06540 54.14590 9.80352
H 58.87120 54.20120 11.38690
C 37.15120 58.74590 9.84102
C 38.16030 55.83950 9.92275
C 41.45690 55.29900 9.73255
C 40.43810 58.33700 10.01070
C 42.52400 60.48850 9.99810
H 37.42560 60.53660 11.55010
C 43.76250 57.67970 9.81518
H 41.88200 57.18280 11.22770
H 38.56550 57.61660 11.56170
H 40.82060 60.15010 11.80140
H 39.76390 54.70000 11.46700
C 49.50000 59.49460 9.65329
C 45.00570 54.68200 9.81479
C 46.10360 59.84840 9.80978
C 47.28490 56.90720 9.71133
C 50.61620 56.41210 9.70948
H 48.83940 55.92290 11.41020
H 47.71600 58.81130 11.25720
H 45.37220 56.56100 11.38060
H 44.22000 59.49780 11.47600
C 52.94010 58.70190 9.70504
C 56.20320 58.24140 9.56490
C 57.35190 55.24600 9.71993
C 54.01610 55.84400 9.76667
H 51.02690 58.30890 11.26450
H 52.17510 55.37290 11.36100
H 55.55080 54.67730 11.38860
H 54.50980 57.68080 11.35760
H 57.71620 57.15200 11.18460
H 56.64620 60.06650 11.23760
H 53.24100 60.64560 11.21760
C 60.63570 54.86430 9.71554
C 58.50500 60.64060 9.61842
C 62.87080 57.10740 9.78310
C 59.66100 57.66400 9.70721
C 61.93940 60.00050 9.64304
H 63.31330 58.93800 11.40610
H 60.08760 59.58530 11.26000
C 36.96320 67.02170 9.93024
C 41.50540 63.47780 9.93146
C 38.16690 64.14110 10.04510
C 39.30610 61.22050 10.04980
C 40.47310 66.46960 9.92444
C 43.81710 65.84590 9.81377
H 42.02200 65.34570 11.51560
H 38.60100 66.01380 11.50240
H 39.75440 63.04860 11.71150
H 43.09770 62.44300 11.47470
C 50.58550 64.76130 9.73915
C 44.93380 62.78120 9.80504
C 48.31440 62.31450 9.70467
C 47.16300 65.27020 9.72733
H 47.59980 67.10890 11.22810
H 48.76730 64.12640 11.34900
H 45.39830 64.68970 11.41290
H 49.92290 61.25700 11.30540
H 46.52200 61.77130 11.34540
H 54.36820 65.95100 11.01610
H 51.06050 66.57270 11.27460
C 55.07830 61.16000 9.56480
C 56.18310 66.52900 9.36052
C 52.80900 67.11260 9.51437
C 57.27400 63.51730 9.49976
C 51.71200 61.84710 9.64087
C 53.86640 64.07310 9.49973
H 55.44580 63.08110 11.12680
H 52.17420 63.60550 11.29550
H 57.73240 65.46670 10.98250
H 64.55110 64.23550 11.25030
C 64.12960 62.43370 9.61294
C 60.73310 62.99810 9.55277
C 63.05700 65.41980 9.54765
H 61.22170 64.82270 11.13500
H 63.49740 67.15560 11.09200
C 59.69690 65.87550 9.43610
H 58.93380 62.57040 11.17260
H 62.30060 61.93250 11.20990
C 39.34010 36.46110 12.89660
C 38.22450 39.36190 13.03240
C 42.66630 35.79730 12.86980
C 41.59540 38.84610 12.90980
C 49.34390 34.64430 12.88430
C 46.07900 35.21660 12.76700
C 44.94030 38.20320 12.87470
C 48.34420 37.56840 12.97680
C 47.18040 40.54040 12.97040
C 50.56990 39.94360 12.95820
C 51.64700 37.05240 12.96340
C 55.03310 36.37960 13.13410
C 53.91210 39.28700 12.99910
C 57.29870 38.71610 12.94120
H 56.53860 35.22640 11.52680
H 57.65020 40.54620 11.29350
H 55.42440 38.19810 11.36110
H 52.12530 38.82260 11.32060
H 53.24660 35.80160 11.46610
C 58.31130 35.87870 13.09050
C 61.86610 35.26430 13.39560
C 60.57320 38.18020 13.03140
C 63.97330 37.61970 13.35610
C 62.92520 40.50290 13.18610
H 61.19860 39.94940 11.39550
H 58.84860 37.59920 11.34480
H 62.27260 36.98900 11.65660
H 60.07270 34.77430 11.70580
H 64.53690 39.33790 11.66190
C 37.17440 42.30330 13.12760
C 39.39250 44.57200 13.10030
C 40.49950 41.67680 12.91000
C 42.87280 44.18960 12.90140
C 41.88780 46.96620 13.10990
C 43.86830 41.27540 12.84710
C 46.05050 43.50700 12.81810
C 49.41590 42.90950 12.92930
C 45.02640 46.47020 12.89390
C 48.29790 45.81260 12.87570
C 52.78780 42.28350 12.95780
C 56.15480 41.68410 12.98900
C 51.72400 45.23040 12.92880
C 54.95310 44.62920 12.88890
C 57.19680 46.83110 12.93280
H 54.35010 41.10330 11.37750
H 53.17000 44.04240 11.30460
H 56.50300 43.50310 11.27740
H 55.40740 46.47770 11.24160
H 50.93340 41.77160 11.37470
C 59.47200 41.00150 12.90560
C 58.40580 43.89950 12.88510
C 61.73960 43.34200 13.13070
C 60.63440 46.40960 13.09620
C 63.98390 45.99080 13.19770
H 62.23580 45.21540 11.58090
H 63.41950 42.31340 11.59840
H 58.96830 45.78220 11.41440
H 60.09010 42.81960 11.31090
C 38.17160 47.56300 13.23180
C 39.44580 52.85860 13.19000
C 40.53150 49.90610 13.27490
C 42.73670 52.55020 13.16560
C 37.07360 50.51910 13.26210
C 44.03530 49.51430 13.01760
C 47.22070 48.65050 12.94880
C 50.64400 48.11000 12.93740
C 46.33950 51.73970 13.08720
C 49.57280 51.05560 13.09180
C 48.43970 54.14660 13.11890
C 53.91900 47.58630 12.92040
C 56.23170 49.88660 12.95000
C 52.98790 50.57770 13.10030
C 51.80110 53.61650 13.03710
C 55.24890 52.91690 13.13530
H 57.75910 48.69020 11.30720
H 64.35630 47.68110 11.41850
C 58.52170 52.38810 13.09990
C 59.47790 49.29870 13.07260
C 62.92710 48.80050 13.08090
C 61.77490 51.80020 12.99740
H 62.13890 53.65730 11.29270
H 63.30030 50.61220 11.40210
H 59.95260 51.18690 11.48390
H 61.11300 48.25390 11.48270
C 63.95390 54.27950 12.99090
C 36.97030 58.67670 13.14370
C 40.51760 58.20830 13.05980
C 41.52410 55.38330 12.97710
C 38.21740 55.71160 13.10510
C 42.78900 60.70710 13.19350
C 43.71020 57.73330 12.89820
C 47.27280 57.03240 12.97970
C 50.73290 56.56230 12.97540
C 46.21280 60.01000 12.91500
C 49.48570 59.40830 12.92870
C 44.96070 54.80490 12.89650
C 56.34610 58.27640 12.96780
C 57.40890 55.32470 12.92130
C 52.89430 58.83170 12.88570
C 54.06160 55.86750 12.96530
C 62.98620 57.07620 13.03610
C 61.80820 60.17420 12.93680
C 60.65790 54.70840 13.03590
C 59.49810 57.79980 12.92550
H 61.09320 56.58710 11.50350
H 64.48070 56.04240 11.32690
C 58.51050 60.76070 12.85150
C 40.50430 66.55670 13.10880
C 39.12850 61.19880 13.27490
C 38.12410 64.17810 13.22320
C 41.68590 63.55340 13.21820
C 37.13520 67.02430 13.27620
C 43.86340 65.75870 13.08510
C 47.26220 65.29340 12.95270
C 45.06100 62.83460 13.01710
C 50.63350 64.72110 12.91050
C 48.35370 62.25750 12.96170
C 54.01550 64.21390 12.81760
C 51.74760 61.75840 12.88050
C 52.97820 67.02800 12.79170
C 56.18700 66.53200 12.60630
C 57.29170 63.69680 12.68820
C 55.13690 61.30360 12.81210
C 59.55050 65.94310 12.57900
C 64.03680 62.48640 12.87290
C 60.74760 63.06300 12.80790
C 62.96390 65.38820 12.77110
C 39.26700 69.47610 10.04160
C 38.12620 72.30650 9.98129
C 42.70800 68.77060 9.87366
C 41.59330 71.64630 9.91035
H 39.73810 71.30380 11.56250
H 42.06300 73.53470 11.52740
H 37.36830 68.87310 11.58290
H 43.24010 70.60170 11.47130
H 40.93380 68.29580 11.57950
C 49.40840 67.58920 9.70071
C 45.99350 68.29760 9.81198
C 44.94320 71.22440 9.79108
C 48.35510 70.52520 9.70849
C 47.22780 73.38570 9.66404
C 50.65360 72.96130 9.70088
H 46.53610 70.10930 11.39050
H 48.81630 72.39690 11.30380
H 45.41240 73.02070 11.34570
H 49.86200 69.47290 11.31720
H 44.25430 67.63360 11.46790
C 51.72600 69.99340 9.68055
C 55.08040 69.43490 9.49257
C 53.94210 72.24480 9.59101
C 57.38280 71.68090 9.53047
H 52.17730 71.79610 11.31220
H 55.57930 71.21720 11.14680
H 53.33450 68.89440 11.17060
H 57.76790 73.54040 11.17920
H 56.70010 68.32720 11.00280
C 58.50650 68.91290 9.41360
C 61.92990 68.20520 9.44924
C 60.77550 71.21300 9.51371
C 64.14850 70.61630 9.42883
C 63.06830 73.65750 9.53010
H 61.23740 72.97500 11.09420
H 58.94390 70.65760 11.13490
H 59.98740 67.72690 10.88370
H 62.35970 70.05490 11.05370
H 64.50220 72.42910 11.08470
C 39.27680 77.55770 9.94035
C 40.38460 74.61060 9.93480
C 42.65980 76.99160 9.72439
C 41.50120 79.85410 9.71719
H 43.13380 78.84640 11.32770
H 39.75340 79.49210 11.39680
H 37.51500 77.20470 11.72170
H 40.93080 76.50220 11.48920
C 36.99900 75.36350 10.02940
H 38.51280 74.19650 11.55590
C 43.74850 74.03070 9.77476
C 38.11600 80.54960 9.82132
C 46.00330 76.46170 9.63299
C 44.89510 79.30540 9.62761
C 48.22980 78.78860 9.64914
C 49.56920 75.71530 9.65748
H 46.44420 78.31500 11.28650
H 49.78290 77.67420 11.23320
H 47.57270 75.32920 11.13200
H 44.26900 75.89840 11.29670
H 51.13790 74.74650 11.32350
C 52.87150 75.15890 9.54527
C 56.26010 74.68890 9.65281
C 51.67340 78.13010 9.64281
C 55.12220 77.39710 9.53598
C 57.39810 79.94660 9.47692
H 55.47340 79.37060 10.96970
H 52.18400 79.96050 11.20640
H 56.58050 76.49000 11.31180
H 53.28840 76.99810 11.12840
H 54.40740 74.07440 11.16460
C 59.61720 73.98910 9.52025
C 58.35290 76.92480 9.60521
C 61.96450 76.46740 9.61354
C 60.75020 79.35560 9.55533
C 64.07590 78.80680 9.68246
H 58.86160 78.82820 11.18250
H 60.06680 75.88680 11.10390
H 62.19570 78.26810 11.30190
H 63.40940 75.37640 11.28810
C 39.41020 85.92720 9.67602
C 40.37890 82.83260 9.80980
C 43.75970 82.22910 9.54706
C 42.55070 85.31260 9.56296
H 37.57440 85.37180 11.28160
H 42.05490 81.75550 11.32380
H 38.51900 82.45470 11.43780
H 40.84150 84.71690 11.33240
H 43.06630 87.12790 11.14730
C 37.05550 83.52210 9.72284
H 48.75630 80.67940 11.22850
C 50.61020 80.98540 9.57025
C 47.19310 81.70230 9.57453
C 46.04330 84.73360 9.48895
C 49.47650 83.98520 9.42988
H 49.82590 85.80690 10.71210
H 46.47950 86.50630 11.02470
H 47.61300 83.57700 11.07200
H 45.36250 81.25080 11.15440
H 44.15870 84.13470 11.07210
C 48.19060 87.00420 9.22521
C 53.95990 80.38290 9.50594
H 51.14170 82.89450 11.08410
C 52.89000 83.41360 9.34779
C 56.14190 82.84010 9.44157
C 51.79730 86.36500 9.16631
C 55.13970 85.92380 9.31594
H 56.61840 84.72790 10.98870
H 54.34210 82.35800 11.06130
H 53.33330 85.38440 10.85200
H 57.78620 81.81410 11.11180
H 64.50470 80.64040 11.31960
C 58.57120 85.20160 9.46443
C 59.68470 82.31170 9.49985
C 63.06240 81.83430 9.60524
C 61.97680 84.72510 9.58940
H 62.16810 86.60800 11.16250
H 60.09430 84.14490 11.16350
H 63.42080 83.63250 11.27170
H 61.21110 81.22450 11.11230
H 58.88230 87.05110 10.97600
C 64.01330 87.18600 9.53834
C 38.21220 88.77680 9.64741
C 41.49910 88.29260 9.62944
C 40.51920 91.28130 9.61892
H 37.49890 93.55400 10.95230
H 41.96850 90.08070 11.28110
H 40.85520 93.09720 11.11400
H 39.72730 87.73670 11.34580
H 38.68230 90.64950 11.17600
C 42.81190 93.50000 9.58748
C 37.03910 91.64190 9.52455
C 43.76450 90.47990 9.62109
H 44.25050 92.33560 11.20050
C 49.32800 92.25990 9.39606
C 44.86290 87.61400 9.49719
C 47.07110 89.91970 9.48883
C 45.99610 92.88200 9.45444
C 50.55470 89.39020 9.24319
H 48.75700 88.80730 10.91980
H 45.32200 89.40650 11.20350
H 47.56770 91.78340 11.10460
H 50.99510 91.24970 10.90200
C 57.38870 88.20290 9.42215
C 56.17220 91.00090 9.38585
C 52.78350 91.79470 9.25796
C 54.13310 88.79960 9.25552
H 52.17420 88.27590 10.75610
H 53.18230 93.63590 10.89150
H 54.26060 90.63060 10.90500
H 57.77960 90.02090 11.07230
H 55.53320 87.71140 10.99200
H 56.59890 92.94280 10.90580
C 58.46420 93.47030 9.30517
C 62.92670 90.00700 9.56155
C 60.76860 87.59260 9.42584
C 61.73480 92.89030 9.39168
C 59.54110 90.57870 9.38513
H 60.97390 89.45550 11.07080
H 64.39910 88.91760 11.29070
H 59.90640 92.43520 11.05400
H 63.23940 91.89330 11.05560
C 37.16290 99.94870 9.45483
C 39.33660 94.15250 9.44411
C 40.33890 99.27750 9.42095
C 38.20240 97.04780 9.43611
C 41.52690 96.35030 9.56694
H 39.66750 95.94510 11.13030
H 43.10690 95.37480 11.21800
H 41.94670 98.26870 11.07280
H 38.59920 98.83670 11.12610
C 43.76130 98.89750 9.45531
C 50.48080 97.70190 9.19593
C 47.12900 98.36040 9.19706
H 46.45150 94.68660 11.06680
H 45.41570 97.72750 10.92440
H 48.63540 97.09930 10.76800
H 47.67930 100.09500 10.88270
C 44.87980 95.75610 9.47260
C 48.17760 95.18160 9.30593
H 49.78070 94.20590 10.92020
H 50.87780 99.49800 10.80900
H 54.28370 98.81150 10.82230
H 52.05750 96.59750 10.77780
C 55.06110 94.09550 9.27381
C 56.13290 99.44980 9.29949
C 53.92350 96.96730 9.20382
C 52.74750 99.99200 9.21868
C 51.63130 94.70100 9.23423
C 57.29680 96.52680 9.28250
H 55.43980 95.93170 10.87500
H 57.59000 98.33260 10.99120
C 60.65320 95.86960 9.39481
H 64.53640 97.18770 10.94380
H 63.34010 100.06600 11.16220
H 58.71690 95.34600 10.94770
C 62.90200 98.38580 9.41018
C 64.04890 95.42370 9.27937
C 59.48590 98.84530 9.39986
H 61.10550 97.77190 11.01850
H 62.27060 94.77300 10.96400
C 39.30050 69.45930 13.12390
C 38.16370 72.33490 13.24290
C 42.85340 68.76760 13.13360
C 41.67030 71.71590 13.14490
C 46.13390 68.21720 12.94200
C 45.09650 71.23700 13.05880
C 48.38050 70.62300 12.98460
C 47.30760 73.56440 12.86990
C 50.65380 72.95610 12.91370
C 49.44260 67.60870 12.90360
C 51.80810 69.90990 12.84840
C 55.20630 69.30430 12.70350
C 54.12000 72.25340 12.80720
C 57.39600 71.66570 12.76650
C 58.56120 68.78030 12.60150
C 61.78370 68.18930 12.56570
C 60.82320 71.16520 12.68960
C 64.16260 70.59320 12.70360
C 63.01680 73.48040 12.79710
C 37.11860 75.36620 13.28720
C 39.47920 77.69320 13.12790
C 40.42640 74.60100 13.11390
C 42.86120 77.04690 13.01380
C 41.64440 79.97680 13.00110
C 43.97540 74.09940 13.05210
C 46.14180 76.41810 12.88610
C 44.98100 79.55850 12.88210
C 48.31920 78.89840 12.84540
C 49.43820 75.93370 12.79440
C 52.98830 75.21420 12.83590
C 56.20170 74.62710 12.80710
C 55.09410 77.63640 12.77630
C 51.73950 78.11010 12.76290
C 57.22020 79.97580 12.71400
C 59.69300 74.06060 12.72640
C 58.48470 76.95810 12.80640
C 61.81690 76.37880 12.90970
C 64.09830 78.77250 12.85690
C 60.62330 79.46430 12.85600
C 38.25050 80.58820 13.05980
C 37.10660 83.68670 13.04930
C 39.33640 85.88760 12.95320
C 40.50110 82.86370 12.93970
C 42.70240 85.20770 12.81210
C 43.89570 82.41950 12.81750
C 50.66460 81.15790 12.77250
C 47.21460 81.79440 12.79960
C 46.07140 84.69090 12.64780
C 49.56220 84.08570 12.55700
C 48.46820 86.93870 12.52140
C 54.07000 80.58110 12.68970
C 56.22240 82.91200 12.70130
C 52.89670 83.64070 12.63860
C 51.65210 86.51280 12.35530
C 55.14570 85.92420 12.56230
C 58.39720 85.27170 12.64990
C 62.95690 81.76970 12.85540
C 59.64420 82.32610 12.74200
C 61.84480 84.76990 12.80230
C 64.04830 86.91240 12.67990
C 38.25560 88.89840 12.90960
C 41.59750 88.24330 12.89160
C 40.50300 91.26320 12.78270
C 37.18780 91.77760 12.68950
C 42.69500 93.47500 12.75190
C 43.76040 90.49790 12.83160
C 50.65410 89.41130 12.47280
C 47.24620 89.89970 12.63880
C 46.09670 92.91450 12.82080
C 49.51200 92.39790 12.59320
C 44.95030 87.49720 12.73970
C 56.07680 91.12320 12.51410
C 52.78380 91.82390 12.53640
C 57.34290 88.13920 12.60290
C 53.87690 88.81580 12.53650
C 62.79980 90.00240 12.64440
C 61.70780 93.05320 12.67000
C 59.50590 90.65170 12.71590
C 60.54330 87.67470 12.72850
C 58.32310 93.53120 12.65300
C 37.04130 99.97890 12.67770
C 40.47460 99.47560 12.66390
C 38.16770 97.02880 12.75110
C 39.22880 94.15240 12.66700
C 41.47540 96.51550 12.73450
C 43.90970 98.78690 12.59570
C 45.02030 95.92860 12.67590
C 47.20250 98.24710 12.50220
C 48.32980 95.36900 12.54830
C 50.49220 97.61790 12.39270
C 55.96510 99.41100 12.55460
C 57.16330 96.53430 12.55240
C 55.03980 94.11550 12.47360
C 51.62730 94.81450 12.46760
C 52.73990 99.91770 12.43170
C 53.83190 96.96660 12.44020
C 60.61670 95.87990 12.51460
C 64.07460 95.32830 12.57290
C 62.96120 98.15250 12.66160
C 59.47310 98.77550 12.60330
C 39.22980 102.27400 9.26885
C 38.19160 105.35400 9.12493
C 42.56850 101.74400 9.33808
C 41.62720 104.79000 9.18822
H 39.75370 104.24800 10.71580
H 37.49110 101.80900 11.02830
H 42.02510 106.60700 10.94080
H 40.77370 101.22100 10.92060
H 42.99340 103.63200 10.90410
C 45.94380 101.21300 9.46618
C 44.89490 104.05000 9.33229
C 48.32120 103.36900 9.35942
C 47.20630 106.32900 9.30570
C 50.60460 105.91700 9.33729
C 49.40290 100.78000 9.26738
H 49.93080 102.44300 11.03570
H 48.80560 105.29200 10.92550
H 45.30270 105.92600 10.89530
H 44.04370 100.70400 11.05780
H 46.47880 103.00100 11.03850
C 51.65330 102.91500 9.29488
C 55.11290 102.33100 9.27806
C 53.94680 105.30500 9.24878
C 57.33130 104.73100 9.30856
H 53.19960 101.77500 10.83130
H 52.10380 104.73300 10.91730
H 55.46910 104.18800 10.92830
H 56.59100 101.26100 10.98820
H 57.75680 106.55300 10.97140
C 58.42490 101.68000 9.35296
C 60.75640 104.04300 9.50215
C 64.14080 103.48000 9.73809
C 61.81740 101.14100 9.52605
C 62.98370 106.43800 9.58816
H 62.20700 102.96800 11.20720
H 58.77940 103.56600 10.93700
H 61.05800 105.93900 11.05050
H 59.91800 100.65600 11.04490
H 64.37710 105.35000 11.38460
C 39.35580 110.61400 9.16656
C 40.66020 107.70100 9.20544
C 42.92130 109.98800 9.21135
C 41.59030 112.83800 9.22762
H 43.30570 111.85900 10.79020
H 41.01190 109.60000 10.72460
H 39.66730 112.48600 10.73920
H 38.73600 107.19400 10.74720
H 37.44670 110.13800 10.75430
C 37.10370 108.23000 9.23743
C 43.82600 107.13300 9.28228
C 45.98220 109.44600 9.30624
C 49.49570 108.82500 9.28321
C 45.15850 112.47800 9.28246
C 48.35090 111.85200 9.34811
H 46.56540 111.22900 10.91990
H 44.26280 108.89900 10.98520
H 47.63560 108.29000 10.82810
H 49.82830 110.65300 10.92320
H 50.99160 107.75600 10.91200
C 52.70140 108.42500 9.17961
C 51.60980 111.18900 9.37059
C 57.32870 112.98900 9.56877
C 55.00730 110.70500 9.46593
C 56.27440 107.75400 9.35495
H 54.21680 107.16300 10.72240
H 56.65340 109.51800 10.97970
H 53.21550 110.11900 10.93410
H 52.08310 112.94900 11.10360
H 55.51890 112.45800 11.20700
C 59.61570 107.04000 9.35428
C 58.47500 110.20400 9.44023
C 60.72510 112.42100 9.65307
C 64.21890 111.88300 9.68557
C 61.84450 109.45800 9.48423
H 62.26390 111.25500 11.15510
H 59.92330 108.89500 11.02750
H 58.86260 111.89300 11.26220
H 63.28430 108.32700 11.24000
C 38.18820 113.60900 9.05123
C 39.38110 118.77700 9.23595
C 40.49870 115.78600 9.16210
C 42.82020 118.22700 9.31462
H 38.60190 115.42000 10.74970
H 37.46720 118.32900 10.74130
H 40.92540 117.69800 10.81560
H 42.08770 114.79600 10.71030
C 37.06030 116.51100 9.10419
H 43.14930 120.07100 10.97710
C 44.02930 115.29300 9.27712
H 48.83040 113.61700 10.98360
C 47.36890 114.73700 9.42856
C 50.73480 114.12600 9.47383
C 46.18760 117.62200 9.37290
C 49.45690 117.10700 9.48918
H 44.34550 117.13900 10.90780
H 45.49940 114.21400 11.00720
H 47.69020 116.58800 11.09510
H 46.56130 119.45900 11.03360
H 49.88590 118.95500 11.13030
C 48.37930 120.05600 9.43075
H 51.00240 116.01100 11.07760
C 53.96180 113.47200 9.57837
C 56.12330 115.85200 9.58808
C 52.79630 116.47100 9.45013
C 51.74720 119.48700 9.56858
C 55.05390 118.83900 9.52877
H 57.74160 114.78000 11.16040
H 53.22780 118.29600 11.10740
H 54.23260 115.36500 11.15140
H 56.55640 117.72500 11.20260
H 64.54000 113.62600 11.51070
C 61.85420 117.70800 9.83611
C 63.03170 114.78000 9.84240
C 58.52450 118.27400 9.72302
C 59.57930 115.45500 9.65539
H 61.05210 114.27100 11.30930
H 58.89870 120.10400 11.33810
H 62.18000 119.59200 11.43140
H 59.97560 117.17000 11.42640
H 63.33500 116.63800 11.46170
C 64.12300 120.01300 10.01890
C 40.40810 124.14200 9.20228
C 41.64930 121.19500 9.25672
C 38.19200 121.70000 9.13742
H 37.43590 126.57900 10.87780
H 40.74050 125.99000 10.85500
H 39.74240 120.65600 10.86560
H 38.56160 123.61000 10.74720
C 42.64550 126.41100 9.28330
H 41.96190 123.05100 10.80990
C 37.07130 124.80200 9.16862
C 43.89220 123.54000 9.26556
H 44.20910 125.37600 10.94540
C 49.38670 125.35700 9.48247
C 46.07410 125.98500 9.36940
C 50.64010 122.36600 9.47786
C 47.19080 122.96800 9.36633
C 45.06050 120.46000 9.39538
H 45.37910 122.39800 10.93770
H 48.76910 121.91600 10.99830
H 47.52250 124.76300 11.05550
H 51.03940 124.29200 10.98260
C 53.02240 124.83100 9.57881
C 53.94510 121.92200 9.57606
C 56.28810 124.24400 9.75903
C 57.31830 121.22700 9.74563
H 52.14780 121.32000 11.22440
H 57.72880 123.02600 11.40880
H 53.27500 126.60000 11.31820
H 54.40200 123.62900 11.28180
H 55.38860 120.62800 11.22250
H 56.63410 126.07900 11.34340
C 61.76880 125.96500 9.94520
C 58.54160 126.60100 9.82438
C 60.69710 120.72500 9.78061
C 59.56110 123.62300 9.84006
C 62.82610 123.03100 9.92013
H 59.93780 125.42600 11.54560
H 61.03950 122.47200 11.52270
H 63.33480 124.89000 11.53770
H 64.39790 121.98200 11.49680
C 37.08220 132.99600 9.05905
H 42.98090 128.29600 10.90490
C 41.53360 129.39000 9.21263
H 41.87910 131.31300 10.70840
H 38.56540 131.89500 10.73070
H 39.61910 128.91000 10.72940
C 39.21620 127.03000 9.20221
C 40.33000 132.42800 9.06735
C 38.19460 130.06800 9.06479
C 43.82610 131.88800 9.24170
H 46.41320 127.80400 11.07680
C 50.42320 130.60800 9.68266
C 47.14940 131.25900 9.52952
C 44.89800 128.86800 9.43599
H 45.18910 130.79800 10.97650
C 48.34860 128.39600 9.52090
H 48.50880 130.15400 11.25060
H 49.75120 127.17900 11.17840
H 47.34360 133.05100 11.22750
H 50.67240 132.48900 11.22490
H 52.00950 129.51400 11.33800
C 51.67390 127.68000 9.65315
C 57.38900 129.52000 9.88139
C 53.90730 130.12000 9.79482
C 52.67820 132.93200 9.81568
C 55.14590 127.25200 9.73823
C 56.13970 132.41300 9.90615
H 55.48610 129.03900 11.39950
H 57.73580 131.35400 11.54640
H 54.25230 131.88400 11.47700
H 61.01810 130.74700 11.47250
H 58.87010 128.39000 11.51790
C 63.07450 131.30900 10.17500
C 59.55620 131.91100 9.89588
H 62.18460 127.82600 11.60750
C 64.09920 128.44500 10.12130
C 60.70860 128.95400 9.90453
C 39.36720 102.47700 12.45700
C 38.34170 105.41600 12.42480
C 42.65520 101.75400 12.52580
C 41.43760 104.79900 12.48910
C 49.45920 100.56500 12.56240
C 46.01250 101.04100 12.47870
C 44.77750 104.12900 12.56890
C 48.35820 103.55100 12.58150
C 47.25900 106.44300 12.45780
C 50.69650 105.90800 12.51630
C 51.79690 102.91100 12.58950
C 54.95030 102.33800 12.58430
C 54.00330 105.32500 12.45480
C 57.26650 104.70000 12.57590
C 58.34910 101.75600 12.64070
C 61.71470 101.04300 12.72120
C 60.54420 104.05900 12.65520
C 63.97230 103.49800 12.94240
C 62.71410 106.49300 12.87010
C 39.36200 110.56800 12.29780
C 40.47400 107.82700 12.40780
C 42.72620 110.06700 12.45720
C 41.57500 112.85400 12.25310
C 37.17370 108.24200 12.37790
C 43.83720 107.10100 12.62970
C 46.13800 109.40500 12.51930
C 49.45660 108.75300 12.48070
C 44.98350 112.38200 12.54860
C 48.33650 111.74900 12.55660
C 52.82310 108.23200 12.52810
C 55.99400 107.55700 12.43220
C 51.56290 111.00400 12.58280
C 55.04020 110.54600 12.61610
C 57.33200 112.99400 12.86150
C 59.51750 107.07800 12.65090
C 58.37660 109.92100 12.70720
C 61.58930 109.45600 12.77270
C 60.64980 112.39000 12.84180
C 63.92840 111.74500 12.97800
C 38.14790 113.60000 12.37300
C 39.30320 118.81800 12.42640
C 40.49350 115.84300 12.34060
C 42.73210 118.17000 12.52320
C 37.06020 116.53800 12.35470
C 43.83920 115.30900 12.46930
C 47.33720 114.63400 12.63600
C 50.57580 114.19100 12.69150
C 46.07610 117.65500 12.66090
C 49.48150 117.10100 12.71280
C 48.31050 120.08600 12.68920
C 53.87320 113.51600 12.74850
C 56.13170 115.82900 12.72830
C 52.80930 116.51200 12.78160
C 51.75310 119.44900 12.72260
C 54.97360 118.73700 12.79080
C 58.31970 118.27700 12.91790
C 59.41130 115.26900 12.94890
C 62.85190 114.77300 12.97770
C 61.81670 117.72800 13.03430
C 63.91490 120.13600 13.19230
C 38.11850 121.78200 12.38420
C 41.54430 121.23300 12.53100
C 40.36560 124.12100 12.42420
C 42.56990 126.45400 12.48900
C 36.96180 124.71900 12.43770
C 43.78250 123.50000 12.52300
C 44.95090 120.53500 12.62010
C 47.12590 122.83800 12.63690
C 50.53880 122.54300 12.66280
C 46.05300 125.88100 12.64100
C 49.39860 125.13900 12.66870
C 52.72570 124.67600 12.81950
C 56.09100 124.21900 12.93870
C 53.95220 121.76800 12.88800
C 57.19340 121.20100 12.91030
C 61.76620 125.90200 13.17590
C 62.86530 123.09300 13.13640
C 60.59210 120.65200 13.07860
C 59.44910 123.55200 13.16320
C 58.37070 126.55600 13.07650
C 43.56640 131.72800 12.51180
C 40.36820 132.45600 12.34220
C 41.45150 129.49200 12.33840
C 39.22860 127.14700 12.48890
C 38.14450 130.03800 12.35920
C 37.00640 133.06200 12.27920
C 50.35950 130.58800 12.84650
C 46.85770 131.22600 12.79890
C 44.80130 128.92300 12.59200
C 48.19460 128.29300 12.78980
C 53.85060 129.96900 13.02000
C 52.45430 132.77600 12.99570
C 51.58130 127.62900 12.88380
C 57.29110 129.47800 13.10620
C 55.05600 127.14500 12.98060
C 56.09370 132.31100 13.11670
C 60.59570 128.91100 13.15460
C 62.71300 131.47400 13.21800
C 59.54310 131.84800 13.18590
C 63.88050 128.29200 13.38780
H 64.44580 130.19500 11.88950
H 63.22000 133.16900 11.77780
C 67.35790 4.14333 10.21510
C 66.33150 7.03387 10.11360
C 70.68670 3.38407 10.31520
C 69.53580 6.39547 10.22630
C 65.19760 1.66174 10.29940
C 74.07300 2.87995 10.42370
C 72.98130 5.69722 10.38990
C 77.49660 2.13560 10.60800
C 76.35130 5.16473 10.47390
C 78.82510 7.45113 10.53510
C 79.76960 4.68671 10.70680
C 83.03630 4.01093 10.87530
C 82.01760 6.99598 10.86790
C 85.25630 6.28740 10.86540
C 80.94340 1.60468 10.71930
C 86.46380 3.36413 10.86740
C 88.79080 5.79319 10.87590
C 89.78420 2.66006 10.85340
C 92.02880 5.20441 10.91370
C 68.60470 9.44736 10.19060
C 70.75560 11.69500 10.34920
C 67.32450 12.25030 10.25350
C 65.12490 9.93875 10.08120
C 71.84680 8.73645 10.20780
C 75.19050 8.01790 10.37710
C 74.13940 11.05570 10.34000
C 72.96160 14.01630 10.44370
C 77.56260 10.50060 10.53080
C 76.41230 13.36920 10.46720
C 84.22780 9.18663 10.86800
C 79.82020 12.88620 10.77540
C 80.97560 10.02560 10.69790
C 83.19810 12.22420 10.76840
C 90.88660 8.17434 11.02400
C 87.60270 8.64786 10.92090
C 86.42970 11.47450 10.81570
C 88.85250 13.92860 10.94590
C 89.79660 11.02060 10.94280
C 92.22390 13.31700 11.17460
C 69.61030 14.60000 10.38310
C 64.97620 18.10290 10.21230
C 68.51180 17.50990 10.32680
C 66.23890 15.15510 10.25140
C 67.44920 20.54410 10.21460
C 70.78850 19.94600 10.37980
C 71.73110 16.98580 10.42960
C 75.13130 16.39000 10.54160
C 74.01930 19.40140 10.59340
C 77.51580 18.60130 10.56750
C 78.71750 15.64770 10.65070
C 81.93190 15.18350 10.82600
C 84.22990 17.33480 10.82430
C 80.93220 18.00040 10.78870
C 83.07340 20.30200 10.65330
C 79.66200 20.92210 10.57500
C 85.35300 14.60750 10.79140
C 87.70620 16.84070 10.91250
C 91.10810 16.23930 11.08040
C 86.53430 19.67300 10.78220
C 89.94800 19.10700 10.93820
C 66.33680 23.65740 10.36630
C 69.65210 22.92850 10.42930
C 68.51130 25.84920 10.48500
C 65.18620 26.27280 10.44830
C 71.87600 25.29250 10.58590
C 76.40080 21.66830 10.53100
C 75.22670 24.71030 10.61360
C 72.97930 22.41570 10.55590
C 77.40580 27.02750 10.57550
C 74.08920 27.57900 10.66570
C 78.56600 23.99820 10.51330
C 81.90350 23.36980 10.52700
C 80.82550 26.56290 10.56630
C 85.23430 22.65380 10.64020
C 84.13920 25.73710 10.55510
C 92.15370 21.53410 10.84920
C 90.99180 24.54340 10.79350
C 88.73410 21.98140 10.72530
C 87.58030 25.10190 10.56520
C 89.83280 27.34600 10.83460
C 67.43500 28.74450 10.49620
C 70.81810 28.10930 10.52010
C 69.67870 30.94260 10.44710
C 68.47660 34.00480 10.25870
C 66.34430 31.57880 10.44050
C 76.42370 29.95120 10.61250
C 75.43590 32.86000 10.44390
C 71.86160 33.33350 10.29080
C 73.14170 30.47150 10.55970
C 82.00640 31.78030 10.69400
C 84.13290 34.09640 10.81500
C 79.78350 29.42400 10.67380
C 83.04960 28.69080 10.70790
C 85.37700 31.00150 10.75070
C 78.70090 32.21490 10.72600
C 92.05120 29.80890 10.76190
C 87.67890 33.29480 10.67050
C 88.84670 30.42920 10.65970
C 91.08120 32.72240 10.72310
C 86.48200 28.08430 10.59550
C 67.25100 4.08760 13.46840
C 66.02420 7.06515 13.26640
C 70.58540 3.42742 13.53520
C 69.55170 6.46638 13.52890
C 65.07030 1.65055 13.38510
H 65.47940 3.54138 11.78570
H 68.79190 3.02518 11.87820
H 67.73490 5.91668 11.87180
H 71.04140 5.22489 11.89990
C 73.95790 2.87292 13.72280
C 72.80680 5.72885 13.56510
C 77.37030 2.18118 13.77510
C 76.35870 5.27037 13.67780
H 76.84540 7.02762 11.99380
H 73.26260 7.60780 11.93720
H 74.51760 4.66849 12.06770
H 75.53060 1.77481 12.11830
H 77.85310 4.00556 12.17190
H 72.22860 2.35444 11.97840
C 78.43730 7.57648 13.81620
C 79.54430 4.52471 13.97680
C 82.97080 3.87504 14.07220
C 81.91240 6.98530 14.05180
C 85.25610 6.24472 14.13670
C 80.80430 1.49286 13.95260
H 83.50730 5.83642 12.56820
H 80.09930 6.40804 12.41850
H 81.13520 3.43631 12.42280
H 84.58960 2.88841 12.46370
C 86.44580 3.43730 14.04370
C 88.67180 5.64298 14.07810
C 89.83100 2.63656 14.11940
C 91.96430 5.15229 14.21840
H 90.20760 4.49687 12.47880
H 91.36100 1.59221 12.44430
H 89.08870 7.55498 12.62240
H 86.85290 5.27391 12.40610
H 87.93650 2.19278 12.49950
C 68.39850 9.32170 13.44740
C 67.11630 12.16420 13.43440
C 70.63230 11.58920 13.58060
C 65.02280 9.86310 13.27060
H 71.10760 13.49350 12.06530
H 68.83940 11.20700 11.91550
H 66.68390 8.87279 11.68020
H 69.97400 8.22310 11.82630
H 65.37110 11.77180 11.74370
H 67.72580 14.03480 11.96380
C 71.74040 8.75291 13.57100
C 75.09820 8.08248 13.53050
C 74.03160 11.09370 13.58410
C 72.88810 14.01590 13.61950
C 77.46200 10.55420 13.63170
C 76.30580 13.46100 13.76480
H 74.56270 12.91650 12.06400
H 72.25060 10.54670 11.92310
H 77.89160 12.32540 12.20380
H 75.61470 9.91587 11.96080
C 84.12200 9.14423 14.00330
C 79.62790 12.76380 13.90210
C 80.72390 9.90539 13.92890
C 83.15280 12.24640 14.03220
H 79.08510 9.32809 12.10150
H 84.55990 11.01440 12.42130
H 81.34230 11.78180 12.41630
H 83.53450 14.04640 12.38240
H 82.30340 8.79715 12.41800
C 90.85900 8.18459 14.25100
C 87.49000 8.70853 14.13600
C 86.35050 11.61980 13.98620
C 88.58370 13.95350 14.13110
C 89.59960 10.99280 14.20320
C 92.01830 13.34100 14.28390
H 90.23100 12.82130 12.61920
H 86.84340 13.41060 12.36110
H 85.76210 8.08674 12.50840
H 91.26450 9.97633 12.66440
H 87.94670 10.48340 12.48010
C 69.47620 14.55620 13.63790
C 66.11860 15.15710 13.47390
C 68.35200 17.60010 13.52750
C 67.39580 20.49300 13.53100
C 70.54320 19.90200 13.68040
C 65.07470 18.23800 13.47090
H 69.94180 16.41040 12.06730
H 65.58490 19.96930 11.78500
H 68.89360 19.39630 11.88320
H 66.59610 17.02530 11.82790
C 71.65370 16.85760 13.73080
C 75.10380 16.33640 13.67060
C 73.97740 19.28890 13.74800
C 77.39120 18.64620 13.87340
H 76.68850 15.26840 12.07430
H 72.12740 18.81140 12.13800
H 77.84980 20.47650 12.18560
H 75.61710 18.23800 12.16970
H 74.52070 21.17890 12.16730
H 73.25430 15.90590 12.03570
C 78.41120 15.70760 13.85340
C 85.37520 14.57320 14.04670
C 82.03150 15.08420 14.04960
C 84.21750 17.48690 14.03500
C 80.74510 18.07550 13.93700
C 83.07600 20.33090 13.91240
H 82.40210 16.96310 12.49740
H 78.96890 17.51650 12.24910
H 81.24140 19.89820 12.29380
H 84.63020 19.24050 12.31580
H 80.14510 14.69300 12.46900
C 79.60110 21.03220 13.85170
H 85.81790 16.36830 12.45570
C 87.63160 16.92420 14.14670
C 91.02400 16.31450 14.30250
C 86.37630 19.86400 14.01010
C 89.88530 19.26680 14.15750
H 91.46960 18.12030 12.67210
H 89.23950 15.76640 12.60070
H 88.05570 18.71790 12.53630
H 90.29240 21.05390 12.42190
C 65.04890 26.46820 13.64940
C 66.18180 23.41740 13.61360
C 69.52610 22.82340 13.62060
C 68.51370 25.87580 13.78800
H 70.00330 24.70550 12.10870
H 71.12250 21.76770 12.08050
H 66.75520 25.33450 12.17710
H 68.99420 27.67480 12.13370
H 67.75620 22.33840 11.94170
C 71.76530 25.15810 13.81090
C 77.51560 26.98930 13.84690
C 75.23580 24.56930 13.83920
C 76.29570 21.58990 13.83320
C 72.88700 22.19350 13.76910
C 74.09080 27.57050 13.87370
H 76.73600 23.45330 12.18010
H 73.38620 24.12500 12.25750
H 72.25540 27.05910 12.28880
H 75.67570 26.47930 12.27690
C 78.64040 23.98110 13.76360
C 80.78740 26.35670 13.84940
C 84.15810 25.71800 13.75740
C 85.21720 22.75510 13.86450
C 81.87380 23.40230 13.84200
H 83.39740 22.21490 12.24520
H 82.25310 25.22030 12.15490
H 84.66210 27.58750 12.21720
H 78.99060 25.82090 12.15300
H 80.12920 22.80820 12.13200
H 85.67610 24.57600 12.12030
C 88.61630 22.11770 13.91100
C 87.41470 24.97850 13.87930
C 90.78540 24.32830 13.92150
C 92.11060 21.68060 14.03170
H 91.33110 26.32320 12.54310
H 89.00690 23.93890 12.22000
H 87.86180 26.82550 12.29560
H 86.80470 21.62190 12.31730
C 89.67000 27.40500 14.00240
C 67.33310 28.73620 13.66980
C 66.15090 31.63190 13.60170
C 70.73980 28.22170 13.83680
C 69.69050 31.17990 13.67840
C 68.44320 34.02240 13.54900
H 71.24250 29.99460 12.10780
H 69.98260 32.89320 11.88720
H 66.64760 33.46080 11.96910
H 67.83730 30.56480 12.12360
H 65.52610 28.21490 12.01880
C 71.84270 33.48880 13.48140
C 75.14050 32.83290 13.78030
C 73.07330 30.56540 13.68890
C 76.48420 29.90890 13.86470
H 74.65830 29.37590 12.23450
H 76.80370 31.77720 12.24140
H 73.50980 32.38940 11.97560
H 77.94530 28.79540 12.20580
C 78.60700 32.19580 13.93100
C 83.15900 28.74500 13.91670
H 78.93130 34.11660 12.34540
H 81.21660 28.27390 12.34380
H 82.39400 33.50410 12.49070
C 85.46360 31.07270 13.81090
C 84.34330 34.01980 13.96290
C 79.62660 29.36870 13.96740
C 82.00020 31.68530 14.07790
H 83.47000 30.57000 12.32760
H 80.25440 31.20160 12.35810
H 90.22480 29.24330 12.38550
C 92.08910 29.82070 14.01060
C 91.05470 32.75820 13.95730
C 88.69290 30.38480 13.98150
H 89.22460 32.21120 12.33610
C 87.67340 33.28160 13.89970
H 85.78360 32.88670 12.26340
H 87.01970 29.85440 12.23850
C 86.44700 28.07270 13.93050
C 67.36520 37.03670 10.26120
C 66.50250 39.88620 10.21770
C 70.62990 36.49770 10.22170
C 69.57020 39.34840 10.25230
C 65.18850 34.54990 10.29320
C 74.17930 35.77260 10.41520
C 73.03670 38.77730 10.36780
C 77.52360 35.20730 10.57470
C 76.41540 38.27270 10.47540
C 78.63050 40.49630 10.59280
C 79.73650 37.51740 10.64850
C 83.24070 36.99710 10.70790
C 82.20990 39.84520 10.70170
C 85.44750 39.16670 10.75920
C 80.83920 34.54940 10.76830
C 86.52540 36.33270 10.75240
C 88.85880 38.66270 10.72160
C 89.91370 35.59860 10.71740
C 92.35220 38.18970 10.84770
C 65.30460 42.84440 10.14030
C 68.52300 42.31060 10.15510
C 70.77260 44.73330 10.15780
C 67.36980 45.29160 10.09230
C 69.77030 47.49170 10.17550
C 71.84610 41.67530 10.19440
C 75.30450 41.20290 10.38990
C 74.32730 43.99180 10.28160
C 77.48400 43.46460 10.42520
C 72.97350 47.08230 10.28890
C 76.44220 46.41170 10.27530
C 84.27790 42.23720 10.68400
C 80.98310 42.72330 10.63670
C 83.34440 45.12180 10.60070
C 79.97980 45.60490 10.40400
C 91.17280 41.02540 10.81030
C 87.74600 41.44170 10.75160
C 86.57650 44.36410 10.70730
C 89.90470 43.86170 10.78790
C 88.78710 46.74210 10.61440
C 92.02260 46.12620 10.69160
C 65.19150 51.26030 9.86442
C 68.50970 50.47370 10.00290
C 66.35080 48.20880 9.99656
C 67.48290 53.45760 9.97984
C 70.58130 52.77440 9.93823
C 72.01390 49.89610 10.07670
C 75.30610 49.37580 10.23280
C 74.21210 52.29640 10.02530
C 77.74300 51.67490 10.23270
C 85.51260 47.32080 10.50500
C 78.83720 48.68530 10.31640
C 82.23180 48.03150 10.34220
C 84.40860 50.39590 10.37370
C 81.05740 51.09510 10.26160
C 83.29230 53.43920 10.34060
C 79.90550 53.97920 10.19020
C 87.77910 49.74450 10.39480
C 91.02480 49.16000 10.50750
C 86.57450 52.72010 10.29360
C 90.07510 52.08650 10.40760
C 65.19480 59.27490 9.77405
C 66.41850 56.43480 9.79115
C 69.67230 55.70280 9.88817
C 68.69950 58.70360 9.75061
C 72.10270 58.20830 9.96921
C 74.27640 60.42630 9.84529
C 76.53200 54.44910 10.13150
C 73.07280 55.27120 9.96589
C 75.23400 57.38620 10.03090
C 77.52740 59.72890 9.89641
C 78.71440 56.79460 10.10680
C 81.05530 59.18500 10.21460
C 82.30180 56.28160 10.30220
C 85.44560 55.69360 10.42690
C 84.48410 58.49900 10.25690
C 89.98810 60.33850 10.07600
C 91.24210 57.47010 10.16530
C 87.56610 57.88240 10.24850
C 92.25050 54.43420 10.37600
C 88.93110 54.96820 10.28530
C 70.97060 61.05570 9.76311
C 67.48950 61.68720 9.65047
C 69.79060 64.06250 9.59436
C 66.37230 64.61530 9.58374
C 68.68660 67.07830 9.55834
H 70.20900 65.91200 11.18220
H 66.79700 66.53570 11.11010
H 65.63160 61.26930 11.24350
H 67.93610 63.59350 11.23250
C 72.02230 66.57380 9.61797
C 75.49310 65.79680 9.75708
C 73.11530 63.47650 9.71793
C 76.52360 62.80010 9.76390
H 73.53720 65.39700 11.21750
C 78.89300 65.16240 9.83039
C 85.41800 63.91580 10.08080
C 83.26500 61.52710 10.08320
C 82.17750 64.44200 9.98284
C 79.94490 62.07510 9.90145
C 84.28850 66.80270 9.92555
H 79.20520 66.95890 11.47590
C 86.61870 61.11190 10.17220
C 87.82180 66.14840 10.06580
C 92.21310 62.89030 10.14230
C 91.06920 65.71290 10.23270
C 88.84850 63.40720 10.15630
C 67.27920 36.93850 13.51600
C 66.16000 39.94840 13.44420
C 70.67570 36.44280 13.50440
C 69.64280 39.51230 13.56510
C 65.05080 34.69580 13.48220
H 68.85920 35.84260 11.87440
H 67.82060 38.80820 11.97500
H 71.12640 38.26350 11.91400
H 65.56060 36.46740 11.83670
C 73.98710 35.88090 13.50540
C 72.89940 38.83780 13.54890
C 77.27950 35.28120 13.86240
C 76.26570 38.22140 13.79040
H 77.80480 37.07200 12.22880
H 74.52550 37.62670 12.03750
H 73.43530 40.67590 11.90700
H 75.66650 34.66880 12.10790
H 76.68690 40.05130 12.13400
H 72.15490 35.28010 11.79250
C 78.57240 40.52600 13.75490
C 79.67480 37.62180 13.84000
C 83.08910 37.00540 13.96840
C 81.96860 39.91500 13.93490
C 85.53520 39.22990 13.92980
C 80.71550 34.73000 13.97540
H 84.72410 35.88850 12.39600
H 80.22430 39.41470 12.21490
H 81.32660 36.47190 12.26240
H 83.58850 38.80970 12.42850
C 86.58010 36.23050 13.99150
C 88.96570 38.51620 13.95030
C 89.85990 35.63570 13.88770
C 92.15850 38.10200 13.99720
H 88.06430 35.10820 12.28200
H 91.52160 34.59350 12.35220
H 90.42140 37.49350 12.24000
H 87.08730 38.08770 12.37490
H 89.35190 40.44660 12.41810
C 68.50180 42.37500 13.40040
C 67.33070 45.27850 13.30620
C 70.74890 44.55530 13.37980
C 65.10900 42.92900 13.31190
H 67.82650 47.12660 11.71870
H 68.90920 44.19470 11.68710
H 66.73400 41.75240 11.82180
H 70.04600 41.20870 11.82620
H 71.20890 46.46180 11.92710
H 65.55110 44.75030 11.73030
C 71.84160 41.85410 13.41250
C 75.09480 41.14560 13.71000
C 73.97110 44.11870 13.50990
C 77.44150 43.60370 13.68280
C 73.04990 46.96320 13.54800
C 76.39560 46.47050 13.50120
H 75.65500 42.93860 12.08510
H 74.58380 45.88140 11.85360
H 72.34430 43.57510 11.68540
H 77.97540 45.32590 11.93750
C 84.31180 42.15650 13.88280
C 80.81860 42.89660 13.80880
C 83.21170 45.29150 13.81080
C 79.80170 45.73270 13.60170
H 82.47450 41.72070 12.31450
H 84.73560 44.03300 12.32730
H 83.62900 47.05350 12.13260
H 79.00900 42.36010 12.16660
H 81.49270 44.63460 12.17550
H 85.83230 41.06940 12.23470
C 91.08900 41.04980 14.05880
C 87.69300 41.38650 13.94080
C 86.57870 44.48490 13.88510
C 89.96820 43.98020 13.94600
C 88.70800 46.94140 13.84170
C 92.07230 46.27420 13.84910
H 91.52340 42.85070 12.40330
H 88.14870 43.30840 12.35530
H 90.24730 45.75760 12.35860
H 86.96110 46.27480 12.20590
C 69.60280 47.65520 13.35860
C 68.53050 50.66380 13.12850
C 66.21690 48.09540 13.04650
C 67.39510 53.61090 13.19600
C 70.75700 52.85980 13.18960
C 65.01560 51.22960 13.13730
H 70.07170 49.35670 11.59040
H 66.62360 50.09700 11.53090
H 65.54010 53.06940 11.54720
H 68.89720 52.33370 11.66850
C 71.84530 49.99370 13.25330
C 75.35900 49.40650 13.39860
C 74.11230 52.22000 13.13930
C 77.51770 51.73330 13.32750
H 73.47390 48.80440 11.90270
H 76.91340 48.28680 11.90630
H 78.03330 53.52460 11.85160
H 75.74150 51.15230 11.62060
H 72.24750 51.73800 11.47510
H 74.56440 54.14680 11.62210
H 80.34380 47.52890 11.91560
C 85.47680 47.46990 13.72490
C 78.76120 48.66090 13.50920
C 81.99040 48.15290 13.61160
C 84.34540 50.37950 13.49630
C 80.99200 51.04820 13.59180
C 83.21710 53.23210 13.62310
H 81.43460 52.89810 11.90690
H 82.47980 49.89870 11.91900
H 79.24250 50.54930 11.92170
H 84.80060 52.28770 11.94180
C 79.86470 54.03980 13.48310
H 85.94080 49.23760 11.98540
C 87.67750 49.90210 13.62780
C 90.95520 49.16930 13.76980
C 86.63290 52.80010 13.53210
C 89.81280 52.19300 13.61280
H 91.46460 50.99370 12.14790
H 88.14690 51.66190 11.89630
H 89.19750 48.67700 12.12590
H 90.44970 53.97240 12.01750
C 65.20550 59.48740 12.93180
C 66.26690 56.58700 13.00470
C 69.70390 55.81750 13.07810
C 68.58280 58.87990 13.00360
H 71.23400 54.63650 11.52640
H 67.83630 55.33670 11.51570
H 70.15500 57.64570 11.45170
H 66.81260 58.34070 11.38880
H 69.08280 60.65830 11.29090
C 71.80550 58.28260 13.16970
C 76.33710 54.58860 13.31810
C 72.98020 55.17020 13.25910
C 75.28910 57.58510 13.23900
C 77.41340 59.96740 13.12710
H 72.43080 60.05080 11.54350
H 75.66490 59.35040 11.50410
H 76.79610 56.43360 11.63560
H 73.43620 57.05470 11.70700
C 74.23270 60.62040 13.07940
C 78.63790 56.81090 13.27480
C 82.09340 56.31720 13.48770
C 80.82640 59.24710 13.26240
C 84.30350 58.74550 13.54230
C 85.65160 55.56710 13.63500
H 80.31540 55.85900 11.75640
H 84.73520 60.45140 11.76200
H 83.73570 55.16130 12.11870
H 79.05650 58.70880 11.66510
H 82.61840 58.14520 11.87500
H 85.91920 57.51770 12.06580
C 89.94540 60.49170 13.34760
C 92.16370 54.56630 13.69430
C 91.09290 57.45630 13.43530
C 88.86960 55.21560 13.47520
C 87.90230 58.02750 13.42860
H 91.51060 59.34080 11.81690
H 88.14840 59.83560 11.69230
H 89.36830 56.91220 11.70030
H 87.09600 54.59420 11.86250
C 67.46040 61.73240 12.85230
C 68.63990 67.09910 12.70150
C 70.75870 61.20140 13.03740
C 66.41790 64.78570 12.82610
C 69.69800 64.11370 12.89340
H 71.23890 62.96400 11.31020
C 71.95870 66.47080 12.84460
C 76.43510 62.84130 12.99050
C 73.03680 63.59000 12.89030
C 75.32450 65.73050 12.92240
H 74.62300 62.36520 11.34160
H 77.95280 61.64780 11.35030
H 76.97930 64.65560 11.41680
C 78.72460 65.25560 13.10390
C 83.19210 61.61610 13.35840
C 84.23660 66.92540 13.14900
C 79.67590 62.16550 13.15170
C 81.99470 64.55420 13.16580
C 85.33140 64.11110 13.31290
H 81.42670 61.13680 11.71190
H 82.45870 66.39970 11.53850
H 80.26100 63.98580 11.53010
H 83.63020 63.38330 11.69080
H 85.86320 65.84090 11.59070
C 91.00740 65.84970 13.47800
C 86.61260 61.01500 13.32440
H 89.26620 65.19690 11.84220
H 86.96480 62.94390 11.78220
C 92.09270 62.92430 13.26080
H 90.30510 62.23180 11.60070
C 88.87880 63.37930 13.36040
C 87.66550 66.44290 13.25200
C 67.60210 70.09330 9.56583
C 66.47300 73.01310 9.69324
C 71.07830 69.48280 9.63096
C 69.83310 72.30230 9.63912
C 65.31210 67.71460 9.44299
H 69.16580 68.95580 11.14340
H 65.66000 69.51010 11.05340
H 67.98140 71.83140 11.27040
H 71.30630 71.27980 11.33820
C 74.37620 68.63400 9.82416
C 73.20360 71.52620 9.71655
C 77.75400 68.09800 9.81225
C 76.48530 71.04510 9.72158
H 72.42860 68.31830 11.34240
H 73.68150 73.54080 11.11980
H 74.70610 70.53250 11.40190
H 76.92970 72.91420 11.26520
H 78.05020 69.94610 11.37590
H 75.90530 67.61980 11.43730
C 78.77370 73.48840 9.60929
C 80.97950 67.48800 9.84974
C 79.90730 70.48260 9.77936
C 83.26220 69.81150 9.80899
C 82.07380 72.86190 9.62488
C 85.33120 72.17640 9.67285
H 81.40890 69.39830 11.43310
H 84.73650 68.75440 11.47190
H 80.29230 72.38520 11.27790
H 83.52340 71.78560 11.33470
C 86.59970 69.15040 9.79698
C 88.92470 71.56390 9.78562
C 90.02680 68.64460 10.00940
C 92.22120 71.12880 9.96156
H 86.93590 71.12790 11.25660
H 90.32490 70.54240 11.57600
H 89.25320 73.50020 11.30730
C 65.23370 75.86750 9.68139
C 68.64450 75.30380 9.65933
C 70.93060 77.67290 9.61485
C 67.47920 78.19760 9.61532
H 67.92980 80.08000 11.13770
H 69.10540 77.16300 11.26970
H 71.41470 79.52970 11.12760
H 65.68480 77.73450 11.26840
H 66.80400 74.79940 11.32760
H 70.18390 74.18820 11.20290
C 69.76170 80.60600 9.48991
C 75.54320 74.08300 9.50333
C 72.08540 74.71330 9.64277
C 74.26260 77.06460 9.59961
C 73.26420 80.07170 9.59032
C 77.61240 76.45110 9.61354
C 76.53840 79.46080 9.67350
H 78.05990 78.28220 11.34130
H 74.65540 78.88720 11.22110
H 72.44690 76.54010 11.24900
H 75.81210 75.89340 11.19160
C 84.38180 75.17130 9.62334
C 79.93590 78.69510 9.66981
C 80.87730 75.85920 9.68463
C 83.25870 78.18150 9.56079
H 83.65070 80.03750 11.21390
H 79.04880 75.27170 11.26740
C 85.46430 80.49840 9.57291
H 81.52360 77.71640 11.24940
H 82.50400 74.74500 11.20570
H 84.75400 77.06330 11.21380
C 91.06080 74.02410 9.69098
C 87.68750 74.45790 9.64133
C 86.50700 77.60880 9.53746
C 88.72530 79.92410 9.48707
C 89.84140 76.93650 9.41203
C 92.17320 79.32100 9.65577
H 90.26310 78.79620 11.11620
H 86.96630 79.43140 11.16570
H 88.06830 76.44400 11.05130
H 85.80640 74.07140 11.24650
H 91.40200 75.90440 11.04080
C 65.12190 84.12400 9.48711
C 68.52960 83.56410 9.41245
C 66.26950 81.06950 9.56722
C 67.47620 86.63720 9.37560
C 70.89510 85.81390 9.42382
H 70.16030 82.50210 11.01770
H 66.70980 83.03780 11.04630
H 68.96080 85.43010 10.95360
H 65.64300 85.98770 10.99150
C 72.12890 82.91230 9.49371
C 75.49220 82.39950 9.59300
C 74.29460 85.31890 9.54048
C 77.58900 84.76310 9.54671
H 77.94910 86.59320 11.16790
H 75.81640 84.23810 11.17320
H 73.63530 81.89840 11.21410
H 72.43520 84.73360 11.05950
H 76.87420 81.30940 11.34870
H 74.64600 87.11740 11.19010
C 78.64910 81.68780 9.62020
C 82.10660 81.10130 9.57579
C 84.30580 83.50550 9.59722
C 80.98190 84.07840 9.56328
C 83.16920 86.39130 9.52886
H 80.28420 80.64700 11.16160
H 84.73340 85.33530 11.19320
H 79.15690 83.59380 11.13310
H 81.42580 85.88490 11.26210
H 82.50370 82.96400 11.21830
C 79.83850 86.97360 9.62891
C 89.83620 85.19450 9.48405
C 87.65620 82.92320 9.52024
C 91.11520 82.26310 9.60034
C 86.51740 85.81470 9.49894
H 85.88160 82.37330 11.16440
H 91.43410 84.16350 11.13130
H 89.17420 81.75160 11.12460
H 88.05200 84.78010 11.14730
H 90.29690 87.13900 11.01060
C 65.18960 92.51520 9.52434
C 69.70220 88.81410 9.45240
C 66.15810 89.47310 9.56846
C 68.55560 91.78140 9.50332
H 66.71210 91.30290 11.14460
H 70.16150 90.68230 11.00190
H 68.99850 93.64260 11.13340
H 67.84650 88.39860 11.06520
H 71.33070 87.70880 10.99300
C 72.06150 91.19500 9.44732
C 75.41160 90.63630 9.45748
C 77.55770 93.05020 9.50632
C 73.27350 88.22500 9.46690
C 76.37730 87.68830 9.53120
C 74.17790 93.48490 9.54038
H 72.35630 92.94180 11.11980
H 75.74950 92.43380 11.10680
H 76.80250 89.47100 11.17940
H 73.54490 90.10590 11.06310
C 78.69310 89.89670 9.60584
C 80.79170 92.30160 9.41613
C 84.30390 91.84660 9.36345
C 85.42780 88.89760 9.38293
C 82.13860 89.23360 9.45413
H 79.01710 91.83280 11.12430
H 82.47100 91.22930 10.91640
H 84.73770 93.65500 11.02310
H 80.30840 88.86100 11.16290
H 83.67250 88.28590 11.09280
C 88.77410 88.17860 9.39005
C 91.02700 90.66190 9.46108
C 87.72170 91.24880 9.41363
C 92.20430 87.56710 9.41359
H 86.93120 87.71140 10.99920
H 85.82750 90.67920 10.94530
H 88.07950 93.04220 11.09400
H 91.38220 92.39020 11.11440
H 89.14830 90.08640 11.06020
C 89.94500 93.63470 9.52361
H 66.74140 99.46740 11.09410
H 70.09940 98.90790 11.25720
H 71.28650 95.93990 11.18790
C 68.66970 100.11400 9.65057
C 70.85130 94.15830 9.56088
C 69.83700 97.12590 9.55314
C 66.38150 97.67550 9.40467
C 67.53030 94.74990 9.39577
H 65.58010 94.25580 10.88970
H 67.91800 96.56780 11.04200
H 76.87810 97.79750 11.21480
H 77.90740 94.87050 11.11930
C 76.44100 96.02930 9.49833
H 74.61260 95.33770 11.09580
H 73.52640 98.33400 11.21850
C 75.35610 98.89130 9.60074
C 73.03730 96.52350 9.55239
C 71.91870 99.47870 9.63817
C 78.68190 98.30130 9.52227
C 82.12620 97.74720 9.56028
C 85.48630 97.17040 9.63427
C 83.29260 94.78260 9.39475
C 84.36750 100.06300 9.76605
H 83.60490 96.51920 11.13240
H 81.41070 94.12460 11.00670
H 82.48370 99.46830 11.33950
H 80.26380 97.14450 11.09870
H 79.02980 100.09000 11.22700
C 79.78940 95.29660 9.51475
C 88.77470 96.45820 9.73426
C 87.66660 99.45910 9.77392
H 89.19520 98.24100 11.31800
H 86.89090 95.99090 11.24790
C 91.01190 98.78730 9.77673
C 92.18650 95.87910 9.75156
H 85.85250 98.92490 11.35280
H 90.38780 95.33730 11.31990
C 86.64400 94.19660 9.49556
C 67.50140 69.94840 12.73690
C 66.27000 72.98250 12.74540
C 70.84980 69.44380 12.93020
C 69.79050 72.43760 12.90800
C 65.26320 67.71260 12.70040
C 74.25950 68.68260 13.00480
C 73.17730 71.80680 12.87280
C 77.70890 68.11290 13.07800
C 76.53190 71.15330 12.95020
C 78.70310 73.45930 12.91570
C 79.85750 70.60070 12.96220
C 83.30420 69.98850 13.02680
C 82.05840 72.99310 12.93040
C 85.40160 72.26300 12.88080
C 80.99560 67.59520 13.14380
C 86.58860 69.41530 13.06770
C 88.70190 71.71630 12.96050
C 89.86410 68.72370 13.26490
C 92.21080 71.18890 13.06930
H 88.11800 68.14660 11.55830
H 91.49990 67.62270 11.75380
C 68.65840 75.32140 12.87680
C 67.55760 78.23740 12.88600
C 70.96830 77.71100 12.82280
C 65.20720 75.88000 12.87000
C 72.10660 74.59510 12.76340
C 75.41830 74.03610 12.82720
C 74.29140 77.04760 12.82760
C 73.16650 80.04480 12.79390
C 77.55450 76.40020 12.90850
C 76.43400 79.40150 12.87600
C 84.30310 75.23880 12.87170
C 79.91860 78.84840 12.88930
C 80.89450 75.83910 12.78060
C 83.30580 78.23210 12.89300
C 90.97640 74.12000 12.77430
C 87.62680 74.62350 12.75460
C 86.60010 77.60360 12.76750
C 88.82110 79.93820 12.75860
C 89.82940 76.90030 12.68820
C 92.10360 79.19820 12.74640
C 69.81070 80.60690 12.68800
C 66.44570 81.26500 12.79880
C 68.57680 83.60000 12.60180
C 67.44160 86.47030 12.64480
C 70.85880 85.92890 12.57450
C 65.32230 84.22850 12.75690
C 71.95910 82.96430 12.70410
C 75.39130 82.52800 12.89140
C 74.22790 85.28190 12.72200
C 77.62990 84.70520 12.75680
C 78.80790 81.75930 12.83820
C 85.48710 80.52600 12.79340
C 82.07800 81.14280 12.80670
C 84.39530 83.47630 12.78230
C 80.94190 84.06630 12.83060
C 83.25790 86.57510 12.78290
C 79.79930 87.05340 12.79810
C 87.71280 82.96340 12.76950
C 90.97490 82.35760 12.76010
C 86.53340 85.93060 12.73770
C 89.91630 85.35560 12.71270
C 66.27370 89.45690 12.76480
C 69.73570 88.83910 12.61000
C 68.67350 91.73950 12.71700
C 65.21670 92.37490 12.56820
C 71.94450 91.14810 12.68090
C 76.42680 87.67970 12.81450
C 73.10340 88.27880 12.65910
C 75.29490 90.72670 12.72860
C 77.59840 92.93690 12.72000
C 74.15020 93.50970 12.70460
C 78.66250 89.92920 12.72210
C 82.23240 89.50230 12.69100
C 85.52310 88.82820 12.64580
C 84.35480 91.72060 12.55450
C 80.94980 92.25010 12.64030
C 89.89970 93.44400 12.81980
C 88.76200 88.19950 12.65260
C 91.01360 90.50120 12.64960
C 87.62770 91.12980 12.65470
C 92.16230 87.57440 12.63790
C 70.87580 94.08480 12.74830
C 66.32190 97.58400 12.66390
C 67.31780 94.70370 12.61020
C 68.48140 99.93410 12.87690
C 69.71470 96.89420 12.76570
C 75.33810 98.85280 12.83750
C 76.35350 95.91280 12.78240
C 71.97990 99.39070 12.89890
C 73.11180 96.47130 12.83180
C 84.27090 100.01100 12.98540
C 82.07000 97.56550 12.85210
C 83.17980 94.63890 12.70110
C 85.33090 97.09990 12.83020
C 78.81260 98.16690 12.80370
C 79.85220 95.21290 12.64370
C 91.01010 98.75020 12.95710
C 86.46990 94.03010 12.71750
C 88.78530 96.43280 12.86800
C 92.12850 95.89420 13.01160
C 87.71230 99.25290 12.98270
C 66.23570 105.83500 9.80926
C 67.50560 102.97800 9.81039
C 70.75460 102.46100 9.78231
C 69.61070 105.41900 9.95246
C 65.22030 100.66400 9.63750
H 68.97260 101.85100 11.43070
H 67.73790 104.81700 11.47430
H 65.64890 102.42000 11.40960
H 71.19200 104.26900 11.43390
C 77.58540 101.24200 9.57267
C 72.99200 104.87200 9.86585
C 74.20590 101.91700 9.72246
C 76.27770 104.25900 9.79463
H 72.35140 101.32300 11.31880
H 75.73030 100.72900 11.21730
H 73.40770 106.65400 11.56900
H 74.52440 103.70500 11.46710
H 77.85080 103.07800 11.31920
H 76.77490 106.09200 11.46630
C 78.53230 106.57000 9.78606
C 83.11110 102.99400 9.88916
C 85.40720 105.39700 10.02640
C 79.78840 103.49600 9.79191
C 81.94730 105.83800 9.84745
C 80.96860 100.66900 9.73898
H 80.06490 105.36400 11.38140
H 84.70770 101.89200 11.45600
H 83.50710 104.80900 11.51690
H 81.27200 102.44800 11.50430
C 92.22140 104.20400 10.00260
C 89.99680 101.76100 9.84099
C 88.91620 104.76600 9.96799
C 86.60800 102.43800 9.88647
H 87.04240 104.19500 11.52850
H 88.15740 101.21200 11.43030
H 91.47600 100.61700 11.43900
H 90.36290 103.56400 11.56230
H 89.28440 106.53700 11.70160
C 68.54950 108.35800 9.93799
C 67.51080 111.24700 9.95551
C 70.65630 110.79300 10.05840
C 65.17690 108.87100 9.77430
H 66.68120 107.73800 11.41000
H 69.95260 107.22200 11.71410
H 65.61380 110.68300 11.40860
H 67.85310 113.11600 11.56100
H 68.87650 110.11000 11.69350
H 71.10720 112.56700 11.70640
C 71.77260 107.78400 10.07180
C 75.20690 107.21300 9.87380
C 77.45550 109.56500 9.96965
C 76.31460 112.51400 10.24250
C 72.94350 113.16800 10.24770
C 74.04940 110.26000 10.01750
H 72.27220 109.63600 11.67280
H 75.56600 109.01100 11.55070
H 77.92130 111.33700 11.72820
H 74.46120 111.97400 11.83470
C 83.09430 111.14000 10.11100
C 79.72250 111.89500 10.11980
C 80.90010 108.91900 9.83230
C 84.21940 108.19800 10.06550
H 82.26820 107.65100 11.47860
H 79.06140 108.35900 11.39590
C 91.02590 107.16700 10.03450
C 88.53610 113.01200 10.23350
C 87.71460 107.67600 10.10080
C 89.86530 109.98000 10.17580
C 86.46520 110.54100 10.24480
C 92.15370 112.29200 10.34900
H 85.83950 107.13200 11.70140
C 69.71430 113.78700 10.07910
C 68.64670 116.64500 10.19040
C 67.36890 119.61200 10.20280
C 70.71970 119.02200 10.29120
C 66.40660 114.33200 9.94346
C 65.24200 117.28200 10.01540
H 66.70940 116.07900 11.62440
H 65.54760 118.97500 11.85850
H 70.09820 115.53200 11.84110
C 71.94280 116.03100 10.24700
C 74.14530 118.39700 10.43000
C 75.17600 115.45200 10.40060
C 77.39160 117.63300 10.49180
C 78.63060 114.79300 10.31550
C 85.35940 113.60400 10.31750
C 83.15320 119.50900 10.38140
C 84.14780 116.55100 10.53700
C 80.96240 117.08700 10.44160
C 82.15520 114.26400 10.35350
C 79.78880 120.02100 10.40630
C 86.50930 118.97800 10.51100
C 89.64340 118.24200 10.51150
C 90.78490 115.41200 10.22580
C 87.46990 115.94800 10.42810
C 69.66530 122.02300 10.11750
C 65.21930 125.46300 9.99181
C 68.64030 124.95700 10.14670
C 66.26940 122.55000 9.93947
C 71.89300 124.25000 10.24250
C 74.09070 126.64400 10.37170
C 76.49680 120.62700 10.40250
C 73.12910 121.25500 10.37800
C 75.35780 123.72900 10.37810
C 77.47970 125.97900 10.44080
C 78.65220 123.10800 10.33750
C 84.34630 124.72900 10.59080
C 80.93490 125.28600 10.49610
C 82.01990 122.46100 10.44910
C 85.46270 121.92600 10.55480
C 87.68680 124.28100 10.72680
C 90.94120 123.71400 10.66620
C 88.83990 121.27800 10.58670
C 92.03450 120.61800 10.37690
C 89.94730 126.54300 10.89230
C 69.65940 130.21800 10.34680
C 70.73700 127.26900 10.32620
C 66.26130 130.80600 10.26220
C 67.45950 127.92000 10.20550
C 68.36550 133.20400 10.29540
C 72.92630 129.57100 10.43400
C 75.22960 132.02800 10.51940
C 76.34490 128.97500 10.47730
C 71.88620 132.55000 10.40420
C 85.54460 130.08100 10.87790
C 79.77480 128.26600 10.58860
C 84.30010 133.04800 10.80910
C 83.11470 127.62400 10.66360
C 78.62320 131.11000 10.68090
C 82.09200 130.67900 10.66360
C 87.53530 132.32100 10.98880
C 88.84450 129.49700 10.98520
C 86.55080 127.13100 10.83550
C 90.81430 131.66900 10.97150
C 92.07650 128.84700 10.91840
C 67.39140 102.93700 13.06770
C 66.14500 105.91700 13.03990
C 70.81590 102.29900 13.02160
C 69.61600 105.23000 13.10590
C 65.22940 100.49600 12.76280
C 74.20080 101.77900 12.93850
C 73.01600 104.71700 13.13310
C 77.52940 101.19500 12.90790
C 76.39530 104.25300 13.00590
C 78.69050 106.49400 13.03430
C 79.60960 103.56300 13.01430
C 83.09920 102.97000 13.12470
C 81.85130 105.80400 13.04430
C 85.43770 105.16700 13.13710
C 80.84150 100.61600 12.93190
C 86.59980 102.26400 13.05840
C 88.79710 104.59000 13.21320
C 89.92020 101.63800 13.14580
C 92.12780 104.15700 13.21630
C 68.29710 108.24700 13.27480
C 67.24360 111.28800 13.16230
C 70.73690 110.65000 13.30100
C 65.06950 108.81600 12.99890
C 69.52040 113.65600 13.30460
C 71.88790 107.70600 13.24150
C 75.27820 107.16900 13.15440
C 74.05560 109.95800 13.32990
C 77.51090 109.35900 13.13040
C 72.86960 112.97300 13.46520
C 76.37190 112.39100 13.40270
C 84.07250 108.03100 13.20180
C 80.81160 108.77100 13.15150
C 82.88280 111.08600 13.30940
C 79.77120 111.71000 13.36810
C 85.15410 113.36000 13.50980
H 84.54980 110.01700 11.78480
H 83.43010 112.96400 11.74440
H 81.20920 110.63200 11.61560
C 91.09410 107.11100 13.33950
C 87.70230 107.49700 13.37110
C 86.41130 110.42600 13.41110
C 89.88300 110.03700 13.33910
C 88.67380 112.89300 13.49100
C 91.96070 112.32100 13.30670
H 91.43680 108.96600 11.72620
H 87.99270 109.42800 11.80830
H 86.82890 112.38200 11.93980
H 90.09420 111.87300 11.75170
C 68.46670 116.70800 13.36310
C 66.28820 114.21100 13.23950
C 67.36910 119.73100 13.36370
C 70.68270 118.98900 13.46880
C 65.05240 117.10400 13.27830
H 68.87320 118.45200 11.89870
C 71.80610 116.08400 13.57780
C 75.21680 115.39300 13.60140
C 73.97440 118.43400 13.63730
C 77.52300 117.62600 13.65300
H 74.64030 120.23200 12.07580
H 77.94870 119.45200 12.08630
H 75.58410 117.27300 12.11330
H 76.76130 114.33000 11.89600
H 72.27760 117.88400 11.87950
H 73.30450 114.93200 11.99700
C 78.67260 114.58000 13.50350
C 82.05970 114.18000 13.51650
C 84.25310 116.60100 13.73850
C 80.77800 117.19900 13.69390
C 83.10780 119.52400 13.66450
C 79.80130 120.08700 13.61300
H 82.37410 115.97100 12.20120
H 81.34850 118.97200 12.01850
H 84.66780 118.43700 12.07210
H 80.22960 113.59700 11.82590
H 79.09150 116.55800 11.98230
C 87.61380 115.72400 13.66310
C 90.95350 115.17300 13.44180
C 86.50560 118.80500 13.71920
C 89.74060 118.13400 13.73300
H 87.89400 117.69700 12.18260
H 89.04330 114.76400 11.88210
H 91.29760 117.06900 11.99570
H 90.31720 119.97600 12.09830
H 85.70840 115.34100 12.09600
C 66.17570 122.48200 13.20290
C 69.45170 121.95200 13.36990
C 68.39250 124.86600 13.38580
C 65.11670 125.39300 13.23130
H 68.84960 126.76000 11.84030
H 70.06530 123.81900 11.85210
H 66.74320 124.33600 11.59470
H 71.09620 120.83400 11.78340
H 67.78160 121.43100 11.60250
C 71.81220 124.20500 13.57690
C 76.48750 120.71500 13.66140
C 72.90110 121.30400 13.48590
C 75.28740 123.58700 13.53130
C 73.96850 126.64700 13.61960
C 77.45640 125.98100 13.70220
H 72.23790 126.09100 11.94380
H 75.59650 125.53200 12.06320
H 73.39650 123.15400 11.90930
H 76.86970 122.51200 11.95750
C 78.64140 123.03000 13.62360
C 81.92660 122.28200 13.61470
C 85.30700 121.68400 13.72790
C 84.21860 124.64300 13.83460
C 80.84530 125.22200 13.70110
H 82.48020 124.20300 12.12420
H 84.66280 126.54000 12.29710
H 83.54080 121.35900 12.00690
H 80.12580 121.90600 11.95480
H 79.00490 124.87100 12.06460
H 85.81800 123.64800 12.27420
C 91.07510 123.48700 13.91670
C 87.57550 124.00600 13.95250
C 88.82080 121.07400 13.83000
C 89.95160 126.34900 14.08610
C 92.20310 120.47000 13.70770
H 88.02960 125.99000 12.47310
H 91.52840 125.42600 12.38890
H 89.18650 123.04900 12.34490
H 86.96930 120.72900 12.18570
C 68.51750 133.25300 13.51430
C 69.53580 130.30700 13.56480
C 67.25820 127.75400 13.47730
C 70.67370 127.25400 13.50910
C 66.19990 130.67500 13.54810
H 69.93720 132.10900 11.88870
H 71.07510 129.06000 12.03310
H 65.57900 127.25700 11.73330
H 66.64390 132.57200 11.96910
H 67.77310 129.66800 11.92170
H 74.46760 128.45300 11.98120
H 77.82380 127.82200 12.10610
C 75.08300 131.97200 13.72760
C 76.20930 128.91700 13.69150
C 72.94800 129.51900 13.63130
C 71.74490 132.48600 13.57200
H 76.65950 130.80700 12.18450
H 73.34910 131.38000 12.07100
C 78.59450 131.16500 13.78290
H 83.56040 129.46300 12.27740
C 85.24730 129.98200 14.05580
C 83.09430 127.63500 13.88850
C 79.67950 128.20000 13.72530
C 84.03770 133.08300 14.14850
H 82.41840 132.49400 12.36740
H 80.30520 130.10200 12.22220
H 81.30770 127.11600 12.17610
C 82.07270 130.52400 13.90380
H 79.04490 133.04100 12.25060
C 92.18110 128.84600 14.11300
H 85.64970 131.91400 12.59610
C 87.47280 132.42900 14.21860
H 89.07670 131.30000 12.70730
C 91.03370 131.79100 14.17870
H 90.27050 128.36800 12.59820
C 86.43610 126.99100 14.02700
H 86.93200 128.93700 12.50450
C 88.70300 129.43400 14.23550
C 95.35550 4.36218 11.02620
C 94.26130 7.28465 11.13790
C 98.85010 3.79569 11.06850
C 97.76590 6.71805 11.04950
C 93.19670 2.16263 10.87830
C 96.62600 1.62552 10.94210
C 102.16000 3.36578 10.93210
C 100.99700 6.27369 10.99770
C 104.42600 5.59868 10.86430
C 105.56500 2.55441 10.87320
C 107.80400 4.87428 10.79590
C 110.15800 7.14792 10.84630
C 108.94400 2.04834 10.83090
C 111.34900 4.30271 10.72850
C 112.42600 133.42200 10.54900
C 113.62400 6.72602 10.64900
C 117.06200 5.94217 10.77080
C 114.73500 3.78770 10.61440
C 118.16900 3.14922 10.79070
C 93.19700 10.34810 11.15530
C 96.63260 9.66606 11.04840
C 95.40430 12.67720 11.27480
C 98.71670 12.14300 11.09430
C 99.97680 9.27312 11.07770
C 103.26800 8.52581 10.97700
C 102.19900 11.51190 11.10160
C 104.50000 13.79920 11.04130
C 105.51400 10.77010 10.92550
C 106.66300 8.00288 10.96290
C 112.38100 9.59031 10.79510
C 108.93800 10.22950 10.83230
C 107.73100 13.09940 10.88420
C 111.16200 12.45580 10.82900
C 115.82400 8.90715 10.77500
C 119.06600 8.39337 10.51940
C 114.75200 11.93660 10.68590
C 118.02400 11.40630 10.57830
C 94.38210 15.60460 11.21650
C 97.49610 14.95750 11.27970
C 96.48540 17.89970 11.06840
C 98.77900 20.34150 10.89630
C 93.39410 18.68390 11.13930
C 95.61730 20.97590 10.94350
C 101.10900 14.47780 11.09710
C 99.87570 17.31160 11.06820
C 103.28600 16.65840 11.15410
C 102.24500 19.56820 11.09910
C 105.54900 18.90600 11.08520
C 106.61800 16.07400 11.05090
C 109.99100 15.40070 10.88090
C 108.83300 18.40980 10.90630
C 112.29600 17.70710 10.92320
C 111.18300 20.70230 10.86480
C 117.02500 14.34130 10.67160
C 113.47900 14.81950 10.90750
C 114.42900 19.98630 10.80320
C 115.64300 17.22070 10.80190
C 118.88200 16.58280 10.54860
C 117.83300 19.54020 10.55180
C 93.19860 26.80470 10.83620
C 97.89130 23.35600 10.87580
C 94.46940 23.88490 10.79920
C 96.68260 26.22550 10.81220
C 100.09900 25.63850 10.93080
C 101.17800 22.63980 10.90560
C 104.46700 21.94600 10.94340
C 103.30900 24.95010 10.88490
C 105.58600 27.36360 10.80430
C 106.58000 24.41880 10.79990
C 107.71600 21.39330 10.83730
C 112.25400 26.05380 10.71700
C 109.99500 23.56350 10.78340
C 108.87800 26.58400 10.78070
C 113.40700 23.13230 10.66500
C 115.53600 25.38370 10.64000
C 118.87800 24.66740 10.45310
C 116.75900 22.40660 10.61450
C 98.89880 28.51460 10.86340
C 95.44200 29.20990 10.86080
C 94.35600 32.17220 10.75120
C 97.77300 31.52900 10.87560
C 104.53300 30.20010 10.69880
C 101.21900 30.84450 10.74930
C 103.31800 33.30610 10.70700
C 102.21600 27.94060 10.82640
C 99.91830 33.88890 10.78220
C 106.83400 32.57330 10.62500
C 110.12800 31.90820 10.54600
C 111.10900 28.90250 10.70270
C 107.87100 29.51300 10.75370
C 113.43700 31.14620 10.63570
C 119.01000 32.96870 10.68750
C 116.84700 30.70010 10.65260
C 117.72700 27.72040 10.53900
C 114.43400 28.31180 10.62340
C 115.71800 33.57180 10.61430
C 95.37760 4.33634 14.24340
C 94.32620 7.39859 14.18980
C 98.86330 3.70785 14.25900
C 97.69610 6.76105 14.30640
C 93.20190 2.09172 14.11400
C 96.62010 1.38991 14.14910
H 93.50280 3.99395 12.57190
H 95.91780 6.19560 12.68480
H 99.29040 5.60380 12.70800
H 96.99070 3.32256 12.67560
H 92.34480 6.99044 12.66440
C 102.26100 3.30523 14.17710
C 101.10300 6.22395 14.27650
C 104.46700 5.55352 14.12770
C 105.55200 2.60887 14.09940
H 104.83500 7.37773 12.55670
H 103.70700 2.11968 12.47120
H 102.57500 5.14413 12.57730
H 105.97800 4.46881 12.42520
H 100.43800 2.66564 12.61330
C 112.49900 133.35000 13.84760
C 109.21000 2.01485 13.89660
C 107.86500 4.84813 14.04050
C 111.43900 4.26186 13.87870
C 110.14300 7.17456 13.93560
H 108.27300 6.74106 12.40180
H 109.50200 3.90590 12.31670
H 111.82300 6.15580 12.32440
H 112.95600 3.18787 12.26260
H 107.15900 1.52045 12.58600
C 113.62200 6.60324 13.97490
C 114.77800 3.73287 13.90010
C 117.98600 3.08341 14.05380
C 117.00100 5.97291 13.89230
H 119.39700 2.07022 12.89810
H 118.58100 4.92785 12.39940
H 116.23200 2.57948 12.25080
H 115.12800 5.56383 12.29960
C 93.15200 10.16570 14.29170
C 96.64620 9.66953 14.31690
C 95.42810 12.50160 14.45370
C 98.76960 12.16940 14.35420
H 99.26470 13.94400 12.70700
H 96.98720 11.51270 12.76390
H 93.57630 12.09050 12.85650
H 94.83860 9.18111 12.64280
H 98.19610 8.58093 12.66210
C 99.95750 9.16202 14.31850
C 103.37300 8.41005 14.28490
C 102.19000 11.44660 14.22620
C 104.57300 13.68890 14.25080
C 105.60900 10.75230 14.21220
H 102.73000 13.32730 12.64420
H 103.73100 10.28230 12.65780
H 101.50500 8.07585 12.66540
H 100.27900 11.03520 12.70010
H 106.01000 12.56320 12.56970
C 106.76600 7.81711 14.09060
C 112.39200 9.66334 13.96990
C 109.07100 10.18450 14.09170
C 107.91100 13.07920 14.16070
C 111.28900 12.38360 14.01440
H 109.35300 12.04790 12.46240
H 107.15400 9.73922 12.55200
H 110.54400 9.12724 12.39200
H 112.86800 11.43180 12.32680
C 119.34200 8.11102 13.83230
C 115.86800 8.92991 13.90260
C 114.77100 11.82880 13.92130
C 118.32800 11.16570 13.69210
H 119.41400 10.21630 12.35830
H 115.21500 13.71040 12.30640
H 116.28300 10.76350 12.29780
H 118.57300 13.20730 12.16200
H 113.97000 8.45946 12.36000
H 117.40400 7.83304 12.33080
H 95.72140 14.46370 12.97950
C 93.23260 18.79190 14.25400
C 94.25220 15.75250 14.53380
C 97.72190 15.01460 14.34270
C 96.58960 18.07000 14.35860
C 98.82320 20.38760 14.21910
H 93.70530 20.49290 12.47620
H 98.05250 16.87800 12.68600
H 94.81200 17.47910 12.84430
H 97.03750 19.77480 12.59200
C 95.51130 21.00190 14.08080
H 92.58670 15.18080 12.76460
C 101.16300 14.45290 14.29400
C 99.84060 17.47500 14.31030
C 103.34100 16.66930 14.38310
C 102.11100 19.69680 14.21200
C 105.73100 19.03000 14.26310
H 103.78800 18.52150 12.76470
H 104.85600 15.60950 12.74170
H 101.40700 16.28790 12.76340
H 100.24900 19.23270 12.57280
H 106.03500 20.88380 12.59190
H 111.61300 14.29230 12.47790
C 106.76500 16.06730 14.25990
C 110.12800 15.34740 14.13290
C 109.02200 18.43130 14.14190
C 112.33400 17.73070 14.14800
H 107.11700 17.87600 12.64090
H 109.27500 20.23150 12.44200
H 110.43800 17.24040 12.50240
H 112.66600 19.59770 12.53760
H 108.18800 14.93400 12.53750
C 111.14400 20.75510 14.01600
C 117.10600 14.20100 13.88980
C 113.62600 14.79860 13.95970
C 119.20300 16.46040 13.88120
C 115.77800 17.27770 14.03290
C 114.65800 20.10910 13.93570
C 118.22000 19.39680 13.66350
H 119.35400 18.40650 12.24840
H 113.91400 16.68440 12.54110
H 116.15400 19.04350 12.31790
H 117.23600 16.13200 12.39850
C 93.23080 26.84150 14.05870
C 97.81400 23.35890 14.09130
C 94.38220 23.94800 14.08510
C 96.54360 26.28730 14.04950
H 99.28130 22.15280 12.53660
H 98.20720 25.18880 12.46930
H 96.02470 22.83750 12.49080
H 94.81800 25.72900 12.41120
H 92.56210 23.45340 12.39610
C 99.98800 25.70020 14.14080
C 101.03000 22.66000 14.23030
C 104.50200 22.01780 14.16820
C 103.38000 25.09030 14.07770
H 102.60700 21.51680 12.60420
H 104.84500 23.83110 12.49800
H 100.44500 27.46340 12.55490
H 101.51800 24.45920 12.57790
C 105.51100 27.42470 14.04170
H 103.71600 26.86480 12.41100
C 106.71200 24.37820 14.10270
C 107.92000 21.41540 14.10780
C 108.96200 26.62250 13.99580
C 110.04700 23.64720 13.95880
C 112.28700 26.07900 13.89920
H 111.66600 22.55320 12.37550
H 107.03000 26.18950 12.42090
H 108.13300 23.24830 12.41280
H 110.47200 25.42530 12.31820
C 113.54700 23.05150 13.95360
H 116.02500 27.16380 12.18350
H 117.14900 24.23490 12.22820
H 114.95500 21.93180 12.25270
H 119.26400 26.51810 12.28980
C 115.67000 25.32350 13.84040
C 119.09400 24.41780 13.72860
C 116.90300 22.29480 13.71570
H 113.77100 24.90050 12.33710
H 118.39300 21.34330 12.07420
C 94.33930 32.09980 13.98010
C 95.49380 29.15890 14.03450
C 97.80330 31.46470 14.01700
C 98.85050 28.62310 14.07700
H 99.36770 30.41410 12.39500
H 98.20730 33.34360 12.49910
H 94.74920 33.95830 12.32530
H 93.58880 28.63080 12.40430
H 97.04560 28.08500 12.42180
H 95.87580 31.05570 12.46980
H 92.53410 31.57290 12.33840
C 103.39200 33.18780 13.84100
C 104.53500 30.41000 13.98090
C 101.22200 30.94270 13.97120
C 100.13800 33.78730 14.00290
C 102.31200 28.00090 14.11420
H 104.93400 32.09680 12.20990
H 102.72700 29.75900 12.41460
H 101.52300 32.68550 12.28620
H 106.05100 29.22990 12.41860
C 106.75900 32.51990 13.76050
H 108.39200 31.39110 12.19690
C 111.24400 29.00400 13.93400
C 107.95400 29.73040 13.96930
H 112.66400 27.89020 12.30310
C 110.16600 31.98800 13.84500
H 110.64800 33.75720 12.17550
H 109.39200 28.38890 12.41430
H 111.56700 30.77700 12.23930
H 113.85500 33.05810 12.21940
H 115.02100 30.10370 12.23630
C 114.51300 28.28160 13.84990
H 118.28900 29.44220 12.21140
C 119.09000 32.44360 13.94780
H 117.19100 32.43700 12.31360
C 113.46200 31.21380 13.81670
C 115.66000 33.60760 13.87420
C 118.00600 27.50920 13.78020
C 116.87600 30.55970 13.90890
C 93.30540 35.27640 10.78730
C 95.65020 37.42410 10.90840
C 94.53140 40.37620 10.88360
C 98.80720 36.75310 10.89320
C 97.86540 39.77030 10.86180
C 96.66830 34.49690 10.89480
C 102.15000 36.29380 10.85590
C 101.25600 39.07170 10.84840
C 104.44900 38.53910 10.90140
C 105.56200 35.59580 10.64930
C 109.05600 34.74750 10.55320
C 107.80000 37.82540 10.66420
C 111.25500 37.27040 10.46550
C 110.08900 40.08570 10.56770
C 112.45900 34.14930 10.49430
C 113.58400 39.51490 10.54230
C 114.72400 36.52320 10.49360
C 118.15200 35.93680 10.67020
C 116.93900 38.91950 10.51850
C 93.37990 43.21470 10.82290
C 96.72440 42.80670 10.83600
C 98.93710 45.03920 10.54760
C 95.41440 45.78690 10.61480
C 99.96420 42.06230 10.69300
C 103.43100 41.49010 10.79380
C 102.34000 44.29080 10.62870
C 105.55600 43.75490 10.69180
C 104.60500 46.59130 10.50840
C 101.36700 47.30300 10.42430
C 106.62700 40.79040 10.69270
C 112.45800 42.35890 10.55320
C 108.99700 43.06960 10.57400
C 107.86700 45.97970 10.47060
C 111.35600 45.35460 10.55010
C 115.87400 41.94650 10.62080
C 119.13800 41.27540 10.54200
C 114.70400 44.72800 10.61440
C 118.01900 44.24320 10.55000
C 93.22710 51.62300 10.50690
C 94.38500 48.58050 10.53960
C 97.78910 48.07650 10.45430
C 96.55540 50.94610 10.45770
C 98.70330 53.10030 10.30920
C 95.39870 53.91740 10.43480
C 100.02400 50.20240 10.38060
C 103.50400 49.58670 10.27990
C 102.38900 52.61270 10.17400
C 105.76700 52.02340 10.21010
C 106.85900 49.06370 10.29200
C 110.29500 48.31050 10.38540
C 109.10000 51.20160 10.15550
C 112.47000 50.66060 10.33620
C 111.47400 53.68780 10.18990
C 116.98000 47.10300 10.62920
C 113.56400 47.60990 10.48730
C 115.96300 50.00100 10.42000
C 119.07200 49.52910 10.60860
C 114.70500 53.01370 10.23030
C 118.01000 52.39530 10.34800
C 93.34060 59.80730 10.18740
C 94.54620 56.87640 10.34080
C 97.64370 56.21150 10.20670
C 96.71320 59.22660 10.15390
C 99.97610 58.42320 10.05220
C 101.19700 55.48760 10.16510
C 104.62100 55.03020 10.05620
C 103.28600 57.84290 10.05360
C 105.50200 60.26130 9.87646
C 106.62600 57.24910 9.94028
C 108.00600 54.40290 9.95622
C 110.30000 56.58890 9.96397
C 112.47800 59.05980 9.95082
C 108.92900 59.49320 9.83205
C 113.59700 56.02250 10.16260
C 115.76900 58.32630 9.98051
C 119.10600 57.29630 9.79093
C 116.93700 55.19540 10.07230
H 119.35000 59.50330 11.12590
C 98.89520 61.56300 9.92599
C 95.55590 62.05930 10.02950
C 97.72660 64.55540 9.88380
C 94.27600 65.09040 10.18600
C 103.55700 66.10040 9.61351
C 104.56600 63.23170 9.73098
C 101.09600 63.87350 9.68356
C 102.14500 60.79500 9.88825
C 100.05800 66.93310 9.84318
C 110.22500 64.73530 9.71820
C 107.82400 62.45940 9.75039
C 111.47900 61.85310 9.82011
C 106.80100 65.56750 9.66926
H 110.63500 66.68940 11.19430
C 115.64000 66.56570 9.77194
C 113.60200 64.23620 9.92043
C 116.91900 63.58160 9.77214
C 114.74900 61.24170 9.99519
H 117.26100 65.48540 11.35690
C 117.99300 60.50310 9.83197
C 118.98500 66.04370 9.65408
H 113.81100 66.15020 11.38450
C 95.58870 37.51560 14.20980
C 94.50230 40.50650 14.11600
C 98.94120 36.80170 14.12290
C 97.90370 39.72860 14.15130
C 93.37400 35.09410 14.02580
C 96.54580 34.39130 14.01680
H 97.05480 36.29430 12.61490
H 99.37760 38.57190 12.45350
H 93.82920 36.99810 12.51140
H 96.07110 39.29060 12.50220
H 92.68690 39.98000 12.49750
C 102.30500 36.13910 14.08420
C 101.14100 39.24910 14.07310
C 104.65000 38.41780 14.11650
C 105.71000 35.31010 13.87450
H 103.79100 35.08570 12.31750
H 102.71300 38.03300 12.56550
H 100.47900 35.67870 12.42370
H 106.03900 37.30350 12.37640
H 104.95300 40.32320 12.49460
C 109.03300 34.88450 13.74860
C 108.04000 37.82770 13.79690
C 111.36400 37.18150 13.71030
C 110.17100 40.09540 13.78350
H 112.80200 36.08200 11.98690
C 112.42900 34.36220 13.77820
H 107.18500 34.34190 12.12780
H 111.71000 39.04150 12.15180
H 109.51300 36.67150 12.08010
H 108.28000 39.66280 12.19430
C 113.57900 39.42670 13.78400
C 114.57700 36.47520 13.70780
C 118.06800 35.80390 13.85470
C 116.99200 38.79230 13.74290
H 119.50300 34.69190 12.64370
H 116.16000 35.38660 12.18170
H 118.48100 37.71550 12.04060
H 115.07800 38.36670 12.14270
C 96.83240 42.92720 13.97870
C 98.90050 45.25400 13.64390
C 95.51880 45.78030 13.82860
C 93.28310 43.37250 14.05190
H 98.32910 41.63640 12.52640
H 99.39360 46.96500 11.93060
H 97.03700 44.62620 12.14590
H 94.90720 42.24250 12.52480
H 93.69490 45.15180 12.29910
C 100.19100 42.28360 14.02150
C 103.42000 41.41440 14.00740
C 102.27900 44.58900 13.91050
C 105.76000 43.83710 13.92470
C 104.59300 46.87420 13.73960
H 101.55400 40.97730 12.34300
H 100.55400 43.99360 12.19950
H 103.83300 43.29530 12.43130
H 106.12400 45.61050 12.21990
H 102.78700 46.28800 12.18310
C 106.92400 40.81940 13.91380
C 112.49700 42.40300 13.80580
C 109.16100 43.11070 13.81580
C 108.06100 46.19480 13.74350
C 111.35300 45.44300 13.80670
H 107.20400 42.63580 12.24770
H 110.58700 41.95280 12.18580
H 109.49700 44.95690 12.15610
H 112.87100 44.22220 12.18890
H 117.33900 40.70110 12.19720
C 119.32900 40.96600 13.72440
C 115.90200 41.82980 13.79580
C 114.66900 44.81360 13.82060
C 118.36700 43.99120 13.61560
H 119.40300 43.07350 12.33060
H 115.11700 46.61270 12.25130
H 114.03700 41.31930 12.16950
H 116.27500 43.70120 12.25160
H 118.53200 46.05070 12.11730
H 96.01120 47.60540 12.16720
C 94.38940 48.64860 13.73370
C 97.93130 48.05790 13.67400
C 96.65780 51.01430 13.67180
C 98.93280 53.31900 13.39160
C 93.27120 51.61850 13.75460
H 93.67200 53.43260 12.12300
H 94.76000 50.51230 12.11870
H 96.92740 52.80660 12.01000
H 98.19180 49.91140 12.07070
C 95.52540 53.94630 13.66290
H 92.52700 48.04930 12.15980
C 101.19400 47.55690 13.64800
C 100.13100 50.43860 13.49850
C 103.59300 49.76250 13.54260
C 102.33200 52.64420 13.41470
C 105.74500 52.19490 13.36700
H 100.50700 52.16870 11.78300
H 103.94900 51.50580 11.84610
H 101.71700 49.24820 11.95980
H 105.07100 48.56290 11.94670
H 106.17700 53.96340 11.66040
H 111.69600 47.28640 12.13800
C 106.91600 49.12710 13.56320
C 110.13500 48.53170 13.63760
C 109.07700 51.57260 13.47480
C 112.51800 50.74830 13.46630
H 109.49200 53.21300 11.61890
H 107.28900 50.91340 11.84480
H 108.36800 47.90970 11.93830
H 110.58000 50.26650 11.94510
H 112.92600 52.57440 11.86870
C 111.26600 53.76430 13.34710
C 117.01800 47.04430 13.82030
C 113.57700 47.91750 13.68660
C 119.15800 49.33350 13.91890
C 115.72500 50.20160 13.61830
C 114.68800 53.19510 13.51300
C 118.11100 52.39320 13.32170
H 119.30000 51.39220 12.37280
H 117.30200 48.95620 12.27350
H 114.03600 49.57440 11.89080
H 116.09200 51.93550 11.90630
C 94.42540 56.98190 13.50300
C 97.89110 56.28650 13.45830
C 96.85440 59.43920 13.37600
C 93.34100 59.88340 13.41470
H 95.97680 55.73000 11.98630
H 99.30150 55.07730 11.71990
H 98.22840 58.08730 11.76660
H 94.96520 58.76170 11.85950
H 92.62570 56.33370 11.91080
C 101.20400 55.55460 13.30480
C 104.64100 55.01010 13.33860
C 100.17500 58.53440 13.31870
C 103.34600 58.00590 13.26360
H 102.83600 54.43220 11.73450
H 104.86200 56.85340 11.69640
C 105.57200 60.33320 13.16240
H 101.52100 57.38570 11.73030
H 103.70000 59.78500 11.57380
H 100.36700 60.36260 11.60380
C 110.07500 56.84430 13.20880
C 112.39300 58.99300 13.16350
C 109.00100 59.74310 12.94210
C 108.04900 54.44050 13.21310
C 106.86000 57.34310 13.15230
H 108.34300 56.25970 11.47710
H 111.71700 55.56430 11.79620
H 110.60600 58.50330 11.41910
H 107.07700 59.15840 11.46650
C 113.62700 56.12940 13.31980
C 117.01300 55.45430 13.32460
C 119.00000 57.81700 13.17860
C 115.82200 58.41190 13.14810
H 117.26300 57.16330 11.48810
H 118.47600 54.31180 11.75360
H 113.92200 57.86230 11.60950
H 115.16100 54.89650 11.78480
H 116.22300 60.15310 11.60420
C 97.82400 64.65220 13.07200
C 99.02750 61.76330 13.16600
C 94.56940 65.05350 13.30570
C 95.52730 62.26320 13.26830
H 97.12230 61.14330 11.66260
H 93.70550 61.68510 11.68700
H 92.52880 64.66900 11.95320
H 95.95920 64.00130 11.52430
H 99.36250 63.48040 11.41130
H 94.84530 66.95950 11.75880
H 98.18510 66.40260 11.45400
C 104.41800 63.26680 12.99970
C 102.24100 61.06230 13.11640
C 103.47100 66.23690 12.92650
C 101.26800 64.02770 12.95150
C 100.22300 66.98820 12.88460
H 101.72800 65.78570 11.21150
H 105.99700 62.11760 11.47840
H 105.00000 65.07050 11.37960
H 102.69600 62.74990 11.26940
C 106.89000 65.69620 12.82330
C 110.04900 64.96350 12.89810
C 108.01400 62.54590 12.89120
C 111.21600 61.91010 13.06990
H 108.32800 64.40200 11.25630
H 109.53700 61.45250 11.23050
H 112.88900 60.85220 11.62870
H 111.68200 63.73890 11.46160
C 117.04700 63.65490 13.03730
C 115.65400 66.64860 12.83680
C 119.02300 65.84780 13.04880
C 114.75100 61.37290 13.19310
C 113.50700 64.31200 12.97590
C 118.11900 60.90480 13.06000
H 115.14800 63.13900 11.50820
H 118.45300 62.52960 11.31330
C 95.50830 70.35950 9.88819
C 94.39600 73.43960 9.74750
C 98.84680 69.74880 9.96493
C 97.67670 72.79630 9.70843
C 93.29120 68.03880 10.04080
C 96.49880 67.51790 10.01700
H 95.89200 72.26810 11.41260
H 92.54630 72.87940 11.30500
H 99.26810 71.72930 11.35680
C 102.28800 69.17730 9.81750
C 101.17400 72.13660 9.72053
C 104.55600 71.57670 9.51127
C 105.68400 68.45410 9.50692
H 105.10700 73.39450 11.15490
H 102.86500 71.09220 11.26420
H 106.17200 70.37420 11.06490
C 112.49900 67.28000 9.66329
C 109.20300 67.87180 9.57748
C 107.92500 70.77640 9.65898
C 111.29400 70.25310 9.60017
C 110.25300 73.11460 9.50776
H 111.74400 72.08060 11.22970
H 112.79000 69.13090 11.27030
H 109.52800 69.65190 11.25040
H 108.43000 72.70680 11.20480
C 113.57000 72.49100 9.52505
C 114.53900 69.59790 9.61408
C 117.95900 68.93150 9.54392
C 116.90200 71.81820 9.44155
H 116.11500 68.45320 11.15930
H 115.13200 71.44560 11.17820
H 118.51500 70.83610 11.01390
C 93.31270 76.48950 9.55025
C 96.60980 75.73510 9.52945
C 95.50130 78.79540 9.53122
C 98.88490 77.92890 9.51268
H 93.77820 78.24580 11.21870
H 96.99660 77.60480 11.14140
H 99.29470 79.82290 10.98950
H 94.74750 75.21920 11.09260
H 98.17180 74.68060 11.17240
C 100.08600 74.95710 9.56951
C 103.44000 74.50520 9.62055
C 102.32500 77.37020 9.51613
C 105.68000 76.75280 9.65192
C 104.52500 79.73540 9.61657
H 100.47800 76.85540 11.07650
H 102.62700 79.24080 11.15240
H 103.80800 76.30340 11.25960
H 106.07700 78.62440 11.27490
H 101.66000 73.97800 11.28610
C 106.94800 73.86290 9.53349
C 112.47900 75.49120 9.41998
C 109.19300 76.21190 9.47386
C 107.83700 79.09710 9.60612
C 111.39600 78.40210 9.41985
H 109.54000 78.06030 11.09330
H 112.96100 77.39790 11.01140
H 110.64000 75.04040 11.07170
H 107.39200 75.67150 11.11300
C 115.84500 74.87030 9.39889
C 119.09900 74.28900 9.40624
C 114.73100 77.89630 9.32384
C 118.09200 77.25950 9.31063
H 115.34600 79.72670 10.84320
H 117.32900 73.71460 11.06130
H 114.04200 74.42240 11.08070
H 116.26900 76.74130 10.94770
H 118.54100 79.09400 10.84090
H 95.90290 80.57150 11.28280
C 93.25800 84.61490 9.43526
C 94.34440 81.58500 9.63055
C 97.65310 80.92160 9.50919
C 98.85520 86.33770 9.48700
C 96.62250 83.95480 9.50840
H 96.99280 85.79800 11.12510
H 93.74350 86.45900 11.03200
H 92.51500 81.15840 11.27620
H 98.13250 82.81360 11.12760
H 94.72310 83.51170 11.13220
C 95.59850 86.93860 9.45598
C 101.13600 80.36760 9.41218
C 99.96580 83.31690 9.48301
C 105.60900 85.00500 9.51581
C 103.36600 82.68430 9.54614
C 102.18300 85.78050 9.45258
H 103.69600 84.52100 11.06340
H 105.94500 86.81510 11.20870
H 104.90100 81.52340 11.22470
H 101.45000 82.19100 11.12030
H 100.39700 85.20690 11.04700
C 106.69500 82.08060 9.58413
C 110.07500 81.40000 9.47773
C 108.87800 84.33730 9.51618
C 112.37200 83.77320 9.36176
H 111.70700 80.30440 11.03870
H 107.02200 83.92460 11.21770
H 110.52500 83.28490 11.05180
C 111.23400 86.75000 9.37282
H 112.84200 85.68090 10.99870
H 108.27400 81.02330 11.15010
H 109.37100 86.26820 11.00150
C 113.56200 80.74700 9.40701
C 117.18200 80.39370 9.23121
C 114.71300 86.19760 9.40346
C 115.94200 83.29220 9.48568
C 119.55000 83.06860 9.71502
C 118.18200 85.65170 9.66455
H 113.86600 82.72600 10.89360
H 117.59400 82.06450 10.92740
H 92.59750 89.43520 10.98940
C 94.47850 90.04830 9.43361
C 93.35700 93.03560 9.64254
C 97.80620 89.38990 9.49501
C 96.86790 92.41560 9.64371
H 99.25260 88.19260 11.10450
H 98.22230 91.10560 11.26260
H 94.94080 91.79450 11.12310
H 95.90250 88.81690 11.09480
C 103.35700 90.93050 9.64509
C 101.17600 88.71660 9.54706
C 100.06100 91.64550 9.60846
C 104.49700 88.01110 9.59873
C 105.57800 93.30820 9.60477
H 102.59300 87.54040 11.16820
H 101.49600 90.52880 11.20840
H 103.82100 92.76250 11.22360
H 104.91700 89.87080 11.25350
H 100.47700 93.42710 11.30260
C 107.79000 87.33260 9.50076
C 109.05700 92.68450 9.63103
C 110.00000 89.81220 9.62878
C 106.62600 90.34570 9.51402
C 112.09900 92.16160 9.52986
H 111.53800 88.60460 11.01490
H 108.11800 89.14540 11.12250
H 107.15900 92.16240 11.14780
C 116.83100 88.51640 9.39436
C 118.98700 91.04090 9.45474
C 113.40600 89.16800 9.39611
C 115.72500 91.54330 9.41411
H 114.97100 88.05300 11.03610
H 116.01800 93.33090 11.04720
H 117.20900 90.36490 11.02280
H 92.63260 97.72660 11.36360
C 95.54780 95.24840 9.89925
C 94.58120 98.34680 9.90256
C 98.95500 94.65950 9.79627
C 97.80200 97.57810 9.96144
H 99.31840 96.41450 11.52460
H 97.14890 94.12370 11.45340
H 93.63910 94.72260 11.43490
H 98.21150 99.40210 11.62910
H 95.94470 97.06230 11.57530
H 94.84640 100.06800 11.60530
C 103.35900 99.33910 9.80178
C 104.46900 96.29010 9.77050
C 101.14000 96.92820 9.88461
C 99.96490 99.89930 9.91993
C 102.29200 93.97460 9.71901
H 102.67900 95.75930 11.45760
H 104.84800 98.14650 11.37330
H 101.57800 98.73770 11.42060
H 106.02900 95.09290 11.25760
C 111.08000 95.15840 9.51761
C 106.65400 98.66350 9.72919
C 107.80000 95.66750 9.65435
C 109.93600 98.14270 9.59860
H 109.34600 94.49960 11.26720
H 112.71100 94.00670 11.06320
H 108.20800 97.48200 11.29710
H 118.33200 95.69210 10.89990
C 114.54200 94.43860 9.44886
C 116.66600 96.76340 9.42525
C 115.66300 99.77840 9.35126
C 118.98600 99.13330 9.39252
C 117.85600 93.84100 9.40918
C 113.37300 97.48580 9.45227
H 117.12700 98.60090 11.03770
H 114.82600 96.27830 11.08840
H 113.88100 99.33430 11.02660
C 95.51780 70.59910 13.21470
C 94.31960 73.53420 12.85230
C 98.99650 69.90050 13.12020
C 97.74710 72.93990 12.94030
C 93.35190 68.20510 13.33320
C 96.77440 67.59620 13.23610
H 97.01340 69.37330 11.62660
H 93.74300 69.91830 11.57150
C 102.50900 69.21970 12.92540
C 101.22600 72.08970 12.85810
C 104.76400 71.60680 12.77370
C 105.82600 68.54660 12.77860
H 100.50500 68.75140 11.55480
H 103.96800 68.02330 11.23320
C 109.09800 67.77820 12.80580
C 107.94800 70.86700 12.76090
C 111.29000 70.29090 12.90950
C 110.20500 73.25040 12.77920
C 112.29600 67.33670 12.93690
H 107.31100 67.43490 11.12310
C 113.62000 72.67930 12.77740
C 114.67400 69.62560 12.80010
C 118.09000 68.91030 12.66010
C 117.12100 71.83630 12.70550
H 119.28300 67.88520 11.51370
C 96.55470 75.76890 12.70080
C 95.56370 78.77020 12.85200
C 98.90890 77.95890 12.65720
C 93.22680 76.29900 12.66030
C 100.08200 75.08500 12.74120
C 103.52700 74.38270 12.81930
C 102.22100 77.39850 12.78830
C 104.40100 79.63850 12.85100
C 105.78200 76.70070 12.76390
C 106.93400 73.85630 12.78330
C 112.45800 75.61410 12.63990
C 109.17900 76.24960 12.73900
C 108.00800 79.13830 12.79930
C 111.42600 78.50330 12.68790
C 119.17400 74.10770 12.73790
C 115.90300 74.95340 12.64990
C 114.85200 77.97920 12.54900
C 118.20600 77.24050 12.48920
C 117.18900 80.16920 12.54610
H 119.39100 76.13770 11.20790
C 93.30130 84.69680 12.74930
C 94.30500 81.65700 12.83550
C 97.88150 80.94240 12.74770
C 96.58680 83.99480 12.69710
C 98.87550 86.29100 12.70790
C 95.47040 86.94760 12.71040
C 101.04400 80.37670 12.72210
C 99.91620 83.35310 12.72930
C 103.29700 82.69550 12.74820
C 102.24900 85.61230 12.72910
C 105.46600 84.97840 12.79340
C 106.69600 82.04770 12.82940
C 110.18900 81.53440 12.66590
C 108.99100 84.37760 12.63770
C 112.41300 83.82060 12.66740
C 111.31100 86.66790 12.64320
C 113.72200 80.73460 12.49550
C 119.32400 82.12020 12.78420
C 115.85700 83.06820 12.46800
C 114.66300 86.17190 12.65140
C 117.94600 85.64120 12.76800
H 119.30900 84.56250 11.83210
H 116.15800 85.02670 11.05700
C 93.28770 92.88540 12.71970
C 97.66420 89.17180 12.77120
C 94.36930 89.95670 12.69370
C 96.68140 92.18520 12.89400
C 100.01200 91.60300 12.91000
C 101.04300 88.67190 12.79330
C 104.43500 87.99970 12.79440
C 103.31600 90.92470 12.80550
C 105.60400 93.18780 12.82830
C 106.75300 90.36820 12.82070
C 107.85000 87.24570 12.76840
C 110.00100 89.66040 12.77750
C 112.49700 92.13000 12.73550
C 108.85700 92.70220 12.91620
H 110.49600 91.60840 11.38130
C 113.39100 89.14070 12.62020
C 115.64100 91.45500 12.60460
C 118.87100 90.71030 12.90480
H 119.14200 92.75590 11.36690
H 118.36500 87.45090 11.01690
C 116.81700 88.50480 12.64610
H 113.84400 90.99830 10.95970
C 97.78840 97.48880 13.20510
C 99.03620 94.50420 13.06110
C 95.53220 95.08800 13.07500
C 94.33040 98.13030 13.10900
C 101.15200 96.92530 13.09940
C 103.39500 99.15310 13.11330
C 104.62800 96.27100 12.96070
C 102.36400 93.91200 12.93180
C 100.16800 99.82480 13.13650
H 111.58300 96.93790 11.09540
H 110.45600 99.89450 11.26720
C 106.75000 98.60540 13.03120
C 110.08000 98.01030 12.82380
C 107.79000 95.56100 12.87700
C 111.25200 95.09100 12.76320
C 115.68500 99.79780 12.66110
C 114.54400 94.39810 12.70010
C 118.05000 93.79150 12.51910
C 118.97200 98.88260 12.70660
C 116.81100 96.68660 12.55930
C 113.44800 97.53730 12.68640
C 97.69500 105.80400 9.95933
C 94.44280 106.45300 10.05260
C 95.51130 103.45400 10.06790
C 93.36390 101.14400 9.90549
C 98.84790 102.78000 9.97525
C 96.72030 100.50100 10.04540
H 93.63890 102.97800 11.61580
H 92.58510 106.00100 11.64010
H 97.07890 102.36300 11.71030
C 101.09400 105.16900 9.98582
C 104.43800 104.67700 9.96598
C 105.50900 101.64800 9.88547
C 102.22000 102.24900 9.92998
H 103.72600 101.06400 11.55980
H 100.39400 101.68600 11.52110
C 108.79600 101.02000 9.78278
C 107.81100 103.90400 9.81198
C 109.98200 106.39100 9.70575
C 111.09700 103.43400 9.66394
C 112.21300 100.49100 9.57422
C 113.39000 105.72400 9.60835
C 114.39200 102.69700 9.58092
C 116.87800 105.10100 9.44895
C 117.84700 102.26200 9.39138
H 118.38900 103.99600 11.01050
H 116.05700 101.60200 10.99630
H 115.02200 104.60100 11.03280
C 96.66720 108.84200 10.09550
C 93.29820 109.52800 10.21810
C 95.41220 111.74800 10.20900
C 98.82430 111.18000 10.07000
C 100.04100 108.27400 9.93328
C 104.59200 112.98100 10.09960
C 102.30100 110.50900 10.04300
C 103.46100 107.53700 10.05520
C 105.52600 110.03000 10.02780
C 106.65600 106.91800 9.86246
C 108.79000 109.39700 9.82209
C 107.73600 112.35300 9.99743
C 112.21400 108.66400 9.64359
C 111.11500 111.66200 9.78012
C 114.63200 110.94800 9.71952
C 115.61900 108.06400 9.70921
C 117.93400 110.26900 9.83105
C 119.04400 107.55200 9.81856
H 117.14400 106.85000 11.19440
C 93.14060 117.56100 10.39370
C 94.36050 114.70800 10.20670
C 98.98080 119.35500 10.37890
C 96.47880 117.11800 10.31870
C 97.70450 114.11600 10.15560
C 95.42910 119.98800 10.37280
C 101.13700 113.35400 10.12400
C 100.00800 116.42000 10.30840
C 102.19900 118.79700 10.26400
C 103.49000 115.89400 10.15430
C 105.51900 118.24700 10.20170
C 106.69300 115.27500 10.11490
C 108.98700 117.57500 9.98825
C 112.39000 116.93300 9.93440
C 110.00900 114.58500 9.97294
C 111.37400 120.07600 9.95101
C 116.90500 113.24500 9.83071
C 113.51300 114.05100 9.84994
C 114.67700 119.12100 9.90341
C 119.00500 115.75800 9.79428
C 118.03200 118.66700 9.82982
C 115.78300 116.29100 9.91329
C 93.30120 126.00500 10.68000
C 96.60680 125.27500 10.50470
C 94.25360 122.99100 10.53800
C 97.63690 122.30500 10.50200
C 99.98450 124.76500 10.49990
C 103.36200 124.09900 10.39670
C 104.49300 121.13900 10.29500
C 101.03200 121.82600 10.37790
C 105.59000 126.51200 10.33710
C 107.87700 120.67800 10.26240
C 106.76400 123.42300 10.42300
C 108.93100 125.92700 10.40020
C 112.31900 125.17800 10.25030
C 109.92200 122.90800 10.29410
C 116.87300 121.58000 9.84942
C 119.06900 123.71900 9.82617
C 115.76300 124.70200 10.05210
C 113.53100 122.25300 10.05100
H 119.37000 125.67700 11.38200
C 95.43070 128.40900 10.73110
C 94.35420 131.29400 10.94770
C 98.72620 127.70600 10.66540
C 97.82540 130.65800 10.78970
C 100.00500 132.91000 10.93220
C 103.33000 132.34800 10.73410
C 102.16500 127.14800 10.51610
C 104.38300 129.33700 10.56630
C 100.96200 130.08700 10.78990
C 108.02400 128.80300 10.51670
C 111.25000 128.22800 10.35840
C 110.28300 131.08500 10.50230
C 106.79000 131.75800 10.77680
C 119.68900 132.63000 10.75980
C 114.72300 127.60100 10.33550
C 115.98100 132.73200 10.59980
C 117.16800 129.80700 10.25260
C 113.52300 130.53100 10.42000
C 118.17800 126.87100 10.12940
C 95.39780 103.41800 13.23370
C 94.43040 106.37700 13.30800
C 98.96850 102.78000 13.21110
C 97.76890 105.75600 13.25060
C 93.19190 101.14100 13.18600
C 96.69300 100.52400 13.28360
H 95.93020 105.29800 11.67710
H 99.22160 104.65300 11.58890
C 102.23500 102.18900 13.16430
C 101.11000 105.21300 13.15680
C 104.52900 104.56200 13.22980
C 105.58400 101.63100 13.13410
H 105.99900 103.46400 11.50820
H 104.95300 106.38500 11.64050
H 102.67400 104.04300 11.59440
C 108.89100 100.95100 12.94200
C 107.89400 103.96500 13.03160
C 111.20900 103.46100 12.96880
C 110.06100 106.33600 12.89850
C 112.42000 100.38500 12.82200
H 107.02300 100.46800 11.45410
H 109.39300 102.82600 11.37300
H 108.24100 105.75500 11.38490
H 112.64100 102.27100 11.29520
H 111.57400 105.22700 11.27390
C 113.50500 105.57100 12.78600
C 114.65200 102.77500 12.65430
C 118.06000 101.94400 12.49730
C 116.87600 104.85700 12.69110
H 119.15800 100.97500 11.23510
C 96.76970 108.69100 13.23820
C 98.92690 111.00000 13.34920
C 95.67400 111.76200 13.47780
C 93.29070 109.33000 13.39960
H 99.23500 112.93300 11.76280
H 97.06050 110.62100 11.75120
H 94.84980 108.24900 11.71540
H 93.75860 111.24500 12.00360
H 98.25880 107.57900 11.55340
C 100.05200 108.13000 13.19880
C 103.35600 107.39400 13.19720
C 102.27100 110.45200 13.27610
C 105.68500 109.79800 13.19220
C 104.54000 112.87400 13.39200
H 102.76900 112.31400 11.67590
H 105.99200 111.77900 11.71130
H 101.52400 107.01600 11.50350
H 100.44200 110.00500 11.62690
H 103.80900 109.34600 11.68470
C 106.86300 106.92800 13.11740
C 112.25800 108.68200 12.94220
C 108.96200 109.17600 13.03320
C 107.90500 112.16300 13.21670
C 111.28900 111.59100 13.01190
H 110.42600 108.19800 11.27070
H 112.72300 110.48200 11.27650
H 109.34800 111.13000 11.48680
H 107.11400 108.71800 11.42940
C 118.98400 107.06200 12.93950
C 115.62000 107.88600 12.85390
C 114.53200 110.91300 12.97960
C 118.08700 110.20200 12.92890
H 116.09000 109.82700 11.39960
H 118.48500 112.14300 11.29510
H 119.23200 109.13800 11.84280
C 116.93900 113.08400 12.97820
H 114.96600 112.80600 11.42840
H 113.74100 107.54200 11.28080
C 94.13990 114.49700 13.39950
C 97.78270 113.99000 13.44570
C 96.63950 117.00700 13.55120
C 98.86690 119.27400 13.61190
C 93.18040 117.61700 13.58890
C 95.43310 119.84700 13.56950
H 93.58570 119.42700 11.90960
H 94.72430 116.47000 12.00270
H 98.10970 115.93300 11.85180
H 97.05570 118.90400 11.93640
H 92.40140 114.14400 11.65780
H 95.87710 113.56900 11.83370
C 101.14700 113.34300 13.29040
C 100.03500 116.28800 13.40160
C 103.36800 115.80500 13.45740
C 102.23200 118.77400 13.56400
C 105.69900 118.10000 13.38320
H 103.72600 117.69300 11.87730
H 100.44500 118.25000 11.98590
H 104.92500 114.75000 11.84350
H 101.66400 115.23200 11.74480
H 106.08100 119.97400 11.85600
H 111.65400 113.40600 11.40940
C 106.86300 115.21500 13.35710
C 110.22000 114.58600 13.12940
C 109.10800 117.54700 13.20500
C 112.39500 116.92500 13.17440
C 111.28400 119.79600 13.24120
H 110.60700 116.38700 11.58610
H 108.22600 114.04900 11.65490
H 112.82400 118.77900 11.55550
H 107.18400 117.03100 11.68660
H 109.50800 119.35800 11.51290
C 113.52400 113.90000 13.06740
C 119.20800 115.35900 13.12710
C 115.84700 116.31000 13.12470
C 114.70500 119.15100 13.11890
C 118.22900 118.52700 13.03710
H 119.38000 117.48400 11.71710
H 117.27700 115.09000 11.50070
H 116.27200 118.10900 11.51400
H 113.96900 115.80200 11.54630
H 92.45530 122.37600 12.13640
C 93.38990 125.90800 13.99560
C 94.33010 122.93800 13.76070
C 97.68800 122.25300 13.65440
C 96.66800 125.17600 13.73170
H 98.18640 124.14300 12.11410
H 99.31420 121.20600 12.04780
H 94.78170 124.81100 12.16150
H 95.77350 121.78000 12.06780
C 100.08100 124.63000 13.75810
C 101.18000 121.60100 13.63040
C 104.46700 120.97100 13.52200
C 103.37600 124.11100 13.64840
C 105.59400 126.35500 13.66610
H 104.89500 122.86400 12.03780
H 101.54900 123.57100 12.05210
H 102.62600 120.60300 11.88790
H 100.41100 126.55200 12.18630
H 103.82400 125.91800 11.95480
C 106.70500 123.41500 13.67060
C 109.01800 125.68700 13.57050
C 112.51100 125.13900 13.43530
C 108.05700 120.36700 13.37770
C 110.31900 122.75600 13.52560
H 107.10700 125.26900 11.95220
H 110.51600 124.67700 11.93910
H 108.32100 122.30100 12.09430
H 111.72400 121.75900 11.66510
C 113.66200 122.10700 13.21770
C 117.03500 121.46200 13.11670
C 119.03200 123.84300 13.20190
C 115.89900 124.47300 13.33010
H 114.00500 124.08700 11.73220
H 117.24500 123.37500 11.52670
H 116.32600 126.36100 11.82540
H 115.12600 120.98800 11.51110
H 118.44400 120.46600 11.38380
H 92.52220 130.70700 12.54210
C 94.47420 131.11800 14.03290
C 95.69070 128.23300 13.88890
C 98.74190 127.42000 13.79600
C 97.82520 130.56100 14.12640
H 96.02000 130.13400 12.42060
H 98.17760 132.43500 12.50760
H 94.74860 133.05900 12.49420
H 93.72450 127.77600 12.40100
H 96.95730 127.05100 12.11260
H 99.19060 129.42200 12.39810
H 102.62000 128.84800 12.24800
H 101.59100 131.77800 12.46470
H 106.10400 128.25100 12.08520
C 100.00700 132.69200 14.13100
C 101.10000 129.83100 13.96280
C 102.31200 126.93700 13.72620
C 104.55700 129.26800 13.78550
C 103.49000 132.25200 14.05030
H 104.82100 131.14700 12.18950
C 111.44200 128.04500 13.69570
C 110.34500 131.06900 13.78160
C 106.76800 131.66000 13.75570
C 108.01900 128.69700 13.68560
H 110.69400 132.92800 12.17830
H 111.78800 129.92400 12.08370
H 108.50200 130.60200 12.17040
H 109.57400 127.63900 12.06740
H 112.83100 127.02800 11.90200
C 116.08500 132.56500 13.53940
C 117.16200 129.61800 13.44450
H 113.99900 132.26800 12.13190
C 113.78700 130.40300 13.59020
C 118.19800 126.77900 13.40510
C 119.47900 131.59900 13.75870
H 118.68200 128.64500 11.84730
C 114.81900 127.44500 13.40190
H 115.25500 129.36700 11.81140
H 117.70600 131.55900 11.90660
C 123.36900 2.82001 10.05090
C 126.82500 3.57536 9.95438
C 124.52900 5.83178 10.12360
H 121.97800 1.70221 11.45390
C 120.70800 5.05911 11.10340
H 123.09000 4.67813 11.82620
C 127.90000 6.63722 9.92134
C 132.53500 2.08181 9.92923
C 130.21800 4.24590 9.94455
C 133.60600 5.00251 9.93437
C 131.29700 7.22166 10.01760
C 129.11100 133.27300 9.93636
H 132.03400 3.85969 11.56070
H 128.70600 3.09131 11.53910
H 129.67900 6.06307 11.57080
H 133.17300 6.72199 11.63330
C 135.65900 2.51157 9.91458
C 136.95800 5.55993 9.91357
C 139.18500 3.37297 9.83732
C 140.23400 6.16808 9.85906
H 137.65600 2.18043 11.39520
H 134.21700 133.48800 11.67580
H 135.43900 4.38349 11.47430
H 138.76600 5.07723 11.54940
H 136.57300 7.37775 11.56170
H 141.01000 2.71829 11.34040
C 144.85200 1.35946 9.72168
C 142.55700 3.85601 9.67729
C 143.68500 6.81051 9.62236
C 145.95200 4.33437 9.61726
C 147.03900 7.44508 9.62858
H 147.82300 3.86712 11.19890
H 144.44200 3.26417 11.26780
H 145.56300 6.21936 11.23700
H 142.24700 5.70061 11.30170
C 122.33600 7.95449 10.07790
C 125.64000 8.92930 10.11650
C 123.44600 11.19090 10.22000
C 126.71800 11.97960 10.15800
C 124.54200 14.17660 10.17420
C 120.79900 13.33170 11.12230
C 128.99500 9.67555 10.00450
C 132.42600 10.29820 10.07150
C 130.18000 12.50510 10.09280
C 133.56300 13.15560 10.25510
C 134.69300 7.94251 10.02930
C 136.84800 13.83790 10.19620
C 135.76300 10.94480 10.05730
C 137.99000 8.54044 9.84794
C 139.00700 11.62220 10.02150
H 139.79100 8.00502 11.44190
H 141.00800 11.01060 11.44690
H 137.61400 10.33150 11.57170
H 138.61800 13.28840 11.83600
H 135.40900 12.66430 11.82390
H 134.28300 9.73474 11.65850
C 141.45600 9.07183 9.93377
C 144.86600 9.81191 9.65206
C 142.54900 12.01700 9.77736
C 145.92800 12.82760 9.86184
H 146.66800 9.28395 11.28210
H 147.79300 12.21740 11.38210
H 144.38700 11.55860 11.34520
H 143.45900 8.60384 11.36360
H 142.18400 13.86240 11.42010
C 125.75000 17.27860 10.22490
C 122.34200 16.21110 10.21680
C 123.31500 19.40350 10.32520
C 126.61100 20.27600 10.27830
C 127.92800 14.83380 10.18160
C 131.41600 15.64390 10.26610
C 129.02700 17.91740 10.14180
C 132.41200 18.43290 10.24370
C 130.10800 20.80640 10.24000
C 140.10000 14.35400 10.08920
C 134.60500 16.16620 10.22410
C 135.71400 19.19580 10.14000
C 137.83000 16.66210 10.08830
C 139.15900 19.75760 10.03410
H 139.89000 16.13680 11.51190
H 145.37600 14.54630 11.56750
C 141.37100 17.39350 9.93078
C 143.66300 15.10160 9.85219
C 147.05000 15.60520 10.06380
C 144.85000 17.95670 10.11020
C 142.64000 20.26220 10.11440
C 145.79700 20.94810 10.03460
H 144.42700 19.78290 11.77140
H 146.64000 17.39160 11.77440
H 143.14200 16.86250 11.55090
H 147.60900 20.37470 11.66450
C 124.39900 22.36260 10.24500
C 122.24300 24.40870 10.06630
C 125.53000 25.52070 10.19980
C 120.63000 21.41080 11.12020
C 131.13000 23.79390 10.23640
C 127.87700 23.09200 10.22920
C 129.05000 26.07960 10.17250
C 132.33000 26.76330 10.30740
C 133.48800 21.43350 10.26570
C 134.49300 24.39870 10.30640
C 137.88400 25.15310 10.07970
C 136.75700 22.15760 10.17410
C 140.22700 22.57860 10.07430
C 135.68300 27.47430 10.34480
C 146.95700 23.87820 10.09480
C 143.73000 23.27290 10.04180
C 141.38800 25.59350 10.09170
C 144.72000 26.22040 10.01130
C 124.13800 30.74880 10.39160
C 126.60500 28.42960 10.25030
C 120.50300 29.55040 11.12170
C 123.32000 27.75320 10.16770
C 122.08100 32.70000 10.21350
C 125.41400 33.58330 10.42210
C 127.78300 31.35300 10.20210
C 131.20700 31.94740 10.31870
C 130.05600 29.05440 10.21080
C 133.47800 29.67420 10.37420
C 134.54100 32.64880 10.27180
C 136.91600 30.34810 10.30680
C 139.17500 27.93850 10.15700
C 138.22900 33.27680 10.10580
C 140.36200 30.90490 10.10040
C 141.45200 33.94850 10.13770
C 147.14200 32.12060 9.84350
C 146.05500 29.12880 9.96539
C 142.48800 28.53710 10.10580
C 143.63600 31.49850 10.10350
C 123.53400 2.88837 13.24710
C 126.88800 3.54509 13.19340
C 124.75800 5.84005 13.32740
C 120.93900 5.17972 12.88750
H 120.54800 7.40083 11.78880
H 126.52300 5.43386 11.57480
H 125.42300 2.43086 11.56270
C 127.90000 6.58796 13.24700
C 132.35800 1.99435 13.19080
C 130.18200 4.20540 13.16380
C 133.67500 4.86340 13.14700
C 131.25300 7.07047 13.17770
C 129.09800 133.26400 13.09780
C 135.89200 2.57150 13.10410
C 136.92700 5.50574 13.13070
C 139.23800 3.22628 13.04980
C 140.40700 6.10509 12.97600
C 142.62800 3.80500 12.91890
C 143.81400 6.76328 12.94890
C 145.97100 4.35875 12.86230
C 147.04600 7.41966 12.87040
C 144.82100 1.50346 12.99670
C 122.34200 8.28944 13.24950
C 125.86400 8.87447 13.35690
C 126.90900 11.93590 13.41230
C 123.56500 11.19090 13.42740
C 120.91800 13.44070 13.00030
H 126.39600 13.77160 11.81330
H 125.40700 10.72280 11.81980
H 123.14400 13.11090 11.89180
H 122.28000 10.15360 11.39030
H 124.26600 7.67065 11.75790
C 129.05400 9.55268 13.24020
C 132.42900 10.07140 13.27580
C 130.13300 12.61690 13.38230
C 133.53500 13.01470 13.44930
H 127.57400 8.43070 11.60790
H 128.60900 11.45170 11.71800
H 129.85100 14.34550 11.68960
H 131.92800 12.05050 11.82140
H 130.87300 9.03408 11.59880
C 134.80300 7.80312 13.23410
C 135.91900 10.75830 13.30980
C 136.86800 13.77140 13.49620
C 138.10900 8.48248 13.16830
C 139.22100 11.31780 13.17660
C 140.42700 14.24680 13.16150
C 141.50900 9.05454 12.89590
C 144.89300 9.84210 12.97640
C 142.63600 12.03530 13.04400
C 145.94300 12.65250 13.00640
C 124.51700 14.20430 13.43170
C 125.83500 17.21060 13.40260
C 122.51900 16.59670 13.45800
C 123.40200 19.56250 13.51860
C 126.77700 20.20040 13.47350
H 120.70400 15.68280 12.02170
H 124.28200 16.06610 11.75270
H 125.24100 19.02820 11.93980
H 122.13300 18.37460 11.62150
C 128.07300 14.88840 13.29090
C 131.32700 15.51900 13.38230
C 129.02600 17.90400 13.48100
C 132.46000 18.47670 13.44140
H 128.54300 19.71140 11.79420
H 127.61900 16.72040 11.77660
H 131.98600 20.29160 11.79330
H 130.80500 17.42150 11.87340
C 130.14400 20.70890 13.40830
H 133.16700 14.98100 11.89610
H 134.29800 17.99310 11.85810
C 134.65200 16.17270 13.56160
C 135.85200 19.10600 13.45490
C 138.15400 16.72060 13.24450
C 139.06800 19.77540 13.31040
H 135.32700 20.94950 11.88160
H 136.43000 15.62460 11.89230
H 137.59800 18.58310 11.65370
H 140.95400 19.20780 11.67090
C 141.32700 17.32580 13.20100
C 143.54200 14.97880 13.16720
C 147.03700 15.43760 13.25240
C 144.68000 17.76270 13.29520
C 142.53800 20.39540 13.27880
C 145.91400 20.97940 13.38920
C 120.73100 21.47760 12.85160
C 124.42800 22.52960 13.48600
C 122.26200 24.79420 13.42970
C 125.58100 25.36430 13.39630
H 126.29800 22.06100 11.90250
H 120.65900 23.76960 11.91170
H 125.13000 27.29900 11.90550
H 122.97600 21.35440 11.90130
H 124.05800 24.29230 11.76770
H 122.01800 26.56440 11.49660
C 133.49500 21.45920 13.47070
C 131.17900 23.73720 13.60130
C 128.88800 26.11920 13.45560
C 127.84400 23.20230 13.43610
C 132.28900 26.70870 13.53740
H 129.70300 22.63200 11.88770
H 130.79200 25.55470 11.91350
H 127.41700 25.00480 11.74620
H 132.96500 23.26980 11.92570
H 134.20600 26.26850 11.94120
C 138.08600 25.00180 13.39160
C 140.28300 22.71460 13.21380
C 134.61700 24.35650 13.47360
C 136.86800 22.10370 13.42470
C 135.81200 27.46120 13.48350
H 137.62500 26.89780 11.84520
H 136.47000 23.99110 11.79820
H 138.61600 21.59640 11.72640
H 139.76800 24.52480 11.58060
H 140.98400 27.43620 11.76770
C 141.37500 25.52010 13.24270
C 144.72400 26.24410 13.32960
C 143.64400 23.26660 13.35000
C 147.00300 24.00740 13.29420
H 142.15100 22.20800 11.64400
H 146.56800 25.75080 11.64070
H 143.26200 25.11200 11.69430
H 145.47600 22.75940 11.74340
H 123.84800 32.57160 12.13520
C 121.83700 33.61260 13.23230
C 120.55600 29.57710 12.96110
C 125.68800 33.71110 13.50670
H 126.19100 30.25500 11.84910
C 126.69700 28.43740 13.42850
C 123.24900 27.73020 13.47920
C 124.30700 30.73370 13.52240
H 122.78900 29.53810 11.88750
H 120.53400 31.85460 11.98600
H 128.51300 27.90830 11.78160
H 127.42700 33.20520 11.77270
C 131.16000 31.83970 13.51770
H 130.77900 33.79430 11.99490
H 133.04800 31.47890 11.96320
H 131.83900 28.55820 11.90230
C 127.69100 31.32100 13.46640
C 129.97800 29.04620 13.48620
C 133.42100 29.57740 13.55760
H 129.57000 30.86760 11.86960
H 135.34000 29.26350 11.99570
C 138.19400 33.14240 13.27420
C 140.33200 30.90660 13.40280
H 138.84900 29.79930 11.74800
H 140.01700 32.68980 11.70070
C 139.17600 27.96410 13.42950
H 136.58800 32.15760 11.63040
C 137.05500 30.38860 13.34590
C 134.85100 32.46560 13.32750
H 145.66900 30.93600 11.47060
H 142.18800 30.37470 11.77520
C 146.12000 29.04940 13.07090
C 141.47100 33.81990 13.39680
C 143.89300 31.53630 13.25400
C 147.06100 32.06170 13.20440
C 142.59000 28.52970 13.29850
H 146.67000 33.89230 11.52720
H 143.31200 33.35430 11.74480
H 147.96400 28.57320 11.50060
H 144.41600 28.04780 11.61320
C 123.53300 36.13640 10.12230
C 126.94300 36.62760 10.42210
C 124.66800 39.08470 10.33190
H 122.17900 35.14120 11.12510
C 120.70600 38.14590 11.00650
H 123.04300 38.03340 11.71580
C 129.03400 34.40300 10.36160
C 128.02000 39.63420 10.40720
C 132.39700 34.84520 10.37830
C 130.12800 37.24320 10.42030
C 133.65200 37.79580 10.42840
C 131.44800 40.14630 10.47550
C 135.79700 35.61870 10.31890
C 136.97400 38.41840 10.30570
C 139.21000 36.22580 10.22360
C 140.31700 39.07580 10.21680
C 142.58700 36.84930 10.05440
C 143.75700 39.80970 9.93758
C 146.06400 37.40870 9.89847
C 147.16900 40.39280 9.96368
C 144.85400 34.30440 9.93633
C 122.53900 41.24420 10.19950
C 125.84100 42.09790 10.36750
C 123.48600 44.28710 10.49700
C 126.94600 44.88330 10.44450
C 120.82200 46.22830 11.25030
H 122.25200 43.26630 11.74190
C 129.12700 42.50470 10.43850
C 132.47700 43.01990 10.34340
C 130.24200 45.37820 10.29660
C 133.50400 46.09260 10.18310
C 134.70000 40.71870 10.37170
C 135.77500 43.64550 10.17430
C 137.99100 41.32120 10.19780
C 139.15200 44.35400 10.05880
C 137.04100 46.58690 10.05610
C 140.28600 47.29730 9.94471
C 141.49000 42.02230 10.10140
C 144.93400 42.68590 9.94683
C 142.65300 44.91540 9.98684
C 146.17200 45.66050 9.81057
C 124.65000 47.09080 10.44510
C 122.49800 49.13010 10.33760
C 125.87700 50.04870 10.31020
C 123.31900 52.40610 10.33290
C 126.88700 52.99690 10.21860
C 128.05600 47.84950 10.39890
C 131.48300 48.35340 10.18600
C 129.20400 50.80520 10.17700
C 132.53800 51.34880 9.97211
C 130.30400 53.78260 10.01810
C 134.68400 48.94220 9.94581
C 135.80800 51.99830 9.80892
C 138.12800 49.61430 9.87915
C 139.27700 52.58390 9.80435
C 141.64400 50.30460 9.83579
C 143.70600 47.97160 9.93548
C 147.23400 48.65320 9.78216
C 144.92300 50.79130 9.88817
C 142.81300 53.20310 9.68541
C 146.10800 53.92770 9.85027
H 147.89100 53.41550 11.46880
C 120.79600 54.45780 10.82960
C 124.50400 55.23560 10.27840
C 122.35800 57.59390 10.18540
C 125.68100 58.30070 10.13800
C 131.34600 56.82130 9.90351
C 133.51500 54.46240 9.92312
C 128.03100 56.03140 10.06990
C 132.45700 59.65460 9.85326
C 129.05800 59.09540 9.91069
C 138.14900 57.88680 9.70541
C 136.91500 54.84910 9.72256
C 134.67400 57.23290 9.77997
C 140.43300 55.50330 9.65406
C 135.98800 60.20370 9.73214
H 134.40400 59.16770 11.34300
H 140.05100 57.40120 11.23720
H 137.82700 59.76360 11.31850
C 147.09300 56.82390 9.78696
C 143.68100 56.27110 9.69279
C 144.86300 59.27030 9.64961
C 141.65100 58.51790 9.62893
H 141.04300 60.42740 11.13350
H 146.63600 58.71370 11.30480
H 143.38100 58.15780 11.32160
H 145.48000 55.77580 11.42140
C 123.58700 60.59160 9.88406
C 126.80500 61.25380 9.89194
C 124.62300 63.47250 9.78798
C 122.38700 65.53610 9.45280
C 120.77100 62.64240 10.48230
C 125.70200 66.54750 9.65126
H 124.16300 65.43400 11.26440
H 126.46100 63.17300 11.42620
H 120.69400 65.06810 11.27560
H 123.04900 62.47900 11.36760
C 131.30700 64.92450 9.88228
C 128.01700 64.15560 9.77003
C 130.15700 61.99930 9.99170
C 133.49400 62.58770 9.80267
H 127.52700 66.12000 11.22800
H 133.26400 64.45800 11.40430
H 129.77200 63.87690 11.52420
H 131.04800 66.77430 11.47730
H 128.65300 60.89270 11.56270
H 132.07900 61.52070 11.48950
C 139.19600 60.93430 9.57620
C 137.97400 66.09450 9.55079
C 136.87800 63.24820 9.70511
C 134.82700 65.49040 9.72512
C 140.43100 63.81540 9.57158
H 138.84100 62.74970 11.18490
H 136.60400 65.09370 11.40930
H 139.91000 65.69520 11.07200
H 135.45200 62.06430 11.32650
H 144.48600 61.10860 11.21630
C 141.45800 66.66970 9.34171
C 146.04600 62.12890 9.55433
C 143.73800 64.28060 9.51689
C 142.66100 61.53620 9.60745
H 145.64600 64.00650 11.13860
H 147.85500 61.65500 11.15410
H 146.82700 66.92960 10.91320
H 142.18800 63.38180 11.25190
H 143.28600 66.21600 10.95970
C 147.09900 65.02380 9.35649
C 123.30800 36.19130 13.32220
C 126.66500 36.67320 13.66810
C 124.56200 39.04590 13.44730
C 120.83000 38.15370 12.83270
H 120.98300 40.44310 11.94640
H 125.27400 35.58780 11.91750
H 126.47400 38.51200 12.00050
C 127.94600 39.63780 13.66980
C 132.52000 34.80070 13.48630
C 130.21200 37.20940 13.61680
C 133.60300 37.76110 13.60250
C 131.37300 40.14810 13.65870
C 128.91900 34.17290 13.57650
H 129.80300 39.10030 12.02970
H 132.03500 36.71760 11.96240
H 133.22900 39.61900 12.09150
H 128.64400 36.18180 12.16090
H 134.34100 34.46440 11.89630
C 136.02400 35.48690 13.47890
C 137.05100 38.55320 13.59420
C 139.29700 36.19750 13.46750
C 140.48900 39.23020 13.36180
H 136.55900 40.27320 11.87160
H 137.76400 35.08120 11.78980
H 135.51000 37.38800 12.03460
H 138.80800 38.03590 11.92470
H 141.12000 35.73690 11.80120
C 142.78200 36.89410 13.27770
C 143.90000 39.89810 13.23090
C 145.93200 37.47240 13.14260
C 147.07100 40.27910 13.18420
C 144.95500 34.51090 13.21030
H 142.30000 38.72750 11.70190
H 145.56900 39.27680 11.47300
H 144.49000 36.25550 11.44500
H 147.79300 36.82250 11.57620
C 120.81000 46.23370 13.03500
C 122.52700 41.54340 13.56920
C 125.76200 41.95800 13.61370
C 126.94900 44.92150 13.64970
C 123.53700 44.42280 13.63370
H 126.54300 46.74100 12.01020
H 123.11100 46.17730 12.12140
H 125.41500 43.84170 12.07230
H 124.29400 40.93970 11.92740
C 129.14000 42.50080 13.64140
C 132.55500 43.14020 13.62990
C 130.36300 45.47530 13.62000
C 133.69100 46.14660 13.38590
H 127.57800 41.45480 12.01260
H 130.97400 42.01100 12.04060
H 128.77200 44.36600 12.03360
H 132.10900 44.91750 11.89830
C 134.84900 40.84910 13.58670
C 135.98700 43.84630 13.40560
C 138.15600 41.46600 13.35740
C 139.27700 44.39290 13.32170
C 136.99100 46.75900 13.24070
H 138.90200 46.24330 11.73910
H 134.33300 42.61880 11.95680
H 139.93800 40.98360 11.74230
H 137.71900 43.25850 11.70340
H 135.43500 45.55880 11.66460
H 141.06200 43.92210 11.64110
C 141.57200 42.17030 13.25330
C 144.94800 42.82540 13.20510
C 142.76600 45.07710 13.10950
C 146.16100 45.73030 13.04100
H 143.40800 41.67530 11.60080
H 144.62900 44.58160 11.46960
H 142.16000 46.83110 11.54080
H 148.02200 45.17370 11.44960
H 145.72000 47.54150 11.37000
H 146.74600 42.19220 11.63560
C 124.66100 47.22660 13.65130
C 125.88300 50.30020 13.51510
C 122.53200 49.68910 13.56640
C 123.54700 52.52120 13.45140
C 126.95900 53.03770 13.33340
H 120.75200 48.54220 12.12390
H 125.36800 51.95210 11.76390
H 124.36100 49.05500 12.00370
H 122.21300 51.33230 11.55810
C 128.11400 47.91640 13.55170
C 131.42200 48.47910 13.46230
C 129.39800 50.87400 13.44530
C 132.68100 51.45570 13.21710
H 128.88800 52.64540 11.74440
H 132.13500 53.19730 11.58970
H 127.72200 49.75170 11.96500
H 129.95700 47.22110 11.92760
H 133.29800 47.98610 11.82190
H 131.09200 50.22740 11.72360
C 130.46200 53.88620 13.26550
C 140.42300 47.58220 13.19490
C 134.92800 49.09340 13.30740
C 135.88800 52.07780 13.06830
C 138.19700 49.73700 13.06190
C 139.33000 52.65600 12.93710
H 134.38000 50.81930 11.52920
H 137.67200 51.52410 11.41610
H 136.58100 48.56750 11.52510
H 140.01300 49.23770 11.46110
H 135.42100 53.84120 11.42610
H 141.22500 52.18490 11.33990
C 141.49500 50.46610 13.12140
C 143.82600 47.93740 13.08930
C 147.24900 48.65570 13.00760
C 145.03600 50.94670 13.10650
C 142.67600 53.27420 13.02370
H 143.35300 49.82420 11.60480
H 146.83600 50.50180 11.44480
H 144.55300 52.74990 11.44930
C 145.98600 53.97790 13.05760
C 120.70500 54.34500 12.68280
C 124.64500 55.40100 13.50700
C 122.28100 57.51840 13.42360
C 125.83100 58.48320 13.26260
H 122.18800 59.58970 11.87640
H 123.03200 54.31800 11.98410
H 120.60000 56.68820 11.72370
H 124.22400 57.19830 11.83030
H 126.51300 54.93530 11.81070
H 125.34800 60.23060 11.60510
C 133.64600 54.49580 13.11200
C 128.09500 56.11210 13.25640
C 131.41400 56.91980 13.20330
C 129.16600 59.09840 13.21450
C 132.61000 59.73140 13.02800
H 130.90900 58.67970 11.50940
H 129.94500 55.64790 11.58910
H 127.64200 57.94540 11.62530
H 133.16700 56.25750 11.55220
C 135.99000 60.22980 12.95090
C 138.20400 57.85840 12.84750
C 140.44000 55.62310 12.91720
C 137.04500 54.97290 13.00160
C 134.78500 57.33730 12.99810
H 138.83100 54.48110 11.32770
H 136.55900 56.77500 11.28700
C 147.09300 56.93430 12.95440
C 144.77900 59.36140 12.95770
C 143.66400 56.31150 12.98250
C 141.44300 58.66570 12.85690
H 142.29100 55.08950 11.30490
C 122.34900 66.14410 12.80430
C 120.77100 62.85910 12.32590
C 125.62800 66.70680 12.81290
C 123.32500 60.62890 13.06720
C 124.54400 63.64560 12.95590
C 126.84700 61.42500 13.14240
C 130.22200 62.01540 13.10020
C 131.47300 64.85820 13.05470
C 133.72200 62.60050 13.02110
C 127.84400 64.44500 13.03070
C 138.23900 66.37850 12.77860
C 140.26500 64.00050 12.79120
C 137.03900 63.20130 12.88660
C 134.76700 65.60180 13.02450
C 139.30400 60.97150 12.84980
C 143.84300 64.54020 12.74960
C 142.59600 61.52370 12.77640
C 146.08300 62.19380 12.78770
C 147.26800 65.13640 12.61290
C 141.51800 66.87040 12.58920
C 123.41300 68.84400 9.53529
C 126.93600 69.49630 9.59713
C 124.66100 71.70170 9.46788
C 120.82100 70.98580 10.08770
H 122.21200 67.83910 10.73310
H 120.81700 73.31740 10.94030
H 123.12200 70.83350 11.10860
H 126.53300 71.37820 11.15320
H 125.34200 68.48750 11.16840
C 129.21900 67.16800 9.79379
C 128.06700 72.46580 9.62454
C 132.50500 67.74740 9.68669
C 130.22800 70.24240 9.63698
C 133.58100 70.79660 9.38927
C 131.29300 73.03590 9.39450
H 129.90600 72.11020 11.31510
H 133.25200 72.73310 10.81970
H 132.13400 69.71060 11.13610
H 128.73900 69.07760 11.32890
C 135.69400 68.48000 9.50263
C 136.80100 71.36850 9.32726
C 139.16400 69.13850 9.28616
C 140.30300 72.11010 9.15912
H 138.73700 71.03860 10.80610
H 136.53300 73.35550 10.88010
H 134.34600 67.37520 11.29410
H 135.39600 70.32960 11.11560
H 137.65600 68.06520 11.01790
H 141.07700 68.59180 10.86220
C 144.91700 67.25210 9.36947
C 142.64600 69.72650 9.28836
C 143.76400 72.58170 9.35938
C 146.03200 70.32140 9.39400
C 147.10800 73.14900 9.28646
H 142.01100 71.57960 10.90080
H 145.63000 72.20480 11.01350
H 147.96700 69.86430 10.82570
H 144.37200 69.15730 10.95630
H 124.34400 73.71830 10.91810
C 122.51800 73.97680 9.21848
C 125.90500 74.83080 9.37274
C 123.51700 77.04270 9.29628
C 126.89200 77.71970 9.30134
C 120.82300 79.07830 9.91614
H 122.24200 76.07850 10.65750
H 125.38200 76.64830 10.91060
H 126.37500 79.63630 10.81500
H 123.07500 78.99300 10.82260
C 124.57200 79.96170 9.13448
C 129.02500 75.46050 9.35450
C 132.48300 75.99550 9.15540
C 130.17400 78.36030 9.11835
C 133.58800 79.05660 8.90799
H 130.96800 75.05050 10.81940
H 127.61200 74.41370 11.14410
H 128.68400 77.38720 10.87900
H 132.09300 78.01900 10.57730
H 129.67900 80.31210 10.63890
C 134.75300 73.83840 9.18436
H 134.34800 75.68730 10.74490
C 136.93300 79.76480 8.92764
C 135.76700 76.68720 9.01526
C 138.01700 74.30840 9.10396
C 139.22500 77.48610 8.92206
H 139.88500 73.99060 10.66640
H 135.41700 78.61650 10.52620
H 137.68400 76.32080 10.51190
H 138.73900 79.29600 10.59770
C 140.33100 80.26350 8.97961
H 141.01400 76.91340 10.56180
C 141.36600 75.05660 8.97434
C 144.91500 75.66440 9.05418
C 142.72100 77.92990 9.00675
C 146.01000 78.58860 8.98600
H 144.55500 77.49760 10.67400
H 147.85000 78.17940 10.60690
H 146.78200 75.20400 10.65420
H 142.24500 79.75690 10.53810
H 143.25600 74.58380 10.61640
H 145.63800 80.50530 10.57870
C 125.63500 83.07000 8.92612
C 122.30200 81.84330 9.02811
C 123.28200 85.30810 8.88784
C 126.73300 86.08370 8.94477
H 121.90500 84.14890 10.23480
H 125.22200 84.95820 10.49860
H 124.18800 81.94840 10.62240
H 120.84700 81.32960 10.96470
C 127.75600 80.68440 9.01101
C 131.26000 81.29120 8.99576
C 128.94600 83.71870 8.94867
C 132.31700 84.42860 9.01982
H 131.92500 86.22220 10.73480
H 133.21300 80.93030 10.49860
H 130.83100 83.23740 10.55460
H 127.47500 82.57580 10.57910
H 128.61900 85.62240 10.53260
C 130.19000 86.73090 8.95415
H 134.29100 83.91170 10.53610
C 134.71200 82.12470 8.88684
C 135.70100 85.11690 8.86644
C 138.14000 82.71430 8.91519
C 139.01100 85.66920 8.81952
H 139.98300 82.20620 10.53170
H 135.32100 86.90520 10.55620
H 136.59000 81.63180 10.50370
H 137.60200 84.54700 10.49340
H 140.98000 85.11750 10.26180
C 141.42000 83.24490 8.76219
C 143.83200 80.73350 8.91008
C 147.05400 81.60240 8.83646
C 144.71600 83.94470 8.72915
C 142.51700 86.27620 8.66329
H 147.79000 86.43270 10.20040
H 144.23200 85.73000 10.38870
H 143.31600 82.71320 10.33280
H 146.61500 83.51270 10.33630
C 145.76600 86.86110 8.73699
C 120.59500 87.80050 9.96861
C 124.41100 88.38920 9.07578
C 122.16500 90.45990 9.26809
C 125.57000 91.43630 9.17465
H 126.34600 87.88950 10.61100
H 122.12600 92.61250 10.65770
H 125.27800 93.20640 10.94020
H 124.13800 90.23030 10.82110
H 122.90600 87.21840 10.68320
H 120.51400 90.02570 11.18980
C 133.36700 87.46770 9.08663
C 127.90100 89.03980 9.02119
C 132.32300 92.76460 9.05152
C 129.00200 92.06530 9.14823
C 131.28700 89.72140 9.14355
H 129.69900 88.51840 10.61240
H 130.86900 91.53960 10.72760
H 133.06100 89.22710 10.83530
H 127.43500 90.84630 10.68410
H 134.23100 92.21100 10.59400
C 134.55000 90.31270 9.06818
C 135.70500 93.42470 9.00440
C 137.86400 90.99140 8.95800
C 140.10700 88.73050 8.83144
C 136.87100 88.05170 8.94616
H 139.81900 90.50970 10.48740
H 138.74400 87.48840 10.52370
H 137.49100 92.77680 10.61670
H 136.45000 89.82110 10.63970
H 141.01000 93.48560 10.54780
C 141.29100 91.72210 8.83823
C 143.56900 89.28290 8.71472
C 147.00100 89.89910 8.73890
C 144.75800 92.11640 8.81963
H 146.58600 91.64530 10.46200
H 143.14000 91.03970 10.27850
H 142.04900 88.07520 10.31070
H 145.43900 88.74560 10.27250
C 120.61300 95.90550 9.89997
C 123.33100 93.54420 9.36619
C 125.60600 99.68520 9.42814
C 126.69900 94.39230 9.33185
C 124.38200 96.66190 9.34626
C 122.31900 98.84200 9.22482
H 126.31400 96.25310 10.97720
H 124.09600 98.53250 10.99070
H 122.96500 95.57930 10.86280
H 120.57900 98.18900 10.89720
H 127.47200 99.19960 11.03070
C 130.06500 95.10790 9.19286
C 131.16600 98.08990 9.39015
C 133.50100 95.60390 9.26935
C 127.79300 97.32880 9.39137
H 133.09300 97.45560 10.87560
H 131.89000 94.44420 10.80730
H 128.65200 93.81090 10.79100
H 130.86100 99.81040 11.16460
H 129.68900 96.83790 10.95870
C 136.87900 96.27670 9.06906
C 138.03400 99.24650 9.08165
C 139.03500 93.93710 9.05287
C 140.13100 96.86630 9.10620
H 138.64300 95.66540 10.73220
H 139.91700 98.64690 10.59090
H 135.37000 95.16230 10.75010
H 136.53500 98.09380 10.65240
C 134.52100 98.65420 9.24497
C 145.95800 95.07680 8.86592
C 142.52700 94.56730 8.86074
H 147.77400 94.62460 10.54640
C 141.42000 99.91390 9.06287
C 143.66500 97.55870 8.92990
H 144.31900 93.99100 10.41800
C 147.06100 98.17580 8.86764
H 145.53500 96.96830 10.45480
H 143.29200 99.35960 10.63000
H 142.16500 96.38390 10.53260
H 146.56900 99.90580 10.58960
C 123.48700 69.05440 12.76390
C 126.81500 69.60360 12.86210
C 124.66100 72.07690 12.70270
C 120.81600 71.02300 12.01160
C 129.03200 67.26300 12.93180
C 128.00600 72.61850 12.81370
C 132.59600 67.98420 12.93950
C 130.38800 70.23850 12.85260
C 133.55600 71.01760 12.60890
C 131.63100 73.35880 12.60610
C 135.98300 68.56740 12.77730
C 136.99700 71.57010 12.55070
C 139.24000 69.26490 12.46360
C 140.19100 72.24410 12.43980
C 142.48300 69.76280 12.56770
C 143.59000 72.78140 12.38480
C 146.01500 70.60930 12.33450
C 147.19200 73.45660 12.40750
C 144.85700 67.48100 12.48280
C 120.81300 79.00650 11.76060
C 122.49200 74.33890 12.49960
C 125.70600 74.94780 12.63390
C 126.81200 77.82570 12.47150
C 123.54300 77.26630 12.47050
C 124.52400 80.18240 12.38920
C 129.24100 75.66680 12.53660
C 132.49800 76.33290 12.32240
C 130.35100 78.55890 12.24480
C 133.66500 79.16130 12.18610
C 134.74900 73.88630 12.46770
C 135.93700 76.88320 12.20340
C 136.89900 79.79590 12.15740
C 138.15500 74.60880 12.31470
C 139.20000 77.44630 12.19080
C 141.38100 75.18480 12.26740
C 144.92300 75.57050 12.24960
C 142.60500 78.06660 12.19060
C 146.04300 78.69780 12.22700
C 125.63100 83.18240 12.17200
C 122.48400 82.60210 12.28400
C 123.31500 85.45080 12.13950
C 126.77000 85.98390 12.13490
C 127.93500 80.80190 12.30880
C 131.37500 81.48050 12.08940
C 129.00300 83.74600 12.17600
C 132.44000 84.25840 12.18370
C 130.07500 86.75160 12.24470
C 140.40600 80.44850 12.14990
C 134.73200 82.06960 12.11480
C 135.79700 85.01660 12.17740
C 138.10800 82.69130 12.10560
C 139.26100 85.62950 12.00410
C 141.67100 83.44060 11.97470
C 143.83800 81.01810 12.11770
C 147.14300 81.81310 12.07420
C 144.81500 83.98270 11.99270
C 142.44700 86.22770 11.96580
C 145.92900 86.83690 11.81840
C 124.48700 88.41280 12.30160
C 122.41600 90.89430 12.56490
C 125.70700 91.36200 12.45540
C 120.69100 87.68910 11.93310
C 133.55600 87.32440 12.29560
C 127.87000 88.97160 12.26170
C 131.10200 89.66190 12.32090
C 128.98700 91.91470 12.34500
C 132.46700 92.60530 12.35710
C 136.92400 87.93150 12.18980
C 137.99400 90.89740 12.19870
C 134.65100 90.42360 12.28490
C 140.36200 88.67710 12.07100
C 135.72500 93.25540 12.31600
C 141.47600 91.53990 12.02640
C 143.55100 89.27580 11.86860
C 146.99400 89.66600 11.98210
C 144.67900 92.08100 11.98380
C 124.35700 96.64020 12.59300
C 126.87400 94.39120 12.47660
C 123.46800 93.80480 12.54340
C 122.26600 99.10290 12.59690
C 120.69700 95.82590 11.78210
C 125.62700 99.57070 12.67380
C 131.33700 97.84220 12.61680
C 127.88400 97.30750 12.59020
C 133.49500 95.59280 12.37010
C 130.11600 94.92620 12.48640
C 134.79600 98.43390 12.46070
C 139.16100 93.79170 12.18850
C 136.89200 96.26780 12.35010
C 138.20200 99.12370 12.30040
C 140.31600 96.75990 12.16750
C 145.84200 95.08800 12.07790
C 147.04400 98.08720 12.13100
C 143.69300 97.44070 12.13310
C 142.52400 94.47190 12.16390
C 141.43700 99.66500 12.27810
C 123.41800 101.96000 9.47868
C 126.77500 102.62000 9.63086
C 124.54000 104.86400 9.53356
C 120.70500 104.15400 10.13940
H 122.11600 100.95400 10.74830
H 126.34800 104.43300 11.21220
H 125.24000 101.44700 11.14430
H 122.98700 103.81600 11.09160
H 120.76100 106.37900 11.23420
C 129.03500 100.34900 9.51204
C 132.31100 100.94200 9.51820
C 130.10600 103.26900 9.59553
C 133.48900 103.93500 9.58478
C 131.30200 106.17700 9.70157
C 127.84200 105.57900 9.67035
H 133.19700 105.73400 11.30380
H 128.61500 102.10700 11.23380
H 132.00200 102.78200 11.14760
H 129.69300 105.03000 11.25290
H 134.25300 100.37900 11.05060
C 135.75400 101.54900 9.34901
C 136.86400 104.56800 9.37094
C 139.12200 102.31400 9.20834
C 140.35900 105.18000 9.40298
H 137.67000 101.04100 10.79210
H 136.46400 106.33200 11.01940
H 135.44600 103.35500 11.05720
H 138.74800 104.07600 10.93910
H 140.90100 101.61100 10.82840
C 144.74300 100.60500 8.99771
C 142.50200 102.82900 9.31414
C 143.72100 105.65000 9.38363
C 145.95400 103.51500 9.18425
C 147.04000 106.26700 9.29569
H 145.62900 105.18400 11.00540
H 144.43900 102.31300 10.76140
H 142.14800 104.57200 11.09260
H 147.77000 102.89900 10.76700
C 122.32500 107.03200 9.37155
C 125.79100 107.83300 9.57094
C 123.33700 110.16100 9.60918
C 126.97200 110.84300 9.59718
C 120.79600 112.24400 10.35830
H 122.23400 109.11400 10.81440
H 126.42400 112.66600 11.20380
H 124.16300 106.75600 11.06770
H 125.34700 109.69400 11.08110
H 123.09700 112.06000 11.29550
C 124.51600 113.03900 9.58954
C 129.06300 108.38500 9.73227
C 132.40400 109.17900 9.63359
C 130.22100 111.43800 9.67026
C 133.45200 112.18000 9.56361
H 130.97300 107.98200 11.29990
H 132.06000 111.00800 11.28150
H 127.51200 107.39100 11.36490
H 128.68800 110.24400 11.32030
H 129.77800 113.30600 11.27590
H 134.26000 108.68600 11.19370
H 139.89700 107.02300 11.00680
C 134.50900 106.86700 9.52910
C 137.99100 107.49300 9.43868
C 135.72600 109.76800 9.47529
C 139.07100 110.25800 9.35166
C 136.89200 112.83500 9.31659
H 135.43200 111.65600 10.99510
H 138.76400 112.20800 10.83320
H 137.52800 109.25900 11.11150
H 141.06800 109.91200 10.84760
C 141.44500 107.98100 9.35355
C 144.94300 108.71300 9.16049
C 142.52300 110.99300 9.19610
C 146.11800 111.60300 9.20019
H 142.29800 112.86200 10.88560
H 144.45800 110.48100 10.72130
H 147.89100 111.10200 10.87330
H 143.42800 107.49000 10.81700
H 146.65400 108.15200 10.87250
H 145.65300 113.47200 10.75680
C 122.36000 115.23100 9.42337
C 125.80900 116.25000 9.75711
C 123.38800 118.37000 9.81927
C 126.84000 119.07600 9.93141
H 122.12900 117.31400 10.97970
H 124.22400 114.98400 11.09550
H 125.24200 117.91000 11.49770
H 120.70300 114.60900 11.21990
C 127.97800 113.98500 9.65975
C 131.24500 114.42900 9.58667
C 129.03100 116.84300 9.76954
C 132.41700 117.36800 9.66580
H 128.69900 118.60900 11.52220
H 131.99100 119.19700 11.27320
H 127.60800 115.70100 11.43430
H 130.91800 116.22700 11.28790
H 133.13500 114.00600 11.13880
C 130.06200 119.76600 9.78650
C 140.39700 113.31500 9.27955
H 134.34300 116.92300 11.17380
C 134.67500 115.15400 9.48676
C 135.78800 118.10200 9.55616
C 137.96700 115.82700 9.34372
C 139.23500 118.68900 9.37521
H 137.76100 117.58300 11.05100
H 139.89800 115.19300 10.90160
H 136.58600 114.62500 11.02830
H 135.37500 119.82600 11.20660
H 141.11200 118.19400 10.94170
C 141.50500 116.29500 9.36330
C 143.74000 114.02300 9.25641
C 147.11400 114.74900 9.22075
C 144.71300 117.02400 9.36932
C 142.68100 119.36400 9.42421
H 147.75500 119.45000 10.96740
H 143.43700 115.83700 10.92050
H 144.46400 118.80700 11.10500
H 146.64600 116.49800 10.94410
C 145.87000 119.95200 9.42012
C 125.69600 124.40800 10.10510
C 124.47000 121.36800 10.12130
C 122.49200 123.82000 10.17420
C 120.74700 120.60500 10.53200
H 126.48400 120.90600 11.58890
H 123.02800 120.30000 11.45520
C 129.04200 124.82600 10.00030
C 132.45900 125.63800 9.76403
C 133.47100 120.29500 9.64936
C 127.93700 122.15400 10.03870
C 131.35500 122.67900 9.73375
H 133.24600 122.13800 11.32430
H 131.07400 124.47600 11.45060
H 129.92100 121.61500 11.43300
H 127.50000 123.91700 11.68620
H 134.33200 125.13100 11.32630
C 138.03400 123.92200 9.68882
C 140.41600 121.74800 9.56632
C 135.80200 126.42600 9.76441
C 136.94500 120.93500 9.59481
C 134.69300 123.30500 9.64381
H 136.59800 122.77800 11.22400
H 139.96500 123.51300 11.31320
H 138.93100 120.54100 11.01600
H 137.55900 125.73800 11.43340
H 140.96600 126.53500 11.42400
C 141.41400 124.76100 9.68280
C 143.76600 122.36700 9.50542
C 147.06100 123.07700 9.57958
C 144.78600 125.21900 9.69843
H 146.69500 124.78700 11.17400
H 143.23800 124.10700 11.30310
H 145.56900 121.75900 11.13880
H 142.28900 121.13300 11.11100
C 123.55800 126.75100 10.10380
C 125.82000 132.63000 9.90491
C 126.85200 127.26300 10.10920
C 122.47300 131.54000 10.09620
C 124.70400 129.56100 10.05510
C 120.91400 128.78200 10.74040
C 127.86700 130.28900 9.95207
C 130.09000 127.98700 9.85429
C 131.29900 130.94300 9.91704
C 133.54100 128.63900 9.96093
H 129.76500 129.81900 11.48360
H 133.07100 130.47200 11.65930
H 132.01500 127.50600 11.42970
H 130.99800 132.84100 11.49310
H 128.79000 126.72400 11.59100
H 127.60600 132.11800 11.49840
H 138.62300 128.83300 11.30320
C 134.56000 131.62000 10.08890
C 140.27900 129.89800 9.75689
C 139.08400 126.93500 9.79107
C 136.72300 129.44900 9.79227
C 137.91000 132.40500 9.79378
H 135.42900 128.18100 11.53390
H 139.83000 131.80000 11.34960
H 136.55300 131.20200 11.53730
C 145.81700 128.26500 9.71129
C 146.94300 131.17900 9.75558
H 142.14700 129.47800 11.39810
H 145.47000 130.09000 11.38240
H 147.76400 127.78300 11.15300
C 141.42500 132.86900 9.76666
C 142.39300 127.59200 9.76876
H 144.34300 127.10100 11.33350
H 146.64600 133.02600 11.41170
H 143.29400 132.41800 11.38750
C 143.61200 130.56200 9.74502
C 123.41300 102.08700 12.73290
C 126.75000 102.57900 12.80010
C 124.42400 104.97200 12.72700
C 120.67800 104.01300 11.97650
C 127.86900 105.49700 12.89530
C 132.50700 100.92300 12.71690
C 130.19500 103.14700 12.83260
C 133.62000 103.91200 12.72870
C 131.26900 106.03600 12.84150
C 129.00900 100.16300 12.73190
C 135.92700 101.49900 12.56320
C 136.98900 104.51500 12.63380
C 139.17300 102.17800 12.46980
C 140.23900 105.17600 12.58260
C 144.82000 100.36500 12.29540
C 142.60600 102.59300 12.44120
C 143.77000 105.72900 12.54800
C 146.00500 103.23900 12.51840
C 147.14000 106.38100 12.54190
C 120.83900 112.35900 12.28810
C 122.24900 107.23700 12.65030
C 125.52200 107.91000 12.76510
C 126.73400 110.80100 12.80570
C 123.53900 110.20900 12.77550
C 124.62600 113.26400 12.82600
C 129.13900 108.40400 12.92580
C 132.47200 109.16100 12.86990
C 130.18400 111.46100 12.90940
C 133.70700 112.22300 12.72150
C 134.77400 106.84000 12.79740
C 135.75900 109.92000 12.76440
C 138.03300 107.38000 12.64840
C 139.21500 110.37800 12.53940
C 137.02500 112.72000 12.55700
C 140.41200 113.31600 12.49360
C 141.63100 108.07700 12.47530
C 144.85900 108.73600 12.45310
C 142.67400 110.98800 12.47940
C 145.97400 111.59700 12.38450
C 125.58300 116.02700 12.92770
C 122.40000 115.45000 12.77010
C 123.32600 118.40700 13.00120
C 126.83700 118.97400 13.12100
C 127.89500 113.79500 12.87650
C 131.35700 114.33500 12.86550
C 129.21600 116.73400 13.05930
C 132.53900 117.30400 12.83590
C 130.22300 119.69700 13.03010
C 134.79200 115.04000 12.68640
C 135.96100 117.98800 12.72840
C 138.17900 115.73600 12.65690
C 139.38300 118.68400 12.61770
C 141.52900 116.29100 12.48080
C 143.95000 113.96600 12.47310
C 147.17600 114.57400 12.39360
C 144.85600 116.89800 12.65270
C 142.66600 119.18500 12.61800
C 145.97000 119.92100 12.73080
C 120.74100 120.55500 12.39680
C 124.54700 121.29100 13.18710
C 122.41300 123.50000 13.40840
C 125.82600 124.46600 13.39720
H 122.24500 125.64100 12.04120
H 125.36000 126.22100 11.74380
H 120.71900 122.88200 11.60040
H 124.32200 123.26300 11.79790
C 132.60600 125.66900 13.02690
C 129.28500 124.83900 13.13570
C 131.49400 122.58100 13.04480
C 128.12300 121.97900 13.10140
C 133.58200 120.22800 12.87170
C 134.79200 123.24700 12.90400
C 138.11600 123.84500 12.94410
C 140.44300 121.58700 12.74920
C 135.79500 126.21000 13.05650
C 137.13800 120.88200 12.67630
C 143.72900 122.19100 12.84500
C 147.09800 122.96400 12.69410
C 141.46300 124.68300 12.99240
C 144.84700 125.20500 12.84830
C 120.96500 128.46400 12.60950
C 125.88300 132.66500 13.15790
C 127.03600 127.25600 13.24380
C 124.66100 129.62700 13.27120
C 122.59200 131.93700 13.29120
C 123.50900 126.72200 13.34780
H 120.91600 130.85800 11.98400
H 123.19700 128.55900 11.64990
H 126.54600 129.15100 11.71420
H 124.39500 131.47900 11.59100
C 128.03500 130.41400 13.22220
C 133.57800 128.60500 13.12730
C 130.33300 128.04900 13.14310
C 131.25600 131.00300 13.13320
C 136.94200 129.29100 13.10790
C 140.31000 129.86000 12.90750
C 139.07200 126.99600 12.99440
C 134.69800 131.66300 13.20050
C 138.08100 132.45700 13.04080
C 143.64300 130.60900 13.03000
C 145.96000 128.20000 12.88610
C 147.05200 131.17600 12.94620
C 141.31400 132.77000 12.91920
C 142.58200 127.64700 13.02230
C 151.43500 2.76762 9.56843
C 149.33600 5.16743 9.60391
C 152.67800 5.66491 9.69956
H 154.49000 5.14801 11.39080
H 151.12000 4.56635 11.27010
H 148.89500 6.93637 11.22450
H 153.29300 2.20205 11.12660
H 152.25200 7.52488 11.27970
H 150.09900 1.56530 11.32480
C 148.21700 1.96936 9.71291
C 154.97100 3.36769 9.69798
C 160.61200 1.37480 9.63044
C 158.37700 3.78631 9.58933
C 156.08800 6.20289 9.80376
C 159.44500 6.76356 9.57624
C 161.67000 4.37289 9.63808
H 158.02900 5.62742 11.24920
H 156.85800 2.69776 11.22200
H 160.18600 3.26521 11.25090
H 161.22600 6.27546 11.16900
C 163.93400 2.12482 9.76083
C 167.24400 2.76993 9.68980
C 165.02300 5.17911 9.67471
C 162.61100 7.44904 9.53302
C 168.38700 5.83923 9.67493
H 166.90700 4.58931 11.28550
H 163.49700 3.95860 11.32550
H 164.59700 6.99119 11.04880
H 167.97700 7.54613 11.38140
H 165.79300 1.60229 11.36320
H 169.12000 2.20804 11.30480
C 170.61900 3.43007 9.73481
C 173.99000 3.90563 9.66473
C 171.76700 6.31057 9.77163
C 175.08700 6.94268 9.64645
H 172.42500 2.88766 11.34700
H 173.63400 5.75146 11.29260
H 170.15600 5.23402 11.36310
C 150.48200 8.10058 9.65687
C 153.91600 8.66301 9.79091
C 151.65500 11.00780 9.89301
C 149.45400 13.33430 9.93292
C 152.65700 14.06180 10.02250
H 151.25700 12.79600 11.59530
H 154.51100 13.45630 11.63630
H 153.46000 10.44540 11.53910
H 150.03900 9.89230 11.34630
C 154.86700 11.64460 9.92114
C 148.25400 10.36540 9.71628
C 157.15000 9.31055 9.73347
C 158.23500 12.14500 9.74853
C 160.51000 9.80357 9.70213
C 161.57200 12.74380 9.68687
H 159.01100 8.59487 11.22430
H 155.74800 8.13515 11.36990
H 157.86500 13.98380 11.42810
H 160.03400 11.57480 11.37970
H 156.78100 11.07090 11.43030
C 166.26200 8.16684 9.69568
C 168.30000 14.07100 9.85925
C 163.84900 10.42750 9.65780
C 167.15400 11.09120 9.76196
C 165.03300 13.41290 9.88945
H 166.86600 12.88390 11.39340
H 163.35800 12.21180 11.29430
H 162.38800 9.21231 11.27350
H 165.62000 9.93369 11.33170
H 168.99200 10.56170 11.41040
C 169.49800 8.75786 9.81041
C 172.77300 9.34164 9.71850
C 170.58400 11.72430 9.86311
C 173.95800 12.24630 9.74301
H 171.35400 8.16676 11.45500
H 170.06400 13.49300 11.55070
H 172.42700 11.12990 11.42440
H 174.62000 8.75943 11.33190
H 173.54700 14.01860 11.45080
C 150.54200 16.29560 10.11400
C 153.88100 16.92160 10.05330
C 151.63400 19.09800 10.23410
H 152.35900 15.87850 11.74300
H 149.93000 18.08210 11.76160
H 148.94100 15.13240 11.64790
C 148.08700 18.51590 10.10030
H 153.64000 18.75230 11.65090
H 151.02200 21.01710 11.64800
C 155.10900 19.88800 9.99897
C 155.96900 14.55540 9.96618
H 161.18800 14.55710 11.35510
C 159.34100 15.18460 9.81924
C 157.24400 17.50650 9.96337
C 160.58800 18.11380 9.97106
C 158.39100 20.54650 10.03480
C 161.72900 21.07730 9.94567
H 156.87700 19.35250 11.53110
H 159.09200 16.98230 11.59550
H 155.72000 16.43220 11.60290
H 160.22700 19.96840 11.62290
C 165.99000 16.32110 9.99601
C 162.88500 15.65270 9.94419
C 163.92400 18.67010 9.90289
C 167.20900 19.35940 9.95896
H 167.83700 15.81340 11.58440
H 163.52400 20.50900 11.54920
H 165.72700 18.18840 11.54210
H 166.78300 21.18270 11.59610
H 164.59200 15.11130 11.65230
H 162.44300 17.54340 11.50280
C 171.61800 14.58720 9.94698
H 169.00800 18.80340 11.62530
C 169.45600 16.92530 10.04860
C 175.07200 15.10390 9.79612
C 172.87300 17.40230 9.87128
C 170.52200 19.81860 9.89444
C 174.03900 20.36410 9.72601
H 172.46800 19.32820 11.38740
H 174.67700 16.91660 11.49830
H 171.37300 16.43720 11.61820
C 149.15600 21.52480 10.07230
C 152.76700 21.98940 10.12850
C 150.41800 24.25890 10.07770
C 153.83500 25.06340 10.01460
H 154.73700 21.72740 11.64250
C 148.21300 26.61020 10.02400
H 152.34800 23.90640 11.66560
C 151.61900 27.35510 9.99745
H 148.82700 23.40510 11.70920
C 160.62600 26.43140 10.04180
C 157.30300 25.78680 10.02570
C 159.47900 23.42850 10.00060
C 156.26700 22.87270 10.03460
H 159.12000 25.27800 11.62190
H 156.82800 27.64550 11.65660
H 155.73200 24.69200 11.60420
H 161.38500 22.95070 11.51760
H 158.00100 22.34170 11.73470
C 168.38500 22.22810 9.93021
C 164.00200 27.01010 9.97149
C 165.03200 21.65770 9.96867
C 162.91600 24.06490 9.95137
C 166.23200 24.58510 9.87202
C 167.41300 27.61370 9.82778
H 165.95600 26.50380 11.48630
H 168.02500 24.08240 11.44550
H 162.48200 25.89730 11.63840
H 164.73500 23.56220 11.62080
H 169.23800 27.03490 11.42960
H 174.81500 25.12280 11.41210
C 175.13300 23.40730 9.63324
C 171.69000 22.78010 9.77198
C 172.96600 25.69470 9.80459
C 169.53800 25.19990 9.83189
H 172.57200 27.59810 11.35570
H 171.40900 24.64470 11.41900
H 170.28000 21.70300 11.52250
H 173.63500 22.20870 11.28920
C 153.71600 33.22160 10.05190
C 150.44400 32.74110 10.04290
C 149.35200 29.78410 9.87725
C 152.67300 30.41180 10.01790
C 154.97200 28.08040 10.04330
C 158.44400 28.71650 10.05860
C 161.72800 29.38280 10.00920
C 156.07300 30.93920 9.95817
C 157.21400 33.97920 9.90594
C 159.58500 31.65630 9.96835
H 160.25300 28.27870 11.70890
H 161.38000 31.23800 11.59760
H 159.02800 33.50990 11.49060
H 167.10100 29.44730 11.44590
C 168.54300 30.54120 9.73242
C 166.47100 32.88460 9.73864
C 162.89000 32.23340 9.82361
C 165.16700 29.84880 9.89979
H 163.61900 28.85650 11.63590
H 164.81600 31.82370 11.36280
H 162.50700 34.10550 11.32670
H 168.25300 32.36640 11.43080
H 174.91100 33.44800 11.24780
H 173.77200 30.48930 11.27640
C 174.17100 28.62790 9.73534
C 173.05400 34.01080 9.67222
C 175.25500 31.60830 9.61291
C 171.97000 31.15020 9.66355
H 171.57600 32.87510 11.36990
H 170.44000 29.97870 11.26350
C 170.81200 28.06680 9.71817
C 169.76800 33.47470 9.79960
C 151.64300 2.71171 12.88100
C 149.25800 5.02561 12.84920
C 152.59500 5.68940 12.94230
C 148.29400 2.09624 12.93750
C 154.93500 3.38607 12.74050
C 160.62500 1.42123 12.97000
C 158.36200 3.74335 12.88420
C 156.22900 6.21508 12.87920
C 159.51200 6.77854 12.87220
C 161.55400 4.47042 12.86710
C 163.92400 2.14019 12.93310
C 167.31500 2.81202 12.96610
C 164.95000 5.19604 12.78970
C 162.78400 7.32775 12.76260
C 168.33800 5.67356 13.01500
C 170.56900 3.32868 12.96180
C 174.04500 3.92917 12.92410
C 171.78100 6.25940 12.93640
C 175.06600 6.93952 12.97320
C 150.43100 7.97219 12.91010
C 153.94200 8.48870 12.99790
C 151.57000 10.85240 13.12510
C 149.31100 13.20540 13.12740
C 152.70900 13.95250 13.28220
C 148.19700 10.32180 12.94390
C 155.03900 11.55510 13.12170
C 157.33400 9.21565 12.96330
C 158.29400 12.14240 13.07950
C 160.57500 9.69755 12.88880
C 161.59000 12.75110 12.95610
C 156.17200 14.52210 13.14040
C 166.03100 8.03992 12.86770
C 163.79700 10.40730 12.97220
C 167.16600 11.02410 12.96780
C 168.21700 13.91740 13.13980
C 164.92500 13.40040 12.92260
C 169.48900 8.69867 13.02480
C 172.89200 9.27713 13.07570
C 170.58900 11.61020 13.06900
C 173.99400 12.18650 13.03310
C 150.48400 16.21460 13.30540
C 153.98300 16.97810 13.28140
C 151.70000 19.16730 13.16870
C 148.08600 18.64180 13.35820
C 155.17000 19.88500 13.23210
C 157.21400 17.51940 13.17540
C 159.39600 15.14420 13.07370
C 160.62900 18.10240 13.20430
C 158.33400 20.41600 13.22920
C 161.77600 21.08780 13.20910
C 166.01200 16.39980 13.20150
C 162.65700 15.64790 13.10630
C 163.92700 18.70020 13.17470
C 167.11900 19.33000 13.21570
C 171.73300 14.53020 13.09670
C 169.43000 16.89500 13.14720
C 175.17000 15.03090 13.04620
C 172.95800 17.62130 13.14840
C 170.69200 19.81140 13.07800
C 174.10700 20.43310 12.97270
C 148.25100 26.74450 13.15130
C 149.19000 21.55480 13.28050
C 152.79700 21.96250 13.16400
C 150.55600 24.37590 13.26270
C 153.89400 25.01370 13.27210
C 151.58000 27.44340 13.25200
H 153.43500 26.86930 11.67270
H 150.12200 26.20750 11.60650
C 156.22200 22.88810 13.28390
C 159.59500 23.41780 13.27810
C 157.24800 25.76640 13.23830
C 160.66700 26.41640 13.27810
C 162.88200 24.04230 13.23500
C 166.30000 24.68190 13.15660
C 167.48200 27.64000 13.10420
C 164.95100 21.71260 13.20690
C 164.20200 26.94650 13.16400
C 168.44400 22.28010 13.12670
C 175.27700 23.15770 12.89400
C 169.60200 25.15540 13.04420
C 171.92900 22.84980 13.00770
C 172.98500 25.76220 13.01960
C 149.37900 29.77710 13.21340
C 150.29900 32.71120 13.23450
C 153.99200 33.23780 13.23400
C 152.67800 30.27310 13.26570
H 148.83900 31.56660 11.56500
H 151.15600 29.23750 11.54670
H 154.54600 29.87840 11.66030
H 152.23600 32.16810 11.73240
C 154.98300 28.05210 13.26420
C 161.84700 29.44870 13.24210
C 158.35700 28.76440 13.26860
C 157.19400 33.93030 13.11890
C 159.53000 31.70950 13.18300
C 156.14300 31.02600 13.16430
H 158.03100 30.57940 11.58920
H 155.68900 32.78750 11.48220
C 168.71600 30.52780 13.03060
C 165.25300 30.07330 13.07960
C 166.40000 32.92370 12.98600
C 163.03100 32.34340 13.03550
C 170.72200 28.21940 12.99610
C 171.95600 31.00950 12.92890
C 173.13500 34.05550 12.98190
C 175.34400 31.65890 12.86620
C 169.79800 33.50230 12.98600
C 174.12500 28.65550 12.96040
C 151.60900 35.62040 9.98852
C 149.34400 38.01400 9.99834
C 152.62400 38.57450 9.89339
C 154.85200 36.16820 9.96297
C 148.28800 34.96780 9.95734
C 158.30300 36.87360 9.79483
C 156.08900 39.05310 9.83949
C 159.41200 39.76920 9.68810
C 161.86200 37.38320 9.71838
C 160.61000 34.54300 9.79974
H 160.22900 36.41190 11.34090
H 161.36100 39.33790 11.14310
C 164.09900 35.14500 9.77259
C 167.49000 35.77640 9.67870
C 165.22200 38.08230 9.69595
C 162.92600 40.40400 9.58463
C 168.60700 38.74260 9.65040
H 168.09900 40.57880 11.17080
H 164.76800 39.94350 11.25090
H 163.66800 37.04170 11.39580
H 165.98400 34.72370 11.32040
H 167.07200 37.64070 11.30880
H 169.29900 35.35620 11.38120
C 170.81400 36.42110 9.71126
C 174.20300 36.90600 9.58756
C 171.90700 39.34360 9.62381
C 175.31400 39.96240 9.58890
H 172.65400 35.85230 11.34020
H 173.83200 38.78360 11.18300
H 170.40200 38.31230 11.33960
C 150.40100 41.01370 9.87174
C 153.81700 41.42010 9.76675
C 151.57900 43.92240 9.85631
C 152.72900 46.83770 9.73915
C 149.51800 46.29560 9.76534
C 154.93200 44.40520 9.64994
C 148.22500 43.25890 9.88577
C 157.20400 42.20530 9.61240
C 158.36700 45.23520 9.75827
C 160.59300 42.80770 9.66099
C 161.64900 45.70570 9.61407
H 160.21200 44.62050 11.35870
H 158.00300 46.97830 11.50830
H 159.06900 41.63960 11.22970
H 161.35900 47.59930 11.24410
C 156.19900 47.37030 9.76269
C 166.24800 41.05590 9.60925
C 164.03500 43.27450 9.57857
C 167.43700 43.88200 9.47725
C 168.63300 46.99820 9.47101
C 165.14600 46.35910 9.41326
H 162.43600 42.26930 11.24950
H 165.90700 42.89300 11.21210
H 167.02400 45.80250 10.97930
H 163.62200 45.26100 11.03020
H 169.16200 43.49270 11.23860
H 171.41400 41.24700 11.12470
C 169.56500 41.75780 9.53166
C 173.11700 42.34540 9.68997
C 170.78000 44.63490 9.69501
C 174.33800 45.16750 9.73240
H 174.94100 41.74220 11.30630
H 170.32900 46.43250 11.14760
H 173.94000 46.98630 11.41830
H 172.68600 44.18730 11.32930
C 172.14400 47.45660 9.71728
C 150.49100 49.35530 9.69661
C 153.98800 49.91680 9.74040
C 151.65600 52.24680 9.79371
C 148.41300 51.55160 9.84363
C 154.94700 52.80400 9.74636
H 151.29600 54.06330 11.42430
H 153.46900 51.71190 11.41280
H 150.20700 51.09320 11.47870
C 159.41800 48.02560 9.75872
C 157.24300 50.42630 9.64386
C 160.62300 51.03200 9.66196
C 158.31700 53.34360 9.53694
H 160.13200 52.88650 11.15580
H 159.05800 49.88570 11.25980
H 156.87300 52.29220 11.27330
H 155.78700 49.28300 11.35180
C 161.69600 53.84740 9.50827
C 166.31500 49.28210 9.44672
C 162.83900 48.65910 9.52841
C 163.95400 51.66660 9.49743
C 167.38900 52.18180 9.45535
H 164.70600 48.23880 11.01890
H 168.10200 48.84580 11.08640
H 163.61200 53.49590 11.06880
H 165.84200 51.14650 11.06600
H 162.50500 50.52730 11.18410
H 167.06300 54.03570 10.99150
H 169.24800 51.69410 11.02500
C 169.77100 49.84440 9.44366
C 175.29000 48.05760 9.55163
C 173.09400 50.61040 9.47821
C 170.75700 52.92020 9.47538
C 174.08300 53.54710 9.54825
H 172.53800 52.34370 11.13690
H 171.54400 49.35250 11.04250
H 174.95200 49.96590 11.03920
C 148.26800 59.71340 9.65938
C 149.40100 54.50190 9.79846
C 152.67200 55.23340 9.73793
C 150.50800 57.48730 9.67665
C 153.86400 58.06950 9.55809
H 153.44900 59.98190 11.11230
H 152.37600 57.09990 11.25520
H 150.16900 59.37720 11.20560
H 154.56500 54.67110 11.35180
C 151.68800 60.45050 9.46437
H 148.96900 56.40420 11.36270
C 155.97700 55.69500 9.54919
C 159.50400 56.21360 9.42066
C 160.71800 59.24330 9.30220
C 157.12700 58.61260 9.39438
H 157.93700 55.26860 11.07590
H 159.10300 58.18570 10.87190
H 156.82900 60.49680 11.00720
H 155.69800 57.55540 11.13930
H 161.30200 55.77600 11.07380
C 164.10700 59.74570 9.30226
C 166.38000 57.43130 9.34375
C 168.57300 55.17880 9.47110
C 167.46200 60.47710 9.29083
C 165.18900 54.40750 9.39495
C 162.85100 56.80820 9.39415
H 168.08400 56.97260 11.09200
H 162.51100 58.71170 11.00190
H 165.92500 59.35280 10.90110
H 164.78900 56.34620 10.91320
H 169.18900 59.96110 10.97630
C 175.20600 56.33190 9.39023
C 172.97100 58.83220 9.50021
C 169.56200 58.05860 9.43487
C 171.81600 55.74330 9.54597
H 174.90000 58.23840 10.95680
H 173.70000 55.39100 11.14720
H 171.43000 57.64800 11.00820
H 170.30200 54.70960 11.21230
H 172.49000 60.64760 11.15350
C 154.92600 60.91260 9.47002
C 150.65400 65.57140 9.34854
C 152.86000 63.26010 9.53440
C 153.93600 66.22540 9.29438
C 149.38600 62.68030 9.44645
H 148.97500 64.58530 10.91140
H 154.73400 62.78280 11.06990
H 152.50100 65.14480 11.02780
H 151.19200 62.25970 11.09340
H 158.05600 63.38860 10.93830
H 160.33500 61.12830 10.87850
H 161.50500 64.07690 10.85840
H 159.26700 66.34550 10.77180
H 155.76500 65.71680 10.88470
C 159.60200 64.43990 9.24903
C 156.19300 63.85690 9.34412
C 157.28700 66.79870 9.26083
C 158.44300 61.45890 9.37825
C 161.76700 62.19960 9.21611
H 168.05500 65.31000 10.94840
H 166.98600 62.37950 10.74890
C 168.63400 63.53990 9.30023
C 166.28700 65.83030 9.25434
H 163.64100 61.67970 10.80140
H 164.73500 64.66760 10.77620
H 162.48600 67.02790 10.80660
C 162.92600 65.20740 9.14781
C 165.13500 62.82290 9.17338
H 173.73900 63.48690 11.08470
C 172.94000 66.97840 9.27751
C 170.69700 61.16930 9.47281
H 174.75100 66.45860 10.93400
C 175.32500 64.55650 9.44683
H 170.20400 62.96740 11.12960
C 169.64400 66.36440 9.38791
C 174.04000 61.60820 9.43476
H 171.48400 65.92380 11.01270
C 171.83100 64.06560 9.53351
C 151.58600 35.67920 13.29540
C 149.28300 38.00970 13.17780
C 152.74000 38.65510 13.16240
C 148.16900 34.94060 13.22870
H 148.97800 39.88260 11.59360
H 152.23400 40.44890 11.46890
H 154.45600 38.09310 11.50130
H 153.41000 35.10420 11.67360
H 151.20200 37.45570 11.62350
H 150.07800 34.56590 11.66100
C 155.04400 36.36820 13.17670
C 158.42500 36.88160 13.03320
C 156.11000 39.22360 12.97330
C 159.61100 39.89190 12.90170
C 161.78700 37.63580 12.92560
C 160.67000 34.61520 12.99280
H 157.95800 38.74100 11.42870
H 156.81800 35.80470 11.52250
C 162.88000 40.41790 12.84790
C 164.10200 35.22060 12.90950
C 167.44300 35.89510 12.98150
C 165.27600 38.23200 12.90010
C 168.59800 38.84710 12.90010
C 170.86800 36.54100 12.95850
C 174.29200 36.97830 12.83380
C 172.06400 39.47390 12.78360
C 175.37800 39.86200 12.89870
C 148.30600 43.36490 13.13970
C 150.52800 41.09740 13.17260
C 153.96900 41.45490 12.97330
C 151.70000 43.98870 13.02250
C 149.39900 46.37860 13.08420
C 152.89500 47.00210 12.96720
H 151.27800 45.82610 11.50310
H 153.51000 43.34360 11.38770
H 150.09100 42.84250 11.48210
H 154.61900 46.27870 11.31540
C 155.07900 44.50320 12.92860
C 157.29500 42.15130 12.89650
C 158.35900 44.97000 12.96900
C 160.59000 42.70000 12.89920
C 161.78300 45.66250 12.79400
H 156.82900 43.98800 11.24120
H 155.76600 41.03000 11.30760
C 166.33200 41.12390 12.84680
C 164.03300 43.51800 12.75130
C 167.41500 44.13580 12.81970
C 168.43300 47.00230 12.66950
C 165.23100 46.40450 12.61990
C 169.71000 41.63250 12.78190
C 172.99900 42.26750 12.83140
C 170.76900 44.57090 12.80280
C 174.34100 45.08970 13.00500
C 148.32000 51.66410 13.11640
C 150.67400 49.17430 12.98750
C 153.96800 49.79770 12.94400
C 151.65800 52.27710 13.08790
H 149.10200 48.14400 11.37430
H 152.41300 48.75720 11.25230
C 156.05900 47.43840 12.99480
C 155.08200 52.79170 12.90840
C 157.35900 50.49540 12.93310
C 159.57100 48.13320 12.95670
C 160.60000 51.11340 12.74070
C 158.40400 53.55760 12.77100
C 161.78300 53.95000 12.71270
C 166.24400 49.37580 12.68670
C 162.94800 48.68050 12.78050
C 164.07400 51.64460 12.69580
C 167.43600 52.24210 12.60960
C 171.91800 47.54390 12.71870
C 169.73100 49.88470 12.67850
C 175.47100 48.21960 12.81070
C 173.08100 50.39790 12.68220
C 170.67100 52.83910 12.74070
C 173.98200 53.49970 12.78540
C 148.26900 59.86880 12.78040
C 149.40700 54.62050 13.03110
C 152.74700 55.30130 12.96180
C 150.57200 57.57680 12.88840
C 153.97100 58.30920 12.76680
C 151.69700 60.53740 12.75870
C 160.60900 59.25450 12.54070
C 157.36000 58.71890 12.61020
C 159.48000 56.43700 12.64270
C 156.19900 55.71650 12.78490
C 166.17800 57.60770 12.59430
C 168.40400 55.13190 12.72630
C 162.97700 56.84540 12.59100
C 165.26500 54.53260 12.56300
C 164.13100 59.90050 12.49910
C 167.43700 60.60450 12.49820
C 169.57600 58.15570 12.62390
C 171.85400 55.98280 12.77970
C 173.05400 58.82340 12.55270
C 175.37200 56.48740 12.65700
C 154.08000 66.27840 12.63500
C 149.43500 62.83800 12.67880
C 150.53700 65.73030 12.48380
C 152.91000 63.29990 12.61470
C 155.09400 61.02900 12.68450
C 156.21600 63.94830 12.60380
C 157.37700 66.99300 12.37140
C 161.93400 62.20670 12.47300
C 159.66800 64.59150 12.45920
C 158.43000 61.71740 12.48750
C 162.97900 65.24980 12.45900
C 168.29900 63.45390 12.59930
C 165.11600 62.83580 12.37900
C 166.14800 65.86450 12.49970
C 172.99500 67.07380 12.63680
C 175.26300 64.69250 12.65640
C 170.59000 61.04270 12.65730
C 169.59400 66.42490 12.59570
C 174.18800 61.66810 12.68080
C 171.86000 64.05120 12.63250
C 151.75400 68.62770 9.25171
C 149.40900 71.02290 9.16720
C 152.88100 71.57230 9.14377
H 152.37800 73.52620 10.68820
C 155.05800 69.14060 9.28491
H 153.52100 68.07390 11.00480
H 149.05100 72.82830 10.82370
H 150.13500 67.50360 10.78670
H 154.72600 71.07160 10.79800
H 151.27500 70.49790 10.79350
C 148.24600 67.97290 9.21226
C 158.28200 69.84660 9.12321
C 156.12000 72.23300 9.05715
C 159.38700 72.61780 8.99053
C 161.81600 70.33770 9.16388
C 160.74500 67.49610 9.10721
H 160.14300 69.33670 10.68590
H 156.92800 68.69130 10.88900
H 161.26200 72.31260 10.57240
H 157.90400 71.71450 10.74080
C 164.05200 68.18740 9.22037
C 167.41800 68.68490 9.34832
C 165.22000 70.98120 9.18533
C 162.73900 73.39950 8.89135
C 168.51300 71.60070 9.12414
H 167.02100 70.61630 10.87700
H 168.03200 73.59070 10.57390
H 163.58800 70.04330 10.84180
H 165.75600 67.67290 10.93080
H 164.62500 72.96200 10.58250
H 169.23800 68.26320 11.01070
C 170.78600 69.33790 9.33061
C 174.07000 70.01280 9.27630
C 171.67100 72.30270 9.09802
C 175.14300 72.84700 9.16455
H 172.57500 68.83930 10.94310
H 173.52400 71.87690 10.78090
H 170.25600 71.23040 10.82020
C 150.55100 73.92750 9.05743
C 153.99400 74.51180 9.02012
C 151.64300 76.77760 8.94621
C 149.27500 79.26560 8.86191
C 152.67300 79.99930 8.80263
H 151.13900 78.77940 10.36450
H 153.47500 76.46600 10.53020
H 154.51900 79.45430 10.44960
H 149.99400 75.84430 10.52250
C 148.18600 76.37610 8.95220
C 154.88500 77.66920 8.84139
C 157.06400 75.38230 8.91558
C 158.33700 78.26650 8.73363
C 160.53800 75.69360 8.72969
C 161.65400 78.84470 8.77942
H 157.97800 80.07730 10.40160
H 160.09300 77.60900 10.28460
H 155.78600 74.07690 10.69910
H 159.01800 74.65060 10.37150
H 156.83500 77.09120 10.31380
C 156.12600 80.56520 8.87780
C 166.15700 74.09150 8.97909
C 168.30700 79.96170 8.84924
C 164.01200 76.47710 8.81025
C 167.33500 77.02000 8.91464
C 164.96800 79.39440 8.87664
H 165.74500 75.98300 10.49660
H 163.46700 78.28890 10.42790
H 162.41500 75.32630 10.39660
H 166.80600 78.90040 10.52320
H 169.14800 76.53270 10.52740
H 171.34500 74.19800 10.64170
C 169.54600 74.65150 8.93441
C 172.97800 75.17150 9.05425
C 170.71600 77.56900 8.87016
C 174.21800 78.27200 8.97879
H 170.26800 79.46610 10.40480
H 172.59100 77.13160 10.49160
H 173.72900 80.09240 10.59470
H 174.79700 74.73900 10.76070
C 150.37800 82.25320 8.84294
C 153.75600 82.86160 8.87750
C 151.57900 85.23900 8.91794
H 152.21200 81.73670 10.50570
H 148.90600 81.12200 10.49330
H 149.99700 84.08460 10.45090
H 153.33400 84.65700 10.55640
H 151.10400 87.09150 10.46930
C 148.25600 84.52740 8.70782
C 154.78700 85.71390 8.80231
H 161.24600 80.64810 10.44990
C 157.16700 83.53810 8.74688
C 159.39000 81.11700 8.81620
C 160.48800 84.11980 8.79840
C 158.26000 86.42580 8.76943
H 156.66600 85.35680 10.34090
H 155.63200 82.44980 10.40740
H 158.94500 83.00950 10.40650
H 160.09200 85.96460 10.39060
C 161.65900 87.01900 8.71648
C 166.18700 82.40740 8.81018
C 162.77700 81.82580 8.83665
C 163.89200 84.62250 8.82855
C 167.41200 85.28490 8.79660
H 165.82600 84.24710 10.42230
H 164.60200 81.30170 10.46890
H 162.30200 83.65450 10.45210
H 163.57200 86.57420 10.29000
H 167.96400 81.80770 10.48030
H 166.96400 87.15100 10.34860
C 171.97700 80.55300 8.87058
H 169.17900 84.70650 10.42770
C 169.66200 82.82210 8.85524
C 175.23700 81.13730 8.96719
C 172.98200 83.51360 8.89021
C 170.66400 85.92510 8.86815
C 173.90200 86.44790 8.88678
H 172.44000 85.31860 10.49570
H 171.44200 82.39640 10.48870
H 174.74500 83.01810 10.57120
C 149.40500 87.59690 8.70787
C 153.78500 91.05970 8.64536
C 152.62400 88.15770 8.78482
C 150.41500 90.50590 8.78922
C 151.45200 93.55410 8.82295
H 148.81500 89.34260 10.38250
H 149.92100 92.30820 10.41150
H 152.26200 90.05990 10.31650
H 153.37000 92.91580 10.22960
H 154.42000 87.60350 10.42310
C 148.06700 92.90190 8.82078
C 156.01000 88.61160 8.79710
C 159.45400 89.37630 8.73943
C 157.19600 91.50920 8.76385
C 160.63700 92.20790 8.79614
H 157.93300 88.31150 10.33700
H 159.04600 91.15020 10.40890
H 155.58900 90.53270 10.29410
H 156.81400 93.48470 10.25830
H 161.34800 88.88160 10.26120
C 162.98000 90.00630 8.77343
C 168.53900 88.36870 8.89038
C 165.06800 87.69400 8.74459
C 166.17000 90.62440 8.82367
C 167.34400 93.52470 8.81279
C 163.91400 92.98250 8.73420
H 162.49300 91.81390 10.37480
H 165.74200 92.42190 10.36770
H 167.98100 90.14670 10.51680
H 164.70600 89.46180 10.44000
H 169.17900 93.01310 10.44130
C 169.59100 91.18380 8.84748
C 171.71300 88.77270 8.96925
C 173.03800 91.80520 8.92670
C 175.18600 89.37230 8.99472
H 172.54100 93.57450 10.59170
H 170.20400 87.65910 10.61470
H 171.44600 90.69340 10.45810
H 174.66800 91.20270 10.61360
H 173.55400 88.27340 10.54030
C 149.28400 95.80900 8.91098
C 153.95300 99.33290 8.99122
C 150.42700 98.77380 8.96415
C 152.70600 96.34000 8.91642
H 154.55300 95.86350 10.49580
H 152.28300 98.22140 10.52160
H 151.06400 95.32170 10.54820
H 148.85300 97.64500 10.53880
C 154.97300 94.06530 8.72196
H 161.22300 97.11070 10.39540
H 157.93700 96.40130 10.44640
H 160.22800 94.08050 10.34340
H 159.03600 99.44860 10.54850
H 155.78300 98.72610 10.56290
C 158.36600 94.58150 8.74719
C 159.35700 97.62030 8.84751
C 161.67700 95.32090 8.74672
C 157.19800 99.98710 8.91400
C 156.08300 96.94070 8.84078
H 162.40000 100.03400 10.48800
H 163.51900 94.75560 10.34700
H 168.15500 98.32810 10.64060
H 166.97400 95.39130 10.47010
H 164.72100 97.68590 10.43340
C 168.57300 96.63270 8.90424
C 165.18100 95.82040 8.79762
C 166.39500 98.93620 9.00821
C 162.91000 98.19280 8.87733
C 174.02000 94.79060 8.99037
C 175.26700 97.75250 9.06030
C 171.89600 97.19230 8.97285
H 170.36800 95.96460 10.49420
H 173.71300 96.58080 10.64530
H 171.44200 98.94530 10.61610
H 174.85400 99.49670 10.77480
C 169.62600 99.56640 9.03853
C 173.04900 100.13300 9.15874
C 170.76900 94.14630 8.88194
C 151.63800 68.68120 12.48300
C 149.45300 71.07910 12.49070
C 152.84000 71.69180 12.37120
C 148.37600 68.09020 12.50140
C 155.04900 69.26040 12.50170
C 158.44500 69.99820 12.39360
C 156.19000 72.29590 12.46130
C 159.47200 72.98270 12.19020
C 161.61900 70.57270 12.28030
C 160.69200 67.62690 12.41370
C 163.87100 68.22920 12.48510
C 167.30700 68.83030 12.56010
C 165.11100 71.30610 12.37470
C 162.69200 73.55900 12.10300
C 168.51400 71.95040 12.39150
C 170.69900 69.41170 12.51840
C 174.06000 70.15970 12.49290
C 171.70100 72.48110 12.39690
C 175.20200 72.96760 12.36680
C 150.53000 74.20360 12.31250
C 153.95500 74.73000 12.25010
C 151.61000 76.98810 12.05070
C 149.44700 79.26530 12.14130
C 152.65100 79.85820 12.08190
C 148.30800 76.37440 12.21880
C 155.12500 77.60540 12.04710
C 157.36700 75.40260 12.09010
C 158.35800 78.22750 11.96470
C 160.49300 75.81930 12.00180
C 161.57600 78.73530 11.95550
C 166.16500 74.14560 12.11510
C 163.91200 76.46930 12.06810
C 167.28100 77.08370 12.13290
C 168.47300 79.98740 12.06850
C 164.91800 79.40260 12.10060
C 169.50900 74.78220 12.22690
C 172.92500 75.38300 12.21880
C 170.74600 77.70650 12.10050
C 174.09300 78.25600 12.19380
C 171.75900 80.46610 12.04890
C 150.40400 82.30270 12.10860
C 153.83700 82.76000 12.08240
C 151.41800 85.22800 12.10020
C 148.09200 84.68820 11.95010
C 154.90600 85.84650 12.07830
C 156.15500 80.64430 11.97540
C 157.12800 83.59140 11.99870
C 159.43100 81.30200 12.05290
C 160.41800 84.17060 12.01310
C 158.19800 86.46910 11.94670
C 161.72700 87.02600 11.89420
C 166.11600 82.39130 12.08310
C 162.74900 81.78530 12.06620
C 163.95200 84.69860 11.95660
C 167.36600 85.34200 12.02110
C 169.52900 82.89530 12.07030
C 175.18100 81.28600 12.25700
C 172.87900 83.60980 12.16780
C 170.58300 85.85040 12.13590
C 173.95300 86.45180 12.08490
C 149.17800 87.47420 11.99060
C 152.61600 88.24590 12.02210
C 150.41500 90.39980 11.94580
C 153.77300 91.16150 11.91950
C 148.08500 92.67870 12.11520
C 151.56300 93.31110 11.94110
C 159.54600 89.28210 11.97900
C 160.59400 92.21820 11.99010
C 157.10700 91.62050 11.89130
C 156.10800 88.73200 11.92660
C 167.28700 93.42270 11.99700
C 168.31400 88.29340 12.13050
C 162.84500 89.98500 11.98050
C 166.10300 90.65940 12.08470
C 165.12500 87.56950 11.98920
C 163.96600 92.98170 12.02250
C 171.77500 88.88630 12.11090
C 172.92000 91.71980 12.19090
C 175.08800 89.33310 12.17690
C 169.55100 91.20660 12.06960
C 149.26300 95.84830 12.19280
C 152.68900 96.32950 12.13070
C 150.51500 98.59030 12.18980
C 153.91300 99.22480 12.12690
C 154.97800 93.86360 11.93470
C 159.48000 97.52870 12.06040
C 157.26600 99.84650 12.24500
C 158.35800 94.56980 11.93700
C 156.14400 96.84800 12.15370
C 161.71500 95.27180 11.95280
C 166.27500 98.73970 12.18170
C 168.49700 96.36960 12.14550
C 162.83900 98.09790 12.05630
C 165.04500 95.82030 12.03160
C 169.64500 99.34590 12.33130
C 170.69600 94.16470 12.13300
C 173.94500 94.69990 12.27640
C 175.15400 97.64150 12.38240
C 171.84200 97.04460 12.17500
C 172.91200 99.93450 12.34150
C 151.58200 101.69200 9.09623
C 149.37000 104.01100 9.24331
C 152.67900 104.70300 9.17399
H 150.05500 100.52700 10.71420
H 148.92300 105.86000 10.89130
H 153.43700 101.15300 10.65070
H 154.47800 104.09300 10.81730
H 152.38200 106.50000 10.83790
H 151.21500 103.44800 10.80490
C 148.21300 101.09200 9.11466
C 154.92000 102.42800 9.03840
C 158.34100 102.97500 9.06627
C 156.10400 105.19700 9.32182
C 159.49700 105.94200 9.23328
C 161.79400 103.58800 9.10816
H 160.24300 102.36900 10.64760
H 156.79800 101.67700 10.54300
H 158.05900 104.71600 10.80070
H 161.33100 105.39400 10.78780
C 160.52800 100.62100 8.92398
C 163.95100 101.25900 9.03907
C 167.32200 101.85700 9.10338
C 165.08900 104.13400 9.20120
C 162.90600 106.51300 9.23506
C 168.48800 104.76200 9.26845
H 166.89100 103.66100 10.80220
H 164.72000 105.94300 10.85610
H 168.02500 106.59100 10.84250
H 163.52300 102.98300 10.80430
H 165.74800 100.65900 10.68250
H 169.15300 101.29600 10.76090
C 170.75400 102.50000 9.24378
C 174.17200 102.96900 9.29296
C 171.96600 105.29200 9.27830
C 175.33700 105.88900 9.47846
H 170.34500 104.26300 10.95440
H 172.52200 101.83900 10.84110
H 173.71700 104.75100 10.96810
C 150.47700 106.92900 9.28813
C 154.03000 107.53900 9.24732
C 151.74000 109.93800 9.30248
C 152.75800 112.80200 9.27637
C 149.45700 112.09000 9.16605
H 150.15300 108.82400 10.89910
H 153.59100 109.36600 10.91650
H 151.16600 111.74200 10.91090
H 154.58300 112.34300 10.90100
C 148.27300 109.25300 9.28095
C 155.08500 110.51900 9.28899
C 157.19300 108.04300 9.37543
C 158.38100 111.17900 9.39943
C 160.54300 108.83900 9.33321
C 161.77800 111.81800 9.42259
H 160.20200 110.71700 10.96570
H 159.09300 107.70400 10.97430
H 157.87200 112.99900 11.05680
H 156.85100 109.95400 11.00070
H 155.76700 106.99100 10.98150
C 166.19000 107.18700 9.27291
C 163.90300 109.44100 9.35487
C 167.31500 110.04400 9.45771
C 168.32600 112.90900 9.53833
C 165.11300 112.31800 9.51645
H 163.53500 111.24300 11.12140
H 162.42800 108.30300 10.90800
H 166.83900 111.79600 11.20600
H 165.71400 108.91000 11.01320
H 171.58200 107.20100 10.74620
C 169.63800 107.67900 9.23319
C 173.16900 108.44400 9.28024
C 170.73700 110.59500 9.34757
C 174.10600 111.34200 9.36565
H 172.55300 110.14300 10.99960
H 174.76400 107.70500 10.96480
H 169.23900 109.49100 10.92450
H 173.57900 113.11700 11.02400
H 170.27200 112.47900 10.98430
C 150.53700 115.18000 9.20459
C 153.86700 115.90200 9.28031
C 151.59500 118.25800 9.31095
H 148.93200 114.02100 10.70640
H 150.07200 117.01600 10.87800
H 152.32500 114.69500 10.83130
H 153.33100 117.64000 10.98240
C 148.21300 117.57800 9.30953
C 154.91100 118.73700 9.45682
H 151.12500 119.96300 11.09810
H 161.41400 113.62100 11.06010
C 156.15300 113.54100 9.32942
C 157.25100 116.39700 9.50925
C 159.49300 114.09500 9.48412
C 160.59700 117.06100 9.44502
C 158.27000 119.37300 9.49003
H 159.09900 115.94300 11.11500
H 155.56000 115.32500 10.96280
H 156.75500 118.25500 11.09210
H 160.13100 118.85300 11.06840
C 161.67300 120.17600 9.59770
C 166.10300 115.29500 9.48072
C 162.88400 114.84700 9.42355
C 163.97700 117.84000 9.46750
C 167.17700 118.36300 9.50897
H 162.42400 116.64200 11.04300
H 163.48000 119.56000 11.18600
H 165.68900 117.12600 11.10950
H 167.92700 114.77600 11.14510
H 164.60500 114.19100 11.04890
H 166.76600 120.11100 11.28060
C 171.78700 113.65100 9.34556
H 168.96000 117.79400 11.09400
C 169.40600 115.93500 9.52107
C 174.04700 119.39700 9.55352
C 175.16600 114.31400 9.53360
C 172.97700 116.54300 9.66646
C 170.61700 118.89500 9.58824
H 171.29200 115.42200 11.12920
H 172.44600 118.41700 11.25290
H 174.81500 116.08000 11.31680
C 149.34500 120.59700 9.42604
C 151.56900 126.51800 9.69049
C 153.75000 124.07800 9.65037
C 150.47800 123.60900 9.45020
C 152.61300 121.18300 9.45665
H 149.98400 125.39600 11.17760
H 148.98700 122.44900 11.03940
H 152.17500 122.93800 11.15130
H 153.36300 125.88500 11.26640
H 154.44000 120.55400 11.10700
C 148.17000 125.96300 9.53438
C 155.99300 121.73200 9.54311
C 159.43900 122.38900 9.58944
C 157.07900 124.64400 9.66588
C 160.35000 125.36100 9.65862
H 156.65100 126.45900 11.30290
H 155.56800 123.46900 11.27410
H 157.88900 121.22800 11.11730
H 161.09100 121.80700 11.31430
H 158.90100 124.17300 11.25020
C 168.34000 121.15400 9.68606
C 167.21400 126.47100 9.70667
C 162.62100 122.96200 9.72015
C 166.12400 123.65600 9.63272
C 164.96100 120.78700 9.65137
C 163.88400 125.94000 9.66690
H 162.22900 124.79700 11.23160
H 164.54200 122.54500 11.25120
H 165.68700 125.42400 11.35580
H 167.90800 123.07900 11.26030
H 169.08900 126.00300 11.25990
C 169.50300 124.14000 9.67825
C 175.18300 122.58300 9.62809
C 172.91500 124.78000 9.76442
C 171.71100 121.83700 9.71339
H 172.55300 126.55200 11.43740
H 171.30000 123.69500 11.35240
H 170.22400 120.69300 11.28040
H 174.69300 124.23400 11.46090
H 173.71300 121.26900 11.11930
C 150.48800 131.73500 9.67271
C 153.79800 132.36200 9.54768
H 152.32100 131.20300 11.21780
C 152.60800 129.30900 9.64887
C 149.34000 128.94200 9.61835
H 154.47200 128.75900 11.19580
H 148.87900 130.73800 11.27010
H 151.07400 128.31100 11.32740
C 154.95600 126.91900 9.59131
C 158.11500 127.63700 9.69813
H 159.05000 132.41800 11.31230
C 157.20000 132.75700 9.67893
C 155.99500 129.93800 9.67903
C 159.43300 130.57300 9.74452
C 161.48200 128.26300 9.72075
H 161.18300 130.08600 11.44170
H 155.53200 131.79200 11.29830
H 157.82900 129.50700 11.28000
H 159.95400 127.13400 11.35260
C 162.79600 131.04400 9.81097
C 165.03500 128.83400 9.63844
C 168.38800 129.30300 9.75284
C 166.08900 131.81800 9.63520
H 162.38100 132.97600 11.33190
H 163.41200 127.78500 11.12960
H 164.67000 130.64700 11.36460
H 166.81200 128.32100 11.36320
H 167.93000 131.29200 11.19310
C 169.53500 132.39100 9.65791
H 173.49800 129.56400 11.47850
C 172.80000 133.01600 9.73943
H 171.30300 131.85000 11.38970
H 174.64600 132.51900 11.36210
H 170.22400 128.92900 11.39500
C 170.77500 127.08600 9.78915
C 174.03300 127.74100 9.81390
C 171.76400 130.02000 9.76471
C 175.10200 130.62100 9.85676
C 151.61800 101.55600 12.36250
C 149.31500 103.96600 12.40180
C 152.69900 104.60500 12.45190
C 148.16200 100.98900 12.30410
C 155.06800 102.13600 12.27970
C 160.61700 100.41200 12.21380
C 158.35200 102.70700 12.25480
C 156.16500 105.00800 12.38790
C 159.54400 105.83400 12.48730
C 161.66200 103.46000 12.37660
C 163.83300 101.00700 12.28920
C 167.26800 101.74300 12.36220
C 165.05200 104.02900 12.44220
C 162.89000 106.39400 12.44430
C 168.45000 104.74700 12.48300
C 170.66900 102.31000 12.42890
C 174.01900 102.79300 12.48070
C 171.86400 105.36900 12.50380
C 175.10400 105.89600 12.63240
C 150.54400 106.95400 12.48960
C 153.89300 107.51700 12.56320
C 151.72200 109.91600 12.49580
C 149.32200 112.31000 12.52970
C 152.72300 112.89500 12.48240
C 148.27300 109.20700 12.49740
C 155.05100 110.53200 12.56340
C 157.26100 108.10100 12.64310
C 158.35100 111.10100 12.60040
C 160.59700 108.86300 12.54420
C 161.69200 111.77000 12.66640
C 155.98400 113.49500 12.61060
C 166.24300 107.06200 12.52470
C 163.89500 109.36100 12.61390
C 167.42000 109.82800 12.62440
C 168.49800 112.96300 12.67680
C 165.00300 112.43800 12.72260
C 169.73000 107.52700 12.39340
C 172.90400 108.24400 12.56570
C 170.70200 110.64400 12.59790
C 174.02900 111.25400 12.63280
C 171.75600 113.51300 12.69870
C 150.39400 115.12100 12.38770
C 153.71300 115.80300 12.58140
C 151.50800 118.07800 12.63270
C 148.22200 117.55600 12.53110
C 154.83600 118.65900 12.66200
C 157.12700 116.31300 12.62720
C 159.49700 114.08000 12.63760
C 160.68100 117.05800 12.72890
C 158.27500 119.31900 12.70410
C 161.58400 119.91900 12.78290
C 166.07600 115.27300 12.70210
C 162.85500 114.82700 12.70500
C 163.95900 117.67900 12.75560
C 167.18300 118.21600 12.79730
C 169.44100 115.94800 12.71190
C 175.25500 114.25500 12.56060
C 172.85300 116.49200 12.81430
C 170.51500 118.77600 12.81880
C 174.11400 119.43200 12.81490
C 149.23700 120.55000 12.62570
C 152.60600 121.10200 12.75010
C 150.35900 123.53800 12.78040
C 153.68700 123.94600 12.82490
C 151.52000 126.52300 12.82800
C 148.24600 125.96100 12.80810
C 159.23900 122.39000 12.87460
C 156.02500 121.51500 12.75520
C 160.40500 125.27700 12.86040
C 157.08800 124.66800 12.88090
C 162.61300 122.93900 12.84410
C 168.35600 121.27000 12.83640
C 166.06800 123.55900 12.93830
C 163.73900 125.95800 12.81710
C 167.30500 126.45900 12.92180
C 164.90400 120.68100 12.86150
C 171.90300 121.75800 12.79630
C 172.86800 124.72100 13.06730
C 175.20300 122.31700 12.89060
C 169.46500 124.19700 12.89000
C 149.20800 128.93900 12.86430
C 150.49300 131.74800 12.89070
C 153.74100 132.45200 12.85660
C 152.72900 129.33600 12.86630
C 154.80800 126.99800 12.90660
C 158.14400 127.67900 12.96930
C 157.14200 132.84400 12.89880
C 161.67400 128.19600 12.88190
C 159.22900 130.56300 12.96930
C 155.94300 129.95300 12.89500
C 168.29300 129.48000 12.90410
C 166.20000 131.77800 12.96690
C 164.90400 128.79700 12.89800
C 162.83400 131.19500 12.97000
C 172.82900 133.02900 12.94740
C 175.17300 130.64500 12.96590
C 171.66700 130.08300 13.08300
C 169.39000 132.35600 12.92900
C 170.67600 127.03100 12.96480
C 174.02600 127.69500 13.05660
C 177.35400 4.54578 9.71933
C 179.51000 2.30431 9.68325
C 180.66500 5.16807 9.79996
C 178.44700 7.54148 9.73683
H 176.86500 6.37973 11.30690
H 180.27400 7.00675 11.41580
H 179.12800 4.10732 11.45050
H 181.37000 1.66029 11.24690
C 176.19000 1.53991 9.64293
H 182.45600 4.56297 11.38630
H 175.82800 3.39521 11.28050
C 182.98100 2.76699 9.68349
C 184.07100 5.59262 9.75664
C 186.54600 3.33444 9.70363
C 187.60400 6.25671 9.72903
H 185.99100 5.18182 11.30390
H 184.90800 2.19117 11.25960
H 189.36300 5.73537 11.43340
H 183.66600 7.44247 11.34200
H 188.25700 2.84181 11.42960
C 189.91500 3.87144 9.84469
C 193.14500 4.54751 9.89383
C 190.93400 6.87414 9.81995
C 195.52400 2.23679 9.89090
C 196.64500 5.23473 10.00860
C 194.44700 7.46458 9.98974
C 192.05100 1.60502 9.83481
H 196.24600 7.01349 11.64530
H 195.00100 4.06359 11.49730
H 192.74100 6.39466 11.49240
H 191.62200 3.42007 11.51390
C 198.86700 2.77087 9.95539
C 200.15300 5.66625 9.88733
C 202.12400 3.44267 9.99476
C 203.25100 6.36760 9.96424
H 199.60600 7.55433 11.44970
H 200.65000 2.30408 11.60700
H 197.27000 1.77013 11.62120
H 201.82000 5.24717 11.69050
H 198.55500 4.65072 11.49840
C 181.83500 8.02882 9.74055
C 176.22400 9.78623 9.75012
C 177.42400 12.71010 9.82680
C 180.79600 13.35260 9.71069
C 179.65700 10.44160 9.76426
H 179.32900 12.27110 11.42660
H 178.09300 9.31143 11.35330
H 181.52900 9.89006 11.30120
H 182.65400 12.80980 11.33060
H 175.76200 11.68060 11.29700
C 183.07500 11.04750 9.67855
C 185.19800 8.55487 9.70736
C 188.73300 9.27346 9.81026
C 184.26300 13.93710 9.81660
C 186.43200 11.53900 9.85823
H 188.30200 11.06010 11.43060
H 185.99400 13.34390 11.47460
H 187.09800 8.10885 11.32900
H 184.84100 10.37270 11.35330
H 189.35400 13.95670 11.52540
C 189.87200 12.17240 9.80669
C 193.18300 12.78890 9.95974
C 192.09800 9.86999 9.86900
C 196.72200 13.52160 10.01800
C 195.39300 10.39900 9.88163
H 190.50800 8.70416 11.44330
H 193.88400 9.26468 11.51320
H 195.08100 12.26260 11.42880
H 191.60800 11.59210 11.49770
C 197.70700 8.19957 9.92139
C 201.09800 8.79018 9.99644
C 200.08400 14.12330 10.07500
C 199.10800 11.21630 9.95140
C 202.25800 11.60410 10.12120
H 201.90900 13.48040 11.53870
H 198.49400 12.89220 11.61630
H 202.98100 8.18093 11.54150
H 200.66200 10.52070 11.78310
H 197.38800 9.97034 11.28510
H 176.95600 14.66520 11.32030
H 175.84900 19.85950 11.38250
C 182.03300 16.26160 9.79873
C 178.58700 15.74170 9.83346
C 179.69300 18.56290 9.74652
C 176.27200 17.98450 9.90835
H 179.34300 20.49980 11.27090
H 180.47100 15.14930 11.42710
H 178.20200 17.59020 11.52470
H 181.54500 18.12710 11.37650
H 182.69400 21.08940 11.48290
C 177.45500 20.79600 9.68996
C 187.57300 14.49670 9.88946
C 183.10800 19.22780 9.86165
C 185.28600 16.87960 9.83769
C 188.61900 17.44070 9.85650
C 186.45000 19.82060 9.86878
H 183.75500 15.73480 11.50240
H 184.93000 18.73710 11.53330
H 188.26300 19.26780 11.47340
H 187.09100 16.28610 11.45540
H 192.76400 14.59190 11.63620
C 189.89400 20.32960 9.89782
C 190.94400 14.98410 9.92326
C 194.45000 15.54540 10.11680
C 192.07300 17.99290 10.00260
C 195.49100 18.59160 10.04750
H 193.93600 17.49680 11.66520
H 195.00200 20.47890 11.66220
H 190.41600 16.83830 11.50650
H 191.65800 19.87080 11.60530
H 196.28300 15.24080 11.79970
C 193.20200 21.01560 9.94620
C 203.37200 14.76120 9.97712
C 201.07200 17.07740 10.08820
C 197.73500 16.37490 10.04520
C 198.75000 19.29120 10.12460
C 202.20400 19.81260 10.08020
H 197.27500 18.18500 11.76250
H 202.91000 16.48720 11.64140
H 200.59200 18.91180 11.74860
H 199.54000 15.95590 11.67820
H 198.30500 21.17250 11.77050
C 180.96000 21.58900 9.73330
C 178.74200 23.88820 9.65596
C 182.11400 24.51390 9.84178
C 179.83400 26.75170 9.76007
H 180.52800 23.42370 11.34620
H 178.18900 25.70070 11.30610
C 176.32900 26.28210 9.74512
H 181.61300 26.33790 11.45580
H 177.04400 22.74760 11.14570
C 183.14800 27.36350 9.71587
C 188.72700 25.69380 9.75978
C 185.33200 25.02160 9.80908
C 187.73800 22.77560 9.88628
C 184.23600 22.25940 9.88476
H 188.29100 27.58030 11.34120
H 183.83000 24.05350 11.55690
H 184.94800 26.96610 11.25060
H 187.18600 24.66730 11.42890
H 186.08700 21.69740 11.42400
H 189.45500 22.14020 11.59170
C 190.98200 23.26750 9.91848
C 192.05300 26.27870 9.74933
C 195.43800 26.88920 9.80133
C 194.23800 23.94060 9.85756
C 196.57300 21.56430 10.06540
H 190.52400 25.19950 11.40960
H 193.84400 25.83770 11.43580
H 196.04100 23.49450 11.57670
H 192.77800 22.82330 11.59630
C 198.78900 27.47660 9.77767
C 199.83600 22.13030 10.07890
C 197.64700 24.52940 9.94984
C 201.02300 25.18640 9.88630
C 203.27000 22.76390 9.86265
H 197.27300 26.46070 11.43650
H 199.50900 24.12040 11.53780
H 200.56800 27.05250 11.48540
H 202.87900 24.65010 11.47970
H 201.79600 21.73540 11.58480
H 175.97400 28.06320 11.41410
H 182.65200 29.27080 11.25810
C 178.59300 32.15640 9.52035
C 180.92100 29.70930 9.53865
C 182.13000 32.76660 9.53942
C 177.55800 29.10390 9.66849
H 179.42600 28.64140 11.23480
H 180.48100 31.63090 11.05360
H 178.24200 34.04260 11.13210
H 177.13900 31.02210 11.18220
H 186.02100 29.97050 11.23920
C 185.41300 33.40150 9.64142
C 184.16600 30.42230 9.62715
C 186.51400 28.07770 9.64293
C 187.55400 31.12430 9.61180
C 188.71600 34.05300 9.57700
H 187.21000 32.93860 11.25360
H 189.41800 30.54810 11.20090
H 183.82600 32.26080 11.22610
C 189.81200 28.62340 9.66108
H 190.55200 33.47760 11.11250
C 194.28900 32.13220 9.57914
C 193.15100 29.28560 9.67474
C 190.98700 31.63780 9.57394
H 196.17200 31.70050 11.14980
H 193.95500 34.08990 10.98170
H 191.61900 28.20690 11.28750
H 192.72800 31.12760 11.25050
H 194.95900 28.75960 11.32970
C 196.53500 29.75310 9.67125
H 202.90600 32.89530 11.35640
C 202.15100 28.06220 9.76992
H 201.84400 29.95240 11.32480
H 198.36600 29.37640 11.27400
C 197.75700 32.65760 9.52728
C 203.43900 31.09390 9.79607
H 199.50500 32.26380 11.28670
C 201.07200 33.45060 9.73422
C 199.97400 30.46200 9.72324
C 177.25500 4.62718 12.96850
C 179.60600 2.21350 12.95120
C 180.66900 5.16688 13.03960
C 178.42200 7.45369 12.97100
C 176.26900 1.57766 12.93370
C 183.00000 2.64558 12.89350
C 184.10300 5.63788 12.91650
C 186.32200 3.38626 12.95850
C 187.48800 6.24433 12.98090
C 189.80600 3.92821 13.11900
C 195.30600 2.26887 13.16690
C 196.63800 5.17724 13.06880
C 190.87300 6.77583 13.05090
C 193.17000 4.50059 13.10840
C 194.33600 7.45704 13.12540
C 191.99500 1.49914 13.05790
C 203.28200 6.41732 13.29690
C 199.90500 5.85182 13.21380
C 198.77500 2.84388 13.20300
C 202.12000 3.38380 13.28000
C 181.90700 7.98028 12.96750
C 177.37900 12.77600 12.90380
C 179.69700 10.37190 12.95930
C 180.85900 13.35620 13.06210
C 176.19500 9.79668 12.91960
C 183.02000 10.93190 12.94700
C 184.14200 13.84390 13.06880
C 185.32400 8.50104 12.91930
C 188.60600 9.16411 12.98330
C 186.42500 11.44730 13.00330
C 189.73800 12.14700 13.15370
C 193.19800 12.70580 13.08260
C 192.03400 9.73188 13.10770
C 195.53100 10.33560 12.96080
C 196.58500 13.23880 13.23510
C 197.85700 8.22718 13.05650
C 201.09300 8.74785 13.12940
C 198.66500 11.00400 13.16890
C 202.30300 11.74110 13.23680
C 200.07900 13.99180 13.14920
C 176.27000 18.03240 13.06090
C 178.58200 15.70540 13.00550
C 181.91100 16.27590 13.08940
C 179.74800 18.74910 13.04500
C 177.48100 21.02830 12.87010
C 187.45500 14.46020 13.09780
C 183.02500 19.22470 13.08580
C 185.32000 16.83160 13.11250
C 188.62000 17.39050 13.07060
C 186.51300 19.90040 13.08780
C 189.79600 20.26900 13.19940
C 190.83700 15.06120 13.19170
C 194.35700 15.64560 13.33640
C 192.00200 17.92850 13.16100
C 195.36900 18.67610 13.33880
C 193.18900 21.00890 13.28450
C 203.40200 14.63560 13.20440
C 201.16900 17.02980 13.27170
C 197.82700 16.37660 13.40570
C 198.80400 19.32900 13.37620
C 202.24900 19.91000 13.25450
C 176.39700 26.18930 13.02730
C 180.77900 21.60900 13.00880
C 178.51300 23.83600 12.86050
C 181.98000 24.48260 13.08900
C 179.70900 26.89400 12.96210
C 183.17700 27.50570 12.93070
C 184.24200 22.20360 13.07130
C 187.55900 22.84150 13.10440
C 185.42400 25.27890 13.03270
C 188.73900 25.78540 13.00160
C 196.36300 21.79100 13.31300
C 190.91200 23.43860 13.16600
C 191.95000 26.40380 12.99840
C 195.43500 27.00520 13.00860
C 194.21200 24.09730 13.17680
C 203.37000 22.88290 13.15500
C 197.62600 24.69490 13.11640
C 201.05200 25.21770 13.11230
C 198.79500 27.66170 13.05870
C 199.99600 22.29420 13.21140
C 180.84300 29.91190 12.82640
C 177.62200 29.22620 12.87070
C 178.77400 32.19320 12.76070
C 181.98700 32.73150 12.73250
C 188.78300 34.00670 12.84100
C 186.41500 28.17830 12.90440
C 187.59300 31.07170 12.84750
C 184.18400 30.47810 12.86190
C 185.37400 33.36530 12.83370
C 189.80400 28.77750 12.90920
C 194.29000 32.28810 12.69590
C 196.52000 29.95040 12.84470
C 193.11400 29.33830 12.95350
C 190.89700 31.70030 12.84250
C 201.02900 33.35640 12.95240
C 203.35800 31.00580 12.96070
C 199.92600 30.46980 12.93590
C 197.66300 32.82010 12.77220
C 202.19700 28.14950 12.98590
C 177.59500 37.47400 9.60952
C 179.84200 35.10430 9.56474
C 181.01200 38.07480 9.63785
C 178.61400 40.47570 9.54799
C 176.50400 34.51240 9.56555
H 182.79000 37.58710 11.35280
H 179.44400 36.93400 11.26480
H 177.12600 39.37300 11.20700
H 180.49500 39.90000 11.10790
H 181.70400 34.66230 11.13520
H 176.06300 36.40560 11.18600
C 183.26300 35.87770 9.65416
C 184.33700 38.77570 9.73224
C 186.45900 36.45960 9.62868
C 187.56800 39.27640 9.54761
H 185.03000 35.24440 11.22980
H 189.44000 38.82180 11.14030
H 183.86100 40.55030 11.38720
H 188.32000 35.86440 11.22570
H 186.10500 38.21350 11.29520
C 189.82200 36.97520 9.54179
C 193.28300 37.60310 9.50729
C 191.07500 39.88770 9.59279
C 195.59000 35.22200 9.45674
C 196.53700 38.24390 9.56303
C 194.28100 40.62650 9.62741
C 192.05200 34.52650 9.42224
H 191.71600 36.39600 11.03720
H 196.12600 40.00770 11.25670
H 192.89300 39.35760 11.22060
H 195.07500 36.97220 11.15920
C 198.96200 35.81170 9.56713
C 199.99600 38.74370 9.63623
C 202.23500 36.29750 9.84781
C 203.38600 39.30490 9.84380
H 197.36800 34.62170 11.06280
H 201.70300 38.22630 11.37950
H 199.48100 40.60840 11.20510
H 198.40000 37.67050 11.16700
H 200.59300 35.23010 11.41660
C 182.14900 41.15540 9.66790
C 176.50300 42.88070 9.70602
C 179.81800 43.40850 9.61569
C 177.58500 45.73660 9.57710
C 180.96000 46.26510 9.50984
H 182.77500 45.83570 11.15390
H 181.57800 42.90680 11.32170
H 179.42300 45.25920 11.19260
H 178.34100 42.27430 11.27090
H 176.17500 44.69480 11.36510
C 183.13600 43.85220 9.63078
H 187.24000 41.12240 11.11470
C 185.30900 41.62480 9.63271
C 188.93700 42.15480 9.56717
C 186.56400 44.56850 9.57150
C 184.38400 46.88930 9.53282
H 188.46400 44.07920 11.06510
H 186.14200 46.42730 11.23450
H 189.55000 47.06900 11.17180
H 184.97800 43.51460 11.21720
C 187.70600 47.41840 9.55198
C 190.00800 45.22440 9.57336
C 192.27800 42.94550 9.67201
C 195.38000 43.55370 9.72096
C 193.18000 45.97020 9.74007
H 191.76600 44.74090 11.32300
C 196.52000 46.43250 9.72082
H 190.77400 41.73820 11.21440
H 195.02500 45.35320 11.34240
H 193.96500 42.36150 11.40180
C 197.62800 41.09210 9.58841
C 200.99400 41.81060 9.60039
C 198.81400 44.18110 9.63703
C 202.12200 44.77500 9.62231
C 199.92800 47.03150 9.70260
H 200.62800 43.59760 11.23400
H 202.72800 41.13370 11.25500
H 198.31400 45.93770 11.33630
H 197.27000 42.96560 11.19660
H 201.75000 46.54980 11.32220
H 177.19900 47.64350 11.08660
C 182.09300 49.37890 9.37972
C 178.59000 48.79410 9.38245
C 179.72000 51.70900 9.42948
C 176.38000 51.26640 9.44726
H 181.59200 51.22650 11.05980
H 179.43700 53.57280 11.01390
H 178.19100 50.63850 11.04050
H 180.56800 48.26020 10.87960
H 182.62100 54.16220 10.89150
C 177.43900 53.96370 9.45462
H 175.92400 52.97060 11.21650
C 183.06100 52.30230 9.30100
C 185.43000 49.89410 9.37247
C 188.80200 50.44240 9.47871
C 186.54300 52.83220 9.40047
H 184.87900 51.77630 10.89560
H 183.88700 48.76410 11.03970
H 187.18300 49.33740 11.03970
H 188.29600 52.25610 11.01540
C 189.91600 53.32620 9.48291
C 191.09400 48.20200 9.64612
C 194.31700 48.81500 9.73719
C 192.11600 51.07500 9.62622
C 195.55300 51.84400 9.71934
H 190.53200 50.05130 11.19630
H 192.78500 47.77770 11.43380
H 191.63900 52.96070 11.19990
C 193.21600 53.95440 9.59194
H 193.99100 50.72400 11.21750
H 195.02000 53.59920 11.30500
H 196.17400 48.29460 11.38190
C 203.31900 47.57080 9.61989
C 200.96800 49.94850 9.55098
C 197.58100 49.47730 9.80286
C 198.65800 52.45920 9.69193
C 202.24900 53.07330 9.61641
H 197.26200 51.31730 11.43910
H 200.62000 51.81280 11.10510
H 199.47800 48.89720 11.31910
H 202.86200 49.49380 11.15920
H 198.29200 54.21210 11.43680
C 176.40300 59.37940 9.31298
C 180.79500 54.74340 9.29786
C 178.68100 56.92080 9.24580
C 181.99200 57.63760 9.16031
C 179.66900 60.11060 9.29800
H 180.52900 56.61810 10.92440
H 177.13000 55.88490 10.93520
H 178.27400 58.81940 10.83660
H 181.61100 59.50580 10.73420
C 183.15900 60.59990 9.19212
C 188.71100 58.79420 9.27964
C 187.47700 55.78240 9.32765
C 185.33800 58.21830 9.20822
C 184.28500 55.19110 9.36461
H 184.92400 60.07950 10.83640
H 186.06300 54.64980 11.03690
H 187.12600 57.69810 10.86740
H 183.75900 57.12500 10.78770
H 188.26200 60.66370 10.85310
H 189.30300 55.25030 10.98470
C 195.43300 60.05020 9.58311
C 194.34700 57.00250 9.51632
C 190.83800 56.37970 9.38080
C 192.05200 59.23460 9.45561
C 196.54100 54.73020 9.69876
H 190.40000 58.21470 11.02890
H 192.70500 55.90660 11.02220
H 193.86600 58.86590 11.17410
H 196.14300 56.59130 11.25350
C 199.78600 55.28430 9.70036
C 197.64800 57.69700 9.63056
C 200.96200 58.22920 9.66699
C 203.28100 55.96230 9.61588
C 198.77200 60.70800 9.56858
H 197.26400 59.53910 11.25710
H 199.46300 57.15450 11.31650
H 201.71100 54.84350 11.24140
H 202.88200 57.78880 11.27850
H 200.57200 60.17630 11.20070
H 175.96500 61.19290 10.95030
C 181.96700 65.96430 9.20100
C 178.53200 65.29470 9.34349
C 180.82300 62.88460 9.28381
C 177.49700 62.22570 9.41865
H 182.70500 62.39520 10.85350
H 177.08300 64.10150 11.09480
H 179.35400 61.87550 11.04160
H 178.19300 67.08700 10.88140
H 180.49300 64.77890 10.82050
H 189.44800 63.58030 10.91810
C 187.61900 64.09380 9.29147
C 186.45000 61.20050 9.23111
C 184.15900 63.54990 9.28426
H 183.76600 65.36850 10.90130
H 185.98300 63.01660 10.91740
C 185.30800 66.46640 9.25241
C 188.73500 67.11560 9.20655
H 187.20100 65.98680 10.80560
C 196.37800 63.02860 9.62162
C 189.85800 61.71260 9.26531
H 194.82600 61.85040 11.22820
H 190.53200 66.65010 10.84070
H 193.77100 67.14440 10.77410
H 192.71700 64.21060 11.01500
H 195.91800 64.88760 11.16090
C 193.13500 62.36660 9.40510
C 194.23500 65.23330 9.35936
C 191.00300 64.75400 9.35341
H 191.60500 61.20040 10.96810
H 198.29800 62.55520 11.16790
C 203.29300 64.16160 9.47268
C 199.90600 63.57540 9.46410
C 202.20700 61.12570 9.54431
H 202.99400 66.02100 11.13880
H 201.81300 63.06620 11.06250
C 197.56800 65.91170 9.46208
C 201.22600 66.45380 9.39219
H 199.61100 65.42970 10.92690
C 177.58600 37.53590 12.80660
C 179.87800 35.04630 12.77800
C 180.87600 38.13840 12.85070
C 178.70200 40.45340 12.81440
C 176.47100 34.60160 12.84060
C 183.17100 35.75820 12.85030
C 184.36200 38.68720 12.98310
C 186.53400 36.34750 12.87480
C 187.63100 39.36530 12.84890
C 189.96800 36.96690 12.71890
C 193.22200 37.48370 12.79820
C 191.00200 39.90080 12.78520
C 195.48500 35.06570 12.68940
C 196.53700 38.09750 12.80280
C 194.25400 40.39200 12.89570
C 192.17400 34.59690 12.63350
C 198.63000 35.81510 12.83210
C 199.81600 38.80320 12.88730
C 201.99900 36.43370 13.09980
C 203.14700 39.42950 12.99210
C 181.90100 41.00220 12.88660
C 176.56000 42.77570 12.90880
C 179.75700 43.54490 12.88200
C 177.75500 45.89910 12.85390
C 180.97500 46.53750 12.67140
C 183.19800 44.02120 12.83290
C 185.51800 41.69140 12.82820
C 188.86700 42.22730 12.73890
C 186.63800 44.61630 12.76620
C 184.25700 47.03760 12.78950
C 189.83600 45.26950 12.85760
C 192.14100 42.91670 12.99290
C 195.57100 43.54740 12.93720
C 193.20200 45.92510 12.95680
C 196.50900 46.44760 13.01030
C 197.67000 41.13600 12.85670
C 200.97100 41.69480 12.84190
C 198.77600 44.04790 12.86160
C 202.02400 44.71600 12.98900
C 199.91300 47.04940 12.89740
C 176.38900 51.13360 12.74340
C 182.04400 49.37910 12.62430
C 178.80100 48.85640 12.61100
C 179.81300 51.73200 12.66460
C 177.60800 54.08470 12.64810
C 183.17600 52.42180 12.57830
C 187.65400 47.61240 12.77680
C 185.34300 50.02720 12.58320
C 188.59600 50.51720 12.73130
C 186.41700 52.76830 12.58010
C 189.66800 53.49540 12.68300
C 190.80900 48.33560 12.92820
C 194.31800 48.95950 12.88960
C 192.11400 51.17810 12.76760
C 195.39300 51.78200 12.94180
C 193.08000 54.20100 12.78930
C 203.30700 47.73570 12.89340
C 201.06700 50.02980 12.84430
C 197.71700 49.40660 12.97120
C 198.97300 52.30500 12.92860
C 202.08600 52.99620 12.83250
C 176.50300 59.36770 12.53080
C 180.89900 54.85660 12.59060
C 178.60400 56.99490 12.50080
C 182.04000 57.73150 12.47600
C 179.80900 60.00080 12.40900
C 185.22700 58.26660 12.42850
C 188.55300 58.86960 12.56930
C 187.49000 55.92210 12.61170
C 184.14700 55.35790 12.45910
C 183.10800 60.53690 12.42240
C 195.26200 59.92850 12.80540
C 190.82400 56.40250 12.62620
C 194.23300 56.92530 12.74780
C 191.91300 59.36260 12.64520
C 196.47200 54.80210 12.94740
C 198.72100 60.72190 12.87620
C 201.01100 58.35390 12.86890
C 199.91000 55.33990 12.94600
C 197.58400 57.72710 12.91700
C 203.24900 56.10470 12.81710
C 177.44100 62.31560 12.67150
C 180.96900 63.01820 12.52140
C 178.74700 65.33950 12.49440
C 181.91700 65.94100 12.47820
C 188.70300 67.01610 12.48160
C 184.14000 63.50780 12.53360
C 186.40600 61.16350 12.50020
C 185.34700 66.48050 12.41410
C 187.51300 64.12460 12.47870
C 189.74100 61.81040 12.53060
C 194.04100 65.48280 12.60370
C 196.39600 63.07370 12.77150
C 190.83100 64.80890 12.49600
C 192.95900 62.40930 12.74170
C 199.94100 63.59200 12.65010
C 203.32400 64.23810 12.74240
C 201.02900 66.52510 12.65920
C 197.72200 65.95160 12.49460
C 202.21600 61.24670 12.74290
C 177.39600 70.55340 9.14266
C 179.71800 68.19430 9.21951
C 180.87700 71.08890 9.23480
C 178.61900 73.39060 9.13093
C 176.30900 67.53320 9.29424
H 177.02400 72.44370 10.75650
H 180.45100 73.00740 10.77100
H 182.69800 70.66790 10.90150
H 181.60000 67.75640 10.83880
H 179.25700 70.06110 10.78820
H 175.93600 69.48890 10.88450
C 183.21700 68.87700 9.25299
C 184.31300 71.64770 9.24731
C 186.52300 69.55850 9.27591
C 187.49700 72.40830 9.16159
H 189.35400 71.80640 10.72470
H 186.11800 71.31060 10.92870
H 185.02900 68.34860 10.86300
H 183.75000 73.61770 10.68610
H 188.30400 68.86370 10.90430
C 189.74400 69.91940 9.15262
C 192.02900 67.67650 9.07961
C 193.17000 70.61960 9.09035
C 191.00600 72.84840 9.14444
C 195.40200 68.28370 9.18686
C 196.79100 71.24570 9.13489
C 194.42800 73.50620 9.13945
H 191.62200 69.53440 10.66890
H 196.23100 72.97900 10.80830
H 192.85600 72.43160 10.76240
H 195.04600 70.17590 10.65350
C 198.99900 68.73640 9.27875
C 200.07000 71.88180 9.37232
C 202.26900 69.47590 9.32892
C 203.34800 72.40360 9.33495
H 201.86300 71.27940 10.96720
H 198.48300 70.62440 10.83690
H 199.54500 73.58680 11.03900
H 197.28300 67.72220 10.76710
H 200.79700 68.30360 10.98610
C 181.87700 74.24710 9.10108
C 177.54700 78.79490 9.12288
C 180.84200 79.46530 9.25139
C 179.60100 76.62210 9.09901
C 176.28100 75.76980 9.09346
H 181.42500 76.10470 10.73200
H 182.73200 79.06990 10.78660
H 179.28100 78.40340 10.84440
H 178.19100 75.33860 10.61660
H 175.98300 77.70160 10.64450
C 183.05000 77.19270 9.16084
H 187.12500 74.29280 10.75270
C 185.25900 74.75150 9.08157
C 188.74300 75.32290 9.12175
C 184.32600 80.04590 9.18894
C 186.38600 77.83120 9.04544
H 189.42800 80.11260 10.77960
H 186.09500 79.54340 10.84990
H 188.22500 77.18730 10.62760
H 184.96100 76.64290 10.70570
C 189.85200 78.28020 9.06727
C 193.30600 79.00190 9.36249
C 192.15200 75.85730 9.10320
C 195.65200 76.54450 9.31865
H 193.95000 75.35850 10.75500
H 195.10500 78.28950 10.94880
H 191.71600 77.75850 10.66640
H 190.56500 74.72610 10.79030
C 196.79000 79.36150 9.44008
C 197.89800 74.12000 9.28727
H 203.07900 74.17020 11.03690
C 201.15800 74.78990 9.49499
C 200.11700 80.09410 9.56907
C 198.91600 77.07580 9.43525
C 202.32900 77.72490 9.43204
H 197.33900 75.90720 11.00780
H 201.91500 79.51150 11.16020
H 200.82600 76.55460 10.95400
H 198.55000 78.87010 11.13260
H 176.99700 80.68100 10.67130
C 176.36800 84.13070 8.96076
C 181.94800 82.33470 9.23912
C 178.60900 81.72480 9.14110
C 179.79800 84.63050 9.04479
H 181.53400 84.23260 10.82930
H 180.39200 81.30180 10.88600
H 178.18400 83.63160 10.67710
H 179.29300 86.51570 10.48950
H 182.63100 87.16950 10.93910
H 175.82700 85.94960 10.45430
C 177.45000 87.10770 8.93426
C 187.58700 80.65600 9.16064
C 183.13500 85.29180 9.32558
C 185.43200 83.06910 9.20047
C 188.88300 83.47910 9.43607
C 186.55700 86.04660 9.25254
H 183.89500 81.92240 10.73140
H 187.17100 82.43600 10.89380
H 188.27100 85.35440 10.90720
H 185.04100 84.85720 10.86370
H 193.02300 80.65220 11.21710
C 189.86400 86.59030 9.35691
C 191.23800 81.24450 9.54203
C 194.50600 81.76250 9.53111
C 192.21500 84.12610 9.51875
C 195.56500 84.80150 9.48496
H 196.31500 81.17230 11.08550
H 194.09800 83.60910 11.13350
H 195.13400 86.59100 11.09050
H 190.64500 83.06020 11.22520
H 191.73200 86.03370 10.92650
C 193.37600 87.25820 9.44062
C 203.29300 80.78250 9.48820
C 201.13500 83.00430 9.61778
C 197.85400 82.37370 9.54055
C 198.94000 85.36520 9.54731
C 202.28500 86.10920 9.77288
H 202.93300 82.51870 11.24650
H 199.61900 81.88670 11.25700
H 197.35100 84.19230 11.11110
H 200.71200 84.87280 11.24660
H 198.38000 87.19560 11.16690
C 176.35300 92.31260 9.17025
C 181.00700 87.56990 9.08243
C 179.75700 92.85240 9.23441
C 182.15200 90.54660 9.36240
C 178.71500 89.97700 9.09987
H 181.52900 92.34870 11.00060
H 178.13000 91.74660 10.82860
H 180.39500 89.45040 10.61690
H 176.97100 88.90830 10.58880
C 183.19000 93.52910 9.53910
C 184.27000 88.34180 9.47500
C 187.68600 89.06350 9.39918
C 185.39000 91.31080 9.51299
C 188.72300 91.89890 9.52870
H 189.47900 88.40460 10.99810
H 187.22700 90.72320 11.14160
H 186.19500 87.81150 10.98290
H 185.02300 93.05920 11.17470
H 183.90400 90.16080 11.18840
H 188.29200 93.62310 11.23170
C 195.45400 93.18670 9.81793
C 196.62200 87.84200 9.45844
C 191.06500 89.58330 9.46932
C 194.23400 90.21100 9.56509
C 192.10900 92.54410 9.61062
H 193.89700 91.95690 11.30300
H 190.56000 91.30660 11.11780
H 192.78700 88.95170 11.15310
H 196.10900 89.56020 11.15240
C 198.89100 93.56350 9.77596
C 197.72600 90.75200 9.69809
C 200.03800 88.32780 9.67973
C 201.07100 91.33690 9.73041
C 203.35200 89.08400 9.81068
H 197.27300 92.49540 11.35150
H 202.85400 90.82990 11.32530
H 201.81200 87.87310 11.38520
H 199.57500 90.13110 11.26900
H 200.65000 93.07930 11.47460
C 181.10700 95.91160 9.32142
C 178.69100 98.32420 9.33024
C 181.87200 98.89660 9.36582
C 177.50600 95.23580 9.15699
H 179.39500 94.70290 10.73010
H 182.65400 95.28190 11.19070
H 177.02000 97.09940 10.75800
H 180.44000 97.66090 11.05600
H 178.18000 100.11300 11.00330
H 175.81800 94.20530 10.67850
H 183.75700 98.31930 10.94220
H 187.04300 98.88710 11.18810
H 186.01100 95.93900 11.22960
H 189.33700 96.59750 11.30350
C 186.53100 94.21560 9.58748
C 185.36800 99.50330 9.42705
C 187.60100 97.02140 9.63167
C 188.69400 100.02400 9.65240
C 184.20900 96.52040 9.59262
C 189.83200 94.82000 9.68244
H 191.65400 94.29260 11.31330
H 194.96500 94.88570 11.57350
C 193.29400 95.44720 9.82509
C 196.49600 96.00780 9.87807
C 190.92900 97.73970 9.80135
C 194.36600 98.36340 9.85199
H 193.90300 100.22300 11.49920
H 192.74800 97.26250 11.44150
H 196.16500 97.80580 11.52450
H 190.44400 99.59580 11.39020
C 197.70900 98.89430 9.88054
C 202.18900 94.24150 9.88343
C 199.89500 96.68030 9.92282
C 203.22900 97.23220 9.85005
C 200.92900 99.52290 9.89662
H 198.33400 95.39170 11.41080
H 201.71600 96.00400 11.50300
H 199.40600 98.43400 11.64750
H 202.72200 99.07510 11.46170
C 177.42500 70.67170 12.42440
C 179.75300 68.24870 12.47550
C 180.82600 71.15410 12.38990
C 178.64200 73.58800 12.32570
C 176.32900 67.59350 12.50230
C 183.15500 68.77380 12.50400
C 184.27900 71.90130 12.47220
C 186.50100 69.52150 12.54030
C 187.75700 72.50420 12.41740
C 189.86900 70.03870 12.38780
C 192.04800 67.77690 12.39220
C 193.21000 70.49570 12.31440
C 190.95000 72.95730 12.35770
C 195.33400 68.31940 12.26970
C 196.60200 71.11080 12.38870
C 194.41200 73.48290 12.38710
C 198.79700 68.76610 12.44400
C 199.98900 71.65630 12.53680
C 202.23900 69.46270 12.61260
C 203.46700 72.32100 12.63720
C 181.92000 74.24270 12.35280
C 177.39300 78.90520 12.36060
C 179.58000 76.47530 12.36070
C 180.85500 79.42790 12.42770
C 176.41300 75.87050 12.28380
C 183.12500 77.14600 12.31400
C 185.29900 74.80300 12.33090
C 188.67100 75.35980 12.32890
C 186.52600 77.66850 12.39150
C 184.30900 80.11090 12.44280
C 189.81200 78.13230 12.27320
C 193.19300 78.85600 12.49140
C 192.08200 75.93140 12.35470
C 195.41300 76.39040 12.52750
C 196.54100 79.26720 12.69330
C 197.70000 74.01360 12.59760
C 201.19000 74.65710 12.53770
C 198.98200 76.90820 12.63680
C 200.05300 79.94910 12.79550
C 202.26300 77.59370 12.71860
C 176.23900 84.12290 12.18670
C 178.45000 81.80190 12.35760
C 182.06300 82.43110 12.36810
C 179.60000 84.81360 12.32310
C 177.36300 87.01670 12.06930
C 187.73800 80.60080 12.44830
C 183.10200 85.36510 12.47220
C 185.33300 83.02120 12.46750
C 188.57600 83.56980 12.62570
C 186.46600 85.95560 12.57690
C 189.86300 86.47350 12.50980
C 190.92400 81.17650 12.54960
C 194.57700 81.82250 12.76540
C 192.19300 84.26950 12.68970
C 195.55400 84.75170 12.79670
C 193.29700 87.02480 12.65650
C 203.41600 80.69270 12.76370
C 201.09200 83.03430 12.90860
C 197.72900 82.33030 12.74390
C 202.07300 86.00420 13.02160
C 198.82200 85.33580 12.78140
C 176.17100 92.28350 12.27240
C 179.63600 92.86700 12.43890
C 180.60100 87.60140 12.26070
C 181.83700 90.35840 12.47970
C 178.53500 90.07140 12.22120
C 183.05800 93.40680 12.69870
C 184.25500 88.15980 12.57540
C 188.76200 91.75700 12.77760
C 185.39200 91.20890 12.80500
C 187.70300 88.85640 12.70140
C 195.39500 92.89940 12.99460
C 194.26700 89.98610 12.82740
C 190.99400 89.49350 12.74340
C 196.56700 87.73270 12.80840
C 192.00100 92.36770 12.83370
C 203.29000 89.02860 12.99060
C 201.01100 91.15270 12.96250
C 197.67600 90.53350 12.84450
C 198.77400 93.48930 13.03820
C 199.84600 88.23400 12.89430
C 181.95500 98.84460 12.61600
C 178.42600 98.12190 12.51390
C 180.67600 95.75390 12.63270
C 177.43900 95.11880 12.26850
C 188.50700 99.99090 12.92020
C 186.51200 94.14570 12.85100
C 185.15100 99.40860 12.70690
C 187.46100 97.10730 12.86280
C 184.13800 96.53120 12.71570
C 189.74700 94.72110 12.91040
C 194.30000 98.33490 13.07120
C 193.02700 95.45810 13.06120
C 196.61400 95.92640 13.09980
C 190.76400 97.75420 12.97770
C 201.00000 99.64070 13.15850
C 202.16300 94.14700 13.10100
C 199.81000 96.48910 13.12750
C 197.61200 99.04420 13.18990
C 203.15100 97.21320 13.09710
C 177.48300 103.64200 9.48830
C 179.69200 101.28800 9.38000
C 180.77900 104.21600 9.49493
C 178.49800 106.48400 9.53575
C 176.42100 100.69600 9.26189
H 181.51000 100.72400 10.96520
H 179.24500 103.05200 11.13890
H 177.04900 105.39400 11.19790
H 180.33000 106.01800 11.15330
H 182.59400 103.68700 11.14960
H 175.95600 102.46500 10.93920
C 183.08700 101.89800 9.46599
C 184.18400 104.76400 9.52549
C 186.49100 102.41100 9.60427
C 187.57100 105.33900 9.67303
H 189.41600 104.81800 11.28590
H 184.81000 101.27400 11.14960
H 188.20600 101.88300 11.29320
H 185.89900 104.24300 11.22020
H 183.70300 106.61500 11.13880
C 189.79300 102.92700 9.68195
C 193.15600 103.57700 9.80077
C 190.85700 106.01900 9.70050
C 195.39400 101.29900 9.80197
C 196.46500 104.22900 9.77331
C 194.29600 106.55800 9.76648
C 192.06800 100.62800 9.77932
H 191.57900 102.48400 11.28840
H 196.07700 106.15100 11.33750
H 192.65300 105.50300 11.33810
H 195.02100 103.15800 11.43990
C 198.73300 101.83300 9.78581
C 199.99500 104.79800 9.74862
C 202.01800 102.50900 9.79873
C 203.29600 105.45300 9.82964
H 197.17900 100.76200 11.43310
H 198.35000 103.77500 11.33980
H 200.53100 101.44500 11.46240
C 181.83200 107.08500 9.52666
C 179.72000 109.41200 9.53341
C 177.46800 111.67000 9.40150
C 180.73700 112.39300 9.48793
C 176.33300 108.84200 9.41197
H 181.62800 108.96900 11.13570
H 178.04400 108.39200 11.08990
H 182.64300 111.98100 11.07590
H 179.29000 111.27200 11.08730
H 175.84400 110.68600 11.00660
C 183.14700 110.12300 9.53362
C 185.33600 107.73100 9.58671
C 188.67000 108.47900 9.71089
C 186.59900 110.65000 9.71366
C 184.23300 113.11100 9.56179
H 188.30300 110.19500 11.47960
H 187.18100 107.22700 11.19910
H 184.94900 109.61000 11.22420
H 186.07100 112.55900 11.22210
H 189.47900 113.15800 11.41410
C 189.91600 111.27400 9.82674
C 191.90800 108.94300 9.80493
C 195.35000 109.66700 9.71582
C 193.10200 111.94000 9.90647
H 190.39200 107.78800 11.39540
H 193.84800 108.45000 11.29740
H 191.58400 110.74600 11.42740
C 196.55100 112.51300 10.01870
C 197.68200 107.28300 9.73682
C 201.10100 107.84600 9.81041
C 198.82300 110.30800 9.77946
C 202.17400 110.88700 9.87991
C 199.94100 113.21800 9.97811
H 177.12700 113.64600 10.90770
H 175.90800 118.99100 11.12030
C 181.89500 115.43300 9.49856
C 178.68300 114.82800 9.44453
C 179.63700 117.72200 9.53569
C 176.25600 117.10100 9.58029
H 181.52100 117.23600 11.09000
H 178.12300 116.60700 11.19010
H 180.42200 114.27800 11.15030
H 179.27700 119.58100 11.13970
H 182.63400 120.10900 11.06070
C 177.41200 120.11100 9.52699
C 187.75600 113.65000 9.66681
C 183.21800 118.36300 9.53309
C 185.44300 115.94500 9.64366
C 188.88000 116.68400 9.74343
C 186.55200 118.89800 9.60173
H 185.00600 117.82800 11.19550
H 183.76700 114.93900 11.16720
H 187.30100 115.47400 11.23340
H 188.24000 118.45800 11.37960
C 189.86700 119.66900 9.93233
C 190.91700 114.32500 9.85507
C 194.32400 114.86100 10.04280
C 192.06700 117.22700 10.01870
C 195.41500 117.71900 10.17460
H 190.49200 116.09800 11.52170
C 193.18200 120.13400 10.17610
H 191.57600 119.02300 11.69300
C 203.33600 113.81000 9.98968
C 201.17600 116.11000 10.13000
C 197.61700 115.44000 10.06490
C 198.86900 118.45200 10.17950
C 202.12600 119.17700 10.24580
C 180.75300 120.82400 9.53432
C 178.62100 123.08200 9.71013
C 181.96900 123.67000 9.63713
C 179.63100 125.92500 9.76746
C 176.24400 125.38600 9.86561
H 177.00500 121.94000 11.19350
H 180.41800 122.50500 11.30530
H 178.13900 124.81800 11.44940
H 181.53300 125.41800 11.23410
C 183.07200 126.53500 9.55984
C 188.73000 124.83500 9.83616
C 187.71900 121.98900 9.73821
C 185.16500 124.17500 9.61215
C 184.17700 121.27600 9.57979
H 183.73500 123.09900 11.23400
H 186.04500 120.77900 11.16010
H 189.37800 121.40500 11.57390
H 184.78900 126.03200 11.22210
H 187.01900 123.74200 11.26290
H 188.13600 126.66000 11.34920
C 196.60700 120.61200 10.24520
C 195.55400 126.01900 10.10370
C 191.02900 122.53000 10.08250
C 192.08000 125.30200 10.02170
C 194.36100 123.09700 10.12080
H 190.42900 124.39200 11.64960
H 193.93900 124.96900 11.68430
H 192.72700 122.00300 11.79010
C 199.87600 121.35400 10.18700
C 203.30300 122.10200 10.22130
C 198.87600 126.53800 10.35840
C 201.06000 124.35300 10.33680
C 197.61600 123.68700 10.25420
H 175.82900 127.18300 11.43530
C 178.38200 131.24500 9.67541
C 180.65100 128.89600 9.67373
C 177.32600 128.25200 9.76111
C 181.83000 131.73300 9.69403
H 177.02900 130.11400 11.38370
H 179.22200 127.75500 11.36190
H 182.57900 128.41300 11.12810
H 178.03300 133.13000 11.29180
H 180.25800 130.73800 11.31340
H 186.02500 129.00700 11.28470
H 187.11500 131.87900 11.22920
H 183.73700 131.28800 11.23970
C 184.22000 129.49200 9.60718
C 185.29200 132.40900 9.60762
C 187.57900 130.01800 9.63724
C 188.64700 133.03100 9.77487
C 186.36800 127.12500 9.67846
H 189.38300 129.56300 11.33990
H 191.71000 127.29300 11.47280
H 192.76600 130.20900 11.59800
C 189.86700 127.69800 9.83624
H 190.47500 132.51100 11.42490
C 193.23200 128.41500 9.92701
C 196.68400 128.89100 10.06480
C 194.33100 131.30300 9.95163
C 191.05600 130.73400 9.85968
H 193.85400 133.21700 11.45470
H 196.09400 130.80300 11.55250
H 194.98800 127.90600 11.59070
C 197.76500 131.89600 10.05150
C 199.91100 129.40000 10.25200
C 201.05600 132.40400 10.12710
C 203.32300 130.03800 10.13840
C 202.21600 127.07900 10.38240
H 199.53500 131.29700 11.72200
H 202.86100 131.90100 11.77350
C 177.41700 103.48200 12.75220
C 179.73200 101.17200 12.66530
C 180.73200 104.18700 12.76190
C 178.52600 106.63700 12.78450
C 176.28500 100.59900 12.52270
C 182.96200 101.82200 12.73370
C 184.01000 104.82400 12.83460
C 186.27200 102.40400 12.84250
C 187.53000 105.32000 12.83030
C 189.77800 102.92300 12.90000
C 192.03300 100.70100 12.99280
C 193.11500 103.64600 12.93020
C 195.39800 101.34400 13.10000
C 196.53500 104.33200 12.98340
C 190.84200 105.94600 12.98540
C 194.18900 106.58000 12.92610
C 198.69500 101.96700 13.02630
C 199.87400 104.83100 12.97310
C 202.09900 102.52400 13.05140
C 203.21700 105.45500 13.07560
H 199.53900 106.67300 11.30870
H 201.75200 104.35100 11.43000
C 181.84100 107.09900 12.75420
C 176.20100 108.84100 12.64610
C 179.71200 109.38500 12.64660
C 177.39100 111.81400 12.61270
C 180.75300 112.39100 12.72280
C 183.04200 110.16200 12.74250
C 185.22700 107.73200 12.77820
C 188.60700 108.31800 13.02660
C 184.13400 113.09700 12.75290
C 186.37800 110.78200 12.94540
C 189.83500 111.31400 13.05280
C 195.45200 109.40800 12.93990
C 193.02600 111.87500 13.09170
C 196.51000 112.43600 13.15960
C 192.01400 108.93100 12.95170
H 194.91500 111.34600 11.50880
C 197.65700 107.23700 12.92770
C 200.99500 107.78700 12.99220
C 198.72400 109.99900 13.04940
C 201.98600 110.71100 13.12260
C 199.97900 113.02200 13.19950
H 202.88200 107.26500 11.46120
H 200.57400 109.65900 11.42040
H 201.78100 112.63900 11.55310
H 198.39600 111.96900 11.59410
H 197.25700 109.06800 11.27100
C 176.38600 117.26600 12.84380
C 178.50600 114.75900 12.68880
C 179.69900 117.70000 12.75110
C 181.94200 115.43800 12.75360
C 177.43700 120.01900 12.75190
C 187.52500 113.63900 12.89090
C 183.09700 118.29300 12.70260
C 188.59200 116.65800 12.99050
C 185.38100 115.93000 12.76260
C 186.33500 119.05100 12.88270
C 189.64000 119.50400 13.17330
H 192.65300 113.76200 11.56830
C 195.45100 117.62800 13.33580
C 190.82800 114.27500 13.16200
C 194.19400 114.70900 13.26400
C 191.91400 117.14100 13.22890
C 193.07500 120.06500 13.40240
H 194.95500 119.54600 11.87110
H 196.11600 114.36200 11.75180
H 193.81900 116.63000 11.69560
C 203.31700 113.62900 13.21900
C 201.04200 115.92200 13.31650
C 197.71700 115.43800 13.31950
C 202.22600 119.00900 13.32180
C 198.83200 118.31000 13.50640
H 198.44500 120.19100 11.93110
H 202.98200 115.58800 11.71460
H 199.48900 114.89900 11.59510
H 200.64100 117.82200 11.88260
H 197.33300 117.27300 11.72660
C 179.81600 125.90800 12.96870
C 176.30900 125.30900 13.04120
C 181.92300 123.59500 12.89810
C 180.87400 120.55300 12.75350
C 178.50400 122.86400 12.93370
C 182.98700 126.60900 12.80580
C 188.40400 124.89500 13.02910
C 185.21500 124.24400 12.87950
C 187.37000 121.96800 12.90610
C 184.16200 121.17500 12.74260
C 194.25000 123.11400 13.41130
C 196.49700 120.63800 13.46110
C 190.79900 122.56900 13.28310
C 191.99300 125.46400 13.18170
C 195.33600 126.13500 13.34970
H 196.08900 122.46900 11.80490
C 197.67200 123.63600 13.43770
C 200.96900 124.16500 13.54480
C 198.67500 126.59400 13.56410
C 203.20900 121.84800 13.44650
C 200.05000 121.30500 13.44070
H 202.86200 123.81100 11.97370
H 197.20100 125.48300 11.89070
H 200.64200 126.10400 12.08980
H 199.46300 123.14500 11.82850
H 201.77000 120.84600 11.69500
C 177.43400 128.21500 12.97530
C 180.85000 128.84500 12.88090
C 181.86100 131.82100 12.87760
C 178.49100 131.31000 12.96610
C 188.57800 133.04000 12.95990
C 187.55100 130.07000 12.92780
C 185.28200 132.38400 12.88750
C 186.25400 127.14800 12.91160
C 184.10500 129.47500 12.84600
C 189.76500 127.71000 12.95340
C 196.40500 129.06100 13.29400
C 193.10900 128.36700 13.20390
C 194.28900 131.39100 13.10610
C 190.79700 130.64900 13.06470
C 199.96700 129.50200 13.36970
C 200.97900 132.53000 13.27840
C 197.60100 131.90400 13.19160
H 198.30200 128.40700 11.87950
H 201.85000 129.03000 11.84570
C 203.34300 130.17500 13.48670
C 202.23000 127.23100 13.54550
C 209.02900 4.61329 10.04900
C 210.20700 7.53334 10.12650
C 205.58400 3.92628 10.08480
C 206.70500 6.90084 10.06200
C 207.89800 1.57328 10.12130
H 208.58100 6.40490 11.63100
H 205.05800 5.79844 11.63530
H 207.45300 3.48808 11.67320
H 203.94700 2.82999 11.68200
C 211.21500 2.23505 10.22860
C 214.73000 2.81877 10.19700
C 212.32800 5.32775 10.15550
C 215.80000 5.86684 10.19590
H 215.37300 7.69128 11.84540
H 210.81300 4.16653 11.77130
H 211.97100 7.12097 11.79960
H 214.19900 4.75554 11.74600
H 216.47100 2.34356 11.86420
H 213.11300 1.74297 11.86370
H 217.64600 5.29877 11.75580
C 217.95000 3.45690 10.20080
C 221.28200 4.05780 10.25510
C 219.18700 6.33517 10.19310
C 222.47100 7.01963 10.21720
C 223.53200 1.75123 10.19660
H 219.75800 2.94593 11.85830
H 224.26800 6.58497 11.85170
H 220.95900 5.88108 11.87770
H 223.16900 3.60518 11.80440
C 231.46100 5.88078 10.25960
C 224.62000 4.71341 10.17480
C 226.99300 2.36982 10.09340
C 230.32200 2.93934 10.11770
C 228.10700 5.37981 10.18330
C 225.83200 7.63166 10.14850
H 230.93100 7.72432 11.82880
H 227.59300 7.15336 11.88250
H 229.82900 4.74429 11.81350
H 228.77600 1.80313 11.71810
H 226.52900 4.18062 11.70210
C 209.09700 12.71250 10.05620
C 207.97500 9.81883 10.03980
C 205.69400 12.18600 9.98530
C 204.56300 9.29189 10.04580
H 209.74100 9.41324 11.70870
H 204.17900 11.13720 11.68380
H 205.19300 14.07220 11.54440
H 206.41600 8.76444 11.65520
H 207.47600 11.67480 11.61460
H 210.90000 12.36780 11.75460
C 213.51700 8.18354 10.23720
C 211.39100 10.51590 10.19180
C 216.80800 8.83739 10.21950
C 214.65000 11.13530 10.25560
C 212.46100 13.47770 10.12770
C 215.72400 14.04020 10.11750
H 216.45900 10.64530 11.87770
H 214.17100 12.99580 11.84960
H 213.13600 10.01860 11.88270
H 217.63800 13.56650 11.71130
C 217.89700 11.73670 10.10540
C 220.21500 9.30258 10.16560
C 221.27200 12.28210 9.94593
C 223.46200 9.95107 10.09570
H 218.67400 8.21999 11.74670
H 219.78100 11.19580 11.66910
H 220.96100 14.17900 11.53760
H 222.03500 8.84797 11.81070
H 223.00500 11.79330 11.67970
C 231.34500 14.07220 10.14390
C 224.69100 12.92660 10.15210
C 229.12400 8.24854 10.20530
C 227.08800 10.66510 10.11190
C 230.25200 11.21210 10.20340
C 228.13600 13.49430 10.14890
H 228.78100 10.05040 11.82890
H 226.50200 12.45000 11.74510
H 225.42400 9.52980 11.60070
C 210.09300 15.77970 9.95283
C 206.82800 15.09830 9.96099
C 207.75600 18.29760 9.92482
C 205.63400 20.47110 9.89287
C 204.47400 17.51990 10.00150
H 209.58300 17.61350 11.55760
H 204.10500 19.38980 11.62960
H 206.36400 17.02130 11.49020
H 207.39000 20.07850 11.63530
C 208.93400 21.09120 9.95125
H 208.63100 14.63580 11.59380
C 211.10300 18.74720 9.95296
C 213.36100 16.36160 9.96914
C 216.87100 17.10340 10.00790
C 214.53800 19.39470 9.97700
H 210.80600 20.58180 11.61250
H 211.90100 15.34550 11.67490
H 212.98300 18.23790 11.54130
H 215.32700 15.91950 11.55620
H 216.34200 18.93970 11.65520
H 214.15200 21.20100 11.66320
C 219.09700 14.68980 9.97861
C 217.90800 19.95470 9.97769
C 220.45100 17.56870 9.98144
C 222.53700 15.31860 10.01650
C 223.66200 18.24600 10.00960
C 221.42300 20.53730 9.86207
H 224.27900 14.78870 11.72890
H 218.75700 16.56680 11.58790
H 219.85000 19.47300 11.43010
H 222.21100 17.10730 11.62180
H 223.17600 20.10690 11.54990
C 229.29200 16.47440 10.12100
C 225.86700 15.80340 10.10120
C 227.03600 18.69300 9.99029
C 230.33800 19.48230 10.12950
C 224.76000 21.11130 9.90857
C 210.17400 23.99870 9.78680
C 204.33300 25.77480 9.78241
C 207.85300 26.34130 9.80032
C 206.68400 23.40560 9.79432
H 205.10100 22.35170 11.43280
H 204.01400 27.65120 11.33850
H 206.23400 25.27480 11.35470
H 209.74300 25.88510 11.36060
H 208.55500 22.96310 11.43740
C 211.31000 26.97390 9.75971
C 212.39900 21.60260 9.92367
C 215.79900 22.24640 10.07200
C 213.49200 24.62900 9.79090
C 216.87800 25.21390 9.90993
C 214.61300 27.66450 9.85408
H 212.00500 23.51060 11.44030
H 213.08200 26.47410 11.41700
H 215.30700 24.16890 11.51380
H 217.66700 21.80450 11.65100
H 216.42100 27.10990 11.49190
C 218.91300 23.01120 9.89526
C 222.55100 23.56300 9.84513
C 220.17500 25.82860 9.88112
C 223.57400 26.53720 9.88414
H 220.87700 22.46990 11.32570
H 218.66700 24.76480 11.55070
C 231.60600 22.32760 10.02790
C 230.32100 27.63580 9.98202
C 229.19600 24.66500 9.97581
C 228.17600 21.79420 9.93336
C 226.81700 27.12310 9.86114
C 225.89600 24.07970 9.85970
C 204.52700 34.11860 9.83890
C 209.99700 32.38560 9.94104
C 208.91600 29.37930 9.80127
C 205.61800 28.76950 9.77187
C 206.75100 31.72890 9.90297
H 206.29700 33.50960 11.54260
H 205.26100 30.52250 11.49590
H 208.52800 31.12140 11.53470
H 207.42700 28.17130 11.40570
H 209.59500 34.16530 11.63420
C 212.31700 29.98890 9.86116
C 216.80000 33.42070 9.97591
C 213.41300 32.80950 9.96599
C 215.63100 30.56860 9.96233
H 210.75600 28.78520 11.33350
H 214.08500 29.40080 11.53290
H 211.79500 31.74710 11.53540
C 221.35300 28.80950 9.94453
C 217.89800 28.21520 9.79280
C 220.28400 34.15380 9.90098
C 219.13500 31.21760 9.86917
C 222.49400 31.66700 10.03900
C 231.49500 30.57020 10.04170
C 224.77500 29.54780 9.90982
C 228.13400 30.08760 10.03360
C 225.92900 32.42680 9.98998
C 229.23700 32.91200 10.10160
C 208.96300 4.67588 13.33620
C 210.05800 7.54892 13.28190
C 206.68600 6.87010 13.19250
C 207.74400 1.72279 13.34810
C 205.49800 3.98018 13.22610
C 211.21600 2.32445 13.40220
C 214.66800 2.91486 13.42700
C 212.42700 5.29837 13.39970
C 215.82000 5.77844 13.38950
C 217.94100 3.46333 13.45520
C 221.38600 4.02714 13.45490
C 219.08800 6.49489 13.40240
C 222.46100 7.07387 13.46690
C 223.62200 1.70595 13.36730
C 224.70300 4.72195 13.39150
C 226.94200 2.36905 13.33840
C 230.26900 2.88221 13.42270
C 227.98000 5.25435 13.41400
C 225.75000 7.83454 13.37610
C 231.26600 5.87151 13.49120
C 208.96900 12.81010 13.27340
C 207.82200 9.81974 13.27460
C 204.49400 9.42110 13.15190
C 205.68800 12.29340 13.24320
C 213.47300 8.20137 13.43380
C 211.23200 10.53070 13.38180
C 216.91000 8.78854 13.43600
C 214.60300 11.24260 13.48390
C 212.34400 13.59990 13.38810
C 215.77400 14.10110 13.30020
C 218.09300 11.73800 13.41950
C 220.13600 9.37542 13.34820
C 221.29000 12.41100 13.28820
C 223.58900 10.01360 13.27650
C 224.55400 12.93390 13.28990
C 229.13900 8.22291 13.50840
C 226.85900 10.61060 13.32760
C 230.29600 11.17120 13.48900
C 231.57300 14.06800 13.37060
C 228.03500 13.57590 13.40100
H 229.88200 13.00020 11.84950
C 210.06200 15.84670 13.26890
C 204.57600 17.52090 13.17730
C 207.83200 18.24900 13.19410
C 205.51900 20.68060 13.21600
C 206.77000 15.17950 13.14180
C 208.98200 21.18990 13.16740
C 211.17400 18.67860 13.17750
C 213.54300 16.46430 13.21230
C 216.87900 17.03350 13.19370
C 214.51500 19.30090 13.25490
C 219.21300 14.74400 13.23150
C 218.03000 19.90160 13.16810
C 220.34300 17.71740 13.12310
C 222.43200 15.27700 13.25280
C 223.66100 18.30760 13.26040
C 221.26300 20.67570 13.03550
C 224.81700 21.15610 13.09880
C 229.23200 16.44310 13.36130
C 225.83900 15.92380 13.28050
C 226.94700 18.91820 13.27550
C 230.33700 19.52470 13.28170
H 229.93000 21.30030 11.61540
H 226.65200 20.64840 11.47680
H 227.71200 15.36590 11.70530
H 228.80700 18.28600 11.74260
H 231.06200 15.91030 11.78820
H 225.46600 17.74320 11.67140
C 204.42600 25.86560 13.01490
C 210.13900 24.09940 12.99650
C 206.70800 23.45150 12.99340
C 207.83900 26.26470 12.95830
C 211.24600 27.01710 13.01250
C 212.28700 21.72550 13.21280
C 213.45500 24.65190 13.10000
C 215.78200 22.30760 13.18370
C 216.85900 25.29020 13.12930
C 214.59200 27.53500 13.13390
C 223.61100 26.44220 13.07200
C 220.26400 25.92390 13.09360
C 219.27400 22.99700 13.13010
C 222.43800 23.45380 12.99630
H 219.69900 27.71630 11.40540
H 224.33600 22.99300 11.49840
H 222.03400 25.37430 11.48860
C 228.05700 21.79140 13.17620
C 226.88100 26.98120 13.13210
C 229.43400 24.59540 12.95450
C 230.36300 27.40270 13.04510
C 231.52800 22.43930 13.13100
C 225.78900 24.19110 13.15930
H 225.42200 25.91140 11.46300
H 228.65000 26.54000 11.50960
H 227.63700 23.61340 11.58860
H 231.24900 24.15280 11.33230
C 206.65900 31.64560 13.16850
C 205.62100 28.63780 13.02090
C 209.97200 32.25500 13.19670
C 208.95100 29.28520 13.02100
C 204.34400 33.88050 13.14280
H 215.19200 32.37360 11.66710
C 216.82400 33.63260 13.05890
C 212.21200 29.86250 13.08810
C 213.29100 32.82460 13.25050
C 215.71200 30.49750 13.10480
H 217.55200 30.11170 11.39480
H 222.00400 33.53510 11.60780
C 217.94200 28.26940 13.07000
C 222.47700 31.62490 13.18710
C 220.20300 34.19950 13.21620
C 218.99200 31.19590 13.14520
C 221.34400 28.64830 13.08940
H 218.73800 33.03990 11.53420
H 224.39700 31.30800 11.62130
H 220.87000 30.59480 11.61040
H 223.27400 28.36690 11.50160
H 225.36400 34.27050 11.50630
C 224.73000 29.36890 13.22880
H 227.70900 31.80730 11.71770
H 229.94300 29.41350 11.60560
H 230.99000 32.35340 11.73040
C 228.09800 29.91060 13.25930
C 231.39600 30.53760 13.34580
C 229.19700 33.01380 13.34660
C 225.83200 32.50610 13.22860
H 226.51200 28.89530 11.58310
C 208.79100 37.67280 10.12040
C 209.95700 40.45290 9.91198
C 205.60400 37.03170 10.06320
C 206.75300 39.96030 9.94917
C 207.78300 34.79810 9.98387
H 203.97500 35.83760 11.62820
H 205.17700 38.89340 11.59410
H 207.34800 36.49530 11.79160
C 211.15000 35.33080 10.01790
C 214.33100 35.76190 9.79172
C 212.13300 38.25510 9.84466
C 215.47900 38.78910 9.80547
C 217.91000 36.44010 9.84960
C 221.28900 37.18770 9.94493
C 218.95200 39.37620 9.89081
C 222.51800 39.97670 9.95747
C 223.52200 34.66310 9.95916
C 224.74500 37.50990 10.12890
C 231.52100 38.75210 9.99029
C 227.07100 35.43590 10.09760
C 230.24700 35.83100 10.05540
C 227.99100 38.19860 9.98096
C 225.85300 40.61570 10.00980
C 204.38400 42.24470 9.77507
C 207.68500 42.89720 9.82491
C 205.44800 45.21040 9.73741
C 209.10100 45.88050 9.73469
H 206.14200 41.77340 11.52190
H 205.12700 47.07940 11.33090
H 203.83800 44.09080 11.35240
C 213.33800 41.20540 9.75876
C 211.24000 43.53010 9.79215
C 216.78800 41.64410 9.79086
C 214.69400 44.16210 9.76147
C 215.81700 47.05450 9.69470
C 212.35300 46.43990 9.69980
C 218.01300 44.67260 9.85263
C 220.29000 42.28550 9.94026
C 221.28800 45.20710 9.83823
C 223.57000 42.88650 9.85411
C 224.58600 45.79510 9.73696
C 229.18500 41.14460 9.85484
C 226.99700 43.57980 9.77208
C 230.33300 44.18470 9.73590
C 228.06300 46.42060 9.69017
C 231.55900 47.06850 9.75782
C 204.51800 50.61180 9.66324
C 209.94800 48.69000 9.71271
C 206.75500 48.12940 9.74855
C 207.79900 51.06500 9.62802
C 205.51700 53.49510 9.60191
C 208.84800 53.98310 9.55184
H 203.97600 52.45740 11.29710
H 207.33200 52.96090 11.25720
H 206.24200 49.98340 11.28700
C 211.07500 51.66440 9.62515
C 213.52600 49.26120 9.71206
C 216.85200 49.99620 9.77733
C 214.59200 52.44780 9.58464
C 219.12200 47.52710 9.87066
C 218.08000 52.97470 9.70075
C 220.15800 50.56460 9.83583
C 222.35600 48.17260 9.79136
C 223.56500 50.94700 9.74944
C 221.34900 53.38590 9.71128
C 224.74200 53.99000 9.54298
C 230.32100 52.42810 9.62671
C 229.26200 49.41810 9.72457
C 225.88000 48.69820 9.62671
C 226.99200 51.68300 9.69278
C 204.38800 58.86380 9.52951
C 206.60800 56.42190 9.48207
C 209.94500 56.94190 9.53827
C 207.77000 59.43780 9.44753
H 208.37000 55.84760 11.15890
H 205.10600 55.37880 11.18700
H 206.27400 58.26990 11.04490
H 204.09700 60.73000 11.16990
H 209.58900 58.87030 11.08880
C 215.71800 55.28600 9.67658
C 213.37000 57.73400 9.30755
C 216.90200 58.24110 9.42712
C 212.28900 54.65470 9.45626
C 211.10800 59.94720 9.44949
C 214.59800 60.56870 9.46987
H 213.00100 59.50280 11.02460
H 216.52000 60.13250 11.01910
H 211.93200 56.57890 11.02150
H 215.21700 57.22420 10.96090
C 222.40900 56.47260 9.44785
C 219.17200 55.77940 9.63659
C 220.15800 58.81200 9.54480
C 223.50200 59.38450 9.56179
H 221.99300 58.26630 11.17950
H 219.83600 60.69030 11.16540
H 218.68900 57.71140 11.17910
C 228.11600 54.68380 9.57715
C 225.91500 57.02700 9.46997
C 231.49800 55.28490 9.60749
C 229.16800 57.66780 9.37999
C 226.94300 59.98850 9.41123
C 230.29800 60.70850 9.38902
H 228.79900 59.51710 11.00860
H 231.01300 57.22240 11.02050
H 225.40400 58.94890 11.05980
C 204.49500 67.15110 9.49084
C 206.76200 64.78080 9.41996
C 210.07000 65.27270 9.38626
C 208.92000 62.30070 9.44892
C 205.54300 61.87880 9.46101
H 206.41700 66.60610 10.98480
H 205.17500 63.66010 11.06460
H 209.70500 67.08550 10.99680
H 208.54100 64.16290 11.07220
H 207.34200 61.21350 11.07670
C 212.42000 62.90540 9.45107
C 215.75700 63.52990 9.47312
C 213.51000 66.05780 9.38196
C 216.87100 66.49910 9.50612
H 215.25400 65.38710 11.04050
H 217.54200 63.05190 11.16140
H 214.27900 62.42110 11.12400
H 211.97500 64.85000 10.96720
H 210.81400 61.86860 11.07070
C 222.44800 64.77790 9.35604
C 221.40100 61.75480 9.53696
C 219.13300 64.23910 9.58074
C 218.07700 61.26690 9.46549
C 220.29700 67.27020 9.45430
H 222.10600 66.58010 11.03630
H 224.31700 64.15940 10.87560
H 223.23900 61.27420 11.14590
H 218.78100 66.00190 11.07030
H 221.07900 63.64320 11.12900
C 224.59000 62.26810 9.34268
H 226.47300 61.83400 10.88720
H 229.80300 62.45990 10.98230
C 231.38200 63.58670 9.36588
H 225.40200 67.24090 11.11700
H 230.94400 65.42480 10.97350
H 227.56300 64.74570 11.05580
C 229.05700 65.82950 9.38698
C 227.98900 62.96900 9.36710
C 225.84100 65.46430 9.42048
C 208.96400 37.63260 13.32390
C 210.07300 40.63710 13.08980
C 205.43600 37.07330 13.27760
C 206.55000 40.10280 13.28890
C 207.75200 34.54210 13.28970
H 208.43900 39.46400 11.74200
C 211.10300 35.27380 13.20640
C 214.45900 35.90690 13.12810
C 212.24900 38.31520 13.09910
C 215.52400 38.81910 12.96460
H 216.18500 35.36880 11.34710
H 213.95800 37.62940 11.41310
H 212.97100 34.67080 11.61050
H 215.11300 40.66630 11.35010
H 211.90000 40.08360 11.42480
H 210.70200 37.13990 11.61380
H 217.36900 38.28500 11.44830
C 217.77200 36.41750 13.02710
C 223.57200 34.66000 13.20400
C 221.20900 37.11740 13.15410
C 218.91100 39.35350 13.05000
C 222.37000 39.90130 13.16670
H 224.23100 39.39920 11.58720
H 223.05000 36.47930 11.63490
H 219.72100 35.96900 11.51650
H 220.83500 38.90600 11.44900
C 224.59900 37.57030 13.23650
C 231.46700 38.83000 13.08400
C 226.79200 35.30090 13.26990
C 230.20800 35.98950 13.28280
C 228.15900 38.27940 13.31300
C 225.82900 40.60910 13.00770
H 227.75400 40.06210 11.58720
H 226.60700 37.19110 11.78050
H 229.82600 37.74030 11.55150
H 228.72500 34.79040 11.73250
H 231.08800 40.70440 11.46430
C 204.19700 42.29630 12.95720
C 207.80300 42.89220 12.88500
C 205.61300 45.11410 12.81310
C 208.84800 45.90150 12.91390
H 207.44000 44.69390 11.14010
H 209.67500 42.35090 11.29390
C 213.36900 41.25070 13.00660
H 210.82200 45.33140 11.44490
C 211.21700 43.45780 12.94190
C 216.66600 41.68630 13.03520
C 214.62600 44.20510 12.96210
C 212.40200 46.52260 12.94200
C 215.66300 47.04720 13.04720
H 216.45800 43.52770 11.38940
H 213.09400 43.06490 11.40470
H 217.53300 46.54420 11.45970
H 214.18700 45.98950 11.27650
C 217.90400 44.68730 13.06390
C 220.18300 42.25920 13.15190
C 221.38300 45.23560 13.12530
C 223.72800 42.96730 13.05950
H 223.19100 44.78010 11.45770
H 220.93900 47.06440 11.49350
H 222.09800 41.79920 11.61990
H 219.82900 44.14200 11.50240
H 218.61000 41.27610 11.49440
C 224.77300 45.95300 12.97340
C 229.26000 41.26860 13.09940
C 226.94700 43.57160 12.92170
C 230.33700 44.20120 13.01090
C 231.51300 47.11240 12.95320
C 228.05800 46.37570 12.90470
H 229.93100 46.00350 11.34610
H 228.84300 43.04540 11.39840
H 226.48700 45.39410 11.30460
H 225.46500 42.41430 11.32720
H 208.49900 47.62320 11.38860
C 206.58900 48.16200 12.94620
C 210.03400 48.87770 12.93950
C 204.37000 50.50880 12.84450
C 207.72900 51.18230 12.90020
C 205.52000 53.65090 12.85030
H 209.55400 50.61430 11.27030
C 208.93400 54.03700 12.79950
C 211.23400 51.68020 12.76680
C 213.44100 49.34770 12.84020
C 216.78900 50.13440 12.94980
C 214.51300 52.40270 12.86500
H 215.39300 48.84260 11.37520
H 210.77500 53.59550 11.15400
H 213.09400 51.18050 11.13780
H 211.81700 48.29680 11.27800
H 214.03600 54.22320 11.23230
H 216.42300 51.94200 11.27860
H 224.29800 47.71120 11.26930
C 219.09400 47.64580 13.09140
C 217.91200 53.04600 13.02060
C 220.16400 50.58910 13.05240
C 222.56100 48.21400 12.98170
C 223.64200 51.11960 12.93580
C 221.36900 53.51200 12.94710
H 218.65900 49.41920 11.43590
H 223.23600 52.94910 11.26090
H 221.98800 50.00890 11.43710
H 219.77700 52.43640 11.47530
C 229.23900 49.41120 12.89700
C 225.87300 48.69060 12.90520
C 226.94700 51.77320 12.87020
C 230.40000 52.44170 12.93010
H 227.66400 48.27960 11.28670
H 228.83300 51.28850 11.30540
H 231.09400 48.90960 11.35180
H 226.56400 53.64410 11.21110
H 225.44600 50.56430 11.28790
C 224.68400 54.27790 12.81090
H 229.90000 54.26250 11.26460
C 210.03400 56.97500 12.65600
C 206.64500 56.55960 12.82270
C 207.74200 59.44380 12.71720
C 204.56800 58.86990 12.75260
C 216.75000 58.26380 12.65000
C 215.61900 55.48060 12.70670
C 212.13000 54.82510 12.82000
C 211.20800 60.05310 12.71230
C 213.37200 57.70840 12.67090
C 214.62900 60.58940 12.63690
H 217.61100 54.80870 11.33000
C 220.18800 58.78590 12.84570
C 223.55800 59.45350 12.70740
C 222.61000 56.50240 12.78740
C 219.22500 55.91460 12.84650
H 224.29600 55.93710 11.00200
H 221.02900 55.32230 11.23310
C 231.43500 55.45480 12.76370
C 230.45000 60.61280 12.53150
C 226.99700 60.09130 12.57570
C 229.21000 57.73360 12.69310
C 225.79300 57.17300 12.67570
C 228.00000 54.72840 12.83920
H 227.69800 56.57860 11.12370
C 208.92700 62.36390 12.67670
C 204.61500 67.19890 12.63560
C 205.64800 61.87880 12.77830
C 206.72700 64.77520 12.68010
C 210.16300 65.28270 12.62730
C 213.43500 65.87890 12.73240
C 215.73400 63.66100 12.75800
C 216.83500 66.48670 12.63660
C 212.38900 63.07670 12.65420
C 222.59900 64.71970 12.65690
C 219.15000 64.12630 12.70660
C 217.95700 61.16430 12.75350
C 220.38100 67.01940 12.75790
C 221.40500 61.80220 12.73670
C 225.71300 65.29610 12.62680
C 231.47000 63.50040 12.53670
C 224.81100 62.40050 12.60650
C 229.13000 65.88950 12.62890
C 227.96500 62.84310 12.57110
C 209.02000 70.68580 9.27058
C 210.18300 73.79120 9.51284
C 205.64200 70.01630 9.31150
C 206.76900 73.04220 9.39343
C 207.94900 67.67300 9.27333
H 205.20600 71.86780 10.90970
H 204.07500 69.01300 11.01240
H 208.65300 72.46790 10.94500
H 207.53100 69.51560 10.86620
C 211.31800 68.19700 9.48364
C 214.50700 68.94280 9.47271
C 212.39400 71.30520 9.42662
C 215.72000 71.81650 9.55483
H 216.30700 68.37970 11.10710
H 213.09700 67.74550 11.16400
H 214.12500 70.70640 11.12710
H 215.18700 73.59760 11.23080
H 211.94000 73.04120 11.12570
H 217.41300 71.33600 11.31880
H 210.83300 70.13740 10.93320
C 223.60000 67.78610 9.45369
C 218.03600 69.52290 9.69616
C 221.37000 70.20180 9.59498
C 219.05400 72.39380 9.74140
C 222.38900 73.16820 9.82043
H 223.19400 69.55990 11.17400
H 219.94700 68.94090 11.28210
H 224.29400 72.51550 11.29330
H 220.91500 71.88790 11.40590
C 224.80500 70.67270 9.62574
C 226.86800 68.41780 9.49697
C 230.21100 68.93920 9.38330
C 228.10600 71.33540 9.51693
C 225.71500 73.65620 9.60176
C 231.37300 71.84120 9.51238
H 227.57700 73.11100 11.18650
H 230.93700 73.73870 11.05660
H 226.62700 70.20810 11.16920
H 228.77200 67.74670 10.99710
H 229.85000 70.70600 11.12000
C 204.63500 75.27570 9.45684
C 208.96900 78.96370 9.65690
C 207.89000 75.90610 9.58038
C 205.69400 78.33870 9.51206
H 207.48400 77.76930 11.19420
H 209.70600 75.52390 11.23190
H 205.15900 80.13990 11.06520
H 206.35500 74.77310 11.16660
H 204.10300 77.13310 11.10160
H 210.83100 78.45070 11.27290
C 213.44700 74.23830 9.55137
C 211.26200 76.66000 9.60420
C 216.81800 74.74990 9.70222
C 214.51000 77.26570 9.66127
C 212.37900 79.59740 9.70547
C 215.62600 80.12080 9.91900
H 214.01200 78.98880 11.45980
H 217.37700 79.53360 11.58860
H 216.27800 76.55970 11.26040
H 213.05200 76.03270 11.20100
C 217.90800 77.74770 9.87208
C 220.36300 75.49750 9.75158
C 221.33900 78.32470 9.76195
C 223.40600 76.06260 9.82544
H 220.84600 80.13360 11.41380
H 219.83200 77.23890 11.45200
H 221.99600 74.88660 11.54410
H 223.16300 77.84020 11.45280
H 218.72800 74.31020 11.28600
C 229.02600 74.18140 9.50581
C 224.54800 78.94590 9.70249
C 231.46400 80.11300 9.33741
C 226.79300 76.58260 9.51987
C 230.20400 77.04030 9.44106
C 228.06500 79.55100 9.41038
H 229.92700 78.97890 10.96340
H 226.56000 78.46580 11.10290
H 225.39000 75.50080 11.26930
H 228.62300 76.04120 11.11770
H 208.51400 80.70380 11.37750
C 210.02500 81.95290 9.80808
C 206.77800 81.35710 9.70059
C 204.48200 83.69890 9.79343
C 207.83200 84.23990 9.80297
C 205.59400 86.51270 9.93315
C 208.87100 87.25120 9.88208
H 209.62600 83.69110 11.46730
H 203.97100 85.45670 11.51830
H 206.27100 83.11050 11.42260
H 207.42800 86.03430 11.54220
C 211.08200 84.97480 9.94751
C 213.37400 82.55090 9.89231
C 216.76300 82.96390 9.98170
C 214.48800 85.36710 9.93870
H 211.87500 81.37210 11.41170
H 215.17300 81.93550 11.58220
H 210.59300 86.75440 11.59410
H 212.87600 84.35400 11.56670
H 214.23400 87.20480 11.55100
H 216.34200 84.83530 11.54900
C 218.93500 80.69990 9.93891
H 224.19600 80.80020 11.35650
C 217.89600 85.86290 9.88840
C 219.97100 83.68330 9.84160
C 222.30000 81.27740 9.75945
C 223.33600 84.21570 9.67654
C 221.09600 86.55340 9.88274
H 223.07400 86.08720 11.36490
H 219.66500 85.39900 11.56570
H 218.61700 82.52320 11.62520
H 221.85700 83.13160 11.35620
C 229.06000 82.59640 9.42439
C 225.57900 81.82860 9.56016
C 226.74500 84.81530 9.51113
C 230.16400 85.52890 9.56143
H 225.27300 83.74470 11.11890
H 227.57800 81.40540 10.99400
H 230.89000 81.96230 10.99510
H 228.61800 84.36700 11.13320
H 226.36500 86.69970 11.11940
H 229.63500 87.29550 11.29830
C 224.50500 87.25570 9.64931
C 209.78800 90.23200 9.91658
C 206.63800 89.55710 9.81109
C 207.59300 92.52980 9.86961
C 204.40000 91.93300 9.78657
H 209.54300 92.03470 11.37000
H 206.14900 91.36280 11.45190
H 203.98800 93.71340 11.48520
H 208.32600 89.03410 11.54740
H 205.12800 88.41330 11.47870
C 211.19200 93.25650 9.99374
C 212.26900 87.79240 10.00350
C 215.67200 88.37390 9.86706
C 213.57700 90.82010 9.81862
C 216.74200 91.40150 9.91169
C 214.56100 93.81300 10.04360
H 215.24700 90.20200 11.56260
H 213.00900 92.55660 11.54840
H 211.88600 89.65400 11.30880
H 216.34000 93.16220 11.64990
H 217.47600 87.75480 11.47370
C 218.89300 88.97290 9.77801
C 223.30500 92.57510 9.85607
C 219.99500 91.90820 9.95412
C 222.28400 89.65460 9.89571
H 224.18900 89.05710 11.36910
H 218.47800 90.69150 11.52290
H 220.69600 88.39160 11.43290
H 221.86700 91.45120 11.58230
H 219.64000 93.68120 11.66200
C 231.11900 88.33930 9.58217
C 227.88000 87.82950 9.61531
C 225.65500 90.18870 9.66133
C 228.96700 90.83880 9.67612
C 230.11800 93.76490 9.71922
C 226.68500 93.23610 9.78305
H 228.61500 92.62120 11.36570
H 230.84600 90.21540 11.24720
H 227.48400 89.63400 11.28010
H 225.18100 92.00590 11.31950
C 210.07500 98.49040 10.12730
C 208.98000 95.34750 10.09990
C 206.58700 97.86690 9.97024
C 205.38700 94.91250 9.86347
C 204.46100 100.09600 9.94633
H 205.01100 96.72750 11.51420
H 207.18300 94.36740 11.51100
C 215.61900 96.69260 10.22080
C 216.73700 99.49350 10.20410
C 213.32400 98.95690 10.19100
C 212.23500 96.13290 10.24800
H 210.73200 94.92170 11.87190
C 220.13200 100.11800 10.21360
C 221.15400 94.83740 10.03710
C 217.82900 94.41510 10.10850
C 222.21700 97.82140 10.16640
C 218.91200 97.15970 10.16500
H 224.15500 97.25870 11.63890
H 223.06700 94.34520 11.60580
H 220.76200 96.64150 11.64150
C 231.43600 96.70590 9.90963
H 227.51900 97.93700 11.57190
H 230.96000 98.43180 11.59330
H 229.88600 95.53430 11.41160
C 224.49200 95.53040 9.98975
C 229.12900 99.07590 10.07280
C 227.95400 96.12780 9.95021
C 225.63000 98.46380 10.01060
H 225.22200 100.25000 11.69040
H 226.41600 94.98080 11.54680
C 209.02000 70.61230 12.57300
C 210.11300 73.58480 12.68690
C 205.71800 70.01330 12.50190
C 206.77200 72.93010 12.56920
C 207.93000 67.73430 12.64430
C 211.20400 68.30300 12.59320
C 214.57500 68.89610 12.78160
C 212.25600 71.06140 12.68250
C 215.49800 71.78100 12.87890
C 217.96900 69.37040 12.75680
C 223.55600 67.65370 12.73780
C 221.49600 70.03230 12.97450
C 218.98400 72.37920 12.91420
C 222.51900 72.94480 13.00330
C 224.80500 70.59080 12.80720
C 227.03300 68.33560 12.71570
C 230.24100 68.79420 12.70180
C 228.14100 71.29400 12.81690
C 225.84400 73.66450 12.87570
C 231.31700 71.96940 12.71530
C 208.99300 78.82550 12.91360
C 204.48500 75.31910 12.73410
C 207.79800 75.89130 12.84570
C 205.56300 78.30370 12.73110
C 213.39800 74.15720 12.81750
C 211.29500 76.62880 12.84040
C 216.86000 74.64870 12.79560
C 214.52500 77.08510 12.92930
C 212.18100 79.52230 13.04850
C 215.49700 80.02580 13.18760
C 217.88600 77.51880 12.98060
C 220.09300 75.36330 13.07010
C 221.33200 78.34090 13.07800
C 223.69100 75.96640 13.02900
C 224.86800 78.97630 12.90690
C 229.12900 74.19000 12.72730
C 226.89300 76.66500 12.84510
C 230.26100 77.14320 12.63390
C 231.48700 80.09180 12.55680
C 228.20400 79.58360 12.63690
C 204.42500 83.55480 13.03200
C 210.00100 81.80120 13.05230
C 206.60400 81.15490 12.89310
C 207.81300 84.17130 13.09740
C 205.61300 86.57070 13.09880
C 208.78600 87.25570 13.21150
C 211.04000 84.89100 13.17490
C 213.30800 82.39800 13.13380
C 216.75900 83.00560 13.18790
C 214.50300 85.36510 13.17100
C 219.06600 80.60220 13.16570
C 217.82900 85.95450 13.16880
C 220.21800 83.59770 13.14810
C 222.42400 81.33460 12.99230
C 223.56400 84.19890 12.85470
C 221.28200 86.53260 13.03630
C 224.70200 87.14340 12.88370
C 229.09900 82.44360 12.65520
C 225.93200 81.95590 12.78290
C 226.82500 84.89690 12.69710
C 230.15800 85.41240 12.78320
C 207.75900 92.49810 13.03020
C 210.02100 90.13750 12.98290
C 206.44800 89.53570 13.16160
C 204.33900 91.84980 13.04230
C 214.49400 93.62710 13.27560
C 216.71900 91.27570 13.24170
C 213.34600 90.67580 13.11670
C 215.73300 88.35460 13.13670
C 211.08400 93.13610 13.13510
C 212.29700 87.85610 13.01440
C 222.32500 89.43450 13.02770
C 220.02200 91.75030 13.17530
C 223.52100 92.42350 13.14610
C 218.93200 88.88500 13.14510
C 231.26000 88.39680 12.83520
C 225.74400 90.16740 12.97920
C 230.24900 93.63790 12.94080
C 227.73200 87.77920 12.89190
C 226.73500 93.06470 13.01340
C 229.03500 90.71790 12.89040
C 204.20800 100.12800 13.15630
C 205.33900 94.85980 13.16800
C 206.52200 97.75440 13.22730
C 209.77100 98.45720 13.37200
C 208.67000 95.44660 13.23170
H 208.41600 97.31860 11.59230
H 206.13600 99.61950 11.71870
H 209.42700 100.28600 11.74580
H 217.39100 96.11530 11.86440
H 215.18500 98.47460 11.85670
H 211.78000 97.94460 11.93850
C 212.26000 96.06760 13.51730
C 213.41600 99.02080 13.49280
C 216.82000 99.55800 13.41760
C 215.60400 96.63580 13.49050
H 214.05900 95.55600 11.81520
H 221.89200 99.58640 11.97340
H 218.56200 99.01590 11.78670
C 221.22800 94.79200 13.24640
C 222.33200 97.59130 13.31730
C 219.95400 100.17800 13.46720
C 217.84400 94.17320 13.34460
C 219.00200 97.12950 13.35870
C 229.11000 98.90030 13.27950
C 224.57900 95.37920 13.22160
C 225.67600 98.39280 13.23030
C 228.10500 96.07480 13.07540
C 231.36800 96.59250 13.14630
C 208.95800 103.69100 10.18280
C 210.03700 106.71300 10.06030
C 205.49100 103.13100 9.87755
C 206.70000 106.04600 10.02030
C 207.68500 100.70800 10.04350
C 211.14200 101.37300 10.27100
C 214.49400 101.91900 10.12560
C 212.22700 104.28600 10.25490
C 215.59000 105.00200 10.10340
C 217.85800 102.43600 10.10880
C 221.27200 103.08400 10.10720
C 218.83600 105.43600 9.98388
C 222.43000 106.13200 10.19800
C 223.29700 100.70500 10.21570
C 231.31200 104.76000 10.23890
C 224.67700 103.55400 10.28890
C 226.91800 101.39900 10.29890
C 230.21300 101.95900 10.20340
C 228.00600 104.22500 10.34620
C 225.80400 106.57100 10.22300
H 227.53200 106.09700 11.90390
H 229.83400 103.74100 11.97370
H 230.91600 106.69100 11.72210
H 228.78600 100.80600 11.88050
H 226.44200 103.19000 11.98570
C 207.70700 108.89600 10.02950
C 205.48700 111.32400 9.94155
C 208.97000 111.99100 10.06670
C 204.44900 108.39500 9.95627
C 213.37800 107.21500 10.16080
C 211.03900 109.56300 10.06230
C 216.72400 107.80600 10.09280
C 214.54300 110.17300 9.96343
C 215.75700 113.20900 9.99002
C 212.35300 112.49100 10.04590
C 217.97000 110.75100 10.12080
C 220.04500 108.49600 10.21340
C 221.23000 111.16600 10.27540
C 223.54200 108.85100 10.15420
C 231.38400 113.02300 9.88388
C 224.61800 111.94400 10.04000
C 229.00200 107.15500 10.18260
C 226.91000 109.51500 10.10330
C 230.26200 110.07900 9.97799
C 227.96700 112.57600 10.02170
H 228.73900 109.05300 11.73590
H 229.85800 111.95900 11.55390
H 226.48400 111.39600 11.61930
C 204.46600 116.71600 10.04960
C 209.95400 114.78300 10.10230
C 206.68700 114.38300 10.02950
C 207.80000 117.25000 10.05810
C 205.50400 119.70600 10.04800
C 208.97000 120.33400 10.01720
C 211.10700 117.85700 9.98107
C 213.48200 115.46500 9.96147
C 216.93100 116.15900 9.96379
C 214.55200 118.38700 9.98746
C 219.20000 113.62400 10.19480
C 218.03700 119.05100 10.02400
C 220.22400 116.64600 10.09270
C 222.43700 114.26700 10.09370
C 223.57300 117.08400 9.96254
C 221.33500 119.36700 9.95763
C 229.08200 115.44300 9.93330
C 225.83700 114.86900 9.99859
C 227.05300 117.74500 9.93044
C 230.27800 118.51300 9.90569
H 230.96700 114.91200 11.46460
H 227.62100 114.35600 11.63860
H 225.47900 116.70100 11.58310
H 228.89500 117.29400 11.57710
C 224.77400 120.10800 9.90156
H 226.70200 119.60200 11.45420
H 229.96600 120.29300 11.62610
C 210.17900 123.14800 10.09070
C 206.66400 122.58300 10.30180
C 207.92900 125.38900 10.22280
C 204.38700 124.80500 10.29010
C 214.68700 126.76700 10.15710
C 216.81900 124.34000 10.08070
C 211.30400 126.10300 10.14990
C 212.27500 120.74900 10.08220
C 215.74300 121.33000 10.05600
C 213.47500 123.65500 10.11300
H 216.50400 126.15300 11.77790
C 223.53100 125.54700 9.99246
C 220.24700 124.87100 9.97000
C 222.56400 122.61300 9.88121
C 219.09700 121.95600 9.99979
H 222.06500 124.31100 11.58700
H 224.35000 121.94900 11.52600
H 219.88600 126.66800 11.64720
C 230.35800 126.73500 10.03170
C 226.85000 126.05800 9.94748
C 225.88100 123.06200 9.91182
C 229.12900 123.74300 10.02270
C 228.16300 120.86400 9.95808
C 231.40000 121.43300 9.92759
H 231.01600 123.25000 11.63420
H 225.37600 124.87400 11.55280
H 228.71600 125.62500 11.55490
H 227.62100 122.64300 11.64940
C 210.10900 131.26900 10.17370
C 209.07400 128.50700 10.16680
C 205.52900 127.61600 10.28830
C 204.38300 133.00300 10.10030
C 206.64900 130.66400 10.19780
H 205.06900 129.53500 11.83020
H 206.26800 132.51700 11.73780
H 209.66400 133.18400 11.79430
H 208.53200 130.26300 11.83710
H 215.35800 131.46800 11.84930
C 213.50500 131.98300 10.18970
C 212.37100 129.03500 10.27440
C 216.84700 132.56900 10.19130
C 215.76000 129.64000 10.21870
H 217.56300 129.05600 11.84620
H 214.21900 128.49100 11.85680
H 210.86700 127.89300 11.86180
H 211.91800 130.91100 11.81720
H 223.12100 127.31900 11.65360
H 222.00700 132.69500 11.81680
H 218.62400 131.98700 11.73400
H 224.32900 130.37200 11.88280
C 218.00800 127.33700 10.14340
C 219.00600 130.16600 10.13530
C 220.15000 133.15900 10.21720
C 221.32400 127.80900 9.98563
C 222.57100 130.90200 10.19620
H 220.93900 129.67400 11.65890
H 231.03500 131.48700 11.58470
C 227.90300 128.96800 9.99990
C 225.77100 131.43100 10.09610
C 224.62100 128.61700 10.12030
H 226.39100 127.83500 11.63280
C 229.06900 131.96900 10.09510
H 225.42700 133.24300 11.72300
H 229.80400 128.58300 11.53900
H 227.56100 130.88100 11.69760
C 231.43500 129.65400 9.94793
C 208.67700 103.74900 13.26900
C 209.84900 106.75400 13.38800
C 205.36300 103.03000 13.09730
C 206.51600 105.93000 13.16680
C 207.58300 100.88500 13.33700
H 208.46700 105.58700 11.66780
H 207.24400 102.60700 11.57340
H 203.88500 102.00300 11.40710
H 205.02500 104.93900 11.47560
C 211.05000 101.52800 13.29460
C 214.55200 101.93600 13.39100
C 212.30100 104.39200 13.38800
C 215.60600 105.02700 13.35260
H 210.69800 103.19300 11.91360
H 214.11300 103.80300 11.74480
H 215.21500 106.77200 11.80470
H 216.34500 101.37700 11.78470
H 211.72200 106.24400 11.79180
H 213.02900 100.82600 11.80620
H 217.37300 104.33100 11.66530
C 217.83900 102.56200 13.37600
C 221.13700 103.23200 13.36720
C 218.86500 105.44700 13.27130
C 222.19400 106.00200 13.25330
C 223.50900 100.68500 13.48480
H 219.66900 101.99900 11.76620
H 220.68100 104.94600 11.59750
H 224.18600 105.48700 11.80210
H 223.01600 102.55800 11.87720
C 224.55800 103.67200 13.51280
C 226.82600 101.23900 13.43580
C 230.37800 101.92200 13.46980
C 227.94700 104.29400 13.56230
C 225.65100 106.62900 13.48820
C 231.47000 104.92400 13.39690
C 207.60800 109.06100 13.26360
C 205.49000 111.29000 13.18440
C 208.86400 111.81800 13.25750
C 204.27100 108.38700 13.20460
H 209.49500 108.52000 11.70980
H 207.30700 110.82000 11.53080
H 203.92700 110.20500 11.55760
H 206.16700 107.86000 11.67450
H 205.15100 113.15400 11.58190
C 213.34000 107.37000 13.30830
C 211.14400 109.59700 13.26640
C 216.86700 107.95800 13.25960
C 214.49000 110.25900 13.26010
C 212.37400 112.53400 13.17440
C 215.65600 113.29500 13.23630
H 210.73600 111.47400 11.66690
H 214.24000 112.06300 11.56640
H 212.96500 109.17300 11.59570
H 216.32500 109.70000 11.68570
H 217.47600 112.61300 11.70610
C 217.72100 110.85400 13.41130
C 219.94800 108.39600 13.35570
C 221.38300 111.24700 13.44840
C 223.40300 108.92000 13.33600
H 218.54500 107.22500 11.63610
H 223.18200 110.77600 11.70520
H 219.62700 110.24700 11.96070
H 221.89300 107.92800 11.75800
H 221.03500 113.12300 11.89020
C 224.67200 111.98000 13.26180
C 229.14600 107.24800 13.39460
C 226.89600 109.64700 13.33750
C 230.35500 110.20300 13.25020
C 228.06000 112.44900 13.21560
H 225.36800 108.45700 11.79580
C 231.40600 113.16600 13.12920
C 210.11600 114.74600 13.22980
C 206.51800 114.35400 13.32790
C 204.43100 116.71700 13.39810
C 207.84800 117.38100 13.21940
C 205.60600 119.61200 13.32330
C 208.91300 120.21500 13.32180
H 207.41200 119.19800 11.57990
H 204.06500 118.50900 11.70300
H 208.37800 113.74100 11.78390
H 209.65600 116.67500 11.65640
H 206.25800 116.16100 11.76080
C 211.27400 117.78600 13.27950
C 213.51100 115.43500 13.12270
C 216.71100 116.15300 13.24210
C 214.53100 118.26400 13.15640
H 210.71400 119.63300 11.71780
H 214.11200 120.20400 11.62210
H 212.95100 117.27400 11.54630
H 211.92600 114.35400 11.54370
H 215.37900 115.04900 11.54830
H 216.45800 117.98900 11.56230
C 219.03800 113.74500 13.33080
C 217.95500 119.01100 13.28080
C 220.17000 116.65600 13.32080
C 222.62900 114.29400 13.36610
C 223.64700 117.20800 13.22380
C 221.45300 119.59400 13.15490
H 218.62900 115.51200 11.69200
H 222.05600 116.12100 11.72620
H 224.31700 113.75900 11.61870
H 219.77900 118.50000 11.71940
H 223.23300 119.01300 11.49370
C 224.82600 120.09400 13.06370
C 229.17800 115.42700 13.21040
C 225.79200 114.90900 13.22960
C 227.04600 117.75800 13.19190
C 230.34900 118.43200 13.22700
C 210.16200 123.09300 13.38500
C 204.50400 124.83200 13.56090
C 206.73900 122.61100 13.34550
C 208.02400 125.51700 13.36180
H 208.63400 122.10000 11.70620
H 209.82000 124.92600 11.75040
H 206.32300 124.46100 11.89200
H 205.09000 121.47100 11.85240
H 204.03900 126.58500 11.95390
C 211.36300 126.00300 13.37050
C 212.32600 120.68200 13.28400
C 216.90200 124.24100 13.29650
C 215.66000 121.25700 13.25870
C 213.46300 123.64300 13.34040
C 214.69500 126.60500 13.43920
H 211.93400 122.57100 11.74330
H 213.19700 125.55700 11.72320
H 215.30400 123.16800 11.68750
H 217.59200 120.86600 11.67340
C 219.30200 121.88500 13.17290
C 223.59100 125.45700 13.23580
C 220.29400 124.80400 13.31990
C 222.50200 122.40400 13.17430
H 218.73600 123.76400 11.65920
H 221.07000 121.35800 11.43840
C 231.53700 121.45700 13.25520
C 225.78700 123.06000 13.23780
C 228.11200 120.78500 13.15830
C 229.19000 123.78200 13.22600
C 226.88800 125.94200 13.23030
C 230.27400 126.72300 13.15900
C 205.72300 127.69400 13.37650
C 210.04900 131.36500 13.47990
C 209.09000 128.44100 13.43630
C 206.57700 130.70800 13.39790
C 204.35900 133.05000 13.35900
H 207.61500 127.30300 11.72190
C 215.76500 129.62100 13.47170
C 212.37500 129.08000 13.44890
C 213.56600 131.91500 13.46860
C 216.95000 132.50200 13.43570
C 220.12100 133.10800 13.41330
C 222.37400 130.83400 13.36920
C 219.09000 130.21800 13.32150
C 218.13700 127.19100 13.36110
C 221.30700 127.92400 13.30660
C 231.38200 129.65200 13.19940
C 224.65600 128.36900 13.35200
C 227.97300 128.98800 13.22160
C 225.86400 131.45900 13.45380
C 229.16900 131.92600 13.27720
C 233.73500 3.50107 10.32390
C 236.96700 4.11825 10.33030
C 234.81000 6.49631 10.34400
C 238.18700 7.16100 10.26290
H 235.52000 3.01971 12.01790
H 236.69000 6.00180 11.88730
H 233.20700 5.39544 11.97990
H 232.07200 2.40750 11.81290
C 240.29900 4.72711 10.23330
C 242.66700 2.26581 10.18550
C 243.71600 5.46544 10.06320
C 241.61400 7.73309 10.21000
C 239.04700 1.82899 10.24620
H 242.24600 4.22408 11.71320
H 243.38300 7.13096 11.86230
H 244.51200 1.81538 11.84000
H 240.06100 6.63999 11.81970
H 238.81600 3.67645 11.93460
C 245.97000 2.93897 10.05180
C 247.23200 6.04931 9.97934
C 249.45700 3.61537 10.05520
C 250.57400 6.58742 10.08750
H 247.93800 2.49545 11.59150
H 249.01100 5.47857 11.63300
H 251.17900 3.06220 11.71340
H 245.66900 4.76435 11.41800
H 246.77100 7.74470 11.71200
C 252.76400 4.10666 10.08140
C 256.24700 4.84690 10.21510
C 253.92900 7.09511 10.07440
C 258.50500 2.55075 10.13010
C 257.31600 7.78899 10.21550
C 255.11800 1.86056 10.05450
H 255.70600 6.65502 11.78700
H 252.38200 5.99728 11.68370
H 254.60600 3.64512 11.72410
H 258.05400 4.32193 11.86660
H 259.12900 7.25769 11.80350
C 232.57000 8.77357 10.26960
C 235.97200 9.42944 10.20240
C 233.67600 11.53990 10.19270
C 237.11300 12.29070 10.04170
H 237.72900 8.99173 11.85640
H 234.44400 8.42046 11.87790
H 232.06500 10.58850 11.85420
H 235.59800 11.29500 11.75830
C 244.92200 8.22788 10.20070
C 239.39400 9.95087 10.20480
C 240.54100 12.96670 10.17760
C 243.82600 13.57930 10.18640
C 242.70400 10.65090 10.22200
H 241.19400 9.54669 11.90220
H 238.91900 11.88890 11.70680
H 242.36200 12.49340 11.83770
H 244.50600 10.05610 11.82580
C 246.02100 11.13560 10.20280
C 248.39600 8.88585 10.15650
C 251.69200 9.45277 10.06240
C 247.32200 14.09930 10.16120
C 249.47500 11.83690 10.15510
H 247.91100 10.74770 11.79640
H 250.22500 8.39375 11.80660
C 252.94200 12.54270 10.07320
C 256.28900 13.14950 10.06450
C 255.19100 10.07050 10.10920
C 258.41100 10.68190 10.21730
H 253.55500 9.00933 11.65230
C 234.84600 14.69620 10.07950
C 232.66400 16.93110 10.08000
C 238.27900 15.27840 10.10300
C 236.06700 17.54620 10.11720
C 233.70100 19.86780 10.08330
C 237.16000 20.50010 10.07950
C 244.91000 16.48620 10.08890
C 241.59400 15.90560 10.15730
C 239.44100 18.28710 10.08610
C 242.72600 18.79270 10.10940
C 240.45800 21.27680 10.02210
C 250.45200 14.73130 10.22250
C 246.17500 19.48570 10.04530
C 248.42300 17.06710 10.13780
C 251.66600 17.67850 10.21800
C 249.37600 20.05520 10.07960
C 256.38500 21.27440 10.27980
C 252.72600 20.81980 10.12660
C 254.00900 15.52840 10.10910
C 257.20100 16.07280 10.08840
C 255.03600 18.44300 10.08770
C 258.56600 18.97260 10.23210
C 236.04000 25.94610 9.99902
C 232.83400 25.34250 9.83448
C 238.16900 23.50180 10.03680
C 234.86900 22.79510 10.04440
C 243.87800 21.83410 10.01460
C 239.32000 26.53360 10.09790
C 242.74000 27.20950 10.13840
C 241.57700 24.19520 9.99519
C 244.88100 24.84810 10.07180
C 250.59800 23.10070 10.12990
C 248.35100 25.44550 10.11170
C 251.71700 25.90670 10.16300
C 246.12400 27.78800 10.11890
C 247.19200 22.54870 9.99995
C 253.93600 23.77030 10.12100
C 255.14300 26.64310 10.30480
C 258.48400 27.30680 10.18900
C 257.55800 24.29440 10.29080
C 233.84900 28.33570 9.96511
C 237.12100 28.92580 10.12770
C 238.19600 31.73480 10.07940
C 232.49600 33.50700 10.12330
C 235.90000 34.08780 10.10620
C 234.85800 31.16940 10.23150
C 240.42900 29.39880 10.13970
C 241.53200 32.35060 10.13730
C 244.99100 33.11960 10.07220
C 243.73100 30.07000 10.16180
C 248.22900 33.64850 10.15950
C 249.49300 28.32080 10.14190
C 251.48700 34.22100 10.14190
C 250.50400 31.45270 10.09220
C 247.17600 30.71620 10.12070
C 256.20500 29.59710 10.27130
C 253.98300 31.86580 10.02010
C 257.35600 32.66570 10.15700
C 252.91300 28.96130 10.09420
C 233.57500 3.52232 13.54580
C 237.11300 4.18777 13.55510
C 234.84600 6.56012 13.49010
C 238.21200 7.14327 13.44150
C 240.47600 4.74375 13.39830
C 242.55500 2.32859 13.34340
C 243.91100 5.14174 13.23210
C 241.59800 7.66813 13.51510
C 239.20900 1.78732 13.43990
C 246.00000 2.85624 13.13860
C 247.11400 5.87591 13.17010
C 249.35900 3.64962 13.25950
C 250.53100 6.46596 13.29690
C 252.76800 4.16580 13.32610
C 256.07500 4.70522 13.36030
C 253.82200 7.26113 13.34920
C 258.41100 2.39917 13.38800
C 257.25700 7.70025 13.39020
C 254.97300 1.73388 13.25750
C 232.49700 8.71495 13.42310
C 235.92400 9.52863 13.49690
C 233.71500 11.72290 13.34990
C 237.09900 12.45400 13.32940
H 236.71000 14.21870 11.66000
H 233.28100 13.53790 11.64240
C 244.95100 8.14441 13.38580
C 239.29900 10.05530 13.41930
C 240.45200 12.99590 13.36960
C 242.75000 10.68410 13.49500
C 243.93900 13.66210 13.42740
C 246.07400 11.18060 13.38000
C 248.28900 8.83057 13.32160
C 251.77600 9.53420 13.34510
C 247.12800 14.25900 13.39640
C 249.62300 11.67090 13.40140
H 245.67500 13.02300 11.76510
H 249.05800 13.60610 11.94550
H 251.35200 11.33550 11.61440
C 252.87600 12.44420 13.26450
C 256.18600 13.06470 13.41600
C 255.02600 10.17850 13.38010
C 258.36300 10.77540 13.52580
H 252.45700 14.28610 11.67070
H 256.90900 9.61461 11.86160
H 257.98000 12.51320 11.79500
H 254.77100 11.95100 11.68120
C 234.82300 14.65550 13.27960
C 232.64200 17.02230 13.42130
C 238.20100 15.37200 13.26740
C 236.10800 17.67050 13.28920
C 233.76500 19.95110 13.31010
C 237.14000 20.60940 13.23480
H 232.20700 18.79860 11.70590
H 234.43400 16.51450 11.75980
H 237.89700 17.19180 11.67210
H 235.59200 19.45610 11.65230
C 241.57700 15.90460 13.41990
C 245.00100 16.57730 13.33670
C 239.31800 18.30330 13.36650
C 242.83200 18.87380 13.28210
C 240.49100 21.25910 13.29010
H 242.34600 20.70050 11.63270
H 244.62900 18.35130 11.64610
H 239.03800 20.11470 11.68010
H 241.17800 17.75740 11.78850
H 240.10400 14.82670 11.74120
H 243.42000 15.45650 11.81110
C 250.65600 14.72090 13.41380
C 246.08500 19.50920 13.32300
C 248.34400 17.10240 13.35840
C 251.77000 17.80590 13.38650
C 249.37000 20.08550 13.31260
H 245.74300 21.32190 11.65640
H 250.19000 16.61240 11.82930
H 247.92700 18.91680 11.75760
H 246.81100 15.99690 11.70200
H 251.22700 19.61820 11.72900
H 255.76500 14.90540 11.78370
C 252.81600 20.69820 13.33620
C 253.91500 15.45880 13.37050
C 257.30800 16.14920 13.31600
C 255.13300 18.52140 13.35310
C 258.47100 19.00360 13.35810
C 256.12000 21.37500 13.37830
H 254.61900 20.25960 11.69860
H 258.09900 20.77620 12.00010
H 256.88500 17.93420 11.65770
H 259.09100 15.54150 11.64670
H 253.58600 17.33220 11.78310
C 234.93300 22.90990 13.25440
C 232.62700 25.24800 13.06940
C 238.18200 23.50130 13.26890
C 235.93300 25.88140 13.30270
H 237.78200 25.34230 11.66810
H 234.52500 24.74390 11.58190
H 235.59200 27.73630 11.70410
H 232.31000 27.12350 11.45810
H 236.68800 22.36520 11.65440
H 233.38000 21.74760 11.74480
C 242.72200 27.09670 13.34100
C 239.34400 26.40810 13.28630
C 244.88100 24.78180 13.29720
C 241.49700 24.18130 13.31130
C 243.86100 21.81580 13.28710
H 241.19100 26.04610 11.63750
H 240.02800 23.10550 11.63460
H 244.58400 26.69040 11.72730
H 243.35700 23.66310 11.66770
C 247.23200 22.45270 13.28220
C 250.52800 23.08160 13.31170
C 251.60500 26.05760 13.42550
C 248.21800 25.39300 13.35400
C 246.03200 27.80640 13.38560
H 246.74700 24.29190 11.61870
H 247.85600 27.29080 11.77890
H 251.33900 27.85530 11.69890
H 250.14000 24.91750 11.75930
H 249.01800 21.93410 11.61210
H 252.42800 22.60340 11.74660
C 258.54400 27.37330 13.49160
C 255.02800 26.61720 13.50590
C 253.93300 23.67430 13.43930
C 257.33400 24.21060 13.47070
H 257.01900 26.17350 11.89050
H 259.37600 23.79020 11.97180
H 255.75800 23.22620 11.76540
H 253.48500 25.51710 11.85230
H 234.31300 33.04490 11.76260
H 237.82700 33.59170 11.63310
H 236.76300 30.69460 11.84570
H 233.26400 30.06370 11.73240
C 233.66000 28.12110 13.27750
C 238.23900 31.85120 13.41200
C 234.84400 31.22270 13.34590
C 237.05300 28.81070 13.40290
C 236.06200 34.11350 13.26060
C 232.42000 33.47310 13.36140
H 240.01600 31.23710 11.76470
H 241.14400 34.18830 11.79560
H 238.90200 28.31090 11.76720
H 242.22700 28.97950 11.82320
C 243.80500 30.16980 13.36520
C 244.89800 33.05400 13.36220
C 240.37200 29.46850 13.41920
C 241.61300 32.33020 13.34760
H 243.43200 31.94850 11.67540
H 250.01300 33.15620 11.85180
H 249.02800 30.22140 11.70000
H 245.60000 29.63630 11.73720
C 250.59500 31.28210 13.36170
H 246.71100 32.56730 11.76550
C 249.50500 28.39960 13.33070
C 248.18300 33.69740 13.42290
C 247.15800 30.68320 13.30590
C 251.71800 34.21480 13.28340
H 259.16800 32.12530 11.86940
H 253.48600 33.75220 11.55410
H 255.78700 31.41020 11.65820
C 256.27900 29.63390 13.37890
C 252.74500 29.06460 13.38350
C 257.23000 32.55180 13.39890
C 253.91700 31.90270 13.22000
H 256.87000 34.37770 11.85690
H 254.58700 28.49450 11.94450
H 252.33000 30.83400 11.64140
H 258.16800 29.16680 11.82600
C 233.68200 36.28980 10.11190
C 237.13900 37.05260 10.08750
C 234.87000 39.39040 9.89485
C 238.12300 39.91010 9.96821
C 239.38600 34.82880 10.15850
C 240.38900 37.53940 10.09500
C 242.71300 35.31720 10.16240
C 243.73900 38.22830 10.12460
C 241.45800 40.50920 9.85891
C 246.16500 36.00700 10.11490
C 247.21100 39.00760 10.01560
C 249.45400 36.62970 10.11270
C 250.67600 39.55510 10.05090
C 252.83000 37.10200 10.11480
C 256.11500 37.85230 10.15750
C 254.06300 40.21940 10.09550
C 258.38200 35.57540 10.21740
C 257.25900 40.73550 10.08410
C 255.10700 34.89040 10.13130
C 232.56200 41.77370 9.81227
C 235.87400 42.39010 9.88090
C 233.75600 44.70950 9.80287
C 236.95200 45.27280 9.77409
C 244.91900 41.11600 10.01640
C 239.23200 42.94070 9.71010
C 242.67400 43.47160 9.85879
C 240.36500 46.09050 9.70518
C 243.79400 46.43290 9.77730
C 246.06800 44.02050 9.94113
C 248.42700 41.86450 10.02310
C 251.77400 42.51160 10.03420
C 249.61500 44.82120 9.93236
C 247.26500 47.10240 9.88362
C 252.85500 45.45240 9.98512
C 255.04300 43.04930 10.01420
C 258.44000 43.78420 10.05250
C 256.29400 46.01690 10.06120
C 234.92200 47.71520 9.78600
C 232.64100 50.02830 9.66599
C 238.10600 48.27120 9.73388
C 235.91500 50.52120 9.62560
C 233.65900 52.97490 9.63226
C 237.11800 53.44130 9.57439
H 235.51400 52.41900 11.15760
C 245.01000 49.36190 9.91381
C 241.53100 48.87190 9.80122
C 239.38200 51.21940 9.77743
C 242.64800 51.68700 9.73016
C 240.37800 54.18760 9.68405
H 238.87900 53.10200 11.32380
H 242.20900 53.62320 11.27710
H 241.14900 50.72980 11.46660
H 244.39300 51.23540 11.47330
C 250.71600 47.90220 9.86971
C 246.04600 52.26940 9.90175
C 248.39100 50.07580 9.95518
C 251.81600 50.72380 9.95189
C 249.38300 52.92980 9.94843
H 247.81700 51.88970 11.61450
H 245.56900 54.18370 11.43240
H 251.34100 52.60750 11.49440
H 246.86700 48.91880 11.57080
C 258.35300 52.10070 9.95016
C 255.26800 51.48130 9.95939
C 252.89300 53.65660 9.81737
C 254.03400 48.39270 9.92737
C 257.34700 48.98350 10.03950
C 256.11700 54.33530 9.91897
H 254.63300 53.25810 11.52450
H 257.91200 53.87620 11.56540
C 235.91600 58.79130 9.37369
C 238.20000 56.46360 9.44599
C 232.68700 58.17310 9.50136
C 234.82500 55.88130 9.50564
H 234.53600 57.76550 11.15290
H 232.19900 60.14710 10.87290
H 235.46800 60.72380 10.89000
H 233.34800 54.86000 11.30800
H 236.65900 55.38580 10.99800
H 237.74000 58.38280 11.00490
C 243.82900 54.62810 9.69821
C 241.58600 56.95380 9.51126
C 244.99300 57.68790 9.56466
C 239.36400 59.48240 9.44884
C 242.83100 60.02280 9.42191
H 244.53500 59.57210 11.13320
H 243.39000 56.56500 11.19040
H 241.24600 58.91460 11.00320
H 239.98400 56.08390 11.19220
C 248.33700 58.29460 9.76281
C 247.16200 55.22560 9.75644
C 251.59200 58.91210 9.86830
C 250.49800 55.93340 9.93231
C 246.02400 60.66740 9.46360
H 247.80800 60.22160 11.13740
H 250.09800 57.82260 11.59200
H 246.66800 57.15180 11.29960
H 251.16800 60.81540 11.46510
H 248.89500 54.81210 11.54140
H 252.47800 55.54890 11.33150
C 258.34800 60.13970 9.78479
C 254.91800 59.72050 9.77450
C 257.09600 57.38270 9.79623
C 253.96000 56.69260 9.78864
H 253.49900 58.53360 11.44020
H 255.71300 56.18050 11.46580
H 258.96600 56.87250 11.34160
H 256.69300 59.23280 11.41400
C 234.71900 64.21200 9.30973
C 233.52900 61.17800 9.33489
C 237.12100 61.79580 9.35759
C 235.83900 67.33290 9.40212
C 232.53600 66.58690 9.36981
C 238.15900 64.77390 9.33667
H 237.69300 66.64520 11.00070
H 236.60300 63.67720 10.95000
H 234.41900 66.03720 11.01360
H 233.25200 63.07570 10.94490
C 240.46700 62.32340 9.34429
C 243.81400 63.16020 9.28668
C 244.96500 66.15730 9.50932
C 241.46900 65.50510 9.30873
H 243.27500 64.93870 10.91990
H 240.05900 64.21080 10.90690
H 242.31300 61.99200 10.90490
H 241.04200 67.23090 11.06750
H 238.87100 61.34320 11.09780
C 247.23600 63.63590 9.54731
C 250.42500 64.35190 9.59816
C 249.53000 61.35620 9.62790
C 251.50600 67.27310 9.50660
C 248.29300 66.73050 9.51498
H 249.00000 63.15490 11.26140
H 245.51300 62.57160 11.01200
H 246.69900 65.51040 11.08460
H 250.00900 66.17480 11.21180
C 253.75500 64.95170 9.66043
C 256.00800 62.63470 9.71450
H 255.61000 64.47290 11.33040
H 254.55900 61.52310 11.40630
H 253.31900 66.72780 11.15940
H 256.86900 67.42940 11.47890
C 257.22100 65.61530 9.83998
C 252.69500 61.84760 9.81957
H 259.10300 65.06010 11.37760
H 252.23500 63.81630 11.27660
H 257.88600 62.10020 11.32820
C 233.70200 36.44530 13.24400
C 236.99300 37.21370 13.36610
C 234.82100 39.52270 13.22490
C 238.16000 40.00950 13.10650
H 236.60400 38.85880 11.60470
H 235.60100 35.99330 11.68560
H 233.37100 38.26360 11.60120
H 232.05800 35.36150 11.74320
C 239.25500 34.70070 13.33270
C 240.29900 37.81980 13.35520
C 242.76900 35.28540 13.37620
C 243.75300 38.34810 13.22340
C 241.44600 40.72740 13.14590
H 240.00300 39.48820 11.57140
H 242.15000 37.15140 11.77720
H 244.59400 34.91450 11.73460
H 243.26400 40.17730 11.57080
H 238.82400 36.57880 11.81810
H 245.70200 37.91250 11.64080
C 246.04300 36.12470 13.32160
C 247.24600 39.10690 13.24230
C 249.43800 36.71360 13.34260
C 250.67100 39.54820 13.23430
H 249.06700 38.49250 11.62580
H 246.77700 40.86940 11.59890
H 247.93900 35.51460 11.76690
H 251.27000 36.08540 11.74670
H 252.51600 39.01400 11.66970
C 252.80100 37.16370 13.34790
C 256.12500 37.86970 13.37950
C 253.91300 40.20620 13.33220
C 258.45100 35.58870 13.44430
C 257.31200 40.79470 13.33470
C 254.94800 34.80010 13.32610
H 255.75200 39.68410 11.77420
H 254.63400 36.71110 11.74500
H 259.13900 40.36890 11.65310
H 258.02700 37.35120 11.75800
H 234.33900 41.23150 11.48460
C 232.49600 41.90650 13.09730
C 235.94500 42.41660 13.08980
C 233.65600 44.81350 13.05840
C 237.16700 45.32610 12.98510
H 235.50200 44.23350 11.50160
H 237.74200 41.84230 11.44040
H 236.67900 47.14390 11.37120
H 232.15600 43.69840 11.37870
H 233.38300 46.60200 11.36490
C 244.86900 41.18520 13.14780
C 239.27600 43.08960 13.01140
C 242.49300 43.51670 13.00240
C 240.42500 45.94250 12.92580
C 243.68400 46.43310 12.96770
H 238.89500 44.82280 11.29970
H 244.45100 43.02920 11.59310
H 242.15800 45.33300 11.28860
H 241.01000 42.41210 11.37760
H 245.62700 45.98510 11.41510
C 246.07000 44.18430 13.08330
C 248.34500 41.91830 13.17480
C 251.76500 42.63470 13.28180
C 249.53200 44.94930 13.12190
C 247.24100 47.14320 13.04420
H 247.99200 43.76890 11.51930
H 250.24700 41.41540 11.65510
H 249.17700 46.70610 11.46470
H 251.37800 44.33210 11.58770
H 252.45700 47.35330 11.53430
C 252.83300 45.45940 13.16770
C 255.06600 43.13350 13.24490
C 258.53000 43.70660 13.18720
C 256.14800 46.09010 13.22280
H 253.54500 42.03200 11.69420
H 254.66100 44.94280 11.55800
H 258.07900 45.60220 11.75270
H 256.90700 42.62170 11.64900
C 234.88800 47.78240 12.94260
C 232.58300 50.05880 12.94570
C 238.10700 48.37250 12.99340
C 235.90800 50.74410 12.93390
C 233.72300 53.08520 12.77670
C 236.99600 53.63830 12.75810
H 232.11900 51.85950 11.25530
H 234.42200 49.56880 11.33910
H 237.72100 50.15160 11.31950
H 239.92800 47.77940 11.42830
C 244.85800 49.36650 13.03700
C 241.49600 48.88370 13.06640
C 239.24300 51.23080 12.93600
C 242.64900 51.96860 13.06580
H 243.29700 48.27240 11.36540
C 240.42000 54.24680 12.89150
C 250.63900 47.94540 13.09570
C 245.88300 52.39010 13.11590
C 248.32100 50.13390 13.22800
C 251.86300 50.73870 13.09200
C 249.50800 52.97970 13.11920
H 250.18200 49.67790 11.54020
C 252.84800 53.83240 13.10090
C 253.98000 48.47030 13.17330
C 257.26700 48.96790 13.24910
C 255.15200 51.46250 13.14300
C 258.48300 52.02620 13.14210
H 259.14600 48.63320 11.64770
C 256.03600 54.46800 13.10390
H 255.79600 47.87670 11.58940
H 256.95100 50.83010 11.62910
H 253.70000 50.27500 11.49400
C 236.00100 59.06240 12.66650
C 235.03300 55.97310 12.81210
C 232.59400 58.40860 12.58410
C 238.12100 56.57540 12.67370
C 241.60300 57.18650 12.77930
C 244.84200 57.78340 12.83630
C 239.36500 59.40900 12.61960
C 243.68600 54.78060 12.94270
C 242.65900 60.19860 12.61890
C 245.94900 60.85030 12.75380
C 251.71900 59.08460 13.09920
C 250.58600 56.10140 13.01610
C 247.05000 55.37230 13.09010
C 248.07000 58.47370 12.93870
C 254.94900 59.78670 13.08120
C 258.31400 60.27740 12.98520
C 257.20500 57.40260 13.01630
C 253.87600 56.74950 13.02280
C 232.54800 66.52600 12.56570
C 233.75800 61.20340 12.50890
C 234.79200 64.11130 12.61320
C 235.93500 67.18330 12.70120
C 236.98100 61.81520 12.58890
C 238.26300 64.72750 12.53950
C 241.48400 65.41300 12.59760
C 244.76400 65.97220 12.68520
C 243.73300 63.17030 12.62340
C 240.55800 62.41780 12.57650
C 251.56100 67.23600 12.83530
C 249.26500 61.33780 12.93720
C 250.43600 64.32940 12.88890
C 248.16900 66.59880 12.84440
C 247.03900 63.66440 12.71800
C 256.07600 62.77410 12.93680
C 253.77000 64.98140 12.87220
C 257.19900 65.60940 12.97690
C 252.75400 62.12490 12.95060
C 233.63700 69.53930 9.50287
C 236.97600 70.13760 9.51756
C 234.81300 72.38500 9.53091
C 238.16200 73.01840 9.57898
H 236.61300 71.91320 11.21590
H 233.17400 71.38580 11.14510
H 232.02300 68.39450 10.99860
H 235.46200 69.07470 11.17400
C 240.34600 70.72140 9.56860
C 242.58200 68.40470 9.55755
C 243.68400 71.40530 9.64240
C 241.62700 73.71730 9.70227
C 239.23400 67.84740 9.44765
H 238.76000 69.60920 11.14340
H 243.40400 73.14940 11.41070
H 239.97400 72.57540 11.17140
H 242.14800 70.18230 11.22630
H 244.39500 67.89200 11.23380
C 246.03700 69.00120 9.62497
C 247.09100 71.95820 9.63765
C 249.39500 69.62590 9.70463
C 250.44900 72.51730 9.67065
H 251.23300 69.10450 11.23440
H 248.87800 71.42480 11.34500
H 247.83700 68.47750 11.28480
H 245.54500 70.85370 11.22470
H 246.63800 73.79540 11.23500
H 252.25200 72.05880 11.31220
C 252.85500 70.26270 9.68482
C 256.20400 70.73870 9.81972
C 253.80700 73.22180 9.73513
C 258.41100 68.59400 9.84618
C 257.30100 73.67890 9.90447
C 255.01700 67.79210 9.76103
H 254.50700 69.69010 11.35160
H 258.01700 70.31350 11.53720
H 255.66900 72.64880 11.32520
H 259.15400 73.25700 11.62390
C 232.45800 74.77290 9.37766
C 235.99700 75.38120 9.59712
C 233.75400 77.51150 9.48547
C 237.08900 78.38330 9.60452
H 237.78800 74.84450 11.24630
H 233.31100 79.50190 10.92530
H 236.46300 80.20780 11.13740
H 235.56300 77.20760 11.22390
H 232.09900 76.59770 11.04290
H 234.29900 74.28640 10.99730
C 244.78700 74.33470 9.63093
C 239.37500 75.95830 9.67745
C 240.35500 78.91480 9.57623
C 243.71400 79.61350 9.59672
C 242.65000 76.63490 9.59134
H 238.83900 77.84510 11.27190
H 242.18400 78.44800 11.17470
H 241.16100 75.57120 11.30960
H 244.40700 76.11060 11.27020
C 245.91800 77.19870 9.64392
C 248.23800 74.87720 9.66862
C 251.56500 75.49870 9.68052
C 247.00300 80.26340 9.67226
C 249.30100 77.94000 9.66132
H 251.14900 77.32490 11.29630
H 245.47100 79.06160 11.26200
H 247.75600 76.76490 11.25580
H 250.06400 74.39720 11.30490
H 248.89000 79.71670 11.27830
H 252.33200 80.26580 11.32850
C 252.81100 78.40550 9.75070
C 256.13000 79.11860 9.81895
C 255.09000 76.04810 9.87907
C 258.36400 76.69280 9.84461
H 253.41100 75.04450 11.33510
H 256.93500 75.54800 11.51430
H 257.89200 78.56230 11.46780
H 254.63700 77.94990 11.36910
C 234.75300 80.83180 9.40825
C 232.45900 83.16240 9.43418
C 238.07800 81.24040 9.47516
C 235.70100 83.74610 9.49668
C 233.53800 86.02920 9.51323
C 236.87500 86.83890 9.63537
H 232.00300 84.91900 11.14400
H 235.33500 85.60330 11.14020
H 234.24700 82.60770 11.16170
H 237.59800 83.16040 10.97290
H 239.96100 80.83300 11.06820
C 244.73600 82.50410 9.63897
C 241.44400 82.09350 9.55760
C 239.18300 84.47670 9.53129
C 242.48100 84.83680 9.68053
H 242.19600 86.72410 11.20820
H 238.66600 86.10540 11.25890
H 240.86100 83.79400 11.26100
C 240.26100 87.29160 9.72452
H 243.19500 81.41840 11.23230
H 244.36900 84.35410 11.23580
C 250.47900 80.79430 9.67309
C 246.01700 85.52350 9.76018
C 248.35500 83.12680 9.74603
C 251.72400 83.78750 9.85371
C 249.32400 86.01900 9.85362
H 251.18700 85.56130 11.48010
H 247.80500 84.88920 11.41910
H 246.66600 81.98250 11.14290
H 250.15800 82.60890 11.32890
H 245.55600 87.25220 11.47660
H 255.79500 80.87400 11.58120
C 252.70600 86.74440 9.92229
C 253.99600 81.35090 9.93400
C 257.20900 82.09980 9.89334
C 254.95400 84.31410 9.91232
C 258.42300 84.94050 9.99117
C 256.13400 87.32550 10.00470
H 258.06500 86.84430 11.59970
H 254.52700 86.18820 11.54610
H 253.52400 83.17700 11.53580
H 258.96300 81.51800 11.49930
H 256.80900 83.92410 11.59390
C 235.94500 91.96360 9.69737
C 232.30600 91.30020 9.54520
C 238.18800 89.56650 9.76703
C 234.74000 88.95780 9.63579
H 233.01700 87.88280 11.12580
H 237.73700 91.40460 11.34680
H 235.44500 93.76690 11.32500
H 236.53400 88.57890 11.35860
H 234.24100 90.84500 11.08000
H 232.02000 93.18810 11.20870
C 241.50800 90.05700 9.84015
C 244.84800 90.72080 9.88415
C 239.22800 92.62910 9.73518
C 242.68100 92.97060 9.81023
C 243.82200 87.89610 9.78007
H 239.88300 89.02880 11.46290
H 243.32200 89.63570 11.47830
H 244.45000 92.55760 11.49620
H 241.01300 91.95430 11.36960
C 248.23700 91.37860 9.86664
C 251.65900 92.04000 9.98365
C 247.16900 88.42800 9.88043
C 250.55100 89.04130 9.90568
C 245.98100 93.63670 9.90162
H 248.98400 87.88050 11.48110
H 247.81100 93.18660 11.55920
H 251.27900 93.88120 11.64660
H 246.70300 90.24580 11.51550
H 250.07300 90.87040 11.48150
H 252.29100 88.54860 11.56460
C 257.30400 90.33110 10.17590
C 253.76000 89.73170 9.99976
C 255.08500 92.49600 10.15240
C 258.47300 93.18350 10.16980
H 253.41400 91.49260 11.68510
H 259.15400 89.78380 11.73220
H 255.59600 89.12170 11.61700
H 256.91800 92.09590 11.81180
H 236.56600 96.73920 11.57460
C 235.80500 100.15500 10.01370
C 236.95900 94.97870 9.82441
C 232.55400 99.60260 10.02630
C 233.57700 94.36670 9.76560
C 234.77200 97.28920 10.00320
C 238.14400 97.80690 9.92302
H 237.74500 99.67520 11.52420
H 234.35100 99.02970 11.70960
H 233.21700 96.08660 11.54240
H 239.99500 97.27500 11.46380
C 244.98600 99.05640 9.93263
C 243.75500 95.93100 9.80136
C 240.40600 95.46220 9.72751
C 241.54600 98.33410 9.79474
H 243.38100 97.81420 11.39410
H 242.15200 94.85280 11.36500
H 241.14000 100.13300 11.47280
H 238.82400 94.43040 11.40230
H 245.55300 95.54580 11.44560
C 249.48200 94.30900 10.01520
C 247.27600 96.67250 10.00600
C 250.64500 97.16410 10.10870
C 251.72200 100.19200 9.99415
C 248.25700 99.63050 9.94264
H 249.04600 96.11810 11.68900
H 246.78800 98.47560 11.60080
H 250.10500 99.10990 11.53330
C 253.86300 97.81260 10.10170
H 256.83400 100.35700 11.72120
H 252.41600 96.75670 11.87390
H 254.67200 94.37140 11.76870
H 253.51100 99.76360 11.64810
H 258.97800 98.06290 11.76480
C 257.24100 98.48990 10.07020
H 255.70300 97.32300 11.66820
C 256.20100 95.42110 10.11200
C 252.91200 94.99380 10.14810
H 258.04500 95.03000 11.80040
C 233.54200 69.47660 12.67340
C 237.04200 70.05450 12.84840
C 234.74500 72.46410 12.69440
C 238.14500 72.98870 12.82970
C 239.20100 67.66130 12.67790
C 240.28300 70.64790 12.80070
C 242.50400 68.25720 12.82050
C 243.72600 71.15680 12.90990
C 241.47400 73.70740 12.85930
C 245.94600 69.00860 12.85470
C 247.01600 72.01080 12.91400
C 249.40900 69.52850 12.90390
C 250.42800 72.53380 12.97570
C 252.62200 70.21960 12.93470
C 254.82900 67.80520 12.89100
C 256.07000 70.81740 12.99940
C 253.77200 73.14890 12.95200
C 258.48900 68.50950 13.12070
C 257.21000 73.60800 13.09190
C 232.54200 74.78480 12.65670
C 235.82200 75.27360 12.72600
C 233.57800 77.72890 12.69210
C 236.99200 78.43030 12.84230
C 244.84700 74.29480 12.94280
C 239.29700 75.99670 12.88150
C 240.45600 78.99440 12.81750
C 242.68100 76.73900 12.87310
C 243.61500 79.52100 12.83620
C 245.89700 77.29330 12.90080
C 248.18300 74.95180 12.83550
C 251.56700 75.54250 12.96690
C 247.03100 80.19850 12.87060
C 249.30000 77.88400 12.90140
C 252.73500 78.38040 12.92510
C 256.05100 78.99010 13.10820
C 255.01800 76.06280 12.95810
C 258.31100 76.80640 13.14670
C 234.63100 80.68600 12.74160
C 232.33500 83.01360 12.74680
C 238.09400 81.34850 12.65010
C 235.79400 83.66330 12.67020
C 233.50900 86.08640 12.76230
C 236.84000 86.60910 12.88020
C 241.33000 81.91580 12.83790
C 244.77900 82.35170 12.76120
C 238.94600 84.14200 12.81100
C 242.42600 84.80170 12.83760
C 240.28900 86.99680 12.86210
C 250.51300 80.74320 12.94070
C 245.90300 85.27750 12.98450
C 248.16200 83.20010 12.78280
C 251.61300 83.72920 13.03850
C 249.31900 86.00870 13.04060
C 252.72200 86.66580 13.15470
C 253.92800 81.24730 13.06270
C 257.24100 82.05780 13.20620
C 254.98400 84.35980 13.22210
C 258.37000 84.98970 13.18380
C 256.15900 87.24420 13.14850
C 234.58200 89.03430 12.74850
C 232.47300 91.32830 12.77160
C 238.04700 89.55240 13.02900
C 235.78300 91.80140 12.81490
C 241.35700 90.07110 13.00560
C 243.58700 87.70090 12.99840
C 242.54100 93.02820 13.03800
C 239.19700 92.55250 12.99880
C 244.80400 90.70870 13.09070
C 245.93900 93.71220 13.09780
C 251.51800 92.00180 13.21750
C 247.12900 88.37050 13.09190
C 248.23800 91.32610 13.15000
C 250.44400 89.06440 13.15100
C 253.80100 89.60860 13.28050
C 258.47800 93.26440 13.41420
C 254.96700 92.48860 13.35600
C 257.23600 90.09290 13.26120
C 238.19600 97.87400 13.08980
C 233.58300 94.08440 12.95440
C 234.75000 97.12190 13.25630
C 235.99400 100.11500 13.23820
C 236.97500 94.77010 13.02940
C 232.47400 99.47210 13.29640
C 241.55000 98.27750 13.08090
C 243.68700 95.96040 12.99780
C 240.43800 95.40950 13.05790
C 244.85500 98.86760 13.12020
C 250.47900 97.32540 13.30590
C 251.59200 100.24400 13.20200
C 247.12400 96.53920 13.13880
C 249.33400 94.20360 13.21550
C 248.32300 99.55570 13.21190
C 253.96800 98.01930 13.36130
C 252.79800 94.88180 13.37450
C 256.14400 95.57060 13.37480
C 257.13000 98.47210 13.33680
C 233.62000 102.51000 10.05960
C 237.06500 102.91700 9.98398
C 234.72300 105.39500 10.08020
C 238.16000 105.95500 9.99862
H 233.25200 104.27400 11.76570
H 232.13100 101.36000 11.71330
H 235.45300 101.96800 11.66010
H 236.62500 104.80300 11.55240
C 240.51000 103.61900 9.99406
C 242.73100 101.36200 9.97366
C 243.77800 104.21900 10.07320
C 241.64800 106.55600 10.08060
C 239.27500 100.72800 9.89903
H 242.18800 103.11800 11.67890
H 238.90200 102.54400 11.56970
H 243.44700 106.04100 11.77100
H 240.00200 105.45700 11.57770
H 244.52200 100.81000 11.60450
C 246.02100 101.95500 9.97326
C 247.19600 104.85800 10.05560
C 249.33200 102.48800 10.00360
C 250.58100 105.41800 9.95399
H 251.22500 102.07000 11.56410
H 247.80500 101.42900 11.62960
H 245.62900 103.75300 11.65070
H 246.81600 106.69900 11.71320
H 249.05100 104.37600 11.61670
C 252.84900 103.16300 9.98291
C 256.24600 103.83800 10.08390
C 254.02100 106.01700 9.96633
C 258.45800 101.47200 10.22310
C 257.39200 106.68700 9.98777
C 255.09000 100.81100 9.99149
H 255.77800 105.73400 11.68150
H 257.97500 103.29700 11.80990
H 259.08200 106.26100 11.77380
H 252.39200 104.98900 11.57460
H 254.69600 102.69900 11.56190
C 232.50200 107.69100 10.03040
C 235.89900 108.23200 10.01960
C 233.70400 110.73400 9.98936
C 237.17100 111.26400 10.08830
H 232.14900 109.64600 11.58750
H 234.31000 107.25500 11.68830
H 233.20400 112.58900 11.54010
H 235.55500 110.14600 11.62140
H 237.73700 107.75100 11.67500
H 236.56800 113.12600 11.67980
C 244.94200 107.24400 10.15410
C 239.29700 108.97000 10.15840
C 242.60800 109.53000 10.05560
C 240.26800 111.92200 10.04020
C 243.73400 112.40500 9.90337
H 244.47300 109.07100 11.69170
H 242.15900 111.39800 11.58980
H 241.18100 108.36200 11.69410
H 238.90300 110.80300 11.82280
C 245.98500 110.08200 9.98516
C 248.21300 107.79900 9.99207
C 251.58800 108.47100 9.89931
C 249.37800 110.71200 9.93531
C 247.16000 113.20400 9.89454
H 247.84200 109.65500 11.61510
H 248.98400 112.63000 11.47000
H 245.60400 112.03000 11.51880
H 250.15400 107.32400 11.55880
H 251.26300 110.32000 11.54340
C 252.63300 111.50200 9.88483
C 255.02500 109.09600 9.85412
C 258.49400 109.65100 9.86798
C 256.17700 112.13700 9.89515
H 252.27500 113.28700 11.60630
H 254.58200 110.92200 11.40310
H 256.88600 108.59100 11.48030
H 257.96400 111.55000 11.42390
H 253.50600 107.92700 11.46690
C 234.84200 113.67200 9.96148
C 232.62700 115.96800 9.95147
C 238.08900 114.21600 10.07640
C 235.94400 116.64000 9.90896
C 233.69800 118.96800 9.92454
C 237.16100 119.75800 9.92930
H 237.74400 116.11800 11.61380
H 234.43100 115.58200 11.61750
H 232.08500 117.87800 11.50630
H 235.61600 118.50700 11.44480
C 244.88600 115.46400 9.83281
C 241.45000 114.89100 9.87079
C 239.14200 117.26400 9.89797
C 242.65100 117.93300 9.89225
H 243.32800 114.32300 11.46830
H 240.01800 113.76100 11.62800
H 242.25600 119.69500 11.64240
H 241.03900 116.73300 11.41480
H 238.87300 119.04600 11.61790
H 244.51600 117.32500 11.40630
C 240.39600 120.18200 10.00610
C 250.49100 113.88000 9.93433
C 246.10000 118.60500 9.97305
C 248.33600 116.30200 10.02230
C 251.66500 116.67600 10.12690
C 249.40000 119.15300 10.18990
H 246.74000 115.07500 11.48560
H 251.20600 118.52700 11.76140
H 250.04100 115.60200 11.65330
H 247.79600 118.03600 11.72530
H 245.57400 120.29300 11.73260
C 252.76200 119.66700 10.28770
C 253.84900 114.52700 10.08710
C 257.15600 115.04200 10.00160
C 254.82000 117.27800 10.20210
C 258.19700 117.96300 10.32850
C 256.18300 120.16700 10.36360
H 259.09400 114.51900 11.47480
H 256.66800 116.77600 11.77380
H 257.91200 119.76200 12.11590
H 255.69200 113.90200 11.65450
H 253.29900 116.18600 11.88510
H 254.55900 119.12300 11.89750
C 235.88400 124.96200 10.13630
C 234.83700 122.01100 10.09190
C 232.55300 124.28300 10.04020
C 238.10300 122.71900 10.10870
H 235.48100 126.75100 11.85620
H 237.66800 124.47600 11.79840
H 232.19500 126.16600 11.66680
H 236.69100 121.44700 11.67690
H 234.34600 123.75300 11.76360
H 233.16600 120.81700 11.52120
C 239.15300 125.61200 10.15330
C 244.85100 123.79300 9.96055
C 241.46900 123.28600 9.96452
C 242.49500 126.19000 9.91154
C 243.80600 120.80900 10.03740
H 243.28600 122.64900 11.59530
H 244.39300 125.67200 11.46710
H 241.04700 125.06200 11.63060
H 239.95700 122.06000 11.59420
C 246.05300 126.78300 9.94164
C 247.06500 121.46000 10.08930
C 251.53900 124.90500 10.00310
C 248.18900 124.43700 10.03820
C 250.59500 121.96500 10.19740
H 251.13200 126.81900 11.56700
H 247.79200 126.27900 11.61220
H 250.02300 123.90400 11.63860
H 246.64800 123.33200 11.65440
H 248.90200 121.03800 11.77600
H 252.31500 121.56700 11.89190
C 258.38600 126.11000 10.08200
C 257.14100 123.18900 10.22910
C 253.87400 122.49800 10.15840
C 254.89800 125.56700 10.02840
H 258.99500 122.76800 11.92380
H 255.58700 122.09400 11.84350
H 256.72900 125.15700 11.68630
H 253.40500 124.44700 11.63120
C 235.89900 133.27500 10.27020
C 232.66200 132.62800 10.12540
C 237.05500 127.85000 10.31580
C 233.77100 127.25200 10.07230
C 234.78300 130.33100 10.14500
C 238.04200 130.89200 10.21650
H 234.39100 132.14200 11.80450
H 236.59100 129.71200 11.81440
H 237.66000 132.67300 11.88220
H 233.26300 129.18900 11.61530
C 244.82300 131.97100 10.25280
C 243.61800 129.19000 10.06200
C 241.37300 131.39000 10.09470
C 240.15100 128.54600 10.15970
H 239.87500 130.35000 11.75740
H 240.99100 133.27800 11.70670
H 242.12500 127.97400 11.60660
H 238.90200 127.36400 11.92170
H 243.15900 130.91700 11.79540
C 248.35700 132.67600 10.01990
C 247.17200 129.78400 10.00720
C 249.35300 127.35800 9.96195
C 251.55500 133.23000 10.08010
C 250.45400 130.30200 10.04710
H 250.07800 132.11200 11.72400
H 248.96400 129.17200 11.61360
H 245.58500 128.65500 11.54730
H 246.87400 131.54700 11.66940
C 257.39600 131.66700 10.09570
H 253.50900 132.76600 11.55830
H 254.52600 127.46400 11.65670
H 256.92100 133.44900 11.70690
C 256.13300 128.52700 10.00210
C 252.71000 127.97000 10.03140
H 257.92900 128.04900 11.60750
H 259.06100 131.10400 11.86660
H 252.27100 129.78000 11.67500
H 255.75600 130.46200 11.53390
C 253.78000 130.81600 10.01520
C 233.68800 102.44700 13.33390
C 237.11600 103.00300 13.19780
C 234.91400 105.41000 13.24810
C 238.13700 105.91500 13.23830
C 240.37400 103.63400 13.25600
C 242.57900 101.19700 13.21300
C 243.80900 104.18200 13.29990
C 241.47500 106.56800 13.28670
C 239.39400 100.65100 13.16480
C 246.02000 101.90500 13.26640
C 247.23800 104.81400 13.27950
C 249.40400 102.45700 13.20970
C 250.59400 105.49600 13.23590
C 255.01100 100.93900 13.31000
C 252.79200 103.13400 13.16770
C 256.08800 103.87300 13.29990
C 253.91200 106.15000 13.21320
C 258.37900 101.34800 13.38420
C 257.24900 106.96300 13.29650
C 232.46000 107.86600 13.30240
C 235.95400 108.38100 13.30680
C 233.68400 110.81100 13.22830
C 236.99800 111.25500 13.39420
C 244.84200 107.13600 13.25970
C 239.33600 108.90900 13.31230
C 242.57200 109.59300 13.26730
C 240.50300 111.98500 13.32950
C 243.80300 112.49800 13.13580
C 246.03900 110.24100 13.24860
C 248.37000 107.86400 13.25110
C 251.70400 108.45100 13.13610
C 249.44000 110.80300 13.17610
C 247.16300 113.24700 13.12690
C 252.86500 111.42100 13.12420
C 255.00900 109.05100 13.06960
C 258.39200 109.72800 13.09890
C 256.11600 111.92800 13.10630
C 234.69200 113.80400 13.24180
C 232.45500 116.10300 13.11220
C 238.12800 114.27000 13.22360
C 235.93400 116.75700 13.22110
C 233.75100 118.96000 13.05750
C 237.07900 119.54500 13.25720
C 244.82600 115.47100 13.03650
C 241.56200 114.98900 13.13810
C 239.32900 117.21500 13.20750
C 242.62200 117.92000 13.00430
C 240.44700 120.22800 13.25190
C 250.42400 113.79100 13.18920
C 245.84800 118.37200 13.24860
C 248.14600 116.12800 13.25750
C 251.40500 116.68600 13.42590
C 249.34800 119.16700 13.34550
C 252.69100 119.66000 13.45450
C 253.81600 114.21500 13.26090
C 257.33000 114.92700 13.27110
C 254.88600 117.24900 13.46310
C 258.27600 117.96500 13.32550
C 255.92300 120.36300 13.55450
C 234.71900 121.85500 13.22450
C 232.50600 124.37700 13.32770
C 238.16800 122.57000 13.30330
C 235.82800 124.87200 13.43540
C 241.50300 123.14700 13.20890
C 239.28200 125.45300 13.39290
C 242.62600 126.12400 13.20040
C 243.69600 120.93400 13.29550
C 244.83100 123.87000 13.19480
C 245.86500 126.75000 13.15080
C 250.37300 122.17100 13.39290
C 251.59100 125.00900 13.21880
C 246.93600 121.48200 13.32110
C 248.10800 124.41300 13.25480
C 258.35100 126.23300 13.29830
C 257.02500 123.36100 13.39350
C 253.81500 122.74800 13.44790
C 254.83500 125.67400 13.30810
C 232.49800 132.50800 13.32330
C 234.73200 130.20900 13.36620
C 237.05200 127.77900 13.42700
C 235.88900 133.08200 13.51690
C 238.11600 130.79600 13.43000
C 233.58000 127.33200 13.32630
C 244.91500 131.81300 13.21780
C 240.48700 128.56600 13.32790
C 241.36000 131.45500 13.37370
C 243.77400 128.97700 13.18650
C 249.29500 127.33200 13.22340
C 250.40200 130.22400 13.34240
C 247.07500 129.61300 13.21950
C 248.29200 132.76900 13.28410
C 251.69800 133.19800 13.27120
C 252.67100 127.88000 13.23850
C 253.89500 130.88200 13.16430
C 257.06600 131.56800 13.28270
C 256.07100 128.64700 13.21980
C 261.69500 3.07430 10.12300
C 262.76800 6.04518 10.08230
C 265.05100 3.72066 9.96390
C 259.54100 5.41636 10.19230
H 260.25600 1.94013 11.75000
H 261.39200 4.93230 11.78920
H 263.60500 2.56339 11.64770
H 264.62500 5.52706 11.60810
H 262.41500 7.85409 11.72390
C 266.21300 6.73296 10.08300
C 268.44400 4.30544 10.02020
C 271.91400 5.06229 10.00870
C 269.63100 7.28224 10.18490
C 272.97500 8.01465 10.02020
C 270.77700 2.12299 10.00780
H 266.87600 3.19899 11.57260
H 267.91600 6.15424 11.58140
H 270.36000 3.93008 11.60780
C 273.98600 2.88172 10.01370
C 277.11300 3.38003 10.01170
C 275.06700 5.72589 10.02100
C 278.21400 6.28637 10.01420
C 280.27900 3.97558 9.99811
C 283.33600 4.63652 9.99962
C 281.32500 6.95096 10.01010
C 284.50700 7.37776 10.02000
H 281.98200 3.40051 11.58550
C 285.44300 2.62521 9.98905
C 260.56600 8.47352 10.22070
C 263.90600 9.13638 10.30300
C 262.93000 14.36640 10.13340
C 261.74900 11.23410 10.38980
C 265.05300 11.83940 10.29600
C 259.50400 13.64600 10.13150
C 267.38900 9.57621 10.24450
C 270.67800 10.20410 10.15700
C 268.44000 12.58230 10.23370
C 271.84500 13.24140 10.04350
C 276.10100 8.63547 10.01840
C 279.20800 9.20603 10.01530
C 274.03000 11.00250 10.02880
C 277.15000 11.66300 10.01820
C 275.01500 13.91690 10.01810
C 278.16200 14.59300 10.01720
C 280.25100 12.30540 10.03360
C 282.31500 9.89336 10.03070
C 285.46300 10.15710 10.03850
C 283.39000 12.89550 10.04430
C 264.18400 17.31670 10.21340
C 260.75400 16.64190 10.19130
C 261.97100 19.62140 10.22980
C 265.22700 20.21900 10.14030
C 266.34500 14.89890 10.19660
C 269.63500 15.47220 10.20490
C 267.46400 17.71600 10.18080
C 272.90700 16.23380 10.01620
C 270.67500 18.49580 10.11930
C 268.56700 20.82140 10.04420
C 271.90400 21.59060 9.98561
H 273.66200 20.96330 11.57850
C 276.12500 16.85400 9.99571
C 279.26400 17.44440 9.99681
C 274.03500 19.14510 9.99133
C 277.19800 19.76030 9.97395
H 278.93300 19.23850 11.57980
H 275.79400 18.65470 11.58260
H 276.85500 21.60950 11.55590
C 281.38700 15.18120 10.02880
C 280.24700 20.46790 9.98083
C 284.55300 16.21260 10.04930
C 282.33300 18.15670 10.00890
C 285.48000 19.10340 10.02300
C 283.31000 21.15240 9.98116
H 281.94300 19.90510 11.58870
H 284.98600 20.68520 11.58850
C 259.65800 21.86420 10.31960
C 263.01200 22.51130 10.17650
C 260.75500 24.91100 10.18660
C 264.10000 25.56620 10.05880
C 261.75300 27.90370 10.18040
C 266.31700 23.17080 10.06150
H 271.61500 23.37460 11.55670
C 269.76100 23.86900 10.06430
C 267.38700 26.11200 10.17610
H 272.59900 26.35050 11.54880
C 273.05200 24.59690 9.95184
C 270.72200 26.89260 10.00260
H 266.97400 27.99200 11.67080
C 275.01800 22.13770 9.96354
C 278.20100 22.85140 9.96023
C 276.11400 25.11290 9.95300
C 279.21500 25.76510 9.96220
H 277.85900 24.61520 11.55490
H 274.75300 23.94560 11.54640
C 273.96600 27.54650 9.96087
C 277.14500 28.09950 9.97048
H 275.73400 26.90480 11.55380
H 278.89400 27.52970 11.56800
H 279.93600 22.31820 11.56840
C 281.34300 23.50110 9.96276
H 283.08500 23.03630 11.55870
C 284.66100 24.20860 9.96113
C 282.31700 26.34440 9.95832
H 280.97300 25.23340 11.55730
H 284.09000 25.83300 11.55090
C 285.43000 27.33010 9.96810
H 281.99200 28.10490 11.56090
C 259.65400 30.35310 10.18620
C 260.55200 33.23800 10.12550
C 264.12700 33.85870 9.99627
C 265.11400 28.56940 10.02090
C 262.82400 30.79410 10.10960
C 266.29900 31.55250 9.99624
C 268.50000 29.17890 10.02370
C 269.65400 32.07200 10.10520
C 272.95800 32.81700 9.99430
H 271.58000 31.63890 11.58540
C 271.90800 29.80620 9.98131
C 267.45500 34.40490 10.06470
H 270.38300 28.72290 11.56490
H 273.63100 29.31910 11.57390
H 276.72600 29.88990 11.58310
C 276.07200 33.51380 10.00740
C 278.13000 31.10230 9.99510
C 279.24000 34.07060 10.00430
C 274.99300 30.49550 9.98615
H 283.08900 31.24260 11.58030
H 285.00000 28.79060 11.57050
H 279.90000 30.54770 11.59420
H 280.99000 33.52530 11.59080
C 280.27200 28.76550 9.97758
C 282.33800 34.77700 9.99320
C 281.28000 31.72090 9.99102
C 284.65800 32.24820 9.97746
C 283.38000 29.29360 9.97250
H 284.11000 34.10160 11.57370
C 261.81100 3.01098 13.34180
C 262.89700 6.07125 13.38670
C 265.09000 3.71751 13.23380
C 259.57600 5.44579 13.45840
C 266.12400 6.61053 13.28830
C 270.81900 2.12844 13.20320
C 268.49200 4.27753 13.14090
C 271.98100 5.02081 13.20310
C 269.65600 7.29299 13.09630
H 271.60100 6.86437 11.60880
C 273.01300 7.99577 13.21700
H 273.66700 4.61716 11.61530
C 273.99100 2.84048 13.20870
C 277.14800 3.32390 13.20590
C 275.11700 5.75505 13.21700
C 278.25300 6.25939 13.20990
H 274.73000 7.52717 11.61800
H 278.86500 2.75787 11.59780
H 276.82400 5.16229 11.62300
H 277.84100 8.08388 11.61080
H 275.72700 2.19319 11.60560
C 285.47200 2.55579 13.18920
H 279.98300 5.77682 11.60290
C 280.25700 3.96317 13.19250
C 283.35100 4.63127 13.19350
C 281.31900 7.00017 13.20400
C 284.58400 7.56616 13.21530
H 285.04400 4.10677 11.59670
H 283.05600 6.46461 11.60780
C 260.64100 8.42196 13.43900
C 263.92700 8.95265 13.44270
C 261.68300 11.47770 13.50360
C 262.95900 14.26090 13.38680
C 265.21500 12.02950 13.54320
C 259.51300 13.73420 13.31690
H 263.56100 10.85580 12.07360
H 261.38000 13.22960 11.72510
H 265.79200 8.51977 11.83790
H 264.74400 13.77760 11.78580
H 260.14300 10.23670 11.96550
C 267.35900 9.54144 13.45440
H 272.58900 9.83542 11.62920
C 270.87500 10.31960 13.30800
C 268.56700 12.52840 13.39430
C 271.89900 13.31400 13.23820
H 270.39000 12.12220 11.67180
H 268.10200 14.37860 11.83310
H 266.93100 11.43110 11.88300
H 269.23200 9.12014 11.85730
C 276.13700 8.65884 13.21330
H 273.65300 12.76450 11.63080
C 279.22500 9.27398 13.21230
C 274.02300 10.99090 13.22400
C 277.10400 11.65150 13.21340
C 275.01900 13.99660 13.21370
C 278.15300 14.54830 13.21200
H 275.76700 10.44630 11.61870
H 278.88100 11.05800 11.61840
H 276.76400 13.42910 11.61330
H 280.96100 8.76327 11.61140
H 279.93200 14.03760 11.63220
C 280.28600 12.22640 13.22950
C 282.33100 9.96057 13.22530
H 284.08300 9.35267 11.63110
H 283.16700 14.77700 11.64130
C 285.54700 10.81920 13.23780
C 283.43400 12.92690 13.24060
H 285.07600 12.38740 11.64400
H 282.01000 11.71180 11.64160
C 264.08200 17.26420 13.48160
C 260.69600 16.58910 13.35320
C 261.93000 19.52590 13.51560
C 265.35300 20.28740 13.43340
H 263.78900 19.13710 11.85030
H 260.44900 18.44850 11.84310
H 262.62100 16.17320 11.80700
H 265.93600 16.74100 11.88860
H 261.52400 21.42890 11.88250
C 266.30100 14.84780 13.42850
H 271.53500 15.12250 11.62910
C 269.76000 15.43090 13.31000
C 267.47400 17.93010 13.43010
H 272.58700 18.06450 11.60590
C 273.00000 16.32090 13.20960
C 270.83900 18.59560 13.25540
C 268.61600 20.83650 13.26500
H 269.26800 17.31160 11.81130
H 270.43400 20.39370 11.60430
H 267.08100 19.68750 11.70980
C 271.92400 21.54540 13.18000
C 276.11100 16.87850 13.19160
C 279.20900 17.47360 13.19200
H 274.71200 15.72950 11.60370
H 277.85400 16.34760 11.59640
C 274.07300 19.15450 13.18550
C 277.21800 19.85660 13.16990
C 281.39700 15.20780 13.22390
C 280.24300 20.54650 13.17700
H 284.11000 17.65840 11.62770
C 282.32700 18.14560 13.20570
H 280.96300 16.96230 11.60730
C 284.72100 15.83060 13.24530
C 285.48600 19.08230 13.22280
C 283.29900 21.18670 13.17610
C 259.73000 21.94400 13.58780
C 263.06000 22.60930 13.42550
C 260.89600 25.03110 13.50260
C 264.02600 25.67290 13.37720
C 261.84100 28.16730 13.31940
H 260.31700 26.73770 11.82300
H 262.64400 24.41900 11.75370
H 264.87600 22.07020 11.79690
H 265.80600 25.00370 11.74480
H 263.64000 27.43750 11.68100
C 266.47900 23.21160 13.35800
C 269.83600 23.76710 13.20320
C 267.41700 26.17180 13.29810
C 273.05600 24.57090 13.14860
C 270.82900 26.90370 13.19450
H 268.21400 22.67820 11.62530
H 269.33900 25.67720 11.74800
C 275.04500 22.16860 13.15720
C 278.18600 22.85210 13.15970
C 276.09200 25.07480 13.14930
C 279.25200 25.76120 13.15770
C 273.99400 27.48610 13.15600
C 277.12900 28.06360 13.16620
C 285.49400 27.17810 13.16680
C 281.38400 23.49210 13.15920
C 284.65500 24.00980 13.15670
C 282.37900 26.32200 13.15430
C 259.64600 30.31740 13.48080
C 265.17400 28.63960 13.27590
C 260.80800 33.23250 13.36480
C 262.93100 30.95490 13.22050
C 263.99900 33.93620 13.23500
H 261.37400 29.73260 11.80720
H 265.88000 33.33890 11.69460
H 262.52300 32.76960 11.57550
H 264.76800 30.41690 11.60330
C 266.27400 31.46660 13.30060
C 267.51600 34.37860 13.19420
C 268.56100 29.11240 13.22900
H 272.61000 34.62130 11.59560
C 272.93300 32.76040 13.19010
C 269.74100 32.12910 13.17070
C 271.88400 29.81560 13.17730
H 268.05000 31.00060 11.69820
H 269.35800 33.96000 11.61040
H 274.72400 32.28690 11.59740
C 274.96600 30.50580 13.18400
C 279.24600 34.06770 13.19900
C 278.09200 31.09080 13.19220
C 276.07900 33.53320 13.20300
H 277.80500 32.91130 11.60220
C 283.36700 29.34120 13.16840
C 284.62100 32.57260 13.17280
C 282.35400 34.79230 13.18740
C 280.24000 28.67900 13.17170
C 281.30100 31.73570 13.18500
C 261.69600 36.09980 10.03350
C 262.95800 39.06180 9.93432
C 265.22400 36.75270 9.98424
C 259.54900 38.48010 10.03990
C 266.22200 39.75060 9.99856
C 268.62000 37.44450 9.94064
C 271.85400 38.14280 10.03140
C 269.82600 40.54370 10.01840
C 273.01300 41.06980 10.04760
C 270.84100 35.15950 10.00870
C 273.97900 35.82450 10.01520
C 277.09800 36.40840 10.01660
C 275.06500 38.70300 10.03110
C 278.19100 39.38260 10.03780
C 285.29700 35.74350 9.97975
C 280.16100 37.08410 10.02240
C 283.22200 37.91970 10.00590
C 281.25800 40.11740 10.03060
C 284.58800 40.88240 10.01580
H 284.92400 36.83120 11.59220
C 260.69100 41.38720 9.98131
C 264.00600 42.12100 10.04430
C 261.93700 44.52680 9.98752
C 265.12500 45.13910 10.04490
C 262.95200 47.48410 10.05180
C 259.61100 46.76640 10.13430
C 267.40700 42.79630 10.08990
C 270.78000 43.40140 10.09260
C 268.59200 45.75310 10.13870
C 271.84600 46.43250 10.03780
C 276.10100 41.75700 10.03900
C 279.12400 42.37750 10.03410
C 273.86000 44.05130 10.04390
C 277.01700 44.73690 10.02520
C 274.99000 46.98850 10.02820
C 278.18100 47.69120 10.01120
C 280.13900 45.32940 10.01650
C 282.30100 43.09410 10.02130
C 283.25400 46.03460 10.01690
C 285.38300 44.03170 10.01880
C 264.03100 50.48990 9.92864
C 260.62400 49.69550 9.91839
C 261.74900 52.84160 9.90444
C 265.15500 53.34410 9.92383
H 261.23200 54.64450 11.46580
C 266.18100 47.95810 10.01130
C 269.56400 48.65490 10.09030
C 267.47400 50.98640 10.01800
C 272.87700 49.38330 10.02440
C 270.67300 51.71560 10.03300
C 268.41700 54.00130 9.96715
C 271.84700 54.70480 10.01050
C 276.07200 50.08640 10.02010
C 279.20900 50.57840 10.00640
C 273.94100 52.33030 10.01810
C 277.06900 52.97390 10.01500
C 281.21700 48.33190 10.00940
C 282.37000 51.12250 10.00240
C 284.46700 48.99750 10.01150
C 280.16900 53.63560 10.00010
C 285.39000 52.12780 9.99189
C 283.28000 54.25820 9.99340
H 284.95200 53.64340 11.59150
C 259.34100 54.95180 9.83749
C 262.86200 55.60370 9.85621
C 260.56000 57.95400 9.80288
C 264.03000 58.63780 9.74198
C 261.73300 60.88120 9.81787
H 262.52500 57.56740 11.30580
H 263.64600 60.54960 11.31020
H 265.88500 58.17420 11.37600
H 260.17000 59.82780 11.39650
C 266.22100 56.28570 9.86480
C 269.64500 57.10510 10.06500
C 267.43800 59.34750 9.83281
C 272.91300 57.64480 10.00770
C 270.77200 59.95100 10.08270
H 266.93700 61.12740 11.47830
H 269.11600 58.92860 11.63920
C 274.98000 55.34520 10.01530
C 278.13300 55.96450 10.00640
C 276.05000 58.22070 10.00710
C 279.25300 58.91080 9.99410
C 273.95500 60.65780 9.99972
C 277.07700 61.23430 9.98648
H 278.83200 60.68730 11.57980
C 281.35100 56.58880 9.99380
C 284.63800 57.00320 9.98254
C 282.29700 59.53700 9.98338
H 283.13600 56.14670 11.58900
H 284.14800 58.97310 11.57440
H 280.98200 58.37250 11.59280
C 285.55000 60.37140 9.96747
H 281.94900 61.29910 11.57690
C 259.47800 63.13450 9.77804
C 265.23300 61.66500 9.71623
C 263.99200 66.89420 9.86954
C 260.64700 66.12880 9.77099
C 262.80300 63.92550 9.81424
H 261.30000 62.75190 11.42620
H 265.92300 66.44530 11.39350
H 262.41400 65.76230 11.44860
H 264.73500 63.44940 11.36100
C 266.32500 64.60310 9.79718
C 272.00100 62.97460 10.00000
C 267.47800 67.58170 9.83084
C 269.75500 65.34620 9.95783
C 272.94700 65.92120 10.00410
C 268.59300 62.42620 10.06470
H 269.21900 67.12520 11.52610
H 268.15900 64.13870 11.46280
H 276.82000 63.05870 11.57430
C 278.21700 64.27920 9.98381
C 276.12300 66.59690 9.99932
C 279.32600 67.14210 9.99290
H 277.87700 66.03140 11.59000
C 275.07300 63.61620 9.99014
H 284.17300 67.30220 11.57820
H 279.99300 63.73350 11.58110
H 285.06800 62.05230 11.57090
C 281.40600 64.94280 9.98469
C 280.18500 61.87070 9.98242
C 282.46400 67.84800 9.98655
H 281.06100 66.69000 11.58490
H 283.14400 64.39890 11.58070
C 284.66200 65.69110 9.98539
C 283.36300 62.54780 9.97763
C 261.90500 36.25490 13.27270
C 262.96600 39.08890 13.26270
C 265.21000 36.72900 13.21780
C 259.60700 38.52640 13.27190
H 260.26700 35.08990 11.81410
H 262.51600 40.88550 11.63180
H 261.39600 38.01590 11.60360
H 264.74100 38.58240 11.61620
H 263.60100 35.69220 11.56370
C 266.29100 39.61250 13.19250
C 268.58100 37.51500 13.19820
C 271.90900 38.16540 13.22740
C 269.72000 40.37410 13.22580
H 271.56600 39.96340 11.63840
C 273.01200 41.04420 13.24230
C 270.82600 35.08650 13.25850
H 268.21400 39.36020 11.51070
H 270.41800 36.95150 11.64810
H 267.08500 36.30520 11.56200
H 275.73500 35.25550 11.61390
H 273.64200 37.58830 11.62800
C 273.97300 35.75970 13.21030
C 277.13700 36.41440 13.21310
C 275.07100 38.75510 13.22640
H 278.85600 35.87830 11.61180
H 276.83600 38.21150 11.61990
C 278.17500 39.39200 13.23330
H 274.75000 40.50880 11.63810
H 277.84900 41.16060 11.64350
H 279.92800 38.85410 11.64130
C 285.34400 35.72200 13.17710
C 280.21700 37.04270 13.21710
C 283.28800 37.86780 13.20170
C 281.26400 40.09130 13.22580
C 284.56200 40.91370 13.21360
H 281.93700 36.53730 11.60600
H 283.05800 39.56410 11.61260
C 260.67200 41.49630 13.23000
C 263.98600 42.04070 13.28770
C 261.80900 44.40530 13.26960
C 265.14700 45.05010 13.36700
C 262.92500 47.61240 13.30480
C 259.61300 46.85830 13.28060
H 263.68500 43.94400 11.66570
H 265.83100 41.56710 11.65930
H 260.40100 43.29980 11.52930
H 264.71300 46.93060 11.75830
H 261.47000 46.27330 11.71990
C 267.42600 42.73830 13.27030
H 272.58100 42.85400 11.65570
C 270.86900 43.45580 13.26340
C 268.54500 45.75930 13.26750
C 271.90900 46.45490 13.23330
H 270.41300 45.27540 11.66900
H 266.93200 44.63090 11.67980
H 268.00300 47.61750 11.73520
H 269.29800 42.30950 11.72320
C 276.13500 41.74020 13.23450
H 273.57200 45.85320 11.63720
C 279.18600 42.41670 13.23070
C 273.94300 44.11910 13.23850
C 277.01600 44.74710 13.22110
H 275.66000 43.49930 11.63120
H 278.75600 44.15980 11.62360
C 275.00200 47.01580 13.22370
C 278.16900 47.69830 13.20730
H 276.76700 46.51450 11.61410
H 280.90300 41.86800 11.62940
H 279.88300 47.07560 11.60470
C 282.27700 43.08310 13.21730
H 284.10400 42.44980 11.61420
C 280.14200 45.33100 13.21260
C 283.26700 45.98410 13.21460
H 284.96200 45.53210 11.61490
C 285.44000 44.04250 13.21870
H 281.86300 44.83120 11.61480
H 282.94300 47.82460 11.61640
C 264.04000 50.50510 13.17920
C 260.63700 49.87420 13.18910
C 261.66400 52.82160 13.08450
C 265.08400 53.45100 13.17200
H 262.47400 49.34750 11.57400
H 265.83500 49.94370 11.53290
H 263.53700 52.30880 11.55770
H 260.23700 51.59380 11.44280
C 266.16000 48.14660 13.31490
H 271.48700 48.21350 11.62250
C 269.67100 48.59120 13.28460
C 267.36500 51.01840 13.23540
H 272.53700 51.23000 11.61920
C 272.84300 49.38550 13.22130
C 270.70000 51.71110 13.24410
C 268.47000 54.06930 13.24270
C 271.86600 54.65020 13.20640
H 266.96300 52.85870 11.58790
H 269.24700 50.46680 11.72920
H 270.29700 53.58290 11.62700
H 273.65200 54.14660 11.61130
C 276.09500 49.96550 13.21790
H 277.79800 49.46890 11.60970
C 279.17400 50.70740 13.20420
H 274.66600 48.84590 11.62690
C 273.98900 52.31380 13.21530
H 275.70400 51.79560 11.62030
C 277.06100 53.00440 13.21190
H 278.78800 52.39970 11.60360
H 276.74600 54.82410 11.61490
C 281.22900 48.34490 13.20600
C 282.35100 51.11410 13.19870
C 284.47400 48.97400 13.21000
H 284.10600 50.63470 11.60400
H 280.88000 50.06940 11.60190
C 280.16700 53.63290 13.19580
C 285.35500 52.12210 13.18950
C 283.28500 54.24090 13.19020
H 281.93000 52.94630 11.59600
C 259.38800 55.08730 13.07520
C 262.83800 55.79730 13.02460
C 260.61500 57.92460 12.88520
C 263.98700 58.68090 12.92460
C 261.86000 60.94020 12.97710
H 264.72100 55.16860 11.50170
C 266.26300 56.41880 13.07320
C 269.67000 57.00820 13.15340
C 267.29400 59.32030 13.16640
H 271.49200 56.49040 11.60110
H 272.57500 59.46890 11.60320
C 272.86500 57.61930 13.20430
C 270.80100 59.96700 13.19750
H 268.02600 55.87850 11.57660
C 274.97900 55.39380 13.21160
C 278.14500 56.04650 13.20350
C 276.09100 58.31110 13.20440
C 279.26800 58.95010 13.19050
H 274.64800 57.14420 11.61470
H 277.82700 57.79490 11.60350
C 273.91500 60.64080 13.19900
C 277.07000 61.20210 13.18130
H 275.69100 60.05750 11.59840
H 279.89700 55.43650 11.59570
C 285.58700 60.46100 13.16530
C 281.36300 56.59280 13.19170
C 284.63900 57.51410 13.18140
C 282.32300 59.64370 13.17970
C 259.41000 63.18930 12.97380
C 262.87700 63.93780 13.00270
C 265.07400 61.64510 13.03210
C 264.06100 66.79080 13.02570
C 260.55500 66.16370 13.07820
C 266.23900 64.54160 12.99620
C 272.97000 65.91220 13.20040
C 268.50400 62.23030 13.03300
H 271.53600 64.77160 11.60130
C 269.64300 65.27520 13.10430
C 271.95500 62.96100 13.19710
H 272.61900 67.76350 11.60930
C 267.31800 67.54720 13.11620
H 270.45600 61.83490 11.63160
C 276.15100 66.61050 13.19510
C 275.03200 63.61350 13.18530
H 273.67300 62.41540 11.59580
C 278.20800 64.26180 13.17960
C 279.33200 67.12770 13.18940
H 274.71700 65.39810 11.59560
C 281.37600 64.93280 13.17850
C 284.68500 65.48750 13.18100
C 280.23700 61.94290 13.17700
C 283.36500 62.49500 13.17300
C 282.40600 67.86120 13.17850
C 261.81200 69.15920 9.89549
C 262.84700 72.07080 9.84082
C 265.16900 69.75200 9.82060
C 259.48700 71.54370 9.92019
H 261.36600 70.94410 11.48850
H 264.72600 71.61100 11.42550
H 260.25600 67.97670 11.41920
H 263.66800 68.64850 11.51770
H 262.47500 73.85880 11.51970
C 266.32100 72.82500 9.93487
C 270.81400 68.21450 9.99058
C 268.57400 70.57510 9.97306
C 271.94300 71.12230 10.00870
C 269.76200 73.60400 10.00280
C 272.97400 74.16430 10.02020
H 266.94000 69.36350 11.45870
H 268.20100 72.36700 11.57880
C 274.04200 69.00000 10.01370
C 277.20900 69.52800 10.01170
C 275.19300 71.84550 10.02100
C 278.30500 72.43880 10.01420
C 285.60800 68.71280 9.98905
C 280.30700 70.09040 9.99811
C 283.46400 70.69570 9.99962
C 281.44700 73.14720 10.01010
C 284.62700 73.87360 10.02000
H 282.03600 69.54880 11.58550
C 260.58000 74.43760 9.94618
C 263.97200 75.09860 10.01290
C 262.95100 80.31530 9.92768
C 261.80000 77.26980 10.00490
C 265.19500 77.97820 10.08510
C 259.51000 79.66180 9.93072
H 265.78800 74.62860 11.63010
H 263.55100 76.92910 11.72580
H 260.17900 76.24680 11.55500
H 261.30900 79.21710 11.52180
H 264.69200 79.89400 11.63320
C 267.43500 75.74340 10.10120
C 270.87800 76.48740 10.01670
C 268.58000 78.76870 10.02990
C 271.87600 79.43170 10.04350
H 269.36100 75.35430 11.69090
H 267.01700 77.65740 11.69120
C 276.09800 74.73970 10.01840
C 279.26200 75.43350 10.01530
C 274.02900 77.12150 10.02880
C 277.12400 77.70680 10.01820
C 274.93900 80.10130 10.01810
C 278.26000 80.65700 10.01720
C 280.30300 78.37130 10.03360
C 282.44500 76.02160 10.03070
C 285.59000 76.87290 10.03850
C 283.41600 78.99670 10.04430
C 263.98300 83.33290 9.86709
C 260.69000 82.67310 9.99985
C 261.62100 85.76100 9.92628
C 265.25300 86.37760 10.09250
H 260.28200 84.49940 11.59620
H 265.87500 82.88710 11.52050
H 263.52800 85.16260 11.45680
H 261.34600 87.46830 11.64720
H 262.54900 82.10060 11.52460
C 266.26200 81.08170 10.09340
C 269.68200 81.66140 10.00410
C 267.37600 84.20440 9.98331
C 272.82700 82.43160 10.01620
C 270.75200 84.68090 10.08270
C 268.54600 87.04120 10.14320
C 271.99100 87.66900 9.98561
H 267.02400 85.90870 11.81720
H 273.72900 87.17420 11.57850
C 276.10400 82.90880 9.99571
C 279.26200 83.51080 9.99681
C 274.04300 85.35810 9.99133
C 277.25200 85.89730 9.97395
H 278.97900 85.34260 11.57980
H 275.78200 84.75600 11.58260
H 276.94900 87.74000 11.55590
C 281.41000 81.27140 10.02880
C 280.33100 86.55270 9.98083
C 284.64200 82.08100 10.04930
C 282.46600 84.17370 10.00890
C 285.57000 85.19240 10.02300
C 283.47600 87.15840 9.98116
H 282.03700 85.99410 11.58870
H 285.12200 86.67070 11.58850
C 259.54200 87.99500 10.00500
C 262.79200 88.71990 10.06420
C 260.64600 90.90910 10.11480
C 263.99700 91.66510 10.30100
C 261.74500 93.88040 10.18510
H 262.42100 90.42110 11.78530
H 260.28000 92.73430 11.74190
H 265.90200 91.05100 11.72930
H 264.61700 88.17100 11.65600
H 263.52700 93.48830 11.87630
C 266.32200 89.19000 10.10780
H 271.66000 89.52020 11.55670
C 269.78300 90.01980 10.05070
C 267.46300 92.10910 10.04470
H 272.67600 92.46600 11.54880
C 273.05900 90.72590 9.95184
C 270.85300 92.94420 9.97385
H 268.23800 88.90370 11.64990
H 267.00300 93.99650 11.58360
H 269.38900 91.84690 11.63880
C 275.11900 88.29380 9.96354
C 278.31400 89.02090 9.96023
C 276.12200 91.28090 9.95300
C 279.33700 91.89790 9.96220
H 277.90800 90.77070 11.55490
H 274.79800 90.07410 11.54640
C 274.07400 93.65200 9.96087
C 277.15600 94.31620 9.97048
H 275.80300 93.10280 11.55380
H 278.86100 93.63910 11.56800
H 280.02100 88.41880 11.56840
C 281.44500 89.59530 9.96276
H 283.19100 89.03630 11.55870
C 284.67700 89.97990 9.96113
C 282.42900 92.61340 9.95832
H 281.07200 91.36230 11.55730
H 284.23800 91.98510 11.55090
C 285.47700 92.80510 9.96810
H 282.01200 94.31830 11.56090
C 259.48500 96.22060 10.18020
C 265.01400 94.53910 10.15310
C 263.99700 99.73940 10.16880
C 260.57800 99.17230 10.22020
C 262.81700 96.87070 10.18850
H 261.29000 95.74110 11.81130
H 262.47900 98.69290 11.79620
H 264.69800 96.40070 11.75710
H 265.90400 99.38280 11.76870
C 266.15600 97.57240 10.10800
C 267.44100 100.45500 10.08970
C 272.98800 98.86410 9.99430
C 268.51900 95.12670 9.99978
H 271.59500 97.67700 11.58540
C 269.66700 98.03510 10.06980
C 271.92300 95.89370 9.98131
H 270.40900 94.73560 11.56290
H 268.06700 96.97870 11.65520
H 269.35100 100.00200 11.56630
H 273.71600 95.42150 11.57390
C 275.10300 96.58180 9.98615
H 276.82100 96.01600 11.58310
C 276.15500 99.52010 10.00740
C 278.19300 97.18490 9.99510
C 279.24900 100.17700 10.00430
C 282.36300 100.77200 9.99320
H 285.10200 94.99320 11.57050
C 280.24300 94.81500 9.97758
C 281.36800 97.79840 9.99102
C 283.43200 95.53060 9.97250
H 280.99200 99.58840 11.59080
C 284.65100 98.78250 9.97746
H 283.18400 97.41410 11.58030
H 279.95500 96.60070 11.59420
H 284.19900 100.26200 11.57370
C 261.80200 69.10330 13.03730
C 262.93000 72.00230 13.09690
C 265.15700 69.79740 13.10900
C 259.58700 71.38160 13.14420
C 266.21700 72.69110 13.11150
C 270.74100 68.19520 13.19030
C 268.48200 70.43150 13.11840
C 271.92700 71.11090 13.20310
C 269.71400 73.43880 13.21620
H 271.57000 72.95670 11.60880
C 272.98700 74.15000 13.21700
H 270.36100 70.04160 11.62800
H 275.77000 68.35150 11.60560
H 273.68100 70.70660 11.61530
C 274.06800 68.92810 13.20870
C 277.20600 69.47890 13.20590
C 275.12700 71.79080 13.21700
C 278.32100 72.48160 13.20990
H 274.72900 73.60210 11.61800
H 278.96700 68.92890 11.59780
H 276.87600 71.26670 11.62300
H 277.88800 74.22980 11.61080
H 280.05600 71.88650 11.60290
C 280.31400 70.11220 13.19250
C 283.43900 70.69300 13.19350
C 281.43100 73.12060 13.20400
C 284.63100 73.86420 13.21530
H 285.11800 70.28780 11.59670
H 283.18300 72.56920 11.60780
C 285.56900 68.75520 13.18920
C 260.71200 74.40850 13.16030
C 263.83500 75.09600 13.24070
C 261.65200 77.40200 13.20940
C 262.75900 80.25790 13.21550
C 265.11800 78.11060 13.29510
C 259.42400 79.68850 13.09430
C 267.38800 75.74840 13.27210
H 272.60700 75.93510 11.62920
C 270.88800 76.51000 13.29680
C 268.59200 78.81600 13.29160
C 271.87400 79.42330 13.23820
H 270.39900 78.30300 11.65320
H 268.19000 80.58440 11.68000
C 276.13500 74.80070 13.21330
H 273.63700 78.90450 11.63080
C 279.24800 75.42540 13.21230
C 274.04900 77.16060 13.22400
C 277.14900 77.78330 13.21340
C 275.01300 80.13850 13.21370
C 278.19900 80.65340 13.21200
H 275.76700 76.53940 11.61870
H 278.89500 77.19290 11.61840
H 276.73800 79.53660 11.61330
H 281.01500 74.90210 11.61140
H 279.96900 80.12180 11.63220
C 280.25500 78.29770 13.22950
C 282.42300 75.96870 13.22530
H 284.24100 75.39470 11.63110
H 283.14900 80.84540 11.64130
C 285.53000 76.96100 13.23780
C 283.40500 78.98210 13.24060
H 285.09600 78.42200 11.64400
H 282.04100 77.77980 11.64160
C 264.02900 83.32030 13.13680
C 260.58300 82.71620 13.00290
C 261.82000 85.59630 13.20430
C 264.98900 86.24530 13.19120
C 266.23800 81.05180 13.20170
H 271.48700 81.27120 11.62910
C 269.67600 81.70740 13.23130
C 267.33500 84.02390 13.23710
H 272.65700 84.28490 11.60590
C 272.82700 82.47800 13.20960
C 270.79100 84.71280 13.11510
C 268.63500 87.10010 13.31500
H 270.47000 86.60950 11.67830
H 269.17600 83.54160 11.56600
C 271.95900 87.71340 13.18000
C 276.08700 82.96630 13.19160
C 279.27000 83.54570 13.19200
H 274.58900 81.90130 11.60370
H 277.83200 82.44040 11.59640
C 274.05900 85.40640 13.18550
C 277.21500 85.94060 13.16990
C 281.38700 81.34360 13.22390
C 280.32400 86.60760 13.17700
H 284.19900 83.67930 11.62770
C 282.40600 84.23240 13.20570
H 280.99900 83.04690 11.60730
C 284.74000 81.92460 13.24530
C 285.51200 85.25690 13.22280
C 283.38700 87.19280 13.17610
C 259.57300 87.88080 13.27690
C 262.84700 88.51960 13.33960
C 260.63900 90.92630 13.39000
C 264.00700 91.48900 13.34020
C 261.72000 93.93650 13.44780
C 266.33300 89.12400 13.23190
C 269.86500 89.97450 13.16260
C 267.52100 92.17800 13.25710
C 273.05800 90.70030 13.14860
C 270.87300 92.90450 13.16800
C 275.21400 88.26870 13.15720
C 278.33900 89.00110 13.15970
C 276.13100 91.31280 13.14930
C 279.28800 91.87050 13.15770
C 274.03100 93.60250 13.15600
C 277.14800 94.22310 13.16620
C 281.42900 89.58480 13.15920
C 284.62300 89.98470 13.15670
C 282.47200 92.54890 13.15430
C 285.60300 93.51960 13.16680
C 266.28500 97.52300 13.34110
C 262.81800 96.88740 13.36350
C 259.46700 96.27110 13.40490
C 265.25800 94.62250 13.32430
C 260.56100 99.10460 13.35360
C 263.99300 99.83780 13.32970
C 272.96800 98.82900 13.19010
C 269.73200 98.13280 13.12820
C 267.56800 100.42900 13.28650
C 271.93200 95.86140 13.17730
H 272.63800 100.67500 11.59560
C 268.55300 95.17570 13.20700
H 274.73200 98.35180 11.59740
C 279.27800 100.19300 13.19900
C 275.08800 96.58170 13.18400
H 277.89700 98.96760 11.60220
C 278.19500 97.13140 13.19220
C 276.12600 99.46040 13.20300
C 284.65200 98.71860 13.17280
C 282.42200 100.66900 13.18740
C 280.22000 94.72940 13.17170
C 283.40300 95.52020 13.16840
C 281.39400 97.78130 13.18500
C 261.78100 102.01100 10.10190
C 262.92400 105.03500 9.99404
C 265.18400 102.66200 10.13310
C 259.51600 104.39400 10.16400
H 260.30300 101.01200 11.81770
H 261.43800 103.91200 11.63590
H 262.51500 106.85600 11.60850
H 264.72100 104.54600 11.70860
H 263.59800 101.63200 11.69290
C 266.18400 105.69400 10.03950
C 270.86400 101.13600 9.96933
C 268.59400 103.42400 10.05580
C 272.02700 104.08200 10.03140
C 269.83400 106.37300 10.00840
C 273.00900 107.11300 10.04760
H 267.08000 102.31100 11.71360
C 274.03500 101.83600 10.01520
C 277.14700 102.50200 10.01660
C 275.07100 104.80700 10.03110
C 278.24200 105.43700 10.03780
C 280.29500 103.09700 10.02240
C 283.45600 103.69300 10.00590
C 281.39700 106.14000 10.03060
C 284.73400 106.59900 10.01580
H 285.11700 103.23600 11.59220
C 285.50700 101.77100 9.97975
C 259.49200 112.70600 9.81115
C 260.55900 107.23100 10.05150
C 264.01400 107.99200 9.96986
C 261.72900 110.33100 9.79805
C 265.16800 110.97500 9.92429
C 262.90200 113.38500 9.85060
H 264.71400 112.85200 11.49110
H 261.34100 112.17100 11.38400
H 260.28700 109.22600 11.55220
H 263.52800 109.87800 11.47700
H 265.92400 107.60800 11.54650
C 267.46600 108.73600 9.90957
C 270.83200 109.26300 10.04840
C 268.62200 111.66000 9.99768
C 271.88600 112.26000 10.03780
H 267.06800 110.55000 11.55160
C 276.12900 107.65700 10.03900
C 279.20400 108.35000 10.03410
C 274.02700 109.98000 10.04390
C 277.18200 110.60400 10.02520
C 275.01900 112.96900 10.02820
C 278.31700 113.61600 10.01120
C 280.32400 111.36500 10.01650
C 282.38700 108.95600 10.02130
C 283.43600 112.05900 10.01690
C 285.55000 109.90100 10.01880
C 263.97200 116.23500 9.93270
C 260.56800 115.81900 9.92108
C 261.69000 118.62200 10.05890
C 265.19800 119.12100 9.89797
H 263.61600 118.08500 11.60230
H 261.33800 120.46700 11.71670
H 260.24700 117.47500 11.74060
H 262.36300 115.11400 11.49080
H 265.92800 115.81300 11.41550
C 266.30900 113.88600 9.84627
C 269.71900 114.61700 10.02260
C 267.44100 116.99600 9.86982
C 273.02100 115.30900 10.02440
C 270.91600 117.58400 9.94388
C 268.53900 119.88800 10.02270
C 271.96600 120.51200 10.01050
C 276.13600 115.94100 10.02010
C 279.30300 116.62800 10.00640
C 273.99700 118.23700 10.01810
C 277.19100 118.85100 10.01500
C 281.55400 114.27500 10.00940
C 280.28500 119.56600 10.00010
C 282.35400 117.25900 10.00240
C 284.83000 114.99000 10.01150
C 285.40900 118.41100 9.99189
C 283.37000 120.21600 9.99340
H 285.08800 119.74300 11.59150
C 259.30700 120.85200 10.30080
C 262.79600 121.53800 9.95438
C 260.39600 123.80400 10.12170
C 264.04300 124.48300 9.81831
C 261.63600 126.80100 9.91425
H 264.70700 121.05900 11.44770
H 262.47300 123.43800 11.49640
H 263.55600 126.34000 11.36260
H 260.23000 125.69900 11.76270
H 265.88300 124.05900 11.52920
C 266.29900 122.14800 9.90839
C 269.67200 122.74400 10.02590
C 267.41300 125.18900 9.85322
C 272.96800 123.50600 10.00770
C 270.87000 125.85400 9.98971
H 268.09300 121.73200 11.67620
H 267.03600 127.03600 11.49680
C 274.99700 121.17300 10.01530
C 278.18100 121.80000 10.00640
C 276.05000 124.06000 10.00710
C 279.14500 124.73600 9.99410
C 273.98300 126.43900 9.99972
H 278.84600 126.52700 11.57980
C 277.11400 127.03000 9.98648
C 281.34400 122.49800 9.99380
C 284.62200 123.27100 9.98254
C 282.23900 125.50900 9.98338
H 283.12200 122.08700 11.58900
H 284.04600 125.00000 11.57440
H 280.93000 124.29600 11.59280
C 285.43300 126.41400 9.96747
H 281.96300 127.28300 11.57690
C 259.39100 129.38700 10.06280
C 265.19400 127.50800 9.88101
C 262.75400 129.73000 9.98479
C 260.58900 132.11200 10.15740
C 263.92500 132.69700 10.06280
H 264.76500 129.32300 11.50800
H 261.22900 128.64000 11.60320
H 265.86700 132.25100 11.57510
H 262.44000 131.55500 11.67030
C 266.41900 130.45500 9.98803
C 272.97600 131.86600 10.00410
C 271.94500 128.93200 10.00000
C 269.67100 131.17900 10.03440
C 267.39300 133.37900 9.97658
C 268.62000 128.19200 9.96485
H 269.25600 133.00300 11.60720
H 268.22000 130.03300 11.68520
H 277.80100 131.83700 11.59000
C 279.22200 133.02800 9.99290
C 278.09100 130.02100 9.98381
C 274.94200 129.50700 9.99014
H 276.69600 128.87600 11.57430
C 276.04200 132.42800 9.99932
H 285.05600 127.94300 11.57090
C 284.64200 131.51300 9.98539
C 283.34400 128.43600 9.97763
H 284.08600 133.15400 11.57820
H 283.11900 130.28600 11.58070
H 280.92900 132.45700 11.58490
C 281.35300 130.70800 9.98469
C 282.29300 1.60989 9.98655
C 280.18600 127.76200 9.98242
H 279.89000 129.54900 11.58110
C 261.83500 102.15400 13.33960
C 262.88600 105.07600 13.30670
C 265.20300 102.68500 13.29970
C 259.66600 104.30500 13.30250
C 266.31800 105.75100 13.20580
C 270.85500 101.07800 13.21820
C 268.64500 103.54800 13.21790
C 271.98100 104.09900 13.22740
C 269.79200 106.39800 13.16700
H 271.63400 105.92000 11.63840
C 272.99900 107.05500 13.24230
H 268.14700 105.31600 11.53280
H 270.46500 102.96600 11.61790
H 275.79200 101.26900 11.61390
H 273.73300 103.62900 11.62800
C 274.02900 101.84500 13.21030
C 277.18200 102.45900 13.21310
C 275.11200 104.78400 13.22640
H 278.88500 101.93400 11.61180
H 276.83600 104.24500 11.61990
C 278.27700 105.39600 13.23330
H 274.71900 106.57400 11.63810
H 277.88000 107.19100 11.64350
H 280.01100 104.88700 11.64130
C 280.28200 103.04100 13.21710
C 283.41800 103.73900 13.20170
C 281.41300 106.06300 13.22580
C 284.69100 106.93700 13.21360
H 282.03500 102.48800 11.60600
H 283.16000 105.59400 11.61260
C 285.47900 101.75600 13.17710
C 259.52200 112.61000 13.03890
C 260.69600 107.44100 13.27540
C 264.06400 108.07800 13.14380
C 261.76200 110.42200 13.16570
C 265.10300 111.00500 13.05520
C 262.83700 113.29500 13.11730
C 267.47500 108.69000 13.17100
H 272.65400 108.88700 11.65570
C 270.81200 109.29000 13.19240
C 268.55400 111.65200 13.21720
C 271.88600 112.34900 13.23330
H 270.42800 111.13600 11.65860
H 269.27700 108.18800 11.55200
H 268.08100 113.48000 11.57480
C 276.12900 107.68800 13.23450
H 273.65800 111.80400 11.63720
C 279.26100 108.36400 13.23070
C 274.02000 110.04300 13.23850
C 277.17300 110.60100 13.22110
H 275.77000 109.47200 11.63120
H 278.97400 110.13600 11.62360
C 275.09700 113.00500 13.22370
C 278.27000 113.56000 13.20730
H 276.86900 112.42800 11.61410
H 280.99900 107.86500 11.62940
H 280.06300 113.12700 11.60470
C 280.32400 111.33500 13.21260
C 282.39100 109.03400 13.21730
H 284.18500 108.45400 11.61420
C 283.43300 112.06700 13.21460
H 285.11700 111.43100 11.61490
C 285.54500 109.95400 13.21870
H 282.08900 110.76600 11.61480
H 283.28900 113.94500 11.61640
C 264.03500 116.12400 13.09750
C 260.53600 115.65200 13.22140
C 261.83100 118.59400 13.30670
C 265.11800 119.26100 13.16810
C 266.22700 114.02000 13.13060
H 271.58100 114.13100 11.62250
C 269.71000 114.57300 13.11320
C 267.48600 116.85100 13.04040
H 272.63600 117.05500 11.61920
C 273.02000 115.25600 13.22130
C 270.71000 117.54600 13.11200
C 268.50600 119.99600 13.18510
H 270.39900 119.35700 11.62520
C 271.90700 120.53600 13.20640
H 269.32400 116.38700 11.38300
H 266.95700 118.77400 11.57310
H 273.64900 120.00400 11.61130
C 276.23500 115.93300 13.21790
H 277.92400 115.37200 11.60970
C 279.30100 116.60100 13.20420
H 274.77600 114.75000 11.62690
C 273.98500 118.24700 13.21530
H 275.73700 117.71200 11.62030
C 277.20300 118.89400 13.21190
H 278.91700 118.37200 11.60360
H 276.78800 120.62700 11.61490
C 281.44700 114.32100 13.20600
C 282.42200 117.28500 13.19870
C 284.82900 115.08700 13.21000
H 284.18500 116.86500 11.60400
H 281.04000 116.08900 11.60190
C 280.28800 119.52600 13.19580
C 285.47400 118.40800 13.18950
C 283.39500 120.22200 13.19020
H 282.02700 119.03700 11.59600
C 259.62900 120.93900 13.48970
C 262.97200 121.70100 13.19210
C 260.76100 123.83800 13.30300
C 264.03600 124.58600 13.06750
C 261.85900 126.85500 13.22470
C 266.16300 122.19800 13.14830
C 269.74300 122.89200 13.15470
C 267.42700 125.17500 13.15320
H 271.55200 122.34000 11.60110
H 272.60200 125.28200 11.60320
C 272.96700 123.51700 13.20430
C 270.79900 125.83800 13.14920
H 269.27500 124.73000 11.46300
C 275.02700 121.11800 13.21160
C 278.19800 121.81200 13.20350
C 276.03700 124.06600 13.20440
C 279.19700 124.74900 13.19050
H 274.70500 122.93500 11.61470
H 277.76600 123.54200 11.60350
C 273.94600 126.47800 13.19900
C 277.13500 127.09000 13.18130
H 275.71400 125.89100 11.59840
H 279.96600 121.34000 11.59570
C 281.37000 122.52800 13.19170
C 284.60800 123.36400 13.18140
C 282.25400 125.51600 13.17970
C 285.44600 126.43200 13.16530
C 259.47400 129.18800 13.29740
C 262.91400 129.66200 13.16710
C 263.99300 132.69800 13.18920
C 265.11600 127.41400 13.05080
C 260.71300 132.18200 13.34170
C 266.21600 130.43600 13.18710
C 269.75300 131.17300 13.23830
C 267.36700 133.40900 13.17740
H 271.53800 130.71900 11.60130
C 272.90700 131.79900 13.20040
H 272.61300 1.65122 11.60930
C 268.55200 128.12900 13.20160
C 271.90400 128.88100 13.19710
H 270.43900 127.71600 11.58770
C 276.04300 132.42800 13.19510
C 278.14000 130.05900 13.17960
C 274.93100 129.46500 13.18530
H 273.61600 128.27400 11.59580
H 274.66800 131.28000 11.59560
C 279.20900 133.01800 13.18940
C 280.19700 127.76300 13.17700
C 283.39000 128.40200 13.17300
C 282.25900 1.63629 13.17850
C 284.67100 131.30200 13.18100
C 281.34500 130.74400 13.17850
