14208
Frame 2
C -41.79090 2.36608 9.96695
C -43.15910 5.17701 9.95262
C -39.86130 4.70494 9.95729
H -40.45610 1.11721 11.58790
H -43.49040 1.56071 11.57240
H -41.60680 4.19116 11.56800
C -43.87400 0.23409 9.94487
C -44.95580 3.74254 9.99816
H -45.03150 4.38756 11.56420
C -38.77730 1.79986 9.97655
H -38.43430 3.57533 11.56690
C -35.70050 1.08940 9.97957
C -36.67260 4.13320 9.96356
C -33.62760 3.56564 9.97094
H -35.31880 2.87592 11.57900
H -36.38020 5.96454 11.57290
H -33.24390 5.38108 11.58150
H -34.21400 -0.04687 11.58350
C -32.49250 0.43451 9.97570
H -32.14930 2.31057 11.57950
C -31.48120 5.91260 9.97363
C -30.47050 3.10712 9.95742
C -27.28430 2.49182 9.71734
C -28.37920 5.39463 9.82026
H -30.03550 4.87143 11.58030
C -29.53970 0.03686 9.86458
H -28.95940 1.86631 11.49360
H -26.82180 4.28405 11.37630
C -24.05470 1.82266 9.55904
C -25.08060 4.90564 9.68422
C -20.83900 1.09657 9.63760
C -21.92440 4.27724 9.61208
H -22.66770 0.56910 11.14280
H -20.55380 2.92844 11.23760
H -21.52740 6.00100 11.29040
H -25.81390 1.24653 11.18900
H -23.64600 3.59426 11.16040
H -39.47400 6.48982 11.56510
C -45.04850 11.60770 10.05450
C -40.84940 7.77533 9.95152
H -42.65380 6.97306 11.55280
C -43.88190 8.62140 9.95283
C -41.85690 10.70040 9.96348
H -41.60160 12.60650 11.57900
H -43.55790 10.12500 11.57410
H -40.47970 9.54252 11.56320
C -38.75310 10.17740 9.96320
C -34.59070 6.68175 9.96586
H -38.40300 12.05120 11.58140
C -37.75850 7.14425 9.96103
C -35.62860 9.56392 9.96528
C -36.63180 12.59930 9.96919
C -33.48620 12.02160 9.97262
H -35.20980 11.38230 11.57430
H -37.35780 8.98836 11.57460
H -34.28310 8.45715 11.57220
C -32.56010 9.06431 9.97357
H -32.09280 10.83230 11.59040
H -31.20440 7.78753 11.58450
C -26.20840 7.81331 9.73924
C -29.44620 8.42349 9.95401
C -30.36300 11.44360 9.94554
C -27.16950 10.89090 9.83323
H -27.89510 7.19966 11.37510
H -26.82480 12.62840 11.55760
H -28.87490 10.24500 11.48690
C -19.73290 6.70925 9.77500
C -24.04010 10.28450 9.85230
C -22.88050 7.38521 9.72669
C -20.82900 9.72436 9.91685
C -21.87370 12.64080 10.00430
H -22.58400 9.09127 11.41600
H -20.44940 11.45960 11.60840
H -25.77520 9.60410 11.34500
H -23.65780 12.00190 11.55480
H -24.62840 6.64755 11.29810
C -39.81470 13.28640 9.97406
C -43.13550 13.70150 9.98465
C -40.74190 16.21280 9.97846
H -39.39030 15.07400 11.58660
C -41.84530 19.23250 9.97508
H -40.37800 18.06620 11.57800
C -43.95250 16.28300 9.99897
C -45.01070 19.74370 9.97418
C -38.66990 18.62770 9.97255
C -37.66990 15.55230 9.97192
C -34.59810 15.10370 9.97349
H -36.30320 14.38190 11.57810
H -33.13950 13.86810 11.58360
C -35.47900 18.01150 9.98211
H -37.22770 17.36600 11.57520
H -34.14720 16.82130 11.58950
C -32.44610 17.65290 9.99745
H -30.00810 13.29540 11.56100
C -31.44260 14.62910 9.98475
C -28.24760 13.80010 9.90055
C -26.05290 16.27150 9.98601
C -29.28190 16.99370 9.97682
C -27.14340 19.25930 9.95635
C -30.23680 19.90180 10.02560
C -25.02880 13.27890 10.00020
C -24.11730 18.68550 9.88345
C -22.95760 15.55030 9.90418
C -19.78760 15.02150 10.00570
C -20.70840 18.08030 9.83769
H -21.58070 14.47940 11.65030
C -43.08190 22.06490 9.98085
C -39.75830 21.60010 9.98242
H -41.56790 21.08020 11.57560
C -40.77290 24.55080 9.99786
H -42.57700 24.00770 11.58550
C -43.97430 25.35050 9.98898
H -38.32880 20.48000 11.59150
C -36.57420 21.15680 10.00050
C -33.44530 20.60500 10.00440
C -37.63540 24.10830 10.01100
C -34.53760 23.56170 10.01710
C -35.69460 26.44550 10.00990
C -32.52630 26.04910 10.00820
C -28.22980 22.35840 10.05000
C -31.46910 23.02410 10.00900
C -26.15990 24.85780 9.92078
C -29.33590 25.31290 10.02050
C -20.76720 26.72940 10.07740
C -25.11970 21.74620 9.92527
C -21.91710 21.12850 9.76118
C -19.59990 23.64980 9.91443
C -23.14700 24.25300 9.87168
C -45.00070 28.45420 9.96374
C -39.87730 30.16040 10.01030
C -40.98070 33.15570 10.01830
C -41.86340 27.79270 10.00160
C -43.09230 30.81350 10.00340
C -37.70950 32.59840 10.00770
C -33.58550 29.01700 9.99806
C -36.79290 29.52730 10.00610
C -38.72750 27.02580 10.01580
C -34.65380 32.03550 10.00020
C -26.23210 33.33460 10.08190
C -27.29060 27.76700 9.97606
C -31.55860 31.31100 9.99403
C -28.34800 30.87450 10.03780
C -30.37400 28.38360 9.97813
C -25.17630 30.25020 10.02780
C -21.77030 29.64090 10.08100
C -23.96370 27.24950 9.92774
C -19.68240 32.02870 10.25640
C -22.97470 32.70690 10.15370
C -41.76350 2.46735 13.18600
C -43.16330 5.37456 13.16990
C -39.84040 4.73410 13.17540
C -44.97130 2.98916 13.21790
C -43.87470 135.27500 13.16290
C -38.73550 1.89847 13.19600
C -35.62050 1.07106 13.19880
C -36.63560 4.13798 13.18200
C -33.60110 3.52157 13.18860
H -37.42060 0.57368 11.60470
C -32.48670 0.42260 13.19560
C -31.50540 6.00412 13.19270
C -30.33820 3.04817 13.14570
C -27.10990 2.41050 12.97680
C -28.19580 5.44216 13.08020
C -29.27200 0.03631 13.04860
C -24.10200 1.78321 12.75520
C -24.91600 4.82509 12.85440
C -20.93240 1.05124 12.81650
C -21.93630 4.15448 12.85050
C -40.87710 7.78640 13.16870
C -43.89500 9.02066 13.17270
C -41.87360 10.80710 13.18010
C -44.97050 11.48220 13.27430
H -44.99630 12.86320 11.60560
C -38.78580 10.20830 13.18160
C -34.62490 6.68393 13.18520
C -37.77080 7.16565 13.18150
C -33.49390 12.03340 13.19150
C -36.63410 12.59900 13.18710
C -35.63450 9.66412 13.18250
C -32.58750 9.04903 13.19250
C -26.13000 7.71886 12.92760
C -29.32450 8.39030 12.99790
C -30.29800 11.42690 13.13270
C -27.03780 10.80200 13.10450
C -19.82500 6.47024 12.94370
C -24.13260 10.10810 13.04680
C -22.89350 7.23402 12.91770
C -20.86020 9.56226 13.12780
C -21.92720 12.66780 13.20860
C -39.81370 13.27220 13.19050
C -43.09970 13.72580 13.20160
H -42.51200 15.62080 11.59670
C -40.74740 16.29450 13.19580
C -43.89370 17.08680 13.21780
C -41.81280 19.28710 13.19080
H -43.52340 18.47010 11.59610
C -45.02040 19.97100 13.19620
C -38.62200 18.68050 13.19070
C -34.63190 15.04540 13.19270
C -37.68670 15.57090 13.18830
C -35.52160 18.03400 13.19690
H -35.18740 19.87180 11.60640
C -32.41130 17.58720 13.21480
H -32.06000 19.38440 11.61340
C -31.35790 14.54310 13.20350
H -31.01100 16.41310 11.61380
C -26.16980 16.23040 13.18910
C -28.26130 13.84960 13.18770
C -29.17630 16.91330 13.21990
C -27.12070 19.29730 13.18270
C -30.32720 19.92510 13.21050
H -28.88640 18.66480 11.62520
H -27.89280 15.59950 11.49360
C -25.06270 13.26150 13.15270
C -23.92010 18.68090 13.15100
C -22.95230 15.81550 13.17150
C -19.83140 15.16410 13.22020
C -20.89860 18.09310 13.04670
H -22.61210 17.51210 11.34580
H -20.46050 19.94590 11.44230
H -25.75830 18.08990 11.63400
H -24.66640 15.08110 11.62310
H -44.95980 21.34560 11.60500
C -43.08240 22.16080 13.19530
C -39.79000 21.67490 13.20030
C -40.78490 24.56520 13.21480
H -39.40320 23.44150 11.60930
C -43.89220 24.85720 13.20630
H -40.50290 26.46950 11.62270
C -33.47790 20.54400 13.22170
C -36.60390 21.18720 13.21910
H -33.18270 22.32360 11.61890
C -37.63160 24.10730 13.22860
C -34.56400 23.57200 13.23370
H -36.26460 22.99780 11.62980
H -37.39850 25.86330 11.62100
H -34.23850 25.32610 11.62650
C -35.67550 26.41100 13.22850
C -32.53310 26.04800 13.22600
H -30.03620 21.78240 11.61070
C -28.16130 22.37000 13.12470
C -31.46650 23.02440 13.22630
H -31.13250 24.79090 11.61850
C -26.19020 24.86360 13.22900
C -29.31150 25.40380 13.19330
H -27.88990 24.22150 11.59370
H -26.77950 21.07360 11.52880
C -25.02570 21.67080 13.15830
C -21.79930 21.18230 13.05720
C -19.90290 23.56010 13.07450
C -22.88430 24.10500 13.06810
C -20.85630 26.51040 13.16530
H -21.54750 22.95580 11.28080
H -25.81590 26.63220 11.56450
H -22.61770 25.97300 11.52550
H -23.64250 20.51560 11.47880
H -24.82650 23.59670 11.60080
H -42.75700 32.53000 11.62200
H -41.63840 29.56660 11.61320
H -44.96570 29.76030 11.60070
C -45.01620 28.32450 13.18100
H -43.54730 26.95730 11.59760
C -41.90110 27.79560 13.22040
C -43.08870 30.90520 13.22010
C -39.90740 30.15160 13.22910
C -40.93420 33.20140 13.23390
H -39.48340 31.99280 11.61980
H -36.36450 31.32240 11.61190
H -35.35190 28.25530 11.60950
C -38.79640 27.00010 13.23250
H -33.27010 30.81130 11.60850
C -36.74200 29.47940 13.22590
C -33.58410 28.99510 13.21720
C -37.68000 32.62670 13.22600
C -34.66870 32.05920 13.21690
H -38.54020 28.88290 11.62670
H -27.94880 32.64920 11.66130
H -29.00550 27.19240 11.55280
H -30.06040 30.17860 11.60770
H -31.22990 33.11920 11.60490
C -28.34640 30.79360 13.21150
H -32.16300 27.83080 11.60640
C -30.38020 28.32570 13.18940
C -27.27720 27.78040 13.19580
C -31.53760 31.25030 13.21120
C -26.28320 33.31010 13.33080
H -26.94620 29.58830 11.60250
H -20.47410 28.44060 11.77890
H -24.82950 32.09320 11.71450
C -22.96620 32.55750 13.35470
C -25.17730 30.18720 13.19320
C -24.02350 27.18230 13.14230
C -19.83530 31.90610 13.41910
C -21.96090 29.61010 13.34000
H -21.58090 31.43700 11.73940
H -23.66930 29.05830 11.55200
C -41.96260 36.26420 10.02670
C -43.24220 39.37480 10.04560
C -39.95680 38.67180 10.03530
C -44.04020 34.19510 10.01660
C -45.00170 37.16590 9.99634
C -38.78920 35.60700 10.01680
C -35.69190 35.08340 10.00460
C -36.84880 37.99180 10.02120
C -33.70600 37.41720 10.00980
C -32.61870 34.37110 9.99584
C -31.61610 39.86970 10.01320
C -30.47580 36.75620 10.02470
C -27.25360 36.27210 10.03660
C -28.41070 39.29840 10.03300
C -29.42710 33.75790 10.02930
C -24.01570 35.58230 10.17180
C -24.95520 38.74690 10.07620
C -20.83440 35.07010 10.34670
C -21.89460 38.07500 10.21770
C -40.93780 41.70560 10.04710
C -43.93160 41.58160 10.04220
C -41.84640 44.82560 10.03210
C -44.98170 45.23150 10.00540
C -38.84750 44.00990 10.04090
C -34.68070 40.50760 10.03290
C -37.79550 41.10140 10.04980
C -35.70310 43.54720 10.04230
C -33.56070 45.90580 10.01090
C -36.78200 46.53050 10.03020
C -32.57150 42.87210 10.01040
C -26.18930 41.78740 10.07190
C -29.44960 42.35880 10.08890
C -27.31310 44.74810 10.12900
C -30.46410 45.42750 10.03500
H -29.08660 44.18210 11.68310
H -26.97020 46.60240 11.68070
C -19.82950 40.43080 10.22690
C -24.07720 44.09020 10.15570
C -22.90850 41.10200 10.19810
C -20.93750 43.42540 10.14930
C -21.95580 46.51090 9.97312
H -25.88690 43.57840 11.78210
C -39.89530 47.25590 10.02500
C -43.13500 47.79390 10.01540
C -40.88150 50.25010 10.01530
C -44.01690 50.50720 9.99937
C -42.00280 53.45570 10.01070
C -45.03790 53.78700 9.97757
C -38.75120 52.73540 10.02320
C -34.65230 48.94790 10.00500
C -37.73950 49.65320 10.02330
C -35.79200 52.13140 10.01670
H -30.09880 47.21570 11.56430
C -32.61400 51.42620 9.98697
H -32.27200 53.26240 11.58850
C -31.52200 48.42320 9.98646
H -31.17920 50.24840 11.59200
C -26.26820 50.25900 9.98706
C -28.32490 47.84950 10.03430
C -29.42580 50.80920 9.99085
C -27.33110 53.22720 9.98422
C -30.48240 53.84410 9.94933
H -27.99700 49.63950 11.64080
H -29.13070 52.66020 11.58240
C -25.23900 47.20440 10.04190
C -24.16960 52.63130 9.94226
C -23.10060 49.47440 9.91516
C -19.85740 48.83900 9.91584
C -20.90940 51.97300 9.86090
H -22.70010 51.35800 11.44020
H -20.59400 53.73480 11.50830
H -24.85390 49.04400 11.58470
H -21.64810 48.37460 11.57620
H -25.90060 52.07820 11.56180
C -43.25630 56.57560 10.01370
C -39.87320 55.80770 10.01230
C -40.87140 58.89310 10.00640
C -43.88610 59.81490 9.99675
C -36.75620 55.10490 10.02300
C -37.67520 58.13290 10.01250
C -33.68490 54.55020 9.99705
C -34.59560 57.55710 10.00420
C -35.58640 60.61620 9.99645
C -32.43480 59.96100 9.98475
C -31.46400 56.98210 9.97975
H -31.10600 58.75150 11.58800
C -28.34870 56.27920 10.01210
C -26.10100 58.65800 10.09300
H -30.15960 55.66860 11.59400
C -29.35650 59.26290 10.00870
H -27.92000 58.06290 11.66500
H -26.91640 55.00680 11.59290
C -25.16290 55.74750 10.03970
C -22.04100 55.02990 9.96237
C -19.84670 57.48410 10.01620
C -23.05940 58.17510 10.09040
C -20.85460 60.49280 10.18440
H -22.62250 59.88200 11.81080
H -25.74330 60.54050 11.58290
H -23.76770 54.42740 11.59720
H -24.76120 57.48110 11.72270
H -21.63270 56.84770 11.58980
H -44.92290 64.01990 11.53710
H -43.45580 61.20660 11.58300
C -42.99280 64.69040 9.94994
H -39.38870 66.09580 11.59400
C -39.73200 64.26920 9.97858
C -40.79560 67.24120 9.97389
H -42.54650 66.63150 11.56530
H -41.49180 63.71280 11.57180
C -41.77070 61.85390 9.97820
C -44.89480 62.88320 9.96322
C -38.70450 61.26080 9.99766
C -34.52810 66.05210 9.97667
C -33.41490 62.98050 9.98171
H -33.09890 64.80350 11.58200
C -37.63900 66.71880 9.98767
C -36.56740 63.64710 9.98717
H -36.27270 65.48230 11.59480
C -30.33210 62.34680 10.03870
H -29.94510 64.12130 11.58740
C -27.19490 61.69010 10.01530
C -31.37550 65.29380 9.97759
H -32.10970 61.72620 11.59390
H -31.03090 67.19240 11.59400
C -26.18670 67.15490 10.04550
C -28.25930 64.71880 10.03180
H -27.89030 66.54890 11.64210
H -26.81860 63.48950 11.62030
H -28.94430 61.08930 11.60210
H -20.45580 62.31900 11.73540
H -24.67920 65.92710 11.53510
C -21.82760 63.50180 10.06310
H -23.59340 62.88920 11.64050
H -21.52410 65.27860 11.69780
C -22.81270 66.56350 10.07880
C -19.76220 65.89570 10.12690
C -25.03010 64.02600 10.03650
C -23.93930 61.02860 10.06300
C -41.95650 36.27930 13.24470
C -43.24860 39.26200 13.26460
C -39.90380 38.57160 13.25070
H -43.64610 35.57770 11.62780
H -40.54670 35.01560 11.63350
H -41.76090 38.11570 11.64600
H -45.05430 38.47140 11.66040
C -45.08900 36.95660 13.21590
C -44.11040 33.87740 13.23470
C -38.78280 35.61110 13.23490
H -38.55160 37.37800 11.62630
C -35.74340 35.07220 13.22080
C -36.84650 37.98590 13.23960
H -35.44030 36.88360 11.61620
C -33.64220 37.31410 13.22660
H -33.33600 39.17260 11.63480
H -37.39700 34.40820 11.61970
H -36.41840 39.81900 11.64930
H -34.38960 33.78840 11.60280
C -32.66340 34.30920 13.21210
H -32.28780 36.18950 11.60390
C -31.54450 39.83040 13.23020
C -30.53590 36.81130 13.22650
C -27.37510 36.37370 13.31870
H -30.19270 38.66030 11.60640
C -28.37080 39.30570 13.16800
C -29.50650 33.72090 13.24100
H -29.03650 35.56590 11.66430
H -26.84330 38.14530 11.62480
C -24.06780 35.65360 13.43300
C -25.13780 38.69620 13.29250
C -20.87830 35.08440 13.50730
C -22.03230 38.06170 13.43570
H -21.61820 39.86890 11.86150
H -25.89370 35.14890 11.77130
H -22.65330 34.44900 11.86380
H -20.55720 36.87560 11.89780
H -23.72530 37.45420 11.71980
H -39.52390 40.43850 11.65780
C -40.94290 41.67570 13.26240
H -42.67380 40.99130 11.65700
C -43.96850 42.34160 13.26120
H -43.54250 43.94200 11.64030
C -41.88280 44.75060 13.25150
H -40.54660 43.46870 11.64920
H -41.65200 46.49580 11.63550
C -44.99950 45.46260 13.22590
H -45.05340 46.71660 11.61570
C -38.88510 44.11950 13.25950
C -34.68950 40.44920 13.24910
H -38.48840 45.90480 11.63800
C -37.77390 41.07390 13.26520
C -35.74080 43.55190 13.25970
H -37.46120 42.89760 11.66350
H -34.32190 42.28590 11.63780
C -36.74080 46.59080 13.24650
C -33.58030 45.94650 13.22660
H -35.34380 45.32670 11.64870
C -32.54710 42.86860 13.22900
H -32.23890 44.68680 11.60790
H -31.18790 41.66560 11.61400
C -26.18580 41.76640 13.34640
C -29.46610 42.31830 13.20320
C -27.36720 44.82520 13.30350
C -30.54960 45.46720 13.19280
H -27.92830 41.13610 11.64100
C -19.86400 40.48470 13.49350
C -24.04170 44.23850 13.29320
C -23.01950 41.12120 13.37290
C -20.97640 43.64740 13.37280
C -21.99200 46.61770 13.24280
H -20.60960 45.34690 11.64250
H -23.72120 46.02240 11.59370
H -22.64750 42.94190 11.78550
H -24.78350 40.58810 11.74370
C -39.88470 47.25000 13.24250
C -43.21890 47.82570 13.23120
H -42.71640 49.55810 11.61900
C -40.93530 50.30970 13.23230
H -39.48600 49.01070 11.62860
C -44.06770 51.08460 13.21750
C -42.00590 53.41540 13.22730
H -43.62920 52.51220 11.61020
H -40.57340 52.09880 11.62590
C -45.09480 53.89540 13.19930
C -38.77560 52.76490 13.24200
C -37.76320 49.57750 13.23920
C -34.62900 48.92000 13.21980
H -36.36770 48.37790 11.62830
H -33.21410 47.76790 11.60040
C -35.72050 52.10600 13.23160
H -34.34950 50.78970 11.60760
H -37.45550 51.42140 11.63760
H -35.39960 53.93360 11.62710
C -32.60300 51.43850 13.20360
C -31.46770 48.37210 13.20440
C -28.42920 47.80540 13.22450
C -26.23820 50.29200 13.19770
C -29.52690 50.83540 13.18100
C -27.35600 53.19070 13.17580
C -30.47800 53.85540 13.20100
C -25.15500 47.23900 13.19900
C -24.10570 52.53620 13.12240
C -23.02100 49.58760 13.15820
C -19.88220 49.01030 13.12900
C -20.91800 51.95250 13.08240
H -45.00190 55.37650 11.62430
C -43.19540 56.40360 13.23010
C -39.88820 55.80700 13.23070
C -40.82210 58.98330 13.22310
H -41.69770 55.29110 11.62040
H -42.60750 58.24360 11.62140
H -39.43800 57.66780 11.61350
C -43.83850 59.23570 13.21320
H -40.42260 60.66170 11.60810
H -38.51120 54.55090 11.63270
C -33.60260 54.53650 13.21390
C -36.75990 55.17550 13.23970
C -37.66750 58.12500 13.22780
C -34.54200 57.61910 13.22100
H -36.30830 56.90760 11.63140
H -33.18090 56.36670 11.60100
H -37.31580 59.99010 11.61660
H -34.22480 59.36160 11.60330
C -35.55520 60.60290 13.21580
C -32.44980 59.94240 13.20470
C -31.45370 56.97460 13.19850
C -28.38130 56.14860 13.18830
C -26.13420 58.75790 13.24170
C -29.36630 59.29330 13.21330
C -25.14700 55.58890 13.23710
C -21.97750 54.96470 13.15510
C -19.86120 57.32170 13.24330
C -22.98410 57.99740 13.32150
C -20.84100 60.44350 13.31130
C -40.77210 67.23270 13.19250
C -39.74950 64.27860 13.19550
C -41.77990 61.88440 13.19600
C -43.07200 64.94620 13.16650
C -44.92320 62.61690 13.18330
C -38.73450 61.25150 13.21630
C -36.56920 63.62650 13.20540
C -34.53930 66.04350 13.19640
C -37.68240 66.70660 13.20780
C -33.41160 62.94460 13.20100
H -35.15890 62.42750 11.59840
H -38.33340 63.07230 11.59600
C -30.33310 62.29200 13.15110
C -28.20560 64.71210 13.21910
C -27.18440 61.62320 13.18680
C -31.39470 65.31600 13.19810
C -26.12270 67.06140 13.26810
C -22.93360 66.59930 13.23080
C -24.07430 61.09990 13.28420
C -21.92300 63.49090 13.33090
C -25.07750 64.10970 13.17890
C -19.78180 65.91480 13.31620
C -41.82650 70.39090 9.96695
C -43.05290 73.36060 9.95262
C -39.77210 72.71260 9.95729
H -40.44530 69.08070 11.58790
H -43.44630 69.45210 11.57240
H -41.54660 72.22190 11.56800
C -43.76910 68.02400 9.94487
H -44.91480 72.23050 11.56420
C -44.89650 70.99410 9.99816
C -38.71030 69.78300 9.97655
H -38.43630 71.58550 11.56690
C -35.54300 69.06260 9.97957
C -36.66240 72.05130 9.96356
C -33.52260 71.44750 9.97094
H -35.27730 70.91290 11.57900
H -36.28110 73.93000 11.57290
H -33.13890 73.25400 11.58150
H -34.18630 67.85290 11.58350
C -32.43030 68.46430 9.97570
H -32.09240 70.27870 11.57950
C -31.36420 73.77850 9.97363
C -30.30550 70.76960 9.99190
C -27.12580 70.15210 10.07730
C -28.27570 73.30160 9.94536
H -29.98600 72.64440 11.59190
C -29.24130 67.79160 9.98340
H -26.76580 72.08090 11.48920
H -28.92300 69.61650 11.66700
C -24.07900 69.45950 10.05420
C -25.08510 72.65970 9.84728
C -20.80180 68.94070 10.12580
C -21.73880 72.01340 9.95436
H -20.42780 70.80570 11.66070
H -21.45200 73.81760 11.63580
H -22.58200 68.36910 11.73410
H -25.75860 68.94130 11.73920
H -23.63760 71.41670 11.48150
H -39.43540 74.46940 11.56510
C -40.83230 75.63580 9.95152
H -42.59480 75.05080 11.55280
C -43.85590 76.50960 9.95283
C -41.77560 78.92270 9.96348
H -41.42400 80.58440 11.57900
H -43.45770 77.99750 11.57410
H -40.45980 77.47180 11.56320
C -44.97260 79.49140 10.05450
C -38.71040 78.16780 9.96320
C -34.51650 74.52160 9.96586
H -38.29990 79.96300 11.58140
C -37.67440 75.13250 9.96103
C -35.58670 77.50320 9.96528
C -36.57930 80.57240 9.96919
C -33.41910 79.88900 9.97262
H -35.18610 79.31600 11.57430
H -37.31860 76.93800 11.57460
H -34.16000 76.32140 11.57220
C -32.38530 76.88640 9.97357
H -32.00710 78.72930 11.59040
H -31.06280 75.61130 11.58450
C -26.12400 75.65800 9.93989
C -29.32600 76.23580 10.00100
C -30.26750 79.32440 9.94246
C -27.19000 78.64620 9.92437
H -27.86150 75.05880 11.60450
H -28.93140 78.08280 11.53820
H -26.78310 80.44270 11.52500
C -19.68720 74.45690 10.01200
C -23.92160 77.99020 9.88198
C -22.83340 75.02160 9.96753
C -20.70470 77.43340 9.93834
C -21.79820 80.41200 9.82881
H -23.54880 79.83770 11.44030
H -22.46620 76.84170 11.52570
H -25.69600 77.48840 11.48060
H -20.47030 79.23350 11.49790
H -24.67470 74.46160 11.52260
C -39.70020 81.22140 9.97406
C -42.96180 81.71840 9.98465
C -40.68640 84.06520 9.97846
H -39.30450 82.95490 11.58660
C -41.72960 87.24590 9.97508
H -40.33900 85.91370 11.57800
C -43.85180 84.84290 9.99897
C -44.84340 87.80890 9.97418
C -38.59740 86.57480 9.97255
C -37.59450 83.64600 9.97192
C -34.45980 82.90710 9.97349
H -36.19390 82.43450 11.57810
H -33.01510 81.70930 11.58360
C -35.55720 86.06850 9.98211
H -37.28830 85.44260 11.57520
H -34.19620 84.78490 11.58950
C -32.48940 85.49400 9.99745
H -29.84780 81.17230 11.51790
C -31.30480 82.40490 9.98475
C -28.08350 81.75190 9.93027
C -26.10420 84.00770 9.88519
C -29.31540 84.69410 9.93964
C -27.07270 87.00610 9.76966
C -30.36680 87.89920 9.94953
H -27.86960 83.60000 11.57930
C -25.08980 80.90240 9.85524
C -23.89070 86.39680 9.79443
C -22.90390 83.38770 9.84325
C -19.70380 82.86050 9.83057
C -20.71400 85.87040 9.82876
H -25.67090 85.87530 11.42630
H -24.64980 82.80420 11.37800
H -21.48970 82.24650 11.43290
H -22.47630 85.24270 11.45750
H -20.39960 87.72260 11.44690
C -43.05680 89.98670 9.98085
C -39.71670 89.63220 9.98242
H -41.53080 89.00630 11.57560
C -40.74190 92.65840 9.99786
H -42.54050 91.90010 11.58550
C -43.77180 92.94240 9.98898
H -38.37640 88.35640 11.59150
C -36.65210 89.03520 10.00050
C -33.47470 88.39380 10.00440
C -37.63800 92.04540 10.01100
C -34.53840 91.34850 10.01710
C -35.53240 94.34620 10.00990
C -32.46470 93.77310 10.00820
C -28.32370 90.32360 9.85913
C -31.34330 90.79770 10.00900
C -26.07810 92.65880 9.83028
C -29.26680 93.28560 10.01560
C -20.79270 94.30500 9.70022
C -22.89660 91.96650 9.70672
C -25.03350 89.55880 9.70396
C -21.86960 88.89130 9.74115
C -19.68730 91.40510 9.77458
C -40.84710 101.04400 10.01830
C -44.89880 96.30590 9.96374
C -43.09820 98.49910 10.00340
C -39.75380 98.10990 10.01030
C -41.81080 95.75500 10.00160
C -37.59620 100.51400 10.00770
C -36.60360 97.55100 10.00610
C -34.51100 99.86720 10.00020
C -33.48080 96.79210 9.99806
C -38.64200 95.08190 10.01580
C -31.32030 99.21790 9.99403
C -30.31440 96.18460 10.05670
C -26.09430 101.19600 9.90898
C -28.18430 98.64540 9.97643
C -27.13510 95.61070 9.94716
H -27.79750 100.46600 11.55760
C -22.98740 100.44500 9.85041
C -25.07590 98.15830 9.83010
C -21.92630 97.41550 9.70364
C -24.11710 94.99910 9.79315
C -19.74190 99.91910 9.83354
H -21.56870 99.22890 11.31980
H -24.72190 99.88240 11.46040
C -41.78310 70.41570 13.18600
C -43.07000 73.22440 13.16990
C -39.78730 72.69720 13.17540
C -44.87960 70.96300 13.21790
C -43.81740 67.49340 13.16290
C -38.70390 69.79210 13.19600
C -35.52320 69.09370 13.19880
C -36.69110 72.09130 13.18200
C -33.49620 71.50010 13.18860
H -37.32400 68.50990 11.60470
C -32.43690 68.44750 13.19560
C -31.38360 73.84650 13.19270
C -30.36140 70.86360 13.23610
C -27.12770 70.32710 13.20970
C -28.13680 73.20240 13.16400
C -29.33150 67.80050 13.25760
C -24.06380 69.67490 13.22730
C -25.02110 72.60790 13.11780
C -20.82220 68.99760 13.31810
C -21.90500 72.01030 13.20360
C -40.84340 75.62410 13.16870
C -43.85750 76.07500 13.17270
C -41.78320 78.72950 13.18010
C -44.91160 79.29380 13.27430
H -44.86250 80.82070 11.60560
C -38.74660 78.15390 13.18160
C -34.51960 74.50310 13.18520
C -37.67210 75.18780 13.18150
C -33.39370 79.92390 13.19150
C -36.57750 80.60610 13.18710
C -35.61290 77.51920 13.18250
C -32.41820 76.90840 13.19250
C -26.00790 75.63250 13.10630
C -29.31010 76.31080 13.17090
C -30.24280 79.39340 13.13620
C -27.15660 78.61230 13.11790
C -19.65630 74.33640 13.22270
C -23.94320 78.06910 13.09260
C -22.91740 75.04960 13.16520
C -20.74890 77.44510 13.20440
C -21.81830 80.43590 13.07690
C -39.69150 81.16880 13.19050
C -42.97550 81.50180 13.20160
H -42.43240 83.36380 11.59670
C -40.66020 84.07470 13.19580
C -43.84230 84.72820 13.21780
C -41.72920 87.09010 13.19080
H -43.39310 86.28870 11.59610
C -44.87290 87.84660 13.19620
C -38.65720 86.57810 13.19070
C -34.39140 82.87190 13.19270
C -37.60500 83.71620 13.18830
C -35.56710 86.03520 13.19690
H -35.21880 87.84800 11.60640
C -32.50100 85.48530 13.21480
H -32.06020 87.22430 11.61340
C -31.26580 82.34360 13.20350
H -31.08250 84.21850 11.61380
C -25.93860 84.07570 13.04180
C -28.07610 81.78890 13.16260
C -29.27370 84.88680 13.15250
C -27.06650 87.21510 12.93420
C -30.22560 87.83600 13.10870
H -28.90020 86.63410 11.41990
C -25.00170 81.03790 13.02100
C -23.90290 86.47200 13.01430
C -22.94360 83.41860 13.03910
C -19.71400 82.92360 12.96470
C -20.65350 85.87270 13.00390
H -44.90860 89.14680 11.60500
C -43.06450 90.42640 13.19530
C -39.78400 89.57430 13.20030
C -40.75780 92.60740 13.21480
H -39.36170 91.41850 11.60930
C -43.80100 93.48570 13.20630
H -40.37010 94.46410 11.62270
C -33.45620 88.38930 13.22170
C -36.65880 89.02620 13.21910
H -33.09290 90.21530 11.61890
C -37.64560 92.03020 13.22860
C -34.53110 91.38270 13.23370
H -36.28400 90.80990 11.62980
H -37.24390 93.82360 11.62100
H -34.15430 93.17270 11.62650
C -35.47650 94.42790 13.22850
C -32.46540 93.77840 13.22600
H -29.94710 89.66640 11.59090
C -28.02910 90.20090 13.03320
C -31.32260 90.79880 13.22630
H -30.98800 92.63500 11.61850
C -25.98300 92.54010 13.06080
C -29.17700 93.16950 13.18580
H -27.77990 92.05600 11.50560
H -26.81790 89.00600 11.22550
C -20.92430 94.40880 12.91140
C -25.08500 89.55090 12.85970
C -21.85440 88.95180 13.00220
C -19.75510 91.30840 12.97670
C -23.02640 92.07070 12.90010
H -25.73010 94.40100 11.52780
H -24.68250 91.38340 11.30710
H -22.57540 93.81270 11.23410
H -23.61170 88.26220 11.33630
H -21.49820 90.75960 11.35040
H -44.94570 97.64920 11.60070
H -43.46210 94.86710 11.59760
C -41.81860 95.68960 13.22040
C -43.05990 98.59770 13.22010
C -39.77590 98.00690 13.22910
C -40.83870 101.10600 13.23390
H -39.35890 99.88470 11.61980
H -41.54040 97.53560 11.61320
H -42.64890 100.43600 11.62200
C -44.90320 96.54220 13.18100
C -36.60450 97.51530 13.22590
C -38.66180 95.02260 13.23250
H -33.09910 98.60870 11.60850
C -33.46160 96.81350 13.21720
H -36.21370 99.34350 11.61190
C -34.51010 99.86000 13.21690
H -38.32760 96.89230 11.62670
H -35.21040 96.23480 11.60950
C -37.61750 100.52400 13.22600
C -27.03510 95.66630 13.13800
H -29.89800 98.03160 11.61870
C -25.98980 101.05300 13.10350
H -32.05270 95.58960 11.60640
H -28.83950 95.04690 11.64630
C -28.10910 98.64880 13.15840
C -31.34130 99.20010 13.21120
H -26.75580 97.45080 11.47930
C -30.29890 96.23090 13.20870
H -30.98820 101.03800 11.60490
H -23.64040 96.85280 11.27550
C -22.93540 100.41600 12.99370
C -24.90820 97.98150 13.00190
C -19.85600 99.77110 13.03320
C -21.87560 97.37650 12.90980
C -23.89200 95.07570 12.90190
H -20.53420 96.15660 11.28220
C -41.74120 104.11300 10.02670
C -43.01520 107.03400 10.04560
C -39.71180 106.44900 10.03530
C -44.85210 105.09600 9.99634
C -43.91250 102.14200 10.01660
C -38.68510 103.35700 10.01680
C -35.54090 102.95600 10.00460
C -36.55060 105.89400 10.02120
C -33.40300 105.39500 10.00980
C -32.40630 102.31600 9.99584
C -31.37030 107.80400 10.01320
C -30.35420 104.76800 10.02070
C -27.20500 104.20900 10.03950
C -28.10470 107.02700 10.06410
C -29.25600 101.71300 9.98610
H -26.72160 105.90400 11.74450
C -24.05490 103.54700 9.94044
C -25.04180 106.44700 10.06260
C -20.83410 102.76200 9.95511
C -21.93990 105.91400 9.89139
H -21.61810 107.77700 11.45240
H -22.67920 102.27900 11.49170
H -23.59840 105.31700 11.57810
H -20.57540 104.65200 11.45680
H -25.73670 102.93700 11.54950
C -40.71830 109.48900 10.04710
C -43.83350 109.72900 10.04220
C -41.70740 112.53200 10.03210
C -44.83360 113.36500 10.00540
C -38.60560 111.89700 10.04090
C -34.46400 108.42000 10.03290
C -37.58920 108.95000 10.04980
C -35.49120 111.33400 10.04230
C -33.46470 113.85200 10.01090
C -36.57160 114.37500 10.03020
C -32.33690 110.80800 10.01040
C -26.13890 109.54300 9.93808
C -29.22550 110.03800 10.03160
C -27.24700 112.52800 9.97903
C -30.30480 113.09700 9.94393
H -28.92780 111.90000 11.53360
H -26.84570 114.38700 11.59900
C -19.89170 108.25100 9.77645
C -23.98310 112.06500 9.86777
C -23.01690 108.96700 9.85858
C -20.94890 111.31000 9.68270
C -22.04420 114.46900 9.82939
H -22.59850 110.82900 11.44640
H -23.66720 113.76800 11.55340
H -20.50050 113.16600 11.21550
H -24.70460 108.39800 11.51440
H -25.74160 111.39100 11.49800
C -39.74580 114.85400 10.02500
C -43.00490 115.43500 10.01540
C -40.80950 117.88100 10.01530
C -43.92950 118.06400 9.99937
C -41.82490 121.09500 10.01070
C -44.88950 122.00000 9.97757
C -38.71380 120.26800 10.02320
C -34.51130 116.88700 10.00500
C -37.64580 117.32900 10.02330
C -35.60020 119.83200 10.01670
C -32.45130 119.19800 9.98697
H -29.91670 114.96100 11.58010
H -32.14920 121.05300 11.58850
C -31.35760 116.18900 9.98646
H -31.08780 118.00200 11.59200
C -26.08500 117.97300 9.93275
C -28.22010 115.60500 9.93059
C -29.40530 118.55500 9.91340
C -27.15030 121.10400 9.87657
H -27.91600 117.45300 11.54720
H -28.92650 120.46400 11.44230
C -30.44490 121.75700 9.96605
C -25.10090 114.93300 9.97904
H -25.80140 119.85300 11.50830
C -24.06610 120.47400 9.89328
C -23.01400 117.41100 9.85511
C -19.83020 116.86300 9.80451
C -20.83480 119.81000 9.86110
H -22.60760 119.24400 11.44250
H -24.67140 116.81000 11.57290
H -20.44710 121.63400 11.50470
H -21.55740 116.25500 11.44300
C -43.04530 124.06300 10.01370
C -39.79480 123.51000 10.01230
C -40.83420 126.38200 10.00640
C -43.86150 127.35400 9.99675
C -36.71660 122.78500 10.02300
C -37.71350 125.88000 10.01250
C -33.53830 122.31700 9.99705
C -34.59680 125.26200 10.00420
C -35.64890 128.30600 9.99645
C -32.45000 127.73500 9.98475
C -31.47970 124.66200 9.97975
H -31.06120 126.48000 11.58800
C -28.27630 124.16100 9.92808
C -26.11780 126.48400 9.88679
H -30.01880 123.54700 11.57460
C -29.30970 127.15900 9.93101
H -26.86130 122.90100 11.58120
H -27.90060 125.93000 11.53280
C -20.78440 128.29900 9.72330
C -25.09490 123.44800 9.92757
C -21.81900 122.90400 9.85962
C -19.77660 125.27100 9.79298
C -23.02080 125.88800 9.86941
H -22.58740 127.70500 11.38430
H -24.70190 125.29000 11.55230
H -23.59910 122.29300 11.46550
H -21.47950 124.71000 11.44820
H -25.76220 128.35700 11.36020
C -44.93700 130.35600 9.96322
H -43.49780 128.83300 11.58300
H -41.63390 131.34000 11.57180
H -39.48970 133.72100 11.59400
C -41.81190 129.48400 9.97820
C -43.06120 132.56300 9.94994
C -39.89100 132.00900 9.97858
C -40.82180 134.99500 9.97389
H -42.61380 134.35800 11.56530
H -44.91010 131.71700 11.53710
C -38.74870 128.92400 9.99766
H -36.34200 133.18300 11.59480
C -36.72520 131.41400 9.98717
C -37.73550 134.40500 9.98767
H -33.18140 132.58900 11.58200
C -34.59450 133.77000 9.97667
C -33.53960 130.77000 9.98171
C -30.52520 130.14900 9.90144
H -31.10470 134.88200 11.59400
C -31.43210 133.10100 9.97759
C -28.33990 132.55200 9.82918
C -27.38080 129.54400 9.86239
H -32.17110 129.55200 11.59390
H -30.00040 131.87400 11.53780
C -26.29410 135.06100 9.65247
H -26.85300 131.37900 11.36800
H -29.06650 128.94100 11.54310
H -27.99330 134.41100 11.34500
H -20.44290 130.15000 11.32710
C -19.85380 133.73800 9.67522
C -21.88800 131.39200 9.75942
C -24.00540 128.98000 9.76774
C -25.12430 131.93300 9.71274
H -24.83610 133.83600 11.29130
H -23.65020 130.80900 11.34770
H -21.58190 133.23000 11.35190
C -23.04230 134.31800 9.64963
C -41.78340 104.01900 13.24470
C -43.01730 107.03000 13.26460
C -39.69720 106.42900 13.25070
H -43.44900 103.42600 11.62780
H -40.42290 102.82200 11.63350
H -41.45770 105.83400 11.64600
H -44.86020 106.24300 11.66040
C -44.89550 104.61700 13.21590
C -43.85510 101.53600 13.23470
C -38.68780 103.38500 13.23490
H -38.28660 105.21900 11.62630
C -35.52180 102.88500 13.22080
C -36.53880 105.89500 13.23960
H -35.13380 104.72900 11.61620
C -33.38310 105.34900 13.22660
H -33.06450 107.18800 11.63480
H -37.23110 102.28400 11.61970
H -36.18700 107.70500 11.64930
H -34.10540 101.67500 11.60280
C -32.31570 102.26300 13.21210
H -32.06230 104.11800 11.60390
C -31.27740 107.77800 13.23020
C -30.22710 104.80000 13.17050
C -27.10110 104.02600 13.23020
H -29.92810 106.60700 11.54000
C -28.19320 107.11600 13.21250
C -29.16440 101.64400 13.18240
H -28.92770 103.54300 11.60220
C -23.97790 103.53700 13.13250
C -24.93530 106.60900 13.18350
C -20.93000 102.82700 13.08950
C -21.81180 105.99200 13.10610
H -39.33480 108.28300 11.65780
C -40.75760 109.46800 13.26240
H -42.55360 108.85000 11.65700
C -43.88020 109.88700 13.26120
H -43.39940 111.85800 11.64030
C -41.72060 112.56800 13.25150
H -40.32260 111.25900 11.64920
H -41.49630 114.33700 11.63550
C -44.84690 113.11700 13.22590
H -44.84590 114.65300 11.61570
C -38.58250 111.89800 13.25950
C -34.47140 108.39900 13.24910
H -38.32890 113.71800 11.63800
C -37.62240 108.94400 13.26520
C -35.47640 111.32800 13.25970
H -37.21220 110.75200 11.66350
H -34.05380 110.18200 11.63780
C -36.58210 114.41200 13.24650
C -33.39150 113.81500 13.22660
H -35.18880 113.17300 11.64870
C -32.33390 110.84600 13.22900
H -32.01560 112.63000 11.60790
H -31.00940 109.58500 11.61400
C -26.08590 109.56700 13.15340
C -29.21290 110.10500 13.10970
C -27.21380 112.53400 13.11030
C -30.17660 113.10600 13.18830
H -27.78970 108.89000 11.59960
C -19.79220 108.42400 12.95650
C -23.99470 111.92500 13.13320
C -22.95920 109.02700 13.05130
C -20.75320 111.37900 12.91410
C -21.76630 114.37400 12.95230
C -39.77960 114.87500 13.24250
C -42.99480 115.77800 13.23120
H -42.58110 117.23300 11.61900
C -40.80450 117.91000 13.23230
H -39.40450 116.71600 11.62860
C -43.93040 118.59400 13.21750
C -41.86250 121.02600 13.22730
H -43.48960 120.17700 11.61020
H -40.47160 119.73400 11.62590
C -44.89590 121.75500 13.19930
C -38.72240 120.29300 13.24200
C -37.63950 117.33000 13.23920
C -34.50310 116.89500 13.21980
H -36.26010 116.17100 11.62830
H -33.11270 115.63300 11.60040
C -35.57870 119.86800 13.23160
H -34.16620 118.68100 11.60760
H -37.29560 119.12100 11.63760
H -35.23950 121.59300 11.62710
C -32.44240 119.32200 13.20360
C -31.40910 116.11800 13.20440
C -28.19200 115.64000 13.20410
C -26.13890 118.02900 13.14230
C -29.36560 118.68900 13.13780
C -27.20700 121.05300 13.16420
C -30.35110 121.66200 13.06540
C -25.03380 114.99400 13.18600
C -23.99970 120.50800 13.06220
C -22.87730 117.46000 13.11940
C -19.73870 116.76000 13.02860
C -20.78940 119.78500 13.07750
H -44.90170 123.06900 11.62430
C -43.03210 124.03400 13.23010
C -39.80940 123.54200 13.23070
C -40.84510 126.39500 13.22310
H -41.56490 122.84600 11.62040
H -42.61920 125.80300 11.62140
H -39.44320 125.21700 11.61350
C -43.83490 126.84100 13.21320
H -40.47140 128.24000 11.60810
H -38.40720 122.17200 11.63270
C -36.69300 122.75200 13.23970
C -37.73850 125.89300 13.22780
C -33.50230 122.31500 13.21390
C -34.60540 125.24700 13.22100
H -36.31940 124.62200 11.63140
H -33.18140 124.06900 11.60100
H -37.35440 127.71900 11.61660
C -35.60620 128.29600 13.21580
H -34.19190 127.10000 11.60330
C -32.42380 127.67500 13.20470
C -31.39610 124.65700 13.19850
C -28.24090 124.18100 13.20530
C -26.03400 126.53600 13.06650
C -29.30710 127.16300 13.17690
C -24.98220 123.45400 13.10730
C -21.81610 122.88400 13.05820
C -19.68420 125.30700 13.01640
C -22.91570 125.95700 13.05230
C -20.77490 128.34400 13.00030
C -43.08200 132.50600 13.16650
C -44.94140 130.19000 13.18330
C -40.79530 134.91700 13.19250
C -41.77010 129.66300 13.19600
C -39.93420 132.01700 13.19550
C -34.58720 133.74300 13.19640
C -38.76280 128.93400 13.21630
H -35.32820 130.10300 11.59840
H -38.44990 130.81400 11.59600
C -33.54760 130.77400 13.20100
C -36.72060 131.35300 13.20540
C -37.75430 134.37100 13.20780
C -30.40680 130.14700 13.20990
C -31.42010 133.06600 13.19810
C -28.18540 132.69600 13.00510
C -27.17920 129.55400 13.00610
C -26.19860 135.12800 12.89500
C -25.09680 132.01400 12.95390
C -21.84530 131.40300 12.96830
C -19.75510 133.76500 12.92620
C -23.93280 128.97700 12.99630
C -23.03570 134.49700 12.85390
C -17.63400 0.56172 9.70937
C -15.63970 3.02608 9.58183
C -16.69940 6.14060 9.71991
C -13.48740 5.50384 9.65981
C -18.79510 3.58437 9.70421
C -14.59490 -0.17830 9.64980
H -15.25970 4.81280 11.18370
H -17.34340 2.45184 11.29000
H -14.21640 1.73914 11.10650
H -18.36820 5.39889 11.32200
H -19.42530 -0.05965 11.30010
C -12.43990 2.37145 9.52500
C -9.32121 1.75561 9.45682
C -10.33730 4.72763 9.51355
C -7.28466 4.18944 9.50632
H -7.88437 0.54468 11.01600
H -6.80285 5.97337 11.10430
H -8.99518 3.51702 11.10770
H -12.09220 4.14713 11.13610
H -11.01690 1.13358 11.10100
C -6.17399 1.11595 9.39271
C -3.00048 0.59815 9.25485
C -4.11130 3.54972 9.39575
C -0.94610 3.00434 9.13344
C -2.03015 5.93594 9.34637
H -5.83411 2.90476 10.97750
H -3.72732 5.35152 11.01460
H -2.56790 2.37981 10.92790
H -0.51567 4.74252 10.84650
H -4.67185 -0.08060 10.96870
C 0.24480 -0.04316 9.06004
C 2.27973 2.47959 9.05894
C 1.13855 5.37114 9.21686
C 5.54922 1.96290 9.05539
C 4.47950 4.83840 9.18699
H 5.84924 3.62139 10.82780
H 2.67401 4.24605 10.68100
H 3.73553 1.15751 10.51990
H 0.54120 1.77077 10.64730
C -18.67380 12.05590 10.01960
C -17.67960 9.11905 9.94761
C -15.64370 11.49450 9.94391
C -14.56880 8.42639 9.78751
H -13.10950 7.23285 11.38110
H -14.20690 10.23770 11.42110
H -17.33690 10.81120 11.62950
H -16.27490 7.82275 11.44140
H -19.46350 8.41659 11.48080
C -12.49260 10.73770 9.78793
C -11.38750 7.82027 9.68519
C -8.25267 7.18469 9.52181
C -9.32202 10.15860 9.62824
C -7.26913 12.56050 9.59382
H -9.98304 6.53364 11.11780
H -7.83804 8.95853 11.15010
H -8.94526 11.97710 11.24740
H -11.00070 9.59562 11.35560
H -12.13300 12.61580 11.38960
C -6.19890 9.59586 9.46433
C -5.10155 6.57715 9.43284
C -2.91237 9.02939 9.34458
C -4.10875 12.05490 9.45925
C -0.95312 11.45850 9.30862
H -1.57870 7.77520 10.96360
H -2.61995 10.82180 11.01160
H -4.68221 8.44226 10.98140
H -5.79359 11.34870 11.10280
C 0.16812 8.38814 9.31541
C 3.40514 7.77829 9.19946
C 6.54556 7.21328 9.32032
C 5.51443 10.23320 9.26564
C 2.23807 10.93730 9.25711
H 1.63667 7.20176 10.76530
H 2.61899 12.70300 10.89880
H 3.66799 9.61321 10.75760
H 4.76225 6.59815 10.83460
H 0.54387 10.25750 10.84880
H 5.82066 11.97450 10.90990
H -15.23690 13.25190 11.57430
C -16.69210 14.50440 10.03410
C -13.56440 13.93160 9.92707
C -17.53850 17.43990 10.03740
C -14.53970 16.90020 10.06100
H -18.40120 13.87460 11.64430
C -15.42910 19.98750 10.05240
C -10.40360 13.18570 9.72066
C -12.45680 19.40570 10.09370
C -11.46610 16.21940 10.03910
C -8.26899 15.72430 9.62859
C -9.35510 18.75270 9.89205
H -9.91206 15.00150 11.32070
H -6.83002 14.42770 11.15720
H -0.57691 13.23490 10.94470
C -6.07537 18.17530 9.69458
C -5.12478 15.10100 9.56732
C -1.98418 14.52310 9.45777
C -2.95906 17.48760 9.64734
H -3.65140 13.81260 11.05350
H -1.58823 16.21870 11.23820
H -4.70907 16.86310 11.22950
H -2.61053 19.33650 11.17840
C -0.96310 19.96510 9.69486
C 0.12251 16.97250 9.63271
C 4.45012 13.25520 9.38216
C 6.46951 15.66320 9.43164
C 3.32439 16.21370 9.46414
C 1.15351 13.96890 9.38389
C 2.25976 19.30580 9.66559
C 5.47422 18.58900 9.54738
H 1.57943 15.69230 11.11290
H 4.76787 15.03070 11.02060
H 3.71935 17.96780 11.13810
H 0.52996 18.71300 11.25800
C -17.55030 26.02640 10.16860
C -16.58810 23.12580 10.15170
C -13.39670 22.37360 10.18390
C -14.51200 25.38300 10.32600
C -18.63020 20.60560 9.94129
C -10.35160 21.78490 10.10660
C -7.16992 21.22690 9.90369
C -11.25400 24.90600 10.34030
C -8.25420 24.26980 10.12850
C -6.16146 26.55650 10.14890
C -5.16688 23.62640 9.92508
C -1.82440 22.99870 9.85447
C -2.98923 25.98720 10.04920
C -4.06994 20.62560 9.73912
H -0.48689 21.67140 11.39770
C 0.23311 25.42770 9.89455
C 6.61911 24.12970 9.79667
C 3.46284 24.78840 9.80181
C 1.24804 22.23670 9.74228
C 4.47335 21.66720 9.66994
H 2.75526 21.03920 11.31700
H 5.85790 20.37230 11.20850
H 4.84924 23.43870 11.33880
H 1.64411 24.05280 11.30690
C -16.47750 31.40880 10.33200
C -15.50020 28.41790 10.40420
C -13.42440 30.71100 10.46810
C -18.68440 28.88130 10.20850
C -11.37370 33.13520 10.45000
C -10.33110 30.20720 10.39890
C -8.28627 32.54850 10.27010
C -12.31280 27.80190 10.48340
C -9.28138 27.23280 10.32500
C -7.23000 29.55040 10.19470
C -5.04088 31.99440 10.18170
C -1.88307 31.41490 10.12770
C -0.91194 28.29110 10.06500
C -3.98858 28.89560 10.09850
C 3.36749 33.18520 9.94196
C 6.47521 32.49650 9.86640
C 4.43468 30.09940 9.98710
C 1.20897 30.63200 9.96294
C 5.55667 27.07700 9.99390
C 2.40475 27.72570 10.00880
C -17.68110 0.63332 12.91310
C -15.46940 2.99633 12.78750
C -16.57630 5.89023 12.91660
C -13.47550 5.31735 12.80800
C -18.85980 3.55442 12.87390
C -14.54370 0.02845 12.86800
C -12.37740 2.34988 12.67830
C -9.22699 1.73708 12.66950
C -10.35630 4.70866 12.71390
C -7.16676 4.09201 12.62680
C -6.08552 1.09462 12.61050
C -2.82828 0.47048 12.48030
C -4.04552 3.46779 12.56340
C -0.66897 2.94361 12.46050
C -1.84625 5.88463 12.52190
C 0.23643 -0.01788 12.32010
C 2.35832 2.37579 12.13720
C 1.33451 5.37120 12.34520
C 5.42226 1.67283 12.26930
C 4.41017 4.75666 12.36990
C -17.67160 8.91741 13.12800
C -15.51140 11.41810 13.13920
C -14.54680 8.40468 13.03220
C -18.74810 12.02180 13.23210
C -12.37520 10.75470 12.99180
C -11.20170 7.75460 12.89200
C -8.24398 7.18773 12.71360
C -9.13557 10.14170 12.85290
C -7.13820 12.57460 12.76860
C -10.35150 13.13040 12.89830
C -5.00696 6.68633 12.63350
C -6.08519 9.51283 12.72060
C -2.96037 8.96073 12.62980
C -0.77470 11.34390 12.53670
C -4.00119 12.04520 12.63430
C 0.30889 8.40369 12.41800
C 3.36461 7.78426 12.38440
C 6.45715 7.15851 12.47930
C 2.37535 10.81620 12.42050
C 5.34638 10.11900 12.45760
C 4.43708 13.12290 12.50170
C -16.62820 14.39390 13.21060
C -13.45520 13.75990 13.14210
C -17.70860 17.50790 13.20050
C -14.53850 16.88050 13.32420
C -15.58060 19.82400 13.22120
H -14.13130 18.66920 11.67440
H -13.20730 15.64830 11.67510
H -17.29890 19.29000 11.54300
H -16.26100 16.26880 11.69960
H -19.42680 16.86710 11.56820
C -12.40440 19.15100 13.31860
C -8.12906 15.61380 12.90680
C -11.25770 16.15020 13.07970
C -9.12878 18.59880 13.11760
H -10.99420 18.08720 11.61210
H -7.82504 17.48100 11.28900
C -6.02023 18.03650 12.91970
C -1.91138 14.28500 12.71210
C -5.00097 14.96460 12.71570
C -2.94236 17.48790 12.78530
H -5.75072 19.88740 11.33390
C -0.93139 19.80920 12.91640
C 6.53513 15.60020 12.64780
C 0.20264 16.74980 12.77540
C 1.16924 13.78640 12.56210
C 3.39340 16.15120 12.72260
C 2.37227 19.17480 12.83120
C 5.53715 18.51320 12.74850
C -13.52150 22.26990 13.42690
C -16.66390 22.89660 13.36580
C -17.82850 25.91190 13.38010
C -14.54430 25.28240 13.53170
C -18.74520 20.47530 13.13020
H -13.05890 24.13120 11.87560
H -16.29310 24.80820 11.87140
H -19.41680 25.39060 11.59280
H -18.32150 22.36240 11.62820
H -15.22460 21.78870 11.70140
C -7.08435 21.03200 13.04640
C -11.23830 24.59730 13.54100
C -8.07924 24.06500 13.33000
C -10.17330 21.59760 13.32900
H -12.03810 21.10150 11.81500
H -8.84571 20.46180 11.55260
H -7.84908 25.99270 11.85550
H -10.93860 26.60680 12.14630
H -6.80686 22.93840 11.55010
H -9.89237 23.47310 11.78920
C -5.96548 26.50880 13.32290
C -3.91374 20.46680 12.86180
C -1.89534 22.80240 13.02730
C -5.02328 23.46890 13.09820
C -2.90159 25.85720 13.26200
H -4.68337 25.30450 11.63560
H -1.49186 24.75220 11.57310
H -3.62840 22.38930 11.34160
C 6.58076 24.02730 13.02370
C 0.40610 25.18980 13.10750
C 4.54321 21.57250 12.90920
C 3.39731 24.54140 13.00830
C 1.30026 22.18180 12.94760
H 3.77320 26.45860 11.59970
C -18.77690 28.86960 13.46380
C -13.46360 30.72660 13.68190
C -16.73030 31.45080 13.55890
C -15.67840 28.33190 13.55740
H -13.12660 32.57800 12.07670
H -15.20850 30.19430 12.05230
H -16.23570 33.22480 11.91090
H -14.16440 27.14460 11.99480
H -17.33940 27.73810 11.87170
H -18.31070 30.71980 11.85380
C -9.11428 27.22230 13.61730
C -8.03257 32.53770 13.50960
C -11.32160 33.16830 13.60190
C -10.14850 30.12730 13.61270
C -12.47130 27.81450 13.68620
C -6.99173 29.51820 13.37830
H -12.00560 29.61690 12.08340
H -6.76146 31.38110 11.79670
H -8.87664 29.00270 11.92650
H -9.89368 31.97130 12.03380
C -4.99654 31.94670 13.36320
C -0.72767 28.29650 13.28170
C -1.86737 31.35950 13.31230
C -3.90700 28.89970 13.34120
H -5.69107 28.35420 11.71840
H -3.60281 30.74350 11.74010
H -0.47727 30.12850 11.66630
H -2.57095 27.72890 11.73010
H -1.53054 33.18690 11.76550
H 2.71563 29.51060 11.59790
H 1.61626 32.52390 11.51930
H 5.88756 28.89410 11.58580
C 5.51794 27.11490 13.17460
C 6.56342 32.62190 13.05310
C 4.48283 30.10950 13.17390
C 1.32699 30.72710 13.19300
C 3.39240 33.11800 13.16900
C 2.39455 27.71310 13.18170
H 4.74570 31.94230 11.55760
H 0.60720 27.14800 11.60430
C -17.64590 34.36630 10.25600
C -15.64110 36.79080 10.26970
C -16.70870 39.79980 10.26910
C -13.51730 39.25840 10.31020
C -18.77510 37.43210 10.29840
C -14.43250 33.76700 10.36520
C -12.43150 36.25420 10.36120
C -9.26410 35.63210 10.33500
C -10.37020 38.58390 10.34910
C -7.31507 38.06070 10.24100
C -6.14545 34.98940 10.19240
C -3.01381 34.29470 10.13460
C -4.02805 37.49150 10.08530
C -0.94003 36.84710 10.03630
C -1.91726 39.92080 10.06160
C 0.12378 33.79510 10.04440
C 2.22500 36.24380 9.91787
C 1.17391 39.22900 9.97450
C 5.33671 35.51850 9.81875
C 4.31072 38.66730 9.87583
C -17.76420 42.72810 10.24290
C -14.61820 42.28740 10.20950
C -15.59940 45.28360 10.14930
C -18.85450 45.74440 10.01820
C -12.43560 44.70910 10.17360
C -11.37710 41.68030 10.27630
C -8.34273 41.12130 10.20780
C -9.24362 44.11260 10.18390
C -7.29463 46.49160 10.10110
C -5.17828 40.49890 10.14720
C -6.19870 43.50710 10.08010
C -2.96059 42.88690 10.05210
C -4.06974 45.91650 9.94005
C -0.83207 45.36160 9.88631
C 0.11318 42.21100 10.00380
C 3.28274 41.67600 9.95827
C 6.42275 41.10580 9.82810
C 5.46122 44.14660 9.87989
C 2.33124 44.72950 9.89506
C -16.63340 48.26690 10.04580
C -13.44990 47.73830 10.10820
C -17.74830 51.32520 9.91713
C -14.54450 50.63240 10.04560
C -15.55450 53.65530 9.94651
H -17.38740 53.18580 11.48310
H -19.50040 50.73070 11.45120
C -10.38580 47.10020 10.14050
C -12.47180 53.11750 10.05600
C -8.25354 49.56170 10.02390
C -11.36530 50.06960 10.14000
C -9.41462 52.49970 9.96137
C -6.13245 51.91100 9.78185
C -5.13041 48.85560 9.84142
C -1.95010 48.18390 9.86155
C -2.90684 51.29600 9.78392
C -0.74783 53.71310 9.85304
C 4.43321 47.19740 9.94196
C 0.25441 50.71500 9.87155
C 5.52430 52.63270 10.05940
C 2.41317 53.20400 9.98305
C 1.32644 47.67800 9.92555
C 3.47564 50.19400 9.95354
C 6.64566 49.64320 10.03400
H -19.38490 59.22910 11.70220
C -14.49900 59.24260 9.91854
C -17.72820 59.84760 9.98914
C -13.56750 56.24240 9.92713
C -16.65880 56.82170 9.92031
C -18.80860 54.36080 9.92095
H -16.28790 58.67260 11.50600
H -15.32080 55.58970 11.47700
H -13.13490 58.03260 11.50290
H -18.47350 56.19300 11.53110
C -7.22556 55.07930 9.83254
C -8.17282 58.04710 9.84798
C -11.35110 58.66220 9.93855
C -10.48300 55.65310 9.94627
H -12.20610 54.97990 11.61690
H -9.91717 57.46730 11.47830
H -7.85917 59.85350 11.47900
H -6.80798 56.84840 11.46360
H -10.98110 60.47200 11.53980
C -6.12356 60.43460 9.85018
C -2.93662 59.87580 9.82100
C -1.79578 56.71600 9.77613
C -5.07967 57.38000 9.81245
C -4.00716 54.35580 9.73785
H -1.50403 58.60280 11.34810
H -4.73289 59.24490 11.46470
C 6.62535 58.14090 10.20360
C 3.48044 58.66830 10.03280
C 4.58169 55.63160 10.01790
C 1.34484 56.15760 9.90053
C 0.31109 59.22670 9.80979
H 1.63760 57.98580 11.53230
H -13.09910 66.52770 11.44390
H -16.27110 67.10640 11.63130
C -15.55920 62.27830 10.00130
C -13.44740 64.70420 9.88844
C -16.68240 65.25480 10.02680
C -18.73790 62.91830 10.05450
H -18.33980 64.68300 11.72720
H -15.16730 64.10340 11.55250
H -17.31920 61.65760 11.61520
H -14.10230 61.04580 11.49710
H -8.88871 62.88880 11.47000
C -12.36550 61.65220 9.90240
C -11.39030 67.18260 9.87662
C -9.24752 61.05680 9.89274
H -6.79189 65.31370 11.39470
C -10.26020 64.10370 9.86359
C -7.18196 63.46690 9.79942
C -8.20659 66.71160 9.88217
H -9.92479 65.96060 11.44580
H -12.02580 63.56210 11.48310
H -0.47026 64.08770 11.53500
H -1.51466 67.09190 11.55540
C -0.78393 62.33830 9.83910
C -1.81277 65.25790 9.93000
C -4.03083 62.86670 9.86820
C -4.90890 65.88600 9.90350
H -5.77217 62.27990 11.43080
H -3.57708 64.62810 11.54820
H -2.51812 61.69120 11.43260
C 4.48848 63.95480 10.02600
C 1.27142 64.66410 9.91084
C 5.64491 61.06050 10.16440
C 2.47973 61.57900 9.91319
C 3.43502 67.12540 9.92251
H 1.65691 66.48540 11.48790
C 6.63331 66.50120 9.95239
H 0.59340 61.02750 11.36540
H 2.62821 63.45040 11.53440
H 4.82880 65.90330 11.56940
C -17.74040 34.40280 13.49660
C -15.67900 36.85180 13.50240
C -16.71820 39.82200 13.50730
C -13.59650 39.33340 13.51020
C -18.80220 37.47260 13.48140
C -14.52280 33.83000 13.58070
H -14.22280 35.64420 11.90950
H -17.39230 36.21340 11.86560
H -18.45450 39.27840 11.87910
H -15.28190 38.63920 11.88760
H -19.44710 33.79860 11.94500
C -12.51450 36.27590 13.53160
C -9.18421 35.52520 13.54080
C -10.34320 38.66260 13.53760
C -7.09706 38.07450 13.48490
H -12.15630 38.07890 11.96640
H -7.87022 34.35720 11.84490
H -6.89244 39.92620 11.82440
H -8.95073 37.43680 11.99400
H -11.00800 35.02480 11.98610
C -6.10400 35.04240 13.42990
C -2.88259 34.42620 13.33900
C -3.93903 37.45210 13.30700
C -0.85934 36.77920 13.26540
C -1.85605 39.82580 13.33300
H -5.78798 36.86120 11.76830
H -0.54576 38.62880 11.66040
H -2.63156 36.19650 11.63920
H -3.67625 39.31850 11.71860
H -4.71280 33.82500 11.82010
C 0.31097 33.83060 13.20320
C 2.29400 36.28160 13.17250
C 1.29806 39.26660 13.20990
C 5.52454 35.56610 13.06540
C 4.40819 38.62200 13.09950
H 2.63635 38.04920 11.51950
H 5.79933 37.38590 11.43050
H 3.62055 34.99960 11.53690
H 0.54696 35.63160 11.57060
C -18.85020 45.90810 13.26390
C -17.76260 42.90180 13.42200
C -14.52410 42.39090 13.47520
C -15.60130 45.35710 13.33010
H -14.18030 44.10370 11.78700
H -13.16890 41.11250 11.85840
H -19.55750 42.24290 11.85500
H -16.30050 41.64660 11.89180
H -17.35800 44.71080 11.69590
C -12.41670 44.85320 13.36880
C -11.36070 41.73300 13.40890
C -8.25238 41.16140 13.44100
C -9.24624 44.18550 13.43730
C -7.09245 46.65940 13.27040
H -10.01040 40.43890 11.85970
H -8.95408 45.97540 11.80800
H -7.89090 42.92030 11.78050
H -11.03800 43.54930 11.79700
H -12.13930 46.56510 11.75480
C -6.10455 43.57970 13.32950
C -5.03234 40.52460 13.35760
C -2.92311 43.06370 13.24440
C -3.94114 45.95650 13.10880
C -0.81996 45.29140 13.12740
H -1.54043 41.69840 11.74170
H -4.73530 42.37590 11.72890
H -2.55055 44.78520 11.48470
H -5.79481 45.35950 11.64580
C 0.30418 42.36890 13.20610
C 3.42595 41.75220 13.08940
C 2.34834 44.58020 13.08030
C 5.49579 43.96550 13.08300
H 5.74068 45.87670 11.57720
H 4.71544 40.43230 11.49810
H 1.57089 41.05250 11.61670
H 3.71585 43.47910 11.44960
H 0.57449 44.12620 11.47910
H 2.69156 46.48610 11.54190
C 6.56185 41.04820 13.02170
C -16.71920 48.31160 13.18840
C -13.56220 47.72180 13.36540
C -17.74060 51.47100 13.08980
C -14.67110 50.73280 13.25630
H -15.19830 47.13430 11.68910
C -15.64440 53.84320 13.12370
H -18.46260 47.67860 11.55510
H -16.37460 50.13350 11.58240
H -13.16000 49.55370 11.74920
H -14.23390 52.51060 11.62460
C -10.41660 47.21000 13.34720
C -12.49010 53.19040 13.24680
C -8.20353 49.65210 13.17690
C -11.34180 50.22790 13.30420
C -9.27705 52.71170 13.17030
H -7.86188 51.48270 11.52680
H -9.99881 48.94980 11.64260
H -11.04620 51.97080 11.68990
H -6.81227 48.40560 11.58870
C -5.94761 52.02060 13.00480
C -4.95717 49.06140 13.06480
C -1.95641 48.37540 13.08750
C -2.93933 51.31510 12.95830
H -0.45592 47.17440 11.54700
H -2.59595 53.16970 11.40760
H -4.70009 50.78010 11.35210
H -5.81466 53.84030 11.31260
H -1.55893 50.07920 11.39660
H -3.70013 47.73730 11.47600
C -0.81459 53.72260 13.05930
C 0.15003 50.68460 13.10330
C 4.35972 47.13330 13.20910
C 6.61807 49.52390 13.22130
C 3.39443 50.19920 13.20200
C 1.28996 47.67070 13.16090
C 2.33712 53.20670 13.18910
C 5.48892 52.61740 13.31050
H 4.84662 48.97050 11.60220
H 0.60364 52.52810 11.56310
H 1.68466 49.51390 11.53940
H 3.79559 52.01420 11.62690
C -18.79840 54.34930 13.09160
C -14.48880 59.29320 13.11110
C -17.55100 59.87600 13.25060
C -13.59660 56.29080 13.12860
C -16.70230 56.82890 13.08950
C -10.35570 55.63900 13.06020
C -11.40710 58.65100 13.10370
C -8.19191 58.03750 13.09170
C -7.21481 54.98080 12.96460
H -8.98605 54.41520 11.40240
C -6.10593 60.51230 13.08110
C -4.03194 54.35370 12.96240
C -5.01462 57.34750 13.00430
C -1.88125 56.81250 13.02780
C -2.85749 59.81840 12.97270
H -0.45077 55.56400 11.45100
H -3.59036 56.19040 11.35670
C 0.19219 59.21330 12.99380
C 4.44459 55.54990 13.23360
C 1.19513 56.15090 13.14010
C 3.32948 58.61360 13.21710
C 6.50205 58.04090 13.38970
H 2.71271 55.04950 11.57000
H 5.92061 54.42410 11.67990
H 4.84047 57.42800 11.70100
H 3.76757 60.43050 11.63680
C -13.39020 64.78730 13.13170
C -15.48220 62.30850 13.11540
C -18.65250 62.85260 13.29230
C -16.55960 65.27190 13.24920
C -10.18830 64.09990 13.06610
C -9.21003 61.08180 13.09180
C -12.38280 61.71020 13.07740
C -7.11782 63.56740 13.03450
C -11.33290 67.06700 13.07410
C -8.14678 66.47850 13.06690
C -5.02805 65.85520 13.08270
C -4.10641 62.73810 13.08280
C -1.87626 65.34530 13.16510
C -0.76704 62.24410 13.09950
C 6.56076 66.46220 13.22340
C 1.22059 64.69280 13.13660
C 3.38883 67.02200 13.13760
C 4.32665 64.05410 13.15810
C 5.41656 61.06990 13.31870
H 5.88510 62.87160 11.71150
C 2.25731 61.58370 13.11540
C -17.69880 68.34670 10.06510
C -15.60490 70.77330 9.92515
C -16.53690 73.81100 9.99454
C -13.32340 73.22480 9.97194
C -18.69420 71.28020 9.97930
C -14.60070 67.68770 9.89899
H -15.12130 72.57570 11.50300
H -18.30900 73.14760 11.56240
H -14.16550 69.53060 11.47590
H -17.27320 70.14740 11.65060
H -19.37780 67.72810 11.75880
C -12.36330 70.06410 9.92736
C -9.13774 69.68610 10.03510
C -10.20100 72.59520 10.09110
C -7.10181 72.01430 10.09690
H -6.73650 73.81550 11.76010
H -7.74728 68.41100 11.63580
H -11.97850 71.94230 11.58020
H -8.81957 71.40440 11.72880
H -10.91790 68.95320 11.55040
C -5.98427 69.01160 10.00820
C -2.83671 68.36290 9.98435
C -4.02195 71.33620 10.09210
C -0.88953 70.67670 9.95735
C -1.83287 73.81700 10.09940
H -3.59357 73.16310 11.65310
H -4.67034 67.72820 11.56410
H -5.72932 70.79070 11.68940
H -2.54599 70.12450 11.65450
H -0.40934 72.45640 11.59550
C 0.25481 67.66620 9.92369
C 2.36778 70.22260 10.04650
C 1.38960 73.21770 10.08350
C 5.60239 69.45790 9.95963
C 4.45789 72.52150 10.07660
H 0.59570 69.48630 11.56560
H 2.75825 71.93890 11.76210
H 3.79641 68.90600 11.53360
C -18.61950 79.78800 9.98501
C -17.62530 76.76370 10.05290
C -15.49820 79.17910 9.95711
C -14.45110 76.27890 9.98939
H -13.10400 75.04420 11.57150
H -16.12710 75.58880 11.65130
H -14.07270 78.05980 11.61340
H -17.20600 78.57590 11.65800
H -19.34700 76.21330 11.66420
C -12.31740 78.59700 9.93917
C -11.29530 75.64840 10.04160
C -8.17376 75.12190 10.17460
C -9.08189 78.04470 10.12120
C -7.09366 80.42990 10.05140
H -9.90930 74.46630 11.74870
H -7.77639 76.89310 11.83480
H -10.94590 77.48190 11.58230
H -11.98190 80.47230 11.42690
H -8.86011 79.91550 11.69000
C -6.02606 77.41640 10.23170
C -5.00854 74.48310 10.13390
C -2.92385 76.89760 10.15490
C -3.90224 79.89770 10.15790
C -0.76900 79.20930 10.17860
H -5.66700 79.33250 11.77950
H -4.62378 76.23110 11.84080
H -2.49376 78.69050 11.83350
H -1.50371 75.65420 11.71830
C 0.24969 76.25970 10.09980
C 3.42574 75.66190 10.12630
C 6.61930 75.04780 10.01320
C 5.55651 78.04420 10.07710
C 2.48335 78.70770 10.14920
H 1.70093 75.00410 11.77150
H 0.75523 78.05680 11.74730
H -19.29750 84.66290 11.36200
C -16.61130 82.24190 9.80939
C -13.38860 81.60930 9.85129
C -17.47110 85.25760 9.80411
C -14.38900 84.67510 9.85705
C -15.43080 87.78360 9.90375
H -15.16020 81.07610 11.44180
H -18.30240 81.69970 11.42520
H -14.07680 86.45500 11.48060
H -17.24270 87.08930 11.36240
H -12.97770 83.45840 11.42800
H -16.15090 84.03210 11.43270
C -10.17390 81.06000 9.93617
C -12.24410 87.11940 9.99466
C -11.35850 84.31210 9.88962
C -7.98435 83.63010 9.94355
C -9.18655 86.68740 10.17210
H -6.72812 82.29170 11.58750
H -10.94780 85.95290 11.69900
H -7.78719 85.37200 11.65400
H -9.90495 83.06360 11.29620
C -5.98292 85.90400 10.14850
C -4.85860 82.96930 10.15720
C -1.74269 82.30630 10.10640
C -2.89838 85.40160 10.19460
H -2.58279 87.10660 11.92410
H -3.49764 81.70700 11.73360
H -5.71354 87.69690 11.79200
C -0.84770 87.75840 10.30930
H -0.40368 81.09230 11.70350
H -1.48939 84.11980 11.68440
H -4.61884 84.72300 11.81440
C 0.22433 84.78220 10.07570
C 4.48173 81.10600 10.16780
C 6.54749 83.45580 10.12040
C 3.49133 84.06080 10.22510
C 1.42357 81.60530 10.14820
C 2.37071 87.12390 10.20110
C 5.42812 86.44800 10.14920
H 3.72233 85.89320 11.85080
H 0.58190 86.52880 11.82010
H 1.62626 83.47370 11.66540
H -19.40900 93.16720 11.39340
C -18.64950 88.29220 9.77903
C -14.47620 93.16460 10.02960
C -17.57380 93.70060 9.83547
C -13.35420 90.23380 10.05980
C -16.46380 90.74340 9.85056
H -13.11240 91.98250 11.74400
H -16.27580 92.51920 11.52300
H -15.14120 89.52750 11.56720
H -18.30140 90.14880 11.36860
C -10.16550 89.52340 10.12230
C -7.10479 88.89730 10.21300
C -11.32650 92.47820 10.11840
C -8.16637 91.88780 10.14830
H -6.74789 90.72090 11.75550
H -8.86628 88.41560 11.82190
H -10.98900 94.39530 11.67690
H -7.85074 93.74960 11.73780
H -9.93658 91.33420 11.75340
H -12.01020 88.93310 11.65720
C -2.84632 93.75810 10.25770
C -1.91677 90.70970 10.35380
C -3.89729 88.34660 10.30520
C -6.05955 94.31380 10.11400
C -4.89758 91.31300 10.26730
H -1.53115 92.57910 11.90910
H -3.67146 90.12960 12.02410
H -0.47027 89.57100 11.91130
H -4.68783 93.18230 11.79370
C 0.13779 93.22280 10.25180
C 6.46328 91.90160 10.06090
C 1.16456 90.21830 10.16650
C 4.38973 89.53590 10.13050
C 3.40212 92.50760 10.14780
H 1.63341 91.93230 11.76460
H 2.65024 88.96690 11.73540
H 5.83926 88.29880 11.74730
H 4.80823 91.33900 11.77520
H 3.64755 94.35690 11.73470
C -18.71650 96.83790 9.75219
C -13.42240 98.60380 9.96952
C -15.44210 96.25230 9.87048
C -16.53670 99.28900 9.86947
H -18.40340 98.64490 11.40360
H -16.34390 101.05500 11.53080
H -13.17300 100.44300 11.60120
H -15.22500 98.08970 11.49010
H -17.30350 95.62690 11.38350
H -14.18270 95.05340 11.63710
C -12.41290 95.54630 10.01060
C -9.20722 94.99450 10.04720
C -8.30276 100.26400 9.85889
C -11.49100 100.90800 9.87564
C -7.08385 97.32980 10.01300
C -10.30790 97.99470 10.01340
H -8.87439 96.86160 11.64380
H -12.05450 97.39350 11.56080
H -10.01390 99.90590 11.57160
H -6.81659 99.23670 11.56940
C -0.85280 96.33600 10.24470
C -3.96783 96.74330 10.15860
C -5.07305 99.79990 9.96897
C -1.83411 99.21690 10.12690
H -0.49560 98.08660 11.92150
H -3.63483 98.66940 11.67580
H -1.45128 101.07000 11.65630
H -2.59714 95.59150 11.83100
H -5.75185 96.15600 11.75740
C 3.34694 101.01500 9.95636
C 4.34381 97.97370 10.02220
C 5.38690 94.94680 10.06590
C 1.15275 98.63800 10.19260
C 6.42713 100.26700 9.82977
C 2.23883 95.59610 10.11600
H 2.67215 97.39650 11.69020
H 4.78426 99.81780 11.56080
H 5.81550 96.81820 11.64020
H 0.52673 95.04300 11.78390
H 1.66766 100.52200 11.60880
C -17.57780 68.33440 13.29380
C -15.47630 70.81350 13.13220
C -16.52770 73.75240 13.14910
C -13.37310 73.26840 13.15350
C -18.67660 71.38450 13.22660
C -14.46540 67.68790 13.11850
C -12.38980 70.07840 13.18600
C -9.22989 69.55000 13.26740
C -10.28040 72.56240 13.32170
C -7.06331 71.97000 13.36070
C -5.92026 68.92010 13.24940
C -2.95376 68.27760 13.18650
C -3.96234 71.31600 13.26360
C -0.77546 70.64900 13.24730
C -1.80191 73.69030 13.26450
C 0.24646 67.65570 13.16230
C 2.35346 69.98890 13.21130
C 1.25985 73.13730 13.34350
C 5.48879 69.45410 13.20100
C 4.54536 72.54880 13.30530
H 5.87526 71.27580 11.64370
C -18.72410 79.94970 13.05110
C -17.55390 76.76820 13.28910
C -15.44650 79.33530 13.18270
C -14.37900 76.29450 13.24010
C -12.32720 78.76250 13.11930
C -11.40920 75.71920 13.22910
C -8.18756 75.05380 13.35200
C -9.28936 78.08080 13.31400
C -7.13073 80.49340 13.31030
C -5.99212 77.53160 13.41760
C -4.96302 74.30070 13.35550
C -2.83238 76.83280 13.41050
C -0.63468 79.30290 13.35500
C -3.85956 79.92030 13.37840
C 0.21990 76.24530 13.37130
C 3.51698 75.57830 13.30980
C 6.59960 74.97470 13.24170
C 2.49536 78.54790 13.42750
C 5.61883 78.02480 13.29580
H 2.79774 80.44980 11.83040
H 3.86196 77.43830 11.73050
H 4.87593 74.35040 11.65610
H 5.93220 79.85020 11.69740
C -16.61130 82.25860 13.06890
C -13.39650 81.69130 13.01630
C -17.57810 85.28390 12.99490
C -14.37880 84.63670 13.05250
C -15.59390 87.64320 13.03530
C -10.28380 81.26570 12.96680
C -12.47060 87.13230 13.21400
C -8.29110 83.51260 13.09140
C -11.30600 84.00970 13.08100
C -9.18896 86.57120 13.30750
C -6.13441 85.85660 13.35430
C -1.73076 82.30910 13.30240
C -5.01428 82.81760 13.28500
C -2.84420 85.19390 13.44210
C -0.79889 87.70010 13.46520
C 4.58134 80.94140 13.39260
C 0.21021 84.64710 13.35190
C 1.31833 81.62280 13.32660
C 3.31565 83.99530 13.35470
C 6.67172 83.44180 13.34750
C 2.35746 87.17590 13.38270
C 5.56180 86.48040 13.34480
H 4.88461 82.86570 11.84970
C -18.62910 88.31700 13.01340
C -14.63070 93.22600 13.20170
C -17.71720 93.78530 13.03110
C -13.45430 90.12780 13.25590
C -16.69930 90.65960 13.10530
C -7.05308 88.97820 13.39470
C -11.32740 92.65020 13.33020
C -10.36920 89.61650 13.36940
C -8.15906 91.93160 13.30620
C -6.18965 94.36580 13.40190
C -3.95528 88.18730 13.49730
C -5.15372 91.40880 13.45930
C -1.87233 90.77210 13.54010
C -2.96741 93.76590 13.45180
C 6.55053 92.06280 13.34370
C 0.29650 93.22530 13.38640
C 4.44799 89.48800 13.33400
C 3.35217 92.54530 13.38400
C 1.32048 90.18120 13.42740
C -18.87300 96.75590 12.94950
C -16.70350 99.24500 13.08730
C -15.71280 96.33150 13.12310
C -13.53010 98.58580 13.11970
C -10.36290 98.15530 13.19990
C -7.14639 97.51270 13.27140
C -9.25250 95.07930 13.28260
C -11.44840 101.17100 13.14880
C -8.23930 100.58600 13.09790
C -12.42770 95.63880 13.25030
C -0.84762 96.20710 13.45520
C -4.01157 96.89990 13.34920
C -1.95852 99.39980 13.37330
C -5.11947 99.97160 13.20100
C 5.47780 94.98430 13.25470
C 1.42922 98.72060 13.29240
C 3.45146 101.11100 13.16270
C 4.47073 98.08130 13.27750
C 2.27458 95.65960 13.36330
C 6.56738 100.60200 13.05630
C -17.75250 102.26200 9.92442
C -15.63610 104.62000 9.76700
C -16.75200 107.77300 9.70512
C -13.55730 106.99400 9.57184
C -18.79070 105.22500 9.86720
C -14.59250 101.55900 9.92623
H -18.46570 107.15500 11.36690
H -17.37040 104.10000 11.48280
H -15.32550 106.49600 11.29600
H -14.23580 103.47200 11.41210
H -19.47030 101.64100 11.55550
C -12.51870 104.02800 9.73451
C -9.31894 103.38100 9.63963
C -10.46310 106.45200 9.54903
C -7.08200 105.84900 9.56006
H -6.77062 107.74200 11.10090
H -12.14440 105.91600 11.33320
H -8.94847 105.28200 11.14460
H -7.90022 102.22000 11.26530
H -11.08170 102.86500 11.30260
C -6.09069 102.74100 9.73345
C -2.92539 102.12200 9.93212
C -3.97816 105.23800 9.64886
C -0.84230 104.47600 9.77558
C -1.87301 107.59700 9.54780
H -4.76150 101.66400 11.49890
H -5.73507 104.66500 11.22500
H -3.66034 107.11700 11.19640
H -0.52873 106.45400 11.21700
H -2.62372 104.07000 11.36600
C 0.25108 101.65700 9.98317
C 2.30332 103.97800 9.87434
C 1.30566 107.01100 9.67884
C 5.38779 103.42600 9.70254
C 4.40822 106.47200 9.66833
H 5.81484 105.28100 11.21860
H 0.59835 103.52300 11.56150
H 3.78709 102.86900 11.49510
H 2.69247 105.88700 11.35420
C -17.75110 110.73100 9.57246
C -14.60590 110.17500 9.59991
C -15.58470 113.20400 9.60815
C -18.79190 113.83900 9.64717
H -13.15570 108.88900 11.03330
H -14.19020 111.98000 11.21440
H -17.36540 112.55600 11.17510
H -16.35080 109.56500 11.27550
H -19.46860 110.17300 11.23230
C -12.53360 112.52100 9.45628
C -11.45770 109.45400 9.40749
C -8.18692 108.83100 9.43586
C -9.28305 111.86900 9.34664
C -7.14215 114.34300 9.30251
H -12.08680 114.35900 10.97780
H -8.91558 113.73800 10.87710
H -7.88431 110.71100 11.00250
H -11.07630 111.34200 10.98730
H -9.96875 108.30000 11.06640
C -4.99444 108.31300 9.51846
C -6.08127 111.28300 9.40372
C -2.94359 110.70400 9.45697
C -3.90651 113.78200 9.40152
C -0.84933 113.16900 9.49262
H -2.62683 112.58300 11.01840
H -5.73198 113.15700 10.95270
H -1.51345 109.51300 11.00430
H -4.70386 110.13700 11.11310
C 0.30180 110.09300 9.44970
C 3.31144 109.44000 9.57583
C 6.44466 108.89500 9.45215
C 5.49194 111.98500 9.32639
C 2.34997 112.52200 9.38705
H 5.90095 113.76800 10.95210
H 2.67437 114.39600 10.98690
H 3.80731 111.38600 11.03930
H 0.58471 111.95900 11.02790
H 1.55828 108.89900 11.18820
H 4.77898 108.33800 11.19380
C 4.46894 114.96000 9.36223
H -15.25390 114.99700 11.22730
C -16.66050 116.16000 9.69064
C -13.62070 115.61700 9.51011
C -17.77040 119.17600 9.72421
C -14.55150 118.61400 9.59715
H -13.15290 117.38700 11.15920
H -14.04940 120.36600 11.22840
H -17.26260 121.09200 11.27890
H -16.26810 118.05500 11.21690
H -18.37660 115.63100 11.34290
H -19.43080 118.61100 11.48240
C -15.49850 121.57000 9.64359
C -10.39990 114.97300 9.34845
C -12.39930 120.97700 9.50416
C -8.16186 117.40800 9.36590
C -11.47960 118.03700 9.45143
C -9.25161 120.39400 9.46273
H -6.83845 116.11500 10.96670
H -7.82607 119.19400 11.02590
H -10.96810 119.77500 11.11160
H -9.95545 116.83700 10.96900
H -0.52878 115.02400 11.08240
C -6.06851 119.84700 9.36953
C -5.09261 116.75400 9.41280
C -1.89601 116.21500 9.45034
C -2.95814 119.10800 9.30893
H -2.64970 120.96900 10.90210
H -1.52859 118.02600 10.99710
H -3.64926 115.58300 11.02770
H -4.68548 118.59300 10.93770
H -5.80574 121.65100 10.97020
C -0.97358 121.62600 9.23190
C 0.22719 118.64100 9.36835
C 3.23529 117.93100 9.26400
C 1.19243 115.50200 9.40235
C 2.27902 120.94600 9.11653
C 5.42672 120.28800 9.11353
H 4.72305 116.81000 10.86540
H 3.70986 119.81200 10.77640
H 0.53992 120.49600 10.83230
H 1.60313 117.34400 10.95970
C 6.51778 117.31800 9.23079
C -18.74450 122.25900 9.78531
C -16.66650 124.54800 9.72812
C -13.50530 124.09700 9.52330
C -17.70990 127.69000 9.77259
C -14.64240 127.13000 9.64940
H -18.38300 124.04000 11.38230
H -16.27040 126.43000 11.32270
H -13.08580 125.89300 11.11660
H -15.14340 123.37900 11.24790
H -19.46240 127.12500 11.35080
C -10.28550 123.47700 9.46517
C -11.39230 126.53900 9.51664
C -7.20356 123.04500 9.47892
C -8.16757 125.96000 9.46612
H -7.86908 127.73300 11.06740
H -10.96530 128.29300 11.19750
H -8.88412 122.20200 11.07140
H -6.81892 124.75100 11.15200
H -9.93075 125.30600 11.05980
H -12.04090 122.81600 11.08050
C -6.21025 128.30000 9.34654
C -2.12414 124.75000 9.22822
C -5.15472 125.28200 9.38182
C -4.04851 122.33100 9.37865
C -3.08010 127.72000 9.22635
H -3.70471 124.12800 11.00820
H -0.66440 123.52400 10.76780
H -1.54050 126.53000 10.78910
H -4.77008 127.11500 10.88880
C 0.15860 127.09400 9.05605
C 1.16303 123.93300 9.13716
C 6.59480 125.79500 9.04081
C 3.37750 126.35300 9.04855
C 4.50345 123.41600 9.09924
H 5.83637 122.18700 10.62640
H 3.72417 128.28400 10.47190
H 1.56378 125.84300 10.60620
H 4.83839 125.25900 10.72580
H 2.69629 122.83300 10.71470
C -16.64690 133.15400 9.76246
C -15.65220 130.04400 9.72577
C -18.64200 130.68700 9.71149
C -13.46000 132.51900 9.72983
H -17.32920 129.48300 11.38460
H -14.20740 128.88400 11.29120
H -15.22660 131.87200 11.34140
H -18.41230 132.54700 11.29400
H -13.09150 134.37100 11.30080
H -16.32840 134.98200 11.33170
C -9.29247 128.98500 9.54521
C -10.41420 131.97200 9.58350
C -12.51200 129.50900 9.72381
C -11.43290 134.88300 9.54292
C -8.28869 134.29700 9.51794
C -7.28687 131.38300 9.48858
H -6.84310 133.11800 11.07560
H -8.98558 130.74900 11.12610
H -10.00890 133.75500 11.17350
H -12.04530 131.33100 11.31540
C -4.13720 130.66700 9.25287
C -2.00149 133.13700 9.13345
H -5.78914 130.09300 10.95870
H -3.57457 132.48400 10.82870
C -0.86634 130.01700 9.08892
H -0.48688 131.83400 10.61130
C -5.09109 133.71000 9.39919
H -2.61334 129.52300 10.72830
H -1.52650 134.97200 10.70260
C 3.25330 135.05000 8.90076
H 1.64967 134.36200 10.71630
H 5.83218 130.69200 10.29380
H 0.59016 128.86100 10.60340
C 5.47481 128.74400 8.84998
H 4.71734 133.73500 10.41420
C 4.27628 131.88600 8.82396
H 2.60328 131.27200 10.55400
C 2.30562 129.45400 8.92137
C 6.41555 134.53300 8.93044
C 1.19538 132.61100 9.03912
C -17.73510 102.28300 13.11700
C -15.61830 104.74800 13.02020
C -16.67380 107.77500 12.91480
C -13.55580 107.24200 12.84800
C -18.84000 105.36400 13.02320
C -14.62040 101.73900 13.08460
C -12.46300 104.06100 12.94550
C -9.25091 103.49200 12.85510
C -10.26940 106.61700 12.81130
C -7.14339 105.98000 12.73180
C -6.21848 102.98100 12.90940
C -2.98354 102.33600 13.07070
C -4.13633 105.38600 12.86430
C -0.90071 104.75900 12.98420
C -1.88958 107.77900 12.72420
C 0.32082 101.71900 13.22030
C 2.46112 104.16400 13.09100
C 1.15370 107.10300 12.82070
C 5.66173 103.52800 12.90860
C 4.51718 106.58700 12.85970
C -18.76110 113.74600 12.83460
C -17.68870 110.78300 12.86980
C -14.42050 110.06200 12.73490
C -15.65770 113.18400 12.80680
C -12.41440 112.56300 12.68580
C -11.40630 109.53700 12.62460
C -8.18319 108.99600 12.66760
C -9.29631 111.94300 12.53150
C -7.22869 114.31400 12.57170
C -6.17966 111.40700 12.61050
C -5.06115 108.40900 12.76410
C -2.88000 110.76400 12.64210
C -4.05159 113.77600 12.61790
C -0.94974 113.18600 12.62340
C 6.70051 109.02300 12.55830
C 0.10465 110.16800 12.71000
C 3.33941 109.62300 12.73350
C 2.36156 112.64600 12.64560
C 5.64780 111.97900 12.58900
C -16.53200 116.25800 12.86640
C -13.38370 115.55800 12.69100
C -17.54880 119.28300 12.90500
C -14.49050 118.56200 12.81440
C -15.41970 121.59000 12.85530
C -10.25390 114.93300 12.52720
C -12.28720 121.00700 12.79560
C -8.17210 117.37200 12.61030
C -11.35070 117.98300 12.69350
C -9.18842 120.38600 12.69390
C -6.04362 119.80400 12.57250
C -5.07956 116.84100 12.54260
C -1.99509 116.26900 12.62340
C -2.98673 119.20300 12.55820
C -0.87085 121.74500 12.42620
C 0.24320 118.71100 12.49550
C 4.47913 114.99600 12.52620
C 6.54183 117.41100 12.38670
C 3.38054 118.07100 12.46480
C 1.25584 115.54900 12.62100
C 2.33730 121.07600 12.39740
C 5.50217 120.44800 12.34720
C -14.46430 127.01600 12.84860
C -17.65850 127.65600 12.93610
C -16.52090 124.57100 12.90080
C -13.31440 124.07200 12.72600
C -18.58850 122.21100 13.01240
C -7.14891 122.82800 12.66040
C -8.27030 125.95400 12.72390
C -10.26210 123.49300 12.63790
C -11.32070 126.43800 12.70840
C -6.04552 128.25700 12.57500
C -3.99080 122.21200 12.53330
C -2.88817 127.75100 12.36370
C -1.82667 124.79600 12.46440
C -5.06283 125.41500 12.61270
C 0.27746 127.13200 12.28120
C 1.18704 124.11100 12.28440
C 6.64405 125.95900 12.24050
C 3.36920 126.50600 12.16860
C 4.47767 123.38700 12.31180
C -18.65560 130.73900 12.94380
C -13.40260 132.49500 12.93260
C -16.60840 133.15200 12.88260
C -15.59870 130.04400 12.94590
C -9.18973 128.93000 12.73970
C -7.17374 131.24000 12.60280
C -12.42990 129.46400 12.83900
C -8.18393 134.41000 12.67650
C -11.26030 135.02300 12.82120
C -10.22030 131.95700 12.81300
C -4.92450 133.62200 12.54010
C -3.95487 130.63200 12.45860
C -0.77444 130.01700 12.24620
C -1.70856 133.12000 12.30210
C 5.47938 129.02600 12.04180
C 6.42484 134.29700 12.12000
C 4.47445 131.88200 12.03370
C 2.37723 129.42600 12.15590
C 3.53672 134.95900 12.18070
C 1.29361 132.42100 12.25460
C 8.62973 1.26139 9.01995
C 7.59788 4.31856 9.25859
C 11.80950 0.60053 9.09485
C 10.79770 3.51127 9.17659
C 12.82930 5.93358 9.22557
H 7.98993 6.01880 10.98150
H 11.09770 5.33732 10.80380
H 12.17490 2.33619 10.82950
H 10.00800 -0.11559 10.54660
H 9.02125 2.94242 10.76410
H 6.90111 0.62127 10.67440
C 13.85970 2.98403 9.20837
C 17.00560 2.30003 9.08455
C 15.95330 5.33612 9.12484
C 19.22280 4.70019 9.04745
C 14.99060 -0.13985 9.06252
H 18.49920 1.05074 10.66350
H 17.46950 4.09571 10.67040
H 15.27080 1.67398 10.68730
H 14.29420 4.76660 10.83310
C 20.21180 1.72182 8.99033
C 22.38960 4.10716 8.99237
C 23.47800 1.03002 8.76931
C 25.55300 3.52587 8.85593
H 25.93880 5.26062 10.58050
H 20.68440 3.50052 10.67490
H 24.89800 -0.23910 10.37160
H 21.77580 0.44622 10.44730
H 23.82180 2.78266 10.44000
H 22.78990 5.90557 10.64990
C 26.74570 0.45747 8.81464
C 27.67380 5.94085 9.00402
C 28.85550 2.87695 8.86860
C 31.98340 2.29898 8.93962
C 30.92680 5.44358 9.08210
C 29.91860 -0.34343 8.91438
H 30.19800 1.53229 10.41270
H 27.00980 2.25635 10.36740
H 29.09910 4.68558 10.56380
H 32.24960 4.05538 10.64880
C 9.69790 6.56139 9.26747
C 8.63109 9.65224 9.37322
C 7.63625 12.63400 9.40138
C 11.70500 8.93166 9.31843
C 10.67400 11.96840 9.35484
H 10.00520 8.32009 10.94630
H 12.20170 10.75970 10.91120
H 9.03456 11.36650 11.01970
H 6.83864 9.00153 10.93260
H 13.18600 7.74671 10.89570
C 13.95080 11.36500 9.33567
C 18.14190 7.73056 9.16235
C 14.89330 8.32575 9.21829
C 17.06290 10.82600 9.25424
H 15.35720 10.08650 10.90640
H 18.50340 9.50598 10.82090
H 17.50440 12.48570 10.90220
H 16.39960 7.11032 10.73460
H 19.60180 6.46089 10.73860
C 24.51630 6.60741 9.03182
C 20.25590 10.10730 9.21427
C 21.31260 7.15785 9.12028
C 22.41790 12.58470 9.23718
C 23.48630 9.62140 9.16201
C 25.59190 11.88640 9.22381
H 20.63650 11.94840 10.80930
H 21.75970 8.93566 10.74510
H 24.90120 8.31433 10.66390
H 23.85440 11.32800 10.81920
C 26.71450 8.90878 9.11252
C 29.85840 8.29163 9.21752
C 28.85650 11.29760 9.23821
C 32.01300 10.73620 9.26422
H 27.04240 10.66230 10.79040
H 31.28010 7.09986 10.85180
H 28.01830 7.66562 10.76050
H 32.32710 12.55240 10.80990
H 30.21810 10.10910 10.81290
C 9.67957 15.03920 9.43222
C 12.88390 14.34750 9.36005
C 8.72518 17.99990 9.54747
C 11.88350 17.39680 9.51487
H 11.13030 13.76100 10.97770
H 7.91801 14.43450 11.04720
H 10.12130 16.76240 11.11040
H 12.22860 19.10090 11.26900
H 6.90707 17.42270 11.07590
H 9.05505 19.80410 11.19060
H 13.26240 16.11300 11.04220
H 14.32760 13.13810 10.96860
C 19.17820 13.21710 9.29516
C 16.11630 13.77380 9.40250
C 18.08480 16.24740 9.46403
C 15.05200 16.67870 9.54309
C 17.12200 19.23290 9.58653
H 18.55850 17.99590 11.15810
H 19.63470 14.95880 10.91220
H 16.50610 15.50040 11.13580
H 15.41760 18.57210 11.20000
C 13.95770 19.90320 9.69471
C 20.19550 18.57710 9.40470
C 21.35380 15.59980 9.30395
C 24.47580 14.95680 9.27826
C 23.47800 18.08820 9.44036
H 22.75120 14.35550 10.86270
H 24.82610 16.76370 10.93280
H 21.68630 17.37990 10.95510
H 25.90070 13.71860 10.82830
H 23.84570 19.84830 11.10570
H 29.11830 13.09750 10.90010
C 26.57630 17.30580 9.33453
C 27.71350 14.34580 9.27581
C 30.93450 13.66100 9.28255
C 29.75190 16.79120 9.29070
C 31.89840 19.13330 9.38241
H 30.10200 18.54730 10.88940
H 28.03440 16.12090 10.95660
H 26.95840 19.09900 10.91070
H 31.23670 15.56310 10.80820
C 28.65750 19.73650 9.30561
C 10.87330 20.34200 9.62957
C 7.61605 21.03620 9.61780
C 9.61882 23.39350 9.68645
C 12.86890 22.79120 9.64929
C 11.75630 25.88470 9.63343
H 11.12570 22.20490 11.23950
H 10.06750 25.24550 11.35520
C 8.60270 26.48690 9.80308
H 7.96761 22.77270 11.39700
H 6.91938 25.85980 11.52180
H 13.23690 24.64970 11.27700
C 16.08920 22.29550 9.66614
C 19.17900 21.64300 9.51157
C 18.02850 24.59630 9.59785
C 15.02230 25.22050 9.73327
H 16.42040 23.98870 11.36130
H 19.59320 23.48240 11.07280
H 17.53860 21.03530 11.27080
H 14.31620 21.58620 11.21450
H 18.51260 26.43240 11.21010
C 24.54190 23.48350 9.39010
C 21.35420 23.96680 9.45405
C 22.45380 21.09350 9.47382
C 25.52010 20.38060 9.40813
H 24.85600 25.27520 10.98500
H 25.96840 22.23670 10.94080
H 20.66910 20.41010 11.02120
H 21.70810 25.89320 10.95360
H 22.81580 22.91110 11.09820
C 23.48960 26.55580 9.33308
C 26.55250 25.89540 9.31840
C 30.84000 22.17150 9.33369
C 27.70210 22.72550 9.26556
C 29.87270 25.28610 9.30861
H 32.23490 20.96240 10.96870
H 28.04880 24.65170 10.85980
H 29.07800 21.54150 10.93400
H 31.19390 24.00440 10.90320
C 9.67476 31.89410 9.76667
C 10.69680 28.98690 9.74414
C 12.85950 31.32630 9.73104
C 7.52423 29.47550 9.81991
H 12.24450 27.71050 11.20980
H 7.93350 31.31980 11.43520
H 8.99278 28.33000 11.38380
H 11.13800 30.75060 11.36740
C 17.10050 27.71080 9.60576
C 19.08010 30.10660 9.51035
C 18.07840 33.22120 9.63815
C 16.04390 30.65970 9.69013
C 13.99760 28.25700 9.61527
H 15.39170 27.07190 11.21820
H 17.49560 29.46330 11.25630
H 16.37260 32.50390 11.25930
H 19.55540 31.90620 11.09510
H 14.29820 30.05950 11.30320
H 13.23910 33.11900 11.35160
C 21.27750 32.48870 9.43182
C 25.60620 28.91300 9.34148
C 20.16910 27.11750 9.49932
C 24.50130 31.99710 9.40517
C 22.31340 29.48890 9.38158
H 20.60890 28.93540 11.04990
H 23.79710 28.28570 10.94800
H 22.77700 31.27990 10.98840
H 25.95560 30.71210 10.93860
H 27.02580 27.68920 10.99000
C 31.00160 30.71880 9.33470
C 31.93410 27.78200 9.36881
H 30.15170 27.13060 10.95290
C 27.72740 31.42300 9.38735
H 31.24490 32.53440 11.00460
H 32.33350 29.51620 11.02190
H 28.03600 33.15760 11.08880
H 29.19390 30.08380 10.90900
C 28.71780 28.28920 9.29908
C 8.73258 1.01053 12.26870
C 7.59323 4.08528 12.43650
C 11.71210 0.42795 12.26060
C 10.75040 3.51827 12.41390
C 12.84330 5.85288 12.46860
C 14.99410 -0.16859 12.28710
C 13.98100 2.91432 12.37810
C 17.06870 2.22580 12.28370
C 16.14050 5.25639 12.33650
C 19.23900 4.61161 12.30770
C 20.36460 1.56860 12.17710
C 22.54850 3.97392 12.16330
C 23.53140 0.95969 12.07640
C 25.58310 3.38094 12.06930
C 26.55580 0.48023 12.04140
C 27.70670 5.78222 12.30100
C 28.76180 2.75436 12.02230
C 31.86450 2.11519 12.10410
C 30.79810 5.15923 12.31350
C 29.85920 -0.20081 12.15610
C 9.74131 6.43960 12.53320
C 8.62086 9.48400 12.53060
C 7.52840 12.52030 12.55690
C 11.79570 8.92778 12.53120
C 10.81290 11.89410 12.59210
C 13.95930 11.29070 12.55090
C 18.17000 7.64704 12.34770
C 15.03100 8.17341 12.44430
C 17.16340 10.63090 12.50650
C 24.54850 6.47904 12.24150
C 20.25290 10.03810 12.37790
C 21.36750 7.08960 12.29660
C 22.38690 12.51060 12.42000
C 23.55390 9.41653 12.34710
C 25.63240 11.91940 12.40930
C 26.62050 8.79619 12.36430
C 29.79020 8.27390 12.39160
C 28.72820 11.20500 12.47050
C 31.98010 10.80350 12.43470
C 9.73000 14.92020 12.65500
C 12.92380 14.23970 12.58640
C 8.66229 17.92500 12.71690
C 11.89060 17.21590 12.73940
C 19.32350 13.06600 12.44290
C 16.12730 13.55340 12.62660
C 18.35320 16.03560 12.68110
C 15.01380 16.63400 12.68390
C 17.19810 19.17030 12.84600
C 13.98880 19.75460 12.82420
C 20.43600 18.57770 12.66940
C 21.34480 15.46450 12.48730
C 24.50100 14.89500 12.48710
C 23.45780 17.95160 12.59900
C 26.56860 17.29650 12.54010
C 27.66390 14.21200 12.48790
C 30.83350 13.71200 12.39980
C 29.87490 16.71620 12.48800
C 31.80930 19.12170 12.52830
C 28.68750 19.68270 12.53840
C 10.86950 20.34180 12.83150
C 7.60062 20.82120 12.86150
C 9.77256 23.38990 12.98040
C 12.94740 22.78830 12.86670
C 11.85080 25.97200 12.90200
C 8.73178 26.49310 13.01470
C 15.03330 25.28320 12.88640
C 18.28370 24.57870 12.84310
C 19.44830 21.64000 12.72990
C 16.00000 22.14340 12.85600
C 21.34190 24.13450 12.65320
C 24.69210 23.47210 12.62050
C 22.41060 21.04830 12.66120
C 25.67390 20.39160 12.56740
C 23.49580 26.45250 12.60870
C 26.66900 25.81210 12.53790
C 27.73640 22.83660 12.55130
C 30.78800 22.17390 12.54010
C 29.83080 25.21330 12.51100
C 7.65805 29.48360 13.13450
C 12.95630 31.30480 12.93560
C 10.85890 28.90830 12.88090
C 9.77564 31.95650 12.99920
C 19.28450 30.12870 12.75930
C 17.10940 27.62920 12.85990
C 18.17850 33.05390 12.79000
C 13.98720 28.21710 12.87540
C 16.12170 30.66410 12.85820
C 24.48760 31.83120 12.63370
C 22.42360 29.46850 12.58830
C 21.38630 32.40490 12.66520
C 20.41980 27.11670 12.64410
C 25.59080 28.96070 12.57150
C 28.78130 28.33840 12.62070
C 27.76140 31.19280 12.57300
C 31.95390 27.63340 12.53060
C 30.94120 30.64730 12.59890
C 8.59726 34.89980 9.73542
C 7.43680 38.11530 9.70428
C 11.90700 34.34570 9.69555
C 10.79340 37.41840 9.67019
C 12.94230 39.81270 9.85741
H 12.19110 36.17730 11.23870
H 11.13510 39.15370 11.39310
H 10.11930 33.72860 11.31760
C 13.99280 36.82740 9.79976
C 17.05620 36.13690 9.71747
C 15.94210 39.27470 9.88635
C 19.20430 38.61700 9.71922
C 14.93820 33.80230 9.73644
H 18.53080 34.95430 11.31240
H 14.25450 38.55730 11.54320
H 15.35370 35.53550 11.40710
H 17.47150 37.95610 11.31870
C 20.19470 35.61630 9.64708
C 22.32390 37.99070 9.70641
C 23.42900 35.01430 9.64701
C 25.50540 37.43850 9.71751
H 21.69130 34.28550 11.09580
H 25.85730 39.21470 11.37460
H 23.75140 36.83110 11.33150
H 20.58540 37.38950 11.32700
H 22.67600 39.81880 11.37430
H 24.86660 33.72820 11.09400
C 26.56190 34.40120 9.49350
C 27.52250 39.85540 9.72197
C 28.75960 36.81790 9.63140
C 31.90520 36.22170 9.64501
C 30.76170 39.26830 9.73184
C 29.79920 33.80580 9.46443
H 30.14270 35.55000 11.17370
H 32.20480 38.01100 11.32160
H 28.97660 38.61860 11.31430
H 26.96580 36.12410 11.20740
C 9.75677 40.43720 9.87583
C 8.58918 43.52360 9.88304
C 11.79610 42.83700 9.87102
C 7.51922 46.51120 9.98959
C 10.71380 45.93470 9.90832
C 13.87290 45.36390 9.85280
C 18.00660 41.71510 9.88158
C 14.96640 42.21890 9.84381
C 17.15420 44.66420 9.90754
H 13.22260 41.59440 11.44590
H 16.34920 41.06900 11.52340
H 19.50360 40.45250 11.37820
C 24.39210 40.35160 9.78049
C 20.17450 44.05800 9.84050
C 21.22320 41.02630 9.76336
C 23.34250 43.50230 9.81657
C 22.44440 46.49310 9.86164
C 25.42840 45.82000 9.89019
H 24.79310 42.23890 11.31300
C 26.50690 42.85120 9.74576
C 29.74630 42.26060 9.74300
C 31.81010 44.55270 9.79052
C 28.66540 45.27480 9.90103
H 31.11060 41.03170 11.34690
H 32.11060 46.41380 11.41200
H 27.92760 41.64950 11.30560
H 30.06990 44.01360 11.43160
C 9.67656 48.98960 9.96798
C 12.81140 48.33880 9.92573
C 8.67897 52.01080 10.08700
C 11.77610 51.36500 10.02880
C 19.18170 47.24750 9.91366
C 15.98290 47.84640 9.98089
C 18.13790 50.26510 10.00090
C 15.05290 50.75620 9.98672
C 17.13090 53.12120 10.12010
C 13.92240 53.75120 10.07290
C 20.20110 52.58600 10.08040
C 21.33000 49.59380 9.99162
C 24.39460 49.02110 9.90805
C 23.40820 52.02220 10.00470
C 26.54340 51.39840 9.98046
C 27.59510 48.20850 9.84475
C 30.65450 47.67360 9.85647
C 29.77410 50.69950 9.85037
C 31.76070 53.11000 9.93651
C 28.71180 53.75030 10.01300
H 31.18060 49.50050 11.45400
C 10.81530 54.40860 10.14120
C 7.73791 55.02820 10.13270
C 9.68743 57.32190 10.12720
C 12.90380 56.76210 10.13600
C 11.88260 59.66270 10.08650
C 8.69319 60.30930 10.13570
C 16.13290 56.14650 10.11830
C 19.24100 55.55170 10.13840
C 14.98110 59.16550 10.05910
C 18.12190 58.56470 10.11800
C 21.29370 57.97580 10.07450
C 22.28140 54.89930 10.11210
C 23.39660 60.39080 10.01580
C 25.48050 54.45710 10.11500
C 24.35950 57.41850 10.15760
C 30.71290 56.15500 10.00870
C 26.59730 59.74680 10.08430
C 27.57000 56.80710 10.10030
C 29.84150 59.24170 10.07230
C 7.61779 63.42670 10.02760
C 12.79940 65.15870 9.90833
C 10.69730 62.70890 9.92694
C 9.75369 65.77860 9.95294
C 19.28160 64.06800 9.92460
C 15.99260 64.73010 9.95413
C 17.14920 61.59410 10.00520
C 13.99180 62.11660 9.93882
C 18.17710 67.08600 10.03570
C 20.14710 60.98030 10.03410
C 21.38160 66.45750 9.96229
C 24.50880 65.88260 9.91784
C 22.39420 63.44740 9.98111
C 25.51320 62.80230 9.98814
C 27.85850 65.29040 10.05010
C 30.85730 64.57590 10.12370
C 28.70490 62.24040 10.14470
C 31.93700 61.59980 10.11190
C 8.75804 35.04610 12.88690
C 7.64331 37.99060 12.97350
C 11.86710 34.43910 12.90360
C 10.77080 37.24470 12.89450
C 12.83180 39.78700 13.07350
H 7.94846 39.86550 11.39850
H 6.87304 34.39770 11.38810
H 8.98861 36.83810 11.18580
C 15.03380 33.68880 12.92620
C 13.86650 36.62280 12.97840
C 17.14540 36.16330 12.95420
C 16.04030 39.12720 13.02910
C 19.23400 38.59060 12.96800
C 20.38110 35.45160 12.86040
C 22.38750 37.96810 12.96550
C 23.45410 34.89860 12.78530
C 25.55810 37.30020 12.87960
C 26.61970 34.27570 12.76360
C 27.60810 39.83890 12.92780
C 28.77630 36.76470 12.83160
C 31.82640 36.10820 12.88200
C 30.74530 39.18820 12.93360
C 29.77550 33.63480 12.68390
C 9.76727 40.37830 13.01110
C 8.50004 43.50550 13.09070
C 11.79140 42.88860 13.04290
C 7.51075 46.47170 13.12720
C 10.73070 45.87440 13.12300
H 10.01730 42.30740 11.50700
H 8.94174 45.30260 11.54530
H 12.15670 44.72830 11.42870
H 6.80960 42.86980 11.41010
C 13.86700 45.28810 13.11140
C 18.14680 41.60430 13.07040
C 14.91370 42.30080 13.06460
C 17.06640 44.69040 13.11620
H 17.40480 46.52370 11.48540
H 15.30240 44.13170 11.42180
H 18.51250 43.49170 11.55630
C 24.44800 40.43740 12.94040
C 20.27060 44.07760 13.08020
C 21.25470 40.98840 12.97500
C 23.39640 43.32280 12.99890
C 22.25960 46.41560 13.13120
C 25.53150 45.87180 13.08830
H 20.60660 45.90260 11.40240
H 21.58490 42.84630 11.38720
H 23.70210 45.26830 11.55210
C 26.53160 42.75450 12.96040
C 29.62880 42.20440 12.98870
C 31.81420 44.60070 13.05340
C 28.63490 45.19710 13.08100
H 26.89400 44.65400 11.43850
C 9.73652 48.82890 13.18030
C 12.82930 48.31580 13.14170
C 8.67181 51.95890 13.31330
C 11.84790 51.28030 13.23890
H 11.07160 47.72090 11.51570
H 7.96006 48.31240 11.57340
H 6.91182 51.40460 11.69320
H 12.20620 53.13060 11.70180
H 10.04480 50.72780 11.64320
H 9.03370 53.79310 11.75280
C 19.25820 47.10900 12.99350
H 14.20020 47.14100 11.54680
H 13.26950 50.13090 11.57350
C 16.02480 47.73410 13.12810
C 18.23760 50.02180 13.19410
C 14.95510 50.72870 13.19320
C 17.08870 53.13340 13.24220
H 18.55170 51.95050 11.72620
H 15.36980 52.54970 11.59090
H 19.55690 48.97510 11.48340
H 16.42800 49.58860 11.61240
C 14.00130 53.73470 13.23630
C 20.28990 52.48220 13.35340
C 21.34080 49.45660 13.12930
C 24.43240 48.87970 13.17970
C 23.41520 51.89860 13.32550
H 21.67890 51.39090 11.65510
H 24.81740 50.76940 11.62280
H 22.72120 48.27580 11.53860
H 23.76010 53.74610 11.69010
H 25.79350 47.68650 11.45400
C 26.71960 51.28530 13.11650
C 27.61810 48.23660 13.05850
C 30.85540 47.67590 13.06360
C 29.75000 50.57800 13.16090
C 31.87860 52.97530 13.17530
C 28.69330 53.69590 13.24040
H 29.00720 47.03370 11.53780
H 28.00580 50.02000 11.40520
H 26.95140 53.18110 11.62460
H 30.06080 52.45530 11.60080
C 10.84120 54.27650 13.34320
C 7.57551 54.99430 13.34810
C 9.72328 57.37650 13.37300
C 12.90640 56.71360 13.35010
C 11.88160 59.88600 13.22790
C 8.70834 60.42360 13.30950
H 6.96697 59.87210 11.86960
H 11.15480 56.16540 11.76970
H 7.93601 56.83200 11.79030
H 10.08780 59.15090 11.71370
H 13.29060 58.55130 11.77690
C 15.02240 59.31920 13.29340
C 16.09400 56.23430 13.29250
C 19.22770 55.59470 13.32500
C 18.11490 58.62670 13.29450
H 17.47560 54.97650 11.70360
H 19.55330 57.42930 11.70680
H 18.47970 60.44060 11.70780
H 16.39350 58.01530 11.69300
H 14.34440 55.55470 11.69660
C 23.34420 60.47960 13.27800
C 22.38070 54.89170 13.37390
C 25.53020 54.32550 13.30710
C 21.29710 58.10180 13.29040
C 24.37630 57.37980 13.40300
H 20.59300 54.33500 11.76490
H 24.81470 59.24290 11.77530
H 21.63410 59.82770 11.61640
H 22.66940 56.71490 11.74170
H 25.85360 56.21940 11.77520
C 26.65000 59.81010 13.30860
C 27.71470 56.83730 13.31590
C 30.83760 56.06900 13.19140
C 29.92000 59.13260 13.26850
H 29.02480 55.57010 11.62100
H 28.06910 58.62960 11.68440
H 31.18530 57.91110 11.62750
H 32.21230 54.86640 11.55830
H 11.08790 64.55360 11.51770
H 12.18420 61.57930 11.46410
H 8.99049 62.21430 11.63530
H 7.98625 65.23850 11.61480
C 12.86290 65.27110 13.05270
C 7.59727 63.44040 13.28290
C 9.77834 65.85580 13.16110
C 10.81950 62.82940 13.12590
H 13.19550 67.03490 11.45040
C 13.86070 62.25740 13.13650
H 15.34330 61.01780 11.60860
H 14.26580 64.00310 11.50550
C 16.02130 64.64280 13.12380
C 18.15670 66.98780 13.20300
C 19.24520 64.05170 13.13650
C 17.07080 61.73640 13.20350
H 19.61090 65.89440 11.58770
H 16.37060 66.48940 11.62390
H 17.48490 63.50510 11.48340
H 25.95210 64.69420 11.53130
H 20.63670 62.85860 11.55130
C 24.47150 65.86250 13.18630
C 25.51440 62.94360 13.25220
H 22.77480 65.25990 11.56500
C 21.28800 66.46290 13.16940
C 20.28760 61.12840 13.23360
C 22.35010 63.48640 13.18180
H 23.79190 62.23810 11.62270
C 27.66150 65.28570 13.28450
H 29.14440 64.04420 11.76780
H 31.17990 66.44780 11.59960
H 28.06680 67.10730 11.65370
C 32.00570 61.65650 13.26170
C 28.69660 62.18220 13.32380
C 30.98300 64.67030 13.27240
H 30.14850 61.02080 11.71860
H 26.89950 61.65410 11.70450
H 32.33800 63.41280 11.70860
C 8.67981 68.81070 9.89238
C 7.55160 71.90540 10.02540
C 11.80860 68.17780 9.85640
C 10.76530 71.22250 9.93688
C 12.83040 73.73640 9.83638
C 13.98010 70.67810 9.86155
C 17.10560 70.08580 10.03970
C 16.13430 73.17190 9.89323
C 19.18240 72.51640 9.98942
C 15.01060 67.68090 9.94521
C 20.23040 69.44410 10.02020
C 22.34490 71.92210 10.00500
C 23.35930 68.96060 10.03210
C 25.53500 71.25250 9.99322
C 26.59150 68.27860 10.06740
C 29.82420 67.70590 10.00100
C 27.67480 73.68490 10.02280
C 28.67030 70.64160 10.08380
C 31.89570 70.05210 10.00600
C 30.78230 73.09390 9.96065
H 32.24920 71.90570 11.59210
C 9.80768 74.34100 9.98521
C 8.60014 77.37190 9.93342
C 7.65488 80.46980 10.03520
C 11.86690 76.76020 9.84889
C 10.80540 79.79490 9.88097
C 14.01570 79.17390 9.83569
C 18.25270 75.63700 9.96813
C 15.08890 76.15820 9.91530
C 17.19590 78.56640 9.96765
H 17.39630 80.44810 11.62980
C 24.56350 74.36790 10.06110
C 20.36810 78.04360 10.10060
C 21.31430 74.96430 10.03800
C 22.36620 80.37420 10.00210
C 23.44260 77.34360 10.08350
C 25.61790 79.80310 10.06520
H 23.84240 79.16920 11.60560
H 20.62990 79.85350 11.71770
C 26.54780 76.72000 10.10460
C 29.69310 76.14640 10.03770
C 28.70210 79.03490 9.98633
C 31.79330 78.53590 10.05270
H 32.21650 80.39480 11.58810
H 30.08130 77.93110 11.69780
H 27.97710 75.48440 11.64490
H 31.17830 74.90140 11.51180
H 26.96840 78.53040 11.66130
C 9.67094 82.96840 9.95094
C 12.88230 82.33150 9.89486
C 8.71515 85.95190 10.10710
C 11.76690 85.23860 9.97119
H 6.91860 85.30200 11.66060
H 8.06984 82.27990 11.68250
H 10.09820 84.65200 11.66360
H 12.15120 87.13840 11.47570
H 8.97793 87.79060 11.68330
C 19.20680 80.99140 10.04250
C 16.05660 81.62380 9.93180
C 18.23460 84.03170 9.90564
C 14.93500 84.66760 9.89248
C 17.15690 86.95600 9.87562
C 14.00780 87.77370 9.94958
H 13.26060 84.11020 11.57840
H 19.60910 82.88630 11.58140
H 16.41180 83.49700 11.49730
H 15.34750 86.48890 11.52670
H 18.57320 85.82430 11.53410
C 20.27570 86.39830 9.86414
C 21.38660 83.43170 9.99346
C 24.58480 82.71720 10.00670
C 23.41590 85.77440 9.84687
H 24.84050 84.63710 11.44710
H 25.95870 81.58120 11.70440
H 22.78750 82.18600 11.62130
H 23.77180 87.69830 11.34380
H 21.72150 85.28330 11.57630
H 29.08200 80.93260 11.50540
C 26.53550 85.19630 9.82030
C 27.62570 82.10390 9.94533
C 30.81070 81.45810 9.85793
C 29.66570 84.62050 9.71607
C 31.80490 87.02770 9.70429
H 26.87160 87.07760 11.34160
H 30.04940 86.48170 11.28900
H 31.14750 83.38580 11.30050
H 28.01430 84.05570 11.40370
C 28.53190 87.66910 9.69766
C 7.49958 89.00930 10.12360
C 10.63820 88.38780 9.97327
C 9.59822 91.35850 10.04810
C 12.86570 90.74200 9.98324
C 11.82550 93.79630 9.97408
C 8.57525 94.34460 9.91103
H 6.86789 93.77550 11.61560
H 7.91562 90.79240 11.73620
H 11.12100 90.16240 11.61150
H 10.02500 93.22720 11.53440
C 19.17670 89.49720 9.75056
C 15.92710 90.06920 9.84719
C 18.12740 92.50860 9.76535
C 14.88080 93.03880 9.93988
H 18.43390 94.35060 11.38630
H 16.37650 91.88680 11.41200
H 19.55970 91.33470 11.40630
H 13.15620 92.56830 11.64030
H 14.25180 89.53560 11.60640
H 17.41130 88.89940 11.36230
C 24.30730 91.22840 9.47292
C 22.36750 88.86070 9.70127
C 21.28740 91.89550 9.68090
C 25.47120 88.25930 9.66748
H 25.88100 90.21150 11.03100
C 23.27710 94.28500 9.42262
H 21.61990 93.75150 11.20450
H 24.77020 93.14540 10.93000
H 22.69440 90.68000 11.26300
H 20.61480 88.28040 11.35770
C 26.50780 93.74940 9.33144
C 29.77650 93.09560 9.45214
C 27.71980 90.63060 9.48277
C 30.84470 89.94950 9.64005
H 31.12330 91.88430 11.09950
H 29.02540 89.51730 11.24500
H 27.93990 92.57890 10.93370
H 32.25020 88.85550 11.29770
C 9.57120 99.75200 9.79897
C 7.59028 97.37190 10.00180
C 12.90680 99.16860 9.66293
C 10.71530 96.69930 9.82733
H 11.12010 98.65110 11.29460
H 12.16300 95.59900 11.48910
H 7.94125 99.28550 11.52940
H 8.99000 96.18610 11.51510
H 13.31360 101.07000 11.17690
C 18.13380 100.99800 9.54611
C 15.96200 98.57550 9.68496
C 19.23940 98.00450 9.56074
H 16.41620 100.42800 11.22810
H 19.59380 99.84080 11.14440
C 13.84800 96.11030 9.83039
C 17.02320 95.54140 9.75241
H 15.33280 94.96810 11.47230
H 14.25270 97.99540 11.36160
H 17.50450 97.46490 11.26190
C 25.52530 96.79850 9.38705
C 24.52660 99.85710 9.53425
C 21.34910 100.42700 9.55658
H 23.79410 96.15520 10.94800
H 25.97930 98.57390 11.07660
C 20.13830 95.08620 9.71303
H 22.81670 99.25140 11.11620
C 22.29530 97.47180 9.49110
H 20.68720 96.88380 11.24790
H 28.02900 100.93800 10.95790
C 27.79390 99.01680 9.39667
C 31.86320 95.46600 9.41774
H 30.15670 94.92980 11.07620
H 26.98400 95.55200 10.92900
H 32.30490 97.30190 10.98760
H 31.20570 100.36500 10.90210
H 29.12400 97.93190 11.06100
C 30.87420 98.43920 9.41548
C 28.78960 96.11580 9.41624
C 8.71501 68.89900 13.21820
C 7.62755 71.88870 13.20430
C 11.86060 68.31530 13.09320
C 10.79770 71.17200 13.08900
C 12.97710 73.74520 13.04470
H 6.95994 68.30740 11.59990
H 10.08150 67.65700 11.55820
H 12.24590 70.02490 11.43640
H 8.98177 70.63880 11.54110
H 7.98956 73.75900 11.60030
H 11.20490 73.04320 11.53590
C 13.96800 70.76550 13.04500
C 16.97850 70.18060 13.20930
C 15.92670 73.13780 13.09910
C 19.10290 72.49190 13.21160
C 14.90220 67.65840 13.12750
H 15.34810 69.49260 11.56760
H 17.41200 71.94150 11.59280
H 18.46820 68.91500 11.71090
H 14.30070 72.53170 11.36350
C 20.29270 69.46850 13.21060
C 22.37910 71.93420 13.21410
C 23.39540 68.88210 13.16760
C 25.47480 71.30960 13.20990
H 22.74530 73.73570 11.63380
H 20.58820 71.30770 11.63920
H 21.65620 68.27660 11.58470
H 24.81470 67.69570 11.59100
H 25.89690 73.05910 11.55420
H 23.73890 70.74670 11.59090
C 26.55890 68.23340 13.24820
C 29.85910 67.59170 13.30150
C 27.59860 73.60290 13.19230
C 28.76500 70.70040 13.23330
C 31.96570 70.10770 13.26440
C 30.85640 73.14030 13.22930
H 29.11280 72.49840 11.64360
H 26.91320 70.09460 11.67810
H 30.16160 69.42880 11.64050
C 9.88475 74.37960 13.10070
C 8.75417 77.33530 13.19020
C 7.75619 80.43890 13.24370
C 11.93920 76.74730 13.06010
C 10.88900 79.77970 13.02120
H 6.97010 76.80040 11.65300
H 9.05352 79.16400 11.54620
H 10.11630 76.21120 11.47960
H 12.27950 78.55520 11.44850
C 13.94660 79.17700 13.11520
C 18.22050 75.55600 13.21770
C 15.01590 76.16390 13.06830
C 17.12790 78.55560 13.22960
H 18.55640 77.40610 11.62090
H 19.54410 74.28680 11.61570
H 13.28030 75.55280 11.42480
H 15.42940 78.01040 11.52870
H 16.49840 74.98310 11.54320
C 24.54720 74.21110 13.23380
C 20.23350 77.97990 13.28460
C 21.28880 74.94420 13.20930
C 22.47620 80.37930 13.23520
C 23.43720 77.38820 13.30310
C 25.57100 79.74990 13.26270
H 21.67050 76.74690 11.69850
H 24.83280 76.15490 11.76880
C 26.65520 76.77440 13.26340
C 29.77640 76.01830 13.22210
C 28.65820 79.21810 13.23100
C 31.89480 78.55080 13.20570
C 9.87141 82.82510 13.24360
C 12.92180 82.20280 13.05200
C 8.68434 85.90810 13.24960
C 11.90880 85.37890 13.17090
H 11.14370 81.67520 11.41880
C 19.18640 81.13950 13.22530
C 15.93110 81.69120 13.11850
C 18.16540 84.02440 13.18040
C 15.00550 84.69260 13.19550
C 17.19970 87.12520 13.05060
C 13.99990 87.57240 13.09350
H 14.24150 81.02400 11.47600
C 20.31140 86.55140 13.11240
C 21.36120 83.42120 13.16090
C 24.58440 82.90210 13.16670
C 23.55920 86.01120 13.05620
C 28.67310 87.70790 12.87990
C 26.63690 85.28090 13.01760
C 27.76670 82.30340 13.09740
C 30.85280 81.69990 13.10300
C 29.85210 84.67410 12.93590
C 31.90510 87.13020 12.86610
C 11.77610 93.88530 13.17840
C 12.90430 90.73490 13.25060
C 9.78895 91.43040 13.20470
C 10.80920 88.37240 13.18200
C 7.60755 88.92720 13.32240
C 8.65476 94.38210 13.17780
C 15.05390 93.14720 13.08970
C 16.11930 90.09630 13.10040
C 19.17070 89.44360 12.95250
C 18.16770 92.50860 12.99830
C 21.38990 92.00320 12.89300
C 25.59820 88.55660 12.79140
C 22.40450 88.87940 12.95990
C 24.52290 91.39300 12.68170
C 23.42780 94.34000 12.61690
C 26.51560 93.77980 12.52860
C 27.57860 90.87820 12.66960
C 29.67670 93.10070 12.61760
C 30.85670 90.14080 12.78070
C 10.78700 96.91440 13.03140
C 9.80563 99.91580 13.00060
C 12.81280 99.36030 12.89110
C 7.65388 97.48130 13.14150
C 13.92730 96.22850 13.05160
C 16.03630 98.66210 12.91490
C 19.24490 98.08120 12.85810
C 17.15420 95.72070 12.98820
C 18.19690 101.05800 12.78780
C 25.58510 96.69310 12.56980
C 20.29790 95.06020 12.81890
C 24.62270 99.74490 12.72840
C 21.37060 100.48200 12.69050
C 22.59460 97.38670 12.70740
C 27.77200 99.22500 12.64930
C 30.95320 98.58950 12.53680
C 28.69620 96.09330 12.61390
C 31.87890 95.54650 12.63320
C 8.60679 102.72600 9.57994
C 7.45995 105.78200 9.49774
C 11.72850 102.09300 9.55514
C 10.62460 105.19300 9.43307
C 12.89010 107.61300 9.24788
H 11.10500 107.09400 10.92070
H 12.12900 104.02000 11.01610
H 10.05680 101.62100 11.28760
H 7.91370 107.69800 10.89350
H 8.92623 104.61600 11.14200
H 6.85788 102.19900 11.22630
C 13.86240 104.59300 9.42131
C 17.07030 103.97800 9.39538
C 15.98960 107.07700 9.27606
C 19.12380 106.40600 9.32484
C 15.08650 101.54200 9.48659
H 15.31260 103.41700 11.06260
H 17.33150 105.83000 10.96290
H 14.26540 106.52300 10.84160
H 18.46620 102.88100 11.14340
C 20.25550 103.24600 9.47376
C 22.32730 105.80800 9.26721
C 23.52050 102.70300 9.53585
C 25.46960 105.17300 9.24594
H 23.73670 104.70800 10.95700
H 20.59130 105.25200 10.93740
H 22.62040 107.72900 10.77430
H 25.87270 107.05000 10.79350
H 24.92850 101.58800 11.21650
H 21.70450 102.27200 11.14050
C 26.53340 102.20400 9.43218
C 29.68650 101.54000 9.31131
C 27.65330 107.69500 9.25270
C 28.69740 104.67500 9.29783
C 31.74780 103.89800 9.20703
C 30.77610 106.89000 9.26759
H 30.06150 103.35800 10.87960
H 26.92020 104.02900 10.87580
H 29.01530 106.43400 10.89140
H 32.14110 105.70300 10.86980
C 9.70608 108.30400 9.28858
C 8.64646 111.30600 9.25999
C 11.76060 110.76500 9.19109
C 7.60273 114.34400 9.29435
C 10.72970 113.79100 9.26505
H 9.02410 113.14100 10.86310
H 10.09590 110.16400 10.85670
H 12.17180 112.57000 10.81370
H 6.94449 110.80400 10.92430
H 13.20510 109.56800 10.82500
H 19.51770 108.32900 10.83450
C 13.86520 113.14300 9.12101
C 18.14640 109.45200 9.18362
C 14.94610 110.18600 9.16724
C 17.12620 112.51300 9.09125
H 17.44040 114.35500 10.70070
H 16.31850 108.98500 10.84840
H 15.35850 112.01100 10.71460
H 18.49570 111.35100 10.76100
C 24.43200 108.35300 9.26116
C 20.29140 112.00100 9.19129
C 21.22870 108.97000 9.19356
C 23.41770 111.30400 9.31719
C 22.49060 114.30600 9.30342
C 25.55620 113.63400 9.38488
H 24.82680 110.09200 10.94310
H 21.61610 110.74900 10.83790
H 20.66690 113.80100 10.86380
H 23.75190 113.06000 10.99720
C 26.51680 110.76100 9.26805
C 29.71490 109.99200 9.21307
C 31.92070 112.39600 9.19638
C 28.58300 113.01000 9.19396
H 27.93580 109.48700 10.85430
H 30.10460 111.89000 10.75090
H 32.26700 114.21300 10.85720
H 26.97430 112.45400 10.99220
H 31.19660 108.83000 10.79050
C 9.62706 116.73100 9.13015
C 12.74710 116.21100 9.15796
C 8.54604 119.89100 9.06911
C 11.82380 119.19000 9.06240
H 7.95491 116.21300 10.84080
H 9.99072 118.65300 10.64290
H 12.18550 121.01900 10.60260
H 11.04990 115.64900 10.78750
H 6.88807 119.20800 10.76130
H 9.03997 121.70600 10.68020
C 19.30410 115.06100 9.24816
H 14.23690 114.98600 10.66790
H 13.16840 118.01200 10.79240
C 16.01800 115.55500 9.06328
C 18.23690 118.08800 9.19038
C 14.89010 118.56600 9.07099
C 17.12770 121.02600 9.18828
H 16.40870 117.36900 10.59900
H 15.33780 120.35100 10.70070
H 19.56070 116.84600 10.91430
H 18.51550 119.87700 10.87410
C 14.01850 121.64400 9.12222
C 20.29840 120.43700 9.31950
C 21.40180 117.36100 9.31776
C 24.51860 116.78100 9.24597
C 23.39900 119.72000 9.25916
H 24.87870 118.56100 10.81080
H 21.68540 119.20800 10.94950
H 25.91230 115.49100 10.87330
H 22.75440 116.13700 10.87250
H 23.82400 121.54900 10.84910
H 28.98390 114.90400 10.72790
C 26.63080 119.17300 9.26277
C 27.57380 116.24000 9.20169
C 30.81790 115.40400 9.23036
C 29.71270 118.37500 9.17983
C 31.98060 120.90600 9.05862
H 30.13920 120.39000 10.58650
H 27.00650 121.07400 10.83900
H 31.18280 117.28200 10.82390
H 28.01990 117.94400 10.91710
C 28.67640 121.62900 9.07906
C 10.79040 122.29400 9.04606
C 11.77270 127.59300 8.99094
C 12.99310 124.53400 9.13267
C 7.58736 122.86000 9.07700
C 9.78744 125.24500 9.04730
H 11.14570 124.10800 10.67820
H 9.99813 127.14400 10.59240
H 8.05370 124.67100 10.65780
C 8.57441 128.18300 8.92767
H 6.83481 127.66600 10.56730
H 13.26470 126.48200 10.59590
C 15.11930 127.05500 9.02862
C 18.23250 126.43000 9.09562
C 19.26410 123.35000 9.27344
C 16.06340 123.94900 9.16468
H 16.44440 125.84700 10.63920
H 19.56940 125.24500 10.76390
H 17.46410 122.78200 10.79990
H 14.32980 123.38200 10.82420
H 18.50130 128.22500 10.71140
C 25.56300 122.16400 9.20967
C 21.27310 125.71000 9.15457
C 22.45800 122.76200 9.27382
C 24.45350 125.23500 9.16285
C 23.46040 128.20300 9.08914
H 21.65770 127.61200 10.62610
H 25.88500 124.06300 10.71370
H 24.85990 127.05000 10.78390
H 22.73410 124.58800 10.82280
H 20.65000 122.25600 10.87810
C 26.59790 127.56600 9.10208
C 30.89510 123.84700 9.01819
C 29.78550 126.97400 8.97017
C 27.66540 124.59800 9.09969
H 28.07790 126.40700 10.67730
H 31.27300 125.78300 10.46130
H 32.31850 122.74900 10.65070
H 29.09700 123.44400 10.68730
C 10.75620 130.64700 8.84109
C 7.59012 131.35700 8.71229
C 9.69120 133.70500 8.86250
C 12.91360 133.18100 8.95528
H 11.11220 132.49200 10.52590
H 12.08450 129.46700 10.52460
H 7.85333 133.16100 10.41780
H 8.89899 130.13100 10.38420
H 13.21180 134.89600 10.66970
H 17.45290 131.26100 10.63070
C 16.06510 132.44900 8.97251
C 19.23080 131.82800 8.96686
C 18.08950 134.84800 8.98928
C 17.11830 129.40200 9.05958
C 13.94990 130.07200 9.02095
H 16.37860 134.22400 10.65570
H 19.63510 133.67500 10.54980
H 14.25830 131.88700 10.55280
H 15.34150 128.85700 10.71780
C 20.28660 128.84200 9.06716
C 22.46990 131.19000 8.98071
H 20.62490 130.70100 10.61450
H 22.75680 133.06600 10.53670
C 25.62670 130.52100 9.05742
H 25.98830 132.43100 10.55520
H 23.82050 130.00000 10.65300
C 24.53020 133.50900 8.87333
C 21.34050 134.19600 8.90199
H 29.17000 131.79600 10.61590
H 30.24270 128.77100 10.51970
H 32.33890 131.20600 10.59320
H 27.02910 129.38600 10.70280
H 31.30080 134.19900 10.63160
C 27.78550 132.99700 8.97609
H 28.06500 134.88700 10.52880
C 28.73680 129.98100 9.03577
C 31.94440 129.44700 8.91528
C 30.84840 132.42400 9.00743
C 8.59581 102.83100 12.81780
C 7.63418 106.01300 12.69210
C 11.81400 102.28000 12.75240
C 10.79490 105.37100 12.63120
C 12.92710 107.77100 12.48880
C 13.87510 104.75900 12.52020
C 17.00010 104.08500 12.71140
C 15.98930 107.17900 12.50190
C 19.08720 106.56700 12.46050
C 15.04800 101.69900 12.79730
C 20.25230 103.52700 12.70030
C 22.24350 106.02200 12.52560
C 23.47990 102.96500 12.64550
C 25.56010 105.26700 12.48960
C 26.76560 102.27500 12.62490
C 27.61250 107.62100 12.42580
C 28.67570 104.60200 12.44800
C 31.86440 103.84900 12.42890
C 30.82500 107.03400 12.45810
C 29.82770 101.59200 12.49640
C 9.66695 108.40700 12.49090
C 8.70356 111.33800 12.47330
C 11.81440 110.76600 12.46480
C 7.70271 114.43400 12.48980
C 10.78060 113.87200 12.37180
C 13.98190 113.19000 12.35260
C 18.11110 109.54400 12.44060
C 14.93400 110.29400 12.38300
C 17.09010 112.54200 12.36620
C 24.39570 108.19200 12.39400
C 20.22150 112.01100 12.41470
C 21.24070 108.95500 12.42920
C 23.34120 111.22800 12.54350
C 22.33970 114.38800 12.51820
C 25.53020 113.66800 12.56000
C 26.58650 110.60400 12.55480
C 29.72870 110.12200 12.36390
C 31.88100 112.38000 12.40150
C 28.78510 113.11700 12.46970
C 9.67537 116.87700 12.38550
C 12.81840 116.14800 12.35870
C 8.65771 119.90100 12.28510
C 11.70830 119.25000 12.28480
C 19.12490 115.00200 12.39170
C 15.98790 115.56300 12.26950
C 18.02860 118.06700 12.38520
C 15.05480 118.51300 12.26090
C 16.96550 121.00900 12.41230
C 13.86650 121.52200 12.32230
C 20.22590 120.46300 12.52500
C 21.38670 117.35000 12.50290
C 24.54970 116.77300 12.42800
C 23.48080 119.74300 12.48730
C 26.62370 119.32600 12.42910
C 27.64400 116.08400 12.46980
C 30.82390 115.42400 12.40610
C 29.85890 118.67300 12.36780
C 31.88000 121.04300 12.30150
C 28.83230 121.64900 12.31430
C 10.84510 122.27300 12.28690
C 7.57254 122.90800 12.24000
C 9.78926 125.39100 12.25790
C 12.93840 124.69200 12.27980
C 11.75010 127.68700 12.17170
C 8.59868 128.41300 12.09290
C 18.16950 126.41500 12.31840
C 15.08430 126.98500 12.25980
C 19.18820 123.53500 12.38870
C 16.07590 124.11000 12.33570
C 24.53520 125.27100 12.37680
C 22.41990 122.80800 12.44050
C 21.32200 125.87300 12.32930
C 25.52540 122.27100 12.40910
C 23.41090 128.23600 12.29530
C 26.68860 127.54900 12.33820
C 27.64870 124.58700 12.29400
C 30.96290 124.08600 12.19200
C 29.94730 126.97300 12.15730
C 10.64860 130.61500 12.08560
C 7.52533 131.32000 12.02470
C 9.58068 133.61100 12.10500
C 12.83860 133.01900 12.22060
C 18.13080 134.73700 12.22270
C 19.24900 131.92600 12.21190
C 17.11920 129.46000 12.28380
C 13.82850 130.08000 12.17540
C 15.95710 132.42900 12.21280
C 25.58010 130.69600 12.21460
C 22.39760 131.28000 12.18600
C 21.43150 134.31300 12.15750
C 24.54530 133.66900 12.09030
C 20.30220 128.85800 12.22390
C 27.81440 133.00700 12.13440
C 28.86930 129.95600 12.19370
C 30.97760 132.38400 12.20500
C 31.97470 129.33100 12.16750
C 35.18480 1.64905 9.09599
C 34.10370 4.73502 9.12114
C 38.34670 0.92860 9.35519
C 37.23870 4.12645 9.23686
H 33.34530 1.03859 10.53680
H 35.36450 3.44771 10.78790
H 38.54810 2.83805 10.92160
H 37.57770 5.91901 10.77770
H 36.47460 0.43802 10.83610
H 39.70980 -0.20681 11.04000
C 41.59830 0.39705 9.59236
C 40.37830 3.37074 9.40051
C 43.50210 2.88680 9.43782
C 42.52510 6.03745 9.35768
C 45.73580 5.23318 9.51503
H 40.71650 5.31956 10.86500
C 44.65890 -0.19789 9.68553
H 41.75640 2.27979 11.08200
H 43.85220 4.72997 11.01740
H 44.89810 1.75936 11.15870
C 46.77040 2.23752 9.66557
C 49.98570 1.61703 9.74672
C 48.83520 4.65459 9.65564
C 52.08000 4.04345 9.74767
H 47.06030 4.11837 11.24560
H 48.14760 1.08394 11.38450
H 52.32550 5.95425 11.28650
H 50.23390 3.48336 11.29010
H 51.29790 0.42251 11.45200
C 53.04030 1.07818 9.91317
C 56.19840 0.52698 10.01750
C 55.16190 3.41384 9.96197
C 58.44280 2.81563 10.19320
C 57.35430 5.84584 10.02880
H 54.42670 -0.12123 11.57370
H 53.38480 2.91639 11.50960
H 55.53910 5.27589 11.50150
H 34.41770 6.54403 10.73150
C 35.13050 10.28560 9.42812
C 36.17370 7.26413 9.22545
C 38.23490 9.54429 9.34686
C 37.17950 12.53480 9.38590
H 33.35690 9.52495 10.94030
H 36.51460 8.97542 10.94380
H 38.62620 11.34040 10.94590
H 35.46950 11.97870 11.05450
C 32.95970 7.81771 9.19810
C 39.44410 6.53045 9.21011
H 39.71060 8.31355 10.85960
C 41.57420 8.95522 9.33954
C 40.40090 11.94620 9.39589
C 43.56510 11.24580 9.47753
C 44.72910 8.28436 9.50028
H 41.77960 10.74830 11.04780
H 42.85830 7.77518 10.99840
H 44.90870 10.07700 11.15590
H 45.99820 7.03423 11.19120
C 47.80160 7.63602 9.57515
C 51.05340 7.11976 9.66370
C 46.70500 10.67560 9.60809
C 49.94850 10.09840 9.63339
C 51.95330 12.53570 9.62677
H 47.05490 12.50620 11.17240
H 48.17680 9.49134 11.18250
H 49.23170 6.50442 11.15540
H 50.22560 11.92140 11.22430
H 51.27600 8.94520 11.33680
C 54.25750 6.51392 9.84304
C 53.09030 9.38211 9.79341
C 56.23300 8.83788 9.94363
C 55.24730 11.96640 9.88608
C 58.40250 11.38130 10.06940
H 54.41560 8.32633 11.50080
H 53.38180 11.33450 11.28990
C 34.13640 13.14760 9.38863
C 35.06460 18.57580 9.44081
C 36.17850 15.62630 9.47285
C 38.16050 17.97890 9.48013
H 34.48290 14.91740 11.02730
H 33.30420 17.93540 11.00310
H 37.54900 14.34740 11.03000
H 36.42040 17.40220 11.09190
C 33.12670 16.09480 9.37690
H 38.56140 19.78680 11.06670
C 39.30400 14.94140 9.45263
H 43.91620 13.15980 11.04950
C 42.50740 14.36690 9.43257
C 45.69150 13.74570 9.54275
C 41.40540 17.32140 9.37564
C 44.62310 16.78110 9.43544
H 39.66920 16.78110 11.04830
H 40.72490 13.72900 11.06660
H 42.83560 16.19720 11.03450
H 41.73760 19.18790 10.95520
H 44.91780 18.65810 11.03030
C 43.54150 19.90130 9.45249
H 45.96750 15.62550 11.13810
C 48.84450 13.11050 9.55718
C 46.79210 19.27030 9.61081
C 47.75900 16.23270 9.58412
C 50.93500 15.56860 9.62762
C 49.88870 18.55190 9.62527
H 48.07520 17.96470 11.31650
H 49.12710 14.93790 11.15350
H 51.29810 17.38730 11.27150
H 52.32980 14.33760 11.22760
C 53.05390 17.93180 9.66197
C 54.21020 14.83820 9.74290
C 57.24740 14.35130 9.96612
C 56.26280 17.37020 9.81847
C 58.38630 19.93310 9.88083
H 53.31310 19.77660 11.26620
C 33.93820 21.49680 9.36144
C 37.24600 20.99290 9.40977
C 36.02400 23.95990 9.34696
H 35.46620 20.43420 10.99100
H 37.50490 22.86250 10.95420
H 34.29450 23.34040 10.93800
C 32.96160 24.63340 9.32413
C 38.22850 26.48830 9.38330
H 36.42590 25.82560 10.91000
H 33.27580 26.42020 10.89810
C 39.29330 23.50520 9.41796
C 40.22880 20.36930 9.35853
C 45.62130 22.31200 9.63593
C 42.44360 22.90260 9.46670
C 41.53750 25.92920 9.48968
C 44.62710 25.26800 9.65814
H 43.84270 21.67000 11.18110
H 39.66900 25.30620 10.97360
H 40.64060 22.18400 10.96320
H 42.76330 24.67740 11.15140
H 45.90160 24.05410 11.35040
C 48.72880 21.71140 9.69911
C 51.98420 21.08990 9.70730
C 47.72360 24.61810 9.78722
C 50.90560 24.12680 9.82458
H 46.98250 21.06530 11.25000
H 50.16850 20.41450 11.22510
H 48.02530 26.45710 11.36870
H 49.14620 23.46410 11.36910
H 52.24880 22.82540 11.38440
C 52.97280 26.53340 9.93507
C 54.04670 23.48290 9.87044
C 57.29140 22.91080 9.97772
C 55.10700 20.45110 9.74781
C 56.18300 25.95460 10.01510
C 33.08370 33.27310 9.57129
C 35.00750 27.09880 9.35076
C 36.20810 32.67240 9.63337
C 34.07060 30.24340 9.46657
C 37.24600 29.60310 9.47206
H 35.43760 28.90180 10.98130
H 37.56880 31.34210 11.19560
H 38.60830 28.28720 11.02110
H 34.40420 31.96220 11.18320
H 42.75250 33.18080 11.21890
C 39.35250 32.05020 9.65717
C 42.38330 31.38360 9.62817
C 43.52480 28.28740 9.65435
C 45.70390 30.79170 9.77166
C 40.34450 29.01330 9.49224
H 41.67610 27.80120 11.15860
H 40.64400 30.73900 11.18620
H 44.90870 27.10330 11.29210
H 43.82920 30.16970 11.21920
C 49.87800 27.07090 9.88422
C 48.84980 30.23500 10.02100
C 51.89890 29.62920 9.97888
C 47.78300 33.10490 9.93824
C 46.74930 27.85270 9.78036
C 50.84690 32.62890 10.11520
H 46.99840 29.57880 11.54750
H 45.87940 32.59440 11.43460
C 57.29640 31.42000 10.36800
C 58.28050 28.36710 10.23920
C 54.14300 32.09070 10.20030
C 55.17850 29.03830 10.07600
C 34.93910 1.64615 12.32010
C 33.94580 4.67753 12.33000
C 38.21480 0.98867 12.53650
C 37.08000 4.20850 12.41640
C 41.38220 0.54587 12.71380
C 40.22960 3.52109 12.50930
C 43.46990 2.99044 12.70310
C 42.35460 5.93181 12.54510
C 45.50770 5.20466 12.76520
C 44.54870 -0.02361 12.87860
C 46.62370 2.30936 12.86200
C 49.92990 1.72077 13.00590
C 48.73480 4.80119 12.80800
C 51.93590 4.21321 12.92080
C 52.93820 1.11785 13.11470
C 56.19120 0.49144 13.19790
C 55.10220 3.55227 13.15010
C 58.18230 2.86537 13.31280
C 57.14770 5.93213 13.20530
H 58.63770 4.67921 11.75440
H 56.53480 2.29709 11.63110
C 35.07510 10.13550 12.57330
C 36.13440 7.10929 12.38600
C 38.29450 9.47567 12.49830
C 37.25680 12.51210 12.60560
C 33.00440 7.62620 12.45560
C 39.28280 6.51499 12.49300
C 41.37180 8.92531 12.56980
C 40.26950 11.89710 12.65360
C 43.51420 11.40970 12.67890
C 44.51210 8.22933 12.70490
C 47.80180 7.67006 12.73700
C 50.87400 7.11958 12.87780
C 49.82860 10.17170 12.90110
C 46.67760 10.64010 12.77180
C 51.92480 12.56510 12.85580
C 54.01210 6.46873 12.98050
C 52.98020 9.54917 12.96240
C 56.09200 8.95186 13.14290
C 58.08080 11.36580 13.18180
C 55.01820 11.93750 13.03170
H 56.49210 10.71250 11.49180
H 57.54690 7.73572 11.60570
C 33.93400 13.15260 12.54530
C 34.97140 18.65070 12.61170
C 36.18720 15.52460 12.64560
C 38.19890 17.93400 12.63340
C 39.26410 15.02750 12.61130
C 32.92790 16.08940 12.50500
C 42.50840 14.36220 12.63240
C 45.62210 13.78160 12.72170
C 41.49880 17.41120 12.60950
C 44.53900 16.86490 12.67120
C 43.41310 19.75850 12.66620
C 48.82450 13.14810 12.80310
C 50.84360 15.51570 12.79360
C 47.74050 16.09680 12.80200
C 46.51480 19.24200 12.81620
C 49.86570 18.61580 12.85420
C 53.02880 17.99260 12.91190
C 57.17830 14.44300 13.18170
C 53.95530 15.05730 12.95150
C 56.04830 17.45500 12.92790
H 56.52530 19.24850 11.32960
C 58.11530 19.77800 13.04330
H 55.48520 13.79680 11.54550
H 58.59290 13.19430 11.62750
H 54.40400 16.76210 11.27930
H 57.53580 16.17470 11.55120
C 32.92930 24.57980 12.52800
C 36.03850 23.99240 12.53340
C 39.25110 23.52060 12.52440
C 33.95250 21.51940 12.57650
C 37.15330 21.06120 12.60830
C 38.18180 26.42770 12.55650
C 40.32260 20.31130 12.59480
C 44.46760 25.24400 12.87870
C 41.30430 25.92090 12.67370
C 45.52370 22.25030 12.88150
C 42.31750 22.80240 12.68670
C 51.91620 20.93560 12.91420
C 50.86990 23.99910 13.06360
C 47.67800 24.58160 12.96400
C 48.74360 21.61910 12.84520
H 51.21540 25.85920 11.53450
C 57.14310 22.77130 13.12660
C 55.05470 20.39480 12.93970
C 52.85450 26.44040 13.10050
C 56.03390 25.82350 13.22010
C 53.95000 23.38160 13.04180
H 57.51050 24.66220 11.65010
H 54.37320 25.25120 11.53330
H 58.62680 21.65500 11.57090
H 55.43310 22.24420 11.43500
C 32.84750 33.11220 12.75080
C 36.06060 32.50980 12.84070
C 34.98240 27.00840 12.52420
C 34.01050 30.01250 12.67370
C 37.18260 29.41080 12.66200
C 39.27450 31.94560 12.81900
C 45.42360 30.83780 13.02990
C 42.37120 31.34390 12.79530
C 43.43080 28.29600 12.78760
C 40.23520 28.94610 12.77230
C 48.76720 30.01820 13.25650
C 47.49450 33.21820 13.13460
C 46.59580 27.64340 13.02220
C 51.95900 29.53670 13.22850
H 52.29240 31.38460 11.67040
C 49.67500 27.00170 13.12220
H 49.05380 31.98260 11.70940
H 50.17970 28.90640 11.61340
C 50.86760 32.53830 13.26270
C 54.99890 28.86190 13.28100
C 53.99900 31.89650 13.39240
H 58.56550 30.10060 11.97740
H 56.44970 27.70650 11.73550
H 55.40210 30.74460 11.77970
C 57.08870 31.33210 13.50340
H 53.31130 28.31920 11.52560
H 57.47200 33.16190 12.05760
C 58.12810 28.22670 13.44550
C 35.11480 35.59260 9.68121
C 33.99580 38.59670 9.71314
C 38.15860 35.07790 9.76926
C 37.24680 37.99540 9.71625
H 33.32650 35.02800 11.27220
H 37.52760 39.85150 11.21300
H 38.53720 36.84460 11.44110
H 35.44240 37.40720 11.26060
H 36.45700 34.38750 11.32870
C 41.38980 34.46180 9.63173
C 40.24300 37.52420 9.79043
C 43.41310 36.79020 9.64565
C 42.40370 39.95940 9.78843
C 45.63490 39.18700 9.82683
C 44.56820 33.73560 9.71246
H 40.65840 39.28710 11.39040
H 43.78890 38.58030 11.28310
H 41.69530 36.22040 11.27060
H 39.64610 33.82850 11.26500
H 44.85260 35.60250 11.28780
C 46.74760 36.10870 9.84216
C 49.93490 35.64110 10.04360
C 48.78710 38.65460 10.05130
C 52.02130 38.04500 10.29360
C 53.11880 35.07280 10.24330
C 56.23820 34.44510 10.45700
C 55.17470 37.40960 10.52270
C 58.24520 36.73750 10.59180
C 57.18070 39.85020 10.60340
C 34.98030 44.12590 9.80727
C 36.08180 41.05020 9.64695
C 38.17850 43.61620 9.81403
C 37.14780 46.49000 9.83124
C 32.83920 41.67350 9.77095
H 38.52960 45.33110 11.51550
H 33.27720 43.47180 11.43850
H 35.43230 45.86520 11.47310
H 34.32340 40.46510 11.33690
H 36.45560 42.86110 11.32620
C 39.35780 40.45620 9.72089
C 41.36330 42.90960 9.79923
C 44.61680 42.27750 9.81794
C 40.21600 45.90220 9.85860
C 43.50220 45.28520 9.85525
H 39.58430 42.29160 11.35490
H 42.76500 41.71130 11.35720
H 44.85880 44.04840 11.45880
H 41.68350 44.71220 11.39680
C 47.73710 41.59610 10.02550
C 50.99570 41.02960 10.33230
C 46.72530 44.62530 9.95875
C 49.84280 44.11840 10.20370
C 51.89990 46.52550 10.33820
H 46.93260 46.48680 11.47560
C 54.05490 40.43190 10.62350
C 53.10030 43.47490 10.50420
C 56.10260 42.73830 10.65980
C 54.99630 45.85550 10.49830
C 58.23830 45.24910 10.46470
C 33.93490 47.10210 9.94271
C 33.00790 50.06750 9.88724
C 35.11780 52.43230 9.97540
C 36.13610 49.60090 9.94685
C 38.19470 51.92390 9.96914
H 34.38540 48.90630 11.61070
H 33.27610 51.91270 11.50230
H 36.51410 51.28650 11.67570
H 37.53700 48.33580 11.37370
H 38.57740 53.69860 11.57340
C 39.34560 48.89160 9.85103
C 42.34180 48.18330 9.78961
C 45.57750 47.72270 9.82410
C 41.24160 51.31110 9.75187
C 44.57330 50.61760 9.70766
C 43.48100 53.58740 9.62666
H 44.96020 52.48770 11.25630
H 41.74710 53.16420 11.28110
H 39.64740 50.71630 11.47680
H 43.82540 47.09330 11.41010
H 42.77280 50.08800 11.23920
H 40.66020 47.69170 11.43440
C 48.81480 47.16450 10.13080
C 50.85960 49.44730 10.22680
C 47.72710 49.95410 9.94956
C 46.69270 53.09880 9.63667
C 49.86930 52.45630 9.90032
H 45.88290 49.48650 11.43700
H 49.01640 48.93610 11.78760
H 48.00290 51.95010 11.40160
H 51.20660 51.38550 11.70520
C 53.08070 51.85650 10.20850
C 54.00100 48.86310 10.43170
C 57.10750 48.27000 10.43440
C 56.17330 51.15500 10.31630
C 58.20870 53.64530 10.15450
H 53.28590 53.76850 11.68940
C 32.91310 58.49170 10.02530
C 34.00880 55.51310 10.00020
C 37.14750 54.88850 10.00220
C 36.03410 57.81290 9.97756
C 38.09870 60.38940 9.84347
H 33.27740 60.30260 11.66380
C 39.15500 57.33940 9.77397
H 37.59100 56.71910 11.56340
H 34.33730 57.31380 11.70740
H 36.44220 59.67090 11.49660
H 35.43420 54.28510 11.56530
C 44.58050 59.25910 9.46554
C 40.19250 54.26410 9.79809
C 41.28370 59.82580 9.72218
C 42.39650 56.74840 9.58416
C 45.62170 56.00630 9.52843
H 43.84780 55.49510 11.12710
H 42.82260 58.61830 11.12560
H 40.69620 56.15250 11.24870
H 39.58640 59.17030 11.32710
C 47.86210 58.55930 9.49212
C 50.92230 57.90480 9.73180
C 52.00620 54.93400 9.93617
C 48.79480 55.47130 9.63720
H 45.96380 57.92080 10.95720
H 47.02250 54.93360 11.22460
H 50.11470 54.34640 11.34750
H 49.09350 57.35740 11.24080
H 52.24750 56.80730 11.43940
H 51.18500 59.79460 11.18990
H 48.02620 60.41610 11.04700
C 55.05850 54.26390 10.01440
C 53.05730 60.34630 9.70551
C 57.26180 56.73020 9.91698
C 53.99530 57.40020 9.81895
C 56.21070 59.78320 9.77532
H 57.52640 58.58710 11.43730
H 54.42510 59.22770 11.36210
C 32.88540 67.03220 10.02140
C 37.20440 63.32930 9.91054
C 33.97600 64.05810 9.97307
C 34.99400 60.87600 9.96577
C 36.03770 66.48110 9.92955
C 39.22780 65.84820 9.84519
H 37.47470 65.20880 11.51560
H 34.37170 65.84680 11.62490
H 35.38350 62.71900 11.49160
H 38.58740 62.14000 11.48070
C 45.58340 64.60930 9.49599
C 40.25610 62.85160 9.78323
C 43.45920 62.22520 9.67088
C 42.37920 65.18480 9.73872
H 42.80470 67.05880 11.31050
H 43.93750 64.04180 11.25060
H 40.72250 64.64610 11.48440
H 44.91850 61.01480 11.18030
H 41.73720 61.66060 11.31300
H 49.16010 65.88200 10.96810
H 45.93170 66.47430 11.08880
C 49.81290 60.96900 9.48708
C 50.90320 66.40060 9.38247
C 47.64560 67.04720 9.44586
C 52.00580 63.45370 9.51810
C 46.60980 61.58640 9.50236
C 48.70590 63.99040 9.42847
H 50.16390 62.82940 11.03960
H 47.03700 63.41440 11.07470
H 52.29590 65.27790 11.12530
H 58.61670 64.06160 11.26010
C 58.26480 62.14450 9.72324
C 55.08320 62.75820 9.69597
C 57.20900 65.22120 9.58786
H 55.44890 64.62910 11.25900
H 57.58220 67.10190 11.10190
C 54.07120 65.73080 9.53690
H 53.27890 62.23520 11.25560
H 56.49990 61.61460 11.41240
C 35.06290 35.62030 12.87280
C 34.06870 38.57170 12.92370
C 38.17070 34.91490 12.92400
C 37.09240 38.10960 12.89780
C 44.32670 33.83600 12.91900
C 41.37130 34.39740 12.85000
C 40.35660 37.43630 12.95660
C 43.43980 36.75720 12.89010
C 42.45490 39.86540 12.91160
C 45.49740 38.98890 13.05410
C 46.55550 36.05190 13.01660
C 49.73660 35.60930 13.19680
C 48.59280 38.54350 13.20830
C 51.70930 37.90910 13.52870
H 51.22880 34.40720 11.69140
H 52.20640 39.76700 12.05820
H 50.13420 37.40800 11.67760
H 46.95790 37.93530 11.48910
H 48.07590 34.94230 11.49290
C 52.86880 34.89860 13.46080
C 56.02580 34.33210 13.65040
C 54.98610 37.30310 13.69480
C 58.13930 36.75480 13.76140
C 57.18160 39.72470 13.83080
H 55.39090 39.17720 12.18600
H 53.30640 36.77770 11.97230
H 56.46870 36.16240 12.16920
H 54.38540 33.79870 11.90060
H 58.56890 38.55370 12.13110
C 32.90040 41.59200 12.99830
C 35.07780 43.96760 13.00970
C 36.20570 41.03100 12.90800
C 38.17600 43.46560 12.99930
C 37.15500 46.58730 13.05810
C 39.19600 40.40210 12.90120
C 41.35990 42.93620 12.94170
C 44.44670 42.22870 13.05340
C 40.29480 45.92660 13.04580
C 43.40870 45.29030 13.01760
C 47.49490 41.57500 13.24140
C 50.65620 41.06570 13.46990
C 46.54680 44.71260 13.07300
C 49.54640 44.05080 13.42310
C 51.65350 46.53260 13.59920
H 49.04860 40.42420 11.72530
H 48.02940 43.38330 11.65310
H 51.17940 42.90160 11.89500
H 50.06890 45.91900 11.85470
H 45.88880 40.96820 11.52500
C 53.88560 40.36320 13.73970
C 52.72210 43.52160 13.70090
C 56.04450 42.92570 13.82180
C 54.96380 45.88440 13.69560
C 58.25910 45.40810 13.71310
H 56.50820 44.71040 12.12420
H 57.48960 41.59210 12.36260
H 53.21430 45.36130 12.07110
H 54.32780 42.29250 12.29610
C 33.87140 46.98040 13.02050
C 34.97960 52.47710 13.18470
C 36.17540 49.36040 13.15520
C 38.35820 51.87270 13.20830
C 32.94730 50.07240 13.14100
C 39.27680 48.89120 13.01550
C 42.37530 48.33650 12.95600
C 45.52070 47.74680 13.04830
C 41.52420 51.40510 12.90380
C 44.42710 50.84250 12.88760
C 43.53620 53.78790 12.80490
C 48.46060 47.14640 13.28660
C 50.67520 49.65100 13.40040
C 47.49040 50.25160 13.12550
C 46.58010 53.25400 12.91390
C 49.70680 52.63680 13.07730
H 52.15270 48.35090 11.95340
H 58.59350 47.13820 12.05200
C 52.86730 52.06190 13.38860
C 53.85600 48.95400 13.61080
C 57.20990 48.31650 13.67200
C 56.16900 51.44570 13.53490
H 56.41700 53.16510 11.77320
H 57.54250 50.07630 12.00660
H 54.40210 50.73180 12.00330
H 55.39510 47.70770 12.09640
C 58.19950 53.86020 13.41450
C 32.92530 58.47620 13.27400
C 36.21860 57.88920 13.19090
C 37.15290 54.95930 13.17070
C 34.00450 55.38340 13.23770
C 38.23790 60.23910 13.05690
C 39.50630 57.36810 12.96480
C 42.52840 56.75410 12.73530
C 45.57100 56.17950 12.70090
C 41.43550 59.70290 12.77550
C 44.70970 59.12470 12.68200
C 40.44520 54.41860 12.96970
C 50.77960 58.05760 12.90170
C 51.67180 55.06630 13.04000
C 47.57830 58.64180 12.66730
C 48.68490 55.63000 12.84910
C 57.08460 56.85180 13.09840
C 56.11740 59.80740 13.02950
C 55.01300 54.55260 13.23380
C 53.94430 57.41860 12.96590
H 55.39770 56.17990 11.40370
H 58.53400 55.57050 11.66670
C 52.89990 60.42890 12.88410
C 36.19320 66.48060 13.17380
C 35.13800 60.92830 13.16290
C 34.21850 63.99130 13.20660
C 37.16260 63.38980 13.07190
C 32.90550 67.05450 13.17680
C 39.31990 65.89310 13.02480
C 42.60500 65.27500 12.94540
C 40.42100 62.74580 13.07300
C 45.74910 64.65180 12.74690
C 43.56510 62.24040 12.85340
C 48.76110 64.08290 12.61320
C 46.75080 61.64780 12.71920
C 47.78590 67.13340 12.58190
C 50.82380 66.57030 12.61810
C 51.79460 63.48050 12.78520
C 49.76720 61.07460 12.68880
C 54.03750 65.99050 12.72300
C 58.23190 62.32490 13.00120
C 54.96160 62.88410 12.89990
C 57.16960 65.33520 12.78690
C 34.98220 69.46830 9.90507
C 33.97870 72.48820 9.90198
C 38.10470 68.81920 9.84073
C 37.18020 71.95420 9.75178
H 35.49300 71.29820 11.46800
H 37.53870 73.72990 11.38650
H 33.29280 68.87020 11.62010
H 38.55630 70.69270 11.34730
H 36.40060 68.26170 11.50590
C 44.44590 67.70280 9.57317
C 41.34480 68.16950 9.71310
C 40.22780 71.29420 9.70995
C 43.35150 70.61140 9.54063
C 42.29520 73.65280 9.54602
C 45.49930 73.03140 9.44120
H 41.67500 70.03860 11.24580
H 43.75400 72.49090 11.08010
H 40.60460 73.16720 11.26770
H 44.93690 69.54090 11.12030
H 39.59070 67.67310 11.37110
C 46.70000 70.11760 9.42623
C 49.83920 69.52180 9.39786
C 48.76200 72.44040 9.41974
C 51.88600 71.86000 9.31117
H 47.00620 71.93620 11.08700
H 50.19880 71.31250 11.00680
H 48.08460 68.91770 10.96350
H 52.21400 73.77480 10.84160
H 51.26780 68.27310 10.92180
C 53.04050 68.84600 9.37228
C 56.21800 68.25630 9.40800
C 54.99290 71.27640 9.28854
C 58.20570 70.76330 9.33216
C 57.18650 73.76580 9.27591
H 55.39380 73.16180 10.80940
H 53.30530 70.73190 10.97450
H 54.45500 67.62870 10.99130
H 56.46180 70.15150 10.93630
H 58.54460 72.58050 10.95070
C 34.97970 77.83480 9.85550
C 36.06250 74.94150 9.84436
C 38.11790 77.36290 9.79859
C 37.07490 80.41840 9.69950
H 38.52190 79.19960 11.27890
H 35.38150 79.80330 11.29100
H 33.28330 77.34070 11.57180
H 36.44460 76.75030 11.47370
C 32.89480 75.55420 9.90180
H 34.31190 74.30370 11.47620
C 39.16540 74.35780 9.68780
C 33.84470 80.95590 9.83448
C 41.21290 76.78070 9.58509
C 40.23610 79.75760 9.64846
C 43.27120 79.17540 9.45810
C 44.37920 76.11830 9.32898
H 41.67050 78.56820 11.21550
H 44.79770 77.95800 10.90880
H 42.72320 75.53910 11.02120
H 39.60530 76.14610 11.30040
H 45.83720 74.95390 10.96370
C 47.55840 75.68710 9.34166
C 50.69370 74.86000 9.20342
C 46.56350 78.61750 9.36050
C 49.73460 78.10360 9.25472
C 51.88940 80.54170 9.33289
H 50.13000 79.80560 11.00570
H 46.92850 80.40680 11.01120
H 51.17770 76.75340 10.72560
H 48.05440 77.39020 10.94640
H 48.98360 74.39070 10.90670
C 53.94470 74.31090 9.19567
C 52.89180 77.50940 9.13237
C 56.17080 76.78420 9.18049
C 55.10080 79.84690 9.30822
C 58.24910 79.27890 9.29329
H 53.28570 79.25220 10.84280
H 54.32100 76.21680 10.69550
H 56.44490 78.59460 10.79930
H 57.50420 75.61030 10.87910
C 35.08240 86.34200 9.68298
C 36.03050 83.38340 9.70590
C 39.15140 82.70250 9.64574
C 38.10290 85.84460 9.61941
H 33.28590 85.84220 11.29550
H 37.47440 82.22910 11.26140
H 34.31890 82.77300 11.37770
H 36.42600 85.17340 11.28760
H 38.51120 87.63530 11.15910
C 32.90470 83.93480 9.73101
H 43.76720 80.96770 11.08290
C 45.47530 81.70030 9.50246
C 42.32230 82.16500 9.61912
C 41.38810 85.04500 9.64782
C 44.40080 84.57570 9.63813
H 44.78930 86.45460 11.14410
H 41.69500 86.99100 11.06790
H 42.79430 83.89730 11.33160
H 40.62300 81.57700 11.29220
H 39.56170 84.61040 11.19380
C 43.43950 87.64320 9.49047
C 48.67720 81.06830 9.41895
H 45.91220 83.40550 11.17470
C 47.65690 84.07530 9.60586
C 50.86250 83.53820 9.48686
C 46.59540 86.89370 9.57786
C 49.69500 86.45620 9.60571
H 51.15810 85.28010 11.15060
H 49.12190 82.80610 11.05490
H 48.02730 85.82120 11.29850
H 52.26820 82.23750 11.07440
H 58.56390 81.05780 10.90220
C 52.83210 85.84660 9.49302
C 53.96790 82.82520 9.42617
C 57.14060 82.30500 9.38200
C 56.06770 85.30820 9.48478
H 56.53470 87.10470 11.02450
H 54.29100 84.65020 11.04490
H 57.56660 84.09680 11.00170
H 55.41540 81.61500 10.96100
H 53.28700 87.67680 11.06180
C 58.35590 87.81950 9.54541
C 33.95760 89.33120 9.62057
C 37.04960 88.81390 9.59969
C 36.07620 91.82760 9.56526
H 33.28430 94.29170 11.01370
H 37.44410 90.62610 11.15950
H 36.44520 93.68930 11.07400
H 35.38370 88.21770 11.25050
H 34.30410 91.24200 11.10960
C 38.11600 94.16120 9.34437
C 32.92390 92.37100 9.46530
C 39.12480 91.08910 9.49321
H 39.55770 93.02140 10.99640
C 44.41130 92.96110 9.28100
C 40.17810 88.21530 9.55273
C 42.17920 90.51710 9.46152
C 41.26560 93.64660 9.35144
C 45.41850 89.98060 9.49803
H 43.63740 89.46360 11.11170
H 40.55030 90.01330 11.15560
H 42.69560 92.43240 10.97510
H 45.86010 91.85820 10.98830
C 51.80240 88.82740 9.50807
C 50.85390 91.93160 9.39757
C 47.71300 92.46610 9.43391
C 48.64420 89.29190 9.40578
H 46.92080 88.83510 11.13340
H 48.02380 94.35030 10.97230
H 49.11170 91.19730 10.99750
H 52.25720 90.69390 11.04450
H 50.13390 88.28340 11.16430
H 51.14090 93.71550 11.12330
C 52.97530 94.33690 9.62528
C 57.28160 90.74080 9.69051
C 55.07490 88.32940 9.50543
C 56.09260 93.67500 9.69562
C 54.03670 91.40540 9.57946
H 55.42720 90.10600 11.15430
H 58.61510 89.50350 11.33180
H 54.32070 93.13420 11.31400
H 57.50690 92.53340 11.32430
C 32.92010 100.78900 9.20404
C 35.05410 94.85320 9.40622
C 36.11190 100.30400 9.19521
C 33.99310 97.78360 9.26553
C 37.12200 97.25410 9.22369
H 35.41700 96.70060 10.91050
H 38.54690 96.01480 10.84100
H 37.47920 99.07170 10.79720
H 34.40360 99.61950 10.80840
C 39.23600 99.72540 9.18982
C 45.61970 98.53670 9.15808
C 42.41840 99.06610 9.13440
H 41.66920 95.53190 10.84100
H 40.66160 98.47150 10.78140
H 43.82640 97.93580 10.70260
H 42.77940 100.92800 10.75850
C 40.27010 96.67590 9.17118
C 43.43610 96.03030 9.15958
H 44.83850 94.89540 10.75940
H 45.94620 100.32100 10.79260
H 49.03820 99.77680 11.09290
H 46.95050 97.29980 10.78520
C 49.79070 94.90440 9.37762
C 50.77350 100.34200 9.52269
C 48.81470 98.00180 9.42602
C 47.81030 100.98000 9.35886
C 46.62280 95.47830 9.21758
C 51.91620 97.33160 9.59906
H 50.08970 96.71130 11.05950
H 52.20940 99.23480 11.20100
C 55.07430 96.71020 9.63983
H 58.60150 98.00510 11.34320
H 57.44500 101.04600 11.25900
H 53.27930 96.15970 11.28810
C 57.21870 99.19130 9.65414
C 58.19020 96.20220 9.69382
C 53.99400 99.76760 9.58712
H 55.39720 98.56920 11.17340
H 56.41500 95.49040 11.35050
C 35.09930 69.49660 13.14980
C 34.07870 72.49030 13.10760
C 38.25020 68.95660 12.97150
C 37.27930 71.98490 13.02700
C 41.36510 68.21700 12.93580
C 40.38750 71.33970 12.85150
C 43.40560 70.70410 12.78920
C 42.47570 73.83670 12.70810
C 45.59070 73.22050 12.67430
C 44.69000 67.75100 12.75920
C 46.75410 70.05520 12.67600
C 49.85890 69.57090 12.51410
C 48.82800 72.62180 12.56660
C 51.93280 72.02270 12.54700
C 52.98010 68.88840 12.53600
C 56.13060 68.36630 12.61120
C 55.04510 71.40040 12.50560
C 58.20270 70.72600 12.54690
C 57.08010 73.83320 12.47020
C 32.92650 75.45990 13.12930
C 35.09740 78.08580 13.02710
C 36.15090 74.88120 13.01680
C 38.31030 77.40250 12.90360
C 37.13340 80.43670 12.84720
C 39.30460 74.37460 12.96090
C 41.41060 76.69720 12.76000
C 40.29200 79.75620 12.87620
C 43.51790 79.13100 12.67430
C 44.50400 76.17980 12.56400
C 47.62680 75.57080 12.53510
C 50.80540 75.04510 12.47550
C 49.87240 77.86860 12.52520
C 46.54120 78.57990 12.50610
C 51.96130 80.37380 12.56740
C 54.00770 74.46920 12.39740
C 52.97910 77.33130 12.35500
C 55.99980 76.80680 12.39770
C 58.15370 79.17410 12.42530
C 55.06250 79.73480 12.44910
C 34.14410 80.92790 13.01920
C 32.97030 83.99190 12.91240
C 35.07140 86.42820 12.87840
C 36.08080 83.36280 12.91650
C 38.20120 85.90310 12.81180
C 39.21990 82.82560 12.82520
C 45.56860 81.58300 12.69490
C 42.43600 82.08820 12.83990
C 41.35700 85.23080 12.76530
C 44.57410 84.65290 12.80410
C 43.37960 87.64710 12.73350
C 48.72390 80.99180 12.64500
C 50.87890 83.37590 12.68220
C 47.70150 83.93360 12.78620
C 46.46700 87.02530 12.78210
C 49.82280 86.46670 12.81010
C 52.93010 85.87600 12.70320
C 57.13140 82.19700 12.51700
C 54.08120 82.74400 12.61800
C 56.12530 85.21710 12.55560
C 58.16220 87.61340 12.76620
C 34.04040 89.54580 12.81400
C 37.18600 88.83840 12.77860
C 36.02240 91.92380 12.70800
C 32.93480 92.45590 12.64390
C 38.19790 94.32240 12.62050
C 39.20730 91.27340 12.72570
C 45.39460 90.09270 12.67040
C 42.29900 90.74880 12.69080
C 41.32380 93.75860 12.51000
C 44.44950 93.17310 12.53440
C 40.34670 88.17940 12.70980
C 50.83670 91.81720 12.64970
C 47.71040 92.47780 12.54510
C 51.99060 88.91280 12.70440
C 48.68330 89.44540 12.75000
C 57.10260 90.65730 12.84430
C 56.07490 93.64100 12.94720
C 53.91150 91.21220 12.74280
C 55.08830 88.27490 12.65190
C 52.83620 94.28630 12.88920
C 32.99340 100.91800 12.38150
C 36.10450 100.30000 12.41340
C 34.03570 97.93180 12.54170
C 35.04150 94.96660 12.60990
C 37.19990 97.32340 12.44420
C 39.25320 99.67680 12.37450
C 40.23660 96.71520 12.45850
C 42.40790 99.05680 12.33920
C 43.46640 96.17960 12.36580
C 45.52600 98.54050 12.37520
C 50.71260 100.51100 12.70580
C 51.69890 97.34850 12.77780
C 49.68020 94.93040 12.70890
C 46.51900 95.62170 12.46080
C 47.56090 100.91500 12.54450
C 48.59020 97.85700 12.55480
C 55.01570 96.78900 12.89720
C 58.18270 96.11540 12.91140
C 57.08000 99.26740 12.85510
C 54.07650 99.85870 12.76360
C 35.14410 103.32600 9.18834
C 33.88000 106.31700 9.26869
C 38.18270 102.76600 9.17659
C 37.16410 105.78900 9.22293
H 35.38930 105.17100 10.81170
H 33.31560 102.73100 10.70430
H 37.50460 107.56600 10.85050
H 36.49260 102.09700 10.82080
H 38.53110 104.58400 10.82870
C 41.39510 102.18900 9.14074
C 40.22820 105.23200 9.23317
C 43.45580 104.67100 9.19072
C 42.43000 107.54000 9.23244
C 45.65490 106.93800 9.38291
C 44.54060 101.55600 9.19369
H 44.85180 103.40400 10.78590
H 43.82960 106.42500 10.88170
H 40.65570 107.04700 10.83310
H 39.63520 101.57800 10.81750
H 41.70770 104.00900 10.76890
C 46.75580 104.04300 9.37984
C 49.82380 103.42900 9.43045
C 48.70080 106.45600 9.51017
C 51.89560 105.82300 9.45204
H 48.04910 102.76300 11.00870
H 46.96630 105.82500 11.11030
H 50.11900 105.23300 11.05610
H 51.16570 102.21100 11.02130
H 52.30620 107.61600 11.08670
C 53.00850 102.84400 9.47195
C 55.10010 105.23600 9.51010
C 58.34970 104.73900 9.59049
C 56.17540 102.20000 9.48980
C 57.30340 107.66700 9.61956
H 56.49050 104.03300 11.05980
H 53.28330 104.65400 11.04100
H 55.46320 107.05000 11.10610
H 54.38160 101.65100 11.11790
H 58.53050 106.43600 11.31520
C 35.07940 111.82000 9.26343
C 36.21430 108.84200 9.30400
C 38.20600 111.25000 9.43050
C 37.18660 114.19800 9.30225
H 38.53690 113.07400 11.01060
H 36.41930 110.61700 10.98060
H 35.46740 113.54900 10.92640
H 34.30890 108.19700 10.82380
H 33.30920 111.24800 10.80510
C 32.99860 109.42800 9.16182
C 39.18990 108.28000 9.28322
C 41.29400 110.65800 9.31383
C 44.57370 110.00500 9.17748
C 40.22270 113.47900 9.30656
C 43.45810 113.05100 9.18033
H 41.78500 112.46900 10.94220
H 39.60180 110.00700 11.00100
H 42.79390 109.42600 10.78360
H 44.91410 111.85300 10.68920
H 45.96330 108.87700 10.88610
C 47.76310 109.43300 9.30654
C 46.73700 112.54300 9.22150
C 52.10410 114.25800 9.50039
C 49.96600 111.92600 9.36682
C 50.90490 108.87500 9.46685
H 49.07440 108.28800 11.06190
H 51.22480 110.64100 11.04180
H 48.09520 111.31100 10.81420
H 47.01020 114.33000 10.86850
H 50.24880 113.75500 11.04060
C 54.07550 108.26500 9.48671
C 53.01520 111.27100 9.47324
C 55.15930 113.63000 9.64063
C 58.32590 113.12300 9.81032
C 56.29340 110.68900 9.63369
H 56.49850 112.48000 11.32870
H 54.40670 110.07900 11.08480
H 53.34180 113.02100 11.18860
H 57.58650 109.44600 11.24400
C 34.10280 114.81200 9.33044
C 35.05960 120.26700 9.15070
C 36.10970 117.32200 9.22323
C 38.24860 119.72100 9.17323
H 34.33280 116.72200 10.86160
H 33.28920 119.74500 10.79190
H 36.49660 119.13300 10.80680
H 37.53290 116.08000 10.80410
C 32.96120 117.90200 9.18145
H 38.59510 121.50600 10.78210
C 39.26330 116.63600 9.16683
H 43.83280 114.83400 10.81490
C 42.40230 116.05100 9.23020
C 45.59110 115.50600 9.23624
C 41.40570 119.15900 9.14648
C 44.58440 118.59700 9.28387
H 39.65860 118.48000 10.78140
H 40.60660 115.40300 10.78240
H 42.78100 117.92200 10.81470
H 41.75100 120.98000 10.74900
H 44.95520 120.33500 11.00170
C 43.63810 121.51200 9.25204
H 45.95040 117.29800 10.91850
C 48.85350 114.99000 9.41846
C 51.01290 117.34800 9.58534
C 47.79990 118.01600 9.45153
C 46.78320 120.98800 9.48097
C 49.82730 120.35600 9.68254
H 52.32960 116.01600 11.16400
H 48.03480 119.73800 11.22280
H 49.15210 116.73600 11.08310
H 51.28600 119.11800 11.28080
H 58.65120 114.90300 11.38170
C 56.36340 119.18500 9.98609
C 57.34710 116.18600 9.79425
C 53.12480 119.73000 9.75202
C 54.12500 116.67100 9.65545
H 55.49680 115.47800 11.26980
H 53.39130 121.50600 11.42850
H 56.54560 121.00400 11.68110
H 54.49030 118.47300 11.41540
H 57.71480 117.91600 11.52410
C 58.44360 121.65600 10.24170
C 36.18510 125.75800 8.99684
C 37.22050 122.61800 9.07610
C 34.07420 123.32700 9.04148
H 33.36890 128.24700 10.51080
H 36.51920 127.66200 10.58060
H 35.42830 122.12200 10.63680
H 34.40720 125.19500 10.58420
C 38.39380 128.25900 9.07704
H 37.49430 124.52600 10.66240
C 33.04200 126.41000 8.93239
C 39.32580 125.20600 9.17013
H 39.70490 127.03300 10.76120
C 44.72980 127.06100 9.46032
C 41.53150 127.64100 9.25537
C 45.72030 123.92900 9.43716
C 42.55040 124.52500 9.25739
C 40.33590 122.20000 9.18171
H 40.71950 123.97200 10.80400
H 43.89090 123.27300 10.93870
H 42.83340 126.35100 10.91170
H 45.96550 125.76400 11.05850
C 47.85710 126.46800 9.68520
C 48.88040 123.39600 9.67519
C 50.92510 125.70600 9.79152
C 52.05950 122.79700 9.81864
H 47.02610 122.75100 11.12570
H 52.32800 124.59700 11.50230
H 48.00780 128.14800 11.41580
H 49.10800 125.17200 11.36510
H 50.20930 122.13800 11.35080
H 51.22310 127.52800 11.43250
C 56.27520 127.54400 10.05090
C 53.13010 128.09600 9.95732
C 55.25260 122.20700 9.98147
C 54.17090 125.15700 9.99982
C 57.29890 124.60000 10.15540
H 54.44110 126.95900 11.59180
H 55.48460 123.93700 11.70350
H 57.64380 126.40000 11.74700
H 58.62980 123.45000 11.81800
C 33.09040 134.80100 9.05936
H 38.65490 130.03400 10.80100
C 37.32480 131.28600 9.17561
H 37.58890 133.09600 10.81530
H 34.40440 133.63600 10.75280
H 35.50750 130.70900 10.61830
C 35.17480 128.97100 8.96369
C 36.18680 134.27300 9.21533
C 34.11770 131.93200 9.08882
C 39.44480 133.63300 9.35697
H 41.78850 129.38900 10.96490
C 45.77120 132.47600 9.74437
C 42.61690 133.05100 9.61827
C 40.48640 130.70000 9.33815
H 40.72740 132.43000 11.04740
C 43.64570 130.11900 9.52392
H 43.90600 131.85900 11.26060
H 44.92240 128.82800 11.14410
H 42.85660 134.85300 11.28280
H 45.99220 134.31900 11.33900
H 47.00420 131.28000 11.44090
C 46.85850 129.49300 9.76808
C 52.04560 131.20400 9.91026
C 48.77110 131.88700 9.82321
C 47.76720 134.91300 9.76977
C 49.75910 128.80500 9.85422
C 50.98650 134.18900 9.88955
H 50.14110 130.64600 11.44300
H 52.37460 133.03900 11.52880
H 49.13720 133.75800 11.44630
H 55.45850 132.41200 11.53960
H 53.37560 129.95200 11.57630
C 57.23660 132.98800 10.01010
C 54.07950 133.69400 9.93700
H 56.46190 129.46500 11.52720
C 58.32220 130.16100 10.07970
C 55.02710 130.65600 9.92178
C 35.08290 103.34900 12.37620
C 33.95890 106.39000 12.37830
C 38.19280 102.80500 12.44330
C 37.10190 105.77100 12.45980
C 44.55300 101.51900 12.38760
C 41.44570 102.14000 12.40220
C 40.30900 105.19000 12.40150
C 43.40870 104.55800 12.43500
C 42.41820 107.66100 12.42340
C 45.52440 107.09400 12.53550
C 46.55980 103.92800 12.55990
C 49.73120 103.37900 12.58580
C 48.76290 106.44300 12.66640
C 51.86380 105.81500 12.66900
C 52.87390 102.86100 12.65210
C 56.07100 102.32100 12.79720
C 55.06290 105.25400 12.62050
C 58.12170 104.55700 12.79350
C 57.06070 107.66500 12.85410
C 34.93140 111.79000 12.53050
C 36.11810 108.67700 12.47890
C 38.19970 111.22000 12.59400
C 37.14470 114.35700 12.51990
C 32.88350 109.41300 12.43350
C 39.23930 108.12100 12.51950
C 41.42690 110.58200 12.49640
C 44.49430 110.16200 12.38490
C 40.33410 113.69600 12.54060
C 43.62200 113.04600 12.43000
C 47.62350 109.53400 12.53640
C 50.84930 108.83200 12.65000
C 46.57280 112.45000 12.38680
C 49.69780 111.84600 12.57340
C 51.88690 114.21500 12.79030
C 54.07090 108.26900 12.68670
C 52.93950 111.15700 12.71460
C 56.04690 110.59400 12.80970
C 55.01280 113.63300 12.84160
C 58.17620 113.04700 12.93380
C 34.05350 114.83200 12.44210
C 35.09440 120.39600 12.34330
C 36.17330 117.35100 12.43610
C 38.28870 119.69400 12.39210
C 32.98670 117.92700 12.43300
C 39.29720 116.69400 12.41280
C 42.35430 116.00700 12.37560
C 45.54230 115.44700 12.50600
C 41.37720 119.14900 12.40860
C 44.47350 118.44900 12.54130
C 43.36250 121.43500 12.53180
C 48.68620 114.86400 12.59560
C 50.89180 117.20000 12.78360
C 47.63590 117.80300 12.67370
C 46.58150 120.93500 12.74270
C 49.74470 120.25800 12.87940
C 52.96370 119.68200 12.98940
C 53.96860 116.54900 12.87630
C 57.15450 116.03400 12.98660
C 56.18860 119.07900 13.09740
C 58.24040 121.63400 13.37910
C 34.09590 123.45700 12.22180
C 37.12340 122.71800 12.32130
C 36.09730 125.86000 12.22880
C 38.22490 128.15500 12.33910
C 32.97930 126.41100 12.10980
C 39.14000 125.16000 12.31380
C 40.30920 122.19400 12.36620
C 42.37560 124.50200 12.49030
C 45.55160 123.95900 12.66630
C 41.42000 127.52500 12.51550
C 44.52530 126.93700 12.65120
C 47.56920 126.28700 12.88830
C 50.82400 125.74000 13.06770
C 48.65510 123.30100 12.90190
C 51.95200 122.72000 13.01380
C 56.10880 127.64500 13.16920
C 57.13290 124.65900 13.36350
C 54.98720 122.08500 13.21310
C 54.06240 125.19600 13.18480
C 52.87810 128.06600 13.12260
C 39.19720 133.59800 12.58010
C 36.09720 134.20300 12.40880
C 37.15690 131.33200 12.31170
C 35.06870 128.94300 12.15070
C 34.01700 131.78800 12.25490
C 32.94720 134.94800 12.20080
C 45.54250 132.54100 12.97160
C 42.38810 132.98700 12.80510
C 40.30060 130.56900 12.54850
C 43.42930 129.99600 12.73070
C 48.70150 131.88600 13.05950
C 47.65730 134.98100 13.03790
C 46.52850 129.37700 12.89360
C 51.94080 131.20900 13.08610
C 49.77890 128.77000 13.01770
C 50.89350 134.27500 13.08710
C 55.14330 130.63300 13.20880
C 57.12950 133.05800 13.18170
C 54.13870 133.67100 13.15300
C 58.16060 130.12700 13.18400
H 58.69460 131.92800 11.67570
H 57.56670 134.87200 11.57810
C 61.52390 2.37595 10.37070
C 60.50400 5.32563 10.33730
C 64.60070 1.79229 10.47570
C 63.51580 4.67624 10.49750
C 59.43720 -0.05092 10.13910
C 67.73110 1.12502 10.41960
C 66.63780 4.23022 10.53850
C 70.93220 0.56196 10.40490
C 69.84650 3.53523 10.45860
C 71.98210 6.01056 10.48420
C 73.15610 2.96006 10.64520
C 76.19660 2.35065 10.79030
C 75.22360 5.22848 10.77320
C 78.26840 4.61716 10.79230
C 74.07610 0.09412 10.61610
C 79.32540 1.68677 10.84160
C 81.48080 4.17411 10.83040
C 82.45930 1.06551 10.85910
C 84.60190 3.55224 10.96210
C 62.54380 7.81352 10.42200
C 64.56410 10.09640 10.55540
C 61.42850 10.77240 10.34920
C 59.42510 8.29727 10.15680
C 65.65010 7.19317 10.61580
C 68.77720 6.59099 10.57650
C 67.65570 9.61892 10.60540
C 66.63200 12.49670 10.55660
C 70.83150 9.07781 10.63490
C 69.89760 12.05410 10.61260
C 77.23650 7.68785 10.67590
C 72.94440 11.44190 10.60900
C 74.10680 8.37678 10.56570
C 76.24340 10.78290 10.72250
C 83.63080 6.65850 11.01700
C 80.49440 7.23289 10.79770
C 79.39900 10.15870 10.80000
C 81.43520 12.54890 10.97350
C 82.59350 9.66592 10.99170
C 84.56640 11.98450 11.16830
C 63.52670 13.16540 10.45270
C 59.36940 16.69510 10.04650
C 62.47260 16.13220 10.28430
C 60.48480 13.75340 10.18640
C 61.58110 19.20750 10.09460
C 64.56060 18.70960 10.42860
C 65.50590 15.64490 10.42370
C 68.76990 15.02440 10.56220
C 67.80340 18.08090 10.59060
C 70.98930 17.52100 10.69110
C 71.94850 14.44930 10.70430
C 75.23900 13.78800 10.71360
C 77.15650 16.18230 10.64180
C 73.99410 16.93770 10.71500
C 76.05950 19.45520 10.81570
C 73.00020 19.98810 10.77920
C 78.28270 13.11570 10.73880
C 80.45300 15.53610 10.85110
C 83.53090 15.00290 11.04430
C 79.32360 18.63400 10.71360
C 82.57540 17.97750 10.92550
C 60.41030 22.41520 10.11640
C 63.64430 21.69100 10.24690
C 62.44920 24.72980 10.32010
C 59.30280 25.35730 10.18700
C 65.65690 24.16550 10.46520
C 69.80500 20.48950 10.68430
C 68.87150 23.57170 10.68080
C 66.67130 21.09770 10.52020
C 70.95880 25.87990 10.87340
C 67.86340 26.51140 10.64740
C 71.91490 22.89750 10.87020
C 75.08350 22.34310 10.95780
C 74.02060 25.33880 11.01030
C 78.14940 21.70990 10.90770
C 77.14920 24.71740 11.01220
C 84.52620 20.49310 10.96380
C 83.47420 23.46970 10.92980
C 81.52370 21.10710 10.82510
C 80.29890 24.06210 10.96900
C 82.46130 26.50220 11.02420
C 61.51010 27.85940 10.42440
C 64.59130 27.27710 10.54500
C 63.49230 30.27840 10.70570
C 62.45050 33.14780 10.73040
C 60.38790 30.82050 10.51100
C 70.00180 28.95000 10.89720
C 68.70080 31.87810 10.88870
C 65.57710 32.52160 10.77900
C 66.67710 29.58350 10.70950
C 75.14600 30.79550 10.97360
C 77.17740 33.23760 10.94090
C 73.05310 28.31550 11.00960
C 76.16240 27.79580 11.05940
C 78.16100 30.09250 10.98260
C 71.86940 31.39310 10.86970
C 84.54880 28.90850 11.01670
C 80.39170 32.53190 10.98860
C 81.37950 29.56330 11.00440
C 83.58870 31.86520 10.90140
C 79.22310 27.07020 10.97360
C 61.29120 2.22718 13.57990
C 60.24030 5.34029 13.50100
C 64.44210 1.67060 13.65430
C 63.39290 4.70752 13.69710
C 59.19550 -0.14621 13.32560
H 59.69690 1.68761 11.86000
H 62.77490 1.18085 11.96750
H 61.72030 4.10827 12.05840
H 64.90450 3.54456 12.13780
C 67.74020 1.11932 13.63820
C 66.63710 4.09617 13.79580
C 70.82960 0.60648 13.67820
C 69.83320 3.56992 13.59550
H 70.17870 5.40689 11.99460
H 67.00090 5.98800 12.27600
H 68.04750 2.98231 12.05150
H 69.15210 -0.04906 11.98300
H 71.29120 2.33938 12.06740
H 65.97720 0.56232 12.07040
C 71.75210 6.06600 13.71090
C 72.91190 2.98392 13.80870
C 76.12740 2.31162 14.08090
C 75.06960 5.35111 13.89270
C 78.36160 4.77182 13.96740
C 73.96680 -0.13588 13.78610
H 76.57480 4.12613 12.48780
H 73.30800 4.83797 12.24140
H 74.46180 1.76431 12.35060
H 77.53300 1.14202 12.40540
C 79.30770 1.70417 13.99610
C 81.45190 4.17256 14.05000
C 82.52350 1.11279 14.03730
C 84.51970 3.52539 14.15260
H 82.83560 2.92695 12.44140
H 83.84810 -0.13524 12.47080
H 81.78780 5.95407 12.45920
H 79.73660 3.50947 12.39190
H 80.74340 0.47494 12.47200
C 62.40740 7.79283 13.64890
C 61.12440 10.81250 13.52330
C 64.36460 10.19150 13.78330
C 59.11560 8.36590 13.38920
H 64.80610 11.99900 12.15900
H 62.70180 9.62933 12.05900
H 60.70750 7.17634 11.95180
H 63.80400 6.54775 12.10150
H 59.59890 10.10180 11.77530
H 61.68370 12.60430 11.95580
C 65.42870 7.12996 13.82450
C 68.83030 6.52872 13.75480
C 67.68180 9.64567 13.86480
C 66.60030 12.56670 13.69240
C 70.89060 8.99925 13.76880
C 69.84130 12.03740 13.87270
H 68.14890 11.42640 12.15910
H 65.94150 8.99748 12.29990
H 71.25620 10.87440 12.24160
H 69.09900 8.43935 12.22290
C 77.19910 7.66983 13.84440
C 73.05100 11.47010 13.79260
C 73.98110 8.35918 13.78570
C 76.09780 10.71930 13.82820
H 72.29810 7.82646 12.10920
H 77.56760 9.50536 12.26450
H 74.37660 10.17060 12.17050
H 76.51700 12.58760 12.37940
H 75.43960 7.14895 12.23700
C 83.41620 6.59969 14.11900
C 80.36990 7.25518 13.96070
C 79.21600 10.16550 13.96710
C 81.23120 12.65310 14.13040
C 82.39880 9.55200 14.20390
C 84.39900 12.01190 14.25710
H 82.73510 11.40890 12.70570
H 79.57850 11.99160 12.41320
H 78.67730 6.51253 12.26720
H 83.89800 8.43445 12.62670
H 80.77650 9.03139 12.45640
C 63.28410 13.24240 13.64030
C 60.14470 13.86110 13.38300
C 62.21870 16.22700 13.49640
C 61.23600 19.29570 13.23240
C 64.39040 18.68210 13.57770
C 59.18800 16.90220 13.15650
H 63.79150 15.01190 12.01040
H 59.65580 18.62810 11.47630
H 62.75030 17.98300 11.88160
H 60.64580 15.58590 11.76270
C 65.46000 15.66920 13.66540
C 68.57450 14.98290 13.81640
C 67.58430 18.03010 13.78070
C 70.88540 17.42660 13.89590
H 70.12770 13.84730 12.27750
H 65.91510 17.45680 12.07690
H 71.22370 19.29920 12.31710
H 69.13240 16.82530 12.22720
H 68.01150 19.90400 12.21690
H 66.90430 14.42180 12.06470
C 71.97040 14.35210 13.85690
C 78.20340 13.21920 14.00690
C 75.03090 13.84240 13.81880
C 77.06900 16.25990 13.84910
C 74.06450 16.78550 13.92400
C 76.14590 19.23980 13.96160
H 75.40800 15.65090 12.23480
H 72.31420 16.23600 12.36460
H 74.36200 18.68410 12.37870
H 77.47310 18.04090 12.19770
H 73.33590 13.23370 12.18280
C 72.96510 19.86250 13.97290
H 78.51420 14.99680 12.32150
C 80.18250 15.59290 13.97280
C 83.44460 14.98280 14.21560
C 79.14320 18.64460 13.85490
C 82.37390 18.04100 14.15290
H 83.82800 16.79060 12.66060
H 81.73230 14.39380 12.55030
H 80.70900 17.41970 12.36780
H 82.77140 19.81260 12.50210
C 59.14160 25.29880 13.39250
C 60.26600 22.16430 13.25790
C 63.24690 21.70050 13.47370
C 62.34460 24.60020 13.55200
H 63.78140 23.47860 11.90770
H 64.83440 20.47400 12.03650
H 60.64200 24.14020 11.86250
H 62.76170 26.47710 12.00290
H 61.76340 21.07710 11.65860
C 65.40170 24.05260 13.63490
C 70.83480 25.86400 14.05170
C 68.63730 23.47360 13.85180
C 69.70840 20.41380 13.87740
C 66.49950 21.08970 13.69980
C 67.65660 26.49030 13.90130
H 70.11270 22.28620 12.34690
H 66.97290 22.93240 12.12230
H 65.97320 25.98270 12.16110
H 69.13460 25.31140 12.36010
C 71.81150 22.77610 14.01780
C 73.86640 25.25060 14.14780
C 77.16980 24.66040 14.18850
C 78.31490 21.62830 14.09470
C 75.03480 22.28950 14.08860
H 76.46300 21.10000 12.57320
H 75.41430 24.15130 12.60330
H 77.51890 26.51750 12.64390
H 72.25270 24.65300 12.49750
H 73.31120 21.70440 12.46630
H 78.59780 23.48170 12.57130
C 81.30730 20.98330 14.06260
C 80.38950 24.03530 14.13640
C 83.44800 23.38280 14.16460
C 84.40960 20.51100 14.15070
H 83.80300 25.21670 12.62580
H 81.75500 22.85110 12.51810
H 80.67800 25.90210 12.58130
H 79.67250 20.48750 12.32030
C 82.42640 26.57770 14.18510
C 61.26770 27.57630 13.59570
C 60.13510 30.60830 13.75490
C 64.43370 27.12550 13.72880
C 63.36210 30.11340 13.85730
C 62.39270 33.21820 13.91960
H 64.87970 28.98200 12.26200
H 63.80750 32.02130 12.39600
H 60.69300 32.47940 12.27070
H 61.71270 29.54100 12.15150
H 59.62090 27.12660 11.83440
C 65.53980 32.45300 14.04870
C 68.62580 31.92100 14.01440
C 66.63190 29.46790 13.90500
C 69.74140 28.90690 14.05100
H 68.10340 28.32800 12.29720
H 70.13970 30.78310 12.52780
H 66.89200 31.33730 12.41070
H 71.30320 27.68990 12.56070
C 71.83990 31.41490 14.15530
C 76.11850 27.78420 14.26780
H 72.15400 33.21740 12.49930
H 74.41300 27.13100 12.65870
H 75.43290 32.62690 12.59570
C 78.34120 30.16070 14.22700
C 77.23000 33.25350 14.11940
C 72.99620 28.51270 14.14470
C 75.04590 30.77120 14.23260
H 76.47830 29.59340 12.66620
H 73.30530 30.28830 12.50160
H 82.76320 28.31610 12.61350
C 84.60060 28.91060 14.13100
C 83.58590 32.04930 14.12020
C 81.36150 29.54300 14.16660
H 81.81470 31.39470 12.61870
C 80.30990 32.57140 14.12390
H 78.53180 31.97310 12.54240
H 79.59750 28.92410 12.55900
C 79.33080 27.12770 14.18540
C 61.38260 36.14260 10.66120
C 60.32790 39.21790 10.63880
C 64.44220 35.59200 10.77110
C 63.51930 38.63740 10.71140
C 59.34860 33.67790 10.60720
C 67.55310 35.03170 10.83820
C 66.65410 38.03520 10.77300
C 70.79950 34.47900 10.88620
C 69.78270 37.48910 10.91950
C 71.83030 39.90700 10.98330
C 72.88310 36.85910 11.05180
C 76.03360 36.21830 11.00890
C 74.97430 39.33840 11.02470
C 78.08890 38.59370 10.89860
C 74.00850 33.81350 10.94220
C 79.28240 35.63120 10.91350
C 81.37050 38.03550 10.91160
C 82.40520 35.03150 10.88530
C 84.45500 37.35000 10.81330
C 59.16830 42.11940 10.65310
C 62.37650 41.56980 10.66480
C 64.56890 44.07880 10.71220
C 61.38300 44.62110 10.57320
C 63.52650 46.99270 10.61820
C 65.54490 41.02620 10.78890
C 68.74700 40.58070 10.89010
C 67.68080 43.49750 10.88920
C 70.74280 42.91610 11.00050
C 66.76870 46.42340 10.74990
C 69.80500 45.80350 10.99420
C 77.04720 41.67460 10.95100
C 73.99210 42.30220 11.05750
C 76.04110 44.70430 10.94890
C 72.82910 45.23350 11.02500
C 83.38250 40.42030 10.83640
C 80.26130 40.93880 10.88760
C 79.31490 44.05040 10.82370
C 82.46230 43.41120 10.80450
C 81.30380 46.51020 10.75740
C 84.53550 45.81110 10.59020
C 59.29500 50.68330 10.34420
C 62.51910 50.14990 10.39920
C 60.35810 47.61910 10.37760
C 61.35410 53.04570 10.28070
C 64.54630 52.62690 10.41330
C 65.66720 49.48190 10.59860
C 68.74210 49.02920 10.74500
C 67.61430 51.95130 10.48140
C 70.80920 51.23020 10.56030
C 78.20110 47.04440 10.83850
C 71.70670 48.27600 10.80260
C 75.03250 47.57410 10.80350
C 77.21240 50.10670 10.64700
C 73.98830 50.58520 10.65780
C 76.19100 53.07160 10.54040
C 72.97300 53.59610 10.39270
C 80.33960 49.46210 10.63190
C 83.39070 48.71610 10.54770
C 79.30590 52.44840 10.52900
C 82.35160 51.82990 10.38410
C 59.31860 59.21160 9.87166
C 60.27510 56.11120 10.00740
C 63.57200 55.52550 10.22490
C 62.48810 58.51520 9.99702
C 65.64310 58.02370 10.10320
C 67.79830 60.46330 10.05900
C 69.79140 54.34540 10.35930
C 66.61960 55.04620 10.36690
C 68.72150 57.39610 10.19740
C 71.04830 59.85330 10.19150
C 71.97230 56.82390 10.24480
C 74.20450 59.18950 10.26760
C 75.13640 56.16340 10.40430
C 78.19790 55.53990 10.37350
C 77.10990 58.59530 10.34140
C 82.47430 60.40340 10.14320
C 83.48120 57.45410 10.26470
C 80.25250 57.98380 10.27250
C 84.45340 54.32490 10.18860
C 81.41140 54.95010 10.33540
C 64.64830 61.03770 9.98608
C 61.44360 61.61730 9.80439
C 63.55490 64.03130 9.78742
C 60.36060 64.72920 9.65316
C 62.51420 67.12610 9.63263
H 63.82470 65.94050 11.33200
H 60.72280 66.57980 11.23430
H 59.66960 61.07480 11.42320
H 61.74030 63.54160 11.38300
C 65.69290 66.59470 9.81785
C 68.81510 65.91600 9.77909
C 66.75440 63.49490 9.91505
C 69.83380 62.78190 9.99720
H 67.05560 65.38210 11.46780
C 71.99530 65.31080 9.91956
C 78.25890 64.13510 10.15680
C 76.16030 61.62410 10.26420
C 75.20180 64.79760 10.14180
C 73.07320 62.25940 10.10570
C 77.23680 67.16160 10.13760
H 72.28180 67.13890 11.54640
C 79.24870 61.03420 10.17170
C 80.38120 66.49800 10.15170
C 84.41490 62.85650 10.02570
C 83.53770 65.82560 10.00510
C 81.28040 63.46340 10.08220
C 61.22030 36.20890 13.87080
C 60.27630 39.25040 13.80510
C 64.43600 35.64840 13.95040
C 63.46700 38.61730 13.89480
C 59.16200 33.71120 13.74090
H 62.68890 34.99140 12.34220
H 61.70350 37.98890 12.26240
H 64.88390 37.39900 12.30940
H 59.55360 35.52700 12.17080
C 67.59500 35.00770 14.00440
C 66.55670 38.09440 14.02130
C 70.70390 34.38410 14.11330
C 69.69420 37.45380 14.13590
H 71.12870 36.20950 12.60120
H 67.98540 36.83870 12.47850
H 66.95580 39.85140 12.39030
H 69.00210 33.77740 12.42540
H 70.02500 39.30340 12.55990
H 65.82220 34.32170 12.44250
C 71.75970 39.94120 14.23210
C 72.90440 36.79180 14.24480
C 76.12490 36.22840 14.15360
C 75.08640 39.23210 14.28900
C 78.19980 38.69840 14.16230
C 73.85760 33.74740 14.17700
H 77.55410 35.08060 12.49950
H 73.22090 38.70630 12.67200
H 74.30930 35.59160 12.62090
H 76.41060 38.07950 12.56050
C 79.28150 35.64510 14.11690
C 81.39010 38.01090 14.16580
C 82.53640 34.92460 14.09990
C 84.61660 37.40040 14.03320
H 80.69450 34.44180 12.54810
H 83.89630 33.77550 12.36770
H 82.77910 36.82480 12.53270
H 79.61780 37.51760 12.51400
H 81.77020 39.84350 12.56450
C 62.42030 41.65930 13.88650
C 61.36900 44.68350 13.77550
C 64.40360 44.09580 13.90940
C 59.26570 42.34520 13.86620
H 61.65500 46.47990 12.14000
H 62.74890 43.44660 12.22010
H 60.67280 41.06670 12.25690
H 63.81980 40.42490 12.31970
H 64.90370 45.86780 12.29370
H 59.62000 44.04560 12.14440
C 65.52790 41.05790 13.93170
C 68.51820 40.56150 14.12850
C 67.48930 43.52430 14.05960
C 70.68020 42.84950 14.24900
C 66.54200 46.59020 13.97770
C 69.64120 45.99920 14.15440
H 69.00000 42.30800 12.57850
H 67.98720 45.28760 12.50750
H 65.87210 42.90020 12.37640
H 71.15260 44.66700 12.72670
C 77.27300 41.70200 14.21700
C 73.93830 42.30580 14.27180
C 76.14960 44.71430 14.15680
C 72.94990 45.46660 14.17060
H 75.40390 41.09760 12.73280
H 77.56320 43.49510 12.50090
H 76.49440 46.50700 12.51640
H 72.17150 41.72570 12.59300
H 74.31570 44.12880 12.64330
H 78.55810 40.44060 12.48380
C 83.57360 40.46270 14.07920
C 80.30860 41.12260 14.06720
C 79.37250 44.06660 14.06130
C 82.49490 43.56920 13.92850
C 81.44850 46.59980 13.96790
C 84.53050 45.87820 13.84070
H 83.86720 42.24930 12.44230
H 80.70430 42.84930 12.41830
H 82.75400 45.31080 12.24320
H 79.63260 45.89320 12.45470
C 63.36710 47.23070 13.71790
C 62.36320 50.20430 13.58980
C 60.32690 47.81340 13.66750
C 61.32880 53.28110 13.42550
C 64.41520 52.67430 13.66570
C 59.36200 50.74010 13.56260
H 63.78330 48.93850 12.05450
H 60.69160 49.48650 11.92410
H 59.55100 52.55350 11.89930
H 62.78770 51.98070 11.95630
C 65.43330 49.61460 13.72460
C 68.61340 49.10010 13.93680
C 67.54790 52.13960 13.71760
C 70.81330 51.50180 13.80660
H 66.94200 48.30280 12.28240
H 70.03530 47.74940 12.48430
H 71.17950 53.18060 12.03250
H 69.00690 50.84490 12.22490
H 65.85930 51.43290 12.11150
H 67.99510 53.82860 11.99460
H 73.23370 47.18640 12.43930
C 78.30300 47.29620 13.99680
C 71.79830 48.40020 14.00800
C 75.02340 47.86470 13.98540
C 77.09610 50.21860 13.84990
C 74.02020 50.78410 13.79530
C 76.16940 53.19480 13.69860
H 74.39850 52.53630 12.09420
H 75.42720 49.53220 12.22270
H 72.20170 50.14950 12.29850
H 77.57320 51.92940 12.20060
C 72.91930 53.81080 13.61180
H 78.59330 48.98510 12.29540
C 80.44650 49.65130 13.84900
C 83.57770 48.98960 13.70430
C 79.33660 52.62070 13.66140
C 82.55380 52.01290 13.56660
H 83.84660 50.69570 11.93080
H 80.72000 51.33310 12.15310
H 81.72430 48.36910 12.29800
H 82.80170 53.75710 11.91830
C 59.20150 59.33610 13.05080
C 60.28860 56.32240 13.25110
C 63.35460 55.79310 13.37840
C 62.34000 58.67160 13.12880
H 64.87450 54.45280 12.02930
H 61.68340 55.01200 11.70560
H 63.84880 57.43670 11.66270
H 60.63970 58.01790 11.53670
H 62.77340 60.43550 11.48060
C 65.47560 58.15410 13.37500
C 69.72180 54.53740 13.53180
C 66.63210 55.15270 13.55650
C 68.74920 57.54980 13.41590
C 70.85200 59.97390 13.30050
H 65.98060 59.85840 11.67230
H 69.15880 59.27000 11.67620
H 70.17090 56.27940 11.86590
H 66.97470 56.90160 11.86300
C 67.72410 60.52970 13.27640
C 72.01200 56.86720 13.42870
C 74.99660 56.20390 13.55610
C 74.05320 59.35780 13.51000
C 77.21560 58.71920 13.57130
C 78.30950 55.59060 13.60860
H 73.32090 55.53100 11.85000
H 77.54520 60.47670 11.92850
H 76.53820 54.99490 12.01870
H 72.38930 58.64540 11.87230
H 75.44390 57.97800 12.03920
H 78.54560 57.42210 11.93850
C 82.41090 60.53250 13.38690
C 84.62710 54.45530 13.42300
C 83.56710 57.40400 13.41990
C 81.42230 54.99180 13.55340
C 80.30550 58.13120 13.51180
H 83.80090 59.29370 11.85020
H 80.67500 59.88780 11.78190
H 81.69690 56.84560 11.91590
H 79.68380 54.38080 11.96080
C 61.40850 61.68770 13.03450
C 62.40120 67.23410 12.90630
C 64.42840 61.07050 13.20180
C 60.34780 64.82750 12.90940
C 63.44660 64.19160 13.07120
H 64.92910 62.92710 11.55900
C 65.53450 66.56700 13.00950
C 69.82750 63.06570 13.21950
C 66.68340 63.60810 13.15950
C 68.78470 65.99760 13.08760
H 68.10850 62.35090 11.65120
H 71.27240 61.76120 11.67330
H 70.19100 64.75020 11.44430
C 71.89060 65.32900 13.15240
C 76.09600 61.76550 13.41130
C 77.24370 67.18180 13.39060
C 72.95250 62.36770 13.31720
C 75.01830 64.74990 13.31970
C 78.18790 64.11590 13.36280
H 74.38240 61.06680 11.79290
H 75.48920 66.59440 11.79460
H 73.37810 64.13060 11.64060
H 76.48860 63.53070 11.75230
H 78.59090 65.93390 11.72840
C 83.52850 65.96930 13.21790
C 79.35730 61.16180 13.46900
H 81.78230 65.25740 11.68660
H 79.59120 62.88000 11.73640
C 84.54300 62.76140 13.23520
H 82.72920 62.25860 11.67060
C 81.36740 63.53340 13.28510
C 80.35460 66.52010 13.29910
C 61.45060 70.24590 9.49636
C 60.32750 73.19050 9.45572
C 64.63360 69.60640 9.73112
C 63.42930 72.55230 9.62844
C 59.38180 67.65700 9.46676
H 62.74510 69.01960 11.20430
H 59.60360 69.54910 10.92570
H 61.65960 72.04480 11.19650
H 64.88150 71.44210 11.30660
C 67.65830 69.08360 9.85754
C 66.71000 72.06500 9.78360
C 70.99300 68.29580 9.81852
C 69.93630 71.42950 9.85821
H 65.87850 68.38740 11.44670
H 66.99930 73.85240 11.44350
H 68.06760 70.85190 11.39380
H 70.25660 73.18460 11.50490
H 71.31400 70.14480 11.43450
H 69.12260 67.79540 11.37480
C 72.03770 73.67700 9.89692
C 74.13620 67.72360 10.07410
C 73.20340 70.73430 9.93874
C 76.28680 70.18830 10.07800
C 75.24520 73.10450 10.02400
C 78.34200 72.48000 10.14970
H 74.49990 69.59830 11.63420
H 77.61820 68.95590 11.73980
H 73.42570 72.56220 11.55310
H 76.55990 71.96240 11.71070
C 79.38370 69.46590 10.13180
C 81.45540 72.00050 10.07260
C 82.48690 68.94290 10.04810
C 84.58780 71.40190 10.03360
H 79.80370 71.29910 11.68150
H 82.88220 70.77030 11.61780
H 81.94780 73.74870 11.74420
C 59.28390 76.19100 9.29151
C 62.46120 75.62530 9.47405
C 64.59210 77.99660 9.50543
C 61.42270 78.67600 9.35742
H 61.70650 80.44940 10.99520
H 62.75990 77.43400 11.02460
H 64.83440 79.76470 11.17270
H 59.61220 78.02760 10.84180
H 60.63800 75.06790 11.04250
H 63.85300 74.46700 11.11770
C 63.58740 81.09820 9.53552
C 68.82200 74.30340 9.83189
C 65.71800 74.97140 9.67353
C 67.74810 77.36400 9.69338
C 66.59270 80.50270 9.67160
C 70.92430 76.71930 9.74663
C 69.81410 79.70100 9.73736
H 71.27810 78.58740 11.38390
H 67.97220 79.19980 11.27650
H 65.88160 76.80830 11.23700
H 69.14730 76.19550 11.35410
C 77.32360 75.44420 10.05190
C 73.12180 79.05870 9.78800
C 74.13580 76.16940 9.93550
C 76.22730 78.53930 9.84451
H 76.60220 80.37780 11.36690
H 72.29100 75.56040 11.42150
C 78.31170 81.00000 9.72193
H 74.48760 77.98060 11.51890
H 75.46860 74.96650 11.63550
H 77.63120 77.37020 11.54790
C 83.59940 74.32560 10.08840
C 80.42570 74.80050 10.09560
C 79.41060 77.91700 9.89247
C 81.52420 80.31650 9.77664
C 82.58580 77.35730 9.95573
C 84.55570 79.74090 9.69493
H 82.88420 79.25070 11.46690
H 79.70040 79.84450 11.41120
H 80.80720 76.74080 11.55410
H 78.69380 74.35140 11.75860
H 83.96960 76.22100 11.66550
C 59.33920 84.74630 9.43761
C 62.43600 84.06010 9.53438
C 60.32130 81.70650 9.42292
C 61.47820 87.14950 9.57075
C 64.62670 86.42870 9.53121
H 63.80690 82.85870 11.19190
H 60.62900 83.49060 11.07660
H 62.77430 85.83820 11.04350
H 59.63420 86.51590 11.11520
C 65.61470 83.42070 9.69751
C 68.81460 82.73180 9.65529
C 67.70790 85.73430 9.63314
C 71.01580 85.08790 9.64285
H 71.26040 86.98320 11.19230
H 69.19090 84.60820 11.17890
H 67.00900 82.22830 11.32640
H 65.95430 85.24110 11.26860
H 70.13860 81.55990 11.34480
H 68.10210 87.60710 11.18390
C 71.92480 82.14340 9.74257
C 75.19700 81.55480 9.78044
C 77.25450 84.05840 9.62075
C 74.02030 84.64770 9.70415
C 76.13420 86.93940 9.56530
H 73.37630 80.95370 11.29620
H 77.59150 85.85640 11.18860
H 72.35940 83.93700 11.35020
H 74.42040 86.48170 11.26190
H 75.48430 83.52100 11.26670
C 73.05130 87.57320 9.58285
C 82.48940 86.01500 9.62394
C 80.31530 83.44680 9.65087
C 83.47680 82.73150 9.54433
C 79.31890 86.49650 9.53159
H 78.62390 82.87020 11.28650
H 83.87140 84.64280 11.09150
H 81.80570 82.28140 11.24270
H 80.74400 85.33610 11.15730
H 82.84490 87.80830 11.28830
C 59.30340 93.06110 9.72021
C 63.51550 89.65240 9.64714
C 60.36420 90.11960 9.70554
C 62.43510 92.52680 9.72710
H 60.67560 91.89270 11.35160
H 63.83210 91.34450 11.36970
H 62.75710 94.32850 11.32630
H 61.82250 88.91490 11.25400
H 64.91160 88.24950 11.13030
C 65.56670 91.97430 9.80063
C 68.83750 91.28580 9.71314
C 70.79710 93.60550 9.60760
C 66.72060 88.88990 9.61172
C 69.85800 88.23600 9.59896
C 67.67080 94.23650 9.81513
H 65.98900 93.71490 11.50070
H 69.13360 93.08480 11.35100
H 70.20260 90.06480 11.26310
H 67.03590 90.65150 11.33070
C 71.96130 90.55800 9.59513
C 74.08710 93.21980 9.58067
C 77.35530 92.49080 9.51636
C 78.38050 89.57830 9.54498
C 75.11670 90.19460 9.49056
H 72.31900 92.47910 11.14400
H 75.53310 91.95920 11.11410
H 77.53650 94.34310 11.13690
H 73.45620 89.42170 11.15350
H 76.56680 88.88080 10.99440
C 81.47550 88.96750 9.58868
C 83.55160 91.39350 9.54756
C 80.41990 91.99230 9.54142
C 84.46100 88.42740 9.54651
H 79.73410 88.30570 11.09970
H 78.71690 91.37000 11.16790
H 80.67270 93.76130 11.14290
H 83.88720 93.20070 11.12840
H 81.82830 90.77380 11.13850
C 82.42990 94.37560 9.54927
H 60.69390 100.42200 11.31210
H 63.85150 99.75670 11.31820
H 64.89650 96.68280 11.45870
C 62.44520 101.02700 9.71711
C 64.59040 94.86350 9.85014
C 63.57880 97.87940 9.77438
C 60.40040 98.61010 9.71625
C 61.44190 95.58740 9.69459
H 59.61480 94.96860 11.26780
H 61.75070 97.38550 11.32490
H 70.17720 98.48740 11.37850
H 71.15810 95.46960 11.18290
C 69.70450 96.75700 9.69920
H 68.05420 96.11280 11.36840
H 66.98450 99.10710 11.38410
C 68.75800 99.73800 9.78881
C 66.59150 97.27590 9.81749
C 65.59920 100.42700 9.79478
C 71.90380 99.21390 9.79730
C 75.01120 98.57140 9.69433
C 78.20050 98.02860 9.56651
C 76.03590 95.49530 9.60706
C 77.09980 101.15000 9.73641
H 76.48070 97.32790 11.14560
H 74.30920 94.94320 11.27220
H 75.43060 100.39600 11.32530
H 73.28170 97.87420 11.33690
H 72.31790 100.94100 11.55150
C 72.95030 96.14300 9.64492
C 81.39770 97.41210 9.54432
C 80.26960 100.48200 9.69963
H 81.71140 99.21940 11.24650
H 79.59030 96.78320 11.12950
C 83.57440 99.92660 9.73248
C 84.55950 96.82400 9.58312
H 78.52970 99.78800 11.27390
H 82.78440 96.18210 11.18820
C 79.26390 94.96470 9.52451
C 61.21360 70.19560 12.71790
C 60.11160 73.32440 12.66750
C 64.39610 69.66970 12.93570
C 63.42270 72.72360 12.78950
C 59.33780 67.79850 12.69440
C 67.64150 69.00350 13.01440
C 66.59760 72.03540 13.01510
C 70.82100 68.35180 13.08930
C 69.81300 71.30470 13.04210
C 72.02830 73.78930 13.10670
C 73.03370 70.75370 13.14040
C 76.15850 70.14910 13.28460
C 75.11640 73.14120 13.25800
C 78.35080 72.47100 13.29980
C 73.98570 67.80430 13.20270
C 79.36950 69.49480 13.34760
C 81.55520 71.94920 13.30950
C 82.61640 68.91490 13.20340
C 84.65210 71.36920 13.22400
H 80.79730 68.30230 11.71340
H 83.93050 67.70280 11.53670
C 62.38400 75.62700 12.65270
C 61.26560 78.58670 12.54400
C 64.32910 77.96930 12.74170
C 59.13470 76.32180 12.50430
C 65.48560 75.07420 12.91050
C 68.82230 74.39950 13.01730
C 67.61580 77.32120 12.84070
C 66.49940 80.39610 12.85160
C 70.89280 76.84250 13.01580
C 69.70820 79.74510 12.92730
C 77.21440 75.62760 13.26020
C 73.03660 79.28320 13.03520
C 73.95350 76.20640 13.11410
C 76.16100 78.69580 13.13340
C 83.67910 74.35800 13.28800
C 80.52790 75.02960 13.30290
C 79.37450 78.05130 13.12310
C 81.49160 80.58830 12.99590
C 82.47490 77.51570 13.16900
C 84.74090 79.99790 12.91740
C 63.43340 81.05640 12.70450
C 60.21130 81.61940 12.60720
C 62.32160 84.09730 12.65570
C 61.43020 87.07430 12.68350
C 64.42090 86.43600 12.72810
C 59.24160 84.69060 12.69980
C 65.49770 83.42240 12.85080
C 68.81120 82.88820 12.89360
C 67.71620 85.76090 12.78740
C 70.87230 85.18970 12.84090
C 71.93130 82.12340 12.92580
C 78.32570 81.13970 12.96290
C 75.14940 81.68600 12.86060
C 77.17760 84.13530 12.88490
C 74.06300 84.71810 12.90610
C 76.21640 87.13790 12.73760
C 72.97240 87.69640 12.82700
C 80.40330 83.54170 12.79780
C 83.65220 82.82200 12.78740
C 79.37390 86.60700 12.73210
C 82.52800 85.85140 12.74790
C 60.43190 90.02920 12.90580
C 63.55990 89.43870 12.87250
C 62.40820 92.52290 12.95530
C 59.27290 93.17050 12.89850
C 65.59700 91.82260 13.00460
C 69.78750 88.22510 12.82450
C 66.63430 88.72920 12.81260
C 68.80580 91.28210 12.92750
C 70.95620 93.68280 12.83510
C 67.82770 94.31910 12.98910
C 71.99220 90.62450 12.78050
C 75.23320 90.13590 12.67030
C 78.28270 89.50310 12.64280
C 77.27220 92.53020 12.75220
C 74.09870 93.04920 12.80120
C 82.40820 94.31250 12.74210
C 81.34770 89.01050 12.79380
C 83.55220 91.36280 12.72600
C 80.46920 91.93830 12.73230
C 84.72510 88.39930 12.80190
C 64.49860 94.84290 12.98860
C 60.36810 98.58020 12.97060
C 61.38430 95.54200 12.89640
C 62.46330 101.00900 12.92830
C 63.47010 97.95950 12.97750
C 68.74910 99.65590 12.99620
C 69.86710 96.58570 12.94230
C 65.61940 100.33500 12.95460
C 66.69970 97.28050 13.01240
C 77.17540 100.95800 12.94100
C 75.10880 98.43220 12.86380
C 76.14130 95.49730 12.74010
C 78.23340 97.90660 12.80560
C 71.96140 98.97080 13.01490
C 72.81770 96.03170 12.86600
C 83.54690 99.74930 12.86240
C 79.25920 94.92520 12.73710
C 81.38640 97.29010 12.79020
C 84.54080 96.78070 12.76420
C 80.28260 100.33000 12.95620
C 60.39290 106.99100 9.76769
C 61.52280 104.03400 9.69792
C 64.65230 103.42900 9.80585
C 63.60630 106.37700 9.82642
C 59.26350 101.56800 9.65265
H 62.84010 102.82800 11.35920
H 61.79270 105.82000 11.38840
H 59.67160 103.42900 11.20720
H 64.94520 105.20400 11.46150
C 70.97660 102.26100 9.94167
C 66.77760 105.82500 9.94939
C 67.77260 102.84500 9.81922
C 69.84490 105.25200 10.02120
H 65.99960 102.22300 11.43870
H 69.13340 101.52900 11.44370
H 67.11030 107.64800 11.60970
H 68.10350 104.55200 11.52320
H 71.26670 103.98000 11.59770
H 70.21640 106.98100 11.71300
C 71.94300 107.70900 10.15600
C 76.13110 104.12400 9.92583
C 78.23840 106.47800 9.94501
C 73.00060 104.74800 10.03450
C 75.13440 107.14900 10.11350
C 73.97720 101.75100 9.91179
H 73.36250 106.45800 11.75170
H 77.52870 102.84600 11.44270
H 76.54130 105.83900 11.57070
H 74.39360 103.46900 11.53680
C 84.70430 105.24100 10.01630
C 82.42330 102.85600 9.86361
C 81.41440 105.85200 9.94207
C 79.28100 103.36700 9.84531
H 79.65600 105.17600 11.43740
H 80.68960 102.19900 11.43800
H 83.91170 101.68000 11.46420
H 82.83860 104.61700 11.51430
H 81.80400 107.57100 11.69790
C 62.57270 109.46500 9.80900
C 61.45810 112.50600 9.88093
C 64.61300 111.91600 9.93845
C 59.38630 110.13700 9.71239
H 60.71180 108.84700 11.27690
H 63.85790 108.19000 11.46770
H 59.69470 111.86600 11.41940
H 61.80560 114.27200 11.58800
H 62.83180 111.23700 11.50940
H 64.95370 113.62000 11.62570
C 65.74350 108.77200 9.97964
C 68.88950 108.25200 10.07190
C 70.91350 110.67100 10.19140
C 69.82600 113.77600 10.21840
C 66.72950 114.41200 10.16040
C 67.83720 111.24400 10.13260
H 65.97690 110.62400 11.59090
H 69.14240 110.01400 11.80230
H 71.26270 112.47700 11.79330
H 68.06000 113.04400 11.74470
C 76.20510 112.48300 10.27410
C 73.14690 113.23900 10.32740
C 74.05850 110.19200 10.20910
C 77.22830 109.59400 10.11400
H 75.49040 108.89400 11.80300
H 72.30120 109.45000 11.78200
C 83.59360 108.20800 10.14480
C 81.41530 114.52300 10.17830
C 80.48790 108.84700 10.04710
C 82.55330 111.31500 10.09830
C 79.39250 112.04200 10.13890
C 84.68740 113.88600 10.15980
H 78.67310 108.25900 11.57230
C 63.67740 114.96000 10.05030
C 62.61970 117.98200 10.11710
C 61.56470 121.04800 10.28070
C 64.69380 120.39700 10.39530
C 60.54780 115.59300 9.97633
C 59.52390 118.72400 10.08480
H 60.79680 117.34300 11.66970
H 59.77390 120.39600 11.88800
H 63.96680 116.71100 11.75120
C 65.78790 117.43100 10.25550
C 67.84640 119.77700 10.36830
C 68.81960 116.78400 10.28910
C 70.90320 119.14600 10.45780
C 71.97500 116.17400 10.45690
C 78.28550 115.05000 10.33930
C 76.22460 120.96400 10.47030
C 77.20690 117.89300 10.48010
C 74.03240 118.50200 10.47450
C 75.14680 115.67900 10.39290
C 72.98910 121.51000 10.40950
C 79.37320 120.33500 10.46540
C 82.54040 119.81300 10.50640
C 83.64150 116.84500 10.38160
C 80.30750 117.43700 10.45740
C 63.56540 123.41800 10.35250
C 59.47920 126.93000 10.19790
C 62.46490 126.36400 10.26650
C 60.45280 123.98500 10.31980
C 65.58700 125.84900 10.35400
C 67.68830 128.26100 10.32730
C 69.86370 122.23000 10.42890
C 66.71310 122.79100 10.39700
C 68.76770 125.24600 10.33160
C 70.88180 127.73200 10.40250
C 72.00980 124.62800 10.41100
C 77.09200 126.57100 10.45370
C 74.10730 127.12600 10.47330
C 75.08340 124.04100 10.47120
C 78.27760 123.38000 10.38570
C 80.36830 125.89800 10.43100
C 83.51980 125.31300 10.49140
C 81.38560 122.69700 10.40330
C 84.54390 122.26600 10.49480
C 82.51490 128.39800 10.52120
C 63.59300 132.00400 10.20290
C 64.58850 128.93100 10.21640
C 60.47810 132.60600 10.10030
C 61.42000 129.52200 10.17090
C 62.47100 135.06200 10.28440
C 66.69760 131.32600 10.23550
C 68.79400 133.77400 10.33510
C 69.79930 130.67100 10.37440
C 65.64730 134.46700 10.29510
C 78.24850 132.03700 10.62400
C 72.98810 130.14400 10.43990
C 77.26720 135.03300 10.69590
C 76.06260 129.49800 10.53720
C 71.94060 133.22900 10.44900
C 75.15450 132.54400 10.53980
C 80.39180 134.37900 10.77280
C 81.40140 131.37100 10.66110
C 79.22680 128.93200 10.50670
C 83.48240 133.75300 10.77910
C 84.51090 130.86900 10.73290
C 61.35630 104.00700 12.92450
C 60.31740 107.03700 12.90130
C 64.52100 103.43100 13.05610
C 63.48620 106.34500 13.04990
C 59.21360 101.67200 12.84770
C 67.68460 102.70800 13.11180
C 66.71410 105.78800 13.08700
C 70.84430 102.07700 13.15000
C 69.83490 105.06900 13.19090
C 71.91900 107.59200 13.36080
C 72.98300 104.52300 13.20970
C 76.15490 103.97700 13.11990
C 75.16370 106.95300 13.28690
C 78.34480 106.41700 13.11260
C 74.19930 101.60300 13.04810
C 79.28570 103.37000 13.03780
C 81.33840 105.62600 13.16710
C 82.44030 102.75800 13.09030
C 84.63770 105.12400 13.14980
C 62.34480 109.36500 13.02980
C 61.36180 112.34500 13.15030
C 64.54400 111.87800 13.18750
C 59.28330 109.98700 12.94050
C 63.60830 114.82700 13.24650
C 65.56180 108.73800 13.15160
C 68.76230 108.17300 13.31910
C 67.65470 111.18800 13.31320
C 70.89560 110.58500 13.39160
C 66.62410 114.20600 13.32790
C 69.76310 113.60800 13.40130
C 77.36590 109.46800 13.34640
C 74.01260 110.04800 13.42500
C 76.31810 112.46900 13.46280
C 72.96390 113.10600 13.55400
C 78.38450 114.73900 13.50300
H 77.73020 111.30600 11.82190
H 76.55210 114.29300 11.87060
H 74.46300 111.90900 11.90030
C 83.59680 108.20400 13.29200
C 80.43540 108.83700 13.25320
C 79.50340 111.93400 13.36310
C 82.50970 111.29600 13.30530
C 81.53760 114.34700 13.40280
C 84.63390 113.66700 13.37630
H 83.94440 110.06000 11.74110
H 80.79020 110.69100 11.65320
H 79.78840 113.75300 11.78310
H 82.89080 113.16100 11.69530
C 62.48070 117.87500 13.36100
C 60.27750 115.42700 13.13330
C 61.54910 120.99600 13.48710
C 64.59840 120.32600 13.50040
C 59.29630 118.50400 13.31090
H 62.89270 119.75000 11.84650
C 65.62320 117.26500 13.45720
C 68.69840 116.72100 13.49960
C 67.79390 119.74600 13.65380
C 70.85520 119.11500 13.63950
H 68.09580 121.58700 12.05650
H 71.21960 120.98200 12.07860
H 69.12180 118.52600 11.98590
H 70.16180 115.52100 11.91920
H 66.08130 119.16700 11.96160
H 67.03670 116.10500 11.83100
C 71.82310 116.05400 13.63410
C 75.24630 115.48000 13.62240
C 77.19510 117.95600 13.66430
C 74.02910 118.57300 13.65620
C 76.22680 120.96600 13.60620
C 73.00560 121.56900 13.69980
H 75.46820 117.38200 12.09940
H 74.41390 120.36100 12.02820
H 77.64510 119.70600 12.02720
H 73.42740 114.96400 12.06250
H 72.30740 117.92400 12.08920
C 80.48830 117.34600 13.66350
C 83.63380 116.68400 13.56940
C 79.31900 120.37800 13.63310
C 82.58440 119.76400 13.69480
H 80.77570 119.19200 12.11040
H 81.84130 116.19800 11.94260
H 83.94140 118.58200 12.05630
H 82.78140 121.61400 12.07890
H 78.67090 116.72400 12.04690
C 60.32190 124.00200 13.49660
C 63.49890 123.43900 13.55200
C 62.48070 126.58200 13.49200
C 59.29590 127.12300 13.40160
H 62.78940 128.32800 11.76070
H 63.84170 125.26800 11.96500
H 60.76220 125.83700 11.92470
H 64.93270 122.24400 11.99060
H 61.79490 122.83500 11.92700
C 65.60590 125.88000 13.56380
C 69.88360 122.26300 13.64220
C 66.70040 122.80900 13.61450
C 68.78020 125.28900 13.59670
C 67.67880 128.28600 13.54840
C 70.92060 127.61500 13.63120
H 65.90970 127.67800 11.94040
H 69.10970 127.07800 11.96290
H 67.00530 124.68100 11.97550
H 70.18420 124.04800 11.97370
C 71.96410 124.59200 13.65130
C 75.08010 123.90900 13.64810
C 78.23920 123.42100 13.64180
C 77.25050 126.43500 13.65990
C 74.00480 127.06500 13.73390
H 75.40190 125.85400 12.15390
H 77.51380 128.30000 12.07650
H 76.53900 122.79800 12.02540
H 73.31390 123.35000 12.03920
H 72.28740 126.46100 12.00220
H 78.58420 125.25300 11.95640
C 83.44870 125.16100 13.69900
C 80.28360 125.82400 13.58070
C 81.34850 122.73100 13.68920
C 82.37360 128.26400 13.79300
C 84.58980 122.13800 13.65500
H 80.70580 127.71900 12.07080
H 83.82140 127.11200 12.20340
H 81.73230 124.56300 12.03030
H 79.65150 122.21900 12.03610
C 62.39080 134.93600 13.43530
C 63.49340 131.97700 13.39340
C 61.29620 129.55200 13.32310
C 64.48790 128.90300 13.45240
C 60.35120 132.51400 13.39290
H 63.86060 133.80100 11.80410
H 64.92530 130.71300 11.83510
H 59.63970 128.83500 11.70500
H 60.70050 134.34700 11.82010
H 61.78470 131.38800 11.73720
H 67.97520 130.10200 11.94250
H 71.18070 129.52900 12.02110
C 68.63530 133.75800 13.52540
C 69.72960 130.69200 13.59440
C 66.53580 131.32800 13.50240
C 65.53110 134.29100 13.51800
H 70.09160 132.51700 11.98920
H 66.96520 133.16000 11.88690
C 71.77840 133.11100 13.61090
H 76.50180 131.30500 12.16750
C 78.20190 131.85700 13.83270
C 76.10840 129.44100 13.72030
C 72.85080 130.13600 13.70270
C 77.05700 134.87700 13.89280
H 75.43010 134.36100 12.14020
H 73.28140 131.93500 12.03890
H 74.30960 128.91200 12.12840
C 74.99270 132.52900 13.73210
H 72.25640 135.01100 12.11000
C 84.46890 130.63700 13.85700
H 78.57220 133.75200 12.30450
C 80.25300 134.21400 13.96870
H 81.70560 133.12900 12.35050
C 83.40010 133.64200 14.03280
H 82.73920 130.11700 12.23760
C 79.29250 128.83600 13.70930
H 79.61330 130.70700 12.15620
C 81.32260 131.26600 13.81930
C 87.73350 3.10807 10.98110
C 86.67190 6.11788 11.09870
C 91.05360 2.41018 10.99090
C 89.86050 5.46259 11.14670
C 85.54720 0.64343 10.90700
C 88.80420 -0.13686 10.86170
C 94.02470 1.69259 10.93950
C 93.02220 4.74714 10.98170
C 96.12960 4.22832 10.87110
C 97.15540 1.10707 10.78000
C 99.33860 3.51644 10.77020
C 101.43700 5.97507 10.70250
C 100.33700 0.59360 10.67140
C 102.38500 2.99365 10.63540
C 103.62400 -0.02120 10.53360
C 104.69100 5.32625 10.74910
C 107.90900 4.59260 10.92530
C 105.79400 2.30734 10.72710
C 109.08200 1.75880 11.03010
C 85.68800 9.04242 11.13330
C 88.71470 8.37630 11.18240
C 87.61570 11.43410 11.16120
C 90.89970 10.85720 11.16940
C 91.92570 7.81939 11.09060
C 95.07200 7.32249 11.00340
C 94.05950 10.20790 11.10210
C 96.17620 12.57110 10.98010
C 97.12980 9.64803 10.99070
C 98.31700 6.64063 10.82740
C 103.58300 8.34641 10.75700
C 100.41400 9.09592 10.84230
C 99.27760 12.03610 10.86480
C 102.42000 11.38830 10.79240
C 106.74200 7.68243 10.69980
C 109.77800 7.26798 10.76500
C 105.48800 10.72350 10.63440
C 108.69800 10.16610 10.53810
C 86.69810 14.41940 11.14510
C 89.81720 13.80690 11.15460
C 88.77870 16.88220 11.16640
C 90.88260 19.17570 11.03780
C 85.56830 17.40420 11.04420
C 87.76260 19.76600 11.05880
C 92.86780 13.15910 11.07810
C 91.86100 16.23100 11.05170
C 95.11840 15.69300 11.01480
C 94.00390 18.59450 11.03210
C 97.16410 18.13520 10.95890
C 98.32400 15.03670 10.82790
C 101.46100 14.42880 10.74090
C 100.36700 17.52910 10.79150
C 103.47200 16.84750 10.55120
C 102.34000 19.91770 10.73970
C 107.74900 13.22060 10.46920
C 104.55300 13.76440 10.56250
C 105.66100 19.33830 10.67080
C 106.75400 16.24240 10.57450
C 109.86500 15.68710 10.53560
C 108.79600 18.70850 10.54490
C 85.55480 25.80830 10.97980
C 89.86020 22.21910 10.89460
C 86.67020 22.80340 10.89880
C 88.80400 25.35730 11.01160
C 91.93270 24.70850 10.90120
C 92.98010 21.72120 10.96850
C 96.17920 21.16720 11.06780
C 95.16510 24.09350 11.00330
C 97.21410 26.54530 10.95600
C 98.10120 23.47520 10.97070
C 99.21850 20.50010 10.94210
C 103.46100 25.34830 10.84890
C 101.31100 22.91180 10.86860
C 100.36000 25.88310 10.95640
C 104.44900 22.27070 10.78310
C 106.57900 24.61750 10.81510
C 109.77900 24.16180 10.64300
C 107.78300 21.71690 10.60520
C 90.78040 27.70540 11.02570
C 87.73020 28.29790 11.00340
C 86.71330 31.33560 10.93260
C 89.86280 30.67610 10.96240
C 96.20880 29.59320 10.88760
C 92.92830 30.15100 10.87100
C 95.16580 32.55040 10.94800
C 93.95260 27.01890 10.93340
C 91.95200 33.25500 10.82640
C 98.30820 32.01590 11.00760
C 101.37800 31.41740 11.10260
C 102.44300 28.28620 10.93010
C 99.40170 28.92590 11.04660
C 104.45300 30.74100 10.91110
C 109.89400 32.47040 10.66870
C 107.72200 30.11560 10.63050
C 108.71200 26.98900 10.63180
C 105.58400 27.65950 10.77970
C 106.59700 33.13920 10.78680
C 87.79190 2.91010 14.18610
C 86.59680 6.07203 14.36740
C 90.78860 2.23102 14.21960
C 89.82250 5.29295 14.33260
C 85.58360 0.40674 14.07350
C 88.73490 -0.12874 14.01970
H 86.00900 2.34770 12.61110
H 88.04680 4.85479 12.71490
H 91.29350 4.18238 12.73270
H 89.13810 1.74458 12.41190
H 84.91440 5.40982 12.62580
C 94.18670 1.66906 14.16370
C 93.04440 4.72356 14.26540
C 96.29000 4.21946 14.01300
C 97.29560 1.11276 14.00530
H 96.58020 6.04978 12.47170
H 95.50890 0.47667 12.47160
H 94.42610 3.54656 12.53930
H 97.59240 2.93668 12.37630
H 92.34190 1.15825 12.64840
C 103.69200 -0.03233 13.70520
C 100.50500 0.39313 13.87450
C 99.39790 3.56842 13.97350
C 102.57800 2.88013 13.86240
C 101.44500 5.96859 13.97420
H 99.72510 5.35091 12.31570
H 100.74500 2.30241 12.34530
H 102.86100 4.76000 12.30230
H 103.91100 1.80983 12.12990
H 98.67560 -0.01875 12.31390
C 104.55900 5.42469 13.92590
C 105.59200 2.23254 13.90970
C 108.87500 1.59944 14.20850
C 107.72000 4.71123 14.14440
H 110.12500 0.59809 13.21810
H 109.18700 3.59865 12.72160
H 107.17900 1.10649 12.38900
H 106.02900 4.11559 12.43920
C 85.49700 9.00142 14.35450
C 88.72100 8.39636 14.35920
C 87.65810 11.40230 14.42260
C 90.88360 10.73120 14.35770
H 91.19760 12.61980 12.82860
H 89.09070 10.24230 12.73950
H 85.93210 10.83250 12.80150
H 86.99320 7.83045 12.81310
H 90.23450 7.20797 12.77830
C 92.08580 7.77437 14.31030
C 95.17640 7.12078 14.19680
C 94.11420 10.22740 14.32010
C 96.29730 12.73630 14.23550
C 97.40160 9.64494 14.16640
H 94.47260 12.07440 12.71000
H 95.50450 9.04099 12.71730
H 93.39430 6.56795 12.61130
H 92.34410 9.61367 12.73620
H 97.60350 11.47010 12.56400
C 98.41020 6.59516 13.99130
C 103.60100 8.34166 13.94280
C 100.53300 8.97806 14.01990
C 99.40630 12.10940 14.12300
C 102.57300 11.52310 13.99660
H 100.72500 10.89300 12.50520
H 98.66810 8.46075 12.45230
H 101.80800 7.74439 12.37400
H 103.83300 10.19630 12.38900
C 109.94800 6.96021 14.03760
C 106.66200 7.85249 13.94990
C 105.61100 10.85420 13.88760
C 108.87300 10.22600 13.78560
H 110.00500 9.11217 12.57430
H 106.01200 12.55500 12.14860
H 106.98100 9.61892 12.23190
H 109.19800 12.06330 12.09320
H 104.97400 7.14976 12.28540
H 108.11300 6.54433 12.45950
H 88.07630 13.23070 12.80800
C 85.54110 17.48110 14.28600
C 86.60320 14.45130 14.29740
C 89.82420 13.91050 14.41100
C 88.73800 16.84130 14.32820
C 91.02760 19.24450 14.26380
H 85.93940 19.26110 12.60740
H 90.16170 15.63870 12.72750
H 86.97280 16.27390 12.74300
H 89.18520 18.64520 12.73960
C 87.76260 19.87950 14.21150
H 84.89360 13.80430 12.65490
C 93.04290 13.22660 14.32890
C 91.90750 16.27590 14.31020
C 95.17350 15.61530 14.16440
C 94.06980 18.75060 14.17920
C 97.36040 18.02350 14.19440
H 95.51900 17.50080 12.62590
H 96.58380 14.47810 12.51180
H 93.32530 15.02550 12.64350
H 92.31140 18.01110 12.67210
H 97.55930 19.90150 12.65460
H 102.91600 13.23870 12.30440
C 98.32800 15.08700 14.12880
C 101.58500 14.48580 13.90360
C 100.47100 17.36750 14.00880
C 103.68400 16.83660 13.82330
H 98.64190 16.86180 12.44530
H 100.74600 19.26530 12.47430
H 101.85100 16.30180 12.25790
H 103.87300 18.68350 12.22700
H 99.72110 13.89770 12.43070
C 102.58400 19.80540 14.02040
C 107.73800 13.11770 13.79210
C 104.71000 13.81640 13.83690
C 110.11800 15.21800 13.78010
C 106.74700 16.20230 13.78840
C 105.69300 19.23530 13.84990
C 108.95900 18.57520 13.81230
H 110.08000 17.47710 12.50360
H 104.97400 15.60380 12.12470
H 107.07300 18.06260 12.21910
H 108.13400 14.97700 12.20420
C 85.55830 25.83070 14.20610
C 89.84890 22.33480 14.10440
C 86.61780 22.82730 14.15630
C 88.88030 25.26080 14.13420
H 91.26580 21.04780 12.58850
H 90.19130 24.05080 12.45590
H 88.08420 21.65650 12.52690
H 87.04710 24.64760 12.57460
H 84.92260 22.30860 12.51970
C 91.89890 24.62870 14.14120
C 93.03240 21.76260 14.14220
C 96.13790 21.05510 14.21570
C 95.04550 24.14240 14.21850
H 94.39340 20.49310 12.52000
H 96.50330 22.96170 12.72570
H 92.19250 26.49970 12.57060
H 93.35340 23.58140 12.51840
C 97.20920 26.46940 14.12330
H 95.45180 25.92450 12.54170
C 98.31890 23.46660 14.21850
C 99.45500 20.52130 14.06150
C 100.40800 25.77880 14.15160
C 101.42300 22.87960 14.03740
C 103.54100 25.21230 14.06780
H 102.75900 21.65830 12.41080
H 98.61670 25.29580 12.54630
H 99.61240 22.35340 12.48700
H 101.76200 24.70070 12.46090
C 104.54900 22.16060 13.93710
H 107.00800 26.46610 12.34000
H 108.11900 23.47120 12.35350
H 106.04900 21.11170 12.29290
H 110.06400 25.91850 12.52520
C 106.70500 24.64750 13.94260
C 110.01200 23.79520 13.90370
C 107.76200 21.57850 13.95550
H 104.85600 24.07730 12.40690
H 109.17700 20.51230 12.17730
C 86.69280 31.41500 14.17930
C 87.67360 28.30960 14.18810
C 89.90680 30.83960 14.11000
C 90.90760 27.73500 14.21500
H 91.28690 29.52790 12.59930
H 90.22550 32.60870 12.41540
H 87.05120 33.14960 12.52350
H 85.97330 27.62610 12.52610
H 89.10780 27.15090 12.65590
H 88.09480 30.13320 12.62260
H 84.96740 30.74240 12.57330
C 95.08260 32.61610 14.06470
C 96.00130 29.52750 14.14540
C 93.02910 30.19840 14.06110
C 91.93820 33.14300 14.06160
C 93.99930 27.20450 14.05980
H 96.53080 31.34300 12.56340
H 94.38540 28.96210 12.39550
H 93.34850 31.99110 12.42000
H 97.58440 28.37550 12.56990
C 98.20440 31.98080 14.21540
H 99.64060 30.77860 12.63890
C 102.54300 28.18810 14.18800
C 99.34170 28.87790 14.19100
H 103.92700 27.08450 12.50110
C 101.47500 31.22350 14.22540
H 101.89400 33.16130 12.74750
H 100.74500 27.65190 12.61800
H 102.83400 30.03220 12.57810
H 105.00600 32.49640 12.55410
H 106.01500 29.51690 12.29700
C 105.70700 27.71150 13.97080
H 109.15300 28.87870 12.15220
C 109.97200 31.97190 13.94480
H 108.10100 31.86730 12.30760
C 104.71900 30.64410 14.04170
C 106.85300 33.02740 14.09000
C 108.92700 27.00110 13.82290
C 107.85300 29.95750 13.88000
C 85.66920 34.31550 10.85840
C 87.70050 36.87650 10.74540
C 86.63720 39.85820 10.81050
C 90.92600 36.08280 10.77600
C 89.86640 39.25290 10.82130
C 88.70280 33.68380 10.82490
C 94.07790 35.45530 10.83290
C 92.91460 38.46050 10.79210
C 96.23300 37.87730 10.87000
C 97.36930 35.02750 10.96480
C 100.43900 34.28550 11.06940
C 99.34210 37.33730 10.96000
C 102.53700 36.63770 10.96240
C 101.47700 39.71530 10.86720
C 103.48100 33.71150 11.02860
C 104.58600 39.08500 10.86730
C 105.69800 36.15280 10.94560
C 108.88500 35.48100 10.86700
C 107.81600 38.55510 10.85610
C 85.57770 42.72740 10.74910
C 88.70630 42.08900 10.75830
C 90.85140 44.62040 10.62110
C 87.65520 45.19680 10.59500
C 91.87510 41.53160 10.76110
C 95.12040 40.85740 10.69590
C 94.08720 43.89800 10.58050
C 97.23210 43.29350 10.68040
C 96.24870 46.33320 10.54260
C 93.02930 46.96490 10.47720
C 98.33920 40.33550 10.82530
C 103.54100 42.07100 10.78100
C 100.33900 42.64260 10.72400
C 99.24960 45.73550 10.57140
C 102.51000 45.15420 10.61220
C 106.73100 41.55570 10.87530
C 110.01800 41.04750 11.00770
C 105.67200 44.59670 10.71850
C 108.86000 44.01730 10.82880
C 85.60530 51.12480 10.32060
C 86.68330 48.20490 10.58400
C 89.86020 47.56880 10.53650
C 88.73740 50.55570 10.35370
C 90.89500 53.08160 10.11800
C 87.63600 53.60570 10.09660
C 91.95530 50.00100 10.25980
C 95.22390 49.34630 10.45570
C 94.08080 52.44370 10.17500
C 97.21350 51.85260 10.30240
C 98.30690 48.73210 10.42020
C 101.37400 48.25130 10.53770
C 100.44100 51.21180 10.36530
C 103.47100 50.64150 10.40970
C 102.44500 53.57310 10.25100
C 107.67300 46.89650 10.65080
C 104.55000 47.58180 10.57210
C 106.68000 49.95910 10.39700
C 109.74500 49.46450 10.61800
C 105.55600 53.04350 10.21990
C 108.75500 52.36920 10.22790
C 85.46620 59.72670 10.10020
C 86.60880 56.74570 10.01430
C 89.82340 56.11050 10.07680
C 88.78560 59.09810 10.04880
C 91.88620 58.48570 10.01840
C 93.06910 55.45570 10.16390
C 96.12470 54.90220 10.22120
C 95.11340 57.96630 10.06990
C 97.02280 60.49140 9.91212
C 98.21730 57.27760 10.03210
C 99.23900 54.20810 10.19930
C 101.41000 56.70470 10.03640
C 103.49200 59.04870 9.78024
C 100.27200 59.80740 9.79477
C 104.44600 55.95640 9.98394
C 106.68400 58.48230 9.73491
C 109.83600 57.40040 9.68963
C 107.64400 55.32130 9.92229
H 110.01500 59.74570 10.78420
C 90.75390 61.56460 9.96205
C 87.73410 62.18910 10.03570
C 89.79720 64.57420 9.92026
C 86.66460 65.19200 9.97646
C 95.12290 66.46440 9.74838
C 96.14640 63.40990 9.81443
C 92.89660 64.08420 9.87471
C 94.02450 60.89130 9.93201
C 91.90590 67.08490 9.77946
C 101.37400 65.14020 9.64976
C 99.32170 62.78660 9.87471
C 102.39600 62.15380 9.74137
C 98.23620 65.85720 9.73942
H 101.73700 67.05960 11.12480
C 106.67700 67.05810 9.49164
C 104.59800 64.59360 9.57531
C 107.64700 64.00930 9.41029
C 105.61700 61.49790 9.68728
H 108.10200 65.81260 11.05470
C 108.81700 60.79950 9.60054
C 109.78600 66.47440 9.33627
H 104.95100 66.45710 11.11580
C 87.74790 36.79280 13.97160
C 86.64290 39.88480 14.01580
C 90.82280 36.15460 13.98550
C 89.81800 39.15100 14.01140
C 85.61700 34.44430 13.98720
C 88.81470 33.79190 14.01920
H 89.11190 35.57300 12.31290
H 91.21850 37.92890 12.37430
H 85.95690 36.24790 12.36010
H 88.03840 38.65780 12.38880
H 84.89310 39.22530 12.38580
C 94.04490 35.60240 14.07970
C 92.95930 38.58610 13.96260
C 96.06020 37.99510 14.06330
C 97.21980 35.01960 14.20130
H 95.52080 34.42540 12.51470
H 94.41890 37.36520 12.37370
H 92.30270 34.97270 12.46160
H 97.61730 36.79090 12.61190
H 96.52990 39.74910 12.40450
C 100.36700 34.38260 14.29760
C 99.39120 37.41730 14.19160
C 102.58000 36.72400 14.15590
C 101.47800 39.78420 14.08830
H 103.98700 35.49230 12.60090
C 103.73600 33.71580 14.24010
H 98.68210 33.77860 12.62440
H 102.84600 38.50610 12.50610
H 100.77100 36.17020 12.60340
H 99.69090 39.18710 12.51940
C 104.62900 39.05530 14.09980
C 105.78000 36.11060 14.09560
C 108.98200 35.34000 14.12700
C 107.84700 38.38600 14.15380
H 110.33700 34.22210 12.65680
H 107.14300 34.80420 12.48570
H 109.18700 37.33730 12.52870
H 106.07100 37.94630 12.44230
C 88.77680 42.35350 13.96370
C 90.87150 44.73970 13.75030
C 87.78210 45.27940 13.78910
C 85.62430 42.87050 13.98550
H 90.17250 41.02180 12.47740
H 91.33210 46.49280 12.17150
H 89.13230 44.01260 12.18850
H 87.00220 41.67590 12.42750
H 85.95970 44.65950 12.24150
C 91.99180 41.72300 13.89440
C 95.05670 41.00760 13.91360
C 94.09200 44.01110 13.76450
C 97.06900 43.33810 13.85740
C 96.17340 46.40080 13.82680
H 93.33610 40.36460 12.31730
H 92.33290 43.44630 12.19130
H 95.45020 42.70660 12.19670
H 97.55630 45.15560 12.24370
H 94.44020 45.82120 12.14760
C 98.21100 40.40590 14.02250
C 103.50400 42.25880 13.98690
C 100.33800 42.92430 13.91620
C 99.30670 45.85830 13.79630
C 102.44800 45.30600 13.82680
H 98.60760 42.15430 12.36530
H 101.75900 41.53280 12.40430
H 100.69200 44.62550 12.17730
H 103.84400 43.96800 12.26080
H 108.11400 40.37590 12.59000
C 110.06200 40.59320 14.09170
C 106.74700 41.66900 14.12630
C 105.51500 44.61940 13.96190
C 108.88000 44.07390 14.14460
H 110.09100 42.92910 12.90900
H 105.90300 46.46510 12.34320
H 104.96600 40.92950 12.47860
H 107.05700 43.46560 12.42870
H 109.13300 45.94400 12.40230
H 88.11810 47.02120 12.18450
C 86.68680 48.30080 13.70530
C 89.88340 47.70430 13.70720
C 88.86880 50.79960 13.56150
C 90.93200 53.11920 13.36060
C 85.54200 51.35360 13.58740
H 85.90490 53.08670 11.79420
H 87.01490 50.11880 12.12350
H 89.11530 52.54120 11.78440
H 90.22140 49.48170 11.99940
C 87.68230 53.84130 13.34110
H 84.91190 47.64220 12.13480
C 93.16440 47.19550 13.69490
C 92.03750 50.23620 13.53170
C 95.10240 49.56230 13.58610
C 93.98880 52.50580 13.46270
C 97.18920 51.92710 13.48950
H 92.30630 51.90330 11.75810
H 95.44400 51.31140 11.91650
H 93.35130 48.89700 11.95100
H 96.59950 48.19020 12.16240
H 97.50930 53.74410 11.87790
H 102.73800 47.08080 12.14910
C 98.34780 49.02270 13.68380
C 101.35400 48.33880 13.72570
C 100.27500 51.42120 13.53720
C 103.58600 50.84240 13.59340
H 100.69600 53.12330 11.86390
H 98.60260 50.67190 11.88260
H 99.63050 47.64770 12.14280
H 101.77300 50.08640 12.13760
H 103.85600 52.51540 11.88410
C 102.46000 53.79820 13.42670
C 107.70000 47.10910 13.98140
C 104.42600 47.81880 13.77060
C 109.69700 49.35380 13.91030
C 106.57300 50.25770 13.63930
C 105.65400 53.30060 13.39190
C 108.78600 52.57150 13.39040
H 110.05100 51.40400 12.34400
H 107.94900 48.87350 12.17920
H 104.88800 49.49940 12.05010
H 106.94200 51.90170 11.85880
C 86.76060 56.83040 13.26370
C 89.82870 56.09050 13.24660
C 88.74380 59.10900 13.26240
C 85.64290 59.79820 13.23960
H 88.03330 55.56700 11.59880
H 91.24690 54.92960 11.72690
H 90.16140 57.96080 11.69910
H 87.02620 58.58380 11.59030
H 84.93940 56.21490 11.73490
C 92.98700 55.61050 13.32800
C 96.07790 55.05750 13.41040
C 91.98450 58.63210 13.26840
C 95.12960 58.07230 13.29040
H 94.39840 54.23310 11.81780
H 96.52820 56.78790 11.71670
C 97.24550 60.47960 13.16660
H 93.35810 57.36820 11.67630
H 95.42730 59.83660 11.65570
H 92.23250 60.38500 11.55840
C 101.40300 56.97980 13.16800
C 103.52000 59.19050 12.97260
C 100.30700 59.80170 13.04770
C 99.30120 54.45770 13.43680
C 98.33720 57.52680 13.18470
H 99.64100 56.11490 11.68720
H 102.82200 55.55520 11.73920
H 101.72800 58.60530 11.41340
H 98.52670 59.29430 11.44060
C 104.64600 56.33200 13.21720
C 107.83000 55.68250 13.19050
C 109.98100 58.01760 12.80060
C 106.69300 58.57560 12.94190
H 108.05000 57.30190 11.36350
H 109.12500 54.33350 11.59000
H 104.95000 57.91310 11.36780
H 105.97900 54.96850 11.68360
H 107.04100 60.35890 11.28490
C 89.80980 64.66860 13.14260
C 90.84500 61.70770 13.14700
C 86.74280 65.25320 13.25280
C 87.72940 62.17060 13.20680
H 89.10020 60.94810 11.64650
H 85.91060 61.63060 11.58650
H 84.92810 64.65190 11.66540
H 88.04220 64.02120 11.61000
H 91.17250 63.43630 11.49930
H 87.03020 67.07300 11.53600
H 90.25440 66.42880 11.47540
C 96.03420 63.54780 13.00050
C 93.99370 61.16320 13.10360
C 95.13210 66.55900 12.95490
C 92.97720 64.10130 13.01210
C 92.02380 67.23140 12.96510
H 93.37310 65.91700 11.41950
H 97.53630 62.31210 11.52000
H 96.47970 65.28360 11.35990
H 94.32780 62.86470 11.34640
C 98.24920 65.89910 12.90070
C 101.54400 65.25490 12.82730
C 99.37710 62.97350 12.99400
C 102.55300 62.24430 12.92150
H 99.69880 64.70900 11.33920
H 100.70200 61.61010 11.41000
H 103.90300 60.96880 11.31870
H 102.89800 64.01740 11.26480
C 107.77900 64.01400 12.77060
C 106.71000 67.08800 12.64100
C 109.97900 66.16360 12.62600
C 105.64400 61.62940 12.82260
C 104.73800 64.65870 12.79120
C 108.94800 61.02460 12.75680
H 106.02900 63.41460 11.17380
H 109.10800 62.84560 11.07700
C 87.69140 70.73290 9.89834
C 86.69160 73.85030 9.89289
C 90.80910 70.18740 9.72598
C 89.79470 73.21610 9.71931
C 85.65530 68.37730 9.92613
C 88.78560 67.60410 9.90743
H 88.14350 72.59650 11.40650
H 85.06510 73.17650 11.62950
H 91.26580 72.02120 11.32210
C 94.16260 69.58320 9.68642
C 93.02580 72.62440 9.66364
C 96.22910 71.97080 9.65367
C 97.27140 69.02140 9.65578
H 96.57180 73.78530 11.24910
H 94.43750 71.43950 11.27430
H 97.61380 70.78530 11.29820
C 103.46200 67.67790 9.49764
C 100.29800 68.31840 9.58930
C 99.36050 71.33610 9.67366
C 102.46900 70.73630 9.61219
C 101.46200 73.65430 9.58169
H 102.95300 72.55400 11.20920
H 103.92100 69.45250 11.12010
H 100.76500 70.06350 11.23690
H 99.76260 73.10870 11.30490
C 104.67900 73.16770 9.54665
C 105.62100 70.06300 9.50413
C 108.82900 69.48290 9.40994
C 107.79600 72.50210 9.43062
H 107.10300 68.91620 11.05670
H 106.07500 71.87790 11.07310
H 109.17000 71.28890 11.04610
C 85.55220 76.79290 9.89667
C 88.77320 76.24990 9.75107
C 87.81510 79.16180 9.68107
C 90.95600 78.63700 9.70033
H 86.09460 78.69980 11.31140
H 89.28100 78.06250 11.32260
H 91.32340 80.48730 11.26920
H 87.08150 75.66340 11.42190
H 90.22960 75.05600 11.27430
C 91.96260 75.70790 9.67108
C 95.16210 75.04060 9.72381
C 94.19740 78.06110 9.72779
C 97.25570 77.38830 9.63954
C 96.28140 80.55050 9.55685
H 92.41430 77.50690 11.34980
H 94.55280 79.93020 11.17250
H 95.59500 76.84300 11.38510
H 97.66550 79.30060 11.12780
H 93.37510 74.43950 11.21330
C 98.35970 74.34100 9.66994
C 103.60500 76.17390 9.62728
C 100.39900 76.70270 9.49737
C 99.46620 79.95290 9.54871
C 102.71800 79.30900 9.55596
H 100.87600 78.59120 11.03380
H 104.01500 78.04870 11.24560
H 101.78800 75.50390 11.16550
H 98.71170 76.20780 11.27770
C 106.76200 75.60740 9.57722
C 109.93800 75.15660 9.49381
C 105.75000 78.66000 9.62828
C 108.94300 78.03090 9.66672
H 106.08900 80.52070 11.21770
H 108.20900 74.30860 11.04850
H 105.02400 74.94890 11.23700
H 107.13300 77.41970 11.25120
H 109.22900 79.79430 11.27630
H 88.17850 81.08330 11.13380
C 85.58870 85.29660 9.41999
C 86.70870 82.16860 9.48734
C 89.92330 81.67870 9.61804
C 91.14380 87.06860 9.48246
C 88.85040 84.61880 9.48767
H 89.22770 86.51400 10.98170
H 85.89800 87.16370 11.03970
H 84.98940 81.65520 11.12310
H 90.24850 83.53220 11.24390
H 86.99710 84.11040 10.96010
C 87.68160 87.73070 9.39111
C 93.01090 81.04070 9.61034
C 91.99640 84.01930 9.56957
C 97.30860 85.86720 9.61776
C 95.18340 83.51000 9.58028
C 94.13250 86.50430 9.63142
H 95.57970 85.31330 11.22360
H 97.60360 87.64950 11.25510
H 96.61670 82.33520 11.17360
H 93.43450 82.87420 11.14740
H 92.40580 85.85920 11.18230
C 98.37300 82.87590 9.65117
C 101.56500 82.37980 9.65057
C 100.44600 85.32180 9.66008
C 103.65400 84.76330 9.75624
H 102.91600 81.13250 11.26190
H 98.71410 84.68140 11.22030
H 101.88200 84.15140 11.28990
C 102.68700 87.80940 9.68907
H 104.00700 86.58990 11.35760
H 99.81050 81.70730 11.23410
H 100.90400 87.11770 11.21110
C 104.68100 81.77900 9.60865
C 107.94800 81.12340 9.63905
C 105.89500 87.27970 9.94305
C 106.97500 84.25340 9.80744
C 110.28600 84.05470 10.09850
C 109.02200 86.58810 10.19990
H 105.13000 83.53910 11.25940
H 108.40300 82.89610 11.33350
H 84.96360 90.16510 11.13450
C 86.59290 90.76830 9.42651
C 85.58390 93.81850 9.46581
C 89.96560 90.15400 9.42078
C 88.80060 93.15050 9.46947
H 91.28560 88.94150 11.04200
H 90.23780 91.97190 11.06840
H 87.03690 92.57320 10.99850
H 88.13010 89.53630 10.93530
C 95.18870 91.95620 9.64699
C 93.09750 89.57460 9.49348
C 91.95760 92.56080 9.44250
C 96.27850 88.94600 9.62150
C 97.33190 94.36350 9.80015
H 94.45440 88.37460 11.15980
H 93.34190 91.35330 11.15290
H 95.40460 93.80200 11.23390
H 96.53400 90.73020 11.33020
H 92.31010 94.33500 11.05770
C 99.38890 88.25160 9.65802
C 100.46800 93.76080 9.90148
C 101.52800 90.82250 9.75325
C 98.36600 91.39690 9.80252
C 103.60900 93.11870 9.87086
H 102.97900 89.60210 11.32360
H 99.76590 90.04630 11.34250
H 98.70330 93.13460 11.51550
C 108.05800 89.48580 10.10850
C 109.80900 92.25860 10.09640
C 104.89200 90.23160 9.91408
C 106.77900 92.49390 10.11750
H 106.15800 88.96910 11.61460
H 107.07400 94.43690 11.59570
H 108.21900 91.37090 11.73860
H 84.95190 98.59420 11.17170
C 87.68860 96.26630 9.59734
C 86.74140 99.33700 9.67571
C 90.89890 95.65650 9.54923
C 89.88380 98.59670 9.63126
H 91.30190 97.40360 11.21940
H 89.11250 94.97650 11.12090
H 85.92770 95.55670 11.15890
H 90.31070 100.39800 11.20910
H 88.09860 97.99000 11.25430
H 87.12200 101.01400 11.40530
C 95.39730 100.55400 9.89783
C 96.30400 97.59200 9.82928
C 93.11250 98.03980 9.63057
C 92.16600 101.08400 9.72321
C 94.11500 94.97640 9.55884
H 94.45980 96.76870 11.19150
H 96.60580 99.25020 11.61160
H 93.51980 99.79620 11.29090
H 97.61080 96.20340 11.41660
C 102.47200 96.29630 9.96548
C 98.42690 99.85190 10.06360
C 99.47840 96.91200 9.95092
C 101.53600 99.37010 10.12700
H 100.73800 95.55670 11.52840
H 103.90000 94.98100 11.50020
H 99.74770 98.62530 11.66520
H 109.22300 96.88520 11.45870
C 105.71500 95.55920 9.90088
C 107.77000 98.16180 9.88122
C 106.65500 101.09500 10.05560
C 110.04200 100.63700 10.03220
C 108.87400 95.07680 9.95059
C 104.59700 98.73990 10.04990
H 108.24400 99.89180 11.49800
H 106.01000 97.41680 11.52400
H 104.99300 100.47400 11.77710
C 87.83630 70.80270 13.07590
C 86.87700 73.90870 13.08750
C 91.03480 70.13750 12.90620
C 89.91760 73.27670 12.94160
C 85.67290 68.32870 13.21250
C 88.88100 67.71390 13.07090
H 89.15330 69.52540 11.42780
H 85.98710 70.12290 11.60020
C 94.09110 69.53750 12.81560
C 93.07440 72.65910 12.89710
C 96.18440 72.01060 12.87560
C 97.28510 68.95630 12.89050
H 92.35820 68.94940 11.21250
H 95.54630 68.32850 11.26770
C 100.49700 68.14460 12.78290
C 99.43490 71.25460 12.91850
C 102.56300 70.70440 12.77260
C 101.56500 73.73310 12.86120
C 103.53700 67.63140 12.69820
H 98.58610 67.71350 11.24950
C 104.79400 73.05180 12.79190
C 105.75000 70.06670 12.70970
C 109.07300 69.28230 12.51850
C 108.02000 72.30410 12.55390
H 110.12000 68.23230 11.21880
C 88.92590 76.30710 12.93890
C 87.93980 79.32830 12.84060
C 91.02540 78.71730 12.94130
C 85.81310 76.99250 13.09760
C 92.01840 75.62230 12.87750
C 95.15740 74.95850 12.89180
C 94.22720 78.16670 12.88920
C 96.36790 80.51100 12.80080
C 97.36660 77.49470 12.87670
C 98.32030 74.34730 12.86890
C 103.54800 76.15730 12.75920
C 100.53800 76.87560 12.77100
C 99.48960 79.78470 12.69240
C 102.53000 79.23050 12.78500
C 109.99500 74.54840 12.77940
C 106.91300 75.51320 12.77600
C 105.72000 78.64000 12.86410
C 109.08200 77.77850 12.87880
C 107.83500 81.03720 12.92330
H 110.20100 76.76420 11.50040
C 85.59430 85.33490 12.62590
C 86.77320 82.37070 12.68160
C 89.85450 81.68980 12.80690
C 88.68160 84.79230 12.66410
C 90.93340 87.11670 12.68060
C 87.70980 87.72680 12.55940
C 93.11730 81.11490 12.78780
C 92.04910 84.09790 12.81350
C 95.18100 83.46200 12.76690
C 94.14600 86.53800 12.76330
C 97.29430 85.81230 12.84660
C 98.32730 82.90740 12.79490
C 101.49800 82.37010 12.87450
C 100.47000 85.31900 12.80650
C 103.71400 84.71740 12.89840
C 102.55300 87.76510 12.90390
C 104.71100 81.74020 12.85180
C 110.12700 82.91660 13.08040
C 106.90700 83.99390 12.98170
C 105.62000 87.14910 13.12160
C 108.73700 86.44560 13.50330
H 110.13800 85.42060 12.33750
H 107.14400 85.96010 11.60580
C 85.67090 93.67810 12.70140
C 89.85040 90.08920 12.63050
C 86.81720 90.73280 12.60880
C 88.75860 93.09360 12.63790
C 91.92740 92.57740 12.73250
C 92.93160 89.51830 12.72750
C 96.18840 88.81240 12.86810
C 95.03530 91.99720 12.86330
C 97.10950 94.32750 12.97060
C 98.30360 91.22310 13.00890
C 99.35820 88.10910 12.86380
C 101.46100 90.67470 12.97950
C 103.51700 93.14360 13.13630
C 100.51700 93.69370 13.14560
H 101.85100 92.55280 11.45650
C 104.56600 90.11460 13.13210
C 106.70600 92.65030 13.23600
C 109.91500 91.85400 13.48690
H 110.07200 93.94780 12.03490
H 109.27800 88.38790 11.91100
C 107.77000 89.58780 13.37650
H 104.96500 91.97040 11.60480
C 89.92180 98.55970 12.82560
C 90.87410 95.48370 12.70330
C 87.66640 96.15780 12.77420
C 86.67300 99.10890 12.85560
C 93.03860 97.95760 12.79380
C 95.02820 100.36300 13.11980
C 96.02910 97.37570 12.97330
C 93.94290 94.99560 12.78120
C 92.01070 100.79300 12.89720
H 102.83700 98.04240 11.68830
H 101.81200 101.06100 11.85420
C 98.35020 99.82490 13.23430
C 101.42700 99.18690 13.33810
C 99.36380 96.70210 13.16080
C 102.46400 96.08270 13.15800
C 106.86000 100.95100 13.25690
C 105.56700 95.59070 13.21060
C 108.83500 95.16240 13.29580
C 110.01400 100.07800 13.27670
C 107.82200 98.02430 13.09780
C 104.66100 98.58670 13.25080
C 89.96740 107.04800 10.06570
C 86.82620 107.65400 10.03710
C 87.74460 104.69200 9.93928
C 85.65480 102.20300 9.84802
C 90.92640 104.12700 9.94170
C 88.81590 101.68900 9.77061
H 86.05170 103.97200 11.53370
H 85.08460 107.05100 11.67130
H 89.19420 103.42400 11.39670
C 93.17540 106.57400 10.15460
C 96.30290 105.97300 10.21440
C 97.29320 102.91800 10.07830
C 94.12190 103.48800 10.07210
H 95.51230 102.22600 11.63690
H 92.31430 102.77400 11.50910
C 100.56600 102.41600 10.24540
C 99.43380 105.36500 10.40150
C 101.66900 107.81200 10.43070
C 102.53200 104.77700 10.40620
C 103.50600 101.77600 10.22130
C 104.70900 107.19000 10.35400
C 105.64800 104.16400 10.24140
C 107.80800 106.50500 10.18870
C 108.82700 103.36900 10.02540
H 109.28600 105.27200 11.52480
H 107.14000 102.83600 11.73430
H 106.09300 105.86200 11.88070
C 88.87530 110.08700 10.08550
C 85.66700 110.75000 10.06260
C 87.83980 113.13400 10.21330
C 90.92810 112.51200 10.23440
C 92.04370 109.56200 10.20480
C 96.31140 114.28900 10.30030
C 94.16980 111.81300 10.30960
C 95.19640 108.97200 10.32280
C 97.37120 111.31100 10.44720
C 98.45870 108.44200 10.45140
C 100.45400 110.74800 10.57810
C 99.40950 113.84600 10.47730
C 103.63000 110.22800 10.53360
C 102.51700 113.21800 10.56680
C 105.70400 112.52500 10.50190
C 106.75900 109.62500 10.37540
C 108.76300 111.99900 10.26750
C 109.87000 109.09300 10.21360
H 108.22700 108.30500 11.90680
C 85.57880 119.26600 10.39980
C 86.79950 116.23800 10.28710
C 90.94480 121.17000 10.51380
C 88.87090 118.66500 10.33950
C 89.97740 115.63000 10.24250
C 87.78010 121.65100 10.45540
C 93.02710 114.91100 10.21410
C 92.09020 118.11500 10.29940
C 94.06560 120.62500 10.50690
C 95.17570 117.54400 10.27300
C 97.23920 120.03600 10.55870
C 98.39560 116.94800 10.43920
C 100.39400 119.37700 10.64770
C 103.52000 118.66600 10.50980
C 101.51000 116.37400 10.55000
C 102.38800 121.68500 10.52790
C 107.67400 115.05400 10.36760
C 104.70800 115.64500 10.56690
C 105.58400 121.01700 10.37030
C 109.86700 117.58500 10.28050
C 108.77600 120.48500 10.25830
C 106.72200 117.98100 10.52120
C 85.60550 127.76900 10.62730
C 88.77340 127.30100 10.64020
C 86.63720 124.73300 10.53380
C 89.90850 124.20300 10.57370
C 91.93620 126.59300 10.70010
C 95.15920 125.96100 10.64380
C 96.06070 122.90500 10.65650
C 92.98380 123.56300 10.68090
C 97.12820 128.36200 10.60150
C 99.19860 122.31900 10.61230
C 98.12040 125.28600 10.55460
C 100.27900 127.70600 10.52280
C 103.41600 127.21700 10.29220
C 101.34100 124.67900 10.50490
C 107.71300 123.40200 10.11680
C 109.76900 125.69100 9.73227
C 106.63500 126.57400 10.06010
C 104.50700 124.09700 10.33400
H 110.21700 127.81700 11.19650
C 87.77160 130.16500 10.69780
C 86.63460 133.16300 10.76160
C 90.90530 129.54800 10.76090
C 89.95760 132.64200 10.81240
C 92.01390 135.06500 10.92140
C 95.16060 134.34600 10.81470
C 94.11950 128.98500 10.66400
C 96.27380 131.46200 10.68350
C 92.92900 132.02800 10.80090
C 99.31900 130.80400 10.54660
C 102.41300 130.12700 10.35170
C 101.38300 133.23400 10.46110
C 98.34120 133.86200 10.67920
C 110.23100 134.92700 10.91990
C 105.58300 129.63200 10.23200
C 106.77200 135.10900 10.56700
C 107.89100 132.13900 10.27310
C 104.68700 132.68700 10.35240
C 108.92100 129.08600 9.96249
C 87.82720 104.50300 13.11320
C 86.82980 107.60200 13.27750
C 90.87630 103.85600 13.12240
C 89.90780 106.99900 13.29040
C 85.67400 102.10800 13.09380
C 88.92600 101.49700 12.93130
H 88.21580 106.39900 11.62180
H 91.36270 105.82400 11.71970
C 93.95720 103.31600 13.19100
C 93.08420 106.46400 13.39220
C 96.23240 105.81300 13.42970
C 97.21600 102.75300 13.29660
H 97.59160 104.64900 11.79120
H 96.63150 107.70500 11.89700
H 94.50190 105.25700 11.79320
C 100.31800 102.20500 13.44140
C 99.29150 105.28300 13.49570
C 102.60500 104.65600 13.56740
C 101.56400 107.67400 13.65940
C 103.58700 101.60300 13.44920
H 98.70210 101.70600 11.64260
H 100.81600 104.08600 12.00300
H 99.84070 107.15800 11.99270
H 103.90900 103.44800 11.90830
H 102.98500 106.57100 12.04860
C 104.77400 106.99600 13.61180
C 105.76900 103.98400 13.42260
C 109.05400 103.36900 13.24850
C 107.95400 106.33600 13.37390
H 110.20500 102.33000 11.98690
C 88.87540 109.93200 13.32700
C 90.80910 112.53300 13.44400
C 87.72820 113.10500 13.38720
C 85.73880 110.62800 13.33810
H 91.32140 114.29500 11.81270
H 89.16100 111.82900 11.80890
H 87.09340 109.46700 11.64540
H 86.02370 112.48000 11.73800
H 90.25560 108.85300 11.70180
C 91.91360 109.43800 13.39660
C 95.11980 108.81500 13.48130
C 94.13610 111.96100 13.48220
C 97.28740 111.30100 13.67050
C 96.15480 114.36000 13.51510
H 94.48970 113.72700 11.79670
H 97.66060 113.14500 12.03510
H 93.43410 108.31000 11.80980
H 92.34190 111.34800 11.91430
H 95.58260 110.72500 11.99540
C 98.35640 108.20600 13.59180
C 103.74200 110.07700 13.69270
C 100.48900 110.75900 13.72250
C 99.35370 113.79500 13.70010
C 102.49300 113.28500 13.79730
H 101.91600 109.58800 12.13460
H 103.96500 112.05700 12.20650
H 100.76000 112.62600 12.14060
H 98.70480 110.16400 12.15620
C 110.13300 108.52300 13.44260
C 106.90400 109.50600 13.54560
C 105.81500 112.51100 13.77910
C 109.13000 111.88100 13.45030
H 107.11700 111.40500 12.01470
H 109.34000 113.76300 11.72730
H 110.17300 110.79400 12.16430
C 108.01000 114.78500 13.57360
H 106.07900 114.37400 12.14560
H 105.08100 108.88200 11.99780
C 86.80000 116.19200 13.52730
C 89.98810 115.54500 13.41490
C 88.89210 118.45700 13.56670
C 90.89510 120.93000 13.68670
C 85.73660 119.19300 13.61850
C 87.79630 121.62900 13.64220
H 86.01980 121.04200 12.01110
H 87.08250 118.02800 11.93660
H 90.29770 117.43400 11.84090
H 89.17240 120.38300 12.05470
H 85.05190 115.59500 11.90180
H 88.20160 114.94200 11.86490
C 93.08020 114.91100 13.39120
C 91.98490 117.91900 13.51380
C 95.07800 117.32700 13.49380
C 94.06390 120.29200 13.74720
C 97.03050 119.87000 13.71080
H 95.44120 119.22000 11.96760
H 92.36270 119.84400 12.04690
H 96.53390 116.19700 11.86020
H 93.38480 116.76400 11.80960
H 97.48180 121.70800 12.25590
H 102.87000 115.06200 12.15720
C 98.12000 116.80100 13.63790
C 101.41800 116.25100 13.76260
C 100.27600 119.34500 13.74490
C 103.62400 118.69100 13.80700
C 102.45200 121.75200 13.75910
H 101.76300 118.11400 12.22940
H 99.70380 115.66800 12.08620
H 103.84500 120.49800 12.10210
H 98.55070 118.67500 12.17140
H 100.70100 121.15900 12.16780
C 104.70900 115.60800 13.72100
C 110.06700 117.14900 13.73490
C 106.81400 118.03800 13.66700
C 105.66800 121.17300 13.62170
C 108.98800 120.46000 13.50820
H 110.12100 119.32400 12.24940
H 108.21600 116.76700 12.07650
H 107.05900 119.90000 12.01400
H 104.92700 117.49900 12.16330
H 84.91630 124.06500 12.07850
C 85.56870 127.66400 13.85290
C 86.70540 124.66800 13.72550
C 89.71770 124.09900 13.79920
C 88.68450 127.21800 13.87390
H 90.12460 125.98600 12.26030
H 91.18480 122.86000 12.23570
H 87.02180 126.52500 12.21120
H 88.09340 123.49700 12.08300
C 91.89800 126.55100 13.87070
C 92.92930 123.43300 13.91110
C 96.08400 122.90300 13.89150
C 95.13450 125.90300 13.90700
C 97.27140 128.29200 13.81920
H 96.49950 124.69900 12.25680
H 93.37900 125.31600 12.26420
H 94.36670 122.28000 12.31330
H 92.34410 128.41200 12.30060
H 95.49840 127.73400 12.28110
C 98.25990 125.38800 13.77490
C 100.44200 127.73700 13.65260
C 103.69900 127.11000 13.56320
C 99.29320 122.38700 13.77120
C 101.42000 124.78300 13.70040
H 98.61340 127.14200 12.12830
H 101.84200 126.54200 12.04620
H 99.62200 124.13600 12.13920
H 102.83700 123.55600 12.10520
C 104.73300 124.25300 13.53640
C 107.90800 123.58700 13.35910
C 109.90600 126.10600 13.12350
C 106.82400 126.56700 13.23130
H 104.93800 125.99100 11.77290
H 108.14500 125.34800 11.58290
H 107.14800 128.40600 11.61840
H 105.98100 122.94000 11.87930
H 109.24500 122.32600 11.75670
H 84.85150 132.58000 12.39630
C 86.59590 133.14200 13.98890
C 87.73160 130.18200 13.92750
C 90.88550 129.46700 13.96760
C 89.82370 132.51900 14.05840
H 88.10620 132.01100 12.35700
H 90.26350 134.37500 12.51190
H 86.98590 134.97400 12.36990
H 85.95700 129.53600 12.29520
H 89.12840 128.99200 12.35230
H 91.21050 131.35200 12.40510
H 94.48420 130.74300 12.21950
H 93.43000 133.74900 12.42330
H 97.64620 130.11600 12.21600
C 92.05860 134.82800 14.10180
C 92.99080 131.78800 13.85220
C 94.19440 128.97600 13.87510
C 96.25830 131.22100 13.84550
C 95.26310 134.20800 14.04690
H 96.63730 133.15300 12.36090
C 102.61000 130.19400 13.58550
C 101.63300 133.11300 13.66230
C 98.52330 133.68300 13.83550
C 99.44860 130.72600 13.74220
H 101.87800 135.00100 12.14030
H 102.91700 131.98200 11.91200
H 99.77610 132.53700 12.14310
H 100.79000 129.55900 12.07560
H 103.93000 128.94900 11.91880
C 106.89400 134.73300 13.74440
C 108.08600 131.75200 13.45050
H 105.06400 134.37600 12.10260
C 104.63100 132.44800 13.57070
C 108.97100 128.88200 13.20920
C 110.09500 133.69500 13.83000
H 109.32100 130.79900 11.76210
C 105.83200 129.49300 13.36950
H 106.12700 131.41300 11.89660
H 108.35000 133.82100 12.00180
C 113.82500 1.54086 9.97501
C 117.03300 2.33111 9.85439
C 114.86600 4.61077 10.03020
H 112.59500 0.25833 11.36470
C 111.25600 3.87416 11.31840
H 113.57800 3.37249 11.77440
C 118.12700 5.20173 9.87183
C 122.37800 0.52667 9.74318
C 120.30100 3.04057 9.80937
C 123.38900 3.42854 9.72390
C 121.33400 5.94755 9.80666
C 119.12800 -0.11467 9.74774
H 122.04500 2.31990 11.40070
H 118.86700 1.73782 11.36140
H 119.95200 4.76469 11.49610
H 123.14100 5.27659 11.37250
C 125.53900 1.13050 9.64779
C 126.63400 4.15997 9.69606
C 128.78400 1.79854 9.66512
C 129.83700 4.88431 9.67908
H 127.34400 0.56040 11.28930
H 124.19800 -0.09088 11.31010
H 125.23000 2.93154 11.26970
H 128.46000 3.57972 11.24970
H 126.25200 5.99704 11.33140
H 130.57100 1.09692 11.23450
C 134.15700 -0.07754 9.70856
C 131.93700 2.37989 9.62394
C 133.02700 5.38842 9.80235
C 135.16400 3.07967 9.72755
C 136.31300 6.10639 9.98511
H 136.90200 2.40018 11.26850
H 133.72500 1.77813 11.25730
H 134.78600 4.80604 11.40470
H 131.58800 4.14592 11.25130
C 112.64100 6.69001 10.17870
C 115.97800 7.68352 9.93495
C 113.77700 10.11010 10.11100
C 117.02000 10.75020 9.91029
C 114.91000 13.02910 9.91976
C 111.35900 12.41000 10.92040
C 119.19500 8.34240 9.84178
C 122.28300 9.16885 9.88107
C 120.28400 11.46510 9.90142
C 123.44500 12.07790 9.82563
C 124.43500 6.54207 9.71825
C 126.68600 12.64430 9.96180
C 125.55100 9.59156 9.84047
C 127.65500 7.27480 9.74923
C 128.63400 10.26250 9.89427
H 129.39700 6.59877 11.37340
H 130.47200 9.63865 11.42560
H 127.29000 9.00044 11.49010
H 128.37900 12.05880 11.57830
H 125.17500 11.40050 11.46990
H 124.12100 8.36232 11.35070
C 130.91600 7.80885 9.81257
C 134.06000 8.43171 9.90875
C 131.89600 10.92480 9.85923
C 135.08100 11.54530 10.01460
H 135.71400 7.81462 11.59100
H 136.79000 10.82370 11.65530
H 133.58900 10.23950 11.48380
H 132.61400 7.16204 11.47450
H 131.51800 12.68250 11.54910
C 116.04100 16.45420 9.84549
C 112.81300 15.32230 9.81151
C 113.90800 18.72300 10.01730
C 117.22700 19.42140 10.01770
C 118.16200 13.80110 9.89930
C 121.36700 14.45010 9.87485
C 119.23200 17.02620 9.92696
C 122.36700 17.57510 9.95261
C 120.37800 20.03230 10.11460
C 129.74700 13.22380 9.95095
C 124.53600 15.07570 9.92785
C 125.59000 18.23380 10.13480
C 127.64600 15.73560 9.95150
C 128.78400 18.80200 10.08200
H 129.43100 15.10210 11.49930
H 134.72100 13.24860 11.65570
C 130.98000 16.22830 9.98861
C 132.99900 13.97950 10.05760
C 136.14400 14.51870 10.11750
C 134.04200 16.99860 10.10020
C 132.07900 19.33180 10.07300
C 135.11900 19.87450 10.09550
H 133.72800 18.71750 11.77460
H 135.77700 16.31310 11.77390
H 132.65300 15.73770 11.71310
H 136.88900 19.33340 11.66410
C 115.05100 21.73020 10.20760
C 112.96600 23.78980 10.16690
C 116.11600 24.71750 10.41470
C 111.36700 20.81440 11.06490
C 121.41600 23.05250 10.25120
C 118.33900 22.44360 10.30070
C 119.18600 25.45300 10.43790
C 122.36900 26.11240 10.39800
C 123.63200 20.49690 10.19530
C 124.50400 23.64630 10.19530
C 127.71400 24.33330 10.11250
C 126.61200 21.07390 10.21150
C 129.78600 21.72460 10.15830
C 125.63700 26.72300 10.24270
C 136.14400 22.85910 10.03510
C 133.00900 22.32700 10.05690
C 130.94800 24.73290 10.09880
C 133.96800 25.20810 10.02690
C 115.02000 30.26990 10.41520
C 117.21400 27.87670 10.52930
C 111.36600 29.01450 11.15970
C 114.07600 27.12480 10.24830
C 112.89600 32.14290 10.11420
C 116.08200 33.20550 10.50450
C 118.15100 30.88780 10.56980
C 121.34200 31.50870 10.60480
C 120.30600 28.50140 10.57330
C 123.36100 29.00760 10.48820
C 124.47200 32.03070 10.49290
C 126.60800 29.66200 10.30490
C 128.76400 27.23680 10.17240
C 127.69500 32.72710 10.28700
C 129.75700 30.32590 10.11850
C 130.82100 33.26350 10.10640
C 136.04900 31.42050 9.91852
C 135.06500 28.39840 9.88043
C 131.88300 27.71300 9.93271
C 132.89100 30.85030 9.94269
C 113.92700 1.65427 13.21650
C 117.20800 2.25932 13.15450
C 115.04000 4.69364 13.28490
C 111.55000 3.94303 13.24200
H 111.39800 6.16566 12.21760
H 116.75600 4.12524 11.60630
H 115.75900 1.10870 11.58370
C 118.24100 5.30414 13.17190
C 122.42200 0.42304 12.91430
C 120.24700 2.87875 13.02810
C 123.52500 3.43795 12.97630
C 121.47300 5.92195 13.01200
C 119.28600 -0.03572 12.99380
C 125.58400 1.11580 12.91000
C 126.70500 4.10386 12.86910
C 128.88500 1.71192 12.84630
C 129.88900 4.71244 12.93450
C 131.91500 2.32246 12.85910
C 132.95700 5.23863 12.96170
C 135.17600 2.95722 12.92010
C 136.11000 5.95320 13.14580
C 134.08300 -0.09180 12.86700
C 112.87600 7.12250 13.38390
C 116.16300 7.70080 13.20760
C 117.15600 10.80350 13.10930
C 114.11100 10.16910 13.37840
C 111.49900 12.37410 12.78080
H 116.78700 12.62340 11.51950
H 115.73500 9.51740 11.60970
H 113.67600 11.98010 11.77510
H 112.66700 8.96596 11.48750
H 114.64000 6.52106 11.62610
C 119.24800 8.31750 13.06980
C 122.34800 9.05756 13.00800
C 120.31000 11.45940 13.08390
C 123.48600 12.04140 13.13920
H 117.80100 7.11520 11.47290
H 118.91500 10.19080 11.45890
H 119.95200 13.29600 11.53000
H 122.07200 10.94270 11.51070
H 120.99200 7.77195 11.40570
C 124.49800 6.54148 12.99230
C 125.48800 9.51937 13.03080
C 126.59600 12.59240 13.09420
C 127.65700 7.12851 13.02580
C 128.77000 10.22730 13.07600
C 129.76000 13.28800 13.14330
C 130.83000 7.73700 13.04860
C 133.89100 8.42698 13.13780
C 131.85100 10.83200 13.12820
C 134.99600 11.35850 13.19100
C 114.90400 13.21270 13.11170
C 116.13300 16.25040 13.05790
C 113.17400 15.75340 13.13440
C 114.07400 18.69040 13.22610
C 117.24800 19.25160 13.26550
H 111.42800 14.67690 11.80390
H 114.73500 15.00040 11.35800
H 115.81900 18.16260 11.58840
H 112.79100 17.51980 11.21880
C 118.15300 13.93480 13.06970
C 121.37000 14.44270 13.07860
C 119.17900 16.81400 13.05860
C 122.38800 17.43490 13.15230
H 118.94500 18.74990 11.60870
H 117.80300 15.68300 11.37260
H 122.11000 19.31850 11.65960
H 120.99800 16.29500 11.47370
C 120.33900 19.87230 13.26490
H 123.13100 13.83160 11.49500
H 124.17100 16.88390 11.54710
C 124.49500 14.98660 13.11230
C 125.57000 17.76350 13.28520
C 127.67000 15.59100 13.16730
C 128.79800 18.64260 13.20690
H 125.27300 19.88050 11.93350
H 126.24100 14.45780 11.52080
H 127.35300 17.50730 11.64930
H 130.56800 18.11750 11.55040
C 130.79400 16.27060 13.18400
C 132.91500 13.82000 13.20080
C 136.12800 14.40080 13.26960
C 134.03500 16.87990 13.40060
C 131.90000 19.33850 13.23430
C 135.23000 19.97180 13.32450
C 111.48000 20.90960 12.93440
C 115.13300 21.62170 13.41310
C 112.95000 24.27460 13.44710
C 116.05300 24.67480 13.61670
H 116.88000 21.15150 11.77230
H 111.33300 23.16080 11.90650
H 115.76000 26.56590 12.01990
H 113.67300 20.57400 11.72720
H 114.69800 23.49920 11.94710
H 112.76700 26.01580 11.52140
C 123.39100 20.48390 13.38680
C 121.39100 22.87960 13.49800
C 119.31700 25.30490 13.66210
C 118.29800 22.19100 13.45740
C 122.39500 25.93550 13.58180
H 120.04500 21.76410 11.83430
H 121.00600 24.74630 11.92220
H 117.87900 24.14210 12.04090
H 123.12700 22.35580 11.79700
H 124.19600 25.48090 11.86040
C 127.77600 24.16110 13.37240
C 129.88900 21.79630 13.27090
C 124.56900 23.54930 13.37990
C 126.74700 21.21300 13.45240
C 125.69200 26.57830 13.49320
H 127.42400 26.01680 11.84000
H 126.34000 22.97850 11.71190
H 128.41800 20.57620 11.78540
H 129.45000 23.61930 11.69100
H 130.55000 26.57280 11.62100
C 130.83900 24.78680 13.27590
C 134.07900 25.40930 13.16420
C 132.96100 22.25600 13.30310
C 136.26500 22.92540 13.20090
H 131.58200 21.08850 11.66230
H 135.84300 24.74480 11.62690
H 132.60500 24.05590 11.74360
H 134.72700 21.70560 11.69200
H 114.53700 32.06160 12.04060
C 112.64300 33.15190 13.17020
C 111.40900 29.16560 13.10650
C 115.95500 33.27910 13.65440
H 116.69600 29.64310 12.14380
C 117.10900 27.75160 13.68380
C 113.89100 27.13740 13.58370
C 114.83900 30.23820 13.70290
H 113.63700 28.97330 11.97480
H 111.37900 31.34230 11.99000
H 118.93900 27.18770 12.15480
H 117.84800 32.69030 12.18290
C 121.37000 31.46090 13.80120
H 121.02200 33.33110 12.22390
H 123.13700 30.84350 12.17610
H 122.01400 27.84630 12.16840
C 118.07300 30.82700 13.82800
C 120.35000 28.44820 13.80150
C 123.61600 28.94600 13.68800
H 119.91000 30.31250 12.21220
H 125.26400 28.43700 11.94690
C 127.74300 32.66830 13.51760
C 129.96200 30.20930 13.33390
H 128.45900 29.06360 11.80630
H 129.50700 32.06800 11.85000
C 128.89900 27.23970 13.32860
H 126.35000 31.45510 11.95310
C 126.80200 29.63410 13.55000
C 124.69300 32.05110 13.71960
H 134.66200 30.18820 11.56680
H 131.58600 29.56290 11.53530
C 135.16900 28.30520 13.05560
C 131.04600 33.34320 13.34120
C 132.90400 30.75540 13.19170
C 136.15600 31.29290 13.15060
C 132.02000 27.71550 13.13820
H 135.76800 33.16250 11.60150
H 132.64800 32.64960 11.64620
H 136.90000 27.79490 11.37100
H 133.69200 27.11880 11.43500
C 114.16100 35.68590 10.21360
C 117.23800 36.28480 10.49920
C 115.04300 38.73060 10.24880
H 112.85900 34.55450 10.96520
C 111.28300 37.86140 11.23810
H 113.66900 37.47660 11.87870
C 119.29500 33.80610 10.56000
C 118.37800 39.31220 10.36410
C 122.39300 34.46230 10.59300
C 120.34000 36.90610 10.53410
C 123.42500 37.44100 10.41880
C 121.44400 39.93230 10.38730
C 125.46800 34.96700 10.40360
C 126.61800 38.13620 10.41850
C 128.69400 35.79590 10.28580
C 129.82700 38.74490 10.42300
C 131.91700 36.46660 10.18400
C 132.90600 39.30190 10.23710
C 135.02400 36.87970 9.99369
C 136.16600 39.91120 10.04750
C 134.01200 33.84550 10.03120
C 112.90300 40.92680 10.25660
C 116.04700 41.71350 10.35440
C 113.81300 44.11300 10.41080
C 117.23100 44.79830 10.30850
C 111.35600 46.22260 11.36110
H 112.72500 42.99190 11.78670
C 119.32600 42.30880 10.35980
C 122.36400 42.87350 10.23040
C 120.27600 45.39000 10.19260
C 123.55600 46.06640 10.20880
C 124.60500 40.44630 10.31160
C 125.61100 43.66020 10.29290
C 127.73100 41.13490 10.39140
C 128.76700 44.27840 10.36170
C 126.71100 46.65700 10.34890
C 129.93000 47.17040 10.45290
C 130.68200 41.68000 10.34690
C 133.84300 42.40600 10.16590
C 131.87600 44.79510 10.34510
C 135.04600 45.23440 10.20620
C 114.99700 46.96060 10.35610
C 112.76900 49.02820 10.17510
C 115.92200 50.05030 10.23470
C 113.98600 52.57440 9.95954
C 117.13200 53.16120 10.07230
C 118.11100 47.69480 10.20780
C 121.34800 48.44950 10.17840
C 119.20800 50.74650 10.15130
C 122.54900 51.42560 10.40430
C 120.49000 53.72600 10.16800
C 124.61200 49.07370 10.30100
C 125.69300 52.03800 10.38860
C 127.80700 49.66500 10.38500
C 128.79500 52.57310 10.38920
C 130.88300 50.23260 10.35900
C 132.87000 47.77220 10.33510
C 136.04900 48.36320 10.29550
C 134.10100 50.71170 10.38800
C 131.96900 53.13530 10.29490
C 135.01600 53.68350 10.14720
H 136.86400 53.18600 11.73270
C 111.38800 54.67280 10.70160
C 115.05500 55.60850 9.92703
C 112.89900 58.10650 9.98272
C 116.05600 58.61370 9.84066
C 121.52800 56.76900 10.10910
C 123.50100 54.38290 10.35050
C 118.20200 56.16420 9.97169
C 122.46300 59.67620 9.87331
C 119.25200 59.09610 9.84571
C 127.67600 57.88460 10.04520
C 126.74200 54.92960 10.24380
C 124.56700 57.26810 10.11830
C 129.75900 55.59440 10.15480
C 125.55000 60.28500 9.88398
H 124.16500 59.22340 11.60090
H 129.55000 57.50040 11.62220
H 127.39400 59.87830 11.44660
C 136.13000 56.71370 9.94941
C 133.10700 56.17630 10.09440
C 134.13800 59.25240 9.90829
C 130.91800 58.60530 9.94165
H 130.54200 60.47240 11.53030
H 135.86100 58.69710 11.45680
H 132.72200 58.13320 11.54320
H 134.81900 55.62830 11.71450
C 113.94100 60.88040 9.77247
C 117.17700 61.68910 9.72073
C 114.98800 63.91210 9.45995
C 113.05600 66.05610 8.97280
C 111.36500 63.06410 10.04360
C 116.13700 66.90800 9.24692
H 114.65200 65.85410 10.92630
H 116.73200 63.54030 11.22240
H 111.49700 65.42370 10.74280
H 113.60900 62.90450 11.16410
C 121.41600 65.16710 9.46563
C 118.18200 64.57370 9.49831
C 120.34000 62.10730 9.60957
C 123.63300 62.81380 9.68469
H 117.84100 66.56810 10.97340
H 123.21200 64.71730 11.18790
H 119.98300 64.01920 11.09330
H 121.01400 67.06930 10.98330
H 118.93200 61.02240 11.36100
H 122.10900 61.66310 11.28630
C 128.85700 61.00590 9.84653
C 127.70100 66.43880 9.49196
C 126.66100 63.37660 9.73826
C 124.67600 65.77930 9.52195
C 129.94400 63.93560 9.69008
H 128.46900 62.90740 11.37510
H 126.35500 65.31350 11.27720
H 129.50200 65.92710 11.07870
H 125.29000 62.22160 11.47350
H 133.73400 61.12260 11.47230
C 130.83000 67.14820 9.39664
C 135.01400 62.19790 9.65900
C 132.96200 64.58440 9.56587
C 131.93900 61.53840 9.84239
H 134.77400 64.05880 11.13380
H 136.90200 61.69460 11.12870
H 135.78700 67.12870 11.01290
H 131.65100 63.45430 11.30210
H 132.62500 66.51330 11.05290
C 136.07200 65.25000 9.42814
C 113.75200 35.45450 13.27920
C 117.17500 36.33800 13.54370
C 114.90400 38.58380 13.44650
C 111.54000 37.83320 13.07330
H 111.50600 40.11400 12.10990
H 115.77000 35.07440 12.00760
H 116.81700 38.17620 11.91300
C 118.23800 39.29430 13.60410
C 122.48200 34.52690 13.78520
C 120.36400 36.94260 13.69440
C 123.54600 37.57910 13.59250
C 121.49700 39.89380 13.61380
C 119.26600 33.82990 13.83500
H 120.06500 38.75190 12.06140
H 122.10000 36.30360 12.11020
H 123.21900 39.32350 11.94870
H 118.94700 35.66030 12.15780
H 124.17600 33.81860 12.15440
C 125.67400 35.07300 13.63660
C 126.66200 38.12130 13.57210
C 128.86100 35.72410 13.48140
C 129.97000 38.60210 13.59150
H 126.31900 39.97330 12.02120
H 127.37200 34.52490 11.92120
H 125.23300 36.83140 11.95610
H 128.41200 37.57070 11.98660
H 130.53600 35.15140 11.74550
C 132.05600 36.11140 13.40520
C 133.16500 39.33940 13.40960
C 135.09800 36.79800 13.24460
C 136.21500 39.95820 13.23760
C 134.12200 33.78380 13.25190
H 131.62600 38.07850 11.99010
H 134.78000 38.67840 11.63800
H 133.69300 35.62910 11.67850
H 136.79600 36.21320 11.57280
C 111.46600 46.24880 13.17230
C 113.05300 41.21110 13.62550
C 116.05600 41.81760 13.53760
C 117.24700 44.77870 13.54370
C 114.09700 44.14750 13.66210
H 116.84600 46.58270 11.94580
H 113.66000 45.99500 12.09150
H 115.76800 43.59570 11.93330
H 114.68400 40.50970 11.91670
C 119.26400 42.33900 13.55920
C 122.50800 43.09910 13.48200
C 120.30200 45.41390 13.41290
C 123.47400 46.06230 13.47840
H 117.84200 41.09990 11.98930
H 121.05700 41.73920 12.01880
H 118.96200 44.13550 11.91670
H 122.06900 44.81920 11.76390
C 124.59600 40.60020 13.58220
C 125.56600 43.53440 13.47670
C 127.64400 41.20740 13.64100
C 128.71600 44.12320 13.60350
C 126.54600 46.71620 13.63620
H 128.39300 46.03120 12.08770
H 124.18800 42.33820 11.83980
H 129.41300 40.52620 12.10170
H 127.32900 42.99960 11.89810
H 125.21600 45.47380 11.93270
H 130.51800 43.52630 11.96130
C 130.89000 41.69650 13.58930
C 134.10800 42.28190 13.38220
C 131.97300 44.64380 13.60620
C 135.20900 45.27450 13.36550
H 132.57900 41.13330 11.86270
H 133.67200 44.13450 11.89270
H 131.66000 46.55860 12.06470
H 136.91700 44.72890 11.67180
H 134.76300 47.11870 11.80270
H 135.71500 41.74040 11.59690
C 115.18300 47.23290 13.59160
C 116.06300 50.23380 13.36780
C 112.79200 49.71640 13.33860
C 113.93800 52.65190 13.31730
C 117.18200 53.22100 13.30320
H 111.38200 48.52810 12.25350
H 115.72200 51.99730 11.69310
H 114.62000 48.86720 11.85110
H 112.75700 51.42060 11.25840
C 118.25300 47.87540 13.44480
C 121.27200 48.47420 13.35880
C 119.18800 50.86060 13.31660
C 122.35500 51.31440 13.46770
H 118.92100 52.62600 11.71050
H 122.09900 53.24030 11.98630
H 117.82200 49.57450 11.76130
H 119.92900 47.22110 11.74760
H 123.08000 47.88520 11.80910
H 120.98900 50.26900 11.74690
C 120.25100 53.94220 13.33510
C 129.89300 47.25660 13.64880
C 124.48200 48.95300 13.56180
C 125.62400 52.13820 13.57520
C 127.72200 49.68000 13.61490
C 128.80900 52.70940 13.55230
H 124.25800 50.83140 12.03060
H 127.41900 51.42890 12.02330
H 126.33800 48.45040 11.96660
H 129.53200 49.02820 12.02200
H 125.29600 53.86150 11.90270
H 130.58300 52.01920 12.00400
C 130.98200 50.26820 13.63070
C 133.17600 47.83890 13.53580
C 136.23100 48.20490 13.47220
C 134.06600 50.86200 13.61100
C 132.02600 53.43530 13.47430
H 132.66600 49.60110 11.98680
H 135.85400 50.13600 12.08130
H 133.71100 52.60730 11.88910
C 135.18400 53.85750 13.41010
C 111.39700 54.78010 12.56280
C 114.99900 55.66310 13.21700
C 112.98200 57.78300 13.28660
C 116.02000 58.74450 13.04800
H 112.75200 59.88960 11.86030
H 113.63300 54.43290 11.64220
H 111.40400 57.00470 11.53710
H 114.69100 57.42680 11.50660
H 116.74800 54.98770 11.61500
H 115.74800 60.50990 11.37120
C 123.49800 54.44390 13.49410
C 118.21600 56.22760 13.11790
C 121.30300 56.85790 13.19410
C 119.15300 59.27920 13.10040
C 122.38900 59.99210 13.06570
H 120.94500 58.67070 11.57900
H 119.98700 55.59820 11.55150
H 117.78300 58.02330 11.50160
H 123.14900 56.24490 11.86330
C 125.68400 60.47760 13.12420
C 127.81500 58.12670 13.16050
C 129.93200 55.77040 13.31740
C 126.62700 55.12810 13.50370
C 124.57200 57.54650 13.34600
H 128.42300 54.43450 11.89990
H 126.31300 56.81230 11.75740
C 136.32700 56.96430 13.09870
C 134.16400 59.37800 13.11520
C 133.12900 56.33660 13.23140
C 131.02000 58.75510 13.15750
H 131.63000 55.06270 11.70730
C 112.85700 66.72790 12.39360
C 111.35600 63.22480 11.95080
C 115.96400 67.24250 12.45450
C 113.90200 61.11890 12.94100
C 114.89100 64.25010 12.77510
C 117.19900 61.78780 12.87040
C 120.38200 62.35570 12.86920
C 121.39400 65.36640 12.71780
C 123.49800 62.94480 12.91550
C 118.20300 64.83710 12.68430
C 127.81200 66.65440 12.73970
C 129.92500 64.22700 12.85630
C 126.70600 63.58690 12.97310
C 124.57600 66.10650 12.76470
C 128.75200 61.12000 13.06090
C 133.13800 64.74800 12.74230
C 131.95400 61.78400 13.04190
C 135.28800 62.40210 12.85660
C 136.23300 65.34070 12.62460
C 130.87000 67.24630 12.62960
C 113.92500 69.38260 9.01677
C 117.25000 70.17020 9.08679
C 114.99600 72.44630 9.07815
C 111.32500 71.72160 9.97147
H 112.77000 68.25170 10.28390
H 111.50800 74.00330 10.93920
H 113.60400 71.28130 10.74770
H 116.83200 71.95800 10.69970
H 115.79500 68.92560 10.63410
C 119.34500 67.63800 9.26122
C 118.19900 73.20630 9.02736
C 122.48300 68.22060 9.26757
C 120.28800 70.69630 9.09982
C 123.53900 71.33940 9.09860
C 121.37200 73.75240 9.01519
H 119.97600 72.58010 10.55410
H 123.15700 73.20470 10.62280
H 122.08600 70.18320 10.74520
H 118.89700 69.49990 10.79830
C 125.63000 68.83120 9.28439
C 126.76500 71.91960 9.29767
C 128.71100 69.57860 9.38587
C 129.81500 72.57730 9.34583
H 128.46600 71.44600 11.00620
H 126.33300 73.77940 10.88770
H 124.20800 67.75530 10.94430
H 125.26700 70.75090 10.79300
H 127.37000 68.34130 11.01250
H 130.53500 68.99360 10.91840
C 134.00700 67.74360 9.40880
C 131.96700 70.23870 9.33746
C 132.92700 73.20370 9.28343
C 134.96400 70.68110 9.27179
C 136.15200 73.81640 9.07479
H 131.56300 72.02410 10.96450
H 134.79400 72.62120 10.75990
H 136.80000 70.18360 10.74600
H 133.64300 69.55630 11.05150
H 114.70600 74.34240 10.69190
C 112.93900 74.71790 9.02203
C 116.13000 75.62260 9.11559
C 113.99000 77.97450 9.17675
C 117.32200 78.61450 9.23103
C 111.43500 79.93170 10.14310
H 112.80400 76.82530 10.44050
H 115.89400 77.40590 10.78050
H 116.90400 80.37590 10.90430
H 113.74000 79.76990 10.90500
C 115.13900 80.87800 9.25088
C 119.27900 76.32860 9.12544
C 122.55700 76.95310 9.09847
C 120.36800 79.30110 9.29375
C 123.52800 79.86630 9.16976
H 121.09400 75.62550 10.56130
H 117.91900 75.01920 10.67460
H 119.03400 78.01320 10.87000
H 122.13500 78.64230 10.81440
H 120.11800 81.07620 10.94920
C 124.70800 74.42930 9.12867
H 124.27700 76.23330 10.70270
C 126.56100 80.46800 9.11374
C 125.75400 77.43910 9.13244
C 127.75500 74.93070 9.28744
C 128.79300 77.99940 9.16409
H 129.52800 74.47490 10.90240
H 125.25700 79.20220 10.74500
H 127.38800 76.83960 10.83210
H 128.40300 79.88790 10.65050
C 129.86400 81.10660 9.07961
H 130.61300 77.52320 10.74420
C 130.90900 75.64690 9.23061
C 134.03600 76.13940 9.12045
C 131.97600 78.66410 9.06486
C 135.06300 79.28340 9.03976
H 133.71300 78.05650 10.65910
H 136.80700 78.66160 10.64270
H 135.81300 75.62620 10.67000
H 131.67200 80.50230 10.66270
H 132.64300 75.05590 10.83200
H 134.71100 81.11820 10.54200
C 116.17100 84.03430 9.23953
C 113.03700 82.95570 9.19154
C 113.91000 86.21620 9.25657
C 117.14600 87.14440 9.40037
H 112.61100 85.04330 10.70650
H 115.75300 85.78480 10.95840
H 114.81200 82.73040 10.84170
H 111.56500 82.20720 11.06610
C 118.38000 81.59840 9.30342
C 121.45900 82.21250 9.20811
C 119.28100 84.71250 9.29861
C 122.50700 85.29090 9.26275
H 122.11700 87.09330 10.91600
H 123.24300 81.68590 10.75800
H 121.07600 84.01180 10.83160
H 117.89800 83.43950 10.84860
H 118.96700 86.52450 10.98630
C 120.36100 87.71800 9.31460
H 124.23400 84.67110 10.84480
C 124.58100 82.92750 9.16011
C 125.58300 85.81000 9.14636
C 127.73100 83.55060 9.05597
C 128.72700 86.50010 8.99737
H 129.50100 82.87900 10.63990
H 125.34100 87.63780 10.69670
H 126.37900 82.33160 10.68500
H 127.42400 85.30940 10.68490
H 130.57200 85.87550 10.52580
C 130.82000 84.03500 8.96492
C 132.95200 81.66190 8.87603
C 136.06600 82.24990 8.88028
C 134.03800 84.68520 8.85468
C 131.94900 87.10560 8.88349
H 136.91200 86.99760 10.29380
H 133.75400 86.49120 10.45400
H 132.64900 83.44730 10.48420
H 135.81500 84.05540 10.38480
C 135.12800 87.58840 8.74310
C 111.29500 88.86670 10.51330
C 114.87700 89.33150 9.54962
C 112.72700 91.81080 9.59037
C 116.03600 92.54220 9.54513
H 116.81400 88.85900 11.09580
H 112.79100 93.82970 11.01810
H 115.88400 94.39110 11.14220
H 114.65900 91.32980 11.14910
H 113.60000 88.17660 10.91740
H 111.41100 91.13410 11.62920
C 123.51000 88.27380 9.23546
C 118.19000 90.08700 9.37794
C 122.41000 93.73350 9.32791
C 119.29400 93.05890 9.38868
C 121.40600 90.74000 9.28800
H 119.99600 89.56900 10.90790
H 121.08500 92.49850 10.95220
H 123.19900 90.07280 10.85590
H 117.92800 91.86140 11.07290
H 124.25700 93.06690 10.75770
C 124.48900 91.23420 9.12811
C 125.55400 94.29030 9.11097
C 127.69700 91.88090 8.90106
C 129.84300 89.50650 8.93984
C 126.73700 88.86100 9.11302
H 129.59600 91.33520 10.38400
H 128.55100 88.29400 10.66430
H 127.45100 93.72300 10.52610
H 126.39000 90.74120 10.66270
H 130.58500 94.38430 10.36710
C 130.99200 92.53960 8.74089
C 132.98400 90.11380 8.76755
C 136.08900 90.79850 8.72793
C 134.17300 93.24410 8.79345
H 135.87100 92.56000 10.41890
H 132.73800 91.99440 10.34020
H 131.70900 88.91040 10.48570
H 134.77100 89.45880 10.28020
C 111.48200 97.17860 10.45410
C 113.89900 94.80610 9.70104
C 116.12500 101.03600 9.55365
C 117.14500 95.65420 9.51536
C 115.11500 97.98450 9.60464
C 113.00600 100.12300 9.61758
H 116.87900 97.38480 11.22790
H 114.82700 99.78020 11.24110
H 113.75900 96.81220 11.25100
H 111.57500 99.40020 11.50680
H 117.95900 100.45800 11.07490
C 120.40900 96.16080 9.39497
C 121.33500 99.14460 9.21809
C 123.47300 96.67500 9.17969
C 118.17100 98.59150 9.53596
H 123.18500 98.53050 10.71800
H 122.19900 95.57080 10.95830
H 118.96800 94.93590 10.94100
H 121.08200 100.91500 10.89930
H 120.03100 97.97960 10.98390
C 126.52800 97.28380 9.02957
C 127.68300 100.37700 8.95384
C 128.74300 95.04790 8.86321
C 129.88300 97.98840 8.89635
H 128.41800 96.79000 10.49750
H 129.54000 99.84630 10.42030
H 125.25300 96.10550 10.72720
H 126.40100 99.16870 10.65150
C 124.56800 99.73140 9.09821
C 135.12400 96.25450 8.78863
C 131.97800 95.69450 8.82344
H 136.86200 95.55360 10.33490
C 131.01600 101.03600 8.88093
C 133.05100 98.67200 8.91406
H 133.72700 95.03750 10.42870
C 136.14100 99.29820 8.90244
H 134.82200 97.97940 10.51690
H 132.71000 100.45300 10.55840
H 131.62800 97.47850 10.44550
H 135.83200 101.05300 10.56960
C 113.91700 69.64200 12.16180
C 117.04200 70.09040 12.34600
C 115.02200 72.50950 12.32720
C 111.39200 71.71100 11.84170
C 119.28400 67.84680 12.55440
C 118.32600 73.16090 12.22630
C 122.38700 68.49050 12.49630
C 120.23400 70.83540 12.26080
C 123.50100 71.50810 12.33600
C 121.33700 73.76560 12.13570
C 125.60100 69.07520 12.53210
C 126.60700 71.92980 12.49270
C 128.82700 69.60500 12.56010
C 129.90500 72.71600 12.59860
C 131.88300 70.21350 12.59880
C 133.07700 73.31720 12.44940
C 135.14300 70.84160 12.45880
C 136.20700 73.87970 12.33610
C 134.02800 67.68880 12.64370
C 111.55500 79.90560 12.01650
C 113.04200 75.18270 12.36890
C 116.18400 75.48400 12.33830
C 117.27400 78.52570 12.48720
C 114.06900 77.83330 12.40050
C 115.11000 80.96080 12.54500
C 119.40500 76.08480 12.27320
C 122.44000 76.69490 12.27750
C 120.38500 79.13910 12.43440
C 123.55300 79.83620 12.34360
C 124.45400 74.39920 12.31930
C 125.61400 77.43710 12.38390
C 126.66000 80.45040 12.26410
C 127.72800 75.00830 12.47410
C 128.81900 78.13660 12.31470
C 130.94400 75.75820 12.46910
C 134.13400 76.26080 12.33180
C 132.00700 78.70920 12.31610
C 135.06400 79.38900 12.17260
C 116.15100 83.95250 12.53020
C 113.00600 83.18050 12.50800
C 113.88600 86.32480 12.59010
C 117.14500 86.96540 12.64730
C 118.31200 81.61800 12.48420
C 121.64500 82.20030 12.48350
C 119.31900 84.57050 12.47810
C 122.49600 85.23330 12.46040
C 120.37800 87.74570 12.52910
C 129.84700 81.13020 12.23930
C 124.71700 82.85040 12.37560
C 125.66800 85.86820 12.34830
C 127.79100 83.47180 12.25460
C 128.89600 86.43320 12.25490
C 130.96900 84.05700 12.14660
C 133.07900 81.74030 12.22300
C 136.19300 82.28290 12.03160
C 134.13400 84.65390 11.98440
C 132.07200 87.10240 12.06230
C 135.29500 87.68620 11.96590
C 114.95300 89.39830 12.67660
C 113.16100 92.18480 12.95220
C 116.20900 92.56400 12.70280
C 111.64800 88.83180 12.41560
C 123.70600 88.24370 12.38700
C 118.27300 89.97200 12.64390
C 121.46300 90.66440 12.51410
C 119.46400 93.12890 12.61520
C 122.58800 93.69480 12.45730
C 126.78100 88.91610 12.24680
C 128.04200 91.96220 12.12210
C 124.70700 91.29800 12.38450
C 130.05100 89.64370 12.08230
C 125.75900 94.26790 12.26830
C 131.01900 92.54120 11.98240
C 133.15000 90.17350 11.98170
C 136.15300 90.69720 11.91300
C 134.07200 93.18490 12.00420
C 115.14700 97.96390 12.88530
C 117.34900 95.54770 12.70500
C 114.19800 94.94410 12.80240
C 113.02200 100.34900 12.87000
C 111.56200 97.08510 12.28270
C 116.31700 101.06200 12.76050
C 121.55300 99.11640 12.52390
C 118.39100 98.63770 12.66730
C 123.60000 96.85800 12.43650
C 120.47700 96.10260 12.50010
C 124.63300 99.71330 12.26170
C 128.91200 95.01860 12.05550
C 126.77300 97.32300 12.21380
C 127.87800 100.33000 12.18040
C 129.91400 98.04410 12.04150
C 135.22900 96.05170 12.06250
C 136.22400 99.21570 12.15640
C 133.02200 98.56800 12.13040
C 131.99800 95.64620 11.99780
C 130.88300 100.94900 12.08250
C 113.97400 103.28600 9.67855
C 117.23000 104.03800 9.47134
C 115.14700 106.39200 9.46750
C 111.50700 105.49100 10.52070
H 112.89200 102.22100 11.05020
H 116.95600 105.87000 11.06270
H 115.92200 102.83700 11.17100
H 113.84100 105.27200 11.21530
H 111.53300 107.82500 11.50610
C 119.26000 101.57000 9.36146
C 122.35000 102.14400 9.27984
C 120.36500 104.75400 9.45977
C 123.43800 105.27600 9.31054
C 121.42200 107.67700 9.38683
C 118.37300 106.99000 9.47604
H 123.17500 107.04400 11.00140
H 119.01100 103.38900 10.99760
H 122.13100 103.94100 10.93180
H 120.11500 106.53300 11.13190
H 124.29100 101.59200 10.69020
C 125.64000 102.91400 9.09234
C 126.65900 105.85700 9.07741
C 128.73400 103.43600 8.98585
C 129.96800 106.49600 9.07791
H 127.41500 102.13900 10.62750
H 126.36400 107.65900 10.72270
H 125.30400 104.66700 10.77420
H 128.48800 105.23900 10.64190
H 130.55600 102.80400 10.50980
C 134.11000 101.65900 8.92163
C 131.99600 104.03300 8.97673
C 133.11700 107.02600 9.02622
C 135.25100 104.66700 8.99355
C 136.26900 107.80600 9.07044
H 134.85200 106.50500 10.56620
H 133.82000 103.48700 10.54230
H 131.67800 105.83400 10.65610
H 136.95300 104.09200 10.62750
C 112.91600 108.50500 9.49722
C 116.13700 109.45100 9.43161
C 114.03300 111.88900 9.48781
C 117.23000 112.56000 9.43030
C 111.51300 114.18700 10.61740
H 112.82300 110.72300 10.83280
H 116.94400 114.33900 11.13380
H 114.80300 108.21300 11.06730
H 115.89300 111.26300 11.06790
H 113.83800 113.70400 11.29350
C 115.17600 114.86300 9.52822
C 119.42900 110.15000 9.32022
C 122.49300 110.72900 9.26618
C 120.44900 113.13700 9.28148
C 123.58100 113.76000 9.23656
H 121.20900 109.51600 10.95200
H 122.21500 112.52200 10.90570
H 117.98700 108.88800 10.94350
H 119.06300 111.89700 10.93120
H 120.10600 114.90000 10.98190
H 124.29500 110.08500 10.80610
H 129.58900 108.23900 10.77960
C 124.45700 108.22100 9.26367
C 127.82600 108.89300 9.15289
C 125.71300 111.25100 9.16333
C 128.95600 111.74700 9.17901
C 126.74600 114.44100 9.16228
H 125.35500 113.12500 10.74940
H 128.56100 113.71000 10.61350
H 127.43000 110.68800 10.78790
H 130.65900 111.26300 10.83220
C 130.93300 109.46400 9.11786
C 134.15600 110.17400 9.15331
C 132.08500 112.56500 9.26685
C 135.15700 113.24000 9.22132
H 131.68500 114.38000 10.91080
H 133.78900 111.91400 10.83000
H 136.92600 112.60400 10.76920
H 132.71200 108.86500 10.61800
H 135.86300 109.53600 10.71820
H 134.86200 115.05500 10.81600
C 112.78800 117.01400 9.70308
C 116.18000 118.03800 9.51645
C 114.08700 120.27100 9.70917
C 117.25900 121.01300 9.58216
H 112.85600 119.19900 11.06680
H 114.82300 116.75300 11.14580
H 115.99500 119.76500 11.26550
H 111.42700 116.41300 11.78560
C 118.32700 115.42800 9.40632
C 121.49100 116.14900 9.37870
C 119.38400 118.48600 9.38703
C 122.50400 119.28400 9.38571
H 119.10900 120.32400 11.05390
H 122.21700 121.01900 11.02210
H 118.04200 117.30200 10.92380
H 121.19600 117.97200 11.00420
H 123.29000 115.54600 10.88530
C 120.42900 121.67600 9.49963
C 130.05100 114.97600 9.15352
H 124.32400 118.60200 10.92200
C 124.70200 116.81100 9.25601
C 125.62700 119.89200 9.33951
C 127.88000 117.41300 9.22344
C 128.88300 120.50300 9.22121
H 127.45900 119.26400 10.89160
H 129.67600 116.78500 10.74030
H 126.46600 116.17100 10.85570
H 125.32600 121.64800 11.03800
H 130.64400 119.85900 10.83370
C 131.18400 118.02400 9.20838
C 132.99900 115.57100 9.28905
C 136.26500 116.34400 9.32792
C 134.22000 118.66300 9.41613
C 132.08700 121.14700 9.30984
H 137.00200 121.07800 10.95870
H 132.73600 117.39500 10.90450
H 133.78700 120.50800 10.96920
H 135.89100 118.04900 11.07700
C 135.24900 121.74100 9.37215
C 116.12700 126.39400 9.87020
C 115.01800 123.37200 9.73241
C 112.86200 126.10700 9.93320
C 111.45200 122.68700 10.64830
H 116.86700 122.74500 11.24710
H 113.76800 122.13100 11.42690
C 119.23200 126.98900 9.76373
C 122.37200 127.62400 9.61293
C 123.56500 122.30100 9.46782
C 118.19000 124.03300 9.64197
C 121.41800 124.67200 9.60014
H 123.19500 124.01800 11.17650
H 121.07000 126.40600 11.29410
H 120.01100 123.41300 11.11770
H 117.89400 125.71900 11.41400
H 124.16700 127.10900 11.23830
C 127.74700 125.85500 9.43829
C 129.97900 123.48700 9.33324
C 125.55800 128.27800 9.55235
C 126.60600 122.98400 9.46080
C 124.50800 125.30700 9.57048
H 126.32500 124.76600 11.13920
H 129.51800 125.27100 11.02720
H 128.49400 122.28700 10.91150
H 127.39100 127.69200 11.06140
H 130.51200 128.35200 11.12450
C 131.02300 126.55100 9.50825
C 133.17200 124.14300 9.42312
C 136.13000 124.91800 9.50179
C 134.14100 127.17200 9.60252
H 135.87200 126.64800 11.27020
H 132.76500 125.89300 11.15790
H 134.87600 123.52900 10.97500
H 131.66300 122.91900 10.95660
C 114.09700 128.74600 10.04730
C 116.04800 134.90100 9.96671
C 117.14400 129.37500 9.86352
C 112.94700 133.74600 9.95679
C 115.14400 131.83800 9.91272
C 111.54900 130.89600 10.73720
C 118.09900 132.54500 9.82039
C 120.23500 130.03800 9.66550
C 121.35000 133.04900 9.68440
C 123.46100 130.70100 9.60842
H 119.95800 131.86700 11.27570
H 123.16800 132.52800 11.28820
H 122.07900 129.47100 11.18910
H 120.94300 134.87000 11.29480
H 118.98600 128.79400 11.38110
H 117.89400 134.33000 11.47760
H 128.43700 130.67900 11.24670
C 124.53800 133.71800 9.63414
C 129.80200 131.95000 9.62438
C 128.75200 128.94700 9.52318
C 126.71100 131.25900 9.62667
C 127.73100 134.42500 9.60477
H 125.25000 130.12100 11.15660
H 129.46900 133.71700 11.20910
H 126.31000 133.13400 11.19730
C 135.11100 130.26100 9.68530
C 136.28300 133.16700 9.70771
H 131.60400 131.34300 11.17280
H 134.71500 132.05700 11.23530
H 136.90200 129.63700 11.27240
C 130.93400 134.89300 9.64000
C 132.01500 129.53300 9.60149
H 133.76000 128.97900 11.26440
H 135.86000 134.97000 11.32040
H 132.67600 134.34700 11.26910
C 133.00600 132.60400 9.58159
C 114.25000 103.45700 12.82660
C 117.35800 104.09900 12.67180
C 115.24500 106.43100 12.74900
C 111.59500 105.53200 12.40710
C 118.40500 107.10200 12.63010
C 122.57700 102.08200 12.41690
C 120.45200 104.58800 12.58230
C 123.60500 105.13600 12.49040
C 121.55600 107.76400 12.66090
C 119.46600 101.65300 12.58620
C 125.69700 102.76600 12.30880
C 126.82500 105.84600 12.34230
C 128.82300 103.36700 12.21160
C 129.91900 106.45500 12.28670
C 134.05500 101.65000 12.16280
C 131.97500 103.88000 12.14090
C 133.08400 107.03500 12.20730
C 135.18900 104.71800 12.18420
C 136.22100 107.61400 12.27800
C 111.70300 113.99900 12.43360
C 113.08000 108.87100 12.78570
C 116.27600 109.46000 12.63160
C 117.33700 112.47000 12.66790
C 114.25900 111.76200 12.80840
C 115.06600 114.82900 12.72580
C 119.41600 110.09000 12.54930
C 122.63200 110.70500 12.51400
C 120.45200 113.10300 12.53720
C 123.70600 113.75800 12.49430
C 124.71200 108.34800 12.44620
C 125.68000 111.33200 12.39740
C 127.81200 108.82300 12.37500
C 128.91100 111.93200 12.31780
C 126.86100 114.25800 12.32610
C 129.81100 114.92500 12.38300
C 131.04700 109.42500 12.36140
C 134.09500 110.02600 12.31060
C 132.02800 112.56000 12.44640
C 135.17900 113.17800 12.37650
C 116.46300 117.81100 12.68290
C 113.19500 117.31900 12.95480
C 114.30900 120.25700 12.99410
C 117.49800 120.94800 12.78050
C 118.43900 115.54000 12.60730
C 121.53900 116.10200 12.54870
C 119.46500 118.44700 12.58320
C 122.59700 119.16600 12.58930
C 120.44300 121.56500 12.64710
C 124.72300 116.74300 12.48690
C 125.73500 119.77500 12.59230
C 127.98500 117.36300 12.41340
C 128.91400 120.46700 12.50750
C 130.95900 118.02300 12.48790
C 133.13000 115.56400 12.46140
C 136.18800 116.15700 12.56540
C 134.07600 118.61700 12.55650
C 131.98700 121.04400 12.54320
C 135.23000 121.64800 12.55730
C 111.61300 122.66600 12.42840
C 115.25300 123.31300 12.98980
C 113.06700 125.45800 13.28780
C 116.18100 126.22700 13.04660
H 112.86100 127.64300 11.98660
H 115.88700 128.15800 11.57250
H 111.34500 124.95900 11.50990
H 114.61700 125.17900 11.41890
C 122.46400 127.66500 12.84220
C 119.32600 126.91000 12.95090
C 121.43200 124.53100 12.77140
C 118.33200 123.82600 12.88140
C 123.57000 122.15600 12.69360
C 124.51500 125.19300 12.78570
C 127.79900 125.85700 12.71180
C 129.95200 123.37900 12.60540
C 125.69700 128.31100 12.74750
C 126.76900 122.85100 12.61630
C 133.15200 123.95700 12.62120
C 136.30300 124.67400 12.62930
C 130.92100 126.48000 12.68090
C 134.03600 127.15700 12.86240
C 111.59700 130.70100 12.58070
C 116.20100 134.86300 13.10330
C 117.30200 129.41200 13.07620
C 115.25400 131.70800 13.15250
C 113.08500 134.08300 13.26690
C 114.16200 128.75800 13.27600
H 111.55800 133.06100 11.90850
H 113.82200 130.58000 11.58730
H 116.94000 131.20100 11.47130
H 114.82900 133.55400 11.54810
C 118.32200 132.54500 12.98060
C 123.51200 130.66100 12.79770
C 120.51400 130.05700 12.86670
C 121.35000 133.05800 12.89910
C 126.66300 131.34800 12.78110
C 129.79100 131.86400 12.82110
C 128.72000 128.87000 12.77780
C 124.65000 133.69000 12.87850
C 127.75500 134.32600 12.82290
C 132.92400 132.50100 12.86820
C 135.07000 130.16000 12.82290
C 136.10600 133.10100 12.89470
C 130.88900 134.90500 12.86010
C 131.89300 129.51000 12.79250
C 140.50400 1.21406 9.82829
C 138.39400 3.77101 9.94368
C 141.51900 4.21811 9.98876
H 143.21400 3.55057 11.65560
H 140.10000 2.97326 11.47390
H 137.93500 5.45254 11.69490
H 142.18700 0.49003 11.50120
H 141.06400 5.97676 11.70130
H 138.98700 0.01380 11.32010
C 137.28300 0.60210 9.71320
C 143.58500 1.85821 9.99970
C 148.79600 -0.09651 9.88257
C 146.79300 2.25670 9.93984
C 144.58900 4.74360 9.99259
C 147.72900 5.32061 9.88368
C 149.83700 2.96509 9.90264
H 146.38700 4.12076 11.50690
H 145.32300 1.11431 11.58260
H 148.50200 1.64992 11.50940
H 149.48200 4.66655 11.48640
C 151.98300 0.50903 9.78237
C 155.17400 1.14223 9.75600
C 152.99100 3.61631 9.85922
C 150.82500 5.96679 9.92800
C 156.13300 4.13712 9.83201
H 154.74600 2.92863 11.44580
H 151.64000 2.27794 11.44690
H 152.62400 5.36234 11.46420
H 155.78000 5.94949 11.45910
H 153.75700 -0.17283 11.32930
H 156.92500 0.49112 11.32490
C 158.39100 1.67854 9.75107
C 161.55800 2.24875 9.66276
C 159.33000 4.59298 9.63372
C 162.60200 5.23614 9.65430
H 160.14000 1.10288 11.30710
H 161.13100 4.09307 11.22940
H 157.94900 3.50994 11.36820
C 139.32700 6.54030 10.04870
C 142.44400 7.09800 9.98442
C 140.33200 9.61111 9.91164
C 138.19000 11.97020 9.98765
C 141.40100 12.62620 9.89996
H 140.01200 11.38580 11.51380
H 143.15700 12.01500 11.48820
H 142.11800 9.02200 11.49370
H 138.92500 8.43170 11.55930
C 143.50100 10.22510 9.85165
C 137.13300 9.04198 10.00620
C 145.59700 7.60414 9.92177
C 146.75100 10.83910 9.81285
C 148.90700 8.31335 9.82273
C 149.90800 11.41470 9.87866
H 147.45600 7.15381 11.43670
H 144.18000 6.55778 11.63010
H 146.36600 12.61590 11.48500
H 148.45800 10.14870 11.40550
H 145.31300 9.55250 11.38600
C 154.02100 6.54246 9.86805
C 156.10200 12.57210 9.67513
C 151.91200 8.99111 9.97303
C 155.06200 9.48704 9.85054
C 152.87900 12.00530 9.84398
H 154.73100 11.38350 11.31520
H 151.59800 10.78510 11.58920
H 150.52300 7.76517 11.56120
H 153.70900 8.32432 11.57360
H 156.92400 8.90250 11.34330
C 157.10200 7.09396 9.70477
C 160.43000 7.75752 9.62173
C 158.30700 10.04950 9.66989
C 161.44000 10.67130 9.65708
H 158.98500 6.46416 11.14300
H 157.90400 11.94060 11.20220
H 160.00900 9.50837 11.32390
H 162.16900 7.08322 11.24050
H 161.07100 12.54380 11.14090
C 139.22400 14.96850 9.99023
C 142.46300 15.62990 9.94866
C 140.27100 18.03280 10.03510
H 141.06000 14.42430 11.52510
H 138.96200 16.75110 11.64870
H 137.87200 13.72850 11.64380
C 137.15600 17.44270 10.08810
H 142.08300 17.40930 11.59960
H 140.01600 19.91510 11.61490
C 143.53000 18.67470 10.04310
C 144.51900 13.29040 9.93448
H 149.47300 13.27020 11.40660
C 147.68500 13.90070 9.83829
C 145.61200 16.28270 9.94708
C 148.78500 16.91470 9.89914
C 146.58400 19.28800 9.94243
C 149.79400 19.91200 9.71341
H 145.29000 18.07500 11.64280
H 147.32300 15.67910 11.43670
H 144.21600 15.10890 11.60810
H 148.44300 18.74840 11.41130
C 153.97000 14.94570 9.66851
C 150.83900 14.53820 9.81514
C 151.80700 17.45110 9.76080
C 155.01200 17.97520 9.62672
H 155.75100 14.40290 11.24170
H 151.58600 19.32310 11.33170
H 153.66400 16.78780 11.28520
H 154.72500 19.82520 11.18250
H 152.63800 13.87270 11.42550
H 150.53900 16.26580 11.52150
C 159.31400 13.16380 9.56169
H 156.83200 17.42330 11.17510
C 157.08900 15.55130 9.58965
C 162.50100 13.71310 9.60512
C 160.26700 16.22720 9.53806
C 158.20700 18.74250 9.64376
C 161.41200 19.20690 9.60855
H 159.96800 18.06210 11.15570
H 162.02900 15.60890 11.13160
H 158.94200 14.98630 11.12260
C 138.25400 20.43820 9.95612
C 141.44800 21.06170 10.00110
C 139.29000 23.49780 9.84805
C 142.49300 24.07850 9.96024
H 143.17400 20.48530 11.68560
C 137.22500 25.80720 9.87136
H 141.01400 22.94710 11.50410
C 140.47800 26.54680 9.90983
H 137.96300 22.32030 11.53940
C 148.75600 25.33970 9.85253
C 145.63000 24.74160 9.93276
C 147.56000 22.35160 9.83087
C 144.56400 21.65790 9.96418
H 147.37800 24.12060 11.43690
H 145.34200 26.52200 11.61910
H 144.26800 23.47880 11.52190
H 149.44100 21.73130 11.28310
H 146.32400 21.09690 11.56140
C 156.08400 21.10270 9.64718
C 151.95600 25.80930 9.76889
C 152.89900 20.55140 9.66633
C 150.85300 22.93910 9.75484
C 154.12400 23.47600 9.67861
C 155.19500 26.46690 9.66622
H 153.82400 25.27810 11.27350
H 155.81100 22.85850 11.35610
H 150.50900 24.69560 11.41900
H 152.67900 22.29590 11.30680
H 157.00000 25.91090 11.18540
H 162.19000 24.05640 11.08500
C 162.59600 22.13950 9.59875
C 159.31500 21.69550 9.57302
C 160.45200 24.65090 9.56255
C 157.21600 23.98710 9.68682
H 160.09200 26.49940 11.11350
H 159.03100 23.47680 11.22450
H 157.88900 20.56980 11.22090
H 161.04600 21.07130 11.19620
C 142.49600 32.57530 9.67533
C 139.23500 32.05700 9.88155
C 138.26100 29.02270 9.78544
C 141.46700 29.50130 9.75521
C 143.61600 27.02250 9.96285
C 146.68900 27.68000 9.89588
C 149.90700 28.27150 9.86145
C 144.60000 30.10590 9.79459
C 145.70100 33.22200 9.61209
C 147.82000 30.70090 9.72304
H 148.48200 27.14750 11.46500
H 149.54300 30.14060 11.46760
H 147.40900 32.57030 11.20410
H 154.85600 28.29540 11.29870
C 156.16300 29.51160 9.67404
C 154.13300 31.88740 9.66466
C 150.97300 31.15320 9.70277
C 153.06900 28.85370 9.73626
H 151.72100 27.65410 11.42700
H 152.75900 30.68530 11.29200
H 150.69800 33.14800 11.15860
H 155.88700 31.32370 11.31260
H 162.22100 32.53500 11.11420
H 161.17300 29.51350 11.13120
C 161.44800 27.68550 9.52491
C 160.45700 33.08630 9.55294
C 162.68300 30.69550 9.54233
C 159.38200 30.21990 9.57701
H 159.10100 31.97490 11.27340
H 158.02500 28.92010 11.15880
C 158.34600 27.10300 9.51329
C 157.31500 32.49850 9.68926
C 140.35300 1.05613 13.01260
C 138.21500 3.44791 13.00910
C 141.40800 4.11029 13.22440
C 137.21500 0.60858 12.92080
C 143.59100 1.62090 13.19900
C 148.76800 -0.22856 13.00530
C 146.76900 2.32747 13.12790
C 144.69900 4.78234 13.19610
C 147.73800 5.39240 13.08830
C 149.90500 2.90293 13.09950
C 152.04600 0.36330 13.00840
C 155.22500 1.08307 12.93470
C 153.00300 3.53393 13.06050
C 150.87000 5.90996 13.08300
C 156.20000 4.08415 13.02280
C 158.37700 1.71996 12.90450
C 161.59200 2.28903 12.84190
C 159.40600 4.72869 12.87290
C 162.53200 5.27717 12.88760
C 139.30700 6.68599 13.24870
C 142.50700 7.31915 13.23090
C 140.38800 9.61710 13.12980
C 138.29000 11.88600 13.22440
C 141.40600 12.58880 13.09880
C 137.16600 8.95436 13.20470
C 143.62600 10.17380 13.04070
C 145.68900 7.78425 13.05280
C 146.70100 10.72040 13.04430
C 148.72500 8.38519 13.09460
C 149.74900 11.45700 13.04210
C 144.59500 13.17870 13.09950
C 154.03900 6.48056 13.11260
C 151.95000 8.97863 13.14950
C 155.25000 9.62016 12.95610
C 156.21800 12.59720 12.84930
C 153.09200 12.07430 12.99860
C 157.38800 7.08488 12.93890
C 160.38400 7.64018 12.84480
C 158.31700 10.22410 12.92630
C 161.35500 10.81450 12.87590
C 139.36900 14.91900 13.21170
C 142.39700 15.58370 13.18860
C 140.37400 18.10530 13.21390
C 137.23700 17.51210 13.31980
C 143.45500 18.58440 13.23900
C 145.69300 16.25150 13.20130
C 147.74600 13.90530 13.07230
C 148.74800 16.91270 13.03060
C 146.80800 19.30540 13.14630
C 149.87300 19.98890 12.95110
C 154.13000 15.04120 12.95750
C 150.89300 14.34450 13.05500
C 151.98500 17.52150 12.96980
C 155.18300 18.06010 12.80850
C 159.34400 13.20380 12.74780
C 157.22900 15.60970 12.77910
C 162.42800 13.81470 12.74730
C 160.28900 16.23210 12.75790
C 158.23500 18.67360 12.77850
C 161.36400 19.25760 12.78870
C 137.33900 26.04800 13.08310
C 138.34500 20.59240 13.21810
C 141.39400 21.18950 13.19050
C 139.27400 23.58570 13.14940
C 142.48300 24.08700 13.09590
C 140.36200 26.60990 13.09920
H 142.16400 25.94330 11.58500
H 139.03300 25.33870 11.44810
C 144.71100 21.72690 13.19990
C 147.82800 22.38140 13.02350
C 145.69200 24.64920 13.11200
C 148.77000 25.29400 13.04500
C 150.88700 22.78630 12.91720
C 154.04700 23.53250 12.93440
C 155.26900 26.45340 12.84700
C 153.06800 20.51050 12.91990
C 152.08800 25.73240 12.96050
C 156.14100 20.96680 12.85990
C 162.42600 22.25590 12.78940
C 157.30600 24.11800 12.84930
C 159.32900 21.68710 12.85650
C 160.48000 24.76670 12.73000
C 138.19100 28.98220 13.02790
C 139.38500 31.90680 13.00800
C 142.50700 32.59050 12.86590
C 141.42400 29.61500 13.04390
H 137.87300 30.81980 11.44570
H 139.99200 28.44330 11.44210
H 143.19200 28.96930 11.44040
H 141.10000 31.36630 11.32530
C 143.58200 27.23220 13.14930
C 149.97900 28.26450 13.03990
C 146.79100 27.84250 13.08980
C 145.76000 33.17700 12.88690
C 147.77600 30.88270 12.98100
C 144.55900 30.27730 12.93840
H 146.36800 29.55950 11.41180
H 144.28000 32.05940 11.27580
C 156.33800 29.43340 12.85130
C 153.13600 28.92120 12.94350
C 154.11400 31.94210 12.89170
C 151.07800 31.39020 12.93410
C 158.43700 27.13960 12.76650
C 159.43500 30.11930 12.78390
C 160.49600 33.19720 12.77680
C 162.60300 30.75670 12.75090
C 157.27800 32.54410 12.85420
C 161.49900 27.73190 12.71690
C 140.27100 35.05880 9.82690
C 138.20100 37.50550 10.00960
C 141.33000 37.96620 9.76159
C 143.61300 35.56220 9.64632
C 137.13400 34.43870 9.97130
C 146.78000 36.27720 9.69697
C 144.74800 38.56840 9.62558
C 147.79700 39.24580 9.67493
C 150.02500 36.82100 9.61805
C 148.84400 33.79680 9.61976
H 148.58500 35.65760 11.23930
H 149.56500 38.60450 11.20240
C 152.21800 34.40930 9.62964
C 155.23900 34.93810 9.59752
C 153.13000 37.43140 9.55468
C 150.90300 39.77110 9.55973
C 156.26700 37.98450 9.45332
H 155.86600 39.77250 11.10730
H 152.68100 39.19220 11.15030
H 151.75300 36.23020 11.23130
H 153.87100 33.74490 11.25730
H 154.90900 36.78140 11.12210
H 157.02900 34.35450 11.25610
C 158.30600 35.46300 9.52373
C 161.59300 36.06780 9.43638
C 159.34400 38.55260 9.37580
C 162.55900 39.21190 9.30198
H 160.14500 34.97530 11.09650
H 161.21400 37.97770 10.91010
H 158.04300 37.33860 11.08270
C 139.21400 40.51990 9.98979
C 142.53900 41.08670 9.74896
C 140.28900 43.55600 9.90320
C 141.41400 46.54580 9.99992
C 138.31500 45.93200 10.07080
C 143.57800 44.15710 9.80184
C 137.16100 42.91930 10.03440
C 145.73700 41.71420 9.68101
C 146.72600 44.70440 9.82568
C 148.74600 42.24860 9.63893
C 149.79600 45.10500 9.58180
H 148.51900 43.96020 11.30560
H 146.35300 46.43990 11.49240
H 147.44900 41.01550 11.28770
H 149.55200 46.93900 11.22560
C 144.59600 47.06330 9.87282
C 154.08200 40.26760 9.48141
C 151.97100 42.76710 9.45049
C 155.10400 43.46660 9.39150
C 156.12700 46.40330 9.26697
C 153.00500 45.82450 9.32409
H 150.58800 41.65070 11.13430
H 153.74600 42.19470 11.00790
H 154.76500 45.28230 11.00570
H 151.67400 44.64760 11.04540
H 156.84700 42.74960 10.97380
H 158.97400 40.34750 10.97480
C 157.18400 40.92790 9.39240
C 160.43900 41.50580 9.39689
C 158.23200 43.86370 9.28100
C 161.40000 44.56020 9.16412
H 162.22900 40.97170 10.99080
H 157.94000 45.80310 10.81050
H 161.09100 46.44310 10.65100
H 160.06600 43.42490 10.87740
C 159.30000 46.91730 9.06388
C 139.32600 48.98230 10.10730
C 142.40200 49.50070 9.94280
C 140.35000 51.80160 10.04180
C 137.17100 51.16990 10.26410
C 143.54300 52.51850 10.05100
H 140.09000 53.74920 11.56790
H 142.21300 51.33070 11.63510
H 139.04200 50.76300 11.80560
C 147.69100 47.49990 9.77121
C 145.57200 50.14470 9.85812
C 148.66000 50.70750 9.64446
C 146.71600 53.04940 9.89797
H 148.52000 52.45940 11.46390
H 147.43200 49.41360 11.30350
H 145.40300 51.85690 11.54570
H 144.23500 48.87910 11.47450
C 149.79000 53.60350 9.63018
C 154.02900 48.93320 9.33555
C 150.77400 48.18800 9.46344
C 151.90200 51.29730 9.43472
C 155.06000 51.82280 9.27965
H 152.66600 47.69670 10.84830
H 155.83000 48.26090 10.85510
H 151.71600 53.10520 11.11180
H 153.68400 50.72010 11.01440
H 150.53700 50.04100 11.07090
H 154.88900 53.74980 10.84260
H 156.93000 51.25680 10.74390
C 157.14200 49.37300 9.12996
C 162.53400 47.57770 9.00889
C 160.43500 50.03490 8.98613
C 158.28900 52.43360 9.03541
C 161.39100 53.03550 8.95202
H 160.08000 51.83870 10.65300
H 159.02900 48.86170 10.57580
H 162.21100 49.41390 10.59710
C 137.20400 59.76990 9.67660
C 138.34200 54.23740 9.98323
C 141.56900 54.85900 10.00020
C 139.40800 57.26340 9.72545
C 142.61300 57.90460 9.79771
H 142.27800 59.88510 11.27520
H 141.15400 56.83280 11.46880
H 139.07400 59.25630 11.20640
H 143.30900 54.37020 11.67750
C 140.56100 60.30400 9.51823
H 138.00600 56.17120 11.45640
C 144.66000 55.49030 9.93185
C 147.58700 56.00250 9.68817
C 148.70400 59.06970 9.46659
C 145.58300 58.51710 9.73636
H 146.41900 54.88050 11.54100
H 147.46300 57.89540 11.26260
H 145.34300 60.43620 11.22750
H 144.36000 57.38350 11.49240
H 149.58600 55.52140 11.12590
C 151.97600 59.74920 9.24985
C 153.99100 57.18630 9.24052
C 156.19900 54.91460 9.11720
C 155.20200 60.33460 9.04917
C 152.95800 54.36250 9.40248
C 150.90500 56.78590 9.41973
H 155.91500 56.75210 10.73050
H 150.58300 58.64520 10.97310
H 153.81500 59.15080 10.70570
H 152.70000 56.18510 11.00450
H 156.96700 59.77340 10.68500
C 162.51800 56.12690 8.93085
C 160.52600 58.54860 8.99195
C 157.28500 57.93880 9.08783
C 159.38600 55.53420 9.00154
H 162.29100 57.94160 10.55560
H 161.18800 54.88980 10.54490
H 159.12000 57.35120 10.62130
H 158.07200 54.29480 10.60440
H 160.16400 60.36230 10.59520
C 143.61200 60.98640 9.54798
C 139.22400 65.91790 9.26910
C 141.46600 63.48400 9.38054
C 142.49900 66.49850 9.19920
C 138.22300 62.81740 9.38138
H 137.90500 64.70460 10.95520
H 143.24200 62.92410 11.03600
H 141.06400 65.41970 10.85230
H 140.02800 62.25810 10.96890
H 146.38100 63.49170 10.93210
H 148.48800 60.95190 11.07660
H 149.58900 63.99720 10.83180
H 147.44200 66.47610 10.65640
H 144.24800 65.94590 10.81510
C 147.86400 64.56310 9.19842
C 144.57300 64.03920 9.27808
C 145.64800 67.08880 9.16997
C 146.69900 61.51040 9.48309
C 149.79600 62.08490 9.32082
H 155.85600 65.21600 10.53930
H 154.80300 62.25160 10.51400
C 156.29000 63.40200 8.92967
C 153.96900 65.76750 9.01347
H 151.64900 61.60990 10.90320
H 152.68800 64.62990 10.71970
H 150.67000 67.06240 10.58400
C 150.92500 65.11730 9.12501
C 152.86100 62.80270 9.12987
H 161.14200 63.43260 10.54290
C 160.36900 67.08640 8.75359
C 158.34700 60.89780 8.99055
H 162.17600 66.44490 10.35430
C 162.52000 64.57090 8.80667
H 158.06100 62.79480 10.54210
C 157.15100 66.48160 8.83962
C 161.53500 61.58920 8.91784
H 158.95400 65.92760 10.40170
C 159.42800 63.99830 8.91726
C 140.51300 34.96630 13.02350
C 138.31800 37.36880 13.17440
C 141.51700 37.90730 12.95540
C 137.22300 34.41030 13.17090
H 137.92000 39.29010 11.70000
H 141.13900 39.86380 11.39160
H 143.22400 37.40610 11.20640
H 142.13000 34.40660 11.23420
H 140.02600 36.82910 11.50320
H 138.96200 33.82700 11.52290
C 143.60600 35.58350 12.83000
C 146.85100 36.18280 12.89760
C 144.66900 38.57260 12.89070
C 147.83100 39.23380 12.88020
C 149.96700 36.84630 12.85020
C 148.94100 33.72220 12.75660
H 146.42200 38.02270 11.32780
H 145.39200 35.01710 11.27880
C 150.98700 39.89820 12.75910
C 152.10800 34.33160 12.78560
C 155.25600 35.04750 12.80310
C 153.20500 37.42750 12.78710
C 156.34000 38.01010 12.71390
C 158.47100 35.58220 12.78420
C 161.60000 36.25740 12.54120
C 159.52700 38.59310 12.59770
C 162.60800 39.13030 12.51360
C 137.28800 42.85350 13.19630
C 139.43000 40.45460 13.13480
C 142.63300 41.04960 12.95860
C 140.47700 43.44540 13.18540
C 138.39000 45.84310 13.30310
C 141.57000 46.47110 13.15570
H 140.04500 45.28710 11.61650
H 142.14000 42.90870 11.40080
H 139.00000 42.32060 11.57980
H 143.21300 45.90370 11.51150
C 143.68400 44.12170 12.95280
C 145.71100 41.67300 12.87290
C 146.73600 44.52470 12.90000
C 148.93900 42.14170 12.85700
C 150.03800 45.12120 12.82810
H 145.34900 43.42200 11.28200
H 144.33800 40.38030 11.24550
C 154.14300 40.43410 12.67630
C 152.04000 42.83750 12.65790
C 155.14200 43.42360 12.61670
C 156.28900 46.48940 12.49960
C 153.06400 45.99060 12.54980
C 157.33000 41.04650 12.64350
C 160.39800 41.63230 12.51370
C 158.26500 44.02210 12.49850
C 161.53100 44.69560 12.39590
C 137.34800 51.46180 13.46890
C 139.42800 48.93530 13.37760
C 142.61300 49.46730 13.22480
C 140.53200 52.10020 13.29750
H 137.97100 47.73530 11.74380
H 141.12700 48.35790 11.65420
C 144.63300 47.09260 13.09590
C 143.73100 52.47610 13.22690
C 145.81900 49.99480 13.03340
C 147.81500 47.57280 12.91270
C 148.92300 50.49980 12.89210
C 146.81800 53.06160 13.15400
C 150.11400 53.76190 12.84640
C 154.07500 48.88230 12.46820
C 151.08900 48.15890 12.63310
C 152.01400 51.23580 12.67130
C 155.26400 51.88820 12.42240
C 159.45200 47.13200 12.28820
C 157.40600 49.47520 12.29830
C 162.57500 47.60870 12.20150
C 160.48200 49.99630 12.20110
C 158.37900 52.50120 12.28980
C 161.56900 53.07990 12.17960
C 137.33200 59.98690 12.87920
C 138.40300 54.47730 13.21210
C 141.44100 55.16470 13.11730
C 139.34900 57.53450 13.03010
C 142.57700 58.10140 13.01430
C 140.40400 60.62910 12.80820
C 148.92700 59.22020 12.73240
C 145.82000 58.69560 12.93090
C 147.99000 56.12750 12.92770
C 144.71400 55.59740 13.19590
C 154.28300 57.42340 12.41810
C 156.42700 55.04490 12.30000
C 151.02900 56.89940 12.62470
C 153.25900 54.37600 12.54820
C 152.21900 59.78500 12.42540
C 155.20400 60.46950 12.21790
C 157.40000 57.93870 12.26410
C 159.55200 55.50580 12.23550
C 160.61000 58.56340 12.19090
C 162.56200 56.12120 12.16510
C 142.47900 66.67530 12.36140
C 138.31300 62.98590 12.63380
C 139.32500 65.97340 12.51440
C 141.45000 63.63600 12.53970
C 143.63900 61.23440 12.83060
C 144.60700 64.22290 12.56490
C 145.80600 67.10600 12.35560
C 149.92700 62.28480 12.54480
C 147.82400 64.72580 12.41540
C 146.89100 61.73390 12.66270
C 150.97500 65.35120 12.30360
C 156.27600 63.36530 12.11110
C 153.24800 62.87520 12.30270
C 154.22000 65.78360 12.23260
C 160.47900 67.03080 11.98100
C 162.56400 64.60990 11.99550
C 158.44100 61.00980 12.19110
C 157.24600 66.43900 12.10670
C 161.62100 61.60760 12.11340
C 159.36900 64.11140 12.07140
C 140.28700 68.76700 9.12595
C 138.16300 71.38060 9.04523
C 141.41900 71.87030 8.93659
H 141.07800 73.77400 10.49850
C 143.67700 69.49550 9.06686
H 142.11700 68.42870 10.66450
H 137.94200 73.23180 10.67870
H 138.88200 67.70170 10.86440
H 143.23500 71.42410 10.54970
H 140.03300 70.75340 10.55630
C 137.07600 68.23920 9.29043
C 146.66800 70.02450 8.98731
C 144.54900 72.54050 8.86515
C 147.77600 72.97800 8.78006
C 149.88300 70.68960 8.90315
C 148.83900 67.59510 9.00397
H 148.48100 69.51640 10.51110
H 145.34300 68.94310 10.78590
H 149.54500 72.53370 10.48490
H 146.33100 71.96600 10.46770
C 152.00400 68.19400 8.91908
C 155.03000 68.78410 8.94410
C 153.12500 71.19300 8.73310
C 150.82700 73.64340 8.69150
C 156.21100 71.70420 8.68895
H 154.80100 70.71420 10.43380
H 155.89500 73.67310 10.18020
H 151.67200 70.07470 10.42120
H 153.72900 67.61630 10.62480
H 152.68700 73.15090 10.24750
H 156.86400 68.27460 10.50010
C 158.26900 69.40540 8.79176
C 161.52500 70.05210 8.70914
C 159.41000 72.38970 8.68701
C 162.66500 73.17480 8.73920
H 160.11100 68.90580 10.36710
H 161.21300 71.94680 10.31470
H 158.00600 71.25980 10.33610
C 139.27900 74.47570 8.95848
C 142.47000 74.92850 8.81837
C 140.29200 77.39500 8.82473
C 138.13000 79.77940 8.92126
C 141.36000 80.30330 8.76100
H 140.01400 79.23880 10.46820
H 142.08900 76.81050 10.34080
H 143.23300 79.79870 10.25990
H 138.97200 76.27500 10.55630
C 137.12300 76.82000 9.02559
C 143.43700 77.98780 8.65751
C 145.57600 75.44860 8.69826
C 146.60100 78.55260 8.54625
C 148.74600 76.04310 8.55522
C 149.91300 79.08550 8.42614
H 146.40000 80.39960 10.07580
H 148.48900 77.97040 10.05280
H 144.24600 74.36950 10.39120
H 147.37200 74.91910 10.25670
H 145.25800 77.34200 10.16950
C 144.52100 80.99190 8.58547
C 154.12900 74.23400 8.55468
C 156.22600 80.36560 8.60580
C 151.91100 76.73050 8.54952
C 155.18000 77.45460 8.57627
C 153.16600 79.81340 8.52452
H 153.80300 76.13160 10.06020
H 151.67200 78.57270 10.06420
H 150.53300 75.53060 10.19940
H 154.75700 79.22030 10.23140
H 156.93000 76.74980 10.21000
H 159.12800 74.30080 10.25080
C 157.37000 74.87670 8.60871
C 160.56900 75.59860 8.66101
C 158.46700 77.92920 8.61467
C 161.59400 78.67320 8.88391
H 157.98000 79.77030 10.21300
H 160.12600 77.33580 10.34340
H 161.07700 80.44740 10.53880
H 162.30500 75.03410 10.29130
C 139.21000 82.78790 8.70116
C 142.38300 83.42260 8.67163
C 140.35000 85.82850 8.58028
H 141.01800 82.22710 10.26590
H 137.91200 81.67290 10.40070
H 139.00100 84.70070 10.24980
H 142.08700 85.28130 10.21650
H 140.09300 87.71170 10.14160
C 137.21400 85.15620 8.71034
C 143.49100 86.48440 8.61391
H 149.52500 81.00750 9.92830
C 145.58800 84.02590 8.48728
C 147.69500 81.66450 8.39695
C 148.88000 84.60530 8.36844
C 146.58500 87.05760 8.56096
H 145.30300 85.77920 10.17410
H 144.23700 82.81540 10.20380
H 147.42100 83.49380 10.01870
H 148.48300 86.44370 10.01220
C 149.84100 87.77320 8.44941
C 154.16400 82.73540 8.45836
C 151.09600 82.13920 8.37666
C 151.94100 85.27120 8.35800
C 155.35900 85.86990 8.59573
H 153.75200 84.67010 9.96488
H 152.74400 81.62300 10.10310
H 150.60900 84.02700 9.95672
H 151.62900 87.09300 9.93951
H 155.83200 82.21350 10.16850
H 154.77300 87.67230 10.15950
C 159.46700 81.12000 8.79425
H 156.88900 85.18900 10.41500
C 157.39500 83.46540 8.76115
C 162.57400 81.59770 8.91640
C 160.43400 83.99650 8.91719
C 158.40900 86.48690 8.95317
C 161.48300 86.96190 9.00225
H 160.08700 85.77340 10.57100
H 158.97600 82.83870 10.52650
H 162.16400 83.38620 10.57640
C 138.24700 88.25650 8.65300
C 142.54300 91.94840 8.60814
C 141.49300 88.85390 8.61164
C 139.31900 91.30860 8.65858
C 140.46300 94.37080 8.69226
H 137.92700 90.11530 10.27230
H 139.04200 93.18440 10.25750
H 141.14200 90.74800 10.23240
H 142.16600 93.72540 10.33080
H 143.22300 88.25380 10.26900
C 137.23400 93.80360 8.72384
C 144.62200 89.48190 8.64953
C 147.75400 90.03110 8.59570
C 145.69300 92.60800 8.69349
C 148.86600 93.21020 8.76784
H 146.36300 88.84520 10.25690
H 147.43500 91.83390 10.24580
H 144.26500 91.29860 10.26700
H 145.34300 94.35490 10.42970
H 149.59300 89.49570 10.19300
C 151.01600 90.85610 8.65597
C 156.37000 88.91920 8.73734
C 153.14500 88.42280 8.53377
C 154.19200 91.34710 8.71906
C 155.23100 94.41390 8.96296
C 152.11300 93.79490 8.76842
H 150.63900 92.57040 10.37120
H 153.79800 93.10470 10.38630
H 155.84500 90.64100 10.36880
H 152.73800 90.15080 10.22230
H 156.90800 93.67630 10.55250
C 157.29000 91.93420 8.91131
C 159.46800 89.55180 8.94770
C 160.49300 92.52070 8.99738
C 162.58500 90.06890 9.02049
H 160.04600 94.30890 10.63650
H 157.97300 88.31880 10.50270
H 159.03900 91.29420 10.54520
H 162.21800 91.88870 10.60370
H 161.14500 88.81100 10.61170
C 138.30100 96.88650 8.83708
C 142.48400 100.53200 8.87514
C 139.35500 99.86950 8.83253
C 141.44200 97.39260 8.79963
H 143.20900 96.73730 10.41130
H 141.12400 99.16710 10.39840
H 140.01900 96.16390 10.35410
H 137.93400 98.69950 10.48790
C 143.64600 94.94220 8.78307
H 149.58800 97.90810 10.52930
H 146.40000 97.33570 10.56420
H 148.49600 94.92530 10.44830
H 147.44900 100.36300 10.42640
H 144.25900 99.75370 10.41250
C 146.71600 95.63320 8.84456
C 147.87200 98.42940 8.87664
C 149.93900 96.07660 8.88881
C 145.68000 100.97600 8.81761
C 144.71300 97.95530 8.87520
H 150.61900 101.01100 10.38140
H 151.71200 95.53520 10.44120
H 155.79000 99.19580 10.57920
H 154.86000 96.13500 10.60840
H 152.69500 98.55900 10.48370
C 156.24600 97.34310 9.02704
C 153.21100 96.71500 8.91865
C 154.10100 99.79550 8.88542
C 150.97600 99.09550 8.84324
C 161.51600 95.55330 9.09177
C 162.54800 98.50210 9.16739
C 159.42000 97.91080 9.06367
H 157.94700 96.72760 10.64910
H 161.12300 97.32690 10.70120
H 159.02300 99.81150 10.62880
H 162.18900 100.37000 10.72710
C 157.26700 100.30000 8.93626
C 160.48600 100.93100 9.03795
C 158.34400 94.93380 9.01277
C 140.39700 68.98090 12.28170
C 138.29400 71.35460 12.26660
C 141.41700 71.94950 12.14320
C 137.17800 68.47360 12.48010
C 143.58900 69.64820 12.25670
C 146.87100 70.30250 12.16340
C 144.62400 72.68080 12.09760
C 147.84000 73.23030 11.99700
C 149.95300 70.73760 12.07740
C 148.91400 67.75260 12.15730
C 152.03100 68.34960 12.18880
C 155.11900 68.98230 12.13510
C 153.06600 71.39940 11.97980
C 151.00700 73.84470 11.94480
C 156.29100 71.99270 11.92620
C 158.33400 69.47280 11.99210
C 161.60000 70.06890 11.96480
C 159.41300 72.48330 11.93100
C 162.64900 73.21840 11.90620
C 139.43700 74.51840 12.18590
C 142.59000 75.07030 11.98110
C 140.47200 77.46620 12.06540
C 138.28500 79.95100 12.04920
C 141.56600 80.50410 11.91360
C 137.24700 76.88640 12.20860
C 143.62700 77.96360 11.83970
C 145.64800 75.58460 11.87170
C 146.72300 78.52270 11.64720
C 148.78100 76.23400 11.75530
C 149.90500 79.24000 11.63260
C 154.18300 74.38990 11.75660
C 152.09200 76.78660 11.68920
C 155.17300 77.37050 11.78170
C 156.18800 80.41600 11.81590
C 152.93600 79.81000 11.74300
C 157.34200 74.89400 11.81000
C 160.53100 75.50790 11.94200
C 158.31000 77.97200 11.88000
C 161.45400 78.52170 12.06020
C 159.21000 80.94400 12.08150
C 139.38400 82.91000 11.95460
C 142.52400 83.44720 11.82290
C 140.41400 85.94130 11.80190
C 137.26000 85.21260 11.91930
C 143.59200 86.41170 11.80000
C 144.71900 80.98590 11.76510
C 145.74300 84.01210 11.76890
C 147.77100 81.66960 11.59460
C 148.85700 84.59080 11.61280
C 146.82900 86.95670 11.73930
C 149.91600 87.52920 11.66630
C 154.06900 82.93790 11.68720
C 150.86200 82.20830 11.58100
C 151.95800 85.25840 11.55920
C 154.94600 85.80390 11.79180
C 157.08800 83.33440 11.98700
C 162.52400 81.52970 12.14290
C 160.36100 83.95640 12.18720
C 158.27500 86.37140 12.08140
C 161.45300 86.97440 12.23850
C 138.36400 88.23990 11.81780
C 141.45900 88.87040 11.83380
C 139.36900 91.32230 11.83120
C 142.55300 91.88690 11.92400
C 137.33300 93.80000 11.95180
C 140.44800 94.33330 11.92860
C 147.85500 90.05040 11.84430
C 148.84500 93.02940 11.95120
C 145.72400 92.41760 11.93850
C 144.60800 89.46450 11.87860
C 155.09700 94.29150 12.11020
C 155.99700 88.78010 11.96030
C 151.02700 90.68390 11.87710
C 154.05900 91.24450 11.95550
C 152.94600 88.23240 11.68160
C 152.01400 93.69170 11.99530
C 159.38000 89.46790 12.18020
C 160.41100 92.43030 12.20240
C 162.56500 90.06010 12.24790
C 157.17000 91.83780 12.05750
C 138.33100 96.76380 11.94090
C 141.49000 97.30800 12.00050
C 139.47700 99.76290 12.04130
C 142.48700 100.36400 12.08550
C 143.54800 94.86920 11.99310
C 147.84900 98.57520 12.13320
C 145.65800 100.90100 12.06890
C 146.76600 95.41370 12.08260
C 144.59600 97.91130 12.04930
C 149.97000 96.08710 12.09230
C 154.02400 99.84960 12.14480
C 156.20100 97.38450 12.21930
C 150.94800 99.28500 12.10250
C 153.10000 96.70710 12.10220
C 157.19900 100.48000 12.12910
C 158.22300 94.94680 12.23160
C 161.40500 95.52180 12.31820
C 162.50800 98.57560 12.33550
C 159.34200 97.95860 12.25700
C 160.44600 101.07200 12.19420
C 140.38300 102.88400 8.93957
C 138.23200 105.36900 9.01528
C 141.37700 105.86300 9.01446
H 139.03200 101.63600 10.50920
H 137.99400 107.11300 10.71880
H 142.13400 102.24800 10.57330
H 143.17700 105.22000 10.56290
H 141.11400 107.70500 10.62290
H 139.99900 104.67800 10.60600
C 137.26300 102.26700 8.97612
C 143.50200 103.44400 8.89687
C 146.60900 104.02700 8.76867
C 144.52800 106.43500 8.89992
C 147.71600 107.01500 8.77000
C 149.99800 104.64700 8.66989
H 148.50500 103.43900 10.25420
H 145.28900 102.80000 10.47430
H 146.34700 105.82500 10.43110
H 149.55300 106.46500 10.27140
C 148.87300 101.53800 8.72480
C 152.05400 102.16100 8.76983
C 155.17000 102.76300 8.84042
C 153.13900 105.22800 8.75732
C 150.96400 107.61700 8.68395
C 156.20100 105.72900 8.73313
H 154.80300 104.62100 10.47420
H 152.75500 107.08400 10.29210
H 155.82900 107.69300 10.19990
H 151.67800 104.07500 10.35310
H 153.73300 101.61500 10.48140
H 156.96100 102.20100 10.39990
C 158.47600 103.35300 8.77488
C 161.66800 103.95900 8.96920
C 159.48600 106.37100 8.79328
C 162.61600 107.10500 9.06466
H 157.98400 105.18000 10.33750
H 160.13100 102.84800 10.51930
H 161.15500 105.80600 10.54320
C 139.28100 108.40300 9.10730
C 142.48300 108.95800 9.04937
C 140.47100 111.34000 9.13849
C 141.45600 114.54100 9.30433
C 138.31600 113.83800 9.24142
H 139.00300 110.18900 10.75440
H 142.19100 110.69300 10.72610
H 140.13000 113.16200 10.79590
H 143.23800 113.73900 10.78700
C 137.25500 110.75400 9.13185
C 143.46400 112.02200 9.05264
C 145.58300 109.50100 8.84619
C 146.76600 112.59600 8.90031
C 148.76800 110.08200 8.74695
C 149.84100 113.09000 8.76176
H 148.51000 111.86900 10.43730
H 147.43000 108.87600 10.31180
H 146.39200 114.32100 10.62870
H 145.33600 111.33100 10.43230
H 144.30300 108.25700 10.54770
C 154.08800 108.31500 8.61398
C 151.86700 110.70900 8.66210
C 155.09000 111.32700 8.58518
C 156.31300 114.33900 8.76512
C 152.96500 113.76100 8.74125
H 151.61700 112.49500 10.33190
H 150.56300 109.44100 10.26330
H 154.80000 113.14500 10.19480
H 153.67800 110.17000 10.21390
H 159.05000 108.24400 10.35610
C 157.39900 108.84600 8.62212
C 160.52800 109.55200 8.84076
C 158.34300 112.00300 8.78846
C 161.58800 112.54700 9.02173
H 160.06800 111.29800 10.44470
H 162.17500 108.91900 10.59890
H 156.88300 110.69400 10.12450
H 161.13400 114.36600 10.57990
H 157.98300 113.77300 10.44410
C 139.42300 116.82700 9.38086
C 142.46600 117.38300 9.26116
C 140.36700 119.92400 9.46548
H 137.97100 115.61300 10.91870
H 139.03500 118.60100 11.02070
H 141.18100 116.24200 11.03090
H 142.25700 119.21300 10.92250
C 137.28600 119.21700 9.40966
C 143.57300 120.55400 9.31159
H 140.08900 121.71300 11.13200
H 149.57000 114.94800 10.33990
C 144.54000 114.92200 9.13504
C 145.51700 118.05800 9.14672
C 147.76500 115.56600 8.95041
C 148.87000 118.84300 9.01534
C 146.71700 121.13400 9.31253
H 147.47200 117.45600 10.50780
H 144.29100 116.74500 10.81330
H 145.34200 119.83300 10.88050
H 148.52800 120.47100 10.85460
C 149.90400 121.80000 9.33584
C 154.16500 116.79100 8.86554
C 150.96800 116.24900 8.77214
C 152.06100 119.33100 8.97189
C 155.21300 119.92900 8.95372
H 150.65300 117.95800 10.48320
H 151.70400 120.97200 10.77990
H 153.81300 118.57100 10.47180
H 155.94000 116.09200 10.41450
H 152.66700 115.53400 10.37550
H 154.85700 121.58100 10.70880
C 159.45700 114.95600 8.91024
H 156.93800 119.13000 10.53090
C 157.29700 117.39300 8.85217
C 161.47200 121.13800 9.20577
C 162.64600 115.56300 9.13641
C 160.46700 118.05800 9.07712
C 158.44800 120.50600 9.10353
H 159.02400 116.75000 10.50880
H 160.15100 119.85200 10.73790
H 162.20000 117.43300 10.74580
C 138.44100 122.25700 9.35959
C 140.28700 128.45900 9.54525
C 142.50700 125.95400 9.44504
C 139.40200 125.43100 9.43045
C 141.48200 122.88900 9.47523
H 138.95700 127.18500 11.08210
H 137.98600 124.10800 10.91010
H 141.12200 124.71800 11.05050
H 142.03200 127.67400 11.09200
H 143.25900 122.27600 11.01690
C 137.18200 127.90800 9.61744
C 144.58300 123.53600 9.39878
C 147.86300 124.10300 9.46129
C 145.66400 126.59300 9.50754
C 148.89000 127.21600 9.55654
H 145.21800 128.30400 11.20480
H 144.25100 125.29800 11.04080
H 146.37600 122.90600 10.94530
H 149.56200 123.46700 11.07630
H 147.43400 125.90300 11.09570
C 156.13500 123.07200 9.29334
C 155.11100 128.24100 9.64827
C 150.93400 124.75400 9.50577
C 154.05000 125.33500 9.56791
C 153.08100 122.36800 9.25262
C 152.02600 127.73300 9.67908
H 150.57400 126.44600 11.20630
H 152.69500 123.99400 11.00970
H 153.73400 127.01200 11.28780
H 155.83400 124.63000 11.10070
H 156.85700 127.58400 11.14000
C 157.22100 125.80700 9.48207
C 162.48200 124.08200 9.32421
C 160.36400 126.55100 9.48471
C 159.42700 123.56100 9.29029
H 160.09800 128.24800 11.23670
H 158.98700 125.29900 11.02590
H 157.94100 122.23300 10.77760
H 162.20200 125.85000 11.01140
H 161.09200 122.86500 10.89550
C 139.37600 133.83400 9.78408
C 142.61400 134.39200 9.84744
H 141.15700 133.19400 11.35860
C 141.40300 131.43400 9.69910
C 138.29200 130.85400 9.66839
H 143.16100 130.66000 11.22520
H 137.95200 132.59300 11.37740
H 139.99900 130.19500 11.25970
C 143.46700 128.86600 9.54875
C 146.69100 129.48800 9.63431
H 147.34600 134.25800 11.38700
C 145.63100 135.03300 9.86524
C 144.53700 131.96200 9.74438
C 147.77900 132.54000 9.75952
C 149.92800 130.14000 9.70954
H 149.51200 131.85000 11.37420
H 144.29900 133.71700 11.45140
H 146.31500 131.27000 11.26120
H 148.47500 128.93300 11.26760
C 150.94100 133.10400 9.73985
C 153.02600 130.63600 9.68268
C 156.07100 131.25300 9.68855
C 154.07500 133.68300 9.68164
H 150.61800 134.84200 11.40000
H 151.63900 129.48400 11.30570
H 152.72000 132.44100 11.29310
H 154.75900 130.02500 11.30760
H 155.86400 133.13300 11.26590
C 157.39400 134.28200 9.74115
H 161.10600 131.24200 11.31260
C 160.49500 134.92000 9.71370
H 159.08600 133.73600 11.42220
H 162.25300 134.34000 11.31100
H 157.91500 130.66100 11.21560
C 158.27700 128.77600 9.60719
C 161.39300 129.52100 9.56087
C 159.26300 131.90100 9.71992
C 162.45000 132.51300 9.66850
C 140.37600 102.81900 12.16640
C 138.31200 105.27200 12.28400
C 141.43400 105.83300 12.19060
C 137.33100 102.20800 12.14710
C 143.56800 103.43100 12.18350
C 148.84600 101.68400 11.97060
C 146.83400 104.01900 12.01030
C 144.69700 106.42100 12.12770
C 147.81800 107.07000 11.93400
C 149.86900 104.65800 11.92840
C 151.97700 102.28300 12.02450
C 155.19500 102.82500 12.04500
C 153.01200 105.34700 11.99420
C 150.97400 107.65200 11.85810
C 156.23900 105.95400 11.92890
C 158.32000 103.41800 12.05330
C 161.47400 104.01100 12.17460
C 159.31300 106.37900 12.02330
C 162.38400 107.12200 12.21250
C 139.41400 108.35300 12.31600
C 142.60700 108.79000 12.21930
C 140.49800 111.28100 12.35400
C 138.35500 113.69200 12.45640
C 141.58600 114.34400 12.47400
C 137.26500 110.76700 12.36270
C 143.71300 111.89600 12.22890
C 145.78000 109.50100 12.00840
C 146.77200 112.41700 12.12550
C 148.89300 109.95200 11.92190
C 149.95100 113.12800 11.99540
C 144.77300 114.85300 12.34570
C 154.12100 108.40000 11.86390
C 151.96100 110.60900 11.86820
C 155.14700 111.36300 11.77830
C 156.11200 114.21000 11.94090
C 153.05500 113.70400 11.86370
C 157.16400 108.89000 11.82770
C 160.30200 109.51000 12.08070
C 158.16800 111.88000 11.91040
C 161.29200 112.52500 12.15390
C 159.34700 114.93300 12.12690
C 139.38800 116.73300 12.57830
C 142.67300 117.38000 12.58130
C 140.51300 119.77400 12.60590
C 137.27700 119.33200 12.63350
C 143.66000 120.40100 12.54580
C 145.85400 117.94500 12.34170
C 147.85800 115.58500 12.06480
C 148.93700 118.49200 12.21330
C 146.78000 121.03500 12.49160
C 150.02200 121.48200 12.49320
C 154.14700 116.65100 11.95340
C 150.94400 116.14400 12.02510
C 152.10300 118.96100 12.17380
C 155.20500 119.66000 12.20600
C 157.28500 117.27300 12.11770
C 162.44900 115.54700 12.26850
C 160.28200 117.94800 12.24310
C 158.24500 120.34700 12.25920
C 161.56700 120.97300 12.38270
C 138.31100 122.37200 12.61420
C 141.54300 122.93000 12.67440
C 139.34200 125.30600 12.57940
C 142.56100 125.89300 12.67290
C 140.27900 128.26800 12.73960
C 137.34200 127.84800 12.78230
C 147.77000 123.97900 12.60640
C 144.67900 123.48000 12.62570
C 148.80200 127.01700 12.79560
C 145.68700 126.39000 12.71700
C 151.03700 124.58600 12.68630
C 156.17600 122.70800 12.46350
C 154.04300 125.10500 12.73870
C 151.97300 127.58900 12.85310
C 155.17600 128.17200 12.83150
C 153.17100 122.06000 12.41300
C 159.26900 123.34100 12.48900
C 160.48300 126.32700 12.68150
C 162.58800 123.91000 12.51490
C 157.27200 125.77300 12.70240
C 138.25400 130.79700 12.92260
C 139.36000 133.81600 12.90880
C 142.58200 134.22100 13.09120
C 141.48400 131.31100 12.87300
C 143.38800 128.78800 12.77070
C 146.69500 129.44100 12.82730
C 145.75400 134.82800 13.09560
C 149.89700 129.98300 12.92880
C 147.73500 132.40300 12.92240
C 144.59300 131.76900 12.89200
C 156.19200 131.29600 12.84250
C 154.10100 133.60700 12.90840
C 153.04500 130.69100 12.92500
C 150.96400 132.94200 12.93640
C 160.56000 134.95900 12.98410
C 162.55000 132.51900 12.85870
C 159.29800 131.81500 12.92030
C 157.23900 134.29500 12.93750
C 158.26700 128.74800 12.74640
C 161.58100 129.37400 12.84120
C 164.71900 2.88407 9.64219
C 166.87000 0.45435 9.71632
C 167.84300 3.51759 9.76381
C 165.69500 5.87437 9.71686
H 164.30600 4.69122 11.29980
H 167.47600 5.35199 11.33570
H 166.44900 2.27749 11.29840
H 168.59600 -0.10114 11.35300
C 163.68100 -0.17499 9.65073
H 169.61000 2.92505 11.32170
H 163.34200 1.64907 11.22780
C 169.98500 1.11148 9.77503
C 171.02000 4.18349 9.75423
C 173.13500 1.69600 9.73378
C 174.11600 4.77142 9.70550
H 172.75400 3.49031 11.31820
H 171.71800 0.50649 11.38890
H 175.87200 4.15279 11.23850
H 170.61200 5.99287 11.38260
H 174.89200 1.06421 11.36220
C 176.24300 2.28197 9.70372
C 179.45000 2.91737 9.78833
C 177.34300 5.43193 9.69013
C 181.53900 0.48259 9.85149
C 182.62200 3.52386 9.80916
C 180.56800 5.89112 9.77399
C 178.32900 -0.17560 9.87729
H 182.26700 5.30286 11.47120
H 181.19200 2.33048 11.45100
H 179.03800 4.79459 11.34110
H 177.97400 1.74064 11.38820
C 184.66200 1.02911 9.74260
C 185.77600 4.11098 9.85120
C 187.91600 1.80150 9.80287
C 189.03300 4.70501 9.93246
H 185.42200 5.91409 11.49910
H 186.48100 0.41850 11.29470
H 183.34200 -0.17023 11.47560
H 187.53100 3.50996 11.51080
H 184.35600 2.83395 11.40380
C 168.84500 6.65694 9.78290
C 163.61300 8.29651 9.68973
C 164.61100 11.29070 9.66284
C 167.82000 11.95230 9.73729
C 166.79600 8.95238 9.78432
H 166.32700 10.78120 11.36180
H 165.32800 7.69743 11.33770
H 168.49300 8.40748 11.47650
H 169.53600 11.43320 11.39510
H 163.17600 10.13580 11.30450
C 169.84500 9.59352 9.82600
C 172.01300 7.19397 9.75959
C 175.17900 7.83209 9.72595
C 170.95600 12.60400 9.77391
C 172.98800 10.28020 9.77470
H 174.82000 9.63134 11.29180
H 172.67800 12.04680 11.47640
H 173.79100 6.58479 11.33860
H 171.65000 9.02595 11.38090
H 175.92500 12.61020 11.29560
C 176.30900 10.81450 9.75325
C 179.43600 11.37570 9.78794
C 178.37100 8.33233 9.69816
C 182.56000 12.00400 9.73523
C 181.64500 8.94693 9.75482
H 176.93200 7.22105 11.30670
H 180.15500 7.73092 11.32030
H 181.22700 10.77100 11.36620
H 178.02900 10.11690 11.40690
C 183.68600 6.46678 9.84629
C 186.78700 7.15465 9.87806
C 185.81000 12.53670 9.73062
C 184.75100 9.48970 9.79308
C 187.82400 10.20520 9.80523
H 187.57000 12.02560 11.36390
H 184.35100 11.40750 11.32070
H 188.53100 6.55175 11.46870
H 186.45000 9.06906 11.43330
H 183.33500 8.35033 11.38220
H 164.23200 13.10460 11.25840
H 163.13000 18.57690 11.23530
C 168.81000 14.95840 9.75090
C 165.60900 14.30860 9.68555
C 166.73300 17.33200 9.65289
C 163.53900 16.79600 9.57039
H 166.28800 19.16250 11.32570
H 167.37800 13.75070 11.33110
H 165.26700 16.11820 11.25330
H 168.49300 16.81180 11.32230
H 169.52500 19.80230 11.43720
C 164.58600 19.79070 9.67897
C 174.09000 13.16630 9.79263
C 169.89800 18.05590 9.79280
C 171.96900 15.71980 9.85067
C 175.12600 16.22450 9.67939
C 172.84500 18.71500 9.81658
H 170.57800 14.37150 11.35870
H 171.61900 17.45520 11.48550
H 174.78100 18.11380 11.25710
H 173.76400 15.04170 11.36430
H 179.03700 13.17150 11.37570
C 176.22700 19.26710 9.71922
C 177.33400 13.86340 9.75644
C 180.46200 14.37600 9.77763
C 178.36700 16.79410 9.75243
C 181.43300 17.39040 9.75965
H 180.10100 16.19820 11.40930
H 181.15600 19.21160 11.41900
H 176.84300 15.63310 11.34320
H 178.00000 18.63110 11.35230
H 182.24200 13.80840 11.35820
C 179.44500 19.86510 9.78932
C 188.93800 13.19770 9.73933
C 186.91200 15.60000 9.73991
C 183.58700 14.97840 9.76515
C 184.69100 18.00880 9.69227
C 187.86900 18.69510 9.72958
H 183.24500 16.83960 11.29350
H 188.68100 15.04830 11.34580
H 186.47600 17.40130 11.25100
H 185.44100 14.42200 11.34610
H 184.30900 19.82990 11.34050
C 167.77100 20.41940 9.81883
C 165.76600 22.77410 9.74876
C 168.81200 23.44620 9.74781
C 166.80500 25.88370 9.66518
H 167.40500 22.24110 11.42750
H 165.35200 24.67180 11.23620
C 163.63200 25.20960 9.51604
H 168.47500 25.33490 11.29400
H 164.23200 21.58100 11.29580
C 169.95900 26.47540 9.72258
C 175.10300 24.64170 9.68415
C 171.92600 24.00330 9.73327
C 174.01400 21.63470 9.80648
C 170.92800 20.94460 9.80269
H 174.87200 26.54320 11.26740
H 170.51400 22.81230 11.32030
H 171.65200 25.82150 11.38060
H 173.72900 23.46950 11.35150
H 172.64800 20.47320 11.51230
H 175.91100 21.12030 11.35680
C 177.35100 22.31080 9.72691
C 178.38800 25.27950 9.79090
C 181.60400 26.01070 9.85142
C 180.56200 22.90140 9.81915
C 182.50500 20.49260 9.83224
H 176.86300 24.10610 11.33240
H 180.14300 24.71270 11.41670
H 182.16900 22.25150 11.56050
H 179.06800 21.68100 11.38230
C 184.67800 26.58130 9.90540
C 185.66800 21.16800 9.87500
C 183.61800 23.40610 9.96792
C 186.73000 24.08360 10.01340
C 188.98000 21.70990 9.88579
H 183.30700 25.31630 11.42700
H 185.34500 22.81680 11.62500
H 186.39600 25.91190 11.60770
H 188.52700 23.42670 11.58680
H 187.50200 20.44030 11.42150
H 163.27400 27.08220 11.09800
H 169.60100 28.29060 11.24180
C 165.74000 31.30420 9.54363
C 167.86200 28.80790 9.69032
C 168.84100 31.80380 9.61051
C 164.76300 28.19760 9.60169
H 166.41900 27.66290 11.32160
H 167.45300 30.66520 11.30200
H 165.35600 33.15040 11.09610
H 164.35900 30.10060 11.16620
H 172.76700 28.86300 11.26430
C 172.03000 32.50280 9.54984
C 171.06800 29.43900 9.61917
C 173.05300 26.97150 9.71671
C 174.17800 30.03830 9.68921
C 175.29800 33.08000 9.63625
H 173.80000 31.94540 11.16600
H 175.89300 29.48670 11.36240
H 170.67500 31.33120 11.22230
C 176.35600 27.72580 9.71703
H 177.04200 32.54420 11.25490
C 180.60000 31.37460 9.87846
C 179.46100 28.28140 9.88059
C 177.32200 30.66130 9.73258
H 182.21100 30.74980 11.63590
H 180.17800 33.19060 11.46150
H 177.99500 27.14120 11.46070
H 179.07400 30.18670 11.35900
H 181.23700 27.79050 11.47200
C 182.72000 29.04420 9.93727
H 188.59700 31.93180 11.71160
C 187.84600 27.15420 10.04420
H 187.55400 28.93250 11.70960
H 184.40600 28.37860 11.53440
C 183.69700 32.00360 10.13440
C 188.90100 30.13200 10.07270
H 185.45200 31.36340 11.65770
C 186.87500 32.57480 10.05220
C 185.92000 29.60110 10.04990
C 164.70300 2.87076 12.88930
C 166.84800 0.48479 12.94830
C 167.87500 3.50250 12.89040
C 165.73800 5.83713 12.95140
C 163.68800 -0.12384 12.92470
C 169.91200 1.13988 12.94130
C 171.02100 4.08941 12.95350
C 173.09000 1.72973 12.94830
C 174.10100 4.77888 12.90340
C 176.17400 2.39205 13.00080
C 181.58600 0.50135 13.10960
C 182.64800 3.51167 13.08670
C 177.25400 5.37947 12.90440
C 179.34700 2.92762 13.00320
C 180.45500 5.96225 13.01780
C 178.30800 -0.10062 13.06440
C 188.93600 4.74825 13.12520
C 185.72700 4.09918 13.07990
C 184.81600 1.07879 13.02900
C 187.85800 1.60136 12.97180
C 168.81000 6.52226 13.00340
C 164.53900 11.39580 12.95230
C 166.65500 8.93194 12.99800
C 167.77400 11.97270 12.95230
C 163.51700 8.33518 12.90580
C 169.90000 9.68460 12.98330
C 170.86200 12.62640 13.03000
C 172.06700 7.22885 12.98850
C 175.19400 7.84423 12.89200
C 173.08200 10.14650 12.96280
C 176.20300 10.76490 12.92250
C 179.46100 11.36830 12.96250
C 178.35900 8.39072 12.94730
C 181.58700 8.94611 12.95490
C 182.64100 12.04880 12.97630
C 183.70700 6.56242 13.01480
C 186.81500 7.26513 13.01680
C 184.66600 9.61833 12.98280
C 187.87900 10.23160 13.01760
C 185.78300 12.60030 12.92590
C 163.43500 16.71430 12.80610
C 165.59500 14.28690 12.89000
C 168.75500 14.91350 12.91920
C 166.71700 17.29570 12.91600
C 164.48000 19.71810 12.89340
C 174.23300 13.25910 12.97010
C 169.81400 17.98330 13.04760
C 171.98800 15.55950 12.99390
C 175.15200 16.29980 12.95180
C 173.06100 18.57950 13.03380
C 176.19200 19.24410 12.90920
C 177.22600 13.81320 12.95570
C 180.47200 14.35520 12.99630
C 178.30300 16.77440 12.95820
C 181.57800 17.36430 13.00880
C 179.37300 19.85350 12.96000
C 189.06900 13.22630 12.91610
C 186.88800 15.64730 12.92710
C 183.59400 14.99160 12.93020
C 184.73100 17.95920 12.87770
C 187.88500 18.52610 12.94920
C 163.52600 25.28590 12.74950
C 167.65900 20.36000 12.97360
C 165.54000 22.88550 12.93650
C 168.79800 23.57930 12.90280
C 166.68600 25.84000 12.92030
C 169.91700 26.49690 12.93670
C 170.81600 21.12080 13.04460
C 174.19900 21.71690 13.02160
C 171.89600 23.96710 12.96760
C 175.09600 24.76700 12.89880
C 182.58900 20.38580 13.01890
C 177.29100 22.32790 12.95400
C 178.30200 25.29030 12.96740
C 181.54000 25.95930 13.02330
C 180.40100 22.88970 13.07790
C 188.89500 21.53570 13.12850
C 183.53400 23.53680 13.10340
C 186.80900 24.04730 13.21030
C 184.65500 26.52530 13.13020
C 185.69200 20.94350 13.04620
C 167.86900 28.84740 12.89100
C 164.63600 28.28160 12.82760
C 165.63900 31.42330 12.80600
C 168.89100 32.03350 12.75110
C 175.23300 33.18200 12.76910
C 173.12600 27.08790 12.86530
C 174.05500 30.14050 12.86610
C 170.98500 29.57710 12.86870
C 172.06400 32.67050 12.75350
C 176.16800 27.70640 13.00330
C 180.39000 31.37970 13.08600
C 182.62200 28.86800 13.13940
C 179.44400 28.42260 13.01650
C 177.28700 30.77570 12.93140
C 186.83200 32.57610 13.24190
C 188.94900 30.12080 13.30890
C 185.70500 29.50190 13.24390
C 183.68600 31.86440 13.27400
C 187.87100 27.03460 13.21640
C 164.70100 36.65240 9.33905
C 166.79800 34.32970 9.46313
C 167.90000 37.30670 9.38628
C 165.74200 39.70670 9.27363
C 163.62800 33.70000 9.47202
H 169.61700 36.74350 11.03190
H 166.47100 36.16180 10.97800
H 164.32500 38.52720 10.86080
H 167.49400 39.16690 10.93630
H 168.59700 33.76400 11.01190
H 163.35800 35.52870 11.02090
C 169.99300 34.96750 9.39148
C 171.10100 37.87020 9.44121
C 173.16200 35.45610 9.45659
C 174.27100 38.46000 9.51349
H 171.68800 34.36840 11.06340
H 175.98300 37.93820 11.13770
H 170.71500 39.70540 10.99980
H 174.87500 34.98400 11.14970
H 172.83000 37.28970 11.03870
C 176.45300 36.14490 9.58103
C 179.55500 36.93850 9.86162
C 177.49200 39.19340 9.79860
C 181.68600 34.41190 9.96810
C 182.72200 37.50320 10.04270
C 180.54900 39.80740 10.05120
C 178.53300 33.74980 9.70860
H 178.06100 35.54360 11.25360
H 182.25400 39.23600 11.67960
H 179.08200 38.56970 11.60000
H 181.23200 36.24470 11.49850
C 184.67500 34.94770 10.08510
C 185.78000 37.98970 10.10030
C 187.89300 35.61170 9.99713
C 188.87800 38.55830 10.19280
H 183.31700 33.80660 11.78830
H 187.52400 37.33640 11.71030
H 185.40400 39.78330 11.67760
H 184.39400 36.77880 11.71820
H 186.49100 34.39350 11.61060
C 169.02000 40.30500 9.36527
C 163.61300 42.06880 9.26632
C 166.83200 42.65830 9.27907
C 164.71700 45.09020 9.14866
C 167.92400 45.76630 9.21454
H 169.62400 45.19980 10.93650
H 168.59300 42.20270 10.97620
H 166.47600 44.58370 10.77790
H 165.32700 41.57940 10.94010
H 163.21900 43.97930 10.78250
C 170.05700 43.34290 9.34944
H 173.84500 40.27670 11.05770
C 172.14800 40.87700 9.40956
C 175.37800 41.53280 9.60169
C 173.26800 43.88390 9.35995
C 171.08500 46.28410 9.23343
H 174.80800 43.35440 11.14500
H 172.80700 45.76440 10.84960
H 175.87100 46.42010 11.03980
H 171.75300 42.76360 10.94260
C 174.16900 46.96360 9.26082
C 176.34200 44.47070 9.63906
C 178.51600 42.15590 9.89951
C 181.53800 42.80770 10.00240
C 179.50100 45.14580 9.86917
H 177.98400 44.00820 11.41130
C 182.55800 45.83970 9.99942
H 176.97700 40.97240 11.38020
H 181.17100 44.59030 11.60030
H 180.13800 41.63550 11.61580
C 183.69400 40.38090 10.05450
C 186.88500 40.90940 10.04600
C 184.58300 43.31080 9.97557
C 187.91000 43.87570 9.90298
C 185.70800 46.25250 9.80238
H 186.45300 42.76890 11.52270
H 188.55500 40.41150 11.79720
H 184.34400 45.15000 11.54460
H 183.23800 42.17830 11.66350
H 187.49400 45.79950 11.42720
H 164.34900 47.03220 10.60570
C 168.89500 48.81370 8.99763
C 165.84900 48.14840 9.00376
C 166.77500 51.32880 8.89240
C 163.57400 50.57210 8.92305
H 168.51100 50.69520 10.48540
H 166.36400 53.16530 10.52240
H 165.39800 50.03990 10.46830
H 167.49700 47.64860 10.74540
H 169.61800 53.71660 10.37280
C 164.58200 53.71340 8.90426
H 163.23100 52.43490 10.51240
C 169.99700 51.86320 8.90035
C 172.08300 49.38320 9.01429
C 175.40400 50.02640 9.26098
C 173.19300 52.50600 9.03528
H 171.70900 51.28680 10.50540
H 170.64000 48.28800 10.62090
H 173.79600 48.86180 10.72100
H 174.79400 51.87800 10.77450
C 176.41000 53.07960 9.38478
C 177.43700 47.50230 9.49590
C 180.44900 48.36600 9.83256
C 178.47600 50.61540 9.55214
C 181.53600 51.31640 9.89158
H 176.93500 49.40860 10.97700
H 179.03700 47.02350 11.34450
H 177.99200 52.47170 11.07760
C 179.58900 53.69170 9.66818
H 180.00100 50.14200 11.40200
H 181.10300 53.09340 11.54950
H 182.21100 47.69760 11.40910
C 189.00000 46.86330 9.79501
C 186.82000 49.49190 9.72206
C 183.58600 48.94630 9.80971
C 184.63500 51.90690 9.82754
C 187.86700 52.56410 9.82898
H 183.25500 50.70150 11.49640
H 186.48000 51.27130 11.35250
H 185.42800 48.19770 11.31190
H 188.54700 48.77830 11.34200
H 184.31200 53.69030 11.50820
C 163.65600 59.08770 8.87469
C 167.80000 54.31400 8.89592
C 165.77200 56.69940 8.93052
C 168.87700 57.28960 8.89710
C 166.81500 59.66930 8.86552
H 167.50300 56.11680 10.58440
H 164.30100 55.52930 10.55030
H 165.41200 58.56100 10.44960
H 168.59600 59.12030 10.48150
C 169.98800 60.37880 8.90951
C 175.31400 58.57990 9.27607
C 174.30800 55.43600 9.19606
C 172.24500 57.98390 9.04469
C 171.15300 54.87670 8.90508
H 171.74100 59.84000 10.54040
H 172.78700 54.29890 10.64660
H 173.88600 57.30260 10.77530
H 170.70400 56.71780 10.41380
H 174.81800 60.35670 10.90710
H 175.94100 54.91430 10.94160
C 181.59900 59.83250 9.69947
C 180.57400 56.75080 9.57464
C 177.40600 56.20090 9.41751
C 178.45100 59.24920 9.53785
C 182.58800 54.22980 9.89295
H 176.95400 58.02090 10.98960
H 179.05200 55.53490 11.11570
H 180.13900 58.55420 11.17830
H 182.18200 56.13140 11.34600
C 185.65800 54.92880 9.95859
C 183.74600 57.27410 9.83840
C 186.77700 58.01550 9.93954
C 188.73900 55.57270 9.90207
C 184.67400 60.39010 9.87332
H 183.22600 59.11430 11.40680
H 185.43100 56.79510 11.61160
H 187.41000 54.30060 11.56200
H 188.50500 57.40680 11.59770
H 186.42800 59.90320 11.52980
H 163.31400 60.97680 10.45950
C 168.99600 65.85510 8.84893
C 165.83100 65.13120 8.74845
C 168.02400 62.75030 8.80892
C 164.78100 62.13550 8.82130
H 169.63300 62.16870 10.49720
H 164.35000 64.01600 10.36260
H 166.55900 61.57820 10.44450
H 165.40000 67.03320 10.34670
H 167.57900 64.60370 10.39220
H 175.90000 63.41530 10.96090
C 174.32100 64.12310 9.23562
C 173.25800 61.13940 9.14843
C 171.11600 63.39460 9.01711
H 170.65900 65.20350 10.56100
H 172.78800 62.88370 10.71330
C 172.17100 66.53890 9.14337
C 175.34400 67.12860 9.37985
H 173.82000 65.89100 10.83230
C 182.63200 62.75840 9.74182
C 176.41700 61.52830 9.45358
H 181.14600 61.58460 11.28900
H 176.95900 66.49520 11.08380
H 180.13700 67.06370 11.18740
H 179.03300 64.03070 11.19610
H 182.14700 64.59360 11.29180
C 179.45600 62.25710 9.64106
C 180.52300 65.21520 9.64316
C 177.39800 64.66090 9.47590
H 178.03700 61.01260 11.18560
H 184.35700 62.29630 11.43200
C 188.92500 64.07810 9.69424
C 185.77700 63.44360 9.74959
C 187.83000 61.06430 9.80449
H 188.56300 65.88780 11.29840
H 187.49100 62.92750 11.39760
C 183.58600 65.80690 9.73047
C 186.84400 66.41040 9.66682
H 185.39300 65.27480 11.26490
C 164.75500 36.79510 12.58270
C 166.81700 34.40790 12.59430
C 167.80100 37.46050 12.55860
C 165.65800 39.74200 12.49950
C 163.58300 33.82570 12.71280
C 169.96200 34.99020 12.67490
C 171.05100 37.91030 12.60080
C 173.05000 35.53170 12.68030
C 174.14400 38.46930 12.66820
C 176.26800 36.20830 12.79780
C 179.33600 36.60910 13.03300
C 177.14000 39.09580 12.95970
C 181.41100 34.45890 13.13540
C 182.54700 37.38370 13.22790
C 180.44000 39.76800 13.24430
C 178.28800 33.79050 12.92790
C 184.82800 34.96110 13.31940
C 185.76300 37.98080 13.34390
C 187.88700 35.52520 13.26730
C 188.96300 38.52420 13.30860
C 168.94200 40.39180 12.55070
C 163.55700 42.26720 12.56070
C 166.78500 42.88480 12.50810
C 164.69000 45.27980 12.33620
C 167.82300 45.90250 12.42890
C 170.02900 43.43990 12.56190
C 172.08800 41.01880 12.60090
C 175.00600 41.57750 12.76310
C 172.99600 44.08590 12.60790
C 171.06000 46.58750 12.36520
C 176.04900 44.63620 12.76430
C 178.24400 42.21240 13.04880
C 181.52700 42.79680 13.26850
C 179.34500 45.30030 13.05750
C 182.60400 45.86780 13.10370
C 183.64800 40.39960 13.29050
C 186.75700 41.07110 13.29380
C 184.72000 43.35400 13.14770
C 187.82500 44.10630 13.09330
C 185.77400 46.46940 13.03920
C 163.65700 50.60320 12.11740
C 168.92000 48.95610 12.24660
C 165.68900 48.31760 12.24390
C 166.78200 51.32310 12.08460
C 164.57300 53.72200 12.14810
C 169.90900 51.94800 12.02140
C 173.97000 47.08890 12.49730
C 171.99000 49.61660 12.19380
C 175.03700 50.04690 12.41130
C 173.01100 52.43610 12.24700
C 176.09600 53.04100 12.49490
C 177.13600 47.66000 12.70130
C 180.36800 48.29570 12.96950
C 178.01700 50.67290 12.75250
C 181.41600 51.24420 13.08590
C 179.15500 53.74870 12.83840
C 188.90200 47.01270 13.02100
C 186.79900 49.39100 12.93720
C 183.74200 48.76890 12.98680
C 184.81800 51.84690 13.04880
C 187.95300 52.37610 13.02310
C 163.73600 59.19690 12.08820
C 167.91000 54.26230 12.08950
C 165.76000 56.78350 12.10770
C 168.98200 57.30700 12.11530
C 166.81800 59.73250 12.08110
C 171.98900 57.96350 12.11080
C 175.14500 58.51130 12.51910
C 174.02900 55.43550 12.41760
C 170.89500 54.90790 12.06120
C 169.94800 60.42020 12.11690
C 181.41700 59.76340 12.90330
C 177.21600 56.19340 12.62770
C 180.32500 56.78420 12.82060
C 178.34900 59.09370 12.70270
C 182.48600 54.44770 13.03820
C 184.54700 60.46650 13.03200
C 186.74100 58.13590 13.20600
C 185.70000 54.93550 13.18070
C 183.51300 57.36810 13.04680
C 188.90000 55.46110 13.05930
C 164.73300 62.23980 12.02000
C 167.89200 62.82020 12.07500
C 165.78200 65.21990 12.02310
C 168.93800 65.88020 12.03670
C 175.08200 67.02010 12.61340
C 170.94900 63.40850 12.17190
C 172.98300 61.01530 12.31390
C 171.92200 66.40610 12.30990
C 174.03600 64.03560 12.43880
C 176.10300 61.59640 12.59530
C 180.33900 65.27140 12.83980
C 182.43000 62.71830 12.91620
C 177.18700 64.64070 12.69290
C 179.37100 62.22740 12.85290
C 185.77700 63.59670 12.99920
C 188.87300 64.13350 12.95570
C 186.79100 66.47750 12.87480
C 183.53800 65.82110 12.81870
C 187.96500 61.12670 12.99550
C 164.75600 70.78500 8.75998
C 166.86800 68.26740 8.73113
C 167.89000 71.34540 8.89923
C 165.79300 73.80660 8.88460
C 163.64600 67.65350 8.71984
H 164.37500 72.55250 10.39140
H 167.46800 73.12540 10.50540
H 169.53900 70.71130 10.67950
H 168.54600 67.69620 10.42330
H 166.42000 70.05660 10.34800
H 163.30300 69.47580 10.32660
C 170.15000 68.98800 9.01776
C 171.09500 71.89370 9.25989
C 173.33300 69.56490 9.32898
C 174.22900 72.48990 9.37807
H 175.93900 71.91240 11.04550
H 172.75500 71.28980 10.98860
H 171.71400 68.32080 10.77410
H 170.66100 73.68470 10.91750
H 174.89500 68.88660 11.06790
C 176.39800 70.07320 9.50760
C 178.43500 67.64510 9.50026
C 179.44100 70.59890 9.51187
C 177.34500 73.19330 9.51049
C 181.53400 68.19650 9.59514
C 182.68500 71.27040 9.62859
C 180.52200 73.70540 9.51625
H 178.07500 69.42190 11.13290
H 182.25600 73.13420 11.13750
H 179.09200 72.44650 11.08730
H 181.17900 70.06270 11.17880
C 184.65500 68.78970 9.60109
C 185.68400 71.79610 9.55937
C 187.76600 69.39370 9.57371
C 188.80600 72.46150 9.44731
H 187.50000 71.22320 11.12120
H 184.37800 70.61330 11.22250
H 185.41500 73.67130 11.06940
H 183.23300 67.67170 11.23730
H 186.40800 68.22760 11.23080
C 169.08500 74.29250 9.13604
C 164.70000 79.25710 8.92473
C 167.93900 79.75990 8.97140
C 166.85900 76.69450 8.95240
C 163.82500 76.33350 8.84525
H 168.52300 76.14030 10.61890
H 169.56000 79.11860 10.72290
H 166.40500 78.56670 10.49650
H 165.42400 75.57020 10.53080
H 163.24300 78.03640 10.48070
C 170.06800 77.29340 9.14354
H 173.81700 74.27800 10.95800
C 172.08700 74.82840 9.32593
C 175.22600 75.51260 9.40904
C 171.03800 80.41140 9.22392
C 173.08200 77.89280 9.31302
H 175.86300 80.33370 10.96830
H 172.68900 79.72670 10.91470
H 174.81200 77.34800 10.99950
H 171.66200 76.67010 10.88960
C 176.26600 78.56200 9.38823
C 179.45300 79.02980 9.32779
C 178.29700 76.07450 9.57560
C 181.48300 76.70900 9.47635
H 180.12300 75.49980 11.18650
H 181.23000 78.53150 10.98600
H 178.01600 77.97670 11.08470
H 176.80900 74.91640 11.19260
C 182.70600 79.69100 9.42353
C 183.65900 74.31380 9.52256
H 188.52700 74.24380 11.02720
C 186.73500 74.99200 9.50998
C 185.91500 80.35200 9.52994
C 184.73800 77.31080 9.48804
C 187.81900 77.97870 9.55235
H 183.27900 76.16330 11.07020
H 187.52400 79.72280 11.21720
H 186.44300 76.73000 11.16570
H 184.41800 79.15040 11.03580
H 164.29200 81.03350 10.52990
C 163.57000 84.64180 9.01692
C 168.89700 82.82370 9.07148
C 165.75800 82.19370 8.94960
C 166.76900 85.21810 9.05459
H 168.51700 84.61290 10.72790
H 167.45900 81.55920 10.58960
H 165.31300 83.96620 10.61740
H 166.36200 87.01330 10.62920
H 169.58200 87.67470 10.86620
H 163.24700 86.41010 10.62730
C 164.67200 87.62520 9.03600
C 174.17800 80.87930 9.31044
C 170.00900 85.88200 9.21619
C 172.09000 83.42720 9.23641
C 175.28000 83.98140 9.28917
C 173.13400 86.42460 9.39884
H 170.57800 82.24360 10.73820
H 173.79100 82.75490 10.85910
H 174.89200 85.74370 11.01190
H 171.65300 85.20880 10.88480
H 179.11000 80.92860 10.90410
C 176.29300 87.04200 9.47635
C 177.25700 81.55110 9.34303
C 180.55000 82.16130 9.36027
C 178.33300 84.62400 9.37122
C 181.63300 85.32430 9.49964
H 182.32800 81.50860 11.00010
H 180.13300 83.98920 10.93860
H 181.10000 86.99320 11.24660
H 176.98700 83.30890 10.89620
H 177.99500 86.33540 11.08430
C 179.43800 87.63090 9.62856
C 188.72500 81.02920 9.56824
C 186.80500 83.45630 9.55190
C 183.81200 82.70470 9.47919
C 184.80100 85.87440 9.61024
C 187.79600 86.36290 9.54842
H 188.49100 82.85450 11.11880
H 185.48300 82.08170 11.18920
H 183.34900 84.53580 11.06720
H 186.46800 85.20710 11.24830
H 184.29000 87.64920 11.20760
C 163.80200 93.07220 9.14619
C 167.90900 88.28300 9.15920
C 166.80000 93.66570 9.31963
C 168.90200 91.38860 9.32557
C 165.79800 90.65830 9.17255
H 168.45500 93.08030 11.00230
H 165.35900 92.41440 10.85830
H 167.47800 90.06240 10.81390
H 164.26600 89.44630 10.65020
C 169.97600 94.34220 9.59689
C 171.02800 88.88500 9.30178
C 174.18500 89.46320 9.54738
C 172.14700 91.91790 9.52232
C 175.25300 92.59210 9.69683
H 175.88000 88.74190 11.20810
H 173.80700 91.24420 11.22900
H 172.68500 88.20880 11.05230
H 171.63000 93.61290 11.28500
H 170.57200 90.68240 10.91240
H 174.78700 94.30930 11.40170
C 181.50400 93.68400 9.70378
C 182.46600 88.24380 9.63406
C 177.32100 90.06420 9.64894
C 180.41000 90.62950 9.67695
C 178.31000 93.09730 9.74222
H 180.09100 92.42100 11.31030
H 176.91900 91.82120 11.30640
H 178.99100 89.37560 11.24750
H 182.16500 90.06100 11.29260
C 184.66100 94.37770 9.71235
C 183.52100 91.27040 9.64104
C 185.67000 88.91990 9.55340
C 186.65800 91.91330 9.56596
C 188.88300 89.41040 9.49747
H 183.30000 93.07980 11.30090
H 188.48400 91.28710 11.05620
H 187.45500 88.25390 11.10660
H 185.33400 90.69560 11.20320
H 186.44100 93.70260 11.29060
C 167.86800 96.69990 9.43179
C 165.74300 98.99310 9.26212
C 168.90700 99.75210 9.46535
C 164.73800 96.03920 9.23709
H 166.40900 95.44820 10.91170
H 169.53300 96.13620 11.23630
H 164.26900 97.89890 10.79210
H 167.40600 98.53440 10.98670
H 165.40300 100.89100 10.81180
H 163.20300 94.89770 10.73230
H 170.54900 99.13000 11.16150
H 173.79600 99.75980 11.30730
H 172.67800 96.72910 11.33020
H 175.83700 97.33260 11.30030
C 173.09500 94.89670 9.70236
C 172.02300 100.29400 9.61924
C 174.11000 97.92330 9.70892
C 175.28900 101.01300 9.82109
C 170.98000 97.24970 9.60780
C 176.20200 95.55280 9.74936
H 177.89600 94.87210 11.38180
H 181.13000 95.53130 11.29850
C 179.27800 96.08700 9.67797
C 182.59900 96.87390 9.80162
C 177.20000 98.65720 9.75464
C 180.40800 99.19640 9.82691
H 180.05800 100.97600 11.53350
H 178.96000 97.90910 11.27180
H 182.10700 98.57980 11.48140
H 176.88400 100.34500 11.50490
C 183.52200 99.78290 9.87838
C 187.79900 94.95030 9.70453
C 185.81000 97.33080 9.83428
C 188.85700 97.96550 9.82078
C 186.68900 100.50300 9.88752
H 184.31900 96.13970 11.38730
H 187.53200 96.66310 11.45540
H 185.32200 99.17740 11.44240
H 188.54500 99.79210 11.41910
C 164.65600 70.73290 11.94930
C 166.75300 68.28460 12.05030
C 167.62500 71.25190 12.09930
C 165.71300 73.70740 12.07160
C 163.61700 67.59640 11.98420
C 169.83100 68.87420 12.25330
C 170.81000 71.83740 12.46900
C 173.03600 69.41280 12.54810
C 174.14800 72.49070 12.59010
C 176.29700 70.07520 12.66980
C 178.34600 67.65040 12.72910
C 179.39700 70.65030 12.76640
C 177.36500 73.05870 12.68430
C 181.46100 68.21160 12.81470
C 182.63800 71.29600 12.74950
C 180.50400 73.57560 12.73820
C 184.68300 68.76880 12.83360
C 185.80800 71.93600 12.70470
C 187.83200 69.48490 12.72510
C 188.93500 72.42950 12.65120
C 168.69700 74.32760 12.23920
C 164.63800 79.24270 12.08200
C 166.69800 76.76380 12.18080
C 167.71100 79.71350 12.21320
C 163.58400 76.19900 12.01840
C 169.85200 77.31140 12.35470
C 172.04000 74.87560 12.51170
C 174.97800 75.58990 12.68090
C 172.94300 77.89380 12.54470
C 170.83700 80.40370 12.36600
C 176.19400 78.58790 12.62920
C 179.48300 79.16510 12.61420
C 178.32000 76.13420 12.72650
C 181.50500 76.75090 12.69640
C 182.65100 79.67690 12.58620
C 183.73800 74.36410 12.67890
C 186.80600 74.86620 12.66230
C 184.63500 77.39640 12.69590
C 185.68500 80.18850 12.76610
C 187.83600 77.88530 12.77640
C 163.51300 84.62700 12.21860
C 165.69600 82.12810 12.19460
C 168.73600 82.68570 12.27560
C 166.69800 85.17040 12.24840
C 164.60100 87.64220 12.21020
C 174.04800 80.93090 12.51160
C 169.85800 85.82570 12.45210
C 171.94800 83.31680 12.40860
C 175.23200 83.84290 12.52120
C 173.04200 86.29750 12.59230
C 176.31800 86.83850 12.71560
C 177.31000 81.52450 12.50780
C 180.55400 82.14780 12.52540
C 178.33600 84.46800 12.55860
C 181.51900 85.13160 12.67230
C 179.32500 87.48510 12.78130
C 188.95800 81.01370 12.66560
C 186.83700 83.32510 12.80920
C 183.64500 82.69990 12.69300
C 187.84800 86.49850 12.78170
C 184.64600 85.77530 12.76020
C 163.50800 93.06120 12.31910
C 166.67100 93.65520 12.51720
C 167.70800 88.18700 12.35610
C 168.79500 91.24680 12.52340
C 165.61900 90.54780 12.35050
C 169.73900 94.17190 12.76420
C 170.88800 88.88690 12.55840
C 175.12900 92.38350 12.90410
C 171.92100 91.67660 12.76620
C 174.04200 89.31030 12.76160
C 181.61400 93.65140 12.86420
C 180.37000 90.55230 12.92240
C 177.23400 89.95750 12.88020
C 182.48400 88.16540 12.85650
C 178.27800 93.03290 12.94930
C 188.82800 89.46610 12.69530
C 186.82000 91.88160 12.78200
C 183.63000 91.19650 12.88380
C 184.73800 94.29850 12.90470
C 185.74500 88.84990 12.79240
C 168.75200 99.75080 12.67050
C 165.53600 99.10140 12.46280
C 167.60100 96.72470 12.63400
C 164.54300 96.16070 12.37780
C 175.12300 100.99000 13.06440
C 172.90100 94.80370 12.90890
C 171.93300 100.34700 12.77170
C 174.14800 97.95520 12.94810
C 170.88800 97.37000 12.88620
C 176.17300 95.55180 12.98020
C 180.24400 99.07460 13.02450
C 179.32900 96.06280 12.90460
C 182.56100 96.68390 12.96210
C 177.25300 98.40630 12.96040
C 186.79200 100.32600 13.08700
C 187.95400 94.82160 12.92740
C 185.74300 97.31960 13.00760
C 183.58400 99.63590 13.08230
C 188.90600 97.93840 13.07230
C 164.83300 104.55500 9.20373
C 166.86300 102.23200 9.38173
C 167.94900 105.17600 9.47877
C 165.77900 107.70800 9.29002
C 163.69900 101.48800 9.17686
H 168.50700 101.54100 11.08520
H 166.43200 104.02100 11.02630
H 164.27600 106.44400 10.75680
H 167.43800 107.02100 11.00410
H 169.62800 104.64200 11.21230
H 163.33900 103.41100 10.70300
C 169.96200 102.85100 9.57131
C 170.98400 105.89100 9.61774
C 173.15300 103.45500 9.69115
C 174.18300 106.50100 9.80138
H 175.78900 105.84600 11.54370
H 171.64800 102.21300 11.14970
H 174.75700 102.80400 11.45370
H 172.67500 105.23200 11.25330
H 170.56400 107.68000 11.24070
C 176.19600 104.05500 9.92932
C 179.29200 104.61100 10.05680
C 177.33600 107.02000 9.99513
C 181.46400 102.29100 9.99310
C 182.51100 105.26500 10.10920
C 180.39200 107.68700 10.13420
C 178.28600 101.64400 9.99405
H 177.87700 103.40900 11.62520
H 182.12800 107.01600 11.74120
H 178.98000 106.44600 11.68600
H 181.05900 104.03400 11.69430
C 184.58800 102.73300 10.05760
C 185.65800 105.76700 10.12760
C 187.86300 103.57300 10.00780
C 188.75500 106.49100 10.12190
H 183.11400 101.51400 11.59640
H 184.26400 104.56600 11.72010
H 186.45400 102.26700 11.56570
C 168.91500 108.27000 9.52837
C 166.85800 110.75000 9.36357
C 164.75200 113.02600 9.20127
C 167.90000 113.69400 9.38493
C 163.65700 110.12500 9.10068
H 168.44000 110.08400 11.13540
H 165.28000 109.51500 10.82910
H 169.50500 113.07300 11.07660
H 166.39300 112.51100 10.88330
H 163.18400 111.89700 10.73910
C 169.91400 111.24000 9.56539
C 172.05100 108.92500 9.74715
C 175.08300 109.52400 9.86610
C 173.11900 111.91300 9.76859
C 171.07800 114.24400 9.65425
H 174.76400 111.32900 11.45730
H 173.67000 108.26800 11.41550
H 171.60200 110.74400 11.26600
H 172.68700 113.67700 11.40290
H 175.81300 114.37300 11.61070
C 176.24600 112.55800 9.95845
C 178.35900 110.07700 10.06470
C 181.38200 110.72300 10.21410
C 179.50200 113.13400 10.19290
H 176.81500 108.83600 11.55610
H 179.99600 109.44500 11.80390
H 177.94000 111.92100 11.65290
C 182.43300 113.64900 10.27910
C 183.54000 108.26800 10.15300
C 186.70600 108.82000 10.06160
C 184.54400 111.27400 10.07190
C 187.81600 111.90100 10.05270
C 185.58000 114.34400 10.09910
H 164.30900 114.87800 10.83620
H 163.30500 120.47200 10.73730
C 168.84100 116.63700 9.42974
C 165.79300 116.14700 9.33901
C 166.78100 119.25800 9.28517
C 163.63300 118.64600 9.13582
H 168.48900 118.53900 10.93920
H 165.31200 118.02100 10.85470
H 167.41200 115.45400 11.08700
H 166.43300 121.09600 10.80440
H 169.56300 121.59100 11.04020
C 164.74400 121.71900 9.19714
C 174.11100 114.85000 9.88163
C 169.99900 119.73200 9.41830
C 172.15300 117.35300 9.59596
C 175.29600 117.96500 9.79719
C 173.16200 120.35900 9.54875
H 171.65500 119.20500 11.09680
H 170.57200 116.18300 11.12170
H 173.76100 116.83700 11.39620
H 174.81800 119.85100 11.27870
C 176.30700 121.00500 9.74003
C 177.43000 115.48400 10.08230
C 180.40500 116.09300 10.25750
C 178.47200 118.52500 10.05360
C 181.45600 119.03200 10.07830
H 176.88500 117.36800 11.59990
C 179.44900 121.55900 9.89204
H 177.96400 120.42800 11.49880
C 188.74200 114.91400 9.90801
C 186.61400 117.35700 10.05560
C 183.43100 116.58500 10.18130
C 184.58600 119.70200 10.06700
C 187.75600 120.42800 10.01520
C 167.96800 122.26600 9.29356
C 165.76400 124.67600 9.25706
C 168.96300 125.31300 9.39729
C 166.85400 127.75500 9.28911
C 163.57600 127.10300 9.38222
H 164.34800 123.49400 10.88120
H 167.46500 124.05700 10.84670
H 165.40300 126.48900 10.82620
H 168.52500 127.14600 10.97160
C 169.99400 128.42700 9.46303
C 175.23000 126.51800 9.69914
C 174.16700 123.43100 9.61019
C 172.11300 125.83200 9.51745
C 171.00200 122.81400 9.47801
H 170.65200 124.63900 11.08660
H 172.66400 122.22200 11.08820
H 175.85600 122.82900 11.28780
H 171.66900 127.64800 11.11540
H 173.80000 125.22400 11.17060
H 174.83600 128.25800 11.39180
C 182.56500 122.21300 10.04960
C 181.52400 127.67700 9.91562
C 177.34800 124.00700 9.74116
C 178.44200 127.05400 9.81462
C 180.53900 124.58300 9.91599
H 176.94300 125.81800 11.31650
H 180.10600 126.40800 11.48390
H 179.05000 123.40000 11.42610
C 185.65800 122.75400 9.97810
C 188.80200 123.29500 9.95600
C 184.60500 128.25200 9.90646
C 186.71900 125.82300 9.95971
C 183.50000 125.18600 10.01450
H 163.20700 128.84600 11.07180
C 165.75200 133.16400 9.59018
C 167.87700 130.71400 9.48659
C 164.55800 130.10200 9.44434
C 168.93900 133.83800 9.62940
H 164.29900 131.87300 11.16150
H 166.37900 129.46200 10.95570
H 169.63100 130.14600 11.07460
H 165.43500 134.90700 11.30390
H 167.54400 132.48600 11.07450
H 172.69700 130.65900 11.24150
H 173.78600 133.72000 11.38080
H 170.64000 133.15500 11.23500
C 171.07000 131.39900 9.58879
C 172.07900 134.33400 9.75281
C 174.25800 131.89400 9.78020
C 175.23800 134.84200 9.81731
C 173.24300 128.93100 9.64541
H 175.85500 131.27000 11.48550
H 177.99400 128.82900 11.44130
H 179.05400 131.89900 11.46370
C 176.25700 129.45400 9.82379
H 176.94700 134.24700 11.49840
C 179.39600 130.10800 9.87793
C 182.56400 130.65400 9.91743
C 180.53300 133.12600 9.85702
C 177.23700 132.45100 9.86669
H 180.10000 134.91300 11.50430
H 182.21400 132.50000 11.46380
H 181.16500 129.45400 11.49080
C 183.66000 133.67500 9.83283
C 185.73600 131.19800 9.87487
C 186.88100 134.19100 9.80974
C 188.96900 131.74900 9.87434
C 187.77700 128.79300 9.96627
H 185.43300 133.02000 11.45360
H 188.61900 133.56300 11.43380
C 164.68500 104.61900 12.41750
C 166.63800 102.06400 12.54820
C 167.80700 105.26500 12.70610
C 165.53600 107.70100 12.45630
C 163.60900 101.62100 12.30690
C 169.85400 102.70300 12.74860
C 170.96400 105.85400 12.83260
C 172.88700 103.41500 12.90850
C 173.95400 106.42800 12.99230
C 176.03600 104.02400 13.17250
C 178.25900 101.52400 13.13030
C 179.24000 104.57600 13.27490
C 181.40200 102.16200 13.24920
C 182.50100 105.18900 13.29710
C 177.15300 107.04400 13.19660
C 180.42600 107.56600 13.37060
C 184.58000 102.60400 13.19320
C 185.67800 105.76200 13.35780
C 187.88200 103.34400 13.27710
C 188.88600 106.43900 13.31130
H 185.32400 107.64700 11.75750
H 187.41700 105.22100 11.76970
C 168.75500 108.25300 12.71470
C 163.39700 110.03500 12.36760
C 166.53600 110.78500 12.50710
C 164.58500 112.96900 12.38790
C 167.72200 113.58000 12.64500
C 169.77900 111.33800 12.74950
C 171.81400 108.96900 12.88960
C 174.94300 109.46000 13.04890
C 170.76100 114.30900 12.73860
C 172.91900 111.86000 12.96560
C 176.03500 112.47800 13.17840
C 181.56800 110.52300 13.41660
C 179.27000 112.99200 13.46400
C 182.63200 113.70700 13.45190
C 178.13600 110.05000 13.27160
H 181.09900 112.43800 11.95010
C 183.52700 108.12500 13.33800
C 186.71000 108.98400 13.28620
C 184.69800 111.13300 13.30380
C 187.77100 111.94500 13.19880
C 185.72000 114.33100 13.31930
H 188.47200 108.31000 11.74080
H 186.37200 110.68700 11.53810
H 187.40900 113.76400 11.60880
H 184.29000 113.07300 11.77410
H 183.19400 110.03100 11.70380
C 163.51400 118.68800 12.43590
C 165.60100 116.18400 12.51780
C 166.65300 119.30700 12.43240
C 168.78900 116.78500 12.67440
C 164.65200 121.63300 12.44350
C 173.92800 114.99000 13.06050
C 169.82700 119.73900 12.62440
C 174.99400 118.12900 13.03390
C 171.85900 117.44200 12.78820
C 172.89600 120.47500 12.74990
C 176.10700 121.05000 12.99120
H 178.99100 114.87400 11.89950
C 181.55000 119.23300 13.26620
C 177.08500 115.60400 13.31750
C 180.43200 116.19100 13.43030
C 178.26100 118.67500 13.18540
C 179.42200 121.55300 13.06090
H 181.17900 120.91800 11.56410
H 182.16500 115.47900 11.86720
H 180.10400 117.92100 11.76050
C 188.92200 114.84000 13.21660
C 186.80100 117.35400 13.27930
C 183.58400 116.78600 13.37600
C 187.83800 120.39400 13.18460
C 184.62600 119.75700 13.24440
H 184.28400 121.56000 11.60860
H 188.48600 116.69500 11.60960
H 185.30400 116.13900 11.74480
H 186.37400 119.16100 11.65570
H 183.21800 118.52800 11.66910
C 166.76800 127.61400 12.53390
C 163.69600 126.97900 12.55650
C 168.79500 125.24700 12.55520
C 167.74800 122.26800 12.51240
C 165.73300 124.69600 12.46780
C 169.83800 128.29800 12.62810
C 175.12000 126.36300 12.87470
C 172.01000 125.83600 12.69800
C 173.96500 123.40800 12.76120
C 170.87100 122.80400 12.68880
C 180.31400 124.64000 13.13950
C 182.54400 122.10300 13.19120
C 177.21000 123.95200 12.91980
C 178.32200 126.96800 13.03570
C 181.48200 127.67100 13.05900
H 182.13800 123.95100 11.66910
C 183.52800 125.24000 13.18170
C 186.80300 125.85700 13.14470
C 184.63800 128.23300 13.12710
C 188.81900 123.39800 13.16430
C 185.64200 122.73600 13.18550
H 188.50200 125.17200 11.51690
H 183.26000 127.02900 11.50890
H 186.34200 127.61000 11.54110
H 185.32000 124.60000 11.61670
H 187.42900 122.20600 11.56370
C 164.68700 129.99800 12.67180
C 167.82200 130.62600 12.58650
C 168.83600 133.63700 12.78800
C 165.82900 133.01100 12.75740
C 175.13200 134.89600 13.02320
C 173.99600 131.85800 12.96600
C 171.96400 134.27900 12.93440
C 172.96700 128.83600 12.83730
C 170.89800 131.30600 12.79170
C 176.23300 129.46000 13.05160
C 182.48500 130.65800 13.09150
C 179.35900 130.01000 13.06250
C 180.50500 133.12300 13.07980
C 177.28500 132.44700 13.09420
C 185.76600 131.25200 13.12270
C 186.93900 134.25100 12.98410
C 183.64900 133.55600 13.05650
H 184.29100 130.05700 11.54540
H 187.46600 130.63100 11.52050
C 188.97900 131.80100 13.03330
C 187.72900 128.79400 13.11970
C 194.24400 2.75445 10.01440
C 195.26800 5.77290 10.01110
C 190.98000 2.36658 9.89844
C 192.10200 5.17881 9.89224
C 193.11200 -0.24586 9.85937
H 193.79500 4.60751 11.55480
H 190.68600 4.12024 11.59410
H 192.69700 1.55019 11.44420
H 189.61000 1.02120 11.36560
C 196.26000 0.47112 10.09090
C 199.32100 0.91066 10.15760
C 197.24700 3.45428 10.11560
C 200.44100 4.00052 10.08980
H 200.17600 5.84751 11.66570
H 195.88200 2.26793 11.73990
H 197.03700 5.31056 11.64000
H 199.00000 2.81867 11.65820
H 201.09000 0.35812 11.80780
H 197.92300 -0.22048 11.79420
H 202.17800 3.34513 11.67030
C 202.59200 1.48559 10.14820
C 205.80400 2.29234 10.18730
C 203.61600 4.55506 10.12960
C 206.77800 5.26081 10.18970
C 207.77700 -0.08483 10.09520
H 204.38600 1.01201 11.74920
H 208.57400 4.73703 11.75230
H 205.36300 4.05696 11.80500
H 207.52500 1.62259 11.80940
C 215.14900 4.21296 9.94098
C 208.80800 2.86167 10.18790
C 210.97900 0.56535 10.06250
C 214.15100 1.14370 10.00850
C 211.99900 3.51399 10.09500
C 209.95500 5.91406 10.10470
H 214.84600 6.03374 11.59050
H 211.79200 5.34695 11.68320
H 213.84600 2.96733 11.61170
H 212.78100 -0.10736 11.59290
H 210.64700 2.32443 11.79510
C 194.26500 11.19250 9.72363
C 193.17700 8.15351 9.86316
C 191.07600 10.67160 9.73780
C 189.89900 7.65758 9.80578
H 194.89000 7.65859 11.47920
H 189.61100 9.52995 11.38900
H 190.71400 12.51140 11.27120
H 191.65300 7.05994 11.45590
H 192.81100 10.08910 11.34910
H 195.95800 10.71440 11.43070
C 198.47000 6.41904 9.99136
C 196.35200 8.84999 9.87298
C 201.57600 7.09230 10.05450
C 199.47200 9.44768 9.96883
C 197.40900 11.91180 9.86575
C 200.57200 12.55160 10.05720
H 201.21500 8.89024 11.63090
H 199.14500 11.35170 11.55120
H 198.03900 8.24797 11.54520
H 202.28600 11.90420 11.66600
C 202.57200 10.10070 9.97993
C 204.73200 7.61884 10.08570
C 205.67400 10.87790 10.07080
C 207.67500 8.29909 10.08050
H 203.26500 6.41340 11.65850
H 204.34900 9.50889 11.58360
H 205.41400 12.65500 11.73490
H 206.39900 7.07618 11.83960
H 207.46600 10.16900 11.65510
C 215.21100 12.65420 10.10150
C 208.82300 11.39110 9.91169
C 213.04700 6.70641 10.05470
C 211.05200 8.90739 10.01460
C 214.11100 9.58441 10.12200
C 212.13200 12.02540 9.98149
H 212.75000 8.43062 11.72590
H 210.63000 10.81540 11.50460
H 209.53200 7.74139 11.64480
C 195.41600 14.36680 9.71228
C 192.01600 13.80140 9.64313
C 193.26600 16.82220 9.75015
C 191.14100 19.30430 9.78214
C 189.99600 16.20100 9.67929
H 194.91200 16.13060 11.43890
H 189.63600 18.00420 11.29630
H 191.78400 15.59330 11.27510
H 192.84100 18.61310 11.34280
C 194.36300 19.84410 9.81902
H 193.86100 13.12760 11.10520
C 196.29700 17.40930 9.86266
C 198.54300 14.91950 9.96771
C 201.55800 15.52700 10.08280
C 199.57700 17.99200 9.97558
H 196.00100 19.18850 11.51480
H 197.00600 13.73700 11.44910
H 198.03300 16.76980 11.44590
H 200.19300 14.31520 11.69910
H 201.22800 17.32870 11.68000
H 199.15800 19.81600 11.56700
C 203.65900 13.11760 10.10760
C 202.60900 18.54230 10.00070
C 204.64600 16.18260 10.05300
C 206.78300 13.81800 10.05240
C 207.83000 16.83200 10.04680
C 205.74300 19.33180 10.10470
H 208.59200 13.20180 11.52570
H 203.30300 14.95420 11.67870
H 204.36500 17.94990 11.61850
H 206.44300 15.63230 11.66100
H 207.51800 18.66710 11.65500
C 213.20800 15.04630 10.05350
C 210.01000 14.53220 10.04140
C 211.06100 17.52660 10.13170
C 214.27000 18.10230 10.11720
C 208.96300 19.95890 10.17570
C 195.33600 22.83870 9.91715
C 189.88300 24.71990 9.96738
C 193.25700 25.16210 9.90966
C 192.07700 22.26460 9.86131
H 190.72100 21.04850 11.52430
H 189.66800 26.56910 11.61270
H 191.70700 24.05410 11.51290
H 194.99000 24.60680 11.59000
H 193.88700 21.64150 11.42760
C 196.45900 25.87230 10.06900
C 197.41900 20.43560 10.00160
C 200.60100 21.05400 9.96708
C 198.48800 23.52510 10.09150
C 201.63300 24.08270 10.12330
C 199.53200 26.55950 10.15880
H 197.02100 22.22690 11.60600
H 198.14600 25.28130 11.73190
H 200.22800 22.82000 11.67240
H 202.31900 20.37490 11.57730
H 201.24700 25.88250 11.76680
C 203.71800 21.72130 10.08980
C 206.99100 22.40710 10.21120
C 204.77200 24.82500 10.23790
C 207.93200 25.41370 10.29550
H 205.48000 21.10160 11.68200
H 203.35600 23.48670 11.77290
C 215.22600 21.13330 10.21650
C 214.27500 26.56320 10.33780
C 213.16500 23.59560 10.26750
C 212.05600 20.46640 10.24810
C 211.15100 25.91940 10.28410
C 210.15800 22.91980 10.29710
C 190.08400 33.04380 10.12800
C 195.25500 31.24050 10.15500
C 194.26400 28.31840 10.04830
C 191.14300 27.73600 10.04060
C 192.13800 30.70950 10.10620
H 191.80000 32.48110 11.79220
H 190.65900 29.53390 11.63040
H 193.80400 30.04370 11.77230
H 192.89300 26.98230 11.57180
H 194.95900 33.10810 11.71340
C 197.46500 28.90150 10.13460
C 201.57800 32.49770 10.12550
C 198.33500 31.88250 10.14990
C 200.54400 29.54540 10.20360
H 195.98500 27.66540 11.66000
H 199.13200 28.31570 11.82160
H 196.99200 30.66380 11.76030
C 205.82200 27.68050 10.25690
C 202.73100 27.14270 10.28790
C 204.78100 33.13840 10.11630
C 203.62100 30.15130 10.16120
C 206.96400 30.80370 10.18540
C 215.32000 29.44970 10.40200
C 208.93600 28.24950 10.35970
C 212.16800 28.94410 10.34730
C 209.96100 31.28040 10.28850
C 213.19700 31.98600 10.28150
C 193.94500 2.78757 13.13240
C 195.15300 5.83767 13.12960
C 192.17100 5.36079 13.13240
C 193.02100 -0.16007 13.11820
C 190.94900 2.24901 13.05350
C 196.05500 0.35343 13.28220
C 199.28200 1.04751 13.33210
C 197.25300 3.53100 13.25030
C 200.41400 3.97082 13.24810
C 202.60600 1.61512 13.31750
C 205.76600 2.22371 13.37940
C 203.47500 4.60046 13.28600
C 206.82500 5.22057 13.40660
C 207.98200 -0.15695 13.42010
C 208.80200 2.98518 13.36470
C 211.06700 0.38208 13.29700
C 214.16800 1.13742 13.20080
C 212.15400 3.53449 13.30830
C 210.02800 5.94658 13.30800
C 215.31500 4.19375 13.13530
C 194.18700 11.44290 12.88860
C 193.05900 8.31552 13.02300
C 189.93100 7.76833 13.05300
C 191.07900 10.76880 12.94600
C 198.42700 6.50545 13.23580
C 196.29000 8.87467 13.08210
C 201.51500 7.05021 13.25490
C 199.38600 9.48811 13.14870
C 197.31600 11.98050 13.07190
C 200.56200 12.45720 13.29370
C 202.62300 10.04320 13.24650
C 204.55700 7.73099 13.26440
C 205.68500 10.77700 13.23560
C 207.84500 8.39104 13.36280
C 208.94100 11.41270 13.17940
C 213.15900 6.65993 13.27900
C 210.96700 9.03924 13.23830
C 214.22100 9.62710 13.30200
C 215.24500 12.63520 13.32610
C 211.98800 11.99990 13.20640
H 213.81500 11.44240 11.69680
C 195.16300 14.15820 12.93120
C 190.09800 16.22620 12.95820
C 193.13500 16.79570 12.98330
C 191.06600 19.10940 12.92980
C 192.18300 13.72090 12.78260
C 194.17000 19.78800 13.02390
C 196.27600 17.37850 13.08640
C 198.33200 14.93380 13.10630
C 201.62200 15.52370 13.31580
C 199.40100 17.91390 13.14090
C 203.52700 13.14790 13.28120
C 202.62800 18.58970 13.23430
C 204.66100 16.12210 13.25050
C 206.93700 13.81840 13.24400
C 207.84300 16.83210 13.25610
C 205.69900 19.15260 13.24160
C 208.84700 19.82070 13.40670
C 213.08600 14.92210 13.24690
C 209.99800 14.41030 13.15850
C 211.14700 17.36990 13.25020
C 214.23200 18.00050 13.32300
H 213.87400 19.86650 11.77440
H 210.64000 19.28110 11.79220
H 211.73600 13.82540 11.58560
H 212.85800 16.82920 11.63010
H 214.93500 14.47640 11.70550
H 209.62700 16.30660 11.65720
C 189.97600 24.63230 13.14300
C 195.20200 22.76050 13.16480
C 192.14100 22.22360 13.08790
C 193.17200 25.17810 13.15510
C 196.24100 25.79040 13.24200
C 197.35800 20.32840 13.13510
C 198.46000 23.35660 13.25460
C 200.58900 20.92210 13.21210
C 201.61300 24.04620 13.35930
C 199.51800 26.43780 13.40690
C 207.92700 25.25450 13.50480
C 204.75500 24.65020 13.44630
C 203.65400 21.65500 13.24310
C 206.81200 22.30650 13.39670
H 204.42000 26.52890 11.97580
H 208.64400 21.72510 11.91470
H 206.51500 24.17800 11.80740
C 212.11900 20.40050 13.39780
C 211.13000 25.92800 13.48640
C 213.24500 23.48340 13.50950
C 214.29000 26.49100 13.57190
C 215.31500 21.03320 13.37600
C 210.10900 22.95190 13.46730
H 209.68900 24.77440 11.85530
H 212.89900 25.35130 11.89650
H 211.84400 22.30190 11.87200
H 214.91700 22.93550 11.87650
C 192.04600 30.60970 13.36680
C 191.13300 27.62860 13.15830
C 195.24800 31.29840 13.34070
C 194.25300 28.15280 13.30370
C 190.00800 33.14530 13.30370
H 200.10900 31.31830 11.77720
C 201.55900 32.53420 13.29930
C 197.30200 28.85950 13.34590
C 198.35500 31.94510 13.35480
C 200.47400 29.54880 13.44350
H 202.28300 28.97790 11.85670
H 206.52800 32.64010 11.73600
C 202.56200 27.12700 13.48690
C 206.77900 30.87600 13.39130
C 204.74200 33.18640 13.33800
C 203.68500 30.20220 13.37660
C 205.72300 27.95660 13.46860
H 203.36800 32.00410 11.69780
H 208.57400 30.13950 11.91700
H 205.44600 29.62140 11.71410
H 207.50800 27.12520 12.01020
H 209.68400 33.16840 11.81800
C 209.00900 28.32600 13.52460
H 211.75600 30.79210 11.91050
H 213.86200 28.30940 11.97650
H 214.93900 31.36260 11.91840
C 212.08500 28.98380 13.50500
C 215.26200 29.54460 13.56390
C 213.16100 32.05650 13.50780
C 210.00500 31.38550 13.49970
H 210.74800 27.72830 11.88850
C 194.36300 36.80560 9.97166
C 195.40000 39.79090 9.99122
C 191.08000 36.18930 9.97929
C 192.17900 39.15600 10.03000
C 193.15600 33.66430 10.14720
H 189.65000 34.96010 11.61850
H 190.75600 37.96630 11.68060
H 192.85500 35.65380 11.59840
C 196.36000 34.41470 10.11550
C 199.44900 34.97980 10.12550
C 197.43800 37.29360 10.05980
C 200.59800 37.96580 10.12710
C 202.71100 35.63280 10.09700
C 205.79200 36.15110 10.16620
C 203.66600 38.54090 10.12480
C 206.92700 39.14570 10.09240
C 208.01600 33.80370 10.18680
C 208.90900 36.68430 10.09660
C 215.30500 37.92460 10.07760
C 211.09500 34.28290 10.19840
C 214.26400 34.98050 10.23080
C 212.16000 37.24030 10.13850
C 209.98600 39.85210 10.05670
C 190.05900 41.50290 10.11780
C 193.25200 42.21010 10.06760
C 191.04800 44.54130 9.91015
C 194.23900 45.24590 10.03180
H 191.80500 40.99850 11.65280
H 190.70200 46.43710 11.46580
H 189.62300 43.44180 11.58930
C 198.46100 40.41000 10.04710
C 196.38900 42.80180 9.97074
C 201.68200 40.99860 10.06840
C 199.50800 43.32510 10.03590
C 200.51300 46.41060 10.04890
C 197.37300 45.86140 9.99532
C 202.66900 44.03890 10.08950
C 204.72700 41.60060 10.05610
C 205.74200 44.61870 10.00090
C 207.97900 42.15820 9.98024
C 209.05300 45.29190 10.02150
C 213.14700 40.47810 9.94319
C 211.02600 42.94730 9.96758
C 214.35700 43.54760 9.91157
C 212.05300 45.95380 10.04680
C 215.31600 46.56740 9.94582
C 189.96700 50.04150 9.79316
C 195.36900 48.20450 9.97901
C 192.24300 47.55340 9.86935
C 193.11200 50.67850 9.74979
C 190.94400 53.13710 9.72691
C 194.17000 53.65490 9.71624
H 189.60500 51.88400 11.40960
H 192.69900 52.52380 11.29830
H 191.75500 49.46140 11.39220
C 196.33100 51.28480 9.79821
C 198.40600 48.78050 10.00170
C 201.60700 49.39280 9.90803
C 199.47900 51.92310 9.79157
C 203.68000 47.02480 10.05310
C 202.67800 52.47400 9.80983
C 204.67900 50.03670 9.95185
C 206.95500 47.54330 9.98043
C 207.93600 50.67160 9.95324
C 205.79200 53.05850 9.86861
C 208.97800 53.64290 9.82059
C 214.27600 51.99780 9.79960
C 213.12300 48.93760 9.92527
C 210.00300 48.27160 10.11560
C 210.96100 51.20110 9.95252
C 189.85900 58.43970 9.83176
C 191.97900 56.22550 9.73224
C 195.23500 56.77510 9.71246
C 193.11800 59.20370 9.79999
H 193.79300 55.51660 11.31810
H 190.62700 54.95920 11.32300
H 191.70400 58.01270 11.42160
H 189.57400 60.38950 11.27940
H 194.89200 58.63080 11.40660
C 200.54500 54.95920 9.69166
C 198.48400 57.35010 9.66755
C 201.61600 57.95840 9.71514
C 197.32200 54.22730 9.67265
C 196.31200 59.71780 9.67489
C 199.46300 60.23350 9.66551
H 198.00500 59.14680 11.33530
H 201.21100 59.77280 11.32310
H 197.04200 56.12020 11.20590
H 200.17400 56.78690 11.34160
C 206.80400 56.16110 9.74289
C 203.78400 55.55380 9.74478
C 204.71500 58.57140 9.63550
C 207.97000 59.15010 9.66195
H 206.49400 58.00650 11.27860
H 204.43000 60.46670 11.15890
H 203.37900 57.42920 11.34470
C 212.11800 54.21320 9.75838
C 209.95600 56.69640 9.78630
C 215.34100 55.05240 9.83561
C 213.26000 57.35610 9.72346
C 211.01100 59.76840 9.77299
C 214.19400 60.29930 9.81293
H 212.79400 59.14790 11.33980
H 214.93300 56.86280 11.45090
H 209.64700 58.56120 11.38980
C 189.93300 67.04470 9.61268
C 192.00000 64.61550 9.65047
C 195.19100 65.19840 9.57888
C 194.16100 62.20520 9.68498
C 190.96500 61.59150 9.73769
H 191.67300 66.46730 11.22840
H 190.57300 63.45940 11.31390
H 194.92000 67.03660 11.21120
H 193.77400 64.09660 11.22000
H 192.77700 61.05640 11.43630
C 197.34600 62.91440 9.58692
C 200.44100 63.36520 9.51678
C 198.24500 65.77920 9.57151
C 201.54200 66.46810 9.46567
H 200.10700 65.24900 11.02230
H 202.25400 62.82430 11.12080
H 199.06300 62.18000 11.19930
H 196.92300 64.67740 11.25430
H 195.99500 61.64170 11.20690
C 206.84000 64.64280 9.71233
C 205.82700 61.75200 9.57965
C 203.67100 64.07860 9.55493
C 202.51800 60.95900 9.62934
C 204.78700 67.17490 9.69869
H 206.49600 66.47610 11.31650
H 208.58000 64.03530 11.37180
H 207.54100 60.99560 11.19170
H 203.26600 65.89450 11.10970
H 205.40900 63.51360 11.21550
C 209.12000 62.26500 9.73570
H 210.77700 61.59700 11.40680
H 213.92800 62.16500 11.39070
C 215.33700 63.34310 9.73151
H 209.65800 66.99040 11.48320
H 214.88900 65.17150 11.30580
H 211.73600 64.60660 11.37930
C 213.12100 65.78200 9.74358
C 212.18300 62.80220 9.78763
C 209.96400 65.22200 9.81223
C 194.23900 36.77050 13.26380
C 195.34800 39.81630 13.22140
C 191.09900 36.09910 13.29160
C 192.23300 39.19710 13.28530
C 193.16600 33.85510 13.27660
H 193.94600 38.60980 11.61210
C 196.32200 34.35840 13.31790
C 199.51100 35.04910 13.24080
C 197.38600 37.39120 13.34720
C 200.54500 38.08460 13.30680
H 201.28000 34.37620 11.65330
H 199.14500 36.79450 11.70310
H 198.06800 33.71950 11.73990
H 200.23000 39.85500 11.67310
H 197.08100 39.17100 11.65390
H 196.03500 36.16580 11.70820
H 202.31800 37.39340 11.77260
C 202.66400 35.52660 13.32760
C 207.89100 33.80350 13.39130
C 205.73000 36.15520 13.34960
C 203.72800 38.60020 13.35280
C 206.88100 39.20930 13.27470
H 208.69500 38.57590 11.74680
H 207.55000 35.58790 11.79950
H 204.37600 34.95280 11.70860
H 205.45500 38.01470 11.71410
C 208.94800 36.69390 13.36190
C 215.41700 38.27200 13.27840
C 211.01000 34.46730 13.38900
C 214.22700 35.13550 13.45270
C 212.03900 37.49430 13.25510
C 210.14700 39.88390 13.24320
H 211.82000 39.25370 11.56310
H 210.69600 36.19340 11.67620
H 213.96100 36.86600 11.84070
H 212.83600 33.82030 11.85950
H 214.93700 39.89310 11.52770
C 190.10600 41.74670 13.25320
C 193.23900 42.26230 13.19280
C 191.01400 44.65400 13.17000
C 194.17000 45.24930 13.18160
H 192.77200 44.05450 11.59000
H 195.02900 41.61440 11.59720
C 198.42900 40.41370 13.26160
H 195.96300 44.61930 11.59570
C 196.31400 42.81570 13.22690
C 201.66600 41.06620 13.29230
C 199.54200 43.42610 13.26120
C 197.36000 45.71470 13.28800
C 200.56000 46.43570 13.23480
H 201.28600 42.82220 11.65800
H 198.09600 42.22420 11.66760
H 202.30600 45.86930 11.65620
H 199.13700 45.19390 11.62330
C 202.68400 44.07940 13.25730
C 204.84000 41.61560 13.26250
C 205.87200 44.66400 13.21630
C 207.96800 42.21230 13.21470
H 207.55700 44.04040 11.51620
H 205.46600 46.47540 11.65370
H 206.54900 41.02640 11.59130
H 204.38800 43.43010 11.67940
H 203.43500 40.40700 11.71400
C 208.96200 45.20100 13.20430
C 213.18300 40.53090 13.11520
C 211.19800 42.93260 13.20700
C 214.19800 43.59600 13.15150
C 215.26000 46.59970 13.07970
C 212.19300 45.97390 13.13870
H 213.90100 45.34460 11.51760
H 212.87500 42.36060 11.50490
H 210.75100 44.70430 11.62560
H 209.75000 41.72330 11.64910
H 193.92900 47.10620 11.60610
C 192.04200 47.65580 13.06880
C 195.27800 48.41560 13.13820
C 189.94700 50.03050 13.01520
C 193.11100 50.80890 12.96030
C 191.00500 53.18380 12.96280
H 194.85800 50.14600 11.37300
C 194.15000 53.67160 12.95330
C 196.24700 51.36010 12.98420
C 198.49500 48.97550 13.22080
C 201.66000 49.65310 13.16660
C 199.52300 51.97000 12.99270
H 200.22900 48.31060 11.64930
H 195.91400 53.13480 11.35340
H 198.06600 50.69200 11.46790
H 197.04900 47.63120 11.70260
H 199.14600 53.73090 11.32070
H 201.23200 51.28230 11.38940
H 208.62300 47.04270 11.65030
C 203.65900 47.12240 13.22920
C 202.52300 52.61760 12.98860
C 204.82600 50.07600 13.09170
C 206.87800 47.75190 13.21780
C 207.81600 50.71950 13.13440
C 205.84200 53.13580 13.07220
H 203.32000 48.87710 11.58900
H 207.54900 52.50830 11.49950
H 206.49300 49.41560 11.47650
H 204.35400 51.91090 11.51770
C 213.16000 49.08670 13.08770
C 210.02000 48.29830 13.22280
C 211.17400 51.40760 13.07260
C 214.39000 51.98100 12.95510
H 211.77000 47.76260 11.60650
H 212.87100 50.81170 11.41750
H 214.91100 48.40090 11.48260
H 210.72700 53.16000 11.43670
H 209.65100 50.12440 11.66550
C 208.98400 53.77280 13.05940
H 213.92200 53.80230 11.38620
C 195.32200 56.66920 12.87990
C 192.03800 56.18350 12.92990
C 193.16800 59.18910 13.07770
C 189.95100 58.74500 13.05170
C 201.60800 57.97000 12.96050
C 200.55300 54.95160 12.92010
C 197.33700 54.31640 12.87360
C 196.32300 59.88910 12.95400
C 198.36700 57.32380 12.93740
C 199.49900 60.39590 12.89600
H 202.30500 54.38670 11.32400
C 204.80300 58.70710 12.86520
C 207.85900 59.21360 12.91220
C 206.91200 56.27140 12.93020
C 203.68700 55.61280 13.00440
H 208.59500 55.50650 11.37000
H 205.43400 54.94920 11.44130
C 215.31400 55.01450 12.98950
C 214.27800 60.26990 12.95280
C 211.09100 59.75380 12.99340
C 213.11900 57.37380 12.98240
C 210.07200 56.66370 12.91490
C 212.19800 54.40070 12.98220
H 211.84300 56.13500 11.28750
C 194.31000 62.38150 12.85740
C 189.98200 67.19140 12.78960
C 190.99200 61.61300 12.92640
C 192.03000 64.70980 12.83140
C 195.17800 65.24250 12.85870
C 198.42300 65.87050 12.71650
C 200.46700 63.50870 12.70420
C 201.49900 66.47870 12.67470
C 197.35300 62.87500 12.85520
C 206.75600 64.64170 12.91480
C 203.57300 64.09240 12.72800
C 202.68600 61.09090 12.77820
C 204.70100 67.03630 12.83910
C 205.77400 61.66480 12.81970
C 209.95100 65.10190 12.99120
C 215.36900 63.40090 12.97650
C 208.92800 62.13690 12.91130
C 213.21500 65.81400 12.94490
C 212.19800 62.83610 12.99410
C 194.10500 70.62610 9.52905
C 195.20100 73.68910 9.52347
C 190.92000 70.05670 9.51142
C 192.05800 73.21660 9.43543
C 193.06600 67.59800 9.63841
H 190.63800 71.93660 10.96580
H 189.55500 68.87990 11.12200
H 193.74900 72.51660 11.12190
H 192.66800 69.48530 11.18830
C 196.24200 68.20540 9.50708
C 199.42300 68.93020 9.58996
C 197.29400 71.30160 9.51686
C 200.41200 71.87200 9.58646
H 201.23200 68.31500 11.11750
H 198.05100 67.66230 11.06500
H 199.01300 70.73080 11.22750
H 200.00600 73.74370 11.11360
H 196.93200 73.13290 11.14940
H 202.14800 71.36960 11.28300
H 195.90600 70.06370 11.09370
C 207.95800 67.58200 9.76654
C 202.69200 69.59470 9.66907
C 205.78600 70.11660 9.73457
C 203.68100 72.57030 9.71046
C 206.78700 73.09840 9.73304
H 207.50200 69.43640 11.33570
H 204.34200 68.94390 11.34880
H 208.51500 72.47090 11.34940
H 205.37500 71.90890 11.36090
C 208.82600 70.70070 9.73190
C 210.96300 68.20320 9.79550
C 214.13100 68.77700 9.58119
C 211.91600 71.27200 9.65778
C 209.80600 73.75560 9.67923
C 215.22900 71.91070 9.53916
H 211.60500 73.13800 11.21160
H 214.89200 73.75440 11.08210
H 210.60600 70.05840 11.34970
H 212.81800 67.64470 11.29830
H 213.80800 70.65800 11.17990
C 189.91600 75.50490 9.50395
C 194.15800 79.15510 9.58876
C 193.09500 76.23460 9.54310
C 190.97500 78.54730 9.49068
H 192.71000 78.00390 11.19080
H 194.86100 75.57470 11.07230
H 190.62700 80.43630 11.00990
H 191.67400 74.95330 11.11760
H 189.57800 77.35440 11.11000
H 195.90200 78.57320 11.18370
C 198.34800 74.36740 9.49126
C 196.24600 76.87610 9.51624
C 201.59700 74.85920 9.56467
C 199.38900 77.37200 9.56533
C 197.24100 79.83500 9.59881
C 200.43200 80.50070 9.65278
H 199.04100 79.18820 11.15610
H 202.15100 79.78610 11.17690
H 201.11700 76.77010 11.08680
H 197.96900 76.15950 11.13110
C 202.44800 78.02860 9.48930
C 204.68600 75.39900 9.69540
C 205.79700 78.65990 9.63411
C 207.80100 76.17100 9.72456
H 205.31400 80.39810 11.28340
H 204.23400 77.38280 11.06830
H 206.42300 74.94340 11.37580
H 207.44400 77.97600 11.29410
H 203.17900 74.33420 11.32930
C 213.07900 74.24240 9.54866
C 208.83600 79.18440 9.74336
C 215.26100 80.50090 9.90945
C 210.92800 76.80690 9.68716
C 214.20500 77.53730 9.62093
C 212.07100 79.85380 9.84173
H 213.80500 79.17580 11.38460
H 210.60400 78.57710 11.37170
H 209.56200 75.56320 11.27570
H 212.79800 76.14220 11.10430
H 193.88000 81.02240 11.19600
C 195.25800 82.34910 9.56296
C 192.16200 81.64080 9.56151
C 189.96300 84.10590 9.61674
C 193.16300 84.63200 9.70520
C 191.06500 87.01100 9.58641
C 194.28900 87.59870 9.70265
H 194.89300 84.06680 11.30200
H 189.59900 85.89310 11.19650
H 191.70700 83.42100 11.25840
H 192.75400 86.44490 11.27740
C 196.35900 85.30550 9.79511
C 198.40900 82.98050 9.76033
C 201.45200 83.44910 9.74724
C 199.44500 85.84150 9.87066
H 196.96000 81.63080 11.20800
H 200.07500 82.21960 11.38660
H 195.98300 87.09710 11.37170
H 198.00100 84.66890 11.48700
H 199.15000 87.71300 11.48750
H 201.17000 85.25110 11.41970
C 203.55800 81.04890 9.68080
H 208.55900 81.03480 11.30160
C 202.69300 86.44390 9.91320
C 204.70000 84.00160 9.84663
C 206.74500 81.67260 9.76083
C 207.92300 84.64800 9.89936
C 205.80300 86.99800 9.90746
H 207.51200 86.39670 11.55390
H 204.42000 85.79050 11.49030
H 203.16400 82.83580 11.38670
H 206.46900 83.40080 11.43090
C 213.09400 82.86930 9.88270
C 210.06300 82.28820 9.84100
C 210.98300 85.33340 9.96468
C 214.04200 85.94470 10.00820
H 209.60900 84.00590 11.49000
H 211.71700 81.60490 11.51260
H 214.77300 82.23410 11.58070
H 212.71400 84.61270 11.50910
H 210.50900 87.02270 11.63300
H 213.72400 87.67580 11.68270
C 208.86600 87.67140 9.95847
C 195.33200 90.61790 9.73413
C 192.12500 90.07380 9.59703
C 193.20500 93.09250 9.68055
C 189.99600 92.46160 9.55289
H 194.90400 92.47910 11.35970
H 191.71100 91.87620 11.20210
H 189.58200 94.25170 11.17560
H 193.79900 89.43220 11.29660
H 190.63600 88.87730 11.12730
C 196.43200 93.64030 9.77332
C 197.46800 88.22970 9.76207
C 200.50300 88.93570 9.86446
C 198.52500 91.41890 9.83192
C 201.67300 92.01390 10.00200
C 199.55500 94.30730 9.96651
H 200.24400 90.75200 11.49240
H 198.02600 93.19310 11.48690
H 197.06900 90.10310 11.26330
H 201.12000 93.70440 11.73660
H 202.29400 88.30310 11.44150
C 203.73800 89.48270 9.89450
C 207.83000 93.17810 10.08740
C 204.76500 92.69980 10.10880
C 206.78700 90.11880 10.02890
H 208.54500 89.46060 11.61130
H 203.41200 91.27060 11.57150
H 205.42300 88.77970 11.56940
H 206.48800 91.91090 11.69140
H 204.27200 94.38200 11.85220
C 215.20500 88.90950 10.10080
C 211.90900 88.27350 10.08640
C 209.88400 90.73910 10.00320
C 213.04800 91.38430 10.09690
C 214.17800 94.31010 10.17190
C 211.11100 93.75630 10.06190
H 212.76600 93.12570 11.79090
H 214.84300 90.75150 11.65860
H 211.63100 90.13180 11.60410
H 209.61800 92.55730 11.58600
C 195.17800 99.19490 9.59197
C 194.26700 96.08050 9.65692
C 191.90100 98.54260 9.70923
C 190.98500 95.52170 9.68922
C 189.95700 101.08700 9.85980
H 190.60100 97.28040 11.39850
H 192.73600 94.91100 11.29340
C 200.61300 97.36980 9.97502
C 201.64400 100.39900 9.92656
C 198.41900 99.86090 9.75171
C 197.41900 96.73210 9.70126
H 195.96900 95.53630 11.21010
C 204.71300 100.96000 9.88230
C 205.78000 95.47500 10.19820
C 202.55700 94.88400 10.12800
C 206.80700 98.61690 9.97607
C 203.68100 97.93270 10.02870
H 208.58200 98.00110 11.65240
H 207.54100 94.93420 11.84760
H 205.44200 97.40880 11.65920
C 215.29700 97.27950 10.11610
H 211.81900 98.60950 11.67710
H 214.94400 99.18970 11.67140
H 213.84300 96.13330 11.82220
C 208.87300 96.09160 10.12260
C 213.20500 99.77530 9.99827
C 212.15400 96.71720 10.13380
C 210.07800 99.15470 10.02300
H 209.63500 101.06600 11.52350
H 210.64900 95.53910 11.66330
C 194.16800 70.67350 12.72920
C 195.15300 73.79660 12.73490
C 190.93200 70.19060 12.67310
C 191.97700 73.12420 12.67850
C 193.18300 67.63340 12.78340
C 196.36300 68.26680 12.74380
C 199.43300 68.90210 12.71360
C 197.24100 71.35270 12.76750
C 200.32900 72.04200 12.81320
C 202.48300 69.47080 12.86970
C 207.82700 67.65400 12.97770
C 205.78500 70.12790 12.94150
C 203.58400 72.51390 12.92720
C 206.75700 73.12260 12.92450
C 208.87900 70.68510 12.97590
C 211.10000 68.24580 12.98240
C 214.25600 68.91530 12.87730
C 212.05500 71.36520 12.83520
C 209.93000 73.72620 12.88410
C 215.22400 71.96990 12.76320
C 194.17000 79.16450 12.81100
C 189.83600 75.48310 12.66770
C 193.10900 76.12380 12.70860
C 190.92000 78.66020 12.70310
C 198.29900 74.41870 12.75790
C 196.20000 76.75670 12.73290
C 201.34000 74.98820 12.76510
C 199.36200 77.34420 12.73410
C 197.33800 79.77230 12.77710
C 200.46400 80.31520 12.81510
C 202.54200 77.92470 12.70860
C 204.53500 75.67800 12.83720
C 205.64400 78.46470 12.80200
C 207.92500 76.18080 12.91490
C 208.90000 79.16460 12.91570
C 213.17100 74.33760 12.71300
C 211.10700 76.68310 12.83300
C 214.18200 77.24470 12.79910
C 215.20800 80.35040 13.07200
C 212.04700 79.76350 13.04100
C 189.94300 84.01690 12.75860
C 195.24900 82.24260 12.83380
C 192.05200 81.50940 12.72810
C 193.12700 84.63000 12.86920
C 190.96600 87.15080 12.79420
C 194.13500 87.60780 12.93170
C 196.18300 85.28300 12.98420
C 198.23400 82.80790 12.94630
C 201.39300 83.40390 13.02980
C 199.43900 85.84890 13.06860
C 203.53500 80.88000 12.87940
C 202.57400 86.50340 12.99260
C 204.67500 83.89400 13.00770
C 206.77000 81.48690 12.92200
C 207.83500 84.52020 13.08850
C 205.80800 86.89190 13.16640
C 208.78200 87.62620 13.21600
C 212.99500 82.88760 13.17230
C 209.92300 82.13250 13.03070
C 210.96600 85.15630 13.10720
C 214.02800 85.80740 13.21500
C 193.07300 93.07010 12.90390
C 195.23200 90.53190 12.87770
C 191.96300 90.08650 12.82140
C 189.82300 92.37190 12.73620
C 199.31700 94.41470 13.18910
C 201.57500 91.78810 13.17690
C 198.34400 91.32080 12.97210
C 200.54900 88.91270 13.11620
C 196.19500 93.77570 12.95220
C 197.37000 88.30640 12.98030
C 206.75600 89.97110 13.23930
C 204.70600 92.51480 13.30200
C 207.95500 93.01680 13.32780
C 203.65300 89.37700 13.16450
C 215.19000 88.91300 13.24040
C 209.89800 90.72390 13.19240
C 214.14000 94.30110 13.41360
C 211.87800 88.26280 13.19990
C 210.88800 93.72740 13.26960
C 213.07500 91.25570 13.28490
C 190.04800 100.81100 13.10550
C 190.96400 95.33510 12.87660
C 192.09000 98.49200 12.93000
C 195.17900 99.23590 12.90550
C 194.17700 96.11830 12.80810
H 193.77400 97.97600 11.18700
H 191.71900 100.35800 11.36410
H 194.86300 100.97000 11.33490
H 202.23800 96.73740 11.69460
H 200.10700 99.19600 11.45640
H 196.95800 98.61230 11.25450
C 197.20200 96.76850 12.90590
C 198.31200 99.86390 12.97090
C 201.46400 100.35700 13.14680
C 200.40300 97.40350 13.14440
H 199.07400 96.17500 11.46700
H 206.43400 100.46800 11.53810
H 203.29900 99.81640 11.56060
C 205.77200 95.60870 13.37310
C 206.81800 98.72510 13.21720
C 204.68700 101.09500 13.15050
C 202.41100 94.93540 13.39020
C 203.67700 98.01010 13.24110
C 213.20700 99.88010 13.24200
C 208.93400 96.22050 13.33990
C 210.02500 99.40480 13.18250
C 211.98900 96.73190 13.30040
C 215.30200 97.40500 13.35160
C 194.15200 104.65800 9.81137
C 195.21000 107.64500 9.83598
C 190.88000 104.16400 9.93462
C 191.95500 107.03300 9.97701
C 193.06400 101.58500 9.73249
C 196.30000 102.20100 9.77254
C 199.56800 102.83900 9.82235
C 197.21600 105.26600 9.74521
C 200.52200 105.92200 9.75222
C 202.56300 103.44200 9.88277
C 205.74400 103.98900 9.73066
C 203.56000 106.38400 9.75331
C 206.83600 107.07000 9.70293
C 207.87000 101.60600 9.89154
C 215.19300 105.92400 9.88243
C 208.96400 104.65600 9.79730
C 211.10300 102.25900 9.91872
C 214.23400 102.87500 9.97302
C 212.07700 105.34500 9.85206
C 210.09300 107.63700 9.74495
H 211.72300 107.10500 11.50310
H 213.83300 104.64800 11.43470
H 214.88400 107.67900 11.50100
H 212.80500 101.63200 11.55230
H 210.66200 104.07700 11.45100
C 193.01200 110.03100 9.95319
C 190.87600 112.41000 9.96854
C 194.17700 112.95200 9.86891
C 189.80800 109.49600 10.07730
C 198.32600 108.28800 9.81458
C 196.19600 110.62700 9.81560
C 201.53500 108.90100 9.75656
C 199.40000 111.17100 9.83956
C 200.58200 114.48900 9.77754
C 197.40700 113.77600 9.86580
C 202.57200 112.01900 9.68774
C 204.62300 109.43800 9.63190
C 205.87200 112.64700 9.72914
C 207.88800 110.13500 9.70506
C 215.35600 114.35100 9.79468
C 209.08900 113.19600 9.72620
C 213.17900 108.27500 9.88932
C 211.08200 110.70400 9.78432
C 214.23100 111.22500 9.81578
C 212.25200 113.74200 9.79496
H 212.79900 110.13100 11.41260
H 213.99200 113.11700 11.36610
H 210.74100 112.54700 11.37160
C 189.82700 117.91600 9.94253
C 195.17300 116.14300 9.89223
C 191.98600 115.47200 9.83393
C 193.03200 118.61600 9.94394
C 190.90700 120.96900 9.94006
C 194.08500 121.60100 9.90482
C 196.20100 119.12200 9.92750
C 198.42000 116.81600 9.91831
C 201.61900 117.32000 10.01860
C 199.39700 119.72000 9.92716
C 203.74000 114.99700 9.84183
C 202.46400 120.40000 9.82198
C 204.67200 117.89800 9.83401
C 206.95500 115.56300 9.74947
C 207.90100 118.69500 9.83748
C 205.85500 121.01500 9.83478
C 213.30700 116.81800 9.85256
C 210.09600 116.20300 9.76568
C 211.19800 119.23100 9.79458
C 214.33200 119.89100 10.00280
H 215.08700 116.16500 11.42580
H 211.82700 115.58300 11.39010
H 209.70200 118.02700 11.36820
H 212.88000 118.57900 11.46650
C 209.00200 121.55900 9.87210
H 210.78700 120.96200 11.41290
H 213.89000 121.61200 11.65290
C 195.21100 124.54500 9.92350
C 191.90600 123.92900 9.94685
C 193.14800 126.93100 9.94038
C 189.89100 126.27700 9.88267
C 199.40800 128.28800 10.10440
C 201.48100 125.90500 9.94023
C 196.32100 127.62100 10.01240
C 197.20200 122.16900 9.93056
C 200.47300 122.86700 9.84690
C 198.34500 125.30100 9.97940
H 201.19900 127.61500 11.62320
C 207.96300 127.18300 9.91187
C 204.60700 126.47100 9.89817
C 206.91400 123.94000 9.90072
C 203.76100 123.48300 9.92641
H 206.44500 125.84300 11.41490
H 208.61500 123.34200 11.54090
H 204.34900 128.24500 11.50030
C 214.27800 128.26300 10.04660
C 211.11000 127.71000 9.93001
C 209.99400 124.56500 9.95890
C 213.19100 125.24100 9.92553
C 212.24700 122.25000 9.89201
C 215.34400 122.74000 9.97036
H 214.94900 124.62100 11.50990
H 209.65900 126.42900 11.49620
H 212.82800 127.05900 11.56210
H 211.79300 123.98300 11.50150
C 195.32100 132.98900 10.06670
C 194.18100 130.00500 9.94822
C 190.93600 129.29900 9.86524
C 190.01600 134.83100 9.85085
C 192.07400 132.39600 9.89726
H 190.67600 131.16000 11.42250
H 191.69900 134.20100 11.50580
H 194.80100 134.81800 11.53080
H 193.78800 131.78700 11.55400
H 200.13400 132.99400 11.87570
C 198.40500 133.57300 10.22270
C 197.26800 130.59800 10.08900
C 201.58100 134.18100 10.21380
C 200.49600 131.21600 10.18780
H 202.18800 130.59300 11.80580
H 198.98700 129.99200 11.75090
H 195.84300 129.38200 11.61470
H 196.91400 132.34300 11.79610
H 207.60800 128.89600 11.72240
H 206.53800 134.27500 11.81240
H 203.35800 133.63100 11.79250
H 208.64700 131.85600 11.66160
C 202.52900 128.90700 10.05400
C 203.64300 131.76100 10.20440
C 204.77900 134.78500 10.15630
C 205.86000 129.46200 10.09870
C 206.78500 132.47200 10.15840
H 205.41900 131.26300 11.73420
H 214.93400 133.12200 11.62760
C 212.23500 130.70700 10.10630
C 210.01700 133.07300 10.04930
C 209.03100 130.08000 10.05220
H 210.75000 129.44000 11.62130
C 213.16300 133.66700 9.99909
H 209.61900 134.90000 11.62720
H 213.95700 130.07300 11.71080
H 211.79000 132.48800 11.64160
C 215.26300 131.31100 10.02690
C 194.21400 104.66200 12.97760
C 195.22300 107.65800 13.03380
C 191.15600 104.02500 13.10750
C 192.18500 107.01600 13.15640
C 193.15200 101.56100 12.95150
H 193.79300 106.45200 11.43610
H 192.75600 103.43500 11.36780
H 189.58000 102.80400 11.61230
H 190.59500 105.87900 11.64910
C 196.29800 102.20700 12.93770
C 199.31700 103.00100 12.98670
C 197.31200 105.16700 12.94730
C 200.36800 105.83600 12.97850
H 195.90100 104.03600 11.35000
H 199.03800 104.71200 11.26960
H 200.10200 107.73100 11.37910
H 201.17700 102.23100 11.58550
H 196.94800 107.04100 11.44150
H 198.08400 101.68200 11.38470
H 202.15000 105.26200 11.41410
C 202.58200 103.55100 13.09270
C 205.72000 104.15700 12.99420
C 203.66700 106.43100 12.89550
C 206.80500 107.14000 12.88970
C 207.91200 101.73000 13.10230
H 204.34700 102.89700 11.44530
H 205.39200 105.89300 11.27910
H 208.54800 106.54700 11.30300
H 207.48300 103.50100 11.41270
C 208.93600 104.73900 13.00980
C 211.01200 102.28400 13.11030
C 214.17700 102.88300 13.14190
C 212.14100 105.27200 13.04220
C 209.90400 107.74100 12.98070
C 215.19800 105.81500 13.05970
C 193.12600 110.07600 13.12080
C 191.05400 112.58700 13.15230
C 194.25200 113.05700 13.11550
C 189.96800 109.54100 13.29160
H 194.81200 109.44900 11.44690
H 192.71900 111.88100 11.54510
H 189.53900 111.30600 11.69960
H 191.63300 108.85100 11.61140
H 190.55700 114.30800 11.43360
C 198.37600 108.25500 13.00940
C 196.20700 110.58200 13.07770
C 201.62800 108.88100 12.97660
C 199.50100 111.32600 12.94330
C 197.45500 113.68000 12.97160
C 200.52100 114.31500 13.01350
H 195.98600 112.46300 11.45540
H 199.18000 113.12700 11.27380
H 197.95600 110.07200 11.44940
H 201.29500 110.71900 11.35440
H 202.29700 113.77000 11.38620
C 202.74700 111.90500 12.92070
C 204.66500 109.51800 12.88770
C 205.78600 112.47900 12.83880
C 207.81500 110.19900 12.84980
H 203.27400 108.25500 11.32030
H 207.61100 112.00000 11.27730
H 204.35900 111.32000 11.17690
H 206.41100 108.94000 11.27010
H 205.51500 114.42900 11.43120
C 208.96400 113.19400 12.93600
C 213.18100 108.36800 13.05480
C 211.01400 110.65600 12.95400
C 214.24600 111.31500 13.01840
C 212.19500 113.72000 12.95310
H 209.62300 109.48800 11.31630
C 215.33400 114.31200 13.02150
C 195.18700 116.07600 13.07650
C 192.06600 115.47200 13.04860
C 189.92200 117.93500 13.19960
C 192.98600 118.60600 13.08740
C 190.93300 120.97500 13.19810
C 194.11900 121.61400 13.13630
H 192.67500 120.45000 11.54080
H 189.53800 119.72200 11.57720
H 193.80400 114.83200 11.44330
H 194.79400 117.93400 11.53060
H 191.65800 117.32300 11.50900
C 196.11000 119.13800 13.19840
C 198.26200 116.79100 13.16690
C 201.51200 117.42100 13.14530
C 199.41300 119.85700 13.08940
H 195.82500 120.92300 11.49320
H 199.08000 121.61100 11.39550
H 197.95600 118.59200 11.59160
H 196.95300 115.57000 11.44940
H 200.11300 116.13800 11.55710
H 201.18600 119.25400 11.51580
C 203.73300 114.81000 13.05060
C 202.67200 120.46100 13.06200
C 204.83700 117.99300 13.05780
C 206.95400 115.60800 13.03120
C 207.90800 118.60600 13.01180
C 205.76400 120.93100 13.07420
H 203.35000 116.75800 11.59200
H 206.50800 117.36000 11.38270
H 208.66700 114.99800 11.35640
H 204.32500 119.76800 11.37170
H 207.54000 120.42500 11.48790
C 209.08300 121.51500 13.03790
C 213.29600 116.68700 12.99810
C 210.10200 116.16300 12.94680
C 211.12800 119.21300 13.00880
C 214.27800 119.71800 13.16590
C 195.15300 124.53900 13.13700
C 189.92500 126.31200 13.14440
C 191.98200 123.88800 13.16230
C 193.03800 126.97500 13.10420
H 193.71300 123.41100 11.50550
H 194.87700 126.37100 11.55950
H 191.65100 125.74400 11.52440
H 190.54700 122.74500 11.57740
H 189.53400 128.10800 11.53640
C 196.24000 127.56200 13.19680
C 197.34900 122.10500 13.03230
C 201.49100 125.78900 13.18740
C 200.45600 122.74700 13.04870
C 198.43500 125.17100 13.17670
C 199.47500 128.13900 13.24730
H 196.96200 123.99700 11.56740
H 198.03200 126.99800 11.66020
H 200.14900 124.61700 11.49790
H 202.24400 122.25600 11.45970
C 203.68300 123.41100 13.05230
C 207.90000 126.93200 13.15550
C 204.72500 126.42200 13.07420
C 206.80400 124.03200 13.08530
H 203.20900 125.26400 11.54060
H 205.42100 122.76000 11.50780
C 215.36800 122.84300 13.15590
C 210.00900 124.58100 13.08850
C 212.04700 122.14000 13.15040
C 213.20100 125.20800 13.11830
C 211.02200 127.56700 13.17220
C 214.26200 128.21800 13.25800
C 190.89900 129.38500 13.06970
C 195.05300 133.04700 13.21490
C 194.08300 129.98800 13.15560
C 191.96300 132.34500 13.08420
C 189.93200 134.89500 13.05450
H 192.71800 128.80300 11.48880
C 200.39800 131.08300 13.43670
C 197.17100 130.45300 13.32580
C 198.24900 133.57700 13.41780
C 201.60900 134.24600 13.43930
C 204.76800 134.88100 13.40730
C 206.91800 132.39300 13.33270
C 203.66000 131.81100 13.39350
C 202.65300 128.69200 13.22980
C 205.68500 129.38500 13.24750
C 215.34100 131.28300 13.27730
C 209.10700 130.10000 13.30350
C 212.17600 130.65300 13.20760
C 210.08600 133.08700 13.23640
C 213.18000 133.75100 13.21880
C 217.31500 1.69433 9.91186
C 220.44100 2.40163 9.97851
C 218.45000 4.79655 9.90560
C 221.55500 5.34491 10.02200
H 219.05000 1.19399 11.55080
H 220.12000 4.17437 11.59170
H 216.92400 3.56283 11.40280
H 215.92700 0.53245 11.57810
C 223.67000 2.95429 10.04160
C 225.82300 0.62503 10.13000
C 226.89500 3.47016 10.12490
C 224.77000 5.89522 10.10730
C 222.65100 -0.08311 9.99367
H 225.39800 2.40114 11.73900
H 226.47800 5.28853 11.76730
H 227.60800 -0.06014 11.69320
H 223.27900 4.75966 11.67520
H 222.25000 1.76796 11.57540
C 228.97500 1.09977 10.04930
C 229.99300 4.21931 10.10040
C 232.17800 1.70468 10.04670
C 233.20800 4.69542 10.01210
H 230.77400 0.51715 11.58960
H 231.77400 3.51591 11.65650
H 233.90500 1.10491 11.67440
H 228.64500 2.92287 11.69140
H 229.64300 5.94163 11.81050
C 235.36100 2.23773 10.07120
C 238.43300 2.95548 10.18850
C 236.34200 5.29316 10.04370
C 240.55900 0.55861 10.09830
C 239.52300 6.04982 10.19770
C 237.38700 -0.00346 10.11380
H 238.09400 4.81067 11.68940
H 234.96900 4.04375 11.62290
H 237.08500 1.74513 11.78950
H 240.21600 2.39802 11.74630
H 241.33600 5.41502 11.71830
C 216.21300 7.27546 10.00290
C 219.49200 7.89815 9.99486
C 217.45800 10.27280 10.13600
C 220.54900 10.87590 10.19050
H 221.18200 7.16164 11.58480
H 218.03800 6.60069 11.46500
H 215.95500 9.06317 11.65980
H 219.20200 9.61679 11.78130
C 227.86000 6.51093 10.16990
C 222.59800 8.43726 10.07110
C 223.65600 11.39230 10.12650
C 226.84900 12.00490 10.19110
C 225.88200 8.95571 10.10460
H 224.37500 7.75326 11.68890
H 222.29400 10.19750 11.74680
H 225.39200 10.78730 11.66790
H 227.56500 8.33517 11.77150
C 229.00100 9.57398 10.18260
C 230.96900 7.24593 10.17620
C 234.21300 7.78906 10.04400
C 229.98300 12.56940 10.19860
C 232.19000 10.17640 10.18940
H 230.76100 9.03499 11.83700
H 232.83300 6.53555 11.59440
C 235.31700 10.78490 10.15920
C 238.49700 11.29700 10.11580
C 237.42900 8.34760 10.15080
C 240.47900 8.89629 10.17830
H 235.93500 7.11773 11.61520
C 218.53500 13.28950 10.24710
C 216.39600 15.64940 10.15150
C 221.62800 13.84450 10.16740
C 219.40300 16.29910 10.17280
C 217.42400 18.63320 10.13630
C 220.52200 19.20050 10.18390
C 227.98800 15.07280 10.20810
C 224.81900 14.38780 10.11300
C 222.62600 16.86180 10.09770
C 225.91700 17.50890 10.18130
C 223.71600 19.99740 10.22400
C 233.13600 13.18950 10.20290
C 229.10000 18.10480 10.28810
C 231.08600 15.54260 10.24890
C 234.23600 16.27110 10.29370
C 232.19400 18.63160 10.37040
C 238.48200 19.80430 10.42300
C 235.35000 19.12120 10.37440
C 236.41900 13.81790 10.17370
C 239.53200 14.38120 10.20530
C 237.44500 16.80600 10.32240
C 240.61400 17.38380 10.35060
C 219.56900 24.89610 10.30470
C 216.28200 24.16270 10.24470
C 221.65600 22.33450 10.26380
C 218.40000 21.73670 10.11490
C 226.93600 20.54210 10.28860
C 222.80000 25.40850 10.43410
C 225.88400 25.91830 10.46290
C 224.71400 23.07170 10.42150
C 228.01000 23.44040 10.46310
C 233.32900 21.66270 10.35160
C 231.12300 24.15310 10.48590
C 234.39000 24.65830 10.40270
C 229.05300 26.50800 10.58440
C 230.09700 21.06130 10.34510
C 236.46900 22.20710 10.39220
C 237.42200 25.35880 10.35570
C 240.56000 25.92140 10.23490
C 239.54000 22.81970 10.45050
C 217.47800 27.12720 10.39790
C 220.58500 27.78540 10.54500
C 221.62200 30.76580 10.61010
C 216.36800 32.49800 10.35840
C 219.50100 33.18490 10.54870
C 218.52200 30.14620 10.50810
C 223.69000 28.39980 10.54510
C 224.69700 31.37770 10.60310
C 227.93400 31.88830 10.53620
C 226.88400 29.00580 10.49540
C 231.07600 32.43170 10.37630
C 232.12600 27.08130 10.52590
C 234.18700 33.16110 10.33590
C 233.22400 30.07620 10.46690
C 229.99900 29.52700 10.58700
C 238.38500 28.38990 10.36340
C 236.35800 30.76240 10.39070
C 239.40500 31.39130 10.24920
C 235.34000 27.76600 10.38380
C 217.24800 1.85204 13.11490
C 220.45900 2.35680 13.17420
C 218.28800 4.76067 13.07660
C 221.44200 5.35383 13.20900
C 223.57000 3.00090 13.27260
C 225.87300 0.58892 13.28140
C 226.91100 3.44858 13.36520
C 224.70200 5.93571 13.30630
C 222.56500 -0.07999 13.14010
C 229.08600 1.10237 13.27980
C 230.06000 4.07420 13.32170
C 232.15300 1.68476 13.24780
C 233.23700 4.71152 13.22960
C 235.24200 2.33374 13.29900
C 238.44400 3.03859 13.33910
C 236.31100 5.34330 13.25100
C 240.54700 0.55320 13.32630
C 239.52500 5.86609 13.32340
C 237.40100 -0.08580 13.34460
C 216.35000 7.17098 13.12290
C 219.38800 7.68773 13.21500
C 217.36400 10.17430 13.28970
C 220.57100 10.74010 13.43450
H 220.29800 12.65740 11.88870
H 217.04300 12.04740 11.72440
C 227.85100 6.52517 13.39640
C 222.54200 8.29142 13.27580
C 223.67400 11.45470 13.31630
C 225.71100 8.99020 13.30720
C 226.76700 11.99250 13.32460
C 228.96000 9.55195 13.41170
C 231.17300 7.17485 13.33230
C 234.21500 7.71975 13.29840
C 230.01800 12.52310 13.42120
C 232.17600 10.22660 13.40920
H 228.59100 11.36080 11.80480
H 231.71900 11.99040 11.76650
H 233.89500 9.54954 11.77700
C 235.30200 10.85520 13.32100
C 238.53500 11.29770 13.34240
C 237.29000 8.29024 13.36280
C 240.58600 8.91512 13.29660
H 234.92800 12.59730 11.71040
H 239.08000 7.76933 11.88300
H 240.26100 10.78220 11.68620
H 237.05900 10.18950 11.76930
C 218.43300 13.18930 13.40300
C 216.28400 15.70100 13.35610
C 221.76000 13.95710 13.40550
C 219.53000 16.36130 13.41030
C 217.37000 18.69430 13.38670
C 220.58500 19.31530 13.36280
H 215.98600 17.47800 11.71820
H 218.10200 15.06970 11.82390
H 221.21000 15.68980 11.73540
H 219.13100 18.09270 11.80180
C 224.81900 14.46180 13.34180
C 227.90800 15.03940 13.41720
C 222.69100 16.86390 13.35530
C 225.79700 17.41650 13.37640
C 223.68700 19.79940 13.42930
H 225.49000 19.29430 11.83730
H 227.63000 16.88220 11.77880
H 222.33600 18.65610 11.74140
H 224.41800 16.26520 11.68750
H 223.38000 13.26320 11.74270
H 226.54600 13.88060 11.78870
C 233.17400 13.10420 13.36380
C 228.99200 17.96220 13.52730
C 231.12600 15.42930 13.49700
C 234.26700 16.21400 13.49690
C 232.10400 18.58140 13.57310
H 228.65800 19.87850 11.98370
H 232.87100 15.00490 11.83460
H 230.77800 17.32450 11.95100
H 229.69400 14.36090 11.86720
H 233.89000 18.01460 11.98180
H 238.16300 13.13950 11.76300
C 235.30400 19.18330 13.56300
C 236.40000 13.64630 13.40820
C 239.56100 14.33020 13.40880
C 237.49900 16.65570 13.51850
C 240.57800 17.37970 13.48830
C 238.52400 19.71100 13.65420
H 237.08200 18.55360 12.02280
H 240.24700 19.18650 11.98790
H 239.20100 16.15730 11.87050
H 241.30800 13.79670 11.79950
H 235.99600 15.55340 11.88570
C 218.44900 21.68650 13.34790
C 216.38000 24.04860 13.41700
C 221.52200 22.25830 13.45560
C 219.45300 24.67130 13.52490
H 221.25000 24.13510 11.91180
H 218.13000 23.55050 11.72540
H 219.16000 26.56010 12.06250
H 216.02400 25.93910 11.92950
H 220.16400 21.08940 11.71870
H 217.05300 20.44160 11.73370
C 225.86700 26.05240 13.71180
C 222.58800 25.21770 13.68700
C 227.92200 23.31520 13.66790
C 224.65800 22.80430 13.67570
C 226.86400 20.39130 13.55460
H 224.45600 24.75730 12.14980
H 223.34700 21.70930 11.91930
H 227.58400 25.26230 12.11940
H 226.40900 22.28630 12.00300
C 230.14900 21.03750 13.58920
C 233.35000 21.61630 13.62650
C 234.32800 24.67650 13.60230
C 231.19500 23.97660 13.69600
C 228.98400 26.47440 13.77240
H 229.72400 22.85790 12.00810
H 230.77200 25.88060 12.22020
H 234.00300 26.50680 12.00800
H 232.92800 23.44060 12.00180
H 231.89600 20.47470 11.97550
H 235.05600 21.00670 11.95960
C 240.57300 25.89130 13.48310
C 237.48300 25.30520 13.56610
C 236.46200 22.23650 13.62320
C 239.55900 22.94470 13.60160
H 239.16200 24.70590 11.87840
H 241.32400 22.26270 12.05520
H 238.19100 21.58820 12.07010
H 236.11100 24.06080 11.98630
H 218.07400 31.93480 12.09080
H 221.25700 32.61130 12.19410
H 220.16900 29.55720 12.19480
H 217.06500 28.88930 12.02890
C 217.36400 27.06060 13.63930
C 221.53600 30.80780 13.80680
C 218.31000 30.12010 13.71040
C 220.57800 27.68100 13.69290
C 219.39100 33.11960 13.74280
C 216.27900 32.65140 13.57310
H 223.32700 30.17930 12.21250
H 224.31900 33.26000 12.13060
H 222.32600 27.08830 12.11690
H 225.47900 27.75900 12.03030
C 226.83400 28.89050 13.76190
C 227.90200 32.01840 13.76320
C 223.73400 28.27820 13.67560
C 224.72100 31.45550 13.75840
H 226.46000 30.76630 12.18340
H 232.84700 31.94430 11.99940
H 231.80700 28.93190 12.16490
H 228.60400 28.30170 12.17190
C 233.26300 30.18120 13.64800
H 229.73100 31.36000 12.19160
C 232.30800 27.13100 13.72610
C 231.24500 32.70830 13.60750
C 230.04800 29.51450 13.79520
C 234.26100 33.19910 13.56900
H 241.24600 30.77600 11.79080
H 235.96400 32.59180 11.92420
H 238.14500 30.19610 11.92930
C 238.52200 28.38910 13.49590
C 235.34000 27.76750 13.62980
C 239.56400 31.45320 13.45370
C 236.38200 30.76390 13.56030
H 239.08200 33.20100 11.81960
H 237.07200 27.13770 12.02810
H 234.98400 29.55050 12.00670
H 240.20600 27.66040 11.84010
C 217.54400 35.51690 10.28820
C 220.50400 36.24150 10.46250
C 218.64200 38.65380 10.24380
C 221.61500 39.07720 10.21890
C 222.56100 33.83340 10.48940
C 223.65600 36.78970 10.23260
C 225.73300 34.24590 10.43240
C 226.83800 37.23570 10.08820
C 224.80400 39.64020 10.01950
C 228.93700 34.89800 10.31670
C 229.98800 37.92950 10.03850
C 232.15700 35.51880 10.19320
C 233.30300 38.62980 10.10410
C 235.22900 36.20610 10.26600
C 238.52800 36.75170 10.21180
C 236.38500 39.14790 10.14120
C 240.52500 34.39920 10.27660
C 239.57700 39.76770 10.14250
C 237.31600 33.82660 10.24370
C 216.42200 41.03240 10.07550
C 219.47300 41.62100 10.10590
C 217.42100 44.07790 9.97492
C 220.48600 44.73940 9.87419
C 227.89200 40.33960 9.88242
C 222.60000 42.23770 9.84223
C 225.81300 42.76560 9.73116
C 223.68900 45.19290 9.74347
C 226.90700 45.79490 9.62684
C 229.07200 43.38990 9.72567
C 231.15800 41.01030 9.90615
C 234.28600 41.64330 10.02120
C 232.29000 43.96420 9.83997
C 230.17400 46.36430 9.54476
C 235.38000 44.67070 9.89521
C 237.49000 42.13460 9.97140
C 240.60100 42.84230 10.00140
C 238.54000 45.28110 9.88777
C 218.49300 47.05580 9.86767
C 216.28200 49.46690 9.78683
C 221.59300 47.74620 9.76084
C 219.50400 50.12180 9.78308
C 217.41000 52.62940 9.78028
C 220.52200 53.16480 9.72703
H 219.15800 51.96830 11.34510
C 227.87600 48.94220 9.53803
C 224.74600 48.23380 9.60415
C 222.67600 50.78680 9.69897
C 225.80300 51.31930 9.58301
C 223.71300 53.66700 9.54140
H 222.32200 52.60240 11.27340
H 225.51800 53.23450 11.14000
H 224.46600 50.08050 11.20670
H 227.61900 50.77070 11.17260
C 233.33800 46.96230 9.67504
C 229.00400 51.96160 9.44882
C 231.18200 49.51370 9.47808
C 234.39300 50.00160 9.69012
C 232.23100 52.54570 9.49127
H 230.75800 51.34120 11.08170
H 228.63200 53.82720 10.99440
H 233.91700 51.91410 11.18230
H 229.69700 48.27400 10.96870
C 240.61000 51.38790 9.73451
C 237.41900 50.70030 9.70588
C 235.32900 53.08250 9.54619
C 236.40200 47.72800 9.83567
C 239.60400 48.28150 9.87133
C 238.52400 53.71450 9.63069
H 237.08300 52.56470 11.18260
H 240.20600 53.20180 11.34690
C 219.41000 58.56260 9.68598
C 221.55900 56.19760 9.61687
C 216.41500 57.96650 9.80860
C 218.45600 55.55590 9.75051
H 218.16200 57.41240 11.39270
H 216.03000 59.78280 11.38240
H 219.21500 60.38920 11.25950
H 217.06100 54.38110 11.39950
H 220.21000 54.95830 11.31060
H 221.35300 58.05640 11.11970
C 226.88200 54.29630 9.34330
C 224.77200 56.78680 9.42452
C 227.89500 57.38300 9.28371
C 222.63700 59.18420 9.40359
C 225.70900 59.81450 9.27133
H 227.58000 59.31640 10.82570
H 226.53400 56.18200 10.93310
H 224.41100 58.60310 11.01430
H 223.42400 55.58330 11.06450
C 231.13000 58.07000 9.41049
C 230.12200 54.96460 9.42442
C 234.28500 58.61290 9.48210
C 233.18200 55.56070 9.48509
C 229.18500 60.53180 9.31953
H 230.78700 59.91390 11.04680
H 232.83500 57.41030 11.06980
H 229.66500 56.88000 10.90920
H 233.87700 60.48780 11.00010
H 231.77600 54.33930 11.11500
H 234.93300 54.93450 11.06550
C 240.65500 59.84610 9.64291
C 237.34100 59.19950 9.57628
C 239.52200 56.83020 9.56225
C 236.29600 56.26250 9.51355
H 235.92600 58.00480 11.17410
H 238.06500 55.58990 11.12970
H 241.23500 56.23250 11.34630
H 239.10100 58.64940 11.16360
C 218.40000 63.99800 9.63013
C 217.38000 61.01930 9.75697
C 220.42000 61.63680 9.55683
C 219.31200 67.16010 9.52996
C 216.26100 66.37020 9.67197
C 221.47800 64.62150 9.41393
H 221.27300 66.48510 10.99540
H 220.22700 63.45320 11.20020
H 218.10000 65.87350 11.20990
H 217.09100 62.83720 11.34570
C 223.59300 62.20200 9.30164
C 226.84300 62.90840 9.24791
C 227.91900 65.93220 9.28386
C 224.70700 65.24860 9.21990
H 226.49500 64.72630 10.85300
H 223.36600 64.05720 10.85310
H 225.44900 61.67760 10.83830
H 224.34300 67.14570 10.73630
H 222.30000 61.01970 11.02770
C 230.03800 63.59820 9.30112
C 233.18500 64.06200 9.39618
C 232.18400 61.09990 9.37846
C 234.25800 67.13160 9.45463
C 231.12000 66.51180 9.31820
H 231.71600 62.88360 10.93830
H 228.63400 62.36820 10.89220
H 229.67900 65.37440 10.89470
H 232.78800 65.88090 10.95880
C 236.30600 64.66360 9.51932
C 238.44600 62.29910 9.56466
H 238.00500 64.10420 11.13660
H 237.02700 61.08550 11.13080
H 235.95000 66.50290 11.07360
H 239.15500 67.14440 11.27530
C 239.48500 65.41310 9.63775
C 235.36000 61.76050 9.49797
H 241.21000 64.70200 11.26570
H 234.84700 63.51550 11.10760
H 240.16100 61.66350 11.22550
C 217.35500 35.75290 13.47060
C 220.62500 36.30580 13.64710
C 218.36100 38.68020 13.45300
C 221.76000 39.43090 13.36000
H 220.24800 38.11260 12.03380
H 219.14800 35.00270 12.14270
H 217.12500 37.49020 11.72360
H 216.00800 34.41210 11.88010
C 222.57300 33.98560 13.71460
C 223.79600 36.96270 13.46950
C 225.79100 34.58100 13.55510
C 226.89100 37.45450 13.39070
C 224.88500 39.93910 13.15130
H 223.39100 38.66510 11.75270
H 225.43900 36.25020 11.81850
H 227.56600 33.76410 12.06620
H 226.58600 39.15560 11.62240
H 222.30900 35.70890 11.97140
H 228.60200 36.86680 11.77640
C 229.08400 35.16210 13.45760
C 230.05000 38.18040 13.26280
C 232.12800 35.77650 13.39480
C 233.13100 38.72920 13.31380
H 231.79300 37.48770 11.64480
H 229.67100 39.85200 11.49130
H 230.75100 34.38880 11.81800
H 233.87200 35.01330 11.92740
H 234.96300 38.06930 11.84630
C 235.31700 36.26700 13.48510
C 238.43500 36.87550 13.46020
C 236.36900 39.35160 13.33880
C 240.49600 34.32930 13.43580
C 239.47600 40.02590 13.32270
C 237.38600 33.82930 13.44180
H 238.15900 38.62990 11.77780
H 237.02100 35.65700 11.83110
H 241.27600 39.25810 11.85340
H 240.18900 36.17880 11.87890
H 218.11000 40.47320 11.81140
C 216.29200 41.13340 13.19870
C 219.61900 41.69390 13.22920
C 217.36500 44.17810 13.20430
C 220.65800 44.80180 13.16380
H 219.17000 43.55290 11.64440
H 221.33100 41.07870 11.58390
H 220.24000 46.54870 11.45250
H 215.97100 42.92700 11.56430
H 217.06500 45.96140 11.54210
C 227.95500 40.55620 13.07960
C 222.75200 42.39470 13.07510
C 225.88000 42.91020 12.95530
C 223.83400 45.35910 12.94520
C 227.00300 45.89700 12.84180
H 222.30300 44.11600 11.43120
H 227.62600 42.23960 11.35100
H 225.51800 44.64400 11.29740
H 224.42400 41.64110 11.37780
H 228.68900 45.29130 11.20780
C 228.91300 43.57660 12.95790
C 231.04100 41.11380 13.11550
C 234.29100 41.76820 13.17970
C 232.17400 44.18380 13.08000
C 229.95900 46.58350 12.74120
H 230.76200 42.89690 11.46750
H 232.89600 40.49310 11.61600
H 231.84100 45.88100 11.29860
H 233.94400 43.50560 11.56730
H 235.02000 46.50840 11.40360
C 235.38900 44.73820 13.03290
C 237.41200 42.35850 13.15810
C 240.54300 42.96230 13.19300
C 238.55100 45.27560 13.11360
H 236.05200 41.06300 11.62950
H 237.15300 44.05860 11.45510
H 240.28600 44.71530 11.50660
H 239.20400 41.67100 11.61450
C 218.48300 47.23190 13.06630
C 216.33900 49.60050 13.01460
C 221.73400 47.78950 13.00670
C 219.55500 50.12230 12.92500
C 217.42400 52.59750 12.95750
C 220.62100 53.14440 12.94910
H 216.04500 51.34890 11.33090
H 218.04900 48.93260 11.37320
H 221.30500 49.55580 11.37250
H 223.38800 47.10970 11.32730
C 228.02300 48.93740 12.70960
C 224.86400 48.32830 12.87010
C 222.78300 50.87290 12.85820
C 225.83300 51.36160 12.75350
H 226.53800 47.67030 11.19840
C 223.75900 53.81740 12.76330
C 233.25900 47.13050 12.90460
C 229.05400 52.10180 12.71520
C 231.01100 49.48980 12.68130
C 234.13400 50.16130 12.87360
C 232.18600 52.51550 12.74510
H 232.86100 48.85220 11.17680
C 235.22200 53.16870 12.72260
C 236.32500 47.73830 13.04220
C 239.46100 48.48500 13.03120
C 237.42700 50.88830 12.93310
C 240.53800 51.41580 12.98040
H 241.29300 47.74710 11.55710
C 238.36500 53.85710 12.83850
H 238.14200 47.08630 11.48350
H 239.19300 50.18180 11.33820
H 236.03800 49.55990 11.43780
C 219.69400 58.59700 12.84070
C 218.53200 55.53300 12.94500
C 216.44200 58.02720 13.01280
C 221.76800 56.23520 12.71570
C 224.83000 56.85490 12.60410
C 227.84400 57.52500 12.46300
C 222.72100 59.28040 12.69860
C 226.96100 54.53220 12.66720
C 225.87200 59.91800 12.48680
C 228.94500 60.58700 12.49360
C 234.17500 58.73120 12.68340
C 233.19700 55.60440 12.68530
C 229.98000 55.10800 12.61520
C 231.06800 57.99490 12.58720
C 237.32000 59.26040 12.75430
C 240.47300 59.91420 12.82210
C 239.31800 56.83320 12.80240
C 236.25100 56.15820 12.71880
C 216.41300 66.43970 12.77360
C 217.49600 60.96430 12.89240
C 218.53800 64.04390 12.85750
C 219.54000 67.10790 12.67280
C 220.68600 61.66350 12.78100
C 221.74300 64.65790 12.65360
C 224.73100 65.42620 12.42750
C 227.89900 65.88620 12.49810
C 226.84500 62.92520 12.46170
C 223.77900 62.31990 12.49750
C 234.17600 67.04090 12.65640
C 232.12700 61.17390 12.62300
C 232.99000 64.10550 12.58720
C 231.03000 66.51160 12.53290
C 229.96300 63.57380 12.50130
C 238.33400 62.33250 12.74780
C 236.21400 64.70420 12.72060
C 239.37200 65.26430 12.83110
C 235.19400 61.68250 12.70400
C 217.34300 69.52350 9.51896
C 220.45200 70.19260 9.40335
C 218.43500 72.55640 9.54255
C 221.45800 73.28850 9.49713
H 220.23800 71.96210 11.14630
H 217.01900 71.33360 11.15870
H 215.97100 68.32440 11.19150
H 219.13900 68.95450 11.06910
C 223.65700 70.83310 9.29363
C 225.87700 68.38380 9.24321
C 226.89700 71.38640 9.23250
C 224.67700 73.87220 9.32370
C 222.50500 67.69880 9.25913
H 222.27700 69.54550 10.84010
H 226.47700 73.20780 10.86500
H 223.29200 72.62710 10.92620
H 225.46700 70.20710 10.78450
H 227.51500 67.70760 10.94010
C 228.95400 68.90570 9.34315
C 230.10900 71.95050 9.27020
C 232.22000 69.47580 9.36801
C 233.29500 72.60510 9.50611
H 233.86800 68.92980 11.11470
H 231.79200 71.33630 10.96120
H 230.71900 68.32830 10.91330
H 228.61500 70.77860 10.90540
H 229.69100 73.84210 10.85820
H 234.91700 71.94450 11.23050
C 235.36500 70.21870 9.64992
C 238.46500 70.76850 9.76763
C 236.38000 73.22970 9.73844
C 240.56900 68.49680 9.79573
C 239.47000 73.69810 9.85963
C 237.43400 67.80380 9.66015
H 237.03400 69.54890 11.27960
H 240.12900 70.19700 11.47760
H 238.05400 72.55010 11.39500
H 241.22900 73.15310 11.53200
C 216.29300 74.99240 9.49470
C 219.43800 75.64890 9.67084
C 217.37500 78.05380 9.66386
C 220.48500 78.56130 9.74889
H 221.24400 75.00250 11.20850
H 216.96200 79.68930 11.44490
H 220.16300 80.34580 11.41890
H 219.06700 77.39480 11.34110
H 215.97800 76.72510 11.16730
H 218.02800 74.34150 11.15280
C 227.90000 74.51900 9.35506
C 222.55300 76.22340 9.61920
C 223.69200 79.28280 9.74371
C 226.88400 79.86630 9.75020
C 225.79600 76.86580 9.59512
H 222.28000 77.99680 11.28170
H 225.44700 78.62290 11.25910
H 224.36400 75.55430 11.11970
H 227.58600 76.23290 11.09950
C 229.09700 77.50610 9.65467
C 231.21400 75.13010 9.42731
C 234.38000 75.66010 9.64411
C 229.96600 80.55100 9.79875
C 232.11100 78.03350 9.66161
H 233.84900 77.39640 11.27970
H 228.59900 79.21750 11.39360
H 230.73200 76.76930 11.23780
H 232.82200 74.44560 11.12130
H 231.75300 79.86820 11.33400
H 234.92800 80.42220 11.34390
C 235.27800 78.61580 9.73494
C 238.45300 79.24720 9.73851
C 237.36900 76.23830 9.75594
C 240.64200 76.71510 9.79041
H 235.99200 75.00950 11.37860
H 239.11800 75.59760 11.39830
H 240.22300 78.59280 11.32230
H 237.01200 78.05130 11.32390
C 218.37900 80.97890 9.89718
C 216.18600 83.48820 10.03450
C 221.54800 81.64800 9.84237
C 219.39400 84.04620 10.04530
C 217.30300 86.52880 10.04340
C 220.46300 87.10750 10.16310
H 215.85600 85.32760 11.59340
H 219.02200 85.86930 11.74140
H 218.00700 82.77850 11.60070
H 221.19400 83.39500 11.58110
H 223.30100 81.00720 11.42090
C 227.86000 82.94410 9.87612
C 224.73900 82.31500 9.90536
C 222.56900 84.65310 9.99696
C 225.81000 85.35280 9.99492
H 225.44700 87.10040 11.73470
H 222.28800 86.44590 11.76280
H 224.37100 84.05980 11.59010
C 223.68400 87.74590 10.16050
H 226.53900 81.62210 11.44260
H 227.52900 84.67800 11.61260
C 233.13800 81.16870 9.76895
C 228.89400 85.89870 10.06540
C 231.09300 83.60560 9.95484
C 234.22700 84.10120 9.85571
C 232.09500 86.56200 10.02100
H 233.88700 85.90180 11.53720
H 230.71400 85.34330 11.67250
H 229.67200 82.33960 11.48620
H 232.89600 82.89660 11.50680
H 228.58100 87.73490 11.68320
H 238.07200 81.08350 11.29930
C 235.23800 87.09300 9.83193
C 236.26600 81.63620 9.73601
C 239.51500 82.25850 9.66295
C 237.40000 84.75530 9.69362
C 240.52100 85.32160 9.64117
C 238.43800 87.76630 9.72817
H 240.23100 87.10560 11.29000
H 237.09100 86.53670 11.26660
H 236.08700 83.50500 11.35400
H 241.29500 81.63450 11.22470
H 239.19600 84.06680 11.31920
C 219.38800 92.45400 10.13020
C 216.26700 91.91520 10.12050
C 221.54800 90.03850 10.14520
C 218.40800 89.45960 10.07910
H 216.94300 88.32370 11.64100
H 221.19500 91.92540 11.74500
H 219.07300 94.27240 11.79750
H 220.16300 88.85280 11.78130
H 218.02600 91.26260 11.71570
H 215.94000 93.74930 11.76470
C 224.58600 90.77180 10.12680
C 227.99300 91.32070 10.07940
C 222.63300 93.18780 10.17840
C 225.81500 93.75670 10.11180
C 226.78800 88.26250 10.08850
H 223.28000 89.50010 11.80440
H 226.47000 90.16010 11.60120
H 227.58200 93.13930 11.67870
H 224.42000 92.56550 11.76400
C 231.15000 91.89250 10.08290
C 234.14900 92.56400 9.98336
C 230.02400 88.95970 10.07510
C 233.15200 89.59460 10.03860
C 229.03700 94.36460 10.05000
H 231.82800 88.34900 11.65900
H 230.76700 93.74500 11.71380
H 233.95100 94.40880 11.63820
H 229.70000 90.73620 11.73060
H 232.90700 91.35120 11.69240
H 234.95700 88.89710 11.47960
C 239.44100 90.77110 9.79687
C 236.30000 90.19740 9.87446
C 237.41200 93.23570 9.85003
C 240.54200 93.77840 9.76893
H 235.98500 92.00230 11.42700
H 241.19600 90.12110 11.34320
H 238.06600 89.54120 11.39130
H 239.18800 92.55010 11.43610
H 220.21000 97.34080 11.74700
C 219.45600 101.00400 9.99595
C 220.56000 95.43910 10.19390
C 216.29900 100.34400 10.07600
C 217.36900 94.85510 10.15630
C 218.49000 98.01170 10.13360
C 221.58800 98.53910 10.07640
H 221.24100 100.42000 11.58530
H 218.08200 99.85440 11.73190
H 217.04500 96.78130 11.72900
H 223.25200 97.97470 11.77940
C 227.88100 99.74450 9.97651
C 226.87200 96.80020 10.01520
C 223.64900 96.12810 10.21040
C 224.67800 99.06360 10.09570
H 226.50300 98.55620 11.62440
H 225.48400 95.58990 11.68770
H 224.37700 100.95400 11.62560
H 222.27700 94.94770 11.85690
H 228.61800 96.20140 11.61760
C 232.15800 94.98420 10.03080
C 229.96300 97.43060 9.98683
C 233.16400 97.97080 9.93341
C 234.21600 101.03700 9.83630
C 231.09200 100.30500 9.91343
H 231.74800 96.83470 11.56700
H 229.66400 99.25850 11.61570
H 232.88000 99.81530 11.50850
C 236.29200 98.57860 9.79533
H 239.18300 101.01000 11.45940
H 234.96700 97.44020 11.52560
H 237.09100 95.00280 11.47190
H 236.04400 100.41100 11.42040
H 241.29500 98.55340 11.46120
C 239.54300 99.22050 9.80030
H 238.08900 98.04920 11.33970
C 238.40400 96.16640 9.78770
C 235.30600 95.63620 9.96613
H 240.16100 95.56790 11.44700
C 217.51400 69.50580 12.74850
C 220.65700 70.07740 12.62040
C 218.49200 72.52430 12.73940
C 221.66200 73.15090 12.70080
C 222.69000 67.79180 12.47150
C 223.69400 70.71870 12.43080
C 225.70600 68.38120 12.41330
C 226.79700 71.31150 12.51120
C 224.70800 73.62160 12.60820
C 228.93000 68.86380 12.53080
C 229.99500 72.06360 12.51440
C 232.03700 69.51650 12.60650
C 233.09800 72.57050 12.67370
C 235.22400 70.07010 12.80030
C 237.25800 67.62120 12.74620
C 238.28300 70.69870 12.99280
C 236.20400 73.09930 12.90860
C 240.49100 68.28330 12.97220
C 239.38200 73.80020 13.03190
C 216.26100 74.87800 12.75690
C 219.46900 75.47260 12.80890
C 217.30500 77.74550 12.94510
C 220.56800 78.42840 12.95040
C 227.88100 74.38240 12.55240
C 222.70200 76.14370 12.82040
C 223.72400 79.13930 12.92570
C 225.84000 76.70270 12.70940
C 226.81000 79.69730 12.95660
C 228.95600 77.35420 12.82410
C 230.97500 74.87500 12.70480
C 234.15200 75.56850 12.86610
C 229.97600 80.49700 13.00860
C 232.05200 77.89170 12.90330
C 235.28400 78.55330 12.93370
C 238.49800 79.29050 12.89470
C 237.32900 76.30400 12.94360
C 240.49000 76.80690 13.05300
C 218.37100 80.81880 13.07380
C 216.19100 83.46540 13.15440
C 221.54600 81.50400 13.06790
C 219.49700 83.93570 13.25190
C 217.21500 86.50780 13.28590
C 220.47200 87.02870 13.37830
C 224.74200 82.14630 13.06080
C 227.83600 82.75210 13.13400
C 222.59700 84.54310 13.27500
C 225.77000 85.20250 13.25590
C 223.65200 87.64090 13.37570
C 233.19000 80.95350 13.02660
C 228.96200 85.86360 13.28370
C 231.13500 83.44730 13.14220
C 234.41400 84.06810 13.05320
C 232.20700 86.50120 13.21350
C 235.45000 87.06700 12.98930
C 236.31800 81.70260 12.93550
C 239.53200 82.23540 12.90370
C 237.49000 84.82750 12.90710
C 240.64800 85.28950 12.88970
C 238.50400 87.69670 12.92510
C 218.33800 89.41040 13.31790
C 216.27300 91.87600 13.31210
C 221.49500 90.06700 13.39070
C 219.40700 92.45450 13.39260
C 224.76000 90.66400 13.29550
C 226.91400 88.41320 13.27750
C 225.87300 93.80200 13.31410
C 222.62000 93.12760 13.38920
C 227.88400 91.26010 13.27320
C 228.95000 94.36010 13.27300
C 234.35800 92.50000 13.21970
C 230.10300 88.88340 13.29100
C 231.18500 91.90570 13.31530
C 233.33800 89.46440 13.17390
C 236.35400 90.12880 13.00290
C 240.62900 93.68600 12.98640
C 237.43700 93.13160 13.00370
C 239.49700 90.71940 13.02590
C 221.49100 98.72030 13.31920
C 217.36300 94.98040 13.38970
C 218.44000 98.00430 13.33950
C 219.55500 101.12800 13.20950
C 220.45700 95.49210 13.37930
C 216.27000 100.47500 13.27620
C 224.76100 99.20750 13.27780
C 226.91200 96.77250 13.26240
C 223.76500 96.20420 13.40390
C 227.84400 99.80100 13.19350
C 233.24000 97.98720 13.14060
C 234.32200 101.14600 12.99070
C 230.01900 97.43700 13.19610
C 232.19900 95.06590 13.19690
C 231.18300 100.49000 13.10310
C 236.43600 98.65430 13.07960
C 235.39900 95.67020 13.13140
C 238.43800 96.31880 13.02220
C 239.50500 99.16420 13.01860
C 217.33200 103.32500 9.95115
C 220.52300 104.09800 9.92456
C 218.40100 106.47000 9.96232
C 221.47000 107.12400 9.89558
H 216.97100 105.23400 11.45100
H 215.92600 102.21200 11.61380
H 219.15700 102.85800 11.50780
H 220.14700 105.88800 11.56520
C 223.63300 104.52000 9.89723
C 225.74000 102.05900 9.97033
C 226.87200 105.23100 9.74347
C 224.56900 107.67700 9.74911
C 222.62700 101.60700 9.94915
H 225.43500 103.99800 11.40250
H 222.22700 103.39300 11.52980
H 226.43800 106.98800 11.23740
H 223.28500 106.42700 11.40990
H 227.55400 101.56800 11.54420
C 228.92600 102.65800 9.86187
C 230.05000 105.74700 9.73903
C 232.12700 103.42300 9.73093
C 233.22200 106.32700 9.74328
H 233.93000 102.87000 11.31210
H 230.79800 102.20400 11.36360
H 228.63600 104.59200 11.38750
H 229.67400 107.62700 11.24350
H 231.80800 105.23300 11.38310
C 235.35500 104.12200 9.76445
C 238.59300 104.70800 9.84500
C 236.44500 107.10500 9.88916
C 240.62800 102.24400 9.91174
C 239.63700 107.65900 9.92433
C 237.44600 101.59900 9.82669
H 238.18500 106.44000 11.47240
H 240.26200 104.08100 11.50400
H 241.35700 107.02500 11.46780
H 234.97900 105.89900 11.40930
H 237.13200 103.48900 11.36970
C 216.31600 108.86200 9.93306
C 219.43600 109.48500 9.91916
C 217.42900 111.87000 9.88147
C 220.53400 112.49100 9.85887
H 215.96200 110.69900 11.46100
H 218.03300 108.28200 11.55440
H 217.09000 113.70000 11.42300
H 219.14700 111.29500 11.48020
H 221.20500 108.87600 11.58180
H 220.25300 114.32100 11.47880
C 227.89600 108.23000 9.66901
C 222.62800 109.96700 9.89907
C 225.78500 110.63500 9.80695
C 223.65900 113.12200 9.76225
C 226.86600 113.61300 9.89328
H 227.56900 110.08000 11.32830
H 225.38400 112.48000 11.39200
H 224.41200 109.41300 11.47450
H 222.32200 111.86600 11.40780
C 228.93300 111.41800 9.82693
C 231.09300 108.93000 9.73257
C 234.35800 109.37900 9.76611
C 232.01800 111.98400 9.83312
C 230.00700 114.26000 9.93805
H 230.68600 110.68100 11.42150
H 231.72500 113.72000 11.56230
H 228.60000 113.07800 11.59420
H 232.85500 108.21200 11.27720
H 233.84500 111.24100 11.28240
C 235.39400 112.62100 9.92399
C 237.39200 110.17500 9.92929
C 240.60900 110.66700 9.99166
C 238.55100 113.08400 10.06170
H 234.88000 114.32400 11.61510
H 237.04400 111.91900 11.62080
H 239.15100 109.46600 11.51830
H 240.24100 112.45400 11.72920
H 236.01600 108.90500 11.52730
C 218.53400 114.94300 9.89398
C 216.49400 117.46800 9.93539
C 221.59100 115.59500 9.89257
C 219.55000 117.97400 9.95496
C 217.45800 120.41500 9.94969
C 220.55100 120.94400 9.97011
H 221.29200 117.36800 11.57760
H 218.20700 116.71500 11.54740
H 216.10000 119.21300 11.59750
H 219.19500 119.75200 11.57300
C 227.96000 116.75200 9.85360
C 224.79000 116.16100 9.86320
C 222.70400 118.54600 9.90979
C 225.83900 119.18800 9.89505
H 226.53900 115.52100 11.43850
H 223.34900 114.91500 11.42590
H 225.60900 120.98200 11.53970
H 224.50200 117.97100 11.53320
H 222.47900 120.44100 11.40660
H 227.61600 118.60600 11.46520
C 223.95800 121.64900 9.87469
C 233.17700 114.94100 10.03220
C 229.10100 119.80800 9.96894
C 231.09800 117.40600 9.95952
C 234.28000 117.90300 10.08780
C 232.21500 120.35200 10.08240
H 229.70200 116.17000 11.44450
H 233.93500 119.75800 11.68750
H 232.78500 116.74800 11.64590
H 230.77300 119.16800 11.63870
H 228.73000 121.60200 11.55260
C 235.28600 121.11300 10.15240
C 236.34000 115.55100 10.04180
C 239.54700 116.05400 10.16750
C 237.42700 118.48500 10.13490
C 240.66500 119.17200 10.10560
C 238.44500 121.61200 10.16730
H 241.27100 115.43900 11.88520
H 239.25800 117.88700 11.69570
H 240.14600 120.91200 11.75650
H 238.01000 114.89100 11.68790
H 235.97300 117.29400 11.69290
H 237.04800 120.31100 11.67230
C 219.59200 126.46800 9.92066
C 218.57200 123.37900 9.93839
C 216.34400 125.90500 9.88621
C 221.62700 123.96000 9.97262
H 219.23000 128.17300 11.69580
H 221.32300 125.83300 11.51950
H 216.07100 127.67000 11.61340
H 220.29000 122.75000 11.66150
H 218.11800 125.24800 11.43350
H 217.09100 122.21400 11.51970
C 222.71300 127.04600 9.91297
C 228.04900 125.25100 9.94649
C 224.86900 124.74100 9.86798
C 225.93000 127.62800 9.97865
C 227.02100 122.13400 9.88673
H 226.57500 123.99000 11.41040
H 227.62300 127.00900 11.55140
H 224.44200 126.47500 11.53960
H 223.50000 123.44700 11.50710
C 229.09300 128.28100 10.09330
C 230.21400 122.79000 9.98388
C 234.41300 126.44100 10.03260
C 231.27600 125.86000 10.08120
C 233.29200 123.41800 10.07820
H 233.93800 128.24100 11.60710
H 230.75600 127.61600 11.70330
H 232.94600 125.22700 11.65560
H 229.76600 124.58500 11.57790
H 231.87800 122.19700 11.65200
H 234.98800 122.89000 11.76290
C 240.52600 127.73300 10.19510
C 239.61900 124.56900 10.27810
C 236.40900 124.04200 10.14520
C 237.51300 127.05300 10.11520
H 241.30600 123.92800 11.93690
H 238.10100 123.41100 11.79730
H 239.16700 126.43700 11.79080
H 236.06000 125.86000 11.77000
C 219.44000 134.97100 9.94471
C 216.36400 134.32000 10.00600
C 220.53800 129.45100 10.00830
C 217.52200 128.88100 10.07420
C 218.48600 131.93600 9.96718
C 221.71700 132.52800 9.93402
H 218.11900 133.70900 11.59190
H 220.23600 131.35600 11.53990
H 221.24500 134.35200 11.44310
H 217.06800 130.76200 11.63810
C 227.96300 133.77200 10.06670
C 226.93100 130.59600 10.03670
C 224.84000 133.13000 10.00140
C 223.84300 130.06700 10.00720
H 223.39500 131.89800 11.59210
H 224.41900 134.94700 11.65670
H 225.58400 129.40200 11.64090
H 222.35900 128.87800 11.55100
H 226.54100 132.49300 11.66480
C 231.04800 134.26000 10.04700
C 229.96300 131.30200 9.99340
C 232.15100 128.72300 10.01320
C 234.28000 134.92900 10.04020
C 233.32700 131.89600 9.94927
H 232.89000 133.70100 11.54070
H 231.84400 130.71400 11.46120
H 228.67400 130.07200 11.70640
H 229.66500 133.07500 11.65690
C 239.59000 133.17200 10.12710
H 236.02200 134.35800 11.66220
H 237.05900 128.91100 11.58650
H 239.14500 134.98800 11.70650
C 238.55100 130.11700 10.15380
C 235.31500 129.40200 9.95956
H 240.21100 129.51500 11.85040
H 241.26600 132.55200 11.81090
H 235.02300 131.26300 11.59640
H 238.17600 131.97100 11.67420
C 236.44500 132.52400 10.07570
C 217.36200 103.44100 13.09450
C 220.50000 104.07300 13.14730
C 218.35300 106.41100 13.14040
C 221.61000 107.05600 13.13750
C 223.72300 104.65100 13.01590
C 225.78700 102.27800 13.12450
C 226.88700 105.26900 12.92630
C 224.76300 107.56100 12.98870
C 222.58700 101.65700 13.20590
C 229.08500 102.78800 13.02670
C 230.04500 105.88400 12.93690
C 232.18400 103.44300 12.96060
C 233.15600 106.42400 12.97190
C 237.45000 101.64900 13.01980
C 235.33800 104.06300 12.94520
C 238.44200 104.60900 13.06870
C 236.42500 107.03100 13.05970
C 240.55700 102.23700 13.06000
C 239.59000 107.60100 13.06480
C 216.26200 108.91800 13.10320
C 219.46000 109.54900 13.13950
C 217.38200 111.87400 13.01650
C 220.61800 112.46900 13.00710
C 227.91800 108.19000 12.84780
C 222.72000 110.11700 13.08680
C 225.85700 110.63800 12.98590
C 223.75400 113.08200 13.06000
C 226.78100 113.72800 13.04310
C 228.96900 111.17000 13.09220
C 231.11000 108.81300 12.90470
C 234.11500 109.44900 12.95810
C 232.15600 111.77000 13.00700
C 229.95800 114.38500 13.12510
C 235.10000 112.40100 13.06560
C 237.42000 110.04400 13.17650
C 240.58300 110.55500 13.20460
C 238.43700 113.08500 13.29550
C 218.52300 114.82200 13.07850
C 216.49600 117.30300 13.12380
C 221.64000 115.53700 13.13170
C 219.53300 117.96200 13.17850
C 217.50200 120.42900 13.18440
C 220.72400 120.83400 13.11320
C 227.92300 116.78600 13.02100
C 224.76500 116.10200 13.07140
C 222.69800 118.65600 13.09880
C 225.92100 119.15600 13.13450
C 223.83700 121.61200 13.09440
C 233.10300 114.85200 13.22290
C 228.96500 119.75400 13.15160
C 230.98900 117.27300 13.22270
C 234.21400 117.95300 13.27630
C 232.14200 120.35200 13.26930
C 235.32800 121.01600 13.30330
C 236.25100 115.55100 13.26980
C 239.44900 116.04200 13.32380
C 237.45300 118.44100 13.22090
C 240.56800 119.08700 13.36780
C 238.37100 121.55000 13.32310
C 218.44800 123.46000 13.11690
C 216.41900 125.77600 13.12390
C 221.70600 124.05100 13.12360
C 219.57900 126.24100 13.16680
C 224.88600 124.61800 13.06820
C 222.69200 126.99000 13.14360
C 225.92000 127.54300 13.16580
C 226.94400 122.23200 13.06950
C 227.94100 125.15800 13.09500
C 228.96100 128.15700 13.23380
C 233.17200 123.44900 13.29460
C 234.22400 126.53600 13.25650
C 230.06700 122.75900 13.21600
C 231.14300 125.77100 13.21940
C 240.44000 127.71600 13.47860
C 239.52800 124.62600 13.43110
C 236.36300 124.06200 13.39830
C 237.39100 127.21900 13.29510
C 216.40500 134.35200 13.17930
C 218.55300 131.94500 13.25940
C 220.62300 129.61300 13.14680
C 219.52300 134.99900 13.10600
C 221.66300 132.58000 13.12000
C 217.42400 128.89300 13.22170
C 227.97600 133.70700 13.30840
C 223.80300 130.03000 13.12860
C 224.76800 133.11800 13.25700
C 226.85200 130.67300 13.26480
C 232.15200 128.90400 13.14530
C 233.24100 131.86300 13.14930
C 230.18400 131.32200 13.19060
C 231.16400 134.31700 13.11820
C 234.21400 134.90000 13.23590
C 235.32100 129.44500 13.21730
C 236.40700 132.48600 13.21330
C 239.48600 133.17300 13.34470
C 238.33400 130.17000 13.24880
C 243.68700 1.14048 10.06830
C 244.87200 4.20418 10.09960
C 246.89000 1.68252 10.05130
C 241.50000 3.61707 10.10100
H 242.29600 -0.08445 11.69210
H 243.38400 3.00176 11.57930
H 245.44400 0.52509 11.68640
H 246.53400 3.46289 11.73540
H 244.47800 5.98023 11.69870
C 248.00400 4.64280 10.17110
C 249.93600 2.24213 10.08420
C 253.23700 2.94963 9.99776
C 251.04800 5.31967 10.11790
C 254.29700 5.89567 10.00930
C 252.15500 -0.08732 9.99209
H 248.58100 1.05938 11.69500
H 249.75100 4.03015 11.76250
H 251.79700 1.69565 11.63560
C 255.30900 0.51471 10.00280
C 258.43500 0.93707 10.00080
C 256.38900 3.55764 10.01010
C 259.53600 4.06274 10.00330
C 261.60100 1.68014 9.98707
C 264.65900 2.25650 9.98858
C 262.64700 4.64797 9.99917
C 265.83000 4.96486 10.00910
H 263.30500 0.99479 11.58540
C 266.76500 0.20178 9.97794
C 242.75300 6.58042 10.05260
C 245.97800 7.19392 10.14050
C 244.84700 12.61940 10.13950
C 243.83400 9.65205 10.14200
C 246.92500 10.17280 10.15080
C 241.68700 11.97070 10.12410
C 248.89900 7.71039 10.17060
C 252.12700 8.26081 10.10600
C 250.01300 10.78160 10.11260
C 253.16800 11.22790 10.03280
C 257.42300 6.46726 10.00750
C 260.53000 7.17823 10.00440
C 255.35300 8.83896 10.01790
C 258.47200 9.55163 10.00730
C 256.33700 11.90230 10.00720
C 259.48500 12.47690 10.00630
C 261.57300 10.14680 10.02280
C 263.63800 7.69822 10.01980
C 266.78500 7.89815 10.02770
C 264.71300 10.73970 10.03360
C 245.90000 15.67880 10.17540
C 242.67800 15.06250 10.24440
C 243.80000 18.03770 10.34600
C 246.80500 18.68080 10.17980
C 247.93800 13.17940 10.13430
C 251.07900 13.64670 10.10650
C 249.01500 16.20630 10.00960
C 254.23000 14.34090 10.00530
C 252.15300 16.75030 9.98671
C 250.12500 19.23740 9.97411
C 253.22600 19.82970 9.97448
H 254.98400 19.14160 11.57840
C 257.44700 14.91890 9.98465
C 260.58600 15.48900 9.98576
C 255.35800 17.27860 9.98024
C 258.52100 17.84680 9.96273
H 260.25600 17.29170 11.57970
H 257.11600 16.70460 11.58250
H 258.17800 19.69720 11.55570
C 262.71000 13.05810 10.01790
C 261.57000 18.49750 9.96966
C 265.87500 14.18140 10.03860
C 263.65500 16.16960 9.99796
C 266.80200 17.19050 10.01210
C 264.63300 19.18340 9.96999
H 263.26500 17.90330 11.58860
H 266.30900 18.85430 11.58840
C 241.66300 20.42310 10.42060
C 244.74900 21.07690 10.30050
C 242.58600 23.40440 10.31420
C 245.78400 24.00280 10.25350
C 243.70900 26.49800 10.21420
C 247.89200 21.68470 10.09300
H 252.93700 21.64490 11.55650
C 251.13700 22.31330 9.97527
C 248.95500 24.65320 10.05320
H 253.92200 24.65870 11.54850
C 254.37500 22.81880 9.94047
C 252.07500 25.27760 9.98991
H 248.65100 26.58690 11.53470
C 256.34000 20.38370 9.95225
C 259.52300 21.03160 9.94892
C 257.43700 23.52820 9.94164
C 260.53700 24.16990 9.95090
H 259.18200 22.87110 11.55470
H 256.07600 22.19440 11.54610
C 255.28900 25.82850 9.94957
C 258.46700 26.49060 9.95924
H 257.05700 25.27410 11.55350
H 260.21700 25.91740 11.56780
H 261.25800 20.38970 11.56820
C 262.66500 21.68680 9.95146
H 264.40800 21.13530 11.55850
C 265.98400 22.43880 9.94982
C 263.63900 24.75140 9.94700
H 262.29500 23.50360 11.55710
H 265.41200 23.93840 11.55060
C 266.75200 25.47640 9.95684
H 263.31400 26.54880 11.56070
C 241.57700 28.92870 10.23710
C 242.54800 32.06090 10.17600
C 245.79000 32.66660 10.11360
C 246.73700 27.21560 10.07110
C 244.75500 29.55500 10.15140
C 247.90400 30.18480 10.04800
C 250.14200 27.71860 9.91966
C 251.18000 30.78610 10.02700
C 254.28000 31.24610 9.98322
H 252.90200 30.07090 11.58530
C 253.23000 28.24130 9.97014
C 249.02700 33.25200 10.06060
H 251.81800 27.12320 11.58630
H 254.95300 27.66050 11.57370
H 258.04900 28.26510 11.58300
C 257.39500 31.99060 9.99645
C 259.45200 29.55420 9.98403
C 260.56300 32.61000 9.99332
C 256.31500 28.88320 9.97501
H 264.41100 29.77800 11.58020
H 266.32200 27.20410 11.57030
H 261.22200 28.97440 11.59420
H 262.31200 32.06810 11.59080
C 261.59400 27.18410 9.96639
C 263.66100 33.33840 9.98211
C 262.60200 30.29540 9.97993
C 265.98100 30.67820 9.96627
C 264.70200 27.85040 9.96128
H 265.43300 32.62790 11.57350
C 243.72400 1.18872 13.22640
C 244.82200 4.13977 13.27240
C 246.89300 1.66239 13.29360
C 241.66700 3.60203 13.29680
C 247.96000 4.59287 13.36530
C 252.15100 -0.15621 13.22720
C 250.01400 2.20272 13.32710
C 253.30300 2.89123 13.21420
C 251.24400 5.31301 13.27700
H 252.92400 4.69447 11.60890
C 254.33500 5.84653 13.22820
H 254.98900 2.32168 11.61550
C 255.31300 0.51016 13.21990
C 258.47100 1.02408 13.21710
C 256.43900 3.46858 13.22820
C 259.57500 4.08642 13.22110
H 256.05300 5.27090 11.61820
H 260.18800 0.35403 11.59780
H 258.14700 2.85240 11.62320
H 259.16400 5.90941 11.61090
H 257.04900 -0.13994 11.60570
C 266.79400 0.08032 13.20020
H 261.30500 3.39885 11.60300
C 261.57900 1.60032 13.20350
C 264.67400 2.23475 13.20450
C 262.64100 4.66364 13.21510
C 265.90700 5.50344 13.22650
H 266.36700 1.79507 11.59670
H 264.37800 4.16113 11.60790
C 242.73100 6.61514 13.33500
C 245.85000 7.13106 13.36700
C 243.76600 9.55360 13.35050
C 244.75500 12.62620 13.36810
C 246.87400 10.10360 13.39100
C 241.62000 11.98260 13.39520
H 245.52000 8.95870 11.77230
H 243.40000 11.40410 11.78480
H 247.59500 6.44934 11.80380
H 246.52500 11.96410 11.79670
H 242.37900 8.40132 11.66740
C 248.98100 7.71099 13.34210
H 253.91200 7.62501 11.62940
C 252.20600 8.29599 13.24580
C 250.05500 10.82570 13.30910
C 253.22200 11.27800 13.24950
H 251.74500 10.12380 11.69950
H 249.63000 12.56890 11.71020
H 248.64100 9.55385 11.75090
H 250.71200 7.10398 11.74200
C 257.46000 6.43990 13.22450
H 254.97500 10.65870 11.63100
C 260.54800 7.11372 13.22350
C 255.34600 8.79786 13.23530
C 258.42600 9.50599 13.22460
C 256.34200 11.93640 13.22490
C 259.47600 12.51550 13.22320
H 257.08900 8.28311 11.61890
H 260.20300 8.95997 11.61860
H 258.08700 11.34070 11.61350
H 262.28400 6.49866 11.61150
H 261.25400 11.93220 11.63240
C 261.60800 10.10760 13.24090
C 263.65400 7.74705 13.23660
H 265.40500 7.06194 11.63130
H 264.49000 12.65790 11.64160
C 266.87000 8.45122 13.24910
C 264.75600 10.63550 13.25190
H 266.39900 10.18270 11.64430
H 263.33200 9.44389 11.64190
C 245.92800 15.54960 13.37540
C 242.74300 14.95640 13.44960
C 243.86200 17.94010 13.57530
C 247.00900 18.71450 13.37380
H 245.56400 17.43060 11.87460
H 242.39300 16.79370 11.94680
H 244.48300 14.42480 11.76000
H 247.64200 15.01410 11.72320
H 243.46800 19.79910 12.01330
C 247.87700 13.19810 13.37840
H 252.85800 13.10450 11.62930
C 251.08800 13.81510 13.21970
C 249.03600 16.26240 13.29580
H 253.91000 16.15870 11.60600
C 254.32200 14.32180 13.22080
C 252.18500 16.71650 13.20010
C 250.20900 19.31560 13.18670
H 250.72600 15.58680 11.59510
H 251.83600 18.58840 11.59120
H 248.69100 18.07330 11.63390
C 253.24600 19.79410 13.19090
C 257.43300 14.89070 13.20260
C 260.53200 15.56030 13.20300
H 256.03400 13.73730 11.60380
H 259.17700 14.30640 11.59640
C 255.39600 17.31400 13.19650
C 258.54100 17.87980 13.18080
C 262.72000 13.12260 13.23520
C 261.56500 18.59060 13.18790
H 265.43300 15.59140 11.62790
C 263.64900 16.15720 13.21690
H 262.28500 14.89290 11.60740
C 266.04400 13.74720 13.25670
C 266.80800 16.86980 13.23410
C 264.62100 19.24670 13.18700
C 241.74800 20.39870 13.60940
C 244.86500 21.10620 13.56410
C 242.76700 23.59260 13.53420
C 245.92200 24.15140 13.38310
C 243.80400 26.46850 13.36420
H 242.31100 25.30480 11.84020
H 244.39100 22.83960 11.91000
H 246.55800 20.53920 11.82630
H 247.65000 23.48700 11.76690
H 245.55400 25.93960 11.75490
C 248.17100 21.70360 13.31830
C 251.21900 22.28410 13.18520
C 249.01700 24.78470 13.24460
C 254.37900 22.85820 13.15940
C 252.17700 25.33770 13.18760
H 249.76200 21.12130 11.55400
H 250.74300 24.13790 11.60620
C 256.36700 20.35300 13.16800
C 259.50800 21.01840 13.17060
C 257.41400 23.47160 13.16010
C 260.57400 24.08720 13.16850
C 255.31600 25.90580 13.16680
C 258.45200 26.40710 13.17710
C 266.81700 25.62750 13.17770
C 262.70600 21.65800 13.17010
C 265.97700 22.40210 13.16750
C 263.70100 24.73420 13.16510
C 241.59900 28.95530 13.40540
C 246.99100 27.14180 13.34540
C 242.68000 31.94970 13.37800
C 244.81100 29.69560 13.35810
C 245.82000 32.61800 13.26150
H 243.37200 28.36470 11.81420
H 247.60600 32.01020 11.64160
H 244.35300 31.39700 11.66100
H 246.54700 29.01970 11.75630
C 248.11700 30.18010 13.22380
C 249.05600 33.23770 13.26800
C 250.07800 27.75680 13.14810
H 253.93200 33.09790 11.59560
C 254.25600 31.27400 13.20110
C 251.07300 30.66430 13.13570
C 253.20700 28.24040 13.18820
H 249.75900 29.53550 11.47860
H 250.72800 32.57680 11.66350
H 256.04700 30.70660 11.59740
C 256.28800 28.85480 13.19500
C 260.56800 32.59220 13.21010
C 259.41400 29.48950 13.20320
C 257.40100 31.98790 13.21410
H 259.12800 31.36060 11.60230
C 264.69000 27.82390 13.17930
C 265.94300 31.01080 13.18370
C 263.67700 33.36310 13.19840
C 261.56300 27.08320 13.18260
C 262.62300 30.32770 13.19600
C 243.74100 35.07790 10.22480
C 244.74400 38.01680 10.20910
C 246.83700 35.70600 10.19160
C 241.63700 37.37150 10.29530
C 247.88400 38.63030 10.09370
C 250.02300 36.23500 10.03680
C 253.17700 36.78310 10.02060
C 251.09000 39.31310 10.08330
C 254.33600 39.80910 10.03690
C 252.18200 33.71060 10.02720
C 255.30100 34.35410 10.00430
C 258.42000 34.99770 10.00570
C 256.38700 37.25870 10.02020
C 259.51300 38.08580 10.02700
C 266.62000 34.24810 9.96857
C 261.48400 35.61960 10.01150
C 264.54500 36.55680 9.99493
C 262.58000 38.76610 10.01970
C 265.91100 39.63020 10.00490
H 266.24600 35.38950 11.59220
C 242.69400 40.40650 10.18270
C 245.79200 41.02700 10.11540
C 243.71200 43.47060 10.05770
C 246.80000 44.07730 10.12750
C 244.84200 46.51070 9.97063
C 241.65300 45.92620 9.93819
C 249.00200 41.74760 10.11810
C 252.14800 42.32780 10.05060
C 250.02100 44.72720 10.08060
C 253.16900 45.41780 10.02700
C 257.42300 40.37310 10.02820
C 260.44700 41.08260 10.02330
C 255.18200 42.98880 10.03320
C 258.33900 43.44560 10.01430
C 256.31300 45.99440 10.01730
C 259.50300 46.53200 10.00030
C 261.46100 44.12660 10.00560
C 263.62300 41.68420 10.01040
C 264.57600 44.66430 10.00600
C 266.70500 42.73560 10.00790
C 245.81700 49.74130 10.01710
C 242.67900 48.90770 9.88849
C 243.78500 52.07560 9.84207
C 246.92100 52.68110 9.93102
H 243.34000 53.88820 11.42320
C 248.03300 47.21840 10.05490
C 251.04400 47.72860 10.04520
C 248.99200 50.33000 9.98420
C 254.19900 48.31200 10.01350
C 252.07900 50.75960 9.98451
C 249.97200 53.24800 9.91509
C 253.17000 53.82190 9.99957
C 257.39500 49.03650 10.00920
C 260.53200 49.64480 9.99544
C 255.26400 51.37180 10.00720
C 258.39100 52.04780 10.00410
C 262.53900 47.15550 9.99846
C 263.69300 50.18340 9.99140
C 265.78900 47.78280 10.00060
C 261.49200 52.72950 9.98908
C 266.71200 51.12520 9.98080
C 264.60300 53.38200 9.98232
H 266.27500 52.39640 11.59150
C 241.63500 54.45110 9.75512
C 244.85000 54.98790 9.83022
C 242.72600 57.45520 9.76901
C 245.85300 58.13660 9.85454
C 243.74200 60.52780 9.80507
H 244.43800 56.87020 11.40070
H 245.45800 59.95790 11.44040
H 247.60400 57.56060 11.42630
H 242.28700 59.27700 11.30770
C 247.94400 55.71490 9.87876
C 251.13100 56.35190 9.92407
C 249.00600 58.77800 9.87244
C 254.23500 56.87040 9.99675
C 252.15800 59.27680 9.99647
H 248.66300 60.54960 11.58370
H 250.70300 58.08190 11.54520
C 256.30300 54.49010 10.00440
C 259.45500 55.02290 9.99544
C 257.37200 57.54400 9.99614
C 260.57600 58.04900 9.98302
C 255.27800 59.92040 9.98868
C 258.39900 60.56010 9.97535
H 260.15400 59.89500 11.57970
C 262.67400 55.71230 9.98272
C 265.96100 56.08120 9.97138
C 263.61900 58.72840 9.97223
H 264.45800 55.24910 11.58890
H 265.47000 58.08120 11.57420
H 262.30500 57.51360 11.59280
C 266.87200 59.56720 9.95620
H 263.27100 60.55040 11.57670
C 241.63000 62.87910 9.71180
C 246.90100 61.18190 9.95999
C 245.83500 66.53470 9.83509
C 242.70100 65.92970 9.75659
C 244.79100 63.48680 9.92092
H 243.23600 62.30070 11.42760
H 247.53200 66.00890 11.51730
H 244.37700 65.35670 11.43520
H 246.47000 62.96760 11.63360
C 247.84100 64.14300 9.92627
C 253.32400 62.41870 9.98898
C 249.02200 67.20710 9.86686
C 251.13400 64.70310 9.94743
C 254.27000 65.37890 9.99312
C 250.18300 61.67530 9.96498
H 250.75700 66.54440 11.51930
H 249.62800 63.54190 11.49960
H 258.14300 62.42140 11.57410
C 259.54000 63.64810 9.97266
C 257.44600 65.93370 9.98828
C 260.64800 66.61700 9.98181
H 259.19900 65.43140 11.59000
C 256.39600 62.92800 9.97904
H 265.49600 66.42230 11.57810
H 261.31600 62.96120 11.58100
H 266.39000 61.10360 11.57070
C 262.72800 64.18970 9.97355
C 261.50800 61.12570 9.97126
C 263.78600 67.20030 9.97542
H 262.38300 65.97160 11.58480
H 264.46700 63.65100 11.58060
C 265.98500 64.42120 9.97426
C 264.68500 61.72370 9.96644
C 243.79300 35.03860 13.42750
C 244.80000 38.06910 13.44060
C 246.93400 35.68180 13.37180
C 241.61500 37.39760 13.45020
H 242.32000 33.83390 11.85040
H 244.45500 39.82510 11.81060
H 243.38700 36.84330 11.86920
H 246.53900 37.53300 11.83110
H 245.52000 34.42990 11.79770
C 248.03300 38.76410 13.34750
C 250.00800 36.28450 13.23030
C 253.23200 36.76930 13.23870
C 251.12500 39.31550 13.26130
H 252.88900 38.62460 11.63870
C 254.33400 39.76190 13.25370
C 252.19600 33.76020 13.21900
H 249.68600 38.10880 11.64110
H 251.76700 35.60060 11.63320
H 248.59700 35.04950 11.64530
H 257.05700 33.76020 11.61410
H 254.96500 36.15060 11.62820
C 255.29500 34.35170 13.22150
C 258.46000 35.00770 13.22430
C 256.39300 37.28170 13.23770
H 260.17900 34.34440 11.61190
H 258.15900 36.83520 11.62010
C 259.49800 38.09090 13.24460
H 256.07200 39.10600 11.63840
H 259.17100 39.90340 11.64380
H 261.25000 37.50610 11.64160
C 266.66600 34.29020 13.18800
C 261.54000 35.59250 13.22830
C 264.61000 36.59370 13.21280
C 262.58700 38.74740 13.23710
C 265.88400 39.25300 13.22480
H 263.25900 35.14510 11.60610
H 264.38100 38.14730 11.61280
C 242.66100 40.61980 13.30570
C 245.89600 41.09870 13.32460
C 243.57100 43.65340 13.23360
C 246.76700 44.16900 13.25520
C 244.72700 46.61960 13.22890
C 241.58700 45.95080 13.16960
H 245.39500 42.85660 11.73020
H 247.60300 40.45540 11.68730
H 242.28500 42.29880 11.63220
H 246.55400 46.03590 11.63610
H 243.38700 45.37480 11.59670
C 248.94700 41.73650 13.28690
H 253.90300 41.60860 11.65610
C 252.20200 42.35140 13.28720
C 250.01500 44.73400 13.28410
C 253.23100 45.44350 13.24460
H 251.81700 44.14630 11.65190
H 248.57400 43.55700 11.71430
H 249.67100 46.55310 11.72830
H 250.76500 41.13160 11.72510
C 257.45800 40.39300 13.24580
H 254.89500 44.83190 11.63750
C 260.50900 41.10460 13.24210
C 255.26600 42.98510 13.24980
C 258.33800 43.46730 13.23240
H 256.98300 42.21760 11.63140
H 260.07900 42.87520 11.62380
C 256.32500 46.04080 13.23500
C 259.49200 46.53310 13.21850
H 258.08900 45.31550 11.61430
H 262.22600 40.51050 11.62960
H 261.20500 45.90520 11.60480
C 263.59900 41.66710 13.22860
H 265.42700 41.11560 11.61440
C 261.46400 44.14540 13.22380
C 264.59000 44.68570 13.22580
H 266.28500 44.17800 11.61510
C 266.76300 42.51350 13.23000
H 263.18600 43.45310 11.61500
H 264.26500 46.53440 11.61660
C 245.82100 49.65700 13.14770
C 242.66800 49.06000 13.09430
C 243.58100 52.13690 13.07740
C 246.92300 52.71140 13.15210
H 244.46200 48.37970 11.54700
H 247.56800 49.07310 11.57810
H 245.44500 51.57270 11.60340
H 242.34200 50.81430 11.38890
C 247.91200 47.28980 13.26440
H 252.80900 47.20130 11.62270
C 251.11300 47.79530 13.27500
C 248.91700 50.34500 13.17080
H 253.85900 50.17970 11.61940
C 254.16600 48.34060 13.23260
C 252.09200 50.79680 13.23400
C 249.91800 53.33920 13.08720
C 253.18800 53.89580 13.21760
H 248.59000 52.07280 11.54180
H 250.68100 49.58630 11.64080
H 251.73200 52.64040 11.59340
H 254.97400 53.22980 11.61140
C 257.41800 49.09500 13.22920
H 259.12000 48.34030 11.60980
C 260.49700 49.68580 13.21530
H 255.98900 47.85820 11.62710
C 255.31200 51.40970 13.22650
H 257.02700 50.83890 11.62050
C 258.38400 52.09970 13.22310
H 260.11000 51.48670 11.60370
H 258.06900 53.89210 11.61510
C 262.55100 47.12480 13.21720
C 263.67300 50.13560 13.20980
C 265.79700 47.79760 13.22120
H 265.42900 49.29590 11.60410
H 262.20200 49.04530 11.60200
C 261.48900 52.71610 13.20690
C 266.67800 50.89470 13.20050
C 264.60700 53.34590 13.20120
H 263.25200 51.98170 11.59600
C 241.54400 54.38340 13.00880
C 244.70300 55.04110 13.05760
C 242.58500 57.45950 12.95430
C 245.85100 58.06650 13.00640
C 243.57800 60.43800 12.98790
H 246.53100 54.49130 11.50620
C 247.95500 55.74060 13.01900
C 251.00500 56.23480 13.11700
C 248.95400 58.66790 13.16400
H 252.81500 55.66280 11.60120
H 253.89800 58.67380 11.60330
C 254.18800 56.89570 13.21540
C 252.06400 59.26910 13.14360
H 249.68000 55.09530 11.40700
C 256.30100 54.54680 13.22280
C 259.46800 55.06720 13.21460
C 257.41300 57.58270 13.21550
C 260.59000 58.10000 13.20150
H 255.97100 56.33290 11.61490
H 259.14900 56.90720 11.60360
C 255.23700 59.92190 13.21010
C 258.39200 60.58550 13.19220
H 257.01300 59.35120 11.59840
H 261.22000 54.53430 11.59570
C 266.90900 59.73640 13.17620
C 262.68500 55.71460 13.20270
C 265.96200 56.60790 13.19230
C 263.64500 58.76390 13.19060
C 241.44200 62.87410 12.93340
C 244.59600 63.53270 13.06130
C 246.82700 61.11320 13.18940
C 245.76800 66.55240 13.07060
C 242.55100 65.89620 12.94330
C 247.94400 64.25320 13.17030
C 254.29300 65.37000 13.21150
C 250.10400 61.77340 13.16130
H 252.85900 64.18720 11.60140
C 251.04200 64.73630 13.12250
C 253.27700 62.41510 13.20820
H 253.94100 67.18340 11.60940
C 248.99300 67.18610 13.11640
H 251.90500 61.14910 11.55600
C 257.47300 65.91140 13.20620
C 256.35500 62.95200 13.19630
H 254.99500 61.73370 11.59580
C 259.53100 63.57970 13.19050
C 260.65500 66.74770 13.20040
H 256.03900 64.74490 11.59560
C 262.69800 64.27610 13.18940
C 266.00800 64.90760 13.19190
C 261.56000 61.14520 13.18790
C 264.68700 61.73960 13.18390
C 263.72900 67.27410 13.18940
C 243.68800 68.92400 9.73607
C 244.84800 71.96080 9.92610
C 246.84900 69.75540 9.99568
C 241.55100 71.37760 9.86209
H 243.33600 70.72330 11.40390
H 246.50800 71.45490 11.69660
H 242.25600 67.72070 11.32520
H 245.40600 68.37740 11.42850
H 244.40100 73.74790 11.56670
C 247.93600 72.62070 10.07570
C 252.16500 67.74720 9.94382
C 249.97900 70.29530 9.97045
C 253.26600 70.79820 9.99776
C 251.12300 73.15740 10.06930
C 254.29600 73.81010 10.00930
H 248.59700 68.97140 11.54310
H 249.71600 71.99900 11.69340
C 255.36400 68.36850 10.00280
C 258.53100 68.89200 10.00080
C 256.51500 71.33090 10.01010
C 259.62700 71.85360 10.00330
C 266.93000 67.84820 9.97794
C 261.62900 69.61170 9.98707
C 264.78700 70.21410 9.98858
C 262.77000 72.64480 9.99917
C 265.95000 73.42660 10.00910
H 263.35800 68.97600 11.58540
C 242.63100 74.35460 9.92754
C 245.93400 74.99470 10.04080
C 244.82600 80.29980 9.80518
C 243.85600 77.24330 9.91181
C 246.96100 77.92650 10.06920
C 241.66200 79.78270 9.71310
H 247.65400 74.40480 11.64100
H 245.52300 76.80170 11.71830
H 242.32800 76.18560 11.49530
H 243.40700 79.19900 11.38750
H 246.54300 79.82310 11.55220
C 249.05700 75.67960 10.11310
C 252.13800 76.16900 10.09130
C 250.02900 78.49770 10.06130
C 253.19900 79.19940 10.03280
H 250.73400 74.96490 11.68530
H 248.65400 77.37060 11.73990
C 257.42000 74.36500 10.00750
C 260.58400 75.01710 10.00440
C 255.35200 76.75360 10.01790
C 258.44600 77.38660 10.00730
C 256.26100 79.81060 10.00720
C 259.58200 80.40980 10.00630
C 261.62500 78.00980 10.02280
C 263.76800 75.70420 10.01980
C 266.91200 76.44400 10.02770
C 264.73800 78.69770 10.03360
C 245.86600 83.45910 9.71631
C 242.73500 82.83730 9.58804
C 243.78300 85.93340 9.66910
C 246.99200 86.48060 9.80697
H 242.33500 84.66050 11.20610
H 247.58100 82.90020 11.45150
H 245.47000 85.29840 11.30950
H 243.37000 87.71370 11.27910
H 244.42900 82.24510 11.27490
C 247.99900 81.00710 9.94641
C 251.04300 81.56470 9.98231
C 249.04200 84.06950 9.82407
C 254.14900 82.30060 10.00530
C 252.19900 84.67770 10.01720
C 250.19500 87.13930 9.95274
C 253.31300 87.75040 9.97448
H 248.70000 85.93050 11.50340
H 255.05100 87.09710 11.57840
C 257.42700 82.91560 9.98465
C 260.58500 83.51370 9.98576
C 255.36600 85.32720 9.98024
C 258.57400 85.82160 9.96273
H 260.30200 85.32720 11.57970
H 257.10400 84.73720 11.58250
H 258.27100 87.67100 11.55570
C 262.73300 80.98680 10.01790
C 261.65400 86.46750 9.96966
C 265.96500 82.03470 10.03860
C 263.78900 84.14230 9.99796
C 266.89300 85.00900 10.01210
C 264.79800 87.10920 9.96999
H 263.36000 85.94940 11.58860
H 266.44400 86.48090 11.58840
C 241.63400 88.32740 9.69501
C 244.92800 88.81190 9.72777
C 242.59500 91.22070 9.67197
C 245.79500 91.97920 9.78211
C 243.78600 94.38880 9.76183
H 244.38500 90.72230 11.23120
H 242.33200 93.11760 11.27190
H 247.60700 91.37820 11.39050
H 246.62000 88.34960 11.38490
H 245.47200 93.77010 11.42690
C 248.06400 89.56630 9.82381
H 252.98300 89.54700 11.55650
C 251.31000 90.18230 9.91979
C 249.13700 92.54470 9.84207
H 253.99900 92.53700 11.54850
C 254.38100 90.69080 9.94047
C 252.21300 93.16700 9.96522
H 249.78800 89.00300 11.48320
H 248.64600 94.33620 11.37800
H 250.81400 91.93630 11.54610
C 256.44200 88.15030 9.95225
C 259.63700 88.86450 9.94892
C 257.44400 91.25220 9.94164
C 260.65900 91.84380 9.95090
H 259.23000 90.68410 11.55470
H 256.12000 90.04450 11.54610
C 255.39600 93.81820 9.94957
C 258.47800 94.37660 9.95924
H 257.12500 93.11250 11.55350
H 260.18400 93.66180 11.56780
H 261.34400 88.32300 11.56820
C 262.76800 89.54760 9.95146
H 264.51300 89.07680 11.55850
C 265.99900 89.72660 9.94982
C 263.75200 92.50890 9.94700
H 262.39400 91.35720 11.55710
H 265.56000 91.98700 11.55060
C 266.80000 91.66310 9.95684
H 263.33500 94.36990 11.56070
C 241.64600 96.70920 9.80252
C 246.87500 94.88830 9.82155
C 245.89900 100.40200 9.84339
C 242.60700 99.86230 9.80055
C 244.76600 97.31190 9.79009
H 243.35600 96.13550 11.44660
H 244.42700 99.21060 11.30650
H 246.53300 96.74050 11.39960
H 247.62300 99.73330 11.49130
C 247.98000 97.92750 9.86127
C 249.01700 100.90300 9.90284
C 254.31000 99.11680 9.98322
C 250.17200 95.56670 9.94113
H 252.91700 97.85300 11.58530
C 251.16300 98.49600 9.94606
C 253.24600 96.00680 9.97014
H 251.85000 94.93560 11.57770
H 249.69000 97.37270 11.52690
H 250.77500 100.36100 11.48670
H 255.03800 95.56400 11.57370
C 256.42600 96.80670 9.97501
H 258.14400 96.19310 11.58300
C 257.47800 99.72070 9.99645
C 259.51500 97.46680 9.98403
C 260.57200 100.56400 9.99332
C 263.68500 101.03700 9.98211
H 266.42400 95.04350 11.57030
C 261.56500 94.91970 9.96639
C 262.69000 98.09090 9.97993
C 264.75500 95.52150 9.96128
H 262.31400 99.86190 11.59080
C 265.97300 98.72000 9.96627
H 264.50600 97.49310 11.58020
H 261.27800 96.79530 11.59420
H 265.52100 100.46300 11.57350
C 243.62700 68.85480 12.98020
C 244.54800 71.92240 13.11800
C 246.80900 69.51890 13.12930
C 241.58200 71.32050 13.08580
C 247.91100 72.60130 13.27740
C 252.12700 67.71060 13.20330
C 250.03300 70.16120 13.16750
C 253.24900 70.72540 13.21420
C 251.16900 73.12110 13.27820
H 252.89300 72.58860 11.60890
C 254.30900 73.78400 13.22820
H 251.79100 69.57120 11.55940
H 257.09300 67.75430 11.60570
H 255.00300 70.20160 11.61550
C 255.39000 68.37720 13.21990
C 258.52900 68.85490 13.21710
C 256.45000 71.31380 13.22820
C 259.64300 71.85290 13.22110
H 256.05200 73.14230 11.61820
H 260.29000 68.39660 11.59780
H 258.19900 70.69910 11.62320
H 259.21100 73.70100 11.61090
H 261.37900 71.42110 11.60300
C 261.63600 69.56220 13.20350
C 264.76100 70.25410 13.20450
C 262.75300 72.65650 13.21510
C 265.95400 73.67600 13.22650
H 266.44100 69.46920 11.59670
H 264.50600 72.13750 11.60790
C 266.89100 68.13260 13.20020
C 242.59300 74.35810 13.13660
C 245.86600 74.86050 13.19000
C 243.66500 77.47420 13.12870
C 244.67400 80.51610 13.00620
C 246.92500 78.06450 13.27650
C 241.59600 79.91030 12.91000
C 249.02900 75.56070 13.31260
H 253.93000 75.56060 11.62940
C 252.15900 76.14320 13.23660
C 250.04800 78.57760 13.27810
C 253.19700 79.20940 13.24950
H 251.81000 77.97990 11.65820
H 249.69200 80.38480 11.60980
C 257.45800 74.36690 13.22450
H 254.96000 78.55320 11.63100
C 260.57000 75.01110 13.22350
C 255.37200 76.74350 13.23530
C 258.47100 77.40220 13.22460
C 256.33600 79.84020 13.22490
C 259.52200 80.37540 13.22320
H 257.08900 76.17830 11.61890
H 260.21800 76.78480 11.61860
H 258.06000 79.21010 11.61350
H 262.33800 74.47240 11.61150
H 261.29200 79.80550 11.63240
C 261.57800 78.00340 13.24090
C 263.74600 75.61220 13.23660
H 265.56300 75.03990 11.63130
H 264.47100 80.55670 11.64160
C 266.85300 76.77910 13.24910
C 264.72800 78.70280 13.25190
H 266.41900 78.20640 11.64430
H 263.36400 77.43030 11.64190
C 245.75000 83.46600 12.95920
C 242.65600 82.88470 12.86810
C 243.66700 85.89600 12.86050
C 246.83000 86.50720 12.99350
C 247.90500 81.08140 13.14010
H 252.81000 81.05090 11.62930
C 251.03300 81.66100 13.19740
C 248.99300 84.10780 13.13260
H 253.98000 84.15060 11.60600
C 254.15000 82.35500 13.22080
C 252.20100 84.61800 13.14310
C 250.07500 87.16410 13.12110
H 251.92100 86.56300 11.63110
H 250.71800 83.45490 11.52850
C 253.28100 87.72170 13.19090
C 257.40900 82.90650 13.20260
C 260.59300 83.50840 13.20300
H 255.91100 81.69650 11.60380
H 259.15400 82.25810 11.59640
C 255.38100 85.35050 13.19650
C 258.53700 85.83680 13.18080
C 262.70900 81.03550 13.23520
C 261.64700 86.51570 13.18790
H 265.52200 83.42330 11.62790
C 263.72800 84.16500 13.21690
H 262.32100 82.90750 11.60740
C 266.06300 81.68830 13.25670
C 266.83400 85.02950 13.23410
C 264.70900 87.21160 13.18700
C 241.63300 88.27420 12.90840
C 244.75000 88.96050 12.85440
C 242.66600 91.31320 12.88830
C 245.72700 91.90750 12.92200
C 243.69600 94.27980 12.98590
C 247.97700 89.62320 12.98930
C 251.21900 90.12610 13.15120
C 248.97100 92.56430 13.04820
C 254.38100 90.68520 13.15940
C 252.24000 93.08050 13.14530
C 256.53600 88.25470 13.16800
C 259.66100 88.88080 13.17060
C 257.45300 91.23390 13.16010
C 260.61100 91.84870 13.16850
C 255.35300 93.80140 13.16680
C 258.47100 94.38420 13.17710
C 262.75100 89.54970 13.17010
C 265.94500 90.41330 13.16750
C 263.79400 92.76900 13.16510
C 266.92600 93.53550 13.17770
C 247.94200 97.86690 13.04950
C 244.75500 97.40370 12.97960
C 241.60200 96.67120 13.05920
C 246.92100 94.90860 13.00290
C 242.76700 99.76750 13.00300
C 245.85800 100.19800 13.03280
C 254.29100 99.09610 13.20110
C 251.12900 98.56310 13.12940
C 249.05100 100.92800 13.14000
C 253.25500 96.01970 13.18820
H 253.96000 100.94400 11.59560
C 250.03300 95.47110 13.08410
H 256.05500 98.55290 11.59740
C 260.60000 100.50600 13.21010
C 256.41100 96.73680 13.19500
H 259.21900 99.26390 11.60230
C 259.51700 97.43460 13.20320
C 257.44900 99.74800 13.21410
C 265.97400 98.94920 13.18370
C 263.74400 101.06400 13.19840
C 261.54300 94.90460 13.18260
C 264.72600 95.60640 13.17930
C 262.71600 98.08490 13.19600
C 243.82400 102.80700 9.94774
C 244.85100 105.85200 10.05250
C 246.94900 103.35600 9.90311
C 241.73800 105.21900 9.87603
H 242.36500 101.61400 11.49810
H 243.43500 104.59100 11.56740
H 244.54700 107.58000 11.73070
H 246.62400 105.18300 11.54430
H 245.53700 102.15700 11.55750
C 248.11200 106.43400 10.00200
C 252.24200 101.62400 9.97782
C 250.26400 103.98300 10.01740
C 253.35000 104.61600 10.02060
C 251.24800 107.01800 10.04840
C 254.33100 107.61900 10.03690
H 248.68900 102.75500 11.52180
C 255.35700 102.13900 10.00430
C 258.46900 102.87900 10.00570
C 256.39400 105.29000 10.02020
C 259.56500 105.80000 10.02700
C 261.61700 103.43800 10.01150
C 264.77900 104.06600 9.99493
C 262.72000 106.38600 10.01970
C 266.05700 107.20800 10.00490
H 266.44000 103.55800 11.59220
C 266.82900 101.98300 9.96857
C 241.67400 113.69600 10.17530
C 242.86300 108.22600 10.00280
C 245.88200 108.90800 10.10780
C 243.91200 111.35400 10.16980
C 246.93100 111.77200 10.11850
C 244.83200 114.28900 10.19030
H 246.63300 113.62100 11.73490
H 243.42500 113.07400 11.82680
H 242.37200 110.04200 11.60020
H 245.58000 110.62200 11.83420
H 247.73800 108.23800 11.59960
C 249.12200 109.43200 9.95744
C 252.20400 110.09900 10.02040
C 250.07500 112.50400 10.06070
C 253.20900 113.18400 10.02700
H 248.73200 111.17000 11.63040
C 257.45100 108.29100 10.02820
C 260.52700 108.83500 10.02330
C 255.34900 110.73800 10.03320
C 258.50400 111.23400 10.01430
C 256.34100 113.71000 10.01730
C 259.63900 114.24000 10.00030
C 261.64700 111.86900 10.00560
C 263.70900 109.44100 10.01040
C 264.75900 112.52300 10.00600
C 266.87200 110.35400 10.00790
C 245.77300 117.28600 10.24480
C 242.64100 116.69800 10.27150
C 243.74300 119.72300 10.21360
C 246.83300 120.27600 10.20510
H 245.46900 119.12100 11.92050
H 243.38600 121.54300 11.79930
H 242.32300 118.55300 11.80950
H 244.43300 116.05500 11.87320
H 247.56900 116.70200 11.73720
C 247.97000 114.94000 10.11840
C 251.10600 115.59600 10.06940
C 248.92300 117.88400 10.12430
C 254.34300 116.04300 10.01350
C 252.16200 118.45000 10.05780
C 250.06800 120.98000 10.09550
C 253.28800 121.43900 9.99957
C 257.45800 116.71300 10.00920
C 260.62600 117.36200 9.99544
C 255.31900 119.11700 10.00720
C 258.51400 119.63400 10.00410
C 262.87600 115.00600 9.99846
C 261.60700 120.41200 9.98908
C 263.67700 118.06100 9.99140
C 266.15200 115.55700 10.00060
C 266.73200 119.05200 9.98080
C 264.69300 120.98400 9.98232
H 266.41000 120.39900 11.59150
C 241.62600 122.18400 10.23110
C 244.79500 122.74500 10.22170
C 242.58500 125.24200 10.32120
C 245.75700 125.79500 10.14960
C 243.67200 128.18200 10.18940
H 246.50300 122.09600 11.81100
H 244.45900 124.63000 11.84200
H 245.45900 127.66900 11.73970
H 242.23900 127.07600 11.86570
H 247.56100 125.22400 11.69830
C 247.79400 123.34100 10.17380
C 251.10400 123.89500 10.07550
C 249.02100 126.32000 10.05580
C 254.29100 124.45800 9.99675
C 252.21700 126.89500 10.05980
H 249.66400 122.76100 11.67830
H 248.67600 128.13100 11.68400
C 256.32000 122.13100 10.00440
C 259.50300 122.68800 9.99544
C 257.37200 125.21200 9.99614
C 260.46800 125.73600 9.98302
C 255.30600 127.58000 9.98868
H 260.16800 127.55400 11.57970
C 258.43700 128.19800 9.97535
C 262.66600 123.36600 9.98272
C 265.94400 124.20800 9.97138
C 263.56200 126.58800 9.97223
H 264.44400 122.89200 11.58890
H 265.36800 125.84400 11.57420
H 262.25200 125.21900 11.59280
C 266.75500 127.40100 9.95620
H 263.28600 128.33800 11.57670
C 241.58900 130.68600 10.20130
C 246.91200 128.77500 10.12090
C 244.79800 131.30300 10.09750
C 242.67900 133.66400 10.09850
C 245.77700 134.24800 10.13320
H 246.53500 130.64900 11.68640
H 243.39800 130.10300 11.67670
H 247.57500 133.70200 11.70370
H 244.39800 133.09200 11.72820
C 247.82700 131.87400 10.03540
C 254.29900 133.12500 9.99312
C 253.26800 130.15600 9.98898
C 251.09800 132.49200 10.00280
C 248.88300 134.94700 10.03790
C 250.10400 129.28000 10.04840
H 250.70100 134.31500 11.57760
H 249.60900 131.15200 11.57440
H 259.12300 132.97900 11.59000
C 260.54500 134.15100 9.98181
C 259.41400 131.15700 9.97266
C 256.26500 130.63600 9.97904
H 258.01800 130.01700 11.57410
C 257.36400 133.68000 9.98828
H 266.37800 128.86800 11.57070
C 265.96500 132.74700 9.97426
C 264.66700 129.51100 9.96644
H 265.40800 134.29000 11.57810
H 264.44200 131.40200 11.58060
H 262.25200 133.57900 11.58480
C 262.67600 131.83900 9.97355
C 263.61500 134.84700 9.97542
C 261.50800 128.87400 9.97126
H 261.21200 130.63000 11.58100
C 243.79400 102.79700 13.13360
C 244.88200 105.64000 13.20890
C 246.94300 103.36200 13.17410
C 241.64900 105.24400 13.12800
C 248.02100 106.37000 13.20710
C 252.22200 101.52900 13.15800
C 250.10700 103.91100 13.18400
C 253.30300 104.59400 13.23870
C 251.22600 107.00700 13.23480
H 252.95600 106.39900 11.63870
C 254.32100 107.64200 13.25370
H 249.83400 105.78000 11.65230
H 251.93800 103.43700 11.60420
H 257.11400 101.54000 11.61410
H 255.05600 103.96400 11.62820
C 255.35100 102.11500 13.22150
C 258.50500 102.89300 13.22430
C 256.43500 105.23000 13.23770
H 260.20700 102.28700 11.61190
H 258.15900 104.65900 11.62010
C 259.60000 105.82000 13.24460
H 256.04100 107.09000 11.63840
H 259.20200 107.56200 11.64380
H 261.33400 105.18000 11.64160
C 261.60500 103.37600 13.22830
C 264.74000 104.09300 13.21280
C 262.73600 106.38300 13.23710
C 266.01300 107.27100 13.22480
H 263.35700 102.85200 11.60610
H 264.48200 106.02400 11.61280
C 266.80100 102.09700 13.18800
C 241.59700 113.56100 13.41780
C 242.72900 108.16700 13.17800
C 245.98900 108.68500 13.29520
C 243.75900 111.12000 13.32460
C 247.03900 111.72400 13.32050
C 244.92500 114.19800 13.45480
C 249.12400 109.41000 13.27970
H 253.97600 109.49800 11.65610
C 252.19600 110.03600 13.27700
C 250.12300 112.41000 13.23190
C 253.20800 113.22000 13.24460
H 251.87700 111.90100 11.67650
H 250.83500 108.83200 11.63600
H 249.75700 114.27800 11.65760
C 257.45100 108.24500 13.24580
H 254.98000 112.55900 11.63750
C 260.58300 108.92300 13.24210
C 255.34300 110.78400 13.24980
C 258.49500 111.25000 13.23240
H 257.09300 110.07500 11.63140
H 260.29600 110.63100 11.62380
C 256.42000 113.75000 13.23500
C 259.59300 114.23600 13.21850
H 258.19200 113.08500 11.61430
H 262.32100 108.18600 11.62960
H 261.38500 113.67500 11.60480
C 261.64600 111.87800 13.22380
C 263.71400 109.46200 13.22860
H 265.50800 108.93500 11.61440
C 264.75600 112.55200 13.22580
H 266.43900 111.96700 11.61510
C 266.86800 110.44300 13.23000
H 263.41200 111.24700 11.61500
H 264.61200 114.53300 11.61660
C 245.89100 117.25000 13.45700
C 242.66400 116.78200 13.42780
C 243.67900 119.75800 13.46770
C 247.03300 120.30400 13.39980
C 248.05900 114.88800 13.32500
H 252.90300 114.95900 11.62270
C 251.14300 115.49200 13.24900
C 248.91700 117.94600 13.29660
H 253.95900 117.86900 11.61940
C 254.34300 116.08600 13.23260
C 252.26000 118.54000 13.19690
C 250.13900 120.97100 13.24420
H 251.84000 120.29300 11.59540
C 253.22900 121.49000 13.21760
H 250.72000 117.34000 11.70050
H 248.69100 119.73500 11.68270
H 254.97200 120.89600 11.61140
C 257.55700 116.70700 13.22920
H 259.24700 116.11300 11.60980
C 260.62300 117.36400 13.21530
H 256.09800 115.55000 11.62710
C 255.30800 119.11700 13.22650
H 257.06000 118.47200 11.62050
C 258.52600 119.61400 13.22310
H 260.24000 119.13900 11.60370
H 258.11000 121.47500 11.61510
C 262.77000 115.00500 13.21720
C 263.74500 118.02400 13.20980
C 266.15100 115.77400 13.22120
H 265.50700 117.44300 11.60410
H 262.36300 116.79000 11.60200
C 261.61000 120.37600 13.20690
C 266.79700 119.12100 13.20050
C 264.71700 120.94800 13.20120
H 263.35000 119.78200 11.59600
C 241.56000 122.01100 13.39910
C 244.72600 122.72900 13.43900
C 242.67200 125.26100 13.45820
C 245.81700 125.89600 13.36840
C 243.73100 128.41400 13.33450
C 247.89400 123.40600 13.29290
C 251.17400 123.87000 13.23860
C 249.03100 126.33300 13.33120
H 252.87400 123.28600 11.60120
H 253.92400 126.26900 11.60330
C 254.28900 124.47300 13.21540
C 252.17200 126.95400 13.22460
H 250.75200 125.73800 11.68050
C 256.35000 122.11200 13.22280
C 259.52100 122.63300 13.21460
C 257.36000 125.20400 13.21550
C 260.51900 125.70800 13.20150
H 256.02700 123.93600 11.61490
H 259.08900 124.49000 11.60360
C 255.26900 127.53400 13.21010
C 258.45700 128.20200 13.19220
H 257.03700 127.02900 11.59840
H 261.28900 122.20900 11.59570
C 262.69300 123.43700 13.20270
C 265.93100 123.84600 13.19230
C 263.57600 126.55600 13.19060
C 266.76800 127.37700 13.17620
C 241.72600 130.68800 13.35590
C 244.79700 131.28900 13.29700
C 245.80800 134.35100 13.25690
C 246.98400 128.80800 13.28530
C 242.70000 133.73900 13.34230
C 247.97200 131.86700 13.27020
C 251.03200 132.41700 13.14340
C 248.98900 134.92000 13.28040
H 252.86000 131.86500 11.60140
C 254.23000 133.08500 13.21150
H 253.93500 134.91500 11.60940
C 250.17600 129.35200 13.22430
C 253.22600 130.06600 13.20820
H 251.88600 128.82700 11.61090
C 257.36500 133.68300 13.20620
C 259.46200 131.17600 13.19050
C 256.25400 130.64200 13.19630
H 254.93800 129.36900 11.59580
H 255.99100 132.47700 11.59560
C 260.53200 134.22500 13.20040
C 261.52000 128.90700 13.18790
C 264.71200 129.48000 13.18390
C 263.58200 134.77500 13.18940
C 265.99300 132.45600 13.19190
C 262.66700 131.80000 13.18940
