14208
Frame 6
C -41.79090 2.77807 9.96758
C -43.15910 5.66145 9.95326
C -39.86130 4.99508 9.95793
H -40.45610 1.31145 11.58790
H -43.49040 1.96380 11.57240
H -41.60680 4.46020 11.56800
C -43.87400 0.60102 9.94551
C -44.95580 3.37538 9.99878
H -45.03150 4.75630 11.56430
C -38.77730 2.01493 9.97718
H -38.43430 3.79667 11.56690
C -35.70050 1.40391 9.98020
C -36.67260 4.41984 9.96419
C -33.62760 3.83258 9.97157
H -35.31880 3.14560 11.57900
H -36.38020 6.21515 11.57290
H -33.24390 5.63552 11.58150
H -34.21400 0.16978 11.58350
C -32.49250 0.88181 9.97633
H -32.14930 2.67153 11.57950
C -31.48120 6.16354 9.97426
C -30.40820 3.20235 9.90550
C -27.08380 2.43014 9.84313
C -28.34950 5.53947 9.81715
H -30.04180 5.01841 11.58150
C -29.33760 0.10859 9.93145
H -28.92530 1.98863 11.51220
H -26.77420 4.39130 11.30080
C -23.94190 1.94259 9.80020
C -25.05110 4.89617 9.69465
C -20.85730 1.30472 9.65938
C -21.85340 4.39532 9.62910
H -22.51100 0.75262 11.39470
H -20.43630 3.17209 11.23060
H -21.53830 6.22847 11.17660
H -25.63550 1.37459 11.50150
H -23.52740 3.82978 11.34150
H -39.47400 6.81116 11.56520
C -45.04850 11.91070 10.05510
C -40.84940 8.10299 9.95216
H -42.65380 7.45004 11.55290
C -43.88190 9.10421 9.95346
C -41.85690 11.08850 9.96411
H -41.60160 12.86920 11.57900
H -43.55790 10.37920 11.57410
H -40.47970 9.87035 11.56320
C -38.75310 10.52090 9.96384
C -34.59070 6.86384 9.96649
H -38.40300 12.31340 11.58140
C -37.75850 7.52592 9.96166
C -35.62860 9.90946 9.96592
C -36.63180 12.89010 9.96983
C -33.48620 12.21310 9.97325
H -35.20980 11.72210 11.57430
H -37.35780 9.32772 11.57460
H -34.28310 8.63198 11.57220
C -32.56010 9.19363 9.97420
H -32.09280 11.02170 11.59040
H -31.20440 7.98429 11.58450
C -26.18360 8.05695 9.77933
C -29.48930 8.55056 9.93835
C -30.28210 11.63440 10.04470
C -27.25530 10.99160 9.83674
H -27.88880 7.37346 11.39780
H -26.85720 12.82530 11.38120
H -28.87520 10.34200 11.58130
C -19.77120 6.76747 9.61671
C -24.12790 10.37320 9.65721
C -23.04410 7.22232 9.53741
C -20.75950 9.77217 9.58444
C -21.92070 12.82440 9.60272
H -22.56650 9.13074 11.10050
H -20.45280 11.60290 11.14350
H -25.75950 9.84543 11.42900
H -23.63050 12.19620 11.21050
H -24.72730 6.77715 11.23330
C -39.81470 13.51190 9.97469
C -43.13550 14.05610 9.98527
C -40.74190 16.58970 9.97909
H -39.39030 15.31620 11.58660
C -41.84530 19.23070 9.97571
H -40.37800 18.36400 11.57800
C -43.95250 16.78890 9.99959
C -45.01070 20.08680 9.97481
C -38.66990 18.89230 9.97318
C -37.66990 15.82110 9.97255
C -34.59810 15.26760 9.97412
H -36.30320 14.62870 11.57810
H -33.13950 14.04370 11.58360
C -35.47900 18.24650 9.98274
H -37.22770 17.64870 11.57520
H -34.14720 17.01740 11.58950
C -32.44610 17.60450 9.99808
H -29.93860 13.48460 11.59320
C -31.44260 14.60130 9.98537
C -28.27650 14.13450 9.90382
C -26.10340 16.49780 9.96611
C -29.31070 17.10970 9.99175
C -27.04560 19.34850 10.11070
C -30.29260 19.98290 10.00210
C -25.14260 13.48860 9.72805
C -23.99770 18.87680 10.13300
C -22.91990 15.95150 9.88601
C -19.70800 15.30030 9.59068
C -20.93530 18.33350 9.97967
H -21.43050 14.60190 11.28550
C -43.08190 22.40890 9.98148
C -39.75830 21.85050 9.98304
H -41.56790 21.26810 11.57560
C -40.77290 24.78990 9.99848
H -42.57700 24.27890 11.58550
C -43.97430 25.70650 9.98961
H -38.32880 20.59510 11.59150
C -36.57420 21.23940 10.00110
C -33.44530 20.65110 10.00500
C -37.63540 24.17030 10.01160
C -34.53760 23.71290 10.01770
C -35.69460 26.56370 10.01050
C -32.52630 26.14650 10.00890
C -28.18780 22.44480 10.01650
C -31.46910 23.06260 10.00960
C -26.10260 24.94310 10.20810
C -29.35150 25.48700 10.10170
C -20.73670 26.67640 10.33550
C -25.11090 21.91930 10.12510
C -21.86760 21.32090 10.14390
C -19.80000 23.76670 10.28610
C -22.90790 24.22600 10.16150
C -45.00070 28.41520 9.96437
C -39.87730 30.39060 10.01090
C -40.98070 33.30010 10.01890
C -41.86340 27.97520 10.00220
C -43.09230 31.03890 10.00400
C -37.70950 32.74860 10.00840
C -33.58550 28.96720 9.99868
C -36.79290 29.73980 10.00670
C -38.72750 27.21100 10.01640
C -34.65380 32.08170 10.00080
C -26.16060 33.26600 10.10380
C -27.14820 27.90380 10.22190
C -31.55860 31.48580 9.99465
C -28.21490 30.82120 10.02190
C -30.36560 28.46320 9.99355
C -25.04810 30.20670 10.23130
C -21.90240 29.62690 10.32400
C -24.03700 27.20120 10.24060
C -19.61660 31.96870 10.41170
C -22.72640 32.68590 10.22760
C -41.76350 2.58454 13.18540
C -43.16330 5.60158 13.16920
C -39.84040 4.98472 13.17480
C -44.97130 3.16341 13.21720
C -43.87470 135.10200 13.16230
C -38.73550 2.01565 13.19540
C -35.62050 1.31816 13.19820
C -36.63560 4.30580 13.18130
C -33.60110 3.86769 13.18800
H -37.42060 0.73441 11.60470
C -32.48670 0.82717 13.19490
C -31.50540 6.17649 13.19210
C -30.38980 3.18224 13.17600
C -27.07650 2.64032 13.04970
C -28.12230 5.54340 13.03410
C -29.31160 0.22074 13.16510
C -23.81460 2.04005 13.03960
C -24.97100 4.97321 12.89510
C -20.67510 1.35667 12.87850
C -21.75640 4.48108 12.89510
C -40.87710 8.06000 13.16810
C -43.89500 8.48858 13.17210
C -41.87360 11.04070 13.17950
C -44.97050 11.52210 13.27370
H -44.99630 13.14120 11.60560
C -38.78580 10.52930 13.18090
C -34.62490 6.90874 13.18460
C -37.77080 7.46948 13.18080
C -33.49390 12.23510 13.19090
C -36.63410 12.86610 13.18650
C -35.63450 9.84537 13.18180
C -32.58750 9.28599 13.19190
C -26.06670 7.99533 12.92600
C -29.31490 8.48856 13.08340
C -30.30220 11.59360 13.12670
C -27.07690 11.11200 13.10620
C -19.81690 6.73815 12.80260
C -23.81380 10.37960 12.83200
C -22.97560 7.39588 12.83740
C -20.77790 9.83110 12.75600
C -21.80610 12.66200 12.81600
C -39.81370 13.49520 13.18990
C -43.09970 14.08050 13.20100
H -42.51200 15.82090 11.59670
C -40.74740 16.55870 13.19520
C -43.89370 17.25660 13.21710
C -41.81280 19.49540 13.19020
H -43.52340 18.71930 11.59610
C -45.02040 20.12910 13.19560
C -38.62200 18.74030 13.19010
C -34.63190 15.21080 13.19210
C -37.68670 15.87420 13.18770
C -35.52160 18.26020 13.19630
H -35.18740 20.04240 11.60640
C -32.41130 17.61840 13.21420
H -32.06000 19.42260 11.61330
C -31.35790 14.51840 13.20290
H -31.01100 16.39610 11.61380
C -26.10460 16.24070 13.20090
C -28.10910 14.05430 13.08170
C -29.23340 17.02760 13.18320
C -27.16210 19.40110 13.28290
C -30.32100 20.07820 13.22370
H -28.87970 18.89020 11.66010
H -27.85980 15.87870 11.53230
C -25.02190 13.23410 12.99360
C -24.01820 18.85780 13.33290
C -22.90060 15.62080 13.03700
C -19.70330 15.13390 12.94350
C -20.69190 18.13530 13.19160
H -22.58260 17.65130 11.68920
H -20.38670 20.04720 11.65700
H -25.73070 18.13930 11.74500
H -24.73720 15.15600 11.48890
H -44.95980 21.64320 11.60500
C -43.08240 22.38230 13.19460
C -39.79000 21.78390 13.19970
C -40.78490 24.75190 13.21420
H -39.40320 23.60350 11.60930
C -43.89220 25.14850 13.20560
H -40.50290 26.59630 11.62270
C -33.47790 20.66800 13.22110
C -36.60390 21.22740 13.21840
H -33.18270 22.46810 11.61890
C -37.63160 24.15180 13.22790
C -34.56400 23.68690 13.23310
H -36.26460 23.02740 11.62980
H -37.39850 25.97260 11.62100
H -34.23850 25.46350 11.62650
C -35.67550 26.64860 13.22780
C -32.53310 26.14890 13.22540
H -29.98000 21.85010 11.58390
C -28.29150 22.46210 13.24780
C -31.46650 22.96330 13.22570
H -31.13250 24.83600 11.61850
C -26.27690 24.82670 13.37580
C -29.36080 25.44970 13.26180
H -27.95980 24.26220 11.68190
H -26.86970 21.22280 11.66750
C -25.18810 21.87180 13.31240
C -21.83550 21.10400 13.31430
C -19.77020 23.62360 13.42550
C -22.96970 24.27830 13.35490
C -20.90370 26.58680 13.45070
H -21.50920 23.03610 11.82660
H -25.81040 26.68220 11.88150
H -22.56870 26.06510 11.70840
H -23.68120 20.69340 11.73180
H -24.72450 23.68810 11.77340
H -42.75700 32.60490 11.62200
H -41.63840 29.65840 11.61310
H -44.96570 29.93640 11.60070
C -45.01620 28.54340 13.18040
H -43.54730 27.04890 11.59760
C -41.90110 27.78820 13.21970
C -43.08870 30.74280 13.21940
C -39.90740 30.39230 13.22840
C -40.93420 33.23860 13.23330
H -39.48340 32.17930 11.61980
H -36.36450 31.49430 11.61190
H -35.35190 28.42700 11.60950
C -38.79640 27.17110 13.23180
H -33.27010 30.84050 11.60850
C -36.74200 29.65300 13.22530
C -33.58410 29.12560 13.21650
C -37.68000 32.78210 13.22540
C -34.66870 32.10640 13.21620
H -38.54020 29.02300 11.62670
H -28.03530 32.68240 11.62610
H -28.97830 27.31390 11.71340
H -30.06700 30.34830 11.58810
H -31.22990 33.33610 11.60490
C -28.32870 30.88230 13.30990
H -32.16300 27.86630 11.60640
C -30.41710 28.51330 13.26120
C -27.25880 27.92330 13.40060
C -31.53760 31.53390 13.21060
C -26.20880 33.18040 13.26590
H -26.87710 29.71780 11.81570
H -20.44820 28.48800 11.95780
H -24.66110 32.10460 11.68560
C -22.99880 32.67220 13.43950
C -25.13930 30.39330 13.42560
C -23.99350 27.11450 13.45410
C -19.85110 32.09280 13.64180
C -21.91330 29.58910 13.54910
H -21.48660 31.44690 11.91670
H -23.69950 29.01750 11.94870
C -41.96260 36.27920 10.02730
C -43.24220 39.36660 10.04620
C -39.95680 38.68680 10.03590
C -44.04020 34.12300 10.01720
C -45.00170 36.98090 9.99697
C -38.78920 35.63950 10.01740
C -35.69190 35.18520 10.00520
C -36.84880 38.14820 10.02180
C -33.70600 37.51670 10.01040
C -32.61870 34.51110 9.99646
C -31.61610 39.79400 10.01380
C -30.47920 36.84480 10.03510
C -27.22460 36.27920 10.08270
C -28.38650 39.14900 10.04790
C -29.37660 33.81510 9.97017
C -23.96900 35.60690 10.28000
C -25.07640 38.47560 10.18040
C -20.74120 35.05290 10.34100
C -21.92070 37.96310 10.25340
C -40.93780 41.75310 10.04770
C -43.93160 42.20760 10.04280
C -41.84640 44.76980 10.03280
C -44.98170 45.35820 10.00600
C -38.84750 44.17770 10.04150
C -34.68070 40.55750 10.03350
C -37.79550 41.20670 10.05040
C -35.70310 43.65360 10.04290
C -33.56070 45.89910 10.01150
C -36.78200 46.58430 10.03080
C -32.57150 42.87950 10.01100
C -26.24020 41.62460 9.97043
C -29.46370 42.15820 9.91653
C -27.14340 44.85630 9.88936
C -30.50750 45.36710 9.94519
H -28.98690 44.08200 11.37980
H -26.99630 46.61750 11.68140
C -19.81550 40.29610 10.23660
C -24.15740 44.13670 10.04040
C -22.93600 40.91580 10.09840
C -20.96370 43.50090 10.06670
C -21.99600 46.61230 10.03500
H -25.97260 43.50050 11.54500
C -39.89530 47.10560 10.02560
C -43.13500 47.93700 10.01600
C -40.88150 50.30350 10.01590
C -44.01690 51.06500 9.99999
C -42.00280 53.26950 10.01130
C -45.03790 53.83270 9.97819
C -38.75120 52.58680 10.02380
C -34.65230 48.94970 10.00560
C -37.73950 49.66130 10.02390
C -35.79200 51.97360 10.01730
H -30.10230 47.19420 11.59270
C -32.61400 51.42710 9.98759
H -32.27200 53.22460 11.58850
C -31.52200 48.46120 9.98709
H -31.17920 50.28520 11.59200
C -26.28160 50.13970 10.18850
C -28.34560 47.79960 10.00420
C -29.32330 50.80970 10.07920
C -27.18250 53.13880 10.12470
C -30.43840 53.77100 10.02380
H -28.02080 49.58390 11.68990
H -29.04980 52.64670 11.68270
C -25.20620 47.25140 10.09580
C -24.04410 52.51870 10.10830
C -23.07200 49.54480 10.09230
C -19.89880 48.90880 10.04310
C -20.84700 51.92540 10.05010
H -22.58550 51.38190 11.71580
H -20.43050 53.75880 11.63200
H -24.74810 49.02010 11.76510
H -21.64000 48.37490 11.68120
H -25.78210 52.02460 11.82340
C -43.25630 56.35600 10.01430
C -39.87320 55.61620 10.01290
C -40.87140 58.70040 10.00700
C -43.88610 59.62840 9.99737
C -36.75620 55.03900 10.02360
C -37.67520 58.12780 10.01310
C -33.68490 54.43920 9.99767
C -34.59560 57.46600 10.00480
C -35.58640 60.58670 9.99707
C -32.43480 59.98580 9.98537
C -31.46400 56.82940 9.98038
H -31.10600 58.67550 11.58800
C -28.36590 56.30710 10.03520
C -26.13640 58.55700 10.12940
H -30.09070 55.60510 11.58510
C -29.23770 59.18920 10.11140
H -27.89570 58.02080 11.68450
H -26.88080 55.01430 11.57560
C -25.06850 55.56150 10.05840
C -21.93850 54.99130 10.11680
C -19.83700 57.30790 10.04480
C -23.00680 57.90270 10.08710
C -20.82230 60.41270 9.99279
H -22.58370 59.77760 11.61210
H -25.74310 60.41150 11.71480
H -23.72230 54.35870 11.73180
H -24.74340 57.33160 11.76110
H -21.55530 56.79460 11.72640
H -44.92290 63.82110 11.53710
H -43.45580 61.12170 11.58300
C -42.99280 64.58400 9.95058
H -39.38870 65.94150 11.59400
C -39.73200 64.12470 9.97921
C -40.79560 67.08770 9.97452
H -42.54650 66.43690 11.56540
H -41.49180 63.61220 11.57180
C -41.77070 61.74960 9.97883
C -44.89480 62.52840 9.96386
C -38.70450 61.16620 9.99828
C -34.52810 65.94440 9.97730
C -33.41490 62.97620 9.98234
H -33.09890 64.81160 11.58200
C -37.63900 66.57680 9.98830
C -36.56740 63.48370 9.98779
H -36.27270 65.32530 11.59480
C -30.21080 62.19090 10.07820
H -30.01260 64.10650 11.60580
C -27.10080 61.64800 10.13390
C -31.37550 65.38000 9.97821
H -32.10970 61.75820 11.59390
H -31.03090 67.13900 11.59400
C -26.00930 66.97910 9.92030
C -28.24890 64.61950 10.04140
H -27.80250 66.49440 11.59390
H -26.79350 63.52250 11.70130
H -28.86310 61.04640 11.80150
H -20.34830 62.19770 11.64620
H -24.61430 65.83800 11.57740
C -21.80970 63.52080 10.08320
H -23.60610 62.79750 11.66090
H -21.39980 65.32320 11.64260
C -22.88550 66.41910 9.97764
C -19.67310 65.91990 9.99603
C -25.04280 63.96820 10.03540
C -23.99620 60.99860 10.00140
C -41.95650 36.29890 13.24400
C -43.24860 39.42770 13.26390
C -39.90380 38.74160 13.25010
H -43.64610 35.50060 11.62780
H -40.54670 35.07460 11.63350
H -41.76090 38.17790 11.64600
H -45.05430 38.27680 11.66030
C -45.08900 36.80970 13.21530
C -44.11040 33.62950 13.23410
C -38.78280 35.66380 13.23430
H -38.55160 37.46160 11.62630
C -35.74340 35.13600 13.22020
C -36.84650 38.18400 13.23900
H -35.44030 36.97840 11.61620
C -33.64220 37.47910 13.22600
H -33.33600 39.31220 11.63480
H -37.39700 34.54690 11.61970
H -36.41840 39.91500 11.64920
H -34.38960 33.90400 11.60280
C -32.66340 34.54320 13.21150
H -32.28780 36.32030 11.60390
C -31.54450 39.81010 13.22950
C -30.44770 36.91940 13.14420
C -27.38110 36.21710 13.29610
H -30.17680 38.66950 11.59200
C -28.49080 39.32660 13.18240
C -29.44730 33.90840 13.23030
H -29.08220 35.65360 11.55110
H -26.95550 38.06820 11.73870
C -24.13670 35.53900 13.40130
C -25.19390 38.69990 13.36640
C -20.93980 35.04310 13.52600
C -21.99190 38.18390 13.53340
H -21.61020 39.83860 11.79910
H -25.90470 35.04260 11.75770
H -22.56960 34.46640 11.85860
H -20.56800 36.87760 11.97400
H -23.70930 37.40660 11.90210
H -39.52390 40.52260 11.65780
C -40.94290 41.71390 13.26180
H -42.67380 41.25280 11.65700
C -43.96850 42.72810 13.26060
H -43.54250 44.08610 11.64030
C -41.88280 44.81100 13.25090
H -40.54660 43.49680 11.64910
H -41.65200 46.62320 11.63550
C -44.99950 45.47250 13.22530
H -45.05340 46.80620 11.61570
C -38.88510 44.18820 13.25890
C -34.68950 40.68000 13.24850
H -38.48840 45.99720 11.63790
C -37.77390 41.17980 13.26450
C -35.74080 43.64640 13.25910
H -37.46120 42.96480 11.66350
H -34.32190 42.38370 11.63770
C -36.74080 46.53950 13.24590
C -33.58030 45.95280 13.22600
H -35.34380 45.45800 11.64860
C -32.54710 42.87560 13.22830
H -32.23890 44.72870 11.60790
H -31.18790 41.61470 11.61400
C -26.35710 41.71000 13.16180
C -29.36520 42.34820 13.11530
C -27.34010 44.67160 13.20320
C -30.41300 45.20550 13.09240
H -28.02580 41.03440 11.52420
C -20.01980 40.62890 13.46910
C -24.34540 44.09630 13.19750
C -23.15380 41.00080 13.30330
C -20.96280 43.52930 13.24280
C -21.99540 46.53790 13.27440
H -20.54740 45.35780 11.63220
H -23.78950 46.00630 11.61930
H -22.78880 42.87070 11.68340
H -24.84430 40.44900 11.63130
C -39.88470 47.15710 13.24180
C -43.21890 47.69640 13.23050
H -42.71640 49.52940 11.61900
C -40.93530 50.20080 13.23160
H -39.48600 49.00810 11.62860
C -44.06770 51.06850 13.21680
C -42.00590 53.31670 13.22670
H -43.62920 52.42890 11.61020
H -40.57340 52.09370 11.62580
C -45.09480 53.66830 13.19870
C -38.77560 52.48380 13.24130
C -37.76320 49.60660 13.23860
C -34.62900 48.94200 13.21910
H -36.36770 48.38020 11.62830
H -33.21410 47.77280 11.60040
C -35.72050 52.00710 13.23090
H -34.34950 50.77290 11.60760
H -37.45550 51.38250 11.63750
H -35.39960 53.77560 11.62710
C -32.60300 51.42850 13.20300
C -31.46770 48.44920 13.20380
C -28.42120 47.75570 13.29830
C -26.25260 50.17260 13.33430
C -29.43510 50.85600 13.25530
C -27.34320 53.32210 13.28710
C -30.52580 53.85170 13.21170
C -25.18520 47.15550 13.28880
C -23.96020 52.51550 13.41240
C -22.96580 49.60830 13.36510
C -19.82460 48.91490 13.30120
C -20.77030 51.99650 13.30960
H -45.00190 55.23280 11.62430
C -43.19540 56.39420 13.22940
C -39.88820 55.68260 13.23000
C -40.82210 58.77670 13.22250
H -41.69770 55.08190 11.62040
H -42.60750 58.12970 11.62140
H -39.43800 57.43120 11.61340
C -43.83850 59.21330 13.21260
H -40.42260 60.53390 11.60810
H -38.51120 54.37500 11.63270
C -33.60260 54.49600 13.21330
C -36.75990 54.99170 13.23910
C -37.66750 58.22840 13.22720
C -34.54200 57.49460 13.22040
H -36.30830 56.80780 11.63140
H -33.18090 56.25510 11.60090
H -37.31580 59.95790 11.61660
H -34.22480 59.25860 11.60330
C -35.55520 60.60840 13.21520
C -32.44980 59.94090 13.20410
C -31.45370 56.84580 13.19790
C -28.33770 56.18260 13.20070
C -26.13790 58.56170 13.32010
C -29.37910 59.21740 13.29200
C -25.19080 55.45430 13.33070
C -21.89850 54.94740 13.28450
C -19.71170 57.29100 13.25340
C -23.01350 58.02280 13.31620
C -20.81670 60.38760 13.27420
C -40.77210 67.04150 13.19190
C -39.74950 64.14250 13.19480
C -41.77990 61.88520 13.19540
C -43.07200 64.67810 13.16590
C -44.92320 62.48490 13.18260
C -38.73450 61.21620 13.21570
C -36.56920 63.46200 13.20470
C -34.53930 65.93510 13.19580
C -37.68240 66.51760 13.20710
C -33.41160 63.04020 13.20040
H -35.15890 62.39800 11.59840
H -38.33340 62.95450 11.59600
C -30.37780 62.41260 13.22520
C -28.26910 64.72100 13.22950
C -27.04490 61.70190 13.35210
C -31.39470 65.41180 13.19750
C -25.98510 67.03060 13.17820
C -22.92520 66.45330 13.24260
C -23.97570 60.99240 13.32540
C -21.79780 63.42460 13.24480
C -25.00790 64.12650 13.27530
C -19.58290 65.88710 13.22160
C -41.82650 70.33090 9.96758
C -43.05290 73.18460 9.95326
C -39.77210 72.76140 9.95793
H -40.44530 68.95400 11.58790
H -43.44630 69.41610 11.57240
H -41.54660 72.03650 11.56800
C -43.76910 68.05230 9.94551
H -44.91480 72.25570 11.56430
C -44.89650 70.82140 9.99878
C -38.71030 69.55230 9.97718
H -38.43630 71.39090 11.56690
C -35.54300 68.97760 9.98020
C -36.66240 72.11640 9.96419
C -33.52260 71.32120 9.97157
H -35.27730 70.82440 11.57900
H -36.28110 73.85920 11.57290
H -33.13890 73.19610 11.58150
H -34.18630 67.75080 11.58350
C -32.43030 68.25940 9.97633
H -32.09240 70.12130 11.57950
C -31.36420 73.70330 9.97426
C -30.33270 70.71840 9.95895
C -27.16450 70.01050 9.86114
C -28.26390 73.20280 9.99716
H -29.96900 72.50520 11.60810
C -29.27470 67.73540 9.99488
H -26.78780 71.89660 11.47120
H -28.90730 69.54770 11.55990
C -23.88160 69.40290 9.86610
C -25.03490 72.56170 9.87499
C -20.70440 68.79220 9.92877
C -21.78180 71.90180 9.83074
H -20.30290 70.66880 11.39960
H -21.41440 73.73920 11.50590
H -22.48880 68.27990 11.59070
H -25.69110 68.86300 11.48310
H -23.53550 71.27260 11.42910
H -39.43540 74.47430 11.56520
C -40.83230 75.68850 9.95216
H -42.59480 75.02280 11.55290
C -43.85590 76.59530 9.95346
C -41.77560 78.65650 9.96411
H -41.42400 80.42450 11.57900
H -43.45770 78.02250 11.57410
H -40.45980 77.42850 11.56320
C -44.97260 79.44310 10.05510
C -38.71040 77.93220 9.96384
C -34.51650 74.47090 9.96649
H -38.29990 79.71570 11.58140
C -37.67440 75.00350 9.96166
C -35.58670 77.44900 9.96592
C -36.57930 80.43240 9.96983
C -33.41910 79.76880 9.97325
H -35.18610 79.22920 11.57430
H -37.31860 76.82120 11.57460
H -34.16000 76.23360 11.57220
C -32.38530 76.79530 9.97420
H -32.00710 78.54620 11.59040
H -31.06280 75.51830 11.58450
C -26.11800 75.53910 9.99220
C -29.31010 76.06330 10.00910
C -30.31860 79.19200 9.96015
C -27.13750 78.57860 9.89963
H -27.86150 74.97950 11.62490
H -28.90700 77.97260 11.48610
H -26.65480 80.39580 11.50090
C -19.68510 74.29860 9.82669
C -23.94190 78.02970 9.89816
C -22.84990 74.85930 9.87057
C -20.78990 77.45170 9.80967
C -21.79120 80.39700 9.93795
H -23.56080 79.75510 11.55390
H -22.46350 76.73590 11.47130
H -25.68790 77.38380 11.53410
H -20.34290 79.19650 11.51470
H -24.60250 74.33980 11.56790
C -39.70020 80.94670 9.97469
C -42.96180 81.40210 9.98527
C -40.68640 83.96950 9.97909
H -39.30450 82.75390 11.58660
C -41.72960 86.91170 9.97571
H -40.33900 85.72580 11.57800
C -43.85180 84.65490 9.99959
C -44.84340 87.55410 9.97481
C -38.59740 86.42280 9.97318
C -37.59450 83.42070 9.97255
C -34.45980 82.79530 9.97412
H -36.19390 82.23340 11.57810
H -33.01510 81.56700 11.58360
C -35.55720 85.85730 9.98274
H -37.28830 85.20080 11.57520
H -34.19620 84.65490 11.58950
C -32.48940 85.29450 9.99808
H -29.94100 81.01560 11.56250
C -31.30480 82.23680 9.98537
C -28.18070 81.56150 9.91623
C -26.01300 83.89080 9.79386
C -29.41310 84.64110 9.92184
C -27.17800 87.01320 9.78199
C -30.38070 87.79940 9.94629
H -27.84240 83.42540 11.41910
C -24.84970 80.96130 9.89433
C -23.83050 86.44460 9.78271
C -22.78980 83.30930 9.93747
C -19.67170 82.76680 9.96333
C -20.60650 85.70430 9.73572
H -25.66840 85.77380 11.29310
H -24.65930 82.78670 11.51280
H -21.43490 82.13480 11.59740
H -22.44280 85.21730 11.38800
H -20.32980 87.62200 11.28830
C -43.05680 90.08810 9.98148
C -39.71670 89.37090 9.98304
H -41.53080 88.77280 11.57560
C -40.74190 92.46850 9.99848
H -42.54050 91.77670 11.58550
C -43.77180 93.25340 9.98961
H -38.37640 88.17250 11.59150
C -36.65210 88.88450 10.00110
C -33.47470 88.32630 10.00500
C -37.63800 91.89010 10.01160
C -34.53840 91.21340 10.01770
C -35.53240 94.22010 10.01050
C -32.46470 93.63730 10.00890
C -28.20990 90.10980 9.89954
C -31.34330 90.75510 10.00960
C -26.02110 92.50130 9.88925
C -29.21980 93.12270 9.94915
C -20.67060 94.27270 9.91195
C -22.84950 91.78720 9.86162
C -24.95590 89.56290 9.81795
C -21.78640 88.93600 9.81566
C -19.63890 91.19860 9.84927
C -40.84710 100.81100 10.01890
C -44.89880 96.08910 9.96437
C -43.09820 98.38450 10.00400
C -39.75380 97.83320 10.01090
C -41.81080 95.44900 10.00220
C -37.59620 100.35200 10.00840
C -36.60360 97.35160 10.00670
C -34.51100 99.81070 10.00080
C -33.48080 96.76630 9.99868
C -38.64200 94.81690 10.01640
C -31.32030 99.19430 9.99465
C -30.29310 96.12490 9.95927
C -26.01380 101.02000 9.95077
C -28.19620 98.46250 9.82778
C -26.99710 95.53250 9.86855
H -27.77650 100.28800 11.47700
C -22.71350 100.30200 9.89991
C -24.90460 97.93150 9.82546
C -21.76190 97.26690 9.95501
C -23.93810 94.89320 9.91984
C -19.61370 99.68390 9.97026
H -21.34050 99.08720 11.59080
H -24.54420 99.68590 11.42080
C -41.78310 70.22330 13.18540
C -43.07000 73.19230 13.16920
C -39.78730 72.64900 13.17480
C -44.87960 70.84280 13.21720
C -43.81740 67.47860 13.16230
C -38.70390 69.54450 13.19540
C -35.52320 68.98500 13.19820
C -36.69110 72.08760 13.18130
C -33.49620 71.38510 13.18800
H -37.32400 68.31860 11.60470
C -32.43690 68.32080 13.19490
C -31.38360 73.71550 13.19210
C -30.30830 70.70520 13.20880
C -27.10790 70.07010 13.12500
C -28.20580 73.11070 13.15630
C -29.30760 67.72800 13.14710
C -23.95190 69.49790 13.13720
C -24.99000 72.39290 13.09680
C -20.68600 68.99390 13.16730
C -21.70940 71.85920 13.01660
C -40.84340 75.68850 13.16810
C -43.85750 76.08980 13.17210
C -41.78320 78.69900 13.17950
C -44.91160 79.30410 13.27370
H -44.86250 80.85560 11.60560
C -38.74660 77.92820 13.18090
C -34.51960 74.45470 13.18460
C -37.67210 75.00040 13.18080
C -33.39370 79.77150 13.19090
C -36.57750 80.48200 13.18650
C -35.61290 77.45860 13.18180
C -32.41820 76.73680 13.19190
C -26.11980 75.54150 13.15270
C -29.28830 76.20060 13.12080
C -30.17710 79.14810 13.14870
C -27.09720 78.62090 13.08410
C -19.61560 74.36320 13.02800
C -23.86860 77.90070 13.14630
C -22.79070 74.95450 13.18130
C -20.64290 77.31350 13.06180
C -21.77490 80.24360 13.16900
C -39.69150 80.97640 13.18990
C -42.97550 81.38840 13.20100
H -42.43240 83.29160 11.59670
C -40.66020 84.00430 13.19520
C -43.84230 84.29570 13.21710
C -41.72920 87.01660 13.19020
H -43.39310 86.15770 11.59610
C -44.87290 87.48640 13.19560
C -38.65720 86.38190 13.19010
C -34.39140 82.90070 13.19210
C -37.60500 83.44350 13.18770
C -35.56710 85.85910 13.19630
H -35.21880 87.67640 11.60640
C -32.50100 85.25560 13.21420
H -32.06020 87.07370 11.61330
C -31.26580 82.25490 13.20290
H -31.08250 84.09530 11.61380
C -26.05110 84.07330 13.04250
C -28.11340 81.62630 13.06160
C -29.18860 84.63140 13.03810
C -27.02370 87.01240 12.95310
C -30.23420 87.64310 13.18770
H -28.88570 86.52160 11.44500
C -24.88860 80.93840 13.18560
C -23.94160 86.30800 12.97160
C -22.87910 83.42570 13.09760
C -19.67780 82.81000 13.14920
C -20.77060 85.89960 13.08470
H -44.90860 88.90600 11.60500
C -43.06450 90.00950 13.19460
C -39.78400 89.37800 13.19970
C -40.75780 92.41980 13.21420
H -39.36170 91.18110 11.60930
C -43.80100 93.32050 13.20560
H -40.37010 94.26730 11.62270
C -33.45620 88.34380 13.22110
C -36.65880 88.94340 13.21840
H -33.09290 90.13950 11.61890
C -37.64560 91.90970 13.22790
C -34.53110 91.20420 13.23310
H -36.28400 90.72310 11.62980
H -37.24390 93.70260 11.62100
H -34.15430 93.00710 11.62650
C -35.47650 94.28880 13.22780
C -32.46540 93.74630 13.22540
H -29.94940 89.51670 11.58580
C -28.04210 90.01730 13.03960
C -31.32260 90.79590 13.22570
H -30.98800 92.55500 11.61850
C -26.03330 92.47890 13.14070
C -29.13790 93.08870 13.11810
H -27.76940 91.87400 11.50260
H -26.69330 88.84930 11.34880
C -20.73650 94.20690 13.09330
C -24.96610 89.48780 13.03390
C -21.76600 88.69350 13.03190
C -19.54480 91.22300 13.14090
C -22.84570 91.84870 13.14470
H -25.67520 94.29860 11.53720
H -24.57300 91.31690 11.52040
H -22.48950 93.62290 11.47970
H -23.56670 88.23830 11.43580
H -21.37220 90.66110 11.55430
H -44.94570 97.65180 11.60070
H -43.46210 94.68720 11.59760
C -41.81860 95.63410 13.21970
C -43.05990 98.40370 13.21940
C -39.77590 97.88700 13.22840
C -40.83870 100.84700 13.23330
H -39.35890 99.72490 11.61980
H -41.54040 97.28080 11.61310
H -42.64890 100.23300 11.62200
C -44.90320 96.27320 13.18040
C -36.60450 97.30590 13.22530
C -38.66180 94.85470 13.23180
H -33.09910 98.55770 11.60850
C -33.46160 96.67950 13.21650
H -36.21370 99.13700 11.61190
C -34.51010 99.76310 13.21620
H -38.32760 96.69360 11.62670
H -35.21040 96.07470 11.60950
C -37.61750 100.34800 13.22540
C -27.04050 95.63390 13.08520
H -29.89990 97.92960 11.58020
C -25.96160 100.84300 13.06110
H -32.05270 95.47480 11.60640
H -28.77490 94.94620 11.48380
C -28.06750 98.44650 13.11900
C -31.34130 99.12450 13.21060
H -26.69830 97.34240 11.39050
C -30.21650 95.97440 13.16610
H -30.98820 100.98700 11.60490
H -23.54880 96.70400 11.50090
C -22.91040 100.15600 13.11090
C -25.00650 97.94780 13.03880
C -19.60950 99.73380 13.20790
C -21.84770 97.30030 13.14250
C -23.84920 94.86840 13.08140
H -20.36070 96.06110 11.58250
C -41.74120 103.93600 10.02730
C -43.01520 106.91300 10.04620
C -39.71180 106.26800 10.03590
C -44.85210 104.73300 9.99697
C -43.91250 101.83500 10.01720
C -38.68510 103.14100 10.01740
C -35.54090 102.75000 10.00520
C -36.55060 105.79000 10.02180
C -33.40300 105.29300 10.01040
C -32.40630 102.19300 9.99646
C -31.37030 107.56700 10.01380
C -30.31940 104.58100 9.98162
C -26.93130 104.00400 9.99766
C -28.07600 106.92100 10.00740
C -29.26160 101.52100 9.95730
H -26.62010 105.75600 11.66960
C -23.83760 103.34100 9.97069
C -25.01440 106.34200 9.92405
C -20.72840 102.71500 9.90974
C -21.74390 105.77700 9.96669
H -21.32380 107.53100 11.56100
H -22.44760 102.06900 11.60900
H -23.51550 105.17200 11.53900
H -20.33890 104.47600 11.56290
H -25.59200 102.75100 11.59560
C -40.71830 109.30500 10.04770
C -43.83350 109.75200 10.04280
C -41.70740 112.35300 10.03280
C -44.83360 113.02100 10.00600
C -38.60560 111.64200 10.04150
C -34.46400 108.15700 10.03350
C -37.58920 108.80000 10.05040
C -35.49120 111.16900 10.04290
C -33.46470 113.67600 10.01150
C -36.57160 114.06900 10.03080
C -32.33690 110.62800 10.01100
C -25.91490 109.30600 9.95675
C -29.22080 109.85400 10.03280
C -27.06800 112.28700 9.83996
C -30.37710 113.05500 9.95536
H -28.88470 111.81800 11.47680
H -26.67270 114.13700 11.45200
C -19.63150 108.16200 9.92105
C -23.91190 111.72500 9.76442
C -22.76550 108.63400 9.92210
C -20.69230 111.07500 9.75672
C -21.74890 114.11200 9.71232
H -22.44320 110.55900 11.38940
H -23.50260 113.57200 11.33710
H -20.30020 113.03000 11.33800
H -24.50510 108.13700 11.54230
H -25.60550 111.12500 11.45080
C -39.74580 114.64200 10.02560
C -43.00490 115.39500 10.01600
C -40.80950 117.71000 10.01590
C -43.92950 118.68300 9.99999
C -41.82490 120.72100 10.01130
C -44.88950 121.59500 9.97819
C -38.71380 120.11100 10.02380
C -34.51130 116.63200 10.00560
C -37.64580 117.17600 10.02390
C -35.60020 119.64200 10.01730
C -32.45130 119.15600 9.98759
H -29.95940 114.83800 11.59950
H -32.14920 120.95400 11.58850
C -31.35760 116.03100 9.98709
H -31.08780 117.90500 11.59200
C -26.13840 117.69700 9.80140
C -28.20080 115.32000 9.94951
C -29.30890 118.30700 9.93878
C -27.30500 120.79800 9.90089
H -27.82070 117.18200 11.50250
H -28.96090 120.12800 11.52000
C -30.35920 121.42200 9.97177
C -24.96280 114.74100 9.73545
H -25.73000 119.53500 11.36190
C -23.93930 120.15400 9.81857
C -22.88230 117.18800 9.77011
C -19.71510 116.50700 9.63310
C -20.78150 119.61100 9.71365
H -22.46110 119.03200 11.41110
H -24.57660 116.57700 11.41310
H -20.42570 121.43300 11.35250
H -21.42540 115.98900 11.30540
C -43.04530 123.55500 10.01430
C -39.79480 123.08700 10.01290
C -40.83420 126.12400 10.00700
C -43.86150 127.09900 9.99737
C -36.71660 122.54200 10.02360
C -37.71350 125.56700 10.01310
C -33.53830 122.09800 9.99767
C -34.59680 125.17000 10.00480
C -35.64890 128.04600 9.99707
C -32.45000 127.36200 9.98537
C -31.47970 124.36100 9.98038
H -31.06120 126.21800 11.58800
C -28.26490 123.85800 9.88941
C -26.12080 126.17200 9.89596
H -29.96830 123.22500 11.57290
C -29.36660 126.88900 10.01640
H -26.80440 122.58600 11.40180
H -27.85150 125.66400 11.54540
C -20.77560 128.00500 9.77404
C -25.07830 123.22200 9.84203
C -21.87910 122.64200 9.76341
C -19.78980 125.12500 9.74448
C -23.02690 125.61300 9.89872
H -22.51600 127.42000 11.52290
H -24.75930 125.01100 11.53960
H -23.66750 122.03100 11.42880
H -21.49160 124.38900 11.32600
H -25.77140 128.08400 11.47690
C -44.93700 129.79400 9.96386
H -43.49780 128.48700 11.58300
H -41.63390 131.05900 11.57180
H -39.48970 133.42000 11.59400
C -41.81190 129.16000 9.97883
C -43.06120 132.16700 9.95058
C -39.89100 131.62100 9.97921
C -40.82180 134.60000 9.97452
H -42.61380 134.02900 11.56540
H -44.91010 131.28300 11.53710
C -38.74870 128.61400 9.99828
H -36.34200 132.89800 11.59480
C -36.72520 131.04900 9.98779
C -37.73550 134.07200 9.98830
H -33.18140 132.20400 11.58200
C -34.59450 133.52200 9.97730
C -33.53960 130.38100 9.98234
C -30.35220 129.81800 10.03240
H -31.10470 134.73300 11.59400
C -31.43210 132.90700 9.97821
C -28.33200 132.21800 9.87714
C -27.27060 129.18500 9.90442
H -32.17110 129.23700 11.59390
H -30.04280 131.68100 11.55110
C -26.16300 134.65000 9.92686
H -26.78170 131.06800 11.37150
H -28.92990 128.69800 11.68570
H -27.91530 134.02900 11.56130
H -20.32010 129.86900 11.28970
C -19.78860 133.20900 9.79994
C -21.81930 131.03900 9.80823
C -23.95990 128.66000 9.90961
C -24.99930 131.64700 9.82197
H -24.66960 133.44800 11.44170
H -23.57150 130.47900 11.49380
H -21.44680 132.81000 11.51000
C -22.80160 134.00600 9.88187
C -41.78340 104.04900 13.24400
C -43.01730 106.95600 13.26390
C -39.69720 106.25600 13.25010
H -43.44900 103.30400 11.62780
H -40.42290 102.66700 11.63350
H -41.45770 105.77700 11.64600
H -44.86020 106.15500 11.66030
C -44.89550 104.63700 13.21530
C -43.85510 101.26800 13.23410
C -38.68780 103.21300 13.23430
H -38.28660 105.04100 11.62630
C -35.52180 102.80100 13.22020
C -36.53880 105.73300 13.23900
H -35.13380 104.55300 11.61620
C -33.38310 105.18000 13.22600
H -33.06450 106.95000 11.63480
H -37.23110 102.15900 11.61970
H -36.18700 107.60600 11.64920
H -34.10540 101.60500 11.60280
C -32.31570 102.07000 13.21150
H -32.06230 103.96300 11.60390
C -31.27740 107.57500 13.22950
C -30.26100 104.47900 13.13570
C -27.05220 103.90600 13.21950
H -29.89060 106.38600 11.58770
C -28.16090 106.87900 13.22730
C -29.11330 101.58300 13.08280
H -28.77450 103.39400 11.50150
C -23.77950 103.32600 13.18770
C -24.83140 106.40200 13.22960
C -20.64290 102.65200 13.16730
C -21.68430 105.78600 13.19580
H -39.33480 108.07300 11.65780
C -40.75760 109.30100 13.26180
H -42.55360 108.71700 11.65700
C -43.88020 110.27400 13.26060
H -43.39940 111.68800 11.64030
C -41.72060 112.53300 13.25090
H -40.32260 111.13000 11.64910
H -41.49630 114.22100 11.63550
C -44.84690 113.23200 13.22530
H -44.84590 114.43800 11.61570
C -38.58250 111.66100 13.25890
C -34.47140 108.14000 13.24850
H -38.32890 113.49100 11.63790
C -37.62240 108.71600 13.26450
C -35.47640 111.16400 13.25910
H -37.21220 110.51900 11.66350
H -34.05380 109.97200 11.63770
C -36.58210 114.11200 13.24590
C -33.39150 113.66600 13.22600
H -35.18880 112.97000 11.64860
C -32.33390 110.58800 13.22830
H -32.01560 112.44900 11.60790
H -31.00940 109.37500 11.61400
C -25.87080 109.34900 13.13670
C -29.17500 109.98000 13.15350
C -27.05450 112.29800 13.04980
C -30.30570 112.99000 13.20940
H -27.71980 108.72600 11.60340
C -19.54940 108.15900 13.10640
C -23.77090 111.75500 13.00250
C -22.71930 108.81100 13.08520
C -20.68850 111.19300 12.98510
C -21.76460 114.16700 12.94790
C -39.77960 114.71900 13.24180
C -42.99480 115.39500 13.23050
H -42.58110 117.13400 11.61900
C -40.80450 117.73200 13.23160
H -39.40450 116.56900 11.62860
C -43.93040 118.34400 13.21680
C -41.86250 120.71700 13.22670
H -43.48960 120.18500 11.61020
H -40.47160 119.48900 11.62580
C -44.89590 121.52000 13.19870
C -38.72240 120.09700 13.24130
C -37.63950 117.20300 13.23860
C -34.50310 116.61900 13.21910
H -36.26010 115.92500 11.62830
H -33.11270 115.45400 11.60040
C -35.57870 119.60600 13.23090
H -34.16620 118.48300 11.60760
H -37.29560 118.99500 11.63750
H -35.23950 121.43000 11.62710
C -32.44240 119.14400 13.20300
C -31.40910 116.02400 13.20380
C -28.07410 115.32600 13.09510
C -26.04000 117.74300 13.04370
C -29.24300 118.32300 13.11930
C -27.10620 120.80000 12.96120
C -30.30450 121.33000 13.12330
C -24.84120 114.72200 13.03380
C -23.97260 120.16000 12.96820
C -22.83930 117.15800 12.99780
C -19.55840 116.57000 12.84850
C -20.65840 119.53400 12.92480
H -44.90170 122.96200 11.62430
C -43.03210 123.60700 13.22940
C -39.80940 123.12800 13.23000
C -40.84510 126.14200 13.22250
H -41.56490 122.49800 11.62040
H -42.61920 125.51300 11.62140
H -39.44320 124.92300 11.61340
C -43.83490 126.56700 13.21260
H -40.47140 128.00400 11.60810
H -38.40720 121.90100 11.63270
C -36.69300 122.47600 13.23910
C -37.73850 125.60500 13.22720
C -33.50230 122.14700 13.21330
C -34.60540 125.15400 13.22040
H -36.31940 124.36400 11.63140
H -33.18140 123.93200 11.60090
H -37.35440 127.38200 11.61660
C -35.60620 128.01700 13.21520
H -34.19190 126.88800 11.60330
C -32.42380 127.44900 13.20410
C -31.39610 124.34700 13.19790
C -28.16040 123.74100 13.06870
C -26.08390 126.28900 13.14610
C -29.30910 126.80600 13.21460
C -25.08430 123.18100 13.04260
C -21.77310 122.58900 12.94930
C -19.71850 124.89400 12.97760
C -22.91290 125.44600 13.02010
C -20.71460 128.14200 13.05380
C -43.08200 132.14300 13.16590
C -44.94140 129.91600 13.18260
C -40.79530 134.73000 13.19190
C -41.77010 129.22300 13.19540
C -39.93420 131.60400 13.19480
C -34.58720 133.44800 13.19580
C -38.76280 128.63200 13.21570
H -35.32820 129.83500 11.59840
H -38.44990 130.45800 11.59600
C -33.54760 130.49100 13.20040
C -36.72060 131.05200 13.20470
C -37.75430 133.99800 13.20710
C -30.42580 129.95800 13.24200
C -31.42010 132.81100 13.19750
C -28.23530 132.16500 13.10450
C -27.07160 129.34000 13.14240
C -26.08500 134.63300 13.08080
C -25.07650 131.68500 13.08090
C -21.74420 130.98700 13.03950
C -19.63470 133.50700 13.01200
C -23.95910 128.63900 13.09640
C -22.88170 134.10400 13.02730
C -17.61020 0.67290 9.55673
C -15.53440 3.20748 9.42983
C -16.58310 6.13849 9.59101
C -13.38740 5.61620 9.56882
C -18.81690 3.86166 9.58953
C -14.41160 0.15375 9.47835
H -15.15250 5.00145 11.13770
H -17.28540 2.61006 11.07290
H -14.04410 2.01929 10.99500
H -18.31310 5.64288 11.24440
H -19.37940 0.09182 11.20340
C -12.24520 2.64409 9.43074
C -9.04466 1.90691 9.45346
C -10.15100 4.96842 9.47368
C -7.02969 4.40869 9.43460
H -7.59084 0.73399 11.05980
H -6.56431 6.21174 11.07070
H -8.71770 3.73494 11.09340
H -11.89370 4.39514 11.07940
H -10.83790 1.40394 11.04660
C -5.89850 1.28549 9.41280
C -2.75602 0.84737 9.32417
C -3.71137 3.71692 9.39636
C -0.69231 3.15848 9.34252
C -1.55098 6.17405 9.31394
H -5.47456 3.20112 10.93300
H -3.29617 5.62125 10.99600
H -2.33283 2.53650 11.10400
H -0.09824 4.95626 10.86080
H -4.39244 0.12956 10.98590
C 0.46300 0.03442 9.21643
C 2.63485 2.54164 9.23041
C 1.64066 5.49253 9.25825
C 5.84638 1.91036 9.12173
C 4.81743 4.99519 9.22781
H 6.32820 3.76356 10.65780
H 3.07151 4.34141 10.87070
H 4.14343 1.40943 10.84680
H 0.84828 1.93846 10.81240
C -18.69680 12.19960 9.54081
C -17.59790 9.13671 9.54007
C -15.40140 11.65880 9.56889
C -14.36710 8.56295 9.61478
H -12.92680 7.41069 11.20900
H -14.01060 10.41890 11.16780
H -17.22510 10.98940 11.08800
H -16.18010 8.02391 11.17510
H -19.34630 8.57330 11.23460
C -12.20470 11.02690 9.64823
C -11.16810 8.03596 9.57705
C -8.01341 7.37247 9.49832
C -9.12251 10.38180 9.61908
C -6.90545 12.93630 9.60439
H -9.76401 6.77600 11.16240
H -7.65975 9.19332 11.10980
H -8.64946 12.19470 11.21490
H -10.85740 9.77610 11.24160
H -11.85580 12.80870 11.35130
C -5.93869 9.89850 9.49642
C -4.78574 6.80890 9.39362
C -2.58847 9.29355 9.51602
C -3.68368 12.17770 9.56913
C -0.64766 11.62750 9.40464
H -1.17010 8.00294 10.98600
H -2.26017 11.03880 11.20330
H -4.45409 8.63631 11.00220
H -5.45443 11.64530 11.13240
C 0.60013 8.50648 9.33456
C 3.74845 8.02193 9.27086
C 6.91376 7.32957 9.07675
C 5.87060 10.37060 9.13573
C 2.71653 11.05450 9.24693
H 2.03148 7.30973 10.90890
H 3.11090 12.83380 10.90250
H 4.14379 9.81305 10.85870
H 5.22637 6.85139 10.83200
H 0.94622 10.44230 10.88570
H 6.22486 12.22890 10.73560
H -15.08150 13.43100 11.27090
C -16.48140 14.69460 9.65756
C -13.24820 13.97170 9.66573
C -17.60830 17.81790 9.77146
C -14.35990 17.08250 9.70998
H -18.31140 14.01940 11.18930
C -15.54030 20.14350 9.85824
C -10.12200 13.46480 9.69464
C -12.24760 19.47120 9.92482
C -11.07050 16.48600 9.77165
C -8.02352 15.91030 9.70288
C -9.03964 18.86920 9.82940
H -9.71105 15.20360 11.33880
H -6.60990 14.70600 11.25860
H -0.19073 13.42650 11.02280
C -5.89743 18.26020 9.75004
C -4.80343 15.21950 9.65882
C -1.67479 14.72310 9.48951
C -2.66947 17.64190 9.64527
H -3.34227 14.03320 11.11710
H -1.25283 16.44220 11.21510
H -4.39705 17.01630 11.25050
H -2.32507 19.42780 11.31800
C -0.61141 20.03020 9.69112
C 0.48140 17.03880 9.59119
C 4.80356 13.60850 9.27394
C 6.92947 15.84430 9.37345
C 3.75617 16.41480 9.49146
C 1.56369 14.13310 9.47971
C 2.60342 19.41320 9.59831
C 5.90731 18.87730 9.48862
H 1.98716 15.85240 11.19040
H 5.22089 15.25750 11.03110
H 4.16279 18.21240 11.11840
H 0.87029 18.82750 11.25100
C -17.74900 26.17130 10.35480
C -16.67480 23.20680 10.16510
C -13.37610 22.58570 10.07200
C -14.41480 25.64100 10.36410
C -18.71400 20.80980 10.04810
C -10.27060 21.84950 9.92416
C -6.96555 21.31390 9.86141
C -11.36080 25.03140 10.18260
C -8.17591 24.27920 10.03350
C -5.91175 26.72230 9.94837
C -4.75659 23.56660 9.89295
C -1.50799 23.11220 9.75701
C -2.61207 26.02520 9.89320
C -3.63964 20.70830 9.78133
H -0.10465 21.84820 11.33030
C 0.72171 25.50540 9.99143
C 6.95328 24.26820 9.67635
C 3.72845 25.00330 9.87695
C 1.63356 22.64990 9.74385
C 4.84645 21.94010 9.59959
H 3.05033 21.26550 11.13250
H 6.30601 20.64990 11.09010
H 5.19731 23.69790 11.35670
H 2.09982 24.28210 11.63070
C -16.58180 31.34100 10.53430
C -15.46570 28.44210 10.52240
C -13.34290 30.83200 10.52540
C -18.64730 29.13570 10.46750
C -11.33900 33.22500 10.42420
C -10.20530 30.26230 10.24520
C -8.05471 32.57290 10.26900
C -12.34570 27.82630 10.38790
C -9.19745 27.29410 10.18440
C -7.00444 29.77190 10.11700
C -4.83439 32.04040 10.15890
C -1.54540 31.50030 10.09520
C -0.45096 28.53000 9.95551
C -3.74828 29.13410 10.02710
C 3.70793 33.28040 9.90833
C 6.92716 32.70520 9.83139
C 4.82770 30.29960 9.87333
C 1.55978 30.87920 10.00820
C 5.90447 27.32890 9.85859
C 2.73099 27.90620 9.93949
C -17.59860 0.88186 12.73680
C -15.45560 3.12865 12.67780
C -16.55460 6.21308 12.76190
C -13.34220 5.51319 12.70370
C -18.66780 3.85527 12.78420
C -14.36220 0.25337 12.70110
C -12.28440 2.56520 12.65410
C -8.98946 1.79582 12.63780
C -10.17240 4.94900 12.71680
C -6.93991 4.28639 12.62490
C -5.76527 1.35064 12.55640
C -2.62290 0.63550 12.63480
C -3.76259 3.81503 12.60990
C -0.44631 3.15757 12.52740
C -1.44141 6.16711 12.57700
C 0.56949 0.09522 12.38780
C 2.63827 2.49820 12.43970
C 1.62430 5.48820 12.49800
C 5.99187 1.97724 12.32740
C 4.95667 4.93833 12.33190
C -17.57070 9.25072 12.77010
C -15.50010 11.54570 12.76930
C -14.42050 8.58673 12.78220
C -18.61340 12.09100 12.72500
C -12.31350 10.91810 12.88730
C -11.15900 7.97396 12.82780
C -7.94500 7.39889 12.75700
C -9.02280 10.34440 12.79280
C -6.86953 12.81380 12.75790
C -10.04470 13.30530 12.93720
C -4.80156 6.78243 12.62210
C -5.79630 9.82937 12.65510
C -2.61982 9.09534 12.62380
C -0.39340 11.55630 12.66200
C -3.72332 12.24090 12.77320
C 0.67913 8.63526 12.52320
C 3.79255 7.96740 12.50380
C 7.08178 7.29565 12.32670
C 2.78426 10.94970 12.48970
C 6.01728 10.36590 12.36090
C 4.87415 13.35780 12.53540
C -16.61470 14.58300 12.87350
C -13.41830 13.93870 12.92240
C -17.54580 17.57610 12.99020
C -14.31270 16.94640 12.94860
C -15.48230 20.02510 13.14260
H -14.07870 18.88050 11.44560
H -12.92520 15.78500 11.28200
H -17.27370 19.48170 11.51350
H -16.10890 16.49900 11.28380
H -19.34980 17.00570 11.37280
C -12.30940 19.32390 13.12590
C -7.95590 15.79970 12.93640
C -11.18480 16.25000 13.00740
C -9.00651 18.84170 13.09830
H -10.77930 18.19850 11.49690
H -7.62791 17.66580 11.39970
C -5.81299 18.11700 12.93890
C -1.59578 14.52650 12.71690
C -4.73667 15.14160 12.77020
C -2.67460 17.58310 12.89430
H -5.46785 20.00050 11.35720
C -0.51620 19.97410 12.88520
C 6.95470 15.75820 12.66770
C 0.47195 16.95660 12.82980
C 1.69197 13.86560 12.62910
C 3.85986 16.40620 12.73120
C 2.77514 19.37160 12.72690
C 5.95178 18.79690 12.68740
C -13.40250 22.35570 13.24310
C -16.57860 22.89670 13.34670
C -17.62660 25.97940 13.59120
C -14.49180 25.35220 13.54940
C -18.55770 20.59450 13.25720
H -13.03210 24.28070 11.84730
H -16.23160 24.91190 11.88630
H -19.40850 25.48780 11.97400
H -18.36850 22.50020 11.76980
H -15.19740 21.87910 11.57270
C -6.88362 21.07640 13.02530
C -11.26920 24.85040 13.46130
C -7.99757 24.17810 13.23590
C -10.16670 21.75660 13.15570
H -11.96230 21.24910 11.59000
H -8.73714 20.64510 11.44270
H -7.58305 26.07890 11.67510
H -10.86350 26.67530 11.91290
H -6.53029 23.06920 11.52610
H -9.91619 23.67330 11.67740
C -5.73351 26.57820 13.28040
C -3.72752 20.65100 12.97440
C -1.41899 22.98170 13.09950
C -4.67753 23.64440 13.09690
C -2.56965 26.03340 13.11530
H -4.42169 25.46810 11.47480
H -1.14328 24.82590 11.48550
H -3.22360 22.45100 11.48090
C 7.05184 24.12900 12.93650
C 0.61477 25.44330 13.15480
C 4.86388 21.71230 12.75930
C 3.95207 24.83750 13.18080
C 1.71956 22.28070 12.99410
H 4.18632 26.71450 11.58770
C -18.74410 28.94980 13.65030
C -13.24020 30.70530 13.66090
C -16.51220 31.44830 13.76090
C -15.54020 28.38110 13.67940
H -13.01160 32.66200 12.14200
H -15.12060 30.25100 12.15750
H -16.17720 33.22580 12.06770
H -14.01320 27.29310 12.11680
H -17.29840 27.85680 12.05820
H -18.32550 30.87290 12.18950
C -9.02427 27.25550 13.35000
C -7.99837 32.61070 13.47120
C -11.13940 33.08840 13.61940
C -9.93318 30.20600 13.45930
C -12.17110 27.83160 13.64350
C -6.89227 29.60440 13.32100
H -11.81190 29.64770 12.01190
H -6.51882 31.48190 11.84790
H -8.66570 29.04890 11.68750
H -9.77871 32.04040 11.86110
C -4.67962 32.04010 13.37550
C -0.48436 28.42260 13.20990
C -1.48611 31.47270 13.31140
C -3.69433 28.96470 13.22070
H -5.49747 28.47000 11.62480
H -3.28519 30.85720 11.72620
H -0.08215 30.30770 11.66560
H -2.24198 27.85960 11.51340
H -1.23336 33.32580 11.68940
H 3.13683 29.74130 11.54570
H 2.00289 32.66640 11.57900
H 6.31396 29.11400 11.47620
C 6.12760 27.25610 13.06210
C 7.01895 32.58270 13.05010
C 4.91858 30.28020 13.14480
C 1.73292 30.86050 13.21460
C 3.76019 33.34590 13.10870
C 2.80336 27.97610 13.24010
H 5.19291 32.12910 11.51140
H 1.01772 27.36390 11.58540
C -17.67470 34.36900 10.43540
C -15.56180 36.79790 10.40340
C -16.69170 39.80400 10.29590
C -13.39030 39.19570 10.20350
C -18.69990 37.44630 10.47410
C -14.37040 33.84480 10.46470
C -12.41130 36.16000 10.41230
C -9.15184 35.55670 10.34720
C -10.22410 38.49680 10.30170
C -7.05079 38.00810 10.16350
C -5.98694 35.06040 10.21570
C -2.72466 34.55200 10.16870
C -3.80445 37.43930 10.07690
C -0.65276 36.78210 9.97914
C -1.71093 39.91370 9.90310
C 0.47044 33.79070 10.02520
C 2.60445 36.31010 9.83971
C 1.46815 39.24340 9.87904
C 5.81189 35.63090 9.84956
C 4.85132 38.65620 9.79005
C -17.65180 42.82050 10.17250
C -14.53600 42.18900 10.05460
C -15.63650 45.26760 10.00010
C -18.74650 45.82690 10.00850
C -12.37170 44.57090 9.90544
C -11.35370 41.56370 10.10410
C -8.17026 41.04070 10.02870
C -9.11597 43.98840 9.87639
C -7.01966 46.44140 9.77866
C -4.96033 40.46950 10.05870
C -5.97074 43.44050 9.98121
C -2.72603 42.89710 9.98878
C -3.83778 45.87900 9.93907
C -0.62852 45.24980 10.04110
C 0.48079 42.30380 9.90492
C 3.61759 41.65160 9.85455
C 6.96448 41.03940 9.79627
C 5.80672 44.11270 9.78367
C 2.54054 44.68000 9.97556
C -16.71730 48.43790 10.07390
C -13.52550 47.78400 9.84573
C -17.69610 51.34200 10.07200
C -14.55710 50.75430 10.04520
C -15.51060 53.65510 10.02430
H -17.23380 53.13530 11.61020
H -19.46010 50.70500 11.64980
C -10.21840 47.03930 9.79032
C -12.47370 53.10320 9.88884
C -8.06458 49.37880 9.67556
C -11.36540 50.22210 9.82649
C -9.11813 52.51250 9.72134
C -5.78754 51.88370 9.68104
C -4.70902 48.81100 9.80792
C -1.57370 48.24740 9.91115
C -2.62151 51.19700 9.71842
C -0.46848 53.72090 9.78243
C 4.65109 47.15210 9.90205
C 0.52093 50.67410 9.87137
C 5.79618 52.61040 10.00970
C 2.62004 53.17450 9.93635
C 1.52956 47.74020 9.87406
C 3.77156 50.15150 9.99041
C 6.89658 49.47700 9.93050
H -19.42310 59.17630 11.62410
C -14.42080 59.07410 9.77941
C -17.67940 59.77180 9.95061
C -13.46210 56.02540 9.91414
C -16.56650 56.75620 9.93656
C -18.65360 54.26340 10.01790
H -16.18760 58.57040 11.50970
H -15.13110 55.54250 11.54280
H -12.96270 57.93370 11.41270
H -18.30440 56.13520 11.57610
C -6.97010 54.95560 9.68805
C -7.90205 58.00470 9.72340
C -11.19130 58.57890 9.79855
C -10.25650 55.57200 9.76144
H -11.93680 54.93370 11.48410
H -9.70619 57.37390 11.31090
H -7.63117 59.81800 11.33240
H -6.58822 56.71010 11.34860
H -10.83640 60.36310 11.44890
C -5.74734 60.39010 9.80895
C -2.77162 59.66380 9.83432
C -1.61216 56.76380 9.76783
C -4.84390 57.34600 9.71880
C -3.71820 54.27620 9.63875
H -1.30353 58.55600 11.46520
H -4.48067 59.10210 11.47920
C 6.96719 57.96830 10.06090
C 3.77045 58.43480 10.04160
C 4.78695 55.59590 10.06500
C 1.68832 56.22780 9.86917
C 0.64123 59.06330 9.99539
H 2.00541 57.90400 11.64100
H -12.93930 66.44680 11.52510
H -16.10370 66.98130 11.76750
C -15.49880 62.18400 9.87215
C -13.32770 64.67940 9.90050
C -16.49620 65.29040 9.98844
C -18.60930 62.84320 10.00830
H -18.24750 64.62060 11.54870
H -15.08230 63.94950 11.50710
H -17.19200 61.54490 11.57970
H -14.05290 60.90890 11.40710
H -8.69866 62.87840 11.46830
C -12.24430 61.58380 9.84446
C -11.26230 66.94870 9.80576
C -9.13732 61.07390 9.78962
H -6.48950 65.21910 11.36040
C -10.17400 63.96850 9.79906
C -6.96992 63.41470 9.78009
C -7.93583 66.32930 9.73441
H -9.73634 65.83140 11.37430
H -11.90580 63.39620 11.49570
H -0.09972 63.98610 11.35320
H -1.16375 67.08270 11.45740
C -0.45340 62.08280 9.80504
C -1.52889 65.26450 9.85234
C -3.70086 62.85660 9.80627
C -4.62957 65.81390 9.81691
H -5.49047 62.25700 11.41230
H -3.30808 64.60310 11.49400
H -2.26250 61.54800 11.33900
C 4.87643 63.96620 9.89102
C 1.68912 64.66660 9.82069
C 5.89098 60.86910 9.99881
C 2.68344 61.52730 9.91335
C 3.75424 67.13360 9.89409
H 1.96344 66.44850 11.50090
C 6.93512 66.45850 9.93685
H 0.90292 60.95250 11.54620
H 3.04369 63.40710 11.43760
H 5.12723 65.83420 11.54170
C -17.68560 34.38950 13.63730
C -15.53640 36.98010 13.60590
C -16.60660 39.94790 13.52100
C -13.36550 39.36800 13.47870
C -18.81440 37.52880 13.60950
C -14.44520 33.92110 13.71830
H -14.15820 35.66380 12.05390
H -17.33180 36.23890 12.08660
H -18.43440 39.38540 12.05910
H -15.15040 38.70490 11.87620
H -19.41120 33.85980 11.99210
C -12.37510 36.22670 13.61760
C -9.10041 35.60570 13.57100
C -10.15430 38.65490 13.49980
C -6.91922 38.19120 13.42960
H -12.00320 38.03530 11.95670
H -7.67859 34.41970 11.91450
H -6.72861 39.91090 11.69880
H -8.70739 37.44600 11.92070
H -10.88700 35.00590 12.06420
C -5.88828 35.13360 13.46330
C -2.65921 34.52750 13.35710
C -3.77506 37.61410 13.36170
C -0.47708 36.88530 13.24300
C -1.58223 39.87100 13.16850
H -5.53555 36.91410 11.79040
H -0.23864 38.69440 11.54380
H -2.36906 36.38110 11.75160
H -3.42622 39.32920 11.61350
H -4.49296 33.91510 11.79500
C 0.62356 33.86810 13.17330
C 2.62185 36.29540 13.10690
C 1.63283 39.25420 13.07160
C 5.86614 35.63440 13.07470
C 4.79369 38.77720 13.03630
H 3.06339 38.10520 11.43380
H 6.24141 37.47560 11.45740
H 4.04796 35.15020 11.45970
H 0.86102 35.69610 11.51510
C -18.75020 45.86260 13.27700
C -17.70810 42.83300 13.29450
C -14.42130 42.40040 13.28320
C -15.50770 45.30340 13.22970
H -14.16230 44.07830 11.52570
H -13.07950 41.06600 11.70330
H -19.54140 42.28330 11.66220
H -16.20030 41.67550 11.79220
H -17.34110 44.69570 11.74900
C -12.40300 44.69230 13.10830
C -11.31630 41.76890 13.29160
C -8.10337 41.14710 13.35340
C -9.06229 44.21020 13.10740
C -7.04614 46.60680 12.99460
H -9.86294 40.45710 11.76500
H -8.76304 45.88320 11.38800
H -7.72915 42.84950 11.58710
H -10.91150 43.50900 11.58540
H -12.02400 46.49640 11.40500
C -6.01564 43.53650 13.18680
C -4.87766 40.50270 13.23500
C -2.63391 42.82140 13.21040
C -3.87532 45.95460 13.17150
C -0.57025 45.25070 13.20130
H -1.23555 41.69510 11.53030
H -4.47231 42.31810 11.62750
H -2.36635 44.72940 11.62270
H -5.58532 45.33550 11.50200
C 0.50021 42.23730 13.16530
C 3.72340 41.62750 13.06370
C 2.61134 44.62430 13.13290
C 5.83538 44.08690 13.09700
H 6.14104 45.91980 11.41110
H 5.17353 40.52500 11.37480
H 1.90997 41.10440 11.51680
H 4.08586 43.49040 11.48400
H 0.85559 44.02950 11.58820
H 2.92928 46.51390 11.57020
C 6.91722 41.12900 13.06800
C -16.63140 48.28020 13.19640
C -13.33190 47.68390 13.14680
C -17.67470 51.37810 13.21440
C -14.44300 50.70780 13.27400
H -15.15490 47.11870 11.55180
C -15.41600 53.77210 13.20990
H -18.46160 47.70000 11.65840
H -16.27240 50.17300 11.74860
H -13.04220 49.57930 11.57500
H -14.07110 52.54720 11.65460
C -10.13490 47.10640 12.96000
C -12.18850 53.13690 13.11190
C -7.93159 49.47340 12.95030
C -11.06820 50.17050 13.00740
C -9.03268 52.48390 12.91350
H -7.62505 51.27340 11.25790
H -9.77543 48.94930 11.31150
H -10.87440 51.99390 11.37980
H -6.57087 48.29890 11.30290
C -5.86616 51.87360 12.84760
C -4.88018 49.03090 12.94030
C -1.59543 48.35730 13.11410
C -2.75191 51.30430 12.98050
H -0.16216 47.11400 11.56800
H -2.32902 53.07630 11.29520
H -4.41317 50.70590 11.26340
H -5.50701 53.75240 11.29160
H -1.28103 50.10840 11.44120
H -3.33716 47.72560 11.52710
C -0.62455 53.65680 12.92720
C 0.46939 50.66960 13.02590
C 4.78459 47.04120 13.11100
C 6.92072 49.45270 13.23970
C 3.71331 50.11860 13.14270
C 1.53927 47.80150 13.18710
C 2.55386 53.15290 13.16660
C 5.82711 52.47740 13.22940
H 5.14921 48.89470 11.59500
H 0.89092 52.50400 11.43060
H 1.94970 49.52940 11.48430
H 4.05715 51.96200 11.61510
C -18.62530 54.28250 13.24070
C -14.38410 59.12370 13.05800
C -17.61030 59.79580 13.19580
C -13.34960 56.13060 13.08090
C -16.52230 56.75240 13.15130
C -10.13300 55.63570 12.99840
C -11.14870 58.51470 12.98250
C -7.96184 57.96150 12.96760
C -6.93234 54.89110 12.96560
H -8.74839 54.39290 11.31740
C -5.88415 60.35300 13.03170
C -3.73439 54.30170 12.92880
C -4.80156 57.19580 12.95510
C -1.64944 56.61410 12.96330
C -2.73222 59.83350 13.03750
H -0.13895 55.55820 11.39650
H -3.38102 56.11130 11.23340
C 0.46142 59.09890 13.13990
C 4.62524 55.54990 13.21900
C 1.48714 56.11920 13.19820
C 3.71030 58.58490 13.25990
C 6.97706 57.97770 13.28770
H 2.96498 54.97930 11.56170
H 6.21921 54.38280 11.70000
H 5.23243 57.37730 11.70660
H 4.07395 60.32610 11.55900
C -13.30670 64.57560 13.12220
C -15.32120 62.12100 13.11840
C -18.50980 62.83350 13.20860
C -16.46200 65.08140 13.21600
C -10.10410 64.02500 13.10320
C -9.05500 60.99580 13.01820
C -12.33870 61.47050 13.04210
C -6.85263 63.47690 13.07670
C -11.07810 67.09000 13.00670
C -7.91365 66.47150 12.92710
C -4.79422 65.91200 13.03090
C -3.60799 62.68550 13.05280
C -1.49653 65.21960 13.00900
C -0.58160 62.22740 13.00850
C 6.95271 66.33690 13.16480
C 1.57041 64.58920 13.03740
C 3.68705 67.08250 13.12390
C 4.73464 64.00270 13.17010
C 5.89151 60.93760 13.16360
H 6.18268 62.77740 11.57910
C 2.67600 61.63550 13.12770
C -17.45020 68.20550 10.05760
C -15.42610 70.73250 9.88048
C -16.43460 73.80420 9.92287
C -13.28390 73.29500 9.82428
C -18.50120 71.29630 9.86430
C -14.43330 67.52670 9.97513
H -14.98050 72.54920 11.47810
H -18.19720 73.14770 11.44330
H -14.01780 69.48200 11.49210
H -17.15270 70.08190 11.57870
H -19.27700 67.72420 11.62760
C -12.27560 70.15470 9.80384
C -9.04959 69.49140 9.65894
C -10.06690 72.54200 9.79055
C -6.92009 71.88800 9.80866
H -6.51208 73.67140 11.53640
H -7.56082 68.24790 11.21310
H -11.85850 71.97450 11.40870
H -8.65257 71.25280 11.35370
H -10.76430 68.84430 11.29180
C -5.69144 68.86390 9.72697
C -2.53856 68.28330 9.80292
C -3.59956 71.22630 9.77665
C -0.52186 70.68800 9.85502
C -1.41395 73.66410 9.83947
H -3.21842 73.06470 11.41640
H -4.34699 67.63320 11.38140
H -5.41902 70.67060 11.34930
H -2.25519 70.06420 11.48690
H -0.01452 72.47150 11.45970
C 0.60584 67.73590 9.83192
C 2.80250 70.13170 9.86636
C 1.72488 73.10540 9.85904
C 5.96507 69.38420 9.93614
C 4.90143 72.47830 9.88228
H 0.97246 69.51670 11.37290
H 3.11487 71.93470 11.50550
H 4.18425 68.91660 11.54690
C -18.59640 79.79680 9.87923
C -17.50640 76.73390 9.83408
C -15.37710 79.13200 9.84259
C -14.30780 76.16740 9.89858
H -12.85820 75.00970 11.53830
H -16.11420 75.61740 11.56070
H -13.99830 77.96740 11.49490
H -17.17010 78.57970 11.42950
H -19.28830 76.19170 11.37160
C -12.23800 78.66030 9.94835
C -11.04880 75.55340 9.96414
C -7.98881 74.85510 9.91935
C -9.04315 78.04940 9.94160
C -6.76554 80.37640 10.04870
H -9.71440 74.26750 11.60350
H -7.63475 76.74350 11.52560
H -10.78200 77.43910 11.54860
H -11.84860 80.44110 11.57640
H -8.62143 79.80910 11.57970
C -5.83694 77.31630 9.97291
C -4.74212 74.26300 9.87656
C -2.64147 76.72850 9.97533
C -3.55742 79.73150 10.04970
C -0.44864 79.11990 10.10090
H -5.35137 79.10000 11.70270
H -4.44245 76.04420 11.58140
H -2.23311 78.46900 11.66190
H -1.17198 75.48470 11.50600
C 0.62543 76.09580 9.91316
C 3.86499 75.59670 9.90901
C 7.08122 74.92970 9.84056
C 5.94699 78.00460 9.90412
C 2.77678 78.60850 10.04610
H 2.04862 74.91680 11.51640
H 0.97112 77.84340 11.60000
H -19.29690 84.62270 11.54970
C -16.45670 82.21340 9.97063
C -13.28070 81.68570 9.99975
C -17.46720 85.12390 9.95125
C -14.22860 84.57950 10.08280
C -15.20820 87.52680 9.85550
H -15.04510 80.90260 11.54710
H -18.22660 81.58740 11.51070
H -13.86880 86.48070 11.63500
H -17.09080 87.04150 11.44000
H -12.86190 83.40420 11.75430
H -16.06800 84.05600 11.60320
C -10.02030 81.04390 10.01290
C -12.09760 87.01930 9.99899
C -11.05120 83.85180 10.14770
C -7.85758 83.38550 10.12470
C -8.86216 86.31080 10.07490
H -6.46096 82.20380 11.61410
H -10.64890 85.75280 11.59710
H -7.50832 85.16090 11.76720
H -9.60964 82.72500 11.78240
C -5.77498 85.69630 10.09280
C -4.60351 82.72250 10.10090
C -1.51204 82.08460 10.21460
C -2.55104 85.03470 10.11900
H -2.21607 86.90160 11.65290
H -3.25479 81.47260 11.72430
H -5.37954 87.56180 11.63530
C -0.50401 87.51920 10.06650
H -0.04892 80.87700 11.82320
H -1.13601 83.93120 11.81170
H -4.32965 84.57320 11.70090
C 0.56378 84.40440 10.09720
C 4.90837 81.02920 10.08140
C 6.94543 83.30060 10.12570
C 3.73919 83.91410 10.14340
C 1.61214 81.61900 10.14220
C 2.65010 86.78350 10.02250
C 5.90732 86.32340 10.02490
H 4.14212 85.74960 11.62900
H 0.89684 86.30110 11.64160
H 2.01211 83.36860 11.79380
H -19.25500 93.00680 11.50950
C -18.45850 88.30050 9.77136
C -14.12250 93.00400 10.00090
C -17.47620 93.72930 9.92116
C -13.01630 89.97350 9.99015
C -16.31610 90.58430 9.84863
H -12.81620 91.77720 11.69400
H -16.03200 92.43870 11.51810
H -14.91530 89.38910 11.45920
H -18.13410 90.04380 11.44590
C -9.93628 89.33720 10.06270
C -6.81311 88.78730 10.03960
C -11.05620 92.43500 10.07380
C -7.84648 91.82600 10.04290
H -6.45740 90.58230 11.63430
H -8.54077 88.15420 11.68120
H -10.72520 94.25910 11.69270
H -7.49394 93.63940 11.63060
H -9.60122 91.22200 11.66110
H -11.68700 88.75270 11.65850
C -2.67950 93.62740 9.84735
C -1.44010 90.49490 9.87351
C -3.62021 87.96930 9.99950
C -5.85838 94.07350 9.86908
C -4.82834 91.06180 9.94189
H -1.23454 92.37010 11.47510
H -3.26679 89.94600 11.46730
H -0.09325 89.34360 11.60720
H -4.35367 92.96650 11.49910
C 0.62106 93.00710 9.95875
C 6.91773 91.73160 9.99407
C 1.64332 89.95220 9.98972
C 4.84843 89.37390 10.00160
C 3.82927 92.35380 9.95616
H 2.02135 91.80740 11.57010
H 3.06600 88.70390 11.54210
H 6.24650 88.14250 11.65420
H 5.11672 91.21080 11.64530
H 4.22087 94.22910 11.58560
C -18.60520 96.66500 9.99571
C -13.24690 98.46070 10.02120
C -15.23530 96.11130 10.01040
C -16.44060 99.14670 10.03610
H -18.18420 98.49550 11.62650
H -16.02370 100.97300 11.64710
H -12.85070 100.31800 11.59860
H -15.01330 97.91170 11.68560
H -17.10010 95.46290 11.60020
H -13.88250 94.82100 11.66920
C -12.18120 95.51350 10.05840
C -8.96818 94.81520 10.06720
C -7.93400 100.13900 9.79906
C -11.09230 100.83200 9.92707
C -6.95157 97.17040 9.92915
C -10.05980 97.78920 10.06380
H -8.63552 96.65680 11.67280
H -11.84410 97.34930 11.72110
H -9.61678 99.73280 11.47410
H -6.50315 99.02910 11.53870
C -0.42465 96.06640 9.85039
C -3.72145 96.58460 9.82139
C -4.86404 99.55790 9.84579
C -1.64256 99.01730 9.78080
H -0.10319 97.88720 11.42630
H -3.31238 98.45800 11.42210
H -1.10839 100.86400 11.31130
H -2.18788 95.44270 11.44930
H -5.41728 95.96280 11.42720
C 3.83196 100.79500 9.75252
C 4.85679 97.76180 9.89280
C 5.99024 94.66590 9.94831
C 1.69897 98.44240 9.80552
C 7.00212 100.15400 9.66902
C 2.72866 95.37320 9.95416
H 3.08171 97.21710 11.55080
H 5.27220 99.64700 11.43250
H 6.35189 96.59430 11.50380
H 0.97001 94.84120 11.62600
H 2.09915 100.25800 11.37920
C -17.49240 68.30500 13.26240
C -15.35810 70.76200 13.14860
C -16.41080 73.71880 13.10730
C -13.21560 73.19170 13.12040
C -18.56970 71.33970 13.06050
C -14.23200 67.67250 13.23660
C -12.12330 70.05160 12.99330
C -8.96571 69.37630 12.91520
C -10.00700 72.26870 13.05750
C -6.88994 71.71500 13.02900
C -5.87308 68.83300 12.90740
C -2.61744 68.22060 13.07730
C -3.72280 71.22580 13.03900
C -0.41655 70.62460 13.05960
C -1.41635 73.59090 13.07400
C 0.58976 67.74520 13.04550
C 2.68764 70.12670 13.06710
C 1.65821 73.08070 13.13310
C 5.93975 69.50850 13.20990
C 4.80847 72.51740 13.09620
H 6.33542 71.30400 11.52760
C -18.61550 79.70390 13.08720
C -17.50650 76.75700 13.04220
C -15.50520 79.08230 13.12090
C -14.33800 76.13670 13.14720
C -12.27240 78.55510 13.16430
C -11.09300 75.57300 13.18280
C -7.91495 74.88880 13.19040
C -8.96429 77.95570 13.15690
C -6.86084 80.32170 13.19490
C -5.85822 77.21760 13.20990
C -4.66245 74.15200 13.12370
C -2.66960 76.56290 13.14450
C -0.46939 78.92260 13.30150
C -3.60601 79.68150 13.34880
C 0.59362 75.99480 13.17930
C 3.80450 75.52370 13.11700
C 7.09325 74.86690 13.03550
C 2.75444 78.55390 13.20200
C 6.02732 77.92710 13.17920
H 3.11862 80.43480 11.67280
H 4.21665 77.38290 11.58150
H 5.28149 74.32630 11.46800
H 6.30592 79.74930 11.56980
C -16.50930 82.16290 13.10310
C -13.34000 81.56990 13.21480
C -17.52760 85.29660 13.14690
C -14.30670 84.74980 13.27090
C -15.43550 87.59960 13.13460
C -10.11180 80.81900 13.27670
C -12.03720 86.95140 13.23620
C -7.77785 83.38310 13.35070
C -11.06900 83.99330 13.31860
C -8.96575 86.36990 13.30980
C -5.74845 85.79850 13.28100
C -1.52757 82.11320 13.40450
C -4.70631 82.72710 13.25440
C -2.59942 85.12830 13.30860
C -0.47307 87.56510 13.22820
C 4.96887 80.85790 13.27920
C 0.62062 84.58540 13.36020
C 1.73194 81.52220 13.40410
C 3.79163 84.02070 13.35020
C 7.07464 83.41320 13.32020
C 2.69266 86.91750 13.23020
C 5.87571 86.37330 13.23330
H 5.25454 82.77900 11.77880
C -18.57200 88.14960 13.02330
C -14.29630 92.92940 13.23990
C -17.44400 93.62140 13.17870
C -13.20830 89.88420 13.20120
C -16.32580 90.58750 13.10000
C -6.76946 88.77100 13.22560
C -11.04830 92.43050 13.29160
C -9.95139 89.39440 13.24480
C -7.83759 91.84030 13.22540
C -5.71304 94.22060 13.13750
C -3.62857 88.20090 13.18810
C -4.60767 91.14460 13.11700
C -1.54136 90.57600 13.15630
C -2.63935 93.67490 13.10440
C 6.97452 91.81240 13.14550
C 0.54158 92.95560 13.15500
C 4.76070 89.32860 13.21800
C 3.69702 92.52010 13.21410
C 1.71785 90.05250 13.13500
C -18.57460 96.63140 13.18800
C -16.44020 99.14590 13.25870
C -15.35420 96.02860 13.27050
C -13.33850 98.56960 13.28710
C -9.97621 98.04620 13.19750
C -6.72125 97.17100 13.13280
C -8.95675 94.80260 13.27320
C -11.03870 100.99600 13.05590
C -7.86247 100.44600 13.05680
C -12.14830 95.46320 13.35780
C -0.47755 96.15500 13.13360
C -3.68674 96.68360 13.04720
C -1.53339 99.13740 13.01140
C -4.65147 99.72280 13.05980
C 6.00032 94.80060 13.17750
C 1.64563 98.52700 13.07290
C 3.84085 101.03300 12.97610
C 4.90117 97.83970 13.09200
C 2.78483 95.41050 13.25060
C 7.07513 100.36000 12.96620
C -17.36150 102.14800 9.92528
C -15.33850 104.51600 9.82678
C -16.49280 107.58600 9.81425
C -13.35550 107.03200 9.66209
C -18.63440 105.12400 9.89931
C -14.33910 101.44900 9.93986
H -18.19100 106.97900 11.44460
H -17.11890 103.99700 11.45950
H -15.02270 106.38000 11.34010
H -13.91950 103.29700 11.45310
H -19.19930 101.54500 11.48600
C -12.24670 103.85100 9.70866
C -9.03704 103.34100 9.66962
C -10.17020 106.35000 9.61328
C -6.85977 105.61900 9.49538
H -6.48505 107.55800 11.03730
H -11.86770 105.77800 11.22700
H -8.60506 105.17600 11.16200
H -7.59943 102.10500 11.23380
H -10.77390 102.77200 11.34910
C -5.81709 102.52000 9.67066
C -2.54318 102.05600 9.66845
C -3.58403 105.00200 9.55847
C -0.38272 104.42700 9.62987
C -1.47599 107.33300 9.49576
H -4.26254 101.49000 11.36050
H -5.45476 104.50700 11.11460
H -3.26686 106.88500 11.15150
H -0.01045 106.31200 11.18320
H -2.16927 103.90200 11.25950
C 0.65975 101.34300 9.68352
C 2.85811 103.85700 9.51208
C 1.69575 106.77900 9.39032
C 5.92811 103.18800 9.51984
C 5.00672 106.24900 9.32432
H 6.47336 105.12900 10.95950
H 1.09874 103.29300 11.20680
H 4.22194 102.71900 11.27520
H 3.22094 105.73200 10.95020
C -17.54380 110.44500 9.85002
C -14.43980 109.98100 9.74757
C -15.43140 112.94400 9.65082
C -18.53560 113.51800 9.67348
H -12.92010 108.84400 11.24880
H -13.90940 111.85000 11.28350
H -17.15100 112.31900 11.38420
H -16.04590 109.35000 11.48310
H -19.28580 110.01100 11.48820
C -12.20050 112.33900 9.57323
C -11.13900 109.34700 9.62882
C -7.99832 108.73300 9.45455
C -9.06320 111.80000 9.42699
C -6.91234 114.09000 9.33928
H -11.78090 114.20300 11.10800
H -8.63463 113.65500 11.03180
H -7.55893 110.57700 10.99300
H -10.72450 111.17300 11.15380
H -9.65097 108.17000 11.21500
C -4.69205 108.02900 9.41995
C -5.84879 111.12600 9.39616
C -2.65540 110.41400 9.28360
C -3.71385 113.52200 9.29992
C -0.41471 112.91600 9.16820
H -2.20739 112.31500 10.83080
H -5.39514 112.98000 10.98280
H -1.17016 109.31800 10.93730
H -4.35325 109.95000 11.00070
C 0.55593 109.87900 9.26323
C 3.86897 109.26500 9.13837
C 7.07966 108.60300 9.12171
C 5.90955 111.71700 9.04392
C 2.69731 112.33600 9.13925
H 6.26607 113.62700 10.58770
H 3.09994 114.14000 10.76310
H 4.17068 111.12700 10.64200
H 0.97075 111.72300 10.79000
H 2.11312 108.75200 10.83260
H 5.31655 108.16000 10.84460
C 4.73530 114.80100 9.01308
H -15.04200 114.84400 11.20400
C -16.40680 116.06200 9.53445
C -13.21710 115.37900 9.53838
C -17.58420 118.98400 9.53954
C -14.36820 118.42500 9.52456
H -12.87870 117.22200 11.07830
H -13.96820 120.19500 11.10220
H -17.19390 120.84600 10.96900
H -16.10450 117.88300 11.18470
H -18.16160 115.42800 11.14820
H -19.29230 118.38700 11.21110
C -15.60320 121.35500 9.62534
C -10.10310 114.75700 9.37425
C -12.25900 120.83200 9.46089
C -7.99541 117.22600 9.31112
C -11.24660 117.91700 9.41307
C -9.03709 120.15900 9.43839
H -6.38741 116.02900 10.80840
H -7.54885 119.01600 11.00290
H -10.81320 119.67300 11.09630
H -9.68034 116.62900 10.89040
H -0.05016 114.75500 10.76550
C -5.84040 119.49900 9.33102
C -4.61319 116.61200 9.20826
C -1.53425 115.89700 9.19001
C -2.60917 119.01600 9.18755
H -2.22126 120.78500 10.82790
H -1.10396 117.74500 10.72330
H -3.27025 115.37900 10.91480
H -4.29068 118.40500 10.88680
H -5.42925 121.36500 10.92960
C -0.57954 121.43900 9.09597
C 0.64058 118.33600 9.06869
C 3.74468 117.82800 9.04109
C 1.62149 115.33600 9.12030
C 2.70988 120.69300 9.01115
C 5.95080 120.15400 9.02620
H 5.20937 116.62400 10.63630
H 4.22393 119.64700 10.67730
H 0.95930 120.25400 10.61780
H 2.10986 117.15400 10.67590
C 6.91174 117.22800 9.05432
C -18.81490 122.11300 9.66205
C -16.47980 124.44600 9.69691
C -13.42550 123.81300 9.57976
C -17.66260 127.30000 9.81510
C -14.44760 126.77000 9.65756
H -18.28760 123.89100 11.30250
H -16.13300 126.20500 11.39020
H -12.97890 125.59800 11.21190
H -15.05470 123.18800 11.23910
H -19.41460 126.82700 11.46950
C -10.10270 123.21800 9.44385
C -11.28380 126.21100 9.50676
C -6.89718 122.60300 9.36749
C -8.01460 125.57800 9.42217
H -7.59728 127.42300 10.99880
H -10.79960 128.08900 11.01510
H -8.59890 122.03600 11.06100
H -6.48466 124.40200 10.96840
H -9.75336 125.04100 11.05130
H -11.85280 122.63100 11.08210
C -5.84271 127.96600 9.42800
C -1.61919 124.44600 9.18592
C -4.74522 125.03700 9.33925
C -3.70872 122.01200 9.29296
C -2.72339 127.39300 9.27922
H -3.27508 123.85000 10.84260
H -0.14802 123.25700 10.76010
H -1.11331 126.28200 10.69580
H -4.31670 126.82100 11.02210
C 0.59256 126.84300 9.04070
C 1.51171 123.84900 9.02895
C 7.06510 125.56200 8.97693
C 3.83609 126.28000 9.03365
C 4.88879 123.16300 8.95150
H 6.31937 122.02300 10.59830
H 4.17426 128.07300 10.69460
H 2.06663 125.68600 10.57410
H 5.26149 125.00900 10.59810
H 3.04474 122.67400 10.51470
C -16.53040 132.80200 9.64097
C -15.43040 129.84500 9.66500
C -18.52890 130.44600 9.73863
C -13.35420 132.22300 9.61618
H -17.13890 129.20100 11.33650
H -13.96330 128.59000 11.25110
H -15.05840 131.66100 11.22280
H -18.19330 132.27800 11.40710
H -12.94780 134.12200 11.14090
H -16.15170 134.72300 11.14710
C -9.03805 128.64700 9.36626
C -10.28460 131.71200 9.49273
C -12.32410 129.26700 9.53229
C -11.27040 134.67300 9.48910
C -8.04144 134.03100 9.42136
C -6.87913 130.98800 9.40172
H -6.57238 132.81100 11.05970
H -8.72764 130.47900 10.92440
H -9.76752 133.51000 11.12530
H -11.89610 131.00600 11.18710
C -3.77537 130.32800 9.34918
C -1.73299 132.89400 9.22503
H -5.45681 129.80700 11.00260
H -3.38419 132.19900 10.92140
C -0.67811 129.82300 9.19452
H -0.14329 131.67700 10.72260
C -4.87822 133.50500 9.31323
H -2.27583 129.18400 10.92790
H -1.29929 134.68600 10.84450
C 3.74927 134.73600 9.17521
H 2.03599 134.08400 10.76040
H 6.34962 130.42000 10.51970
H 0.98745 128.68100 10.60080
C 5.87049 128.53700 9.00161
H 5.22109 133.46500 10.69470
C 4.79054 131.69100 9.07436
H 3.06696 131.09000 10.77910
C 2.80592 129.33900 9.06134
C 6.99895 134.04200 9.04106
C 1.60098 132.24500 9.15959
C -17.53120 102.24300 13.14190
C -15.31310 104.57300 13.00640
C -16.41390 107.51200 13.01230
C -13.19400 107.09500 12.86030
C -18.52910 105.20100 13.07640
C -14.23490 101.52300 13.17820
C -12.13550 104.01900 12.96860
C -8.93709 103.41900 12.82320
C -10.03870 106.32500 12.78900
C -6.83673 105.79300 12.75700
C -5.82029 102.74000 12.81920
C -2.49561 102.14400 12.95720
C -3.69969 105.06200 12.78170
C -0.33997 104.62000 12.78160
C -1.51760 107.58300 12.69010
C 0.65378 101.53900 12.88790
C 2.82321 104.10200 12.75560
C 1.84737 107.04100 12.57350
C 6.01979 103.44700 12.75420
C 5.00616 106.38100 12.49270
C -18.54880 113.65600 12.88380
C -17.50190 110.54100 13.05790
C -14.26630 110.02200 12.96280
C -15.40000 113.05400 12.90310
C -12.06040 112.47200 12.79670
C -11.08370 109.40900 12.76330
C -7.83158 108.84000 12.70420
C -8.88708 111.84100 12.67010
C -6.76070 114.27500 12.54190
C -5.75723 111.20300 12.59780
C -4.69550 108.19800 12.69610
C -2.59056 110.56200 12.57960
C -3.55388 113.53200 12.55120
C -0.40425 112.94900 12.39050
C 7.13046 108.86700 12.38280
C 0.65371 109.92000 12.45270
C 3.83388 109.43500 12.42440
C 2.80076 112.32600 12.34880
C 6.00701 111.78300 12.19060
C -16.45250 116.09800 12.78860
C -13.17530 115.46400 12.72700
C -17.50010 119.08800 12.70800
C -14.24690 118.42500 12.72460
C -15.47790 121.26100 12.68730
C -9.98019 114.91400 12.67910
C -12.29310 120.79900 12.71960
C -7.84526 117.14900 12.50540
C -11.04810 117.79100 12.63210
C -8.95256 120.19500 12.63060
C -5.69857 119.56700 12.56940
C -4.72081 116.65300 12.48750
C -1.41767 115.96300 12.41800
C -2.40576 118.95200 12.40810
C -0.38039 121.41200 12.36790
C 0.73475 118.42800 12.24420
C 4.90423 114.82200 12.27580
C 6.95026 117.15200 12.25980
C 3.82140 117.80400 12.28180
C 1.68821 115.39500 12.36270
C 2.75331 120.90100 12.22690
C 6.00975 120.28500 12.29450
C -14.31630 126.80900 12.91020
C -17.56220 127.35000 12.96190
C -16.45870 124.30400 12.92340
C -13.26470 123.73700 12.79010
C -18.50830 121.91400 12.73420
C -6.72456 122.57500 12.64610
C -7.90441 125.59700 12.59580
C -10.07870 123.15200 12.68530
C -11.12470 126.23800 12.64480
C -5.79150 128.01700 12.56850
C -3.51334 121.98300 12.45180
C -2.38570 127.33700 12.47360
C -1.47845 124.56200 12.37110
C -4.66568 124.93200 12.56910
C 0.67170 126.90200 12.22740
C 1.70527 123.89500 12.19800
C 7.08822 125.54900 12.23750
C 3.82370 126.17200 12.22810
C 4.85240 123.21200 12.19460
C -18.54430 130.35600 12.96680
C -13.24350 132.33900 12.75550
C -16.30880 133.01900 12.85260
C -15.30900 129.87100 12.85060
C -8.96578 128.62800 12.57260
C -6.94952 130.93600 12.58010
C -12.09230 129.16600 12.78250
C -7.92012 134.06400 12.71670
C -11.18750 134.75400 12.74970
C -10.03830 131.63200 12.66470
C -4.77388 133.40000 12.62410
C -3.59099 130.31500 12.55760
C -0.42256 129.79100 12.33820
C -1.57228 132.87800 12.43560
C 6.05338 128.64200 12.19630
C 7.03890 133.96100 12.28660
C 5.02780 131.53100 12.25490
C 2.73503 129.15700 12.29670
C 3.77309 134.65700 12.38600
C 1.63345 132.29600 12.37410
C 9.08107 1.28589 9.02157
C 8.05279 4.27495 9.00449
C 12.21410 0.71966 8.95691
C 11.25800 3.71041 9.02476
C 13.31470 6.14771 8.98428
H 8.39832 6.14307 10.58370
H 11.56930 5.49220 10.60970
H 12.69500 2.49235 10.55270
H 10.50860 0.06183 10.57520
H 9.50214 3.10947 10.64800
H 7.30714 0.71162 10.66670
C 14.40200 3.09689 8.91583
C 17.53680 2.48959 8.90063
C 16.60530 5.63483 9.03278
C 19.84510 5.07356 8.98925
C 15.45340 0.09583 8.87702
H 19.02190 1.30237 10.48600
H 18.04870 4.34111 10.48780
H 15.83330 1.87013 10.52540
H 14.77480 4.89572 10.55770
C 20.76590 1.99043 8.89118
C 22.98950 4.35110 8.98652
C 23.96490 1.35015 8.87638
C 26.06200 3.75679 8.85532
H 26.50090 5.50772 10.51630
H 21.17440 3.73153 10.55350
H 25.35440 0.11724 10.47900
H 22.19820 0.75549 10.53310
H 24.34620 3.14240 10.48130
H 23.33070 6.10685 10.67910
C 27.19440 0.68547 8.87768
C 28.34150 6.05709 8.95452
C 29.33230 3.10463 8.86022
C 32.53210 2.48631 8.89860
C 31.46720 5.51341 8.92643
C 30.50280 -0.04344 8.93715
H 30.70850 1.87245 10.47700
H 27.54170 2.53720 10.42860
H 29.74470 4.90033 10.56020
H 32.93050 4.30137 10.46100
C 10.16850 6.75748 9.02920
C 9.14639 9.78079 9.07780
C 8.10397 12.85400 9.24776
C 12.33350 9.19255 9.17072
C 11.25500 12.14660 9.22516
H 10.49640 8.50944 10.70960
H 12.62290 10.91660 10.87210
H 9.47942 11.54300 10.83590
H 7.36405 9.15822 10.67630
H 13.70220 7.84313 10.68860
C 14.50870 11.49130 9.36479
C 18.69220 7.97981 9.17358
C 15.53940 8.51121 9.24681
C 17.55550 10.84870 9.34720
H 15.84900 10.25080 11.06860
H 19.09440 9.71109 10.84410
H 17.98720 12.65520 10.98250
H 16.97690 7.27832 10.81540
H 20.15860 6.77054 10.68700
C 24.98570 6.74381 9.03541
C 20.73140 10.44610 9.22265
C 21.92380 7.29862 9.05087
C 22.93450 12.73030 9.19564
C 24.09990 9.77461 9.03208
C 26.13390 12.13540 9.19923
H 21.17750 12.21680 10.87960
H 22.31750 9.14470 10.57560
H 25.47030 8.55897 10.69410
H 24.38000 11.52370 10.78820
C 27.23010 9.21164 9.13133
C 30.45800 8.59041 9.05730
C 29.28670 11.59100 9.22548
C 32.51840 10.91650 9.14867
H 27.54940 10.93970 10.83080
H 31.88680 7.27861 10.63610
H 28.68280 7.90181 10.60230
H 32.89740 12.65780 10.85640
H 30.72970 10.35070 10.76270
C 10.16480 15.16230 9.35858
C 13.33890 14.52090 9.32340
C 9.16382 18.25800 9.43017
C 12.23990 17.62690 9.41326
H 11.53300 13.92220 10.91980
H 8.32694 14.59450 10.96440
H 10.51970 17.00530 11.03410
H 12.72230 19.44660 11.00160
H 7.35090 17.62200 11.05560
H 9.50902 20.05870 11.04370
H 13.67360 16.35400 10.98700
H 14.75560 13.37410 10.95240
C 19.61210 13.30660 9.28698
C 16.57250 13.82090 9.29669
C 18.60210 16.39700 9.20954
C 15.43070 16.94640 9.31736
C 17.50860 19.43800 9.27164
H 19.00160 18.16670 10.79020
H 20.12420 15.17320 10.81340
H 16.94190 15.69880 10.89340
H 15.79700 18.76670 10.86090
C 14.41340 19.98880 9.28763
C 20.81900 18.70860 9.22864
C 21.84900 15.83610 9.20269
C 25.12020 15.18420 9.18332
C 23.96540 18.18340 9.23894
H 23.30460 14.60610 10.73650
H 25.45350 16.98180 10.80210
H 22.23070 17.61020 10.88150
H 26.45530 13.94460 10.81560
H 24.27100 20.00210 10.85000
H 29.64730 13.30730 10.95120
C 27.18880 17.52250 9.19956
C 28.28960 14.48500 9.26948
C 31.41810 13.85840 9.31015
C 30.37690 16.93400 9.29256
C 32.56060 19.39780 9.33042
H 30.73970 18.77650 10.86450
H 28.59740 16.33950 10.84660
H 27.59100 19.35520 10.86350
H 31.78800 15.71730 10.85100
C 29.36530 19.98570 9.19251
C 11.30650 20.73830 9.45910
C 8.10757 21.29250 9.52488
C 10.11030 23.59780 9.56527
C 13.32610 23.15010 9.52768
C 12.26760 26.08960 9.57513
H 11.62610 22.48910 11.15300
H 10.53860 25.41690 11.15050
C 9.11815 26.60420 9.58770
H 8.37791 23.03220 11.21990
H 7.40796 26.01580 11.33850
H 13.71900 24.85270 11.15710
C 16.51730 22.34660 9.33974
C 19.74090 21.76460 9.29155
C 18.58380 24.82980 9.42062
C 15.44900 25.45570 9.48909
H 16.87650 24.11720 10.96670
H 20.08970 23.60640 10.91590
H 17.97570 21.16880 10.93200
H 14.80330 21.76280 10.96120
H 19.02380 26.61990 11.03050
C 25.21770 23.57980 9.14846
C 21.79080 24.18000 9.22661
C 22.90300 21.18240 9.17549
C 26.03390 20.50320 9.29482
H 25.51930 25.42830 10.84750
H 26.50490 22.36950 10.83870
H 21.12940 20.57190 10.84610
H 22.24720 25.97210 10.81430
H 23.36070 23.06000 10.74350
C 24.00050 26.66770 9.30037
C 27.29670 26.03280 9.30648
C 31.43430 22.39920 9.35306
C 28.32670 23.00810 9.31534
C 30.45750 25.48090 9.35301
H 32.90970 21.19100 10.97570
H 28.71310 24.79280 10.95160
H 29.70610 21.74520 10.90870
H 31.82800 24.19870 11.00330
C 10.19100 32.07490 9.75624
C 11.20420 29.07440 9.72926
C 13.32990 31.38310 9.64522
C 7.99429 29.72720 9.74467
H 12.70200 27.83340 11.25690
H 8.49303 31.51980 11.36830
H 9.43178 28.42130 11.30600
H 11.62300 30.85280 11.35800
C 17.54210 27.78510 9.45680
C 19.74260 30.07970 9.47445
C 18.71900 33.19420 9.40625
C 16.58790 30.81370 9.53440
C 14.42610 28.41610 9.60610
H 15.87370 27.18870 11.15820
H 17.99430 29.56680 11.09690
H 17.00630 32.64740 11.12180
H 20.23580 32.03080 10.89710
H 14.85500 30.25580 11.20810
H 13.70260 33.20600 11.23210
C 22.07670 32.69230 9.47672
C 26.15300 29.03160 9.40206
C 20.75040 27.23430 9.35490
C 25.08100 32.05520 9.59290
C 22.93610 29.73430 9.53858
H 21.17040 28.97070 11.12300
H 24.40110 28.41000 11.02370
H 23.36920 31.45670 11.22710
H 26.54680 30.80520 11.13310
H 27.62740 27.84760 10.94140
C 31.52160 30.96790 9.39183
C 32.55490 27.91920 9.28371
H 30.81090 27.26300 10.92400
C 28.23050 31.42090 9.38515
H 31.88160 32.73380 11.04220
H 32.91960 29.68810 10.89410
H 28.61220 33.25610 11.03470
H 29.74120 30.23270 10.91420
C 29.39190 28.40840 9.29018
C 9.07548 1.29057 12.17780
C 8.12421 4.31339 12.24550
C 12.25110 0.70953 12.15860
C 11.32610 3.68142 12.22680
C 13.37240 5.97812 12.24380
C 15.52320 0.03682 12.10030
C 14.46900 3.08127 12.15980
C 17.60980 2.50106 12.06620
C 16.62270 5.30450 12.21230
C 19.75850 4.87805 12.20490
C 20.71450 1.89468 12.13580
C 22.93370 4.24071 12.18890
C 23.95230 1.39596 12.13190
C 26.12730 3.61399 12.04170
C 27.12790 0.72536 12.05640
C 28.25400 6.05591 12.15990
C 29.23760 3.00539 12.08350
C 32.46920 2.49201 12.10400
C 31.53780 5.38143 12.20590
C 30.36330 0.14021 12.22420
C 10.17130 6.62795 12.24820
C 9.12988 9.64317 12.39540
C 7.97054 12.63520 12.45720
C 12.26660 9.01328 12.32850
C 11.22990 12.04740 12.52860
C 14.32910 11.48550 12.55430
C 18.70830 7.82304 12.41010
C 15.44440 8.23429 12.42830
C 17.76530 10.79680 12.58010
C 25.10350 6.65335 12.24930
C 20.95010 10.30790 12.30990
C 21.92990 7.36840 12.25190
C 23.01410 12.82020 12.38940
C 24.00150 9.68940 12.33300
C 26.12340 12.11380 12.42640
C 27.28860 9.02415 12.31400
C 30.47610 8.40001 12.28310
C 29.32780 11.37030 12.46770
C 32.51120 10.81250 12.41960
C 10.11630 15.11660 12.57130
C 13.27530 14.51700 12.56730
C 9.09177 18.21300 12.64100
C 12.28640 17.62790 12.61720
C 19.74200 13.42820 12.53500
C 16.58560 13.89470 12.55250
C 18.75170 16.35980 12.46450
C 15.50600 16.94450 12.49080
C 17.57890 19.33760 12.43410
C 14.53750 19.93100 12.60000
C 20.73730 18.74830 12.45980
C 21.86900 15.76280 12.44790
C 25.05750 15.16990 12.40040
C 24.02120 18.16320 12.44050
C 27.21180 17.56760 12.46720
C 28.20900 14.54550 12.45920
C 31.47240 13.84790 12.46100
C 30.36770 16.88320 12.47350
C 32.41990 19.39370 12.55710
C 29.33270 19.90700 12.55470
C 11.24490 20.49880 12.64520
C 8.10729 21.13350 12.74430
C 10.16780 23.57840 12.78240
C 13.47680 22.95910 12.67160
C 12.30550 25.99270 12.80490
C 9.27660 26.54680 12.93130
C 15.60540 25.26570 12.64110
C 18.60590 24.73310 12.56660
C 19.74590 21.74260 12.50660
C 16.55930 22.28330 12.59410
C 21.87830 24.15410 12.44390
C 25.10090 23.55860 12.44060
C 22.85720 21.30620 12.38230
C 26.03360 20.50730 12.43810
C 23.97460 26.44800 12.49130
C 27.20700 26.02690 12.52260
C 28.26390 22.95400 12.50590
C 31.43590 22.35200 12.54120
C 30.44620 25.46850 12.57270
C 8.20732 29.73030 12.98410
C 13.47610 31.39980 12.86990
C 11.28170 28.98350 12.92350
C 10.24040 32.07680 13.02600
C 19.79690 30.28950 12.61890
C 17.72860 27.71750 12.70910
C 18.84590 33.08000 12.64450
C 14.57500 28.40770 12.81430
C 16.67640 30.81550 12.73110
C 25.20040 32.01790 12.78410
C 22.95250 29.50890 12.73670
C 21.78920 32.68550 12.69190
C 20.86540 27.00780 12.57620
C 26.21400 28.94090 12.65210
C 29.41080 28.47100 12.52060
C 28.41920 31.36070 12.60760
C 32.56870 27.82260 12.46050
C 31.48890 30.82400 12.54300
C 9.13705 35.23380 9.89445
C 8.06983 38.00930 9.90311
C 12.26420 34.47500 9.74039
C 11.24580 37.44780 9.87526
C 13.32670 39.87100 9.78387
H 12.71220 36.25410 11.38850
H 11.69070 39.25210 11.48050
H 10.54430 33.87550 11.39090
C 14.35840 36.91600 9.66379
C 17.61930 36.24750 9.53902
C 16.48230 39.30540 9.67352
C 19.76780 38.66220 9.55286
C 15.44820 33.81050 9.58884
H 19.05240 34.97790 11.09050
H 14.80610 38.65560 11.34730
H 15.85610 35.65140 11.16750
H 17.93930 38.10380 11.10770
C 20.88400 35.64440 9.55394
C 22.79750 38.15260 9.52939
C 23.97450 35.06920 9.60526
C 26.15860 37.63500 9.49145
H 22.20980 34.45550 11.18610
H 26.48280 39.35680 11.20220
H 24.37290 36.95100 11.04350
H 21.16550 37.46830 11.20540
H 23.25430 39.91230 11.19300
H 25.44600 33.88430 11.20040
C 27.05270 34.50070 9.49939
C 28.19740 40.01940 9.57522
C 29.19880 36.94040 9.48478
C 32.55300 36.43490 9.52291
C 31.47510 39.31090 9.57566
C 30.37990 33.83100 9.40030
H 30.75560 35.71340 11.03240
H 32.85650 38.17610 11.28200
H 29.61170 38.77080 11.09400
H 27.51940 36.33740 11.08000
C 10.17840 40.39940 9.87662
C 9.04431 43.45840 9.87584
C 12.13260 42.87180 9.83666
C 8.00237 46.49040 9.90116
C 11.22250 46.01380 9.89240
C 14.31890 45.31010 9.84302
C 18.65730 41.76070 9.57365
C 15.26530 42.35640 9.74314
C 17.47020 44.83330 9.74236
H 13.61760 41.66620 11.42910
H 16.84660 41.19570 11.24940
H 20.09920 40.51820 11.17550
C 25.00990 40.62920 9.69117
C 20.84950 44.15970 9.66530
C 21.80470 41.19360 9.60439
C 23.99350 43.53720 9.75204
C 22.92800 46.60780 9.77789
C 26.03780 45.98840 9.71273
H 25.39220 42.35070 11.39170
C 27.06450 43.02130 9.66846
C 30.28900 42.35290 9.55036
C 32.48590 44.74110 9.54995
C 29.26930 45.46370 9.67724
H 31.82430 41.22560 11.09280
H 32.85520 46.53480 11.19250
H 28.53310 41.77960 11.20720
H 30.69390 44.17920 11.16070
C 10.14520 49.11120 10.01410
C 13.28440 48.47430 9.89407
C 9.01503 51.99950 10.02300
C 12.18630 51.36360 10.03170
C 19.72760 47.21220 9.75308
C 16.54920 47.93820 9.83289
C 18.66880 50.31710 9.88525
C 15.38200 50.81690 9.95580
C 17.66350 53.31370 9.95714
C 14.31530 53.76850 9.97266
C 20.93210 52.61620 9.90684
C 21.96340 49.63390 9.85148
C 25.02950 49.02770 9.86939
C 23.98090 51.99690 9.94658
C 27.18840 51.44060 9.89362
C 28.21710 48.36680 9.79192
C 31.38740 47.80610 9.72798
C 30.28260 50.80510 9.82875
C 32.53390 53.24600 9.98873
C 29.32020 53.87830 9.95160
H 31.75490 49.59360 11.37490
C 11.15140 54.31970 10.04110
C 7.97979 55.02590 10.05390
C 10.09320 57.46210 9.99722
C 13.39160 56.83340 10.05180
C 12.27820 59.85660 10.02770
C 9.08845 60.42120 10.04830
C 16.61670 56.21310 10.02240
C 19.78380 55.64320 9.96967
C 15.49120 59.20250 10.03320
C 18.67930 58.50150 10.01730
C 21.85860 57.98710 9.93538
C 23.02520 55.04660 9.91818
C 24.08320 60.44370 9.94905
C 26.15150 54.39950 10.02030
C 25.11630 57.31140 9.93430
C 31.49370 56.26960 10.08440
C 27.35480 59.87650 10.04180
C 28.31900 56.78110 10.11640
C 30.40830 59.29080 10.21690
C 7.99647 63.36110 10.00800
C 13.28800 65.20330 10.00730
C 11.11290 62.78100 10.10290
C 10.19220 65.85430 9.99781
C 19.77460 63.95320 9.99097
C 16.43000 64.59340 10.01170
C 17.50330 61.56800 10.00390
C 14.42020 62.23250 10.13500
C 18.66720 66.98230 9.99127
C 20.81650 60.92060 9.93089
C 21.88160 66.40000 9.99052
C 25.14250 65.83900 10.06510
C 22.99680 63.40210 9.94022
C 26.20480 62.81620 10.05870
C 28.29680 65.21500 10.17630
C 31.45790 64.70200 10.14200
C 29.45190 62.22130 10.17270
C 32.42560 61.66800 10.19960
C 9.16088 35.04590 13.06870
C 8.01126 38.02480 13.13650
C 12.37390 34.38690 12.93670
C 11.40030 37.44700 13.08330
C 13.46060 39.85670 13.04830
H 8.39287 39.87500 11.49430
H 7.35915 34.46750 11.44890
H 9.54256 36.93870 11.60770
C 15.51810 33.78830 12.75700
C 14.54910 36.85900 12.92070
C 17.67650 36.25150 12.70240
C 16.62060 39.33670 12.82480
C 19.66720 38.61380 12.78990
C 20.74940 35.68230 12.76650
C 22.93930 38.05370 12.78180
C 24.00130 35.13770 12.72040
C 26.10540 37.49570 12.72430
C 27.27530 34.48160 12.71610
C 28.21890 39.91360 12.77540
C 29.32350 36.93380 12.69380
C 32.51380 36.28240 12.75130
C 31.33470 39.41590 12.73740
C 30.39630 33.92850 12.62710
C 10.21770 40.35420 13.10200
C 9.02726 43.41630 13.02020
C 12.19400 42.82620 13.08490
C 7.93578 46.33120 13.06690
C 11.22450 45.83510 13.07490
H 10.43350 42.21920 11.49560
H 9.46179 45.28150 11.45550
H 12.59050 44.63720 11.44540
H 7.21655 42.86930 11.42360
C 14.40800 45.31070 13.00110
C 18.72790 41.77380 12.75760
C 15.44520 42.32430 12.98190
C 17.63040 44.72620 12.88020
H 17.98600 46.59210 11.36520
H 15.78930 44.12140 11.36990
H 19.01660 43.57590 11.15120
C 24.99910 40.38210 12.83860
C 20.71870 44.07000 12.83230
C 21.84230 41.12670 12.82130
C 23.87670 43.51620 12.95660
C 22.86680 46.43300 12.99790
C 26.08430 45.81480 12.92070
H 21.11640 45.97860 11.36700
H 22.21960 42.93450 11.27790
H 24.31000 45.31170 11.33600
C 27.16610 42.94160 12.88610
C 30.35710 42.37640 12.77000
C 32.53160 44.68600 12.73920
C 29.28970 45.27330 12.85120
H 27.51190 44.77200 11.24950
C 10.12720 48.84950 13.19590
C 13.40770 48.24680 13.13100
C 9.01653 51.93370 13.26290
C 12.23880 51.29750 13.29570
H 11.58760 47.76110 11.55260
H 8.37267 48.31320 11.59060
H 7.26866 51.31770 11.60510
H 12.64630 53.17730 11.69800
H 10.46510 50.80200 11.67240
H 9.38955 53.81060 11.69740
C 19.72490 47.22060 12.97710
H 14.74180 47.19300 11.40100
H 13.64710 50.19110 11.61560
C 16.53800 47.73700 13.02660
C 18.76040 50.18660 13.07450
C 15.44440 50.80240 13.16310
C 17.63890 53.19840 13.15720
H 19.14440 52.07730 11.52480
H 15.85540 52.63150 11.53170
H 20.10330 49.03570 11.36060
H 16.89470 49.65980 11.53520
C 14.42350 53.80330 13.24460
C 20.91630 52.67450 13.18470
C 21.79290 49.58180 13.06380
C 25.04820 48.93370 13.08430
C 24.01560 51.96190 13.15690
H 22.26520 51.41340 11.54670
H 25.44990 50.78810 11.51190
H 23.29070 48.34770 11.50770
H 24.33720 53.82720 11.56810
H 26.45150 47.76330 11.41810
C 27.24600 51.34410 13.07500
C 28.23640 48.33490 13.00540
C 31.50460 47.70900 12.91590
C 30.29260 50.68030 13.05590
C 32.56880 53.14070 13.15220
C 29.28420 53.63890 13.22480
H 29.65450 47.19100 11.39880
H 28.60410 50.15630 11.40440
H 27.58390 53.18000 11.55580
H 30.71080 52.55770 11.50520
C 11.21200 54.39320 13.29820
C 7.96763 55.01400 13.29440
C 10.18890 57.41540 13.24840
C 13.35960 56.73500 13.17250
C 12.29190 59.79190 13.27970
C 9.06971 60.41850 13.27670
H 7.33893 59.78530 11.61030
H 11.52160 56.16620 11.59000
H 8.40975 56.82350 11.65880
H 10.53290 59.22200 11.66230
H 13.69400 58.62370 11.62810
C 15.45180 59.21770 13.33980
C 16.51900 56.11880 13.23560
C 19.87240 55.50590 13.18140
C 18.74140 58.49380 13.19770
H 18.03000 55.02230 11.63960
H 20.19380 57.37030 11.61840
H 19.02170 60.42290 11.60740
H 16.87470 57.99600 11.67390
H 14.82350 55.58890 11.58080
C 24.05230 60.37240 13.14020
C 22.92280 55.10710 13.10870
C 26.19420 54.32750 13.13560
C 21.99770 58.04030 13.13640
C 25.07410 57.40990 13.16960
H 21.26710 54.42800 11.48080
H 25.49980 59.22110 11.51030
H 22.32040 59.79340 11.46760
H 23.35980 56.86920 11.50760
H 26.49150 56.23230 11.62400
C 27.15570 59.80950 13.23790
C 28.25440 56.74080 13.27430
C 31.49950 56.17590 13.35580
C 30.30610 59.21160 13.37090
H 29.74790 55.56580 11.73100
H 28.63880 58.59670 11.71550
H 31.87930 58.04740 11.77870
H 32.91280 55.03420 11.65570
H 11.57130 64.63970 11.61550
H 12.64580 61.58110 11.69110
H 9.36072 62.20050 11.74010
H 8.35418 65.23360 11.48690
C 13.26770 65.30140 13.25970
C 7.81191 63.47800 13.19280
C 10.07540 65.79680 13.16590
C 11.25880 62.84820 13.22930
H 13.75830 67.01570 11.63580
C 14.38730 62.23450 13.31900
H 15.82270 61.01170 11.74830
H 14.70630 64.05370 11.70390
C 16.53790 64.55950 13.28260
C 18.82560 66.98060 13.24230
C 19.79220 63.91300 13.10710
C 17.65170 61.63680 13.25350
H 20.13050 65.79920 11.58350
H 16.97920 66.38690 11.65480
H 17.91220 63.44490 11.56840
H 26.52240 64.60650 11.66360
H 21.27760 62.77920 11.49240
C 25.04750 65.75510 13.26300
C 26.06680 62.82260 13.25120
H 23.32750 65.23790 11.57090
C 21.90190 66.31980 13.22490
C 20.93220 60.95630 13.11490
C 22.98280 63.45030 13.20010
H 24.38280 62.20890 11.60090
C 28.19170 65.13240 13.32350
H 29.69460 63.99580 11.77150
H 31.82540 66.46680 11.84410
H 28.62700 67.05900 11.82840
C 32.55380 61.64810 13.37190
C 29.30320 62.20230 13.43730
C 31.41900 64.62980 13.42290
H 30.72800 61.04610 11.87490
H 27.58680 61.68380 11.71360
H 32.81090 63.45860 11.77750
C 9.12208 68.73270 10.06340
C 8.18339 71.73180 9.93283
C 12.35200 68.26280 10.04760
C 11.43810 71.17670 10.00450
C 13.40900 73.59780 9.96882
C 14.59170 70.51010 10.06290
C 17.64360 70.01240 10.06430
C 16.64650 72.94540 9.98425
C 19.95530 72.30070 10.04140
C 15.56100 67.66630 10.11120
C 21.00240 69.43010 10.00270
C 23.11230 71.82710 10.01960
C 24.08140 68.77020 10.08580
C 26.29310 71.25860 10.08790
C 27.26300 68.29320 10.22450
C 30.38660 67.70410 10.15760
C 28.31530 73.70370 9.99353
C 29.36260 70.65110 10.07430
C 32.50740 69.99780 10.05910
C 31.40920 72.98750 9.92086
H 32.93070 71.84370 11.53430
C 10.29720 74.22380 9.91139
C 9.14810 77.33090 9.85388
C 8.07053 80.45590 10.01870
C 12.33460 76.57540 9.92343
C 11.28400 79.76960 9.89609
C 14.50350 79.13510 9.89977
C 18.69590 75.37590 9.88064
C 15.51010 76.22550 9.99892
C 17.75150 78.52850 9.94557
H 18.13030 80.33030 11.60710
C 25.27240 74.27140 10.07640
C 21.06370 77.85910 9.94179
C 22.03190 74.90570 10.01540
C 23.08460 80.24600 10.05370
C 24.17140 77.29640 10.06150
C 26.27800 79.71960 9.98502
H 24.56890 79.11810 11.64450
H 21.30400 79.66850 11.66400
C 27.19560 76.76670 10.06720
C 30.45660 76.14250 9.93196
C 29.35630 79.13600 9.88365
C 32.44840 78.57840 9.75641
H 32.96300 80.43320 11.29110
H 30.83190 77.98820 11.54320
H 28.72020 75.52590 11.57350
H 31.84900 74.85260 11.47370
H 27.70230 78.56500 11.63830
C 10.14400 82.69910 10.03210
C 13.41780 82.10800 9.98049
C 9.05497 85.70930 9.98199
C 12.30250 85.06130 10.09950
H 7.37599 85.19490 11.65300
H 8.44585 82.15180 11.72450
H 10.52340 84.56290 11.64600
H 12.74140 86.94010 11.67450
H 9.62729 87.53060 11.54580
C 19.99910 80.97470 10.08610
C 16.66810 81.52270 10.01180
C 18.78970 83.78710 10.09900
C 15.50470 84.43010 10.08580
C 17.61320 86.86250 10.09170
C 14.54660 87.43440 10.06480
H 13.76570 83.87500 11.67940
H 20.24800 82.79070 11.78880
H 16.99700 83.29000 11.72610
H 15.95150 86.20850 11.76340
H 19.11320 85.69310 11.63760
C 20.86610 86.21680 10.03880
C 21.94800 83.33870 10.07850
C 25.13400 82.76870 9.97194
C 24.04340 85.72880 9.96052
H 25.60320 84.63840 11.51770
H 26.62810 81.58090 11.50060
H 23.42230 82.14450 11.64820
H 24.47700 87.60390 11.47910
H 22.43110 85.14390 11.62530
H 29.79150 81.02860 11.42800
C 27.31870 85.18540 9.82380
C 28.32430 82.19870 9.86346
C 31.44640 81.63690 9.75458
C 30.35130 84.57160 9.74241
C 32.67820 86.81330 9.56892
H 27.68370 87.04680 11.34120
H 30.88580 86.48290 11.24710
H 31.90320 83.44380 11.36080
H 28.73520 84.06100 11.46230
C 29.34370 87.60390 9.64506
C 8.00301 88.63160 10.01840
C 11.37780 88.08770 9.90514
C 10.11800 91.07510 9.92368
C 13.44790 90.55620 9.88025
C 12.29240 93.58060 9.91738
C 9.11218 94.07590 9.87612
H 7.39761 93.58960 11.57130
H 8.33075 90.53970 11.54060
H 11.67720 89.99920 11.49530
H 10.51600 92.91260 11.53830
C 19.73940 89.26500 9.93161
C 16.76040 89.87020 9.87346
C 18.77770 92.35070 9.70560
C 15.53150 92.85990 9.76769
H 19.11960 94.22320 11.18040
H 17.03770 91.79070 11.39680
H 20.17610 91.17720 11.38480
H 13.81280 92.41560 11.51010
H 14.94700 89.37780 11.53000
H 18.10110 88.73740 11.62520
C 25.07020 91.19850 9.73287
C 22.91250 88.70420 9.90034
C 21.90950 91.70940 9.73990
C 26.20040 88.17230 9.78856
H 26.56020 90.05650 11.33340
C 24.05630 94.24150 9.75058
H 22.28600 93.62290 11.35940
H 25.45110 93.05610 11.33420
H 23.30790 90.60640 11.39280
H 21.25000 88.12960 11.52250
C 27.23460 93.62710 9.72348
C 30.39480 93.14640 9.59093
C 28.23230 90.68180 9.72149
C 31.35600 90.06240 9.50547
H 31.88100 91.91020 11.09260
H 29.71010 89.46030 11.23670
H 28.78360 92.48620 11.33460
H 32.92760 88.81520 11.06560
C 10.06910 99.60060 9.56741
C 8.08720 97.12450 9.81539
C 13.43860 98.95450 9.47530
C 11.26300 96.53730 9.74187
H 11.64110 98.46580 11.17300
H 12.74740 95.46790 11.44900
H 8.45526 99.03740 11.35520
H 9.51393 95.97450 11.45480
H 13.80290 100.85000 11.02060
C 18.77500 100.73400 9.36828
C 16.60670 98.40860 9.42184
C 19.93830 97.71120 9.49753
H 17.01040 100.22200 10.94670
H 20.22720 99.63080 11.03980
C 14.38690 95.93240 9.59731
C 17.68400 95.41300 9.54832
H 15.91440 94.86540 11.21720
H 14.88320 97.77080 11.09150
H 18.09510 97.25500 11.05480
C 26.17530 96.62860 9.66466
C 25.11320 99.72810 9.57014
C 22.05620 100.19800 9.47845
H 24.47310 96.07890 11.38970
H 26.57400 98.50390 11.14460
C 20.94540 94.75970 9.60596
H 23.41560 99.12150 11.28110
C 23.13200 97.20280 9.65395
H 21.28270 96.60600 11.16970
H 28.74720 100.90700 11.12510
C 28.30900 99.05240 9.54358
C 32.54200 95.54360 9.54509
H 30.88260 94.92630 11.26440
H 27.64120 95.46310 11.30680
H 33.02170 97.33890 11.20610
H 31.97670 100.25100 11.10010
H 29.82150 97.90380 11.14150
C 31.51770 98.39670 9.49856
C 29.33440 95.99770 9.64501
C 9.06916 68.80560 13.23040
C 8.12099 71.95400 13.09440
C 12.40740 68.22540 13.30420
C 11.37930 71.21850 13.25510
C 13.42910 73.65150 13.22540
H 7.32024 68.25870 11.62300
H 10.63360 67.66500 11.68430
H 12.82550 70.00430 11.67470
H 9.59610 70.64900 11.62720
H 8.49049 73.69670 11.39860
H 11.66530 73.01740 11.58680
C 14.62540 70.64240 13.30030
C 17.83990 69.95690 13.28630
C 16.62270 72.99330 13.19680
C 19.94960 72.51170 13.22670
C 15.51150 67.56410 13.26500
H 15.97960 69.43950 11.77620
H 18.11800 71.79100 11.68020
H 19.16620 68.80910 11.57710
H 14.86390 72.44700 11.59060
C 20.87750 69.41090 13.24780
C 23.10380 71.85350 13.28430
C 24.00880 68.88290 13.27840
C 26.13800 71.30390 13.32240
H 23.44040 73.66220 11.62050
H 21.38390 71.22090 11.67750
H 22.27050 68.19620 11.65440
H 25.49160 67.63550 11.78830
H 26.61790 73.08560 11.68460
H 24.50390 70.64100 11.63340
C 27.20520 68.30730 13.37610
C 30.40310 67.70560 13.42160
C 28.39240 73.69020 13.23890
C 29.41570 70.79880 13.32740
C 32.65270 70.12210 13.24520
C 31.54440 73.03390 13.14460
H 29.72240 72.51150 11.60930
H 27.65670 70.13900 11.79490
H 30.74980 69.50410 11.73480
C 10.18670 74.32160 13.08020
C 9.07369 77.30110 13.11250
C 8.05611 80.29050 13.19990
C 12.20510 76.70830 13.14690
C 11.22520 79.64580 13.13590
H 7.35990 76.75550 11.46900
H 9.48219 79.13690 11.51300
H 10.50400 76.11680 11.48860
H 12.67440 78.50190 11.48810
C 14.54490 78.92730 13.09230
C 18.77170 75.42820 13.12670
C 15.50990 76.13790 13.18030
C 17.72250 78.44630 13.06700
H 19.19270 77.24710 11.46080
H 20.19900 74.27870 11.53530
H 13.73550 75.44990 11.61450
H 15.92250 77.85730 11.44950
H 16.93860 74.87030 11.56480
C 25.16200 74.27490 13.25410
C 20.89440 77.80520 13.21430
C 22.05000 74.82460 13.21430
C 23.08330 80.31400 13.24210
C 24.12480 77.27080 13.23260
C 26.29310 79.88050 13.18730
H 22.38100 76.70690 11.62620
H 25.53660 76.10380 11.70190
C 27.33480 76.70840 13.21250
C 30.54860 76.08390 13.11390
C 29.53090 79.26190 13.13580
C 32.70130 78.59320 13.02590
C 10.28650 82.69620 13.27790
C 13.45200 81.99330 13.23220
C 9.09667 85.79390 13.24160
C 12.32230 85.15310 13.27020
H 11.63250 81.53090 11.57950
C 19.88100 80.88930 13.29950
C 16.66670 81.36990 13.24990
C 18.69100 83.93300 13.36680
C 15.47750 84.37060 13.35210
C 17.81370 86.92660 13.25140
C 14.55090 87.63240 13.27560
H 14.90500 80.88170 11.56730
C 20.97300 86.34350 13.14080
C 22.11730 83.41500 13.31060
C 25.25810 82.89040 13.15360
C 24.19880 85.85040 13.14870
C 29.49780 87.67020 12.87290
C 27.40830 85.30830 13.07460
C 28.44590 82.21040 13.07120
C 31.60970 81.59640 12.98700
C 30.53340 84.73920 12.97290
C 32.71910 87.07430 12.84790
C 12.34810 93.65730 13.10180
C 13.44220 90.59460 13.12000
C 10.11170 91.09550 13.13810
C 11.29720 88.25570 13.20860
C 8.09770 88.67290 13.13520
C 9.18815 94.20680 13.13860
C 15.64310 93.09420 12.99240
C 16.71670 90.05090 13.15750
C 19.84490 89.42230 13.10680
C 18.84950 92.49810 12.94050
C 21.89970 91.80430 13.02410
C 26.35100 88.23860 12.96500
C 23.01370 88.81400 13.06280
C 25.16980 91.17240 12.93100
C 24.04150 94.27250 12.98360
C 27.27850 93.62560 12.92600
C 28.34950 90.58430 12.91150
C 30.60430 93.07290 12.88860
C 31.54980 90.08320 12.72090
C 11.34770 96.74520 12.97550
C 10.34760 99.66520 12.88940
C 13.51950 99.02700 12.69120
C 8.14752 97.23680 13.08700
C 14.59610 96.12070 12.92220
C 16.70550 98.44860 12.62240
C 19.86840 97.86180 12.67260
C 17.69660 95.47490 12.76580
C 18.76280 100.84700 12.57200
C 26.28640 96.77480 12.90180
C 20.78340 94.86730 12.83540
C 25.22770 99.74490 12.81280
C 21.81190 100.36600 12.71420
C 22.96000 97.28070 12.86670
C 28.37980 99.07470 12.71850
C 31.56170 98.54240 12.80520
C 29.49270 96.15050 12.83950
C 32.70140 95.60030 12.83640
C 9.11611 102.49200 9.54866
C 8.23110 105.63300 9.30529
C 12.28130 101.98500 9.44459
C 11.27060 104.95200 9.31593
C 13.40810 107.46200 9.22168
H 11.66980 106.85200 10.79800
H 12.79460 103.85500 10.93920
H 10.60580 101.41600 11.20200
H 8.51051 107.55800 10.81050
H 9.55607 104.44300 11.01900
H 7.34040 102.04500 11.18240
C 14.59050 104.39500 9.26613
C 17.73180 103.80100 9.31305
C 16.69060 106.86600 9.26932
C 19.89590 106.23100 9.27267
C 15.53960 101.39000 9.34436
H 15.98540 103.24400 10.93890
H 18.07440 105.67400 10.88700
H 14.89690 106.27600 10.80960
H 19.12290 102.57400 10.94060
C 20.84700 103.29400 9.37537
C 23.09480 105.62400 9.40369
C 24.21220 102.69200 9.49921
C 26.12730 105.00500 9.33095
H 24.48190 104.52600 11.15500
H 21.25490 105.12900 10.98430
H 23.41510 107.52600 10.94060
H 26.71180 106.90000 10.78560
H 25.56230 101.50900 11.12250
H 22.32760 102.10100 10.98390
C 27.32280 101.98600 9.45764
C 30.49260 101.33700 9.41241
C 28.50940 107.31900 9.14539
C 29.43790 104.43900 9.31552
C 32.75350 103.83200 9.29341
C 31.62240 106.79600 9.31184
H 30.91760 103.22800 10.83310
H 27.65450 103.92600 10.91100
H 29.85820 106.31100 10.90840
H 33.02730 105.65400 10.96550
C 10.25100 108.03000 9.15874
C 9.20751 111.04300 8.95493
C 12.45380 110.46400 9.25414
C 8.11072 114.20100 9.02240
C 11.37870 113.57700 9.13493
H 9.49256 112.91700 10.61130
H 10.58910 109.91800 10.66500
H 12.68790 112.34600 10.86990
H 7.42556 110.54300 10.60380
H 13.81130 109.22700 10.95670
H 20.18320 108.04600 10.91790
C 14.49070 112.96300 9.31014
C 18.78890 109.25500 9.25219
C 15.48490 109.94500 9.32454
C 17.68470 112.23500 9.41431
H 18.11630 114.08400 11.00360
H 16.97440 108.74200 10.84600
H 15.86720 111.77800 11.02090
H 19.19960 111.03400 10.92800
C 25.12960 108.07100 9.22722
C 20.79060 111.68600 9.15282
C 21.94850 108.66200 9.30289
C 24.05390 111.03600 9.11952
C 23.01140 114.04200 9.12235
C 26.15930 113.53300 9.13900
H 25.53370 109.93000 10.77030
H 22.27540 110.57500 10.72580
H 21.26180 113.48200 10.75720
H 24.43030 112.87700 10.75320
C 27.24630 110.52200 9.07987
C 30.61690 109.85700 9.05814
C 32.75220 112.28700 9.11481
C 29.50450 112.97700 9.10954
H 28.80760 109.32500 10.57130
H 30.90220 111.73200 10.70080
H 33.02640 114.10900 10.75570
H 27.70360 112.35900 10.70980
H 31.94150 108.68900 10.79410
C 10.33940 116.65900 9.12352
C 13.52600 115.97000 9.26429
C 9.13891 119.56000 9.08519
C 12.39920 118.92500 9.15921
H 8.44456 116.04200 10.62820
H 10.58460 118.42700 10.77540
H 12.74420 120.75500 10.72670
H 11.66520 115.37100 10.78110
H 7.35750 119.01900 10.71220
H 9.51112 121.40900 10.70060
C 19.76020 114.69000 9.25072
H 14.84480 114.78700 10.94230
H 13.84690 117.82800 10.81630
C 16.69520 115.15900 9.31711
C 18.82550 117.63100 9.21508
C 15.67130 118.30300 9.21466
C 17.77630 120.69200 9.15446
H 17.03550 117.05800 10.86900
H 15.99160 120.14200 10.78540
H 20.27180 116.49400 10.84100
H 19.14260 119.47000 10.79830
C 14.57310 121.37000 9.19671
C 20.87760 120.04300 9.17964
C 21.94780 117.13800 9.15080
C 25.26600 116.48500 9.06497
C 24.03270 119.51900 9.12603
H 25.49130 118.31300 10.69780
H 22.31520 118.91000 10.79000
H 26.69590 115.35500 10.70320
H 23.47210 115.93600 10.69650
H 24.43020 121.33500 10.71730
H 29.81170 114.75000 10.81680
C 27.33190 118.83000 9.08245
C 28.47220 115.95300 9.10269
C 31.61540 115.32200 9.21954
C 30.55560 118.36600 9.18783
C 32.66370 120.64000 9.27294
H 30.82570 120.16200 10.85830
H 27.67870 120.72200 10.58830
H 31.97980 117.21400 10.78360
H 28.75790 117.70600 10.76280
C 29.54640 121.31100 9.05439
C 11.29670 121.87600 9.07006
C 12.45130 127.19100 8.85131
C 13.58840 124.17900 9.09694
C 8.12190 122.53300 9.00691
C 10.10840 124.80800 8.90785
H 11.63540 123.77600 10.55040
H 10.58810 126.77300 10.36310
H 8.43912 124.35600 10.59160
C 9.01873 127.90400 8.84944
H 7.37379 127.36100 10.60200
H 13.80820 126.10200 10.60740
C 15.55690 126.61900 8.95510
C 18.76700 126.06800 9.07569
C 19.91780 123.10200 9.15481
C 16.58900 123.59000 9.16771
H 16.94760 125.52400 10.67120
H 20.23520 124.94900 10.71100
H 18.07240 122.53300 10.74730
H 14.86540 123.13500 10.86170
H 19.10240 127.96700 10.61820
C 26.09930 121.89500 9.07551
C 22.03280 125.43000 9.09235
C 23.00430 122.54300 9.09053
C 25.20280 125.00400 9.10214
C 24.12990 127.99100 9.04862
H 22.33360 127.36900 10.60970
H 26.62860 123.73000 10.67300
H 25.60940 126.82200 10.67130
H 23.44350 124.35300 10.74160
H 21.32320 121.89100 10.77550
C 27.37310 127.37400 9.08032
C 31.63830 123.80700 9.08902
C 30.58220 126.77300 9.13314
C 28.38420 124.41000 9.07025
H 28.77070 126.20200 10.66910
H 31.92440 125.59700 10.72320
H 32.97160 122.53600 10.76980
H 29.82410 123.17600 10.62420
C 11.36680 130.37500 8.80780
C 8.01272 131.09600 8.86879
C 10.15180 133.38400 8.94174
C 13.29840 132.95800 8.94218
H 11.57310 132.16200 10.50670
H 12.74540 129.10800 10.39350
H 8.41807 132.79800 10.58860
H 9.50105 129.79300 10.33870
H 13.67850 134.65700 10.53880
H 17.97850 130.97700 10.46280
C 16.54420 132.15100 8.85705
C 19.74130 131.63500 8.81655
C 18.68720 134.60500 8.84116
C 17.73380 129.12200 8.90293
C 14.50320 129.68100 8.75826
H 16.90630 133.99600 10.46130
H 20.05390 133.42400 10.45990
H 14.73260 131.51900 10.39580
H 15.87740 128.52700 10.42000
C 20.85860 128.43400 8.92049
C 23.11890 130.91200 9.03439
H 21.17360 130.38700 10.41600
H 23.25170 132.83600 10.52990
C 26.23240 130.27200 9.03603
H 26.49180 132.19300 10.50920
H 24.46390 129.73800 10.72600
C 25.05300 133.30500 8.89710
C 21.88040 134.01100 8.87770
H 29.78340 131.60400 10.55450
H 30.83910 128.61700 10.70650
H 32.98030 131.06600 10.77840
H 27.68390 129.18200 10.71630
H 31.88020 134.02000 10.72340
C 28.32810 132.72700 8.91831
H 28.67460 134.60600 10.54870
C 29.33400 129.69800 9.03065
C 32.62850 129.22300 9.15929
C 31.60770 132.25800 9.06544
C 9.18256 102.67100 12.72790
C 8.23039 105.86500 12.56360
C 12.45400 102.12400 12.66590
C 11.40010 105.07700 12.53430
C 13.42090 107.30200 12.47550
C 14.62350 104.55100 12.48940
C 17.79500 103.83800 12.51370
C 16.58520 106.90500 12.45020
C 19.73690 106.33300 12.58460
C 15.65010 101.42500 12.56120
C 20.78750 103.19900 12.57790
C 22.95140 105.79700 12.62630
C 24.05190 102.68500 12.70430
C 26.35830 105.20000 12.58950
C 27.31620 102.21300 12.68270
C 28.46930 107.64100 12.37950
C 29.50390 104.46600 12.42150
C 32.57190 103.89500 12.53130
C 31.65130 106.97200 12.45480
C 30.59800 101.58700 12.64320
C 10.31830 108.12400 12.36480
C 9.18527 111.13500 12.29220
C 12.26730 110.45700 12.40920
C 8.01195 114.17400 12.19650
C 11.13500 113.57500 12.38220
C 14.36480 113.03200 12.55960
C 18.68520 109.20300 12.49600
C 15.59040 109.88900 12.55910
C 17.74840 112.20000 12.53540
C 25.29220 108.09800 12.44570
C 20.97810 111.70600 12.47420
C 21.97820 108.83700 12.44760
C 24.05230 111.08800 12.38190
C 23.02530 114.10600 12.31820
C 26.23290 113.54200 12.31040
C 27.38790 110.49200 12.24850
C 30.48590 109.92800 12.32960
C 32.63320 112.26600 12.38690
C 29.44860 112.84500 12.36390
C 10.18180 116.57000 12.35000
C 13.32620 116.06200 12.42640
C 9.11024 119.63000 12.31920
C 12.39820 118.97200 12.36410
C 19.98900 114.66400 12.51680
C 16.60880 115.27500 12.55470
C 18.82620 117.68300 12.42800
C 15.59620 118.33400 12.38390
C 17.73980 120.70800 12.42290
C 14.49220 121.28700 12.36420
C 20.92780 120.12200 12.39060
C 22.09290 117.10000 12.37550
C 25.22000 116.52800 12.33130
C 24.14360 119.48700 12.33470
C 27.30970 119.01700 12.24610
C 28.35150 115.90900 12.42580
C 31.62270 115.31900 12.38820
C 30.44970 118.27300 12.41040
C 32.65990 120.69000 12.37850
C 29.34670 121.49800 12.30650
C 11.31420 121.99800 12.25030
C 8.02217 122.58200 12.24570
C 10.23990 125.06500 12.10130
C 13.27530 124.35800 12.28060
C 12.26520 127.32600 12.07020
C 9.22203 128.04900 12.00260
C 18.73800 126.15100 12.26820
C 15.53500 126.84000 12.18810
C 19.86710 123.11600 12.32500
C 16.70700 123.77800 12.39880
C 25.22170 124.97600 12.26770
C 23.09230 122.56400 12.36200
C 22.01890 125.60400 12.29170
C 26.22150 121.90700 12.28160
C 24.05450 127.93700 12.27710
C 27.34600 127.35300 12.31550
C 28.38820 124.40600 12.23830
C 31.49780 123.80300 12.29990
C 30.53340 126.80700 12.30720
C 11.24450 130.27100 11.97710
C 8.17832 130.92100 12.10890
C 10.21400 133.30300 12.17410
C 13.33260 132.80800 12.07180
C 18.65380 134.54600 12.08450
C 19.72640 131.57100 12.05870
C 17.59720 129.14900 12.10730
C 14.41620 129.68800 12.06380
C 16.51050 132.10400 12.04400
C 26.22220 130.39900 12.27700
C 22.89340 131.05000 12.12440
C 21.77880 133.98400 12.08840
C 25.00250 133.42000 12.15330
C 20.92190 128.70300 12.19100
C 28.27870 132.77700 12.17060
C 29.43020 129.87400 12.26930
C 31.38990 132.16600 12.31470
C 32.51380 129.25200 12.40970
C 35.80430 1.91626 9.01085
C 34.72410 4.99767 8.95308
C 39.06850 1.26760 9.24849
C 38.06790 4.26180 9.08704
H 33.99510 1.35287 10.55870
H 36.13450 3.77004 10.57990
H 39.34750 3.12618 10.84900
H 38.32670 6.08443 10.67510
H 37.19700 0.73807 10.70120
H 40.36560 0.08624 11.00650
C 42.19000 0.75248 9.52338
C 41.22050 3.66130 9.37113
C 44.30050 2.97953 9.60617
C 43.32390 6.10570 9.42643
C 46.42010 5.40850 9.56974
H 41.50870 5.52841 10.98560
C 45.38730 0.28003 9.60727
H 42.50910 2.53705 11.15890
H 44.62870 4.90864 11.10450
H 45.67650 1.96557 11.36420
C 47.39650 2.37940 9.73500
C 50.65640 1.93738 9.77788
C 49.64000 4.97618 9.78220
C 52.78070 4.40648 9.90136
H 47.81290 4.28508 11.26740
H 48.86850 1.34714 11.35860
H 53.10720 6.13416 11.62590
H 51.02660 3.71618 11.45180
H 52.02490 0.76155 11.47730
C 53.80220 1.33532 9.84189
C 57.24260 0.63525 9.94471
C 56.08200 3.83410 9.97139
C 59.26270 3.13119 10.08610
C 58.14380 6.05420 10.10340
H 55.29970 0.13078 11.41140
H 54.25520 3.14934 11.46510
H 56.32470 5.56487 11.72200
H 35.09300 6.68665 10.72660
C 35.74200 10.30570 9.12810
C 36.86590 7.24857 9.17067
C 38.96990 9.68343 9.29142
C 37.86670 12.68620 9.28443
H 33.94480 9.71598 10.67110
H 37.13410 9.13371 10.77930
H 39.27760 11.55610 10.92420
H 36.01610 12.11480 10.82670
C 33.69990 7.84567 9.08248
C 40.20880 6.80465 9.31028
H 40.41520 8.56706 10.99380
C 42.26690 9.04136 9.38638
C 41.09790 12.05970 9.29683
C 44.31480 11.57070 9.38281
C 45.30530 8.56754 9.41094
H 42.55820 10.92520 10.94780
H 43.62710 7.90410 11.06330
H 45.71460 10.35450 11.08900
H 46.78410 7.35284 11.04680
C 48.68850 7.98063 9.62310
C 51.88580 7.40400 9.90217
C 47.60390 10.87360 9.64961
C 50.84720 10.32710 9.88215
C 52.96010 12.70770 9.91275
H 47.89340 12.77540 11.23260
H 48.96660 9.71810 11.35110
H 49.95590 6.75637 11.30860
H 51.13840 12.22080 11.43740
H 52.14940 9.19469 11.58090
C 54.96220 6.75734 10.07740
C 53.94470 9.84115 10.03910
C 57.10200 9.15040 10.08980
C 56.14190 12.15920 10.10480
C 59.26350 11.56060 10.16270
H 55.30850 8.57724 11.65560
H 54.29910 11.58910 11.68390
C 34.64100 13.34920 9.24423
C 35.57530 18.74420 9.30718
C 36.77780 15.70240 9.27355
C 38.89430 18.23180 9.31675
H 34.98870 15.18380 10.84850
H 33.88470 18.14760 10.98420
H 38.16350 14.50120 10.95000
H 37.08770 17.57810 10.85790
C 33.60040 16.37850 9.27291
H 39.22640 19.99420 11.07090
C 39.90430 15.05730 9.26968
H 44.70170 13.37270 10.98740
C 43.29790 14.46950 9.27638
C 46.60100 13.84950 9.41092
C 42.07390 17.54220 9.26694
C 45.44240 16.88470 9.37113
H 40.27810 16.93830 10.91990
H 41.42710 13.93950 10.86020
H 43.55350 16.34780 10.87200
H 42.54290 19.38830 10.86850
H 45.71540 18.78170 11.00050
C 44.36290 20.05310 9.32812
H 46.87290 15.74160 11.01450
C 49.78720 13.31310 9.70399
C 47.53260 19.39040 9.58748
C 48.72010 16.35410 9.57614
C 51.90120 15.74760 9.82097
C 50.70500 18.76970 9.69099
H 48.91030 18.16390 11.24670
H 50.04800 15.17470 11.28520
H 52.12210 17.62260 11.36850
H 53.21100 14.56330 11.51790
C 53.97090 18.11300 9.80431
C 55.01050 15.15950 9.98806
C 58.16590 14.59800 10.08220
C 57.17200 17.61050 10.04390
C 59.19040 20.07540 10.06220
H 54.24220 20.00140 11.45050
C 34.61440 21.78930 9.31245
C 37.85810 21.11710 9.35941
C 36.75620 24.18910 9.38363
H 36.00820 20.55510 10.86850
H 38.19590 22.94810 10.98070
H 35.02080 23.57730 10.93230
C 33.56480 24.74370 9.34768
C 39.02520 26.63710 9.52952
H 37.16840 26.02710 11.00560
H 33.98700 26.59770 10.84070
C 40.06550 23.61940 9.49035
C 40.97410 20.69300 9.41262
C 46.51170 22.42110 9.51136
C 43.23820 23.00830 9.45232
C 42.10800 26.04440 9.55874
C 45.32160 25.47520 9.51889
H 44.72040 21.81510 11.04910
H 40.37590 25.38880 11.15010
H 41.48340 22.42620 11.04620
H 43.55990 24.80570 11.09560
H 46.72430 24.24810 11.15260
C 49.70180 21.86450 9.62829
C 52.86200 21.23180 9.76629
C 48.53770 24.91820 9.62541
C 51.75110 24.33040 9.81980
H 47.89520 21.24360 11.21060
H 51.04440 20.60490 11.34090
H 48.86280 26.69170 11.34420
H 49.91480 23.68090 11.26020
H 53.22470 23.09620 11.37180
C 53.94960 26.73050 9.84979
C 55.08180 23.73220 9.81633
C 58.24730 23.16320 9.99795
C 56.15290 20.54350 9.93559
C 57.22850 26.19350 10.06130
C 33.67270 33.32670 9.44189
C 35.66630 27.23010 9.34388
C 36.85100 32.72480 9.54751
C 34.67960 30.26530 9.31992
C 37.87590 29.75010 9.56860
H 36.04260 29.04000 10.97170
H 38.14810 31.51350 11.24630
H 39.27150 28.45890 11.19600
H 34.98080 32.02910 11.02440
H 43.49070 33.31500 11.43100
C 40.06400 32.10610 9.76848
C 43.17720 31.59570 9.73854
C 44.22080 28.55750 9.53872
C 46.39090 31.07050 9.79861
C 41.05490 29.12520 9.60686
H 42.51370 27.87060 11.16220
H 41.40540 30.88620 11.34700
H 45.65670 27.29050 11.11050
H 44.63490 30.31520 11.26110
C 50.71800 27.27660 9.82646
C 49.73520 30.26120 9.81736
C 52.93320 29.74710 9.96295
C 48.52630 33.36990 9.96567
C 47.56920 27.95410 9.64566
C 51.84060 32.70790 10.00030
H 47.82110 29.72760 11.31590
H 46.76120 32.76140 11.54770
C 58.40630 31.48390 10.30470
C 59.45340 28.62980 10.33700
C 55.13960 32.11720 10.19790
C 56.17770 29.08500 10.09840
C 35.64720 2.01227 12.22450
C 34.59240 4.83857 12.20280
C 38.81840 1.29808 12.44410
C 37.77840 4.31851 12.30850
C 42.04240 0.62409 12.65070
C 40.99190 3.74787 12.60980
C 44.14470 3.23327 12.84750
C 43.17960 6.11799 12.66110
C 46.34670 5.57422 12.73230
C 45.26200 0.09150 12.74320
C 47.41420 2.54799 12.93440
C 50.54230 1.94296 13.07740
C 49.50070 4.94926 12.93970
C 52.75510 4.24919 13.13130
C 53.84610 1.24946 13.04280
C 56.96260 0.66262 13.21930
C 55.96090 3.77738 13.16660
C 59.15650 3.03795 13.26590
C 58.08250 6.11418 13.34190
H 59.59190 4.94575 11.75880
H 57.40760 2.49090 11.55810
C 35.68550 10.24960 12.41980
C 36.86940 7.19589 12.32690
C 38.78170 9.69359 12.52330
C 37.79220 12.60100 12.50880
C 33.62960 7.86055 12.27320
C 39.91730 6.66828 12.46860
C 42.23870 9.13416 12.61800
C 41.11960 12.14920 12.50580
C 44.22240 11.56080 12.64110
C 45.34140 8.50024 12.71240
C 48.40100 7.88646 12.87020
C 51.57330 7.32537 13.09370
C 50.67150 10.35440 13.04930
C 47.44740 10.95690 12.82470
C 52.82650 12.79690 13.17430
C 54.80910 6.77142 13.27800
C 53.86330 9.79762 13.22830
C 56.98420 9.10068 13.32020
C 59.26780 11.49350 13.40710
C 56.05610 12.16670 13.31780
H 57.48670 10.92440 11.77040
H 58.43360 7.89914 11.70780
C 34.65300 13.34750 12.44020
C 35.62610 18.76100 12.51820
C 36.70830 15.72340 12.49860
C 38.82320 18.17080 12.57230
C 40.01440 15.04480 12.53270
C 33.51030 16.26970 12.50140
C 43.16230 14.53710 12.54590
C 46.42950 13.99760 12.73730
C 42.08530 17.54750 12.47920
C 45.28270 16.93120 12.55390
C 44.21530 19.98100 12.60990
C 49.60700 13.44910 12.92110
C 51.70840 15.77490 12.99930
C 48.54170 16.29400 12.80160
C 47.39410 19.36490 12.76930
C 50.60900 18.78180 12.94100
C 53.73290 18.30710 13.11800
C 58.07150 14.57830 13.36740
C 54.87860 15.19030 13.19730
C 56.94920 17.68060 13.28320
H 57.45470 19.41680 11.70480
C 59.32940 20.04130 13.20830
H 56.35960 13.99800 11.70660
H 59.56740 13.40400 11.79080
H 55.27960 17.03450 11.58440
H 58.48180 16.41220 11.73640
C 33.62400 24.85680 12.52750
C 36.75820 24.12290 12.55190
C 39.94820 23.48740 12.64990
C 34.69000 21.78000 12.53940
C 37.65650 21.17000 12.58580
C 38.87410 26.52650 12.71170
C 41.10040 20.51240 12.58160
C 45.22900 25.47480 12.71650
C 42.14770 25.97460 12.70760
C 46.36850 22.46600 12.76140
C 43.23300 22.91490 12.67090
C 52.70760 21.23120 12.98400
C 51.67170 24.20920 12.94100
C 48.42570 24.79140 12.87330
C 49.55770 21.86680 12.91380
H 52.19550 26.11610 11.45210
C 58.08830 23.02390 13.21900
C 55.90140 20.64550 13.15390
C 53.87490 26.63510 13.14820
C 57.04570 25.95310 13.25150
C 54.90320 23.69940 13.11250
H 58.58090 24.88610 11.65950
H 55.32440 25.48960 11.49110
H 59.58950 21.88390 11.62630
H 56.40510 22.46890 11.51430
C 33.63740 33.33770 12.65280
C 36.65300 32.57070 12.76410
C 35.65320 27.23150 12.56580
C 34.63730 30.18410 12.61230
C 37.70580 29.57520 12.70360
C 39.84960 31.91060 12.97410
C 46.37700 30.79400 12.97380
C 43.20680 31.41230 12.95650
C 44.23970 28.39920 12.81140
C 40.94820 28.89390 12.81980
C 49.56560 30.16170 13.06190
C 48.57590 33.13080 13.19770
C 47.38270 27.80200 12.86810
C 52.71920 29.57560 13.19810
H 53.19610 31.50500 11.70230
C 50.59210 27.21600 12.97030
H 49.94650 32.06990 11.47640
H 51.04810 29.09560 11.44510
C 51.62180 32.55730 13.24910
C 55.91730 29.02770 13.29170
C 54.95700 31.96480 13.37220
H 59.61490 30.29840 12.09280
H 57.54360 27.87260 11.81000
H 56.48330 30.84560 11.74360
C 57.99720 31.46980 13.53420
H 54.28570 28.46800 11.57100
H 58.54220 33.25600 11.96500
C 59.20490 28.40730 13.55490
C 35.85480 35.77890 9.65386
C 34.64550 38.70050 9.62924
C 38.98750 35.08510 9.77819
C 37.87720 38.10700 9.73933
H 33.95640 35.15970 11.03520
H 38.20410 39.94800 11.31580
H 39.19800 36.94270 11.42520
H 36.05990 37.58260 11.33120
H 37.11660 34.46590 11.21560
C 42.07010 34.57550 9.90992
C 41.10130 37.44010 9.92205
C 44.26640 36.83270 10.06990
C 43.13150 39.80750 9.94078
C 46.36850 39.23170 10.05730
C 45.34030 34.00590 9.97239
H 41.36720 39.28670 11.54080
H 44.57510 38.70750 11.57460
H 42.43730 36.32410 11.64880
H 40.30080 33.86030 11.48970
H 45.65640 35.73290 11.69390
C 47.52500 36.27960 10.15900
C 50.66090 35.70200 10.17470
C 49.61680 38.69090 10.26240
C 52.82540 38.06750 10.48570
C 53.96920 35.21790 10.31660
C 57.17210 34.60120 10.41200
C 56.15300 37.58430 10.59040
C 59.27740 36.98570 10.56020
C 58.09860 39.95580 10.71970
C 35.79040 44.16860 9.64566
C 36.90200 41.17200 9.61616
C 38.97550 43.46370 9.73344
C 37.94540 46.57090 9.71629
C 33.69410 41.64690 9.48631
H 39.25730 45.31730 11.33490
H 33.96180 43.53980 11.07690
H 36.04970 46.01000 11.24710
H 35.08440 40.52710 11.15780
H 37.16210 42.96180 11.29090
C 40.09790 40.48600 9.82786
C 42.15870 42.85870 9.87110
C 45.30190 42.26590 9.95663
C 41.08640 45.76960 9.69658
C 44.31180 45.24720 9.85785
H 40.33370 42.35370 11.43320
H 43.53870 41.65850 11.53860
H 45.71570 44.12460 11.61120
H 42.48800 44.73300 11.42560
C 48.63090 41.56300 10.19020
C 51.77680 41.03860 10.43550
C 47.54250 44.63490 10.02990
C 50.77420 43.99080 10.26150
C 52.85670 46.43090 10.26160
H 47.79350 46.47020 11.60150
C 54.99600 40.40390 10.61430
C 53.89310 43.42720 10.46380
C 57.06360 42.75570 10.67790
C 56.09270 45.80850 10.40070
C 59.20210 45.19020 10.63900
C 34.64410 47.23880 9.62816
C 33.49680 50.23720 9.79164
C 35.72150 52.63200 9.83731
C 36.73260 49.64650 9.75164
C 38.94430 51.93170 9.70064
H 34.93640 48.99720 11.34010
H 33.96660 51.98080 11.45920
H 37.15000 51.35890 11.32240
H 38.20080 48.40420 11.37280
H 39.34200 53.76380 11.33460
C 39.94480 48.86960 9.63796
C 43.39370 48.33350 9.67561
C 46.48810 47.58070 9.85279
C 42.17930 51.31650 9.64486
C 45.47910 50.66980 9.75200
C 44.23600 53.83210 9.68382
H 45.69660 52.58590 11.23160
H 42.52040 53.18880 11.30080
H 40.38450 50.72290 11.21950
H 44.63760 47.10770 11.39950
H 43.59820 50.20160 11.30560
H 41.51340 47.71650 11.14130
C 49.62590 46.95790 10.08530
C 51.82600 49.32090 10.04690
C 48.63920 49.98590 9.72730
C 47.44990 53.09510 9.65713
C 50.77030 52.30970 9.74701
H 46.84640 49.47170 11.43700
H 49.92340 48.86970 11.53590
H 48.91110 51.90970 11.28080
H 52.09190 51.29550 11.50600
C 53.93720 51.68350 9.97241
C 54.98490 48.78960 10.25310
C 58.15140 48.15250 10.41510
C 57.12100 51.17120 10.13330
C 59.28060 53.73450 9.99738
H 54.24440 53.67020 11.46920
C 33.56360 58.61310 10.09160
C 34.68790 55.65350 10.04450
C 37.80360 54.90240 9.79615
C 36.66780 58.03520 9.94804
C 38.83910 60.38020 9.86053
H 33.91480 60.42850 11.69470
C 40.01020 57.42020 9.76281
H 38.24680 56.82080 11.41070
H 35.04480 57.42720 11.69700
H 37.17810 59.84680 11.55540
H 36.16100 54.39380 11.52980
C 45.35990 59.16000 9.62673
C 41.06070 54.34020 9.67676
C 42.07820 59.81430 9.70656
C 43.23600 56.93510 9.68551
C 46.45870 56.10910 9.57769
H 44.68980 55.65390 11.23180
H 43.61380 58.64640 11.26380
H 41.46090 56.17290 11.26180
H 40.38420 59.20420 11.45090
C 48.60370 58.65550 9.57372
C 51.79890 57.98130 9.51685
C 52.84070 54.72940 9.72754
C 49.69710 55.44080 9.66308
H 46.83640 57.95060 11.15820
H 47.83510 54.97680 11.27070
H 51.06250 54.25220 11.36390
H 50.04990 57.34460 11.11410
H 53.15820 56.71990 11.19900
H 52.13930 59.75360 11.16370
H 49.00040 60.40360 11.30130
C 56.07180 54.26880 9.86865
C 53.86130 60.34820 9.50519
C 58.34510 56.68000 9.79293
C 55.02260 57.20820 9.63701
C 57.15840 59.77690 9.58446
H 58.55200 58.67570 11.27670
H 55.25740 59.19780 11.15450
C 33.50440 67.07460 10.07480
C 37.78390 63.42350 9.88081
C 34.47920 64.04680 10.02890
C 35.58520 60.93710 9.96532
C 36.81660 66.46530 9.90694
C 39.94640 65.98000 9.80686
H 38.24310 65.23850 11.51580
H 35.05340 65.86660 11.56070
H 36.03130 62.82750 11.50620
H 39.31850 62.23940 11.42970
C 46.39560 64.64380 9.59127
C 41.04650 62.84160 9.74838
C 44.39110 62.25610 9.60183
C 43.19000 65.34320 9.69783
H 43.59460 67.09370 11.39480
H 44.63240 64.04270 11.24790
H 41.42310 64.66890 11.31300
H 45.78510 61.03290 11.19720
H 42.59760 61.61790 11.20670
H 50.02950 65.86130 11.12550
H 46.81150 66.48410 11.21500
C 50.75070 60.98250 9.54161
C 51.81220 66.46270 9.57329
C 48.56140 67.12440 9.62836
C 52.93130 63.45770 9.46889
C 47.60740 61.51400 9.61282
C 49.66880 64.02860 9.53557
H 51.15870 62.80990 11.06690
H 47.83770 63.41180 11.15520
H 53.23040 65.20580 11.16240
H 59.65430 64.01710 11.23780
C 59.26340 62.22150 9.57126
C 56.00160 62.84470 9.50231
C 58.25920 65.19810 9.60624
H 56.36420 64.62520 11.14960
H 58.55300 67.01870 11.18470
C 54.98970 65.87810 9.56821
H 54.22850 62.20820 11.06630
H 57.42600 61.65840 11.13360
C 35.64950 35.66870 12.80090
C 34.63750 38.82990 12.86000
C 38.70260 35.05870 12.94570
C 37.78740 38.17990 12.97090
C 45.24500 33.77510 13.14410
C 42.00670 34.41540 13.12190
C 40.87860 37.47030 13.15270
C 44.22740 36.97190 13.26460
C 43.12830 39.91410 13.17870
C 46.27260 39.30560 13.23980
C 47.43590 36.22300 13.29450
C 50.62350 35.57270 13.38980
C 49.43710 38.59810 13.48040
C 52.67900 38.02140 13.55820
H 52.10750 34.47940 11.75790
H 53.12910 39.90530 12.11850
H 50.95620 37.46670 11.87470
H 47.80870 38.09920 11.75160
H 48.91040 35.03930 11.74740
C 53.73450 34.94640 13.51900
C 57.05700 34.29280 13.60590
C 56.04140 37.40390 13.81310
C 59.22600 36.92320 13.75400
C 58.15320 39.86810 13.92600
H 56.37110 39.32720 12.32150
H 54.29990 36.88500 12.09490
H 57.48310 36.27160 12.14680
H 55.33940 33.92230 11.90830
H 59.58790 38.81080 12.21670
C 33.63300 41.77990 12.68640
C 35.65820 44.13480 12.81380
C 36.74570 41.10750 12.89540
C 38.82430 43.51950 13.00120
C 37.78200 46.59920 12.94410
C 39.82850 40.56670 13.01870
C 42.11660 42.96710 13.04810
C 45.19500 42.33480 13.21100
C 40.99150 46.06630 12.88200
C 44.19410 45.42280 13.12240
C 48.39100 41.73740 13.36720
C 51.58850 41.08550 13.63780
C 47.41780 44.73290 13.29340
C 50.56710 44.18600 13.46580
C 52.68810 46.47830 13.46620
H 49.94030 40.47870 11.96690
H 48.91320 43.49460 11.76330
H 52.05690 42.89750 12.02960
H 51.04220 45.90490 11.82090
H 46.70270 41.10080 11.65780
C 54.84100 40.47300 13.79920
C 53.76120 43.65480 13.63540
C 56.90270 42.94720 13.84600
C 55.86700 46.00480 13.58820
C 59.06820 45.29450 13.80530
H 57.34660 44.69270 12.15330
H 58.49960 41.75360 12.42320
H 54.20980 45.31080 11.92290
H 55.20980 42.28810 12.20680
C 34.53390 47.11720 12.85890
C 35.79170 52.54280 13.01800
C 36.65430 49.53480 12.96410
C 38.98500 51.86550 12.89170
C 33.44830 50.12600 12.99920
C 40.06230 48.83720 12.82340
C 43.19660 48.42230 12.86260
C 46.34590 47.74580 13.07940
C 42.06020 51.32150 12.87460
C 45.34230 50.82120 12.90000
C 44.30990 53.80910 12.87080
C 49.49610 47.08880 13.24010
C 51.61850 49.56640 13.18610
C 48.51470 50.20950 13.05460
C 47.41720 53.13440 12.83000
C 50.54350 52.53010 13.03900
H 53.13050 48.27980 11.81630
H 59.52890 47.08750 12.20230
C 53.73150 52.00060 13.23500
C 54.84270 48.95110 13.43030
C 58.01660 48.43210 13.65610
C 57.05290 51.45000 13.36170
H 57.47980 53.11890 11.55660
H 58.49920 50.11910 11.94700
H 55.32470 50.74790 11.80010
H 56.34190 47.71040 11.93080
C 59.22400 53.80240 13.21070
C 33.73620 58.61800 13.36400
C 36.93940 58.00460 13.16700
C 37.99920 54.95260 13.04850
C 34.74950 55.53990 13.22920
C 38.97450 60.43700 13.11730
C 40.09650 57.29290 12.99020
C 43.22850 56.77200 12.84980
C 46.42790 56.24610 12.88720
C 42.23170 59.84290 12.87690
C 45.44150 59.20080 12.80860
C 41.14930 54.47390 12.93880
C 51.74390 57.99490 12.78650
C 52.85140 55.05540 12.98560
C 48.65180 58.46270 12.79280
C 49.67100 55.63630 12.86200
C 58.15710 56.97530 13.09030
C 56.98190 59.86290 12.82770
C 56.02590 54.38730 13.05360
C 54.84450 57.40530 12.85140
H 56.48860 56.20010 11.39290
H 59.59170 55.59450 11.58150
C 53.82090 60.48560 12.74610
C 36.86720 66.37120 13.21930
C 35.75370 61.00360 13.19370
C 34.69090 64.05830 13.19380
C 37.88640 63.35460 13.07980
C 33.77810 67.06930 13.28250
C 40.09380 65.85050 13.04400
C 43.22280 65.18740 12.95820
C 41.19020 62.76070 12.91610
C 46.44790 64.61390 12.81780
C 44.28690 62.16860 12.85400
C 49.70340 63.96700 12.68160
C 47.50850 61.60820 12.87430
C 48.64060 66.98200 12.84900
C 51.75990 66.37150 12.74600
C 52.87510 63.43290 12.70740
C 50.83740 61.05190 12.80410
C 54.96100 65.78450 12.80050
C 59.20890 62.15020 12.79980
C 55.90780 62.84960 12.71100
C 58.16120 65.17690 12.76850
C 35.75440 69.39960 10.01870
C 34.71360 72.47840 9.91637
C 38.86660 68.94080 9.97395
C 37.94180 71.91010 9.87179
H 36.20890 71.26080 11.47720
H 38.23040 73.73650 11.54790
H 34.02870 68.84930 11.66080
H 39.27770 70.73960 11.55040
H 37.18440 68.16390 11.61240
C 45.27660 67.73190 9.67218
C 42.11510 68.29400 9.74875
C 40.95190 71.26640 9.79263
C 44.20200 70.65160 9.66207
C 43.08070 73.73730 9.57457
C 46.33630 73.01900 9.57669
H 42.46990 70.13460 11.39940
H 44.53410 72.52490 11.17850
H 41.44290 73.12780 11.29090
H 45.71230 69.54570 11.28170
H 40.38970 67.70000 11.44920
C 47.46670 70.06380 9.67294
C 50.58030 69.43270 9.65697
C 49.59350 72.43120 9.52452
C 52.72180 71.68100 9.54756
H 47.83630 71.95080 11.22530
H 50.95030 71.30780 11.19140
H 48.88310 68.89070 11.35410
H 53.18200 73.66390 11.02110
H 52.12260 68.26000 11.21460
C 53.87090 68.81390 9.59036
C 57.07120 68.21260 9.61033
C 55.97030 71.13610 9.50273
C 59.26390 70.69490 9.59670
C 58.25580 73.69000 9.55038
H 56.38030 73.08020 11.02440
H 54.24770 70.66940 11.17540
H 55.32770 67.66630 11.26410
H 57.47140 70.08510 11.21550
H 59.62640 72.53470 11.26980
C 35.75280 77.94770 9.75147
C 36.78970 74.89410 9.86384
C 38.88600 77.27240 9.67510
C 38.05640 80.37470 9.61936
H 39.36610 79.06730 11.23170
H 36.24880 79.78530 11.25980
H 33.97360 77.36740 11.33650
H 37.17170 76.73640 11.43610
C 33.64110 75.47150 9.83920
H 35.04260 74.29730 11.53410
C 39.89230 74.26400 9.77886
C 34.77210 80.89210 9.65780
C 42.04120 76.64010 9.60333
C 41.00990 79.71120 9.51837
C 44.18150 79.10060 9.42370
C 45.24180 76.08910 9.41755
H 42.48410 78.52880 11.12690
H 45.69870 77.98720 10.97730
H 43.58010 75.51950 11.14850
H 40.35590 76.12000 11.29310
H 46.74320 74.96810 11.06120
C 48.50220 75.52260 9.44980
C 51.75170 74.76000 9.39303
C 47.37490 78.43570 9.36408
C 50.65460 77.89470 9.36034
C 52.81060 80.28290 9.29670
H 51.03890 79.75780 10.89800
H 47.82220 80.37090 10.87330
H 52.06630 76.65990 10.94050
H 48.89480 77.39490 10.99410
H 49.96110 74.33530 11.03770
C 54.98920 74.42080 9.46172
C 53.81920 77.20120 9.37015
C 57.12240 76.60900 9.52657
C 56.02750 79.60480 9.35710
C 59.09840 79.11480 9.39774
H 54.19750 79.08460 10.89430
H 55.29270 76.14390 11.10180
H 57.41930 78.51070 11.07040
H 58.53490 75.48430 11.18880
C 35.75810 86.36750 9.57644
C 36.89370 83.36050 9.58981
C 40.05070 82.73570 9.46695
C 38.95610 85.85460 9.45105
H 34.09050 85.80950 11.29550
H 38.33800 82.20930 11.18520
H 35.14060 82.78980 11.25680
H 37.29610 85.22780 11.21010
H 39.43790 87.70220 11.02340
C 33.60540 83.96060 9.71530
H 44.72850 80.95740 10.91550
C 46.51220 81.50560 9.28707
C 43.24790 82.14530 9.32039
C 42.25770 85.19480 9.34165
C 45.43770 84.58000 9.22496
H 45.85610 86.41860 10.82590
H 42.70130 87.04970 10.91260
H 43.69640 83.97420 10.89990
H 41.51180 81.55490 10.99350
H 40.47290 84.67930 11.04960
C 44.42640 87.66200 9.24181
C 49.63140 80.97230 9.31943
H 46.86590 83.41900 10.85310
C 48.77100 84.04810 9.37316
C 51.69590 83.34820 9.34341
C 47.63380 87.02460 9.29311
C 50.80810 86.45940 9.36790
H 52.10240 85.14370 10.96690
H 49.99320 82.73770 11.01520
H 48.99770 85.85010 10.95940
H 53.09780 82.09940 10.90400
H 59.56380 80.87330 11.05180
C 53.89080 85.74810 9.43534
C 54.80930 82.74070 9.34304
C 58.11540 82.06630 9.49008
C 57.08510 85.17890 9.51641
H 57.45090 86.92180 11.21100
H 55.24500 84.48640 11.02830
H 58.46870 83.94700 11.03860
H 56.19410 81.43850 10.91340
H 54.35690 87.52240 11.07040
C 59.23470 87.55170 9.64639
C 34.75320 89.42930 9.48677
C 37.91690 88.81140 9.39240
C 36.88160 91.95460 9.40435
H 33.99980 94.35230 11.12560
H 38.37310 90.67030 10.95080
H 37.29670 93.66290 11.19830
H 36.22410 88.21590 11.12050
H 35.15710 91.28730 11.07150
C 39.07320 94.24040 9.55938
C 33.62390 92.51960 9.54041
C 40.20300 91.28690 9.37563
H 40.59950 93.03670 11.10900
C 45.50050 93.08370 9.29626
C 41.18970 88.21880 9.31017
C 43.42250 90.73800 9.25903
C 42.31480 93.66800 9.39662
C 46.57880 90.01840 9.27519
H 44.78430 89.49770 10.86310
H 41.66840 90.01370 10.84770
H 43.78570 92.49690 10.98330
H 46.94320 91.87360 10.83690
C 52.99030 88.80140 9.51676
C 52.00540 91.64650 9.42697
C 48.72440 92.47040 9.42583
C 49.84150 89.45450 9.37877
H 47.96190 88.87960 10.90950
H 49.02500 94.27360 11.06690
H 50.16220 91.27250 11.04330
H 53.38280 90.59000 11.16040
H 51.16750 88.17950 11.04270
H 52.25880 93.58980 10.89590
C 54.05090 94.19610 9.37201
C 58.28260 90.58720 9.64250
C 56.09460 88.09580 9.49654
C 57.28240 93.57700 9.51539
C 55.10320 91.08470 9.50635
H 56.48660 89.89550 11.19400
H 59.66050 89.38300 11.28530
H 55.47230 92.98180 11.01120
H 58.63370 92.40780 11.20550
C 33.73250 100.86100 9.50118
C 35.85300 94.77400 9.46807
C 36.90930 100.23200 9.41122
C 34.68310 97.86820 9.48355
C 38.12140 97.23470 9.39455
H 36.24220 96.69010 10.93590
H 39.41840 96.11170 11.11360
H 38.41310 99.06440 10.97760
H 35.19440 99.69260 11.04320
C 40.15890 99.70110 9.29465
C 46.49670 98.55570 9.40636
C 43.40100 99.13820 9.41582
H 42.58550 95.47520 10.99240
H 41.57010 98.58870 10.93710
H 44.75520 97.93780 11.07120
H 43.73340 100.95400 11.02560
C 41.16720 96.78400 9.44162
C 44.30820 96.18470 9.43460
H 45.85800 94.91670 10.91380
H 46.94070 100.35000 10.98280
H 50.07970 99.56820 10.98100
H 47.98330 97.29220 10.84660
C 50.70490 94.78980 9.38940
C 51.92210 100.24200 9.48181
C 49.81710 97.81690 9.28347
C 48.73060 100.79700 9.30838
C 47.66000 95.41560 9.32542
C 52.89060 97.27320 9.45166
H 51.11830 96.60900 10.96620
H 53.36730 99.03970 11.08810
C 56.16440 96.65590 9.44783
H 59.67750 97.84380 11.16600
H 58.59830 100.82100 11.16990
H 54.37810 96.02040 11.03360
C 58.23190 98.99320 9.56812
C 59.41480 96.00280 9.59825
C 55.12020 99.65580 9.47826
H 56.43710 98.41940 11.14630
H 57.56170 95.45000 11.12370
C 35.88450 69.51240 13.19850
C 34.76560 72.42770 13.07890
C 39.01870 68.81310 13.11060
C 37.80710 71.94640 13.16590
C 42.25580 68.29180 13.01890
C 41.08960 71.36160 13.05170
C 44.28930 70.76250 12.87430
C 43.23840 73.76010 12.84250
C 46.38440 73.18750 12.75760
C 45.48470 67.74310 12.89860
C 47.48710 70.16270 12.88750
C 50.74720 69.46350 12.83500
C 49.61580 72.63740 12.80850
C 52.80950 71.92800 12.71010
C 53.91360 68.90360 12.85140
C 57.14660 68.23590 12.83750
C 55.99750 71.33670 12.77970
C 59.22570 70.71050 12.89410
C 58.05570 73.69460 12.79620
C 33.63950 75.59350 13.02480
C 35.73420 78.01470 12.92480
C 36.81580 74.99330 13.13660
C 39.05240 77.37740 12.94630
C 38.09200 80.39620 12.83460
C 40.14790 74.36230 12.95430
C 42.23500 76.77310 12.79310
C 41.16410 79.82720 12.73640
C 44.28990 79.21240 12.60960
C 45.37610 76.20040 12.66290
C 48.56800 75.59960 12.63340
C 51.74990 74.95130 12.60460
C 50.68660 77.90470 12.51680
C 47.47920 78.60430 12.56750
C 52.76020 80.29370 12.50750
C 54.91490 74.25890 12.64030
C 53.77630 77.39420 12.58080
C 57.07380 76.70690 12.69380
C 59.14560 79.06730 12.70330
C 55.83450 79.64860 12.59120
C 34.82640 80.99830 12.88630
C 33.68020 84.04810 12.92700
C 35.88510 86.38750 12.84780
C 36.97460 83.41920 12.83920
C 39.18140 85.88630 12.71980
C 40.11500 82.78860 12.70940
C 46.44880 81.63390 12.48990
C 43.30250 82.15110 12.55320
C 42.37370 85.21650 12.56800
C 45.46820 84.60520 12.50680
C 44.52740 87.63660 12.48720
C 49.58390 80.86880 12.52340
C 51.78770 83.32600 12.56370
C 48.61810 84.01140 12.53850
C 47.59140 87.06290 12.51710
C 50.72190 86.31880 12.61720
C 53.81130 85.70210 12.62140
C 57.96490 82.03490 12.48420
C 54.83200 82.63040 12.55050
C 56.92890 85.07670 12.67110
C 59.20370 87.46710 12.82550
C 34.74470 89.42280 12.69200
C 38.02430 88.86490 12.67550
C 37.01000 91.80250 12.71580
C 33.69490 92.43860 12.70220
C 39.19570 94.24830 12.73430
C 40.24120 91.06140 12.56260
C 46.51210 90.13120 12.49080
C 43.37310 90.69950 12.52050
C 42.46600 93.63270 12.62720
C 45.62590 93.10710 12.47510
C 41.33530 88.29970 12.54300
C 51.91400 91.85220 12.67770
C 48.58050 92.39020 12.57830
C 52.90290 88.70770 12.69680
C 49.68830 89.39540 12.58840
C 58.18210 90.64310 12.79690
C 57.15130 93.58850 12.72190
C 55.11870 91.24010 12.75750
C 56.04030 88.11520 12.79820
C 53.98270 94.17410 12.59870
C 33.84520 100.92400 12.59960
C 37.01260 100.30800 12.58900
C 34.93340 97.90780 12.64780
C 35.85120 94.94140 12.72990
C 38.02130 97.28290 12.63680
C 40.16820 99.77130 12.57260
C 41.29270 96.75630 12.58790
C 43.28140 99.14330 12.64230
C 44.39620 95.98580 12.58320
C 46.64320 98.51050 12.52610
C 51.82540 100.15300 12.62380
C 52.85200 97.15910 12.58170
C 50.84410 94.75050 12.56090
C 47.61220 95.55050 12.55230
C 48.78390 100.86000 12.53030
C 49.68530 97.73900 12.57860
C 56.07930 96.56460 12.74730
C 59.35450 96.03610 12.79130
C 58.12530 98.98620 12.74550
C 55.07640 99.62850 12.78900
C 35.91910 103.13800 9.33235
C 34.70510 106.13500 9.27826
C 39.03020 102.55900 9.26336
C 37.88300 105.60400 9.18112
H 36.21560 105.02100 10.86590
H 34.12670 102.74300 10.99290
H 38.33210 107.47600 10.77270
H 37.31660 102.08000 10.96900
H 39.42750 104.49600 10.75180
C 42.31910 101.98500 9.33328
C 41.28270 105.06500 9.22958
C 44.46750 104.39900 9.23383
C 43.36470 107.47200 9.22865
C 46.58870 106.92500 9.34269
C 45.48370 101.41700 9.34927
H 45.82730 103.25800 10.90560
H 44.79800 106.23600 10.80760
H 41.60040 106.90000 10.80190
H 40.50650 101.48800 10.87070
H 42.70090 103.90700 10.80300
C 47.59780 103.87500 9.29904
C 50.91320 103.31600 9.40952
C 49.86430 106.22900 9.41273
C 52.98960 105.64900 9.58240
H 49.05810 102.65500 10.86750
H 47.99940 105.64800 10.91270
H 51.18310 105.06400 11.11830
H 52.23510 102.06100 11.03850
H 53.23160 107.48000 11.19610
C 54.04250 102.68100 9.54094
C 56.13490 105.13000 9.59840
C 59.39880 104.57000 9.76337
C 57.19760 102.06800 9.57115
C 58.16190 107.51900 9.86663
H 57.53810 103.86700 11.17240
H 54.38650 104.44000 11.23960
H 56.30370 106.87900 11.26250
H 55.41590 101.42000 11.14620
H 59.57480 106.30400 11.49120
C 35.91660 111.64800 9.14120
C 36.83580 108.68900 9.22142
C 39.02740 111.15900 9.24527
C 38.01340 114.10100 9.19081
H 39.40410 112.91300 10.87500
H 37.29190 110.46600 10.86580
H 36.22540 113.51500 10.71980
H 35.10280 108.03600 10.82660
H 34.12640 111.09700 10.78700
C 33.68820 109.20900 9.18919
C 40.14810 108.03300 9.19040
C 42.31120 110.43300 9.23962
C 45.51820 109.90700 9.35941
C 41.16410 113.52900 9.26917
C 44.34310 112.89600 9.26655
H 42.59610 112.27900 10.82290
H 40.48570 109.90900 10.78910
H 43.68580 109.24100 10.87080
H 45.71140 111.71900 10.95320
H 46.86260 108.70800 11.04460
C 48.70590 109.22400 9.42869
C 47.57080 112.25800 9.39894
C 52.87800 114.28200 9.54308
C 50.83570 111.69600 9.44509
C 51.92190 108.69500 9.47192
H 50.13240 108.04500 11.00570
H 52.20030 110.52400 11.07970
H 49.00170 111.08700 11.00950
H 47.88460 114.09800 10.99170
H 51.09530 113.52900 11.05510
C 54.97440 108.14800 9.61414
C 54.00790 111.18500 9.54134
C 56.20370 113.65700 9.71595
C 59.29550 113.00500 9.95755
C 57.22190 110.40600 9.76581
H 57.43710 112.30000 11.37510
H 55.34850 109.94000 11.23800
H 54.27210 113.00400 11.15720
H 58.54550 109.29700 11.52420
C 34.80560 114.82500 9.18335
C 35.83050 120.13000 9.18864
C 36.94490 117.15000 9.17485
C 39.09330 119.62900 9.27355
H 35.13880 116.59900 10.80300
H 34.15660 119.53700 10.86280
H 37.27600 118.91000 10.80410
H 38.40320 115.93300 10.73920
C 33.71870 117.81900 9.17115
H 39.37280 121.35700 11.02070
C 40.19590 116.51400 9.19585
H 44.67570 114.69100 10.89360
C 43.21420 115.86000 9.35194
C 46.47810 115.33800 9.36352
C 42.34370 118.94200 9.27905
C 45.35530 118.39200 9.26444
H 40.51640 118.32800 10.83510
H 41.46800 115.30500 10.93600
H 43.67810 117.73500 10.93540
H 42.58500 120.75900 10.91430
H 45.80370 120.20300 10.82600
C 44.33790 121.53300 9.34273
H 46.78040 117.22600 10.93540
C 49.66240 114.79200 9.43253
C 51.76610 117.14400 9.64814
C 48.68030 117.78700 9.46023
C 47.71060 120.72100 9.40560
C 50.78120 120.06100 9.62906
H 53.14510 115.97600 11.28860
H 48.95100 119.54700 11.17940
H 49.95610 116.56900 11.16200
H 52.17780 118.92700 11.27590
H 59.56810 114.72500 11.73220
C 57.22000 119.03700 10.11240
C 58.28180 115.97700 10.05690
C 54.07070 119.54200 9.81146
C 55.01430 116.70500 9.81781
H 56.32850 115.40500 11.40290
H 54.22290 121.37000 11.43100
H 57.39340 120.78900 11.73990
H 55.33620 118.40000 11.55960
H 58.47410 117.73000 11.78360
C 59.25940 121.26300 10.20590
C 36.87180 125.53700 9.36239
C 38.02100 122.57100 9.33306
C 34.73490 123.18500 9.25202
H 33.97380 127.99900 10.83240
H 37.23540 127.39800 10.96820
H 36.16260 121.91100 10.81490
H 35.09620 124.96300 10.96240
C 39.04740 128.05200 9.40526
H 38.37760 124.40600 10.99350
C 33.76600 126.14100 9.24299
C 40.17950 125.04600 9.41033
H 40.46090 126.82500 11.06960
C 45.54080 126.78000 9.47666
C 42.24680 127.36000 9.42491
C 46.58050 123.66500 9.47550
C 43.30100 124.37100 9.43568
C 41.20530 121.92000 9.40383
H 41.52470 123.77900 11.02090
H 44.73900 123.20000 11.05600
H 43.74040 126.21500 11.03010
H 46.91020 125.57600 11.07360
C 48.70440 126.20200 9.44784
C 49.81080 123.08000 9.42863
C 51.96570 125.71700 9.57637
C 52.94310 122.52200 9.67895
H 47.99180 122.53800 11.00390
H 53.23130 124.41200 11.22050
H 49.02950 127.98200 11.16700
H 50.09110 124.94600 10.99330
H 51.10350 121.96100 11.18210
H 52.20220 127.44900 11.32530
C 57.13170 127.40800 9.91363
C 53.99920 128.07700 9.78171
C 56.11310 121.91500 9.98053
C 55.13150 124.88200 9.77343
C 58.21010 124.36700 9.91271
H 55.28840 126.77000 11.41490
H 56.43010 123.76400 11.52270
H 58.51560 126.16300 11.57360
H 59.56290 123.19700 11.66860
C 33.68450 134.61300 9.09558
H 39.39150 129.83800 10.99210
C 38.00830 130.95300 9.29495
H 38.30500 132.81100 10.91510
H 35.16440 133.40600 10.68760
H 36.23360 130.39900 10.94140
C 35.77910 128.57000 9.29816
C 37.01150 133.94100 9.16810
C 34.80600 131.48800 9.18723
C 40.07920 133.40600 9.36875
H 42.57400 129.22300 10.96920
C 46.42330 132.18400 9.51268
C 43.30470 132.87300 9.42641
C 41.16790 130.38900 9.37106
H 41.45770 132.18800 10.97220
C 44.38490 129.66000 9.40570
H 44.65780 131.53700 10.96950
H 45.76810 128.59500 11.16560
H 43.58290 134.63300 11.07230
H 46.74840 134.04500 11.13030
H 47.80850 130.98300 11.14400
C 47.49870 129.14800 9.57899
C 52.89640 131.06900 9.76991
C 49.65880 131.55700 9.63717
C 48.58250 134.68300 9.64285
C 50.88960 128.56600 9.65739
C 51.76980 134.06800 9.81228
H 51.07730 130.39500 11.27860
H 53.18950 132.83900 11.48000
H 49.92200 133.40100 11.30310
H 56.42240 132.26000 11.39030
H 54.24460 129.88600 11.42880
C 58.37870 132.83000 10.00530
C 54.97580 133.38800 9.81312
H 57.54440 129.20700 11.49760
C 59.39880 129.84100 10.05660
C 56.08630 130.35400 9.86907
C 35.92840 103.26900 12.54490
C 34.85880 106.22300 12.48200
C 39.17550 102.81100 12.45970
C 38.00900 105.64400 12.38760
C 45.51760 101.52600 12.57740
C 42.20850 102.22000 12.46910
C 41.24770 105.03300 12.35170
C 44.38770 104.53000 12.46480
C 43.37900 107.38500 12.44290
C 46.46810 106.75400 12.49950
C 47.60800 103.82700 12.49370
C 50.74400 103.18800 12.59420
C 49.63450 106.23400 12.63280
C 52.90330 105.60000 12.80330
C 53.89520 102.53800 12.76360
C 57.20240 102.02800 12.77130
C 56.15630 105.04700 12.87980
C 59.20530 104.41100 12.90970
C 58.00600 107.44500 13.00470
C 35.89080 111.73400 12.42250
C 36.87900 108.67400 12.43120
C 39.05070 111.09600 12.40790
C 37.99170 114.14300 12.36550
C 33.68810 109.28800 12.42450
C 40.18570 108.08200 12.41110
C 42.24270 110.47300 12.40520
C 45.28640 109.88200 12.60660
C 41.18320 113.47000 12.46070
C 44.24330 112.91800 12.52880
C 48.68600 109.25400 12.59420
C 51.74270 108.70000 12.69930
C 47.48510 112.20000 12.58840
C 50.70970 111.67900 12.65540
C 52.75870 114.09600 12.79480
C 54.88450 108.15000 12.87370
C 53.88070 111.16600 12.74510
C 57.00120 110.46400 12.99710
C 55.90130 113.57400 12.88820
C 59.01200 112.82100 13.22070
C 34.79430 114.72000 12.34530
C 35.93870 120.07800 12.47990
C 36.93860 117.02000 12.37820
C 39.02740 119.43200 12.50520
C 33.71890 117.74600 12.44530
C 40.01130 116.54200 12.47930
C 43.25070 115.88700 12.50570
C 46.37600 115.34600 12.52720
C 42.19880 118.91400 12.51130
C 45.36140 118.49000 12.53570
C 44.34060 121.34500 12.54550
C 49.55110 114.68000 12.69840
C 51.69360 117.09600 12.86370
C 48.40940 117.74700 12.69940
C 47.43100 120.76400 12.60690
C 50.72610 120.13700 12.81290
C 53.83450 119.58300 13.05700
C 54.80720 116.57100 13.00980
C 57.95890 115.86900 13.22950
C 57.02130 118.96900 13.29560
C 59.13940 121.36400 13.28520
C 34.70750 123.06300 12.48600
C 37.84840 122.57500 12.52110
C 36.86560 125.56200 12.59470
C 38.99030 128.02000 12.62710
C 33.54520 126.17000 12.42410
C 40.13410 124.95800 12.65390
C 41.14100 121.94100 12.60300
C 43.29040 124.39400 12.63220
C 46.50250 123.70600 12.59450
C 42.27700 127.40800 12.62570
C 45.51500 126.70600 12.69170
C 48.67230 126.11800 12.68820
C 51.73140 125.51300 12.77360
C 49.60440 123.21000 12.68800
C 52.71500 122.68200 12.86060
C 56.97700 127.35900 13.08870
C 58.07920 124.36000 13.23170
C 55.84820 121.97200 13.19830
C 54.87450 124.86400 13.00220
C 53.82630 128.04300 12.99750
C 39.98000 133.33000 12.55890
C 36.83190 134.07400 12.37230
C 37.93720 131.01000 12.58020
C 35.68340 128.60000 12.51870
C 34.74160 131.68600 12.40920
C 33.68360 134.70100 12.25400
C 46.31350 132.18300 12.66920
C 43.23510 132.75600 12.57360
C 41.17320 130.38000 12.58300
C 44.26360 129.76300 12.66590
C 49.52770 131.45700 12.82460
C 48.37400 134.56300 12.86640
C 47.46880 129.12800 12.77150
C 52.69820 130.99700 13.04160
C 50.68360 128.57900 12.87110
C 51.61640 134.04300 13.01540
C 55.98780 130.43300 13.01060
C 58.03760 132.81600 13.19760
C 54.95210 133.39500 13.06140
C 59.19850 129.78000 13.30180
H 59.64130 131.62600 11.73280
H 58.57990 134.63500 11.68710
C 62.44240 2.52006 10.18420
C 61.38050 5.54380 10.15060
C 65.68490 1.90123 10.24830
C 64.55670 4.87729 10.15690
C 60.40420 0.04684 10.11750
C 68.84070 1.36723 10.32430
C 67.73410 4.32432 10.32610
C 72.11860 0.75458 10.49350
C 71.08480 3.72082 10.50120
C 73.25330 6.25864 10.68480
C 74.12220 3.14147 10.71390
C 77.27070 2.65545 10.79930
C 76.23210 5.51580 10.86190
C 79.49260 4.91545 10.96320
C 75.22050 0.27230 10.69040
C 80.60440 2.00188 10.88470
C 82.51330 4.35738 10.90690
C 83.71600 1.37344 10.79460
C 85.80400 3.75168 10.90050
C 63.41260 7.95432 10.23410
C 65.65860 10.34140 10.31050
C 62.45170 10.93330 10.19460
C 60.29710 8.46604 10.13930
C 66.73300 7.37609 10.24520
C 69.88540 6.79469 10.44410
C 68.85640 9.78686 10.46730
C 67.91830 12.87120 10.41120
C 72.04600 9.14600 10.61300
C 71.00190 12.23500 10.60890
C 78.34720 7.93248 10.85680
C 74.22810 11.64180 10.75250
C 75.20530 8.63092 10.78420
C 77.30280 10.89370 10.84380
C 84.68100 6.77110 10.98210
C 81.43760 7.37437 10.96340
C 80.52650 10.35550 10.90370
C 82.59690 12.76880 10.86940
C 83.63270 9.68829 10.95110
C 85.88160 12.17340 10.83810
C 64.60980 13.43370 10.30650
C 60.27420 16.98070 10.04890
C 63.56790 16.39590 10.26630
C 61.41110 13.95300 10.17220
C 62.49630 19.35800 10.10760
C 65.67060 18.86700 10.30970
C 66.64390 15.83940 10.36010
C 69.93990 15.20590 10.54480
C 68.89200 18.16590 10.48020
C 72.01950 17.74340 10.63400
C 73.07290 14.61900 10.71920
C 76.31430 14.07440 10.79030
C 78.38720 16.39730 10.80640
C 75.21750 17.01420 10.77610
C 77.26280 19.51130 10.68240
C 74.14580 20.12720 10.72620
C 79.45390 13.19280 10.85400
C 81.61260 15.76040 10.80480
C 84.74830 15.10230 10.90590
C 80.54600 18.79320 10.78880
C 83.68310 18.17660 10.84740
C 61.41230 22.51780 10.12370
C 64.63630 21.82680 10.30820
C 63.62250 24.87870 10.31100
C 60.45520 25.60020 10.20140
C 66.80650 24.25930 10.46330
C 71.06620 20.70140 10.59470
C 69.93420 23.78950 10.58040
C 67.78830 21.24390 10.47460
C 72.02090 26.12550 10.80500
C 68.97450 26.77690 10.72100
C 73.15670 23.19020 10.66100
C 76.30450 22.46810 10.81870
C 75.31240 25.62200 10.87530
C 79.52660 21.87830 10.85410
C 78.50850 24.80240 10.88760
C 85.81490 20.65280 10.86100
C 84.79490 23.55340 10.97480
C 82.59110 21.26830 10.87580
C 81.62260 24.25540 10.90520
C 83.65690 26.64380 10.97200
C 62.54440 27.93870 10.45380
C 65.76310 27.34170 10.61950
C 64.62040 30.32370 10.74740
C 63.65150 33.34830 10.68410
C 61.46170 30.81580 10.52760
C 71.03210 29.17070 10.84230
C 69.95780 32.13030 10.86960
C 66.67220 32.61830 10.73710
C 67.78890 29.71770 10.77410
C 76.34990 30.92970 11.06460
C 78.35580 33.33920 11.15210
C 74.22130 28.58850 10.92660
C 77.31970 28.06370 10.98720
C 79.43310 30.33820 11.14070
C 73.10510 31.50910 10.97090
C 85.83800 29.18320 11.06760
C 81.54630 32.79340 11.23990
C 82.66760 29.70780 11.09680
C 84.75010 32.17380 11.16630
C 80.50770 27.32790 10.92650
C 62.38460 2.49636 13.31770
C 61.33930 5.44738 13.42550
C 65.60510 1.91855 13.40160
C 64.40140 4.92790 13.38420
C 60.29500 0.11120 13.35820
H 60.64600 1.88938 11.70860
H 63.85960 1.31252 11.79240
H 62.75350 4.33880 11.77290
H 65.89740 3.75100 11.83820
C 68.83100 1.30417 13.46070
C 67.64800 4.29686 13.47400
C 71.89230 0.59855 13.73010
C 70.77640 3.80642 13.69510
H 71.30060 5.60855 12.07140
H 68.06530 6.13653 11.91600
H 69.17610 3.17438 11.92420
H 70.27890 0.12903 11.90470
H 72.32150 2.51077 12.27550
H 67.08150 0.75012 11.84360
C 72.86810 6.22508 13.87950
C 73.98010 3.08721 14.02340
C 77.32890 2.52724 14.01470
C 76.18500 5.53619 14.09580
C 79.42350 4.97889 14.18820
C 75.07070 0.08865 13.84310
H 77.66020 4.38048 12.53320
H 74.42190 4.95709 12.43240
H 75.50060 2.00438 12.40840
H 78.73800 1.38622 12.30660
C 80.38200 1.79090 14.06580
C 82.57950 4.30116 14.15170
C 83.73520 1.32649 14.10020
C 85.74130 3.69090 14.13070
H 83.99280 3.14218 12.45790
H 85.08380 0.15929 12.43180
H 82.91930 6.17056 12.54870
H 80.82170 3.71508 12.63100
H 81.98850 0.73067 12.48280
C 63.46840 7.82620 13.40080
C 62.38880 10.93760 13.43330
C 65.58810 10.37170 13.48430
C 60.15780 8.48732 13.36800
H 66.04500 12.21790 11.86170
H 63.82660 9.72394 11.87900
H 61.66800 7.30053 11.82600
H 64.92090 6.71765 11.74550
H 60.61930 10.29750 11.74310
H 62.78220 12.76640 11.84160
C 66.60410 7.27836 13.52580
C 69.75810 6.70199 13.64220
C 68.74280 9.73582 13.70970
C 67.59550 12.88190 13.63580
C 71.87000 9.16037 13.82380
C 70.87690 12.13960 13.82580
H 69.16030 11.61450 12.15600
H 67.03930 9.15658 11.99080
H 72.34090 11.00350 12.24580
H 70.20780 8.58345 12.12500
C 78.24730 7.97602 14.11920
C 74.03410 11.61930 13.97110
C 75.14000 8.50360 14.01740
C 77.30990 10.87640 14.06100
H 73.43150 8.03765 12.32620
H 78.71900 9.73537 12.46890
H 75.49540 10.40710 12.45880
H 77.60670 12.73570 12.41090
H 76.55280 7.34115 12.43050
C 84.65360 6.78783 14.22180
C 81.45420 7.39385 14.16840
C 80.35140 10.41870 14.18920
C 82.61040 12.79830 14.08010
C 83.65380 9.89958 14.14540
C 85.73470 12.17740 14.11470
H 84.06090 11.61230 12.39320
H 80.82640 12.16320 12.55700
H 79.69990 6.74959 12.54580
H 85.08790 8.59345 12.62690
H 81.81430 9.20795 12.59080
C 64.58280 13.31420 13.49560
C 61.34780 13.99290 13.42070
C 63.36120 16.43690 13.48960
C 62.34250 19.33010 13.32470
C 65.57280 18.80540 13.51980
C 60.23050 17.07860 13.28970
H 64.89560 15.23770 11.98210
H 60.66250 18.79760 11.56480
H 63.85550 18.25630 11.86440
H 61.71030 15.79930 11.74800
C 66.60250 15.81920 13.60750
C 69.73190 15.32970 13.77130
C 68.67200 18.23960 13.67650
C 71.90280 17.72860 13.84120
H 71.24680 14.04800 12.28510
H 67.01360 17.63030 11.98230
H 72.37150 19.51760 12.26720
H 70.23710 17.03600 12.16950
H 69.22600 20.04690 12.06680
H 68.05470 14.69860 12.03620
C 72.94010 14.66080 13.91640
C 79.31220 13.38040 14.07810
C 76.28600 13.98220 14.03210
C 78.40030 16.48300 13.99280
C 75.05480 17.03560 13.95550
C 77.24440 19.41380 13.94870
H 76.60930 15.83180 12.46030
H 73.36470 16.46400 12.27860
H 75.53180 18.87930 12.33140
H 78.69420 18.31330 12.28810
H 74.49700 13.45050 12.36820
C 74.10680 20.06710 13.92990
H 79.77950 15.15350 12.39910
C 81.53650 15.75980 14.06120
C 84.78080 15.16130 14.05040
C 80.36510 18.76760 13.98010
C 83.75020 18.19350 14.07090
H 85.08210 16.97030 12.43190
H 82.99400 14.58260 12.48340
H 81.94430 17.55910 12.48670
H 84.03050 20.01580 12.47800
C 60.22280 25.34460 13.38880
C 61.31410 22.36830 13.32380
C 64.35730 21.76460 13.45920
C 63.41740 24.77270 13.54670
H 64.94120 23.61770 11.95270
H 65.99450 20.68480 11.99500
H 61.76850 24.25740 11.81870
H 63.91620 26.65610 12.01560
H 62.71510 21.19430 11.73890
C 66.58620 24.06300 13.70100
C 72.04180 26.10050 14.00710
C 69.79190 23.57490 13.85080
C 70.84100 20.68220 13.76140
C 67.73320 21.18330 13.64290
C 68.78010 26.63490 13.92750
H 71.31740 22.52450 12.19620
H 68.16010 23.03340 12.08690
H 67.11330 25.99830 12.24930
H 70.28830 25.48050 12.38280
C 73.02730 23.04740 13.93450
C 75.17950 25.43090 14.11320
C 78.43150 24.82470 14.11610
C 79.44030 21.77090 14.02400
C 76.23730 22.40720 13.98860
H 77.72240 21.26280 12.38760
H 76.66540 24.30260 12.45560
H 78.76120 26.67440 12.48510
H 73.49230 24.92570 12.38230
H 74.46450 21.90310 12.33940
H 79.89330 23.62640 12.51140
C 82.56610 21.13690 14.05790
C 81.56300 24.27500 14.13820
C 84.72670 23.56760 14.16880
C 85.74480 20.59280 14.09260
H 85.08990 25.41430 12.58230
H 82.98490 23.00610 12.54160
H 81.94720 26.06660 12.54550
H 80.85480 20.60900 12.42350
C 83.68640 26.60890 14.23850
C 62.36740 27.74270 13.66510
C 61.33440 30.92660 13.72760
C 65.56710 27.12190 13.81930
C 64.45460 30.30070 13.91070
C 63.30230 33.18560 13.89110
H 65.96990 29.09730 12.39710
H 64.90220 32.14490 12.38560
H 61.75730 32.67270 12.02060
H 62.77660 29.61930 12.23510
H 60.70760 27.25940 11.94860
C 66.66260 32.67810 14.00680
C 69.90610 32.21160 14.03650
C 67.75340 29.71390 14.01560
C 70.90790 29.05640 14.04170
H 69.16960 28.52050 12.38320
H 71.28050 30.90850 12.53870
H 68.12300 31.55940 12.39180
H 72.41630 27.95120 12.43960
C 73.02240 31.53780 14.12850
C 77.37570 27.86160 14.21180
H 73.42120 33.34120 12.49050
H 75.59550 27.35270 12.63400
H 76.57470 32.74020 12.67470
C 79.47970 30.27330 14.34610
C 78.29280 33.28180 14.39510
C 74.03680 28.58780 14.15720
C 76.20720 30.90830 14.25020
H 77.70070 29.74660 12.73650
H 74.53290 30.37810 12.57750
H 84.11980 28.46780 12.63580
C 85.89960 28.97420 14.26850
C 84.73010 32.05290 14.35780
C 82.73770 29.62000 14.33600
H 83.00630 31.49870 12.72480
C 81.58970 32.56480 14.41500
H 79.75710 32.14350 12.78270
H 80.90380 29.07610 12.68620
C 80.50650 27.23350 14.19550
C 62.60040 36.37820 10.74700
C 61.45310 39.37610 10.76150
C 65.54540 35.82230 10.79640
C 64.53620 38.77760 10.82670
C 60.39330 34.01270 10.49020
C 68.78970 35.20930 10.76220
C 67.63950 38.19210 10.84910
C 72.09590 34.60270 10.84470
C 70.93570 37.56800 10.88530
C 73.09040 39.93350 10.93140
C 74.16390 37.02430 11.02630
C 77.37840 36.36840 11.14550
C 76.26310 39.33040 11.09280
C 79.60180 38.60830 11.23190
C 75.16640 33.93830 11.01310
C 80.50560 35.73610 11.29150
C 82.70470 37.96350 11.27620
C 83.64140 34.96340 11.25790
C 85.86760 37.46960 11.07130
C 60.21970 42.31320 10.75650
C 63.48030 41.80630 10.75120
C 65.53900 44.10300 10.77500
C 62.42130 44.66960 10.69380
C 64.53400 46.98280 10.58710
C 66.59430 41.22210 10.84310
C 69.85480 40.49480 10.83730
C 68.71580 43.53580 10.81520
C 72.06450 42.92360 10.83880
C 67.66250 46.48710 10.67130
C 70.93710 45.87840 10.66600
C 78.46540 41.61980 11.06190
C 75.31400 42.30470 10.89220
C 77.47400 44.72160 10.72860
C 74.23090 45.31570 10.76920
C 84.78420 40.42030 11.00120
C 81.64250 41.02950 11.02140
C 80.58250 44.07170 10.80500
C 83.70370 43.52770 10.83720
C 82.66640 46.52820 10.69030
C 85.86070 45.91310 10.59970
C 60.28660 50.56170 10.31170
C 63.47080 50.08640 10.36650
C 61.35120 47.64220 10.53770
C 62.51060 53.01770 10.12250
C 65.70910 52.31300 10.27680
C 66.71400 49.48100 10.47510
C 69.82930 48.92930 10.57680
C 68.83690 51.82690 10.41830
C 72.02840 51.18660 10.46410
C 79.54600 47.08490 10.66350
C 73.14430 48.28670 10.70070
C 76.26570 47.59450 10.66050
C 78.47230 49.95510 10.47390
C 75.20630 50.60930 10.47180
C 77.27390 53.19560 10.44360
C 74.12050 53.71720 10.28480
C 81.61570 49.44180 10.53190
C 84.78850 48.73360 10.43950
C 80.66710 52.61030 10.33520
C 83.75280 51.92120 10.31060
C 60.37330 59.11810 9.60687
C 61.36180 56.03480 9.91139
C 64.59190 55.38360 10.01320
C 63.61160 58.51720 9.80418
C 66.91300 57.88310 9.99089
C 69.00110 60.25190 9.97748
C 70.88160 54.38980 10.23140
C 67.83350 54.88950 10.17630
C 69.97230 57.42000 10.13610
C 72.10090 59.75970 10.19230
C 73.11540 56.84450 10.22950
C 75.29300 59.10390 10.26420
C 76.42390 56.07870 10.38590
C 79.48040 55.55090 10.49000
C 78.51600 58.65850 10.45740
C 83.70530 60.38550 10.23500
C 84.74570 57.32180 10.27020
C 81.69050 57.95450 10.42910
C 85.81690 54.24890 10.20310
C 82.62100 54.96020 10.41990
C 65.70190 60.97830 9.76471
C 62.54830 61.65500 9.69192
C 64.71820 64.05030 9.77419
C 61.41190 64.61700 9.66450
C 63.63350 66.98390 9.76422
H 65.00070 65.81260 11.40710
H 61.79740 66.43430 11.31590
H 60.70450 61.03240 11.19900
H 62.85230 63.45650 11.29610
C 66.81140 66.47640 9.87447
C 70.11290 65.79320 10.06710
C 67.96070 63.41290 9.93698
C 71.10420 62.79920 10.13370
H 68.21160 65.26100 11.49460
C 73.15680 65.17340 10.13710
C 79.55460 64.01670 10.16270
C 77.52350 61.50600 10.27470
C 76.40900 64.58750 10.07270
C 74.26290 62.20490 10.15750
C 78.49060 67.03020 10.15220
H 73.45800 67.08440 11.60520
C 80.65440 61.00740 10.37960
C 81.59160 66.33440 10.09660
C 85.85400 62.83880 10.07390
C 84.87480 65.82100 10.00760
C 82.72940 63.34080 10.17310
C 62.32770 36.25230 13.95920
C 61.29040 39.43960 13.94570
C 65.57270 35.68250 13.99770
C 64.44700 38.77330 14.02370
C 60.24790 33.79970 13.61110
H 63.83420 35.09100 12.40480
H 62.74640 38.14530 12.42150
H 65.92360 37.60380 12.46180
H 60.70000 35.79480 12.18780
C 68.69110 35.16140 13.97310
C 67.71170 38.19860 14.04880
C 71.98440 34.61650 14.08080
C 70.77830 37.53510 14.09320
H 72.35520 36.40030 12.53810
H 69.10550 36.96200 12.42080
H 68.05590 40.01810 12.41240
H 70.28230 34.04690 12.39870
H 71.27990 39.36600 12.54960
H 66.99840 34.51510 12.30960
C 73.05190 40.04030 14.20320
C 74.07510 36.96200 14.21610
C 77.19990 36.40150 14.37090
C 76.18030 39.49990 14.30500
C 79.45130 38.80050 14.50260
C 75.05200 33.89240 14.21570
H 78.67000 35.14140 12.84540
H 74.47780 38.81700 12.63780
H 75.53730 35.73500 12.66080
H 77.69020 38.23380 12.79970
C 80.37380 35.69140 14.53470
C 82.78890 38.12530 14.40200
C 83.79870 35.20020 14.45710
C 86.01810 37.61000 14.24710
H 81.92610 34.53840 12.94440
H 85.14800 33.95070 12.82570
H 84.16040 36.88360 12.73360
H 80.90240 37.53190 12.98600
H 83.09350 39.98610 12.73960
C 63.44440 41.80180 13.98420
C 62.44180 44.78670 13.92810
C 65.55320 44.21800 14.01180
C 60.28110 42.38180 13.99590
H 62.72200 46.56590 12.24160
H 63.82090 43.55920 12.37390
H 61.70490 41.21580 12.34920
H 64.84890 40.60100 12.42500
H 65.91300 45.97090 12.29170
H 60.65620 44.16470 12.33460
C 66.59670 41.11180 14.02740
C 69.76220 40.66150 14.03320
C 68.74080 43.60380 13.96100
C 71.98220 43.05330 14.02800
C 67.67160 46.61680 13.86650
C 70.85810 46.09430 13.93960
H 70.20910 42.39880 12.37340
H 69.14130 45.41830 12.30970
H 66.94780 42.97790 12.46640
H 72.40300 44.84450 12.37760
C 78.42100 41.85680 14.21690
C 75.17770 42.52790 14.08340
C 77.36350 44.88030 13.94860
C 74.25870 45.32270 13.92770
H 76.67610 41.20940 12.66680
H 78.84540 43.62720 12.46840
H 77.75030 46.56450 12.21210
H 73.46690 41.79470 12.49720
H 75.69700 44.12790 12.31700
H 79.91280 40.56370 12.77940
C 84.94160 40.70440 14.21310
C 81.67700 41.29270 14.31430
C 80.65010 44.28540 14.04870
C 83.81690 43.64740 13.97940
C 82.73530 46.68350 13.86110
C 85.96460 46.06000 13.82980
H 85.22250 42.37030 12.41400
H 82.00320 42.95590 12.51270
H 84.15040 45.42150 12.28300
H 80.95340 45.96510 12.32630
C 64.48700 47.20790 13.78280
C 63.45400 50.22100 13.57930
C 61.24130 47.81870 13.77110
C 62.40110 53.32640 13.33550
C 65.57420 52.66730 13.52170
C 60.24310 50.87780 13.48760
H 64.85420 48.93160 12.01040
H 61.69470 49.53540 12.00660
H 60.68420 52.57610 11.71940
H 63.85600 51.99920 11.88660
C 66.53770 49.60970 13.67810
C 69.82110 49.04910 13.79430
C 68.80920 51.98930 13.60240
C 71.97810 51.49350 13.63950
H 68.05360 48.37820 12.19110
H 71.26560 47.74620 12.21650
H 72.30970 53.21320 11.87190
H 70.25300 50.73800 12.09340
H 67.04080 51.36270 12.05530
H 69.18600 53.73250 11.87000
H 74.53200 47.15290 12.37140
C 79.45460 47.18890 13.83070
C 72.99070 48.43770 13.80380
C 76.39610 47.79920 13.80810
C 78.44090 50.23100 13.67690
C 75.25960 50.72330 13.75400
C 77.32580 53.01750 13.59970
H 75.50070 52.51670 12.05030
H 76.66240 49.54170 12.08730
H 73.45240 50.18700 12.19890
H 78.83130 51.96070 11.90210
C 74.00300 53.83120 13.49720
H 79.93330 48.93660 12.21730
C 81.71240 49.60620 13.72570
C 84.93710 49.12230 13.59190
C 80.54270 52.51320 13.61610
C 83.88500 51.92400 13.52010
H 85.20530 50.75070 11.75170
H 82.02060 51.35360 12.00080
H 83.08450 48.38770 12.16340
H 84.14470 53.76080 11.93190
C 60.33220 59.27980 12.91680
C 61.34060 56.34920 13.16490
C 64.51010 55.69350 13.19160
C 63.47380 58.68960 12.99750
H 65.98380 54.31420 11.71340
H 62.77430 54.99780 11.61650
H 64.97460 57.37630 11.48010
H 61.76220 58.00610 11.36950
H 63.91730 60.39130 11.36750
C 66.69690 58.08780 13.11540
C 70.96270 54.42460 13.43890
C 67.70230 55.03110 13.35890
C 69.80620 57.40200 13.35260
C 72.03310 59.86900 13.42070
H 67.09290 59.89090 11.50590
H 70.32310 59.21130 11.81600
H 71.31570 56.22830 11.78720
H 68.16470 56.72100 11.64020
C 68.74650 60.46150 13.27160
C 73.11630 56.83630 13.40780
C 76.18320 56.13340 13.57010
C 75.21640 59.28410 13.52990
C 78.43930 58.60770 13.65730
C 79.53870 55.54080 13.67480
H 74.50140 55.55020 11.80580
H 78.90440 60.46120 12.09110
H 77.74080 54.94890 12.13510
H 73.52430 58.63670 11.87420
H 76.68500 58.00200 11.98090
H 79.90090 57.37010 12.08950
C 83.92010 60.46380 13.51230
C 86.03050 54.24320 13.39800
C 85.00390 57.39680 13.51450
C 82.78880 54.88940 13.61830
C 81.78200 57.96440 13.66700
H 85.15640 59.16860 11.82780
H 82.08780 59.81440 11.97700
H 83.14410 56.76660 12.06260
H 80.96550 54.34420 12.04940
C 62.37490 61.61180 12.88670
C 63.54590 66.94530 12.99910
C 65.56060 61.10380 13.07430
C 61.35260 64.59710 12.88220
C 64.51500 63.94970 12.97540
H 66.04410 62.83080 11.38420
C 66.70010 66.41540 13.06540
C 70.89450 62.69200 13.32390
C 67.77280 63.41860 13.02560
C 69.85930 65.88230 13.21020
H 69.29450 62.13680 11.56280
H 72.47710 61.60280 11.75510
H 71.38670 64.60210 11.83020
C 73.18130 65.30520 13.31940
C 77.38540 61.73990 13.47960
C 78.47910 67.06470 13.31510
C 74.16590 62.23880 13.37960
C 76.37450 64.61840 13.39220
C 79.39030 64.09100 13.37650
H 75.63920 60.99990 11.79730
H 76.75150 66.38850 11.72750
H 74.63010 64.02880 11.75070
H 77.74110 63.46900 11.72810
H 79.88790 65.80990 11.74360
C 84.93390 65.89180 13.17730
C 80.74800 61.12020 13.60920
H 83.12710 65.27400 11.63550
H 80.97070 62.87490 11.84240
C 86.03360 62.84390 13.28030
H 84.19350 62.17920 11.79050
C 82.83710 63.50180 13.34230
C 81.64610 66.42710 13.25970
C 62.48710 69.99390 9.75605
C 61.46990 73.06880 9.66821
C 65.78470 69.39370 9.82561
C 64.62660 72.50280 9.68347
C 60.44190 67.60900 9.63910
H 63.92040 68.80810 11.41570
H 60.63020 69.46040 11.28060
H 62.81840 71.85830 11.30360
H 66.03070 71.28870 11.32400
C 68.90490 68.80970 9.91017
C 67.78310 71.82200 9.77938
C 72.06640 68.22200 9.95513
C 70.98320 71.22670 9.88911
H 67.13670 68.24230 11.53830
H 68.11040 73.66760 11.39030
H 69.18060 70.69000 11.45700
H 71.30850 73.11380 11.39250
H 72.44110 70.09020 11.56320
H 70.28900 67.68090 11.59560
C 73.18850 73.51010 9.86940
C 75.34460 67.53630 10.10960
C 74.26080 70.72240 9.99191
C 77.55720 70.05800 10.05630
C 76.27890 73.04630 10.07330
C 79.50320 72.32300 9.99034
H 75.69490 69.49030 11.58210
H 78.84690 68.87600 11.72950
H 74.52040 72.51390 11.68220
H 77.75930 71.88370 11.69170
C 80.60980 69.44740 10.03540
C 82.70210 71.92750 10.00820
C 83.78430 68.80660 10.00130
C 85.90080 71.29990 9.92758
H 80.98190 71.25280 11.64200
H 84.18450 70.65850 11.53730
H 83.08460 73.74030 11.63390
C 60.31530 76.00990 9.49969
C 63.54660 75.50780 9.61488
C 65.59980 77.74820 9.55793
C 62.39260 78.37620 9.51051
H 62.76880 80.32750 10.96470
H 63.88860 77.35860 11.18640
H 66.03250 79.69070 11.07460
H 60.54450 77.93620 11.03230
H 61.73560 74.98720 11.20340
H 64.95820 74.36310 11.29430
C 64.52830 80.89690 9.43683
C 69.91360 74.28080 9.80002
C 66.80120 74.85440 9.68720
C 68.92720 77.23940 9.60985
C 67.82940 80.27810 9.41253
C 72.05970 76.60050 9.68278
C 70.96230 79.75960 9.51719
H 72.34280 78.54920 11.14430
H 69.20390 79.16210 11.14470
H 67.12340 76.70770 11.20620
H 70.27570 76.13460 11.35290
C 78.45410 75.52550 9.87665
C 74.17090 79.08640 9.57483
C 75.31680 76.07030 9.74393
C 77.37880 78.48890 9.78674
H 77.74400 80.34980 11.25400
H 73.51180 75.50820 11.36060
C 79.49910 80.91780 9.66588
H 75.52750 77.97120 11.32790
H 76.63600 74.94560 11.52360
H 78.79000 77.35790 11.49730
C 84.86080 74.26640 9.95948
C 81.66950 74.94730 9.94149
C 80.49140 77.94110 9.84440
C 82.66510 80.19790 9.71616
C 83.75020 77.23390 9.84173
C 85.86370 79.60570 9.78204
H 84.12000 79.11740 11.41330
H 80.86860 79.76940 11.39520
H 81.99740 76.79620 11.53400
H 79.84460 74.28360 11.43500
H 85.22800 76.13650 11.52830
C 60.32780 84.46020 9.54809
C 63.37270 84.01610 9.50293
C 61.31220 81.59100 9.45796
C 62.38970 87.12490 9.61849
C 65.66030 86.48760 9.60601
H 64.91890 82.76980 11.01770
H 61.71440 83.28410 11.21650
H 63.81850 85.80870 11.10030
H 60.65500 86.30620 11.20150
C 66.62910 83.48590 9.46819
C 69.85550 82.81950 9.45172
C 68.71470 85.84200 9.53130
C 72.08130 85.13200 9.51963
H 72.35900 87.03960 11.09110
H 70.22980 84.66130 11.09260
H 68.08320 82.13640 11.01170
H 67.04400 85.21610 11.24430
H 71.33070 81.65360 11.08550
H 69.15260 87.59520 11.16890
C 73.12550 82.16460 9.49100
C 76.35240 81.45050 9.54480
C 78.49300 83.84360 9.48816
C 75.18970 84.55960 9.49314
C 77.36840 86.90180 9.43490
H 74.49420 80.94420 11.14550
H 78.81210 85.75630 10.99140
H 73.45490 83.98400 11.15340
H 75.53810 86.45120 11.03060
H 76.66010 83.39230 11.04590
C 74.07270 87.69070 9.44366
C 83.72800 85.73820 9.50987
C 81.55890 83.36300 9.56358
C 84.88270 82.62720 9.56221
C 80.64690 86.27720 9.46718
H 79.86820 82.75380 11.23110
H 85.17570 84.57190 11.06340
H 83.06320 82.19320 11.12570
H 82.00390 85.11940 11.13970
H 84.14940 87.62070 11.05970
C 60.47960 92.94010 9.69216
C 64.61770 89.35590 9.69544
C 61.44600 90.09400 9.71316
C 63.59650 92.47780 9.84406
H 61.82000 91.78340 11.44410
H 64.98480 91.15510 11.28410
H 63.98600 94.22490 11.52760
H 62.81790 88.82170 11.33250
H 66.03330 88.16470 11.28390
C 66.76420 91.86160 9.74504
C 69.86280 91.36100 9.58994
C 72.02780 93.71590 9.63907
C 67.70660 88.80070 9.59826
C 70.83950 88.31240 9.58343
C 68.81470 94.31800 9.78272
H 67.16470 93.61560 11.40260
H 70.34190 93.08490 11.29860
H 71.29010 90.09660 11.16210
H 68.21780 90.58380 11.17240
C 73.04820 90.67630 9.59004
C 75.18170 93.02900 9.57223
C 78.45770 92.37160 9.41146
C 79.49710 89.17320 9.35633
C 76.30780 89.98220 9.44350
H 73.44670 92.47190 11.22340
H 76.68680 91.78150 11.12440
H 78.89560 94.18470 10.97720
H 74.54960 89.42650 11.09120
H 77.68200 88.74910 11.03440
C 82.72570 88.79830 9.42693
C 84.92400 91.15880 9.45316
C 81.71370 91.91000 9.42575
C 85.94180 88.18840 9.42358
H 81.00370 88.09620 11.04340
H 79.92700 91.05850 10.92880
H 82.04490 93.65120 11.07390
H 85.21430 93.01060 10.99890
H 83.10360 90.64720 11.01400
C 83.80600 94.35010 9.48790
H 61.78600 100.18500 11.34590
H 64.93980 99.68100 11.55640
H 66.08180 96.68860 11.35750
C 63.61330 100.84100 9.86601
C 65.71340 94.82760 9.84304
C 64.62740 97.95120 9.82951
C 61.60860 98.38740 9.72723
C 62.62490 95.38840 9.77730
H 60.78420 94.77230 11.25480
H 62.90240 97.22270 11.41670
H 71.39310 98.54160 11.39950
H 72.39140 95.52080 11.27940
C 70.92810 96.81890 9.73813
H 69.24700 96.10390 11.35000
H 68.15150 99.14400 11.49270
C 69.88490 99.74700 9.87397
C 67.82450 97.36060 9.81148
C 66.68820 100.34600 10.00300
C 73.15520 99.18500 9.77562
C 76.35380 98.53440 9.64039
C 79.54690 97.85940 9.61475
C 77.31280 95.47380 9.55261
C 78.49620 100.96100 9.66762
H 77.78560 97.22530 11.25650
H 75.60420 94.79680 11.23100
H 76.74750 100.28900 11.38190
H 74.57130 97.92300 11.21620
H 73.41160 100.87900 11.53080
C 74.18590 96.04430 9.64647
C 82.85020 97.31020 9.56331
C 81.70040 100.34000 9.68091
H 83.09800 99.10220 11.23700
H 81.00740 96.65610 11.07530
C 84.93360 99.72070 9.69914
C 85.95730 96.75630 9.62439
H 79.92380 99.68150 11.26150
H 84.15570 96.02350 11.18860
C 80.65410 94.84980 9.39321
C 62.40600 70.02330 12.95580
C 61.39200 73.20400 12.87290
C 65.64430 69.44150 13.04560
C 64.60480 72.53930 12.90580
C 60.26920 67.65790 12.89270
C 68.81890 68.93560 13.13340
C 67.69220 71.88420 13.02960
C 72.04770 68.28250 13.22610
C 70.89610 71.37300 13.05890
C 73.04110 73.73840 13.09420
C 74.22220 70.65130 13.21050
C 77.41190 70.07010 13.31020
C 76.29570 73.18480 13.22590
C 79.56400 72.55230 13.21880
C 75.28850 67.68400 13.20900
C 80.63110 69.45080 13.28450
C 82.82180 71.86320 13.22150
C 83.84160 68.81020 13.16430
C 85.97330 71.16550 13.14550
H 82.00110 68.22190 11.64060
H 85.30580 67.64480 11.54430
C 63.51220 75.61070 12.84630
C 62.31750 78.56560 12.64730
C 65.69410 77.96680 12.76670
C 60.21960 76.25910 12.76810
C 66.73280 74.99610 12.92950
C 69.87380 74.30390 12.98060
C 68.89530 77.37970 12.81520
C 67.78650 80.36910 12.73590
C 72.07610 76.82510 12.89090
C 70.95200 79.80510 12.70500
C 78.51480 75.54870 13.11960
C 73.99840 79.24160 12.82590
C 75.19100 76.22420 13.05690
C 77.31920 78.57560 12.98580
C 84.92940 74.31570 13.21760
C 81.56190 74.99260 13.13060
C 80.55530 77.98050 13.08420
C 82.71380 80.53470 12.87120
C 83.74680 77.40340 13.12620
C 85.93800 79.64480 12.99450
C 64.54540 80.93080 12.62880
C 61.32960 81.33790 12.70330
C 63.51990 83.98510 12.68520
C 62.40490 86.89930 12.80220
C 65.55340 86.38380 12.82050
C 60.15640 84.46840 12.77890
C 66.67030 83.32910 12.69510
C 69.81340 82.79400 12.67660
C 68.81360 85.82760 12.79410
C 71.99890 85.21400 12.71760
C 73.07980 82.21580 12.76080
C 79.39850 81.00990 12.94610
C 76.23790 81.64730 12.69280
C 78.39600 84.09510 12.71910
C 75.25720 84.64960 12.67930
C 77.37210 86.92530 12.62010
C 74.12630 87.64450 12.69070
C 81.67380 83.36810 12.76410
C 84.76960 82.86120 12.80060
C 80.52960 86.35550 12.68970
C 83.82170 85.76900 12.66560
C 61.38700 89.90780 13.00150
C 64.60000 89.33300 12.89630
C 63.66910 92.32690 13.02010
C 60.30360 92.95670 12.90410
C 66.85090 91.70320 12.86440
C 70.92370 88.25440 12.70560
C 67.82420 88.80480 12.79790
C 69.89670 91.23810 12.82870
C 72.14660 93.72840 12.87930
C 68.92630 94.28280 12.95020
C 73.13020 90.61290 12.70970
C 76.30620 89.93790 12.70550
C 79.51090 89.30940 12.61970
C 78.54680 92.29500 12.61940
C 75.25840 92.93270 12.81020
C 83.85390 94.12540 12.70960
C 82.73720 88.84800 12.62340
C 84.80890 91.12500 12.62970
C 81.60290 91.83100 12.60970
C 85.87680 88.16340 12.66700
C 65.86240 94.84280 12.98990
C 61.36070 98.42890 12.91070
C 62.39070 95.38250 12.98680
C 63.38940 100.84600 13.04570
C 64.61980 97.75940 13.02330
C 69.90630 99.59950 13.10060
C 70.99390 96.69710 12.95180
C 66.74230 100.20300 13.18760
C 67.82210 97.22140 12.97670
C 78.55720 100.88200 12.94240
C 76.30490 98.36690 12.91730
C 77.51350 95.26450 12.74440
C 79.62870 97.80860 12.84560
C 73.15170 98.93830 13.03790
C 74.30340 96.02140 12.83040
C 84.79390 99.56850 12.95690
C 80.63730 94.84480 12.68690
C 82.75610 97.22930 12.77150
C 85.95230 96.57320 12.77290
C 81.67970 100.25500 12.89310
C 61.40030 106.94500 9.98965
C 62.58140 103.99500 9.86464
C 65.67100 103.33600 10.01070
C 64.56770 106.32700 10.10560
C 60.47560 101.39000 9.71687
H 63.82100 102.65800 11.48380
H 62.75550 105.69100 11.67050
H 60.71210 103.22100 11.33670
H 65.93340 105.02400 11.65560
C 72.02210 102.19000 10.01620
C 67.70860 105.78300 10.11540
C 68.72880 102.70300 10.06100
C 71.00390 105.10300 10.11120
H 66.99020 102.10600 11.69740
H 70.24290 101.46500 11.56400
H 68.14210 107.53000 11.78820
H 69.17390 104.48100 11.64920
H 72.43720 103.89400 11.72670
H 71.33760 106.87600 11.74640
C 72.92980 107.64600 10.03270
C 77.23920 103.95900 9.84588
C 79.48070 106.41600 9.84446
C 74.10140 104.42800 9.97157
C 76.19760 106.95400 9.96953
C 75.15450 101.47100 9.89966
H 74.41880 106.28800 11.55730
H 78.82470 102.73000 11.27130
H 77.73380 105.73900 11.47020
H 75.58120 103.28400 11.55080
C 85.82440 105.15700 9.92042
C 83.75740 102.77200 9.79857
C 82.63300 105.75700 9.84108
C 80.56680 103.38100 9.72338
H 80.92540 105.12600 11.47490
H 81.95750 102.12500 11.35090
H 85.04910 101.48300 11.38080
H 84.06610 104.55100 11.45410
H 83.01390 107.58600 11.38700
C 63.53130 109.28600 10.11960
C 62.44090 112.32900 10.13490
C 65.74730 111.80900 10.19730
C 60.34990 109.97500 9.97298
H 61.69670 108.75400 11.70010
H 64.96870 108.11600 11.76070
H 60.57560 111.74800 11.70260
H 62.81400 114.10400 11.79490
H 63.92180 111.13700 11.72410
H 66.04230 113.54700 11.90440
C 66.73090 108.78600 10.19110
C 69.91370 108.17500 10.18190
C 71.97610 110.65700 10.20130
C 70.89530 113.63300 10.39980
C 67.84630 114.18200 10.40340
C 68.86140 111.20200 10.29130
H 67.05600 110.56800 11.86880
H 70.30580 109.94100 11.87270
H 72.43060 112.40300 11.93480
H 69.17160 112.93100 12.04460
C 77.28240 112.51600 10.10780
C 74.12450 113.05800 10.23190
C 75.21900 110.09000 10.07130
C 78.39880 109.44900 9.95270
H 76.61340 108.73900 11.58500
H 73.47400 109.37500 11.64140
C 84.79230 108.23200 9.89852
C 82.53230 114.24900 10.11740
C 81.57930 108.84400 9.86963
C 83.78320 111.22500 9.94789
C 80.51520 112.01100 9.98652
C 85.85730 113.64000 10.16770
H 79.84530 108.18800 11.49240
C 64.67600 114.75600 10.29510
C 63.55680 117.63400 10.30030
C 62.40240 120.69300 10.22840
C 65.58390 120.06500 10.36890
C 61.43050 115.31700 10.15520
C 60.31340 118.31900 10.23570
H 61.68810 117.06200 11.79880
H 60.65680 120.09200 11.86830
H 64.87660 116.52500 11.98880
C 66.69660 117.06200 10.45410
C 68.82480 119.57800 10.41770
C 69.83560 116.50600 10.47530
C 71.88050 119.00100 10.37730
C 73.08150 116.05300 10.46420
C 79.35420 114.86600 10.24690
C 77.32650 120.83900 10.37830
C 78.42310 117.80200 10.24370
C 75.06480 118.49000 10.34480
C 76.16320 115.39200 10.24180
C 74.08190 121.32200 10.33880
C 80.42420 120.29200 10.28460
C 83.71980 119.56200 10.24650
C 84.78090 116.64500 10.23010
C 81.55670 117.25600 10.24630
C 64.58470 123.06100 10.17420
C 60.30040 126.86100 10.04810
C 63.50400 126.25300 10.08830
C 61.42950 123.75300 10.13830
C 66.66630 125.53000 10.29180
C 68.74180 128.04500 10.36470
C 71.05910 122.09200 10.31270
C 67.70430 122.54300 10.30640
C 69.86480 124.99400 10.32160
C 72.02740 127.50900 10.40090
C 73.07040 124.40800 10.32850
C 78.31150 126.22800 10.47540
C 75.23750 126.90200 10.38120
C 76.28770 123.90100 10.39400
C 79.48600 123.27100 10.30440
C 81.64760 125.65300 10.38860
C 84.84060 124.98200 10.34490
C 82.73220 122.57100 10.29810
C 85.99730 122.05400 10.34370
C 83.65610 128.06100 10.44230
C 64.57480 131.70100 10.16510
C 65.69410 128.59900 10.28260
C 61.40420 132.22200 10.10570
C 62.43650 129.28300 10.15350
C 63.49590 134.58700 10.23010
C 67.88480 131.05300 10.24800
C 70.01590 133.40100 10.36570
C 71.03820 130.39400 10.44800
C 66.80210 134.08200 10.18200
C 79.44080 131.68400 10.68850
C 74.02260 129.84100 10.55990
C 78.40420 134.69300 10.67420
C 77.43560 129.34400 10.50070
C 73.06250 132.73900 10.47760
C 76.28240 132.24500 10.60080
C 81.60240 134.08200 10.78740
C 82.65610 131.19200 10.61610
C 80.61020 128.68300 10.47010
C 84.74100 133.47600 10.77350
C 85.91010 130.39600 10.60420
C 62.33680 103.75000 13.11050
C 61.22330 106.88500 13.24480
C 65.44120 103.18100 13.20570
C 64.50490 106.21800 13.28550
C 60.31170 101.32700 12.89660
C 68.88200 102.55100 13.20700
C 67.63250 105.56300 13.25860
C 72.01090 102.00100 13.22190
C 70.96680 105.01200 13.30330
C 73.17670 107.50100 13.27320
C 74.24490 104.42500 13.26090
C 77.42750 103.81600 13.02320
C 76.25490 106.81100 13.10690
C 79.54570 106.34100 13.07600
C 75.21520 101.38900 13.08450
C 80.55380 103.20500 12.99740
C 82.71430 105.77100 13.06550
C 83.63650 102.71500 13.00500
C 85.85080 105.06100 13.03930
C 63.48720 109.30600 13.35830
C 62.35090 112.19800 13.33460
C 65.66340 111.67800 13.46150
C 60.15070 109.87500 13.28000
C 64.51190 114.69000 13.47460
C 66.70030 108.72500 13.43940
C 69.91220 108.01400 13.41870
C 68.81980 110.99900 13.52990
C 72.19320 110.48600 13.43030
C 67.73160 114.05200 13.62320
C 71.00340 113.49800 13.61620
C 78.39810 109.36800 13.12540
C 75.29860 109.91000 13.26610
C 77.40290 112.34600 13.31500
C 74.24280 112.93100 13.56940
C 79.43410 114.82500 13.44250
H 78.80530 111.20600 11.54040
H 77.67860 114.20500 11.79800
H 75.58320 111.82800 11.78540
C 84.66170 108.16800 13.11720
C 81.59600 108.75100 13.03980
C 80.53690 111.73500 13.22300
C 83.64380 111.09200 13.14500
C 82.66610 114.16800 13.31300
C 85.73540 113.54000 13.34400
H 85.13740 110.01500 11.57670
H 81.94280 110.62500 11.46220
H 80.83980 113.63600 11.77860
H 84.01900 113.00600 11.63600
C 63.36410 117.65700 13.49830
C 61.31210 115.22000 13.39270
C 62.39420 120.84100 13.48360
C 65.56040 120.19100 13.56940
C 60.24690 118.27400 13.42000
H 63.79180 119.52300 11.94470
C 66.62470 117.05300 13.66700
C 69.94450 116.64200 13.65650
C 68.88540 119.69300 13.55100
C 71.96100 119.07600 13.63890
H 69.27800 121.50500 11.89400
H 72.35660 120.82100 11.98480
H 70.25680 118.39400 12.01750
H 71.34300 115.38300 12.05170
H 67.06080 118.95600 12.10720
H 68.14250 115.96200 12.09700
C 73.16300 115.98100 13.57350
C 76.34190 115.41200 13.48480
C 78.27840 117.67000 13.50830
C 75.22940 118.36300 13.47240
C 77.38580 120.84600 13.58360
C 74.10790 121.40200 13.56560
H 76.59740 117.21400 11.78810
H 75.57420 120.24400 11.99530
H 78.74620 119.57800 11.98430
H 74.55830 114.77900 11.92980
H 73.35680 117.85800 11.98430
C 81.61610 117.20800 13.44640
C 84.77830 116.57400 13.44940
C 80.56510 120.28800 13.56230
C 83.82860 119.53300 13.47750
H 81.94480 119.12600 11.87820
H 83.00440 116.04500 11.80100
H 85.21670 118.42100 11.86420
H 84.20420 121.34500 11.84870
H 79.82070 116.61900 11.89320
C 61.31860 123.81400 13.27730
C 64.51920 123.32600 13.40930
C 63.44800 126.17900 13.28650
C 60.21450 126.72400 13.26050
H 63.81930 128.03700 11.78280
H 64.83160 124.94500 11.69630
H 61.71960 125.58700 11.64560
H 65.91780 121.95200 11.87400
H 62.81070 122.57900 11.81620
C 66.52060 125.47600 13.42860
C 70.97940 122.07800 13.54990
C 67.71550 122.53300 13.46970
C 69.76760 125.01000 13.52370
C 68.77870 128.00500 13.57520
C 71.89190 127.27300 13.56460
H 67.01040 127.37000 11.98160
H 70.18830 126.81200 11.91140
H 68.07240 124.36800 11.90530
H 71.29420 123.90800 11.97600
C 73.06310 124.45100 13.53160
C 76.19760 123.77300 13.56560
C 79.58330 123.18000 13.59830
C 78.39140 126.15700 13.60040
C 75.09190 126.88300 13.63920
H 76.55890 125.68200 12.08710
H 78.80570 128.03500 12.05890
H 77.73560 122.70500 11.98060
H 74.42660 123.19400 11.88570
H 73.42960 126.26000 11.91650
H 79.83530 125.00100 11.97080
C 84.80610 124.96300 13.56380
C 81.63840 125.49900 13.55720
C 82.75120 122.52300 13.42260
C 83.69370 127.98400 13.64640
C 85.96530 121.88200 13.49430
H 81.95040 127.39400 12.04020
H 85.10630 126.82200 11.97450
H 83.10420 124.37300 11.88820
H 80.90660 122.03500 11.88650
C 63.51030 134.60100 13.36320
C 64.46990 131.73900 13.34870
C 62.38820 129.23800 13.38920
C 65.51720 128.71100 13.44740
C 61.35170 132.25200 13.40750
H 65.04680 133.48600 11.80030
H 65.98390 130.47500 11.79320
H 60.69710 128.57300 11.73720
H 61.77010 134.00000 11.80000
H 62.77150 131.03700 11.75970
H 69.17970 129.86600 11.98800
H 72.33770 129.22000 12.20600
C 69.83240 133.45900 13.48450
C 70.85060 130.47400 13.73600
C 67.71420 131.09300 13.46470
C 66.78260 134.04000 13.48840
H 71.30230 132.19100 12.06720
H 68.12220 132.90100 11.82470
C 73.06580 132.69000 13.70380
H 77.66950 131.05500 12.30010
C 79.51550 131.55600 13.86620
C 77.31540 129.06200 13.74150
C 74.17670 129.78800 13.68010
C 78.22100 134.57500 13.88270
H 76.60480 134.09400 12.24490
H 74.50160 131.64800 12.10380
H 75.61160 128.67300 12.01100
C 76.19580 132.23600 13.78450
H 73.38160 134.56600 12.15020
C 85.84400 130.29700 13.83810
H 79.81780 133.44800 12.29570
C 81.50340 133.95200 13.99920
H 82.98950 132.80200 12.38170
C 84.78150 133.31400 13.93280
H 84.09630 129.82900 12.11800
C 80.58730 128.45200 13.72980
H 80.91510 130.39600 12.21590
C 82.69900 130.87600 13.89390
C 89.02840 3.05308 10.96570
C 87.87750 6.08453 10.96800
C 92.18810 2.61536 11.01760
C 91.17680 5.53179 11.11290
C 86.86970 0.76092 10.90080
C 90.05150 0.10000 10.87160
C 95.43080 2.02367 10.96500
C 94.27410 5.03079 11.11620
C 97.45470 4.46505 10.91660
C 98.51680 1.46081 10.83220
C 100.68500 3.84296 10.80060
C 102.87000 6.35410 10.93470
C 101.88300 0.76449 10.76690
C 103.90700 3.26383 10.76460
C 105.06000 0.34678 10.63040
C 106.03300 5.65384 10.78720
C 109.31900 4.99282 10.69020
C 107.12500 2.78145 10.68250
C 110.57900 2.07157 10.86230
C 86.87590 9.14910 11.01060
C 90.01630 8.52942 11.09370
C 89.02750 11.56180 10.99140
C 92.14950 10.95880 11.06360
C 93.18110 7.97518 11.08920
C 96.37530 7.41668 11.09450
C 95.38640 10.41240 11.06460
C 97.54100 12.85610 11.01410
C 98.53750 9.94544 11.00200
C 99.59570 6.79344 10.90230
C 104.77400 8.68187 10.92210
C 101.73200 9.26001 11.01440
C 100.65400 12.15510 10.93200
C 103.82700 11.63550 10.96970
C 108.09800 8.01942 10.76320
C 111.34100 7.38171 10.73550
C 106.93100 10.96200 10.69940
C 110.26300 10.32410 10.55220
C 88.00310 14.55420 10.89390
C 91.15570 14.00110 11.02260
C 90.15760 16.95830 10.99020
C 92.22560 19.24790 10.88790
C 86.90500 17.51360 10.89480
C 89.09090 19.97510 10.84620
C 94.28800 13.37230 10.97650
C 93.23660 16.33650 11.01090
C 96.41340 15.81700 11.00800
C 95.39890 18.83650 10.97890
C 98.48760 18.21310 10.93160
C 99.54010 15.35130 10.81960
C 102.80800 14.67700 10.78960
C 101.74600 17.71500 10.86340
C 104.89400 17.11230 10.73810
C 103.96300 20.08440 10.82280
C 109.21400 13.44930 10.54950
C 105.89900 14.05500 10.69380
C 107.10400 19.35560 10.62660
C 108.15100 16.38910 10.58480
C 111.26000 15.89810 10.29480
C 110.19900 18.84240 10.40130
C 86.84440 26.09860 10.98620
C 91.22040 22.49110 10.85410
C 87.94190 22.96320 10.90860
C 90.11860 25.33960 10.93940
C 93.36070 24.78800 10.93760
C 94.36960 21.79640 10.90820
C 97.53320 21.22340 10.92980
C 96.55040 24.32950 11.00360
C 98.61290 26.72430 10.93950
C 99.62110 23.77340 10.96730
C 100.74000 20.68510 10.89630
C 104.91300 25.32380 10.73870
C 102.89500 22.91610 10.82310
C 101.69000 26.03840 10.91760
C 105.99500 22.39720 10.72880
C 108.08500 24.81820 10.69780
C 111.41900 24.31970 10.60610
C 109.22700 21.92590 10.51260
C 92.32670 27.76720 10.96230
C 89.01840 28.47880 10.90870
C 87.97150 31.51170 11.09510
C 91.23200 30.78280 10.96690
C 97.51210 29.65030 10.95950
C 94.34380 30.20180 10.93710
C 96.44950 32.63520 10.80220
C 95.49720 27.28820 11.02550
C 93.24300 33.21050 10.86570
C 99.72060 32.12970 10.83200
C 102.88900 31.41570 10.81250
C 103.77600 28.36970 10.77420
C 100.68600 29.08490 10.95360
C 106.08200 30.78030 10.72570
C 111.48700 32.54870 10.74890
C 109.29200 30.20720 10.69840
C 110.25800 27.17810 10.67220
C 107.03000 27.83780 10.73980
C 108.21100 33.20040 10.73440
C 89.05840 3.03371 14.19900
C 87.86350 6.17649 14.19950
C 92.23470 2.47516 14.15870
C 91.01640 5.51772 14.26200
C 86.81880 0.63948 14.10460
C 89.99750 0.04188 14.15210
H 87.24620 2.54948 12.55630
H 89.29020 4.90588 12.61000
H 92.57170 4.37859 12.70250
H 90.44270 1.84914 12.58020
H 86.08560 5.54309 12.58380
C 95.43400 1.93463 14.19010
C 94.37570 4.89293 14.28900
C 97.53930 4.38110 14.10550
C 98.70730 1.46475 14.10490
H 97.90160 6.23276 12.58560
H 96.86220 0.84150 12.58270
H 95.76560 3.78476 12.57960
H 98.94150 3.25881 12.41820
H 93.68300 1.38484 12.54980
C 105.27600 0.17325 13.83460
C 101.96800 0.82893 13.96900
C 100.76700 3.74630 14.01440
C 103.98400 3.16221 13.93550
C 102.89800 6.11928 14.11270
H 101.09900 5.63205 12.46340
H 102.17400 2.64795 12.29280
H 104.29000 5.02468 12.41230
H 105.46000 2.07939 12.33110
H 100.08500 0.30630 12.38760
C 106.11200 5.56501 13.97720
C 107.27000 2.61104 13.93530
C 110.34400 1.99324 13.95310
C 109.31400 4.95266 13.94290
H 111.61300 0.84757 12.94850
H 110.78500 3.84699 12.31770
H 108.59700 1.54067 12.20570
H 107.53200 4.45725 12.32870
C 86.89960 9.20038 14.22160
C 89.98610 8.57356 14.31220
C 88.87250 11.66980 14.22850
C 92.14100 11.00290 14.26270
H 92.56640 12.76980 12.59800
H 90.36080 10.37980 12.71830
H 87.22030 10.98260 12.56440
H 88.28820 7.93777 12.63200
H 91.45620 7.36911 12.74130
C 93.23020 7.95560 14.38040
C 96.55930 7.40559 14.25570
C 95.43600 10.44350 14.24270
C 97.47800 12.89280 14.21830
C 98.71400 9.83626 14.21840
H 95.75930 12.25260 12.59160
H 96.85870 9.26072 12.65630
H 94.67500 6.81443 12.77390
H 93.59230 9.81272 12.69090
H 98.94090 11.69850 12.66670
C 99.72280 6.82427 14.10700
C 104.98800 8.62275 14.20330
C 101.61800 9.17789 14.18930
C 100.69800 12.43400 14.13760
C 103.96200 11.69720 14.17020
H 102.11400 11.05250 12.67930
H 99.97480 8.61718 12.47720
H 103.16700 8.06685 12.66130
H 105.31100 10.44860 12.52510
C 111.36900 7.07332 14.02980
C 108.18300 8.09057 13.97190
C 107.13900 11.10080 13.95610
C 110.44200 10.40750 13.90990
H 111.62100 9.25252 12.55820
H 107.44600 12.88120 12.17380
H 108.49100 9.85731 12.28680
H 110.69800 12.21920 12.12240
H 106.32000 7.46484 12.45240
H 109.51800 6.83813 12.36350
H 89.36130 13.41150 12.59540
C 86.82950 17.58680 14.05970
C 87.92100 14.63390 14.15820
C 91.11790 13.92410 14.22770
C 90.04980 17.04920 14.15280
C 92.17820 19.37260 14.06330
H 87.18040 19.44190 12.41720
H 91.53480 15.78740 12.69970
H 88.32270 16.37150 12.51330
H 90.42310 18.79310 12.50030
C 88.93760 20.03910 14.00960
H 86.21640 13.94780 12.49970
C 94.32730 13.29970 14.20770
C 93.35430 16.40100 14.25760
C 96.42030 15.86140 14.16280
C 95.39030 18.79170 14.16330
C 98.60200 18.31450 14.11860
H 96.82390 17.62970 12.57870
H 97.91360 14.71230 12.56270
H 94.67160 15.15970 12.61830
H 93.65380 18.14720 12.56140
H 98.98110 20.04700 12.52140
H 104.25200 13.50820 12.47030
C 99.76490 15.30780 14.06780
C 102.75800 14.69040 13.99830
C 101.82100 17.67360 14.04660
C 105.08500 17.05520 13.91510
H 100.02700 17.10100 12.49320
H 102.22500 19.52840 12.46350
H 103.24300 16.48860 12.39290
H 105.41000 18.86900 12.33320
H 100.99700 14.09770 12.31610
C 104.07000 20.01080 14.01240
C 109.42000 13.34930 13.65230
C 106.15600 14.13080 13.91510
C 111.65500 15.45730 13.61160
C 108.32100 16.36580 13.76130
C 107.29000 19.36080 13.83890
C 110.58000 18.71660 13.65650
H 111.71700 17.66840 12.22730
H 106.44600 15.89320 12.21640
H 108.62000 18.21390 12.18500
H 109.69500 15.27480 12.13230
C 86.85460 26.06010 14.16430
C 91.20300 22.33500 14.09620
C 88.01270 22.98420 14.14080
C 90.14480 25.45480 14.09300
H 92.57020 21.16620 12.38300
H 91.57740 24.22890 12.56710
H 89.43660 21.83490 12.42540
H 88.29680 24.80800 12.54880
H 86.21020 22.43230 12.55280
C 93.26400 24.75470 14.22330
C 94.24080 21.76480 14.12350
C 97.56510 21.14740 14.21460
C 96.50250 24.23760 14.22780
H 95.78450 20.63250 12.59900
H 97.88110 23.02210 12.61480
H 93.73840 26.60740 12.64090
H 94.74630 23.60780 12.55370
C 98.74940 26.75040 14.23090
H 96.94350 26.11960 12.67080
C 99.70150 23.66650 14.12240
C 100.77100 20.72950 14.08910
C 101.85700 25.96350 14.06820
C 102.92500 23.04860 14.03280
C 105.01900 25.43900 13.95650
H 104.37000 21.86490 12.45610
H 100.01500 25.52480 12.56050
H 101.11000 22.52290 12.45380
H 103.21300 24.81020 12.37230
C 106.23400 22.36190 13.95740
H 108.52500 26.61100 12.29540
H 109.65500 23.63800 12.25230
H 107.53700 21.20740 12.20730
H 111.56700 26.07640 12.55300
C 108.19500 24.73770 13.89060
C 111.51700 23.88390 13.89130
C 109.47700 21.68380 13.76180
H 106.41100 24.23510 12.35300
H 110.75900 20.65080 11.99910
C 88.09440 31.47370 14.24100
C 89.13210 28.40770 14.15550
C 91.13660 30.88350 14.08970
C 92.16530 27.73710 14.18950
H 92.62080 29.57780 12.62330
H 91.49100 32.68550 12.45400
H 88.38450 33.34920 12.67780
H 87.32830 27.86690 12.57600
H 90.47480 27.22470 12.45760
H 89.44390 30.25890 12.57040
H 86.21880 30.93720 12.77150
C 96.52870 32.79770 14.04850
C 97.59660 29.81750 14.13950
C 94.26950 30.26320 14.20330
C 93.23050 33.29170 14.09340
C 95.50500 27.34170 14.23070
H 97.95160 31.54400 12.46180
H 95.77580 29.16070 12.58030
H 94.69020 32.08440 12.53070
H 98.95930 28.52920 12.58380
C 99.78540 32.15740 14.03100
H 101.13500 30.91870 12.44750
C 103.95200 28.43970 14.00590
C 100.79500 29.15320 14.11690
H 105.31000 27.23370 12.29580
C 102.94400 31.35590 14.00340
H 103.25500 33.22150 12.44380
H 102.11800 27.87920 12.54760
H 104.33000 30.19580 12.33980
H 106.41500 32.63860 12.29160
H 107.52200 29.64230 12.34830
C 107.13500 27.78270 13.88970
H 110.64800 29.00120 12.30740
C 111.48800 32.09060 13.97920
H 109.62500 31.96130 12.36070
C 106.07500 30.86710 13.91550
C 108.18100 33.15520 13.94650
C 110.38700 27.05330 13.89150
C 109.30200 30.08830 14.00110
C 86.86900 34.49090 11.12160
C 89.07190 36.79460 10.93330
C 87.96100 39.79530 10.91050
C 92.21780 36.24440 10.78750
C 91.01970 39.18310 10.73100
C 90.07830 33.90040 10.93270
C 95.40090 35.61220 10.72310
C 94.33920 38.58320 10.63660
C 97.63470 38.03700 10.63400
C 98.65790 35.02790 10.70090
C 101.88500 34.34930 10.76280
C 100.81900 37.42500 10.64130
C 104.01800 36.84050 10.66100
C 103.02000 39.95470 10.72000
C 104.89000 33.78900 10.72900
C 106.16200 39.13290 10.69730
C 107.20600 36.10110 10.73220
C 110.48000 35.41570 10.78510
C 109.52500 38.47360 10.79990
C 86.93200 42.89910 10.69670
C 90.06790 42.23410 10.58780
C 92.34740 44.57600 10.53450
C 89.01380 45.34910 10.50540
C 93.28670 41.61620 10.61630
C 96.56810 41.01410 10.59190
C 95.44280 44.07260 10.57820
C 98.63010 43.41490 10.55110
C 97.61030 46.38380 10.52130
C 94.41400 46.95140 10.49640
C 99.73040 40.43560 10.59820
C 105.16100 42.12220 10.71130
C 101.93000 42.75830 10.65500
C 100.84500 45.67030 10.46350
C 104.02600 45.19500 10.47550
C 108.30300 41.61570 10.71930
C 111.62300 41.01900 10.77190
C 107.22800 44.54640 10.50350
C 110.43100 44.09490 10.69120
C 87.00090 51.29680 10.15190
C 87.97400 48.24400 10.40830
C 91.18450 47.63650 10.42270
C 90.22160 50.66640 10.25530
C 92.42310 52.99520 10.23680
C 89.13100 53.68120 10.11300
C 93.39340 49.99840 10.35460
C 96.56540 49.26060 10.36000
C 95.50650 52.39640 10.22890
C 98.67220 51.76800 10.13280
C 99.70530 48.73050 10.33830
C 103.04400 48.23550 10.35030
C 101.84200 51.22240 10.15350
C 105.22100 50.62550 10.26620
C 104.07300 53.66140 10.09290
C 109.55600 46.95840 10.49380
C 106.09700 47.69120 10.36980
C 108.32000 49.93010 10.28160
C 111.51700 49.55090 10.35700
C 107.16700 52.99500 10.09580
C 110.47700 52.45100 10.12920
C 86.89740 59.63680 10.12530
C 88.02650 56.60550 10.15720
C 91.27890 55.94260 10.11500
C 90.14130 59.05790 10.01450
C 93.36970 58.34600 9.89979
C 94.40720 55.40560 10.11500
C 97.60670 54.82290 10.16500
C 96.71510 57.79770 9.98458
C 98.73020 60.30290 9.98817
C 99.70460 57.24330 10.04350
C 100.83700 54.21830 10.06030
C 102.96500 56.74230 10.00760
C 105.05300 59.09260 9.84917
C 101.75200 59.78700 9.98446
C 106.11500 56.00720 9.96222
C 108.25200 58.50910 9.82597
C 111.63300 57.61570 9.67493
C 109.35900 55.44420 9.85587
H 111.70700 59.79530 11.05880
C 92.26570 61.45660 9.81185
C 89.09300 62.15210 9.96141
C 91.21890 64.47640 9.79478
C 87.94860 65.14790 9.95464
C 96.63630 66.34410 9.69501
C 97.69190 63.30090 9.85422
C 94.39260 63.84370 9.75037
C 95.58970 60.82600 9.77013
C 93.22140 66.88200 9.65688
C 102.87500 65.12000 9.76408
C 100.80500 62.74380 9.86480
C 103.94100 62.12370 9.79527
C 99.89470 65.68080 9.78366
H 103.39200 66.98190 11.36450
C 108.27300 66.88270 9.50304
C 106.14200 64.53380 9.64566
C 109.42400 63.90750 9.54400
C 107.20800 61.58990 9.67754
H 109.81600 65.75720 11.11160
C 110.55900 60.73940 9.66915
C 111.63200 66.38130 9.49575
H 106.60500 66.36700 11.22070
C 89.16840 36.93360 14.17700
C 88.17700 39.97000 14.06040
C 92.44910 36.33480 13.99480
C 91.31900 39.34340 13.91550
C 86.96690 34.59470 14.29750
C 90.18390 33.90930 14.20390
H 90.56380 35.70970 12.52800
H 92.67920 38.13220 12.28690
H 87.37090 36.32560 12.61570
H 89.47100 38.67900 12.48880
H 86.24020 39.35270 12.64710
C 95.49120 35.78890 13.88310
C 94.52720 38.66440 13.83850
C 97.63250 38.08320 13.84140
C 98.64850 35.11850 13.91260
H 96.91730 34.47880 12.33660
H 95.88250 37.48160 12.22820
H 93.69430 35.04110 12.35470
H 99.05050 36.89460 12.27090
H 97.98060 39.89030 12.22520
C 101.82500 34.52990 13.92020
C 100.84900 37.47100 13.87380
C 103.93000 36.84180 13.92990
C 102.90200 39.89670 13.95020
H 105.43000 35.60330 12.35210
C 105.06200 33.79250 14.01290
H 100.06200 33.90560 12.33790
H 104.35700 38.66940 12.34010
H 102.21400 36.27030 12.22890
H 101.14200 39.31870 12.29030
C 106.17000 39.21620 13.97170
C 107.17100 36.18680 14.00390
C 110.60400 35.42940 14.07040
C 109.39000 38.52760 14.01050
H 111.91700 34.31950 12.71990
H 108.66500 34.97960 12.40770
H 110.81600 37.33240 12.32500
H 107.57800 37.99360 12.35810
C 90.21660 42.43450 13.76920
C 92.26230 44.71900 13.69980
C 89.21520 45.43510 13.67690
C 87.06420 43.02540 13.91580
H 91.49740 41.07300 12.20380
H 92.60130 46.47890 12.06940
H 90.49800 44.14050 12.04130
H 88.37340 41.71420 12.28320
H 87.34530 44.76220 12.23870
C 93.31400 41.66660 13.77020
C 96.59720 41.09150 13.82420
C 95.57300 44.06360 13.78070
C 98.70810 43.46210 13.79750
C 97.68050 46.54390 13.70430
H 94.81220 40.45250 12.20620
H 93.76600 43.45940 12.22920
H 96.93420 42.85590 12.17650
H 99.08200 45.24950 12.12870
H 95.86040 45.88840 12.15440
C 99.70920 40.49960 13.84810
C 105.12700 42.33630 13.90920
C 101.82700 42.94770 13.82060
C 100.85400 45.97890 13.65980
C 103.96600 45.33590 13.74170
H 100.10400 42.28300 12.20070
H 103.36000 41.71150 12.36600
H 102.25700 44.68390 12.14200
H 105.44200 44.11230 12.19970
H 109.70300 40.41960 12.42240
C 111.53300 40.69370 14.11890
C 108.32000 41.63470 13.95160
C 107.16600 44.82770 13.76330
C 110.28900 44.20000 14.08310
H 111.66400 42.89550 12.75260
H 107.60700 46.48100 11.95020
H 106.53800 41.01190 12.34620
H 108.62100 43.50480 12.27360
H 110.83200 45.93980 12.28480
H 89.46610 47.17820 12.07600
C 88.12750 48.46490 13.58850
C 91.26250 47.83230 13.60620
C 90.08340 50.81750 13.41450
C 92.26520 53.06470 13.36380
C 86.99930 51.47530 13.31730
H 87.38200 53.15210 11.67650
H 88.41220 50.16900 11.81950
H 90.54490 52.56240 11.73590
H 91.61020 49.53020 11.95710
C 89.08420 53.70390 13.29110
H 86.28660 47.76110 12.09910
C 94.34350 47.11270 13.65860
C 93.35860 50.11610 13.55470
C 96.59150 49.57420 13.55780
C 95.55940 52.44320 13.41270
C 98.64150 51.86200 13.34960
H 93.76490 51.85670 11.91360
H 96.93570 51.25250 11.77030
H 94.77890 48.87470 12.03480
H 98.00090 48.24800 12.08750
H 99.08820 53.61530 11.68240
H 104.43300 47.04080 12.03260
C 99.80330 48.96560 13.54770
C 102.93700 48.37330 13.49550
C 101.85400 51.39550 13.33660
C 105.08100 50.69950 13.49190
H 102.25400 53.13960 11.63340
H 100.11400 50.65690 11.76990
H 101.22100 47.67670 11.92030
H 103.35000 50.12300 11.81750
H 105.44300 52.57350 11.83540
C 103.93500 53.77650 13.31960
C 109.26000 47.12870 13.74480
C 106.20400 47.69990 13.59900
C 111.46700 49.29330 13.79200
C 108.27800 50.21130 13.52900
C 107.29900 53.24490 13.32330
C 110.37800 52.60220 13.48490
H 111.67200 51.41650 12.23740
H 109.77500 48.85550 12.04500
H 106.56000 49.51220 11.93130
H 108.64200 51.89820 11.74760
C 88.07070 56.77020 13.30510
C 91.24560 56.16600 13.31210
C 90.26140 59.16630 13.25230
C 87.04240 59.85350 13.30050
H 89.47300 55.53060 11.74550
H 92.67690 54.88250 11.77420
H 91.58740 57.88890 11.58140
H 88.43260 58.55150 11.72100
H 86.23290 56.09960 11.80750
C 94.36990 55.65220 13.29350
C 97.70060 54.80350 13.34130
C 93.44530 58.56940 13.11000
C 96.58740 57.94160 13.23950
H 95.82890 54.29540 11.81090
H 98.03730 56.65870 11.76150
C 98.71910 60.34240 13.20210
H 94.87660 57.30960 11.54850
H 96.94540 59.70670 11.55790
H 93.80150 60.26970 11.36100
C 102.93700 56.78600 13.18150
C 105.11000 59.28340 13.06780
C 101.95600 59.83970 13.14590
C 100.85500 54.36460 13.23230
C 99.77330 57.32960 13.30350
H 101.19300 56.12940 11.59410
H 104.37500 55.54550 11.65760
H 103.31100 58.58490 11.51190
H 100.13800 59.09140 11.63040
C 106.18000 56.14510 13.21710
C 109.43000 55.71050 13.15930
C 111.61400 58.05640 13.05160
C 108.41600 58.65180 12.97880
H 109.84700 57.35490 11.34840
H 110.76600 54.37580 11.63890
H 106.52500 57.96450 11.52990
H 107.64500 54.95650 11.56540
H 108.63100 60.40490 11.30630
C 91.27800 64.56620 13.04310
C 92.40650 61.42930 13.02360
C 88.11340 65.24240 13.16480
C 89.13090 62.14160 13.14070
H 90.55770 60.94580 11.53480
H 87.34220 61.52950 11.56470
H 86.32600 64.61580 11.61920
H 89.45610 63.97650 11.52780
H 92.62530 63.29800 11.39060
H 88.37170 67.01000 11.50430
H 91.53840 66.40290 11.38440
C 97.61360 63.41180 13.01960
C 95.44540 60.98430 13.08880
C 96.50020 66.40120 12.99160
C 94.41640 64.00930 12.93450
C 93.37490 66.99790 12.90050
H 94.78950 65.76000 11.25400
H 99.09910 62.17850 11.57860
H 98.00570 65.23700 11.35120
H 95.83030 62.71730 11.37560
C 99.67680 65.78310 13.07100
C 103.07400 65.21320 13.06580
C 100.92000 62.73620 13.17640
C 104.14200 62.15310 13.04370
H 101.24300 64.57260 11.53770
H 102.27500 61.60510 11.50100
H 105.48400 60.97120 11.34790
H 104.41600 63.97230 11.37130
C 109.54200 63.97620 12.81000
C 108.43300 67.04110 12.68140
C 111.60000 66.06780 12.79790
C 107.30800 61.66170 12.95200
C 106.31100 64.68860 12.87530
C 110.39100 60.99770 12.90390
H 107.67300 63.41000 11.24900
H 110.80400 62.73600 11.19140
C 89.03800 70.69870 9.77675
C 88.03080 73.70710 9.86345
C 92.32100 69.98990 9.61360
C 91.19260 72.94540 9.72005
C 86.96760 68.20930 9.86759
C 90.06360 67.59750 9.82151
H 89.46960 72.49060 11.43050
H 86.33110 73.08510 11.59650
H 92.74160 71.79650 11.21830
C 95.57850 69.28290 9.61212
C 94.49710 72.41300 9.61475
C 97.72690 71.82270 9.53222
C 98.80050 68.72520 9.67997
H 98.06430 73.69140 11.12310
H 95.96030 71.19080 11.11070
H 99.17890 70.66210 11.12820
C 105.13000 67.49260 9.64413
C 101.90400 68.19810 9.72343
C 100.99100 71.32040 9.56537
C 104.03900 70.85120 9.58426
C 103.16600 73.79370 9.67241
H 104.45300 72.49270 11.28660
H 105.50000 69.47190 11.10440
H 102.32800 70.06280 11.26890
H 101.28300 73.14750 11.17330
C 106.21700 73.08950 9.68705
C 107.28300 70.11060 9.47605
C 110.60600 69.34990 9.44415
C 109.64400 72.39440 9.63037
H 108.68400 68.78830 10.99240
H 107.68700 71.88050 11.13180
H 110.86100 71.24460 10.96740
C 87.02020 76.73870 9.89213
C 90.17860 75.99380 9.79080
C 89.12860 79.05100 9.77980
C 92.25770 78.44560 9.76623
H 87.35460 78.47360 11.38940
H 90.51480 77.82790 11.43860
H 92.66660 80.29720 11.38410
H 88.49830 75.48680 11.52260
H 91.73020 74.81070 11.29680
C 93.51580 75.40070 9.68379
C 96.65790 74.84540 9.57171
C 95.56440 77.82100 9.64971
C 98.73090 77.24990 9.60600
C 97.65850 80.36160 9.76563
H 93.80400 77.27910 11.29420
H 95.87490 79.65630 11.30020
H 96.98720 76.66880 11.21350
H 99.10150 79.02970 11.33230
H 94.87350 74.25600 11.19510
C 99.87630 74.34130 9.56839
C 105.18600 76.07880 9.82908
C 102.12000 76.68960 9.74119
C 100.92300 79.65320 9.78207
C 104.13800 79.16180 9.77599
H 102.40200 78.48960 11.41190
H 105.59300 77.91510 11.32050
H 103.45000 75.49410 11.41960
H 100.24100 76.13920 11.23970
C 108.31700 75.48260 9.77906
C 111.50400 74.88580 9.68601
C 107.31000 78.42740 9.63493
C 110.41700 77.93860 9.68973
H 107.72200 80.31170 11.16440
H 109.75500 74.23980 11.36150
H 106.62100 74.81930 11.46150
H 108.72100 77.31220 11.33450
H 110.90000 79.73540 11.35280
H 89.48950 80.88640 11.40800
C 87.01210 85.00860 9.47079
C 88.02400 81.99410 9.77043
C 91.21380 81.46330 9.75284
C 92.29250 86.82890 9.77107
C 90.20650 84.44920 9.70517
H 90.48350 86.32430 11.34900
H 87.32120 86.92540 11.05860
H 86.26500 81.53100 11.37350
H 91.60350 83.27250 11.40530
H 88.37910 83.93930 11.27740
C 89.17340 87.47310 9.52752
C 94.43350 80.90060 9.74244
C 93.31290 83.92470 9.79875
C 98.65530 85.70400 9.66361
C 96.57260 83.21380 9.80253
C 95.55050 86.26020 9.76406
H 96.98200 85.09890 11.39110
H 99.00720 87.51260 11.27840
H 98.06670 82.13270 11.45120
H 94.79940 82.66690 11.44100
H 93.74600 85.74560 11.45800
C 99.83900 82.63900 9.74882
C 103.09900 82.06150 9.76482
C 101.98100 85.16710 9.75591
C 105.20600 84.69250 9.89210
H 104.47500 80.93290 11.44220
H 100.14000 84.55250 11.29000
H 103.41900 83.89790 11.41490
C 104.07900 87.60250 9.88945
H 105.50300 86.45230 11.59190
H 101.26700 81.51390 11.37990
H 102.23200 87.00820 11.43420
C 106.17100 81.63890 9.79200
C 109.58900 81.03100 9.67182
C 107.22000 87.09700 10.03470
C 108.46200 84.17280 9.81057
C 111.85800 84.06290 10.20520
C 110.59700 86.44310 10.32610
H 106.65200 83.40100 11.43880
H 109.89600 82.88590 11.23400
H 86.31420 89.97380 11.05790
C 88.05650 90.56560 9.48268
C 87.01890 93.61570 9.46549
C 91.36180 89.99880 9.54916
C 90.18640 92.98170 9.52753
H 92.64240 88.73440 11.29480
H 91.60000 91.78800 11.21820
H 88.40590 92.40000 11.11750
H 89.50650 89.38440 11.08260
C 96.57730 91.80660 9.70909
C 94.48860 89.35590 9.71957
C 93.39460 92.32290 9.57637
C 97.55820 88.80630 9.74749
C 98.59530 94.26360 9.80321
H 95.85720 88.11420 11.32560
H 94.76730 91.18420 11.27090
H 96.78650 93.61530 11.35010
H 97.90880 90.58860 11.41620
H 93.65340 94.18880 11.11540
C 100.80300 88.16940 9.76644
C 101.86800 93.56000 9.89919
C 102.97300 90.51190 9.94781
C 99.68310 91.13170 9.78342
C 105.10000 92.99740 9.96094
H 104.36900 89.35540 11.65850
H 101.11300 89.97150 11.43550
H 99.97550 92.97820 11.42050
C 109.43500 89.44060 10.10810
C 111.35600 92.16420 10.22020
C 106.19400 90.04700 10.12730
C 108.20900 92.46550 10.07190
H 107.60600 88.84250 11.71510
H 108.52700 94.30180 11.64540
H 109.63000 91.30000 11.74240
H 86.32360 98.51050 11.32870
C 89.12410 96.15280 9.54074
C 88.11200 99.16700 9.74773
C 92.31660 95.46890 9.50945
C 91.24950 98.50770 9.61286
H 92.65470 97.24000 11.19410
H 90.53970 94.84660 11.10470
H 87.33900 95.40230 11.10960
H 91.55160 100.31400 11.22370
H 89.48900 97.86880 11.21100
H 88.33160 100.93100 11.52180
C 96.59930 100.41100 9.67583
C 97.63000 97.26850 9.73411
C 94.39020 97.92120 9.60627
C 93.31740 101.01400 9.66725
C 95.48730 94.87000 9.63553
H 95.76400 96.68640 11.23820
H 97.90320 99.11440 11.34420
H 94.74850 99.73850 11.20110
H 98.95390 96.03030 11.37520
C 103.91000 96.17230 9.90103
C 99.76160 99.67060 9.80594
C 100.73800 96.70160 9.85016
C 102.92000 99.06020 9.97752
H 102.14500 95.43310 11.45200
H 105.35200 94.90190 11.48880
H 101.07100 98.48520 11.52380
H 110.63300 96.75160 11.84790
C 107.18900 95.54350 9.95994
C 109.26700 97.87260 10.12600
C 108.03900 100.89600 10.20140
C 111.37000 100.29200 10.20380
C 110.38400 94.87450 10.26090
C 106.07600 98.43300 10.04140
H 109.54000 99.69310 11.80790
H 107.45500 97.27310 11.68210
H 106.33800 100.22700 11.77510
C 89.21200 70.65610 12.98660
C 88.15530 73.71060 13.18440
C 92.41830 69.96230 12.86820
C 91.41510 72.97590 12.89600
C 87.05700 68.25510 13.12640
C 90.15390 67.71110 12.98490
H 90.54970 69.48040 11.29610
H 87.36960 70.04610 11.44160
C 95.58740 69.39460 12.80540
C 94.57260 72.38730 12.72190
C 97.72770 71.88180 12.73170
C 98.75240 68.95110 12.85190
H 93.75850 68.74230 11.21510
H 97.01020 68.18770 11.34030
C 101.92400 68.25450 12.95000
C 100.82600 71.34710 12.82370
C 104.15300 70.66630 12.85190
C 102.98300 73.55230 12.88720
C 105.25200 67.68720 12.80270
H 100.17500 67.58210 11.36620
C 106.25300 72.88640 12.92030
C 107.31400 69.99960 12.66630
C 110.65400 69.26340 12.52440
C 109.56000 72.16810 12.74930
H 111.73000 68.16520 11.38820
C 90.38130 75.94460 12.99630
C 89.10490 79.05250 13.01390
C 92.36020 78.39290 12.94210
C 87.03510 76.71960 13.06950
C 93.47550 75.37470 12.86080
C 96.63600 74.81890 12.80090
C 95.57700 77.75770 12.91150
C 97.68490 80.21080 12.94640
C 98.66840 77.13120 12.89980
C 99.74820 74.26640 12.80520
C 105.27800 76.14810 12.98100
C 101.95900 76.61570 12.99210
C 100.93400 79.59600 12.98090
C 104.20700 79.08810 13.01670
C 111.64300 74.58280 12.90710
C 108.44300 75.53080 12.98130
C 107.40500 78.54820 12.89890
C 110.65800 77.78410 12.93320
C 109.58800 80.84080 12.78930
H 111.78200 76.74570 11.51600
C 86.86580 85.13390 12.75920
C 88.05090 82.18170 12.94150
C 91.23510 81.41110 13.03420
C 90.14220 84.43960 12.97330
C 92.22120 86.98480 13.02930
C 88.98360 87.60700 12.76500
C 94.49090 80.75860 13.01380
C 93.31340 83.90200 13.03860
C 96.55130 83.34320 13.06260
C 95.55900 86.30740 12.99060
C 98.75310 85.75900 12.96840
C 99.97410 82.74850 13.00600
C 103.01100 82.11270 13.07260
C 101.86400 85.09680 12.94830
C 105.19500 84.50520 13.10590
C 103.94900 87.43660 13.19430
C 106.38000 81.47800 12.93410
C 111.57500 82.87450 13.15840
C 108.51900 83.83740 13.03850
C 107.15600 87.03770 13.27870
C 110.40300 86.37660 13.33900
H 111.66900 85.35870 12.48930
H 108.62300 85.88390 11.65340
C 86.91890 93.59590 12.70200
C 91.14360 90.05950 12.84460
C 87.99150 90.52170 12.73990
C 90.11790 93.02320 12.74620
C 93.33480 92.42740 12.82690
C 94.42300 89.34780 12.88920
C 97.62950 88.73840 12.92200
C 96.43820 91.76130 12.97270
C 98.51930 94.21990 13.00390
C 99.62780 91.14270 13.04420
C 100.69600 88.14040 13.00420
C 102.80800 90.52890 13.16000
C 104.95500 93.09850 13.17130
C 101.73300 93.56010 13.03900
H 103.29200 92.37720 11.55520
C 106.14800 90.10150 13.21070
C 108.19500 92.51330 13.28950
C 111.35500 91.53530 13.53250
H 111.58600 93.76320 12.28590
H 110.72900 88.37690 11.83410
C 109.32500 89.38340 13.38950
H 106.46500 91.89400 11.67260
C 91.25710 98.47040 12.83910
C 92.24950 95.41250 12.77130
C 89.04750 95.97640 12.73270
C 88.15820 99.03880 12.95260
C 94.37910 97.88500 12.84150
C 96.43610 100.29500 12.94520
C 97.48950 97.28850 12.90350
C 95.27880 94.85990 12.84370
C 93.28800 100.83300 12.86370
H 104.27300 97.88850 11.59510
H 103.20400 100.89300 11.50680
C 99.59690 99.75950 13.02610
C 102.78600 99.13760 13.14160
C 100.69500 96.55330 13.04440
C 103.87000 96.04820 13.10900
C 108.10500 100.85900 13.39160
C 107.05200 95.37570 13.22130
C 110.30400 94.76060 13.33600
C 111.38200 99.98330 13.49650
C 109.14000 97.84790 13.43240
C 105.95500 98.37650 13.31520
C 91.11950 106.90500 9.95800
C 87.95250 107.69400 9.99260
C 89.03100 104.59600 9.85607
C 86.90540 102.06400 9.83203
C 92.16800 103.99900 9.83431
C 90.02220 101.62200 9.82179
H 87.28810 103.85900 11.44670
H 86.13290 106.98600 11.56080
H 90.46040 103.33300 11.45890
C 94.34180 106.31600 9.89200
C 97.53200 105.87100 9.91563
C 98.58540 102.88600 9.83939
C 95.34000 103.39500 9.83631
H 96.81470 102.13500 11.40540
H 93.63250 102.74600 11.39350
C 101.88400 102.10500 9.85213
C 100.78700 105.25300 9.96416
C 102.96400 107.65700 10.02710
C 103.94400 104.63000 9.97576
C 105.05700 101.39100 10.01380
C 106.04400 106.96100 10.11480
C 107.09700 103.94300 10.12400
C 109.41100 106.38000 10.16180
C 110.23300 103.27000 10.12550
H 110.70100 105.16600 11.55420
H 108.42900 102.74300 11.81110
H 107.52200 105.79300 11.71540
C 90.01880 109.95300 10.01780
C 86.97090 110.60400 10.09730
C 89.07290 113.01300 10.13800
C 92.27540 112.43500 10.09060
C 93.30930 109.42300 9.92912
C 97.55350 114.23800 10.13100
C 95.52880 111.89200 10.09080
C 96.51870 108.77100 9.95381
C 98.58100 111.25800 10.08090
C 99.72140 108.26100 10.03940
C 101.80200 110.53400 10.14470
C 100.83000 113.67700 10.17140
C 104.98800 110.01900 10.14300
C 103.88900 113.09300 10.11830
C 107.26400 112.39600 10.07050
C 108.18600 109.28900 10.16880
C 110.34300 111.80600 10.11590
C 111.37900 108.75600 10.22600
H 109.58100 108.18300 11.90510
C 86.92790 119.07500 10.23410
C 87.97020 115.97000 10.24620
C 92.26200 120.85800 10.31660
C 90.13580 118.44500 10.26150
C 91.11420 115.49600 10.24190
C 89.17670 121.36300 10.31910
C 94.32680 114.80300 10.19480
C 93.33980 117.84200 10.27160
C 95.59950 120.27500 10.34040
C 96.50320 117.26900 10.23680
C 98.75620 119.54700 10.27420
C 99.74280 116.68000 10.26160
C 101.95600 119.00300 10.28280
C 105.01900 118.49800 10.23780
C 102.91700 116.15400 10.25580
C 104.05400 121.51000 10.23400
C 109.38800 114.84600 10.03110
C 106.11300 115.46600 10.15480
C 107.12600 120.95200 10.19540
C 111.45600 117.38700 10.08380
C 110.41400 120.26500 10.15060
C 108.26800 117.86000 10.10680
C 86.99600 127.42800 10.53620
C 90.21930 126.93800 10.48010
C 88.10970 124.44600 10.36920
C 91.29940 123.92600 10.33120
C 93.46070 126.40000 10.48330
C 96.48280 125.77700 10.44140
C 97.47690 122.69700 10.27040
C 94.47530 123.34000 10.44150
C 98.56030 128.18300 10.56120
C 100.86800 121.97100 10.24390
C 99.74820 125.20000 10.35980
C 101.82500 127.65500 10.35780
C 105.26200 126.99700 10.19210
C 102.93200 124.48500 10.16630
C 109.29500 123.22200 10.05510
C 111.54800 125.24800 10.01880
C 108.28100 126.35900 10.15470
C 106.15500 123.95400 10.22720
H 111.77000 127.50300 11.38230
C 89.01190 129.93500 10.63260
C 88.02370 132.98100 10.71120
C 92.37150 129.34300 10.62820
C 91.25440 132.24300 10.81310
C 93.32440 134.72100 10.93850
C 96.56900 134.13300 10.91800
C 95.56270 128.82500 10.68750
C 97.72790 131.24800 10.77750
C 94.43770 131.75000 10.75540
C 100.80000 130.62500 10.56150
C 104.00300 129.98800 10.43070
C 102.89300 133.00300 10.63500
C 99.66280 133.63500 10.77870
C 111.81200 134.69400 10.73460
C 107.25800 129.39200 10.23020
C 108.35200 134.93900 10.47020
C 109.35700 131.81300 10.16510
C 106.05300 132.40800 10.30460
C 110.49900 128.62900 10.06150
C 89.01250 104.47600 13.07560
C 87.85500 107.48700 13.24050
C 92.17430 103.85500 13.06220
C 91.17240 106.89200 13.11920
C 86.81940 102.04800 13.06340
C 90.27360 101.43500 12.98730
H 89.33310 106.39300 11.55900
H 92.61310 105.69200 11.51690
C 95.37900 103.33400 13.01590
C 94.33480 106.33800 13.08110
C 97.52960 105.76700 13.07810
C 98.58130 102.75400 13.01230
H 99.00680 104.61200 11.49070
H 97.95650 107.59900 11.53810
H 95.79170 105.17600 11.47970
C 101.76400 102.04100 13.04910
C 100.70100 105.16300 13.16170
C 103.87800 104.52500 13.23290
C 102.84300 107.58100 13.32540
C 104.85900 101.46100 13.23740
H 100.00100 101.57500 11.39250
H 102.14900 103.95500 11.54530
H 101.16500 107.04700 11.60980
H 105.28200 103.29700 11.59060
H 104.25400 106.37900 11.69950
C 106.03000 106.88900 13.36560
C 106.95500 103.92300 13.29720
C 110.37500 103.30100 13.34090
C 109.33400 106.16200 13.34270
H 111.56300 102.15400 12.11470
C 90.16640 109.92300 13.23330
C 92.27590 112.31200 13.26290
C 89.11970 112.90400 13.38410
C 86.82110 110.52700 13.32380
H 92.57930 114.19800 11.73890
H 90.48330 111.77400 11.63660
H 88.33080 109.37300 11.73490
H 87.28440 112.38500 11.79700
H 91.55240 108.76300 11.53990
C 93.34090 109.31500 13.12530
C 96.47960 108.63600 13.13460
C 95.41310 111.72400 13.32320
C 98.50470 111.20700 13.29670
C 97.57230 114.25200 13.37280
H 95.80550 113.60600 11.78480
H 99.00440 113.03800 11.72970
H 94.73770 108.14800 11.46040
H 93.72640 111.17900 11.59640
H 96.81780 110.57200 11.64020
C 99.62650 108.10100 13.25620
C 105.03600 110.10900 13.31720
C 101.75500 110.60600 13.35540
C 100.77300 113.58600 13.36350
C 103.98900 112.98100 13.26540
H 103.21900 109.41000 11.76380
H 105.41900 111.85100 11.59130
H 102.15000 112.40700 11.72960
H 99.99050 110.02100 11.73570
C 111.38300 108.44900 13.57560
C 108.14800 109.40500 13.44790
C 107.09300 112.39100 13.28320
C 110.40100 111.81300 13.38600
H 108.56300 111.16300 11.74740
H 110.75000 113.61700 11.59710
H 111.60000 110.60800 12.11410
C 109.35100 114.76600 13.30410
H 107.54900 114.21300 11.70890
H 106.40600 108.75300 11.78700
C 87.94300 115.98700 13.39650
C 91.22530 115.34900 13.42150
C 90.05970 118.37900 13.43030
C 92.29170 120.82100 13.54560
C 86.97760 118.99600 13.45270
C 89.17670 121.37300 13.48430
H 87.40730 120.79500 11.90220
H 88.36790 117.82000 11.79200
H 91.57610 117.23100 11.86190
H 90.57280 120.18900 11.93010
H 86.17870 115.40900 11.83270
H 89.42110 114.79700 11.84950
C 94.32200 114.73000 13.36490
C 93.35570 117.81200 13.47900
C 96.52020 117.18200 13.45030
C 95.61530 120.10900 13.52490
C 98.67720 119.67800 13.43630
H 96.96980 118.99300 11.86740
H 93.75190 119.65900 11.89220
H 97.93550 116.03500 11.77780
H 94.74660 116.59000 11.85270
H 98.99040 121.45500 11.76750
H 104.34900 114.86600 11.74280
C 99.67990 116.55100 13.46320
C 103.02600 116.01500 13.41390
C 101.97000 119.04900 13.54330
C 105.15500 118.48200 13.46250
C 104.05900 121.51300 13.48170
H 103.35800 117.87300 11.92580
H 101.15500 115.48200 11.88570
H 105.42900 120.29700 11.82730
H 100.20900 118.41400 11.92750
H 102.31800 120.85100 11.88180
C 106.11500 115.37500 13.36820
C 111.52400 116.89900 13.42480
C 108.30500 117.94000 13.34180
C 107.21400 120.86200 13.38470
C 110.51500 120.26100 13.25220
H 111.71600 119.06800 12.11490
H 109.69900 116.64000 11.72680
H 108.59300 119.68000 11.72810
H 106.52500 117.26400 11.79080
H 86.34940 123.83900 12.00960
C 86.89430 127.20100 13.69580
C 88.15480 124.25100 13.59170
C 91.24100 123.85900 13.49230
C 90.23460 126.78200 13.65280
H 91.69510 125.69600 11.97310
H 92.67050 122.63800 11.93260
H 88.45030 126.18300 12.08190
H 89.54080 123.18200 11.86340
C 93.31140 126.20000 13.71890
C 94.38000 123.19400 13.60580
C 97.67850 122.59700 13.56790
C 96.63160 125.54500 13.73980
C 98.71330 127.95800 13.79710
H 97.96550 124.45300 11.95060
H 94.82020 125.11900 12.11410
H 95.87560 122.03100 12.02640
H 93.76490 128.09000 12.22190
H 96.95670 127.44300 12.20220
C 99.77210 125.02900 13.56590
C 101.99700 127.37400 13.59700
C 105.10700 126.91400 13.43090
C 100.76700 122.08800 13.42870
C 102.97600 124.60400 13.43880
H 100.12500 126.92500 12.03070
H 103.37000 126.34300 11.69250
H 101.17900 123.83000 11.86950
H 104.38000 123.32800 11.84030
C 106.19700 123.92700 13.43870
C 109.45300 123.20600 13.35130
C 111.57200 125.62300 13.26760
C 108.50200 126.33900 13.40750
H 106.59400 125.75400 11.89200
H 109.70100 125.05300 11.67410
H 108.71500 128.16400 11.76010
H 107.57800 122.72100 11.82340
H 110.85100 122.14600 11.60460
H 86.23160 132.21900 12.27280
C 87.94160 132.75800 14.01860
C 89.12390 129.81600 13.79670
C 92.27350 129.10900 13.83910
C 91.17720 132.13300 13.98740
H 89.38460 131.73100 12.32720
H 91.50100 134.06900 12.52130
H 88.28050 134.63800 12.50350
H 87.33660 129.15800 12.24090
H 90.53720 128.67900 12.14200
H 92.71220 131.04300 12.36110
H 95.90930 130.54600 12.36200
H 94.75580 133.49500 12.48610
H 99.14010 129.86200 12.25150
C 93.31200 134.65000 14.09100
C 94.42840 131.67800 14.01730
C 95.52130 128.63300 13.82310
C 97.72930 131.03000 13.92840
C 96.49930 134.07400 14.12810
H 98.01980 132.96600 12.48810
C 104.12600 129.85900 13.65340
C 103.06200 132.81700 13.84920
C 99.84050 133.56400 14.07060
C 100.86400 130.50100 13.86390
H 103.41700 134.76700 12.33610
H 104.44800 131.76000 12.09580
H 101.17500 132.38500 12.28240
H 102.26000 129.39300 12.13020
H 105.53800 128.75300 11.89050
C 108.52400 134.58700 13.50720
C 109.56700 131.69300 13.40500
H 106.55900 134.12700 12.03540
C 106.27600 132.28400 13.66980
C 110.54200 128.76900 13.31080
C 111.51900 133.88200 13.77720
H 110.85300 130.57000 11.66680
C 107.38000 129.34800 13.43350
H 107.65800 131.24200 11.86980
H 109.92000 133.61900 11.78470
C 115.38500 1.92702 9.94996
C 118.74000 2.58056 9.81684
C 116.62500 4.85402 9.97675
H 114.13200 0.62132 11.25760
C 112.92800 4.14687 11.12940
H 115.26500 3.75124 11.78820
C 119.92900 5.55271 9.87196
C 124.23500 0.83993 9.75164
C 121.96100 3.10487 9.80274
C 125.26200 3.83650 9.81658
C 123.11200 6.06712 9.83044
C 121.01700 0.05193 9.79533
H 123.79700 2.59792 11.37970
H 120.57100 1.91481 11.36620
H 121.67700 4.90029 11.45750
H 124.89200 5.56765 11.49040
C 127.37800 1.39698 9.77402
C 128.61700 4.28237 9.77340
C 130.67700 1.88960 9.75342
C 131.71300 5.03974 9.81936
H 129.19900 0.74459 11.34520
H 125.97900 0.20741 11.34680
H 127.04200 3.19411 11.41730
H 130.31900 3.72857 11.40610
H 128.13800 6.15770 11.36540
H 132.42500 1.27543 11.35630
C 136.10500 0.01854 9.78035
C 133.93500 2.47937 9.75458
C 134.96600 5.55450 9.79700
C 136.95300 3.07148 9.69362
C 138.26200 6.10952 9.79165
H 138.80300 2.54712 11.24710
H 135.66200 1.87672 11.35570
H 136.76200 4.92442 11.31450
H 133.50100 4.26822 11.37970
C 114.35300 7.00462 10.15350
C 117.69800 7.89539 9.96140
C 115.35700 10.18270 10.14270
C 118.82100 10.95020 9.99720
C 116.67600 13.15970 9.89868
C 112.84700 12.49620 10.85430
C 120.95200 8.46986 9.80573
C 124.17000 8.99918 9.90202
C 122.05100 11.58270 9.82430
C 125.38700 12.19250 9.89491
C 126.27100 6.66301 9.82160
C 128.59200 12.71890 9.98923
C 127.35400 9.78912 9.91274
C 129.63400 7.38919 9.83306
C 130.58900 10.44980 9.96762
H 131.39800 6.80397 11.49180
H 132.42000 9.77065 11.56420
H 129.20000 9.15899 11.43630
H 130.28900 12.21670 11.69830
H 127.08700 11.56730 11.58420
H 125.99100 8.52767 11.46690
C 132.87600 8.04169 9.86811
C 135.94800 8.51441 9.91566
C 133.79700 10.97000 9.94847
C 137.02800 11.66340 9.85244
H 137.76800 7.87343 11.48810
H 138.79300 10.92480 11.42030
H 135.66200 10.39440 11.50610
H 134.57200 7.31349 11.47220
H 133.50600 12.77010 11.60930
C 117.88200 16.56660 9.82144
C 114.59600 15.40050 9.76126
C 115.68600 18.93740 9.89061
C 119.06000 19.59620 10.02830
C 119.89300 13.91090 9.84703
C 123.19600 14.57110 9.92466
C 121.14300 17.04960 9.92573
C 124.33400 17.72560 10.03000
C 122.20400 20.12020 10.08190
C 131.70200 13.47550 10.05500
C 126.34200 15.22470 9.92916
C 127.47200 18.24800 10.00270
C 129.58500 15.89920 9.96429
C 130.60400 18.68400 9.94785
H 131.30500 15.28210 11.59450
H 136.65200 13.41320 11.52190
C 132.77400 16.36130 9.98151
C 134.87600 14.02750 9.93131
C 138.02900 14.63410 9.91586
C 135.88200 16.96260 10.03650
C 133.77800 19.35750 9.89680
C 136.94700 19.96120 9.90101
H 135.50600 18.84120 11.59550
H 137.68200 16.41220 11.63510
H 134.50800 15.77280 11.62540
H 138.70700 19.41910 11.47780
C 116.79400 21.85100 10.13970
C 114.54600 23.91230 10.13150
C 117.83900 24.97670 10.19670
C 112.98500 20.99610 10.89010
C 123.10200 23.14600 10.07840
C 119.96700 22.50710 10.20000
C 120.85000 25.55070 10.21990
C 124.12000 26.27890 10.06570
C 125.29700 20.73980 9.99841
C 126.33500 23.75700 9.95800
C 129.55200 24.24740 9.81827
C 128.38600 21.22340 9.94510
C 131.66300 21.67130 9.83010
C 127.18700 26.79290 10.07270
C 138.04000 23.07760 9.87765
C 134.70100 22.47530 9.82260
C 132.71000 25.01800 9.88551
C 135.92700 25.41520 9.81085
C 116.52300 30.21180 10.48330
C 118.79400 27.99650 10.29130
C 112.82500 29.12630 11.20660
C 115.46400 27.11850 10.35440
C 114.48600 32.13780 10.27910
C 117.65500 33.08610 10.45670
C 119.97100 30.95170 10.38700
C 123.16900 31.59480 10.34420
C 121.96000 28.64400 10.24070
C 125.14400 29.30040 10.21090
C 126.31000 32.17350 10.33600
C 128.42100 29.78880 10.22750
C 130.63000 27.40570 10.01180
C 129.46800 32.72560 10.23770
C 131.57600 30.32410 10.08130
C 132.70300 33.35060 10.17340
C 138.05200 31.62620 9.97491
C 137.02000 28.47260 9.87826
C 133.69600 27.85830 9.94253
C 134.78400 30.94140 9.91887
C 115.55400 1.76254 13.16960
C 118.88900 2.53947 13.05760
C 116.66000 4.81858 13.18770
C 113.12500 4.10263 13.10060
H 113.07100 6.39585 12.24250
H 118.50700 4.40151 11.47910
H 117.35400 1.38048 11.46960
C 119.97100 5.51317 13.10890
C 124.21800 0.80920 12.99240
C 122.01700 3.07285 13.01240
C 125.26200 3.68621 13.03400
C 123.05400 6.07146 13.06140
C 121.08900 0.09015 12.98060
C 127.39700 1.33303 12.97520
C 128.57700 4.32395 12.98440
C 130.63800 1.84969 12.98350
C 131.75200 4.88676 13.06550
C 133.92200 2.37727 12.96700
C 134.98700 5.40132 12.98260
C 137.11800 3.06702 12.90230
C 138.13600 6.01037 13.07850
C 136.12000 -0.00655 12.84180
C 114.59200 7.43224 13.34150
C 117.83400 7.99086 13.16380
C 118.96200 10.99200 13.14400
C 115.69200 10.41260 13.29620
C 112.99700 12.59710 12.69340
H 118.50000 12.82870 11.60470
H 117.40600 9.75338 11.58620
H 115.19500 12.22080 11.67000
H 114.29200 9.25955 11.42820
H 116.28300 6.73920 11.59400
C 121.04000 8.51933 13.09340
C 124.09800 9.04854 13.00390
C 122.12900 11.57480 13.07520
C 125.26800 12.07580 13.12410
H 119.53900 7.35558 11.50580
H 120.71700 10.30990 11.46500
H 121.68200 13.40440 11.47670
H 123.86900 10.95000 11.41670
H 122.70100 7.85447 11.44860
C 126.40400 6.67957 13.06960
C 127.45900 9.67877 13.10350
C 128.37800 12.89130 13.18920
C 129.54200 7.34278 13.03620
C 130.59200 10.29880 13.16170
C 131.75700 13.47250 13.22960
C 132.84400 7.97153 13.14020
C 135.97900 8.47901 13.08530
C 133.87600 10.90660 13.17550
C 137.10600 11.55750 13.10050
C 116.56900 13.35900 13.13840
C 117.81300 16.38700 13.06490
C 114.66300 15.70540 13.03630
C 115.74700 18.87070 13.22170
C 118.94600 19.36390 13.27020
H 112.85600 14.84160 11.48870
H 116.42500 15.16630 11.36730
H 117.56500 18.28070 11.49550
H 114.45800 17.64010 11.23680
C 120.02800 14.03230 13.16800
C 123.17100 14.48160 13.12420
C 120.99800 16.91570 13.19350
C 124.32500 17.59880 13.27710
H 120.75600 18.83900 11.63020
H 119.60200 15.81020 11.45100
H 123.95200 19.46770 11.69340
H 122.88500 16.43970 11.60910
C 122.13900 20.04170 13.30060
H 124.96300 13.96600 11.54250
H 126.06800 17.01630 11.60850
C 126.46000 15.12960 13.13660
C 127.40600 18.24070 13.23980
C 129.50300 15.72560 13.15090
C 130.68100 18.88640 13.13870
H 127.04800 20.00070 11.59550
H 128.11600 14.62100 11.43420
H 129.19900 17.61830 11.65130
H 132.38500 18.19830 11.54710
C 132.72900 16.43980 13.19790
C 134.94900 13.99980 13.25150
C 138.05000 14.53650 13.15390
C 135.95800 17.00990 13.22310
C 133.76600 19.41220 13.19410
C 136.93200 20.10090 13.08670
C 113.08400 20.89540 12.82410
C 116.76000 21.86150 13.39070
C 114.56300 24.24530 13.39060
C 117.80700 24.88510 13.48650
H 118.55800 21.27380 11.78260
H 112.91500 23.25280 11.89290
H 117.39500 26.72470 11.86640
H 115.32100 20.62490 11.77880
H 116.42300 23.68090 11.79190
H 114.28900 26.04830 11.53110
C 125.40400 20.72190 13.21550
C 123.26300 22.98380 13.19530
C 121.05000 25.47850 13.44470
C 120.03900 22.41550 13.41540
C 124.24000 26.16530 13.34120
H 121.71400 21.85060 11.70520
H 122.74900 24.97260 11.75180
H 119.54600 24.26340 11.87090
H 124.95100 22.43880 11.50720
H 125.87700 25.50840 11.65410
C 129.65600 24.26730 13.06080
C 131.57700 21.84590 13.03990
C 126.39600 23.57310 13.13620
C 128.50900 21.26330 13.12200
C 127.41100 26.67760 13.19430
H 129.11900 26.10030 11.47770
H 128.10500 23.11150 11.53040
H 130.19100 20.60050 11.45830
H 131.30300 23.62530 11.33340
H 132.35700 26.67280 11.70060
C 132.74200 24.74950 13.08060
C 135.88600 25.41130 13.02690
C 134.77600 22.54390 13.06550
C 138.01200 23.12270 13.04440
H 133.40900 21.18770 11.50720
H 137.69300 24.91770 11.42310
H 134.47900 24.28700 11.38730
H 136.51200 21.90270 11.42490
H 116.13600 32.11200 12.19050
C 114.21600 33.20890 13.30540
C 112.93000 29.15170 13.08780
C 117.72100 33.32780 13.62370
H 118.47600 29.77340 12.00140
C 118.77900 27.83210 13.55800
C 115.57900 27.14050 13.56930
C 116.67300 30.19330 13.65730
H 115.16300 28.98190 12.10650
H 112.91600 31.41860 12.05540
H 120.61600 27.39180 11.88360
H 119.50900 32.72360 12.05030
C 123.20700 31.53920 13.58650
H 122.80200 33.38330 11.98280
H 124.89800 30.97460 11.92820
H 123.81500 28.01960 11.79380
C 119.94900 30.91860 13.59760
C 122.08600 28.57170 13.51100
C 125.25600 29.12390 13.44890
H 121.74400 30.39350 11.94620
H 126.96500 28.54760 11.74810
C 129.63300 32.66950 13.50150
C 131.71800 30.17120 13.29400
H 130.19200 29.10490 11.74400
H 131.31700 32.08980 11.77630
C 130.47900 27.17650 13.24480
H 128.09800 31.55850 11.91250
C 128.38700 29.63010 13.38850
C 126.34900 32.08120 13.54030
H 136.59600 30.31120 11.47540
H 133.38400 29.67480 11.55460
C 136.89300 28.49260 13.09280
C 132.78400 33.22350 13.36400
C 134.86800 30.82070 13.18730
C 138.04800 31.43530 13.18960
C 133.86700 27.82350 13.12080
H 137.72600 33.36050 11.68910
H 134.49300 32.68790 11.67290
H 138.70700 27.86670 11.54150
H 135.56200 27.25740 11.36770
C 115.70800 35.72300 10.15890
C 118.94000 36.27060 10.33530
C 116.78500 38.71510 10.28050
H 114.46000 34.61810 11.09150
C 113.01000 37.86860 11.19050
H 115.31100 37.59770 11.81940
C 121.00300 33.79430 10.40350
C 119.92900 39.34120 10.39700
C 124.21300 34.62580 10.44410
C 122.14800 36.91800 10.44660
C 125.23500 37.47590 10.40870
C 123.16600 39.92850 10.39430
C 127.42700 35.07940 10.38770
C 128.48700 37.99940 10.38640
C 130.64900 35.64120 10.30390
C 131.65800 38.69450 10.21390
C 133.89400 36.34240 10.25720
C 134.86100 39.44560 10.18750
C 136.98300 36.81700 10.23670
C 138.02100 39.93900 10.15320
C 135.80100 33.97370 10.18320
C 114.67100 40.89120 10.35410
C 117.93100 41.75420 10.49400
C 115.62100 44.07170 10.53130
C 118.97700 44.72110 10.57040
C 113.10100 46.11120 11.27610
H 114.45400 43.01130 11.85320
C 121.06700 42.43630 10.50690
C 124.26500 42.93180 10.36810
C 122.13500 45.22960 10.42480
C 125.34800 45.93890 10.36140
C 126.36700 40.47510 10.32050
C 127.58300 43.54080 10.40300
C 129.45300 41.13800 10.32480
C 130.62700 44.23690 10.41810
C 128.55000 46.59430 10.37770
C 131.71800 47.15830 10.40900
C 132.69400 41.78680 10.18490
C 135.88800 42.35760 10.23820
C 133.90400 44.79810 10.29950
C 136.94800 45.35920 10.30950
C 116.75800 47.05450 10.42690
C 114.65900 49.10110 10.16300
C 117.83200 50.14320 10.34410
C 115.54000 52.47020 10.23930
C 118.93500 53.14850 10.18540
C 119.91100 47.70790 10.36440
C 123.21200 48.27700 10.30440
C 121.05700 50.71750 10.21350
C 124.34000 51.28770 10.14550
C 122.15400 53.70070 10.04970
C 126.46300 48.98070 10.27860
C 127.49900 51.91140 10.28230
C 129.65400 49.54510 10.31820
C 130.65000 52.52660 10.30530
C 132.75900 50.16860 10.34810
C 135.01000 47.85150 10.36010
C 138.05900 48.32100 10.28600
C 136.01400 50.88400 10.28860
C 133.78600 53.20470 10.27260
C 137.10100 53.80200 10.22870
H 138.80800 53.21710 11.86290
C 113.07700 54.72190 10.80070
C 116.84800 55.45990 10.10330
C 114.73800 58.10370 9.98600
C 118.00400 58.61470 9.97226
C 123.23700 56.78650 9.89318
C 125.38200 54.30470 10.15350
C 120.02800 56.17010 10.02790
C 124.34800 59.70460 9.78658
C 121.07600 59.14440 9.90862
C 129.64300 58.03340 9.96130
C 128.56700 54.91480 10.14200
C 126.38300 57.32810 9.97912
C 131.72700 55.51370 10.10100
C 127.52100 60.34500 9.81813
H 126.10500 59.31350 11.48700
H 131.37000 57.45300 11.57020
H 129.26700 59.92690 11.47340
C 137.92900 56.80580 10.06740
C 134.92600 56.13460 10.12060
C 136.05500 59.08590 9.90122
C 132.80100 58.50270 9.91963
H 132.44100 60.47660 11.31180
H 137.74400 58.64210 11.71250
H 134.58700 58.05160 11.58520
H 136.67200 55.63580 11.78540
C 115.76700 60.87870 9.72296
C 118.97200 61.49210 9.69509
C 116.85100 63.92060 9.37803
C 114.62000 66.01280 9.05894
C 113.02400 63.06140 10.13810
C 117.85500 66.98010 9.25536
H 116.35200 65.87210 10.84100
H 118.60900 63.49460 11.08470
H 113.21200 65.36230 11.01720
H 115.35500 62.89520 11.03760
C 123.23800 65.18920 9.32567
C 120.08800 64.53070 9.30838
C 122.08200 62.11830 9.61194
C 125.43400 62.69130 9.53651
H 119.72600 66.47610 10.81040
H 124.96400 64.65720 10.94870
H 121.77000 64.10620 10.98180
H 122.89000 67.08230 10.84940
H 120.72300 61.08400 11.38490
H 123.90800 61.67060 11.15330
C 130.63200 61.00360 9.75203
C 129.66200 66.43070 9.56903
C 128.62000 63.42810 9.60270
C 126.51100 65.83290 9.41765
C 131.73300 64.09430 9.71577
H 130.31800 62.88200 11.30640
H 128.19100 65.28530 11.14530
H 131.40700 65.93730 11.28400
H 127.16800 62.32130 11.25840
H 135.66100 61.04790 11.33240
C 132.81500 67.08100 9.61122
C 137.12300 62.27380 9.74735
C 134.89000 64.56440 9.73454
C 133.91300 61.59400 9.68696
H 136.72800 64.09630 11.32550
H 138.85400 61.69550 11.38980
H 137.76000 67.07070 11.19580
H 133.49200 63.44770 11.23440
H 134.57100 66.52780 11.20790
C 138.13600 65.16700 9.64590
C 115.62700 35.59780 13.28140
C 118.86100 36.25110 13.59170
C 116.62200 38.58790 13.58550
C 113.13000 37.89010 13.12630
H 113.11400 40.20470 12.18990
H 117.50400 35.10150 11.87960
H 118.51300 38.09880 11.96910
C 119.95900 39.23510 13.61060
C 124.24000 34.50100 13.65460
C 122.01500 36.91470 13.61010
C 125.35000 37.54060 13.66050
C 123.19200 39.89590 13.59380
C 121.04100 33.87620 13.65170
H 121.71700 38.74470 11.99330
H 123.86500 36.34780 12.13810
H 124.94900 39.32770 11.99050
H 120.65200 35.68930 11.99620
H 126.01000 33.95890 12.01620
C 127.56100 35.06490 13.55350
C 128.55800 38.07850 13.54430
C 130.73200 35.64620 13.50190
C 131.71500 38.67920 13.44000
H 128.14700 39.89140 11.93670
H 129.21900 34.46990 11.89510
H 127.04400 36.89790 12.01510
H 130.33000 37.47590 11.93310
H 132.47500 35.15430 11.88010
C 133.89500 36.42490 13.50060
C 134.91800 39.40640 13.37130
C 137.07200 36.99570 13.44300
C 138.09700 39.93340 13.35580
C 135.92000 33.80570 13.35140
H 133.48300 38.18180 11.80650
H 136.63500 38.72680 11.75340
H 135.59600 35.75260 11.92400
H 138.77400 36.42270 11.85920
C 113.11800 46.30900 13.11740
C 114.77300 41.23370 13.75590
C 117.86400 41.65420 13.69600
C 118.89400 44.79400 13.78950
C 115.73600 44.23380 13.81190
H 118.49600 46.59740 12.09600
H 115.36500 46.01070 12.20600
H 117.47300 43.55580 12.15090
H 116.44600 40.51260 12.02930
C 121.14000 42.30780 13.70740
C 124.31200 42.91000 13.62270
C 122.27800 45.42370 13.71210
C 125.34400 46.05900 13.60160
H 119.65600 41.16030 12.06240
H 122.83800 41.75020 12.01870
H 120.73100 44.19720 12.20790
H 123.95200 44.75100 12.03770
C 126.39800 40.54350 13.57020
C 127.36200 43.56310 13.61800
C 129.62800 41.00680 13.50890
C 130.78300 44.21660 13.60070
C 128.47400 46.66300 13.60070
H 130.27400 46.05880 12.06240
H 126.05500 42.33800 11.92870
H 131.33100 40.54310 11.79160
H 129.26200 42.95980 12.07910
H 127.10300 45.40810 11.97990
H 132.47400 43.62330 11.89260
C 132.73500 41.72120 13.43960
C 135.97700 42.27720 13.42780
C 133.92500 44.79380 13.53130
C 137.09200 45.24420 13.49660
H 134.48800 41.24500 11.82670
H 135.62200 44.13490 11.91550
H 133.59300 46.61950 11.92920
H 138.81600 44.81140 11.81600
H 136.76900 47.16850 11.98040
H 137.71500 41.77050 11.78580
C 116.77800 47.32460 13.75390
C 117.85400 50.24260 13.49020
C 114.54900 49.73950 13.47610
C 115.63300 52.68010 13.42070
C 118.96100 53.28400 13.42980
H 113.04400 48.52610 11.97000
H 117.49300 52.04640 11.84800
H 116.37100 48.96370 11.98050
H 114.41400 51.36790 11.42060
C 119.97900 47.88080 13.58660
C 123.21700 48.41280 13.50200
C 121.08900 50.84590 13.44770
C 124.29300 51.39120 13.45050
H 120.73600 52.64390 11.79770
H 123.88600 53.14760 11.75020
H 119.63300 49.62520 11.87870
H 121.73500 47.18330 11.97080
H 124.99700 47.78830 11.90480
H 122.85200 50.19770 11.82760
C 122.15300 53.94420 13.31980
C 131.82500 47.22010 13.58540
C 126.39500 48.97330 13.52000
C 127.40300 52.03670 13.50040
C 129.59300 49.61280 13.62670
C 130.65900 52.71940 13.55950
H 126.02800 50.76750 11.86190
H 129.26400 51.42460 11.95760
H 128.20700 48.43960 11.94090
H 131.37900 48.99960 11.99910
H 127.10800 53.88400 11.85630
H 132.39600 52.03250 11.94670
C 132.80400 50.26260 13.60840
C 134.99700 47.83140 13.57020
C 138.18800 48.41090 13.55790
C 136.04000 50.92400 13.48850
C 133.83900 53.29460 13.43650
H 134.56100 49.67840 11.96090
H 137.81500 50.20800 11.88640
H 135.59700 52.70170 11.82340
C 137.09600 53.86010 13.43210
C 113.01000 54.80590 12.63700
C 116.85500 55.68810 13.38170
C 114.75900 57.95180 13.35010
C 117.90600 58.74980 13.17840
H 114.48500 59.97800 11.80630
H 115.34900 54.43380 11.83610
H 113.12300 57.09070 11.61960
H 116.51300 57.43090 11.58710
H 118.63100 55.02390 11.75490
H 117.52600 60.48480 11.47550
C 125.19700 54.55130 13.37010
C 120.12900 56.27340 13.26940
C 123.11100 56.93780 13.15640
C 121.21400 59.35880 13.09800
C 124.22800 60.02230 12.96970
H 122.90100 58.67460 11.41590
H 121.80800 55.63590 11.52750
H 119.70400 58.03880 11.64290
H 124.95600 56.28370 11.63270
C 127.52700 60.63330 13.03880
C 129.65800 58.12860 13.15590
C 131.72800 55.80140 13.35310
C 128.59800 55.19300 13.37540
C 126.46600 57.53000 13.19770
H 130.36200 54.44780 11.83150
H 128.22000 56.87880 11.60840
C 138.19900 56.84850 13.30080
C 135.92400 59.34360 13.18710
C 134.90900 56.35350 13.35530
C 132.74800 58.78850 13.05130
H 133.44300 55.10570 11.80540
C 114.70400 66.74280 12.44660
C 113.12100 63.05820 11.95850
C 117.89000 67.11930 12.36120
C 115.60300 61.20760 12.94570
C 116.73900 64.19330 12.61890
C 118.97800 61.84840 12.92110
C 122.23600 62.42520 12.73650
C 123.21000 65.32990 12.54130
C 125.30000 62.98770 12.70780
C 120.09400 64.77190 12.60600
C 129.58200 66.57640 12.75430
C 131.76000 64.19510 12.82490
C 128.55000 63.55280 12.87730
C 126.34400 65.89550 12.61610
C 130.74800 61.14970 12.97060
C 134.88100 64.73430 12.82640
C 133.81700 61.70460 12.93050
C 137.03600 62.31900 12.95080
C 138.21100 65.32530 12.89970
C 132.87600 67.26280 12.78260
C 115.55700 69.40260 9.14211
C 118.88400 70.07030 9.07970
C 116.74700 72.50400 9.11267
C 113.07600 71.73620 9.91682
H 114.41000 68.27450 10.34830
H 113.12600 73.93620 10.99400
H 115.37700 71.35310 10.75420
H 118.59600 71.96600 10.67910
H 117.47500 68.92830 10.73500
C 121.18400 67.69410 9.17606
C 120.07800 73.11680 9.08865
C 124.37500 68.31130 9.29025
C 122.25000 70.68760 9.11104
C 125.40400 71.18780 9.20380
C 123.21700 73.52670 9.09476
H 121.73600 72.45080 10.72920
H 124.99500 73.09690 10.71160
H 123.92400 70.09230 10.81100
H 120.72500 69.50640 10.66520
C 127.59500 68.78180 9.35075
C 128.61600 71.70770 9.24501
C 130.77000 69.42350 9.41516
C 131.71000 72.40600 9.21452
H 130.31000 71.30590 10.92100
H 128.16700 73.68610 10.64180
H 126.08100 67.67740 10.94530
H 127.12200 70.62970 10.88380
H 129.29200 68.32550 11.06980
H 132.42500 68.95730 11.09950
C 135.99100 67.49030 9.44658
C 133.81400 69.97470 9.33597
C 134.74900 72.99400 9.04840
C 137.05900 70.55230 9.13263
C 138.10600 73.64710 8.87256
H 133.47700 71.91040 10.80140
H 136.66400 72.50710 10.50690
H 138.81300 70.12520 10.85750
H 135.65300 69.48000 10.83190
H 116.51200 74.34250 10.74190
C 114.63600 74.64140 9.16103
C 117.88200 75.57390 9.15299
C 115.61400 77.81040 9.27707
C 118.89800 78.60700 9.19507
C 113.09000 80.03330 10.21930
H 114.49000 76.72490 10.62620
H 117.56300 77.37680 10.78290
H 118.53400 80.30070 10.92900
H 115.37100 79.72170 10.90070
C 116.83200 80.88730 9.30409
C 121.06000 76.08260 9.02053
C 124.26100 76.66330 8.96701
C 122.09500 79.19910 9.15846
C 125.21800 79.73050 9.05112
H 122.84200 75.44990 10.52870
H 119.68000 74.90070 10.65630
H 120.73300 77.89670 10.70190
H 123.88000 78.42450 10.68570
H 121.66700 80.96120 10.81550
C 126.43500 74.15570 9.00618
H 126.09900 76.04630 10.47840
C 128.46400 80.25330 8.83821
C 127.52700 77.33070 8.90502
C 129.59100 74.79600 9.01747
C 130.63100 77.90650 8.88041
H 131.37500 74.29690 10.65020
H 127.10400 79.08810 10.52830
H 129.25200 76.72750 10.55150
H 130.27300 79.72090 10.46680
C 131.58500 80.90960 8.77373
H 132.38300 77.31640 10.49200
C 132.63400 75.48380 8.89579
C 135.88500 76.07960 8.90390
C 133.80600 78.36970 8.80010
C 136.86200 79.18560 8.75582
H 135.51800 77.94940 10.42610
H 138.67300 78.46780 10.31990
H 137.69700 75.49300 10.44220
H 133.41200 80.29560 10.30340
H 134.43400 74.92070 10.52200
H 136.60800 80.96410 10.32800
C 117.72500 83.88620 9.28338
C 114.51600 82.90620 9.38530
C 115.42000 86.44900 9.37063
C 118.66000 87.02370 9.21359
H 114.21300 85.09840 10.71090
H 117.33900 85.75620 10.89040
H 116.43400 82.66920 10.96740
H 113.10300 82.24010 11.32620
C 119.92800 81.48650 9.23416
C 122.98500 82.17790 9.14687
C 120.91200 84.49890 9.15186
C 124.15200 85.11950 9.06784
H 123.78400 86.93520 10.66670
H 124.86100 81.52200 10.61960
H 122.69000 83.97350 10.69180
H 119.56200 83.31600 10.83720
H 120.50700 86.39490 10.69160
C 121.94800 87.58780 9.13220
H 125.90000 84.53060 10.71640
C 126.16700 82.71220 8.99539
C 127.13400 85.71650 8.88940
C 129.47900 83.26460 8.75735
C 130.55500 86.40720 8.75101
H 131.29500 82.81040 10.37290
H 126.91300 87.58650 10.57380
H 128.08200 82.07040 10.45840
H 129.06700 85.14920 10.32200
H 132.30500 85.85980 10.42210
C 132.66200 84.03230 8.75609
C 134.81500 81.47060 8.73082
C 138.00500 82.11490 8.68769
C 135.95700 84.53540 8.69794
C 133.75700 86.91650 8.73157
H 138.69400 86.99020 10.22180
H 135.54800 86.31950 10.31460
H 134.47500 83.37190 10.29000
H 137.67100 83.95650 10.30640
C 136.88000 87.58980 8.67823
C 112.88200 88.62850 10.71150
C 116.45800 89.38510 9.45179
C 114.30700 91.61310 9.69025
C 117.66900 92.44630 9.63629
H 118.38600 88.83190 10.92260
H 114.27000 93.71760 11.21370
H 117.36900 94.27230 11.30800
H 116.26400 91.17020 11.15130
H 115.25300 88.22750 11.22590
H 112.94300 90.92540 11.71620
C 125.04600 88.25690 9.03307
C 119.61600 90.19390 9.38476
C 124.07600 93.68470 9.24792
C 120.77600 93.02590 9.49795
C 122.92400 90.68150 9.16257
H 121.55700 89.47000 10.77350
H 122.67600 92.47360 10.96130
H 124.75100 90.06110 10.68630
H 119.47100 91.85960 11.23190
H 125.91700 93.05400 10.64280
C 126.13400 91.23820 9.01520
C 127.31000 94.29320 9.03988
C 129.47200 91.84940 8.91113
C 131.64100 89.48340 8.76823
C 128.23800 88.82600 8.88215
H 131.29000 91.24860 10.50290
H 130.14000 88.23090 10.30260
H 129.09200 93.63970 10.52380
H 128.00400 90.70880 10.54440
H 132.37000 94.20640 10.49900
C 132.67600 92.46500 8.81100
C 134.88600 90.04330 8.70030
C 137.99600 90.56770 8.73683
C 135.90200 92.95650 8.70778
H 137.68100 92.42590 10.32410
H 134.47200 91.84030 10.31790
H 133.43400 88.78670 10.25920
H 136.58900 89.39010 10.38220
C 112.80100 96.96880 10.72040
C 115.29200 94.72410 9.92953
C 117.53900 100.88200 9.61739
C 118.72900 95.46420 9.66660
C 116.50700 97.78140 9.73838
C 114.34500 99.93810 9.70323
H 118.35500 97.30490 11.26020
H 116.28300 99.68080 11.27660
H 115.16400 96.70310 11.55220
H 112.82500 99.28010 11.56100
H 119.40100 100.32000 11.16550
C 121.80600 95.99730 9.47499
C 122.77200 99.00700 9.39340
C 125.10900 96.63280 9.23298
C 119.74000 98.49920 9.58093
H 124.71200 98.43940 10.80780
H 123.73300 95.46080 10.95060
H 120.58500 94.82570 11.12670
H 122.62200 100.89400 10.99470
H 121.52800 97.79050 11.15170
C 128.26100 97.13680 9.00018
C 129.38800 100.21700 9.00508
C 130.60900 94.74900 8.92861
C 131.56500 97.88080 8.81084
H 130.15500 96.62760 10.45520
H 131.25800 99.64710 10.44950
H 126.94900 96.01260 10.75220
H 128.03300 98.96150 10.70170
C 126.11700 99.63130 9.18945
C 136.81400 95.96390 8.62146
C 133.68000 95.40790 8.77507
H 138.66400 95.42950 10.18530
C 132.57500 100.91100 8.78835
C 134.68900 98.55750 8.68353
H 135.48500 94.80960 10.28920
C 138.03600 99.05550 8.62491
H 136.53900 97.86300 10.21460
H 134.41400 100.30500 10.31630
H 133.37600 97.25070 10.33340
H 137.59100 100.89100 10.26830
C 115.65400 69.60340 12.31270
C 118.94200 70.14340 12.30150
C 116.87000 72.54370 12.36750
C 113.12100 71.60260 11.75780
C 121.10200 67.81490 12.39580
C 120.01200 73.14810 12.33960
C 124.25800 68.32020 12.45170
C 122.12100 70.71160 12.34520
C 125.31600 71.34090 12.39260
C 123.17800 73.71780 12.23360
C 127.47100 68.92000 12.56500
C 128.47600 71.99980 12.37510
C 130.64000 69.57820 12.64760
C 131.76400 72.57290 12.38470
C 133.94400 70.20610 12.49660
C 134.96400 73.20390 12.16630
C 137.00600 70.86450 12.35740
C 138.07800 73.74660 12.13020
C 136.03000 67.87860 12.69080
C 113.20800 79.88050 12.01800
C 114.74600 74.84910 12.42590
C 117.98500 75.49990 12.31480
C 119.06200 78.43120 12.41050
C 115.88100 77.93110 12.45800
C 116.76400 80.83350 12.57790
C 121.16200 76.01920 12.23350
C 124.36400 76.57600 12.14770
C 122.13300 79.05230 12.32160
C 125.36500 79.68260 12.19240
C 126.41000 74.33600 12.23190
C 127.44500 77.28640 12.13000
C 128.51300 80.27290 12.08900
C 129.58900 74.94440 12.20800
C 130.69000 78.00770 12.11720
C 132.77900 75.59460 12.18090
C 135.94200 76.12810 12.05160
C 133.87500 78.55950 12.01370
C 136.96000 79.17160 11.98020
C 117.83000 84.04860 12.49140
C 114.49600 83.12110 12.57260
C 115.58600 86.15510 12.67430
C 118.82300 86.94710 12.45310
C 119.93200 81.51620 12.49640
C 123.12700 82.14030 12.28310
C 121.01100 84.61450 12.33310
C 124.12500 85.14720 12.32440
C 122.02900 87.57180 12.27800
C 131.74700 80.94900 11.97750
C 126.40500 82.66800 12.23850
C 127.48500 85.72910 12.17060
C 129.52200 83.36040 12.01810
C 130.52300 86.42070 11.95010
C 132.77300 83.97960 11.95420
C 134.84200 81.56310 11.88600
C 138.09100 82.19160 11.93440
C 135.95500 84.53200 11.90750
C 133.82700 87.04290 11.93160
C 136.96700 87.53090 11.91420
C 116.70600 89.24790 12.73160
C 114.56800 91.78250 12.92220
C 117.69600 92.37070 12.83450
C 113.13300 88.59190 12.51420
C 125.23200 88.17610 12.26570
C 119.88600 89.86740 12.57360
C 123.06100 90.51630 12.43000
C 121.03600 92.99290 12.71850
C 124.27200 93.61170 12.42300
C 128.48700 88.84570 12.07060
C 129.54700 91.81000 12.12970
C 126.29800 91.24890 12.23510
C 131.65900 89.28210 11.91940
C 127.38500 94.17160 12.25120
C 132.85200 92.40080 12.05350
C 134.80500 90.00060 11.93030
C 138.03500 90.59670 11.93620
C 135.89700 93.00590 11.89830
C 116.69400 97.93990 12.99170
C 118.90700 95.43660 12.79680
C 115.65000 94.94420 13.02720
C 114.56000 100.32500 12.94030
C 112.94900 96.99630 12.57290
C 117.73600 100.91500 12.92170
C 123.07000 99.08100 12.57550
C 119.85300 98.54320 12.77870
C 125.30400 96.67240 12.41220
C 122.06000 96.01100 12.69980
C 126.28600 99.50910 12.38610
C 130.63200 94.81270 12.07230
C 128.48800 97.15410 12.27330
C 129.57300 100.24600 12.17980
C 131.69500 97.81280 12.02090
C 136.89800 96.04410 11.83840
C 137.92900 99.05640 11.89730
C 134.80100 98.45200 11.90090
C 133.82200 95.45290 11.97020
C 132.75800 100.81800 12.02480
C 115.48100 103.18500 9.83907
C 118.62300 103.97300 9.59689
C 116.51500 106.24200 9.68426
C 112.94400 105.42500 10.60370
H 114.32800 102.13500 11.09010
H 118.38200 105.78900 11.26950
H 117.45500 102.70300 11.31590
H 115.28300 105.14000 11.40940
H 112.98900 107.74200 11.71760
C 120.75100 101.51800 9.49377
C 123.95800 102.09200 9.30345
C 121.91400 104.45500 9.42444
C 124.99500 105.13400 9.28644
C 123.12800 107.47700 9.43406
C 119.76700 106.92600 9.59090
H 124.91300 106.88300 11.05970
H 120.50900 103.35900 11.06890
H 123.73100 103.92500 10.97010
H 121.65200 106.34100 11.03430
H 125.78300 101.40300 10.86110
C 127.18800 102.59700 9.14602
C 128.22700 105.74900 9.13890
C 130.42900 103.23600 8.94243
C 131.50200 106.31500 8.95918
H 129.06000 102.04400 10.63650
H 128.03900 107.49700 10.82780
H 126.88000 104.43400 10.73180
H 130.10200 105.07000 10.60620
H 132.26300 102.66400 10.47060
C 135.76900 101.55400 8.71506
C 133.61700 103.92000 8.79981
C 134.73300 106.88800 8.85213
C 137.02500 104.48600 8.77228
C 137.93300 107.49500 8.77141
H 136.55500 106.29200 10.40850
H 135.47100 103.34800 10.31270
H 133.34700 105.67600 10.52740
H 138.75800 103.88500 10.36590
C 114.46100 108.42600 9.77313
C 117.74400 109.35500 9.68465
C 115.39000 111.54700 9.85994
C 118.75400 112.31700 9.61132
C 113.00900 113.86100 10.49650
H 114.39800 110.56000 11.26880
H 118.51500 114.14300 11.31630
H 116.36400 108.13000 11.30770
H 117.41400 111.18300 11.23270
H 115.31200 113.57100 11.39690
C 116.76300 114.62200 9.64830
C 120.88800 109.91600 9.48549
C 124.15700 110.51200 9.35373
C 122.05200 112.92500 9.48384
C 125.15100 113.51200 9.36390
H 122.76500 109.32200 10.96370
H 123.82900 112.28900 10.98350
H 119.57600 108.78100 11.26740
H 120.67200 111.72000 11.12430
H 121.79500 114.73000 11.15990
H 125.95600 109.88200 10.89220
H 131.22700 108.04600 10.61140
C 126.19400 108.10700 9.32323
C 129.35400 108.62500 9.07707
C 127.23000 111.17800 9.29882
C 130.45300 111.72900 9.16595
C 128.35400 114.15100 9.33306
H 126.96000 112.96600 10.97620
H 130.17400 113.49900 10.87850
H 129.09200 110.43100 10.74420
H 132.28000 111.10300 10.76620
C 132.59600 109.43000 9.09902
C 135.77900 109.92700 8.98986
C 133.59900 112.29300 9.14515
C 136.84900 113.10100 9.10154
H 133.43200 114.12700 10.83260
H 135.47900 111.72900 10.60480
H 138.67000 112.32600 10.60670
H 134.41700 108.62000 10.61950
H 137.65800 109.27900 10.50870
H 136.56300 114.75900 10.93990
C 114.59000 116.82000 9.53585
C 117.94400 117.80100 9.56330
C 115.73300 120.28200 9.56000
C 119.05500 120.95000 9.62894
H 114.43200 119.07100 10.85330
H 116.53200 116.60700 11.15750
H 117.58500 119.63200 11.15060
H 113.05200 116.17400 11.50570
C 119.89200 115.33300 9.66157
C 123.13300 116.01200 9.55422
C 121.07800 118.44200 9.66774
C 124.16700 118.91900 9.51517
H 120.71300 120.22000 11.33390
H 123.93900 120.76700 11.11780
H 119.68000 117.17100 11.25790
H 122.82200 117.79500 11.28590
H 124.88000 115.30700 11.04960
C 122.07300 121.41800 9.65869
C 131.63100 114.86500 9.36936
H 126.01400 118.39600 11.04270
C 126.27500 116.50800 9.47405
C 127.40500 119.57000 9.36814
C 129.52900 117.11700 9.39166
C 130.64700 120.05100 9.38188
H 129.16700 118.96000 10.94090
H 131.21800 116.53100 11.07580
H 128.10200 115.91000 11.01930
H 127.09800 121.45400 10.93330
H 132.38900 119.59000 11.02470
C 132.63800 117.73000 9.45099
C 134.78600 115.39100 9.32026
C 137.86200 116.05600 9.31815
C 135.79800 118.44000 9.39604
C 133.77600 120.82400 9.43429
H 138.76000 120.67200 11.04200
H 134.42000 117.19000 10.99190
H 135.56000 120.22100 11.03770
H 137.54800 117.80000 10.99970
C 136.99100 121.43300 9.44431
C 117.80500 126.29200 9.94418
C 116.78700 123.25500 9.82091
C 114.56700 125.68100 10.24430
C 113.08100 122.40500 10.63140
H 118.64700 122.63600 11.31300
H 115.38800 122.01500 11.41330
C 121.01400 126.90000 9.73785
C 124.08900 127.44400 9.49854
C 125.20600 122.06800 9.42958
C 120.04700 123.87900 9.68471
C 123.10600 124.38900 9.59508
H 125.00200 123.83500 11.09540
H 122.83900 126.21200 11.22580
H 121.79000 123.20500 11.28790
H 119.68700 125.59700 11.39790
H 125.97800 126.90900 10.97990
C 129.69400 125.63600 9.32216
C 131.73900 123.19100 9.40165
C 127.38100 128.12400 9.35649
C 128.48200 122.69500 9.24130
C 126.34500 125.02800 9.40695
H 128.20800 124.46300 10.88770
H 131.30900 125.11200 10.95930
H 130.23800 122.01500 10.82440
H 129.14800 127.42800 10.93370
H 132.40000 128.05000 11.06780
C 132.89100 126.26500 9.43764
C 134.77800 123.80000 9.59651
C 138.11000 124.37400 9.65279
C 136.02900 126.82400 9.60098
H 137.72000 126.17700 11.24860
H 134.51800 125.63900 11.18700
H 136.61600 123.17700 11.11130
H 133.41300 122.55800 11.13470
C 115.68500 128.60800 10.08880
C 117.70300 134.67100 9.88063
C 118.78800 129.33500 9.97986
C 114.48700 133.51300 9.96860
C 116.82500 131.55200 10.00620
C 113.11900 130.79200 10.74920
C 119.83100 132.24300 9.87458
C 121.96500 129.97100 9.68829
C 123.09700 132.84800 9.75096
C 125.23500 130.50600 9.62567
H 121.71400 131.73900 11.34900
H 124.90900 132.26200 11.33710
H 123.76100 129.25000 11.17000
H 122.85400 134.69800 11.35350
H 120.67800 128.69500 11.32230
H 119.54700 134.09100 11.45280
H 130.30300 130.42500 11.08150
C 126.24800 133.46200 9.67620
C 131.85000 131.64700 9.57939
C 130.63700 128.63300 9.43502
C 128.53100 131.11300 9.50345
C 129.61200 134.11400 9.62568
H 127.08400 129.87300 11.06650
H 131.29600 133.41100 11.23790
H 128.11000 132.85700 11.13160
C 136.99500 129.76200 9.73244
C 138.08800 132.76000 9.67961
H 133.49600 131.06600 11.24320
H 136.69600 131.60700 11.35140
H 138.74000 129.15500 11.40840
C 132.81400 134.56800 9.70054
C 133.84700 129.34300 9.59671
H 135.54700 128.57600 11.22230
H 137.80900 134.64300 11.15330
H 134.52200 133.99000 11.36100
C 135.08100 132.20000 9.72481
C 115.72200 103.27500 12.97460
C 118.89400 103.96900 12.82080
C 116.68800 106.33000 12.98720
C 113.03900 105.36300 12.44710
C 120.02700 106.90100 12.78750
C 124.13800 102.08800 12.55370
C 122.03600 104.51000 12.65300
C 125.22000 104.96000 12.52320
C 123.22300 107.56200 12.59960
C 120.86100 101.55100 12.64360
C 127.31000 102.60000 12.30490
C 128.38400 105.57300 12.32200
C 130.57700 103.32300 12.18010
C 131.60200 106.18700 12.19830
C 135.85500 101.48000 11.91800
C 133.76300 103.81400 12.02770
C 134.84400 106.71500 12.17120
C 136.96200 104.43300 11.94590
C 138.08200 107.39500 12.00180
C 113.04600 113.83100 12.45970
C 114.80400 108.77700 13.13560
C 117.80700 109.43100 12.84400
C 118.94300 112.24000 12.80900
C 115.82700 111.94200 13.03370
C 116.80500 114.90600 12.91750
C 121.18800 109.90200 12.74230
C 124.26200 110.44100 12.54700
C 122.19700 112.82200 12.69070
C 125.24900 113.46900 12.60860
C 126.42900 108.12300 12.54030
C 127.37100 111.05200 12.48690
C 129.58200 108.60400 12.39160
C 130.51900 111.56400 12.41110
C 128.47200 114.02400 12.60490
C 131.72600 114.56800 12.47810
C 132.65500 109.23000 12.30040
C 135.90800 109.87400 12.15990
C 133.82500 112.15700 12.32940
C 136.91500 112.75200 12.29860
C 117.90800 117.83600 12.80710
C 114.61500 117.15800 12.73300
C 115.79400 120.03100 12.88100
C 118.91300 120.76700 12.88130
C 120.04300 115.34100 12.81700
C 123.29600 115.93800 12.79630
C 121.04600 118.38500 12.89060
C 124.41600 118.97100 12.78390
C 122.30400 121.34800 12.84250
C 126.32800 116.46100 12.63200
C 127.46900 119.65300 12.58610
C 129.48300 117.19300 12.63680
C 130.57300 120.21900 12.47220
C 132.68100 117.78400 12.62120
C 134.78500 115.33600 12.53740
C 138.02700 115.93100 12.52220
C 135.78800 118.41900 12.66980
C 133.78300 120.68000 12.66020
C 137.06500 121.29500 12.67050
C 113.16700 122.33200 12.52810
C 116.83000 122.93100 13.06590
C 114.77700 125.30600 13.48500
C 118.04100 126.12700 13.20230
H 114.54300 127.46600 12.13960
H 117.58500 128.06400 11.65590
H 112.99700 124.63700 11.84640
H 116.51100 124.96100 11.64220
C 124.34300 127.43600 12.73780
C 121.16400 126.85300 12.87950
C 123.27600 124.41200 12.81100
C 120.10900 123.76500 12.96080
C 125.41000 122.01500 12.68120
C 126.48100 125.04400 12.55930
C 129.48100 125.63000 12.57610
C 131.59100 123.24500 12.53930
C 127.48500 127.98200 12.61560
C 128.59000 122.69100 12.49680
C 134.85300 123.77900 12.71560
C 137.89700 124.32200 12.84530
C 132.68900 126.24500 12.67020
C 135.97700 126.72000 12.82230
C 113.17000 130.61600 12.61320
C 117.85900 134.66100 13.12000
C 119.12200 129.21000 13.10880
C 116.84400 131.63500 13.20370
C 114.63100 134.01500 13.23490
C 115.76400 128.52700 13.31900
H 113.09300 132.94600 11.95310
H 115.39500 130.43200 11.64630
H 118.59400 131.13400 11.64960
H 116.40100 133.42600 11.57400
C 120.09300 132.32600 13.12310
C 125.32300 130.36100 12.74920
C 122.18700 129.88900 12.88740
C 123.20900 132.84900 12.95460
C 128.55500 130.98000 12.70560
C 131.64300 131.51500 12.80150
C 130.55100 128.57800 12.59570
C 126.45800 133.41700 12.84610
C 129.52300 133.95000 12.85950
C 134.89400 132.12200 12.95210
C 136.88900 129.74900 12.92860
C 138.08100 132.87400 12.84260
C 132.71600 134.45300 12.93400
C 133.76200 129.17600 12.78450
C 142.44600 1.34439 9.77839
C 140.25900 3.76353 9.72133
C 143.52500 4.39628 9.80782
H 145.22800 3.71872 11.44940
H 142.03500 3.12837 11.29420
H 139.90700 5.48962 11.47120
H 144.13600 0.71661 11.48540
H 143.11400 6.16003 11.42750
H 140.96900 0.06933 11.28300
C 139.25200 0.76807 9.65273
C 145.50300 1.89734 9.85187
C 150.81800 0.04614 9.84648
C 148.67000 2.41673 9.80494
C 146.57500 4.96735 9.84478
C 149.88000 5.52563 9.77049
C 151.83600 3.10380 9.79052
H 148.40400 4.32775 11.33470
H 147.26300 1.28812 11.44590
H 150.46600 1.91048 11.44770
H 151.58200 4.91002 11.38170
C 153.98400 0.56870 9.76950
C 157.14400 1.30924 9.82107
C 155.08300 3.59748 9.65328
C 152.87800 6.17603 9.73250
C 158.33500 4.19573 9.72290
H 156.82900 3.13520 11.31880
H 153.67500 2.47217 11.29400
H 154.74000 5.49830 11.22500
H 157.89500 6.07069 11.29560
H 155.75100 0.02236 11.38150
H 158.95400 0.66386 11.34710
C 160.45100 1.87340 9.81175
C 163.53000 2.39461 9.79291
C 161.46200 4.85157 9.72415
C 164.76900 5.43832 9.84474
H 162.11700 1.30832 11.48660
H 163.24300 4.29551 11.33020
H 160.00500 3.68414 11.39280
C 141.28200 6.78310 9.86591
C 144.56300 7.25733 9.83562
C 142.39900 9.79539 9.80339
C 140.20200 12.12310 9.85057
C 143.31400 12.86590 9.90228
H 141.94300 11.54740 11.47460
H 145.11500 12.16500 11.43010
H 144.15900 9.14023 11.38010
H 140.97300 8.54809 11.36310
C 145.58200 10.33360 9.81253
C 139.16300 9.06596 9.79570
C 147.64900 7.86596 9.84164
C 148.68500 10.87750 9.77382
C 150.80200 8.49780 9.80242
C 151.87300 11.57760 9.75740
H 149.40000 7.26714 11.41980
H 146.29900 6.73162 11.53810
H 148.45400 12.76260 11.31940
H 150.49200 10.33620 11.42000
H 147.33400 9.70554 11.46180
C 156.17600 6.78513 9.68473
C 158.29100 12.77010 9.53621
C 154.02700 9.13558 9.73782
C 157.15800 9.66687 9.64383
C 155.10200 12.15780 9.60869
H 156.89200 11.58360 11.15370
H 153.70600 10.95050 11.25500
H 152.61900 7.94567 11.39040
H 155.80100 8.56212 11.38470
H 158.95600 9.07841 11.18030
C 159.30500 7.14686 9.62168
C 162.51700 7.86601 9.67323
C 160.33300 10.34170 9.52148
C 163.42900 10.98700 9.47939
H 161.08700 6.68693 11.27900
H 160.05600 12.14790 11.12300
H 162.10500 9.74903 11.17750
H 164.24500 7.32201 11.30120
H 163.12200 12.72950 11.14620
C 141.30800 15.13340 9.89531
C 144.39100 15.75250 9.81706
C 142.25600 18.27620 9.85898
H 143.08900 14.59040 11.56270
H 140.92800 16.98070 11.53890
H 139.83500 13.97210 11.49550
C 139.11200 17.53240 9.95906
H 144.05400 17.63280 11.43770
H 141.95100 20.10880 11.45730
C 145.46300 18.89900 9.77336
C 146.54600 13.22830 9.76892
H 151.61200 13.44350 11.33780
C 149.94600 14.00340 9.70567
C 147.67700 16.41460 9.70499
C 150.79200 16.99080 9.71458
C 148.78400 19.38650 9.74177
C 151.89200 19.96130 9.75918
H 147.26500 18.21580 11.34220
H 149.42600 15.78820 11.39410
H 146.25700 15.16570 11.32760
H 150.50600 18.80920 11.42130
C 156.18200 15.21590 9.54835
C 153.04800 14.56940 9.65075
C 154.09800 17.63290 9.60844
C 157.15000 18.23740 9.45383
H 157.95800 14.62100 11.12020
H 153.78800 19.43270 11.24050
H 155.88700 16.98780 11.18180
H 156.87100 20.03120 11.09560
H 154.79100 13.97080 11.21360
H 152.68400 16.38520 11.25210
C 161.38300 13.35990 9.49051
H 159.02800 17.63630 10.92390
C 159.36500 15.76910 9.48587
C 164.54400 13.93350 9.53034
C 162.55800 16.29280 9.50107
C 160.55000 18.80230 9.35164
C 163.83200 19.28490 9.37519
H 162.26000 18.18970 11.01540
H 164.34100 15.77480 11.15250
H 161.11100 15.16780 11.17890
C 140.07400 20.69510 9.89607
C 143.24300 21.39400 9.83665
C 141.19400 23.73180 9.95717
C 144.29200 24.17560 9.88533
H 145.08400 20.73290 11.40000
C 139.10300 26.13730 9.86458
H 142.92700 23.07400 11.56400
C 142.26200 26.73700 9.92738
H 139.77600 22.53070 11.50340
C 150.76500 25.45680 9.50786
C 147.50200 24.76360 9.71598
C 149.74900 22.38880 9.60447
C 146.56900 21.91270 9.80063
H 149.40000 24.25120 11.12230
H 147.25700 26.65160 11.36270
H 146.15600 23.71680 11.44510
H 151.49400 21.81960 11.32460
H 148.36800 21.25770 11.29000
C 158.24900 21.21700 9.41108
C 154.06400 25.95390 9.51878
C 155.02000 20.63660 9.54391
C 152.90500 22.93280 9.63253
C 156.04200 23.60510 9.54222
C 157.16300 26.60490 9.47909
H 155.79800 25.47510 11.15760
H 157.92200 23.00500 11.07950
H 152.57700 24.84130 11.12410
H 154.71600 22.42650 11.20810
H 159.02600 26.02430 11.00960
H 164.41600 24.24980 10.86160
C 164.87700 22.41350 9.27642
C 161.65100 21.86280 9.32381
C 162.58400 24.93720 9.35389
C 159.43500 24.20170 9.41882
H 162.27600 26.71170 11.00970
H 161.22300 23.64970 11.02320
H 160.13200 20.63770 10.95960
H 163.43700 21.23070 10.90360
C 144.43300 32.59520 9.73211
C 141.24200 32.12510 9.96892
C 140.17000 29.09280 9.96743
C 143.28300 29.59640 9.84607
C 145.45600 27.21830 9.80038
C 148.54500 27.88410 9.68220
C 151.87700 28.37450 9.49694
C 146.49400 30.24440 9.76450
C 147.62900 33.36270 9.70984
C 149.66300 30.83420 9.63991
H 150.45200 27.29450 11.15960
H 151.54800 30.18230 11.17550
H 149.39400 32.67030 11.32730
H 156.94000 28.44580 11.09290
C 158.39400 29.60150 9.48985
C 156.19300 31.98120 9.58527
C 152.91200 31.41560 9.54942
C 155.14500 29.02060 9.49860
H 153.69400 27.80980 11.04870
H 154.76200 30.79910 11.09540
H 152.61000 33.19950 11.17930
H 157.97000 31.37950 11.14750
H 164.25100 32.59540 11.11140
H 163.25200 29.62910 11.10260
C 163.72800 27.90600 9.43383
C 162.52500 33.05740 9.48959
C 164.67700 30.78440 9.55876
C 161.56500 30.22310 9.51000
H 161.10700 31.98740 11.17330
H 160.09800 29.03490 11.04130
C 160.51500 27.26500 9.43165
C 159.43000 32.55320 9.53454
C 142.35200 1.27333 12.93050
C 140.26100 3.57148 12.95540
C 143.39200 4.31537 12.97890
C 139.08100 0.67585 12.83320
C 145.50500 1.94180 13.08670
C 150.81700 0.07762 13.03660
C 148.71500 2.54883 13.02080
C 146.66600 4.82078 13.02520
C 149.82600 5.44180 12.98510
C 151.97400 3.11082 12.96210
C 154.02900 0.71310 12.99830
C 157.16700 1.27665 12.92790
C 155.09400 3.70321 12.91030
C 153.03600 6.10007 12.92460
C 158.25800 4.36171 12.98140
C 160.27700 1.87017 13.00470
C 163.63900 2.49281 12.96240
C 161.45200 4.88545 12.93350
C 164.49100 5.57511 13.02100
C 141.41700 6.77194 13.05520
C 144.46000 7.36824 13.06420
C 142.38300 9.69864 13.00320
C 140.16600 12.11170 13.08800
C 143.42000 12.68420 13.08810
C 139.24200 9.13063 13.03680
C 145.52800 10.34980 13.00000
C 147.77100 7.95376 13.11940
C 148.69900 10.97670 13.03590
C 150.85000 8.48343 13.00540
C 152.01400 11.62070 12.90800
C 146.66600 13.33720 12.94700
C 156.15300 6.66169 12.90930
C 154.01700 9.17996 12.96820
C 157.24300 9.80154 12.87190
C 158.32400 12.86760 12.73070
C 155.15300 12.12060 12.83940
C 159.30900 7.30625 12.86480
C 162.47200 8.01100 12.86170
C 160.34900 10.35890 12.78120
C 163.49400 10.92150 12.79290
C 141.29300 15.15480 13.14530
C 144.57700 15.86690 13.07330
C 142.30300 18.31980 13.13570
C 139.15600 17.65670 13.16630
C 145.47100 18.83680 12.98110
C 147.64100 16.43990 12.99310
C 149.84600 13.97690 12.99420
C 150.95200 16.91650 12.97070
C 148.70800 19.47490 12.94990
C 152.00800 20.04930 12.90300
C 156.26500 15.15430 12.78740
C 153.16400 14.59120 12.93040
C 154.16200 17.58120 12.84380
C 157.34700 18.19050 12.62780
C 161.42000 13.40650 12.78970
C 159.31300 15.92970 12.67020
C 164.62900 13.93250 12.72650
C 162.57100 16.44010 12.74150
C 160.40900 18.77570 12.60360
C 163.77400 19.39080 12.61890
C 139.13400 26.04360 13.12240
C 140.19300 20.65360 13.05660
C 143.37400 21.31010 13.10930
C 141.19100 23.66290 13.13800
C 144.41800 24.29270 13.05780
C 142.31900 26.63170 13.05780
H 144.06200 26.04030 11.42860
H 140.83800 25.49350 11.49730
C 146.61400 21.87900 12.94740
C 149.79500 22.49210 12.88300
C 147.73400 24.74750 12.91930
C 150.81900 25.42960 12.74520
C 152.98500 23.08020 12.82290
C 156.16600 23.68000 12.76000
C 157.30500 26.63960 12.70220
C 155.23900 20.67740 12.83770
C 154.01100 26.09540 12.70910
C 158.38100 21.12590 12.66560
C 164.84400 22.46960 12.53540
C 159.41900 24.17860 12.63700
C 161.65300 21.76800 12.58240
C 162.70700 24.91490 12.59920
C 140.15000 29.01910 13.17350
C 141.27400 31.94580 13.10010
C 144.50600 32.69400 12.95220
C 143.39000 29.60200 13.08560
H 139.82200 30.89170 11.57070
H 141.88900 28.48260 11.56530
H 145.09400 29.01600 11.39540
H 143.11400 31.46000 11.46540
C 145.48300 27.16040 13.01130
C 152.03100 28.30590 12.73110
C 148.77100 27.84850 12.89540
C 147.58800 33.33960 12.93440
C 149.87600 30.85710 12.91550
C 146.51800 30.27320 12.93670
H 148.31900 29.71860 11.33270
H 146.24800 32.09070 11.29870
C 158.38600 29.53360 12.68490
C 155.11300 28.93750 12.66510
C 156.17200 31.96520 12.71280
C 153.06100 31.34230 12.77420
C 160.48000 27.24520 12.61880
C 161.47100 30.13380 12.70120
C 162.47600 33.23600 12.67240
C 164.61800 30.82430 12.71470
C 159.32800 32.52010 12.74200
C 163.68000 27.84000 12.65240
C 142.24800 35.06270 9.89118
C 140.06400 37.53550 10.05980
C 143.30800 38.22560 9.88807
C 145.44500 35.73420 9.71894
C 139.09400 34.70750 10.12100
C 148.70000 36.31390 9.71919
C 146.56100 38.71270 9.82565
C 149.75700 39.36020 9.72989
C 151.91000 36.87710 9.72673
C 150.83300 33.92070 9.68734
H 150.48200 35.74180 11.36700
H 151.56800 38.76060 11.31610
C 154.09900 34.43260 9.57740
C 157.17600 34.96540 9.58407
C 155.07100 37.41620 9.57131
C 153.00600 39.87920 9.57598
C 158.15700 37.97420 9.41192
H 157.94200 39.85210 11.09230
H 154.75500 39.28220 11.12070
H 153.68400 36.25950 11.27730
H 155.76200 33.81950 11.23070
H 156.83600 36.86900 11.12750
H 158.92000 34.34290 11.10500
C 160.32300 35.47320 9.41176
C 163.56700 36.25680 9.33693
C 161.45300 38.59100 9.38829
C 164.57300 39.20310 9.25097
H 162.16700 35.04020 10.95800
H 163.21900 38.01630 10.92540
H 159.99500 37.38070 10.98650
C 141.14600 40.61270 10.02840
C 144.47300 41.10980 9.87247
C 142.24400 43.50740 9.92129
C 143.35300 46.68460 9.90384
C 140.11100 46.03790 10.16560
C 145.43700 44.12270 9.76995
C 139.07700 43.03890 10.17030
C 147.64200 41.80680 9.70438
C 148.72700 44.73870 9.67415
C 150.85600 42.34090 9.62722
C 151.94100 45.25150 9.49264
H 150.50200 44.18120 11.26850
H 148.38500 46.61030 11.26130
H 149.44800 41.17330 11.25110
H 151.66700 47.16130 11.11080
C 146.56700 47.19740 9.74881
C 156.14700 40.30080 9.43244
C 154.01600 42.89800 9.36188
C 157.27300 43.46110 9.31718
C 158.37200 46.48000 9.22499
C 155.10800 46.02660 9.37340
H 152.72200 41.75500 11.16170
H 155.85300 42.28770 10.92390
H 156.98400 45.36570 10.88190
H 153.78000 44.74040 10.99970
H 159.07000 42.93420 10.90690
H 161.09400 40.50490 10.86810
C 159.25400 41.02030 9.35705
C 162.58000 41.62840 9.24711
C 160.45100 44.07690 9.16857
C 163.57200 44.56010 9.08566
H 164.29500 41.03890 10.86570
H 160.24000 45.98000 10.76740
H 163.32500 46.46170 10.65060
H 162.19800 43.46800 10.79870
C 161.60500 47.19480 9.08876
C 141.15600 49.02450 10.14670
C 144.40100 49.59260 9.92852
C 142.19800 52.03410 10.02220
C 139.08400 51.42520 10.20080
C 145.46200 52.64090 9.71110
H 141.98600 53.85100 11.63280
H 144.13300 51.49680 11.48410
H 140.92400 50.85150 11.80000
C 149.81500 47.70670 9.60972
C 147.60800 49.99060 9.67164
C 150.77500 50.67150 9.46163
C 148.70800 53.32310 9.58380
H 150.60900 52.64390 11.00390
H 149.49600 49.55720 11.19820
H 147.32000 51.95370 11.18120
H 146.23300 48.95970 11.48980
C 151.93200 53.81210 9.29154
C 156.14300 48.96000 9.19761
C 153.00000 48.31400 9.39893
C 154.07300 51.43770 9.33951
C 157.26100 52.01180 9.12542
H 154.83600 47.84730 10.99230
H 158.01200 48.44640 10.77400
H 153.73200 53.20750 10.94910
H 155.90700 50.78430 10.79760
H 152.67300 50.18860 10.95420
H 156.91900 53.78160 10.78040
H 159.01800 51.35300 10.73620
C 159.41900 49.54120 9.08205
C 164.71400 47.70860 9.01401
C 162.62700 50.19660 9.04387
C 160.55700 52.54290 9.11068
C 163.68900 53.16560 9.06450
H 162.30800 52.00210 10.71480
H 161.21900 49.03400 10.66400
H 164.40400 49.55800 10.66720
C 139.09800 59.76220 9.91231
C 140.13100 54.28970 10.07660
C 143.37400 54.99870 9.90841
C 141.23600 57.37500 9.84098
C 144.38300 57.96570 9.73375
H 144.23000 59.85160 11.35250
H 143.01700 56.82720 11.47400
H 140.93900 59.22560 11.43980
H 145.21200 54.40850 11.42790
C 142.35600 60.33520 9.78733
H 139.83000 56.23790 11.52640
C 146.55100 55.47280 9.70254
C 149.78600 56.10690 9.45562
C 150.93000 59.07930 9.32867
C 147.62000 58.47600 9.50333
H 148.44700 55.02550 11.20850
H 149.49100 58.00620 11.05350
H 147.36200 60.43600 11.03920
H 146.27900 57.39720 11.26210
H 151.66700 55.64010 10.91330
C 154.04200 59.72830 9.09826
C 156.18900 57.39790 9.13658
C 158.28400 54.99670 9.10748
C 157.20600 60.40680 9.00535
C 155.06100 54.41220 9.25909
C 152.97800 56.84390 9.22973
H 158.02300 56.81420 10.70780
H 152.74900 58.63930 10.88000
H 155.86500 59.28720 10.71750
H 154.81400 56.24520 10.79820
H 159.04400 59.89990 10.60010
C 164.70500 56.14440 9.00538
C 162.57800 58.60010 8.99751
C 159.43100 57.96890 9.10150
C 161.43800 55.61900 9.09471
H 164.41200 58.02160 10.51660
H 163.26000 55.03790 10.66140
H 161.24900 57.43740 10.69910
H 160.08100 54.38090 10.76370
H 162.20200 60.45660 10.54400
C 145.51900 60.97640 9.54987
C 141.38100 65.77760 9.52725
C 143.39700 63.40870 9.54522
C 144.47600 66.35370 9.37846
C 140.27900 62.74750 9.67324
H 139.94400 64.65870 11.23390
H 145.22300 62.86410 11.14270
H 143.12000 65.29270 11.12990
H 142.07400 62.26990 11.26650
H 148.43800 63.39260 10.81760
H 150.56300 61.00390 10.82510
H 151.62100 64.09280 10.51390
H 149.54500 66.47860 10.72380
H 146.34000 65.88720 10.95810
C 149.74600 64.66920 9.08443
C 146.51100 64.02700 9.38338
C 147.68100 67.07360 9.18085
C 148.70500 61.49020 9.24822
C 151.92200 62.16240 9.04195
H 157.98900 65.27660 10.38640
H 156.96000 62.28960 10.58620
C 158.30500 63.39240 8.86007
C 156.26900 65.87040 8.70372
H 153.78500 61.68600 10.54670
H 154.85000 64.68680 10.35200
H 152.69800 67.08490 10.37430
C 152.96700 65.16550 8.80326
C 155.23400 62.77730 8.91346
H 163.33000 63.45720 10.24750
C 162.61500 67.09850 8.52821
C 160.48200 60.97550 8.88252
H 164.33000 66.47120 10.24250
C 164.63400 64.64620 8.57752
H 160.13000 62.85070 10.44640
C 159.24400 66.52860 8.67711
C 163.63200 61.51790 8.84149
H 161.16100 65.89380 10.06490
C 161.53100 63.88370 8.69950
C 142.46900 35.02800 13.05740
C 140.37600 37.60450 13.25850
C 143.39700 38.16610 13.08790
C 139.13900 34.54850 13.34370
H 139.81100 39.37220 11.65320
H 142.95900 39.99150 11.54970
H 145.11400 37.55090 11.41780
H 144.10600 34.49230 11.31350
H 141.93100 36.89670 11.49110
H 140.85400 33.89680 11.62510
C 145.43800 35.69740 12.99110
C 148.73400 36.24660 13.01390
C 146.59000 38.72370 12.98330
C 149.80900 39.38830 12.95180
C 151.92300 36.93810 12.98230
C 150.93000 33.81440 12.86110
H 148.39300 38.11840 11.39280
H 147.22100 35.16420 11.37680
C 153.07200 39.92680 12.83740
C 154.01800 34.38920 12.84410
C 157.18800 35.04150 12.73940
C 155.18500 37.55540 12.78830
C 158.33000 38.01570 12.70200
C 160.42100 35.55150 12.62420
C 163.61200 36.24140 12.58550
C 161.45700 38.66900 12.51950
C 164.58500 39.28360 12.52070
C 139.15900 42.90850 13.37640
C 141.27200 40.56810 13.26810
C 144.60100 41.14380 13.04170
C 142.49200 43.56510 13.15880
C 140.41500 45.90330 13.32560
C 143.50700 46.52670 13.11290
H 142.00700 45.35180 11.53790
H 144.11600 42.95530 11.42510
H 140.92400 42.41080 11.69410
H 145.17300 45.99190 11.38950
C 145.53600 44.17590 12.99100
C 147.73000 41.75040 12.99170
C 148.75400 44.85820 12.94340
C 150.96900 42.30120 12.80450
C 152.16000 45.34560 12.70710
H 147.31300 43.57240 11.35710
H 146.29400 40.56420 11.39630
C 156.15800 40.49850 12.63840
C 154.17500 42.99030 12.65520
C 157.29200 43.52240 12.50100
C 158.45800 46.63330 12.39130
C 155.26100 45.99410 12.53610
C 159.43000 41.13220 12.57750
C 162.53200 41.70920 12.43680
C 160.55200 44.21910 12.46320
C 163.64300 44.73610 12.31250
C 139.23200 51.44610 13.51440
C 141.41600 49.02370 13.36890
C 144.48500 49.65160 13.11370
C 142.48400 52.07280 13.25710
H 139.89800 47.80610 11.88720
H 143.02200 48.40350 11.57030
C 146.68900 47.08940 13.01230
C 145.75300 52.61460 12.98700
C 147.80000 50.22380 12.89450
C 149.96200 47.74910 12.80520
C 151.00400 50.79820 12.62270
C 148.87700 53.14390 12.69990
C 152.05800 53.86930 12.59050
C 156.34100 49.01670 12.49150
C 153.15600 48.45060 12.62760
C 154.20300 51.37330 12.48860
C 157.33300 51.95150 12.40540
C 161.65400 47.22460 12.26270
C 159.52500 49.58240 12.36710
C 164.67700 47.72620 12.24130
C 162.69200 50.15340 12.30530
C 160.50500 52.56920 12.34290
C 163.70200 53.28750 12.32130
C 139.25300 60.00370 13.07640
C 140.34200 54.52950 13.26370
C 143.53000 55.02610 13.13110
C 141.28700 57.47580 13.10980
C 144.60800 58.04330 12.99900
C 142.47000 60.46710 12.95240
C 150.99500 59.30620 12.54290
C 147.80400 58.66110 12.70530
C 150.02700 56.21970 12.67580
C 146.74500 55.64960 12.92160
C 156.26300 57.55510 12.30320
C 158.35800 55.02380 12.38070
C 153.12400 56.84170 12.49360
C 155.25900 54.48650 12.43020
C 154.13500 60.00910 12.32710
C 157.33100 60.53080 12.25730
C 159.50700 58.08380 12.27730
C 161.55600 55.63120 12.33390
C 162.69000 58.73070 12.21410
C 164.77700 56.28900 12.17210
C 144.60900 66.54930 12.60760
C 140.33900 62.91170 12.91100
C 141.38900 65.97570 12.72670
C 143.49200 63.58570 12.80600
C 145.80900 61.16900 12.78760
C 146.80300 64.06790 12.57930
C 147.88200 67.27470 12.35510
C 152.08500 62.36920 12.19180
C 150.01400 64.63990 12.30020
C 148.89200 61.70740 12.53810
C 153.12400 65.28530 12.00440
C 158.42700 63.54760 12.08350
C 155.14700 63.00420 12.09120
C 156.22100 65.94250 11.98780
C 162.53400 67.02650 11.80070
C 164.69400 64.64590 11.84440
C 160.51400 61.13860 12.17750
C 159.52900 66.52780 11.84260
C 163.65500 61.76550 12.02110
C 161.64400 64.17250 11.83870
C 142.31700 68.76740 9.25557
C 140.25900 71.12220 9.14154
C 143.23200 71.82330 9.04072
H 143.06300 73.82450 10.50230
C 145.39100 69.35160 9.07605
H 144.15800 68.26900 10.87460
H 139.89300 73.11520 10.55330
H 140.96300 67.71590 11.03080
H 145.15200 71.33480 10.55040
H 141.99400 70.66990 10.78120
C 139.11400 68.11000 9.40839
C 148.63800 70.05500 8.89539
C 146.58900 72.30310 8.80578
C 149.83300 72.94070 8.80417
C 151.95500 70.76030 8.84540
C 150.78900 67.65570 8.93092
H 150.55100 69.57690 10.45860
H 147.26700 68.99060 10.64940
H 151.65000 72.59270 10.47430
H 148.36400 71.86490 10.47830
C 154.08600 68.29890 8.69938
C 157.31400 68.90030 8.71355
C 155.24700 71.25530 8.72391
C 153.07800 73.63660 8.75780
C 158.40800 71.81700 8.72934
H 156.94600 70.68730 10.34710
H 158.06400 73.67190 10.30210
H 153.80900 70.12580 10.31920
H 155.87900 67.68280 10.29020
H 154.87200 73.11460 10.24140
H 159.04300 68.36050 10.31980
C 160.50400 69.47800 8.66772
C 163.70200 70.09820 8.61960
C 161.60200 72.50610 8.60859
C 164.84200 73.15810 8.67702
H 162.24400 68.89640 10.25430
H 163.35400 71.96120 10.20260
H 160.19500 71.33340 10.23600
C 141.29000 74.19250 8.83126
C 144.43600 74.79810 8.68713
C 142.16600 77.27160 8.61356
C 140.05300 79.62130 8.65204
C 143.28900 80.38740 8.46550
H 141.93200 79.17510 10.20500
H 144.06400 76.72990 10.16150
H 145.13300 79.81440 10.03720
H 140.83600 76.10430 10.28640
C 139.00700 76.58340 8.72372
C 145.46300 77.88520 8.55322
C 147.74500 75.44360 8.63472
C 148.76400 78.54440 8.54732
C 150.95400 75.97590 8.67050
C 151.88300 79.12600 8.53705
H 148.37300 80.39220 10.16710
H 150.45100 77.86460 10.18460
H 146.26600 74.27760 10.27010
H 149.45200 74.81290 10.23310
H 147.29000 77.33760 10.17420
C 146.58700 81.00260 8.52140
C 156.36400 74.21760 8.67284
C 158.32900 80.29950 8.51722
C 154.07400 76.63510 8.60390
C 157.21800 77.27460 8.46946
C 155.05200 79.60010 8.44625
H 155.87700 76.08070 10.16730
H 153.67700 78.50760 10.14180
H 152.68300 75.51540 10.32190
H 156.82800 79.09990 10.03020
H 159.05100 76.68930 10.01900
H 161.23000 74.35800 10.19910
C 159.43100 74.76260 8.55602
C 162.61200 75.51260 8.59896
C 160.50300 77.99700 8.52682
C 163.81300 78.54780 8.61339
H 160.00500 79.72770 10.23320
H 162.22200 77.41820 10.14190
H 163.29500 80.35560 10.18800
H 164.37100 74.98160 10.29760
C 141.21700 82.73470 8.65463
C 144.47000 83.42220 8.55585
C 142.27800 85.78060 8.67289
H 143.06900 82.18960 10.14950
H 139.82000 81.50910 10.27610
H 140.86700 84.56780 10.30650
H 144.09600 85.18240 10.21840
H 141.86900 87.57140 10.36360
C 139.07500 85.17060 8.67715
C 145.49900 86.37620 8.62197
H 151.53200 80.90450 10.08900
C 147.70900 83.95440 8.58605
C 149.76900 81.57380 8.51954
C 150.87200 84.56380 8.68125
C 148.71800 86.96030 8.65647
H 147.27000 85.77460 10.19950
H 146.23300 82.79330 10.15210
H 149.40400 83.32970 10.22210
H 150.49600 86.32860 10.32480
C 151.89800 87.56050 8.67984
C 156.13100 82.83330 8.58742
C 152.88600 82.20480 8.50595
C 153.95500 85.14470 8.64325
C 157.15600 85.82320 8.64056
H 155.75500 84.57660 10.22550
H 154.68800 81.45330 10.08300
H 152.60200 83.92350 10.29040
H 153.68100 86.98170 10.29370
H 157.91600 82.12940 10.12100
H 156.80100 87.56080 10.34720
C 161.54200 80.88920 8.62241
H 158.94000 85.17190 10.15480
C 159.24400 83.33210 8.52651
C 164.84800 81.44280 8.65966
C 162.55400 83.96620 8.50520
C 160.29800 86.40660 8.50208
C 163.68500 86.92280 8.59454
H 162.09000 85.78210 10.07040
H 161.08100 82.75040 10.04040
H 164.32500 83.32770 10.13790
C 140.14100 88.16480 8.69609
C 144.37900 91.75080 8.71366
C 143.35700 88.80650 8.80243
C 141.17600 91.28250 8.76282
C 142.22000 94.20300 8.78893
H 139.75400 90.00610 10.29530
H 140.81100 92.98640 10.39590
H 142.92700 90.62680 10.42120
H 144.04500 93.58990 10.35520
H 145.18500 88.14750 10.29380
C 139.12900 93.49240 8.67775
C 146.59100 89.31570 8.71130
C 149.60600 89.95700 8.67024
C 147.54800 92.32080 8.68644
C 150.80400 92.87980 8.66372
H 148.35400 88.72820 10.34190
H 149.37200 91.78840 10.35390
H 146.14700 91.16360 10.30090
H 147.28000 94.15940 10.32400
H 151.50100 89.38530 10.16560
C 152.96700 90.62210 8.57605
C 158.13100 88.76070 8.68802
C 155.05100 88.29430 8.68045
C 156.22500 91.22810 8.70748
C 157.28100 94.19950 8.68948
C 154.17200 93.54780 8.62541
H 152.66100 92.41010 10.17780
H 155.86200 93.00240 10.29620
H 157.93300 90.59630 10.37560
H 154.69500 90.04800 10.23390
H 159.00600 93.68230 10.41090
C 159.30200 91.91460 8.76586
C 161.51200 89.48680 8.66990
C 162.56800 92.48180 8.79100
C 164.75100 89.97850 8.71319
H 162.25600 94.20570 10.47360
H 160.00600 88.19410 10.18560
H 161.09900 91.23510 10.37800
H 164.28300 91.75510 10.39310
H 163.30200 88.76590 10.21710
C 140.14300 96.65930 8.58574
C 144.34100 100.30300 8.72266
C 141.19500 99.66720 8.71071
C 143.36000 97.17570 8.66424
H 145.13200 96.63880 10.34320
H 142.98000 98.96780 10.28060
H 141.85300 96.06290 10.23570
H 139.74500 98.41770 10.30680
C 145.46800 94.76470 8.73487
H 151.47300 97.83830 10.24010
H 148.27700 97.23500 10.24080
H 150.51000 94.74590 10.32750
H 149.40100 100.25200 10.16790
H 146.17300 99.64270 10.22520
C 148.70500 95.31570 8.69163
C 149.70600 98.43140 8.55881
C 151.89200 95.96200 8.64456
C 147.61600 100.81300 8.58105
C 146.44900 97.80220 8.59245
H 152.63900 100.84300 10.34220
H 153.69700 95.38110 10.22710
H 157.94000 99.03860 10.42350
H 156.87000 96.01040 10.25830
H 154.74100 98.44810 10.32770
C 158.48800 97.18890 8.84758
C 155.12300 96.66970 8.65538
C 156.23100 99.65050 8.77446
C 152.97000 99.05200 8.69235
C 163.73300 95.47890 8.94016
C 164.87100 98.52150 9.04931
C 161.57900 97.73050 8.86988
H 160.14200 96.59060 10.49720
H 163.33700 97.25400 10.45620
H 161.13100 99.55770 10.49550
H 164.27500 100.26200 10.72020
C 159.40700 100.21300 8.84046
C 162.58000 100.82600 9.01851
C 160.51100 94.82490 8.85071
C 142.40700 69.01740 12.48600
C 140.26000 71.44690 12.32440
C 143.39700 72.05060 12.15110
C 139.31000 68.43070 12.61360
C 145.53100 69.67780 12.35160
C 148.91300 70.14810 12.15770
C 146.58200 72.59140 12.07430
C 149.83000 73.10970 11.96410
C 152.09900 70.78980 11.99630
C 151.02600 67.77440 12.09830
C 154.14600 68.33520 11.95160
C 157.27800 68.88740 11.94690
C 155.19300 71.38330 11.89370
C 153.23300 73.79590 11.95210
C 158.42300 71.80540 11.83070
C 160.57500 69.53990 11.86340
C 163.71500 70.11280 11.80640
C 161.58400 72.54250 11.81710
C 164.71600 73.07980 11.89460
C 141.28600 74.48690 12.07870
C 144.66000 75.09250 11.92460
C 142.31100 77.31910 11.78370
C 140.16600 79.66140 11.88680
C 143.46300 80.38330 11.73960
C 139.16100 76.70690 11.99380
C 145.53300 78.00120 11.71800
C 147.78000 75.56370 11.84780
C 148.74100 78.54880 11.82770
C 150.83500 76.07620 11.85700
C 151.90700 79.08800 11.73540
C 156.28700 74.28140 11.83800
C 154.16200 76.73940 11.79610
C 157.31700 77.31820 11.65890
C 158.17300 80.27620 11.74420
C 155.13800 79.69370 11.76250
C 159.43900 74.96320 11.79540
C 162.55700 75.65050 11.81720
C 160.38700 77.94310 11.72000
C 163.58900 78.57540 11.82190
C 161.53000 80.99780 11.72160
C 141.27700 82.69260 11.81970
C 144.46400 83.36240 11.79000
C 142.40600 85.69700 11.91670
C 139.08700 85.20510 11.86860
C 145.55200 86.35950 11.88430
C 146.52300 80.96880 11.74380
C 147.65300 83.92660 11.81530
C 149.84800 81.49040 11.80590
C 150.83700 84.43920 11.86510
C 148.65600 86.82230 11.90250
C 151.90600 87.67580 11.85900
C 156.09700 82.72540 11.69880
C 152.97400 81.97230 11.74900
C 153.98700 85.09950 11.90690
C 157.25600 85.67780 11.84610
C 159.37700 83.30040 11.71830
C 164.58400 81.56960 11.88390
C 162.46200 83.92990 11.66170
C 160.35300 86.32040 11.74900
C 163.51300 86.88750 11.78760
C 140.02300 88.15180 11.87980
C 143.42900 88.70980 11.91890
C 141.11000 91.12920 11.97670
C 144.41100 91.80840 12.00540
C 139.05600 93.74820 11.89580
C 142.23600 94.25500 11.90100
C 149.79300 89.89800 11.92370
C 150.92300 92.91640 11.88030
C 147.53800 92.37550 11.96130
C 146.62600 89.38620 11.93710
C 157.14900 94.24500 11.92740
C 158.28100 88.67860 11.90300
C 152.88900 90.59620 11.78400
C 156.13400 91.19780 11.94270
C 155.02900 88.32350 11.87670
C 154.04300 93.54330 11.83630
C 161.48200 89.28950 11.83070
C 162.54500 92.36610 12.04920
C 164.59800 89.95070 11.96060
C 159.35700 91.81660 12.01220
C 140.10300 96.57360 11.88270
C 143.29100 97.17900 11.90790
C 141.24100 99.60120 11.88620
C 144.41100 100.21300 11.86240
C 145.62700 94.84790 11.93870
C 149.71600 98.46100 11.86450
C 147.65300 100.90200 11.79790
C 148.72900 95.45690 11.87390
C 146.56300 97.86060 11.95790
C 151.91700 95.98930 11.90570
C 156.12900 99.64840 12.01130
C 158.27300 97.14280 11.96360
C 152.93000 99.00210 11.90390
C 155.06400 96.56170 11.87860
C 159.29600 100.24300 11.98330
C 160.48000 94.75260 12.06830
C 163.64300 95.42780 12.11340
C 164.55900 98.40900 12.28760
C 161.58200 97.75140 12.10210
C 162.30600 100.86300 12.19580
C 142.20500 102.60900 8.65162
C 140.06200 105.07600 8.67161
C 143.38400 105.77800 8.62268
H 140.81200 101.48000 10.36100
H 139.78500 106.87400 10.29480
H 143.99200 102.10700 10.33120
H 145.06700 105.09200 10.23000
H 142.91500 107.59300 10.27450
H 141.93500 104.52900 10.14460
C 139.08400 102.13800 8.72336
C 145.43800 103.23800 8.63697
C 148.81400 103.81900 8.58075
C 146.44200 106.26200 8.67628
C 149.76200 106.89000 8.68990
C 152.02600 104.50400 8.76052
H 150.46500 103.30700 10.29450
H 147.29000 102.66000 10.16460
H 148.29100 105.67200 10.22780
H 151.51500 106.29600 10.34500
C 150.93100 101.46500 8.70649
C 154.06800 102.03100 8.78564
C 157.26600 102.64600 8.81454
C 155.14900 105.01400 8.79625
C 152.94400 107.54800 8.74278
C 158.33500 105.61200 8.79355
H 156.90200 104.47300 10.45030
H 154.71600 106.90600 10.32080
H 157.92400 107.45500 10.36160
H 153.68600 103.84400 10.46420
H 155.80500 101.42800 10.38570
H 159.04600 102.09000 10.37400
C 160.54100 103.32200 8.86221
C 163.74900 103.83300 9.11849
C 161.70000 106.24000 9.03202
C 164.71900 106.80100 9.17486
H 160.04200 105.09800 10.42480
H 162.17600 102.68000 10.60850
H 163.28200 105.63100 10.75970
C 141.06300 108.27000 8.77877
C 144.51300 108.77800 8.74043
C 142.25600 111.21200 8.97563
C 143.26600 114.05000 8.96536
C 140.09200 113.67400 9.07972
H 140.80400 109.96300 10.57630
H 144.05400 110.51900 10.45310
H 141.85400 112.97300 10.64090
H 145.17300 113.51500 10.42360
C 139.09600 110.51300 8.95391
C 145.50000 111.62300 8.83268
C 147.62000 109.32300 8.76779
C 148.64100 112.36400 8.87393
C 150.80500 109.98500 8.77081
C 151.81300 112.99600 8.87224
H 150.43900 111.70400 10.48480
H 149.38700 108.66600 10.32660
H 148.43100 114.12800 10.50950
H 147.29100 111.08900 10.44270
H 146.21500 108.09500 10.35110
C 156.19500 108.05600 8.70537
C 153.94500 110.54400 8.71271
C 157.30300 111.17600 8.80455
C 158.34400 114.10900 8.90234
C 155.06800 113.56400 8.85805
H 153.62600 112.25700 10.38160
H 152.57200 109.30600 10.32360
H 156.87000 112.93500 10.43640
H 155.76800 109.89500 10.29760
H 161.09500 108.14200 10.54910
C 159.41600 108.78700 8.85080
C 162.65000 109.31400 9.01719
C 160.54700 111.75100 9.00313
C 163.64700 112.28900 9.08237
H 162.22800 111.10800 10.66710
H 164.32400 108.71100 10.67620
H 158.98400 110.56400 10.47950
H 163.28900 114.11900 10.65690
H 160.10300 113.56200 10.60680
C 141.15100 116.56600 9.08518
C 144.45100 117.18500 9.00123
C 142.27100 119.72000 9.27949
H 139.73200 115.43500 10.78670
H 140.89000 118.32900 10.79430
H 143.01700 115.90500 10.53540
H 144.04800 118.90800 10.77940
C 139.00300 118.96900 9.35379
C 145.41700 120.33400 9.31460
H 141.92800 121.32600 11.07900
H 151.58900 114.79400 10.45450
C 146.68800 114.72700 8.90760
C 147.68800 117.92200 9.13312
C 149.76400 115.44200 8.89967
C 150.85700 118.42800 9.14597
C 148.70800 120.85200 9.32780
H 149.44300 117.10500 10.68860
H 146.24000 116.53700 10.54730
H 147.20000 119.57900 10.86860
H 150.45500 120.12300 10.82670
C 151.88400 121.52000 9.32269
C 156.13700 116.66700 8.94302
C 152.96700 116.14400 8.97689
C 154.02400 119.06500 9.21316
C 157.34500 119.67100 9.18694
H 152.64500 117.79600 10.76950
H 153.70700 120.81800 10.86480
H 155.86000 118.34000 10.70850
H 157.90100 115.91300 10.49530
H 154.72100 115.33700 10.45820
H 156.90300 121.30900 10.99300
C 161.61300 114.68800 8.99420
H 159.02800 118.89100 10.78710
C 159.46000 117.20300 9.00161
C 163.66000 120.92600 9.33178
C 164.80500 115.31000 9.14830
C 162.60000 117.76000 9.06887
C 160.48800 120.20200 9.22412
H 161.16800 116.50800 10.55730
H 162.24300 119.52400 10.75850
H 164.29200 117.07900 10.69440
C 140.12000 121.96900 9.54099
C 142.29400 127.97500 9.86658
C 144.41500 125.59600 9.80110
C 141.09800 125.01100 9.76084
C 143.36600 122.64100 9.59096
H 140.85000 126.76800 11.43820
H 139.76300 123.68000 11.32810
H 142.92200 124.33500 11.30770
H 143.99900 127.28200 11.55530
H 145.16400 121.94800 11.10180
C 139.22000 127.36900 9.73389
C 146.50900 123.31200 9.49926
C 149.79900 123.88800 9.53556
C 147.58700 126.30700 9.77680
C 150.88900 126.79900 9.70657
H 147.21700 127.92500 11.54460
H 146.22600 124.94500 11.32710
H 148.30900 122.60800 11.03040
H 151.56000 123.13900 11.06590
H 149.39600 125.61400 11.25510
C 158.30000 122.55800 9.40168
C 157.34100 127.98100 9.57672
C 153.13400 124.34300 9.63796
C 156.20700 125.01100 9.55682
C 155.19300 122.15700 9.43348
C 154.03500 127.36300 9.66633
H 152.64300 126.12300 11.33290
H 154.80100 123.76100 11.21970
H 155.87700 126.77500 11.18340
H 158.02100 124.31300 11.10160
H 159.07500 127.38200 11.26560
C 159.48300 125.59500 9.58288
C 164.80000 123.79900 9.61021
C 162.61500 126.14600 9.68698
C 161.63600 123.13800 9.48634
H 162.21800 127.91700 11.32600
H 161.17400 124.86900 11.19430
H 160.11900 121.91800 10.91800
H 164.41000 125.56400 11.27580
H 163.37200 122.51000 11.20550
C 141.39400 133.28000 9.78682
C 144.54100 133.99300 9.91586
H 143.07500 132.73500 11.45750
C 143.46300 130.89400 9.89101
C 140.25600 130.27000 9.81805
H 145.20500 130.34900 11.59950
H 139.82800 132.16200 11.31670
H 141.96300 129.75400 11.48960
C 145.36700 128.53300 9.97585
C 148.60100 129.23200 10.00510
H 149.43800 133.93200 11.48170
C 147.68900 134.50700 9.89823
C 146.59800 131.51600 9.97425
C 149.72300 132.08000 9.92461
C 151.88900 129.81000 9.76729
H 151.56600 131.55900 11.44650
H 146.27200 133.38500 11.52730
H 148.33800 130.98000 11.63670
H 150.53500 128.58600 11.40940
C 152.95900 132.72100 9.77304
C 155.08700 130.33000 9.62778
C 158.31500 131.02600 9.66222
C 156.21800 133.36500 9.70800
H 152.58900 134.50800 11.47720
H 153.73200 129.14900 11.30080
H 154.82200 132.14500 11.25290
H 156.88500 129.75800 11.17880
H 157.93600 132.77900 11.33490
C 159.38800 133.92500 9.77392
H 163.24400 130.96300 11.34970
C 162.47300 134.61500 9.89722
H 161.04700 133.37700 11.46220
H 164.30200 133.97600 11.44450
H 160.06500 130.40200 11.25520
C 160.52300 128.59200 9.68937
C 163.68500 129.11400 9.78076
C 161.50200 131.67100 9.72932
C 164.77000 132.17500 9.79200
C 142.22000 102.82500 11.90270
C 140.22600 104.97600 11.85050
C 143.30300 105.67700 11.80030
C 138.99000 102.08100 11.97350
C 145.50800 103.32000 11.82020
C 150.80500 101.44000 11.86180
C 148.64400 103.84100 11.82930
C 146.52700 106.19800 11.85810
C 149.66000 106.86500 11.91080
C 151.87200 104.47500 11.99010
C 154.06300 101.99000 12.03560
C 157.29200 102.62100 11.99770
C 155.25300 105.08900 12.00390
C 152.94200 107.49300 11.94590
C 158.30800 105.69700 12.02090
C 160.30500 103.31700 12.09600
C 163.58600 103.77600 12.28450
C 161.41600 106.21900 12.14510
C 164.58500 106.90000 12.37450
C 141.12900 107.98200 11.99550
C 144.42100 108.55500 11.92500
C 142.34200 111.08900 12.15970
C 140.08800 113.49200 12.26020
C 143.46400 114.11100 12.12470
C 139.00700 110.47100 12.18670
C 145.56100 111.66900 12.04280
C 147.64100 109.21300 11.97930
C 148.71300 112.27000 12.11730
C 150.80300 109.83500 11.98740
C 151.92000 112.88800 12.03420
C 146.59700 114.59900 12.08830
C 156.14900 108.09900 11.97260
C 153.98600 110.39400 11.96340
C 157.14100 111.05100 12.02350
C 158.24000 114.07900 12.16650
C 155.04100 113.45800 12.00560
C 159.24100 108.73900 12.05980
C 162.51100 109.24200 12.25020
C 160.35000 111.71600 12.22170
C 163.57100 112.40300 12.29840
C 161.53000 114.71000 12.23120
C 141.41100 116.44500 12.32090
C 144.47600 117.00200 12.23260
C 142.31800 119.42400 12.52300
C 139.16700 118.82100 12.54280
C 145.43600 119.95200 12.53900
C 147.63200 117.57700 12.31240
C 149.88300 115.21400 12.16410
C 150.93000 118.23100 12.35470
C 148.76100 120.68100 12.50230
C 151.97300 121.17500 12.48480
C 156.16200 116.34500 12.14060
C 153.00800 115.82900 12.19450
C 154.18700 118.87700 12.36490
C 157.27600 119.36000 12.46830
C 159.37200 116.98000 12.20570
C 164.64300 115.26000 12.29760
C 162.50000 117.60300 12.28720
C 160.50100 120.05400 12.42450
C 163.65800 120.49600 12.50260
C 140.20400 121.75700 12.77880
C 143.36800 122.39600 12.73600
C 141.17300 124.84100 12.96420
C 144.42200 125.32200 12.98730
C 142.21400 127.90600 13.11660
C 139.05700 127.22100 13.00260
C 149.83700 123.67700 12.69840
C 146.59200 122.96600 12.77400
C 150.82500 126.67000 12.95820
C 147.68100 125.99000 13.01590
C 152.95700 124.14100 12.84130
C 158.38400 122.35900 12.60960
C 156.30400 124.94100 12.79550
C 154.09600 127.27700 12.88980
C 157.32900 127.98900 12.84340
C 155.11000 121.73700 12.61020
C 161.50900 122.94400 12.68900
C 162.54300 126.00200 12.85390
C 164.85600 123.64200 12.81840
C 159.47000 125.46500 12.81070
C 140.10000 130.42700 13.00220
C 141.24100 133.37000 12.93000
C 144.45000 133.99200 13.05600
C 143.33600 130.93900 13.12010
C 145.46100 128.40100 13.16970
C 148.72400 129.11100 13.09870
C 147.71800 134.60100 13.09620
C 152.04600 129.72900 12.99570
C 149.92100 132.12000 13.11850
C 146.58000 131.61700 13.20690
C 158.30900 130.91300 12.85380
C 156.15500 133.30800 12.94290
C 155.21600 130.34200 12.86090
C 153.16300 132.60600 12.98110
C 162.50000 134.54300 13.05310
C 164.64200 132.13400 13.03900
C 161.48700 131.47900 12.96960
C 159.26900 133.96500 12.99740
C 160.46100 128.61800 12.89710
C 163.45900 128.97200 12.90510
C 166.80700 3.16912 9.82190
C 168.94800 0.69473 9.78679
C 169.96800 3.68817 9.82308
C 167.67200 6.11792 9.90339
H 166.40500 4.88834 11.60810
H 169.55200 5.51554 11.37080
H 168.55700 2.48838 11.44000
H 170.66900 0.05847 11.40250
C 165.76800 0.00929 9.77463
H 171.71500 3.08567 11.42380
H 165.37300 1.87469 11.35440
C 172.11300 1.24909 9.84661
C 173.11900 4.28070 9.77381
C 175.22500 1.84532 9.82783
C 176.36400 5.00530 9.87598
H 174.87300 3.74997 11.41100
H 173.82000 0.67210 11.50580
H 178.17400 4.32977 11.35510
H 172.79900 6.11246 11.42710
H 177.05000 1.33414 11.43600
C 178.45300 2.48500 9.75321
C 181.77600 3.06231 9.81511
C 179.67900 5.52611 9.77291
C 183.79600 0.72299 9.88617
C 184.92700 3.62701 9.86782
C 182.82700 6.10283 9.83079
C 180.65800 -0.00123 9.84906
H 184.58700 5.51106 11.46730
H 183.48500 2.56812 11.51880
H 181.38000 4.92533 11.38720
H 180.24600 1.89400 11.35040
C 187.10500 1.28638 9.91230
C 188.21400 4.26682 10.00570
C 190.23800 1.98926 9.94498
C 191.35900 4.93367 10.04560
H 187.84100 6.13202 11.58030
H 188.84100 0.81099 11.53380
H 185.55600 0.13019 11.53850
H 189.91400 3.73721 11.64200
H 186.68200 3.12151 11.50600
C 171.04300 6.67812 9.78581
C 165.74500 8.41574 9.72188
C 166.73100 11.45020 9.54899
C 170.02000 12.04910 9.48833
C 168.79700 9.10017 9.70061
H 168.50400 10.98240 11.20200
H 167.44700 7.99843 11.52840
H 170.56800 8.50463 11.36540
H 171.74100 11.50580 11.22740
H 165.19100 10.38160 11.08550
C 172.14400 9.55621 9.75547
C 174.31400 7.24195 9.84856
C 177.42000 7.89584 9.89196
C 173.25900 12.64520 9.59810
C 175.38200 10.20610 9.74615
H 177.11500 9.74842 11.47640
H 174.97200 12.09830 11.29150
H 176.05800 6.75165 11.58670
H 173.89800 9.11486 11.42780
H 178.16900 12.80600 11.43410
C 178.57500 10.96820 9.90108
C 181.78900 11.68290 9.91278
C 180.72800 8.59304 9.83412
C 184.95100 12.17330 9.75027
C 184.00000 9.12725 9.79057
H 179.28600 7.36573 11.42390
H 182.51500 7.98864 11.46070
H 183.61600 10.92060 11.44110
H 180.34800 10.38060 11.47200
C 186.09900 6.61176 9.88953
C 189.30000 7.27762 10.01450
C 188.18700 12.80110 9.73930
C 187.12800 9.76311 9.85974
C 190.28200 10.31110 9.78990
H 189.87200 12.14270 11.43860
H 186.77800 11.65690 11.37880
H 191.00900 6.72440 11.63860
H 188.92200 9.19568 11.53130
H 185.73300 8.56769 11.44740
H 166.36700 13.32780 11.08520
H 165.50100 18.69840 11.05440
C 171.16400 15.15840 9.45944
C 167.82600 14.50300 9.46839
C 168.92900 17.50370 9.46098
C 165.79200 16.85410 9.48922
H 168.63600 19.34600 11.05840
H 169.66600 13.91520 10.99530
H 167.53400 16.28870 11.07760
H 170.76800 16.97700 11.01160
H 171.81300 19.98030 11.13320
C 166.88900 19.87650 9.43435
C 176.45300 13.27390 9.73644
C 172.17900 18.23110 9.46581
C 174.32300 15.66170 9.53480
C 177.47500 16.28550 9.77566
C 175.44300 18.78420 9.60063
H 172.82100 14.51740 11.14320
H 173.90900 17.54310 11.11170
H 177.16600 18.20640 11.27640
H 175.99000 15.12860 11.34080
H 181.34200 13.33580 11.37310
C 178.72800 19.39100 9.74485
C 179.55700 13.94400 9.79942
C 182.82900 14.50210 9.81733
C 180.71200 17.04630 9.83263
C 183.87300 17.65000 9.75312
H 182.54300 16.39730 11.37530
H 183.56700 19.40630 11.47510
H 179.27400 15.80290 11.46170
H 180.38900 18.79630 11.43530
H 184.66700 14.02350 11.37560
C 181.76600 20.06260 9.82382
C 191.34900 13.27920 9.80598
C 189.37400 15.82160 9.72610
C 186.09200 15.23120 9.71360
C 187.11400 18.31080 9.68589
C 190.38700 18.87260 9.72057
H 185.70100 17.06820 11.30570
H 191.07600 15.19030 11.47890
H 188.85700 17.69230 11.24230
H 187.84800 14.68620 11.29340
H 186.72700 20.11030 11.39080
C 170.11000 20.50590 9.48531
C 168.14300 22.89910 9.41936
C 171.10900 23.48200 9.44943
C 168.93100 26.03470 9.41051
H 169.71500 22.29490 11.14650
H 167.57800 24.76340 10.94920
C 165.82000 25.51050 9.36542
H 170.71000 25.35550 10.94770
H 166.59700 21.78810 10.95070
C 172.07500 26.62840 9.37937
C 177.46200 24.75120 9.59031
C 174.31900 24.12230 9.47261
C 176.51400 21.73610 9.56736
C 173.23600 21.18620 9.53323
H 177.01800 26.63340 11.12230
H 172.86700 22.97300 11.07290
H 173.86500 25.98870 10.95820
H 176.03100 23.56050 11.14230
H 174.98000 20.61730 11.15200
H 178.18000 21.26630 11.29320
C 179.65600 22.44660 9.69549
C 180.69400 25.50530 9.78766
C 183.81300 26.13240 9.86396
C 182.81400 23.14300 9.83719
C 184.85700 20.71340 9.85177
H 179.17600 24.22590 11.29620
H 182.38800 24.86580 11.42850
H 184.52900 22.48210 11.53140
H 181.37300 21.84720 11.42660
C 187.05400 26.77110 10.01990
C 188.11700 21.38200 9.78653
C 186.00500 23.66940 9.90851
C 189.26000 24.45210 9.95090
C 191.42400 22.01110 9.86978
H 185.60300 25.46630 11.47320
H 187.82500 23.14040 11.44500
H 188.79300 26.15840 11.62680
H 190.92500 23.73090 11.54030
H 189.95300 20.71480 11.33370
H 165.46100 27.26820 11.05960
H 171.67500 28.43810 11.04620
C 167.90800 31.43900 9.47505
C 169.93500 28.99020 9.50284
C 171.03000 31.98570 9.44146
C 166.95900 28.55760 9.53765
H 168.58500 27.77360 11.16290
H 169.58800 30.84940 11.08670
H 167.52000 33.24420 11.11210
H 166.47300 30.30230 11.16190
H 174.91800 29.09560 11.03130
C 174.34000 32.60430 9.43642
C 173.18400 29.60960 9.45812
C 175.30400 27.28060 9.44711
C 176.54600 30.27790 9.54590
C 177.55800 33.16970 9.63137
H 175.99100 32.04770 11.13380
H 178.16900 29.63630 11.27910
H 172.82600 31.43400 11.02530
C 178.58100 27.80320 9.65975
H 179.16600 32.64330 11.35150
C 182.83000 31.47110 9.84956
C 181.81100 28.41500 9.91344
C 179.67700 30.83430 9.76278
H 184.48800 30.88620 11.55050
H 182.37400 33.27550 11.47000
H 180.21100 27.31410 11.46920
H 181.37100 30.30480 11.40600
H 183.50000 27.88460 11.57500
C 184.94000 29.07850 9.99661
H 190.91800 32.10160 11.77550
C 190.19700 27.32970 9.99785
H 189.82500 29.09500 11.62000
H 186.60500 28.51920 11.67020
C 185.95600 32.14780 10.03130
C 191.22800 30.36870 10.03070
H 187.66200 31.45470 11.66220
C 189.11000 32.51700 10.08770
C 188.00200 29.69410 10.05560
C 166.80400 2.95010 13.05180
C 168.91600 0.66171 13.01490
C 169.93700 3.73564 13.01470
C 167.87100 6.11806 13.08230
C 165.77200 0.02600 13.04020
C 171.99800 1.28302 13.05560
C 173.11600 4.25334 13.04490
C 175.25800 1.92794 13.05170
C 176.40700 4.97290 13.02100
C 178.55000 2.54123 13.02260
C 183.78900 0.71995 13.10530
C 184.89600 3.71229 13.13720
C 179.57200 5.52747 13.02510
C 181.59800 3.05652 13.02160
C 182.79800 6.12945 13.04910
C 180.63400 0.11383 13.06740
C 191.35400 4.85888 13.22900
C 188.07800 4.27071 13.20670
C 187.07200 1.30916 13.11720
C 190.23100 1.92912 13.19510
C 170.99900 6.71064 12.96720
C 166.61100 11.52400 12.75010
C 168.87900 9.23046 13.03710
C 169.88600 12.19250 12.77140
C 165.60000 8.69515 12.88740
C 172.00900 9.74212 12.91300
C 173.18500 12.75600 12.85960
C 174.11700 7.27755 13.09160
C 177.56500 8.01132 13.12680
C 175.33600 10.39780 13.01410
C 178.53000 11.02170 13.02790
C 181.77300 11.52940 13.02980
C 180.68900 8.59940 13.05280
C 183.94200 9.09053 13.09630
C 185.04400 12.18190 13.00540
C 185.99700 6.73820 13.05190
C 189.22900 7.38183 13.16670
C 187.09200 9.83009 13.03200
C 190.37800 10.39700 13.09800
C 188.17300 12.98920 13.00200
C 165.82300 16.89390 12.70240
C 167.90400 14.50870 12.63900
C 170.95600 15.15300 12.63850
C 168.90000 17.47380 12.58810
C 166.80800 20.02530 12.64710
C 176.35000 13.33580 12.94140
C 172.07800 18.13870 12.70190
C 174.16900 15.75920 12.81840
C 177.38000 16.38100 12.95170
C 175.29700 18.76700 12.76870
C 178.59300 19.43910 12.90530
C 179.59700 13.91480 13.03620
C 182.83600 14.50640 12.94290
C 180.79700 16.95320 13.02830
C 183.99100 17.47850 13.00540
C 181.74800 20.04380 13.06310
C 191.34000 13.29500 13.02710
C 189.23600 15.90110 12.93710
C 186.07000 15.34770 12.94560
C 187.16100 18.23750 12.93820
C 190.32200 18.82400 12.90000
C 165.83100 25.36360 12.53250
C 170.00900 20.45720 12.72830
C 167.91000 23.01890 12.62590
C 171.12800 23.61000 12.65170
C 168.97500 25.92790 12.64210
C 172.10300 26.59300 12.60160
C 173.19200 21.22330 12.74240
C 176.33700 21.80660 12.83620
C 174.20800 24.25730 12.66660
C 177.26000 24.85640 12.77330
C 185.01100 20.60450 13.09220
C 179.56500 22.47230 12.97570
C 180.50600 25.38150 12.99770
C 183.82700 26.04190 13.06470
C 182.68700 23.06840 13.10470
C 191.28100 21.85970 13.06850
C 186.05900 23.64950 13.06660
C 189.17100 24.28730 13.15770
C 186.88900 26.66500 13.16630
C 188.23200 21.28900 12.97830
C 169.97800 29.06790 12.72860
C 166.83500 28.47930 12.73170
C 167.93300 31.50010 12.75220
C 171.09600 31.99820 12.63460
C 177.35300 33.26930 12.77430
C 175.19400 27.25110 12.63430
C 176.30200 30.24660 12.75040
C 173.11100 29.60620 12.64110
C 174.15000 32.65200 12.69320
C 178.28100 27.84770 12.91170
C 182.70400 31.45670 13.09890
C 184.78600 29.12240 13.21460
C 181.63600 28.51840 13.08270
C 179.55000 30.89620 12.93820
C 189.10500 32.56690 13.28810
C 191.36700 30.19960 13.22020
C 188.05000 29.65070 13.28580
C 185.87700 32.10160 13.18820
C 190.24700 27.23820 13.23640
C 166.65800 36.77620 9.34193
C 168.92300 34.39200 9.43758
C 169.90200 37.37290 9.28460
C 167.79600 39.72430 9.25288
C 165.68800 33.67450 9.54274
H 171.68100 36.87870 10.94540
H 168.45500 36.27710 10.96440
H 166.31200 38.61860 10.91320
H 169.61100 39.28390 10.83160
H 170.71000 33.82590 10.97550
H 165.29000 35.58880 10.95220
C 172.15300 34.95500 9.38400
C 173.18600 38.00970 9.43718
C 175.27700 35.70410 9.47540
C 176.35300 38.65960 9.52856
H 173.86300 34.42720 11.03470
H 178.00800 38.06460 11.25810
H 172.76200 39.92500 10.92620
H 176.95400 35.03400 11.11670
H 174.88100 37.48350 11.11950
C 178.46100 36.23240 9.64778
C 181.72900 36.91580 9.78410
C 179.51900 39.29260 9.75923
C 183.76300 34.54210 9.93441
C 184.89200 37.57760 9.87566
C 182.71500 39.85650 9.83782
C 180.64900 33.78910 9.80120
H 180.18000 35.68480 11.32430
H 184.52100 39.36820 11.51920
H 181.20300 38.70960 11.39930
H 183.46300 36.38870 11.55470
C 187.02000 35.05280 10.00110
C 188.05600 38.11750 9.87602
C 190.17700 35.60360 10.03330
C 191.32100 38.75140 9.93913
H 185.51500 33.91290 11.55080
H 189.81000 37.56550 11.50100
H 187.65100 39.93780 11.50080
H 186.63800 36.94320 11.52270
H 188.74900 34.41490 11.66210
C 171.11000 40.39540 9.26128
C 165.67100 42.14200 9.17772
C 168.92100 42.78490 9.06404
C 166.78500 45.19440 9.04188
C 170.02800 45.79680 8.99955
H 171.73600 45.31610 10.71470
H 170.66300 42.31550 10.72640
H 168.52800 44.63380 10.64100
H 167.47200 41.68570 10.68380
H 165.34100 44.06460 10.66640
C 172.19500 43.43590 9.16859
H 175.97900 40.49520 11.11910
C 174.34900 41.05140 9.37626
C 177.56000 41.64500 9.59039
C 175.44400 43.95000 9.32744
C 173.29500 46.36190 9.07307
H 177.06400 43.47270 11.09620
H 175.01300 45.88410 10.79890
H 178.21100 46.45390 11.04030
H 173.85500 42.92220 10.89580
C 176.55100 47.09110 9.33150
C 178.53100 44.56040 9.51901
C 180.56300 42.25910 9.69703
C 183.79300 42.86500 9.68554
C 181.76600 45.18860 9.66003
H 180.25400 44.10800 11.26300
C 184.94100 45.94920 9.68074
H 179.12500 41.12940 11.37130
H 183.51800 44.70840 11.26690
H 182.34800 41.73250 11.33620
C 185.93900 40.44130 9.82408
C 189.13700 41.11730 9.92152
C 187.02300 43.54000 9.87787
C 190.25700 44.01350 9.87074
C 188.05200 46.52630 9.75379
H 188.77600 42.92720 11.48020
H 190.95500 40.57390 11.57420
H 186.64400 45.42860 11.43300
H 185.55100 42.31300 11.37860
H 189.83200 45.91470 11.41820
H 166.44600 47.08850 10.59710
C 171.16500 48.87840 9.00298
C 167.81000 48.34190 8.97802
C 169.03900 51.39340 8.96996
C 165.76800 50.79710 9.01480
H 170.77200 50.72630 10.63980
H 168.66600 53.22060 10.57840
H 167.56900 50.19710 10.58880
H 169.62500 47.72250 10.55230
H 171.86000 53.79140 10.62590
C 166.85900 53.75330 8.99634
H 165.44300 52.65400 10.68420
C 172.29400 51.92170 9.06900
C 174.43100 49.53700 9.13094
C 177.48400 50.08970 9.29007
C 175.48000 52.58680 9.22013
H 173.96100 51.35440 10.76220
H 172.92700 48.25340 10.61700
H 176.04800 48.90760 10.89070
H 177.15300 51.92050 10.82920
C 178.59100 53.18660 9.30087
C 179.67100 47.63200 9.40740
C 182.87300 48.28490 9.57550
C 180.80600 50.70110 9.45910
C 183.92400 51.27860 9.60205
H 179.23900 49.50290 10.90530
H 181.36100 47.10900 11.12150
H 180.28600 52.53790 10.91110
C 181.70800 53.82850 9.38868
H 182.43200 50.07850 11.17640
H 183.38000 53.11640 11.06050
H 184.54800 47.76960 11.26530
C 191.25200 47.14290 9.85753
C 189.22000 49.59250 9.83524
C 185.98700 49.01040 9.75082
C 187.06100 51.90890 9.77720
C 190.25100 52.51960 9.91763
H 185.57700 50.77760 11.37170
H 188.75100 51.33800 11.49550
H 187.78000 48.36890 11.31010
H 190.92500 48.94840 11.56090
H 186.62800 53.77860 11.23960
C 165.83700 59.14560 8.91874
C 170.16400 54.36800 8.99245
C 168.03900 56.73180 8.98760
C 171.30300 57.33600 9.02087
C 169.00500 59.83270 8.83030
H 169.78100 56.19330 10.59390
H 166.58800 55.61690 10.62040
H 167.65800 58.63350 10.53050
H 170.77600 59.21300 10.45430
C 172.26000 60.45810 8.97543
C 177.45800 58.57290 9.40637
C 176.45000 55.65200 9.32168
C 174.40000 57.96570 9.29723
C 173.33800 55.04630 9.13488
H 173.91600 59.84860 10.70900
H 175.04000 54.39670 10.80440
H 176.07500 57.39190 11.01800
H 172.89500 56.78780 10.83270
H 177.10200 60.43880 10.97340
H 178.13500 54.90870 10.94990
C 183.79600 59.85980 9.64584
C 182.68800 56.83250 9.48404
C 179.48700 56.20950 9.36066
C 180.68100 59.18940 9.56167
C 184.87200 54.25970 9.54539
H 179.17800 57.97410 11.04040
H 181.25500 55.58180 10.96940
H 182.40300 58.58640 11.24070
H 184.45100 56.15170 11.12500
C 188.12600 54.94780 9.70701
C 185.91800 57.37350 9.68151
C 189.29600 57.99450 9.75585
C 191.18900 55.67890 9.86173
C 187.00300 60.45000 9.74909
H 185.53800 59.23630 11.33520
H 187.73600 56.80080 11.25930
H 189.81700 54.35980 11.43900
H 190.86000 57.46910 11.54630
H 188.73600 59.78580 11.34100
H 165.40400 61.03530 10.47110
C 171.21500 65.95270 8.87399
C 167.93700 65.35150 8.71972
C 170.09700 62.89180 8.85181
C 166.78400 62.15530 8.76632
H 171.71500 62.20580 10.59960
H 166.40800 64.14160 10.17900
H 168.56000 61.68940 10.36190
H 167.53500 67.15190 10.34850
H 169.64400 64.75140 10.42870
H 178.21400 63.41410 11.12240
C 176.54300 63.98820 9.41895
C 175.47800 61.05080 9.21407
C 173.31200 63.38100 9.11909
H 172.82800 65.29160 10.54170
H 174.97700 62.82320 10.86700
C 174.43100 66.47130 9.16333
C 177.58100 67.05510 9.46020
H 176.01800 65.85610 10.96330
C 184.93100 62.89060 9.68447
C 178.63900 61.64210 9.46998
H 183.47200 61.64490 11.29740
H 179.25900 66.43410 11.14420
H 182.43000 67.04740 11.11890
H 181.30000 64.06950 11.31900
H 184.57500 64.67200 11.33950
C 181.77900 62.31070 9.65099
C 182.83100 65.12400 9.68250
C 179.64400 64.61790 9.54877
H 180.30300 61.00980 11.22190
H 186.66600 62.33460 11.26240
C 191.12700 63.80360 9.79226
C 188.13800 63.45380 9.80619
C 190.22200 61.00460 9.86228
H 190.95400 65.78710 11.25980
H 189.76400 62.76920 11.55380
C 186.04300 65.86140 9.68286
C 189.16100 66.34670 9.62372
H 187.74500 65.34420 11.35490
C 166.71300 36.80530 12.55280
C 169.00500 34.50410 12.59330
C 169.90900 37.53420 12.52490
C 167.78500 39.92680 12.36370
C 165.67700 33.81210 12.62710
C 172.08300 35.09660 12.57220
C 172.98800 38.15600 12.58530
C 175.19600 35.65150 12.67990
C 176.22600 38.63350 12.78740
C 178.27300 36.17860 12.85580
C 181.55800 36.86400 13.02300
C 179.37600 39.28810 12.93990
C 183.71400 34.46320 13.15830
C 184.86100 37.51710 13.15960
C 182.59600 39.90250 12.97960
C 180.54200 33.83400 12.97120
C 186.92000 35.09260 13.15180
C 188.05400 38.19110 13.14260
C 190.03200 35.74390 13.23910
C 191.26700 38.75110 13.18350
C 170.91400 40.61750 12.43840
C 165.74300 42.24260 12.33200
C 168.88500 42.86620 12.29600
C 166.75800 45.30190 12.25630
C 169.89600 45.95540 12.26900
C 171.98100 43.54870 12.39430
C 174.10200 41.16760 12.61220
C 177.27700 41.74230 12.82750
C 175.18200 44.16000 12.53920
C 173.19900 46.50990 12.33850
C 178.43100 44.68240 12.74820
C 180.59100 42.39930 12.92760
C 183.74900 42.94850 12.95580
C 181.72500 45.36980 12.80390
C 184.78400 46.00600 12.96080
C 185.88900 40.59770 13.15500
C 189.09800 41.10840 13.10390
C 186.91800 43.56430 12.94900
C 190.20200 44.09380 13.04060
C 188.14000 46.61060 12.99190
C 165.81400 50.77670 12.26980
C 171.16300 48.80130 12.18820
C 167.83600 48.37440 12.17450
C 168.99800 51.40390 12.21740
C 166.98200 53.75110 12.26250
C 172.11900 52.01620 12.29610
C 176.32500 47.08140 12.49680
C 174.23200 49.48380 12.38290
C 177.42400 50.15080 12.46360
C 175.37400 52.54000 12.40050
C 178.50200 53.08770 12.48860
C 179.55200 47.77240 12.64650
C 182.70700 48.29660 12.83570
C 180.60000 50.73360 12.59480
C 183.73700 51.43410 12.80820
C 181.55200 53.76080 12.59640
C 191.25800 47.05920 13.04430
C 189.09200 49.52730 13.06430
C 185.99500 48.91250 12.88650
C 186.90600 52.04500 12.99110
C 190.09100 52.53160 13.14590
C 165.83300 59.25410 12.09750
C 170.08100 54.38120 12.20900
C 168.01500 56.85270 12.19650
C 171.03900 57.50830 12.21130
C 169.01700 59.91160 12.04880
C 174.22700 58.06510 12.43290
C 177.40700 58.68340 12.62300
C 176.40200 55.48520 12.53810
C 173.24700 54.93030 12.36580
C 172.01000 60.36260 12.24190
C 183.74600 59.78780 12.92080
C 179.48200 56.07370 12.56460
C 182.57400 56.66060 12.71070
C 180.52100 59.08760 12.74230
C 184.73000 54.31050 12.74770
C 186.93700 60.45660 12.87650
C 189.00500 58.02350 12.98090
C 187.99900 54.93080 12.93260
C 185.87600 57.31310 12.78030
C 191.27300 55.56730 13.04110
C 166.80100 62.45400 11.94760
C 169.88100 62.94480 12.10730
C 167.72000 65.41260 11.89310
C 170.96500 65.94670 12.11430
C 177.36600 66.96670 12.61940
C 173.10300 63.41860 12.25930
C 175.24300 60.99740 12.49850
C 174.05900 66.41790 12.39390
C 176.34200 64.03870 12.57520
C 178.42200 61.55090 12.70210
C 182.72900 65.29340 12.88200
C 184.84100 62.87120 12.89330
C 179.47300 64.65620 12.83100
C 181.64600 62.19180 12.85290
C 187.95800 63.52840 12.99500
C 191.29500 64.02280 12.98160
C 189.21100 66.58450 12.84660
C 185.92200 65.94760 12.91220
C 190.09700 60.86950 13.09720
C 166.87500 70.78060 8.68748
C 169.01900 68.27190 8.74912
C 170.16300 71.25600 8.80090
C 167.92600 73.73370 8.70895
C 165.85600 67.65010 8.67281
H 166.52000 72.53800 10.37600
H 169.73600 73.15150 10.32910
H 171.73600 70.67720 10.60460
H 170.70000 67.74030 10.49650
H 168.60400 70.12110 10.28540
H 165.43300 69.49140 10.20720
C 172.38500 68.84160 9.06657
C 173.26200 71.82320 9.01870
C 175.38800 69.43350 9.25879
C 176.47500 72.45020 9.24818
H 178.20000 71.90070 10.96510
H 174.95100 71.29450 10.78440
H 173.90500 68.25780 10.83360
H 172.93600 73.79240 10.45690
H 177.08100 68.86830 11.03870
C 178.50300 70.05770 9.37457
C 180.62900 67.59910 9.49605
C 181.83900 70.69950 9.43672
C 179.72000 73.07470 9.45719
C 183.96000 68.19820 9.54491
C 184.98000 71.35770 9.52610
C 182.85200 73.68900 9.51207
H 180.30300 69.46700 10.98610
H 184.61300 73.11920 11.17580
H 181.42900 72.45590 11.12280
H 183.56300 70.06850 11.04090
C 187.08900 68.86330 9.52069
C 188.09000 71.90790 9.44409
C 190.33200 69.42310 9.49415
C 191.18800 72.45590 9.38392
H 189.86500 71.29350 10.99130
H 186.74700 70.65740 11.14650
H 187.83600 73.69450 11.15250
H 185.73300 67.70120 11.21410
H 188.89100 68.29250 11.10100
C 171.24800 74.33510 8.77179
C 166.90900 79.24970 8.83264
C 170.14800 79.82510 8.92286
C 169.03200 76.81000 8.78273
C 165.84200 76.20270 8.73122
H 170.79500 76.22100 10.38590
H 171.83700 79.24330 10.58400
H 168.62500 78.58920 10.44020
H 167.59900 75.54730 10.34240
H 165.52100 78.02250 10.38590
C 172.41700 77.48990 8.98318
H 176.09900 74.35440 10.79770
C 174.52100 75.09300 9.06380
C 177.72600 75.59570 9.40476
C 173.42200 80.49240 9.12563
C 175.46100 78.06540 9.27310
H 178.26300 80.34390 11.24990
H 174.96600 79.79530 10.91490
H 177.16500 77.41350 11.00070
H 173.98500 76.78970 10.80530
C 178.65200 78.64680 9.50153
C 181.86900 79.18830 9.57268
C 180.66200 76.14150 9.57459
C 183.90600 76.75140 9.48332
H 182.47100 75.48630 11.07970
H 183.56900 78.53340 11.20540
H 180.38000 77.94420 11.11110
H 179.28700 74.84790 11.10030
C 185.11200 79.75720 9.65581
C 186.05800 74.32270 9.51259
H 190.98300 74.33990 10.99650
C 189.12100 74.98910 9.55325
C 188.23400 80.33090 9.73402
C 187.17700 77.33250 9.60713
C 190.24400 78.00640 9.65614
H 185.66400 76.11140 11.06350
H 189.97900 79.78130 11.31550
H 188.86400 76.76170 11.22960
H 186.76200 79.12330 11.27870
H 166.47000 80.98850 10.47010
C 165.94500 84.52710 8.69950
C 171.26300 82.76440 9.13088
C 167.97400 82.13230 8.90227
C 169.04600 85.13130 8.95237
H 170.70900 84.58180 10.69250
H 169.64700 81.55200 10.58870
H 167.56400 83.96730 10.45230
H 168.65300 87.02890 10.53970
H 171.78100 87.62140 10.76940
H 165.40900 86.36830 10.26230
C 166.96900 87.59210 8.82310
C 176.62800 80.99600 9.58120
C 172.28200 85.81960 9.18902
C 174.48700 83.31430 9.35895
C 177.60400 83.96020 9.58924
C 175.44400 86.32530 9.33286
H 172.88700 82.16460 10.84650
H 176.11900 82.82190 11.16840
H 177.12800 85.81840 11.06650
H 173.94300 85.14670 10.84090
H 181.44400 80.97810 11.27460
C 178.67200 86.94400 9.48763
C 179.69200 81.57620 9.65703
C 182.94200 82.13080 9.70313
C 180.75700 84.51550 9.64707
C 183.94900 85.23420 9.66472
H 184.70100 81.54410 11.35970
H 182.59200 83.97250 11.31770
H 183.58600 86.97240 11.31890
H 179.29800 83.39950 11.25150
H 180.32700 86.34940 11.15750
C 181.86000 87.51490 9.66851
C 191.35700 80.93320 9.69651
C 189.21100 83.45900 9.79620
C 186.11200 82.73550 9.72258
C 187.16800 85.78220 9.71077
C 190.38300 86.37520 9.80799
H 191.04500 82.74750 11.32510
H 187.86600 82.15020 11.36870
H 185.67900 84.59180 11.28380
H 188.90500 85.14900 11.31980
H 186.79500 87.54570 11.31320
C 165.93900 92.96790 9.01492
C 170.13700 88.21090 9.04106
C 169.01400 93.62640 9.25204
C 171.27200 91.18160 9.30458
C 167.97600 90.60800 9.07515
H 170.71900 92.95310 10.87820
H 167.52000 92.34170 10.79790
H 169.65400 89.95070 10.73400
H 166.40600 89.34630 10.44850
C 172.25200 94.15240 9.39281
C 173.30800 88.88730 9.31127
C 176.47100 89.41520 9.34063
C 174.34500 91.88030 9.41009
C 177.61200 92.46890 9.51603
H 178.18900 88.79170 11.09660
H 176.08600 91.18960 10.96430
H 174.99200 88.16800 10.85230
H 173.92600 93.58970 11.09810
H 172.92300 90.60900 11.02180
H 177.06700 94.16880 11.22140
C 183.90000 93.58660 9.72698
C 185.04900 88.11790 9.74379
C 179.74000 89.95230 9.56262
C 182.97000 90.57550 9.74275
C 180.77500 93.09040 9.72430
H 182.45600 92.37310 11.36250
H 179.34300 91.76310 11.20690
H 181.38600 89.34560 11.24780
H 184.65500 89.93520 11.36240
C 186.97800 94.19640 9.78817
C 186.10000 91.15470 9.79336
C 188.24900 88.74310 9.80927
C 189.24600 91.69840 9.85802
C 191.37000 89.48160 9.92085
H 185.60000 92.95780 11.39590
H 191.01200 91.26950 11.60630
H 189.97400 88.14370 11.46280
H 187.77100 90.55410 11.45740
H 188.79500 93.60370 11.31770
C 170.12800 96.59780 9.31641
C 167.89300 99.07740 9.22259
C 171.18100 99.62570 9.37104
C 166.95900 96.10520 9.16130
H 168.57400 95.39540 10.89860
H 171.77800 95.98870 10.93490
H 166.44800 97.85350 10.78380
H 169.62700 98.44160 10.86290
H 167.52800 100.89000 10.84050
H 165.44600 94.79890 10.62830
H 172.81700 99.02080 11.10840
H 176.08800 99.53020 11.24190
H 174.90100 96.57480 11.20340
H 178.21600 97.15690 11.39010
C 175.37600 94.84350 9.57478
C 174.39900 100.21000 9.60978
C 176.49200 97.66390 9.69197
C 177.58100 100.75600 9.80496
C 173.32800 97.32220 9.50908
C 178.54600 95.37790 9.73011
H 180.26100 94.78010 11.40800
H 183.54500 95.35100 11.40590
C 181.73800 95.97100 9.81678
C 184.99800 96.69540 9.88801
C 179.65400 98.37340 9.82079
C 182.86500 99.00060 9.92292
H 182.40900 100.75100 11.54880
H 181.41800 97.77930 11.45060
H 184.58800 98.43190 11.54760
H 179.24000 100.11200 11.53430
C 186.05900 99.58680 9.88046
C 190.28600 94.92340 9.87382
C 188.16900 97.19460 9.95095
C 191.28000 97.79580 10.00760
C 189.18100 100.24200 9.90578
H 186.69000 95.99170 11.48770
H 189.86700 96.62730 11.63250
H 187.76800 99.01770 11.52250
H 190.95300 99.64790 11.59550
C 166.77800 70.63260 11.88540
C 168.83800 68.37610 12.00980
C 169.84500 71.36750 11.97630
C 167.89000 73.72930 11.97820
C 165.70800 67.70000 11.86030
C 171.99000 68.90350 12.23570
C 173.02800 71.95880 12.18920
C 175.20600 69.55420 12.49790
C 176.32100 72.51520 12.41590
C 178.54200 70.05740 12.61000
C 180.61400 67.72930 12.71050
C 181.73600 70.71610 12.65550
C 179.61500 73.02270 12.66310
C 183.85200 68.25120 12.69910
C 184.94800 71.23510 12.72580
C 182.78800 73.62640 12.77560
C 187.24500 68.85470 12.77900
C 188.22500 71.86790 12.75660
C 190.30100 69.57030 12.59440
C 191.33200 72.47400 12.57880
C 171.05100 74.32150 11.97070
C 166.86200 79.20270 12.07540
C 168.99400 76.75620 12.01910
C 169.92000 79.78450 12.16130
C 165.83900 76.17020 11.95840
C 172.04100 77.38450 12.21950
C 174.22200 74.86620 12.33300
C 177.42300 75.54760 12.53240
C 175.31100 77.93110 12.52080
C 173.11900 80.30230 12.44940
C 178.63500 78.41370 12.73170
C 181.78100 79.05000 12.80540
C 180.74100 76.07720 12.68780
C 183.88600 76.68010 12.70840
C 184.95200 79.62560 12.93380
C 186.05400 74.34360 12.74830
C 189.30700 74.95000 12.73240
C 187.03000 77.16790 12.78860
C 188.20600 80.23630 12.92020
C 190.38700 77.88410 12.79360
C 165.62000 84.56200 11.87390
C 167.83000 82.17030 12.12950
C 170.95300 82.76490 12.29590
C 168.81700 85.20280 12.16070
C 166.73200 87.50900 11.97550
C 176.31100 80.96290 12.69760
C 172.07200 85.72970 12.32780
C 174.16400 83.40320 12.55370
C 177.48400 84.11220 12.77890
C 175.24900 86.41610 12.51020
C 178.51200 86.97130 12.75930
C 179.63600 81.57890 12.86730
C 182.82100 82.15000 12.92250
C 180.71900 84.55380 12.82280
C 184.01700 85.23170 12.97650
C 181.75400 87.53810 12.79640
C 191.45600 80.92870 12.95510
C 189.32300 83.32010 12.94090
C 186.09800 82.77410 12.94050
C 190.31000 86.26390 13.01560
C 187.11600 85.68590 12.90840
C 165.54800 92.91000 12.19500
C 168.93400 93.50710 12.48720
C 169.96200 88.09830 12.28900
C 170.97100 91.08020 12.47190
C 167.76700 90.32570 12.25030
C 172.05100 94.19150 12.57190
C 173.18000 88.74890 12.44720
C 177.50600 92.24770 12.72220
C 174.33500 91.83800 12.64900
C 176.29000 89.33500 12.57280
C 183.87900 93.50150 13.02740
C 182.77600 90.51800 12.90790
C 179.58100 89.92260 12.82490
C 185.01000 88.13090 12.92280
C 180.70700 92.87740 12.95290
C 191.21500 89.39780 13.16730
C 189.10600 91.83640 13.02740
C 185.97900 91.12740 13.01580
C 187.05700 94.17070 13.03090
C 188.11800 88.67970 13.02350
C 170.92900 99.63370 12.60340
C 167.80400 99.04280 12.41340
C 169.97500 96.62430 12.52010
C 166.72700 95.97090 12.38270
C 177.35300 100.59400 13.05500
C 175.23300 94.73640 12.79950
C 174.21500 100.10700 12.77380
C 176.32000 97.65560 12.87480
C 173.05700 97.13150 12.70440
C 178.44000 95.28590 12.94620
C 182.75500 98.90170 13.13800
C 181.72900 95.92110 13.00180
C 184.88300 96.62130 13.07060
C 179.61100 98.25900 13.09720
C 189.11700 100.27600 13.14270
C 190.19700 94.67180 13.03350
C 188.09200 97.17870 13.16200
C 186.01800 99.62400 13.15680
C 191.27500 97.76840 13.24850
C 166.98200 104.56000 9.21175
C 168.99800 102.07800 9.28350
C 170.09100 105.11600 9.42517
C 168.07500 107.42600 9.31850
C 165.85100 101.38700 9.18196
H 170.74300 101.45700 10.91350
H 168.59600 103.87600 10.93540
H 166.44400 106.31500 10.88820
H 169.65400 106.86800 11.04050
H 171.80000 104.51100 11.10100
H 165.47500 103.24700 10.70250
C 172.30800 102.67700 9.47763
C 173.38200 105.77600 9.65696
C 175.48500 103.23600 9.82800
C 176.59000 106.28700 9.94824
H 178.21600 105.63300 11.73260
H 173.95200 102.04500 11.23430
H 177.17000 102.50900 11.50500
H 174.97400 105.08600 11.45700
H 172.79400 107.50800 11.28730
C 178.52600 103.81300 10.00730
C 181.68700 104.38200 9.97594
C 179.58000 106.77300 10.07310
C 183.81300 101.93700 9.96201
C 184.87800 104.99200 9.99372
C 182.82800 107.43400 10.04660
C 180.65700 101.40900 9.98818
H 180.31200 103.20500 11.64320
H 184.58200 106.82600 11.64060
H 181.40600 106.20100 11.61940
H 183.45800 103.78200 11.54570
C 187.03000 102.70200 9.92141
C 188.09200 105.58900 9.96298
C 190.25500 103.31000 9.89656
C 191.46900 106.33700 9.98501
H 185.63800 101.42100 11.51600
H 186.67300 104.45100 11.61070
H 188.82900 102.10500 11.51660
C 171.16200 108.10800 9.56581
C 169.02600 110.41800 9.37470
C 166.89900 112.82200 9.22676
C 170.12000 113.44900 9.46888
C 165.85000 109.93400 9.21096
H 170.66900 109.90200 11.15520
H 167.52500 109.21500 10.87840
H 171.72200 112.87700 11.28260
H 168.54500 112.30400 10.91450
H 165.35800 111.74700 10.77750
C 172.23600 111.07700 9.64415
C 174.36600 108.68100 9.76701
C 177.57400 109.25700 9.99927
C 175.48000 111.63200 9.88920
C 173.16700 113.99800 9.64619
H 177.07100 111.01900 11.68040
H 176.01100 108.07300 11.51330
H 173.88600 110.50100 11.35930
H 174.85300 113.44300 11.32540
H 178.15800 113.99900 11.58970
C 178.56600 112.11500 9.99667
C 180.64100 109.74400 9.99800
C 183.84700 110.45000 10.04150
C 181.77400 112.80400 10.08570
H 179.22200 108.59800 11.68650
H 182.42900 109.23300 11.69480
H 180.27100 111.61400 11.58470
C 184.81400 113.38800 10.01440
C 186.01600 108.02600 10.02340
C 189.25000 108.68900 9.98031
C 187.03400 111.05800 9.98880
C 190.34200 111.71700 10.06160
C 188.19600 114.00100 10.03650
H 166.47700 114.69900 10.79600
H 165.42200 120.13300 10.82530
C 171.20400 116.46000 9.45111
C 167.94000 115.83600 9.19615
C 169.08800 118.96000 9.33924
C 165.74200 118.36400 9.11488
H 170.72600 118.31800 11.01660
H 167.44100 117.69800 10.75590
H 169.61300 115.32900 10.94130
H 168.71000 120.69800 11.02950
H 171.77500 121.33800 11.18520
C 166.97900 121.39700 9.40628
C 176.42600 114.51800 9.84540
C 172.27700 119.60800 9.59721
C 174.37100 117.05100 9.63017
C 177.57200 117.60100 9.89690
C 175.45100 120.05400 9.67360
H 173.97900 118.84800 11.26800
H 172.82700 115.89000 11.17420
H 176.01300 116.40100 11.39490
H 177.11100 119.45300 11.44580
C 178.67400 120.64700 9.86837
C 179.61900 115.17500 10.00510
C 182.82600 115.86000 10.06490
C 180.70500 118.24100 10.00950
C 183.88500 118.88800 10.03640
H 179.24400 117.04400 11.53990
C 181.78900 121.20700 10.01760
H 180.31200 120.07100 11.63150
C 191.41100 114.58200 10.10490
C 189.25500 117.08500 10.04450
C 185.92500 116.39600 10.06510
C 187.00900 119.47700 10.04230
C 190.34000 120.22300 10.09580
C 170.12000 122.03300 9.53712
C 168.04000 124.44500 9.65183
C 171.21700 124.98000 9.80005
C 169.02800 127.39300 9.76493
C 165.86800 126.81700 9.72529
H 166.56400 123.12800 11.09390
H 169.73500 123.71500 11.30770
H 167.57600 126.15500 11.32790
H 170.74500 126.77600 11.43150
C 172.25200 127.90200 9.88178
C 177.54600 126.18200 9.87729
C 176.51000 123.15500 9.69847
C 174.35500 125.53800 9.81325
C 173.34100 122.56900 9.72315
H 172.89500 124.29000 11.42170
H 175.05800 121.89900 11.27180
H 178.21700 122.50300 11.36150
H 173.94800 127.27300 11.50870
H 176.09000 124.91000 11.37600
H 177.17700 127.96600 11.48840
C 184.92900 121.94000 9.96078
C 183.96700 127.36500 9.96809
C 179.73800 123.79100 9.87120
C 180.67200 126.77000 9.92003
C 182.85000 124.32800 9.94910
H 179.28400 125.57600 11.53150
H 182.43300 126.18800 11.51460
H 181.41600 123.11300 11.54890
C 188.12100 122.71000 10.11100
C 191.35800 123.22900 10.07240
C 187.07500 128.02200 10.04970
C 189.23400 125.60900 10.10850
C 186.11700 124.98900 10.06780
H 165.45900 128.58600 11.42620
C 167.90500 132.69700 9.89229
C 170.20000 130.40100 9.90076
C 166.84300 129.77200 9.74838
C 171.09500 133.31200 9.84927
H 166.47600 131.52300 11.45500
H 168.62100 129.21200 11.31860
H 171.83600 129.66000 11.60840
H 167.52400 134.57400 11.41870
H 169.69500 132.22000 11.48440
H 175.06200 130.28200 11.60070
H 176.06100 133.26400 11.57150
H 172.83600 132.74500 11.59860
C 173.28500 130.91000 10.03920
C 174.28100 133.91300 9.98634
C 176.38500 131.51300 9.92543
C 177.36600 134.54700 9.90376
C 175.32000 128.51200 9.92467
H 178.16100 130.98200 11.50910
H 180.39500 128.55200 11.56340
H 181.36400 131.63500 11.52280
C 178.67100 129.14000 9.95034
H 179.19700 133.98300 11.49780
C 181.78100 129.75600 9.95978
C 185.06400 130.35400 9.94899
C 182.85100 132.71300 9.88664
C 179.60800 132.12400 9.91147
H 182.42400 134.56300 11.46580
H 184.61100 132.15800 11.50000
H 183.54600 129.17900 11.52890
C 185.99200 133.44500 9.95749
C 188.04400 130.98000 10.04930
C 189.14800 134.03300 10.00080
C 191.26500 131.70500 9.97991
C 190.29900 128.60700 10.05430
H 187.72800 132.85800 11.59870
H 190.89500 133.51800 11.61600
C 166.75400 104.38200 12.43290
C 168.91400 102.05100 12.50180
C 169.89300 105.07000 12.62870
C 167.81600 107.43300 12.57520
C 165.74800 101.40800 12.35620
C 171.99800 102.62600 12.70920
C 173.04900 105.68200 12.89440
C 175.26800 103.14500 12.99950
C 176.28500 106.25700 13.16880
C 178.44100 103.66800 13.20080
C 180.68600 101.27700 13.16210
C 181.78600 104.39300 13.23860
C 183.80600 101.98300 13.12420
C 184.80300 104.98200 13.21530
C 179.71900 106.84200 13.31620
C 182.79000 107.36300 13.26140
C 186.99300 102.61500 13.18300
C 188.19000 105.64000 13.18500
C 190.27200 103.25900 13.16100
C 191.29300 106.21800 13.19440
H 187.84300 107.44500 11.55330
H 189.91800 105.08200 11.50560
C 170.88400 108.04100 12.75500
C 165.67600 109.90000 12.36700
C 168.74700 110.51900 12.57460
C 166.71300 112.84600 12.42040
C 169.82000 113.52700 12.62690
C 171.96700 111.02800 12.89870
C 174.12400 108.70300 13.00620
C 177.39100 109.14800 13.25670
C 173.08000 114.12500 12.88410
C 175.15500 111.77700 13.05340
C 178.52100 112.20400 13.24340
C 183.87100 110.41200 13.35010
C 181.60100 112.81000 13.24980
C 184.84700 113.41900 13.25870
C 180.63600 109.90200 13.24630
H 183.46800 112.20900 11.75180
C 186.07000 108.00100 13.17780
C 189.19700 108.62300 13.23790
C 187.04700 111.08800 13.25510
C 190.39200 111.57400 13.22910
C 188.14000 114.05400 13.26660
H 190.97900 108.07200 11.62410
H 188.82200 110.47400 11.64780
H 189.96700 113.50100 11.73360
H 186.65400 112.92000 11.61650
H 185.62200 109.87000 11.63760
C 165.63500 118.23200 12.38510
C 167.76300 115.87500 12.46890
C 168.87200 118.72400 12.51120
C 170.93000 116.47500 12.63140
C 166.85900 121.14900 12.54190
C 176.18300 114.51500 12.99660
C 172.06100 119.46600 12.69670
C 177.40500 117.61700 13.07630
C 174.15600 117.07400 12.87880
C 175.21400 120.10000 12.95830
C 178.45300 120.70400 13.06990
H 181.35800 114.66100 11.63740
C 183.88400 118.94400 13.29250
C 179.54000 115.31200 13.19330
C 182.83300 115.86000 13.27070
C 180.55600 118.24300 13.23470
C 181.70700 121.27900 13.21970
H 183.54500 120.73500 11.66700
H 184.53000 115.21900 11.64170
H 182.42500 117.70500 11.68980
C 191.39700 114.71500 13.37060
C 189.21100 117.13600 13.30530
C 185.94400 116.40200 13.24310
C 190.13900 120.27000 13.37620
C 187.04200 119.52800 13.23410
H 186.70300 121.39600 11.62160
H 190.98300 116.46100 11.68090
H 187.80400 115.89300 11.63550
H 188.84500 118.97000 11.66420
H 185.59900 118.25000 11.65550
C 168.93200 127.37100 12.95400
C 165.88900 126.69500 12.96130
C 171.07700 124.93300 12.99400
C 169.99200 121.80300 12.80310
C 167.90900 124.25700 12.83680
C 172.24200 127.73600 13.12630
C 177.42500 126.09000 13.04610
C 174.35100 125.41500 13.02930
C 176.42200 123.04800 12.95320
C 173.23800 122.37600 12.89770
C 182.71300 124.36200 13.16210
C 184.96900 121.94100 13.26650
C 179.55300 123.68000 13.04410
C 180.68700 126.70800 13.16870
C 183.87500 127.35300 13.13660
H 184.61200 123.77700 11.59750
C 185.88200 125.00300 13.29410
C 189.28300 125.67800 13.33560
C 187.01500 128.02000 13.28590
C 191.26900 123.27800 13.32310
C 188.11000 122.57600 13.31630
H 191.03300 125.08100 11.66980
H 185.65900 126.79100 11.62250
H 188.81900 127.46200 11.66920
H 187.81200 124.47100 11.83080
H 189.88700 122.02600 11.68020
C 166.90800 129.72300 13.04700
C 169.97000 130.38800 13.04960
C 171.06500 133.43700 13.13520
C 167.88200 132.80900 13.03530
C 177.42700 134.65600 13.14320
C 176.47600 131.51200 13.21410
C 174.30400 134.04800 13.13600
C 175.36800 128.34900 13.12960
C 173.29400 130.90800 13.20490
C 178.57300 129.15200 13.10940
C 184.87300 130.39300 13.18810
C 181.78400 129.79300 13.11640
C 182.84500 132.76300 13.11310
C 179.58600 132.15900 13.10470
C 188.23700 131.02100 13.19010
C 189.11100 134.16200 13.17420
C 185.90300 133.42500 13.15720
H 186.72100 129.83100 11.67070
H 189.93200 130.46700 11.54980
C 191.27700 131.63800 13.17450
C 190.32300 128.65400 13.18720
C 196.77700 3.21228 10.13490
C 197.70100 6.27157 10.08750
C 193.48100 2.50009 10.03850
C 194.58000 5.48927 9.94989
C 195.66500 0.14345 10.05590
H 196.29600 5.00887 11.68360
H 193.12900 4.35555 11.61540
H 195.24900 1.95376 11.68720
H 191.97000 1.31827 11.56100
C 198.75900 0.78763 10.18840
C 202.16600 1.26321 10.19860
C 199.84500 3.64212 10.13790
C 203.13600 4.29586 10.16520
H 202.65200 6.16235 11.72240
H 198.39000 2.60124 11.86750
H 199.50000 5.56629 11.64770
H 201.62700 3.14442 11.76660
H 203.83800 0.69866 11.87900
H 200.58800 0.14366 11.75280
H 204.87000 3.71809 11.86110
C 205.27700 1.93169 10.22810
C 208.34700 2.47084 10.19680
C 206.25900 4.81238 10.15020
C 209.39500 5.45989 10.14250
C 210.53500 0.19915 10.12780
H 206.97800 1.34104 11.86740
H 211.24800 4.94452 11.64610
H 208.01600 4.31439 11.79860
H 210.14300 1.93868 11.76160
C 218.05600 4.40362 9.98243
C 211.56500 3.04059 10.10980
C 213.72300 0.73556 10.05030
C 216.98300 1.30142 10.05150
C 214.84600 3.75531 10.05660
C 212.73500 6.06977 10.05410
H 217.71900 6.20264 11.63260
H 214.45300 5.59507 11.65930
H 216.64600 3.18019 11.64510
H 215.56100 0.16773 11.67040
H 213.38700 2.56463 11.67480
C 196.75600 11.63110 10.02540
C 195.65800 8.65706 10.01700
C 193.61600 10.84290 9.86143
C 192.30300 7.79858 9.89901
H 197.36700 8.02233 11.61180
H 192.02100 9.75506 11.37040
H 193.09600 12.72580 11.35760
H 194.16900 7.37166 11.48370
H 195.28100 10.42710 11.59770
H 198.34300 10.96960 11.71370
C 200.96700 6.81561 10.08280
C 198.74400 9.20532 10.04240
C 204.12200 7.28443 10.04300
C 201.93700 9.78419 10.01350
C 199.81200 12.12860 10.13080
C 203.12900 12.79050 10.12960
H 203.74700 9.17055 11.59690
H 201.64800 11.58990 11.64860
H 200.48200 8.64272 11.63800
H 204.85200 12.16330 11.83380
C 205.27000 10.39580 10.09620
C 207.38300 7.90177 10.10330
C 208.41500 10.88850 10.10990
C 210.57200 8.42968 10.07590
H 205.86800 6.72969 11.70310
H 206.97800 9.70263 11.69310
H 208.05400 12.78440 11.69570
H 209.15100 7.35459 11.72400
H 210.16100 10.29210 11.70140
C 217.87800 12.79560 9.96375
C 211.54800 11.40870 10.04340
C 215.91700 6.74320 10.05340
C 213.75300 9.12400 9.93606
C 216.93000 9.77773 9.92701
C 214.68800 12.06590 10.02200
H 215.51900 8.60774 11.49180
H 213.38200 10.89530 11.61250
H 212.37600 7.95169 11.60790
C 197.83800 14.52700 10.00200
C 194.63600 13.93990 9.87610
C 195.73200 17.01560 9.86571
C 193.56100 19.60580 9.81012
C 192.41500 16.33160 9.79981
H 197.41700 16.36610 11.52910
H 192.13200 18.24480 11.36390
H 194.22000 15.81640 11.42060
H 195.26100 18.86450 11.42320
C 196.76100 19.98930 9.80129
H 196.31600 13.43400 11.59170
C 198.79800 17.57250 9.88905
C 200.91800 15.12300 10.02250
C 204.15100 15.74040 10.10440
C 202.04800 18.25920 9.98956
H 198.49300 19.43860 11.48640
H 199.49800 13.96440 11.68470
H 200.57200 17.07330 11.51580
H 202.65300 14.57700 11.72590
H 203.80800 17.61460 11.59880
H 201.73400 20.06020 11.60200
C 206.20200 13.39160 10.20720
C 205.27900 18.83460 10.07720
C 207.22300 16.31770 10.04350
C 209.42800 13.94170 9.99992
C 210.54700 16.94790 10.08100
C 208.36600 19.38550 9.97781
H 211.18800 13.27300 11.61510
H 205.84000 15.22840 11.79210
H 207.02100 18.15150 11.62930
H 209.06700 15.80020 11.61560
H 210.14800 18.81950 11.52400
C 215.73100 15.19830 10.07280
C 212.56100 14.51130 10.07680
C 213.61200 17.50760 10.09760
C 216.75700 18.25060 10.00110
C 211.64800 20.01360 10.01070
C 197.69500 22.99520 9.82705
C 192.40000 24.95540 9.92106
C 195.59400 25.43990 9.86028
C 194.47300 22.54470 9.87892
H 193.10800 21.31430 11.54230
H 191.99300 26.73440 11.55930
H 194.12700 24.30510 11.51090
H 197.37100 24.89470 11.49420
H 196.25900 21.84020 11.35130
C 198.76200 26.06600 9.87864
C 200.02600 20.58540 9.89541
C 203.15700 21.19430 9.98507
C 200.97400 23.57800 9.90328
C 204.15700 24.19920 9.98491
C 202.08500 26.72520 9.89905
H 199.48800 22.37990 11.50220
H 200.58800 25.45670 11.47680
H 202.71300 23.03770 11.60370
H 204.88300 20.66170 11.71670
H 203.81500 26.06000 11.52480
C 206.31400 21.79120 10.06130
C 209.46700 22.43440 10.04060
C 207.27300 24.87090 9.98207
C 210.56900 25.48000 10.08820
H 208.08300 21.20540 11.66500
H 205.90100 23.62970 11.67160
C 217.95000 21.29620 10.09520
C 217.04800 26.67570 10.29330
C 215.84300 23.72890 10.11850
C 214.79600 20.64200 10.08910
C 213.76000 26.13920 10.19400
C 212.61800 23.10300 10.06370
C 192.34400 33.29910 10.12970
C 197.81600 31.39450 9.85156
C 196.60200 28.37820 9.91311
C 193.38900 27.85430 9.91779
C 194.45900 30.96810 9.91678
H 194.15000 32.70080 11.67460
H 193.10000 29.73140 11.52890
H 196.28300 30.29450 11.43510
H 195.17400 27.26500 11.53680
H 197.36100 33.26520 11.39780
C 199.90900 29.10530 9.90273
C 204.15700 32.73550 10.02260
C 200.93400 32.10690 9.93559
C 203.06300 29.75570 9.97674
H 198.47300 27.94130 11.51320
H 201.71000 28.49120 11.50370
H 199.54500 30.88540 11.52970
C 208.49300 27.83000 10.00940
C 205.27700 27.31590 9.96995
C 207.42900 33.28840 10.14410
C 206.26500 30.40000 9.95990
C 209.58200 30.97920 10.12550
C 218.00100 29.72700 10.31920
C 211.67000 28.55550 10.24640
C 214.84300 29.19330 10.29400
C 212.73100 31.55020 10.29360
C 215.88300 32.10290 10.35570
C 196.56700 3.24324 13.37480
C 197.70300 6.20351 13.22330
C 194.53800 5.67879 13.20780
C 195.51600 0.13391 13.35940
C 193.35400 2.48002 13.22250
C 198.80600 0.70794 13.40100
C 202.01500 1.31028 13.41240
C 199.85800 3.78428 13.40310
C 203.07400 4.40265 13.39530
C 205.25500 1.90941 13.47390
C 208.41300 2.56697 13.40230
C 206.29400 5.00594 13.42370
C 209.51900 5.49919 13.29340
C 210.53100 0.08747 13.29120
C 211.56300 3.15558 13.29850
C 213.77800 0.76069 13.31290
C 216.98500 1.36431 13.31350
C 214.89800 3.75299 13.24870
C 212.69900 6.20162 13.26180
C 217.98700 4.42001 13.23960
C 196.56300 11.64220 13.25420
C 195.56900 8.65100 13.17350
C 192.42600 8.03996 13.11470
C 193.42900 10.92970 13.01750
C 200.91700 6.82278 13.27530
C 198.78800 9.15446 13.28970
C 204.09700 7.42297 13.29560
C 201.94600 9.75612 13.25060
C 199.82600 12.10930 13.26110
C 203.06300 12.73430 13.35670
C 205.17100 10.24520 13.31740
C 207.41000 7.89279 13.32610
C 208.40600 10.93100 13.30110
C 210.63900 8.52887 13.27450
C 211.62900 11.46880 13.22040
C 215.90600 6.83707 13.17920
C 213.87900 9.08344 13.18190
C 217.00600 9.70948 13.08430
C 217.93600 12.71990 13.16440
C 214.86100 12.01960 13.20390
H 216.54100 11.55390 11.53820
C 197.67600 14.57580 13.24070
C 192.46400 16.42050 13.08290
C 195.61500 17.11230 13.03340
C 193.50100 19.40690 13.07460
C 194.44900 13.98820 13.04700
C 196.66900 20.06720 13.02820
C 198.80400 17.62550 13.12830
C 200.82600 15.29680 13.26880
C 203.99400 15.85860 13.30900
C 202.04800 18.20820 13.16980
C 206.34900 13.40230 13.37480
C 205.27200 18.76840 13.23580
C 207.36500 16.39820 13.30210
C 209.53800 14.02410 13.26350
C 210.42300 17.07150 13.25280
C 208.44100 19.41110 13.18640
C 211.55200 19.94850 13.21070
C 215.78700 15.12910 13.27210
C 212.56900 14.47880 13.30370
C 213.64300 17.59710 13.31680
C 216.89900 18.16920 13.29840
H 216.51400 20.05570 11.73590
H 213.32900 19.41190 11.67750
H 214.35700 13.92850 11.67590
H 215.41600 17.01920 11.70460
H 217.52400 14.58700 11.63650
H 212.23100 16.34180 11.77600
C 192.38000 24.86090 13.10850
C 197.66200 23.02950 13.03950
C 194.60400 22.45430 13.11670
C 195.57500 25.38460 13.13650
C 198.84500 26.10210 13.11750
C 199.91200 20.62160 13.14700
C 200.79200 23.60970 13.13550
C 203.08000 21.26620 13.24870
C 204.07400 24.33000 13.21940
C 202.05400 26.67760 13.10950
C 210.42900 25.42430 13.34690
C 207.28600 24.90060 13.28820
C 206.38200 21.80740 13.29160
C 209.46300 22.46410 13.28560
H 207.00800 26.68880 11.62020
H 211.22900 21.86450 11.67200
H 209.06600 24.30760 11.66680
C 214.64500 20.67080 13.27350
C 213.76600 26.02760 13.42620
C 215.84400 23.61540 13.33580
C 217.03100 26.57840 13.47280
C 217.87100 21.30560 13.36420
C 212.62000 22.99730 13.33850
H 212.30500 24.90750 11.79110
H 215.53200 25.48300 11.78500
H 214.37600 22.50890 11.64490
H 217.57700 23.10300 11.72030
C 194.61200 30.78950 13.17770
C 193.45400 27.93210 13.17990
C 197.76400 31.45490 13.07020
C 196.61200 28.48370 13.11150
C 192.42400 33.27200 13.31690
H 202.66200 31.57870 11.64600
C 204.13900 32.77160 13.24850
C 199.97800 29.09390 13.11370
C 200.81200 32.11130 13.21960
C 203.06600 29.67380 13.15620
H 204.88200 29.13600 11.55230
H 209.11400 32.70620 11.80090
C 205.21100 27.30220 13.15410
C 209.31400 30.85720 13.36230
C 207.35400 33.25920 13.31170
C 206.35200 30.29660 13.17220
C 208.34300 27.98760 13.20690
H 205.90800 32.12530 11.67240
H 211.22000 30.38470 11.85950
H 208.06700 29.71930 11.52060
H 210.20200 27.27760 11.71600
H 212.30500 33.34770 11.86960
C 211.56200 28.44480 13.42290
H 214.43000 30.95140 11.97440
H 216.54200 28.46860 11.89030
H 217.61000 31.47900 12.03300
C 214.79200 29.15070 13.53890
C 217.97900 29.60700 13.58400
C 215.83400 32.20930 13.55140
C 212.64000 31.57260 13.52510
H 213.39100 27.91480 11.87190
C 196.51300 36.87990 10.00040
C 197.66100 39.85450 10.02380
C 193.30400 36.30120 10.05100
C 194.40400 39.21300 9.99663
C 195.51600 33.90660 9.97671
H 191.94300 35.11310 11.76920
H 193.03100 38.10750 11.63500
H 195.12700 35.68870 11.63050
C 198.84700 34.47110 9.89247
C 202.10300 35.13040 9.98859
C 199.80100 37.46980 9.94983
C 203.10000 38.11970 9.98519
C 205.27500 35.79450 9.99012
C 208.45500 36.34800 10.14050
C 206.23500 38.73940 9.99764
C 209.47600 39.21710 10.09050
C 210.60300 33.89380 10.21820
C 211.67100 36.95040 10.17130
C 217.97900 38.16370 10.09910
C 213.71100 34.55850 10.27860
C 216.89800 35.09280 10.24310
C 214.77800 37.56530 10.11620
C 212.64300 39.85510 10.14180
C 192.37100 41.69470 9.89022
C 195.59300 42.33090 9.90780
C 193.45700 44.71260 9.89156
C 196.58600 45.43420 9.92135
H 194.13800 41.15020 11.50820
H 193.05600 46.53460 11.44610
H 192.03200 43.51330 11.51070
C 200.90500 40.46740 9.94311
C 198.72600 42.94510 9.91346
C 203.98300 41.14930 9.95540
C 201.95500 43.59730 9.92309
C 202.99800 46.51480 9.93638
C 199.81100 45.94780 9.91170
C 205.10400 44.15100 9.96291
C 207.32700 41.78340 9.95367
C 208.36700 44.74300 9.91309
C 210.59400 42.29720 10.01280
C 211.56800 45.43670 9.96831
C 215.79100 40.46940 10.04670
C 213.65700 42.90950 10.01840
C 216.67100 43.55250 10.00830
C 214.69900 45.92370 9.87143
C 217.87000 46.66730 9.85037
C 192.32200 50.18760 9.94354
C 197.57700 48.46200 9.95867
C 194.47300 47.82500 9.92644
C 195.52500 50.83400 9.93755
C 193.25700 53.17040 9.86627
C 196.60500 53.92440 9.96776
H 191.93500 52.01880 11.57990
H 195.10000 52.69360 11.47900
H 194.08600 49.61890 11.56430
C 198.71900 51.44620 9.92382
C 200.78200 49.02500 9.92828
C 204.04400 49.53770 9.94840
C 201.93800 51.89580 9.94522
C 206.17300 47.18260 9.93365
C 205.10600 52.64500 9.94281
C 207.22000 50.16620 9.95256
C 209.40400 47.76170 9.92286
C 210.36800 50.80420 9.83405
C 208.18100 53.16590 9.87979
C 211.38300 53.82550 9.81243
C 216.75100 52.13580 9.70954
C 215.78800 49.02730 9.85257
C 212.50500 48.34720 9.89981
C 213.58300 51.42250 9.90898
C 192.32600 58.58550 9.93102
C 194.52700 56.25790 9.90237
C 197.59000 56.79810 9.91343
C 195.45500 59.14750 9.94170
H 196.15500 55.69190 11.61930
H 193.01500 55.05080 11.38540
H 193.99300 57.99110 11.56040
H 191.96200 60.42960 11.53920
H 197.28700 58.67960 11.49210
C 203.03700 55.00360 9.92707
C 200.94100 57.34490 9.88573
C 204.01000 57.98810 9.94286
C 199.84400 54.46240 9.85567
C 198.66100 59.81680 9.78400
C 201.91700 60.32640 9.79176
H 200.45100 59.22340 11.40830
H 203.64100 59.81430 11.46800
H 199.40400 56.28400 11.51910
H 202.59400 56.79110 11.56970
C 209.33400 56.22890 9.79625
C 206.19700 55.70190 9.91911
C 207.10600 58.48320 9.79433
C 210.41900 59.17840 9.76306
H 208.95700 58.04880 11.35300
H 206.86900 60.40210 11.35280
H 205.77900 57.46490 11.56700
C 214.61200 54.50240 9.81704
C 212.66700 56.87310 9.84641
C 217.83600 55.08990 9.61282
C 215.70900 57.56320 9.75975
C 213.55800 59.88500 9.72893
C 216.80600 60.42970 9.59898
H 215.38900 59.36980 11.31890
H 217.56600 56.91420 11.24160
H 212.21000 58.69890 11.38880
C 192.33300 66.90850 9.58053
C 194.33700 64.52520 9.66484
C 197.61800 65.24760 9.51679
C 196.55600 62.19940 9.63951
C 193.30100 61.58660 9.79453
H 194.15700 66.44790 11.20880
H 192.97400 63.38720 11.33620
H 197.31100 67.14060 11.06120
H 196.22000 64.08030 11.13830
H 195.16100 61.13470 11.32370
C 199.68500 62.76820 9.64381
C 203.07700 63.39350 9.62530
C 200.80500 65.85610 9.54553
C 204.03300 66.50240 9.66621
H 202.54800 65.26590 11.14980
H 204.68200 62.76050 11.31900
H 201.51000 62.25870 11.23800
H 199.35200 64.68240 11.17230
H 198.29500 61.66890 11.32710
C 209.39100 64.53400 9.67586
C 208.28300 61.53380 9.71974
C 206.06100 64.07220 9.68354
C 205.06000 60.90420 9.74943
C 207.22400 66.97850 9.63651
H 209.02300 66.42550 11.20810
H 211.16400 64.05540 11.34640
H 210.11600 61.04360 11.39720
H 205.76800 65.87900 11.32690
H 207.82200 63.43550 11.24660
C 211.49900 62.25400 9.73177
H 213.30200 61.71790 11.31700
H 216.52300 62.35210 11.08420
C 217.94700 63.49610 9.43531
H 212.25500 67.10260 11.20220
H 217.69000 65.33530 11.12550
H 214.35900 64.68640 11.23030
C 215.85300 65.81350 9.53933
C 214.64000 62.85670 9.60145
C 212.54900 65.24940 9.65269
C 196.62900 36.86790 13.21840
C 197.65300 39.92420 13.20300
C 193.44800 36.36340 13.30130
C 194.38100 39.43020 13.21690
C 195.67200 33.77320 13.16250
H 196.19200 38.69740 11.65030
C 198.72300 34.42170 13.11700
C 201.99500 35.21910 13.15680
C 199.78000 37.47910 13.16170
C 203.05400 38.14730 13.19550
H 203.84600 34.59530 11.60350
H 201.59000 36.98100 11.54690
H 200.56600 33.90890 11.56790
H 202.63500 39.91250 11.57180
H 199.44800 39.32700 11.56840
H 198.38200 36.26950 11.55000
H 204.83800 37.59200 11.64810
C 205.21200 35.79640 13.28020
C 210.47100 33.95060 13.37470
C 208.46800 36.36430 13.30170
C 206.10900 38.94180 13.20680
C 209.41700 39.37160 13.30880
H 211.22300 38.73940 11.77440
H 210.23400 35.76750 11.71640
H 206.98600 35.13430 11.70710
H 207.95400 38.21370 11.71110
C 211.66600 36.94510 13.40220
C 217.99000 38.32670 13.33220
C 213.70400 34.55390 13.44650
C 216.86300 35.23300 13.47480
C 214.85000 37.60350 13.42870
C 212.69500 39.95720 13.37300
H 214.44300 39.36270 11.75260
H 213.41300 36.38630 11.83060
H 216.57500 37.00990 11.74000
H 215.47600 33.98700 11.86290
H 217.62500 40.07070 11.63890
C 192.42800 41.72040 13.18630
C 195.54000 42.37310 13.15060
C 193.37700 44.72800 13.11720
C 196.57900 45.39890 13.12880
H 195.20200 44.16260 11.51600
H 197.31600 41.71750 11.55430
C 200.88400 40.58620 13.12620
H 198.37500 44.74010 11.52830
C 198.81400 42.84740 13.10490
C 204.05100 41.09390 13.08050
C 201.86300 43.58510 13.08450
C 199.79700 45.93100 13.11560
C 202.93600 46.54480 13.15510
H 203.67000 42.98800 11.52210
H 200.52600 42.34280 11.47250
H 204.75400 46.00710 11.60330
H 201.55100 45.37350 11.52550
C 205.09400 44.12930 13.16770
C 207.21800 41.76650 13.15380
C 208.37600 44.76090 13.18180
C 210.51200 42.40730 13.16020
H 210.08800 44.19690 11.53660
H 207.96400 46.55740 11.53050
H 209.03600 41.15730 11.59200
H 206.92300 43.60250 11.57550
H 205.79400 40.62860 11.47970
C 211.50400 45.38890 13.18270
C 215.93200 40.55610 13.28740
C 213.69500 43.04730 13.28820
C 216.82600 43.69000 13.12620
C 217.90800 46.80120 13.07320
C 214.69500 46.15630 13.14320
H 216.45200 45.50680 11.48610
H 215.40600 42.32090 11.70090
H 213.29000 44.78570 11.60700
H 212.30400 41.71880 11.71950
H 196.20600 47.21490 11.54700
C 194.40600 47.71390 13.12720
C 197.61900 48.42460 13.14210
C 192.32200 50.17380 13.18740
C 195.43200 50.86170 13.18090
C 193.33400 53.34080 13.08590
H 197.29200 50.33640 11.59580
C 196.60100 53.77010 13.06780
C 198.82200 51.52210 13.14180
C 200.74400 48.99780 13.18750
C 204.06100 49.53180 13.10810
C 201.88700 51.98840 13.10170
H 202.53800 48.37870 11.54650
H 198.39200 53.31260 11.45870
H 200.44400 50.81780 11.54260
H 199.37200 47.79120 11.52070
H 201.59400 53.82450 11.48330
H 203.72000 51.42480 11.59580
H 211.14600 47.19280 11.56580
C 206.23200 47.16480 13.18190
C 205.15000 52.67410 13.18580
C 207.23500 50.09260 13.18170
C 209.37700 47.80630 13.14050
C 210.39100 50.81130 13.13130
C 208.32300 53.26050 13.12480
H 205.82800 48.96900 11.51370
H 210.04100 52.62390 11.46870
H 209.01800 49.57700 11.50900
H 206.84700 51.99380 11.60890
C 215.79700 49.11800 13.01280
C 212.60300 48.50750 13.09310
C 213.64500 51.50480 13.01450
C 216.90800 52.20710 12.91400
H 214.33500 47.85620 11.42020
H 215.43000 50.89570 11.40990
H 217.62700 48.56080 11.43480
H 213.21700 53.31370 11.42520
H 212.14800 50.23440 11.50460
C 211.44100 53.87730 13.06600
H 216.46000 53.93740 11.29850
C 197.66200 56.89920 13.17640
C 194.30700 56.12080 13.14720
C 195.49500 59.31820 12.96510
C 192.24900 58.61790 13.20420
C 204.01200 58.05970 13.12670
C 202.98400 55.01920 13.14780
C 199.82100 54.48580 13.13090
C 198.70200 59.98740 13.01710
C 200.83600 57.53860 13.13760
C 201.84000 60.56440 12.95430
H 204.77400 54.47030 11.54090
C 207.25900 58.68880 13.02440
C 210.38700 59.19090 12.96490
C 209.34200 56.33540 13.00070
C 206.19600 55.65870 13.12440
H 211.14300 55.71080 11.40710
H 207.95000 55.04540 11.46690
C 218.02300 55.05150 12.82200
C 216.94900 60.60950 12.79900
C 213.68600 59.87760 12.98300
C 215.87700 57.57220 12.95170
C 212.70200 56.82570 12.96440
C 214.73600 54.45680 12.98510
H 214.42600 56.30150 11.46930
C 196.52500 62.42340 12.88720
C 192.38100 67.06420 12.78270
C 193.50700 61.66660 13.01320
C 194.49000 64.65130 12.78590
C 197.57800 65.37300 12.72180
C 200.76500 65.80950 12.81260
C 202.91200 63.48400 12.84760
C 203.93900 66.33800 12.92520
C 199.73600 62.96730 12.83410
C 209.30300 64.65540 12.85600
C 206.05500 64.01740 12.91260
C 205.11000 61.01640 12.98050
C 207.30700 67.03330 12.88260
C 208.24400 61.65620 12.93340
C 212.63800 65.30470 12.90640
C 218.00300 63.44830 12.68010
C 211.58800 62.27960 12.97600
C 215.92700 65.87810 12.76310
C 214.83200 62.91130 12.81100
C 196.69700 70.62650 9.43421
C 197.79300 73.70970 9.45094
C 193.45100 69.91340 9.35326
C 194.52700 73.11810 9.34898
C 195.50700 67.58810 9.47981
H 193.07000 71.85100 10.88110
H 192.09000 68.80610 11.07340
H 196.33800 72.50100 10.93770
H 195.18300 69.47350 11.01070
C 198.81500 68.24950 9.51774
C 201.96000 68.81850 9.64155
C 199.82700 71.28020 9.52934
C 203.06400 71.81970 9.63349
H 203.71100 68.26670 11.37620
H 200.50300 67.64380 11.20880
H 201.54800 70.65390 11.18080
H 202.71300 73.60450 11.22450
H 199.50400 73.08510 11.13720
H 204.89300 71.27070 11.19840
H 198.39700 70.08650 11.13850
C 210.45400 67.67720 9.61932
C 205.12600 69.36690 9.66360
C 208.36000 70.07100 9.61890
C 206.36600 72.41970 9.56099
C 209.38800 73.02100 9.58899
H 210.16300 69.50150 11.24240
H 206.96900 68.83790 11.26410
H 211.19600 72.51760 11.11910
H 208.01500 71.89230 11.27780
C 211.60300 70.70760 9.52763
C 213.56000 68.30940 9.50607
C 216.81500 68.96420 9.47894
C 214.64300 71.36320 9.54178
C 212.64000 73.71370 9.56665
C 217.88400 71.92010 9.37402
H 214.42200 73.15350 11.22820
H 217.62900 73.77540 11.00210
H 213.36900 70.12350 11.16040
H 215.40400 67.66910 11.05160
H 216.51400 70.79790 11.10290
C 192.31800 75.66490 9.41904
C 196.67800 79.18180 9.60568
C 195.63900 76.11910 9.49920
C 193.43000 78.61380 9.59801
H 195.21600 77.91090 11.12290
H 197.38000 75.48540 11.11930
H 193.13900 80.33460 11.31860
H 194.10000 74.88290 10.99570
H 192.04900 77.31210 11.13840
H 198.35400 78.51200 11.24720
C 200.99000 74.28670 9.59142
C 198.85400 76.75340 9.57741
C 204.06300 74.78170 9.52644
C 201.94100 77.35380 9.53777
C 199.79100 79.70800 9.65000
C 203.05000 80.30330 9.70672
H 201.55900 79.09800 11.21130
H 204.87200 79.71360 11.26840
H 203.72800 76.69050 11.09790
H 200.57600 76.10500 11.16520
C 205.23600 77.92940 9.55733
C 207.33900 75.51960 9.55123
C 208.48700 78.56080 9.59417
C 210.45300 76.13280 9.55379
H 207.98500 80.30560 11.23290
H 206.98900 77.33150 11.15700
H 209.09700 74.88190 11.19570
H 210.22400 77.98440 11.15760
H 205.87500 74.27040 11.07900
C 215.83700 74.28920 9.48456
C 211.57800 79.19790 9.49987
C 218.03700 80.49120 9.44773
C 213.64300 76.70860 9.45975
C 216.87000 77.38710 9.34889
C 214.71600 79.90960 9.45323
H 216.53000 79.23600 10.95610
H 213.33400 78.57440 11.04480
H 212.28700 75.57420 11.14590
H 215.50000 76.23210 11.03850
H 196.25500 80.86760 11.35400
C 197.63400 82.08870 9.76335
C 194.56800 81.58110 9.74355
C 192.42900 83.93730 9.73898
C 195.65600 84.68110 9.84488
C 193.50200 87.05770 9.91024
C 196.78700 87.61480 10.02620
H 197.35100 83.94310 11.40820
H 192.14100 85.73780 11.44240
H 194.19500 83.38980 11.34310
H 195.24100 86.44050 11.62370
C 198.75800 85.24710 9.93398
C 200.93200 82.76320 9.78517
C 204.08200 83.38970 9.76330
C 201.92400 85.81390 9.98062
H 199.46800 81.48820 11.32760
H 202.74000 82.09820 11.35940
H 198.49000 86.93950 11.76280
H 200.56100 84.48900 11.55340
H 201.68500 87.61180 11.69080
H 203.77600 85.17350 11.48710
C 206.24800 80.93000 9.60006
H 211.23300 81.01290 11.12300
C 205.11600 86.46060 9.84726
C 207.18900 84.04690 9.64738
C 209.32800 81.52630 9.55172
C 210.59000 84.70570 9.73689
C 208.46200 87.02860 9.84626
H 210.11500 86.38140 11.49530
H 206.92400 85.84460 11.38300
H 205.89800 82.70700 11.28220
H 209.08000 83.41980 11.18340
C 215.84400 82.97940 9.56978
C 212.66300 82.33320 9.56690
C 213.80600 85.37670 9.81743
C 216.92300 85.98210 9.79418
H 212.37900 84.05750 11.29210
H 214.44900 81.71940 11.13490
H 217.64400 82.25510 11.07800
H 215.54500 84.67030 11.38830
H 213.34500 87.03190 11.58710
H 216.59400 87.68740 11.57130
C 211.57600 87.69190 10.02390
C 197.95000 90.73990 10.09240
C 194.55900 90.03130 9.97813
C 195.67500 93.05120 10.04720
C 192.39300 92.45410 9.90257
H 197.39400 92.48090 11.70380
H 194.18600 91.86460 11.57480
H 192.01500 94.24570 11.44570
H 196.40300 89.45280 11.57810
H 193.07700 88.83380 11.59160
C 198.84700 93.64970 10.07510
C 199.87400 88.24250 10.14910
C 202.99900 88.84600 10.01730
C 200.96900 91.23140 10.09140
C 204.20600 91.76780 10.05170
C 202.01300 94.10800 10.07290
H 202.72200 90.66550 11.65080
H 200.52800 93.03800 11.74050
H 199.57700 90.06180 11.78450
H 203.83000 93.59850 11.61910
H 204.82100 88.21550 11.55370
C 206.32300 89.39070 9.99134
C 210.60600 92.98220 10.04530
C 207.44200 92.30290 10.04980
C 209.60400 89.96820 10.05140
H 211.27000 89.35570 11.76680
H 205.95600 91.19600 11.68040
H 208.07100 88.76550 11.52380
H 209.19100 91.74940 11.68120
H 207.05100 94.24910 11.53690
C 218.00000 88.89620 9.99855
C 214.75400 88.30510 10.01370
C 212.66200 90.56210 10.13630
C 215.92200 91.24540 10.05370
C 216.94500 94.22580 10.09100
C 213.68800 93.59120 10.16200
H 215.53000 93.00660 11.67320
H 217.66200 90.66560 11.69030
H 214.49400 90.07010 11.67460
H 212.29700 92.40000 11.68980
C 197.74800 99.01950 10.03510
C 196.70700 95.96340 10.04660
C 194.50700 98.49500 9.98683
C 193.60000 95.43300 9.92927
C 192.41600 100.85400 9.98688
H 193.08900 97.23820 11.62240
H 195.23100 94.86150 11.66610
C 203.15800 97.18420 10.02000
C 204.24600 100.16000 10.00300
C 200.93900 99.59800 10.00060
C 199.85900 96.61840 10.05300
H 198.43900 95.41930 11.67720
C 207.38600 100.83300 10.07090
C 208.48200 95.54570 9.88448
C 205.19800 94.82890 10.03240
C 209.63600 98.40840 10.04280
C 206.28100 97.81170 10.01810
H 211.36900 97.85180 11.67150
H 210.17300 94.84150 11.57930
H 208.12400 97.25000 11.54520
C 217.97500 97.22920 10.09980
H 214.52900 98.38790 11.66250
H 217.71200 99.05020 11.67020
H 216.63000 96.00920 11.70260
C 211.75200 95.98690 10.07780
C 215.95100 99.64170 10.06390
C 214.81400 96.51010 10.12420
C 212.80500 99.00160 10.03910
H 212.38200 100.81700 11.60020
H 213.40100 95.41760 11.79080
C 196.54600 70.68320 12.61190
C 197.69200 73.57180 12.69740
C 193.47900 70.11520 12.63250
C 194.54600 72.97210 12.53120
C 195.60900 67.80450 12.67240
C 198.72600 68.22660 12.71570
C 201.83100 68.97860 12.84840
C 199.77000 71.29840 12.75980
C 203.06800 71.74720 12.79450
C 205.22800 69.49430 12.88430
C 210.50600 67.64630 12.83000
C 208.39700 70.07780 12.88180
C 206.25900 72.59560 12.80740
C 209.54500 73.03650 12.81900
C 211.63900 70.73520 12.76530
C 213.71200 68.33890 12.77100
C 216.84000 68.90580 12.65420
C 214.80700 71.30140 12.80810
C 212.61500 73.74870 12.74170
C 218.06500 71.95040 12.62840
C 196.60500 78.95330 12.85490
C 192.42500 75.46080 12.68970
C 195.50900 76.00940 12.63590
C 193.48800 78.40610 12.75730
C 200.93500 74.26030 12.79130
C 198.81200 76.59340 12.80260
C 204.12500 74.84970 12.74200
C 202.02500 77.27660 12.80050
C 199.84000 79.57330 12.88780
C 203.04600 80.18390 12.83230
C 205.24300 77.77080 12.75650
C 207.34500 75.48530 12.71710
C 208.42400 78.44450 12.78710
C 210.53600 76.17080 12.75100
C 211.65800 79.17670 12.78110
C 215.93800 74.45000 12.66650
C 213.76800 76.79310 12.69900
C 216.92800 77.45780 12.64690
C 217.97400 80.34520 12.61300
C 214.77700 79.75000 12.60530
C 192.49100 83.85030 13.01310
C 197.66700 82.00910 12.93410
C 194.56600 81.52760 12.95260
C 195.57300 84.49610 13.08290
C 193.38800 86.96910 13.19820
C 196.64300 87.60230 13.28790
C 198.78900 84.95400 13.21740
C 200.96100 82.55340 13.04100
C 204.16700 83.24660 12.98080
C 202.10100 85.69120 13.16060
C 206.25000 80.88240 12.91740
C 205.26800 86.36060 13.08920
C 207.30700 83.94100 12.87390
C 209.48000 81.56660 12.75510
C 210.55600 84.42900 12.88960
C 208.38600 86.89790 13.08640
C 211.52300 87.41790 13.22940
C 215.95200 82.71730 12.77580
C 212.69400 82.11790 12.79020
C 213.74500 85.13040 13.02670
C 217.08800 85.74920 13.02840
C 195.60800 93.01510 13.24550
C 197.75800 90.67090 13.30220
C 194.56600 89.99910 13.17110
C 192.39100 92.47960 13.18020
C 202.05900 94.14600 13.23990
C 204.18300 91.81770 13.26260
C 201.06400 91.26470 13.33910
C 203.14900 88.85450 13.24110
C 198.79500 93.65190 13.33040
C 199.96800 88.17950 13.34990
C 209.40500 89.90830 13.26570
C 207.39600 92.44770 13.21170
C 210.56600 93.06020 13.24350
C 206.34700 89.30440 13.16080
C 218.06300 88.76070 13.22110
C 212.71700 90.61980 13.29340
C 216.86900 94.22830 13.31960
C 214.80200 88.16910 13.19090
C 213.76500 93.48950 13.27260
C 215.95200 91.24550 13.30640
C 192.35800 100.91100 13.22420
C 193.36000 95.33130 13.19000
C 194.51900 98.45340 13.21460
C 197.74300 98.99380 13.24680
C 196.66300 96.09260 13.26240
H 196.27900 97.86540 11.55930
H 194.16100 100.29000 11.66440
H 197.46300 100.85300 11.68700
H 204.86100 96.63250 11.67600
H 202.73900 99.02520 11.59340
H 199.52000 98.45680 11.63630
C 199.93400 96.65790 13.22680
C 200.95700 99.61270 13.25980
C 204.16000 100.18400 13.20690
C 203.05700 97.20160 13.23620
H 201.67600 95.99260 11.60910
H 209.19800 100.20700 11.70630
H 205.97300 99.58470 11.65050
C 208.36300 95.42610 13.19120
C 209.55500 98.29240 13.22510
C 207.33300 100.96200 13.20930
C 205.26200 94.79170 13.22310
C 206.41400 97.76020 13.22280
C 215.90900 99.65160 13.23760
C 211.58300 96.02100 13.26930
C 212.76800 99.06480 13.26370
C 214.87500 96.57500 13.34510
C 218.04100 97.25800 13.30640
C 196.78300 104.39500 9.98500
C 197.75800 107.50300 9.84090
C 193.54800 103.86500 9.97375
C 194.59400 106.79600 9.90086
C 195.66800 101.33400 10.04020
C 198.85300 102.04500 10.00080
C 202.11900 102.61400 9.99992
C 199.97500 104.94900 9.97706
C 203.08100 105.72500 9.92842
C 205.31400 103.25500 9.93906
C 208.48900 103.81700 9.97086
C 206.42100 106.29700 9.84811
C 209.56300 106.92600 9.97240
C 210.59500 101.37800 10.02360
C 217.92700 105.70900 9.91339
C 211.67500 104.60200 9.97181
C 213.75500 102.03300 10.03510
C 217.08900 102.65200 10.00880
C 214.80700 105.06000 10.02200
C 212.67100 107.44800 9.96835
H 214.43200 106.88800 11.56960
H 216.61600 104.46400 11.57110
H 217.57800 107.52000 11.57590
H 215.57700 101.51600 11.61910
H 213.36600 103.88500 11.60950
C 195.64000 110.05500 9.91386
C 193.46200 112.35700 10.03790
C 196.57400 112.98000 9.96996
C 192.35300 109.23300 9.92423
C 200.95400 107.90300 9.91565
C 198.85800 110.45400 9.82982
C 204.17700 108.56300 9.94456
C 202.02400 111.08400 9.83131
C 203.07900 114.08400 9.87833
C 200.00800 113.45500 9.86530
C 205.22500 111.74100 9.86303
C 207.40800 109.25800 9.94693
C 208.39500 112.25800 9.84036
C 210.54700 109.82900 9.90296
C 217.84900 114.14000 9.89841
C 211.53100 112.91200 9.82329
C 215.85300 108.02500 9.93374
C 213.74400 110.54700 9.84588
C 216.86700 111.12700 9.90750
C 214.68700 113.56700 9.89765
H 215.43700 109.87900 11.50450
H 216.43000 112.94700 11.51130
H 213.26900 112.32600 11.44600
C 192.44600 117.79400 10.14620
C 197.61800 115.99400 10.09720
C 194.49600 115.30500 10.13590
C 195.62600 118.34700 10.16430
C 193.38500 120.74500 10.20090
C 196.59500 121.32300 10.08980
C 198.68900 118.92000 10.05700
C 200.98400 116.54500 9.87282
C 204.17000 117.05500 9.89762
C 201.93400 119.55300 9.85600
C 206.30700 114.73200 9.96786
C 205.12600 120.14200 9.79081
C 207.34000 117.59900 9.87042
C 209.41500 115.40100 9.82570
C 210.47000 118.32000 9.89335
C 208.43200 120.78600 9.74238
C 215.77500 116.64600 9.92082
C 212.66500 115.95800 9.86998
C 213.69200 119.00500 9.91279
C 216.85200 119.62100 10.01980
H 217.51800 115.97700 11.53960
H 214.39200 115.39000 11.50270
H 212.26300 117.75500 11.50040
H 215.37100 118.41900 11.63280
C 211.57000 121.40500 9.84770
H 213.31700 120.81400 11.56160
H 216.54200 121.47400 11.60330
C 197.63700 124.27500 9.91469
C 194.52200 123.76400 10.05770
C 195.54100 126.81400 9.87776
C 192.41300 126.22000 10.01490
C 202.10100 128.12800 9.90350
C 204.02700 125.58200 9.82564
C 198.81000 127.48600 9.81038
C 199.66600 121.96100 9.91117
C 203.01300 122.53800 9.80654
C 200.89000 125.01200 9.83855
H 203.76900 127.38600 11.55470
C 210.65300 126.83600 9.95077
C 207.31300 126.20800 9.95954
C 209.43000 123.83600 9.87743
C 206.20400 123.12200 9.83517
H 209.13400 125.65400 11.54250
H 211.22500 123.23800 11.44280
H 207.02800 127.99200 11.71170
C 216.97400 128.10300 10.01330
C 213.64300 127.39200 10.00250
C 212.70200 124.51300 9.93003
C 215.82700 125.11800 10.00290
C 214.73700 122.04700 9.98222
C 217.92500 122.66800 9.96451
H 217.62700 124.49900 11.61090
H 212.28500 126.21300 11.63830
H 215.49700 126.90800 11.62700
H 214.43900 123.85800 11.56280
C 197.73100 132.80500 10.22170
C 196.51000 129.92600 10.05600
C 193.51300 129.22400 10.04940
C 192.40700 134.62300 10.00090
C 194.59900 132.29100 10.04680
H 193.06900 131.05200 11.56820
H 194.15000 134.10300 11.65520
H 197.34900 134.69600 11.77670
H 196.20800 131.68400 11.79560
H 202.78600 132.82300 11.74060
C 201.01700 133.43000 10.14420
C 199.99400 130.52100 10.03240
C 204.25900 134.04900 10.24560
C 203.16800 131.06300 10.08670
H 204.88200 130.46600 11.74800
H 201.71600 129.82200 11.63230
H 198.43900 129.30400 11.47480
H 199.52500 132.24900 11.81310
H 210.20100 128.61400 11.58290
H 209.14500 134.04500 11.65640
H 206.01700 133.42800 11.86050
H 211.25200 131.63900 11.70180
C 205.23200 128.69000 10.10980
C 206.33500 131.69300 10.16230
C 207.29000 134.67300 10.20120
C 208.42900 129.23500 10.04560
C 209.49500 132.17700 10.13130
H 208.07900 131.00000 11.71550
H 217.69000 132.86400 11.61760
C 214.84600 130.38900 10.01880
C 212.62600 132.83700 10.00950
C 211.65500 129.90400 10.02110
H 213.38800 129.21800 11.58230
C 215.87100 133.40400 10.05030
H 212.33400 134.62100 11.68700
H 216.63800 129.89800 11.63300
H 214.42200 132.20200 11.58900
C 218.08300 131.01500 9.98341
C 196.63800 104.50400 13.12220
C 197.69900 107.53000 13.09320
C 193.52700 103.82400 13.18460
C 194.61800 106.96300 13.15580
C 195.62500 101.46300 13.24120
H 196.30700 106.30700 11.47330
H 195.29500 103.24200 11.56710
H 192.00700 102.69500 11.54160
H 193.17700 105.69000 11.63540
C 198.89000 102.11200 13.29050
C 202.13700 102.60400 13.22780
C 200.05500 105.09100 13.15460
C 203.22300 105.75800 13.13320
H 198.50600 103.85600 11.64200
H 201.75200 104.44500 11.61320
H 202.71500 107.45100 11.59550
H 203.91900 102.04800 11.59320
H 199.48100 106.83800 11.51270
H 200.63900 101.43700 11.65240
H 204.95400 105.09000 11.45270
C 205.28100 103.35200 13.19030
C 208.51900 103.95500 13.16400
C 206.39800 106.20300 13.14910
C 209.46200 106.91300 13.17770
C 210.65300 101.41600 13.24940
H 207.06800 102.70600 11.59410
H 208.11900 105.69000 11.48500
H 211.26000 106.32300 11.62640
H 210.29300 103.25900 11.59620
C 211.63700 104.50600 13.27890
C 213.75900 102.09500 13.22880
C 217.06800 102.68200 13.22030
C 214.85100 105.09700 13.14370
C 212.69700 107.58200 13.14020
C 218.02100 105.70200 13.16490
C 195.66900 109.88300 13.08670
C 193.45300 112.13200 13.22110
C 196.72300 112.79100 13.15060
C 192.47400 109.20700 13.11720
H 197.42300 109.32900 11.45870
H 195.26200 111.75200 11.62790
H 192.05300 111.04700 11.52470
H 194.20600 108.73700 11.43620
H 193.13700 114.09100 11.78670
C 200.88800 108.08700 13.11800
C 198.83400 110.46600 13.09100
C 204.23500 108.70600 13.13110
C 202.03300 111.05200 13.05040
C 199.89600 113.34800 13.05710
C 203.02100 114.14700 13.12000
H 198.44200 112.28700 11.38720
H 201.73400 112.85200 11.49720
H 200.59800 109.85400 11.43530
H 203.83300 110.46700 11.47120
H 204.82700 113.50000 11.55610
C 205.24000 111.72100 13.15440
C 207.41800 109.27900 13.15060
C 208.46900 112.34200 13.04070
C 210.60800 109.95300 13.10150
H 205.98500 108.04400 11.54650
H 210.16800 111.69400 11.44890
H 206.99300 111.13000 11.51110
H 209.16400 108.71200 11.56250
H 208.03300 114.10700 11.36780
C 211.49400 112.95400 13.10320
C 215.75500 108.10900 13.16530
C 213.68300 110.54400 13.11430
C 216.82400 111.09600 13.09330
C 214.65900 113.50400 13.06760
H 212.33800 109.33300 11.47480
C 217.84900 114.13500 13.07180
C 197.85000 115.82500 13.23310
C 194.59800 115.29800 13.33470
C 192.38300 117.67000 13.35000
C 195.58800 118.36500 13.42460
C 193.46000 120.75900 13.36070
C 196.64800 121.43000 13.31460
H 195.19700 120.17000 11.78340
H 191.95000 119.56400 11.81390
H 196.27000 114.70600 11.67460
H 197.35200 117.75700 11.83700
H 194.18500 117.18100 11.78670
C 198.93800 118.92700 13.32690
C 200.97900 116.46300 13.09430
C 204.09800 117.08400 13.09440
C 202.04900 119.59100 13.06680
H 198.39400 120.76000 11.70100
H 201.52800 121.37100 11.42930
H 200.56300 118.32900 11.53880
H 199.54400 115.24700 11.48110
H 202.70200 115.89600 11.46470
H 203.72400 118.90600 11.40910
C 206.34000 114.71400 13.09160
C 205.16900 120.02100 12.99160
C 207.30200 117.79400 13.08720
C 209.37100 115.35500 13.05860
C 210.55900 118.43000 13.13070
C 208.36800 120.70800 13.04260
H 205.87800 116.53500 11.58130
H 209.08300 117.19000 11.54360
H 211.15800 114.75800 11.45300
H 206.95600 119.49100 11.31930
H 210.14300 120.21200 11.44570
C 211.52500 121.42400 13.10670
C 215.73800 116.51400 13.15450
C 212.57800 115.89000 13.08720
C 213.57300 118.97000 13.20840
C 216.83500 119.65200 13.18740
C 197.71600 124.44400 13.11320
C 192.48800 126.24700 13.21400
C 194.60500 123.89100 13.24650
C 195.70200 126.75500 13.18660
H 196.32000 123.16400 11.64610
H 197.37400 126.23300 11.39150
H 194.22800 125.63600 11.58130
H 193.07100 122.64900 11.75030
H 192.09700 128.04700 11.61380
C 198.78900 127.39100 13.03340
C 199.89800 122.05300 13.20980
C 204.04400 125.48300 13.12530
C 202.91400 122.49300 13.07410
C 200.96800 125.04700 13.08190
C 202.01600 127.97100 13.20320
H 199.50500 123.82500 11.52360
H 200.60900 126.87400 11.44940
H 202.66600 124.32100 11.42270
H 204.73900 121.92200 11.46050
C 206.26800 123.11000 13.07530
C 210.54400 126.82000 13.23510
C 207.35300 126.01500 13.16240
C 209.42600 123.73000 13.08420
H 205.83600 124.95000 11.45650
H 208.00000 122.57100 11.43840
C 217.91200 122.69500 13.27210
C 212.68000 124.32600 13.14510
C 214.74300 122.05500 13.16910
C 215.80000 125.09900 13.21670
C 213.68400 127.44300 13.24130
C 216.95300 127.97400 13.20300
C 193.51100 129.30300 13.22370
C 197.67100 132.86700 13.40130
C 196.70800 129.75100 13.20660
C 194.32300 132.30800 13.33230
C 192.30600 134.64800 13.24300
H 195.24100 128.56300 11.66200
C 203.07900 131.02400 13.32140
C 199.90600 130.29100 13.22850
C 201.02400 133.43700 13.38090
C 204.21900 133.96800 13.43430
C 207.50600 134.63000 13.37840
C 209.48100 132.22500 13.29480
C 206.32000 131.54800 13.37760
C 205.22500 128.52900 13.24370
C 208.52600 129.21700 13.30960
C 218.03400 131.03500 13.25980
C 211.63700 129.78500 13.23340
C 214.79100 130.37400 13.19590
C 212.73000 132.76800 13.27440
C 215.86800 133.35300 13.18740
C 220.17600 2.00561 10.06820
C 223.29000 2.61784 10.16030
C 221.24600 5.00957 10.07230
C 224.38300 5.59214 10.15840
H 221.86900 1.40941 11.77600
H 222.96400 4.44614 11.72690
H 219.77400 3.81849 11.62850
H 218.74900 0.84162 11.67940
C 226.48500 3.19312 10.09740
C 228.64200 0.68604 10.16180
C 229.77900 3.78340 10.21670
C 227.64500 6.19223 10.19890
C 225.45500 0.16319 10.13810
H 228.24000 2.54119 11.70000
H 229.33800 5.56232 11.85850
H 230.47500 0.14278 11.81610
H 226.17200 4.96540 11.77860
H 225.09800 1.99692 11.68580
C 231.78800 1.30374 10.20850
C 232.89800 4.26960 10.18180
C 235.07500 1.99009 10.14930
C 236.08800 4.91135 10.08990
H 233.64800 0.76445 11.72230
H 234.67100 3.77949 11.76480
H 236.86300 1.42097 11.70570
H 231.52300 3.12209 11.88990
H 232.56800 6.19668 11.72610
C 238.24600 2.63399 10.06740
C 241.49300 3.05842 10.05180
C 239.33000 5.47331 10.02950
C 243.51400 0.72252 10.06850
C 242.55100 6.17808 9.98549
C 240.55000 0.11767 10.06100
H 241.07600 4.92849 11.52570
H 237.88100 4.37088 11.70900
H 240.02900 1.92203 11.61410
H 243.20700 2.55186 11.69910
H 244.28900 5.56711 11.61960
C 219.14200 7.38900 10.02230
C 222.35100 7.94087 10.01990
C 220.11300 10.41270 9.94060
C 223.47000 10.98420 9.99225
H 224.04700 7.40907 11.70850
H 220.86800 6.84012 11.61580
H 218.72100 9.19589 11.49750
H 221.89500 9.77792 11.47100
C 230.74100 6.72613 10.13980
C 225.48400 8.63366 10.14910
C 226.56800 11.60480 10.22630
C 229.62300 12.26560 10.31410
C 228.66000 9.21755 10.16650
H 227.23900 8.03969 11.74690
H 225.04900 10.40560 11.78130
H 228.23100 10.94160 11.93620
H 230.41400 8.54912 11.73920
C 231.81800 9.75722 10.17050
C 233.86200 7.48309 10.11050
C 237.12600 7.96748 10.04540
C 232.72300 12.89700 10.11590
C 234.95800 10.39630 10.06880
H 233.60400 9.24297 11.77540
H 235.71000 6.77801 11.63410
C 238.17900 10.97490 10.06420
C 241.44500 11.60910 10.13920
C 240.32900 8.53941 10.07060
C 243.56800 9.19778 10.09400
H 238.94700 7.35294 11.64390
C 221.10200 13.45350 9.93447
C 218.93000 15.76360 9.99457
C 224.45100 14.09550 10.06140
C 222.18900 16.51660 10.08270
C 220.05000 18.84600 10.07260
C 223.32700 19.42930 10.24180
C 230.71700 15.28940 10.27170
C 227.52200 14.65390 10.23520
C 225.44400 17.11350 10.23760
C 228.63200 17.68670 10.29670
C 226.45800 20.06500 10.34330
C 235.94700 13.53360 10.11710
C 231.78200 18.32240 10.37330
C 233.89800 15.92240 10.24300
C 237.08100 16.50610 10.32930
C 235.01500 18.87880 10.47990
C 241.36300 20.11680 10.47620
C 238.17400 19.45070 10.49340
C 239.27600 14.13150 10.16320
C 242.34700 14.67610 10.16380
C 240.36300 17.20370 10.35710
C 243.47700 17.73640 10.38140
C 222.34100 25.04210 10.29440
C 219.16000 24.35330 10.26940
C 224.40300 22.51690 10.37680
C 221.21000 21.81600 10.20720
C 229.66400 20.79510 10.37700
C 225.44200 25.47360 10.39800
C 228.59800 25.99570 10.38720
C 227.54100 23.09870 10.44690
C 230.67600 23.67740 10.43840
C 235.96000 21.85240 10.42600
C 233.86000 24.19860 10.38850
C 237.02500 24.79710 10.36820
C 231.69700 26.61510 10.33090
C 232.81100 21.19670 10.41340
C 239.24700 22.53000 10.48660
C 240.36000 25.49630 10.38970
C 243.37000 26.07900 10.37060
C 242.33200 23.03320 10.46310
C 220.16200 27.31280 10.41180
C 223.30800 27.91180 10.32910
C 224.37200 30.89170 10.29110
C 218.98500 32.70940 10.31830
C 222.24600 33.37760 10.22970
C 221.14600 30.28700 10.27860
C 226.50700 28.46680 10.27490
C 227.61600 31.55160 10.18400
C 230.77300 32.08400 10.18500
C 229.64500 29.08700 10.32520
C 233.98100 32.75630 10.21150
C 234.99800 27.21800 10.19540
C 237.17500 33.37910 10.21310
C 236.14700 30.39080 10.21520
C 232.78000 29.63930 10.23430
C 241.42100 28.48900 10.29460
C 239.24800 30.90160 10.15120
C 242.51300 31.63120 10.22590
C 238.30300 27.85030 10.25840
C 220.09900 2.06915 13.32620
C 223.33200 2.63686 13.28660
C 221.16300 5.05645 13.23570
C 224.35600 5.57390 13.31570
C 226.53900 3.11811 13.34110
C 228.68700 0.75964 13.35360
C 229.63500 3.62297 13.38590
C 227.51600 6.16977 13.40170
C 225.40900 0.19187 13.34600
C 231.96300 1.22388 13.44390
C 232.97100 4.40191 13.43070
C 235.07000 1.96353 13.34720
C 236.14700 5.04102 13.29990
C 238.35400 2.56844 13.28280
C 241.44300 3.18906 13.19770
C 239.39200 5.49453 13.20450
C 243.50800 0.77925 13.32780
C 242.44000 6.09549 13.19050
C 240.47500 0.16047 13.27000
C 219.14200 7.43456 13.17890
C 222.23200 8.08319 13.20260
C 220.12300 10.38380 13.09860
C 223.16500 10.96310 13.18420
H 222.87000 12.82010 11.52670
H 219.70900 12.23220 11.54560
C 230.80500 6.74552 13.38810
C 225.41300 8.58657 13.38880
C 226.38600 11.62650 13.45780
C 228.71100 9.12058 13.44550
C 229.72900 12.29300 13.44500
C 231.80400 9.71594 13.37860
C 234.04100 7.42380 13.30530
C 237.13600 7.86740 13.27790
C 232.89800 12.83790 13.37640
C 235.02500 10.47650 13.33150
H 231.47900 11.57350 11.79290
H 234.55000 12.22420 11.66040
H 236.73500 9.76820 11.70610
C 238.16000 10.94790 13.32740
C 241.35400 11.47510 13.34010
C 240.36500 8.48523 13.31710
C 243.51600 9.12146 13.35030
H 237.77400 12.77620 11.67590
H 242.12700 7.98985 11.65510
H 243.16800 11.01110 11.73520
H 239.93600 10.37650 11.71700
C 221.14000 13.41880 13.18690
C 218.94000 15.83600 13.19880
C 224.25200 13.96650 13.27700
C 222.09900 16.35230 13.36980
C 219.85700 18.76960 13.28810
C 223.14400 19.38850 13.48020
H 218.53300 17.62550 11.57030
H 220.70000 15.25670 11.62070
H 223.88100 15.85630 11.71050
H 221.76100 18.26760 11.77940
C 227.49900 14.57920 13.47690
C 230.82000 15.23490 13.46810
C 225.28600 16.88990 13.44690
C 228.55800 17.68010 13.50240
C 226.44900 19.96100 13.55950
H 228.23900 19.50810 11.91170
H 230.34400 17.08800 11.90880
H 225.01000 18.84220 11.95590
H 227.14700 16.44450 11.85280
H 226.09800 13.40710 11.77950
H 229.29600 14.08340 11.92360
C 236.01600 13.30350 13.35060
C 231.78900 18.21020 13.52570
C 233.89100 15.83200 13.48340
C 237.10900 16.23540 13.55790
C 234.91000 18.83600 13.67210
H 231.38700 20.10760 12.00960
H 235.64300 15.24890 11.87050
H 233.55600 17.63410 11.97380
H 232.51200 14.65120 11.79050
H 236.78400 18.22360 12.16470
H 240.97500 13.39970 11.78620
C 238.25100 19.46080 13.72590
C 239.17800 13.94980 13.38790
C 242.33000 14.55800 13.43120
C 240.39100 16.98270 13.50570
C 243.46500 17.54960 13.56940
C 241.37200 20.06000 13.76230
H 240.00300 18.92070 12.07240
H 243.11300 19.50840 12.08940
H 242.09100 16.42340 11.87990
H 244.14500 14.07690 11.79550
H 238.90900 15.87510 11.85210
C 221.09400 21.87300 13.45240
C 219.05000 24.14320 13.39750
C 224.32400 22.47000 13.55570
C 222.22300 24.83480 13.56040
H 224.02100 24.32490 11.97180
H 220.89800 23.67160 11.77970
H 221.94400 26.74010 12.01330
H 218.72800 26.08460 12.01090
H 222.91500 21.26660 11.90040
H 219.64400 20.68750 11.75520
C 228.54100 26.16690 13.61440
C 225.36900 25.56600 13.58160
C 230.78600 23.74180 13.62880
C 227.50500 23.11740 13.61790
C 229.59600 20.62210 13.60360
H 227.16700 24.93580 12.02170
H 226.13000 21.85120 12.01210
H 230.34700 25.51050 12.05850
H 229.31500 22.51020 12.06200
C 232.75300 21.28210 13.63160
C 236.00900 21.89630 13.72550
C 237.07400 24.99930 13.58160
C 233.79100 24.36530 13.56490
C 231.81600 26.77840 13.56310
H 232.45600 23.06740 11.96050
H 233.52000 26.13850 11.86350
H 236.77500 26.75250 11.84170
H 235.62400 23.72520 12.05000
H 234.58300 20.70840 12.09910
H 237.78300 21.32740 12.10750
C 243.52000 26.10390 13.64390
C 240.31400 25.56550 13.65520
C 239.19700 22.58410 13.73940
C 242.48900 23.13990 13.76190
H 242.05200 24.88900 12.05750
H 244.15900 22.54210 12.07280
H 240.99500 21.91840 12.21150
H 238.84000 24.36500 12.03880
H 220.80700 32.16270 11.84920
H 223.99800 32.73830 11.80940
H 222.90700 29.70100 11.88970
H 219.75500 29.12360 11.93200
C 220.18500 27.32040 13.55820
C 224.45600 30.86200 13.40090
C 221.16600 30.36000 13.50060
C 223.36900 27.96800 13.58630
C 222.25300 33.41570 13.46670
C 219.08300 32.83210 13.53000
H 226.22900 30.33320 11.84430
H 227.19800 33.42630 11.75040
H 225.08800 27.36170 11.94760
H 228.24300 27.90370 11.89490
C 229.56800 29.16040 13.46910
C 230.72900 32.18690 13.38580
C 226.51600 28.55330 13.53480
C 227.59300 31.64830 13.40490
H 229.28300 30.97970 11.84030
H 235.71600 32.20370 11.87450
H 234.61800 29.14800 11.75150
H 231.42700 28.50990 11.94780
C 236.04100 30.32130 13.39840
H 232.54000 31.54650 11.81550
C 234.96700 27.40740 13.40570
C 233.92100 32.85440 13.41580
C 232.87400 29.77890 13.44230
C 237.24400 33.33200 13.40630
H 244.22000 31.00880 11.91430
H 238.99000 32.77670 11.72860
H 241.02800 30.38640 11.79490
C 241.31800 28.62580 13.53340
C 238.15500 28.05220 13.45940
C 242.37300 31.57370 13.47570
C 239.23200 30.92160 13.35900
H 242.09900 33.41460 11.86460
H 239.97500 27.34300 11.95050
H 237.84700 29.72780 11.78820
H 243.08300 27.90240 11.99230
C 220.11800 35.67890 10.24130
C 223.25800 36.33680 10.21070
C 221.23500 38.84960 10.11600
C 224.27800 39.33450 10.10990
C 225.42900 33.97410 10.11120
C 226.51400 37.04450 10.11400
C 228.72000 34.58730 10.11010
C 229.71200 37.56670 10.09200
C 227.50400 39.93770 9.93820
C 231.92400 35.12770 10.09330
C 232.90100 38.07210 10.04610
C 235.15800 35.75140 10.18850
C 236.03400 38.79900 10.06530
C 238.22000 36.25660 10.17090
C 241.45700 37.03580 10.33380
C 239.43700 39.32480 10.19320
C 243.50500 34.65080 10.28480
C 242.41500 39.94440 10.33890
C 240.42500 34.05620 10.21700
C 218.96000 41.21330 9.94361
C 222.17200 41.83460 9.99353
C 220.03500 44.23890 9.84064
C 223.27900 44.80790 9.86823
C 230.75900 40.52900 9.90021
C 225.33400 42.38700 9.89818
C 228.65200 42.91820 9.79494
C 226.47300 45.49560 9.82609
C 229.72100 45.97670 9.70136
C 231.88500 43.51340 9.85724
C 234.01300 41.12120 9.97487
C 237.15800 41.75790 10.05340
C 235.07600 44.14190 9.86154
C 232.86900 46.47440 9.72184
C 238.25500 44.66250 9.97941
C 240.35400 42.36750 10.17660
C 243.53600 43.02400 10.28180
C 241.44300 45.29310 10.07890
C 221.13900 47.29210 9.76008
C 219.03400 49.62020 9.73069
C 224.29500 47.77660 9.72178
C 222.21800 50.09990 9.59713
C 219.92500 52.70340 9.52468
C 223.15400 53.19040 9.35768
H 221.83700 52.12140 11.05540
C 230.73100 48.97580 9.57487
C 227.52100 48.35630 9.68407
C 225.37300 50.77730 9.55389
C 228.56800 51.43830 9.47161
C 226.48400 53.77010 9.35517
H 224.97500 52.74860 10.98920
H 228.24200 53.37520 11.02750
H 227.14900 50.30860 11.15430
H 230.35200 50.86240 11.09550
C 236.14000 47.16950 9.79078
C 231.72800 51.98680 9.42966
C 233.94700 49.52340 9.57003
C 237.24100 50.24170 9.60653
C 235.06600 52.58450 9.52311
H 233.52300 51.43610 11.02160
H 231.44700 53.87540 10.98480
H 236.81100 52.04000 11.21330
H 232.44400 48.37960 11.21200
C 243.58600 51.35670 9.74249
C 240.41000 50.74570 9.66598
C 238.24800 53.26740 9.57230
C 239.32600 47.61420 9.86225
C 242.49800 48.26580 9.94060
C 241.43700 53.76950 9.64612
H 239.94100 52.64180 11.19910
H 243.21500 53.20600 11.26920
C 221.98500 58.71160 9.40113
C 224.29300 56.27510 9.28592
C 218.93500 58.06290 9.55760
C 221.03500 55.63190 9.44647
H 220.73500 57.44870 11.07370
H 218.62800 59.90540 11.14800
H 221.78400 60.50390 10.98110
H 219.65900 54.51120 11.10520
H 222.89600 55.09020 10.93960
H 223.90300 58.11020 10.93550
C 229.64000 54.44070 9.35940
C 227.54600 56.85390 9.32060
C 230.89000 57.44760 9.30776
C 225.34900 59.35550 9.30566
C 228.61000 59.92090 9.21670
H 230.37500 59.29580 10.88110
H 229.34500 56.33850 10.94150
H 227.11500 58.75700 10.85440
H 226.07700 55.69780 10.84350
C 234.09600 58.02560 9.40997
C 232.92800 55.03360 9.36537
C 237.10000 58.62760 9.58557
C 236.00400 55.70080 9.48806
C 231.92000 60.49210 9.27107
H 233.58600 59.88800 10.94300
H 235.67800 57.43750 11.19650
H 232.60500 56.85020 10.99680
H 236.78900 60.51060 11.12490
H 234.65500 54.41390 11.02210
H 237.77400 55.09170 11.11610
C 243.49700 59.89850 9.80296
C 240.36600 59.21510 9.61668
C 242.48400 56.88680 9.63332
C 239.27400 56.26850 9.56957
H 238.85900 58.04020 11.19370
H 241.05200 55.68110 11.19720
H 244.17400 56.30390 11.28140
H 242.04200 58.66420 11.33150
C 221.18100 64.15430 9.35332
C 219.95900 61.07810 9.43907
C 223.20600 61.61590 9.35951
C 222.25300 67.13200 9.38819
C 218.97000 66.61100 9.37208
C 224.24900 64.71720 9.28047
H 224.01600 66.49080 10.93660
H 222.89100 63.48850 10.91940
H 220.79200 65.97810 10.91260
H 219.74200 62.94480 10.98610
C 226.36800 62.17630 9.25376
C 229.72700 62.93420 9.18652
C 230.72800 66.01130 9.25029
C 227.51000 65.23580 9.21793
H 229.34800 64.73200 10.82210
H 226.03500 64.05350 10.80790
H 228.25300 61.78310 10.80620
H 227.14700 67.11330 10.75900
H 224.98300 61.11350 10.95900
C 232.95200 63.61880 9.27179
C 236.11000 64.07540 9.43302
C 235.08000 61.05670 9.38740
C 237.16700 67.12880 9.49904
C 234.00800 66.61750 9.37549
H 234.61400 62.87810 10.89810
H 231.45400 62.34760 10.81300
H 232.53500 65.39440 10.90620
H 235.67600 65.91760 11.05220
C 239.28000 64.73830 9.55436
C 241.53800 62.29950 9.69790
H 240.98900 64.17410 11.16370
H 240.00300 61.11060 11.20150
H 238.89400 66.59490 11.18110
H 242.17100 67.12280 11.34780
C 242.63200 65.33210 9.74842
C 238.27200 61.62970 9.53187
H 244.19600 64.62090 11.44590
H 237.81500 63.46950 11.13270
H 243.15300 61.70630 11.43300
C 220.11500 35.90050 13.44330
C 223.35300 36.45260 13.37440
C 221.15000 38.96420 13.32340
C 224.33400 39.47310 13.34110
H 222.91900 38.24710 11.77790
H 221.88000 35.18660 11.91060
H 219.78100 37.65260 11.76740
H 218.65300 34.61690 11.89820
C 225.40300 34.05060 13.37280
C 226.45000 36.97370 13.30030
C 228.62300 34.60030 13.34890
C 229.68900 37.68570 13.23720
C 227.56000 40.18910 13.18360
H 226.12400 38.85280 11.71290
H 228.25300 36.42740 11.70910
H 230.42900 33.98210 11.71470
H 229.27700 39.44090 11.57230
H 225.06300 35.77450 11.68430
H 231.49800 36.95070 11.71420
C 231.87400 35.15800 13.31630
C 232.86200 38.24950 13.22930
C 235.07400 35.81210 13.35780
C 236.07200 38.82740 13.25470
H 234.66200 37.58040 11.70750
H 232.47000 39.99140 11.53150
H 233.66700 34.60900 11.73170
H 236.83500 35.15320 11.84910
H 237.80000 38.16900 11.64680
C 238.16800 36.42480 13.40060
C 241.42200 36.93050 13.50400
C 239.08300 39.33920 13.36040
C 243.56300 34.52030 13.44940
C 242.45300 40.02430 13.49790
C 240.31000 33.96980 13.43730
H 240.99900 38.77430 11.99100
H 239.94700 35.82650 11.84870
H 244.23700 39.42050 11.88280
H 243.20200 36.39470 11.90760
H 220.70700 40.69970 11.62130
C 218.95700 41.39890 13.19420
C 222.12000 41.93650 13.22560
C 219.96400 44.29800 13.10670
C 223.25900 44.93020 13.06010
H 221.74900 43.72530 11.50260
H 223.91300 41.26820 11.68350
H 222.85800 46.67640 11.41100
H 218.56700 43.08750 11.47050
H 219.64900 46.12800 11.41190
C 230.71700 40.75380 13.10950
C 225.47000 42.45620 13.16510
C 228.61000 43.07840 13.01830
C 226.54800 45.52030 13.02060
C 229.64200 45.98760 12.95160
H 225.08100 44.29570 11.52630
H 230.43200 42.42060 11.46150
H 228.26300 44.81430 11.32720
H 227.13500 41.87070 11.40510
H 231.43100 45.41180 11.36980
C 231.85100 43.64870 13.02770
C 233.82200 41.21360 13.16150
C 237.07000 41.83840 13.28580
C 234.96700 44.27680 13.10710
C 232.83300 46.65420 12.97580
H 233.61900 42.99950 11.46960
H 235.70300 40.62390 11.69520
H 234.60700 46.01920 11.40100
H 236.75300 43.63640 11.58400
H 237.83800 46.61190 11.55740
C 238.09700 44.78890 13.21000
C 240.23800 42.42430 13.33940
C 243.40000 43.07630 13.48900
C 241.32400 45.48160 13.34450
H 238.86900 41.18310 11.71260
H 239.95500 44.27660 11.72010
H 243.11700 44.82750 11.81610
H 242.07300 41.81230 11.85420
C 221.09300 47.38120 12.99760
C 219.11100 49.81030 12.95220
C 224.27800 47.99180 12.94450
C 222.25900 50.39700 12.82660
C 220.08500 52.71810 12.71970
C 223.24700 53.30520 12.64320
H 218.60000 51.52210 11.22560
H 220.79900 49.11360 11.33440
H 223.98300 49.70080 11.22080
H 226.09000 47.32810 11.41440
C 230.73500 49.11390 12.84560
C 227.58900 48.60790 12.88630
C 225.34700 51.03040 12.71290
C 228.63500 51.55080 12.71580
H 229.31100 47.83630 11.28550
C 226.42200 53.95810 12.55070
C 235.98400 47.29860 12.98940
C 231.77800 52.13480 12.68720
C 233.92600 49.66960 12.70910
C 237.17000 50.20830 12.86730
C 234.93700 52.61880 12.67160
H 235.73500 49.03960 11.19870
C 238.18300 53.33390 12.80430
C 239.28000 47.89500 13.11000
C 242.49200 48.44400 13.07620
C 240.34800 50.87030 12.89660
C 243.46000 51.46650 13.00720
H 244.27400 47.79510 11.53100
C 241.36600 53.84410 12.79350
H 241.03800 47.17050 11.56520
H 242.13200 50.21940 11.36530
H 238.94800 49.59280 11.30310
C 222.19900 58.73040 12.60230
C 221.21500 55.64660 12.64380
C 219.08100 58.06900 12.78740
C 224.34700 56.29310 12.54030
C 227.45000 56.96440 12.48450
C 230.80600 57.52980 12.54710
C 225.36300 59.30370 12.52640
C 229.70500 54.60750 12.60540
C 228.51900 59.97470 12.47660
C 231.78800 60.54680 12.49250
C 237.06700 58.70890 12.75610
C 235.96400 55.63220 12.71770
C 232.95200 55.05690 12.62040
C 233.89700 58.19790 12.62970
C 240.20600 59.25140 12.85690
C 243.45200 59.82850 13.00470
C 242.43000 56.85240 12.91670
C 239.28700 56.22060 12.81730
C 219.20000 66.62820 12.62890
C 220.14100 61.17310 12.65110
C 221.16500 64.16230 12.55390
C 222.30000 67.05730 12.55500
C 223.27100 61.74420 12.52010
C 224.36000 64.62350 12.50260
C 227.47500 65.25040 12.36240
C 230.73700 65.91830 12.50040
C 229.73100 62.94700 12.46930
C 226.48600 62.30010 12.49500
C 237.03600 67.02350 12.78170
C 234.93100 61.11090 12.59190
C 235.95600 64.07650 12.60450
C 233.86100 66.59310 12.56740
C 232.84900 63.55850 12.48270
C 241.28200 62.40310 12.84140
C 239.16400 64.69330 12.75670
C 242.34000 65.28180 12.93700
C 238.23900 61.71720 12.76150
C 220.14600 69.51900 9.39575
C 223.29900 70.10640 9.38013
C 221.29000 72.70550 9.42092
C 224.51400 73.17580 9.41961
H 223.00700 71.98440 10.94630
H 219.76900 71.40000 10.86810
H 218.64800 68.41730 11.05110
H 221.87100 68.97010 11.06110
C 226.36300 70.79030 9.41297
C 228.64000 68.42610 9.26992
C 229.74200 71.57080 9.54016
C 227.61700 73.78440 9.65922
C 225.36700 67.78710 9.26950
H 225.04400 69.51650 11.00390
H 229.35600 73.22410 11.32000
H 226.15600 72.52580 11.16440
H 228.24100 70.17380 10.92530
H 230.38100 67.78140 10.95020
C 231.84700 69.08440 9.37312
C 232.94800 72.00660 9.65486
C 235.07100 69.66240 9.52809
C 236.08200 72.57420 9.80441
H 236.79400 68.93520 11.14860
H 234.63700 71.32190 11.34000
H 233.55100 68.38670 10.93380
H 231.46400 70.77980 11.12220
H 232.55700 73.73000 11.31810
H 237.84800 71.89950 11.34140
C 238.27500 70.20590 9.65027
C 241.51900 70.74640 9.67310
C 239.24000 73.17960 9.69273
C 243.56000 68.30900 9.73814
C 242.59000 73.70290 9.57540
C 240.46800 67.67140 9.63984
H 240.06400 69.54400 11.22410
H 243.21100 70.13110 11.34150
H 241.06900 72.60480 11.23570
H 244.33800 73.15790 11.19360
C 219.03300 75.01530 9.39407
C 222.23400 75.65200 9.47827
C 220.14900 78.05980 9.47724
C 223.35700 78.52810 9.60428
H 224.04100 74.97970 11.03350
H 219.74300 79.82620 11.09540
H 222.92200 80.35560 11.14510
H 221.84400 77.37700 11.10140
H 218.61300 76.83730 10.97920
H 220.79600 74.45360 11.07900
C 230.81700 74.47850 9.77015
C 225.50900 76.32130 9.55297
C 226.65500 79.27860 9.74073
C 229.80600 79.89200 9.82025
C 228.74500 76.86590 9.79326
H 225.16000 78.03490 11.30190
H 228.32700 78.64170 11.38860
H 227.23200 75.62780 11.22800
H 230.42400 76.18300 11.46470
C 231.88300 77.37150 9.82868
C 234.07600 74.94600 9.82871
C 237.03000 75.46420 9.76892
C 232.85600 80.44860 9.76726
C 234.93200 78.03170 9.77217
H 236.76700 77.41470 11.26580
H 231.48800 79.21280 11.38810
H 233.62000 76.77860 11.46050
H 235.73200 74.32820 11.49510
H 234.64400 79.83880 11.37980
H 237.86300 80.39070 11.28090
C 238.15300 78.58090 9.60523
C 241.29700 79.17450 9.69065
C 240.32500 76.11840 9.62401
C 243.63600 76.73300 9.51893
H 238.90400 74.98360 11.30720
H 242.17500 75.53700 11.13720
H 243.17500 78.51250 11.14000
H 239.92800 77.91700 11.22130
C 221.23200 81.01060 9.51866
C 219.08800 83.51870 9.55597
C 224.46900 81.56620 9.70906
C 222.33300 84.02860 9.62376
C 220.14900 86.55010 9.80329
C 223.36400 87.09410 9.69097
H 218.72900 85.23150 11.28790
H 221.91300 85.80340 11.30610
H 220.79700 82.80720 11.13470
H 224.04700 83.39760 11.29460
H 226.15200 80.99430 11.41030
C 230.78200 82.87790 9.94202
C 227.55100 82.15220 9.81828
C 225.59100 84.53640 9.78574
C 228.72900 85.17350 9.93258
H 228.26700 87.01690 11.54280
H 225.15500 86.46770 11.31150
H 227.27500 83.98540 11.45270
C 226.65200 87.67980 9.78921
H 229.33100 81.62990 11.47240
H 230.47400 84.69760 11.57640
C 236.00000 81.02100 9.72598
C 231.90900 85.79380 9.89727
C 233.92200 83.40840 9.92722
C 237.15700 84.19050 9.84931
C 235.01700 86.44510 9.95561
H 236.82200 85.87700 11.60010
H 233.62100 85.22770 11.58650
H 232.54700 82.12880 11.50310
H 235.78600 82.83090 11.36870
H 231.57600 87.64360 11.49410
H 241.06000 80.97620 11.42120
C 238.21800 87.10980 9.93166
C 239.29400 81.64000 9.77141
C 242.52900 82.12770 9.80045
C 240.35900 84.64130 9.84375
C 243.51800 85.25580 9.82412
C 241.46200 87.69060 9.88952
H 243.25300 87.07430 11.42970
H 240.04200 86.42830 11.43560
H 238.87700 83.45160 11.46150
H 244.28500 81.57180 11.46500
H 242.11300 84.00700 11.45370
C 222.18800 92.48790 9.98842
C 219.09800 91.82810 10.09040
C 224.47400 90.00690 9.85503
C 221.20100 89.48060 9.91204
H 219.78500 88.30110 11.54240
H 224.03900 91.82760 11.38220
H 221.87700 94.27150 11.62800
H 223.00100 88.81750 11.42030
H 220.86900 91.21320 11.64400
H 218.71100 93.64540 11.71890
C 227.63400 90.70580 9.88618
C 230.87300 91.23450 9.74390
C 225.39200 93.06280 9.83141
C 228.54300 93.66500 9.83244
C 229.76700 88.22640 9.95544
H 226.21800 89.47370 11.50370
H 229.43700 90.14480 11.47120
H 230.42300 93.08820 11.33110
H 227.17900 92.50510 11.47100
C 234.18700 91.88170 9.89343
C 237.24900 92.49890 9.97951
C 233.00500 88.86620 9.86918
C 236.24200 89.42550 10.03870
C 231.90000 94.37050 9.79392
H 234.70900 88.27720 11.57700
H 233.64300 93.75230 11.43150
H 236.83100 94.35240 11.48710
H 232.59300 90.72060 11.43270
H 235.85600 91.30280 11.67230
H 238.00600 88.83440 11.66070
C 242.53300 90.68360 9.91672
C 239.35400 90.05640 10.02550
C 240.41500 93.09690 9.87586
C 243.47100 93.82800 9.86840
H 239.06400 91.94160 11.62290
H 244.38600 90.05910 11.39300
H 241.18200 89.43360 11.57410
H 242.19400 92.49680 11.48570
H 222.97900 97.28660 11.46610
C 222.18400 100.89300 9.91482
C 223.28000 95.38090 9.89264
C 219.07600 100.22900 10.01530
C 220.05600 94.84980 10.04760
C 221.10100 97.88060 9.98931
C 224.36800 98.42350 9.73478
H 224.10800 100.28900 11.31320
H 220.89500 99.70690 11.62430
H 219.78700 96.67450 11.71360
H 226.17600 97.90820 11.30200
C 230.73300 99.68630 9.71338
C 229.71500 96.59130 9.74730
C 226.52600 96.03570 9.82509
C 227.61300 99.09740 9.68329
H 229.34700 98.45360 11.29760
H 228.27900 95.51460 11.39160
H 227.27000 100.87100 11.31760
H 225.08900 94.88580 11.48500
H 231.49600 96.15620 11.42540
C 235.10900 94.98960 9.84758
C 232.97400 97.25390 9.79928
C 236.11000 97.89840 9.86909
C 237.20000 100.87800 9.81155
C 234.00500 100.21200 9.80589
H 234.67700 96.77660 11.50790
H 232.48800 99.10380 11.36160
H 235.78200 99.70690 11.46140
C 239.32600 98.57440 9.87866
H 242.16800 100.93400 11.59560
H 237.91100 97.34410 11.50570
H 240.04500 94.87820 11.50990
H 238.97500 100.39500 11.45940
H 244.30400 98.52870 11.58750
C 242.53300 99.10330 9.93485
H 241.08100 97.93900 11.44840
C 241.42500 96.15500 9.89669
C 238.28800 95.53920 9.90267
H 243.18500 95.54750 11.57290
C 220.09600 69.67990 12.61360
C 223.35400 70.21960 12.59710
C 221.25800 72.54500 12.52390
C 224.32800 73.10100 12.67080
C 225.45000 67.60420 12.51520
C 226.52000 70.59370 12.64150
C 228.48300 68.24870 12.46510
C 229.62200 71.28250 12.68300
C 227.55400 73.75710 12.83920
C 231.83600 68.88380 12.61210
C 232.77700 71.88120 12.89180
C 234.94600 69.37670 12.76830
C 236.08900 72.40400 12.95440
C 238.19800 70.01260 12.85310
C 240.34100 67.69300 12.86880
C 241.43500 70.81760 12.87170
C 239.33400 73.09270 12.87480
C 243.45800 68.39280 12.99980
C 242.56700 73.76380 12.83220
C 219.05300 75.03950 12.62240
C 222.29100 75.59510 12.66390
C 220.05700 77.97800 12.64200
C 223.20400 78.53650 12.76690
C 230.84600 74.28570 12.96610
C 225.32400 76.13170 12.79910
C 226.55700 79.17030 12.99390
C 228.59800 76.78310 12.97160
C 229.72300 79.76950 13.03820
C 231.89100 77.40930 13.01450
C 233.90700 74.88620 13.01050
C 237.15900 75.64190 12.93640
C 232.91700 80.31150 13.06260
C 235.06200 78.05420 12.97950
C 238.21000 78.52010 12.90600
C 241.48300 79.04150 12.82770
C 240.50300 76.11380 12.84210
C 243.63300 76.73280 12.77280
C 221.20600 80.94700 12.73870
C 219.03700 83.28530 12.79930
C 224.27200 81.52230 12.86270
C 222.17300 83.83200 12.86480
C 220.14800 86.33910 12.97810
C 223.29900 86.91980 12.97270
C 227.54200 82.16930 13.04070
C 230.78100 82.79860 13.10740
C 225.42300 84.65020 12.91410
C 228.63600 85.18600 13.13350
C 226.45800 87.63890 13.13130
C 236.15500 80.97260 12.95390
C 231.86900 85.86700 13.23080
C 234.02600 83.34350 13.05380
C 237.12300 83.95500 13.10730
C 235.05800 86.43180 13.20920
C 238.39200 86.95630 13.18580
C 239.24800 81.55560 13.01040
C 242.52200 82.14430 13.05790
C 240.40400 84.63560 13.07870
C 243.50100 85.23770 13.06880
C 241.48700 87.49820 13.07750
C 221.31800 89.39330 13.13970
C 219.16600 91.77170 13.27400
C 224.35300 90.04460 13.05100
C 222.41600 92.42150 13.12860
C 227.61100 90.75940 13.09530
C 229.75900 88.29190 13.06050
C 228.63200 93.74310 12.98220
C 225.38500 93.00020 13.07000
C 230.81100 91.37010 13.08460
C 231.80000 94.32870 12.99460
C 237.25800 92.65730 13.18770
C 232.87500 88.92810 13.11420
C 233.95900 91.95850 13.12570
C 236.15800 89.35970 13.23280
C 239.47500 90.10340 13.23490
C 243.66100 93.71140 13.06670
C 240.58700 93.14980 13.18180
C 242.66800 90.65630 13.06720
C 224.47300 98.51280 12.98740
C 220.16000 94.85560 13.31560
C 221.33500 97.91060 13.18960
C 222.45600 100.97200 13.01920
C 223.37900 95.52390 13.11200
C 219.12500 100.27900 13.23100
C 227.68500 99.04360 12.91650
C 229.72400 96.72030 13.00940
C 226.59100 96.15360 12.98640
C 230.71100 99.70920 12.90700
C 236.13600 97.95780 13.12070
C 237.21400 100.88200 13.06380
C 232.87300 97.39390 13.04630
C 235.03000 94.93860 13.07420
C 233.93800 100.26600 12.94970
C 239.31500 98.61190 13.05520
C 238.26100 95.56350 13.08360
C 241.38800 96.18180 13.09740
C 242.48300 99.05370 13.15190
C 220.03700 103.24800 9.91622
C 223.24000 103.95700 9.84386
C 221.06200 106.33600 9.86881
C 224.39300 106.92800 9.83210
H 219.71800 105.09700 11.50870
H 218.77300 102.06600 11.59540
H 221.89300 102.74900 11.48980
H 222.91600 105.78300 11.42410
C 226.42600 104.55700 9.80128
C 228.65000 102.13600 9.69860
C 229.65100 105.10900 9.73277
C 227.59200 107.57000 9.82427
C 225.46400 101.52900 9.77663
H 228.23200 103.93100 11.39620
H 225.04000 103.36000 11.43760
H 229.34100 106.91400 11.38830
H 226.15900 106.36100 11.45450
H 230.39300 101.53000 11.26980
C 231.86300 102.73000 9.70628
C 233.04200 105.80200 9.76219
C 235.03500 103.25200 9.77446
C 236.25500 106.27400 9.86249
H 236.83300 102.71500 11.41840
H 233.58500 102.08500 11.34340
H 231.51000 104.57100 11.29270
H 232.58900 107.57800 11.40900
H 234.75900 105.10000 11.38250
C 238.33500 103.85500 9.82913
C 241.49700 104.46300 9.88682
C 239.37100 106.96300 9.81928
C 243.63300 102.10000 9.93170
C 242.55000 107.55400 9.83546
C 240.42900 101.61900 9.90711
H 241.14900 106.34400 11.40840
H 243.21500 103.90300 11.53980
H 244.31900 106.90200 11.36630
H 237.98400 105.72000 11.45440
H 240.02300 103.40200 11.48960
C 218.93900 108.70200 9.85751
C 222.24200 109.38000 9.78412
C 220.10900 111.62600 9.82666
C 223.22300 112.40200 9.81209
H 218.63800 110.52400 11.51320
H 220.77000 108.16600 11.42130
H 219.67500 113.48800 11.48990
H 221.86500 111.14400 11.41740
H 224.02200 108.81400 11.39450
H 222.84500 114.13700 11.44070
C 230.82400 108.17700 9.84148
C 225.51400 110.00800 9.86466
C 228.55500 110.50100 9.85767
C 226.53000 112.88300 9.87427
C 229.77300 113.45400 9.83419
H 230.41000 110.03300 11.40790
H 228.29900 112.35500 11.47460
H 227.23300 109.33600 11.52010
H 225.00000 111.81700 11.42840
C 231.91600 111.19800 9.80651
C 234.10900 108.72400 9.85012
C 237.16200 109.24900 9.90092
C 235.11300 111.77200 9.88317
C 233.01000 114.14600 9.92373
H 233.63500 110.54500 11.40680
H 234.73100 113.54400 11.53400
H 231.54200 112.92300 11.45710
H 235.74100 108.04400 11.56720
H 236.85500 111.13500 11.47210
C 238.25400 112.33800 9.85196
C 240.44500 109.90000 9.87137
C 243.54400 110.53600 9.88968
C 241.44000 112.95600 10.00450
H 237.93600 114.14900 11.53360
H 240.01600 111.67600 11.48890
H 242.19500 109.29400 11.50170
H 243.23100 112.34300 11.58060
H 239.01400 108.74500 11.49240
C 221.10900 114.78400 9.88373
C 218.93000 117.19400 9.87794
C 224.29400 115.23900 9.85361
C 222.01200 117.93200 9.97103
C 220.09200 120.18400 10.10080
C 223.22100 120.83500 10.06750
H 223.89100 117.12000 11.39960
H 220.67000 116.56600 11.52670
H 218.62600 118.97400 11.59380
H 221.84400 119.60000 11.75540
C 230.86000 116.46200 9.87618
C 227.42900 115.87300 9.79922
C 225.23600 118.43800 9.81769
C 228.65800 118.94900 9.75390
H 229.29900 115.31700 11.37070
H 226.07700 114.68000 11.47620
H 228.29800 120.74300 11.47190
H 227.10900 117.75900 11.31360
H 224.98900 120.16800 11.67270
H 230.37800 118.31500 11.39120
C 226.42700 121.36800 9.95267
C 236.12400 114.77100 9.98075
C 231.89400 119.57300 9.95622
C 234.03700 117.13900 10.03800
C 237.26400 117.68900 10.06490
C 235.06800 120.03100 10.13260
H 232.53700 115.92000 11.58600
H 236.89900 119.52100 11.68540
H 235.80000 116.56200 11.68040
H 233.50800 118.88600 11.68280
H 231.46700 121.33300 11.66700
C 238.24300 120.67300 10.01530
C 239.39200 115.36600 9.98357
C 242.43600 115.98200 10.09960
C 240.41600 118.41600 10.08370
C 243.43500 118.94900 10.04730
C 241.41200 121.37500 10.10800
H 244.26600 115.37200 11.60430
H 242.12300 117.73900 11.72780
H 243.16000 120.75600 11.68200
H 241.03200 114.71100 11.69310
H 239.03200 117.15500 11.63530
H 239.98700 120.18100 11.68190
C 222.30100 126.28300 10.00360
C 221.09500 123.27000 9.99486
C 219.06700 125.62500 9.99541
C 224.28200 123.78300 9.97347
H 221.99100 128.06300 11.63710
H 224.06800 125.60400 11.56770
H 218.78800 127.49600 11.59460
H 222.85500 122.64300 11.67640
H 220.86700 125.05200 11.62080
H 219.67800 122.06800 11.63150
C 225.42900 126.80000 9.90366
C 230.87200 125.00900 10.05320
C 227.64600 124.39900 9.90949
C 228.75500 127.29200 10.02630
C 229.80000 122.00300 9.94842
H 229.39100 123.80600 11.57800
H 230.44800 126.75600 11.71250
H 227.22100 126.17900 11.50400
H 226.11300 123.20700 11.54330
C 231.65400 127.93600 10.07930
C 232.91700 122.53300 10.03780
C 237.22200 126.20600 10.05990
C 233.99600 125.59900 10.10990
C 236.12500 123.04700 10.02260
H 236.81100 128.00500 11.79060
H 233.51900 127.42900 11.68580
H 235.81600 124.91200 11.65680
H 232.56300 124.34800 11.67830
H 234.65100 121.91800 11.66600
H 237.91100 122.47800 11.69150
C 243.58100 127.42100 10.00360
C 242.40800 124.36800 10.04600
C 239.21500 123.77800 10.07200
C 240.37000 126.87600 10.05770
H 244.22500 123.80000 11.56280
H 241.00500 123.20100 11.70380
H 242.17100 126.20900 11.61930
H 238.94100 125.61800 11.73080
C 222.29200 134.73300 10.09440
C 219.10800 134.15400 10.10120
C 223.31900 129.36100 10.01420
C 220.20700 128.70500 10.00200
C 221.28900 131.71500 10.05540
C 224.40800 132.19100 10.15160
H 220.84400 133.51000 11.69860
H 222.91300 131.08300 11.73310
H 224.04800 134.07100 11.74010
H 219.80900 130.51600 11.61940
C 230.84700 133.44900 10.16200
C 229.83100 130.43600 10.04380
C 227.56000 132.85000 10.10590
C 226.57200 129.79800 9.99658
H 226.22000 131.56300 11.66550
H 227.18600 134.63400 11.76400
H 228.38900 129.20200 11.58700
H 225.10500 128.61200 11.57290
H 229.37900 132.19900 11.65590
C 234.02100 134.07800 10.12850
C 232.99900 131.03700 10.08760
C 235.05800 128.61500 10.15340
C 237.20000 134.70700 10.10220
C 236.14000 131.62600 10.08480
H 235.81500 133.44300 11.76170
H 234.71800 130.45500 11.77330
H 231.56800 129.81900 11.64690
H 232.62600 132.82300 11.74360
C 242.54100 132.85000 10.07950
H 239.04200 134.08700 11.66670
H 240.06000 128.64400 11.66480
H 242.20000 134.62800 11.70060
C 241.48200 129.86400 10.05180
C 238.20600 129.17000 10.11440
H 243.26400 129.27200 11.65410
H 244.34300 132.24900 11.60500
H 237.90300 131.05200 11.65110
H 241.10000 131.66000 11.63230
C 239.32500 132.23400 10.06590
C 220.14800 103.30000 13.15360
C 223.29000 103.99700 13.07400
C 221.14900 106.34100 13.07670
C 224.40000 106.98700 13.04630
C 226.52200 104.56200 13.05190
C 228.70200 102.04700 12.91650
C 229.73200 105.10600 12.98750
C 227.65400 107.51000 13.10700
C 225.50000 101.55700 12.91710
C 231.76900 102.68200 12.89910
C 232.96900 105.75200 12.97220
C 234.99900 103.26900 13.00880
C 236.16900 106.20700 13.11850
C 240.37500 101.58200 13.10030
C 238.20300 103.86000 13.08860
C 241.45000 104.59200 13.08800
C 239.42300 106.91100 13.02230
C 243.57500 102.07400 13.19350
C 242.61900 107.42300 13.03010
C 219.07200 108.75300 13.12340
C 222.17400 109.31900 13.03780
C 220.12700 111.67200 13.10040
C 223.24200 112.33400 13.05460
C 230.77700 108.16200 12.94570
C 225.45500 109.97700 13.03580
C 228.63500 110.55000 13.08250
C 226.49500 112.92300 13.07190
C 229.74300 113.53800 13.07270
C 231.89400 111.11600 13.05860
C 233.95000 108.78400 13.09520
C 237.18100 109.27600 13.09120
C 235.03000 111.63800 13.09650
C 232.95300 114.04200 13.16080
C 238.25300 112.33100 13.13130
C 240.46300 109.93500 13.09940
C 243.62300 110.45400 13.07230
C 241.41400 112.78800 13.15950
C 221.06200 114.70700 13.09090
C 218.97600 117.10500 13.19390
C 224.29300 115.30800 13.02190
C 222.21300 117.68300 13.15910
C 220.02800 120.23200 13.24070
C 223.23700 120.80000 13.35430
C 230.72600 116.51000 13.06290
C 227.51800 115.93500 12.96750
C 225.37900 118.22100 13.09040
C 228.57900 118.80400 13.04720
C 226.55300 121.37700 13.17640
C 236.15500 114.65100 13.14780
C 231.60800 119.50600 13.21790
C 233.98200 117.00800 13.26720
C 237.24400 117.70200 13.25980
C 235.04700 120.05600 13.23530
C 238.26800 120.68400 13.34560
C 239.22400 115.36500 13.22270
C 242.52100 115.91200 13.24960
C 240.39200 118.40300 13.27120
C 243.51300 118.96500 13.34150
C 241.31900 121.37200 13.26110
C 221.08400 123.28600 13.31960
C 219.08400 125.65300 13.22570
C 224.36100 123.80000 13.24110
C 222.32400 126.20700 13.22550
C 227.61100 124.39900 13.13940
C 225.50500 126.76700 13.17400
C 228.59600 127.35600 13.19590
C 229.61000 121.99500 13.18300
C 230.76200 124.92000 13.28870
C 231.73900 128.00800 13.33680
C 236.14600 123.06500 13.29690
C 237.17700 126.16500 13.37870
C 232.88300 122.48000 13.28630
C 233.98800 125.53100 13.26200
C 243.58300 127.36400 13.20990
C 242.44600 124.37500 13.19540
C 239.28500 123.75500 13.33120
C 240.48600 126.81900 13.24450
C 219.03500 134.07300 13.24430
C 221.14500 131.71500 13.34000
C 223.44300 129.23600 13.28480
C 222.24700 134.69600 13.33470
C 224.46600 132.19000 13.29210
C 220.24100 128.75000 13.22880
C 230.77400 133.28400 13.31880
C 226.65600 129.70300 13.19760
C 227.65000 132.69100 13.30140
C 229.75000 130.33600 13.24010
C 234.93600 128.56700 13.33770
C 236.19100 131.57200 13.35740
C 232.91000 130.98200 13.36170
C 234.03000 134.06200 13.32490
C 237.29900 134.70000 13.27360
C 238.30400 129.27800 13.30490
C 239.37900 132.19900 13.22480
C 242.62600 132.72000 13.19790
C 241.46600 129.88100 13.26340
C 246.63000 1.32526 10.02980
C 247.75800 4.46644 10.02960
C 249.94400 1.94844 10.02050
C 244.61500 3.68578 10.07040
H 245.26700 0.18742 11.68120
H 246.41600 3.19162 11.62420
H 248.44100 0.75033 11.61960
H 249.49900 3.79102 11.61260
H 247.39800 6.21820 11.68340
C 250.92500 4.94755 10.01280
C 253.10600 2.52202 9.99072
C 256.35000 3.15433 9.99838
C 254.25500 5.54047 10.04910
C 257.41000 6.23364 10.00990
C 255.37200 0.19225 9.98602
H 251.71400 1.38163 11.65040
H 252.72900 4.36781 11.60150
H 254.90500 1.98041 11.58680
C 258.42200 0.78811 10.00340
C 261.54800 1.39552 10.00140
C 259.50200 3.79370 10.01070
C 262.64900 4.37646 10.00390
C 264.71400 2.01180 9.98769
C 267.77200 2.56275 9.98920
C 265.76000 5.05954 9.99979
C 268.94300 5.39597 10.00970
H 266.41800 1.39803 11.58540
C 269.87800 0.64373 9.97857
C 245.68600 6.86045 10.08220
C 248.83000 7.38683 10.06740
C 247.80400 12.94800 10.24140
C 246.72800 9.88007 10.11410
C 249.86000 10.45700 10.04650
C 244.62100 12.26130 10.11900
C 251.94800 7.97604 10.11790
C 255.15700 8.48800 10.03000
C 253.06700 10.91360 9.99954
C 256.28100 11.58050 10.03340
C 260.53600 6.83099 10.00820
C 263.64300 7.38589 10.00500
C 258.46600 9.16844 10.01850
C 261.58500 9.84304 10.00800
C 259.45000 12.21520 10.00790
C 262.59800 12.81490 10.00690
C 264.68600 10.45270 10.02340
C 266.75100 8.09679 10.02050
C 269.89800 8.30215 10.02830
C 267.82500 11.17810 10.03420
C 248.84400 15.86230 10.23930
C 245.73300 15.28270 10.30260
C 246.60500 18.28660 10.28770
C 249.91400 18.79190 10.12660
C 250.92200 13.48180 10.09300
C 254.14000 14.04860 10.07280
C 252.09100 16.35230 10.13260
C 257.34300 14.60680 10.00590
C 255.23300 16.92170 10.04200
C 253.06300 19.34120 9.96152
C 256.33900 20.04430 9.97511
H 258.09700 19.41160 11.57840
C 260.56000 15.18730 9.98527
C 263.69900 15.81720 9.98638
C 258.47000 17.60400 9.98087
C 261.63400 18.20900 9.96336
H 263.36900 17.66060 11.57970
H 260.22900 17.01050 11.58250
H 261.29100 20.03080 11.55570
C 265.82300 13.49460 10.01850
C 264.68300 18.88780 9.97029
C 268.98800 14.40610 10.03920
C 266.76800 16.47120 9.99858
C 269.91500 17.40420 10.01270
C 267.74600 19.49410 9.97062
H 266.37800 18.27830 11.58860
H 269.42200 18.95470 11.58840
C 244.51100 20.74640 10.40450
C 247.70200 21.15030 10.19070
C 245.53500 23.66730 10.35200
C 248.83000 24.34640 10.11950
C 246.63100 26.65010 10.21570
C 251.00600 21.78680 10.09990
H 256.05000 21.87730 11.55650
C 254.18400 22.43590 10.03740
C 251.98900 24.87440 10.09390
H 257.03500 24.86540 11.54850
C 257.48800 23.00240 9.94111
C 255.23400 25.44020 9.95887
H 251.68600 26.66450 11.79330
C 259.45300 20.55950 9.95289
C 262.63600 21.33820 9.94956
C 260.55000 23.74000 9.94228
C 263.65000 24.34580 9.95154
H 262.29500 23.09190 11.55470
H 259.18900 22.40210 11.54610
C 258.40200 26.11610 9.95021
C 261.58000 26.73420 9.95988
H 260.17000 25.52110 11.55360
H 263.33000 26.14610 11.56780
H 264.37100 20.71390 11.56820
C 265.77800 21.95980 9.95210
H 267.52100 21.37430 11.55850
C 269.09600 22.53430 9.95046
C 266.75200 25.05060 9.94764
H 265.40800 23.73760 11.55710
H 268.52500 24.35170 11.55060
C 269.86500 26.05170 9.95748
H 266.42700 26.82320 11.56070
C 244.47400 29.11200 10.38970
C 245.58800 32.14500 10.16580
C 248.91400 32.74660 10.04860
C 249.94800 27.24800 10.12800
C 247.83400 29.49850 10.14040
C 250.97000 30.26710 10.08890
C 252.99100 27.90940 10.07320
C 254.19000 30.89570 10.09260
C 257.39300 31.50960 9.98385
H 256.01500 30.30390 11.58530
C 256.34300 28.55760 9.97077
C 252.16600 33.40750 10.12110
H 254.88300 27.30340 11.50170
H 258.06600 27.85850 11.57370
H 261.16200 28.54140 11.58300
C 260.50800 32.15080 9.99707
C 262.56500 29.73730 9.98466
C 263.67600 32.74320 9.99394
C 259.42800 29.11530 9.97564
H 267.52400 29.88750 11.58020
H 269.43500 27.42890 11.57030
H 264.33500 29.15970 11.59420
H 265.42500 32.17160 11.59080
C 264.70700 27.36140 9.96702
C 266.77400 33.46600 9.98274
C 265.71500 30.39670 9.98055
C 269.09400 30.86040 9.96690
C 267.81500 28.00110 9.96191
H 268.54500 32.71620 11.57350
C 246.68900 1.34002 13.28400
C 247.78600 4.40493 13.25620
C 249.89900 1.97170 13.19990
C 244.66000 3.72909 13.23890
C 250.97800 4.91220 13.21090
C 255.34700 0.16153 13.22390
C 253.21300 2.54555 13.23810
C 256.41600 3.11693 13.21360
C 254.20000 5.53517 13.24570
H 256.03700 4.98632 11.60890
C 257.44800 6.18745 13.22760
H 258.10200 2.58415 11.61550
C 258.42600 0.74925 13.21920
C 261.58400 1.33427 13.21640
C 259.55200 3.81649 13.22760
C 262.68800 4.40495 13.22050
H 259.16600 5.62447 11.61820
H 263.30100 0.81182 11.59780
H 261.26000 3.21598 11.62320
H 262.27600 6.18750 11.61090
H 260.16200 0.21059 11.60570
C 269.90700 0.52568 13.19960
H 264.41800 3.81720 11.60300
C 264.69200 2.02759 13.20290
C 267.78700 2.56541 13.20390
C 265.75400 5.12349 13.21450
C 269.02000 5.64074 13.22590
H 269.48000 2.13390 11.59670
H 267.49100 4.51995 11.60790
C 245.64400 6.83952 13.26340
C 248.80900 7.40430 13.24950
C 246.72900 9.77950 13.34550
C 247.84700 12.82800 13.46630
C 249.88600 10.31720 13.33570
C 244.54100 12.21440 13.41210
H 248.46500 9.22673 11.66150
H 246.35600 11.68510 11.79910
H 250.56000 6.76090 11.65550
H 249.57800 12.21420 11.77050
H 245.30400 8.65118 11.72680
C 251.95800 8.00131 13.24340
H 257.02500 8.04823 11.62940
C 255.22200 8.61962 13.25930
C 253.01900 11.00530 13.24750
C 256.33500 11.58260 13.24890
H 254.83400 10.41250 11.64250
H 252.69800 12.77700 11.56340
H 251.58900 9.81348 11.65120
H 253.75500 7.35633 11.68320
C 260.57300 6.75584 13.22390
H 258.08800 10.99760 11.63100
C 263.66100 7.39731 13.22290
C 258.45900 9.22733 13.23470
C 261.53900 9.85412 13.22400
C 259.45500 12.26090 13.22430
C 262.58900 12.84560 13.22260
H 260.20200 8.56758 11.61890
H 263.31600 9.20499 11.61860
H 261.20000 11.62080 11.61340
H 265.39700 6.84854 11.61150
H 264.36700 12.29810 11.63240
C 264.72100 10.42590 13.24020
C 266.76700 8.10131 13.23600
H 268.51800 7.49275 11.63130
H 267.60300 13.01410 11.64160
C 269.98300 8.90247 13.24850
C 267.86900 11.09800 13.25130
H 269.51200 10.58660 11.64430
H 266.44500 9.89337 11.64190
C 248.96300 15.96400 13.44750
C 245.60800 15.15570 13.50000
C 246.76200 18.27510 13.48200
C 250.00300 18.87870 13.38960
H 248.51900 17.71910 11.80430
H 245.24600 17.03290 11.97080
H 247.48200 14.67950 11.94040
H 250.67000 15.23860 11.79750
H 246.30500 20.05530 11.87620
C 251.01500 13.35610 13.31680
H 255.97000 13.42160 11.62930
C 254.14000 13.89090 13.20900
C 252.14100 16.43370 13.37480
H 257.02300 16.42470 11.60600
C 257.43500 14.60720 13.22020
C 255.31800 17.02430 13.27330
C 253.25900 19.43890 13.24170
H 253.85400 15.81550 11.73510
H 254.91800 18.80310 11.59520
H 251.73600 18.20170 11.69260
C 256.35900 20.08500 13.19030
C 260.54600 15.22590 13.20200
C 263.64500 15.87560 13.20240
H 259.14700 14.04970 11.60380
H 262.29000 14.65110 11.59640
C 258.50900 17.60700 13.19590
C 261.65400 18.25310 13.18020
C 265.83300 13.55130 13.23460
C 264.67800 18.95070 13.18730
H 268.54600 15.88750 11.62790
C 266.76200 16.53770 13.21620
H 265.39800 15.30730 11.60740
C 269.15700 13.97030 13.25600
C 269.92100 17.46840 13.23350
C 267.73400 19.49670 13.18640
C 244.65500 20.67250 13.63300
C 247.79600 21.33850 13.34610
C 245.82100 23.67300 13.46070
C 248.84500 24.30690 13.25410
C 246.81400 26.70490 13.43870
H 245.23600 25.55180 11.92130
H 247.40600 23.08710 11.66890
H 249.53800 20.67970 11.73090
H 250.57900 23.67130 11.69860
H 248.43500 26.14930 11.68750
C 251.09600 21.81870 13.25190
C 254.20600 22.39410 13.15560
C 252.09100 24.74780 13.34240
C 257.49100 23.13540 13.15880
C 255.28500 25.50270 13.19690
H 252.76300 21.18880 11.56830
H 253.80900 24.26990 11.65880
C 259.48000 20.66150 13.16740
C 262.62100 21.31830 13.16990
C 260.52700 23.64430 13.15950
C 263.68700 24.29660 13.16790
C 258.42900 26.09100 13.16620
C 261.56500 26.72160 13.17650
C 269.93000 25.89830 13.17710
C 265.81900 21.90360 13.16940
C 269.09000 22.38490 13.16690
C 266.81400 25.02370 13.16450
C 244.61400 29.10690 13.47680
C 249.88100 27.18480 13.38150
C 245.86900 32.04880 13.38400
C 247.88000 29.70090 13.32000
C 248.85900 32.59210 13.28440
H 246.33700 28.50640 11.84920
H 250.69500 32.11740 11.68480
H 247.51100 31.43750 11.57740
H 249.65500 29.05010 11.76650
C 251.11400 30.25680 13.30090
C 252.09000 33.38010 13.33170
C 253.15200 27.84030 13.17550
H 257.04500 33.32120 11.59560
C 257.36900 31.45890 13.20050
C 254.29900 30.87460 13.26990
C 256.32000 28.47370 13.18760
H 252.80400 29.74040 11.64060
H 253.85700 32.71880 11.75440
H 259.16000 30.91190 11.59740
C 259.40100 29.09540 13.19430
C 263.68100 32.71710 13.20950
C 262.52700 29.69800 13.20260
C 260.51400 32.18600 13.21350
H 262.24000 31.54320 11.60230
C 267.80300 28.00440 13.17870
C 269.05600 31.17860 13.18310
C 266.79000 33.42910 13.19780
C 264.67600 27.33550 13.18190
C 265.73600 30.35160 13.19540
C 246.71600 35.17110 10.23580
C 247.79100 38.18560 10.26920
C 249.86900 35.74650 10.10300
C 244.57900 37.60980 10.26650
C 250.98200 38.74570 10.13150
C 253.22100 36.37160 10.14120
C 256.28900 36.93880 10.02120
C 254.19300 39.33190 10.03950
C 257.44900 39.98930 10.03750
C 255.23900 33.85180 10.10870
C 258.41400 34.47360 10.00490
C 261.53300 35.24110 10.00630
C 259.50000 37.53260 10.02090
C 262.62600 38.25560 10.02760
C 269.73200 34.48320 9.96920
C 264.59700 35.81540 10.01210
C 267.65800 36.54930 9.99555
C 265.69300 38.87890 10.02040
C 269.02300 39.21260 10.00550
H 269.35900 35.55770 11.59220
C 245.64700 40.62130 10.30790
C 248.76700 41.18710 10.21620
C 246.67500 43.61880 10.27830
C 249.87900 44.10850 10.15680
C 247.77000 46.56450 10.01360
C 244.48300 45.83360 10.08720
C 251.95100 41.83940 10.01570
C 255.19700 42.39260 10.04240
C 253.09100 44.92760 10.08490
C 256.28200 45.35190 10.02760
C 260.53600 40.61550 10.02880
C 263.56000 41.18630 10.02390
C 258.29500 43.07410 10.03380
C 261.45200 43.68560 10.01490
C 259.42600 46.04690 10.01790
C 262.61600 46.68180 10.00090
C 264.57400 44.34190 10.00620
C 266.73600 41.81920 10.01100
C 267.68900 44.81920 10.00660
C 269.81800 42.90710 10.00860
C 248.91300 49.64780 10.01130
C 245.66000 48.93860 9.85634
C 246.68900 51.92510 9.86047
C 249.93800 52.59010 9.97514
H 246.32900 53.91950 11.25670
C 250.99700 47.34770 10.08130
C 254.24000 47.95260 10.07350
C 252.03700 50.16290 10.12530
C 257.31200 48.41480 10.01410
C 255.12100 50.77850 10.07300
C 253.08700 53.18080 10.00260
C 256.28300 53.93580 10.00020
C 260.50800 49.16540 10.00980
C 263.64400 49.64350 9.99606
C 258.37600 51.49910 10.00790
C 261.50400 52.22210 10.00470
C 265.65200 47.35660 9.99908
C 266.80600 50.26590 9.99203
C 268.90200 47.66920 10.00120
C 264.60500 52.69920 9.98971
C 269.82500 51.33070 9.98143
C 267.71500 53.39110 9.98294
H 269.38700 52.71680 11.59150
C 244.63600 54.50050 9.67417
C 247.79300 55.06790 9.73611
C 245.58000 57.53120 9.75555
C 248.86700 58.08440 9.88950
C 246.80300 60.37850 9.85748
H 247.34600 56.85580 11.33490
H 248.39300 59.87600 11.54710
H 250.65200 57.51130 11.48140
H 245.23800 59.31580 11.42640
C 250.98800 55.75280 9.85953
C 254.19300 56.35690 9.92349
C 252.05100 58.80990 9.97941
C 257.34800 56.86750 9.99737
C 255.22800 59.32570 10.04670
H 251.72900 60.54380 11.71190
H 253.77800 58.13110 11.59560
C 259.41600 54.58270 10.00500
C 262.56800 55.13960 9.99606
C 260.48500 57.49510 9.99676
C 263.68900 58.04830 9.98365
C 258.39100 59.91220 9.98930
C 261.51200 60.50390 9.97598
H 263.26700 59.91820 11.57970
C 265.78700 55.79980 9.98335
C 269.07300 56.25940 9.97201
C 266.73200 58.78060 9.97286
H 267.57100 55.34160 11.58900
H 268.58300 58.29030 11.57420
H 265.41800 57.55910 11.59280
C 269.98500 59.80800 9.95684
H 266.38400 60.57360 11.57680
C 244.54400 62.80730 9.81737
C 249.97400 61.08970 10.06160
C 248.81500 66.48850 9.94371
C 245.70700 65.83210 9.94093
C 247.89600 63.41550 9.97551
H 246.31200 62.24560 11.44120
H 250.59300 65.96330 11.51620
H 247.44800 65.26200 11.61910
H 249.63100 62.92750 11.65400
C 250.97500 64.11680 9.93834
C 256.43700 62.44720 9.98961
C 252.00900 67.09570 9.87595
C 254.23800 64.67330 9.90199
C 257.38300 65.47030 9.99374
C 253.11200 61.60920 9.97849
H 253.86600 66.62320 11.43190
H 252.75800 63.52580 11.51550
H 261.25500 62.36950 11.57410
C 262.65300 63.61680 9.97329
C 260.55900 66.08390 9.98890
C 263.76100 66.58660 9.98244
H 262.31200 65.39580 11.59000
C 259.50900 63.05260 9.97967
H 268.60800 66.72000 11.57810
H 264.42900 63.08330 11.58100
H 269.50300 61.38390 11.57070
C 265.84100 64.37010 9.97418
C 264.62100 61.21930 9.97189
C 266.89900 67.37390 9.97605
H 265.49600 66.10400 11.58480
H 267.58000 63.77700 11.58060
C 269.09800 65.22420 9.97489
C 267.79800 61.84070 9.96707
C 246.85500 35.12230 13.43300
C 247.84000 38.18090 13.45380
C 249.95200 35.70320 13.38720
C 244.61000 37.60140 13.51870
H 245.32300 33.93320 11.85240
H 247.45000 40.04810 11.88700
H 246.34000 36.98700 11.87110
H 249.58500 37.56150 11.85330
H 248.52500 34.51950 11.75500
C 251.04600 38.78920 13.38690
C 253.27400 36.34880 13.25210
C 256.34500 36.96620 13.23810
C 254.28100 39.38370 13.23660
H 256.00200 38.74380 11.63870
C 257.44700 39.90050 13.25300
C 255.33900 33.93020 13.27810
H 252.78400 38.20630 11.74240
H 254.93000 35.74780 11.66570
H 251.68700 35.19690 11.68990
H 260.17000 33.97840 11.61410
H 258.07800 36.31350 11.62820
C 258.40800 34.44220 13.22090
C 261.57300 35.17490 13.22370
C 259.50600 37.51640 13.23710
H 263.29100 34.55260 11.61190
H 261.27200 37.00760 11.62010
C 262.61100 38.17680 13.24390
H 259.18500 39.31930 11.63840
H 262.28400 39.95240 11.64380
H 264.36300 37.61300 11.64160
C 269.77900 34.32380 13.18740
C 264.65300 35.79390 13.22770
C 267.72300 36.53400 13.21220
C 265.70000 38.88680 13.23650
C 268.99700 39.69880 13.22420
H 266.37200 35.23670 11.60610
H 267.49400 38.33860 11.61270
C 245.68300 40.60280 13.51820
C 248.97200 41.17100 13.46330
C 246.72900 43.77300 13.44630
C 249.97200 44.30380 13.32310
C 247.83200 46.67250 13.19200
C 244.56500 46.11640 13.28240
H 248.48600 43.03490 11.87840
H 250.68300 40.60290 11.71990
H 245.25300 42.47470 11.96210
H 249.60600 46.06460 11.58630
H 246.32000 45.43850 11.67820
C 252.17400 41.79900 13.28470
H 257.01600 41.76660 11.65610
C 255.24400 42.36180 13.21850
C 253.11200 44.94970 13.32440
C 256.34400 45.37530 13.24390
H 254.83100 44.24470 11.69860
H 251.72100 43.65970 11.71330
H 252.77900 46.71460 11.63920
H 253.82000 41.20350 11.55160
C 260.57100 40.61250 13.24520
H 258.00800 44.87910 11.63740
C 263.62200 41.21610 13.24140
C 258.37800 43.04150 13.24920
C 261.45100 43.71270 13.23170
H 260.09600 42.42770 11.63140
H 263.19200 43.05830 11.62380
C 259.43800 46.03760 13.23440
C 262.60500 46.66710 13.21780
H 261.20200 45.51420 11.61430
H 265.33900 40.63130 11.62960
H 264.31800 46.07540 11.60480
C 266.71200 41.80730 13.22790
H 268.54000 41.20960 11.61440
C 264.57700 44.30410 13.22320
C 267.70300 44.92620 13.22520
H 269.39800 44.32620 11.61510
C 269.87600 42.72670 13.22930
H 266.29900 43.61540 11.61500
H 267.37800 46.79820 11.61660
C 248.74000 49.69830 13.23990
C 245.65400 49.04400 13.14680
C 246.65500 52.18060 12.98610
C 249.84700 52.68410 13.13890
H 247.39500 48.42540 11.53400
H 250.59500 49.06440 11.77880
H 248.41800 51.44110 11.57090
H 245.26900 50.77700 11.47620
C 251.02100 47.19810 13.29220
H 255.92200 47.19570 11.62270
C 254.22100 47.84240 13.29900
C 252.06600 50.26180 13.32370
H 256.97200 50.27340 11.61940
C 257.27900 48.45040 13.23190
C 255.24900 50.87640 13.31780
C 253.05900 53.29340 13.16840
C 256.30100 53.97440 13.21690
H 251.66000 52.03310 11.66330
H 253.83000 49.67390 11.75970
H 254.88600 52.66490 11.64440
H 258.08700 53.31200 11.61140
C 260.53100 49.15150 13.22850
H 262.23300 48.46770 11.60980
C 263.60900 49.66810 13.21470
H 259.10100 47.92420 11.62710
C 258.42500 51.48880 13.22590
H 260.14000 50.96430 11.62050
C 261.49700 52.12390 13.22250
H 263.22300 51.48030 11.60370
H 261.18100 53.99230 11.61510
C 265.66400 47.37140 13.21650
C 266.78600 50.29090 13.20920
C 268.91000 48.16810 13.22060
H 268.54100 49.67670 11.60410
H 265.31500 49.12980 11.60200
C 264.60200 52.63160 13.20620
C 269.79100 51.35110 13.19990
C 267.72000 53.47060 13.20060
H 266.36500 52.06960 11.59600
C 244.58800 54.49830 12.84360
C 247.70000 55.08480 12.98670
C 245.56200 57.43780 12.93210
C 248.76000 58.00270 12.99020
C 246.65800 60.42220 13.10020
H 249.54800 54.50120 11.45830
C 250.98100 55.68320 13.07500
C 254.13200 56.24080 13.15070
C 251.98700 58.61910 13.22800
H 255.92800 55.74870 11.60110
H 257.01100 58.70600 11.60330
C 257.30100 56.86980 13.21480
C 255.24900 59.39570 13.15530
H 252.79300 55.09310 11.44100
C 259.41400 54.55560 13.22220
C 262.58000 55.16960 13.21400
C 260.52600 57.58080 13.21490
C 263.70300 58.11760 13.20090
H 259.08400 56.36570 11.61490
H 262.26200 56.98760 11.60360
C 258.35000 59.94580 13.20950
C 261.50500 60.55300 13.19160
H 260.12600 59.32420 11.59840
H 264.33300 54.56000 11.59570
C 270.02200 59.86000 13.17560
C 265.79800 55.76690 13.20210
C 269.07500 56.68690 13.19170
C 266.75800 58.79340 13.19000
C 244.61400 62.79830 13.07000
C 247.73000 63.32310 13.17310
C 249.81300 61.05250 13.19500
C 248.89600 66.52980 13.19870
C 245.55800 65.94390 13.07450
C 251.04000 64.25710 13.14090
C 257.40600 65.45780 13.21090
C 253.19000 61.79450 13.23570
H 255.97200 64.26870 11.60140
C 254.10800 64.80550 13.11680
C 256.39000 62.42360 13.20760
H 257.05400 67.25090 11.60940
C 252.13800 67.05550 13.11760
H 254.93600 61.23770 11.56270
C 260.58600 65.99840 13.20550
C 259.46800 63.00600 13.19570
H 258.10800 61.80080 11.59580
C 262.64300 63.51530 13.18990
C 263.76800 66.59870 13.19980
H 259.15200 64.83050 11.59560
C 265.81100 64.41110 13.18880
C 269.12100 65.08810 13.19130
C 264.67300 61.17280 13.18730
C 267.80000 61.81960 13.18330
C 266.84200 67.40220 13.18880
C 246.80700 68.80410 9.82566
C 247.86300 71.92410 9.77443
C 249.96200 69.48280 9.92342
C 244.64700 71.25980 9.70734
H 246.40000 70.70530 11.30670
H 249.61300 71.38590 11.43840
H 245.26600 67.76720 11.45450
H 248.49200 68.33440 11.56100
H 247.48700 73.72130 11.34530
C 251.07500 72.61180 9.81120
C 255.41000 67.85380 9.95239
C 253.21000 70.05820 9.94242
C 256.37900 70.80740 9.99838
C 254.27000 73.26000 9.96182
C 257.40900 73.79780 10.00990
H 251.75500 68.90810 11.55610
H 252.76800 72.00080 11.46830
C 258.47700 68.44320 10.00340
C 261.64400 68.99230 10.00140
C 259.62800 71.40210 10.01070
C 262.74000 72.04450 10.00390
C 270.04300 68.22630 9.97857
C 264.74200 69.76160 9.98769
C 267.90000 70.36070 9.98920
C 265.88300 72.72440 9.99979
C 269.06300 73.58780 10.00970
H 266.47100 69.10210 11.58540
C 245.84200 74.32670 9.60497
C 248.95400 74.86600 9.72649
C 247.93300 80.37970 9.73802
C 246.88200 77.46580 9.58043
C 250.04100 78.01550 9.80603
C 244.59800 79.78410 9.70053
H 250.65700 74.40010 11.47170
H 248.56500 76.72800 11.24430
H 245.39200 76.13700 11.09690
H 246.42800 79.17100 11.22530
H 249.65800 79.81540 11.40600
C 252.14000 75.54470 9.89228
C 255.28300 76.18360 10.04190
C 253.27000 78.60070 10.00250
C 256.31200 79.21790 10.03340
H 253.86100 75.01150 11.57900
H 251.70800 77.37230 11.50470
C 260.53300 74.44320 10.00820
C 263.69700 75.03700 10.00500
C 258.46500 76.85060 10.01850
C 261.55900 77.47640 10.00800
C 259.37400 79.91040 10.00790
C 262.69500 80.42390 10.00690
C 264.73800 78.12030 10.02340
C 266.88100 75.68080 10.02050
C 270.02500 76.53720 10.02830
C 267.85100 78.73160 10.03420
C 248.98300 83.26420 9.83800
C 245.78700 82.67020 9.78214
C 246.74400 85.73300 9.79756
C 249.93700 86.40060 9.82688
H 245.27300 84.53780 11.42300
H 250.70800 82.77230 11.50850
H 248.51300 85.14710 11.42060
H 246.34800 87.61780 11.37150
H 247.52000 82.13090 11.39060
C 251.14400 81.01310 9.85462
C 254.21400 81.61870 9.98647
C 252.14200 83.98070 9.92557
C 257.26200 82.28890 10.00590
C 255.36400 84.64510 9.99537
C 253.21800 87.09230 9.88275
C 256.42600 87.62590 9.97511
H 251.73700 85.88650 11.44070
H 258.16400 87.08620 11.57840
C 260.54000 82.88300 9.98527
C 263.69800 83.42470 9.98638
C 258.47900 85.26670 9.98087
C 261.68700 85.87430 9.96336
H 263.41500 85.29000 11.57970
H 260.21700 84.68970 11.58250
H 261.38400 87.72510 11.55570
C 265.84600 81.07090 10.01850
C 264.76700 86.55500 9.97029
C 269.07800 81.93160 10.03920
C 266.90200 84.07720 9.99858
C 270.00500 84.93440 10.01270
C 267.91100 87.07880 9.97062
H 266.47300 85.86880 11.58860
H 269.55700 86.56730 11.58840
C 244.63200 88.24910 9.75312
C 247.78900 88.76180 9.75348
C 245.71300 91.23350 9.76793
C 248.91200 91.93540 9.67884
C 246.79700 94.37670 9.78699
H 247.53700 90.65090 11.34810
H 245.33900 93.12680 11.35280
H 250.66000 91.32340 11.25980
H 249.56900 88.29250 11.40460
H 248.55900 93.71610 11.37500
C 251.00900 89.44040 9.71736
H 256.09600 89.50590 11.55650
C 254.31500 89.98950 9.87690
C 252.15500 92.48860 9.79093
H 257.11200 92.52540 11.54850
C 257.49400 90.74990 9.94111
C 255.36100 93.15060 9.93888
H 252.70900 88.90390 11.46220
H 251.80200 94.32200 11.46030
H 253.92700 91.87450 11.41670
C 259.55500 88.25780 9.95289
C 262.75000 88.90300 9.94956
C 260.55700 91.29250 9.94228
C 263.77200 91.95090 9.95154
H 262.34300 90.72020 11.55470
H 259.23300 90.06180 11.54610
C 258.50900 93.73160 9.95021
C 261.59100 94.32840 9.95988
H 260.23800 93.10450 11.55360
H 263.29600 93.73280 11.56780
H 264.45700 88.32380 11.56820
C 265.88100 89.47760 9.95210
H 267.62600 89.01920 11.55850
C 269.11200 89.96450 9.95046
C 266.86500 92.78240 9.94764
H 265.50700 91.38320 11.55710
H 268.67300 91.93060 11.55060
C 269.91300 92.78020 9.95748
H 266.44800 94.45620 11.56070
C 244.55600 96.77730 9.94077
C 250.06500 94.85030 9.83805
C 248.91000 100.27300 9.85716
C 245.70900 99.77590 9.97468
C 247.82500 97.37740 9.82311
H 246.42900 96.16120 11.45720
H 247.51700 99.09940 11.48180
H 249.58900 96.69410 11.42470
H 250.66200 99.72860 11.43450
C 251.08500 97.88190 9.87227
C 252.14100 100.96900 9.90581
C 257.42300 99.09620 9.98385
C 253.28700 95.50670 9.86398
H 256.03000 97.89420 11.58530
C 254.39200 98.58050 9.89328
C 256.35900 96.10080 9.97077
H 254.96500 94.90380 11.56250
H 252.88900 97.35980 11.44590
H 253.92000 100.36900 11.45690
H 258.15100 95.56370 11.57370
C 259.53900 96.76700 9.97564
H 261.25700 96.13350 11.58300
C 260.59100 99.71520 9.99707
C 262.62800 97.32700 9.98466
C 263.68500 100.38800 9.99394
C 266.79800 101.09000 9.98274
H 269.53700 95.14530 11.57030
C 264.67800 95.04420 9.96702
C 265.80300 98.01520 9.98055
C 267.86800 95.72370 9.96191
H 265.42700 99.83110 11.59080
C 269.08600 98.95600 9.96690
H 267.61900 97.56810 11.58020
H 264.39000 96.82910 11.59420
H 268.63400 100.48900 11.57350
C 246.71700 69.03970 13.05610
C 247.73800 71.89750 12.94360
C 250.02100 69.57040 13.11840
C 244.64400 71.38040 12.88110
C 251.02700 72.59390 13.09750
C 255.22900 67.82000 13.15030
C 253.13700 70.19610 13.16120
C 256.36200 70.79320 13.21360
C 254.17300 73.18290 13.16190
H 256.00600 72.60750 11.60890
C 257.42200 73.78590 13.22760
H 254.94900 69.65520 11.59370
H 260.20600 67.83620 11.60570
H 258.11600 70.26350 11.61550
C 258.50300 68.43270 13.21920
C 261.64100 68.96660 13.21640
C 259.56300 71.37820 13.22760
C 262.75600 72.02530 13.22050
H 259.16500 73.22530 11.61820
H 263.40300 68.43990 11.59780
H 261.31200 70.81760 11.62320
H 262.32400 73.83540 11.61090
H 264.49200 71.47530 11.60300
C 264.74900 69.68150 13.20290
C 267.87400 70.31190 13.20390
C 265.86600 72.71980 13.21450
C 269.06700 73.56160 13.22590
H 269.55400 69.76220 11.59670
H 267.61900 72.20140 11.60790
C 270.00400 68.21460 13.19960
C 245.65500 74.44670 12.86500
C 248.79600 74.99250 12.96430
C 246.77600 77.28570 12.78280
C 247.78900 80.25570 12.93200
C 249.80700 77.91860 12.96890
C 244.56800 79.71900 12.81030
C 252.05400 75.57750 13.11390
H 257.04200 75.62440 11.62940
C 255.23300 76.09520 13.23870
C 253.05400 78.66870 13.13480
C 256.31000 79.28060 13.24890
H 254.93600 77.99710 11.68780
H 252.76500 80.40400 11.54580
C 260.57100 74.39090 13.22390
H 258.07300 78.65410 11.63100
C 263.68300 75.07380 13.22290
C 258.48500 76.82820 13.23470
C 261.58400 77.50540 13.22400
C 259.44800 79.96590 13.22430
C 262.63400 80.44560 13.22260
H 260.20200 76.22980 11.61890
H 263.33100 76.89830 11.61860
H 261.17300 79.31960 11.61340
H 265.45100 74.47510 11.61150
H 264.40500 79.92810 11.63240
C 264.69100 78.08090 13.24020
C 266.85900 75.69710 13.23600
H 268.67600 75.06710 11.63130
H 267.58400 80.61450 11.64160
C 269.96600 76.72270 13.24850
C 267.84100 78.74000 13.25130
H 269.53200 78.23910 11.64430
H 266.47700 77.43510 11.64190
C 248.89800 83.33420 13.04760
C 245.75600 82.77270 13.04400
C 246.73100 85.83750 13.01920
C 249.86700 86.44280 13.04680
C 250.96100 80.98330 13.10400
H 255.92200 81.01410 11.62930
C 254.09000 81.68220 13.13690
C 252.08200 84.08490 13.06430
H 257.09200 84.09300 11.60600
C 257.26300 82.28330 13.22020
C 255.33700 84.63570 13.18350
C 253.05700 87.07940 13.12740
H 254.93900 86.49900 11.58010
H 253.90100 83.49780 11.57390
C 256.39400 87.64880 13.19030
C 260.52200 82.86070 13.20200
C 263.70600 83.44850 13.20240
H 259.02400 81.76090 11.60380
H 262.26700 82.24250 11.59640
C 258.49400 85.25470 13.19590
C 261.65000 85.90120 13.18020
C 265.82200 81.19640 13.23460
C 264.76000 86.54640 13.18730
H 268.63500 83.48970 11.62790
C 266.84100 84.11070 13.21620
H 265.43400 82.87490 11.60740
C 269.17600 81.70540 13.25600
C 269.94700 85.03180 13.23350
C 267.82200 87.19130 13.18640
C 244.62500 88.24070 13.02550
C 247.74200 88.82070 13.00860
C 245.78100 91.30880 12.97760
C 248.97900 91.90920 12.93820
C 246.76200 94.18590 12.98700
C 250.90300 89.60900 12.98220
C 254.22300 90.03210 13.06460
C 252.09100 92.42200 12.94940
C 257.49400 90.70470 13.15880
C 255.30900 93.08210 13.12170
C 259.64900 88.28830 13.16740
C 262.77400 88.90380 13.16990
C 260.56600 91.28750 13.15950
C 263.72400 91.88500 13.16790
C 258.46600 93.70410 13.16620
C 261.58400 94.31600 13.17650
C 265.86400 89.56840 13.16940
C 269.05800 90.44310 13.16690
C 266.90700 92.62730 13.16450
C 270.03900 93.47950 13.17710
C 251.05000 97.87110 13.01240
C 247.88600 97.30120 13.10840
C 244.68700 96.63980 13.13810
C 249.95000 94.90780 13.04200
C 245.78900 99.68740 13.15280
C 248.96800 100.27000 13.09070
C 257.40400 99.13250 13.20050
C 254.26000 98.56240 13.09730
C 252.12400 100.83400 13.03210
C 256.36800 96.08610 13.18760
H 257.07300 100.92100 11.59560
C 253.12500 95.52290 13.10800
H 259.16800 98.53620 11.59740
C 263.71300 100.43200 13.20950
C 259.52400 96.72850 13.19430
H 262.33200 99.16960 11.60230
C 262.63000 97.31730 13.20260
C 260.56200 99.68750 13.21350
C 269.08700 98.98590 13.18310
C 266.85700 101.12600 13.19780
C 264.65600 95.03470 13.18190
C 267.83900 95.63710 13.17870
C 265.82900 98.07450 13.19540
C 246.79400 102.63300 9.93781
C 247.87100 105.61200 9.87863
C 249.90500 103.26100 9.90203
C 244.65800 105.03500 9.87725
H 245.39500 101.56200 11.61490
H 246.42400 104.50200 11.48080
H 247.47300 107.49700 11.42090
H 249.58200 105.08200 11.49980
H 248.54700 102.08900 11.51660
C 251.13800 106.31100 10.03870
C 255.36900 101.57600 9.89459
C 253.21100 104.02300 10.02640
C 256.46200 104.48100 10.02120
C 254.26700 106.90200 10.07070
C 257.44400 107.55800 10.03750
H 251.72100 102.75600 11.53040
C 258.47000 102.19100 10.00490
C 261.58200 102.80200 10.00630
C 259.50700 105.17000 10.02090
C 262.67700 105.70000 10.02760
C 264.73000 103.41800 10.01210
C 267.89100 104.07000 9.99555
C 265.83300 106.46600 10.02040
C 269.17000 106.88100 10.00550
H 269.55200 103.60200 11.59220
C 269.94200 102.03500 9.96920
C 244.68000 113.54500 9.99537
C 245.80000 108.10000 9.77561
C 248.96700 108.62200 9.98680
C 246.89000 111.22600 9.89760
C 250.05700 111.74000 9.91873
C 247.77100 114.19000 9.97107
H 249.62900 113.58000 11.47380
H 246.40800 112.91200 11.59300
H 245.38500 109.95500 11.37310
H 248.61800 110.54500 11.55740
H 250.70700 108.13200 11.66460
C 252.13500 109.36100 10.07810
C 255.34100 110.03600 10.06620
C 253.12400 112.29800 10.02570
C 256.32200 112.97300 10.02760
H 251.73800 111.17400 11.68490
C 260.56400 108.12200 10.02880
C 263.64000 108.77800 10.02390
C 258.46200 110.55200 10.03380
C 261.61700 111.16600 10.01490
C 259.45400 113.62700 10.01790
C 262.75200 114.30100 10.00090
C 264.76000 111.96400 10.00620
C 266.82200 109.40800 10.01100
C 267.87200 112.53700 10.00660
C 269.98500 110.35900 10.00860
C 248.92300 117.15600 10.05170
C 245.67400 116.54000 9.99761
C 246.76100 119.49100 10.11420
C 249.94800 120.16400 10.08010
H 248.54400 118.97000 11.70160
H 246.38200 121.38500 11.64400
H 245.20700 118.33900 11.65640
H 247.47200 115.95900 11.66710
H 250.69600 116.66700 11.64380
C 251.13000 114.84700 10.01990
C 254.29700 115.36900 9.93616
C 252.04600 117.77200 9.98210
C 257.45600 115.96700 10.01410
C 255.27300 118.41500 10.00010
C 253.17100 120.84000 10.04150
C 256.40100 121.46400 10.00020
C 260.57100 116.68100 10.00980
C 263.73900 117.32600 9.99606
C 258.43200 119.04300 10.00790
C 261.62600 119.62500 10.00470
C 265.98900 114.96700 9.99908
C 264.72000 120.36400 9.98971
C 266.79000 117.96700 9.99203
C 269.26500 115.68400 10.00120
C 269.84500 119.06900 9.98143
C 267.80500 120.99500 9.98294
H 269.52300 120.48300 11.59150
C 244.59800 121.90500 10.03640
C 247.75500 122.56000 10.05330
C 245.73600 124.97300 10.03260
C 248.90100 125.61500 10.12780
C 246.81200 127.90100 10.00120
H 249.55900 121.96700 11.59460
H 247.48200 124.37000 11.73170
H 248.52200 127.40400 11.70890
H 245.34100 126.78300 11.59150
H 250.67400 125.00900 11.68520
C 250.96000 123.19800 10.04460
C 254.21100 123.79500 10.05010
C 252.03800 126.20400 9.97764
C 257.40400 124.37600 9.99737
C 255.27800 126.83300 10.00060
H 252.74000 122.63800 11.64260
H 251.69800 128.01500 11.63860
C 259.43300 122.00700 10.00500
C 262.61600 122.63800 9.99606
C 260.48500 125.03600 9.99676
C 263.58100 125.57500 9.98365
C 258.41900 127.41000 9.98930
H 263.28100 127.41900 11.57970
C 261.55000 127.95600 9.97598
C 265.77900 123.26600 9.98335
C 269.05700 123.99200 9.97201
C 266.67500 126.29200 9.97286
H 267.55700 122.90200 11.58900
H 268.48100 125.78100 11.57420
H 265.36500 125.06900 11.59280
C 269.86800 127.25700 9.95684
H 266.39900 128.07500 11.57680
C 244.67300 130.43600 9.99331
C 249.90400 128.54200 10.03710
C 247.89300 130.94200 9.94542
C 245.61000 133.56200 9.94938
C 248.90700 134.04700 9.94523
H 249.57400 130.41700 11.63160
H 246.41200 129.76900 11.53380
H 250.67400 133.49100 11.61270
H 247.38200 132.83500 11.46580
C 250.91100 131.69000 10.00370
C 257.41200 132.85100 9.99374
C 256.38100 129.88000 9.98961
C 254.24300 132.20400 10.02410
C 252.19200 134.73500 10.01110
C 253.04300 129.17400 9.95756
H 253.94000 134.08600 11.57330
H 252.73500 131.04500 11.55650
H 262.23600 132.83500 11.59000
C 263.65800 134.12400 9.98244
C 262.52700 131.00600 9.97329
C 259.37800 130.45600 9.97967
H 261.13100 129.83200 11.57410
C 260.47700 133.57400 9.98890
H 269.49100 128.71500 11.57070
C 269.07800 132.60600 9.97489
C 267.78000 129.33400 9.96707
H 268.52100 134.18300 11.57810
H 267.55500 131.27700 11.58060
H 265.36400 133.51600 11.58480
C 265.78900 131.73300 9.97418
C 266.72800 134.77800 9.97605
C 264.62100 128.68000 9.97189
H 264.32500 130.47600 11.58100
C 246.85000 102.82400 13.14820
C 247.81000 105.70500 13.07090
C 249.90500 103.27700 13.14700
C 244.63500 105.14500 13.03570
C 250.96300 106.19800 13.21980
C 255.25500 101.45000 13.18530
C 253.16500 103.83200 13.25140
C 256.41600 104.49800 13.23810
C 254.37000 106.97100 13.30890
H 256.06900 106.33800 11.63870
C 257.43400 107.51900 13.25300
H 252.81700 105.77700 11.74680
H 254.94600 103.29100 11.61650
H 260.22700 101.52800 11.61410
H 258.16900 103.93300 11.62820
C 258.46400 102.21200 13.22090
C 261.61800 102.79000 13.22370
C 259.54800 105.17500 13.23710
H 263.32000 102.21800 11.61190
H 261.27100 104.60100 11.62010
C 262.71300 105.71100 13.24390
H 259.15400 106.93500 11.63840
H 262.31500 107.55200 11.64380
H 264.44600 105.22800 11.64160
C 264.71700 103.38200 13.22770
C 267.85300 104.09900 13.21220
C 265.84900 106.53500 13.23650
C 269.12600 107.29300 13.22420
H 266.47000 102.85400 11.60610
H 267.59500 105.96200 11.61270
C 269.91400 102.10000 13.18740
C 244.64000 113.53400 13.20780
C 245.71900 108.07000 12.97470
C 248.82100 108.69800 13.10190
C 246.77900 111.03900 13.14210
C 249.92600 111.82200 13.19920
C 247.89500 114.11000 13.18710
C 252.07700 109.33100 13.27680
H 257.08900 109.37400 11.65610
C 255.37900 110.01500 13.28010
C 253.15800 112.40500 13.27070
C 256.32100 113.01400 13.24390
H 254.92500 111.82300 11.65870
H 253.93500 108.77000 11.68200
H 252.88600 114.19600 11.60100
C 260.56400 108.11000 13.24520
H 258.09300 112.38200 11.63740
C 263.69600 108.77300 13.24140
C 258.45600 110.62100 13.24920
C 261.60800 111.13200 13.23170
H 260.20600 109.92900 11.63140
H 263.40900 110.63400 11.62380
C 259.53300 113.59900 13.23440
C 262.70600 114.29100 13.21780
H 261.30500 113.03200 11.61430
H 265.43400 108.21000 11.62960
H 264.49800 113.81100 11.60480
C 264.75900 112.01000 13.22320
C 266.82700 109.45300 13.22790
H 268.62100 108.82500 11.61440
C 267.86900 112.60500 13.22520
H 269.55200 111.94200 11.61510
C 269.98100 110.37500 13.22930
H 266.52500 111.23600 11.61500
H 267.72500 114.49200 11.61660
C 248.92600 117.16600 13.28460
C 245.74100 116.49200 13.25490
C 246.73300 119.50300 13.25300
C 250.06700 120.17200 13.22460
C 251.08700 114.80200 13.14600
H 256.01600 114.82400 11.62270
C 254.23500 115.48500 13.20670
C 252.11200 117.81800 13.18920
H 257.07200 117.83700 11.61940
C 257.45600 115.99200 13.23190
C 255.26000 118.49800 13.18490
C 253.19200 120.82000 13.19370
H 254.95200 120.27600 11.59240
C 256.34200 121.41200 13.21690
H 253.82600 117.21900 11.55080
H 251.78000 119.61000 11.60060
H 258.08500 120.84500 11.61140
C 260.67000 116.64100 13.22850
H 262.36000 116.10200 11.60980
C 263.73600 117.26300 13.21470
H 259.21100 115.43100 11.62710
C 258.42000 119.00200 13.22590
H 260.17200 118.46900 11.62050
C 261.63900 119.54200 13.22250
H 263.35300 119.09800 11.60370
H 261.22300 121.42200 11.61510
C 265.88300 115.01500 13.21650
C 266.85800 117.97600 13.20920
C 269.26400 115.73600 13.22060
H 268.62000 117.46000 11.60410
H 265.47600 116.75500 11.60200
C 264.72300 120.31700 13.20620
C 269.91000 119.00900 13.19990
C 267.83000 121.01700 13.20060
H 266.46300 119.70200 11.59600
C 244.59800 122.01200 13.21510
C 247.84300 122.50300 13.32010
C 245.63400 124.98300 13.22550
C 248.91200 125.58900 13.29590
C 246.69500 127.97200 13.21300
C 250.96600 123.15600 13.24430
C 254.20600 123.80200 13.16260
C 252.14300 126.18600 13.24210
H 255.98700 123.22400 11.60110
H 257.03700 126.21200 11.60330
C 257.40200 124.40700 13.21480
C 255.20400 126.82200 13.14540
H 253.78900 125.61600 11.56210
C 259.46300 121.99800 13.22220
C 262.63400 122.59600 13.21400
C 260.47300 125.05200 13.21490
C 263.63200 125.63700 13.20090
H 259.14000 123.80500 11.61490
H 262.20200 124.43100 11.60360
C 258.38200 127.37900 13.20950
C 261.57000 127.94200 13.19160
H 260.15000 126.83100 11.59840
H 264.40100 122.11900 11.59570
C 265.80600 123.27600 13.20210
C 269.04300 124.25600 13.19170
C 266.68900 126.30800 13.19000
C 269.88100 127.12000 13.17560
C 244.70600 130.40600 13.21510
C 247.75900 131.04600 13.18630
C 248.82600 133.93700 13.18150
C 249.91900 128.64100 13.28700
C 245.72400 133.47600 13.20020
C 251.03500 131.63200 13.21860
C 254.15700 132.22900 13.18930
C 252.19600 134.64000 13.22810
H 255.97300 131.65400 11.60140
C 257.34300 132.84100 13.21090
H 257.04800 134.62900 11.60940
C 253.20600 129.24000 13.18390
C 256.33900 129.83500 13.20760
H 254.91000 128.67700 11.55420
C 260.47800 133.47300 13.20550
C 262.57500 130.97800 13.18990
C 259.36600 130.45400 13.19570
H 258.05100 129.18100 11.59580
H 259.10400 132.27400 11.59560
C 263.64500 134.03500 13.19980
C 264.63200 128.72100 13.18730
C 267.82500 129.34600 13.18330
C 266.69400 134.82900 13.18880
C 269.10600 132.31100 13.19130
C 265.78000 131.70300 13.18880
