14208
Frame 40
C -41.79090 5.15190 9.97771
C -43.15910 7.90083 9.96349
C -39.86130 7.43134 9.96813
H -40.45610 3.95915 11.58800
H -43.49040 4.60977 11.57260
H -41.60680 6.93043 11.56810
C -43.87400 3.12231 9.95578
C -44.95580 5.97240 10.00870
H -45.03150 7.38788 11.56440
C -38.77730 4.51009 9.98725
H -38.43430 6.27947 11.56700
C -35.70050 3.83340 9.99026
C -36.67260 6.85229 9.97435
C -33.62760 6.23330 9.98168
H -35.31880 5.63909 11.57910
H -36.38020 8.65245 11.57310
H -33.24390 7.99371 11.58160
H -34.21400 2.76766 11.58360
C -32.49250 3.34256 9.98641
H -32.14930 5.13868 11.57960
C -31.48120 8.55381 9.98436
C -30.38880 5.70495 9.93116
C -26.79510 4.67411 9.93209
C -27.98350 7.74806 10.03390
H -29.96690 7.43543 11.58950
C -29.15460 2.60501 10.08100
H -28.82530 4.41582 11.45950
H -26.10650 6.60875 11.32990
C -23.18010 4.14822 9.72161
C -24.22670 7.06009 9.71318
C -19.84940 3.48931 9.72742
C -20.95780 6.50142 9.84847
H -21.69990 3.06233 11.41620
H -19.35520 5.31738 11.31750
H -20.60190 8.26540 11.55870
H -24.95380 3.65104 11.42420
H -22.78520 5.94418 11.40390
H -39.47400 9.23051 11.56530
C -45.04850 14.09450 10.06470
C -40.84940 10.39360 9.96240
H -42.65380 9.73892 11.55310
C -43.88190 11.27860 9.96369
C -41.85690 13.37750 9.97427
H -41.60160 15.18240 11.57910
H -43.55790 12.68170 11.57430
H -40.47970 12.18070 11.56340
C -38.75310 12.79490 9.97400
C -34.59070 9.12208 9.97663
H -38.40300 14.59520 11.58150
C -37.75850 9.92074 9.97183
C -35.62860 12.14050 9.97606
C -36.63180 15.07110 9.97995
C -33.48620 14.48730 9.98336
H -35.20980 13.90270 11.57450
H -37.35780 11.64540 11.57480
H -34.28310 10.92960 11.57240
C -32.56010 11.59520 9.98430
H -32.09280 13.32910 11.59040
H -31.20440 10.36760 11.58460
C -25.66430 9.97640 9.96266
C -29.18180 10.80850 10.16280
C -30.37130 13.90610 9.96323
C -26.91180 13.01480 9.80579
H -27.50430 9.58982 11.77960
H -26.37990 14.76230 11.51190
H -28.82560 12.56680 11.37520
C -18.71730 8.67443 10.02770
C -23.14420 12.42230 9.85018
C -21.95480 9.39743 9.81556
C -19.67970 11.67730 9.95483
C -20.88010 14.70880 10.01240
H -21.56180 11.22940 11.47180
H -19.29560 13.53450 11.55050
H -25.13920 11.87210 11.16110
H -22.70480 14.15580 11.63970
H -23.79970 8.89745 11.39330
C -39.81470 15.75990 9.98478
C -43.13550 16.27400 9.99530
C -40.74190 18.67010 9.98916
H -39.39030 17.48870 11.58670
C -41.84530 21.51360 9.98580
H -40.37800 20.44020 11.57810
C -43.95250 19.05400 10.00950
C -45.01070 22.27190 9.98490
C -38.66990 20.96050 9.98329
C -37.66990 18.06130 9.98265
C -34.59810 17.41750 9.98422
H -36.30320 16.81470 11.57820
H -33.13950 16.27370 11.58370
C -35.47900 20.35640 9.99278
H -37.22770 19.78790 11.57540
H -34.14720 19.16000 11.58950
C -32.44610 19.81790 10.00800
H -29.90290 15.64160 11.57670
C -31.44260 16.81430 9.99540
C -27.97160 16.07470 9.97830
C -25.55570 18.16470 9.96088
C -29.15550 19.17340 10.02720
C -26.92450 21.40670 10.15760
C -30.19810 22.08350 10.09920
C -24.38090 15.22420 10.07990
C -23.42420 20.56820 10.05430
C -22.14650 17.68520 10.18930
C -18.59880 17.21270 10.17760
C -19.61900 19.94910 10.92270
H -20.41790 16.47510 11.71030
C -43.08190 24.52680 9.99153
C -39.75830 23.86000 9.99308
H -41.56790 23.37890 11.57580
C -40.77290 26.85170 10.00840
H -42.57700 26.31730 11.58560
C -43.97430 27.75130 9.99961
H -38.32880 22.71700 11.59150
C -36.57420 23.29570 10.01100
C -33.44530 22.72120 10.01490
C -37.63540 26.21260 10.02140
C -34.53760 25.70580 10.02760
C -35.69460 28.54310 10.02030
C -32.52630 28.04390 10.01870
C -27.89370 24.55450 10.24890
C -31.46910 25.03400 10.01940
C -25.53980 26.59840 10.22460
C -29.17680 27.39090 10.17240
C -19.35330 28.43600 10.27030
C -24.43870 23.56510 10.23160
C -20.69590 22.85770 11.07590
C -18.22660 25.51600 10.11540
C -21.80150 25.98570 10.99050
C -45.00070 30.70880 9.97453
C -39.87730 32.26110 10.02070
C -40.98070 35.11490 10.02880
C -41.86340 29.83680 10.01210
C -43.09230 32.79180 10.01390
C -37.70950 34.49140 10.01820
C -33.58550 30.91350 10.00860
C -36.79290 31.52860 10.01660
C -38.72750 29.17520 10.02630
C -34.65380 33.84370 10.01070
C -25.24690 34.77060 10.61180
C -26.74290 29.55880 10.00630
C -31.55860 33.16280 10.00460
C -28.07870 32.41180 10.03630
C -30.39010 30.30800 10.00080
C -23.94640 31.86500 10.57760
C -20.38250 31.51800 10.13610
C -22.87860 28.86670 10.81200
C -18.08040 33.91020 10.09720
C -21.33920 34.47760 10.05270
C -41.76350 5.15023 13.17550
C -43.16330 7.89937 13.15940
C -39.84040 7.42962 13.16490
C -44.97130 5.90186 13.20710
C -43.87470 2.69794 13.15250
C -38.73550 4.50788 13.18540
C -35.62050 3.84798 13.18820
C -36.63560 6.86075 13.17150
C -33.60110 6.24774 13.17810
H -37.42060 3.35943 11.60460
C -32.48670 3.34694 13.18500
C -31.50540 8.56422 13.18220
C -30.31240 5.56269 13.13910
C -26.71350 4.71853 12.92020
C -27.87480 7.71135 13.00250
C -29.21510 2.54297 13.12420
C -23.15390 4.19421 13.09990
C -24.27260 7.13353 13.03010
C -19.62740 3.48231 12.82930
C -20.88490 6.47043 12.97850
C -40.87710 10.43060 13.15830
C -43.89500 10.74720 13.16220
C -41.87360 13.39320 13.16970
C -44.97050 14.03750 13.26320
H -44.99630 15.47260 11.60550
C -38.78580 12.79150 13.17110
C -34.62490 9.13352 13.17470
C -37.77080 9.82972 13.17100
C -33.49390 14.54400 13.18100
C -36.63410 15.00660 13.17660
C -35.63450 12.13430 13.17200
C -32.58750 11.54740 13.18200
C -25.37920 10.07480 12.97280
C -29.31360 10.78340 13.06930
C -30.23590 13.72480 13.09380
C -26.78140 13.01070 12.80850
C -18.67330 8.78297 13.08650
C -23.29990 12.39970 12.94490
C -22.06780 9.40891 13.11980
C -19.85180 11.74860 13.18640
C -20.77860 14.65380 13.24110
C -39.81370 15.67660 13.18000
C -43.09970 16.27860 13.19100
H -42.51200 18.07750 11.59670
C -40.74740 18.69240 13.18520
C -43.89370 19.50360 13.20700
C -41.81280 21.51570 13.18030
H -43.52340 20.99970 11.59610
C -45.02040 22.29960 13.18560
C -38.62200 20.90150 13.18020
C -34.63190 17.36640 13.18220
C -37.68670 18.02280 13.17780
C -35.52160 20.35200 13.18630
H -35.18740 22.13430 11.60630
C -32.41130 19.79940 13.20410
H -32.06000 21.58930 11.61320
C -31.35790 16.74230 13.19290
H -31.01100 18.63170 11.61360
C -25.76550 18.40400 13.13520
C -27.93730 15.95170 13.08220
C -29.03060 19.13490 13.09470
C -26.75090 21.39840 13.26570
C -30.37050 22.20790 13.27340
H -28.76810 20.94280 11.80530
H -27.58520 17.82660 11.38060
C -24.41740 15.30590 13.11900
C -23.43030 20.59340 13.21460
C -22.16910 17.47760 13.23530
C -18.51600 17.14000 13.27480
C -19.75840 19.94930 12.63690
H -21.92920 19.33120 11.62790
H -18.61920 21.98610 11.99620
H -25.33280 20.10420 11.55890
H -24.15910 17.09750 11.73060
H -44.95980 23.84060 11.60490
C -43.08240 24.50750 13.18470
C -39.79000 23.79470 13.18970
C -40.78490 26.77660 13.20410
H -39.40320 25.62370 11.60920
C -43.89220 27.29890 13.19560
H -40.50290 28.62800 11.62260
C -33.47790 22.71420 13.21090
C -36.60390 23.27680 13.20830
H -33.18270 24.51330 11.61870
C -37.63160 26.22540 13.21770
C -34.56400 25.66360 13.22290
H -36.26460 25.05950 11.62960
H -37.39850 28.01160 11.62080
H -34.23850 27.42940 11.62630
C -35.67550 28.59480 13.21760
C -32.53310 28.01970 13.21520
H -29.92560 23.95580 11.61850
C -28.04440 24.31850 13.23130
C -31.46650 25.07920 13.21550
H -31.13250 26.88680 11.61830
C -25.72000 26.55530 13.37240
C -29.21360 27.27230 13.11860
H -27.56380 26.12690 11.70210
H -26.36350 23.12350 11.79490
C -24.40220 23.67670 13.40750
C -20.75490 22.97880 12.80520
C -17.84130 25.38900 13.32720
C -21.83130 25.92240 12.89660
C -18.91980 28.58520 13.42860
H -19.69410 24.99350 11.88450
H -25.16380 28.30080 11.66800
H -20.83200 28.01550 11.95080
H -22.97410 22.30500 11.83750
H -24.04350 25.31550 11.95440
H -42.75700 34.58540 11.62190
H -41.63840 31.61410 11.61300
H -44.96570 32.04560 11.60070
C -45.01620 30.66400 13.17060
H -43.54730 29.26680 11.59760
C -41.90110 29.82450 13.20960
C -43.08870 32.77150 13.20930
C -39.90740 32.21780 13.21820
C -40.93420 35.10850 13.22310
H -39.48340 33.97030 11.61960
H -36.36450 33.28980 11.61180
H -35.35190 30.37870 11.60940
C -38.79640 29.16130 13.22170
H -33.27010 32.71490 11.60840
C -36.74200 31.53870 13.21510
C -33.58410 30.95910 13.20640
C -37.68000 34.49030 13.21520
C -34.66870 33.83440 13.20610
H -38.54020 30.97350 11.62650
H -27.57230 34.24010 11.50210
H -28.75580 29.11520 11.50970
H -30.02480 32.08850 11.63320
H -31.22990 35.05490 11.60480
C -27.92940 32.57340 13.02410
H -32.16300 29.82220 11.60630
C -30.29650 30.25550 13.11950
C -26.85470 29.56220 13.10830
C -31.53760 33.18600 13.20050
C -25.28940 34.81900 12.46280
H -26.25460 31.27170 11.45570
H -18.80740 30.40590 11.76420
H -23.11420 33.97620 11.51360
C -21.48470 34.50740 13.26130
C -24.04670 31.86700 12.45780
C -23.00700 29.00070 12.68320
C -17.98000 33.86800 13.23100
C -20.29160 31.56510 13.37850
H -19.89580 33.37260 11.77390
H -21.91940 30.98430 11.64250
C -41.96260 38.04520 10.03710
C -43.24220 41.02280 10.05580
C -39.95680 40.48460 10.04560
C -44.04020 36.08190 10.02710
C -45.00170 38.93590 10.00690
C -38.78920 37.38760 10.02730
C -35.69190 36.92900 10.01510
C -36.84880 39.89980 10.03160
C -33.70600 39.21530 10.02020
C -32.61870 36.16470 10.00640
C -31.61610 41.50070 10.02370
C -30.52470 38.51980 9.89907
C -26.59670 37.64620 10.45780
C -27.84510 40.68890 10.53970
C -29.29100 35.53650 9.97500
C -22.67520 37.31230 9.93537
C -23.92480 40.34490 9.89946
C -19.31570 36.90300 10.07560
C -20.61490 39.70810 9.94450
C -40.93780 43.37380 10.05730
C -43.93160 43.87110 10.05250
C -41.84640 46.42160 10.04250
C -44.98170 47.07260 10.01590
C -38.84750 45.84120 10.05120
C -34.68070 42.23210 10.04320
C -37.79550 42.83860 10.06000
C -35.70310 45.18800 10.05260
C -33.56070 47.45600 10.02130
C -36.78200 48.09340 10.04060
C -32.57150 44.57270 10.02080
C -25.02560 43.23650 9.92044
C -28.94670 43.74420 10.66230
C -26.26540 46.16140 9.99186
C -29.99890 46.62710 10.65510
H -27.92870 45.70420 11.70580
H -25.76140 48.01220 11.62590
C -18.36400 41.95350 10.02800
C -22.88700 45.76490 10.00720
C -21.79480 42.74810 9.92953
C -19.40230 44.91160 10.08460
C -20.58810 47.93610 10.17460
H -24.68870 45.04880 11.56010
C -39.89530 48.75130 10.03540
C -43.13500 49.45250 10.02590
C -40.88150 51.72710 10.02580
C -44.01690 52.52480 10.00990
C -42.00280 54.75070 10.02110
C -45.03790 55.35590 9.98826
C -38.75120 54.06940 10.03360
C -34.65230 50.44790 10.01550
C -37.73950 51.08340 10.03370
C -35.79200 53.42490 10.02720
H -30.07400 48.79920 11.61150
C -32.61400 52.73470 9.99760
H -32.27200 54.60410 11.58860
C -31.52200 49.83480 9.99710
H -31.17920 51.68090 11.59200
C -25.13090 51.59470 10.01810
C -27.81880 48.98330 10.66350
C -28.96180 51.98020 10.55750
C -26.31010 54.58290 10.07290
C -30.17290 54.80030 10.31420
H -26.85820 51.08210 11.54650
H -28.14180 54.07750 11.53710
C -24.02680 48.71880 10.03990
C -22.97120 53.76330 10.27260
C -21.82350 51.02820 10.19990
C -18.39440 50.29890 10.11480
C -19.58140 53.12450 10.20870
H -21.39080 52.78590 11.90600
H -19.04170 54.95550 11.73710
H -23.65160 50.46930 11.73760
H -20.29680 49.82010 11.74390
H -24.87210 53.42010 11.72860
C -43.25630 57.68770 10.02420
C -39.87320 57.08700 10.02270
C -40.87140 60.02950 10.01690
C -43.88610 60.95020 10.00730
C -36.75620 56.36250 10.03340
C -37.67520 59.36090 10.02290
C -33.68490 55.76180 10.00760
C -34.59560 58.68880 10.01470
C -35.58640 61.70120 10.00700
C -32.43480 60.96560 9.99540
C -31.46400 57.94620 9.99044
H -31.10600 59.78180 11.58810
C -27.78060 57.32660 10.21500
C -25.50880 59.68550 10.20750
H -29.84420 56.88900 11.60720
C -29.19380 60.17120 10.10180
H -27.54750 59.23830 11.77240
H -26.02960 56.39550 11.73860
C -24.16740 56.78000 10.15920
C -20.63960 56.01610 10.17860
C -18.31740 58.28130 10.31310
C -21.86190 59.05230 10.15480
C -19.66510 61.22680 10.13350
H -21.47750 60.92530 11.77000
H -25.16650 61.51040 11.47600
H -22.57900 55.71100 11.76960
H -23.71910 58.64620 11.68040
H -20.35970 57.86280 11.75610
H -44.92290 65.21960 11.53750
H -43.45580 62.40530 11.58310
C -42.99280 65.92670 9.96082
H -39.38870 67.09790 11.59400
C -39.73200 65.36620 9.98928
C -40.79560 68.25610 9.98462
H -42.54650 67.69460 11.56550
H -41.49180 64.82710 11.57200
C -41.77070 63.03020 9.98890
C -44.89480 63.82100 9.97402
C -38.70450 62.37700 10.00820
C -34.52810 66.94180 9.98737
C -33.41490 63.98480 9.99238
H -33.09890 65.79260 11.58210
C -37.63900 67.63630 9.99830
C -36.56740 64.64480 9.99780
H -36.27270 66.44480 11.59480
C -30.24740 63.25040 10.04440
H -29.89250 65.16330 11.59970
C -26.93830 62.75180 9.98411
C -31.37550 66.33020 9.98828
H -32.10970 62.78080 11.59390
H -31.03090 68.18010 11.59400
C -25.59060 67.81720 10.19210
C -28.14860 65.70490 9.86269
H -27.67960 67.50070 11.56000
H -26.52990 64.47390 11.36160
H -28.80490 62.04690 11.60900
H -19.19170 63.04730 11.69770
H -23.97260 66.74710 11.79890
C -20.70200 64.22420 10.04560
H -22.74940 63.78450 11.43780
H -20.36560 65.96880 11.68240
C -22.09770 67.09200 10.23800
C -18.45870 66.33580 10.10230
C -24.44790 64.94780 10.03420
C -23.04400 62.05430 10.08830
C -41.95650 38.07770 13.23380
C -43.24860 41.01360 13.25350
C -39.90380 40.45430 13.23980
H -43.64610 37.51260 11.62760
H -40.54670 36.87690 11.63330
H -41.76090 39.90580 11.64570
H -45.05430 40.41550 11.65990
C -45.08900 38.83840 13.20520
C -44.11040 35.62300 13.22390
C -38.78280 37.42350 13.22410
H -38.55160 39.24560 11.62610
C -35.74340 36.90290 13.21000
C -36.84650 39.86670 13.22880
H -35.44030 38.70900 11.61600
C -33.64220 39.23470 13.21580
H -33.33600 41.01440 11.63460
H -37.39700 36.28910 11.61950
H -36.41840 41.66160 11.64890
H -34.38960 35.64690 11.60270
C -32.66340 36.19420 13.20140
H -32.28780 38.01400 11.60380
C -31.54450 41.54900 13.21930
C -30.34130 38.47350 13.11100
C -26.59300 37.78430 12.41410
H -30.08810 40.30140 11.58950
C -27.78640 40.71730 12.44860
C -29.22170 35.41340 13.05990
H -28.91740 37.29330 11.39060
H -25.70120 39.79710 11.34340
C -22.79160 37.40370 13.21620
C -24.03440 40.33960 13.10800
C -19.28880 36.76380 13.16700
C -20.58630 39.67650 13.11370
H -20.32710 41.58030 11.52380
H -24.43770 36.93120 11.50360
H -21.17390 36.35300 11.66320
H -18.99540 38.65440 11.55150
H -22.42530 39.22350 11.56670
H -39.52390 42.23470 11.65740
C -40.94290 43.41500 13.25140
H -42.67380 42.82570 11.65660
C -43.96850 44.32590 13.25020
H -43.54250 45.77390 11.64000
C -41.88280 46.42880 13.24060
H -40.54660 45.18540 11.64880
H -41.65200 48.22530 11.63530
C -44.99950 47.15190 13.21510
H -45.05340 48.42530 11.61550
C -38.88510 45.83580 13.24850
C -34.68950 42.23050 13.23820
H -38.48840 47.59120 11.63770
C -37.77390 42.86320 13.25410
C -35.74080 45.18300 13.24870
H -37.46120 44.66040 11.66300
H -34.32190 44.01990 11.63750
C -36.74080 48.17030 13.23560
C -33.58030 47.54830 13.21580
H -35.34380 46.95180 11.64830
C -32.54710 44.54640 13.21810
H -32.23890 46.37740 11.60780
H -31.18790 43.35330 11.61380
C -25.34940 43.16140 13.05460
C -28.90310 43.67950 12.58310
C -26.31600 46.11820 13.19250
C -30.00070 46.53270 12.56790
H -26.86100 42.74670 11.45740
C -18.23430 41.96480 12.89900
C -22.97910 45.65260 13.20000
C -21.78330 42.74470 13.22510
C -19.50970 44.94140 13.19990
C -20.71140 47.97620 13.34380
H -19.12900 46.76540 11.81140
H -22.55890 47.55460 11.66980
H -21.41400 44.58190 11.58010
H -23.53810 42.15820 11.58670
C -39.88470 48.73520 13.23160
C -43.21890 49.28240 13.22040
H -42.71640 51.04020 11.61880
C -40.93530 51.68760 13.22150
H -39.48600 50.52240 11.62840
C -44.06770 52.52140 13.20670
C -42.00590 54.80360 13.21650
H -43.62920 53.95080 11.61010
H -40.57340 53.53540 11.62570
C -45.09480 55.31650 13.18870
C -38.77560 54.07380 13.23110
C -37.76320 51.07120 13.22840
C -34.62900 50.43700 13.20900
H -36.36770 49.90610 11.62810
H -33.21410 49.28230 11.60040
C -35.72050 53.38530 13.22080
H -34.34950 52.22990 11.60750
H -37.45550 52.85330 11.63730
H -35.39960 55.19350 11.62690
C -32.60300 52.80960 13.19300
C -31.46770 49.84270 13.19380
C -27.79220 49.03510 12.54970
C -25.34690 51.49920 13.26410
C -28.98100 51.98410 12.61440
C -26.43200 54.54970 13.30050
C -30.14380 54.86580 12.84130
C -24.16150 48.59120 13.28680
C -23.07460 53.88050 13.36010
C -21.85770 50.89820 13.39380
C -18.24640 50.13850 13.18150
C -19.47940 53.18320 13.44660
H -45.00190 56.79840 11.62420
C -43.19540 57.68030 13.21920
C -39.88820 57.06930 13.21980
C -40.82210 60.04930 13.21230
H -41.69770 56.59150 11.62020
H -42.60750 59.48160 11.62120
H -39.43800 58.86700 11.61330
C -43.83850 60.50960 13.20250
H -40.42260 61.81800 11.60800
H -38.51120 55.88480 11.63250
C -33.60260 55.69520 13.20320
C -36.75990 56.39560 13.22890
C -37.66750 59.29520 13.21700
C -34.54200 58.65800 13.21020
H -36.30830 58.10950 11.63120
H -33.18090 57.51730 11.60090
H -37.31580 61.13580 11.61640
H -34.22480 60.47850 11.60320
C -35.55520 61.73630 13.20510
C -32.44980 60.96010 13.19410
C -31.45370 57.97820 13.18790
C -27.88520 57.40680 13.16240
C -25.49420 59.71080 13.15340
C -29.25090 60.20590 13.24790
C -24.18880 56.81700 13.29240
C -20.73460 55.97270 13.29690
C -18.49860 58.34370 13.32850
C -21.90920 59.04750 13.31430
C -19.60680 61.16510 13.26670
C -40.77210 68.31490 13.18200
C -39.74950 65.38120 13.18490
C -41.77990 63.05230 13.18540
C -43.07200 65.88630 13.15610
C -44.92320 63.76340 13.17280
C -38.73450 62.37720 13.20560
C -36.56920 64.68750 13.19470
C -34.53930 66.88170 13.18580
C -37.68240 67.61440 13.19710
C -33.41160 64.00360 13.19040
H -35.15890 63.46800 11.59840
H -38.33340 64.14940 11.59600
C -30.30800 63.24130 13.18340
C -28.00610 65.59390 13.12740
C -26.82650 62.61990 13.02980
C -31.39470 66.37470 13.18750
C -25.75580 67.91850 13.20170
C -21.95610 67.10370 13.32700
C -23.31080 61.96950 13.04720
C -20.93320 64.05800 13.12700
C -24.47940 64.93890 12.90160
C -18.49670 66.41970 13.25540
C -41.82650 71.24750 9.97771
C -43.05290 74.10990 9.96349
C -39.77210 73.62730 9.96813
H -40.44530 70.06300 11.58800
H -43.44630 70.63460 11.57260
H -41.54660 73.06280 11.56810
C -43.76910 69.17440 9.95578
H -44.91480 73.53460 11.56440
C -44.89650 71.99000 10.00870
C -38.71030 70.56170 9.98725
H -38.43630 72.41430 11.56700
C -35.54300 69.93200 9.99026
C -36.66240 72.93500 9.97435
C -33.52260 72.30890 9.98168
H -35.27730 71.75380 11.57910
H -36.28110 74.73470 11.57310
H -33.13890 74.10060 11.58160
H -34.18630 68.71570 11.58360
C -32.43030 69.33090 9.98641
H -32.09240 71.16620 11.57960
C -31.36420 74.54350 9.98436
C -30.18220 71.61980 10.04760
C -26.75490 70.81470 10.16120
C -27.88280 73.95460 10.04370
H -29.86000 73.50420 11.57800
C -29.14150 68.56540 9.99029
H -26.40570 72.73810 11.73620
H -28.76710 70.47520 11.66240
C -23.17800 70.15660 10.33490
C -24.43190 73.11900 10.11550
C -19.72590 69.30830 10.10980
C -20.84210 72.38380 9.99240
H -19.24220 71.17730 11.57780
H -20.28600 74.19150 11.52910
H -21.55040 68.91930 11.86800
H -25.23140 69.73020 11.85350
H -22.71490 71.92340 11.65940
H -39.43540 75.38800 11.56530
C -40.83230 76.54540 9.96240
H -42.59480 75.96110 11.55310
C -43.85590 77.45180 9.96369
C -41.77560 79.51770 9.97427
H -41.42400 81.22310 11.57910
H -43.45770 78.89240 11.57430
H -40.45980 78.27120 11.56340
C -44.97260 80.29320 10.06470
C -38.71040 78.82040 9.97400
C -34.51650 75.24770 9.97663
H -38.29990 80.58670 11.58150
C -37.67440 75.90470 9.97183
C -35.58670 78.18970 9.97606
C -36.57930 81.17930 9.97995
C -33.41910 80.51670 9.98336
H -35.18610 79.98470 11.57450
H -37.31860 77.67640 11.57480
H -34.16000 77.04380 11.57240
C -32.38530 77.59290 9.98430
H -32.00710 79.40770 11.59040
H -31.06280 76.40200 11.58460
C -25.53070 76.28650 10.01680
C -29.30160 76.90650 9.92936
C -30.31680 80.02270 9.91444
C -26.64920 79.27110 9.91805
H -27.61170 75.76300 11.46230
H -28.67580 78.83030 11.34290
H -26.30960 80.96750 11.75490
C -18.44270 74.70140 9.92077
C -23.14060 78.58130 9.83386
C -21.99610 75.51930 9.98917
C -19.43620 77.74950 9.88118
C -20.69440 80.76070 9.95437
H -22.72750 80.21840 11.32430
H -21.55390 77.19550 11.29430
H -25.08600 77.89870 11.39330
H -19.15490 79.42580 11.37070
H -23.99500 74.83120 11.49690
C -39.70020 81.76380 9.98478
C -42.96180 82.27490 9.99530
C -40.68640 84.69880 9.98916
H -39.30450 83.52470 11.58670
C -41.72960 87.69690 9.98580
H -40.33900 86.48740 11.57810
C -43.85180 85.42040 10.00950
C -44.84340 88.29840 9.98490
C -38.59740 87.08290 9.98329
C -37.59450 84.10640 9.98265
C -34.45980 83.50130 9.98422
H -36.19390 82.93630 11.57820
H -33.01510 82.33400 11.58370
C -35.55720 86.49820 9.99278
H -37.28830 85.84720 11.57540
H -34.19620 85.27570 11.58950
C -32.48940 85.95360 10.00800
H -29.78890 81.80970 11.58520
C -31.30480 82.93550 9.99540
C -27.79360 82.18700 10.13250
C -25.41080 84.43980 10.34320
C -29.10370 85.16940 10.16380
C -26.78720 87.42000 10.08380
C -30.23530 88.18730 10.02980
H -27.54200 84.04220 11.83270
C -24.41760 81.53840 10.10240
C -22.97220 86.57930 10.17750
C -21.89690 83.75350 10.37770
C -18.43760 82.81090 10.13570
C -19.45560 85.82000 9.99179
H -25.08420 86.18200 11.61850
H -23.84980 83.14880 11.98020
H -20.25230 82.40120 11.86600
H -21.32350 85.45830 11.74320
H -19.12900 87.73510 11.58320
C -43.05680 90.66880 9.99153
C -39.71670 90.06870 9.99308
H -41.53080 89.53900 11.57580
C -40.74190 92.98050 10.00840
H -42.54050 92.39010 11.58560
C -43.77180 93.95530 9.99961
H -38.37640 88.85710 11.59150
C -36.65210 89.45590 10.01100
C -33.47470 88.81450 10.01490
C -37.63800 92.39440 10.02140
C -34.53840 91.68120 10.02760
C -35.53240 94.70830 10.02030
C -32.46470 94.09690 10.01870
C -27.87010 90.30560 10.13130
C -31.34330 91.13480 10.01940
C -25.55450 92.57830 10.26340
C -29.00620 93.32590 10.13240
C -19.34300 94.31140 9.81611
C -21.75080 91.97240 9.99447
C -23.93540 89.54990 10.07730
C -20.56820 88.82250 9.82077
C -18.25650 91.22820 9.75423
C -40.84710 101.20600 10.02880
C -44.89880 96.66470 9.97453
C -43.09820 98.78010 10.01390
C -39.75380 98.26010 10.02070
C -41.81080 95.87780 10.01210
C -37.59620 100.61000 10.01820
C -36.60360 97.60110 10.01660
C -34.51100 100.01300 10.01070
C -33.48080 97.08660 10.00860
C -38.64200 95.29890 10.02630
C -31.32030 99.31570 10.00460
C -30.25160 96.39030 10.01060
C -24.94660 100.97800 10.33910
C -27.83970 98.82120 9.94537
C -26.69750 95.80250 9.89682
H -27.19600 100.50300 11.76800
C -21.52560 100.39300 10.03770
C -24.06440 97.94410 10.55000
C -20.40010 97.32650 9.85847
C -23.05950 94.89700 10.49540
C -18.28270 99.76030 9.72427
H -19.87880 99.18150 11.49990
H -23.14890 99.93710 11.76930
C -41.78310 71.28320 13.17550
C -43.07000 74.11480 13.15940
C -39.78730 73.58540 13.16490
C -44.87960 71.97430 13.20710
C -43.81740 68.71020 13.15250
C -38.70390 70.63560 13.18540
C -35.52320 69.93730 13.18820
C -36.69110 72.91740 13.17150
C -33.49620 72.31410 13.17810
H -37.32400 69.42490 11.60460
C -32.43690 69.35180 13.18500
C -31.38360 74.58070 13.18220
C -30.27640 71.64590 13.17210
C -26.92030 71.00460 13.37150
C -27.99730 73.96100 13.19050
C -29.20050 68.62760 13.21930
C -23.23090 70.13920 13.33000
C -24.38860 73.04660 13.21330
C -19.61790 69.37910 13.30060
C -20.75580 72.32720 13.17260
C -40.84340 76.51010 13.15830
C -43.85750 76.97130 13.16220
C -41.78320 79.44700 13.16970
C -44.91160 80.11350 13.26320
H -44.86250 81.75250 11.60550
C -38.74660 78.77240 13.17110
C -34.51960 75.28620 13.17470
C -37.67210 75.91890 13.17100
C -33.39370 80.53300 13.18100
C -36.57750 81.15280 13.17660
C -35.61290 78.24560 13.17200
C -32.41820 77.60350 13.18200
C -25.60910 76.01910 13.00490
C -29.15020 77.04000 13.02190
C -30.12550 79.91030 13.11550
C -26.66690 79.16470 12.97210
C -18.51980 74.71700 13.25230
C -23.09460 78.27640 12.92350
C -21.96270 75.26480 12.90690
C -19.81040 77.60330 12.97520
C -20.78190 80.50650 13.03550
C -39.69150 81.75150 13.18000
C -42.97550 82.20740 13.19100
H -42.43240 84.06670 11.59670
C -40.66020 84.71980 13.18520
C -43.84230 85.02420 13.20700
C -41.72920 87.68530 13.18030
H -43.39310 86.95900 11.59610
C -44.87290 88.24840 13.18560
C -38.65720 87.07640 13.18020
C -34.39140 83.47220 13.18220
C -37.60500 84.06060 13.17780
C -35.56710 86.42420 13.18630
H -35.21880 88.25630 11.60630
C -32.50100 85.85190 13.20410
H -32.06020 87.67700 11.61320
C -31.26580 82.89190 13.19290
H -31.08250 84.76290 11.61360
C -25.50140 84.39910 13.37060
C -27.90990 82.14910 13.28140
C -29.25720 85.09980 13.24050
C -26.69270 87.38010 13.17650
C -30.25660 88.08130 13.26010
H -28.75470 87.02840 11.74450
C -24.21390 81.33720 13.18430
C -23.09150 86.58300 13.16460
C -21.82020 83.59730 13.39440
C -18.17320 83.06930 13.27380
C -19.37940 85.97050 13.31170
H -44.90860 89.71490 11.60490
C -43.06450 90.60820 13.18470
C -39.78400 90.02240 13.18970
C -40.75780 92.99400 13.20410
H -39.36170 91.81410 11.60920
C -43.80100 93.93200 13.19560
H -40.37010 94.77040 11.62260
C -33.45620 88.83950 13.21090
C -36.65880 89.38740 13.20830
H -33.09290 90.61730 11.61870
C -37.64560 92.43450 13.21770
C -34.53110 91.68570 13.22290
H -36.28400 91.20650 11.62960
H -37.24390 94.18320 11.62080
H -34.15430 93.48500 11.62630
C -35.47650 94.75770 13.21760
C -32.46540 94.17060 13.21520
H -29.88380 89.96890 11.62120
C -27.86080 90.28200 13.11410
C -31.32260 91.18670 13.21550
H -30.98800 92.99870 11.61830
C -25.39100 92.44880 13.14820
C -29.12090 93.43650 13.22240
H -27.53510 92.14110 11.85530
H -26.15470 89.16400 11.44350
C -19.31310 94.28470 12.97150
C -24.15110 89.48440 13.07790
C -20.51850 89.04150 13.25600
C -18.25000 91.24350 12.94310
C -21.83680 91.85730 12.93930
H -25.28700 94.36470 11.54700
H -23.60720 91.45160 11.65510
H -20.97100 93.81170 11.49580
H -22.32190 88.46120 11.62870
H -20.12180 90.66690 11.37610
H -44.94570 98.12750 11.60070
H -43.46210 95.35630 11.59760
C -41.81860 95.91070 13.20960
C -43.05990 98.73300 13.20930
C -39.77590 98.24610 13.21820
C -40.83870 101.17700 13.22310
H -39.35890 100.06200 11.61960
H -41.54040 97.71720 11.61300
H -42.64890 100.62900 11.62190
C -44.90320 96.67610 13.17060
C -36.60450 97.66640 13.21510
C -38.66180 95.31090 13.22170
H -33.09910 98.87250 11.60840
C -33.46160 97.05900 13.20640
H -36.21370 99.41340 11.61180
C -34.51010 100.03400 13.20610
H -38.32760 97.12570 11.62650
H -35.21040 96.49160 11.60940
C -37.61750 100.56200 13.21520
C -26.79820 95.64440 13.13830
H -29.70250 98.23650 11.62060
C -25.03340 100.85600 13.18130
H -32.05270 95.92850 11.60630
H -28.62670 95.15360 11.45370
C -27.66730 98.76500 13.18330
C -31.34130 99.34190 13.20050
H -26.33610 97.39060 11.44970
C -30.09310 96.48830 13.05800
H -30.98820 101.18400 11.60480
H -21.98870 96.92450 11.41630
C -21.41140 100.26800 13.13910
C -24.04000 97.83190 12.55430
C -18.00380 99.78230 13.01130
C -20.28160 97.33850 13.10430
C -23.01620 94.86780 12.43100
H -18.83540 96.16610 11.42130
C -41.74120 104.17300 10.03710
C -43.01520 106.95500 10.05580
C -39.71180 106.42500 10.04560
C -44.85210 104.91500 10.00690
C -43.91250 102.15200 10.02710
C -38.68510 103.48200 10.02730
C -35.54090 102.88700 10.01510
C -36.55060 105.92200 10.03160
C -33.40300 105.32300 10.02020
C -32.40630 102.38100 10.00640
C -31.37030 107.62100 10.02370
C -30.24040 104.65600 9.98715
C -26.41180 103.77900 9.96382
C -27.89800 106.97400 10.11190
C -28.95640 101.74800 10.17400
H -26.21220 105.71800 11.61340
C -22.57250 103.21400 10.08500
C -24.18240 106.24400 10.09260
C -19.22800 102.62300 9.82485
C -20.35150 105.50500 9.91262
H -19.87690 107.35300 11.49410
H -20.81630 102.16200 11.59460
H -22.32600 105.08300 11.42200
H -18.59890 104.42200 11.44700
H -24.67340 102.83800 11.60770
C -40.71830 109.38500 10.05730
C -43.83350 109.82900 10.05250
C -41.70740 112.29700 10.04250
C -44.83360 113.14800 10.01590
C -38.60560 111.80400 10.05120
C -34.46400 108.27500 10.04320
C -37.58920 108.82200 10.06000
C -35.49120 111.16900 10.05260
C -33.46470 113.48700 10.02130
C -36.57160 114.12300 10.04060
C -32.33690 110.56900 10.02080
C -25.48330 109.14500 10.35760
C -29.07380 109.87600 10.13600
C -26.69600 112.16500 10.08570
C -30.29000 113.02400 9.98995
H -28.76060 111.74500 11.47310
H -26.31110 113.93200 11.40590
C -18.03400 107.74500 9.79402
C -23.09350 111.26700 10.04340
C -21.72720 108.51400 10.08890
C -19.18310 110.80500 9.89519
C -20.57210 113.67500 10.45730
H -21.17160 110.24500 11.40780
H -22.75840 113.18300 11.73090
H -18.46700 112.64100 11.41730
H -23.64700 108.02500 11.88180
H -25.02910 110.92000 11.65400
C -39.74580 114.74800 10.03540
C -43.00490 115.23200 10.02590
C -40.80950 117.64800 10.02580
C -43.92950 118.43400 10.00990
C -41.82490 120.63500 10.02110
C -44.88950 121.33900 9.98826
C -38.71380 119.94300 10.03360
C -34.51130 116.48400 10.01550
C -37.64580 117.04100 10.03370
C -35.60020 119.45300 10.02720
C -32.45130 118.92100 9.99760
H -29.78060 114.79800 11.63800
H -32.14920 120.68600 11.58860
C -31.35760 115.81700 9.99710
H -31.08780 117.66400 11.59200
C -25.43510 117.54500 9.81675
C -27.93560 115.36600 10.02160
C -29.13300 118.14900 10.11800
C -26.75590 120.53300 10.21480
H -27.33770 116.98800 11.42380
H -28.72940 119.97400 11.84630
C -30.24640 121.08700 10.11170
C -24.23600 114.37200 9.93245
H -25.01850 119.23200 11.74190
C -22.77800 119.76700 10.43270
C -21.63850 116.71300 10.49250
C -17.94690 116.32900 9.62675
C -19.20670 119.20900 9.88571
H -20.75400 118.71800 11.72240
H -23.96740 116.18500 11.25870
H -18.71650 121.05800 11.41450
H -19.54790 115.70200 11.39890
C -43.04530 123.48400 10.02420
C -39.79480 122.92600 10.02270
C -40.83420 125.87300 10.01690
C -43.86150 126.79800 10.00730
C -36.71660 122.36000 10.03340
C -37.71350 125.29500 10.02290
C -33.53830 121.82000 10.00760
C -34.59680 124.75200 10.01470
C -35.64890 127.60900 10.00700
C -32.45000 127.11300 9.99540
C -31.47970 124.09000 9.99044
H -31.06120 125.90500 11.58810
C -27.93030 123.48300 10.15140
C -25.49660 125.72400 9.92896
H -29.99670 122.96500 11.55040
C -29.20640 126.36500 9.92360
H -26.17420 122.24900 11.65730
H -27.59250 125.28800 11.35700
C -19.45570 127.45800 10.09260
C -24.07580 122.65200 10.09000
C -20.38950 122.06300 9.81895
C -18.14250 124.45600 9.84235
C -21.72940 125.06300 9.94789
H -21.37320 126.83500 11.71250
H -23.76540 124.45100 11.30500
H -22.16390 121.66300 11.52920
H -19.97950 123.95400 11.36990
H -25.08150 127.39900 11.68300
C -44.93700 129.57100 9.97402
H -43.49780 128.24900 11.58310
H -41.63390 130.67100 11.57200
H -39.48970 132.95100 11.59400
C -41.81190 128.85100 9.98890
C -43.06120 131.84400 9.96082
C -39.89100 131.18900 9.98928
C -40.82180 2.21362 9.98462
H -42.61380 1.68592 11.56550
H -44.91010 130.95700 11.53750
C -38.74870 128.18800 10.00820
H -36.34200 132.45200 11.59480
C -36.72520 130.65500 9.99780
C -37.73550 1.59046 9.99830
H -33.18140 131.78800 11.58210
C -34.59450 132.97400 9.98737
C -33.53960 130.00000 9.99238
C -30.38060 129.28100 9.98177
H -31.10470 2.15960 11.59400
C -31.43210 132.34400 9.98828
C -28.10700 131.61300 9.96375
C -26.75650 128.60700 10.09570
H -32.17110 128.84400 11.59390
H -29.98030 131.19600 11.52470
C -25.75120 1.75518 10.04090
H -26.39760 130.41100 11.28920
H -28.84090 128.25200 11.53890
H -27.57290 133.38100 11.72930
H -19.05860 129.15200 11.54340
C -18.41960 132.62700 9.72674
C -20.65670 130.27900 9.91223
C -23.10300 127.94800 10.08500
C -24.34430 130.77900 9.86079
H -23.83070 132.64500 11.37820
H -22.65490 129.66600 11.42990
H -20.40290 132.09800 11.33880
C -21.89430 133.19100 9.74531
C -41.78340 104.18200 13.23380
C -43.01730 106.97200 13.25350
C -39.69720 106.44500 13.23980
H -43.44900 103.58700 11.62760
H -40.42290 102.95300 11.63330
H -41.45770 105.93200 11.64570
H -44.86020 106.44000 11.65990
C -44.89550 104.90300 13.20520
C -43.85510 101.66700 13.22390
C -38.68780 103.45600 13.22410
H -38.28660 105.26800 11.62610
C -35.52180 102.89100 13.21000
C -36.53880 105.88900 13.22880
H -35.13380 104.72600 11.61600
C -33.38310 105.33000 13.21580
H -33.06450 107.08700 11.63460
H -37.23110 102.36500 11.61950
H -36.18700 107.69000 11.64890
H -34.10540 101.77300 11.60270
C -32.31570 102.29500 13.20140
H -32.06230 104.11300 11.60380
C -31.27740 107.59400 13.21930
C -30.12250 104.53300 13.05120
C -26.59790 103.89600 12.99780
H -29.83740 106.47300 11.61350
C -27.86490 106.98700 13.20340
C -29.00210 101.69000 13.03870
H -28.55410 103.52400 11.33040
C -22.59820 103.12200 13.07400
C -24.03230 106.17400 13.13600
C -18.95400 102.70100 13.14080
C -20.25170 105.62400 12.91930
H -39.33480 108.20100 11.65740
C -40.75760 109.34300 13.25140
H -42.55360 108.82100 11.65660
C -43.88020 110.31500 13.25020
H -43.39940 111.74600 11.64000
C -41.72060 112.34700 13.24060
H -40.32260 111.15300 11.64880
H -41.49630 114.13200 11.63530
C -44.84690 113.13900 13.21510
H -44.84590 114.61300 11.61550
C -38.58250 111.80300 13.24850
C -34.47140 108.22600 13.23820
H -38.32890 113.60900 11.63770
C -37.62240 108.71100 13.25410
C -35.47640 111.15500 13.24870
H -37.21220 110.58100 11.66300
H -34.05380 110.02100 11.63750
C -36.58210 114.09600 13.23560
C -33.39150 113.51300 13.21580
H -35.18880 112.94300 11.64830
C -32.33390 110.57900 13.21810
H -32.01560 112.40100 11.60780
H -31.00940 109.38900 11.61380
C -25.48290 109.04200 13.31120
C -29.23540 109.91600 13.20340
C -26.74630 112.05400 13.01380
C -30.15510 112.92100 13.15820
H -27.54300 108.74900 11.86500
C -17.97360 107.88900 12.99250
C -22.89680 111.37900 13.09340
C -21.46570 108.46000 13.17320
C -19.14300 110.73700 12.87990
C -20.43430 113.69200 12.57340
C -39.77960 114.70800 13.23160
C -42.99480 115.22200 13.22040
H -42.58110 117.04400 11.61880
C -40.80450 117.62200 13.22150
H -39.40450 116.49400 11.62840
C -43.93040 117.94200 13.20670
C -41.86250 120.60000 13.21650
H -43.48960 119.90800 11.61010
H -40.47160 119.42800 11.62570
C -44.89590 121.33500 13.18870
C -38.72240 119.95000 13.23110
C -37.63950 116.98000 13.22840
C -34.50310 116.44900 13.20900
H -36.26010 115.88300 11.62810
H -33.11270 115.29800 11.60040
C -35.57870 119.42800 13.22080
H -34.16620 118.28100 11.60750
H -37.29560 118.80800 11.63730
H -35.23950 121.23900 11.62690
C -32.44240 118.92200 13.19300
C -31.40910 115.83500 13.19380
C -27.82260 115.08900 13.04160
C -25.37600 117.44300 13.05800
C -29.01610 117.85800 13.07590
C -26.66770 120.47300 13.30100
C -30.21190 121.00100 13.15010
C -24.51410 114.47500 13.06930
C -22.74980 119.62200 12.92090
C -21.68810 116.57700 12.40350
C -17.95360 116.20800 12.84120
C -18.82960 119.18300 13.07640
H -44.90170 122.77600 11.62420
C -43.03210 123.47000 13.21920
C -39.80940 122.90100 13.21980
C -40.84510 125.88500 13.21230
H -41.56490 122.40900 11.62020
H -42.61920 125.33000 11.62120
H -39.44320 124.68900 11.61330
C -43.83490 126.36500 13.20250
H -40.47140 127.64800 11.60800
H -38.40720 121.74300 11.63250
C -36.69300 122.36000 13.22890
C -37.73850 125.26400 13.21700
C -33.50230 121.87000 13.20320
C -34.60540 124.72200 13.21020
H -36.31940 124.15100 11.63120
H -33.18140 123.60500 11.60090
H -37.35440 127.06000 11.61640
C -35.60620 127.61800 13.20510
H -34.19190 126.52200 11.60320
C -32.42380 127.07500 13.19410
C -31.39610 124.07700 13.18790
C -28.02470 123.38700 12.97640
C -25.49900 125.51900 12.87340
C -29.11800 126.29800 13.04340
C -23.98380 122.62700 12.98650
C -20.25680 122.09700 13.06170
C -18.08450 124.41400 12.96740
C -21.80890 124.95100 12.91530
C -19.38790 127.27900 13.17420
C -43.08200 131.81100 13.15610
C -44.94140 129.53200 13.17280
C -40.79530 2.17257 13.18200
C -41.77010 128.86300 13.18540
C -39.93420 131.16900 13.18490
C -34.58720 132.95500 13.18580
C -38.76280 128.24300 13.20560
H -35.32820 129.45600 11.59840
H -38.44990 130.04300 11.59600
C -33.54760 130.05000 13.19040
C -36.72060 130.67200 13.19470
C -37.75430 1.57024 13.19710
C -30.35740 129.34700 13.16400
C -31.42010 132.36000 13.18750
C -27.95330 131.59400 12.98560
C -26.79370 128.59100 12.99460
C -25.44020 1.76442 13.02000
C -24.47830 130.71900 12.86380
C -20.81570 130.22000 13.01330
C -18.31470 132.47400 12.72230
C -23.11110 127.91500 13.19800
C -21.94950 133.20500 13.01070
C -16.01190 2.93425 9.62437
C -13.70860 5.19268 9.73890
C -15.09530 8.05068 10.03970
C -11.44480 7.55028 9.76089
C -17.51440 5.83447 9.69773
C -12.53980 2.31104 9.60523
H -13.28940 7.00230 11.40470
H -15.75410 4.62813 11.00090
H -12.08280 4.08034 11.25460
H -17.08420 7.58501 11.50620
H -18.07750 2.40172 11.13150
C -10.36130 4.56690 9.55288
C -6.70017 3.87631 9.50761
C -8.12986 7.02621 9.55921
C -4.47555 6.39203 9.26669
H -5.00461 2.69787 11.00750
H -4.10686 8.04090 10.96460
H -6.32092 5.68859 10.84330
H -9.93618 6.37821 11.26360
H -8.69036 3.46955 11.10390
C -3.23347 3.33951 9.29874
C 0.36361 2.59151 9.28414
C -0.92872 5.64914 9.30152
C 2.68568 4.90993 9.36310
C 1.41361 7.95829 9.63683
H -2.86222 5.10196 10.76550
H -0.48850 7.28365 11.11110
H 0.71059 4.33644 10.74080
H 3.01366 6.66404 11.06600
H -1.60566 2.11166 10.86870
C 3.73266 1.94809 9.36269
C 5.89317 4.15717 9.42113
C 4.92822 7.21518 9.54722
C 9.26617 3.39363 9.41138
C 8.01281 6.59452 9.44554
H 9.45500 5.30600 10.94010
H 6.27792 5.92877 11.12120
H 7.37394 2.95171 10.99570
H 4.08886 3.66822 11.03970
C -17.52400 14.12420 9.83356
C -16.33640 11.01320 10.02770
C -13.75780 13.38060 10.06400
C -12.70970 10.46330 9.99318
H -11.08670 9.34119 11.50740
H -12.07930 12.25500 11.59360
H -15.92080 12.90520 11.34560
H -14.55490 9.95707 11.58420
H -18.21200 10.54590 11.69190
C -10.32340 12.77150 9.89732
C -9.38965 9.98034 9.77801
C -5.75849 9.28038 9.58287
C -6.92346 12.27880 9.84679
C -4.52699 14.36170 10.02580
H -7.67300 8.61761 11.01160
H -5.39379 10.94700 11.44580
H -6.61539 14.00500 11.48980
H -8.68952 11.64740 11.48340
H -9.95060 14.57800 11.47820
C -3.45029 11.44610 9.97015
C -2.11760 8.53505 9.58840
C 0.16475 10.80490 9.98300
C -0.98442 13.60330 9.98662
C 2.31713 13.11620 9.93116
H 1.79778 9.62658 11.47760
H 0.55034 12.58870 11.65650
H -1.78536 10.24930 11.37640
H -2.81470 13.25120 11.73930
C 3.59020 10.11150 9.80510
C 6.98525 9.53982 9.53607
C 10.19080 8.77267 9.40492
C 9.20983 11.83670 9.46250
C 5.81384 12.53240 9.72653
H 5.28196 8.94790 11.25710
H 6.23738 14.28540 11.07390
H 7.45977 11.28100 11.18700
H 8.45464 8.30503 11.13740
H 3.98403 11.94590 11.45820
H 9.68477 13.51980 10.82530
H -13.24060 15.20010 11.66240
C -15.02620 16.41920 10.31580
C -11.46600 15.79140 10.01230
C -15.81190 19.34490 10.16240
C -12.67760 18.64690 10.15200
H -17.06610 15.83180 11.62270
C -13.67900 21.69040 9.96477
C -8.12725 15.24010 9.92221
C -10.43090 20.97610 10.08100
C -9.23331 18.04080 10.07890
C -5.86643 17.25320 10.03530
C -6.95988 20.38540 10.10250
H -7.81680 16.94660 11.66000
H -4.15136 16.23790 11.25580
H 2.83286 14.92900 11.51990
C -3.57005 19.60950 10.02140
C -2.13463 16.72360 9.80545
C 1.19862 15.98650 9.83292
C 0.17422 19.02620 9.94912
H -0.44620 15.62280 11.31280
H 1.80486 17.87970 11.44480
H -1.79273 18.55430 11.47700
H 0.60869 20.88870 11.56790
C 2.38011 21.35990 9.86473
C 3.50011 18.41310 9.72810
C 8.10421 14.86340 9.50559
C 10.35080 17.13070 9.71005
C 6.95138 17.83370 9.81790
C 4.46662 15.48510 9.69016
C 5.88189 20.70900 9.93624
C 9.22378 20.13260 10.02920
H 5.08268 17.25040 11.26520
H 8.53751 16.56030 11.31010
H 7.36603 19.58840 11.62550
H 3.97531 20.18390 11.41020
C -15.91140 27.74940 9.97119
C -14.72040 24.67090 9.93706
C -11.40850 24.11010 9.85878
C -12.50870 27.05440 9.84228
C -17.07200 22.33000 10.15860
C -7.95964 23.22450 9.99364
C -4.81406 22.65080 9.94673
C -9.14617 26.29650 9.86357
C -5.72760 25.71320 9.83731
C -3.32022 27.97270 9.87284
C -2.43430 24.89430 9.92216
C 1.23291 24.24680 9.98894
C 0.10949 27.21500 10.06550
C -1.10048 22.02430 9.99752
H 2.84808 23.14790 11.51640
C 3.45523 26.58100 10.01270
C 10.57050 25.23620 9.95302
C 6.90351 25.94130 9.98644
C 4.74633 23.61860 9.89768
C 8.17000 23.07200 10.09160
H 6.18248 22.54250 11.60490
H 9.91965 21.90740 11.59660
H 8.53594 24.83950 11.45420
H 5.01357 25.46450 11.57050
C -14.70540 33.12120 9.92932
C -13.52680 30.18140 9.87944
C -11.24750 32.44530 9.88075
C -17.06180 30.92730 10.05080
C -8.75040 34.65970 9.87299
C -7.95781 31.59880 9.92065
C -5.44418 34.17960 9.97418
C -10.21700 29.24480 9.90412
C -6.82922 28.61860 9.83507
C -4.47575 31.00540 9.79319
C -2.07794 33.24950 10.03750
C 1.26214 32.51030 10.02530
C 2.48781 29.49960 10.02720
C -1.06579 30.40340 9.89505
C 6.78160 34.19440 10.03170
C 10.22850 33.48000 9.84330
C 7.90110 31.07030 10.05940
C 4.67198 31.90750 10.03990
C 9.16003 28.17190 9.97517
C 5.63077 28.92510 10.00100
C -16.11460 2.83666 12.69190
C -13.85680 5.24318 12.65350
C -15.01360 8.24171 12.84250
C -11.38920 7.35937 12.99080
C -17.23960 5.80396 12.70620
C -12.52160 2.23922 12.87140
C -10.17470 4.44532 12.82020
C -6.65701 3.79814 12.49060
C -7.83065 6.74427 12.56790
C -4.42852 6.06058 12.46950
C -3.06688 3.29710 12.44010
C 0.26763 2.55938 12.42200
C -0.91757 5.45230 12.39250
C 2.44218 4.80986 12.52010
C 1.44125 7.80759 12.76250
C 3.70761 1.71860 12.51860
C 5.89536 4.01132 12.64390
C 4.80025 7.02470 12.78090
C 9.17021 3.42575 12.57420
C 8.05022 6.42703 12.70610
C -16.24260 11.12400 13.11460
C -13.86500 13.47130 12.96630
C -12.58690 10.43290 13.18960
C -17.39290 14.13170 13.12690
C -10.21840 12.75350 13.13600
C -8.96425 9.67568 12.87300
C -5.74036 9.11743 12.61770
C -6.81497 12.12240 13.12250
C -4.60450 14.42910 12.99930
C -8.14842 14.99010 13.14630
C -2.19207 8.50250 12.60700
C -3.39049 11.42670 12.97130
C 0.07491 10.88080 12.98480
C 2.52265 13.01420 13.13570
C -0.91077 13.97250 13.15880
C 3.77943 9.93497 12.97380
C 7.08712 9.50255 12.86480
C 10.36000 8.63898 12.60870
C 6.00036 12.47280 12.79020
C 9.38433 11.79530 12.65570
C 8.24981 14.70280 12.55130
C -14.96790 16.52490 13.01060
C -11.37330 15.66500 13.26870
C -15.96860 19.59020 13.42850
C -12.53010 18.75540 13.42790
C -13.65970 21.91430 13.30640
H -12.28100 20.53720 11.72770
H -11.07640 17.54860 11.74890
H -15.37400 21.29040 11.68790
H -14.39380 18.26360 11.92770
H -17.62370 18.91150 11.76320
C -10.33940 21.13100 13.23040
C -5.74030 17.33310 13.05240
C -9.25709 18.13050 13.35290
C -6.92990 20.33770 13.36390
H -8.77911 19.93880 11.68720
H -5.42782 19.16930 11.70720
C -3.46099 19.60570 13.13120
C 1.32151 16.04650 13.07700
C -2.13574 16.80630 12.79620
C 0.20472 18.99790 13.04190
H -3.11721 21.56240 11.49950
C 2.50728 21.28800 13.11980
C 10.44950 17.08590 12.93100
C 3.62076 18.35810 13.02090
C 4.88403 15.31730 12.86940
C 6.98024 17.80970 12.90440
C 5.72891 20.62720 13.17650
C 9.31857 20.08090 13.15820
C -11.39260 24.10900 13.20140
C -14.74650 24.82230 13.10450
C -15.65390 27.88310 13.16000
C -12.48140 27.07860 13.15820
C -16.92400 22.52840 13.24500
H -10.99940 25.89950 11.51880
H -14.30030 26.60710 11.49430
H -17.60940 27.31530 11.73870
H -16.51100 24.30730 11.49410
H -13.18220 23.57010 11.53660
C -4.44560 22.62820 13.22370
C -9.12306 26.31650 13.07340
C -5.77193 25.76810 13.09790
C -8.11021 23.39800 13.18080
H -9.93574 22.89310 11.49810
H -6.49174 22.19500 11.78850
H -5.26879 27.50400 11.39190
H -8.63577 28.12330 11.41820
H -4.33091 24.49690 11.52110
H -7.57123 25.14590 11.45660
C -3.48240 27.98030 13.07270
C -1.13705 21.89040 13.07140
C 1.18495 24.08350 13.10140
C -2.34419 25.00260 12.99750
C 0.02242 27.15460 13.09150
H -1.96375 26.70640 11.57720
H 1.69532 26.00960 11.68760
H -0.69852 23.82960 11.45730
C 10.49810 25.37390 13.00010
C 3.51975 26.48070 13.33640
C 8.13977 22.91390 13.08010
C 6.93595 25.86610 13.12860
C 4.62314 23.65480 13.20300
H 7.24084 27.79080 11.55660
C -16.84610 30.74670 13.23030
C -11.23670 32.37210 13.09240
C -14.61770 33.09900 13.21360
C -13.66070 30.11840 13.11110
H -10.53290 34.14990 11.44500
H -13.09500 31.96850 11.49430
H -14.15700 34.90080 11.53530
H -12.09110 28.89560 11.51820
H -15.39350 29.66160 11.46580
H -16.46710 32.65070 11.64110
C -6.77497 28.63470 13.00510
C -5.53808 33.93960 13.20670
C -8.78812 34.51360 13.18450
C -7.96936 31.50020 12.97190
C -10.17280 29.26270 13.06380
C -4.46010 30.90370 13.11830
H -9.77699 31.12960 11.44690
H -4.09511 32.78760 11.52050
H -6.24855 30.46610 11.43050
H -7.32509 33.43070 11.51660
C -2.29141 33.19320 13.25300
C 2.17417 29.49960 13.09540
C 1.41915 32.63920 13.34760
C -1.11142 30.10810 13.14960
H -2.96288 29.87000 11.43210
H -0.60566 32.09240 11.77510
H 2.85169 31.36500 11.68150
H 0.42209 28.95880 11.34870
H 1.75945 34.38510 11.61700
H 6.06296 30.67720 11.69150
H 5.06286 33.66160 11.81100
H 9.62899 30.03670 11.59570
C 9.19889 28.30300 13.11190
C 10.39170 33.55450 13.01170
C 7.98965 31.18850 13.18970
C 4.64011 31.80330 13.41260
C 7.01819 34.15450 13.29810
C 5.79535 28.80340 13.32110
H 8.38335 33.01860 11.52270
H 3.92126 28.34830 11.71430
C -15.74050 36.08800 10.00560
C -13.33100 38.28390 9.97693
C -14.49830 41.20760 9.97730
C -11.08970 40.47840 10.18200
C -16.89350 39.05080 10.07310
C -12.22270 35.30840 10.02360
C -9.95711 37.50510 10.16270
C -6.42762 36.89150 10.01890
C -7.63822 40.03740 10.08770
C -4.19480 39.30700 10.10720
C -3.12061 36.36900 10.07490
C 0.11788 35.45000 10.01550
C -0.91575 38.43940 10.07560
C 2.58619 37.78630 9.92421
C 1.31784 40.74430 9.94922
C 3.67303 34.71810 10.02540
C 5.95737 37.15600 9.88375
C 4.74840 40.08560 9.82576
C 9.09159 36.38880 9.94633
C 8.20719 39.42190 9.78035
C -15.92920 44.11990 10.18690
C -12.14050 43.33870 10.13590
C -13.54300 46.30210 10.15920
C -17.07120 47.18210 10.24090
C -9.97493 45.67900 10.18410
C -8.91363 42.89340 10.19610
C -5.33375 42.18000 10.31780
C -6.64000 45.03400 10.39790
C -4.44968 47.52050 10.18150
C -2.01668 41.40000 10.15230
C -3.17367 44.46450 10.29800
C 0.25569 43.69880 9.95557
C -0.83240 46.74280 9.89037
C 2.62556 46.01520 9.73444
C 3.55357 43.21930 9.83496
C 7.04247 42.35490 9.78429
C 10.32930 41.83910 9.60369
C 9.40045 44.86410 9.65837
C 5.99802 45.33190 9.68637
C -14.70340 49.32910 9.98991
C -11.07080 48.59030 10.00150
C -16.03610 52.31250 10.24570
C -12.41290 51.56540 10.03810
C -13.67510 54.59130 10.27130
H -15.59940 54.16470 11.78100
H -17.99410 52.06270 11.81490
C -7.70759 48.07620 10.22450
C -10.08370 53.90620 10.02540
C -5.58136 50.37820 9.98430
C -8.99684 50.98080 9.96060
C -6.68575 53.44580 10.04620
C -3.10917 52.64030 9.98747
C -1.98719 49.68190 9.90297
C 1.54843 48.96240 9.74321
C 0.34837 51.95350 9.81471
C 2.70084 54.24930 9.82227
C 8.37558 47.78420 9.63572
C 3.85614 51.41570 9.90716
C 9.49910 52.90640 9.74897
C 6.11949 53.65880 9.86704
C 4.91673 48.49100 9.76276
C 7.14432 50.69250 9.89173
C 10.61770 50.16510 9.74326
H -18.00610 60.09360 11.64310
C -12.71810 59.81670 10.11380
C -16.00220 60.38130 10.12130
C -11.53670 56.67970 10.25240
C -14.94860 57.24740 10.32120
C -17.12280 55.33990 10.26100
H -14.52200 59.22830 11.76690
H -13.31890 56.38420 11.99810
H -11.10410 58.70360 11.64700
H -16.81560 57.14470 11.93650
C -4.35614 55.53200 9.92358
C -5.48077 58.56610 9.99812
C -9.26405 59.07520 9.95592
C -7.89172 56.34640 10.05020
H -9.74830 55.73670 11.75020
H -7.50812 58.06180 11.47080
H -5.14620 60.30170 11.41770
H -3.94303 57.29840 11.61860
H -8.89523 61.02220 11.43030
C -3.19848 60.84060 9.85491
C 0.30279 60.23300 9.80526
C 1.63835 57.22800 9.83864
C -1.98665 57.92840 10.04230
C -0.70104 55.01540 9.79743
H 1.88452 59.13550 11.37460
H -1.59300 59.66230 11.25630
C 10.57920 58.26090 9.56393
C 7.15181 59.16230 9.74563
C 8.33162 56.01270 9.68536
C 5.00372 56.70370 9.83485
C 3.81969 59.56430 9.83132
H 5.40771 58.44270 11.43550
H -11.34140 66.86300 11.68050
H -14.74600 67.52370 11.84860
C -13.80690 62.72410 10.08090
C -11.66440 65.01490 10.13780
C -14.99710 65.75140 10.18140
C -17.28860 63.37590 10.14400
H -16.91020 65.23910 11.75440
H -13.50890 64.52200 11.74920
H -15.69790 62.29240 11.67480
H -12.35730 61.64520 11.78240
H -6.61045 63.25580 11.67710
C -10.57280 62.09200 10.07110
C -9.51952 67.39370 10.03500
C -6.87899 61.48080 10.00140
H -3.65908 65.67430 11.57440
C -8.29373 64.35190 10.13660
C -4.54337 63.70770 10.35690
C -5.72047 66.72970 10.60900
H -7.95161 66.06080 11.37260
H -10.22430 63.85740 11.77210
H 2.83717 64.27540 11.52340
H 1.68790 67.36610 11.48860
C 2.52827 62.40400 9.85548
C 1.31239 65.48510 9.90950
C -0.87936 63.18850 9.79425
C -1.90082 66.24870 9.91497
H -2.59274 62.62890 11.53610
H -0.44968 64.96920 11.50550
H 0.60592 62.03740 11.40340
C 8.17269 64.27880 9.89350
C 4.62708 64.84370 9.84092
C 9.47012 61.38560 9.65236
C 5.89752 62.05160 9.78412
C 6.79903 67.25670 9.76156
H 4.90681 66.70630 11.39320
C 10.59190 66.68600 9.95256
H 4.17202 61.33640 11.46610
H 6.21876 63.75410 11.50650
H 8.53100 65.99800 11.25880
C -15.72660 35.99060 13.12830
C -13.41290 38.30100 13.24360
C -14.76070 41.20390 13.02570
C -11.12190 40.32610 13.29410
C -16.95350 38.90620 12.91300
C -12.14570 35.31640 13.04000
H -11.87870 37.12310 11.65580
H -15.18890 37.88260 11.56020
H -16.54430 40.86190 11.35540
H -12.97520 40.12840 11.65570
H -17.65640 35.67890 11.57220
C -9.90329 37.47430 13.19940
C -6.56847 36.99310 13.29760
C -7.62943 39.86530 13.33240
C -4.30247 39.23540 13.34920
H -9.45922 39.32480 11.73250
H -4.94799 35.85020 11.76130
H -3.74751 41.06980 11.84850
H -6.10446 38.75590 11.64170
H -8.29891 36.37200 11.60270
C -3.12971 36.30340 13.40180
C 0.22534 35.55410 13.27020
C -0.75096 38.43000 13.23680
C 2.56467 37.80500 13.15680
C 1.45195 40.81120 13.22380
H -2.73397 38.13010 11.80160
H 2.94176 39.63510 11.52130
H 0.73617 37.30300 11.56830
H -0.39039 40.24290 11.65610
H -1.68900 35.10960 11.67830
C 3.54308 34.96070 13.27320
C 5.82869 37.38890 13.19420
C 4.82555 40.20120 13.05290
C 9.23849 36.48570 13.11830
C 8.19119 39.52440 13.02300
H 6.39209 39.06840 11.39190
H 9.60736 38.33080 11.45380
H 7.31120 36.01160 11.67490
H 4.12541 36.67030 11.54080
C -17.03250 47.24230 13.19800
C -15.79540 44.23300 13.12290
C -12.38770 43.37840 13.28870
C -13.46400 46.42960 13.25870
H -11.85930 45.24050 11.73810
H -10.68260 42.28220 11.88320
H -17.86940 43.74700 11.67470
H -14.14800 43.05740 11.57110
H -15.43480 45.93890 11.80660
C -10.16500 45.80170 13.43080
C -8.85544 42.78220 13.47770
C -5.43137 42.29690 13.35550
C -6.68965 45.14460 13.54790
C -4.11015 47.39190 13.18240
H -7.34269 41.78010 11.74160
H -6.21278 46.96270 11.99200
H -5.01559 44.03550 12.01200
H -8.54374 44.66570 11.93140
H -9.68115 47.57560 11.72240
C -2.93212 44.40970 13.24650
C -1.81167 41.45020 13.33870
C 0.49728 43.87650 13.22730
C -0.75051 46.66770 12.95100
C 2.63921 46.15780 13.04960
H 1.86112 42.58570 11.55840
H -1.38834 43.26860 11.71820
H 0.84514 45.60080 11.43500
H -2.69687 46.23730 11.48350
C 3.79701 43.21040 13.07150
C 7.10868 42.51290 12.88540
C 6.14759 45.51030 12.84230
C 9.37812 44.77630 12.93290
H 9.77317 46.64820 11.37560
H 8.64510 41.30740 11.33610
H 5.12778 42.00650 11.36200
H 7.57098 44.24570 11.30450
H 4.15357 45.00490 11.40370
H 6.47963 47.27560 11.11030
C 10.43490 41.85960 12.92410
C -14.69940 49.39370 12.98270
C -11.32950 48.64280 13.22320
C -15.97350 52.26340 13.25530
C -12.34490 51.63160 13.23340
H -13.01870 48.17060 11.48730
C -13.58710 54.57600 13.27220
H -16.73360 48.98610 11.44090
H -14.29160 51.13140 11.63120
H -10.84920 50.48190 11.60590
H -11.98920 53.42440 11.61790
C -7.82236 48.05970 13.32440
C -10.15780 53.82640 13.27750
C -5.47683 50.25320 13.12180
C -9.00494 50.89100 13.25320
C -6.66199 53.25750 13.17290
H -5.09688 52.14290 11.58310
H -7.44409 49.86800 11.60050
H -8.61638 52.78160 11.65250
H -3.83292 49.24710 11.49140
C -3.07127 52.57920 13.06020
C -1.86137 49.57190 13.07590
C 1.51575 49.00440 12.99530
C 0.52166 51.99860 13.12360
H 3.05430 47.94260 11.36080
H 0.82464 53.80510 11.41540
H -1.38476 51.47810 11.56220
H -2.57791 54.40080 11.34410
H 1.94868 50.84700 11.41850
H -0.30623 48.52810 11.35840
C 2.66798 54.33910 13.05340
C 3.73701 51.47260 13.06620
C 8.22389 47.74350 12.91720
C 10.62220 50.07830 13.02930
C 7.33546 50.69990 13.01980
C 4.99172 48.43910 12.89570
C 6.19892 53.76530 13.05280
C 9.59268 53.16820 12.94470
H 8.81411 49.56940 11.34100
H 4.27849 53.27510 11.49310
H 5.32299 50.29110 11.56330
H 7.69723 52.56690 11.42600
C -17.19210 55.24300 13.40340
C -12.64060 59.70830 13.33970
C -16.12980 60.39350 13.22040
C -11.27330 56.87020 13.35170
C -14.94340 57.48620 13.51810
C -7.67558 56.23260 13.15450
C -9.07560 59.21320 13.08940
C -5.58607 58.49750 13.07480
C -4.24357 55.54890 12.96070
H -6.26097 55.04230 11.47910
C -3.18237 60.66850 12.90330
C -0.74140 54.91530 13.03230
C -1.90125 57.93190 12.96310
C 1.54994 57.27540 13.03100
C 0.24407 60.07300 12.91510
H 3.14659 56.12730 11.46810
H -0.23239 56.78690 11.45310
C 3.73130 59.39880 12.98530
C 8.46642 56.06350 12.86600
C 4.95714 56.57760 13.03240
C 7.33335 59.09950 12.93260
C 10.64600 58.23330 12.84700
H 6.53503 55.54630 11.42740
H 9.93474 54.91050 11.17580
H 8.74845 57.90710 11.23420
H 7.60649 60.88950 11.25810
C -11.71590 65.07970 13.34100
C -13.92200 62.70150 13.36190
C -17.33250 63.31650 13.28920
C -15.13560 65.56700 13.34110
C -8.20640 64.39660 13.17580
C -6.84627 61.51340 12.96980
C -10.35910 61.92800 13.26080
C -4.46029 63.67320 12.90010
C -9.31737 67.38600 13.09400
C -5.77709 66.62960 12.46430
C -2.07393 66.13740 13.08230
C -0.78514 63.07030 13.19190
C 1.32712 65.43140 13.13140
C 2.52317 62.33790 13.01020
C 10.56340 66.60010 12.66670
C 4.64524 64.85210 13.09090
C 6.89014 67.16330 12.84660
C 8.27404 64.12930 12.89770
C 9.53834 61.24120 12.85570
H 10.07170 63.14870 11.34530
C 6.05867 61.85470 13.05180
C -16.24980 68.65860 10.14990
C -13.98710 71.03330 10.16270
C -15.20770 73.99010 10.04330
C -11.71370 73.34610 10.27250
C -17.30300 71.51960 10.07610
C -12.95540 68.00650 10.17950
H -13.74780 72.79030 11.74590
H -17.08940 73.45990 11.62280
H -12.53500 69.80610 11.84280
H -15.84630 70.47320 11.78210
H -18.12530 68.24110 11.63770
C -10.63790 70.28790 10.25290
C -6.91134 69.68640 10.81000
C -7.96647 72.61740 10.88020
C -4.29541 72.29310 10.09840
H -3.71672 74.11920 11.72230
H -4.74823 68.71570 11.63530
H -10.18640 72.09250 11.96280
H -5.79666 71.69390 11.79120
H -9.10509 69.07980 11.79340
C -3.06769 69.25790 9.90668
C 0.21459 68.50600 9.88585
C -0.75059 71.64210 9.94955
C 2.44160 70.86580 9.88845
C 1.42620 73.98260 9.99415
H -0.38559 73.41690 11.71320
H -1.59074 68.09300 11.55180
H -2.61167 71.09880 11.50210
H 0.64000 70.33600 11.54890
H 2.94828 72.65960 11.45890
C 3.42383 67.87310 9.78871
C 5.69226 70.27220 9.61129
C 4.64458 73.37060 9.79691
C 9.39210 69.57940 10.26290
C 8.32977 72.58830 10.37770
H 4.04337 69.69890 11.40470
H 6.08790 72.03280 11.33460
H 7.18587 68.93250 11.12460
C -17.19530 80.02120 9.93852
C -16.24220 76.99920 9.96813
C -13.87060 79.18960 10.09700
C -12.88810 76.26590 10.16540
H -11.34110 75.03230 11.72750
H -14.82850 75.82250 11.63290
H -12.50030 78.08170 11.85330
H -15.83060 78.79090 11.57350
H -18.06580 76.47510 11.60790
C -10.21090 78.50160 10.87130
C -9.06085 75.62950 10.81430
C -5.52847 75.19260 10.27840
C -6.41960 78.14890 10.20820
C -4.15455 80.60710 10.02780
H -7.00188 74.67250 11.76720
H -4.90903 77.03180 11.89220
H -8.07249 77.68190 11.81790
H -9.25224 80.62200 11.56220
H -5.92497 80.10520 11.70070
C -3.08581 77.52800 10.22340
C -1.94745 74.55950 10.12050
C 0.21104 76.84530 9.99989
C -0.93767 79.87230 10.19060
C 2.59434 79.25830 9.90182
H -2.76102 79.49360 11.80470
H -1.62994 76.51910 11.69950
H 0.79513 78.68810 11.51010
H 1.83018 75.72400 11.63130
C 3.67921 76.35180 10.00440
C 7.29398 75.61810 10.57370
C 11.20290 75.16090 9.77625
C 10.11100 78.19000 9.80521
C 6.36942 78.70910 10.52500
H 5.11852 75.00670 11.64650
H 4.14308 78.01650 11.39940
H -17.90950 84.78280 11.58500
C -15.00610 82.16880 9.92854
C -11.38300 81.53130 10.67640
C -16.21940 85.14970 9.74283
C -12.39340 84.35820 10.47470
C -13.58500 87.32680 9.79801
H -13.62070 81.14450 11.69240
H -16.79380 81.76590 11.68310
H -12.37720 86.49220 11.80050
H -15.62200 87.09150 11.23150
H -10.33860 83.60680 11.52440
H -14.66960 84.19990 11.37720
C -7.57427 81.06250 10.06560
C -10.21930 86.89970 10.64390
C -8.67867 83.94330 9.98935
C -5.36619 83.49840 10.05510
C -6.41268 86.48590 9.83175
H -3.76860 82.44900 11.63180
H -8.13196 85.94370 11.44550
H -4.87600 85.44840 11.50640
H -7.14127 82.94950 11.68460
C -3.01418 85.87270 9.86965
C -1.83372 82.84450 10.08170
C 1.47905 82.16590 10.17550
C 0.53527 85.18310 10.07220
H 1.01051 87.07490 11.28780
H -0.37436 81.74660 11.85070
H -2.68736 87.72590 11.45560
C 3.32805 87.45140 10.16410
H 3.04376 80.99490 11.64290
H 1.95343 84.01180 11.86140
H -1.50720 84.78570 11.61200
C 4.20183 84.50670 10.86320
C 9.03051 81.17460 9.84635
C 11.37610 83.46230 9.87380
C 7.94847 84.08280 9.93826
C 5.25971 81.62390 10.71910
C 6.64624 86.95640 9.95880
C 10.22320 86.46750 9.77031
H 8.46520 85.98750 11.37760
H 5.02820 86.64290 11.80090
H 6.32203 83.69400 11.69030
H -17.78070 93.07590 11.33270
C -17.33680 88.21100 9.85056
C -12.46180 92.97780 10.25970
C -16.07610 93.60210 9.57918
C -11.18620 89.83550 10.21270
C -14.78420 90.48760 9.67751
H -10.29240 91.99340 11.00450
H -14.65030 92.48380 11.26280
H -13.46190 89.44030 11.14560
H -16.70260 90.11520 11.31060
C -7.34699 89.59320 9.74517
C -4.20491 88.82790 9.78642
C -8.58147 92.54750 9.60402
C -5.18906 91.85200 9.70636
H -3.68649 90.72160 11.36750
H -5.97524 88.37650 11.43970
H -8.11878 94.43160 11.27520
H -4.62662 93.71800 11.24510
H -7.00204 91.46420 11.32350
H -9.06619 89.00090 11.40370
C 0.44152 93.29730 9.67298
C 1.76987 90.45330 10.01280
C -0.81102 88.14810 9.81003
C -2.76031 94.17820 9.68889
C -1.84041 91.13530 9.75519
H 2.05260 92.30320 11.27320
H -0.35679 89.98860 11.42840
H 3.58399 89.45120 11.60030
H -1.34474 92.98290 11.36150
C 4.06778 92.64880 9.76713
C 11.33640 91.64540 9.80116
C 5.51678 89.83910 9.90005
C 9.01430 89.31880 9.71052
C 7.83700 92.20910 9.74534
H 5.84691 91.64750 11.11620
H 7.26936 88.84020 11.40130
H 10.59700 88.30150 11.39430
H 9.39278 91.15290 11.25770
H 7.96541 94.09680 11.39480
C -17.14150 96.67990 9.68420
C -10.83840 98.51640 9.75175
C -13.41010 96.07390 10.19540
C -14.51900 98.91340 10.23530
H -16.70460 98.57280 11.27220
H -13.59020 101.06400 11.21510
H -10.22310 100.37900 11.35900
H -12.38180 98.07230 11.13130
H -15.63960 95.44580 11.28600
H -11.34190 95.03930 11.10150
C -9.66704 95.49670 9.59740
C -6.27055 94.85410 9.72136
C -5.14087 100.15000 9.79914
C -8.44264 100.71200 9.69483
C -3.98187 97.09610 9.68494
C -7.30607 97.89130 9.72479
H -5.80238 96.68700 11.35190
H -9.13018 97.33800 11.23710
H -6.98024 99.65650 11.43360
H -3.57027 98.96070 11.30650
C 2.90127 95.59410 9.73403
C -0.50760 96.31990 9.61709
C -1.68852 99.33850 9.70411
C 1.76874 98.66770 9.61174
H 3.17320 97.53860 11.31350
H -0.10639 98.19450 11.21770
H 2.08336 100.52700 11.28280
H 0.92638 95.19130 11.24820
H -2.37524 95.96620 11.29320
C 7.29391 100.30700 9.53795
C 8.64104 97.32670 9.85560
C 9.98017 94.42660 9.92139
C 5.13348 97.85110 9.68586
C 10.93310 99.63050 9.54861
C 6.37849 95.05050 9.79563
H 6.67564 96.92910 11.42210
H 8.94042 99.19450 11.08300
H 10.32480 96.33120 11.50190
H 4.47445 94.58140 11.36170
H 5.44430 99.82850 11.19090
C -16.39710 68.57870 13.33590
C -14.06370 70.97840 13.40710
C -15.33010 73.99220 13.26670
C -11.86220 73.26160 13.42100
C -17.42330 71.57780 13.24380
C -12.82540 67.95940 13.41640
C -10.61810 70.37950 13.39750
C -6.79557 69.64300 12.65820
C -7.88061 72.57450 12.78580
C -3.94917 72.21220 13.30490
C -3.17785 69.25440 13.10680
C 0.23053 68.46770 13.16420
C -0.84846 71.44210 13.19330
C 2.56936 70.85210 13.04030
C 1.57116 73.84740 13.23350
C 3.54737 67.94700 13.06740
C 5.94451 70.20240 12.93470
C 4.79593 73.35980 13.08410
C 9.34455 69.53920 12.20930
C 8.31550 72.51710 12.27250
H 10.41190 71.60310 11.31090
C -17.45900 79.87950 13.14570
C -16.27590 77.06000 13.25340
C -14.09960 79.41460 13.29290
C -12.93010 76.38270 13.26780
C -10.19260 78.60960 12.69630
C -9.11822 75.60740 12.72030
C -5.25763 75.17040 13.42780
C -6.32320 78.35230 13.40950
C -4.21407 80.70840 13.36710
C -3.05466 77.67190 13.41730
C -1.87545 74.61030 13.30110
C 0.35651 76.95710 13.20600
C 2.72904 79.31490 13.08460
C -0.68667 80.02870 13.19790
C 3.68525 76.36800 13.18670
C 7.36156 75.65450 12.35310
C 11.03870 75.05870 13.01370
C 6.34474 78.64090 12.41230
C 10.03010 78.18030 13.02010
H 7.36364 80.72340 11.60270
H 8.42133 77.69500 11.42840
H 9.38842 74.59860 11.35790
H 10.52490 80.02130 11.43370
C -14.95660 82.57730 13.20960
C -11.31730 81.58480 12.52180
C -15.94660 85.42050 13.06580
C -12.43910 84.52140 12.60920
C -13.86540 87.65380 12.95060
C -7.56080 81.15280 13.29190
C -10.07650 87.08140 12.51070
C -5.32485 83.65710 13.15650
C -8.77617 84.14250 13.14910
C -6.43735 86.63430 13.10870
C -3.05876 85.95700 13.15290
C 1.64050 82.39260 13.30130
C -1.89264 82.98180 13.31120
C 0.43235 85.38420 13.18910
C 2.96772 87.52570 12.98360
C 9.02402 81.15860 13.14370
C 4.23934 84.53920 12.72920
C 5.27084 81.70610 12.58470
C 8.08426 84.21650 13.07280
C 11.31590 83.54060 13.08830
C 6.82309 86.99080 13.04170
C 10.26010 86.51090 13.02200
H 9.55091 82.98610 11.47930
C -17.05560 88.20390 12.87610
C -12.33770 93.02130 12.06700
C -16.00500 93.59500 13.02420
C -11.17670 89.93630 12.10870
C -14.82430 90.60790 12.89120
C -4.16403 88.94680 13.05030
C -8.69699 92.52720 12.81990
C -7.43826 89.64420 13.04620
C -5.23931 91.96420 12.91270
C -2.87323 94.13940 12.94080
C -0.65481 88.05830 12.95270
C -1.84726 91.20640 13.02760
C 1.70814 90.34820 12.88940
C 0.54914 93.35710 12.91090
C 11.35240 91.75350 12.79930
C 4.16423 92.79150 12.63760
C 9.01075 89.42450 12.98400
C 7.67850 92.23720 12.74360
C 5.62287 89.92110 12.92470
C -16.91530 96.65800 12.92580
C -14.41010 99.04780 12.20070
C -13.42460 96.03910 12.05200
C -10.65950 98.43430 12.82020
C -7.39515 97.73690 12.93870
C -3.92104 97.04840 12.90950
C -6.24986 94.78430 12.83040
C -8.48462 100.81700 13.00220
C -5.10523 100.12900 12.93770
C -9.67931 95.50490 12.84240
C 2.77788 95.67340 12.85470
C -0.53790 96.35670 12.88610
C 1.65163 98.74060 12.91740
C -1.64428 99.29090 12.87220
C 9.94742 94.61270 12.94280
C 5.03631 98.04180 12.90750
C 7.40085 100.27400 12.68530
C 8.64164 97.50640 12.88210
C 6.32120 95.17030 12.98530
C 10.86420 99.74060 12.64170
C -15.60900 101.82700 10.01870
C -13.23760 104.26800 10.22100
C -14.41990 107.13700 9.89710
C -10.80280 106.59300 9.75592
C -16.86600 104.85100 9.77258
C -11.81180 101.41500 9.70888
H -16.44140 106.78100 11.32440
H -15.32210 103.83600 11.46200
H -12.65240 106.36400 11.47460
H -11.24110 103.30300 11.25610
H -17.65970 101.54000 11.35690
C -9.51618 103.75100 9.68830
C -6.23918 103.12300 9.69501
C -7.32172 106.13600 9.61223
C -3.84123 105.31600 9.75619
H -3.47880 107.20000 11.29070
H -9.08351 105.60400 11.30970
H -5.81845 104.99500 11.26160
H -4.73744 102.04200 11.36420
H -8.00252 102.58800 11.32270
C -2.87591 102.40200 9.76924
C 0.47706 101.65300 9.75685
C -0.74549 104.54200 9.79995
C 2.67646 103.90800 9.72161
C 1.64252 106.88600 9.67409
H -1.34245 101.22300 11.32100
H -2.51259 104.17700 11.53940
H -0.22932 106.46800 11.20430
H 3.23653 105.81400 11.29810
H 0.89676 103.58600 11.41430
C 3.90475 100.95000 9.65158
C 6.05974 103.33800 9.49404
C 5.02414 106.22100 9.54740
C 9.48707 102.48700 9.49432
C 8.40942 105.52300 9.43525
H 9.94360 104.44300 11.01070
H 4.35504 102.83000 11.26140
H 7.56461 102.20000 11.10910
H 6.63385 105.14200 11.15420
C -15.72840 110.16600 9.63159
C -12.18950 109.54600 9.83283
C -13.42180 112.45300 9.78158
C -16.77610 113.20900 9.60129
H -10.38390 108.54200 11.19050
H -11.78740 111.44000 11.42760
H -15.34440 112.07400 11.25800
H -14.14590 109.17400 11.28770
H -17.48640 109.66000 11.33030
C -9.84370 111.79100 9.82875
C -8.48875 109.05500 9.65899
C -5.06616 108.29600 9.62569
C -6.35381 111.40300 9.58082
C -4.03728 113.61200 9.41926
H -9.41331 113.76400 11.36150
H -5.89397 113.14000 10.97080
H -4.65765 110.18100 11.09190
H -8.16984 110.83500 11.34080
H -6.96204 107.93000 11.25250
C -1.73361 107.54000 9.54350
C -2.77958 110.61200 9.39900
C 0.66946 109.84300 9.44113
C -0.40886 112.85400 9.35049
C 2.81428 112.36100 9.42282
H 1.05372 111.71100 11.05360
H -2.31378 112.43900 10.85990
H 2.13149 108.75200 11.21930
H -1.17072 109.46200 11.02810
C 3.86775 109.17100 9.43171
C 7.34388 108.55900 9.40152
C 10.66030 107.80100 9.23994
C 9.53802 110.77800 9.22991
C 6.14186 111.40800 9.35658
H 10.04650 112.66200 10.76640
H 6.62795 113.42500 10.78460
H 7.80368 110.44800 10.97620
H 4.29177 111.07600 10.98550
H 5.51596 108.17100 11.02500
H 8.86903 107.42800 10.93910
C 8.50472 113.75300 9.17151
H -13.00590 114.40300 11.29960
C -14.57170 115.35200 9.58913
C -11.05250 114.74300 9.75403
C -15.71220 118.54300 9.60622
C -12.23330 117.75100 9.55683
H -10.69020 116.72300 11.19480
H -11.90270 119.61800 11.16180
H -15.21680 120.30800 11.20430
H -14.14280 117.29100 11.10560
H -16.44180 115.08500 11.17680
H -17.45730 118.12300 11.28510
C -13.38150 120.73600 9.57503
C -7.64712 114.34100 9.56420
C -9.95049 120.06100 9.60233
C -5.22269 116.48400 9.64223
C -8.81423 117.20800 9.53597
C -6.35908 119.49900 9.77529
H -3.56121 115.37100 11.16160
H -4.78700 118.33200 11.27990
H -8.38274 119.03900 11.14420
H -7.19998 116.03300 11.10880
H 3.27371 114.14100 11.04570
C -2.86134 118.84300 9.74401
C -1.72183 115.87400 9.56761
C 1.76020 115.22200 9.47797
C 0.54277 118.07500 9.52747
H 0.95539 119.94200 11.13630
H 2.03533 117.02600 11.16830
H -0.09183 114.70000 11.00010
H -1.22694 117.66500 11.25950
H -2.55458 120.66600 11.43600
C 2.73753 120.37100 9.41409
C 3.81022 117.49400 9.51693
C 7.33614 116.64700 9.17129
C 5.04894 114.57900 9.32335
C 6.13178 119.65900 9.26784
C 9.74884 119.05400 9.08994
H 9.03080 115.65600 10.73940
H 7.86699 118.57200 10.66390
H 4.36030 119.38700 11.03730
H 5.57191 116.42900 10.92470
C 10.86660 116.08900 9.12356
C -16.90430 121.47700 9.73623
C -14.57880 123.73900 9.71713
C -11.20910 122.96400 9.62450
C -15.89660 126.72100 9.92993
C -12.39690 125.95200 9.69443
H -16.46110 123.30400 11.29760
H -14.20200 125.57200 11.39780
H -10.78000 124.86500 11.21450
H -12.99220 122.59600 11.26870
H -17.73910 126.23200 11.58270
C -7.71906 122.37600 9.88876
C -8.86025 125.52100 9.69220
C -4.23300 121.78900 9.84294
C -5.52298 124.73700 9.72694
H -5.08630 126.47600 10.91880
H -8.53692 127.18500 11.17010
H -6.10865 121.32000 11.53100
H -3.74389 123.55900 11.10370
H -7.41650 124.28700 11.41100
H -9.68011 121.92500 11.31960
C -3.15638 126.91400 9.36043
C 1.53327 123.44700 9.37828
C -1.84927 123.97500 9.56511
C -0.74854 120.98200 9.69484
C 0.38644 126.17800 9.34089
H -0.16284 122.88900 11.10280
H 3.09997 122.28600 10.90290
H 1.95007 125.25600 11.01780
H -1.46658 125.83300 10.94120
C 3.88859 125.44500 9.47454
C 5.05971 122.69200 9.43586
C 10.91510 124.37600 9.16303
C 7.37376 124.89300 9.41762
C 8.64677 122.20700 9.08003
H 10.11130 120.92500 10.65970
H 7.79151 126.84600 10.83530
H 5.52406 124.53700 11.09330
H 9.15626 123.91600 10.81750
H 6.89001 121.55000 10.69180
C -14.80160 131.93700 9.62798
C -13.66340 128.86000 9.62559
C -17.09690 129.69100 9.97152
C -11.36250 131.35500 9.52194
H -15.38700 128.54700 11.45120
H -11.99430 127.85800 11.20860
H -13.19280 130.76900 11.14500
H -16.72020 131.37800 11.19880
H -10.98140 133.14000 11.22360
H -14.35220 1.77954 11.24290
C -6.68210 127.80100 9.47985
C -7.94564 130.79900 9.49447
C -10.08580 128.41800 9.60684
C -9.10122 1.64344 9.59314
C -5.55704 132.96400 9.72470
C -4.29449 130.01300 9.39804
H -3.76860 131.74900 11.12410
H -6.26503 129.52800 10.87040
H -7.53355 132.48500 11.29130
H -9.78667 130.15600 11.02560
C -0.88623 129.24600 9.32698
C 1.39327 131.53700 9.21310
H -2.74148 128.72900 10.94550
H -0.44675 131.13600 10.91620
C 2.55997 128.46300 9.28881
H 2.87394 130.38600 10.83860
C -2.05748 132.22900 9.32632
H 0.65594 128.09200 10.91210
H 1.84934 133.34600 10.88090
C 7.11466 133.11400 9.31039
H 5.25083 132.63500 10.88030
H 9.96129 129.08800 10.88720
H 4.19247 127.46500 10.86610
C 9.68307 127.20500 9.25195
H 8.67577 132.03100 10.90770
C 8.37993 130.17600 9.28979
H 6.44995 129.73700 10.75290
C 6.07545 127.78200 9.27333
C 10.66010 132.48200 9.45588
C 4.76465 130.78300 9.24568
C -15.50290 102.10600 12.54600
C -13.09270 104.46500 12.50440
C -14.48520 107.27000 12.85360
C -10.64460 106.78400 12.88630
C -16.78550 104.99500 13.01510
C -11.98920 101.45100 12.80050
C -9.49231 103.77000 12.91980
C -6.27165 103.25100 12.91750
C -7.33878 106.09600 12.90390
C -4.07117 105.46000 12.99990
C -2.90182 102.23400 13.05220
C 0.58804 101.76000 12.90160
C -0.71743 104.74300 12.97210
C 2.88390 104.01000 12.92980
C 1.59829 106.94500 12.82390
C 3.98471 101.01200 12.85720
C 6.20375 103.38900 12.85070
C 5.16915 106.40100 12.76240
C 9.59900 102.54100 12.56020
C 8.55720 105.68500 12.67230
C -16.72850 113.33400 12.91010
C -15.67790 110.26600 12.92530
C -12.09410 109.65900 12.71320
C -13.49290 112.54300 12.87800
C -9.80452 111.91700 12.91770
C -8.56225 108.96800 12.84280
C -5.01595 108.39800 12.82020
C -6.17418 111.35800 12.70340
C -3.92223 113.59900 12.47790
C -2.68061 110.64600 12.58660
C -1.58744 107.78800 12.79370
C 0.57942 109.96900 12.73800
C -0.56129 112.86700 12.57070
C 2.86687 112.32200 12.63610
C 10.76250 107.88300 12.55140
C 4.06592 109.29400 12.71340
C 7.42947 108.64900 12.58290
C 6.22641 111.62600 12.49800
C 9.75215 110.90900 12.48740
C -14.60740 115.57500 12.84330
C -11.09200 114.90700 12.83510
C -15.61420 118.43500 12.78790
C -12.31800 117.79900 12.73710
C -13.40380 120.73700 12.84780
C -7.48142 114.08900 12.73170
C -10.04380 119.98600 12.81880
C -5.21630 116.63500 12.66930
C -8.77129 117.11500 12.73940
C -6.49782 119.49700 12.81310
C -2.82123 118.87700 12.83690
C -1.60392 115.83300 12.70500
C 1.73525 115.12900 12.68890
C 0.58871 118.20700 12.85580
C 2.82441 120.56100 12.64490
C 4.07518 117.69400 12.51720
C 8.54948 113.83400 12.35650
C 10.83270 116.14200 12.36950
C 7.49921 116.75500 12.37920
C 5.20812 114.58800 12.52440
C 6.46047 119.74300 12.36200
C 9.71091 119.12500 12.27220
C -12.27390 126.04100 12.88710
C -15.77110 126.76400 13.04690
C -14.53180 123.69100 12.91410
C -11.18770 123.10300 12.92990
C -16.72700 121.42100 12.87440
C -4.10747 121.89400 12.93260
C -5.37624 124.68200 12.66120
C -7.83308 122.42400 12.97940
C -9.05592 125.44500 12.90340
C -3.16913 126.81500 12.50810
C -0.53598 121.12200 12.79000
C 0.37765 126.28900 12.60110
C 1.76833 123.41600 12.63350
C -1.82861 123.94600 12.57190
C 3.84624 125.71300 12.55790
C 5.22460 122.69600 12.28950
C 11.07230 124.34100 12.39740
C 7.61439 124.98700 12.43260
C 8.69342 122.08100 12.39210
C -17.11110 129.60300 12.91150
C -11.29470 131.23200 12.74360
C -14.81910 131.81400 12.73650
C -13.49070 128.98400 12.89850
C -6.52748 127.70800 12.55040
C -4.29736 129.97700 12.50670
C -10.09360 128.37100 12.70010
C -5.44385 132.83500 12.65480
C -9.14467 1.66225 12.79400
C -7.82922 130.64100 12.58820
C -1.80340 132.29900 12.60660
C -0.84932 129.29700 12.52020
C 2.56186 128.51700 12.46190
C 1.45695 131.54900 12.54810
C 9.74407 127.21200 12.43380
C 10.44860 132.47200 12.60580
C 8.28390 130.11200 12.42750
C 6.14189 127.89800 12.39150
C 7.09177 133.03100 12.53820
C 4.83019 130.72200 12.39750
C 12.83500 2.95585 9.52376
C 11.47390 5.83941 9.44373
C 16.62310 2.18706 9.90345
C 15.12810 5.27635 9.55919
C 17.60950 7.42572 10.07220
H 11.86540 7.66712 10.90840
H 15.34920 6.86114 11.01280
H 16.76200 4.06529 11.07480
H 14.43170 1.72781 11.12990
H 13.09360 4.64668 10.98470
H 10.87940 2.37184 11.05400
C 18.93670 4.60042 9.99438
C 22.53090 4.22312 9.41952
C 21.49340 7.10665 9.38633
C 24.77170 6.27686 9.45704
C 20.23470 1.72126 9.54260
H 24.14140 3.08239 10.93660
H 22.95870 6.00301 11.07360
H 20.95130 3.58193 11.05440
H 19.79010 6.64150 10.98650
C 26.12920 3.46474 9.54754
C 28.45160 5.84648 9.55894
C 29.72600 3.06520 9.55031
C 31.83950 5.35081 9.44580
H 32.43600 7.11374 11.01110
H 26.44520 5.36871 11.05690
H 31.16600 1.84603 11.17190
H 27.78700 2.50921 11.09940
H 30.13870 4.83950 11.16160
H 28.68260 7.65838 10.97540
C 33.03710 2.30504 9.56061
C 34.14920 7.57636 9.31448
C 35.28800 4.48024 9.47692
C 38.66680 4.00296 9.41606
C 37.50890 6.91057 9.33324
C 36.33990 1.59590 9.45334
H 36.91200 3.40440 11.04810
H 33.39190 4.20835 11.05340
H 35.70480 6.42405 10.95490
H 39.01320 5.92393 11.07180
C 13.91550 8.09669 9.40795
C 12.56530 11.02640 9.40486
C 11.54160 14.20450 9.31032
C 16.43840 10.36160 9.99661
C 15.39360 13.45280 9.95067
H 14.18340 9.81716 11.03020
H 17.34450 12.39930 11.10680
H 13.06610 12.80600 10.70920
H 10.68650 10.53710 11.07980
H 18.59090 9.47741 10.84950
C 19.01240 12.89740 9.34731
C 23.66030 9.46442 9.38057
C 20.36860 9.99463 9.26287
C 22.57010 12.35600 9.54316
H 20.58110 11.85540 10.90160
H 24.13640 11.24210 11.07180
H 22.72420 14.19420 11.16860
H 21.82800 8.97515 10.98130
H 25.13520 8.22616 10.88670
C 30.72100 8.21018 9.45877
C 25.92280 11.72950 9.43760
C 27.07930 8.74504 9.47770
C 28.03020 14.23860 9.50533
C 29.00390 11.00010 9.45539
C 31.63360 13.32610 9.84538
H 26.26200 13.50670 11.12470
H 27.24720 10.55920 11.15130
H 30.92170 9.97221 10.77460
H 29.48940 12.82600 11.01940
C 32.93640 10.36730 9.34971
C 36.44090 10.01990 9.17953
C 35.35280 13.09660 9.17189
C 38.74540 12.22390 9.21325
H 33.67760 12.36190 10.84920
H 37.86120 8.84349 10.87110
H 34.69310 9.43380 10.89080
H 39.20200 14.10270 10.81630
H 36.81940 11.83220 10.74990
C 13.99990 16.37830 10.38450
C 17.80130 16.03950 9.44809
C 12.95500 19.24840 9.99340
C 16.51860 18.87200 9.75775
H 16.14100 15.47520 11.09310
H 11.76580 15.83360 11.16850
H 14.82540 18.48040 11.50890
H 17.01350 20.71300 11.33100
H 10.94280 18.91230 11.55650
H 13.29170 21.26670 11.44770
H 18.23620 17.77390 11.16710
H 19.36080 14.79770 10.93080
C 24.67330 14.65650 9.58676
C 21.27030 15.31030 9.46637
C 23.31860 17.66150 9.47905
C 19.95280 18.33330 9.55406
C 22.14040 20.58170 9.64036
H 23.68000 19.39180 11.22820
H 24.91250 16.42860 10.91900
H 21.51510 17.13420 11.08990
H 20.33350 20.06010 11.28590
C 18.78780 21.22560 9.72466
C 25.35040 19.96300 9.45199
C 26.74420 17.13790 9.33897
C 30.56080 16.34160 9.82853
C 29.30050 19.31740 9.94337
H 28.36000 15.90230 10.85610
H 31.45560 18.44170 10.77830
H 27.05590 18.78350 10.78960
H 32.68750 15.46210 10.57580
H 30.23530 21.35910 10.98130
H 35.85360 14.81610 10.86170
C 33.28670 18.99000 9.17152
C 34.31770 15.92050 9.16093
C 37.70540 15.32180 9.27869
C 36.67750 18.28730 9.30873
C 38.87960 20.54080 9.39118
H 36.93660 20.15020 10.88770
H 34.72660 17.83910 10.76670
H 33.55090 20.80200 10.86290
H 38.01940 17.08860 11.05070
C 35.39850 21.19430 9.26283
C 15.24470 21.75980 9.93813
C 11.63930 22.31210 9.90900
C 14.06150 24.58160 9.94985
C 17.46900 24.01890 10.18130
C 16.35880 26.91400 9.97782
H 15.54190 23.51920 11.68240
H 14.45760 26.47280 11.50930
C 12.80000 27.54920 9.97074
H 12.18970 24.18220 11.50280
H 10.84890 27.11440 11.55930
H 17.90720 25.94240 11.72420
C 20.97360 23.58970 9.72884
C 24.42840 22.85410 9.51490
C 23.22020 25.74590 9.59246
C 19.67870 26.41010 10.01160
H 21.52590 25.37780 11.34070
H 24.92430 24.62460 11.05190
H 22.62920 22.42100 11.22220
H 19.26100 22.99720 11.44170
H 23.71240 27.56940 11.14110
C 30.76100 24.67510 9.44859
C 26.96240 25.14910 9.64100
C 28.05370 22.18940 10.12600
C 31.91370 21.98160 9.40487
H 31.21240 26.53690 11.06420
H 32.35100 23.71720 11.11910
H 25.91350 21.64950 11.19810
H 27.40570 27.11410 11.06390
H 28.98400 24.30470 10.85740
C 29.43710 27.43300 9.60562
C 32.99300 27.19260 9.54893
C 37.62550 23.45740 9.43108
C 34.04800 24.30830 9.47837
C 36.34660 26.43630 9.51502
H 39.10910 22.34770 11.11680
H 34.48890 26.04020 11.16130
H 35.68020 23.04450 10.93210
H 37.93510 25.33380 11.16480
C 13.94710 32.82530 9.81432
C 14.98720 29.88660 9.94630
C 17.32200 32.22580 9.90603
C 11.61170 30.64160 9.98515
H 16.59870 28.84810 11.54850
H 11.94400 32.38100 11.30240
H 13.20240 29.38200 11.61240
H 15.45440 31.76520 11.50940
C 21.98390 28.59420 9.75741
C 24.11470 30.86810 9.60879
C 22.85770 33.79350 9.75061
C 20.69880 31.57900 9.85264
C 18.45410 29.17910 9.89707
H 20.18540 28.23580 11.45910
H 22.35140 30.47490 11.32540
H 21.12670 33.39350 11.53230
H 24.52580 32.75320 11.22020
H 18.87340 31.05630 11.46050
H 17.71140 33.96510 11.57780
C 26.52620 33.22260 9.65894
C 31.72500 29.90520 9.60721
C 25.63520 28.02190 9.53059
C 30.22510 32.85960 9.95488
C 27.97780 30.34050 9.72615
H 25.86590 29.93320 11.04890
H 29.84400 29.40370 11.08630
H 28.22540 32.24520 11.36540
H 32.08460 31.75630 11.22330
H 33.23690 28.89280 11.35100
C 37.18730 31.71390 9.65001
C 38.61760 28.89740 9.43864
H 36.76680 28.32610 10.99830
C 33.91440 32.45110 9.63931
H 37.62550 33.57670 11.22740
H 38.89160 30.71520 11.12370
H 34.32320 34.20940 11.18790
H 35.37710 31.22030 11.27310
C 35.02810 29.46030 9.66828
C 12.81280 2.78143 12.61040
C 11.39270 5.75299 12.45910
C 16.61010 2.22867 12.37020
C 15.00050 4.99861 12.55760
C 17.58440 7.44424 11.83190
C 20.39680 1.77673 12.68880
C 18.94170 4.60379 12.08110
C 22.71090 4.13181 12.70610
C 21.43890 7.17997 12.65980
C 24.85400 6.44566 12.57830
C 26.01120 3.52362 12.56080
C 28.37190 5.84527 12.61600
C 29.59070 3.00747 12.71580
C 32.01910 5.43423 12.72490
C 33.05390 2.43231 12.71070
C 34.28310 7.69853 12.58760
C 35.34280 4.61183 12.58500
C 38.73480 4.10820 12.63570
C 37.46540 7.08711 12.62420
C 36.54180 1.62464 12.72490
C 13.81550 8.17315 12.52040
C 12.62770 11.08220 12.53940
C 11.55640 14.04410 12.43410
C 16.49060 10.26450 11.90860
C 15.21890 13.30860 11.90660
C 18.95440 12.90830 12.53320
C 23.67920 9.31368 12.55420
C 20.21500 9.98081 12.55270
C 22.40350 12.22350 12.55680
C 30.69690 8.20284 12.41070
C 25.86400 11.78000 12.81400
C 26.93730 8.60242 12.57950
C 28.13510 14.10610 12.58230
C 29.32800 11.17730 12.39700
C 31.67020 13.51590 11.76340
C 32.91280 10.48240 12.28750
C 36.46520 10.10400 12.49970
C 35.39420 13.03450 12.48810
C 38.62440 12.29150 12.40610
C 14.03480 16.29520 12.09290
C 17.69380 15.74030 12.52730
C 13.03860 19.36410 13.03540
C 16.75400 18.81700 12.91870
C 24.68650 14.62980 12.59600
C 21.08050 15.26570 12.66260
C 23.41240 17.35280 12.62640
C 20.04810 18.18070 12.84190
C 22.24420 20.57810 12.83520
C 18.81430 21.09420 12.98520
C 25.67540 19.63350 12.71680
C 26.82280 16.95920 12.41290
C 30.60710 16.34920 11.67380
C 29.32710 19.23720 11.74420
C 33.03510 18.83570 12.34050
C 34.24340 15.97650 12.37060
C 37.67060 15.12410 12.52590
C 36.32130 18.31750 12.50170
C 38.70710 20.52750 12.63560
C 35.34000 21.12610 12.49820
C 15.30660 21.70950 12.92350
C 11.83310 22.43210 13.16500
C 13.97910 24.72800 13.18310
C 17.57060 24.15910 13.02820
C 16.25970 27.04730 13.17900
C 12.82610 27.47770 13.14260
C 19.96170 26.33060 13.00840
C 23.47820 25.70880 12.80860
C 24.61140 22.78970 12.77090
C 21.20440 23.51000 12.90830
C 27.10510 25.23320 12.30510
C 30.54940 24.65370 12.53040
C 28.18690 22.29220 11.98790
C 31.96060 21.73450 12.54190
C 29.45070 27.53930 12.54570
C 32.88410 26.99240 12.81600
C 34.23010 24.12240 12.67320
C 37.39610 23.46620 12.65410
C 36.38820 26.48530 12.72250
C 11.61310 30.68510 13.08170
C 17.33160 32.10250 13.13530
C 15.07470 29.93850 13.18350
C 13.81290 32.94100 12.94620
C 24.35490 30.91140 12.76680
C 22.21940 28.58120 12.90100
C 23.09760 33.81940 12.94390
C 18.53400 29.14780 13.04690
C 20.79110 31.45250 13.01860
C 30.27940 32.80270 12.61180
C 27.94810 30.45180 12.50500
C 26.44550 33.30610 12.72900
C 25.65410 28.05800 12.64580
C 31.56500 30.00210 12.85570
C 35.21600 29.23970 12.73440
C 33.87970 32.33660 12.84690
C 38.58970 28.83300 12.69650
C 37.25000 31.66410 12.77850
C 12.56680 35.69850 9.89503
C 11.35520 38.74270 9.73877
C 16.08780 35.15870 10.02640
C 15.05130 38.20230 10.10860
C 17.56400 40.43490 9.89245
H 16.76410 37.05040 11.67750
H 15.44030 40.13390 11.21780
H 14.37780 34.72830 11.24180
C 18.48820 37.47940 9.97562
C 21.77340 36.73200 9.94486
C 20.70660 39.83140 9.92383
C 24.15340 39.34070 9.88320
C 19.55830 34.57540 9.98079
H 23.45680 35.61250 11.33040
H 18.96070 39.31380 11.66850
H 19.99060 36.33510 11.66290
H 22.29370 38.65040 11.48410
C 25.13230 36.34310 9.61923
C 27.78770 38.77690 10.51790
C 28.99950 35.84310 10.20550
C 31.57220 38.37890 9.91929
H 26.74330 35.02360 10.97970
H 32.02380 40.13690 11.66810
H 29.90400 37.78650 11.35560
H 25.62720 38.00080 11.43680
H 28.86520 40.76170 11.50440
H 31.08280 34.78830 11.24260
C 32.83230 35.46380 9.62875
C 33.73210 40.69550 9.96056
C 34.87290 37.80160 9.70723
C 38.48480 37.09540 9.73660
C 37.32840 39.87560 9.87057
C 36.14540 34.79630 9.55163
H 36.50410 36.66070 11.14060
H 38.95640 38.88410 11.42670
H 35.39850 39.56860 11.43690
H 33.18730 37.15350 11.41250
C 13.68390 41.11660 9.60348
C 12.72880 44.10640 9.59090
C 16.34330 43.28240 9.79779
C 11.56780 47.12690 9.73045
C 15.09770 46.45990 9.73189
C 18.66990 45.69690 9.73277
C 23.01650 42.27340 9.81753
C 19.73490 42.80520 9.77410
C 21.98270 45.35290 9.92392
H 17.93970 42.31150 11.47840
H 21.17590 41.65190 11.43190
H 24.53300 40.97820 11.37720
C 30.59570 41.30890 9.99591
C 25.67220 44.63380 10.64020
C 26.75450 41.67440 10.60260
C 29.32650 44.20910 10.10600
C 28.42390 47.19510 10.00120
C 31.68980 46.58420 10.06080
H 30.95600 43.11170 11.71320
C 32.67910 43.68570 10.03580
C 36.10550 42.88800 9.82608
C 38.35390 45.25690 9.74405
C 34.99930 46.01040 9.92435
H 37.72270 41.85140 11.38630
H 39.00370 47.11430 11.31960
H 34.26660 42.52000 11.55430
H 36.53390 44.78160 11.40120
C 13.94990 49.41640 9.72240
C 17.47570 48.68290 9.65107
C 12.89960 52.34210 9.79591
C 16.23030 51.60150 9.62989
C 24.53600 47.45270 10.55240
C 20.85070 48.30670 9.76680
C 23.37000 50.50730 10.44960
C 19.69280 51.27320 9.69701
C 22.37170 53.46730 10.29160
C 18.50630 54.04200 9.48980
C 26.16270 53.15600 9.68205
C 27.27820 50.11150 9.83488
C 30.55590 49.50500 9.96554
C 29.51800 52.43010 9.81353
C 32.84140 51.86940 9.79108
C 33.97440 48.95810 9.81582
C 37.32430 48.26800 9.86276
C 36.38880 51.30420 9.79157
C 38.77170 53.70070 9.66463
C 35.17600 54.17810 9.88134
H 37.94480 50.08550 11.41610
C 15.07230 54.68730 9.71493
C 11.83920 55.21800 9.63827
C 14.06420 57.54310 9.63962
C 17.42740 57.19790 9.60296
C 16.36390 59.89820 9.62054
C 12.98730 60.56460 9.65975
C 21.23170 56.22750 10.14060
C 24.81620 55.98520 9.77631
C 19.78210 59.44510 9.83484
C 23.35230 58.82050 10.45230
C 27.18300 58.45050 9.70634
C 28.38530 55.40730 9.73242
C 29.45040 60.75300 9.74130
C 31.71350 54.82570 9.74688
C 30.57470 57.74410 9.78949
C 37.41160 56.65160 9.92732
C 32.85530 60.03050 9.75673
C 34.15490 57.15230 9.87032
C 36.20560 59.58360 9.68486
C 11.91180 63.66530 9.69317
C 17.37230 65.33920 9.68339
C 15.12780 63.06090 9.65211
C 14.25500 66.00680 9.69410
C 24.93490 64.47660 9.94548
C 21.19380 64.73100 10.57940
C 22.28840 61.84870 10.53540
C 18.53490 62.43840 9.73048
C 23.92050 67.39230 9.93836
C 25.90540 61.41190 9.80678
C 27.25080 66.75230 9.97147
C 30.52860 66.08200 9.87770
C 28.23370 63.84360 9.79265
C 31.69990 63.10060 9.77353
C 34.12740 65.55700 9.69115
C 37.46550 64.83550 9.81764
C 35.14620 62.38410 9.71999
C 38.52500 61.89850 9.75056
C 12.74400 35.90190 12.90740
C 11.43760 38.95920 13.06760
C 16.14000 35.29830 13.04140
C 14.93960 38.33750 12.87880
C 17.28420 40.49240 13.01700
H 11.81160 40.67630 11.23470
H 10.69120 35.27290 11.51980
H 12.87850 37.69350 11.47650
C 19.57010 34.44480 13.19020
C 18.52600 37.55550 13.35290
C 22.04090 36.74600 13.04840
C 20.92810 39.81390 13.15190
C 24.15950 39.24850 13.06080
C 25.41550 36.28790 12.78880
C 27.83110 38.70380 12.35750
C 28.91580 35.60800 12.02270
C 31.58790 38.11550 13.08320
C 32.73180 35.14860 12.89290
C 33.94290 40.63740 13.19120
C 35.07840 37.64720 12.93890
C 38.24770 36.98050 12.90670
C 37.37230 39.94970 12.96810
C 36.08110 34.78120 12.78130
C 13.66830 41.19410 12.74460
C 12.68870 44.19230 12.84080
C 16.09490 43.53890 12.79660
C 11.62130 47.14790 12.96800
C 15.02360 46.50840 12.82370
H 14.16800 43.06160 11.11930
H 13.13260 46.01660 11.24430
H 16.70160 45.23250 11.31280
H 10.82460 43.64100 11.22320
C 18.57020 45.73580 12.95910
C 23.02700 42.22750 13.08390
C 19.69170 42.78520 13.08990
C 21.83730 45.22660 13.13450
H 22.24540 47.01460 11.50640
H 20.12950 44.59270 11.43270
H 23.40750 43.99050 11.60940
C 30.49940 41.25530 13.29870
C 25.62000 44.58100 12.47950
C 26.75570 41.61350 12.40640
C 29.40840 44.24170 13.32480
C 28.29640 47.24650 13.26930
C 31.72190 46.70150 13.24910
H 26.63080 46.68930 11.59770
H 27.76270 43.71340 11.60470
H 29.88700 46.09490 11.72440
C 32.84550 43.62740 13.26980
C 36.19590 42.96440 13.10430
C 38.45670 45.38990 12.95700
C 35.17130 46.01460 13.19540
H 33.24850 45.49000 11.67980
C 13.95660 49.39380 12.94470
C 17.46720 48.69060 12.89610
C 13.06640 52.34000 13.02330
C 16.41880 51.71110 12.89030
H 15.57500 48.34690 11.31470
H 12.10470 48.94260 11.35970
H 11.09810 51.95430 11.45960
H 16.72490 53.48310 11.17940
H 14.49160 51.22880 11.34370
H 13.34510 54.21690 11.39570
C 24.46230 47.57840 12.46550
H 18.98950 47.54450 11.28680
H 17.84480 50.49570 11.24210
C 20.62030 48.19190 13.08030
C 23.32120 50.53040 12.26300
C 19.57010 51.26200 12.86680
C 22.24830 53.38990 12.14670
H 24.39540 52.56090 11.35380
H 20.05600 52.96250 11.09750
H 25.46420 49.58280 11.43840
H 21.08170 49.98610 11.40020
C 18.62270 54.09940 12.74220
C 25.96800 53.10820 12.92260
C 27.05430 50.29410 13.05790
C 30.58640 49.55080 13.14410
C 29.42450 52.49540 13.02010
H 27.61640 52.01630 11.33620
H 31.07650 51.38490 11.51130
H 28.74170 49.08630 11.60810
H 29.88160 54.32480 11.38780
H 32.21170 48.49500 11.56290
C 32.95070 51.92880 13.04580
C 33.98570 49.10400 13.16280
C 37.48230 48.16790 12.97620
C 36.30270 51.29600 12.93090
C 38.85610 53.60120 12.97860
C 35.26550 54.30230 12.95420
H 35.48200 47.86330 11.54190
H 34.40800 50.77400 11.31420
H 33.28690 53.77310 11.41360
H 36.93960 53.09520 11.35680
C 15.31420 54.65830 12.89380
C 11.73600 55.39390 12.88210
C 13.97510 57.51160 12.84090
C 17.56950 56.99230 12.85190
C 16.26310 59.96660 12.87860
C 12.89250 60.61010 12.81680
H 11.01740 60.09810 11.20230
H 15.66450 56.49850 11.29150
H 12.12740 57.14430 11.19650
H 14.43970 59.37530 11.23910
H 17.88160 58.90070 11.36030
C 19.81200 59.22400 12.97890
C 21.09670 56.33650 12.23800
C 24.88780 55.95770 12.88390
C 23.41600 58.85110 12.42580
H 23.23470 55.48240 11.21610
H 25.43870 57.84940 11.35720
H 24.40410 60.86300 11.33930
H 21.19540 58.29610 11.56130
H 18.91430 55.92200 11.04920
C 29.41870 60.74110 12.94940
C 28.30910 55.47040 12.99380
C 31.72220 54.90470 13.03730
C 27.20190 58.44610 12.98800
C 30.65640 57.74050 12.95290
H 26.55570 54.94230 11.31380
H 30.98210 59.65330 11.39700
H 27.57400 60.28000 11.35860
H 28.74680 57.28290 11.35570
H 32.20460 56.69330 11.33370
C 32.83790 60.12120 13.00870
C 33.96400 57.27710 13.05180
C 37.55850 56.57790 12.97110
C 36.43450 59.38140 12.97080
H 35.57020 56.04120 11.60780
H 34.44280 59.06090 11.44260
H 37.84830 58.38250 11.17640
H 39.21520 55.47330 11.36860
H 15.64590 64.78780 11.39640
H 16.58710 61.75100 11.20670
H 13.34650 62.39580 11.36500
H 12.40430 65.51470 11.29130
C 17.50060 65.27750 13.03460
C 11.89390 63.67390 12.94170
C 14.11080 65.99000 13.01850
C 15.23010 62.93710 12.97650
H 17.83690 67.09250 11.40780
C 18.46840 62.22930 12.85640
H 20.06780 61.20390 11.35910
H 18.87530 64.12350 11.27880
C 21.09320 64.77260 12.35150
C 23.86330 67.30810 13.18160
C 25.03220 64.32560 13.11930
C 22.28900 61.73400 12.33140
H 25.42290 66.26180 11.57120
H 22.19640 66.79380 11.46960
H 23.27210 63.86000 11.66510
H 32.26790 64.94310 11.29050
H 26.51620 63.25110 11.41880
C 30.70540 66.00830 12.97460
C 31.68120 63.09450 12.93510
H 28.74060 65.54640 11.56020
C 27.20350 66.72300 13.23040
C 26.07930 61.43710 13.02170
C 28.35520 63.62450 13.08680
H 29.81720 62.59020 11.32960
C 34.07830 65.37870 12.98670
H 35.58780 64.31950 11.28110
H 38.04650 66.67930 11.44850
H 34.52770 67.27740 11.43290
C 38.77070 61.82200 12.86490
C 35.14460 62.44290 12.95600
C 37.36680 64.83310 12.99180
H 36.70240 61.31760 11.40160
H 33.29970 61.90580 11.36980
H 38.93610 63.65360 11.52030
C 13.16300 69.04660 9.75391
C 12.21670 72.10620 9.74537
C 16.45020 68.50550 9.77517
C 15.43180 71.69490 9.78952
C 18.02300 73.80210 10.44420
C 19.02910 70.71820 10.41840
C 22.66350 70.24790 10.02660
C 21.72820 73.15140 9.93862
C 25.04130 72.59960 9.95367
C 20.09520 67.76810 10.59500
C 26.12620 69.59790 9.98990
C 28.48780 71.87970 10.05350
C 29.46150 69.04720 10.00950
C 31.77350 71.32150 9.98717
C 32.95840 68.38360 9.90753
C 36.43280 67.68410 9.88527
C 34.14530 73.51710 9.93163
C 35.14510 70.64970 9.91093
C 38.51850 69.96650 9.99069
C 37.62160 72.79580 9.90600
H 39.14390 71.83170 11.57870
C 14.29920 74.58030 9.76693
C 13.27100 77.49170 9.78440
C 12.38190 80.51180 9.89790
C 16.88370 76.73520 10.51210
C 15.92340 79.49860 10.12170
C 19.39190 79.11170 10.13470
C 23.96780 75.63810 10.00060
C 20.60880 76.25060 9.95612
C 22.83600 78.51870 9.95267
H 23.22110 80.41920 11.36900
C 30.57770 74.14810 9.95124
C 26.32780 77.69430 10.05080
C 27.28940 74.86260 9.97175
C 28.50270 80.07950 9.71450
C 29.58720 77.03230 9.80625
C 31.95320 79.50590 9.77945
H 30.09530 78.93660 11.29750
H 26.78020 79.65970 11.53630
C 32.94980 76.48190 9.83046
C 36.46550 75.82290 9.87485
C 35.24410 78.73420 9.99004
C 38.69140 78.17780 9.98610
H 39.10860 80.01490 11.59550
H 36.82700 77.60990 11.57840
H 34.56540 75.46460 11.39310
H 38.04420 74.72920 11.46450
H 33.31190 78.33770 11.47360
C 14.68390 82.73710 9.83789
C 18.09150 81.82650 10.10320
C 13.66730 85.81770 9.86373
C 16.98880 84.90200 9.87239
H 11.75470 85.36000 11.41710
H 12.83020 82.37920 11.52130
H 15.09650 84.58060 11.47630
H 17.37880 86.76880 11.46270
H 14.09050 87.56510 11.51550
C 25.19280 80.70250 9.88693
C 21.49980 81.49490 9.93813
C 23.91260 83.67440 9.83554
C 20.31990 84.25310 9.95408
C 22.71640 86.54850 9.78547
C 19.20980 87.23730 9.79044
H 18.46450 83.86350 11.59220
H 25.55990 82.64920 11.37850
H 22.07250 83.34630 11.51260
H 20.83740 86.18570 11.42430
H 24.31770 85.54270 11.42130
C 26.14560 85.97980 9.73864
C 27.31650 83.02270 9.69442
C 30.85590 82.50090 9.62553
C 29.60630 85.46420 9.76153
H 31.11500 84.30780 11.28580
H 32.26470 81.37210 11.38010
H 29.00200 81.90980 11.24900
H 29.94530 87.19570 11.51630
H 27.71040 84.89960 11.29960
H 35.74300 80.58210 11.68130
C 33.14280 84.64840 9.91706
C 34.27410 81.69070 9.95767
C 37.52170 81.10500 10.00280
C 36.43330 84.02830 9.88223
C 38.57850 86.25170 9.77167
H 33.37400 86.59400 11.51860
H 36.77450 85.89040 11.48190
H 37.93380 82.99130 11.59980
H 34.59360 83.61030 11.51830
C 35.16490 86.80440 9.84988
C 12.52750 88.68100 9.87594
C 15.93470 88.01160 9.82668
C 14.96630 90.88710 9.77595
C 18.16820 90.30270 9.63854
C 17.08770 93.41370 9.72437
C 13.58180 93.79380 9.91433
H 11.66360 93.44730 11.43970
H 13.02180 90.57270 11.30780
H 16.49070 89.76830 11.41020
H 15.37130 92.74590 11.30390
C 25.02820 88.85760 9.65652
C 21.56170 89.56830 9.64203
C 23.86520 91.98780 9.68349
C 20.52480 92.70090 9.66206
H 24.24520 93.75300 11.40370
H 21.99680 91.44270 11.23530
H 25.35470 90.79670 11.28650
H 18.65150 92.12960 11.18670
H 19.68230 89.15070 11.26230
H 23.13910 88.51370 11.24880
C 30.75790 90.70950 9.78419
C 28.49070 88.35560 9.81242
C 27.30150 91.16100 9.75560
C 31.78350 87.63780 9.87513
H 32.18070 89.49940 11.42810
C 29.60370 93.60620 9.89934
H 27.59310 93.15690 11.24980
H 31.26780 92.49960 11.40340
H 28.90240 90.21860 11.41640
H 26.56230 87.82640 11.34560
C 32.95000 93.02970 9.60061
C 36.29060 92.25200 9.68823
C 33.98170 89.93580 9.76551
C 37.44290 89.31470 9.62859
H 37.85160 91.18060 11.28080
H 35.60290 88.80120 11.26810
H 34.38460 91.87400 11.30100
H 39.02270 88.25970 11.15140
C 14.69100 99.01550 9.79426
C 12.36030 96.71920 9.97961
C 18.13690 98.54320 9.88365
C 15.93060 96.14430 9.92283
H 16.40650 98.02270 11.43780
H 17.57530 95.09180 11.49640
H 12.60780 98.56990 11.20390
H 14.08540 95.66630 11.51150
H 18.66370 100.33500 11.57150
C 23.91750 100.14700 9.66248
C 21.57440 97.90710 9.86468
C 24.82470 97.17250 9.73309
H 22.15410 99.74670 11.37700
H 25.53470 99.07590 11.20330
C 19.33810 95.54490 9.80535
C 22.81620 94.87130 9.75079
H 20.92630 94.43260 11.38560
H 19.73490 97.38610 11.43510
H 23.13510 96.71870 11.45590
C 31.86670 95.92750 9.66449
C 30.80060 98.96030 9.53042
C 27.28960 99.53780 9.46712
H 30.08970 95.52120 11.41800
H 32.34400 97.82420 11.14100
C 26.16250 94.20760 9.80826
H 28.84320 98.49580 11.16470
C 28.37360 96.45730 9.81857
H 26.43220 96.18210 11.41320
H 34.56610 100.08800 11.09400
C 34.14960 98.22540 9.49689
C 38.56370 94.58960 9.69725
H 36.69620 94.11050 11.27920
H 33.35570 94.83040 11.31200
H 39.04590 96.37580 11.36380
H 37.85000 99.39790 11.04540
H 35.60920 97.14930 11.21800
C 37.52410 97.43580 9.62806
C 35.21860 95.30770 9.67918
C 13.24110 69.03530 13.00710
C 12.01860 72.00370 12.95680
C 16.43910 68.33740 13.01520
C 15.39480 71.46040 12.96040
C 17.92870 73.85810 12.35580
H 11.47540 68.57280 11.41040
H 14.61400 67.76260 11.38740
H 16.74500 70.14780 11.29770
H 13.61050 70.88450 11.36810
H 12.54820 73.90000 11.41330
H 15.77850 73.23370 11.26710
C 18.91520 70.75980 12.39350
C 22.78660 70.28880 13.24390
C 21.69740 73.30090 13.15800
C 25.09410 72.59080 13.19500
C 20.05570 67.66200 12.37590
H 21.05830 69.79130 11.60050
H 23.25120 72.09890 11.61300
H 24.27580 69.16530 11.61170
H 20.02480 72.74250 11.46150
C 26.16180 69.58960 13.17410
C 28.49410 71.98010 13.18840
C 29.62870 68.89090 13.21150
C 31.93960 71.36690 13.21620
H 28.78800 73.75890 11.59750
H 26.59480 71.47320 11.56870
H 27.67250 68.51320 11.65890
H 31.11310 67.90430 11.45690
H 32.26830 73.16130 11.54340
H 30.05620 70.78500 11.67700
C 32.94400 68.30260 13.08050
C 36.37720 67.59940 13.04450
C 34.18190 73.64130 13.06900
C 35.22870 70.68340 13.15650
C 38.55600 69.98290 13.07990
C 37.57290 72.93810 13.14720
H 35.74500 72.47270 11.49490
H 33.36730 70.20160 11.57480
H 36.67760 69.51670 11.52120
C 14.32820 74.32180 12.97580
C 13.31920 77.45430 13.16730
C 12.37990 80.48990 13.06230
C 16.89000 76.81100 12.47240
C 15.73030 79.72420 13.10700
H 11.57110 76.95670 11.46040
H 13.80930 79.27320 11.49820
H 14.67140 76.23510 11.42250
H 17.64390 78.80150 11.77170
C 19.48330 79.15230 13.30320
C 23.99860 75.74120 13.11220
C 20.61450 76.17000 13.15190
C 22.87790 78.68350 13.16310
H 24.40700 77.48820 11.62550
H 25.46840 74.43590 11.58260
H 18.96460 75.85310 11.39660
H 21.05590 78.06810 11.67810
H 22.17270 75.06700 11.53000
C 30.67800 74.27030 13.07980
C 26.38660 77.82500 13.16450
C 27.30670 74.94970 13.16830
C 28.76240 80.16650 12.94770
C 29.76950 77.25130 13.04440
C 31.76980 79.57650 13.03630
H 27.88240 76.65040 11.56470
H 31.12370 76.03890 11.45360
C 32.96500 76.48080 13.04410
C 36.37450 75.68970 13.08210
C 35.19690 78.72670 13.14270
C 38.68210 78.16540 13.20180
C 14.60440 82.82730 13.19440
C 18.05310 81.94750 13.11150
C 13.58130 85.68320 13.08220
C 16.89330 85.01920 13.16630
H 16.05240 81.59650 11.53360
C 25.14180 80.74520 12.94300
C 21.73460 81.46810 13.10130
C 23.97230 83.70280 13.02590
C 20.44080 84.31800 13.05170
C 22.71900 86.73800 12.97020
C 19.25080 87.35280 12.97420
H 19.80870 81.00770 11.65080
C 26.19160 85.98890 13.00620
C 27.50070 82.99400 12.88620
C 30.74980 82.50330 12.97530
C 29.55980 85.38280 12.98700
C 35.24230 87.07610 13.06310
C 32.91260 84.83790 12.95290
C 34.02140 81.79160 13.10180
C 37.61750 81.14660 13.25950
C 36.36530 84.13290 13.18450
C 38.64550 86.61740 12.96650
C 17.18410 93.17600 12.98180
C 18.29630 90.38670 12.93630
C 14.87980 90.95310 12.91540
C 15.95690 88.03500 13.09050
C 12.47240 88.84980 12.97750
C 13.71750 93.91470 12.81550
C 20.46700 92.55360 12.87340
C 21.55010 89.55050 12.84170
C 25.01820 89.01060 12.91180
C 23.74600 91.85710 12.92020
C 27.18850 91.29630 12.91280
C 31.81320 87.75570 13.07760
C 28.34630 88.37870 13.05120
C 30.74050 90.74570 13.05680
C 29.56710 93.56360 12.85370
C 33.07620 93.10600 13.02080
C 34.12910 90.01050 12.92150
C 36.29500 92.29420 12.87950
C 37.47130 89.32990 12.84980
C 15.93880 96.19230 13.06820
C 14.57940 99.03740 12.78490
C 18.20540 98.49680 13.09570
C 12.31360 96.81850 12.92920
C 19.44180 95.58380 13.07520
C 21.54970 97.92600 13.01050
C 24.96160 97.43550 12.99740
C 22.69590 94.85830 13.09820
C 24.06240 100.22300 12.87950
C 31.83700 96.08560 12.88450
C 26.08950 94.30230 12.99760
C 30.74260 99.03520 12.64850
C 27.33570 99.65790 12.78020
C 28.37000 96.71390 12.86930
C 34.12350 98.36970 12.83450
C 37.46240 97.66320 12.79040
C 35.20390 95.33100 12.88180
C 38.65900 94.61650 12.83880
C 13.42820 101.94600 9.52846
C 11.84680 104.74100 9.38163
C 17.10090 101.19700 9.80646
C 15.78950 104.20100 9.53230
C 17.96450 106.56200 9.33272
H 16.01380 106.03200 10.81340
H 17.35230 103.17900 11.24620
H 15.09730 100.93200 11.22420
H 12.20910 106.70600 10.84760
H 13.61620 103.77600 10.88050
H 11.28520 101.51400 10.94210
C 19.16670 103.63600 9.58341
C 22.70870 103.16400 9.63365
C 21.38510 105.98700 9.39809
C 24.96350 105.46500 9.47882
C 20.42670 100.80000 9.83951
H 20.84600 102.64300 11.21580
H 23.06840 104.94100 10.99550
H 19.46720 105.50900 10.98060
H 24.30790 102.02400 11.20770
C 26.06110 102.48600 9.48970
C 28.37820 104.81800 9.48581
C 29.54600 101.87500 9.45028
C 31.75480 104.10300 9.49632
H 29.87790 103.69300 11.17610
H 26.49780 104.36400 11.08210
H 28.76620 106.61100 11.09110
H 32.29150 106.02000 10.72440
H 31.24580 100.73700 10.88880
H 27.64900 101.40100 11.00360
C 33.17620 101.27500 9.38931
C 36.35730 100.57700 9.38548
C 34.29400 106.44000 9.38986
C 35.41980 103.66400 9.31758
C 38.62960 103.11600 9.36350
C 37.62710 106.06200 9.32719
H 36.80810 102.40400 10.95800
H 33.61110 103.14100 10.93660
H 35.89970 105.42700 11.01380
H 39.11220 104.86100 11.08020
C 14.20670 107.11200 9.45192
C 13.05280 109.98200 9.46062
C 16.28760 109.37600 9.37304
C 11.87280 113.01400 9.19737
C 15.29560 112.33800 9.21611
H 13.46260 111.99800 10.87140
H 14.60430 108.92300 11.18030
H 16.74290 111.27200 10.95700
H 11.06580 109.65500 10.85330
H 18.03330 108.44600 10.90490
H 25.44620 107.28100 11.11670
C 18.61600 111.71200 9.29017
C 23.75890 108.27400 9.46819
C 19.86800 108.81600 9.26304
C 22.23750 111.07500 9.29442
H 22.52570 112.88500 10.94830
H 21.62370 107.84400 10.80360
H 20.29680 110.67300 10.84560
H 23.98470 110.09600 10.81720
C 30.48080 107.04100 9.30657
C 26.05000 110.53800 9.44139
C 27.17860 107.64500 9.41982
C 29.69350 110.06400 9.21894
C 28.62090 112.93700 9.10473
C 32.00940 112.44300 9.22041
H 31.14590 108.91000 10.92530
H 27.91310 109.57100 10.82230
H 26.78810 112.52600 10.75410
H 30.12460 111.95000 10.79640
C 33.05060 109.40000 9.33047
C 36.45500 108.84100 9.35493
C 38.77640 111.22400 9.46835
C 35.27730 111.78200 9.29574
H 34.60240 108.34900 11.02130
H 36.79580 110.71000 10.94920
H 39.14870 113.06300 11.17700
H 33.46580 111.27400 10.89070
H 38.14060 107.84900 10.98660
C 14.14210 115.31000 9.09200
C 17.63270 114.77500 9.14508
C 13.00260 118.42300 9.03903
C 16.40140 117.77800 9.00457
H 12.30290 114.92400 10.74280
H 14.54820 117.24400 10.60810
H 16.96420 119.51300 10.48120
H 15.65350 114.28800 10.73000
H 11.26890 117.92200 10.73680
H 13.45750 120.25100 10.67250
C 24.63580 113.51900 9.87489
H 19.10230 113.57600 10.85090
H 18.09000 116.53100 10.43580
C 21.03180 113.98000 9.22416
C 23.75810 116.47200 9.53086
C 20.01580 117.21400 8.90876
C 22.55210 119.60000 9.61940
H 21.48440 115.80500 10.45700
H 20.30550 118.82300 10.48140
H 25.83330 115.54600 10.55670
H 24.65430 118.57500 10.48220
C 18.82370 120.46100 9.00645
C 26.30410 119.08000 9.07852
C 27.62280 116.14000 8.97460
C 30.90980 115.38700 9.16848
C 29.67160 118.47300 9.19718
H 31.26970 117.24700 10.76480
H 27.91670 117.93400 10.66300
H 32.34390 114.25200 10.85070
H 28.99610 114.88600 10.68430
H 30.16860 120.27700 10.88190
H 35.55520 113.64700 10.96310
C 33.07170 117.87800 9.14497
C 34.21110 114.75700 9.25527
C 37.55370 114.02400 9.51360
C 36.54210 117.05900 9.35741
C 38.70930 119.43700 9.15941
H 36.86070 118.95600 10.81180
H 33.49330 119.56800 10.82260
H 37.86850 115.93800 11.19620
H 34.54310 116.69200 10.79110
C 35.28560 120.11900 9.20672
C 15.25280 120.67000 9.00920
C 16.60730 126.17900 9.30559
C 17.56430 123.22900 9.14681
C 11.93810 121.38900 9.03403
C 14.23100 123.67500 9.10838
H 15.77470 122.47100 10.64760
H 14.70910 125.38100 10.81490
H 12.42520 123.16400 10.72620
C 13.18150 126.60500 9.26050
H 11.31280 126.17500 10.77370
H 17.99980 124.83200 10.99940
C 20.22340 125.41000 9.97814
C 24.14510 125.12300 9.22411
C 25.24510 122.08400 9.17794
C 21.37840 122.50300 9.84891
H 22.37900 124.55200 10.83740
H 25.65830 123.92400 10.80330
H 23.50290 121.59100 10.79180
H 19.13710 121.94800 10.60110
H 24.48440 126.91500 10.89690
C 31.98400 120.75100 9.26035
C 27.51010 124.40900 9.26506
C 28.67770 121.44200 9.26548
C 30.79570 123.80700 9.31716
C 29.75140 126.75800 9.40130
H 27.89630 126.24800 10.96560
H 32.31720 122.61700 10.91730
H 31.30450 125.58800 10.96500
H 28.96250 123.26500 10.91790
H 26.77820 120.91900 10.74910
C 33.11990 126.11900 9.28685
C 37.57440 122.33900 9.15504
C 36.33150 125.38900 9.13753
C 34.14570 123.08700 9.22843
H 34.60470 124.93800 10.86860
H 37.91800 124.24500 10.72810
H 39.15630 121.23800 10.81720
H 35.73110 121.96100 10.83860
C 15.31070 129.07900 9.34541
C 11.89980 129.55300 9.41697
C 14.09080 131.94600 9.51939
C 17.82270 131.29600 10.15160
H 15.62530 130.77300 11.13400
H 16.80990 127.77600 10.81490
H 12.18030 131.39700 11.09360
H 13.48860 128.37200 10.93720
H 18.63280 133.35000 11.23660
H 23.29690 129.82800 11.03900
C 21.71430 130.88100 9.41241
C 25.10760 130.39100 9.39983
C 23.84990 133.15200 9.42621
C 22.90440 128.09300 9.29485
C 19.05910 128.40100 9.97515
H 21.97880 132.73700 11.02250
H 25.61070 132.20000 10.88530
H 19.98740 130.42000 11.03780
H 21.18000 127.50100 10.84630
C 26.37840 127.36000 9.35484
C 28.67150 129.74300 9.41116
H 26.74370 129.23200 10.93080
H 28.94110 131.52900 11.09890
C 31.95140 129.09200 9.50811
H 32.33770 130.87600 11.25970
H 30.10300 128.57600 11.09130
C 30.83280 132.04300 9.50970
C 27.54380 132.68800 9.39704
H 35.64180 130.24500 10.97460
H 36.83900 127.19600 10.79610
H 39.21370 129.60100 10.93770
H 33.54920 127.86400 10.97170
H 38.03660 132.52000 10.98600
C 34.04460 131.48800 9.52431
H 34.61080 133.21600 11.19570
C 35.30090 128.46900 9.30016
C 38.66860 127.87100 9.23159
C 37.53910 130.65100 9.40559
C 13.22220 102.00000 12.55020
C 11.96530 104.86600 12.46210
C 16.89870 101.39700 12.94020
C 15.50190 104.29500 12.46660
C 17.78820 106.53800 12.48260
C 19.16970 103.71000 12.71440
C 22.75030 103.17200 12.75220
C 21.37200 106.04300 12.47830
C 24.89540 105.45000 12.65070
C 20.62090 100.91800 12.97580
C 26.17900 102.52700 12.66820
C 28.30630 104.78200 12.75820
C 29.63180 101.92700 12.49380
C 31.93180 104.21500 12.45310
C 33.03980 101.35400 12.57370
C 34.14540 106.44000 12.45060
C 35.37630 103.59600 12.64220
C 38.66400 103.12400 12.55390
C 37.55920 106.10700 12.70120
C 36.41900 100.63100 12.66520
C 14.29080 107.12100 12.33450
C 12.93100 110.20000 12.48460
C 16.57410 109.49000 12.62720
C 11.83140 113.16000 12.42790
C 15.31710 112.55200 12.50080
C 18.72060 111.72300 12.43080
C 23.53510 108.29100 12.39790
C 19.99050 108.80500 12.40290
C 22.26740 111.31600 12.33160
C 30.74930 107.03500 12.47880
C 26.09240 110.67200 12.16120
C 27.20590 107.95500 12.60270
C 29.64340 110.16300 12.48520
C 28.54800 113.11400 12.39300
C 31.87720 112.40300 12.47580
C 32.94510 109.45100 12.54280
C 36.50250 108.87100 12.58850
C 38.80730 111.23900 12.47990
C 35.20970 111.70200 12.57530
C 14.15130 115.48000 12.32840
C 17.55250 114.85700 12.26530
C 13.21170 118.42500 12.28160
C 16.54370 117.63100 12.06700
C 24.75780 113.67200 11.74350
C 20.98720 114.23100 12.35460
C 23.66880 116.48000 11.39480
C 19.89480 116.89400 12.07680
C 22.51830 119.42400 11.54380
C 18.80680 120.03700 12.13990
C 26.26280 119.02000 12.23060
C 27.29030 116.01100 12.18650
C 30.69660 115.38500 12.33160
C 29.69890 118.37400 12.36740
C 32.98420 117.71600 12.46970
C 34.04570 114.90000 12.50330
C 37.36790 114.13100 12.66240
C 36.23360 117.23200 12.54290
C 38.73530 119.36300 12.41440
C 35.32040 120.13900 12.43060
C 15.46420 120.57200 12.18800
C 11.94750 121.31500 12.31660
C 14.27520 123.52000 12.37860
C 17.55810 122.86600 12.34390
C 16.46880 125.99300 12.49570
C 13.17220 126.46600 12.41780
C 23.99360 124.93000 12.41140
C 20.25960 125.39500 11.85380
C 25.07020 121.99500 12.32860
C 21.39870 122.45600 11.67060
C 30.78840 123.77900 12.55730
C 28.52660 121.34100 12.45740
C 27.34850 124.32400 12.51870
C 31.99330 120.71400 12.47620
C 29.72760 126.63700 12.63220
C 33.18100 126.10400 12.57190
C 34.19020 123.11100 12.49620
C 37.65670 122.41100 12.40280
C 36.48230 125.39700 12.42250
C 15.39460 129.02500 12.52250
C 11.86930 129.60200 12.47890
C 14.05430 132.06500 12.70400
C 17.91140 131.27400 12.16290
C 23.95810 133.20300 12.46780
C 25.15900 130.36900 12.49770
C 22.87080 127.90000 12.54600
C 19.01920 128.32000 11.84700
C 21.69260 130.85600 12.66020
C 32.06810 128.91600 12.68420
C 28.48710 129.63800 12.68410
C 27.34800 132.62100 12.62830
C 30.71580 131.99000 12.79780
C 26.27130 127.35500 12.51770
C 34.26080 131.34600 12.78970
C 35.39790 128.33700 12.56010
C 37.58130 130.76500 12.49740
C 38.67470 127.75400 12.47540
C 42.09350 3.44367 9.38134
C 40.83700 6.33274 9.41501
C 45.55390 2.86059 9.64572
C 44.44500 5.75030 9.56757
H 40.28480 2.93088 11.02610
H 42.44440 5.26407 10.98100
H 45.86900 4.66448 11.36810
H 44.74820 7.63468 11.13560
H 43.62280 2.33541 11.07540
H 47.02110 1.64953 11.30870
C 48.81740 2.23279 9.67838
C 47.77110 5.17441 9.72772
C 51.21070 4.54183 9.74241
C 50.22780 7.61646 9.71144
C 53.49090 6.68948 9.87698
H 48.37000 6.97344 11.26310
C 52.22650 1.50663 9.83731
H 49.36000 4.00065 11.30320
H 51.54670 6.38723 11.41940
H 52.63100 3.34501 11.40060
C 54.56720 3.74494 9.89807
C 58.12510 3.34872 10.04030
C 56.81430 6.26276 9.94063
C 60.57930 5.60366 10.15940
H 54.77550 5.70084 11.34400
H 56.15590 2.79320 11.61030
H 60.86660 7.42958 11.85010
H 58.47230 5.15543 11.38400
H 59.84720 2.27481 11.66980
C 61.69240 2.75381 10.11080
C 65.06300 2.14979 10.24540
C 64.02070 5.05080 10.22540
C 67.34050 4.31209 10.32120
C 66.28330 7.36865 10.28190
H 63.20420 1.65077 11.80120
H 62.17350 4.56963 11.77290
H 64.33250 6.92198 11.82020
H 41.36290 8.22880 10.92580
C 42.10320 11.67060 9.37225
C 43.27690 8.72897 9.47208
C 45.53410 11.00750 9.69470
C 44.34600 13.98320 9.60424
H 40.19250 11.08850 10.84890
H 43.51160 10.57520 11.12150
H 45.67910 12.90510 11.37600
H 42.41050 13.42870 11.06120
C 39.75320 9.21123 9.29189
C 46.78010 8.05683 9.64442
H 47.07710 9.91301 11.25150
C 49.02580 10.55190 9.73467
C 47.63190 13.25920 9.86893
C 51.19340 12.64040 9.88530
C 52.31060 9.84486 9.86053
H 49.25030 12.27240 11.48920
H 50.48670 9.40572 11.42950
H 52.78070 11.64030 11.50890
H 53.73430 8.63171 11.53230
C 55.60710 9.22372 9.98726
C 59.25710 8.48497 10.22780
C 54.57180 12.28630 9.94327
C 57.92910 11.56540 9.99412
C 60.46960 13.81370 10.10580
H 54.87320 14.11410 11.64940
H 55.99590 11.09510 11.59990
H 57.14130 8.15321 11.61390
H 58.38350 13.29500 11.41250
H 59.61760 10.36760 11.52850
C 62.68360 7.86281 10.21100
C 61.63260 10.71070 10.10380
C 65.06840 10.28860 10.29760
C 63.79810 13.29370 10.42820
C 67.31800 12.59760 11.01140
H 63.15710 9.73746 11.78530
H 61.82560 12.58140 11.77210
C 41.10140 14.64950 9.35682
C 42.19430 19.96720 9.49900
C 43.20770 16.93230 9.56729
C 45.49060 19.26140 9.66406
H 41.33660 16.43920 11.09550
H 40.30250 19.38670 11.04980
H 44.57860 15.78800 11.29460
H 43.59470 18.78920 11.20970
C 39.82620 17.52870 9.43774
H 45.75340 21.13620 11.33210
C 46.53140 16.27430 9.77128
H 51.50950 14.48770 11.45100
C 49.89790 15.59250 9.83765
C 53.39770 15.10620 9.96388
C 48.76530 18.62120 9.78852
C 52.04050 18.00160 9.84657
H 46.91480 18.11590 11.39650
H 48.05150 15.15730 11.45700
H 50.24570 17.48520 11.44450
H 49.17180 20.52280 11.32750
H 52.41650 19.84720 11.36270
C 51.02120 21.00130 9.70149
H 53.47380 16.94460 11.59230
C 56.70480 14.53990 9.96791
C 54.36280 20.23240 9.88778
C 55.46530 17.30170 10.14020
C 59.04890 16.83960 10.30510
C 57.84640 19.62990 10.72950
H 55.63240 19.16430 11.72630
H 57.20090 16.33050 11.63150
H 59.80910 18.62430 11.91830
H 60.71070 15.60490 11.88090
C 61.46490 19.15950 10.10620
C 62.63270 16.22970 10.30830
C 66.33350 15.50160 11.16750
C 65.28140 18.48830 10.84540
C 68.11620 21.09850 10.17680
H 61.97070 21.00340 11.61500
C 40.92100 22.97440 9.49581
C 44.35220 22.28180 9.61073
C 43.13910 25.31790 9.55491
H 42.43350 21.79190 11.10690
H 44.60850 24.17410 11.23900
H 41.31320 24.76420 11.16370
C 39.80410 25.86780 9.51917
C 45.50860 27.57020 9.64338
H 43.52250 27.14280 11.13690
H 40.12250 27.74700 11.06000
C 46.49970 24.55340 9.65665
C 47.61860 21.60670 9.72812
C 53.21280 23.47620 9.74308
C 49.82320 23.98530 9.71604
C 48.79990 27.01200 9.63792
C 52.17940 26.30460 9.78609
H 51.35780 22.83650 11.30370
H 46.91980 26.46490 11.25770
H 47.98450 23.50510 11.31470
H 50.22680 25.83410 11.28450
H 53.55200 25.12960 11.55940
C 56.84560 22.61570 10.49950
C 60.61270 22.24360 9.84205
C 55.74100 25.64160 10.52180
C 59.50450 25.27270 9.78992
H 54.55470 22.15850 11.37540
H 58.85270 21.68730 11.50600
H 56.76420 27.70440 11.43280
H 57.80690 24.68340 11.49510
H 60.81970 24.01970 11.50750
C 61.92740 27.46600 10.00210
C 63.00280 24.46870 10.41210
C 66.74530 24.10050 10.00080
C 64.20460 21.46100 10.56210
C 65.74730 26.99670 9.91532
C 39.44010 34.17620 9.65684
C 41.97080 28.20560 9.47582
C 42.97480 33.47400 9.62806
C 40.86050 31.14730 9.58888
C 44.26220 30.50770 9.66915
H 42.34090 30.03800 11.14720
H 44.51910 32.39800 11.25810
H 45.76900 29.45080 11.33890
H 41.04360 32.99870 11.16920
H 50.27380 34.05940 11.34350
C 46.44240 32.71910 9.68074
C 49.87380 32.19590 9.72918
C 51.13830 29.32850 9.66832
C 53.66860 31.52660 9.90858
C 47.60480 29.88790 9.72071
H 49.21400 28.77510 11.24750
H 48.01080 31.69940 11.34600
H 52.41110 28.04340 11.45470
H 51.53730 31.10290 11.23750
C 58.45910 28.18280 9.76712
C 57.15520 31.04850 9.85122
C 60.67650 30.55030 9.91279
C 55.91420 33.95800 10.06120
C 54.65890 28.50400 10.45860
C 59.57480 33.31040 9.78238
H 55.57530 30.64590 11.20900
H 53.85760 33.45400 11.50150
C 66.49210 32.23570 9.97180
C 67.79430 29.35410 10.07670
C 62.89200 32.70260 10.00870
C 64.21560 29.78540 10.04560
C 42.06410 3.46437 12.68880
C 40.91890 6.46762 12.60170
C 45.40870 2.92848 12.76440
C 44.16010 5.88442 12.74390
C 48.75130 2.21864 12.97130
C 47.76650 5.14366 12.88130
C 51.12630 4.50525 12.97840
C 50.09060 7.56716 13.02160
C 53.32870 6.79885 13.11560
C 52.20170 1.50673 12.97830
C 54.38270 3.89766 13.03010
C 58.08680 3.35903 13.11030
C 56.71580 6.39043 12.86440
C 60.34020 5.72993 13.10330
C 61.61510 2.79224 13.40810
C 65.02230 2.04232 13.46570
C 63.89920 5.06155 13.45680
C 67.37900 4.38937 13.49250
C 66.15890 7.32800 13.44710
H 67.80100 6.18110 11.91680
H 65.48670 3.95731 11.95210
C 41.86770 11.57050 12.62670
C 43.11610 8.73586 12.71780
C 45.38290 10.93230 12.78520
C 43.98200 13.99340 12.87660
C 39.68800 9.27658 12.49110
C 46.65570 7.96945 12.77930
C 48.84680 10.40950 13.01710
C 47.54460 13.35300 12.99090
C 51.10720 12.67500 13.08990
C 52.26690 9.81392 13.10760
C 55.49480 9.23651 13.15040
C 59.03240 8.59383 13.17430
C 57.98070 11.47780 13.08940
C 54.47100 12.27630 13.21530
C 60.14060 13.85270 13.20580
C 62.70510 7.98099 13.44950
C 61.45450 10.88760 13.25790
C 64.98580 10.35860 13.43360
C 67.39370 12.63550 13.15630
C 63.54320 13.25560 13.53570
H 65.19270 12.01780 12.09150
H 66.70200 9.21356 11.90070
C 40.87450 14.59270 12.60530
C 42.03090 19.95750 12.76380
C 43.10240 16.94580 12.81820
C 45.35850 19.30520 12.96070
C 46.38040 16.27690 12.99210
C 39.82340 17.55150 12.71020
C 49.97000 15.69140 13.02940
C 53.24460 15.13850 13.19200
C 48.73380 18.74430 13.01390
C 52.00550 18.13910 13.10120
C 50.97820 21.04740 12.97390
C 56.87770 14.49680 13.12260
C 59.05290 16.78700 13.34840
C 55.44080 17.51600 13.09940
C 54.08220 20.44460 13.08630
C 57.84860 19.73650 12.77340
C 61.60820 19.30000 13.48160
C 66.36230 15.66390 12.92550
C 62.40910 16.41630 13.59870
C 65.30460 18.60500 12.66550
H 66.28350 20.62160 11.59660
C 67.66410 21.26440 13.30060
H 64.05020 15.08430 12.14410
H 68.42980 14.55850 12.05990
H 63.01920 18.04720 11.80910
H 67.39830 17.62010 11.82960
C 39.78000 25.96990 12.74560
C 43.10920 25.35090 12.81280
C 46.46250 24.62140 12.87650
C 40.89160 22.90170 12.76700
C 44.18360 22.32550 12.85580
C 45.32490 27.56300 12.80880
C 47.59980 21.61200 12.92180
C 51.89370 26.25610 13.10070
C 48.73290 26.94420 12.90200
C 53.10180 23.35100 13.07570
C 49.82300 24.01970 12.87580
C 60.52430 22.23520 13.23250
C 59.44390 25.25250 13.16330
C 55.80430 25.66650 12.48590
C 56.72980 22.64390 12.37430
H 59.91080 27.02700 11.47340
C 66.64390 24.06430 13.13590
C 64.17040 21.66710 12.49440
C 61.94930 27.41160 12.92700
C 65.43300 26.98560 13.18350
C 63.10290 24.57700 12.34780
H 67.14150 25.99800 11.65340
H 63.81010 26.57960 11.38480
H 68.35590 23.06760 11.66500
H 65.12880 23.61730 11.29520
C 39.48590 33.97450 12.87640
C 42.87420 33.33160 12.83150
C 41.94310 28.20510 12.75970
C 40.73680 31.13230 12.71220
C 44.11630 30.54090 12.82400
C 46.33940 32.82090 12.89410
C 53.65850 31.55520 12.63280
C 49.93840 32.20130 12.89280
C 50.87650 29.32100 12.95950
C 47.68630 29.83310 12.91670
C 57.19060 31.13480 12.89540
C 55.97200 33.98380 12.78850
C 54.64730 28.68350 12.35770
C 60.50530 30.52600 13.12670
H 61.02770 32.38410 11.58940
C 58.40590 28.23410 13.07860
H 57.75220 32.95540 11.34300
H 58.81750 30.01800 11.40540
C 59.41420 33.52360 13.08370
C 64.24290 29.81670 13.09700
C 62.94320 32.82590 13.15770
H 67.96610 31.22630 11.71320
H 65.92190 28.81540 11.58000
H 64.58090 31.72100 11.59530
C 66.40460 32.31250 13.29110
H 62.19310 29.40900 11.56080
H 66.79580 34.06730 11.59190
C 67.67240 29.43850 13.26560
C 41.60600 36.39250 9.71997
C 40.69710 39.36920 9.70392
C 45.13360 35.74400 9.77811
C 44.01590 38.73050 9.79719
H 39.89110 35.87110 11.41760
H 44.38710 40.53550 11.37460
H 45.59330 37.55300 11.41860
H 42.11890 38.21680 11.34830
H 43.20100 35.28040 11.30100
C 48.72010 35.08430 9.64530
C 47.32030 38.02260 9.68615
C 51.00650 37.31440 9.80754
C 49.63550 40.26050 9.63603
C 52.93440 39.75340 9.52336
C 52.23670 34.47420 9.85920
H 47.77840 39.92670 11.26760
H 51.17630 39.23460 11.26000
H 48.96810 36.93650 11.22250
H 46.86140 34.60530 11.22280
H 52.47890 36.32780 11.54350
C 54.45840 36.76820 9.98444
C 58.24210 36.31150 9.80704
C 56.74250 39.19470 10.34180
C 60.55050 38.72240 9.72068
C 61.72780 35.74600 9.84009
C 65.20960 35.12440 9.97644
C 63.91930 37.96090 9.85909
C 67.47970 37.45990 9.94074
C 66.20630 40.36330 9.89193
C 41.78630 44.79260 9.78134
C 42.90170 41.73090 9.76026
C 45.17400 44.04430 9.82726
C 44.15190 46.94730 9.91641
C 39.50450 42.33170 9.72772
H 45.78470 45.81930 11.45920
H 39.94250 44.22040 11.36110
H 42.24380 46.49010 11.52070
H 41.03300 41.22840 11.33170
H 43.25620 43.52430 11.39450
C 46.24190 41.02680 9.72903
C 48.39440 43.27660 9.68541
C 51.92250 42.79860 9.56202
C 47.49140 46.30710 9.69217
C 50.80560 45.71990 9.64656
H 46.63730 42.81110 11.43980
H 50.06040 42.15020 11.16590
H 52.29670 44.49020 11.30970
H 48.97270 45.10440 11.24920
C 55.73770 42.09760 10.20450
C 59.55430 41.73470 9.66336
C 54.52590 44.99650 10.30280
C 58.41890 44.68380 9.64017
C 60.64110 47.00290 9.76336
H 55.52390 47.09420 11.07410
C 62.82220 41.05410 9.81329
C 61.80750 44.00180 9.78551
C 65.12340 43.47760 9.95612
C 64.04690 46.30040 9.93921
C 67.49340 45.76170 10.22950
C 40.88780 47.60470 9.73820
C 39.66550 50.62080 9.66516
C 42.08370 52.96770 9.67784
C 43.14100 49.82450 9.71960
C 45.38170 52.33520 9.77144
H 41.19310 49.46260 11.27810
H 40.22050 52.44130 11.26360
H 43.47100 51.74790 11.30120
H 44.65230 48.77480 11.48860
H 45.83120 54.17970 11.43480
C 46.39730 49.34880 9.72801
C 49.70040 48.79350 9.63736
C 53.45240 48.11650 10.24510
C 48.81860 51.75890 9.83642
C 52.37990 50.96860 10.50560
C 51.20650 53.74450 10.42330
H 53.33960 53.03220 11.36770
H 49.05560 53.50530 11.67730
H 46.92880 51.11250 11.35960
H 51.20700 47.45390 11.12040
H 50.14110 50.46090 11.45050
H 47.91900 48.13050 11.29550
C 57.39370 47.71080 9.61617
C 59.50280 49.98850 9.79466
C 56.16290 50.55330 9.70376
C 55.02650 53.62950 9.73271
C 58.45730 52.94240 9.80008
H 54.48530 50.03240 11.40940
H 57.66700 49.46650 11.35130
H 56.54750 52.41200 11.26860
H 59.89190 51.80700 11.47370
C 61.73370 52.28900 9.90588
C 62.90730 49.30730 9.83421
C 66.28120 48.53410 10.10030
C 65.04970 51.69550 9.89151
C 67.36130 53.79890 9.89000
H 62.11260 54.09070 11.52520
C 39.90790 58.94860 9.82954
C 41.11170 55.97860 9.76246
C 44.48960 55.31610 9.68665
C 43.49500 58.29480 9.60158
C 45.68500 60.58430 9.65470
H 40.31350 60.79360 11.10850
C 46.79470 57.63830 9.74889
H 44.89540 57.17120 11.29760
H 41.71180 57.85570 11.29600
H 43.93460 60.10350 11.25410
H 42.62960 54.78130 11.31130
C 52.50160 59.20370 10.13850
C 47.73290 54.63050 9.85044
C 49.08930 59.85120 9.76769
C 50.03220 56.77950 9.84240
C 53.62100 56.40270 10.45070
H 51.43840 55.89750 11.65930
H 50.33470 58.77390 11.24360
H 48.14740 56.46720 11.45000
H 47.15950 59.48470 11.31230
C 56.17910 58.91630 9.91294
C 59.62100 58.15280 9.92955
C 60.63530 55.22490 9.83025
C 57.32190 55.90570 9.81323
H 54.53990 58.37840 11.31730
H 55.62490 55.33100 11.48580
H 58.85060 54.80070 11.41000
H 57.70650 57.67480 11.44440
H 61.16250 57.03920 11.50350
H 60.00380 59.98350 11.52620
H 56.76070 60.65170 11.66310
C 63.99380 54.68700 9.99028
C 61.75920 60.43350 9.81597
C 66.18100 56.83100 9.96397
C 62.94800 57.55050 9.87899
C 65.30620 59.79340 9.88450
H 66.85490 58.69180 11.45620
H 63.35460 59.43100 11.42550
C 39.82310 67.18860 9.76631
C 44.50970 63.52240 9.87057
C 40.94790 64.20410 10.03420
C 42.34330 61.32530 9.76381
C 43.38710 66.51200 9.80233
C 46.79440 65.85160 9.67575
H 45.04480 65.37010 11.38230
H 41.41090 66.01470 11.26980
H 42.65730 63.06540 11.54880
H 46.11810 62.40300 11.36450
C 53.62590 64.69100 9.85067
C 47.91310 62.89060 9.70972
C 51.42290 62.13940 9.87647
C 50.28770 65.24740 9.62322
H 50.68590 67.15150 11.20080
H 51.60350 64.12280 11.35230
H 48.40020 64.75600 11.22540
H 52.84050 61.14510 11.69740
H 49.45020 61.81960 11.32490
H 57.68810 65.84270 11.59050
H 53.96840 66.45100 11.29550
C 58.43380 61.16410 9.97311
C 59.43800 66.40240 9.92497
C 56.05970 66.81900 9.92606
C 60.57570 63.52160 9.84812
C 54.90970 61.73660 10.27610
C 57.36730 63.99930 9.96565
H 58.91520 62.97770 11.61860
H 55.37170 63.59140 11.40890
H 60.99540 65.28710 11.51990
H 67.89280 63.90060 11.38570
C 67.51590 62.06850 9.86181
C 64.12100 62.78250 9.88051
C 66.47470 65.03840 9.75810
H 64.69720 64.62930 11.36900
H 66.87490 66.82420 11.49340
C 62.91050 65.65150 9.97101
H 62.15030 62.37380 11.32090
H 65.66290 61.66870 11.51110
C 41.74610 36.32930 12.98450
C 40.77620 39.35310 13.02450
C 45.20470 35.56250 12.78530
C 43.97850 38.60430 13.00890
C 52.10590 34.44170 13.03240
C 48.66360 35.15660 12.90950
C 47.53370 38.04560 12.90960
C 50.75100 37.41740 12.90000
C 49.62670 40.42310 12.82830
C 53.07010 39.73960 12.71220
C 54.57080 36.83410 12.81520
C 58.11890 36.25940 12.88860
C 56.64600 39.15800 12.08430
C 60.42020 38.78990 12.95320
H 59.84160 35.20010 11.35890
H 60.94830 40.56650 11.34120
H 58.77960 38.13160 11.30170
H 54.49390 38.57200 11.06910
H 56.37590 35.87450 11.40870
C 61.64120 35.73050 13.01100
C 65.11860 35.12980 13.11460
C 63.86040 37.96520 13.02670
C 67.41470 37.47040 13.12940
C 66.01590 40.36230 13.19890
H 64.27440 39.86440 11.44950
H 62.01560 37.59840 11.41520
H 65.53570 36.99930 11.51280
H 63.24220 34.64900 11.48510
H 67.61280 39.28500 11.64370
C 39.59070 42.35060 13.00240
C 41.74140 44.63440 13.03550
C 42.82530 41.66760 13.02030
C 45.10910 44.01110 13.01760
C 44.15520 46.88440 13.07090
C 46.27880 40.95550 12.95700
C 48.62840 43.23650 12.88260
C 52.03320 42.86140 12.66790
C 47.70270 46.31380 12.99530
C 50.81270 45.71420 12.83380
C 55.68270 42.05950 12.10710
C 59.20040 41.66900 12.81090
C 54.54580 45.08310 12.15590
C 58.22770 44.58610 12.85810
C 60.43010 47.00770 12.96770
H 57.79460 41.15880 11.27810
H 56.66350 44.15230 11.24470
H 59.90540 43.54350 11.27210
H 58.73870 46.48370 11.30910
H 53.47420 41.51500 10.99550
C 62.71190 41.01440 13.03310
C 61.63200 43.96550 12.98830
C 65.03480 43.34140 13.15940
C 63.82320 46.27770 13.10830
C 67.12660 45.76010 13.49100
H 65.51720 45.20880 11.62500
H 66.51960 42.15570 11.55280
H 62.09870 45.89150 11.43320
H 63.24340 42.87850 11.47650
C 40.70410 47.74710 12.99680
C 41.98890 52.97220 12.92980
C 43.00370 49.93010 12.96770
C 45.32680 52.31110 12.90680
C 39.76410 50.64350 12.94360
C 46.59440 49.30320 13.00180
C 49.85140 48.77260 12.84590
C 53.41160 47.93320 12.12600
C 48.69550 51.66410 13.11100
C 52.39790 50.94320 12.31500
C 51.34360 53.78900 12.69250
C 57.06820 47.56660 12.84210
C 59.42360 49.94400 13.02910
C 56.01720 50.59930 12.89980
C 54.91620 53.40690 12.89920
C 58.26290 53.00370 12.97230
H 60.99930 48.85960 11.38300
H 67.55980 47.53520 11.98830
C 61.67760 52.22180 13.11780
C 62.75250 49.34630 13.11980
C 65.92560 48.91210 13.33410
C 65.02410 51.74760 13.20740
H 65.52850 53.53480 11.55960
H 66.54470 50.50920 11.55680
H 63.28910 51.16250 11.51860
H 64.29180 48.19290 11.57790
C 67.35210 53.91900 13.14950
C 39.83460 58.82020 12.65080
C 43.29010 58.30760 12.86050
C 44.34530 55.42140 12.97510
C 41.04330 56.03570 12.90830
C 45.63210 60.58490 12.97690
C 46.67300 57.67710 12.94920
C 50.08070 56.97570 13.01190
C 53.70620 56.39250 12.54120
C 48.97550 60.02570 12.90900
C 52.46270 59.20730 12.56360
C 47.59740 54.73290 13.14780
C 59.51490 58.17960 13.04400
C 60.56780 55.25970 13.09850
C 56.14910 58.75450 13.08640
C 57.36050 55.86300 13.08370
C 66.34830 56.81920 13.03750
C 65.27130 59.77750 13.03220
C 63.93480 54.61480 13.16870
C 62.87570 57.77620 13.16360
H 64.37030 56.49190 11.63590
H 67.88540 55.72020 11.44860
C 61.85710 60.56760 13.04070
C 43.27630 66.33500 12.88100
C 42.22060 61.23360 12.75230
C 40.91990 64.17050 12.94240
C 44.59930 63.55010 12.97940
C 39.91180 67.00000 13.03440
C 46.88810 65.91970 12.89120
C 50.12030 65.45870 12.91320
C 47.93460 63.00410 12.93670
C 53.58970 64.50530 12.84120
C 51.18500 62.32570 13.04060
C 57.15380 63.96240 13.08270
C 54.97910 61.65810 12.95510
C 55.84060 66.86910 12.96210
C 59.50590 66.43500 13.20510
C 60.81550 63.43910 13.13820
C 58.59750 61.13000 13.21970
C 63.07170 65.63980 12.92130
C 67.56370 62.10100 12.99140
C 64.00720 62.80100 12.89760
C 66.50460 65.04040 13.09240
C 42.10620 69.42370 9.90458
C 41.00340 72.29220 9.93195
C 45.58800 68.83700 9.72170
C 44.38440 71.69040 9.89037
H 42.53190 71.18090 11.55470
H 44.92590 73.52980 11.51060
H 40.20030 68.91440 11.51980
H 46.06930 70.59230 11.40840
H 43.79050 68.21070 11.35050
C 52.45980 67.57710 9.64797
C 49.02620 68.22710 9.65475
C 47.85300 71.08190 9.77114
C 51.40210 70.49390 9.66120
C 50.15000 73.34740 9.78220
C 53.68030 72.84800 9.74049
H 49.57890 70.05080 11.26350
H 51.84060 72.35620 11.29200
H 48.32950 72.82460 11.42800
H 52.86060 69.40800 11.25840
H 47.23570 67.73470 11.21820
C 54.78150 69.81090 9.68951
C 58.21350 69.19590 9.84721
C 57.14980 72.18890 9.70784
C 60.47800 71.67510 9.95011
H 55.25090 71.64760 11.26790
H 58.48850 71.07150 11.46080
H 56.24980 68.73810 11.38820
H 60.94330 73.39900 11.28120
H 59.75800 68.24250 11.56960
C 61.75790 68.67530 10.03660
C 65.40140 67.98310 9.83581
C 64.20540 70.89310 9.80502
C 67.50340 70.46870 9.70355
C 66.36450 73.46510 9.66419
H 64.56850 72.75380 11.34980
H 62.27080 70.45230 11.39330
H 63.55060 67.51790 11.44300
H 65.75090 69.79120 11.42540
H 67.86780 72.15910 11.25220
C 42.24540 77.59290 10.04770
C 43.39320 74.76910 9.92037
C 45.73660 76.98950 9.82208
C 44.44040 79.88860 9.94371
H 46.18600 78.79560 11.39990
H 42.45890 79.40020 11.48320
H 40.26470 77.07690 11.63440
H 43.99480 76.56430 11.54960
C 39.95020 75.30120 9.93763
H 41.53560 74.15280 11.50010
C 46.79390 73.96750 9.87342
C 40.92080 80.46250 9.86540
C 48.96660 76.35580 9.77023
C 47.98170 79.35290 9.77985
C 51.28880 78.81100 9.79942
C 52.50660 75.74520 9.78356
H 49.47950 78.17790 11.39480
H 52.80520 77.59630 11.39500
H 50.51570 75.25510 11.31750
H 47.21320 75.80530 11.51180
H 54.06380 74.64990 11.45160
C 55.86650 75.18580 9.78564
C 59.21580 74.49820 9.71191
C 54.73660 78.05110 9.87435
C 58.02260 77.50020 9.68940
C 60.45190 79.68500 9.82234
H 58.50080 79.24590 11.38970
H 55.28510 79.89780 11.49350
H 59.65400 76.34610 11.14930
H 56.31000 76.92400 11.46290
H 57.36130 74.02080 11.36530
C 62.94080 73.94390 9.77181
C 61.63450 76.78600 9.70944
C 65.17450 76.39600 9.56494
C 64.13520 79.31600 9.85624
C 67.77440 78.67000 10.17230
H 62.20210 78.50740 11.35830
H 63.35360 75.63970 11.13040
H 65.60980 78.08350 11.41730
H 66.68280 75.15990 11.08360
C 41.96430 85.63450 9.95414
C 43.12580 82.81660 9.82294
C 46.77340 82.16530 9.93644
C 45.45970 85.12210 10.02940
H 40.08330 85.27550 11.52700
H 44.76930 81.66310 11.31070
H 41.25740 82.32130 11.42250
H 43.53830 84.55330 11.53140
H 45.69110 86.82270 11.76430
C 39.68210 83.38340 9.90692
H 51.75280 80.54320 11.46260
C 53.67430 80.98400 9.89034
C 50.31010 81.78710 9.82157
C 49.02260 84.67930 10.41890
C 52.59600 84.03360 9.90884
H 53.12930 85.85050 11.53220
H 49.95940 86.50310 11.88950
H 50.87900 83.45950 11.59460
H 48.52200 81.13350 11.37400
H 46.98110 83.94690 11.65550
C 51.42970 87.01860 10.07410
C 57.07550 80.38270 9.79493
H 54.11290 82.80040 11.48050
C 55.92300 83.36140 9.87346
C 59.20670 82.63950 9.65418
C 54.86170 86.39250 9.93335
C 58.06560 85.70700 9.73337
H 59.65910 84.51430 11.14120
H 57.44920 82.23020 11.44980
H 56.34320 85.17490 11.51690
H 60.88380 81.48340 11.06900
H 68.74770 80.77980 10.97670
C 61.96450 84.85290 10.25770
C 63.09770 82.16420 10.14940
C 66.85010 81.69760 9.61990
C 65.45560 84.64990 9.59580
H 66.24100 86.50350 11.13250
H 64.02940 84.19150 11.05590
H 67.23600 83.60820 11.15690
H 65.13120 81.17550 11.33430
H 62.00550 87.00250 11.58260
C 68.01200 87.16910 9.49712
C 41.01300 88.52750 9.72453
C 44.35940 87.92150 9.92330
C 43.09700 91.06610 9.63672
H 40.14950 93.40160 11.20950
H 44.57430 89.76000 11.20350
H 43.49340 92.82510 11.42180
H 42.38720 87.52470 11.53250
H 41.29340 90.47460 11.24930
C 45.61920 93.42400 10.25270
C 39.74110 91.53990 9.64364
C 46.88460 90.25170 10.32970
H 47.73530 92.45140 11.11690
C 52.70500 92.16310 9.68993
C 47.89580 87.33750 10.79170
C 50.41270 89.83660 9.90565
C 49.32670 92.94110 9.60330
C 53.84940 89.21280 9.91282
H 52.08720 88.90780 11.57370
H 48.90020 89.47040 11.50750
H 50.86730 91.85790 11.29700
H 54.25380 91.16630 11.33830
C 60.51710 87.84860 9.77180
C 59.44810 90.99710 9.57966
C 56.10430 91.58820 9.72704
C 57.10560 88.55670 9.88476
H 55.35830 88.18280 11.61530
H 56.38900 93.51190 11.25210
H 57.64100 90.49260 11.33720
H 60.82700 89.86210 11.19960
H 58.68700 87.45630 11.45590
H 59.68470 92.89670 11.23660
C 61.92640 93.44770 10.30800
C 66.70110 90.09000 9.61570
C 64.11690 87.45270 10.34780
C 65.74180 93.11250 9.50901
C 63.07610 90.49340 10.21970
H 65.18990 89.52720 11.11200
H 68.36730 89.00580 11.16310
H 64.05520 92.53930 11.17450
H 67.26070 91.99530 11.13760
C 39.76060 100.06500 9.49546
C 42.08150 94.05290 9.64769
C 43.31830 99.32880 10.03730
C 40.83960 97.02080 9.63376
C 44.59100 96.43890 10.01740
H 42.38760 95.70960 11.14900
H 46.64770 95.49360 10.98820
H 45.51640 98.52570 10.90560
H 41.18770 98.67440 11.13170
C 47.34740 98.92150 9.34478
C 53.86130 97.72080 9.46643
C 50.55320 98.18140 9.45964
H 49.84960 94.80330 11.19920
H 48.79590 97.84370 11.09590
H 52.09940 97.16670 11.14540
H 50.98830 100.13000 10.99790
C 48.22980 95.88690 9.59553
C 51.58350 95.38780 9.53266
H 53.12150 94.17700 11.07090
H 54.24960 99.52350 11.09530
H 57.31100 98.81450 11.35460
H 55.29920 96.53530 11.06280
C 58.21400 94.13460 9.60744
C 59.51800 99.28250 10.33890
C 57.08550 97.12500 9.50995
C 56.12170 100.12200 9.61683
C 55.01020 94.63700 9.53601
C 60.81980 96.39500 10.29940
H 58.54320 95.90450 11.09900
H 61.67260 98.50160 11.35000
C 64.58620 96.09520 9.49216
H 68.31710 97.32930 11.13520
H 67.22780 100.29700 11.21020
H 62.94170 95.54470 11.20180
C 66.74800 98.49720 9.57965
C 67.90470 95.47570 9.52645
C 63.26410 98.88410 9.61600
H 64.96430 97.91190 11.16850
H 66.14190 94.96920 11.10470
C 42.15300 69.16260 13.01320
C 41.03540 72.38180 13.20400
C 45.63880 68.65220 12.90260
C 44.50110 71.66630 13.06260
C 49.10980 68.22490 12.78190
C 47.99230 70.90700 12.93300
C 51.38090 70.51670 12.88500
C 50.23710 73.39560 12.91560
C 53.69830 72.78140 12.94150
C 52.43560 67.58920 12.90410
C 54.62760 69.92540 12.92540
C 58.08490 69.22250 13.06410
C 56.90800 72.16000 13.03330
C 60.52210 71.51870 12.90900
C 61.80410 68.57280 12.95360
C 65.33020 67.92740 13.07430
C 64.14340 70.93270 12.97880
C 67.53700 70.49400 13.01560
C 66.42910 73.47160 12.87420
C 39.84280 75.16180 13.14380
C 42.29490 77.44490 13.06830
C 43.37600 74.78060 13.10650
C 45.81010 77.03390 13.11220
C 44.48720 79.76120 12.88530
C 46.85000 73.91820 13.09210
C 49.05960 76.34410 13.06450
C 48.04620 79.28080 13.02360
C 51.29300 78.75310 13.05320
C 52.36750 75.64810 12.94880
C 55.93300 75.09160 13.09860
C 59.30280 74.51200 12.79910
C 58.23930 77.38540 12.98870
C 54.71130 78.05060 13.00070
C 60.51660 79.74460 12.84090
C 62.90300 73.86360 12.79470
C 61.69110 76.79920 12.69100
C 65.16150 76.23410 12.82380
C 67.98660 78.68370 12.06420
C 64.06820 79.39800 12.89550
C 40.99100 80.50630 13.12390
C 39.84400 83.44320 13.12690
C 41.99050 85.67750 13.13330
C 43.19750 82.61600 12.98820
C 45.40060 85.12920 13.19570
C 46.72210 82.15370 12.86550
C 53.65320 80.84250 13.04660
C 50.15430 81.55710 13.08710
C 49.01630 84.44210 12.97040
C 52.71060 84.04440 13.17640
C 51.85110 87.12790 13.29160
C 57.17150 80.40030 13.10460
C 59.48150 82.71600 12.78900
C 55.94550 83.36490 13.10220
C 54.92360 86.35280 13.18650
C 58.32180 85.63790 12.99430
C 61.90470 84.98330 12.12440
C 67.08590 81.64440 12.71220
C 63.08150 82.26460 12.16580
C 65.71130 84.69260 12.75120
C 67.93710 87.14980 12.76240
C 40.78100 88.71910 12.91800
C 44.20820 88.18400 13.11460
C 43.19100 91.08450 12.85260
C 39.75250 91.59850 12.87350
C 45.78360 93.51700 12.15820
C 46.71580 90.49470 12.16690
C 53.91590 89.47960 13.13430
C 50.60800 90.18060 13.12920
C 49.37190 93.03650 12.85980
C 52.69440 92.39670 12.78650
C 47.85970 87.59730 12.69470
C 59.53200 91.05430 12.90730
C 56.14440 91.69270 12.89810
C 60.62830 88.06440 13.02020
C 57.28890 88.76010 13.06180
C 66.83040 90.11310 12.76860
C 65.78740 93.12340 12.78540
C 63.10040 90.43930 12.08290
C 64.28100 87.52310 12.26000
C 61.89890 93.51420 12.09990
C 39.65980 99.97330 12.67960
C 43.44880 99.36260 11.88700
C 40.97080 96.91680 12.86120
C 41.88280 94.05860 12.89480
C 44.55570 96.46310 11.92710
C 47.08790 99.02900 12.53780
C 48.35480 95.98000 12.69220
C 50.55220 98.35430 12.67360
C 51.75720 95.31620 12.74760
C 53.91850 97.68230 12.74810
C 59.51390 99.34860 12.33900
C 60.76630 96.34130 12.09610
C 58.40010 93.94630 12.74090
C 55.00800 94.67250 12.67580
C 55.88040 100.11300 12.87380
C 57.02660 96.83410 12.81880
C 64.66930 96.07020 12.79610
C 67.93440 95.51770 12.75080
C 66.76950 98.37300 12.73550
C 63.40360 99.01850 12.83380
C 42.27440 102.32300 9.85242
C 41.22200 105.18300 9.63308
C 46.14130 102.02500 9.23453
C 44.96010 104.88000 9.36595
H 43.21770 104.41800 10.86510
H 40.07350 101.73300 10.92070
H 45.27070 106.74800 11.00820
H 44.39120 101.41700 10.77940
H 46.50430 103.73300 10.96880
C 49.49970 101.26000 9.32156
C 48.30760 104.17300 9.34950
C 51.66720 103.70200 9.45832
C 50.52770 106.65500 9.41870
C 53.85120 106.05500 9.48673
C 52.82220 100.69500 9.43980
H 53.15540 102.55600 11.08500
H 51.98830 105.54900 11.09600
H 48.60330 106.05300 10.92710
H 47.63780 100.81500 10.86950
H 49.82410 103.10200 11.01610
C 55.06310 102.96400 9.51245
C 58.44110 102.23400 9.78999
C 57.32840 105.33600 9.54644
C 60.78500 104.66100 9.59463
H 56.47590 101.96300 11.31070
H 55.40600 104.89700 11.06760
H 58.84990 104.23500 11.19250
H 60.35100 101.41000 11.20360
H 61.05590 106.55000 11.10730
C 62.13940 101.84200 9.54270
C 64.43220 104.26100 9.56029
C 67.75440 103.76600 9.63353
C 65.51500 101.28500 9.64655
C 66.52810 106.62600 9.72764
H 65.95010 103.16500 11.20280
H 62.50370 103.74000 11.04930
H 64.65430 106.00200 11.20440
H 63.75580 100.83400 11.13090
H 68.03240 105.48100 11.35750
C 42.35390 110.70100 9.35529
C 43.55490 107.66500 9.43715
C 45.80540 110.08100 9.51694
C 44.55100 113.05100 9.53240
H 46.07870 111.91300 11.15670
H 43.83750 109.54900 11.00420
H 42.69880 112.50300 11.06280
H 41.67390 107.22500 11.08890
H 40.55250 110.18300 10.87740
C 40.06150 108.25800 9.41578
C 47.07150 107.25400 9.36347
C 49.25810 109.70100 9.50475
C 52.76570 109.07200 9.62931
C 47.88470 112.43900 9.53663
C 51.47580 111.98900 9.73054
H 49.45490 111.46100 11.18790
H 47.43990 109.01500 11.07980
H 50.76130 108.53200 11.05850
H 53.05080 110.83400 11.40200
H 54.27500 107.84000 11.21050
C 56.10030 108.36300 9.57023
C 54.96660 111.37900 9.80115
C 60.69360 113.06800 9.80709
C 58.25840 110.70100 9.62259
C 59.40950 107.61200 9.56488
H 57.60600 107.16200 11.20970
H 59.82480 109.50700 11.18480
H 56.52490 110.08500 11.27340
H 55.40800 113.04300 11.21900
H 58.77660 112.47100 11.26780
C 63.04970 107.05900 9.65166
C 61.69130 110.08600 9.71015
C 63.99650 112.25700 9.96092
C 67.46700 111.73600 10.08850
C 65.20510 109.56900 9.80645
H 65.58360 111.27100 11.65340
H 63.30430 108.92200 11.27260
H 62.12410 111.83400 11.47680
H 66.70440 108.40700 11.42130
C 41.01100 113.54100 9.53590
C 42.23530 118.76800 9.26444
C 43.48820 115.92900 9.48436
C 45.58410 118.30800 9.47161
H 41.71020 115.39100 11.07210
H 40.22850 118.25200 10.73340
H 43.74770 117.85300 11.09990
H 44.91920 114.87100 11.21110
C 39.90380 116.39100 9.57844
H 46.07270 120.18700 10.95620
C 46.68750 115.46300 9.52330
H 51.69010 113.75300 11.14510
C 50.17850 114.96000 9.54805
C 53.77830 114.29600 9.75478
C 49.03070 117.67900 9.53079
C 52.43960 117.30600 9.71438
H 47.16680 117.29100 11.14160
H 48.25920 114.32900 11.08210
H 50.49280 116.70900 11.29140
H 49.40430 119.62200 11.03940
H 52.91870 119.06300 11.02900
C 51.25170 120.17200 9.45425
H 54.12420 115.98600 11.10910
C 57.23750 113.66600 9.69909
C 59.46220 115.85100 9.95711
C 56.08000 116.40600 9.68091
C 54.95230 119.40800 9.59823
C 58.32910 118.73600 9.85951
H 61.05290 114.80500 11.54140
H 56.34640 118.28300 11.29490
H 57.56690 115.36300 11.42360
H 59.81460 117.73200 11.57180
H 67.78270 113.60000 11.66650
C 65.08710 117.56800 10.03490
C 66.29170 114.77700 10.09650
C 61.71310 118.18900 9.99664
C 62.92810 115.34200 9.99064
H 64.35070 114.15800 11.59000
H 62.01540 119.98700 11.61740
H 65.46440 119.44300 11.61560
H 63.25340 117.11100 11.69360
H 66.63000 116.53900 11.69540
C 67.37790 120.03300 10.16480
C 43.07270 124.14100 9.22138
C 44.50270 121.29000 9.31140
C 41.02770 121.84000 9.22113
H 40.14180 126.63700 10.81680
H 43.37990 125.93000 10.79650
H 42.51430 120.70200 10.84860
H 41.21420 123.66900 10.89970
C 45.39670 126.52200 9.43097
H 44.71040 123.03500 10.71410
C 39.81330 124.84200 9.21966
C 46.74370 123.51600 9.30480
H 47.06290 125.34300 10.79370
C 52.44650 125.40700 9.68139
C 49.01490 125.84000 9.27959
C 53.75090 122.38800 9.64235
C 50.12860 123.04200 9.47461
C 47.90240 120.62900 9.31536
H 48.23320 122.44500 11.02150
H 51.70250 122.02900 11.07360
H 50.38860 124.87900 11.14080
H 54.06580 124.23000 11.35590
C 55.89900 124.72400 9.73876
C 57.20280 121.73100 9.68686
C 59.40190 124.15500 9.69541
C 60.47510 121.11700 9.95459
H 55.32360 121.24600 11.24010
H 60.88880 123.02600 11.34820
H 56.56570 126.59800 11.28540
H 57.51310 123.59900 11.29540
H 58.56460 120.63900 11.49840
H 59.82540 125.90300 11.34700
C 65.02620 126.09300 9.94401
C 61.65940 126.50500 9.76676
C 63.89980 120.51200 9.95517
C 62.72300 123.45800 9.73377
C 66.28110 123.01100 10.07010
H 63.13910 125.28500 11.37150
H 64.22920 122.28000 11.33490
H 66.53510 124.78800 11.47300
H 67.83140 121.85500 11.77680
C 39.88510 133.10800 9.35909
H 45.79720 128.20600 11.20090
C 44.35860 129.46900 9.53087
H 44.77890 131.26100 11.12600
H 41.40430 131.97700 10.93740
H 42.45660 128.93600 11.10670
C 41.98370 127.24100 9.25005
C 43.34590 132.42500 9.43560
C 41.04930 130.02700 9.38299
C 46.69240 131.90000 9.55032
H 49.20420 127.77800 10.88060
C 53.52330 130.57700 9.76353
C 49.94470 131.34500 9.68498
C 47.74720 128.79700 9.61584
H 48.09540 130.70600 11.26110
C 51.16600 128.41300 9.44678
H 51.49110 130.14900 11.25850
H 52.82310 127.20700 10.97030
H 50.30570 133.08900 11.39690
H 53.87170 132.44100 11.38490
H 55.29900 129.52000 11.15460
C 54.98820 127.67200 9.61883
C 60.52850 129.49000 9.88659
C 57.32880 130.07000 9.68152
C 55.84620 132.85900 9.91176
C 58.44380 127.11600 9.69608
C 59.53920 132.46300 9.92524
H 58.67470 128.89700 11.42850
H 60.89890 131.23300 11.61760
H 57.54910 131.79400 11.38870
H 64.26720 130.73600 11.69300
H 62.03020 128.28700 11.45510
C 66.32120 131.11100 10.23210
C 62.76970 131.86300 10.08510
H 65.31510 127.73100 11.81470
C 67.36370 128.11800 10.36360
C 63.97860 128.93000 10.01470
C 42.33520 102.28000 11.82830
C 41.33410 105.23100 12.38160
C 46.00260 101.81600 12.44560
C 44.91760 104.82900 12.55580
C 52.72190 100.70000 12.70420
C 49.39360 101.25700 12.57240
C 48.31250 104.25100 12.61380
C 51.54990 103.72200 12.68230
C 50.31690 106.64800 12.65600
C 53.92600 105.93600 12.73730
C 54.83990 103.17200 12.78620
C 58.56440 102.33300 12.69150
C 57.20360 105.25800 12.79270
C 60.82940 104.61000 12.68960
C 62.12760 101.92200 12.74600
C 65.58520 101.28100 12.73930
C 64.26570 104.06900 12.72320
C 67.77670 103.58100 12.88570
C 66.39650 106.43500 12.90750
C 42.31920 110.59700 12.62880
C 43.63570 107.65800 12.62920
C 45.75330 109.97000 12.62330
C 44.47370 112.92700 12.74820
C 40.02180 108.39300 12.57310
C 47.03130 107.05800 12.62960
C 49.18460 109.51400 12.75660
C 52.61400 108.96200 12.78200
C 47.86990 112.52800 12.75770
C 51.34330 111.91000 12.79060
C 56.09200 108.24400 12.87280
C 59.52630 107.51900 12.76060
C 54.94470 111.18100 12.84340
C 58.40910 110.61100 12.88910
C 60.51430 112.90000 13.03100
C 62.93560 106.94300 12.71360
C 61.67200 109.87400 12.91230
C 65.07350 109.30500 13.02440
C 63.90490 112.29700 13.16730
C 67.31760 111.77000 13.33420
C 41.11720 113.60500 12.67710
C 41.94770 118.85400 12.44670
C 43.41080 116.05700 12.77300
C 45.56630 118.48000 12.65380
C 39.92950 116.42400 12.53360
C 46.79870 115.45000 12.78010
C 50.06390 114.84600 12.76660
C 53.67020 114.09500 12.67970
C 48.90820 117.93200 12.80770
C 52.52350 117.17700 12.65140
C 51.29430 120.08700 12.61870
C 57.16930 113.45100 12.89120
C 59.39180 115.76900 13.05430
C 55.90650 116.39400 12.86650
C 54.70170 119.38500 12.82750
C 58.03420 118.75300 13.02500
C 61.61050 118.12700 13.26210
C 62.85470 115.22900 13.22590
C 66.17980 114.65400 13.23920
C 65.07550 117.64500 13.29840
C 67.22400 120.01800 13.27690
C 40.98220 121.75600 12.49930
C 44.41490 121.21100 12.41290
C 43.15290 124.04900 12.42010
C 45.35040 126.40900 12.37830
C 39.64730 124.79200 12.42700
C 46.51620 123.48000 12.39440
C 47.82030 120.68900 12.63600
C 50.03170 123.03400 12.69620
C 53.64620 122.47900 12.70210
C 48.69180 125.99500 12.54140
C 52.30540 125.42800 12.69130
C 56.01780 124.81500 12.88180
C 59.30750 124.08000 12.97550
C 57.03540 121.84600 12.97470
C 60.46260 121.17800 13.03260
C 64.90390 125.86600 13.12420
C 65.98260 122.99000 13.08840
C 63.88400 120.55900 13.16200
C 62.70860 123.41900 12.96730
C 61.58510 126.31000 13.01300
C 46.51570 131.79400 12.89350
C 43.14490 132.46600 12.66640
C 44.34180 129.42000 12.80960
C 41.94210 127.10000 12.53580
C 40.95780 130.24400 12.64780
C 39.88220 133.07400 12.63980
C 53.54690 130.66200 12.74430
C 49.93300 131.21300 12.93090
C 47.73710 128.81700 12.68000
C 51.03590 128.21600 12.59170
C 56.97960 129.91300 12.98210
C 55.82770 133.00700 12.92560
C 54.72520 127.63000 12.66030
C 60.49320 129.33400 13.14020
C 58.31960 126.98600 12.99550
C 59.24650 132.32100 13.19100
C 63.66800 128.91400 13.27220
C 66.01620 131.09200 13.45270
C 62.64420 131.74800 13.34570
C 67.31540 128.15900 13.37280
H 67.71510 129.97700 12.10070
H 66.62100 132.95400 11.85900
C 70.79510 3.79373 10.37360
C 69.70780 6.62659 10.39590
C 74.33280 3.38242 10.47480
C 73.07100 6.12559 10.51400
C 68.60160 133.25400 10.33960
C 77.73410 2.45764 10.55790
C 76.73090 5.44767 10.67770
C 81.49330 1.83476 11.36080
C 80.42910 4.80135 11.43210
C 82.95950 7.45989 10.79600
C 84.24220 4.53064 10.74620
C 87.54500 3.94155 10.80950
C 86.42950 6.88960 10.85090
C 89.77980 6.10907 10.91620
C 85.16350 1.47535 10.71410
C 90.83200 3.31431 10.94890
C 93.12580 5.43965 10.97100
C 94.49660 2.58406 10.83980
C 96.62400 4.86672 11.07390
C 71.91170 9.06781 10.54070
C 74.21160 11.50670 10.48020
C 71.12590 12.17080 10.50180
C 68.59650 9.69500 10.39610
C 75.39630 8.44089 10.65490
C 79.19900 7.80515 11.47370
C 78.11810 10.85850 11.25790
C 76.98380 13.86420 11.26320
C 81.92380 10.39440 10.77050
C 80.74790 13.36290 10.78340
C 88.60530 9.18343 10.84850
C 84.15150 12.91510 10.92620
C 85.18040 9.92637 10.80520
C 87.49470 12.18740 10.96830
C 95.55280 7.70946 10.87510
C 92.05990 8.41581 10.83550
C 90.89180 11.27990 10.81030
C 93.35380 13.69190 10.80750
C 94.40590 10.76600 10.83350
C 96.56390 13.09820 10.76110
C 73.25050 14.58880 10.56700
C 69.04880 18.14200 10.41680
C 72.29010 17.54820 10.56840
C 70.12690 15.18580 10.52400
C 71.28680 20.46230 10.40240
C 74.65830 19.88900 10.46890
C 75.85880 16.77850 11.07080
C 79.60380 16.34470 10.74940
C 78.39840 19.27030 10.75210
C 81.74200 18.77770 10.81810
C 82.98110 15.72670 10.88970
C 86.21480 15.14660 10.91820
C 88.62420 17.33970 11.05090
C 85.17970 18.11140 10.89160
C 87.46680 20.10050 11.10530
C 84.06030 21.06240 10.92130
C 89.82530 14.35950 10.82610
C 92.24420 16.72300 10.90640
C 95.52920 16.17810 10.82850
C 90.99680 19.54850 11.12770
C 94.37990 19.02800 10.96590
C 70.32680 23.58980 10.26800
C 73.51080 22.75390 10.35960
C 72.44100 25.81000 10.34730
C 69.04570 26.42860 10.17570
C 75.89170 25.02390 10.57190
C 80.52970 21.60770 10.85060
C 79.30470 24.33140 10.81780
C 77.03110 22.07260 10.83470
C 81.51320 26.85410 10.69870
C 78.14170 27.32290 10.59560
C 82.80810 23.96770 10.82710
C 86.33180 23.20110 10.89180
C 85.18560 26.18770 10.84860
C 89.76480 22.41560 11.04270
C 88.62960 25.39770 10.76130
C 96.46050 21.43670 10.91610
C 95.29020 24.29820 10.81340
C 93.11510 21.94880 11.02940
C 91.90950 24.84560 10.91540
C 94.18100 27.21410 10.87700
C 71.25800 28.83640 10.21800
C 74.69620 27.97520 10.38620
C 73.67670 31.02600 10.24260
C 72.43460 33.91800 10.20730
C 70.01460 31.65210 10.30450
C 80.42980 29.65240 10.64840
C 79.20030 32.46630 10.46500
C 75.93000 33.32280 10.37060
C 77.00940 30.32480 10.46560
C 86.19310 31.25320 10.88110
C 88.55130 33.76200 10.80690
C 83.79200 29.06060 10.78120
C 87.49800 28.41780 10.76510
C 89.58260 30.76340 10.89890
C 82.73630 31.91390 10.76060
C 96.46290 29.51680 10.84760
C 91.84990 33.02520 10.94120
C 93.07010 30.27960 10.83620
C 95.13550 32.50980 10.87610
C 90.92100 27.79090 10.73240
C 70.72110 3.61673 13.56890
C 69.53050 6.67893 13.66290
C 74.17850 3.03795 13.57880
C 73.02160 5.95823 13.74390
C 68.41270 1.41006 13.55050
H 68.90660 3.21337 11.88830
H 72.36400 2.59362 11.90510
H 71.17920 5.55633 12.10510
H 74.68160 4.96475 12.07850
C 77.52250 2.45287 13.73570
C 76.51870 5.53025 13.84690
C 81.52450 1.78498 13.18090
C 80.38760 4.78925 13.37830
H 81.29920 6.89070 12.48700
H 76.93900 7.22295 12.47770
H 78.15350 4.14460 12.36920
H 79.24260 133.19800 12.24150
H 82.49240 3.88401 12.42300
H 75.74370 1.90033 11.99560
C 82.84420 7.35860 13.95820
C 84.04620 4.38189 13.93710
C 87.41030 3.89786 14.04700
C 86.24350 6.89943 14.06670
C 89.68450 6.31311 14.11560
C 85.28310 133.47200 13.97000
H 87.88120 5.76041 12.54700
H 84.53090 6.32638 12.38070
H 85.69370 3.33176 12.33650
H 88.97980 2.77957 12.40140
C 90.88900 3.11327 13.96890
C 93.21600 5.64803 14.17940
C 94.39440 2.44257 14.06400
C 96.62580 4.67089 14.16430
H 94.72000 4.38690 12.58710
H 96.02820 1.46110 12.50910
H 93.62680 7.33985 12.41780
H 91.31800 5.12478 12.64200
H 92.58610 2.16161 12.33410
C 71.83170 9.05320 13.80440
C 70.95990 12.10890 13.74900
C 74.25590 11.45670 13.79670
C 68.37830 9.65294 13.57090
H 74.69350 13.27440 12.25090
H 72.43070 10.83670 12.15650
H 70.04720 8.47154 12.08620
H 73.36130 7.90137 12.20770
H 69.29270 11.47020 12.05260
H 71.51480 13.94920 12.21900
C 75.19660 8.53177 13.81420
C 79.20980 7.88296 13.45630
C 78.02780 10.88360 13.16960
C 76.92060 13.80130 13.15460
C 81.91900 10.39300 14.03890
C 80.71260 13.35780 13.96140
H 79.07360 12.91630 12.21160
H 75.78630 10.26890 12.04430
H 82.34870 12.25610 12.41920
H 80.19600 9.90951 12.36950
C 88.63220 9.11537 13.98380
C 84.01060 12.76960 14.15360
C 85.19130 9.82152 14.11060
C 87.46830 12.15700 14.09910
H 83.44630 9.25902 12.43340
H 89.05510 10.97660 12.55790
H 85.57080 11.66110 12.55640
H 87.85840 13.94210 12.37350
H 86.68750 8.75565 12.41290
C 95.40670 7.77588 14.16860
C 92.09390 8.50847 13.94590
C 91.02850 11.42360 14.04180
C 93.15350 13.68700 14.04420
C 94.34290 10.77600 14.09480
C 96.68310 13.06850 14.09400
H 94.81480 12.59690 12.49830
H 91.42890 13.14800 12.29820
H 90.21610 8.00338 12.32610
H 95.78830 9.61392 12.46780
H 92.56300 10.31290 12.41760
C 73.23190 14.50280 13.96520
C 69.91510 15.15470 13.75310
C 72.11290 17.63940 13.86980
C 71.18430 20.60540 13.64530
C 74.76720 19.79020 13.63090
C 68.89450 18.23910 13.65090
H 73.63390 16.31730 12.32480
H 69.46270 20.06460 12.02260
H 72.78860 19.37900 12.13770
H 70.48300 17.00810 12.18220
C 75.86080 16.85520 13.27000
C 79.55120 16.34810 13.94270
C 78.20730 19.23160 13.75520
C 81.74410 18.76300 14.04160
H 81.13700 15.22310 12.40280
H 76.43770 18.92680 11.93330
H 82.14290 20.57860 12.45560
H 80.01540 18.21810 12.35410
H 78.69140 21.08040 12.46360
H 77.93480 15.91380 12.23380
C 82.84010 15.80800 14.08770
C 89.79300 14.27980 13.93410
C 86.32510 15.02530 14.11740
C 88.64010 17.25690 14.03100
C 85.09600 17.89490 14.08740
C 87.41750 20.29670 14.22860
H 86.61520 16.90650 12.52390
H 83.27390 17.61490 12.41330
H 85.51050 19.87440 12.61310
H 89.06050 19.10530 12.78090
H 84.45060 14.66020 12.62000
C 83.95180 21.09550 14.14720
H 90.38310 16.17110 12.45870
C 92.24210 16.58840 14.15360
C 95.59890 16.01020 14.11100
C 91.08390 19.67070 14.26810
C 94.39260 19.10640 14.26930
H 95.84380 17.95190 12.58810
H 93.75740 15.52090 12.47090
H 92.61040 18.48430 12.63600
H 94.70860 20.89120 12.62350
C 68.85150 26.55730 13.34630
C 69.98470 23.52140 13.41850
C 73.42690 22.86160 13.69470
C 72.33560 25.86750 13.55380
H 73.88360 24.61000 11.98290
H 74.97690 21.77000 12.11320
H 70.55580 25.40190 11.91290
H 72.74400 27.69650 11.88270
H 71.66530 22.37360 11.96060
C 75.57280 25.16680 13.71780
C 81.61130 26.89250 13.79460
C 79.21670 24.48610 13.92880
C 80.47090 21.52740 14.06220
C 76.87690 22.30870 13.71070
C 77.98180 27.44280 13.76750
H 80.91580 23.42380 12.48860
H 77.32420 24.08320 12.33270
H 76.21720 26.93950 12.10390
H 79.62580 26.34240 12.28330
C 82.80000 23.93530 13.95640
C 85.02420 26.17920 13.76690
C 88.55830 25.61300 14.04290
C 89.66600 22.56910 14.22060
C 86.24820 23.31540 14.09250
H 87.80520 22.11800 12.57860
H 86.80550 25.04960 12.43390
H 89.09190 27.28500 12.29090
H 83.12760 25.66520 12.20280
H 84.42900 22.87050 12.42860
H 90.08450 24.32270 12.49650
C 93.29570 22.04950 14.22920
C 91.96550 24.93120 14.07780
C 95.50090 24.25100 14.06060
C 96.74850 21.27800 13.98910
H 95.81970 26.13070 12.44260
H 93.55580 23.85360 12.54850
H 92.37720 26.72580 12.47540
H 91.36070 21.41970 12.78520
C 94.24880 27.18350 13.99720
C 71.06870 28.87490 13.36180
C 69.98060 31.59600 13.13780
C 74.58690 28.02170 13.55630
C 73.46270 31.03570 13.50920
C 72.20550 33.80590 13.20480
H 75.07410 29.88670 11.95740
H 73.99860 32.81390 11.89960
H 70.38040 33.46940 11.56150
H 71.77220 30.63450 11.75890
H 69.30290 28.35910 11.70250
C 75.75480 33.35480 13.58830
C 79.08500 32.62140 13.71640
C 76.82500 30.29870 13.69570
C 80.23940 29.74280 13.85630
H 78.52270 29.23560 12.15050
H 80.74660 31.54700 12.21120
H 77.30440 32.13250 12.08350
H 81.90850 28.63730 12.38140
C 82.52960 31.96030 13.88680
C 87.39330 28.40950 13.81520
H 83.13780 33.79400 12.34100
H 85.51320 27.94610 12.10480
H 86.67410 33.24870 12.32270
C 89.69910 30.63680 14.06540
C 88.43610 33.68160 14.07110
C 83.99160 29.14880 13.75850
C 86.12180 31.47210 13.99760
H 87.74880 30.22840 12.54900
H 84.27270 30.90130 12.40820
H 94.53820 29.10020 12.40310
C 96.38110 29.53930 14.05570
C 95.30910 32.53800 14.05850
C 93.02140 30.12460 14.05150
H 93.37780 32.04780 12.60890
C 91.70860 33.13800 14.12930
H 89.94050 32.52730 12.48100
H 91.23870 29.63770 12.36620
C 90.82010 27.82620 14.01010
C 70.99080 36.68160 10.03530
C 69.60470 39.68240 10.11220
C 74.66310 36.16150 10.23090
C 73.30230 38.97950 10.07650
C 68.75130 34.59820 10.04200
C 78.16120 35.49270 10.33970
C 76.99610 38.44510 10.27080
C 81.68550 34.69510 10.57440
C 80.39740 37.74830 10.31720
C 82.59540 40.24390 10.40920
C 83.76360 37.14040 10.52690
C 87.37210 36.58490 10.89680
C 86.07850 39.53100 10.80500
C 89.44700 38.88190 11.04000
C 85.04800 34.18410 10.71800
C 90.63470 36.08240 10.86990
C 92.70380 38.41360 10.85960
C 93.97330 35.42650 10.88080
C 96.22360 37.65230 10.83760
C 68.45840 42.81820 10.12780
C 71.91640 42.06300 10.03380
C 73.94440 44.32320 10.18910
C 70.63520 44.91010 10.46480
C 72.85210 47.21100 10.37990
C 75.60550 41.33190 9.97020
C 79.35630 40.93330 10.25280
C 77.83880 43.66620 10.22810
C 81.55240 43.22260 10.49650
C 76.49120 46.45330 10.39580
C 80.22570 46.10720 11.15640
C 88.35700 41.70510 10.96440
C 84.96970 42.59970 10.66310
C 87.23380 44.77180 10.77310
C 83.97700 45.48490 10.51090
C 94.96620 40.67000 10.82840
C 91.67160 41.28180 10.83610
C 90.41260 44.13160 10.71570
C 93.89070 43.54030 10.72780
C 92.72120 46.44130 10.68700
C 96.24540 45.86180 10.58670
C 68.44100 50.88240 9.98494
C 71.89110 50.14320 10.04070
C 69.62060 47.92260 10.49440
C 70.66780 53.16850 9.89741
C 74.22160 52.52110 9.79003
C 75.38180 49.47730 10.15490
C 79.13830 48.97670 10.98940
C 78.04790 51.94680 10.64540
C 81.90060 51.55790 10.11620
C 89.45330 47.24730 10.48420
C 82.86510 48.38200 10.32530
C 86.30940 47.82560 10.44310
C 88.39960 50.19690 10.40520
C 85.21030 50.83020 10.27300
C 87.35900 53.35940 10.19610
C 84.07080 53.83290 10.09770
C 91.81020 49.50900 10.37250
C 95.17030 48.80690 10.46840
C 90.69210 52.42350 10.37160
C 93.99510 51.78070 10.37660
C 68.69110 59.19530 9.82560
C 69.74600 56.10970 9.90045
C 73.02390 55.50530 9.94928
C 72.05530 58.52480 9.84223
C 75.69160 57.88250 10.54990
C 78.40690 60.46250 9.80844
C 80.52850 54.44240 10.07210
C 76.79880 54.90780 10.62730
C 79.34750 57.45300 9.95690
C 81.78010 59.90490 9.83857
C 82.81300 56.95760 9.91993
C 85.10740 59.12290 9.89083
C 86.24570 56.15230 10.00900
C 89.70910 55.33970 10.21370
C 88.49340 58.39060 9.95488
C 94.13320 60.15050 9.87020
C 95.14630 57.04420 10.14730
C 91.86360 57.70230 9.93684
C 96.32540 54.20440 10.27550
C 92.94930 54.80320 10.20950
C 74.67550 60.88660 10.31230
C 70.83730 61.51240 9.65177
C 73.59530 63.85470 10.30270
C 69.70480 64.33940 9.73346
C 72.40920 66.82420 10.36200
H 74.58310 65.94120 11.22830
H 70.16490 66.23650 11.32020
H 69.15380 61.00350 11.43970
H 71.40900 63.28590 11.28680
C 76.32750 66.40900 9.59290
C 79.64370 65.79800 9.57872
C 77.36700 63.43540 9.66691
C 80.78340 62.73880 9.74833
H 77.86130 65.31710 11.21700
C 82.93500 65.17560 9.52722
C 89.78810 63.71670 9.68504
C 87.41370 61.56070 9.71586
C 86.34710 64.63100 9.64448
C 84.03840 62.16140 9.69969
C 88.74910 66.89080 9.57838
H 83.35610 67.05610 11.04070
C 90.73950 60.77850 9.81688
C 92.05950 66.09240 9.77240
C 96.34550 62.43670 9.80370
C 95.46240 65.38380 9.84706
C 93.08360 63.15060 9.83078
C 70.92300 36.72550 13.14780
C 69.61260 39.70100 13.10390
C 74.47290 36.24730 13.33300
C 73.17380 39.10900 13.17990
C 68.72850 34.52550 13.12280
H 72.65350 35.70050 11.67100
H 71.31150 38.56510 11.62840
H 74.95750 38.01480 11.74940
H 69.00960 36.36900 11.50850
C 78.08430 35.59280 13.51760
C 76.81530 38.57280 13.24250
C 81.33420 34.92070 13.70140
C 80.27570 37.85490 13.63010
H 81.80550 36.66600 12.04680
H 78.59400 37.40380 11.89300
H 77.28910 40.34390 11.55100
H 79.62340 34.39130 11.98770
H 80.71910 39.63410 11.95420
H 76.22880 35.12940 11.91620
C 82.39720 40.11260 13.72970
C 83.61470 37.12860 13.69400
C 87.10080 36.64920 13.92130
C 85.67460 39.48040 13.91740
C 89.43230 38.97030 14.11720
C 85.02650 34.36490 13.85440
H 88.92810 35.52210 12.52830
H 84.00520 39.01630 12.11860
H 85.34960 36.17810 12.15750
H 87.54090 38.47820 12.57210
C 90.66280 36.01640 14.20610
C 92.85810 38.44630 14.15540
C 93.97770 35.39980 14.03590
C 96.26450 37.67050 13.93880
H 92.11340 34.91270 12.46140
H 95.61230 34.34330 12.42450
H 94.28910 37.25760 12.47020
H 91.04190 37.83480 12.59260
H 93.15920 40.23920 12.50260
C 71.86000 41.91010 13.04660
C 70.67810 45.00250 13.48960
C 74.32690 44.27120 13.20110
C 68.45070 42.58580 13.18240
H 71.11040 46.68890 12.15620
H 72.20720 43.74210 11.88680
H 69.93080 41.50680 11.47600
H 73.52570 40.84810 11.40550
H 74.52310 46.03790 11.89990
H 68.68380 44.49310 11.97620
C 75.45040 41.22230 12.94060
C 78.95970 40.69070 13.29530
C 77.56230 43.49430 13.16980
C 81.25810 43.15720 13.49420
C 76.42090 46.72460 13.49640
C 80.15420 46.26500 13.00070
H 79.51400 42.58180 11.75990
H 78.02630 45.37300 12.06290
H 75.75070 43.13840 11.40020
H 82.19940 45.02470 12.15290
C 88.13540 41.82550 14.05390
C 84.69410 42.63010 13.91110
C 87.16660 45.03220 13.92250
C 83.60960 45.71540 13.69020
H 86.27460 41.38620 12.41070
H 88.65980 43.66080 12.43360
H 87.68000 46.77340 12.19200
H 83.00300 41.95740 12.15090
H 85.35580 44.42030 12.35610
H 89.92510 40.78950 12.61240
C 95.16210 40.67980 14.01210
C 91.76210 41.47900 14.15540
C 90.46060 44.24170 13.99440
C 93.92850 43.72080 13.88610
C 92.73350 46.55200 13.70000
C 96.19570 46.03630 13.85380
H 95.47720 42.51740 12.36660
H 92.03380 43.15860 12.37570
H 94.41050 45.46440 12.22350
H 90.81090 46.05460 12.25420
C 73.10290 47.22940 13.53050
C 71.82430 50.27640 13.15060
C 69.54890 47.99750 13.41910
C 70.74580 53.08450 13.08960
C 74.24210 52.49560 13.09680
C 68.36080 50.92720 13.19020
H 73.38330 48.96030 11.71400
H 69.92750 49.77470 11.63470
H 68.85910 52.76130 11.55570
H 72.33750 52.04130 11.41220
C 75.20090 49.70720 13.27650
C 79.07900 49.17580 12.88880
C 77.92180 51.91550 12.51150
C 81.66920 51.53700 13.27380
H 76.89880 48.34450 11.95180
H 81.20250 48.20120 12.08210
H 82.16320 53.41830 11.68750
H 80.10790 51.10890 11.75050
H 75.74550 51.31530 11.36640
H 78.89790 54.03440 11.65120
H 84.40640 47.38930 12.00880
C 89.43390 47.41720 13.83130
C 82.79490 48.63360 13.50890
C 86.06890 47.97670 13.71280
C 88.41280 50.29740 13.57650
C 85.00380 51.06210 13.45050
C 87.24230 53.42810 13.44800
H 85.55520 52.79140 11.76830
H 86.55600 49.70120 12.03860
H 83.30940 50.37600 11.75850
H 88.72870 52.09800 11.90050
C 83.97120 54.05900 13.26830
H 89.97650 49.07470 12.02250
C 91.77510 49.52850 13.68270
C 95.09260 48.94870 13.70830
C 90.58910 52.53480 13.58000
C 94.08530 52.03000 13.56610
H 95.48530 50.73430 12.02480
H 92.16310 51.35140 12.06780
H 93.31480 48.42010 12.05830
H 94.47820 53.76520 11.87490
C 68.68080 59.17570 13.10020
C 69.66950 56.20670 13.11080
C 73.10330 55.77150 13.12370
C 71.94900 58.68890 13.05050
H 74.54190 54.30180 11.56000
H 71.18900 54.97340 11.57480
H 73.45110 57.30840 11.61170
H 70.13460 58.01960 11.46720
H 72.42830 60.32730 11.17710
C 75.70720 57.82920 12.51080
C 80.70690 54.62570 13.25220
C 76.74800 54.96990 12.52390
C 79.50580 57.68170 13.11080
C 81.71050 60.04460 13.09780
H 76.73590 59.91410 11.41880
H 79.98520 59.41650 11.42980
H 81.02620 56.41210 11.55550
H 77.80880 56.97230 11.49290
C 78.48100 60.61210 13.02170
C 82.73980 56.99170 13.14680
C 86.11080 56.42580 13.25620
C 85.02600 59.38620 13.11060
C 88.47760 58.61610 13.12750
C 89.53610 55.60650 13.38570
H 84.34530 55.82920 11.56330
H 88.85920 60.40270 11.44220
H 87.76930 55.17490 11.76460
H 83.22730 58.82190 11.52970
H 86.58430 58.11230 11.56080
H 90.03610 57.33310 11.64930
C 94.06020 60.13230 13.12440
C 96.26640 54.32720 13.53680
C 95.16480 57.26160 13.29750
C 93.01310 54.98810 13.52200
C 91.78340 58.01270 13.30050
H 95.59570 59.01290 11.56720
H 92.28520 59.63980 11.45720
H 93.25260 56.71270 11.76550
H 91.16550 54.33230 11.94550
C 71.07150 61.66760 12.90270
C 72.48160 66.80590 12.17130
C 74.64830 60.88190 12.24060
C 69.81620 64.47310 12.88710
C 73.70210 63.86640 12.24600
H 75.73280 62.92170 11.24380
C 76.10520 66.45560 12.69100
C 80.70190 63.01230 12.94270
C 77.37780 63.53720 12.93120
C 79.61880 65.83670 12.83480
H 78.90440 62.36630 11.31870
H 82.28270 61.77030 11.42990
H 81.16800 64.69080 11.23940
C 82.99770 65.33750 12.81600
C 87.37280 61.64370 12.99280
C 88.72380 66.95130 12.85900
C 84.17750 62.36020 12.94640
C 86.32540 64.68930 12.82170
C 89.64010 63.80330 12.95530
H 85.58410 61.06210 11.37570
H 86.87970 66.43860 11.23600
H 84.47430 64.07890 11.24720
H 87.88230 63.42600 11.27200
H 90.10540 65.61870 11.24650
C 95.43420 65.33190 13.07860
C 90.71860 60.82920 13.04670
H 93.56690 64.97520 11.48800
H 91.22780 62.64170 11.41630
C 96.38340 62.60270 12.98900
H 94.55010 61.96970 11.46530
C 93.04290 63.14720 13.06890
C 91.89960 66.04570 12.96260
C 71.24110 69.74800 10.31850
C 70.11500 72.71930 10.19540
C 75.04550 69.37710 9.52298
C 74.01360 72.40750 9.53303
C 68.58700 67.42400 9.73050
H 73.41180 68.91970 11.22040
H 69.01640 69.24180 11.37380
H 72.23920 71.88420 11.15550
H 75.54770 71.25120 11.14220
C 78.52770 68.88180 9.52041
C 77.34230 71.87820 9.57096
C 81.74010 68.14860 9.50844
C 80.68780 71.14150 9.54454
H 76.69940 68.34570 11.12550
H 77.70120 73.73970 11.15960
H 78.89110 70.69270 11.20260
H 81.18480 72.94320 11.17550
H 82.22000 69.97520 11.15800
H 79.95490 67.67220 11.19210
C 82.94540 73.53000 9.54779
C 85.35830 67.51850 9.58300
C 84.06010 70.51170 9.55876
C 87.60710 69.87520 9.51019
C 86.30230 72.70800 9.58410
C 89.91190 72.02510 9.63872
H 85.74080 69.43570 11.10560
H 89.07660 68.75710 11.16800
H 84.44310 72.30000 11.13400
H 87.95740 71.69940 11.12550
C 91.07340 69.06360 9.72817
C 93.33940 71.42410 9.70695
C 94.41820 68.48960 9.82447
C 96.65950 70.80690 9.95122
H 91.47360 70.94490 11.29410
H 94.70120 70.23300 11.48710
H 93.67780 73.19660 11.35010
C 68.94010 75.74470 10.04410
C 72.91170 75.35050 9.40648
C 75.04120 77.70220 9.52519
C 71.74220 78.39960 9.35427
H 72.00920 80.17590 11.08060
H 73.14650 77.19330 11.02260
H 75.34810 79.57860 11.14760
H 69.98900 77.78370 10.96710
H 71.07480 74.81270 11.03050
H 74.39460 74.26300 11.13040
C 73.82290 80.76590 9.50318
C 79.61370 74.13860 9.59188
C 76.19650 74.84500 9.52262
C 78.44510 77.05430 9.66712
C 77.31640 79.93340 9.64139
C 81.89930 76.44720 9.67226
C 80.77290 79.49220 9.77342
H 82.28930 78.25230 11.30870
H 78.90620 78.88080 11.29870
H 76.53260 76.62290 11.19310
H 80.02060 75.90620 11.26870
C 88.66260 74.86190 9.73938
C 84.14090 78.73380 9.67234
C 85.21210 75.74800 9.60012
C 87.45370 77.88220 9.69087
H 87.94100 79.86360 11.21590
H 83.39230 75.27550 11.26310
C 90.07150 80.26070 9.81251
H 85.57440 77.54090 11.34420
H 86.67770 74.55860 11.22880
H 89.06220 76.85280 11.38750
C 95.62290 73.77130 9.85622
C 92.26030 74.28530 9.62677
C 90.98210 77.15740 9.75512
C 93.42640 79.55360 9.80589
C 94.47950 76.73280 9.78336
C 96.68460 78.90570 9.88628
H 94.90630 78.46290 11.57220
H 91.74410 79.13690 11.14790
H 92.60040 76.08880 11.30000
H 90.38130 73.89250 11.22480
H 96.04240 75.42340 11.19350
C 69.08890 84.15060 9.59072
C 72.72370 83.67340 9.51293
C 70.38010 81.29320 9.47498
C 71.45550 86.55280 9.61234
C 75.06260 86.01140 9.67367
H 74.16850 82.55270 11.21620
H 70.82680 83.20230 11.09600
H 73.06370 85.52100 11.17600
H 69.49730 86.10340 11.10190
C 76.18430 82.97400 9.73342
C 79.63410 82.37160 9.89399
C 78.48140 85.13870 9.87726
C 81.94530 84.53080 9.87613
H 82.48320 86.40590 11.45260
H 80.05670 84.20540 11.57810
H 77.81120 81.85180 11.18410
H 76.51900 84.81390 11.41210
H 81.09110 81.20200 11.58030
H 78.92420 87.07450 11.40380
C 82.88070 81.55690 9.85248
C 86.43430 80.92970 9.75469
C 88.86830 83.29010 9.87379
C 85.38570 83.92760 9.70172
C 87.49170 86.21170 9.55296
H 84.49640 80.47340 11.33750
H 89.36620 85.13030 11.04320
H 83.55900 83.41820 11.33150
H 85.64630 85.86180 11.22910
H 86.80710 82.81160 11.44570
C 84.06080 86.95710 9.58428
C 94.77630 84.97830 9.47551
C 92.50120 82.51500 9.66831
C 95.72390 81.87980 9.73715
C 91.43310 85.78790 9.47706
H 90.67160 82.24770 11.40280
H 96.17160 83.79410 11.24250
H 93.95280 81.47980 11.39740
H 92.92660 84.51390 11.04970
H 95.25480 86.77070 11.09340
C 69.01080 92.46890 9.47037
C 73.69530 88.94580 9.59752
C 70.15070 89.47260 9.48849
C 72.47740 91.97780 9.49495
H 70.57550 91.34010 11.05940
H 74.05210 90.66660 11.01780
H 72.87130 93.61070 10.98130
H 71.74340 88.43750 11.14620
H 75.33830 87.74620 11.17630
C 76.06680 91.32270 9.61182
C 79.70390 90.60050 9.62885
C 82.05230 92.87860 9.60120
C 77.39530 88.26740 9.72312
C 80.88840 87.60060 9.85273
C 78.34800 93.60190 9.50284
H 76.39140 93.00320 11.02520
H 79.99030 92.34170 11.11620
H 81.24820 89.34700 11.23090
H 77.70740 90.03070 11.15210
C 83.17550 89.96720 9.59684
C 85.40880 92.27490 9.54689
C 88.73730 91.64070 9.72653
C 90.02840 88.62880 9.54451
C 86.63360 89.23280 9.54811
H 83.67070 91.77300 11.29090
H 86.83530 91.11810 11.30370
H 89.20030 93.42540 11.35420
H 84.66780 88.80230 11.12550
H 87.96700 88.14660 11.00400
C 93.77050 88.00230 9.42912
C 96.04010 90.36490 9.56505
C 92.45410 90.92040 9.72798
C 97.05850 87.43760 9.49190
H 91.83130 87.51340 10.92120
H 90.47570 90.42750 11.20960
H 92.85950 92.67330 11.48800
H 96.30040 92.17050 11.31500
H 94.21640 89.77740 11.12340
C 94.64320 93.19740 9.71464
H 70.47340 99.65040 11.12280
H 74.09960 98.93190 11.17570
H 75.30100 95.96570 11.18030
C 72.45150 100.05100 9.63211
C 74.79110 94.21590 9.47017
C 73.65940 97.03190 9.54398
C 70.07520 97.83510 9.39288
C 71.23400 94.90710 9.49252
H 69.40160 94.31140 11.13200
H 71.71460 96.61570 10.97710
H 80.98830 97.66500 11.06870
H 82.37400 94.65130 10.82850
C 80.76470 95.76660 9.41507
H 78.74680 95.30470 10.86470
H 77.54780 98.24350 11.16500
C 79.36810 98.76150 9.47677
C 77.03370 96.49940 9.45710
C 75.96720 99.41580 9.59390
C 83.03570 98.12050 9.71864
C 86.66990 97.73110 9.64501
C 90.03790 97.07690 9.72170
C 87.78360 94.65620 9.60054
C 88.81490 100.00300 9.76935
H 88.10950 96.41270 11.23930
H 85.90100 94.13920 11.13990
H 87.03850 99.42440 11.34530
H 84.78750 97.13590 11.21440
H 83.20360 100.04900 11.25800
C 84.39390 95.33410 9.49370
C 93.53420 96.28780 9.58138
C 92.35450 99.19910 9.77121
H 93.94610 98.04510 11.33440
H 91.63310 95.64690 11.14300
C 95.80290 98.64390 9.65912
C 97.04180 95.70370 9.57927
H 90.39480 98.68620 11.25120
H 95.18320 95.11790 11.08040
C 91.24110 93.93070 9.85799
C 71.29860 69.85120 12.20920
C 70.09530 72.79740 12.12870
C 75.16940 69.36990 12.79040
C 73.97370 72.36270 12.75480
C 68.74180 67.50220 13.02510
C 78.44520 68.88290 12.81600
C 77.33730 71.86510 12.75780
C 81.88210 68.10760 12.72180
C 80.74240 71.08210 12.82230
C 83.00590 73.39980 12.81810
C 84.11300 70.47180 12.70040
C 87.49400 69.90740 12.78060
C 86.32880 72.67650 12.72500
C 89.79720 72.06000 12.73930
C 85.22720 67.72010 12.64700
C 90.82970 69.14210 12.84120
C 93.15530 71.45500 13.03570
C 94.24400 68.39850 13.11450
C 96.61460 70.56660 12.95890
H 92.50150 67.93220 11.38600
H 95.78600 67.25830 11.54120
C 72.70310 75.31430 12.64330
C 71.56450 78.26890 12.63670
C 74.84510 77.71250 12.71110
C 68.96500 75.73570 11.95000
C 76.10210 74.72540 12.79000
C 79.53950 73.94290 12.79160
C 78.40350 76.97080 12.82090
C 77.24150 79.99290 12.78510
C 81.87490 76.42160 12.88190
C 80.75170 79.24830 13.01520
C 88.70100 75.07980 12.74730
C 84.09220 78.76740 12.96310
C 85.24230 75.73340 12.93150
C 87.41940 78.11360 12.97800
C 95.55380 73.65320 12.91190
C 92.12190 74.33160 12.93290
C 91.11350 77.31340 12.81820
C 93.29910 79.74660 13.01550
C 94.57500 76.57970 12.81900
C 96.72450 78.98600 13.10530
C 73.73150 80.71620 12.79210
C 70.46030 81.30350 12.69280
C 72.56030 83.68900 12.79760
C 71.40320 86.58350 12.71200
C 74.84090 85.98010 12.86470
C 69.18120 84.15130 12.64050
C 76.18660 83.03750 12.74270
C 79.44670 82.41020 13.03680
C 78.34200 85.34750 13.06130
C 82.02290 84.49290 13.02620
C 83.01040 81.63530 13.01320
C 90.10540 80.43040 12.61460
C 86.37230 81.06100 12.94250
C 88.85440 83.27420 12.82520
C 85.31500 84.13820 12.97660
C 87.65840 86.26860 12.62960
C 84.26310 87.05350 12.92490
C 92.49510 82.84870 12.92910
C 95.67510 82.06100 12.97690
C 91.28820 85.71250 12.58330
C 94.63700 85.00180 12.76110
C 70.17650 89.54220 12.75400
C 73.68340 88.83540 12.69070
C 72.48340 91.75350 12.62870
C 69.09280 92.40570 12.73470
C 75.95530 91.11890 12.59890
C 80.82510 87.56610 12.97090
C 77.20840 88.23890 12.81950
C 79.64070 90.50610 12.76370
C 81.94660 92.93680 12.68310
C 78.33210 93.49870 12.56630
C 83.15210 89.91920 12.78700
C 86.50810 89.27280 12.76750
C 90.08380 88.62810 12.47040
C 88.78690 91.53840 12.84050
C 85.51340 92.38050 12.89340
C 94.71970 93.38220 12.88040
C 93.64540 87.85980 12.64490
C 95.92260 90.31470 12.87310
C 92.54490 90.83140 12.72730
C 97.04540 87.33160 12.79310
C 74.75520 93.97750 12.61480
C 70.22970 97.82520 12.66260
C 71.39060 94.72870 12.61560
C 72.40840 99.98340 12.72140
C 73.61900 97.06000 12.69140
C 79.40080 98.69940 12.75590
C 80.71120 95.89910 12.40400
C 75.97390 99.23320 12.78680
C 77.33260 96.27860 12.68180
C 88.88150 99.77040 12.95490
C 86.56370 97.58490 12.90120
C 87.63090 94.60170 12.92380
C 90.00350 96.73580 12.76380
C 82.97990 98.24130 12.60730
C 84.18940 95.35220 12.54280
C 95.77820 98.51790 12.95170
C 91.15660 93.86510 12.89690
C 93.50710 96.08360 12.75680
C 96.91770 95.66010 12.86040
C 92.23130 99.02880 12.93020
C 70.02580 105.96600 9.91968
C 71.26330 103.02500 9.77289
C 74.87380 102.49900 9.75330
C 73.60490 105.29700 10.00980
C 68.95810 100.91900 9.53455
H 72.99940 101.89300 11.23850
H 71.59940 104.82700 11.49650
H 69.31760 102.62800 11.23610
H 75.22040 104.16800 11.61060
C 81.62940 101.05500 9.59135
C 76.92920 104.70700 9.83054
C 78.09260 101.69300 9.64872
C 80.39720 104.06600 9.71623
H 76.31790 101.18900 11.29780
H 79.74800 100.57900 11.15700
H 77.34370 106.49700 11.49650
H 78.55120 103.49800 11.29140
H 81.87760 102.89600 11.21180
H 80.67850 105.90500 11.40130
C 82.73420 106.11100 9.99837
C 87.58420 102.75900 10.07110
C 89.86250 105.02300 10.30990
C 83.96310 103.33000 10.01720
C 86.13680 105.67800 10.25320
C 85.27440 100.45400 9.92055
H 84.18650 105.09500 11.68830
H 89.29060 101.70500 11.52670
H 87.85720 104.50700 11.80290
H 85.64460 102.26100 11.53790
C 96.83460 103.90400 9.97836
C 94.55970 101.57000 9.85038
C 93.35030 104.50600 10.09450
C 91.15950 102.16000 9.96473
H 91.60760 103.89200 11.74830
H 92.72960 100.98800 11.49740
H 96.14320 100.42300 11.31850
H 95.00240 103.31300 11.57700
H 93.86690 106.23700 11.76750
C 72.30840 108.42800 10.16230
C 70.91720 111.20100 10.28570
C 74.51510 110.63200 10.35710
C 68.73990 108.85400 10.06600
H 70.33480 107.69900 11.59440
H 74.02870 107.16700 11.50830
H 68.92030 110.65800 11.77950
H 71.17520 112.96200 11.68230
H 72.60140 109.98200 11.79500
H 74.78300 112.32000 12.16500
C 75.90620 107.83100 9.91083
C 79.16000 107.15300 9.89034
C 81.53210 109.25900 10.04890
C 80.33020 112.24700 10.26190
C 76.64720 112.92800 10.50250
C 78.05860 110.17500 10.09310
H 76.25740 109.46700 11.66850
H 79.58460 108.86600 11.54950
H 81.91260 111.03000 11.81310
H 78.45830 111.79400 11.87720
C 87.22290 110.88400 10.32970
C 83.67200 111.60500 10.16350
C 84.92710 108.57400 10.07020
C 88.52540 107.97900 10.15850
H 86.54690 107.39700 11.55710
H 83.00040 107.99000 11.59420
C 95.67230 106.95000 10.20630
C 93.17760 112.51000 11.31000
C 92.10500 107.37600 10.32280
C 94.38270 109.67500 10.89700
C 90.80970 110.23000 10.53950
C 96.98340 112.09000 10.39360
H 90.10500 106.78500 11.65810
C 73.27650 113.32600 10.42330
C 71.99360 116.24900 10.32200
C 70.83380 119.40100 10.27640
C 74.32640 118.53200 10.37020
C 69.68700 114.13900 10.10350
C 68.55110 117.22700 10.22510
H 70.00350 115.90700 11.84540
H 68.87830 118.87600 11.79770
H 73.56380 115.23400 11.98720
C 75.41860 115.83900 10.38000
C 77.60480 117.92200 10.37500
C 79.02810 115.07600 10.33180
C 81.55610 117.37700 10.36840
C 82.78260 114.44000 10.26010
C 89.63120 113.21300 10.62210
C 87.15940 119.13500 10.41500
C 88.36420 116.11400 10.39300
C 85.08810 116.69700 10.28560
C 86.07500 113.79100 10.42370
C 83.72830 119.55100 10.50530
C 91.05970 118.45800 11.14320
C 94.78890 118.10000 10.48660
C 95.80510 115.08900 10.48470
C 92.16750 115.47000 11.14780
C 73.05790 121.61200 10.32880
C 68.60190 125.22300 10.16150
C 72.10100 124.46100 10.35420
C 69.74350 122.26700 10.23070
C 75.43630 123.85700 10.47090
C 77.72460 126.14900 10.57500
C 80.17310 120.27100 10.55560
C 76.46060 120.94800 10.42430
C 78.92450 123.23200 10.66760
C 81.16060 125.41700 10.94470
C 82.39540 122.51400 10.79770
C 88.50950 124.40400 11.28690
C 84.64550 124.97900 10.87880
C 86.02750 122.03000 10.60500
C 89.76970 121.35900 11.21970
C 92.36630 124.04000 10.46140
C 95.53820 123.37700 10.43480
C 93.49280 121.02900 10.53240
C 96.81150 120.42200 10.49390
C 94.45470 126.50800 10.56630
C 73.15490 129.77800 10.37430
C 74.26310 126.78100 10.52260
C 69.60740 130.46000 10.51720
C 70.94970 127.59300 10.27510
C 71.99820 132.74300 10.43290
C 76.59310 129.14000 10.61180
C 78.90490 131.56700 10.43050
C 79.86630 128.42100 10.59150
C 75.43150 132.32700 10.45250
C 89.96960 129.87200 10.82000
C 83.59430 127.91100 11.23470
C 88.69990 132.84800 10.80410
C 87.59020 127.37400 10.62230
C 82.69210 130.80000 11.20770
C 86.33060 130.52100 10.65150
C 92.06400 132.33900 10.98240
C 93.35980 129.52000 10.74120
C 91.01300 127.08700 10.68620
C 95.60860 131.72500 10.78590
C 96.64820 128.82000 10.61640
C 71.28220 102.96900 12.82090
C 69.89110 105.98400 12.99520
C 74.75780 102.12300 13.01810
C 73.49630 105.24100 13.04890
C 69.02540 100.73700 12.84140
C 78.21350 101.60200 12.85470
C 77.11620 104.53800 13.06890
C 81.58550 101.02700 12.81970
C 80.41260 104.02400 12.89550
C 82.46460 106.13500 13.13480
C 83.75550 103.32600 12.85120
C 87.56360 102.52200 13.15040
C 86.19210 105.47400 13.12120
C 89.86360 104.87500 13.20410
C 85.20540 100.37700 12.80730
C 91.12180 102.02400 13.18700
C 93.49800 104.33700 13.28140
C 94.58850 101.36000 13.06840
C 96.78790 103.76500 13.27490
C 72.31720 107.94400 13.14520
C 70.88810 111.00800 13.24430
C 74.59560 110.40200 13.31620
C 68.56760 108.80400 13.02980
C 72.94480 113.32600 13.47440
C 75.82080 107.52800 13.17920
C 79.18670 106.95600 13.12180
C 78.11570 109.90400 13.28040
C 81.41290 109.07600 13.26580
C 76.82180 112.78900 13.49630
C 80.36770 112.17900 13.37040
C 88.39180 107.82300 13.21730
C 84.91770 108.29200 13.19090
C 87.07120 110.67000 13.45020
C 83.74040 111.34600 13.48010
C 89.35610 113.17600 13.75960
H 88.75920 109.70200 11.92590
H 87.59140 112.61300 12.06980
H 85.22450 110.31500 11.72320
C 95.60050 106.64200 13.54370
C 92.01750 107.13300 13.27970
C 90.57890 110.20000 13.68820
C 94.41270 109.64100 13.40690
C 93.20410 112.52600 13.21960
C 97.02920 112.17800 13.79660
H 96.25970 108.52900 12.11210
H 92.27660 109.06300 12.17580
H 90.96390 111.94000 12.37890
H 95.30370 111.62000 12.15060
C 71.84190 116.31700 13.48080
C 69.63530 114.02200 13.34670
C 70.67960 119.21600 13.45580
C 74.12110 118.60000 13.55480
C 68.37650 117.03800 13.39410
H 72.36900 118.17100 11.82360
C 75.49490 115.63700 13.57060
C 79.09180 115.00500 13.29360
C 77.87810 117.94100 13.50180
C 81.46420 117.32300 13.37960
H 78.12800 119.84600 11.90540
H 81.80060 119.14300 12.07850
H 79.45300 116.90600 11.78770
H 80.82950 113.99900 11.74350
H 75.82830 117.54800 12.12200
H 77.04820 114.67500 11.89390
C 82.59800 114.40200 13.46080
C 86.00280 113.79500 13.62690
C 88.42310 116.13000 13.61400
C 84.83330 116.60700 13.59240
C 87.25100 119.08900 13.59340
C 83.79840 119.58800 13.56400
H 86.49670 115.57100 12.06500
H 85.39000 118.42600 11.99200
H 88.72820 117.87600 11.86230
H 84.18810 113.23700 11.97670
H 83.16170 116.23300 11.86480
C 92.08160 115.46900 13.13100
C 95.97470 115.15400 13.76680
C 90.87790 118.37600 13.06040
C 94.71190 118.08500 13.72220
H 93.06700 117.52900 12.18180
H 94.21250 114.55300 12.24050
H 96.27770 116.97200 12.08030
H 95.02760 119.92900 12.08900
H 89.89470 114.89700 12.01620
C 69.59770 122.29300 13.48580
C 73.00640 121.59200 13.58300
C 71.90150 124.45000 13.52710
C 68.35190 125.16300 13.24800
H 72.24900 126.35200 11.99310
H 73.55550 123.40700 11.97510
H 70.11010 124.13000 11.83830
H 74.50860 120.47200 11.94460
H 71.18770 121.16300 11.98250
C 75.32480 123.76400 13.68650
C 80.04560 120.20800 13.58450
C 76.39890 120.67700 13.54380
C 78.72140 123.07400 13.81780
C 77.50350 126.09300 13.91390
C 80.99910 125.37500 13.84440
H 75.81520 125.66300 12.12380
H 79.03390 125.01200 12.35600
H 76.91590 122.69500 12.13490
H 80.45490 122.10800 12.25920
C 82.53280 122.50300 13.75060
C 85.93590 122.09800 13.74630
C 89.73410 121.42100 13.15180
C 88.58230 124.42900 13.10770
C 84.75430 125.03700 13.90050
H 86.31240 123.75400 12.33020
H 89.39810 126.53700 12.14100
H 87.51550 120.81200 12.20810
H 84.14170 121.33400 12.14230
H 82.80310 124.28200 12.53570
H 90.66840 123.46500 12.06080
C 95.63160 123.38900 13.69850
C 92.33490 124.00900 13.78060
C 93.50950 120.95500 13.74450
C 94.53980 126.33600 13.76080
C 96.81990 120.52400 13.69470
H 92.64950 125.84000 12.14680
H 95.99700 125.25100 12.01820
H 93.83170 122.89200 12.15450
H 91.87780 120.48300 12.31760
C 72.04860 132.77200 13.64780
C 73.04300 129.81800 13.71430
C 70.75080 127.51500 13.57170
C 74.11390 126.76800 13.59190
C 69.66120 130.47700 13.62660
H 73.53880 131.58300 12.01870
H 74.59250 128.64700 12.10090
H 69.03820 127.03900 11.81710
H 70.14650 132.29500 12.10070
H 71.28670 129.35500 12.00680
H 77.98250 127.93200 12.30740
H 81.38900 127.15300 12.15510
C 78.72870 131.36900 13.70030
C 79.97350 128.39400 13.75850
C 76.48730 129.18900 13.68920
C 75.39000 132.01200 13.55400
H 80.34710 130.19800 12.02850
H 76.97940 130.97100 11.94250
C 82.50530 130.80100 13.12270
H 87.99310 129.31400 12.13920
C 89.78940 129.84100 13.86490
C 87.55890 127.31200 13.69680
C 83.52840 127.83600 13.25780
C 88.47790 132.93200 14.04630
H 86.78970 132.33500 12.32910
H 84.71520 129.85300 12.34870
H 85.67900 126.82900 12.31210
C 86.55300 130.38100 13.90310
H 83.61570 132.84500 12.23060
C 96.77690 128.58400 13.81740
H 90.07750 131.73800 12.54710
C 92.09970 132.22500 13.88850
H 93.81250 131.17000 12.40890
C 95.65030 131.59400 14.03070
H 94.90730 128.25200 12.25460
C 91.16290 126.89700 13.85370
H 91.61590 128.81700 12.41620
C 93.31270 129.24700 13.98340
C 100.08600 4.18279 10.79120
C 98.95150 7.26005 11.11040
C 103.59400 3.53156 10.63130
C 102.52200 6.54527 10.79530
C 97.89970 1.88236 10.84750
C 101.32300 133.02400 10.81410
C 107.21400 2.84859 10.89110
C 105.95200 5.79138 10.93200
C 109.44100 5.20361 11.07880
C 110.69500 2.29005 10.93600
C 113.01600 4.55100 11.10390
C 115.33900 6.78462 11.05480
C 114.36500 1.52252 10.77270
C 116.53800 3.84225 10.95480
C 117.99500 132.92100 10.76220
C 118.83100 6.05681 11.02670
C 122.24400 5.57595 10.65580
C 120.13700 3.19341 10.72990
C 123.47800 2.60590 10.77540
C 97.71920 10.21000 10.94140
C 101.48000 9.42064 10.83340
C 100.16600 12.32260 10.87790
C 103.80200 11.80640 10.83410
C 104.82500 8.84521 10.89900
C 108.15900 8.16126 10.93430
C 107.08500 11.17550 10.94510
C 109.32900 13.41670 10.94790
C 110.46700 10.43210 10.90230
C 111.60100 7.44805 10.89420
C 117.56000 9.06503 11.06070
C 114.03200 9.65301 11.17560
C 112.78500 12.66200 10.95250
C 116.13100 12.01580 11.05510
C 120.99000 8.48366 10.80600
C 124.23800 7.96397 10.40830
C 119.92300 11.39430 10.85430
C 123.27600 11.04530 10.56840
C 99.02070 15.40940 10.80380
C 102.35900 14.68890 10.84350
C 101.24400 17.77400 10.74210
C 103.52200 19.93320 10.70360
C 97.72260 18.57730 10.93290
C 100.19700 20.83380 10.85100
C 105.87800 14.06730 10.98540
C 104.65300 16.94080 10.95250
C 108.17500 16.44820 10.90990
C 106.88600 19.35780 10.74580
C 110.47700 18.69240 10.65870
C 111.57800 15.60680 10.76320
C 115.07200 15.04800 11.04580
C 113.79400 17.97900 10.64180
C 117.53600 17.23820 10.81810
C 116.06000 20.19950 10.55750
C 122.06300 13.75960 10.82020
C 118.67000 14.20510 11.00310
C 119.85600 19.55700 10.51050
C 120.83800 16.58660 10.82720
C 124.13300 16.12760 10.53510
C 123.09800 19.09480 10.50040
C 97.78170 26.51130 10.93660
C 102.24100 23.19800 10.79680
C 98.95010 23.59570 11.03280
C 101.06100 26.00730 11.02020
C 104.50000 25.40140 10.76420
C 105.62700 22.38040 10.51510
C 109.37400 21.71110 10.71110
C 108.09500 24.61620 10.80230
C 110.42200 26.84520 10.87380
C 111.61700 24.06150 10.63330
C 112.61000 20.99720 10.57500
C 117.38000 25.37780 10.66040
C 115.02000 23.20590 10.60520
C 113.97300 26.25490 10.61660
C 118.57800 22.47490 10.61790
C 120.81700 24.65860 10.56770
C 124.33100 24.21910 10.68550
C 122.02700 21.93730 10.51370
C 103.44300 28.30380 10.74110
C 99.75990 28.88560 10.77040
C 98.57680 31.90250 10.70280
C 102.09300 31.23460 10.67850
C 109.33100 29.92300 10.66240
C 105.77800 30.59850 10.48300
C 108.08100 32.86340 10.38890
C 106.92100 27.57040 10.61290
C 104.42700 33.45000 10.75670
C 111.52800 32.15250 10.55580
C 115.20200 31.55580 10.53750
C 116.31500 28.43400 10.49120
C 112.80200 29.18480 10.72490
C 118.67700 30.69850 10.49030
C 124.25100 32.41300 10.80200
C 122.11700 30.07580 10.63100
C 123.06700 27.05350 10.58950
C 119.72000 27.67680 10.56540
C 121.09200 33.05310 10.72160
C 100.34000 4.04841 14.02280
C 99.11080 7.07657 14.05630
C 103.52700 3.37083 13.91610
C 102.58300 6.44887 14.13660
C 97.90050 1.79856 14.09690
C 101.49500 133.03500 13.92230
H 98.31850 3.66496 12.51710
H 100.75300 5.97982 12.51480
H 103.97500 5.30544 12.39970
H 101.75200 2.98497 12.20890
H 96.96480 6.70786 12.75900
C 107.04600 2.91256 13.87370
C 105.75400 5.79032 14.12020
C 109.36000 5.12889 14.23650
C 110.77500 2.19277 14.01020
H 109.74300 7.04690 12.62300
H 108.76800 1.73642 12.42730
H 107.43900 4.72057 12.60350
H 111.04100 4.03687 12.73980
H 105.14900 2.41066 12.27710
C 117.93300 132.79600 13.78210
C 114.36000 1.54301 13.87380
C 113.12300 4.49745 14.13610
C 116.72000 3.90981 14.04700
C 115.24900 6.88156 14.12330
H 113.29800 6.36472 12.44460
H 114.73100 3.27969 12.59310
H 116.96100 5.64592 12.64600
H 118.32800 2.77491 12.37460
H 112.37600 133.03900 12.28190
C 119.04300 6.17275 14.06600
C 120.18600 3.16339 14.03390
C 123.54200 2.65893 13.95320
C 122.42700 5.59396 13.97720
H 124.76100 1.64997 12.91720
H 123.81000 4.51949 12.25520
H 121.66800 2.06874 12.35330
H 120.54000 4.99468 12.40230
C 97.76100 10.05430 13.95890
C 101.35600 9.46176 13.97700
C 100.19000 12.44360 13.88150
C 103.62400 11.85830 14.08340
H 103.93200 13.68450 12.51210
H 101.90400 11.25540 12.33360
H 98.13990 11.94670 12.39790
H 99.46020 8.98668 12.38960
H 103.04600 8.34274 12.52400
C 104.81300 8.87643 14.22720
C 108.13500 8.12097 14.21280
C 107.11300 11.19770 14.14000
C 109.44000 13.56810 14.13980
C 110.47700 10.47330 14.16900
H 107.51400 13.02160 12.57950
H 108.64200 9.95898 12.56240
H 106.26300 7.67859 12.57550
H 105.26700 10.70660 12.53120
H 110.87000 12.29180 12.50740
C 111.67600 7.39562 14.13070
C 117.69200 9.26016 14.18210
C 113.82800 9.88090 14.21270
C 112.63400 12.82600 14.21940
C 116.43200 12.16210 14.04870
H 114.24200 11.62940 12.75170
H 111.94100 9.32049 12.54930
H 115.65500 8.62533 12.80910
H 117.98500 10.95060 12.35870
C 124.61900 7.69624 13.79540
C 121.31300 8.58508 13.98170
C 120.00100 11.39740 13.87550
C 123.62500 10.73060 13.68530
H 124.73000 9.73464 12.27440
H 120.32800 13.17470 12.56560
H 121.60500 10.35320 12.28620
H 123.86800 12.67470 12.12570
H 119.32700 7.97646 12.63460
H 122.66000 7.39750 12.26890
H 100.49100 14.22440 12.51360
C 97.80270 18.45240 13.98090
C 98.94570 15.46120 14.07810
C 102.37500 14.71300 14.11930
C 101.20200 17.80000 14.08690
C 103.47700 20.19580 13.97790
H 98.25820 20.26600 12.31290
H 102.66900 16.59820 12.41910
H 99.41300 17.27590 12.43700
H 101.65200 19.58000 12.38180
C 100.05600 20.76930 13.96520
H 97.07010 14.93780 12.39000
C 105.86400 14.22950 14.11760
C 104.54200 17.00670 14.03670
C 108.19700 16.45990 14.04440
C 107.01200 19.32900 13.82710
C 110.51800 18.72880 13.92780
H 108.63600 18.22280 12.29130
H 109.74600 15.30310 12.46830
H 106.30400 15.93850 12.56960
H 104.97800 18.89280 12.46140
H 110.92700 20.54670 12.29830
H 116.72500 13.84980 12.61800
C 111.61900 15.91700 14.05810
C 114.96200 15.09120 13.93300
C 113.85600 17.93720 13.80610
C 117.26000 17.37910 13.72020
H 111.95700 17.52540 12.28350
H 114.19900 19.85060 12.21690
H 115.39500 16.82940 12.16600
H 117.84900 19.11020 11.94500
H 113.01000 14.60690 12.47070
C 116.25900 20.25660 13.64880
C 122.37100 13.59520 13.88140
C 118.72700 14.37740 14.09920
C 124.57000 15.80960 13.87470
C 121.05100 16.69730 13.95860
C 119.60900 19.46540 13.61600
C 123.36200 18.90370 13.59880
H 124.53200 17.92840 12.35130
H 119.07700 16.10920 12.57900
H 121.34300 18.46240 12.18260
H 122.53600 15.53620 12.37000
C 97.61600 26.61920 14.13800
C 102.53000 23.00250 14.02290
C 98.82920 23.79690 13.98670
C 101.18600 26.05210 14.08260
H 103.84300 21.90420 12.18080
H 102.80000 24.89480 12.53780
H 100.56300 22.56530 12.57810
H 99.22750 25.45590 12.69000
H 96.90430 23.16470 12.37760
C 104.77000 25.39610 14.02290
C 105.76900 22.24980 13.80980
C 109.21800 21.85980 13.65130
C 108.01600 24.81070 13.74570
H 107.24300 21.17740 12.05350
H 109.79400 23.57020 12.34310
H 105.11700 27.20560 12.34720
H 106.05600 24.15520 12.22530
C 110.50500 27.02150 13.82090
H 108.41000 26.55130 12.38930
C 111.68200 24.02310 13.91310
C 112.83400 21.04180 13.87150
C 114.07600 26.37180 13.93840
C 115.00800 23.21620 13.82400
C 117.44300 25.42500 13.76270
H 116.62700 22.08090 12.17670
H 112.18000 25.82630 12.31010
H 113.12300 22.86740 12.16780
H 115.46200 25.06620 12.24150
C 118.56400 22.42100 13.74910
H 121.25200 26.53080 12.14820
H 122.40900 23.70300 12.21040
H 120.18400 21.39600 12.10280
H 124.52900 26.07020 12.47910
C 120.91100 24.73700 13.85120
C 124.28400 23.93960 13.86210
C 122.03900 21.76340 13.72410
H 119.00800 24.33040 12.24020
H 123.58300 20.85030 12.02910
C 98.66810 31.84540 13.95700
C 99.99040 28.97320 13.97350
C 102.25600 31.27680 13.67390
C 103.46200 28.36090 13.77810
H 103.90100 30.15700 12.05770
H 102.55800 33.01760 12.36140
H 98.99620 33.71540 12.36690
H 98.00600 28.48840 12.52890
H 101.46500 27.78620 12.26510
H 100.15300 30.79970 12.25280
H 96.76840 31.38040 12.39130
C 108.01600 33.00750 13.65210
C 109.14300 30.05690 13.75600
C 105.72200 30.62100 13.67430
C 104.69000 33.60480 13.67900
C 106.91000 27.86720 13.95470
H 109.57500 31.79890 12.06130
H 107.33000 29.47490 12.12390
H 106.23200 32.39620 12.02240
H 110.85000 28.80570 12.39920
C 111.62800 32.16020 13.55020
H 113.26700 30.98240 11.98030
C 116.44300 28.62960 13.78530
C 112.94200 29.26830 13.78180
H 117.78700 27.30480 12.16380
C 115.18300 31.60920 13.57830
H 115.70100 33.26870 12.24900
H 114.53500 28.09690 12.22690
H 116.76500 30.32030 12.02750
H 119.12600 32.57420 12.11550
H 120.13900 29.52140 12.15440
C 119.72000 27.62110 13.75860
H 123.57300 28.89500 12.10230
C 124.24100 31.78420 14.22190
H 122.47200 31.82180 12.41710
C 118.62200 30.74680 13.72230
C 120.84700 32.92740 13.93630
C 123.16700 27.00900 13.71740
C 122.04800 29.80330 13.82030
C 97.44990 34.84350 10.77150
C 99.77420 37.03030 10.72800
C 98.35370 40.04440 10.61020
C 103.24000 36.47300 10.78230
C 101.89800 39.45720 10.56700
C 100.89800 34.10660 10.81780
C 106.63700 35.67880 10.53840
C 105.57200 38.70830 10.49270
C 109.13000 37.97510 10.44530
C 110.47200 35.13580 10.58120
C 114.08900 34.41200 10.72190
C 112.90400 37.30530 10.79550
C 116.40900 36.61610 10.82370
C 115.14000 39.53980 10.90240
C 117.53900 33.83680 10.67410
C 118.73600 38.87110 10.77790
C 119.94200 35.91780 10.78730
C 123.45100 35.32400 10.92960
C 122.16100 38.28060 10.80040
C 97.21450 42.99760 10.65140
C 100.70900 42.34570 10.74790
C 103.05100 44.55050 10.97360
C 99.55830 45.29360 10.67400
C 104.38100 41.72550 10.70490
C 107.90200 40.96040 10.69210
C 106.70400 43.90610 10.86980
C 110.18500 43.07250 10.60440
C 108.88600 46.12270 10.76520
C 105.46300 46.90600 10.92970
C 111.59300 40.18150 10.66700
C 117.64400 41.87230 10.72300
C 113.85600 42.48950 10.64060
C 112.51300 45.30980 10.52780
C 116.09700 44.74240 10.83550
C 121.00600 41.18520 10.66070
C 124.34300 40.58380 10.75940
C 119.91100 44.35830 10.57250
C 123.13000 43.48540 10.55960
C 97.34700 51.16340 10.42210
C 98.45500 48.21310 10.53350
C 101.87200 47.58040 10.81950
C 100.63400 50.51800 10.44440
C 102.90800 52.76130 10.35590
C 99.58640 53.51880 10.34990
C 104.13500 49.97070 10.53220
C 107.80300 49.15230 10.69040
C 106.61200 52.20330 10.39040
C 110.16900 51.44330 10.35260
C 111.23200 48.32060 10.35340
C 114.68600 47.62830 10.32690
C 113.65000 50.79690 10.23400
C 117.36000 50.04080 11.02320
C 116.18600 53.02300 10.94040
C 122.36200 46.62200 10.50970
C 118.47000 47.17990 10.90400
C 121.09700 49.58400 10.40520
C 124.42200 49.06980 10.72030
C 119.89100 52.57440 10.30970
C 123.38000 51.90710 10.47330
C 97.47080 59.36190 9.96640
C 98.67450 56.42170 10.23780
C 101.86900 55.81270 10.21900
C 100.86900 58.68040 10.17760
C 104.28300 57.98290 10.22730
C 105.35800 54.94600 10.43330
C 108.96700 54.41640 10.53260
C 107.63400 57.26730 10.28440
C 109.94100 59.55750 10.13650
C 111.21000 56.65400 10.23980
C 112.44300 53.78220 10.33830
C 115.06200 55.91310 10.74220
C 117.80400 58.56770 9.92740
C 113.85900 59.03170 10.69710
C 118.94300 55.56900 10.13230
C 121.11600 57.99290 10.07950
C 124.37700 56.88400 10.01910
C 122.23300 54.83390 10.24960
H 124.55900 59.13060 11.30580
C 103.20200 60.92470 10.08430
C 99.83090 61.65780 9.94224
C 102.13400 63.89200 9.92643
C 98.81080 64.70760 9.79057
C 107.73800 65.64260 9.91789
C 108.77200 62.61420 9.75443
C 105.43500 63.47270 9.83875
C 106.55900 60.26940 10.11030
C 104.41100 66.23000 9.80987
C 115.25000 64.56740 9.88743
C 112.73200 62.02140 10.48800
C 116.45800 61.52840 9.93782
C 111.63100 64.99150 10.42950
H 115.75900 66.46790 11.48400
C 120.90100 66.20500 9.77063
C 118.75100 63.87750 9.85633
C 122.19000 63.21750 9.99531
C 119.92600 60.96370 10.00320
H 122.37700 65.17060 11.51310
C 123.36200 60.18470 10.06140
C 124.29300 65.51590 9.94095
H 119.03900 65.83850 11.40600
C 99.72160 37.24370 13.94150
C 98.53060 39.98880 13.84830
C 103.29900 36.61940 13.77150
C 102.04600 39.43340 13.59570
C 97.48710 34.82730 14.01550
C 100.98200 34.30110 13.90380
H 101.29800 35.96900 12.43170
H 103.60000 38.29910 11.94400
H 97.88780 36.67480 12.39410
H 99.99310 38.97790 12.18430
H 96.61280 39.55280 12.32610
C 106.93000 35.82110 13.71090
C 105.56100 38.80180 13.48270
C 109.13600 37.98880 13.59190
C 110.29800 35.02750 13.53210
H 108.40100 34.70560 12.00360
H 107.21400 37.59370 11.95630
H 104.93600 35.37990 12.36270
H 110.78900 36.91430 11.98700
H 109.58000 39.80110 12.11920
C 114.02400 34.50910 13.71150
C 112.67200 37.38400 13.68790
C 116.42700 36.67190 13.99550
C 115.14600 39.55420 13.79290
H 118.04100 35.56800 12.39690
C 117.56600 33.65540 13.82820
H 112.09200 33.92240 12.13720
H 116.95000 38.47930 12.40560
H 114.52300 36.22900 12.37820
H 113.08300 39.17770 12.44510
C 118.77000 38.96900 13.98890
C 119.89700 35.96910 14.04550
C 123.26200 35.18670 14.18010
C 122.15400 38.20670 14.01970
H 124.75100 33.97040 12.86840
H 121.43200 34.80680 12.41720
H 123.77200 37.05430 12.39270
H 120.28000 37.80180 12.39510
C 100.76000 42.37740 13.76980
C 103.10900 44.76130 13.89950
C 99.44770 45.44300 13.97210
C 97.38540 43.01240 13.96160
H 102.43000 41.27920 12.16300
H 103.49300 46.46350 12.54680
H 101.01200 44.20830 12.44260
H 98.75520 41.84930 12.21490
H 97.71610 44.83550 12.29880
C 104.41200 41.77480 13.76610
C 107.96000 40.99420 13.71460
C 106.84000 44.13450 13.88180
C 110.33500 43.19330 13.80030
C 109.28400 46.40500 13.78230
H 105.96600 40.53190 12.19230
H 104.80600 43.48650 12.44510
H 108.36100 42.74010 12.35400
H 110.63500 44.99750 12.13990
H 107.16800 45.81250 12.50910
C 111.32700 40.31120 13.79360
C 117.43100 41.87520 13.69060
C 113.80400 42.59930 13.67720
C 112.43800 45.60390 13.78590
C 116.11500 44.68420 13.60760
H 111.86300 42.07240 12.14110
H 115.51500 41.41110 12.07570
H 114.00800 44.37410 12.28740
H 118.03300 43.78160 12.23070
H 122.48100 40.10260 12.44340
C 124.38200 40.37230 14.09460
C 121.02300 41.36610 13.97340
C 119.71300 44.28150 13.71060
C 123.20900 43.56710 13.82830
H 124.49000 42.49370 12.58780
H 120.39300 46.03980 12.03120
H 119.22200 40.76870 12.33180
H 121.35100 43.08510 12.22870
H 123.71300 45.45470 12.09230
H 99.82410 47.20880 12.24000
C 98.26600 48.36280 13.82520
C 101.70800 47.67680 13.79280
C 100.66700 50.61410 13.67450
C 103.02400 52.79370 13.46860
C 97.23910 51.35670 13.64680
H 97.73590 53.04860 11.99150
H 98.80120 50.09780 12.13590
H 101.04300 52.41110 12.02280
H 102.11600 49.47090 12.01660
C 99.53360 53.61130 13.61540
H 96.60500 47.72010 12.10890
C 105.51400 46.98100 13.98650
C 104.02500 49.95490 13.58410
C 107.78700 49.21310 13.55270
C 106.58000 52.10560 13.42690
C 110.21200 51.44800 13.41450
H 104.61800 51.71660 11.85660
H 108.27300 51.02510 11.82270
H 105.71600 48.74720 12.18960
H 109.55900 48.07880 12.22700
H 110.64000 53.23500 12.04530
H 116.28600 46.60060 12.01440
C 111.55700 48.60680 13.65410
C 114.71600 47.93890 13.52770
C 113.56500 50.97580 13.46480
C 117.27200 50.08010 13.00820
H 113.96800 52.56030 11.95960
H 111.78400 50.23970 11.80350
H 112.84000 47.28880 11.97370
H 115.06800 49.56540 11.90390
H 118.27100 52.13680 12.00890
C 116.17700 53.13150 12.88400
C 122.14400 46.55000 13.72610
C 118.46400 47.09380 13.18410
C 124.23800 48.80540 13.99170
C 121.14500 49.78630 13.80740
C 120.03300 52.64100 13.58990
C 123.37800 52.03900 13.47950
H 124.58900 50.92560 12.52320
H 122.49100 48.52200 12.20770
H 119.39200 49.09970 12.14370
H 121.43400 51.46450 11.96180
C 98.60460 56.63800 13.42590
C 101.92100 55.86970 13.56170
C 100.82800 58.91560 13.32820
C 97.37820 59.58820 13.18340
H 100.11800 55.34730 11.93220
H 103.32500 54.69240 11.91430
H 102.39200 57.61240 11.85200
H 98.96540 58.37510 11.72890
H 96.76510 56.09030 11.83230
C 105.20800 55.00070 13.53480
C 109.00000 54.43300 13.53380
C 104.19200 58.16100 13.46410
C 107.73600 57.30620 13.44500
H 107.00900 53.97840 12.11580
H 109.31000 56.20770 11.79120
C 110.06100 59.93530 13.30260
H 105.74900 56.88760 11.94020
H 108.07300 59.19420 11.87640
H 104.71400 59.87400 11.79040
C 115.07400 56.03840 12.65440
C 117.70500 58.70640 13.24570
C 113.90700 58.95090 12.65370
C 112.51400 53.82160 13.57370
C 111.25200 56.78890 13.35480
H 112.81100 55.49180 11.78730
H 117.20400 55.08620 11.75080
H 116.01400 58.04880 11.55310
H 111.60700 58.49470 11.86490
C 118.87800 55.67120 13.43260
C 122.27300 54.93910 13.39330
C 124.43500 57.37860 13.26300
C 121.00400 58.12520 13.30330
H 122.53600 56.82430 11.75910
H 123.84700 53.86570 11.81930
H 119.23500 57.47440 11.68700
H 120.40100 54.46830 11.88750
H 121.42000 59.88800 11.63850
C 102.10700 63.93660 13.08470
C 103.19000 61.07460 13.33690
C 98.60260 64.79470 13.05950
C 99.68640 61.78630 13.12230
H 101.34100 60.61340 11.67480
H 97.85130 61.30450 11.43940
H 96.89140 64.30140 11.28730
H 100.20600 63.58690 11.53190
H 103.73000 62.82890 11.56690
H 99.12430 66.57350 11.44630
H 102.60400 65.80290 11.46620
C 108.87200 62.81130 12.92230
C 106.75200 60.43300 13.25110
C 107.84200 65.75320 13.04880
C 105.57800 63.32010 13.16060
C 104.40400 66.47010 13.05060
H 105.85000 65.18750 11.54960
H 110.41100 61.43620 11.30560
H 109.36800 64.43980 11.46690
H 106.92600 62.20130 11.36740
C 111.60900 65.09440 12.48680
C 115.40700 64.59070 13.12770
C 112.60700 61.93940 12.45570
C 116.39100 61.60720 13.13130
H 113.67800 64.06460 11.56210
H 114.78000 61.09920 11.69100
H 118.04700 60.48030 11.53440
H 116.86500 63.44360 11.44010
C 122.10500 63.34720 13.16350
C 120.85800 66.40210 13.00420
C 124.34600 65.33340 13.06400
C 119.82900 61.07980 13.18410
C 118.59600 64.07090 13.13270
C 123.29100 60.48350 13.20530
H 120.24700 62.88790 11.62280
H 123.69400 62.15730 11.62780
C 100.09100 70.02180 9.82875
C 98.99600 72.99710 9.86721
C 103.28700 69.39110 9.76308
C 102.33200 72.33140 9.81257
C 97.58670 67.76820 9.90292
C 101.04200 66.92770 9.86924
H 100.53700 71.79690 11.48170
H 97.10270 72.43820 11.42810
H 103.82400 71.19590 11.45090
C 106.78600 68.94080 9.81337
C 105.69100 71.90920 9.81870
C 109.44800 71.09370 10.50030
C 110.39100 68.01290 10.56490
H 110.42400 73.14660 11.50420
H 107.16100 70.49920 11.40640
H 111.48200 70.08610 11.46010
C 117.50500 67.02730 9.80247
C 114.14600 67.60600 9.89575
C 113.13700 70.60910 9.80984
C 116.41300 69.98400 9.79501
C 115.32600 72.96500 9.69568
H 116.78500 71.85490 11.37500
H 117.99900 68.89500 11.32810
H 114.69700 69.48960 11.47610
H 113.54700 72.52170 11.37100
C 118.66300 72.19050 9.70609
C 119.81600 69.17450 9.62998
C 123.21200 68.50510 9.63071
C 122.21800 71.49670 9.52938
H 121.37900 68.08530 11.25270
H 120.31800 71.08880 11.12670
H 123.66300 70.36840 11.11580
C 97.95080 75.90080 9.78230
C 101.22600 75.28900 9.91208
C 100.10100 78.17920 9.95291
C 103.43700 77.73280 10.02600
H 98.15250 77.76410 11.48430
H 101.53600 77.09560 11.59590
H 103.78300 79.42060 11.31540
H 99.39090 74.77250 11.51070
H 102.70100 74.14110 11.46810
C 104.46100 74.88330 9.90180
C 108.32600 74.09370 10.48460
C 107.08800 77.14150 10.62930
C 110.86900 76.64700 9.80049
C 109.77700 79.60800 9.69245
H 104.93100 76.48620 11.74060
H 108.11100 79.20450 11.43280
H 109.23700 76.14970 11.52920
H 111.31900 78.53400 11.36590
H 106.05800 73.52390 11.32820
C 112.02300 73.69080 9.75474
C 117.73700 75.19110 9.62427
C 114.18700 75.98540 9.62036
C 113.02400 78.91240 9.62629
C 116.48100 78.24520 9.41040
H 114.67400 77.86720 11.19210
H 118.22700 77.06080 10.86350
H 115.77200 74.84910 11.21620
H 112.50400 75.52720 11.34660
C 120.99200 74.40830 9.63085
C 124.39300 73.88210 9.58600
C 120.12000 77.45970 9.26500
C 123.39000 76.84130 9.40048
H 120.53200 79.35640 10.82700
H 122.59000 73.30050 11.23040
H 119.17600 74.00870 11.37000
H 121.50300 76.30230 10.97890
H 123.91900 78.58630 10.84040
H 100.40600 80.07830 11.52230
C 98.00050 84.36840 9.60705
C 98.97930 81.14940 9.76262
C 102.16300 80.61420 9.84964
C 103.82800 86.09560 9.82823
C 101.35400 83.68320 9.66857
H 101.75700 85.56630 11.31220
H 98.55040 86.22660 11.17910
H 97.17820 80.80690 11.41530
H 102.63300 82.48720 11.50330
H 99.41150 83.11310 11.18420
C 100.37200 86.72190 9.52408
C 105.99000 79.99120 10.33020
C 104.82300 82.92930 10.25280
C 110.83500 84.90450 9.52800
C 108.77100 82.47810 9.60021
C 107.54300 85.40690 9.51150
H 109.12400 84.33880 11.20760
H 111.35500 86.71630 11.21120
H 110.27300 81.46110 11.26450
H 106.94400 82.06410 11.22730
H 105.87900 85.05580 11.01610
C 111.99800 81.95320 9.52131
C 115.38100 81.31480 9.18697
C 114.35800 84.30040 9.36753
C 117.87900 83.58740 9.21726
H 117.09700 80.06620 10.61280
H 112.51800 83.80310 11.00440
H 116.02700 83.08750 10.74190
C 116.69800 86.43170 9.45332
H 118.30700 85.32390 10.99220
H 113.67600 80.82110 10.98600
H 114.89900 86.00640 11.16240
C 119.09100 80.48210 9.11558
C 122.47200 79.72630 9.18104
C 120.11700 85.85270 9.35387
C 121.36100 82.83460 9.25792
C 125.00100 82.60280 9.67724
C 123.57400 85.15640 9.60048
H 119.41100 82.34980 10.76800
H 122.96700 81.57150 10.72550
H 97.50350 89.18790 11.23520
C 99.27060 89.88470 9.63085
C 98.15660 92.78530 9.73001
C 102.50400 89.25560 9.42987
C 101.34800 92.15270 9.62631
H 104.17100 88.11160 10.99220
H 102.91000 91.02760 11.21300
H 99.65360 91.59590 11.39910
H 100.72300 88.62170 11.10830
C 108.56000 90.67500 9.75783
C 106.41500 88.41010 9.68895
C 104.93600 91.39530 9.82221
C 109.80000 87.85500 9.55802
C 110.73200 93.09440 9.57867
H 108.09000 87.33410 11.04600
H 106.69300 90.37500 11.29960
H 108.98800 92.57890 11.32750
H 110.22500 89.62810 11.28420
H 105.41900 93.25390 11.43390
C 113.24600 87.09080 9.61606
C 114.29300 92.42500 9.38023
C 115.47400 89.40250 9.47968
C 112.04200 90.14490 9.63086
C 117.89200 91.79720 9.20947
H 117.06800 88.27330 11.09970
H 113.67400 88.95810 11.20530
H 112.41600 91.84650 10.91060
C 122.38000 88.02050 9.45872
C 124.48100 90.27080 9.28196
C 118.92500 88.76090 9.45531
C 121.26600 91.15780 9.24425
H 120.47300 87.61070 11.05630
H 121.53500 92.92790 10.81520
H 122.61000 89.93020 10.97140
H 97.32690 97.52660 11.24450
C 100.43100 95.13940 9.69023
C 99.35100 98.18240 9.82027
C 103.84300 94.33040 9.73138
C 102.70600 97.49660 9.70622
H 104.23700 96.19490 11.25450
H 101.91200 93.92030 11.26730
H 98.55210 94.64030 11.28880
H 103.13300 99.11760 11.24390
H 100.87400 96.89850 11.38860
H 99.65880 99.85510 11.19630
C 108.40000 99.21890 9.46266
C 109.62000 96.02360 9.49712
C 106.04200 96.69680 9.55171
C 104.97300 99.91320 9.67452
C 107.30900 93.69330 9.73521
H 107.67400 95.44750 11.00880
H 109.93100 97.80240 10.88530
H 106.53600 98.38100 10.99370
H 111.28700 94.87350 11.05970
C 116.48600 94.76370 9.34760
C 111.99100 98.23670 9.43221
C 113.08900 95.40600 9.40647
C 115.32500 97.66630 9.43398
H 114.69600 94.24580 11.05740
H 118.16400 93.59780 10.77720
H 113.53400 97.18440 11.10600
H 123.91000 95.27420 10.79430
C 120.08200 94.19330 9.24800
C 122.30300 96.36060 9.32342
C 121.03100 99.29210 9.45143
C 124.25800 98.64470 9.20636
C 123.36300 93.54820 9.20301
C 118.82000 97.03620 9.43061
H 122.62300 98.13590 11.03990
H 120.40800 95.88670 10.97070
H 119.21100 98.83810 11.07030
C 100.10800 69.95880 13.03030
C 98.94950 72.87210 13.06470
C 103.43800 69.25450 12.98650
C 102.42100 72.26570 13.10370
C 97.59380 67.75170 13.08790
C 100.99600 66.94000 13.02320
H 101.54800 68.74800 11.39950
H 98.26280 69.50080 11.42380
C 106.53100 68.74340 13.03050
C 105.74400 71.75040 13.01520
C 109.37500 71.10310 12.36710
C 110.47800 67.99780 12.40200
H 104.82900 68.18200 11.26720
H 108.16000 67.49580 11.51340
C 114.18900 67.64630 13.06820
C 113.19100 70.72980 13.03930
C 116.53900 70.04140 13.03400
C 115.36100 73.11520 12.94210
C 117.50900 67.07950 13.00180
H 112.56300 67.09600 11.31810
C 118.84400 72.30040 12.80180
C 119.95100 69.32970 12.85680
C 123.29700 68.49890 12.81300
C 122.15300 71.40210 12.77690
H 124.51900 67.51210 11.64370
C 101.22000 75.20320 13.14190
C 99.95200 78.25200 13.15150
C 103.36500 77.74250 13.15140
C 97.74070 75.81590 12.96980
C 104.57100 74.77990 13.04920
C 108.26900 74.00350 12.39730
C 107.18400 77.17210 12.50310
C 109.75300 79.69960 12.95030
C 111.04900 76.69110 13.05050
C 112.00300 73.64510 12.98610
C 117.67300 75.41720 12.71260
C 114.35700 76.13650 12.87040
C 113.25500 79.12980 12.79790
C 116.64700 78.30280 12.45840
C 124.35600 73.65440 12.94260
C 121.19000 74.55120 12.77070
C 120.06000 77.55940 12.53100
C 123.44200 76.83170 12.57570
C 122.43000 79.70130 12.41680
H 124.64200 75.68990 11.39610
C 98.04090 84.44590 12.84310
C 98.96060 81.42430 13.01370
C 102.38600 80.51680 13.05670
C 101.31200 83.56090 12.88660
C 103.99400 85.99040 12.41190
C 100.47600 86.70160 12.79820
C 105.97600 80.08920 12.36330
C 104.92000 83.12310 12.26810
C 108.71100 82.56190 12.87160
C 107.59400 85.54410 12.71420
C 111.00100 84.87210 12.72130
C 112.21600 82.04350 12.69390
C 115.72600 81.24190 12.37540
C 114.54700 84.14960 12.47860
C 117.87300 83.37620 12.42410
C 116.84300 86.49700 12.67030
C 118.89700 80.47440 12.34920
C 124.74300 81.60210 12.62390
C 121.38400 82.59640 12.34690
C 120.11600 85.72830 12.62140
C 123.29900 85.19390 12.73990
H 124.64400 84.07840 11.78800
H 121.57200 84.62670 10.96050
C 98.11250 92.75830 12.95190
C 102.60700 89.06530 12.74040
C 99.30940 89.66010 12.92140
C 101.57300 92.05820 12.92200
C 104.81400 91.31400 12.78950
C 106.32300 88.51700 12.48430
C 109.83800 87.78820 12.79780
C 108.66500 90.75500 12.86370
C 110.93500 92.92530 12.65180
C 112.17200 90.12120 12.75230
C 113.29100 87.07950 12.76350
C 115.56600 89.51430 12.64970
C 117.83700 91.71200 12.45750
C 114.36300 92.24350 12.45390
H 116.02200 91.25170 10.82750
C 118.96600 88.87150 12.59760
C 121.17200 91.16430 12.53240
C 124.57700 90.09160 12.42200
H 124.73900 92.25800 11.02450
H 123.84600 86.99740 11.09320
C 122.31500 88.07580 12.60120
H 119.40800 90.61820 10.89700
C 102.79100 97.28960 12.94350
C 103.74100 94.34360 12.89070
C 100.41800 95.10940 12.94870
C 99.18070 98.00950 12.82240
C 106.18800 96.56500 12.66360
C 108.39600 98.83550 12.58250
C 109.60500 95.92920 12.56350
C 107.36800 93.79660 12.84960
C 105.06700 99.52600 12.68500
H 116.93500 96.54760 11.02180
H 115.75500 99.45660 11.06350
C 111.76700 98.15910 12.57780
C 115.43400 97.57880 12.67870
C 113.10700 95.29190 12.68840
C 116.70600 94.57750 12.56490
C 121.10400 99.23630 12.63130
C 120.01100 93.99260 12.45160
C 123.60900 93.17680 12.23590
C 124.60000 98.32050 12.56470
C 122.39600 96.15790 12.49110
C 118.83400 96.94820 12.58770
C 102.58700 105.51300 10.14700
C 99.01520 106.27700 10.33820
C 100.21500 103.35100 9.95854
C 98.00280 101.00700 9.77092
C 103.89300 102.81300 9.78003
C 101.60800 100.47900 9.71991
H 98.38060 102.75800 11.56080
H 97.11700 105.63800 11.76360
H 101.94000 102.14800 11.26610
C 106.23600 104.97700 10.03220
C 109.68200 104.31000 10.05080
C 110.80100 101.39400 9.70284
C 107.30600 102.19400 9.66570
H 108.83100 100.76600 11.02590
H 105.43900 101.45800 11.11840
C 114.17200 100.63700 9.48676
C 112.95400 103.67700 9.80008
C 115.32400 105.88100 9.69298
C 116.38300 102.83200 9.49047
C 117.60500 99.86620 9.47697
C 118.89600 105.15600 9.44185
C 119.87400 102.12000 9.38474
C 122.27500 104.59000 9.27885
C 123.19400 101.68500 9.26286
H 123.80500 103.40100 10.84400
H 121.47500 101.05100 10.99490
H 120.47300 103.94400 10.94990
C 101.37600 108.47000 10.50660
C 98.03640 109.21100 10.47420
C 100.37400 111.53600 10.50980
C 103.65000 110.66200 10.24950
C 104.91600 107.78200 10.16310
C 109.56900 112.52400 10.36160
C 107.12700 110.27600 10.15340
C 108.41800 107.35100 10.09030
C 110.87800 109.56500 10.06790
C 111.99200 106.68000 9.87755
C 114.31300 108.83500 9.98768
C 113.19600 111.81600 10.32270
C 117.63100 108.12900 9.69220
C 116.46800 111.05900 10.03650
C 119.92700 110.55300 9.77955
C 121.02000 107.65400 9.45876
C 123.20800 109.91800 9.61068
C 124.35300 106.95500 9.24710
H 122.56800 106.39800 10.93740
C 98.10400 117.60400 10.50160
C 99.14460 114.64500 10.42650
C 103.86800 119.26300 10.21820
C 101.44100 116.89200 10.53620
C 102.62100 113.86200 10.27650
C 100.28300 119.93200 10.48160
C 106.07300 113.16800 10.14950
C 104.87000 116.15300 10.17620
C 107.20200 118.42200 10.09750
C 108.21300 115.47000 10.13370
C 110.59300 117.80200 10.13740
C 111.95000 114.76000 10.22400
C 114.36900 116.94200 10.63040
C 117.85600 116.36100 10.07970
C 115.52800 113.92900 10.18730
C 116.86300 119.34300 10.01020
C 122.20000 112.71500 9.89614
C 118.80100 113.36600 10.10610
C 120.12200 118.58900 10.00030
C 124.57200 115.02600 9.82954
C 123.38700 118.08500 9.94838
C 121.13500 115.65300 10.01760
C 97.81200 125.77300 10.46650
C 101.44500 125.06200 10.49600
C 99.05790 122.92000 10.46610
C 102.68200 122.18400 10.21300
C 105.05400 124.38200 10.17860
C 108.52300 123.82900 10.12270
C 109.70500 120.94300 10.26700
C 106.23000 121.30300 10.11590
C 110.81800 125.87100 10.16750
C 113.23200 119.90400 10.89890
C 112.21800 122.96800 10.50780
C 114.72800 125.46100 10.16390
C 118.11100 124.80800 10.07250
C 115.76900 122.43500 10.01320
C 122.42500 121.00700 9.95441
C 124.60300 123.08600 9.91028
C 121.36900 124.09900 10.07680
C 119.14700 121.70600 9.97265
H 124.91400 125.15200 11.46000
C 100.17600 128.05100 10.71620
C 99.07130 130.94000 10.84980
C 103.80400 127.33200 10.63350
C 102.50900 130.10800 10.98660
C 104.80400 132.54000 10.88430
C 108.22000 131.99100 10.69660
C 107.22800 126.79400 10.16960
C 109.56800 128.88600 10.35490
C 105.96100 129.72600 10.68250
C 113.24800 128.24100 10.33810
C 117.01200 127.72800 10.37420
C 115.65000 130.40800 10.52670
C 111.98900 131.26300 10.52780
C 125.18600 132.12700 10.79760
C 120.42600 127.04600 10.11670
C 121.49200 132.26900 10.60910
C 122.69400 129.33100 10.25790
C 119.19200 130.08500 10.41320
C 123.75000 126.26200 10.20500
C 100.45000 103.33900 13.01040
C 99.11950 106.21100 13.26380
C 103.97000 102.60700 12.80580
C 102.71600 105.52000 13.22400
C 98.09600 100.80200 12.91890
C 101.48900 100.20500 12.78720
H 100.73300 105.08100 11.69880
H 104.32900 104.47600 11.56630
C 107.31700 101.85400 12.79170
C 106.16300 104.87500 13.26750
C 109.68800 104.17800 13.10150
C 110.70800 101.23500 12.72500
H 111.28300 103.03500 11.60290
H 110.17100 106.01300 11.42670
H 107.68400 103.72400 11.62330
C 114.24900 100.48000 12.74010
C 113.29100 103.52400 12.97100
C 116.50700 102.76400 12.67220
C 115.61300 105.66200 12.85140
C 117.61400 99.88610 12.64720
H 112.38000 100.05200 11.11880
H 114.57900 102.37400 11.17260
H 113.59500 105.42300 11.41530
H 118.07300 101.70400 11.05290
H 116.99400 104.64700 11.03630
C 118.94300 104.91700 12.58400
C 120.01100 102.08100 12.61210
C 123.41500 101.51500 12.54060
C 122.35900 104.52300 12.53850
H 124.74000 100.44500 11.06470
C 101.57400 108.59100 13.44710
C 103.95500 110.85300 13.53680
C 100.42600 111.57500 13.63120
C 98.11810 109.22400 13.70670
H 104.19500 112.62000 11.71380
H 101.99300 110.32900 12.06530
H 99.50360 108.00200 12.10030
H 98.47100 111.00700 12.11880
H 103.08900 107.30800 11.80980
C 104.96900 107.84800 13.41670
C 108.59600 107.13200 13.09710
C 107.38200 110.07500 13.32520
C 110.82600 109.35100 13.17280
C 109.56900 112.49400 13.32100
H 107.54600 112.03200 11.90170
H 111.22400 111.23700 11.87650
H 106.54800 106.71500 11.75260
H 105.33700 109.59900 11.86160
H 108.86100 109.04900 11.48540
C 112.07200 106.45700 13.08390
C 117.85500 107.92800 12.88520
C 114.38000 108.52300 13.18450
C 113.22700 111.64400 13.35360
C 116.79900 110.72700 13.25840
H 115.89500 107.59500 11.38480
H 118.15200 109.82600 11.36470
H 114.83100 110.51100 11.79810
H 112.49400 108.35500 11.60070
C 124.52900 106.90100 12.45620
C 121.13600 107.36900 12.73720
C 119.95800 110.31600 13.00290
C 123.14300 109.91700 13.02350
H 121.43000 109.31000 11.26170
H 123.85200 111.57800 11.35110
H 124.68900 108.62400 11.31380
C 122.33100 112.55000 13.10380
H 120.40200 112.22900 11.59600
H 119.28400 106.92300 11.10560
C 99.23950 114.59100 13.56590
C 102.67600 113.73500 13.44430
C 101.65300 116.80100 13.62980
C 103.95300 119.15100 13.38160
C 98.00450 117.57700 13.75260
C 100.46200 119.72000 13.53970
H 98.39100 119.45300 12.13830
H 99.57070 116.43000 12.19780
H 103.19000 115.63700 12.00140
H 102.02900 118.61600 11.93650
H 97.37660 113.93600 12.01780
H 100.71200 113.32100 11.86420
C 105.97400 113.14100 13.43990
C 105.08800 116.22000 13.50980
C 108.36300 115.37100 13.29600
C 107.27300 118.46200 13.37350
C 110.65400 117.74200 13.32360
H 108.71000 117.25600 11.71310
H 105.40100 117.94800 11.76720
H 109.84700 114.29000 11.58090
H 106.42600 114.97900 11.78120
H 110.98000 119.47800 11.94880
H 117.09400 112.74300 11.81760
C 111.78200 114.55600 13.18270
C 115.59000 113.89000 13.42560
C 114.26200 116.91700 12.87940
C 118.03100 116.44500 13.38980
C 116.88100 119.43100 13.21940
H 116.21900 115.72500 11.78780
H 113.63500 113.51100 11.78220
H 118.40100 118.17700 11.65110
H 112.10600 116.48300 11.63290
H 115.31200 118.87700 11.82420
C 118.98500 113.34500 13.31570
C 124.62400 114.65800 13.19190
C 121.30000 115.60000 13.22110
C 120.23500 118.68300 13.23230
C 123.57200 118.01500 13.21330
H 124.85400 116.86600 11.78660
H 122.72600 114.49800 11.55340
H 121.63100 117.48500 11.63480
H 119.37200 115.18800 11.69260
H 97.12510 122.32100 12.00140
C 97.88850 125.68100 13.67110
C 99.11940 122.67900 13.50180
C 102.77100 122.12900 13.37530
C 101.57400 124.98500 13.44360
H 103.25800 123.93700 11.81770
H 104.32100 120.95500 11.69850
H 99.47220 124.67100 12.02850
H 100.80600 121.65500 11.88440
C 105.18300 124.21200 13.43000
C 106.17100 121.36000 13.32070
C 109.53100 120.76800 13.39970
C 108.45800 123.68800 13.28430
C 110.89200 125.93700 13.12160
H 110.03700 122.53800 11.74170
H 106.63800 123.17100 11.68850
H 107.75000 120.25400 11.72820
H 105.54700 126.12300 11.90290
H 108.81800 125.55600 11.64990
C 112.20700 122.85300 12.94780
C 114.64400 125.22400 13.21280
C 117.96600 124.56100 13.26390
C 113.24100 119.88400 12.69420
C 115.84900 122.29600 13.23500
H 112.65800 124.89600 11.58380
H 116.34000 124.20400 11.66640
H 114.19600 121.98200 11.75230
H 117.36100 121.22700 11.53970
C 119.15900 121.60900 13.21680
C 122.52900 120.85400 13.14580
C 124.62500 123.30400 13.26540
C 121.32800 123.95800 13.30300
H 119.58100 123.50500 11.64380
H 122.80200 122.80500 11.61930
H 121.80100 125.86600 11.78190
H 120.59100 120.45700 11.55440
H 124.01400 119.86900 11.43080
H 97.13740 130.53300 12.33570
C 98.94110 130.94800 14.00900
C 100.20500 127.90800 13.67300
C 103.95400 127.33300 13.46540
C 102.57400 130.08300 13.98490
H 100.55900 129.77100 12.49170
H 102.92800 132.04400 12.52200
H 99.47920 132.74700 12.41640
H 98.22260 127.59200 12.09330
H 101.86900 126.77300 12.11250
H 104.25400 129.11700 12.35530
H 107.69600 128.46600 11.97790
H 106.50300 131.41000 12.44300
H 111.22400 127.77800 11.81660
C 104.91000 132.53800 13.93970
C 106.30600 129.62900 13.78500
C 107.44700 126.56500 13.49460
C 109.69600 128.95700 13.53100
C 108.60600 132.03500 13.78210
H 109.95900 130.77700 12.00890
C 117.05100 127.48200 13.41810
C 115.62000 130.47500 13.64430
C 111.93500 131.26500 13.65070
C 113.22300 128.23100 13.40380
H 115.97100 132.28200 12.22050
H 117.40900 129.51700 12.06210
H 113.60300 130.06000 12.06150
H 115.01400 127.15600 11.87550
H 118.62700 126.48300 11.77960
C 121.64900 131.97300 13.63460
C 122.71400 129.14500 13.36180
H 119.63100 131.75500 12.25090
C 119.38100 129.76400 13.64190
C 123.64200 126.22800 13.39200
C 124.82900 131.13900 13.74070
H 124.16000 128.09600 11.84440
C 120.39800 126.97700 13.44400
H 120.79700 128.81000 11.80360
H 123.20000 131.09200 11.83270
C 128.91300 2.39415 10.17620
C 132.24200 3.14119 10.22940
C 130.02200 5.40712 10.32040
H 127.46200 133.18300 11.46170
C 126.00800 4.61741 11.07090
H 128.39100 4.28358 11.93870
C 133.48200 6.22600 10.21530
C 137.89800 1.66704 10.14740
C 135.68900 3.98699 10.08060
C 139.00700 4.63579 10.12270
C 136.73400 6.98997 10.21650
C 134.56900 132.86400 10.05910
H 137.46200 3.52251 11.74570
H 134.24400 2.79055 11.64760
H 135.30700 5.77958 11.82910
H 138.61000 6.49514 11.79780
C 141.63900 1.99866 10.82540
C 142.79900 4.92827 10.85580
C 145.36500 2.74187 10.09790
C 146.63200 5.57541 9.93816
H 143.91700 133.37000 11.65550
H 139.53300 133.06900 11.80910
H 140.66200 4.05457 11.81020
H 145.08100 4.38639 11.63110
H 141.89300 7.04115 11.80770
H 147.32300 2.11472 11.65170
C 151.50100 132.83700 10.02650
C 148.99200 3.13573 9.99982
C 150.07900 6.19135 9.93050
C 152.54800 3.97277 9.85453
C 153.58800 6.94506 9.80066
H 154.54500 3.47348 11.37080
H 151.04000 2.79972 11.50120
H 152.09800 5.78774 11.44650
H 148.67700 5.03362 11.39520
C 127.84900 7.49376 10.15000
C 131.20500 8.60667 10.18300
C 128.85900 10.67240 10.36080
C 132.23800 11.53920 10.34980
C 129.93900 13.66620 10.27810
C 126.12900 12.75160 11.18860
C 134.47400 9.35036 10.15720
C 138.00400 10.06990 10.16630
C 135.72900 12.38370 10.39000
C 139.24300 12.97380 10.22480
C 140.18400 7.58058 10.20240
C 142.53700 13.49400 10.09340
C 141.26800 10.50960 10.14340
C 143.98000 7.86179 10.72500
C 145.22100 10.83830 10.76390
H 146.32500 7.30714 11.51170
H 147.47000 10.28860 11.74180
H 143.06700 9.93251 11.70270
H 144.29700 12.92100 11.70940
H 141.09900 12.35560 11.77590
H 139.77500 9.45423 11.83380
C 147.93200 8.58754 10.00570
C 151.30800 9.16718 10.05790
C 149.05600 11.60920 10.17510
C 152.41400 12.16740 9.96315
H 153.26700 8.70937 11.52060
H 154.30200 11.60810 11.46670
H 151.01500 10.98520 11.76440
H 149.80200 8.03101 11.67100
H 148.70800 13.30750 11.60960
C 130.95700 16.88410 10.27420
C 127.61100 15.88720 10.17930
C 128.62000 19.01740 10.49580
C 132.17100 19.74050 10.58610
C 133.24400 14.52690 10.32010
C 137.02200 15.32270 10.30570
C 134.55900 17.50050 10.34270
C 138.36900 18.16650 10.29990
C 135.90300 20.38190 10.42120
C 146.41300 13.82530 10.71130
C 140.40300 15.95850 10.21650
C 141.54800 18.90910 10.25350
C 143.89700 16.57300 10.16870
C 145.09600 19.51450 10.30520
H 145.51100 15.94550 11.72030
H 152.16800 13.95370 11.66210
C 147.68100 16.89170 10.93840
C 150.27300 14.58560 10.14130
C 153.70300 15.12960 10.16130
C 151.38100 17.39650 10.25710
C 148.72900 19.86570 10.78040
C 152.59300 20.48900 10.06370
H 151.00100 19.15530 11.57040
H 153.27800 16.87330 11.91920
H 149.88100 16.23150 11.96570
H 154.34200 19.78790 11.85400
C 129.77400 21.87010 10.52750
C 127.55500 24.11740 10.34090
C 130.91600 24.98420 10.47560
C 125.92000 21.00030 11.24150
C 137.00500 23.56890 10.24080
C 133.35500 22.74630 10.65870
C 134.66300 25.66450 10.51500
C 138.01200 26.67690 10.43860
C 139.28000 21.21500 10.21570
C 140.36400 24.35880 10.37960
C 143.88600 24.90540 10.21510
C 142.72700 21.95870 10.29520
C 145.99600 22.58140 10.23310
C 141.56300 27.10920 10.62440
C 153.67100 23.50200 10.01430
C 149.76000 22.85260 10.75570
C 147.23000 25.41960 10.30150
C 151.12600 25.78110 10.97000
C 129.71600 30.17550 10.83620
C 132.16700 27.94210 10.68660
C 125.89400 28.93990 11.41230
C 128.62300 27.24390 10.54520
C 127.46600 32.07860 10.64030
C 130.93300 33.16640 10.97240
C 133.32800 30.85070 10.83720
C 136.92900 31.61380 10.72490
C 135.74100 28.65160 10.70620
C 139.31800 29.42580 10.80070
C 140.55000 32.42120 10.71880
C 142.83500 30.09320 10.59210
C 145.10200 27.84540 10.31280
C 144.04300 32.89020 10.41410
C 146.34800 30.68840 10.36680
C 147.52200 33.53460 10.38910
C 153.75100 31.72090 10.80190
C 152.42100 28.78700 10.88860
C 148.51200 28.38220 10.27620
C 149.73500 31.27700 10.27900
C 128.79600 2.55757 13.42660
C 132.43300 3.16643 13.38160
C 130.07800 5.45772 13.44880
C 126.13300 4.73965 13.00310
H 125.98800 6.98566 11.79540
H 132.04600 5.08170 11.87880
H 130.81000 2.02377 11.88660
C 133.44300 6.28475 13.45220
C 137.75700 1.65126 13.35540
C 135.65100 3.94273 13.40310
C 139.03800 4.55523 13.39900
C 136.75200 7.07844 13.38910
C 134.56500 132.91300 13.29210
C 141.70600 1.94057 12.64400
C 142.82600 4.93365 12.66480
C 145.47000 2.65299 13.25380
C 146.82000 5.50086 13.08270
C 149.06000 3.18923 13.05600
C 150.20400 6.22501 13.08880
C 152.71800 3.93929 13.00790
C 153.76500 6.76133 13.02190
C 151.49200 133.07300 12.93910
C 127.82700 7.80318 13.33030
C 131.28700 8.46359 13.51000
C 132.29100 11.45360 13.50790
C 128.91100 10.69030 13.54300
C 126.18300 12.84490 12.90380
H 131.71800 13.32420 11.94060
H 130.79900 10.29100 11.94750
H 128.44400 12.58050 11.98760
H 127.64500 9.66292 11.51540
H 129.76600 7.35005 11.83020
C 134.59500 9.20043 13.45200
C 137.92700 9.99709 13.43260
C 135.79800 12.26080 13.38100
C 139.34300 12.82820 13.43170
H 133.04000 8.10168 11.78970
H 134.13800 11.08120 11.92650
H 135.33200 14.09530 11.72940
H 137.71100 11.85660 11.87690
H 136.40900 8.89522 11.71410
C 140.14900 7.59691 13.42950
C 141.43100 10.46670 13.40040
C 142.75100 13.49770 13.29890
C 144.11900 7.84766 12.55870
C 145.19600 10.78440 12.64280
C 146.45800 13.79200 12.54780
C 147.82500 8.61211 13.21640
C 151.45400 9.06112 13.23630
C 149.12400 11.46530 13.29820
C 152.62000 12.09500 13.24560
C 129.82800 13.78480 13.52810
C 131.03400 16.64600 13.53730
C 127.70900 16.06030 13.45280
C 128.67700 19.07640 13.65790
C 132.13100 19.74000 13.65320
H 125.94600 15.13730 11.89680
H 129.53200 15.57570 11.80600
H 130.55800 18.54440 12.05560
H 127.47700 17.95640 11.71010
C 133.48600 14.39400 13.38880
C 137.00000 15.09720 13.29550
C 134.60500 17.44480 13.35600
C 138.20800 18.07910 13.48240
H 134.20600 19.32810 12.11310
H 132.87400 16.27710 11.82030
H 137.88900 20.03820 11.94740
H 136.62000 17.06800 11.74100
C 135.97000 20.49780 13.53640
H 139.01200 14.76980 11.86390
H 140.16700 17.75210 11.98200
C 140.60400 15.73950 13.45880
C 141.68000 19.03470 13.51820
C 143.78400 16.46240 13.36920
C 144.86500 19.52930 13.52850
H 141.12100 20.79960 11.85850
H 142.29200 15.36600 11.67780
H 143.36700 18.41400 11.83750
H 146.63700 18.91600 11.87820
C 147.61900 16.79350 12.83380
C 150.26600 14.51220 13.27980
C 153.67900 15.02920 13.36620
C 151.37300 17.47280 13.45660
C 148.78100 19.76190 12.69150
C 152.37700 20.33470 13.35670
C 125.85700 21.01970 12.93930
C 129.70700 22.00310 13.70600
C 127.67600 24.38840 13.75780
C 130.99800 25.02690 13.50980
H 131.66700 21.55350 12.21260
H 126.01600 23.33260 12.18890
H 130.49700 26.77060 12.14650
H 128.20700 20.91370 12.07400
H 129.34800 23.80520 12.01570
H 127.34600 26.12890 11.93340
C 139.35300 21.29130 13.53330
C 137.15500 23.51720 13.55090
C 134.62500 25.63930 13.43780
C 133.59100 22.63230 13.43410
C 138.03700 26.45760 13.77320
H 135.63300 22.33720 11.88600
H 136.68600 25.37340 11.97920
H 132.89400 24.49710 11.88310
H 138.85300 23.03370 11.84610
H 139.84900 26.07860 12.08390
C 143.88700 24.86050 13.53620
C 146.28900 22.52580 13.49270
C 140.40700 24.19070 13.42720
C 142.67400 22.02980 13.44010
C 141.67000 27.00810 13.54760
H 143.63000 26.70360 11.92600
H 142.33100 23.84570 11.81790
H 144.56700 21.38640 11.94230
H 145.66700 24.38980 11.89900
H 146.93600 27.30100 11.86750
C 147.33700 25.43550 13.50480
C 151.16600 25.80110 12.85490
C 149.84800 22.82340 12.79030
C 153.79700 23.25260 13.27250
H 147.73800 21.90480 11.84290
H 153.43000 25.12130 11.94210
H 148.98400 24.94050 11.99230
H 152.06000 22.17790 11.56840
H 129.14500 32.02140 12.48550
C 127.06600 32.93520 13.58510
C 125.84400 29.02580 13.21090
C 130.91000 33.20600 13.82190
H 131.71000 29.74530 12.39700
C 132.12400 28.01480 13.71190
C 128.71000 27.36290 13.78920
C 129.58500 30.31920 13.83800
H 128.14600 29.04580 12.24670
H 125.82200 31.23600 12.35750
H 134.14900 27.45430 12.22210
H 133.00300 32.75250 12.48910
C 136.91800 31.54610 13.86290
H 136.54400 33.32630 12.08820
H 138.91500 31.22270 12.35970
H 137.62400 28.32240 12.27680
C 133.37400 30.99010 13.96010
C 135.73700 28.54960 13.87150
C 139.32200 29.35660 13.85170
H 135.30400 30.43440 12.34500
H 141.31400 28.96910 12.31510
C 144.16200 33.12420 13.72200
C 146.44800 30.69720 13.61100
H 144.83200 29.63390 12.00620
H 145.88400 32.51670 12.03190
C 145.17800 27.76850 13.56900
H 142.56300 31.94480 12.21320
C 143.07600 30.10620 13.74830
C 140.64400 32.31820 13.76650
H 151.61100 30.87340 11.81850
H 148.16600 30.26830 11.90910
C 152.44900 28.74630 12.81390
C 147.71600 33.54210 13.41350
C 149.90600 31.23560 13.43070
C 153.72500 31.71920 12.74880
C 148.58100 28.33560 13.45490
H 153.05600 33.84300 11.65500
H 149.54600 33.13180 11.83840
H 154.74200 28.10180 11.85380
H 150.25600 27.89630 11.85780
C 128.68900 35.61190 10.58950
C 132.16300 36.16210 10.51260
C 129.88400 38.43390 10.54280
H 127.47900 34.55670 11.55260
C 126.02300 37.53870 11.47700
H 128.35400 37.48970 12.22180
C 134.46600 33.86990 10.67700
C 133.38100 39.15560 10.73880
C 138.17200 34.58620 10.65570
C 135.88300 36.94770 10.91690
C 139.33900 37.73670 10.69160
C 136.93000 40.03580 10.98180
C 141.64400 35.45650 10.51680
C 142.53000 38.44230 10.41300
C 145.18300 36.03000 10.39090
C 146.50000 38.83460 10.87680
C 148.82600 36.55120 10.24870
C 150.04000 39.43180 10.27440
C 152.48400 36.97770 10.18230
C 153.57900 39.93060 9.99329
C 151.17000 33.98880 10.10600
C 127.69100 40.47290 10.46310
C 131.15800 41.48310 10.59070
C 128.71000 43.75070 10.69910
C 132.11000 44.45160 10.56130
C 126.04500 45.88270 11.32470
H 127.45200 42.65330 11.93300
C 134.47800 42.19940 10.73950
C 138.11700 42.98000 10.70760
C 135.75400 45.18690 10.51510
C 139.21000 45.99910 10.26760
C 140.29200 40.69880 10.57770
C 141.38000 43.63900 10.34760
C 143.79500 41.29450 10.34290
C 144.92900 44.25530 10.13780
C 142.58000 46.68580 10.18870
C 146.04300 47.33730 10.15660
C 147.58500 41.80990 10.72910
C 151.20600 42.43110 9.98205
C 148.63300 44.83630 10.63990
C 152.35100 45.30200 9.81307
C 129.69600 46.71330 10.62220
C 127.67000 48.83720 10.49320
C 131.06400 49.57360 10.69910
C 128.76000 51.90600 10.45830
C 132.16200 52.50970 10.37950
C 133.13100 47.40090 10.53730
C 136.79100 48.27340 10.34370
C 134.42900 50.33970 10.55810
C 138.05400 51.17620 10.33530
C 135.66200 53.33500 10.45030
C 140.46000 49.00610 10.21280
C 141.40900 51.91150 10.23900
C 143.73700 49.63080 10.17430
C 144.93600 52.59820 10.01610
C 147.10300 50.22620 10.05810
C 149.76300 47.72600 10.69140
C 153.42800 48.29310 9.90819
C 150.93900 50.66360 10.82570
C 148.41800 53.20720 10.11230
C 152.13600 53.48550 10.77300
H 154.38800 53.07050 11.67680
C 126.12400 53.79410 11.05120
C 129.87300 54.88520 10.29050
C 127.64700 57.07070 10.20340
C 131.03700 57.78680 10.05110
C 136.74800 56.29070 10.27940
C 139.16100 54.21660 10.20630
C 133.38500 55.43060 10.34370
C 137.91600 59.30990 10.04770
C 134.41800 58.50390 10.08730
C 143.81800 57.74110 9.91916
C 142.53700 54.73310 10.14870
C 140.28900 57.15880 10.09060
C 146.16400 55.55040 9.96258
C 141.42100 59.98020 9.90927
H 139.83800 59.02280 11.62170
H 145.75300 57.45810 11.53300
H 143.40200 59.70920 11.36310
C 153.29200 56.38080 10.55500
C 149.54800 56.10060 9.92598
C 150.72700 58.92710 9.66078
C 147.28800 58.46750 9.80586
H 146.91600 60.37700 11.32880
H 152.38200 58.58010 11.09200
H 149.14100 58.06290 11.41530
H 151.18700 55.65390 11.58670
C 128.79800 60.26120 9.96589
C 132.07600 60.74300 9.83602
C 129.71400 63.06450 9.81106
C 127.68000 65.24130 9.58077
C 125.96900 62.23700 10.77330
C 130.95200 66.03900 9.57642
H 129.46600 65.02730 11.27020
H 131.63000 62.68590 11.30120
H 126.09100 64.66450 11.46560
H 128.26700 62.09520 11.58130
C 136.76500 64.43560 9.64947
C 133.23000 63.70750 9.66213
C 135.65300 61.44250 9.87675
C 139.12700 62.37390 9.95352
H 132.73700 65.59010 11.24250
H 138.77600 64.15230 11.22330
H 135.05800 63.40120 11.29570
H 136.32700 66.33230 10.88930
H 133.94600 60.40530 11.43150
H 137.51300 61.20380 11.60050
C 145.01200 60.71790 9.73316
C 143.85200 65.96710 9.45692
C 142.68300 62.92200 9.66001
C 140.42700 65.32040 9.62802
C 146.19700 63.64680 9.55353
H 144.65900 62.65310 11.23070
H 142.42200 64.86270 11.22200
H 145.80100 65.59550 10.98220
H 141.20200 61.93190 11.43700
H 150.34100 60.96340 11.13100
C 147.28600 66.75850 9.32541
C 151.70000 62.08120 9.34776
C 149.61700 64.31970 9.33635
C 148.44900 61.38110 9.61966
H 151.50300 63.98290 10.98000
H 153.50500 61.53620 10.78810
H 152.60300 66.96830 10.82080
H 148.15100 63.36500 11.05400
H 149.20000 66.25310 10.84860
C 152.98900 65.00290 9.29911
C 128.75000 35.69680 13.62760
C 132.10600 36.18040 13.80050
C 129.85200 38.52970 13.79170
C 126.11000 37.58890 13.33000
H 126.12800 39.88320 12.32240
H 130.65200 35.03140 12.10130
H 131.69900 38.00800 12.18120
C 133.04800 39.09610 13.98380
C 138.17400 34.62990 13.72110
C 135.73400 36.87260 13.85350
C 139.61000 37.67350 14.01230
C 137.03700 39.87910 13.99320
C 134.76200 33.88790 13.84030
H 135.19600 38.78120 12.59690
H 137.94600 36.46150 12.45700
H 139.01600 39.51030 12.43250
H 134.01200 35.75600 12.20480
H 140.17700 34.14680 12.11860
C 141.78000 35.21970 13.67310
C 142.87000 38.46870 13.70410
C 145.35700 36.07880 13.37560
C 146.48800 38.91290 12.90180
H 142.26500 40.24560 12.04640
H 143.61500 34.85440 11.98850
H 141.27900 37.20080 12.19240
H 144.43100 37.88250 11.92970
H 147.22700 35.35390 11.77650
C 148.99100 36.47920 13.30140
C 150.31300 39.50150 13.42620
C 152.43700 37.01030 13.20090
C 153.67600 40.06490 13.17110
C 151.31000 34.14260 13.28640
H 148.70400 38.24690 12.10760
H 152.06000 38.88740 11.70440
H 150.80200 35.92310 11.61600
H 154.39000 36.66970 11.72900
C 125.99000 45.82050 13.19960
C 127.85300 40.85510 13.84260
C 130.94400 41.48120 13.87020
C 132.18000 44.43620 13.75900
C 128.80300 43.74000 13.89520
H 131.63000 46.22400 12.17780
H 128.32300 45.65520 12.32820
H 130.65500 43.28440 12.22090
H 129.58800 40.37000 12.11320
C 134.51100 42.16070 13.81450
C 138.23700 42.91890 13.76970
C 135.76500 45.09560 13.52090
C 139.36100 46.00780 13.50540
H 132.85900 40.97340 12.36610
H 136.50800 41.75820 12.34680
H 134.03300 44.00170 12.06630
H 137.78400 44.75790 12.01580
C 140.52400 40.64160 13.81540
C 141.68900 43.65950 13.58750
C 143.82600 41.46810 13.49530
C 144.89900 44.41200 13.33200
C 142.67400 46.67830 13.40200
H 144.43000 46.18090 11.67520
H 140.13600 42.52430 12.20790
H 145.50600 40.89490 11.76470
H 143.35900 43.21320 11.79920
H 141.14300 45.47380 11.83300
H 146.56700 43.84150 11.64790
C 147.61500 41.77940 12.64540
C 151.38000 42.43080 13.16780
C 148.68900 44.67900 12.45280
C 152.38800 45.41780 12.98130
H 149.79300 41.16880 11.64360
H 150.86900 44.10650 11.40250
H 147.67700 46.85330 11.72810
H 154.27200 44.79770 11.35470
H 152.01600 47.11080 11.57110
H 153.10700 41.81070 11.50150
C 129.85800 46.75610 13.87400
C 130.99700 49.85180 13.80060
C 127.69900 49.33950 13.89910
C 128.81600 52.22470 13.73590
C 132.25900 52.71450 13.61770
H 126.12200 48.17540 12.37260
H 130.65100 51.55020 12.12440
H 129.45100 48.60820 12.26810
H 127.50100 50.95380 11.90160
C 133.30800 47.46120 13.61320
C 136.90900 48.29580 13.35840
C 134.58500 50.46660 13.68420
C 138.07900 51.31680 13.57600
H 134.07600 52.23250 11.97520
H 137.73100 53.07300 11.87400
H 132.94600 49.23240 12.31330
H 135.21000 46.97470 11.84830
H 138.86300 47.76970 11.75520
H 136.51100 50.12430 12.03150
C 135.76100 53.45070 13.47600
C 145.90900 47.32910 13.37440
C 140.38200 48.84710 13.49230
C 141.61000 51.94230 13.42820
C 143.82300 49.74390 13.42570
C 144.93400 52.74460 13.22160
H 139.93400 50.76300 11.93790
H 143.40200 51.51620 11.70790
H 142.23700 48.52820 11.86510
H 145.57200 49.19390 11.78970
H 140.99000 53.79110 11.90580
H 146.74500 52.21170 11.55870
C 147.15500 50.45230 13.29270
C 149.84400 47.68310 12.60570
C 153.61300 48.47330 13.08300
C 151.00900 50.64010 12.69250
C 148.34900 53.31840 13.29940
H 148.82700 49.78970 11.67750
H 153.18800 50.10020 11.64490
H 150.05900 52.74240 11.93280
C 152.20200 53.73200 12.72350
C 126.11800 54.05120 12.84190
C 129.90700 55.02640 13.53410
C 127.69800 57.17280 13.45910
C 130.99100 58.10440 13.37310
H 127.42300 59.10790 11.83890
H 128.40400 53.89180 11.96090
H 126.11100 56.21590 11.71860
H 129.59900 56.80320 11.83920
H 131.74700 54.44210 11.90960
H 130.56900 59.75160 11.53860
C 139.14500 54.39930 13.49650
C 133.20100 55.72450 13.49040
C 136.95600 56.51500 13.43440
C 134.37700 58.67950 13.17730
C 137.99000 59.40260 13.24250
H 136.37400 58.25090 11.71460
H 135.25700 55.26200 12.07720
H 132.80700 57.40020 11.74470
H 138.75300 56.10420 11.80490
C 141.56000 60.21340 13.05720
C 143.88200 57.92450 13.05960
C 146.08700 55.65760 13.16940
C 142.73500 55.03290 13.28770
C 140.38500 57.33910 13.24600
H 144.53400 54.54740 11.55340
H 142.22000 56.78210 11.56780
C 153.33100 56.67590 12.34370
C 150.74200 59.26850 12.85440
C 149.41600 56.33640 13.16310
C 147.37200 58.60340 13.03960
H 147.95100 55.13520 11.60960
C 127.65700 65.62760 12.89910
C 126.00300 62.39310 12.53270
C 130.97800 66.26620 12.84630
C 128.59700 60.10390 13.06320
C 129.71900 63.16110 12.90060
C 132.08900 60.97830 13.03380
C 135.54800 61.61850 13.01610
C 136.78100 64.58520 12.69000
C 139.23300 62.40270 12.93720
C 133.14700 63.88390 12.90670
C 144.01400 66.04870 12.69610
C 146.31500 63.81380 12.68640
C 142.82900 63.06700 12.91110
C 140.43700 65.31330 12.67140
C 144.99500 60.84070 12.87540
C 149.76600 64.49470 12.58050
C 148.59000 61.58350 12.74670
C 152.00800 62.16140 12.59530
C 153.15100 65.15590 12.48630
C 147.43400 66.74590 12.52620
C 128.55700 68.34700 9.65394
C 131.99800 68.95870 9.40414
C 129.75600 71.16600 9.48799
C 125.96400 70.54270 10.23800
H 127.39300 67.40080 10.96820
H 125.95900 72.88300 11.11390
H 128.20200 70.36180 11.20010
H 131.73100 70.87020 11.00240
H 130.55700 67.94070 11.08970
C 134.17800 66.72990 9.46449
C 133.35900 71.87720 9.48733
C 138.01200 67.61690 9.32948
C 135.53700 69.85500 9.38452
C 139.33200 70.51060 9.21280
C 136.76400 72.71660 9.58869
H 135.21000 71.55780 11.20590
H 138.83800 72.27510 10.99080
H 137.65500 69.37420 10.65990
H 133.95200 68.54930 10.86190
C 141.65600 68.34620 9.29921
C 142.89300 71.42760 9.39975
C 144.95400 69.16020 9.46721
C 146.00300 72.01560 9.39767
H 144.59500 70.88450 11.23090
H 142.26400 73.16810 10.92880
H 140.07400 67.12640 10.90540
H 141.25100 70.16590 10.83590
H 143.51300 67.87430 11.00540
H 146.82600 68.56550 10.97490
C 150.75900 67.31550 9.17063
C 148.36900 69.62680 9.20796
C 149.46500 72.47860 9.12125
C 151.91700 70.32540 9.03192
C 153.04500 73.39560 9.06575
H 148.02000 71.44700 10.84480
H 151.46300 72.20130 10.59200
H 153.71300 69.97020 10.67180
H 150.31300 69.21940 10.66190
H 129.56200 73.17380 10.98030
C 127.71600 73.41440 9.34846
C 131.10500 74.25520 9.33683
C 128.73100 76.51750 9.46907
C 132.13600 77.24120 9.30295
C 126.25500 78.53780 9.92592
H 127.55000 75.54500 10.81290
H 130.75600 76.11730 10.97450
H 131.83100 79.12040 10.92920
H 128.49000 78.49820 11.01730
C 129.94500 79.43810 9.32783
C 134.43200 74.94890 9.34800
C 137.98000 75.89600 9.57659
C 135.68900 77.97270 9.39190
C 139.15500 78.84890 9.27328
H 136.25400 74.68610 11.11180
H 132.91800 73.81960 10.97550
H 134.02100 76.88150 10.87380
H 137.63200 77.64470 10.90760
H 135.17500 79.82240 10.96380
C 140.31700 73.56300 9.41373
H 139.97100 75.38130 11.13360
C 142.80300 79.46380 9.06577
C 141.39700 76.58820 9.36369
C 143.80400 74.34110 9.24693
C 145.13100 77.12440 9.07227
H 145.83400 73.81970 10.67480
H 141.25700 78.38250 10.66680
H 143.51200 76.07100 10.68280
H 144.69900 79.01620 10.55090
C 146.34600 80.12390 9.02282
H 146.97800 76.77040 10.70160
C 147.37000 74.90460 9.07578
C 150.70700 75.58510 9.21660
C 148.57900 78.01300 9.17831
C 151.95600 78.48700 9.32419
H 150.34200 77.33860 10.89370
H 154.00600 78.08280 10.78270
H 152.62300 75.13830 10.73120
H 148.24800 79.74510 10.59010
H 149.13200 74.39140 10.69770
H 151.67300 80.29350 10.68350
C 131.10500 82.43880 9.11155
C 127.87800 81.49540 9.03051
C 128.67300 84.77350 9.04876
C 132.24600 85.46250 8.97253
H 127.29700 83.63090 10.46370
H 130.69600 84.38500 10.54760
H 129.57400 81.43680 10.80680
H 126.28900 80.79440 10.84330
C 133.33500 80.21050 9.28448
C 136.88600 80.95620 9.47886
C 134.59900 83.19730 9.27594
C 138.39100 84.09740 9.41305
H 137.91500 85.82440 10.69590
H 138.98800 80.66960 10.92740
H 136.62100 82.84100 10.85820
H 132.88500 82.09900 10.78690
H 134.14300 85.01720 10.56500
C 135.86400 86.29570 9.16689
H 140.32200 83.65710 11.03790
C 140.55300 81.81400 9.35786
C 141.76300 84.61760 9.28699
C 144.09000 82.33270 9.14287
C 145.38000 85.40840 9.15475
H 146.00900 81.90640 10.69780
H 141.56500 86.58280 10.80210
H 142.61700 81.35400 10.64310
H 143.81200 84.29830 10.70860
H 147.10300 84.91560 10.81420
C 147.46500 83.14670 9.08101
C 149.85500 80.80300 9.04245
C 153.27800 81.44820 9.05392
C 151.02600 83.66690 9.15854
C 148.84600 85.98770 9.33016
H 154.28100 86.25760 10.60200
H 150.83100 85.45270 10.86390
H 149.33600 82.63800 10.59970
H 153.09300 83.25160 10.49340
C 152.23200 86.62860 9.19163
C 126.05500 87.03090 9.90035
C 130.00500 87.72700 9.07628
C 127.84100 89.89550 8.93677
C 131.19300 90.97090 9.02702
H 131.92900 87.35330 10.61230
H 127.69400 92.09760 10.37420
H 130.84900 92.69560 10.82550
H 129.73900 89.64970 10.64620
H 128.40500 86.69660 10.74280
H 126.00800 89.38100 10.52360
C 139.63300 87.06850 9.24500
C 133.41100 88.50420 8.93566
C 138.65500 92.17610 9.17448
C 134.71700 91.45680 9.12960
C 137.24100 89.31520 9.10527
H 135.37900 88.05860 10.50860
H 136.84100 90.98190 10.57260
H 139.21900 88.79300 10.69770
H 132.91600 90.34730 10.57870
H 140.52800 91.75740 10.83900
C 140.82000 89.95810 9.12766
C 142.11900 93.01260 9.21268
C 144.23100 90.63140 9.09468
C 146.56200 88.31090 9.18042
C 143.07100 87.62860 9.13132
H 146.24900 90.07690 10.41600
H 144.90400 87.21090 10.77040
H 144.08400 92.50330 10.76310
H 142.70900 89.53150 10.71910
H 147.44300 93.06300 10.78820
C 147.82800 91.23100 9.04952
C 150.17100 89.02900 9.10050
C 153.66500 89.67820 9.21356
C 151.30200 92.13700 9.15766
H 153.22100 91.33440 10.63080
H 149.71200 90.75890 10.62920
H 148.57700 87.77860 10.64760
H 151.98300 88.46370 10.78520
C 126.18100 95.29540 9.89378
C 128.92300 93.05200 9.25000
C 131.09200 99.27490 8.99928
C 132.11200 93.89400 9.01935
C 129.97300 96.08010 9.06325
C 127.77400 98.28130 9.05838
H 131.84500 95.74000 10.67890
H 129.70200 98.04160 10.65580
H 128.50000 95.07590 10.77250
H 126.08700 97.71880 10.60500
H 132.91800 98.77330 10.54010
C 136.01500 94.42800 9.60153
C 137.03700 97.35480 9.49133
C 139.79400 95.27820 9.00801
C 133.14500 96.92710 8.91996
H 139.33900 96.92330 10.36340
H 138.24300 93.91230 10.55940
H 133.94600 93.36260 10.47540
H 136.18700 99.46490 10.46020
H 134.96200 96.48660 10.50860
C 143.23800 96.03130 9.12733
C 144.50900 98.98490 9.00938
C 145.66200 93.58150 9.09682
C 146.65900 96.67240 8.88941
H 145.28600 95.43600 10.58420
H 146.32100 98.43250 10.62960
H 141.68800 94.69740 10.62350
H 142.89500 97.73800 10.46310
C 140.94500 98.21340 8.86120
C 152.66700 94.85520 9.07085
C 149.01900 94.26290 9.13790
H 154.68000 94.24000 10.50890
C 147.83300 99.68260 9.03399
C 150.30800 97.32540 9.28958
H 150.98800 93.72890 10.75330
C 154.06600 97.77100 8.97976
H 152.45500 96.60910 10.50830
H 149.46800 99.17610 10.71770
H 148.47900 96.05320 10.42230
H 153.78600 99.54410 10.76350
C 128.84900 68.57390 12.76760
C 132.21600 69.03640 12.58830
C 129.87200 71.37160 12.66090
C 125.95300 70.62410 12.15930
C 134.48100 66.84970 12.56360
C 133.25600 72.04300 12.67660
C 138.00300 67.50720 12.31740
C 135.70400 69.75840 12.32000
C 139.18600 70.51310 12.38580
C 136.86200 72.94090 12.56030
C 141.52900 68.32820 12.55150
C 142.62500 71.29430 12.60610
C 145.02000 68.94570 12.69820
C 146.15600 72.08510 12.46100
C 148.57200 69.63160 12.39540
C 149.68500 72.54980 12.30060
C 151.82400 70.38180 12.23060
C 152.98700 73.29100 12.24190
C 150.77700 67.42110 12.36060
C 126.17500 78.54460 11.85550
C 127.73600 73.72080 12.63010
C 131.08300 74.31890 12.57910
C 132.28100 77.31270 12.54870
C 128.96700 76.74070 12.61430
C 130.01200 79.66510 12.54260
C 134.28400 75.09560 12.61670
C 137.97900 75.83070 12.61800
C 135.61700 78.09520 12.41310
C 139.33100 78.97750 12.31220
C 140.35000 73.74830 12.52660
C 141.68900 76.63250 12.36310
C 142.88800 79.47280 12.20400
C 143.97100 74.27290 12.32720
C 145.07500 77.18840 12.25080
C 147.31200 74.93640 12.30540
C 150.73700 75.60460 12.33020
C 148.40600 77.95550 12.34010
C 152.09600 78.34300 12.29810
C 131.09900 82.70490 12.37400
C 127.80600 81.98200 12.42190
C 128.83700 84.99640 12.19430
C 132.24400 85.42200 12.17800
C 133.28100 80.36360 12.49760
C 136.94400 80.95980 12.39310
C 134.54600 83.26360 12.29080
C 138.24200 84.05440 12.38680
C 135.83200 86.14980 12.09170
C 146.29800 80.07220 12.21090
C 140.78100 81.79220 12.34470
C 142.08300 84.78940 12.42060
C 144.17300 82.44440 12.27320
C 145.27700 85.38520 12.40260
C 147.58600 83.01470 12.29910
C 149.79100 80.77800 12.20000
C 153.40400 81.36830 12.11480
C 151.11100 83.67020 12.07910
C 148.84600 85.90190 12.29250
C 152.50000 86.62850 12.30670
C 130.11100 87.81730 12.26590
C 127.78000 90.21000 12.13340
C 131.16900 90.79270 12.33740
C 126.19400 87.14030 11.69540
C 139.50900 86.84610 12.28860
C 133.50300 88.50300 12.19180
C 137.16700 89.05610 12.14020
C 134.69900 91.45740 11.90700
C 138.48300 92.06230 12.19500
C 143.06000 87.72750 12.40620
C 144.44900 90.62710 12.18190
C 140.77800 89.87620 12.34140
C 146.64700 88.27820 12.15130
C 142.13400 92.97260 12.29430
C 147.72100 91.32930 12.11820
C 150.07100 88.92170 12.31340
C 153.69300 89.48350 12.26390
C 151.38400 91.76580 12.24950
C 130.04900 96.26840 12.33530
C 132.35100 93.92830 12.31850
C 128.94700 93.28610 12.36470
C 127.80400 98.53470 12.22610
C 126.21000 95.48840 11.75020
C 131.19900 99.28880 12.24770
C 137.11800 97.42260 11.39270
C 133.51900 96.95850 12.15430
C 139.75200 95.14940 12.10790
C 135.99100 94.46300 11.44840
C 140.90400 98.01700 11.96360
C 145.60900 93.69830 12.38720
C 143.34200 95.88760 12.06590
C 144.37700 98.88350 12.16010
C 146.77700 96.64540 12.21060
C 152.86000 94.69370 12.18140
C 154.08500 97.75760 12.17010
C 150.31500 97.15620 11.79140
C 149.04200 94.31400 12.18450
C 147.87200 99.58840 12.25000
C 128.69400 101.45700 9.25454
C 132.27400 102.25500 9.24537
C 129.99300 104.40500 9.25855
C 126.12700 103.54600 9.89807
H 127.63400 100.45000 10.50960
H 131.84700 104.03800 10.91720
H 130.72700 101.08000 10.69640
H 128.40000 103.43800 10.82530
H 126.14600 105.90700 10.68320
C 134.34900 100.05300 8.95800
C 138.27500 100.42900 9.51704
C 135.62700 102.92100 9.16365
C 139.42200 103.44300 9.55992
C 136.78600 105.95000 9.25117
C 133.45100 105.17400 9.33821
H 138.55300 105.50500 10.54170
H 134.13200 101.74500 10.75720
H 137.32600 102.42900 10.60070
H 135.24300 104.69500 10.89230
H 140.59400 99.93920 10.36450
C 142.17100 101.49300 9.05047
C 143.20900 104.41500 8.99366
C 145.57000 101.90100 9.01332
C 146.60100 104.96500 9.10577
H 144.03100 100.76400 10.65540
H 142.73800 105.99500 10.64530
H 141.69800 102.99700 10.48310
H 145.07400 103.74200 10.60420
H 147.32800 101.48700 10.69520
C 151.58700 100.09100 9.80981
C 148.80500 102.68800 9.06758
C 149.96500 105.60800 9.17345
C 152.67300 103.10200 9.89624
C 153.72700 106.10800 9.87110
H 151.65500 105.12600 10.85490
H 150.52000 102.15200 10.74990
H 148.41100 104.47500 10.73880
H 154.88500 102.55200 10.91400
C 127.83800 106.57900 9.07920
C 131.19300 107.56500 9.32751
C 128.84900 109.80700 9.55607
C 132.26500 110.45600 9.59673
C 126.15300 111.68400 10.53550
H 127.63600 108.69400 10.58290
H 131.79700 112.18300 11.26320
H 129.64900 106.31900 10.77430
H 130.73800 109.21600 11.08560
H 128.46100 111.60400 11.37780
C 129.92000 112.62300 9.67807
C 134.52500 108.17900 9.40321
C 137.97500 108.84700 9.50694
C 135.77100 111.06100 9.72175
C 139.39900 111.69300 9.85329
H 136.31500 107.74100 11.00550
H 137.65600 110.63000 11.29250
H 133.02300 106.98800 10.98010
H 134.10800 109.94600 11.15980
H 135.36700 112.89500 11.32720
H 139.87400 108.39000 10.95110
H 146.13700 106.73000 10.82710
C 140.54600 106.50500 9.40279
C 144.35400 107.26300 9.20903
C 141.76900 109.34000 9.59901
C 145.47300 110.13100 9.40978
C 143.03100 112.37600 9.73467
H 141.38000 111.27400 11.25870
H 145.13800 111.98300 11.07570
H 143.81100 109.06000 10.92730
H 147.35000 109.65300 11.00120
C 147.70100 107.86600 9.29088
C 150.95800 108.68700 9.25219
C 148.79300 110.86100 9.32722
C 152.33400 111.48100 9.41582
H 148.47400 112.61400 10.95760
H 150.64900 110.46600 10.91020
H 154.14000 111.10600 11.06890
H 149.54000 107.40100 10.85360
H 152.71300 108.11900 10.88510
H 151.88900 113.37100 10.91750
C 127.89800 114.83600 9.50047
C 131.27600 115.51200 9.68823
C 128.89400 118.06400 9.82600
C 132.40100 118.57400 9.65454
H 127.66300 116.97300 10.93660
H 129.64300 114.52800 11.27360
H 130.87900 117.38800 11.24930
H 126.27600 114.06900 11.35270
C 133.45600 113.29100 9.74675
C 137.15900 113.91500 9.86894
C 134.82500 116.20000 9.74893
C 138.45100 116.81200 9.82716
H 134.27700 118.00700 11.22950
H 138.05100 118.66000 11.27270
H 133.08800 115.14800 11.30940
H 136.71500 115.77600 11.37040
H 138.97800 113.51900 11.50510
C 136.12500 119.07600 9.87913
C 146.62500 113.18500 9.39733
H 140.31700 116.40700 11.54570
C 140.65900 114.51700 9.95991
C 141.87200 117.49800 9.86104
C 144.24500 115.34700 9.63954
C 145.60300 118.27200 9.58341
H 144.01400 117.07000 11.06630
H 146.31100 114.91700 10.99400
H 142.70700 114.18300 11.32050
H 141.76300 119.27900 11.21710
H 147.48900 117.84900 11.10790
C 147.75700 116.14500 9.38416
C 149.98300 113.73500 9.35469
C 153.61500 114.35400 9.44442
C 151.36700 116.63800 9.40142
C 149.04600 118.93600 9.50124
H 154.40800 119.06200 11.07210
H 149.67700 115.59200 10.86630
H 151.01700 118.52900 10.89520
H 153.37600 116.23400 10.91060
C 152.63000 119.76500 9.43560
C 131.39100 123.88800 10.04590
C 130.16600 120.92200 9.89760
C 128.02300 123.46000 10.18400
C 126.32500 120.18500 10.47910
H 132.06500 120.34100 11.38430
H 128.62000 119.88300 11.60660
C 134.73300 124.66100 10.07930
C 138.48900 125.01900 10.60710
C 139.71400 119.73500 9.83425
C 133.57500 121.65600 9.88800
C 137.47300 122.09500 10.60610
H 139.69500 121.55400 11.56440
H 136.38700 124.08600 11.48600
H 135.43300 120.97000 11.44230
H 133.24800 123.38100 11.66750
H 140.78600 124.52900 11.36710
C 144.42700 123.34100 9.73163
C 146.84100 121.04800 9.64327
C 142.21300 125.70300 9.75826
C 143.30100 120.45100 9.65027
C 141.06800 122.68500 9.78894
H 142.96500 122.23900 11.35140
H 146.43800 122.95100 11.18500
H 145.21600 120.05300 11.19050
H 144.07200 125.17400 11.29840
H 147.36600 125.96600 11.12300
C 148.01100 124.13700 9.61510
C 150.21500 121.84000 9.62834
C 153.74100 122.48300 9.65893
C 151.28600 124.79400 9.63199
H 153.22000 124.31700 11.23660
H 149.78900 123.61500 11.32310
H 152.05000 121.42600 11.21680
H 148.72100 120.70600 11.22190
C 129.12300 126.23700 10.23070
C 131.24700 132.23700 10.12970
C 132.50600 126.80100 10.15920
C 127.88600 131.01100 10.08670
C 130.20700 129.16000 10.14080
C 126.41100 128.24200 10.81130
C 133.56500 129.85000 10.09920
C 135.77300 127.55700 10.19300
C 136.86300 130.49500 10.12940
C 139.57300 127.99300 10.60050
H 135.30900 129.42600 11.80930
H 138.54000 130.05400 11.61840
H 137.50200 127.05000 11.65560
H 136.37900 132.39500 11.72290
H 134.27900 126.39500 11.84230
H 133.09400 131.66900 11.70690
H 145.06100 128.17300 11.33660
C 140.59200 131.07400 10.68800
C 146.59300 129.39400 9.81380
C 145.43900 126.40300 9.64076
C 143.18400 128.68300 9.76813
C 144.35500 131.61500 9.91882
H 141.81800 127.45200 11.51210
H 146.22800 131.16600 11.52690
H 142.85500 130.40100 11.49570
C 152.55500 127.81200 9.53885
C 153.75100 130.64700 9.77567
H 148.48800 128.87000 11.33880
H 152.11300 129.54100 11.28180
H 154.53800 127.24800 10.99000
C 147.86000 132.28600 10.00410
C 148.94300 127.14900 9.56849
H 150.90200 126.60500 11.07910
H 153.51300 132.53300 11.44410
H 149.77500 131.79200 11.53910
C 150.14000 130.02600 9.84459
C 128.91000 101.62600 12.37750
C 132.23600 102.14300 12.39200
C 129.96300 104.45200 12.41450
C 126.11500 103.62700 11.76140
C 133.48100 105.07700 12.54320
C 138.36500 100.34500 11.35000
C 135.69700 102.78700 12.40690
C 139.45700 103.36800 11.43270
C 136.93500 105.84800 12.37460
C 134.53400 99.79430 12.22680
C 141.99200 101.04900 12.09390
C 143.16300 104.04100 12.19460
C 145.51600 101.94100 12.28650
C 146.55400 104.81400 12.34530
C 151.55600 100.14700 11.69210
C 148.84400 102.60800 12.35850
C 149.88300 105.52700 12.44840
C 152.59000 103.04100 11.76760
C 153.76800 106.11300 11.72450
C 126.16400 111.80600 12.36160
C 127.75400 106.81300 12.34360
C 131.10600 107.28900 12.55630
C 132.23100 110.26900 12.76540
C 128.81200 109.67600 12.71460
C 129.98900 112.62900 12.93370
C 134.49900 108.06600 12.68740
C 137.99500 108.70100 12.63810
C 135.73500 111.00100 12.80860
C 139.40600 111.69400 12.84180
C 140.52300 106.45200 11.91470
C 141.71600 109.41400 12.44360
C 144.18600 107.22500 12.40000
C 145.46000 110.08100 12.60500
C 143.18500 112.41100 12.68340
C 146.67400 113.07400 12.61170
C 147.75100 107.73400 12.47690
C 151.15300 108.52300 12.43940
C 148.90300 110.81600 12.58480
C 152.36900 111.47200 12.45380
C 131.24000 115.60100 12.91890
C 127.91900 115.22400 12.89300
C 129.09600 117.91600 12.92380
C 132.41600 118.36900 12.91620
C 133.36400 113.25500 12.83490
C 136.97500 113.87900 12.97030
C 134.72700 116.19200 12.89200
C 138.28400 116.78200 12.98100
C 136.00600 119.17700 12.77880
C 140.76300 114.63900 12.91510
C 142.20000 117.38200 12.74690
C 144.48700 115.23700 12.63830
C 145.64000 118.12000 12.64690
C 147.95100 115.92100 12.57890
C 150.05000 113.79600 12.45970
C 153.70800 114.21900 12.39750
C 151.35100 116.58500 12.36100
C 149.18500 118.75600 12.59540
C 152.55900 119.46800 12.64850
C 126.29100 120.02100 12.47260
C 130.25100 120.75700 13.12810
C 128.07300 123.14300 13.29290
C 131.37600 123.82600 13.28420
H 127.86700 125.02700 12.25310
H 131.02600 125.71600 11.73650
H 126.22700 122.38800 11.59100
H 129.96600 122.74100 11.58940
C 138.54500 124.98000 12.38500
C 134.82000 124.43200 13.29940
C 137.47500 122.05000 12.46760
C 133.56200 121.37600 13.10960
C 139.81700 119.77500 12.83160
C 141.22300 122.76300 13.05980
C 144.60000 123.31600 12.84180
C 146.81500 121.07400 12.78230
C 142.28900 125.59600 13.05480
C 143.37100 120.26200 12.82110
C 150.24800 121.80000 12.91180
C 153.59700 122.45400 12.85790
C 147.88800 124.16300 12.80950
C 151.42000 124.88700 12.81960
C 126.44100 127.97800 12.64280
C 131.25800 132.31600 13.35130
C 132.41900 126.93400 13.40770
C 130.16200 129.28200 13.28720
C 128.05300 131.59200 13.45650
C 129.22400 126.29000 13.44770
H 126.41100 130.35600 12.03320
H 128.69600 128.03000 11.72340
H 132.07300 128.70100 11.71180
H 129.74400 131.01200 11.72610
C 133.48400 129.89500 13.41320
C 139.58500 127.97200 12.56140
C 135.79000 127.59600 13.37660
C 136.87300 130.60400 13.34690
C 143.37400 128.67900 13.09000
C 146.60400 129.38700 12.92500
C 145.58500 126.28700 12.86150
C 140.63800 131.01900 12.55190
C 144.33900 131.71500 13.12060
C 150.12500 130.10100 12.87890
C 152.61600 127.80900 12.57410
C 153.69400 130.71900 12.85080
C 147.82000 132.30100 13.10100
C 149.00200 127.10100 12.72670
C 158.28300 2.45737 9.70561
C 155.94400 4.69387 9.69704
C 159.49400 5.66929 9.72222
H 161.38600 4.86787 11.21510
H 157.92900 4.25790 11.19540
H 155.54900 6.49405 11.30990
H 160.15900 1.95780 11.36100
H 159.15500 7.18331 11.31410
H 156.81500 133.20200 11.31900
C 154.94800 1.59649 9.73955
C 161.76600 3.15224 9.80175
C 167.47200 133.43800 9.94653
C 165.17600 3.72016 9.66743
C 162.99500 6.06286 9.71850
C 166.41800 6.58428 9.68086
C 168.78300 4.34317 9.69573
H 164.85400 5.51247 11.29910
H 163.70100 2.55749 11.35590
H 167.10300 3.22145 11.20910
H 168.36700 6.13593 11.16590
C 171.12300 2.05315 9.59086
C 174.56600 2.62234 9.68443
C 172.42200 4.97369 9.72718
C 170.02200 7.21084 9.59215
C 175.74900 5.53538 9.76558
H 174.21400 4.40860 11.39950
H 170.74200 3.84394 11.27900
H 172.02600 6.78264 11.13060
H 175.41000 7.31867 11.28810
H 173.00300 1.49743 11.14380
H 176.39600 2.06831 11.35100
C 178.03500 3.16283 9.77704
C 181.61000 3.79397 9.82274
C 179.40600 6.04745 9.94559
C 182.84800 6.70038 9.90788
H 179.97300 2.64433 11.34810
H 181.28200 5.56802 11.62130
H 177.59000 4.96459 11.39370
C 157.13800 7.72589 9.87357
C 160.75900 8.51521 9.81736
C 158.35200 10.62660 9.97580
C 155.88900 12.89640 10.00110
C 159.64700 13.56080 9.95433
H 157.93300 12.36090 11.28810
H 161.60700 13.05220 11.37970
H 160.46700 10.14400 11.38340
H 156.58100 9.51404 11.42700
C 162.01300 11.35660 9.81068
C 154.66200 9.79579 9.80822
C 164.20700 8.89670 9.76574
C 165.32700 11.90050 9.79073
C 167.62800 9.41618 9.66159
C 168.87100 12.49050 9.74581
H 166.06900 8.37697 11.36980
H 162.64500 7.83268 11.38530
H 164.84200 13.63510 11.58700
H 167.16500 11.34890 11.17540
H 163.83500 10.69480 11.40050
C 173.63900 7.95260 9.63472
C 175.83300 13.76530 9.87247
C 171.34500 10.11570 9.65372
C 174.74500 10.95510 9.82097
C 172.40800 13.17760 9.95760
H 174.34800 12.67130 11.55290
H 170.78400 11.90430 11.32700
H 169.64600 9.04177 11.18580
H 173.21300 9.76756 11.33180
H 176.55300 10.25160 11.42470
C 176.84800 8.52361 9.63185
C 180.53300 8.96958 9.82526
C 178.20000 11.29300 9.81796
C 181.58600 12.04080 9.83505
H 178.68700 7.93648 11.16410
H 177.70400 13.15230 11.42780
H 179.99600 10.88790 11.40640
H 182.58900 8.49135 11.10480
H 181.29200 13.85620 11.48980
C 157.20700 15.71370 10.30280
C 160.78000 16.44090 9.98144
C 158.37600 18.64970 10.31250
H 159.30300 15.32260 11.65900
H 156.76000 17.53640 11.91630
H 155.53600 14.58060 11.76230
C 154.82700 17.99860 10.30120
H 160.45800 18.26960 11.65560
H 158.09200 20.55360 11.93150
C 161.96300 19.39100 10.04870
C 163.14400 14.22640 9.83527
H 168.49200 14.24970 11.52040
C 166.47000 14.73260 10.01440
C 164.19000 17.14930 9.95872
C 167.71200 17.81220 9.91429
C 165.47700 20.13060 9.99975
C 169.00900 20.64490 10.16160
H 163.89400 18.95870 11.54500
H 166.11500 16.63650 11.55930
H 162.69500 15.99270 11.51810
H 167.29600 19.52250 11.59430
C 173.53700 16.06580 10.14330
C 170.02800 15.44280 9.93637
C 171.18000 18.30260 10.04140
C 174.85000 19.01230 10.08810
H 175.57100 15.51860 11.60450
H 170.90700 20.09290 11.77840
H 173.17800 17.82660 11.47110
H 174.42200 20.74040 11.87360
H 171.79600 14.92130 11.65440
H 169.50800 17.21900 11.55490
C 179.39000 14.19950 9.90549
H 176.68600 18.41220 11.60130
C 177.07400 16.56100 9.93438
C 182.89000 14.92520 9.91407
C 180.58900 17.27970 9.94763
C 178.20500 19.44150 9.95341
C 181.66100 20.29230 10.02240
H 180.10900 19.05520 11.59320
H 182.52200 16.83520 11.50540
H 178.96500 16.14380 11.46390
C 156.10600 20.93930 10.32650
C 159.59500 21.53350 10.16190
C 157.41200 23.79710 10.22770
C 160.80900 24.49520 10.15820
H 161.51000 21.19490 11.69310
C 155.10500 26.23670 10.28120
H 159.33200 23.42990 11.76260
C 158.42100 26.77480 10.20940
H 155.58200 22.74550 11.51000
C 168.04100 25.79330 10.00050
C 164.37300 25.18640 10.13820
C 166.79600 22.83700 10.09860
C 163.20500 22.27420 10.20510
H 166.39600 24.76490 11.57250
H 164.15100 27.07410 11.66130
H 162.70800 24.16550 11.71480
H 168.61600 22.45730 11.79890
H 165.15700 21.87110 11.74540
C 175.91200 21.73020 10.11120
C 171.47700 26.42330 10.01470
C 172.58700 21.11570 10.23660
C 170.24700 23.37270 10.10150
C 173.77600 24.13660 10.17010
C 175.01100 27.03270 10.11930
H 173.32200 26.05340 11.64080
H 175.66600 23.63830 11.71400
H 169.94300 25.33060 11.62590
H 172.13700 23.03100 11.76520
H 176.65500 26.60240 11.92310
H 182.53600 25.01130 11.64650
C 182.95600 23.26470 9.88155
C 179.27900 22.52440 10.08680
C 180.42100 25.40860 10.26950
C 177.14900 24.84920 10.18740
H 180.10000 27.25280 12.02350
H 178.92400 24.22690 11.89180
H 177.83700 21.22030 11.61280
H 181.34200 22.01800 11.34410
C 161.06800 32.70970 9.84082
C 157.29800 32.22980 10.02710
C 156.18600 29.26470 10.02910
C 159.73200 29.80990 9.91469
C 162.06800 27.49230 10.20890
C 165.82600 28.10450 10.05790
C 169.14200 28.77650 9.87914
C 163.50800 30.47930 10.08190
C 164.74600 33.37940 9.95462
C 166.93200 31.03750 9.95613
H 167.72400 27.67330 11.61580
H 168.80300 30.64290 11.52160
H 166.57000 32.94690 11.54470
H 174.41800 28.92000 11.61090
C 175.93100 30.17220 10.07900
C 173.77800 32.31160 9.98103
C 170.33800 31.80280 9.89830
C 172.60400 29.39890 9.95519
H 170.99300 28.31160 11.51150
H 172.13100 31.26440 11.50860
H 169.90400 33.66270 11.53450
H 175.44100 31.87830 11.72960
H 182.60500 33.20120 11.71580
H 181.33400 30.21760 11.55750
C 181.76000 28.38320 10.34460
C 180.52800 33.81500 10.17110
C 182.95700 31.33670 9.95584
C 179.21800 30.73260 10.16280
H 178.92600 32.60120 11.82620
H 177.63300 29.58390 11.78700
C 178.27700 27.70250 10.32530
C 177.04100 33.04190 10.16900
C 158.31200 2.48958 12.89280
C 156.16000 4.63714 12.88180
C 159.52800 5.34685 12.84820
C 155.07000 1.70388 13.01700
C 161.80500 3.05224 12.88790
C 167.71300 133.42700 12.82610
C 165.30200 3.63688 12.88500
C 162.95700 5.83111 12.86070
C 166.55000 6.51715 12.87500
C 168.78900 4.22409 12.75210
C 171.20500 1.97473 12.86850
C 174.50500 2.44614 12.91470
C 172.22400 4.92658 12.81120
C 170.09400 7.13959 12.72490
C 175.69700 5.55732 12.99530
C 178.02500 3.15278 12.90480
C 181.52500 3.79565 13.04080
C 179.20300 6.19677 12.89970
C 182.85500 6.92391 13.02710
C 157.18300 7.64795 12.88520
C 160.75200 8.20931 12.93350
C 158.41800 10.47820 12.80250
C 155.97800 12.78680 12.93260
C 159.56500 13.50540 12.89340
C 154.79100 9.81795 13.10340
C 161.93800 11.18190 13.00540
C 164.20100 8.81026 13.00510
C 165.43100 11.64890 13.03210
C 167.74700 9.53503 12.80290
C 168.78600 12.33260 12.90580
C 162.98000 14.16260 13.15100
C 173.56000 7.83917 12.86280
C 171.26500 10.02710 12.89620
C 174.73800 10.80540 13.04180
C 175.98300 13.63730 13.15730
C 172.31000 13.01630 13.02790
C 176.92900 8.43286 12.91840
C 180.56500 9.09422 12.52010
C 178.13300 11.30480 13.04030
C 181.68300 12.13380 12.85770
C 157.26200 15.76330 13.19200
C 160.85800 16.44790 13.21360
C 158.54700 18.80430 13.30930
C 154.82500 18.01710 13.53100
C 162.08000 19.37740 13.20610
C 164.24900 17.05250 13.15100
C 166.51900 14.62380 13.03930
C 167.72100 17.62420 13.21110
C 165.44500 19.99730 13.25110
C 168.89500 20.47520 13.26040
C 173.63900 15.98800 13.03450
C 169.95300 15.37260 13.23210
C 171.25800 18.15220 13.10150
C 174.78600 18.82560 13.14850
C 179.27800 14.29880 12.96700
C 177.18800 16.56990 13.17910
C 182.87500 15.05690 13.06000
C 180.58800 17.23450 13.08660
C 178.29900 19.34940 13.24500
C 181.78700 20.31180 13.06680
C 155.08100 26.19510 13.55760
C 156.03500 20.98970 13.27460
C 159.73100 21.60000 13.41950
C 157.24900 23.81420 13.16480
C 160.85100 24.62380 13.34640
C 158.53800 26.89610 13.28550
H 160.40900 26.37170 11.75060
H 156.93800 25.59540 11.92800
C 163.15600 22.45060 13.19680
C 166.69800 23.04160 13.32570
C 164.43900 25.28710 13.13070
C 168.03300 25.73530 13.20020
C 170.27100 23.49990 13.34150
C 173.80500 24.20750 13.27400
C 174.72900 27.16190 13.37340
C 172.50000 21.17450 13.40250
C 171.46600 26.52100 13.19430
C 176.13900 21.82630 13.35700
C 182.96200 23.18420 12.98070
C 177.10900 24.78210 13.49350
C 179.50400 22.43670 13.08160
C 180.57800 25.48250 13.38330
C 156.49500 29.11350 13.38580
C 157.52600 32.30590 12.95580
C 161.03100 32.68210 12.90870
C 159.78100 29.77560 13.01890
H 155.97200 31.04530 11.82250
H 158.09400 28.61320 11.48320
H 161.71900 29.30900 11.50810
H 159.35700 31.52720 11.26740
C 162.14200 27.49630 13.14870
C 169.27400 28.84700 13.22820
C 165.83300 28.05620 13.24540
C 164.51400 33.30260 13.02660
C 166.99200 31.14820 13.23300
C 163.39700 30.42090 13.04830
H 165.43700 29.95950 11.68570
H 163.00500 32.19270 11.35280
C 175.71700 30.08570 13.38090
C 172.54100 29.38020 13.11970
C 173.53700 32.42290 13.23590
C 170.29100 31.79810 13.15480
C 178.14900 27.85340 13.50880
C 179.45200 30.56610 13.24550
C 180.70700 33.75430 13.30310
C 183.13500 31.48190 13.03560
C 177.16700 32.93530 13.30130
C 181.90100 28.36360 13.36240
C 158.52800 35.13680 10.58430
C 155.82800 37.71690 10.02940
C 159.73500 38.11490 10.77070
C 162.30600 35.70620 10.02040
C 154.78100 34.80020 10.08210
C 165.80800 36.40720 10.04360
C 163.42000 38.73860 10.11020
C 166.77600 39.27860 9.97273
C 169.14700 37.10160 10.05080
C 168.00800 34.16800 9.97339
H 167.58800 35.97430 11.71260
H 168.64500 38.93950 11.59600
C 171.43600 34.71850 9.90618
C 174.74500 35.35420 9.98718
C 172.56000 37.65450 9.95210
C 170.14100 40.02060 9.87726
C 175.76300 38.31140 9.94155
H 175.42900 40.15480 11.59260
H 171.92100 39.55660 11.41870
H 171.05400 36.54880 11.54990
H 173.22800 34.19890 11.54740
H 174.34600 37.17440 11.64330
H 176.50200 34.86730 11.71720
C 178.11900 36.00780 10.07320
C 181.81900 36.68770 9.95962
C 179.56100 39.05710 9.98942
C 182.91200 39.73460 9.90241
H 180.19700 35.53820 11.55760
H 181.47700 38.49480 11.63650
H 177.73200 37.79200 11.44770
C 157.17600 40.65920 10.09150
C 160.69100 41.05160 10.65060
C 158.02900 43.63420 9.78783
C 159.11600 46.66750 9.77635
C 155.80900 46.00230 9.72561
C 161.91400 44.06080 10.61420
C 154.80100 42.85940 9.97169
C 164.47000 41.71480 9.89310
C 165.66000 44.83530 9.89042
C 167.82700 42.33190 9.89709
C 169.08700 45.14410 9.87888
H 167.47600 44.17020 11.57000
H 165.22500 46.50420 11.05140
H 166.37900 41.19720 11.45960
H 168.58600 47.08520 11.31220
C 162.94400 47.06230 10.36680
C 173.58900 40.59480 9.90081
C 171.13600 42.94040 9.86319
C 174.54600 43.69070 9.79190
C 175.95000 46.54750 10.00350
C 172.49400 45.87590 9.90089
H 169.69100 41.88780 11.51230
H 173.06800 42.50250 11.37820
H 174.29900 45.42740 11.54550
H 170.91600 44.82760 11.51630
H 176.50900 43.09730 11.27080
H 179.02100 40.82320 11.21040
C 176.88800 41.33270 9.82901
C 180.66500 42.07910 9.61470
C 178.19300 44.27020 9.81495
C 181.84100 45.05810 9.56815
H 182.50900 41.47240 11.18300
H 177.93200 46.07050 11.56520
H 181.36600 46.78560 11.31530
H 180.30200 43.80420 11.12760
C 179.38300 47.17430 9.81689
C 156.92400 48.89320 9.72817
C 160.35500 49.55470 9.67548
C 157.97700 51.87120 9.74986
C 154.64000 51.26920 9.96784
C 161.58700 52.55080 9.71269
H 157.74800 53.79410 11.37020
H 159.94200 51.48110 11.22310
H 156.58500 50.78530 11.42910
C 166.73600 47.95210 9.81984
C 163.82500 50.27200 9.71366
C 167.70200 50.62240 10.35720
C 165.10400 53.16050 9.70064
H 166.67600 52.63380 11.28420
H 165.61000 49.68670 11.32820
H 163.45100 52.12780 11.28940
H 162.17300 49.21640 11.30610
C 168.77100 53.57250 10.36660
C 173.62800 48.97850 9.78422
C 170.30700 48.20140 9.80298
C 171.47300 51.40380 9.73828
C 174.81600 51.95270 9.71539
H 172.16200 47.76400 11.48020
H 175.53900 48.33630 11.31590
H 171.05200 52.99920 11.27360
H 173.38000 50.78070 11.38380
H 169.95600 49.97200 11.28850
H 174.58400 53.71500 11.43900
H 176.70500 51.31600 11.30430
C 177.19500 49.50330 9.79761
C 182.94400 47.92490 9.78113
C 180.56000 50.28810 9.75873
C 178.27100 52.53630 9.74324
C 181.54600 53.22000 9.70947
H 180.11300 52.06170 11.39400
H 179.11700 49.06530 11.40480
H 182.39900 49.74680 11.41740
C 154.46800 59.36880 10.09290
C 155.76300 54.19750 9.93111
C 159.27500 54.84340 9.81809
C 156.96900 56.99810 9.65670
C 160.50100 57.69610 9.76277
H 160.03200 59.65590 11.18050
H 158.80500 56.75880 11.37060
H 156.73000 58.92110 11.08390
H 161.19300 54.37230 11.40880
C 158.24900 60.09480 9.49644
H 155.58600 56.02860 11.54160
C 162.78900 55.49080 9.79063
C 166.05900 56.12650 9.73882
C 167.14400 59.19620 9.61604
C 163.90100 58.53160 9.65115
H 164.59900 55.01180 11.38570
H 165.70100 58.04720 11.30770
H 163.61700 60.37250 11.28460
H 162.38400 57.39620 11.34780
H 167.87400 55.66660 11.26800
C 171.03000 59.52390 10.24390
C 173.73100 57.29410 9.70880
C 175.96800 54.87990 9.73722
C 174.77200 60.29370 9.49835
C 172.72200 54.26780 9.78565
C 170.04200 56.54430 10.38720
H 175.53400 56.66190 11.40780
H 168.93300 58.59260 11.19000
H 173.29900 58.96510 11.14490
H 172.26800 55.95300 11.36290
H 176.62400 59.72870 11.18800
C 182.70000 56.21380 9.72392
C 180.37500 58.40630 9.60985
C 176.90800 57.82750 9.64551
C 179.29200 55.50000 9.66678
H 182.15800 58.01610 11.36590
H 181.11700 55.05910 11.31990
H 178.81100 57.36820 11.24450
H 177.78700 54.37090 11.31160
H 179.88200 60.33830 11.02680
C 161.74700 60.77500 9.64731
C 156.77100 65.41980 10.13060
C 159.36600 63.01910 9.45294
C 160.50600 65.92970 9.29479
C 155.68400 62.40930 10.06490
H 154.65900 64.49220 11.05620
H 161.33000 62.61490 10.92240
H 159.02700 64.90540 11.12420
H 157.82900 61.90880 11.10270
H 164.64700 63.39930 11.14050
H 166.83400 61.00660 11.29220
H 168.01400 64.02130 11.03910
H 165.84900 66.33310 10.89490
H 162.39100 65.65260 11.00230
C 166.20300 64.36990 9.43244
C 162.90100 63.80050 9.41932
C 163.92800 66.66500 9.28901
C 165.11000 61.52690 9.61849
C 168.45800 62.00500 9.64259
H 175.62300 65.04300 11.14260
H 174.35300 61.98800 10.85880
C 176.00300 63.23670 9.44485
C 173.40300 65.44580 9.92148
H 170.04100 61.57410 11.24000
H 171.24000 64.60320 10.95280
H 168.99200 66.94580 10.81600
C 169.60200 64.98660 9.35555
C 172.05100 62.52440 10.02800
H 181.01800 63.21020 11.07140
C 180.29900 66.78180 9.19522
C 178.01600 60.90610 9.48655
H 182.01100 66.24770 10.92730
C 182.52000 64.30490 9.39480
H 177.76500 62.70450 11.15000
C 176.89600 66.20650 9.36832
C 181.53900 61.38050 9.47497
H 178.80800 65.65650 10.89080
C 179.21900 63.77930 9.39555
C 158.54300 35.18190 12.57270
C 155.90200 37.88490 13.28660
C 159.69200 38.05440 12.68960
C 154.76400 34.72120 13.24720
H 155.45000 39.63580 11.56950
H 158.66400 40.14480 11.86550
H 161.93500 37.48660 11.81010
H 160.75300 34.46580 11.61320
H 157.57900 37.23990 11.64650
H 156.46400 34.13820 11.47580
C 162.25600 35.80890 13.20330
C 165.68000 36.35030 13.31330
C 163.47100 38.79940 13.29070
C 166.75700 39.45310 13.20890
C 169.24300 37.14380 13.18760
C 168.10700 34.08880 13.24510
H 165.32100 38.19920 11.71150
H 164.20100 35.19510 11.59100
C 170.22500 40.10830 13.14640
C 171.44000 34.77870 13.18380
C 174.67200 35.31830 13.26740
C 172.46800 37.82040 13.15450
C 175.94000 38.33600 13.19760
C 178.29800 35.88730 13.10600
C 181.99800 36.81570 12.92480
C 179.36400 38.95360 12.94030
C 183.04900 39.81410 12.99070
C 154.71000 42.96490 13.01680
C 156.86100 40.72920 13.30500
C 160.80500 41.17290 12.59470
C 158.19700 43.82720 13.15820
C 155.80500 45.96770 12.95350
C 159.32100 46.63780 12.89730
H 157.61400 45.51740 11.38860
H 159.80000 43.17000 11.53620
H 156.65000 42.56070 11.61290
H 160.87800 46.14320 11.41460
C 161.92000 44.13390 12.46560
C 164.48400 41.98550 13.01850
C 165.59800 44.98730 12.97460
C 167.85500 42.40770 13.14160
C 169.04000 45.36940 13.08580
H 164.18200 43.58170 11.52200
H 163.00700 40.48700 11.46700
C 173.62700 40.63240 13.00290
C 171.33000 42.99290 13.07430
C 174.72000 43.52660 12.99890
C 175.95300 46.51870 13.01540
C 172.45600 45.94870 13.13530
C 177.20600 41.29950 12.93870
C 180.68000 41.96400 12.77230
C 178.33500 44.24830 12.74050
C 181.74000 44.80810 12.83550
C 154.75900 51.42110 13.12830
C 156.99700 48.91900 12.96480
C 160.43800 49.64490 12.86930
C 158.19600 51.94200 12.93290
H 155.38600 47.82280 11.32840
H 158.77700 48.55310 11.33020
C 163.03700 47.03460 12.12510
C 161.54600 52.45320 12.87240
C 164.07100 50.20870 12.79850
C 166.56900 47.80600 12.65690
C 167.73100 50.55310 12.25640
C 164.99200 53.12620 12.97540
C 168.79200 53.52730 12.20510
C 173.75500 48.91820 12.97460
C 170.17700 48.18190 12.96290
C 171.43100 51.18390 12.96540
C 174.91900 51.85210 13.04610
C 179.59100 47.21080 13.02850
C 177.14100 49.43350 12.92350
C 182.87500 47.89720 12.98470
C 180.60200 50.24380 13.08810
C 178.18300 52.54510 12.94730
C 181.69300 53.24650 12.93900
C 154.51000 59.59520 11.91920
C 155.98800 54.32350 13.13670
C 159.29300 54.94690 12.94030
C 157.04400 57.40380 13.01030
C 160.45200 57.95490 12.88920
C 158.06400 60.42270 12.63830
C 167.30500 59.10810 12.87220
C 163.91200 58.58390 12.95210
C 166.31900 56.15560 12.85070
C 162.80400 55.53470 12.98550
C 173.69300 57.27020 12.97890
C 176.06300 54.91220 13.03540
C 170.00300 56.60940 12.20540
C 172.56700 54.08720 12.94850
C 171.06400 59.48110 12.12230
C 174.65600 60.30890 12.69440
C 177.03100 57.98990 12.89510
C 179.31400 55.58020 12.90980
C 180.24600 58.61870 12.78400
C 182.73300 56.23230 12.91020
C 160.46500 66.27860 12.53950
C 155.54400 62.48900 12.00270
C 156.74300 65.48010 12.00120
C 159.43100 63.26160 12.56460
C 161.61100 60.83190 12.67420
C 162.68600 63.82810 12.64280
C 164.02800 66.91510 12.45650
C 168.36200 62.31190 12.80250
C 166.23700 64.63720 12.62720
C 165.04700 61.60660 12.87490
C 169.66900 65.15610 12.52360
C 175.74800 63.34330 12.54620
C 172.18300 62.50480 11.97910
C 173.30900 65.53870 11.95380
C 180.28100 66.97080 12.50020
C 182.48200 64.41200 12.62550
C 178.13500 60.87480 12.76990
C 177.09800 66.29830 12.62550
C 181.42500 61.41760 12.68680
C 179.22100 63.95400 12.65600
C 157.89800 68.33040 9.71395
C 155.20700 71.02440 8.95863
C 159.12500 71.34930 9.55179
H 158.16500 73.42260 10.59350
C 161.84800 68.98950 9.00176
H 160.22100 67.90540 10.56980
H 154.85900 72.85340 10.64120
H 155.79800 67.54100 10.90940
H 161.38900 70.96220 10.62640
H 156.98200 70.51850 10.46450
C 154.28200 67.98440 9.25628
C 165.11500 69.88670 9.02466
C 162.79900 72.17010 8.87457
C 166.05700 72.94770 8.97483
C 168.31800 70.48600 9.13416
C 167.30700 67.44910 9.18246
H 166.81100 69.37100 10.74710
H 163.67200 68.66520 10.74470
H 167.80900 72.37350 10.59260
H 164.57500 71.71070 10.58550
C 170.92300 68.08510 9.74063
C 174.51600 68.34490 9.21429
C 172.05700 70.87190 9.90810
C 169.50300 73.33340 9.03040
C 175.74900 71.36880 8.90498
H 174.29800 70.41300 10.69390
H 175.37000 73.34120 10.31680
H 169.93900 70.09530 10.93010
H 173.11900 67.53280 10.57730
H 171.05200 73.00080 10.59660
H 176.48000 68.06620 10.92170
C 177.90400 69.10800 9.13793
C 181.28300 69.90280 9.08940
C 179.09100 72.17910 9.02774
C 182.32600 72.70570 8.95600
H 179.80500 68.68970 10.72300
H 180.87300 71.70440 10.75170
H 177.52800 71.06300 10.61370
C 156.34100 73.95420 8.95530
C 159.97800 74.38050 8.99199
C 157.58300 76.74190 8.87385
C 155.48200 79.11400 9.01477
C 159.20300 79.62830 8.91847
H 157.47100 78.65830 10.42130
H 159.62400 76.28200 10.38110
H 160.95400 79.21440 10.69870
H 155.96200 75.80940 10.54570
C 154.12000 76.26900 9.05849
C 161.43700 77.40730 8.97007
C 163.79200 75.14610 8.92272
C 164.77000 78.15430 8.92667
C 167.12900 75.74690 8.88308
C 168.34400 78.76360 8.75569
H 164.56600 79.90650 10.62920
H 166.79800 77.65090 10.33210
H 162.14000 74.00530 10.42990
H 165.59500 74.72210 10.60830
H 163.28600 76.97510 10.56070
C 162.60800 80.30120 9.04015
C 173.10200 73.89700 9.53861
C 175.54200 79.68450 8.92665
C 170.48100 76.37640 8.85210
C 174.12900 76.66350 8.99400
C 171.87200 79.05640 8.94783
H 172.24300 76.01010 10.50670
H 170.07600 78.24090 10.39870
H 168.95800 75.31230 10.44570
H 173.84700 78.74400 10.33420
H 176.18800 76.43880 10.40100
H 178.63700 74.00760 10.37080
C 176.71600 74.53270 8.76741
C 180.16500 75.21840 8.79288
C 177.77800 77.53400 8.79532
C 181.28000 78.17090 8.77438
H 177.47900 79.33960 10.50730
H 179.68300 77.05050 10.37580
H 180.83100 79.99490 10.39930
H 181.90200 74.66460 10.45730
C 156.76100 82.07190 8.82362
C 160.22800 82.65050 8.85832
C 158.00500 85.03360 8.83663
H 158.65000 81.53940 10.46140
H 155.31100 81.01300 10.54660
H 156.42100 83.92390 10.41250
H 159.77400 84.49270 10.45710
H 157.69900 86.87580 10.43940
C 154.50900 84.51900 8.89694
C 161.45200 85.49820 8.91106
H 167.94500 80.55700 10.40610
C 163.82900 83.27880 8.67512
C 166.01800 80.88140 8.83225
C 167.42100 83.76330 8.80959
C 165.17300 86.21040 8.82545
H 163.45000 85.13980 10.25650
H 162.23400 82.20560 10.32510
H 165.65500 82.81410 10.28320
H 167.24900 85.72500 10.17690
C 168.97200 86.78560 8.66136
C 173.35200 81.84080 8.87677
C 169.67500 81.39710 8.83407
C 171.04500 84.34170 8.67128
C 174.53500 85.17630 8.78501
H 172.90200 83.90810 10.22060
H 171.57700 81.02590 10.39900
H 169.44500 83.36500 10.30170
H 170.74400 86.24490 10.28870
H 175.24700 81.65620 10.45400
H 173.98900 86.96470 10.40890
C 178.99400 80.48660 8.84763
H 176.31400 84.63180 10.55380
C 176.74600 82.81830 8.86246
C 182.37100 81.09390 8.84696
C 180.20000 83.49920 8.93240
C 177.98300 85.70270 9.04103
C 181.38600 86.43760 8.97676
H 179.86600 85.31590 10.62920
H 178.59600 82.34950 10.47360
H 182.04600 82.92700 10.48470
C 155.79200 87.42500 8.98917
C 160.96300 90.80020 9.00682
C 159.40400 87.81190 8.89754
C 157.19300 90.17690 9.13157
C 158.46500 93.02320 9.09319
H 155.61700 89.13940 10.74590
H 156.98100 92.01900 10.79970
H 159.22600 89.71100 10.44540
H 160.47800 92.63500 10.55660
H 161.24600 87.39860 10.51430
C 155.05100 92.55900 9.21827
C 163.02400 88.44480 9.13166
C 166.41500 89.05190 8.83870
C 164.16200 91.34570 8.99980
C 167.62100 92.08390 8.75592
H 164.94400 87.98610 10.58380
H 166.16900 90.90270 10.45490
H 162.68500 90.34690 10.72660
H 163.87800 93.22910 10.57100
H 168.43400 88.61000 10.28740
C 169.92200 89.72800 8.65268
C 175.80300 87.93370 8.97189
C 172.27100 87.51810 8.69296
C 173.50800 90.33730 8.88817
C 174.74700 93.24650 8.90266
C 171.22500 92.77910 8.99279
H 169.47800 91.58130 10.28760
H 173.12000 92.14150 10.51440
H 175.44400 89.83130 10.46060
H 171.73300 89.30730 10.32290
H 176.61600 92.76280 10.56940
C 177.07600 90.95600 8.96061
C 179.24100 88.68390 8.99388
C 180.36100 91.60830 9.01436
C 182.69900 89.38880 8.97398
H 179.95700 93.51480 10.52310
H 177.68200 87.57880 10.63790
H 178.85100 90.50700 10.64220
H 182.31300 91.25640 10.55710
H 181.10400 88.28990 10.56660
C 156.27800 95.31340 8.92149
C 160.77300 99.11820 8.96434
C 157.53700 98.46390 8.93862
C 159.67400 95.98520 8.97632
H 161.59900 95.50280 10.48900
H 159.33900 97.85230 10.58960
H 158.13500 94.91180 10.62560
H 156.00100 97.25300 10.47150
C 162.08500 93.60120 8.91990
H 167.95900 96.85020 10.62330
H 164.81700 96.24720 10.56710
H 167.13300 93.90350 10.39700
H 165.89000 99.30620 10.71400
H 162.62900 98.58520 10.59870
C 165.22100 94.44710 8.90500
C 166.24500 97.51350 8.96534
C 168.90600 95.04670 9.08170
C 164.13000 99.93250 9.10667
C 163.04200 96.89970 8.92881
H 169.03100 99.99340 10.99440
H 170.77900 94.48020 10.74900
H 175.48500 98.06930 10.77630
H 174.34000 95.01120 10.43660
H 172.22800 97.40660 10.89910
C 175.95100 96.35440 9.03371
C 172.34400 95.73250 9.09369
C 173.63900 98.63300 9.19351
C 169.95000 97.96330 9.86746
C 181.55700 94.66510 8.99818
C 182.65800 97.75640 9.19120
C 179.26600 96.94240 9.14618
H 177.73700 95.78730 10.71820
H 181.13000 96.43610 10.67230
H 178.91500 98.73810 10.84190
H 182.17300 99.41750 10.96880
C 177.07000 99.20650 9.21861
C 180.45400 99.92900 9.27734
C 178.08400 93.99410 8.95968
C 157.96500 68.48710 11.59900
C 155.41400 70.99120 12.18970
C 159.08200 71.38070 11.64400
C 154.03400 68.19500 12.43580
C 161.70700 69.21210 12.23720
C 165.01100 70.00620 12.37320
C 162.78800 72.35770 12.21300
C 166.02100 72.94860 12.23180
C 168.26400 70.61880 12.32770
C 167.31200 67.61310 12.44300
C 170.98300 68.04470 11.74290
C 174.55000 68.56960 12.35180
C 172.09100 71.03360 11.65940
C 169.32500 73.53310 12.17190
C 175.66600 71.66060 12.18130
C 178.06100 69.35320 12.36790
C 181.27900 69.96510 12.36390
C 178.98200 72.32640 12.17770
C 182.29100 73.00520 12.27860
C 156.37800 73.96960 12.20970
C 160.05400 74.34700 11.97960
C 157.74900 76.71290 11.99640
C 155.70900 79.15710 12.18010
C 158.96400 79.74120 12.13790
C 154.22300 76.20540 12.30270
C 161.23800 77.39600 12.08270
C 163.63000 75.20540 12.15260
C 164.97600 78.22770 12.02740
C 167.19800 75.90770 12.05800
C 168.26300 78.67960 11.96940
C 173.15800 74.00150 11.35590
C 170.58000 76.41400 11.98360
C 174.16800 76.82540 11.85040
C 175.47000 79.75650 11.97880
C 171.82800 79.34100 11.78710
C 176.82300 74.56970 11.99230
C 180.05200 75.24460 12.01870
C 177.84200 77.50080 12.07730
C 181.23500 78.13330 11.99880
C 178.99500 80.48860 12.09110
C 156.84400 82.14920 12.09840
C 160.32300 82.61070 11.97350
C 157.96200 85.00590 12.06080
C 154.68100 84.34920 12.08820
C 161.56600 85.63500 11.88320
C 162.62700 80.47920 12.10000
C 163.86500 83.37140 11.91050
C 166.17300 81.12170 12.05000
C 167.40800 83.96320 11.74520
C 165.24800 86.13350 11.77240
C 168.86600 86.73590 11.88110
C 173.25200 82.06660 11.90550
C 169.63000 81.50700 11.90860
C 171.05500 84.32230 11.90880
C 174.39400 85.03580 12.02050
C 176.78200 82.78260 12.13870
C 182.42900 81.03070 12.04120
C 180.19500 83.39830 12.12680
C 177.91400 85.68060 12.18850
C 181.44200 86.42400 12.19950
C 155.95500 87.26240 12.16760
C 159.31800 87.81570 12.03200
C 157.45300 90.00250 12.19620
C 160.71700 90.74950 12.17310
C 154.94100 92.33060 12.16330
C 158.69600 93.14090 12.22200
C 166.68200 89.03580 12.02720
C 167.78900 92.09090 12.00440
C 164.39900 91.50470 12.15230
C 162.92100 88.56630 11.99550
C 174.67900 93.17610 12.11420
C 175.66700 87.94090 12.05690
C 169.92900 89.74580 11.93790
C 173.42300 90.22930 11.95460
C 172.15500 87.44050 11.96150
C 171.08000 92.64310 12.02610
C 179.24000 88.64450 12.24920
C 180.43300 91.68570 12.15160
C 182.54300 89.40700 12.23180
C 176.91400 90.89750 12.17470
C 156.16500 95.39860 12.15720
C 159.83600 95.97650 12.20170
C 157.45700 98.39990 12.18880
C 160.72900 99.01170 12.20710
C 162.02900 93.69950 12.15390
C 166.18800 97.40510 12.29300
C 164.03800 99.71390 12.36450
C 165.40100 94.42410 12.11300
C 162.92000 96.68750 12.17630
C 168.69000 94.99390 12.12500
C 173.75300 98.57980 12.51230
C 175.75800 96.11290 12.22560
C 169.98100 97.88020 11.73440
C 172.55800 95.57620 12.23830
C 177.00300 99.11720 12.43660
C 178.13100 93.87250 12.19510
C 181.53600 94.53700 12.21840
C 182.53300 97.48910 12.50530
C 179.34700 96.77950 12.35750
C 180.32100 99.86700 12.53370
C 158.51000 101.49100 9.10726
C 156.33500 103.68300 9.17570
C 159.75600 104.36700 9.16635
H 157.09100 100.25500 10.62940
H 156.01500 105.58800 10.71420
H 160.36200 100.88600 10.61590
H 161.48600 103.95100 10.91330
H 159.23900 106.17700 10.76140
H 158.20800 103.27200 10.80160
C 155.19100 100.83900 9.09183
C 161.87700 102.17300 9.21672
C 165.17100 102.68200 9.27108
C 163.00200 105.12800 9.27883
C 166.26800 105.73900 9.28217
C 168.47300 103.43500 9.39597
H 166.89900 102.31800 10.92850
H 163.61900 101.60700 10.88190
H 164.78300 104.55600 10.88780
H 168.02300 105.30100 10.90810
C 167.59900 100.53500 9.31819
C 171.14000 100.87700 10.07710
C 174.88100 101.66500 9.29924
C 172.20700 103.93000 10.09140
C 169.60600 106.32600 9.21063
C 175.78800 104.67300 9.37624
H 174.46100 103.36500 11.09450
H 171.28200 106.00100 10.84810
H 175.35100 106.52800 11.03060
H 170.14700 102.92100 11.08400
H 173.38300 100.38500 10.89110
H 176.67100 101.00200 10.91680
C 178.14500 102.18300 9.25391
C 181.48800 103.02500 9.43179
C 179.12200 105.41900 9.29581
C 182.84500 105.81300 9.90159
H 177.70800 104.06800 10.87680
H 179.93600 101.72000 10.90690
H 180.80800 104.78200 11.04140
C 157.50500 106.66100 9.00219
C 160.74400 107.39200 9.20125
C 158.36500 109.80400 9.08692
C 159.44600 112.80900 9.23369
C 155.84000 111.96100 9.41840
H 157.10100 108.50100 10.58320
H 160.25800 109.21200 10.68120
H 157.96200 111.65400 10.77020
H 161.26800 112.19200 10.87720
C 154.76500 108.98400 9.90358
C 161.79000 110.49400 9.21414
C 163.97500 108.16500 9.22880
C 165.06200 111.18000 9.33457
C 167.30900 108.68900 9.17132
C 168.60300 111.63800 9.18966
H 167.01700 110.54700 10.76370
H 165.79800 107.62100 10.85810
H 164.81300 112.91600 11.06440
H 163.57200 109.93400 10.91760
H 162.58600 106.94400 10.90310
C 173.23900 107.00000 9.56846
C 170.83600 109.07600 9.30542
C 174.51000 110.05500 9.31321
C 175.66300 113.07500 9.58460
C 172.16000 112.19500 9.56246
H 170.39400 111.07400 10.82350
H 169.09000 108.16700 10.78350
H 174.11300 111.80900 11.04890
H 172.88600 108.85000 10.74070
H 178.62200 107.12900 11.00380
C 176.84500 107.73500 9.36241
C 180.14700 108.37900 9.46256
C 177.86100 110.74500 9.50629
C 181.04800 111.34500 9.54696
H 179.62100 110.14600 11.15950
H 181.79400 107.68900 11.17020
H 176.32600 109.53500 10.96730
H 180.78800 113.10600 11.27490
H 177.37400 112.47400 11.25140
C 157.24100 115.12500 9.32434
C 160.67700 115.73300 9.45856
C 158.45200 118.01500 9.59062
H 155.68100 113.91900 10.88960
H 156.76800 116.83300 11.09730
H 159.03100 114.60000 10.95690
H 160.34600 117.50100 11.15650
C 155.02100 117.35500 9.35915
C 161.92500 118.62500 9.53829
H 158.01600 119.82400 11.08450
H 168.19600 113.40900 10.92460
C 162.87800 113.35700 9.48343
C 164.02900 116.29500 9.54991
C 166.36400 114.09200 9.45196
C 167.49600 116.89800 9.49748
C 165.24300 119.11800 9.68106
H 165.92400 115.85000 11.15630
H 162.45300 115.14000 11.15800
H 163.61200 118.04100 11.22510
H 167.33400 118.76000 11.07210
C 168.80600 119.95300 9.53748
C 173.18200 115.23200 9.63250
C 169.96600 114.48300 9.50394
C 170.99100 117.63100 9.41682
C 174.34100 118.20600 9.54078
H 169.42700 116.36200 10.97290
H 170.53200 119.27500 11.16200
H 172.73600 117.00700 11.11650
H 175.12700 114.84300 11.24340
H 171.72100 113.95400 11.24990
H 173.87900 120.00000 11.18000
C 178.96100 113.50400 9.67186
H 176.20700 117.75400 11.11850
C 176.67100 115.79700 9.59956
C 181.28100 119.49800 9.61790
C 182.35400 114.26000 9.66274
C 180.08700 116.56500 9.63328
C 177.69200 118.90400 9.53290
H 178.49500 115.39000 11.23270
H 179.58400 118.37500 11.16020
H 181.82500 116.07000 11.32430
C 156.03800 120.25900 9.63084
C 158.44100 126.06100 9.57599
C 160.72100 123.77000 9.60167
C 157.12300 123.15300 9.68325
C 159.69300 120.94100 9.54968
H 156.77700 124.93100 11.10050
H 155.53700 122.01000 11.31160
H 159.11800 122.69400 11.23520
H 160.35600 125.68100 11.11390
H 161.53600 120.45700 11.15570
C 154.76900 125.56100 9.62481
C 163.05100 121.50300 9.51139
C 166.51800 122.19600 9.67631
C 164.35700 124.49200 9.59745
C 167.50600 125.35400 9.87325
H 163.71700 126.33700 11.15800
H 162.69200 123.36700 11.10040
H 164.87700 121.02700 11.19090
H 168.39100 121.73600 11.24050
H 165.99400 123.95600 11.41520
C 175.46400 121.09400 9.56372
C 174.31100 126.26200 9.60030
C 169.82100 122.99700 9.63093
C 173.17500 123.40500 9.61174
C 171.96900 120.46100 9.57486
C 170.85800 125.81000 9.75575
H 169.38600 124.68700 11.44460
H 171.60800 122.32300 11.21500
H 172.75900 125.22200 11.24560
H 175.08100 122.93900 11.13940
H 176.22900 125.90300 11.16470
C 176.63000 124.08500 9.51942
C 182.45700 122.40600 9.64077
C 180.15400 124.69400 9.55287
C 178.92300 121.78900 9.54614
H 179.60400 126.56300 11.01110
H 178.47800 123.63500 11.12070
H 177.35200 120.77700 11.17980
H 181.97200 124.27800 11.20210
H 180.71900 121.36900 11.15620
C 157.08600 131.38400 9.61631
C 160.57300 132.12200 9.71666
H 158.95400 130.93300 11.19910
C 159.55200 129.08900 9.61879
C 156.11700 128.48800 9.51854
H 161.36900 128.62600 11.32070
H 155.69000 130.18300 11.29920
H 157.93700 127.95900 11.15540
C 161.97100 126.87800 9.54028
C 165.27700 127.79500 9.72203
H 165.89100 132.26100 11.61880
C 164.22300 132.65200 9.78664
C 162.76300 129.79400 9.59465
C 166.41200 130.57000 9.87392
C 168.70600 128.29500 9.88197
H 168.44600 130.01900 11.19800
H 162.45200 131.68200 11.23050
H 164.67600 129.36600 11.15680
H 167.08300 126.98900 11.31770
C 170.00600 131.17400 9.57085
C 172.00100 128.61900 9.64560
C 175.59000 129.23200 9.52907
C 173.41800 131.55100 9.63154
H 169.61600 132.88800 11.24390
H 170.62100 127.60600 11.44060
H 171.80700 130.51700 11.21900
H 173.96900 128.12900 11.09940
H 175.30000 131.09700 11.24250
C 176.81100 132.24800 9.59352
H 180.96300 129.46700 11.07510
C 180.40900 132.73400 9.69455
H 178.60400 131.78000 11.18960
H 182.40700 132.32700 11.05160
H 177.43800 128.82400 11.03700
C 177.75000 126.92600 9.45341
C 181.44400 127.74300 9.64849
C 179.04700 129.96500 9.54683
C 182.85600 130.57300 9.66358
C 158.61700 101.36100 12.32410
C 156.41000 103.85300 12.44740
C 159.59200 104.42000 12.49470
C 155.32600 100.89000 12.32690
C 161.73000 101.99600 12.39830
C 167.19500 100.44300 12.51750
C 165.06600 102.71600 12.55340
C 163.02700 105.06900 12.50010
C 166.21500 105.77900 12.47330
C 168.57100 103.38800 12.49540
C 171.12900 100.86400 11.93090
C 174.83500 101.47000 12.60600
C 172.19300 103.97100 11.89520
C 169.57000 106.40500 12.49350
C 175.79900 104.45600 12.53000
C 178.08500 102.28600 12.54410
C 181.44500 102.88200 12.54650
C 178.95500 105.28000 12.65870
C 182.59600 105.70300 12.47970
C 157.38800 106.73500 12.36440
C 160.66500 107.39700 12.36890
C 158.43100 109.75200 12.30370
C 156.03500 111.96000 12.41270
C 159.47800 112.72000 12.51390
C 154.92500 108.98600 11.77530
C 161.65900 110.29700 12.45970
C 164.05100 108.17100 12.54530
C 165.20600 111.03400 12.46590
C 167.33600 108.77400 12.43100
C 168.60600 111.51100 12.49320
C 162.84000 113.18000 12.59010
C 173.16600 106.78800 12.25530
C 170.85200 109.21400 12.24320
C 174.33600 109.82000 12.50640
C 175.43300 112.96200 12.81110
C 172.06200 112.20400 12.46700
C 176.69900 107.61900 12.57860
C 180.08900 108.23900 12.70500
C 177.77600 110.53900 12.75830
C 181.10800 111.19600 12.86930
C 178.94600 113.57400 12.88370
C 157.18200 114.95200 12.60530
C 160.53600 115.57300 12.68580
C 158.37300 117.93200 12.68390
C 154.86000 117.20400 12.66890
C 161.77800 118.65200 12.84680
C 164.07800 116.16400 12.77270
C 166.46100 113.96500 12.62040
C 167.61800 116.80600 12.67170
C 165.39400 119.16500 12.62660
C 168.76800 119.85500 12.77900
C 173.23900 115.18000 12.79350
C 169.74700 114.47500 12.58870
C 170.88200 117.40300 12.72250
C 174.29400 118.14300 12.71370
C 176.68600 115.97900 12.81680
C 182.28400 114.20900 12.89010
C 179.96000 116.56700 12.87940
C 177.71300 118.91400 12.72590
C 181.08500 119.53400 12.79670
C 155.97200 120.33500 12.62160
C 159.61200 120.78800 12.75280
C 157.22200 123.10600 12.78900
C 160.76400 123.74500 12.72750
C 158.37200 126.06100 12.67700
C 154.88800 125.39900 12.70030
C 166.50300 122.07200 12.86000
C 163.04500 121.55900 12.76870
C 167.53900 125.19400 13.00850
C 164.05900 124.51500 12.86960
C 169.89100 122.80000 12.92900
C 175.45800 121.14800 12.74630
C 173.22800 123.36500 12.79930
C 171.05400 125.74200 13.01830
C 174.41000 126.34200 12.80000
C 172.03400 120.42000 12.76210
C 178.95100 121.85200 12.79420
C 180.06300 124.75500 12.68030
C 182.34000 122.45100 12.76230
C 176.64500 124.05100 12.72060
C 156.00800 128.24700 12.75890
C 157.17200 131.32600 12.90000
C 160.50200 132.14000 12.80510
C 159.44600 129.11700 12.82770
C 161.85000 126.66700 12.83200
C 165.13500 127.54700 12.82140
C 163.88000 132.71100 13.02630
C 168.64600 128.17200 12.85280
C 166.41000 130.31800 12.72040
C 162.88600 129.83600 12.84070
C 175.55000 129.16800 12.69840
C 173.45300 131.60000 12.78020
C 172.32100 128.73200 12.86470
C 169.96000 131.06800 12.84850
C 180.44700 132.79200 12.63840
C 182.66200 130.42300 12.67770
C 179.05400 130.00900 12.64620
C 176.81100 132.21600 12.90450
C 177.81200 127.04900 12.70210
C 181.43000 127.48100 12.47640
C 185.14300 4.37587 9.95331
C 187.39900 2.08673 9.80156
C 188.52500 5.02315 9.77340
C 186.18700 7.38708 9.90183
H 184.74000 6.19599 11.56460
H 188.14700 6.82277 11.39550
H 187.08200 3.92886 11.46520
H 189.20000 1.54202 11.43540
C 184.11700 1.59264 9.65288
H 190.36200 4.50238 11.37600
H 183.47200 3.25150 11.42430
C 190.79100 2.60806 9.81544
C 191.92600 5.71115 9.86098
C 194.21700 3.37358 10.03940
C 195.55300 6.16042 10.16190
H 193.67400 5.18717 11.60940
H 192.57200 2.24482 11.55590
H 197.55800 5.69079 11.63070
H 191.43900 7.50881 11.33860
H 196.10300 2.87474 11.56580
C 197.81400 3.81561 10.04710
C 201.30600 4.52376 10.06530
C 199.02600 6.81421 9.92664
C 203.62400 2.32756 9.80992
C 204.81800 5.17518 9.89980
C 202.65400 7.50421 10.02650
C 199.98600 1.67558 9.77328
H 204.56000 6.93064 11.61470
H 203.29900 4.02513 11.55770
H 200.94500 6.27033 11.46740
H 199.68200 3.31036 11.62360
C 206.95800 2.72341 9.81947
C 208.23200 5.85327 9.77786
C 210.50100 3.36355 9.75909
C 211.57600 6.48087 9.84737
H 207.90700 7.64659 11.43410
H 208.94300 2.24022 11.32040
H 205.43200 1.66349 11.42820
H 210.02100 5.23806 11.41770
H 206.70900 4.61931 11.42050
C 189.59200 8.06221 9.79592
C 184.10800 9.77238 9.67074
C 185.30600 12.72960 9.78684
C 188.59500 13.29840 9.93897
C 187.31500 10.32610 9.89377
H 187.00000 12.12610 11.50590
H 185.77100 9.17340 11.48250
H 189.10500 9.79339 11.54520
H 190.28300 12.80920 11.53460
H 183.62800 11.59960 11.22560
C 190.94400 10.90310 10.21710
C 193.24800 8.62008 9.96582
C 196.80500 9.14270 9.99299
C 192.18600 13.75570 10.11200
C 194.59800 11.31090 10.02500
H 196.39100 10.90010 11.73130
H 194.26700 13.36950 11.44120
H 195.18800 7.94442 11.37890
H 192.93900 10.41350 11.82040
H 197.61500 13.88100 11.91290
C 197.99900 12.04070 10.26820
C 201.42400 12.69780 10.10980
C 200.35700 9.79472 10.03640
C 204.80400 13.39150 10.14310
C 203.66200 10.48140 10.02400
H 198.74500 8.64191 11.49630
H 202.24400 9.24936 11.65060
H 203.27700 12.24390 11.70310
H 199.93700 11.51660 11.78270
C 205.98000 8.16398 9.97134
C 209.35100 8.91722 9.85431
C 208.17100 13.89070 10.11510
C 207.00300 11.15020 10.06280
C 210.46500 11.81510 9.98614
H 210.08000 13.55270 11.69570
H 206.59300 12.88290 11.75280
H 211.14700 8.30550 11.51290
H 208.91800 10.65890 11.56110
H 205.52600 9.91006 11.62560
H 184.77400 14.49770 11.45120
H 183.64900 19.71460 11.53880
C 189.76500 16.02580 10.08080
C 186.30800 15.66220 9.90185
C 187.48400 18.49110 9.93688
C 184.06500 17.87310 9.87270
H 187.10000 20.34690 11.47460
H 188.02800 15.09740 11.64020
H 185.85200 17.46840 11.55910
H 189.38900 17.98810 11.45340
H 190.69300 20.89050 11.48300
C 185.21900 20.76460 9.84898
C 195.79900 14.44470 10.13210
C 191.14700 19.03190 9.95537
C 193.40100 16.65050 10.06230
C 196.65500 17.44760 10.18940
C 194.71800 19.72240 10.03240
H 191.69300 15.71420 11.65450
H 193.06200 18.60170 11.54080
H 196.38300 19.35440 11.83130
H 195.29000 16.39140 11.71520
H 200.97500 14.56770 11.69460
C 197.86000 20.46760 10.13010
C 199.01800 15.06130 10.16330
C 202.40700 15.65280 9.99085
C 200.07700 18.14780 10.04450
C 203.57900 18.67580 10.04890
H 201.97200 17.51810 11.55910
H 202.93100 20.52810 11.56230
H 198.61100 16.95890 11.75420
H 199.82100 19.97670 11.61940
H 204.21400 15.20060 11.72030
C 201.17600 21.16250 9.88329
C 211.43900 14.77790 10.01540
C 209.20200 16.97410 10.05950
C 205.70200 16.34210 10.05730
C 206.89200 19.15870 10.03120
C 210.21500 19.90620 9.97598
H 205.35300 18.21180 11.76310
H 211.01700 16.52410 11.70320
H 208.75800 18.85860 11.70430
H 207.62900 15.81990 11.60760
H 206.49700 21.16410 11.56280
C 188.77400 21.30070 9.87208
C 186.37900 23.68210 9.95252
C 189.88900 24.47990 9.98596
C 187.76500 26.68790 10.07500
H 188.45400 23.24870 11.38260
H 186.14700 25.55540 11.66780
C 184.23000 26.11940 10.13250
H 189.52600 26.16250 11.83260
H 184.89000 22.62190 11.38640
C 190.92000 27.29330 10.08590
C 196.64500 25.73140 10.27620
C 193.26200 25.09720 10.14320
C 195.46900 22.79990 10.04010
C 192.11000 22.13040 9.86103
H 196.15700 27.51780 11.97130
H 191.68900 23.87070 11.63320
H 192.77300 26.90600 11.71530
H 195.06800 24.55390 11.80490
H 193.90300 21.56470 11.47460
H 197.45800 22.27340 11.42840
C 198.98700 23.51650 9.96331
C 200.07000 26.47540 10.08180
C 203.47300 27.04530 9.90147
C 202.46700 23.97510 9.91130
C 204.59300 21.62220 10.01950
H 198.63000 25.29700 11.75940
H 202.02700 25.83720 11.51280
H 204.21600 23.49550 11.61630
H 200.87300 22.96980 11.52930
C 206.71700 27.58190 9.90586
C 207.99500 22.28790 9.94253
C 205.71100 24.61770 9.99844
C 208.99200 25.35880 9.89403
C 211.28000 22.99920 9.95973
H 205.26100 26.48940 11.59760
H 207.55700 24.13010 11.54410
H 208.54200 27.16880 11.55100
H 210.76400 24.82590 11.55080
H 209.81900 21.80430 11.59240
H 183.83200 27.95920 11.81820
H 190.61500 29.22880 11.63250
C 186.27000 31.97110 9.94699
C 188.79900 29.77930 9.97176
C 189.76200 32.64100 9.89942
C 185.22200 28.91650 9.94742
H 187.19200 28.58330 11.45600
H 188.19600 31.56110 11.56610
H 186.11200 33.92040 11.55290
H 184.95700 30.87040 11.39410
H 193.91300 29.92080 11.71750
C 193.10400 33.24350 9.81277
C 192.18000 30.29580 10.01210
C 194.40300 27.97690 10.24600
C 195.44700 31.09640 9.99536
C 196.54800 33.89680 9.70311
H 195.04500 32.78950 11.29080
H 197.34500 30.49050 11.53290
H 191.59800 32.18140 11.55710
C 197.64300 28.59200 10.29530
H 198.34300 33.42840 11.37400
C 202.24200 32.41210 9.86379
C 201.19400 29.32100 9.99541
C 198.88200 31.47320 9.92427
H 204.02600 31.88430 11.47280
H 201.76900 34.21600 11.44740
H 199.70500 28.28630 11.77100
H 200.78200 31.23430 11.53350
H 203.03500 28.88960 11.58510
C 204.50700 30.02770 9.90660
H 210.76000 33.10920 11.55120
C 210.05900 28.27990 9.87245
H 209.73100 30.19100 11.42250
H 206.31400 29.46450 11.52170
C 205.56700 32.98080 9.84951
C 211.27400 31.35710 9.88736
H 207.41900 32.52700 11.46520
C 208.98400 33.56060 9.83075
C 207.80500 30.71290 9.90610
C 185.15500 4.29767 12.99890
C 187.33900 2.02055 13.03790
C 188.63900 5.02535 13.07270
C 186.36000 7.33494 13.05430
C 183.83900 133.33000 12.92430
C 190.67300 2.68006 13.08080
C 191.84300 5.65957 13.02780
C 194.21200 3.33224 13.13220
C 195.49400 6.14840 13.02140
C 197.79800 4.05233 13.08500
C 203.48800 2.01969 12.94500
C 204.97300 4.98353 13.14990
C 199.17000 6.81816 13.15670
C 201.34900 4.44565 13.07780
C 202.61500 7.29527 13.10400
C 200.10100 1.50760 12.82750
C 211.49100 6.42982 13.07800
C 208.28000 5.73922 13.07380
C 207.06900 2.65151 12.98300
C 210.46000 3.32269 12.97510
C 189.66600 7.93900 13.06390
C 185.07500 12.57550 12.98860
C 187.25300 10.34770 13.16160
C 188.45900 13.18620 13.20590
C 183.80200 9.69819 12.86670
C 190.72500 10.87140 13.07230
C 192.19100 13.93220 12.87610
C 193.20400 8.49089 12.93180
C 196.76400 9.13199 13.02650
C 194.57700 11.68380 13.30840
C 197.96800 12.23100 13.24480
C 201.44300 12.69960 13.31070
C 200.28600 9.76016 13.20690
C 203.75100 10.46800 13.28660
C 204.77900 13.38590 13.34180
C 206.09700 8.00983 13.13070
C 209.32700 8.83565 13.13650
C 207.05500 11.00850 13.22260
C 210.49600 11.60620 13.18810
C 208.22000 14.04560 13.26630
C 184.06000 17.94720 13.19540
C 186.14800 15.66910 13.17790
C 189.67900 16.15970 13.13090
C 187.50000 18.55250 13.10710
C 185.21800 20.76150 13.09160
C 195.64200 14.47490 13.30670
C 191.07800 19.04320 13.04350
C 193.29400 16.73540 13.19670
C 196.76100 17.47980 13.40920
C 194.41300 19.86190 13.21670
C 197.78600 20.40410 13.14400
C 199.18600 15.14610 13.37740
C 202.43800 15.82380 13.31750
C 200.23100 18.13710 13.26080
C 203.41500 18.72460 13.23750
C 201.22800 21.20430 13.25060
C 211.59400 14.68420 13.27330
C 209.15900 16.95980 13.28740
C 205.79100 16.31870 13.28580
C 206.93300 19.38290 13.30000
C 210.34300 19.99720 13.25150
C 184.24000 25.97060 13.26510
C 188.75100 21.44280 13.02740
C 186.56500 23.74480 12.99500
C 189.80800 24.23100 13.26020
C 187.58400 26.85700 13.24920
C 190.99800 27.52950 13.36450
C 192.11400 22.05940 13.17760
C 195.53100 22.73930 13.05970
C 193.09700 25.04540 13.33930
C 196.65400 25.95510 13.27090
C 204.56000 21.55900 13.15640
C 198.95100 23.44330 13.13400
C 200.29200 26.45850 13.25190
C 203.41100 26.98500 13.24830
C 202.36200 23.98680 13.19570
C 211.33300 23.00460 13.16040
C 205.75800 24.62210 13.18470
C 208.94700 25.34960 13.20590
C 206.75200 27.67150 13.21190
C 208.02000 22.30880 13.17770
C 188.64600 29.70110 13.17760
C 185.25800 28.99060 13.10760
C 186.32800 31.97650 13.13810
C 189.70800 32.67480 13.13260
C 196.50400 33.95330 12.93190
C 194.19100 28.14920 13.35360
C 195.46400 31.12070 13.07760
C 192.05800 30.47950 13.26420
C 193.27700 33.33500 12.96850
C 197.78700 28.78020 13.33330
C 202.26800 32.43540 13.11710
C 204.47600 30.05440 13.14680
C 201.26300 29.50850 13.26640
C 198.89600 31.64850 13.10170
C 208.89400 33.68300 13.12060
C 211.21500 31.27930 13.13390
C 207.86600 30.67710 13.06170
C 205.60000 32.96280 13.05050
C 210.02400 28.33910 13.11950
C 185.39300 37.46410 9.75513
C 187.45000 35.09220 9.81451
C 188.65200 37.98830 9.77794
C 186.36200 40.38410 9.82279
C 184.17200 34.44780 10.01360
H 190.43300 37.49450 11.46550
H 187.15900 36.92390 11.45050
H 184.91800 39.26080 11.44940
H 188.26700 39.84210 11.37230
H 189.31100 34.47500 11.41850
H 183.88300 36.22990 11.28330
C 190.88200 35.63860 9.84508
C 192.06700 38.52180 9.85845
C 194.28200 36.33240 9.63487
C 195.36700 39.35090 9.75483
H 192.81200 35.16590 11.29610
H 197.18400 38.81750 11.36760
H 191.64700 40.42960 11.35130
H 196.06500 35.77950 11.27630
H 193.95400 38.09720 11.38330
C 197.54400 37.03970 9.67690
C 201.04200 37.53450 9.74347
C 198.72500 39.90920 9.70486
C 203.35400 35.33130 9.84257
C 204.29500 38.27690 9.74591
C 202.09500 40.57140 9.79063
C 199.93800 34.50070 9.75672
H 199.38600 36.43600 11.24440
H 203.89600 40.07740 11.38530
H 200.56200 39.38940 11.35350
H 202.87700 37.13430 11.39460
C 206.61200 35.99990 9.82316
C 207.73700 38.83190 9.88689
C 209.97600 36.63150 9.88410
C 211.29900 39.50690 9.90382
H 205.17800 34.81340 11.43540
H 209.70000 38.32610 11.36680
H 207.30500 40.72550 11.45280
H 206.04200 37.81630 11.41690
H 208.41400 35.39730 11.41250
C 189.80000 40.94320 9.75305
C 184.17900 42.65500 9.72313
C 187.59400 43.32930 9.84539
C 185.38000 45.63310 9.82554
C 188.60000 46.27440 9.78363
H 190.47600 45.78450 11.40340
H 189.44000 42.74960 11.42660
H 187.16000 45.13970 11.52090
H 185.96300 42.24870 11.45200
H 183.60900 44.51510 11.17820
C 190.95200 43.91630 9.79712
H 194.91600 41.16690 11.35970
C 193.05700 41.58050 9.73051
C 196.42600 42.28910 9.76430
C 194.20900 44.60050 9.73948
C 191.89600 46.94460 9.65176
H 196.04600 44.14930 11.42230
H 193.76600 46.49370 11.31930
H 197.13800 47.13700 11.19520
H 192.69600 43.44060 11.37870
C 195.27400 47.59850 9.62742
C 197.57900 45.15470 9.71656
C 199.84800 42.80890 9.71411
C 203.01400 43.49750 9.75535
C 200.83500 45.93760 9.71173
H 199.37800 44.68410 11.30960
C 204.35500 46.40690 10.06690
H 198.28200 41.73450 11.29820
H 202.53600 45.30520 11.43280
H 201.57600 42.34560 11.41010
C 205.45300 41.16660 9.76666
C 209.13000 41.69180 10.06070
C 206.80300 43.96390 10.05620
C 210.40200 44.67000 10.07640
C 208.18000 46.99980 9.97381
H 208.71300 43.58820 11.73230
H 211.03400 41.24450 11.70890
H 206.38200 45.86740 11.60380
H 204.83700 43.04230 11.28270
H 210.24600 46.55770 11.52470
H 184.77900 47.46400 11.37780
C 189.65300 49.50670 9.60495
C 186.27400 48.51660 9.70440
C 187.24800 51.50730 9.50574
C 183.91200 50.79210 9.70552
H 189.16600 51.20030 11.05380
H 186.81300 53.32580 11.09660
H 185.79900 50.38870 11.24700
H 188.25900 48.12140 11.18600
H 190.30300 54.14970 11.23450
C 184.92200 53.85890 9.56451
H 183.46400 52.70320 11.28300
C 190.62900 52.42680 9.41169
C 193.01900 49.89680 9.55394
C 196.31500 50.61650 9.51300
C 194.14700 53.06690 9.42336
H 192.56300 51.83300 10.88700
H 191.46700 48.81100 11.21380
H 194.88600 49.45930 11.22320
H 195.88300 52.44500 11.15800
C 197.46800 53.58690 9.56956
C 198.64900 48.27140 9.55816
C 201.80400 48.91570 9.61814
C 199.67200 51.31150 9.65478
C 203.13400 51.98020 9.63365
H 198.08900 50.11070 11.15210
H 200.34700 47.79070 11.33190
H 199.24700 53.17780 11.24180
C 200.83600 54.16070 9.57629
H 201.49500 50.81190 11.17520
H 202.59000 53.80670 11.24070
H 203.54600 48.35300 11.30000
C 211.71700 47.57430 9.82489
C 209.61700 49.91690 9.69174
C 205.64200 49.24840 10.26380
C 206.79400 52.27550 10.42910
C 210.55300 52.90610 9.64761
H 204.68700 51.33230 11.34110
H 209.06800 51.72040 11.28850
H 207.91500 48.77130 11.19130
H 211.40400 49.45700 11.40700
H 205.86300 54.34990 11.50180
C 183.65400 59.07020 9.60356
C 188.42200 54.54960 9.63641
C 186.10900 56.74570 9.61553
C 189.40400 57.42450 9.70987
C 187.11200 59.79710 9.48000
H 187.84800 56.32300 11.32810
H 184.57200 55.63870 11.25890
H 185.60500 58.61270 11.05250
H 188.80800 59.29630 11.23470
C 190.41400 60.53630 9.65974
C 196.31800 58.85040 9.39658
C 195.15200 55.95860 9.48480
C 192.79300 58.32000 9.71876
C 191.82700 55.38200 9.67910
H 192.53300 60.10940 11.06220
H 193.71400 54.81280 11.19030
H 194.85800 57.79480 11.12000
H 191.26800 57.14300 11.37790
H 195.94500 60.67510 11.03030
H 196.95300 55.39560 11.12400
C 203.26800 60.24630 9.48215
C 202.02600 57.14180 9.52985
C 198.57700 56.45960 9.58665
C 199.75200 59.43840 9.58113
C 204.28700 54.83070 9.72845
H 198.05400 58.39190 11.11280
H 200.47800 56.05860 11.17370
H 201.69600 59.09370 10.99660
H 203.77300 56.76530 11.22980
C 207.93700 55.18370 10.41660
C 205.29100 57.66000 9.51139
C 209.23800 58.14260 10.19300
C 211.78200 55.78450 9.69692
C 206.51000 60.67760 9.37224
H 205.02800 59.60730 11.07320
H 207.04500 57.35160 11.13750
H 210.20700 54.72920 11.35190
H 211.44200 57.67340 11.29690
H 208.27900 60.28150 10.96850
H 183.29700 60.93010 11.14970
C 189.47700 65.50780 9.56977
C 185.96800 65.00060 9.36065
C 188.13100 62.78870 9.46307
C 184.65800 62.02950 9.39419
H 190.04900 62.26160 10.98270
H 184.36900 63.94600 11.01410
H 186.52200 61.69130 10.97350
H 185.31100 66.90020 10.83200
H 187.68700 64.61250 11.16560
H 197.11400 63.65810 10.86330
C 195.34000 64.14880 9.17686
C 194.12400 61.10000 9.38503
C 191.65400 63.43300 9.46613
H 191.42700 65.25060 11.12880
H 193.74900 62.98640 10.70610
C 192.93800 66.25850 9.35468
C 196.50400 66.93650 9.18420
H 194.93400 65.92280 10.85340
C 204.28000 63.23870 9.37613
C 197.64600 61.67880 9.49835
H 202.99300 62.04760 11.13270
H 198.44700 66.62090 10.74030
H 201.71100 67.27140 10.86480
H 200.68700 64.28430 10.82500
H 204.04900 65.05500 11.02960
C 201.07100 62.32390 9.51990
C 202.27000 65.49130 9.29404
C 198.76100 64.67470 9.27024
H 199.44500 61.37020 11.23170
H 206.15100 62.61140 10.91880
C 211.36100 64.31460 9.16892
C 207.75700 63.60290 9.29960
C 210.39400 61.21970 10.00660
H 211.04200 66.08670 10.86910
H 209.76700 63.27040 10.74030
C 205.59300 65.98970 9.31096
C 209.16600 66.53470 9.30425
H 207.52600 65.49080 10.89800
C 185.30700 37.41240 13.04900
C 187.59500 35.07370 13.09570
C 188.65900 38.05300 13.07480
C 186.48500 40.42650 13.02730
C 184.24400 34.51930 13.08720
C 190.94300 35.53180 12.94570
C 192.11300 38.55750 12.95760
C 194.33900 36.27280 13.00520
C 195.36100 39.37330 12.98550
C 197.55600 36.97280 12.91490
C 200.97300 37.48050 12.93840
C 198.72100 39.90630 12.95900
C 203.32800 35.33680 13.02940
C 204.27700 38.31760 13.06580
C 202.04700 40.52930 12.98250
C 199.81500 34.66960 12.95290
C 206.62800 35.98900 13.01870
C 207.75300 38.96180 12.90170
C 209.91600 36.56630 13.07580
C 211.31200 39.41030 12.99480
C 189.84100 40.85830 12.99680
C 184.01400 42.61070 12.84110
C 187.60500 43.26970 13.05630
C 185.15200 45.54020 12.89320
C 188.58200 46.30820 12.94690
C 190.90100 44.06040 13.02360
C 193.05400 41.55810 13.01270
C 196.50300 42.27020 12.99590
C 194.20300 44.69380 12.98010
C 191.93700 47.04610 12.96300
C 197.62300 45.41360 12.90990
C 199.81300 42.89950 12.97160
C 203.10400 43.45030 12.98890
C 200.72900 45.95630 12.99190
C 204.24400 46.46980 12.85950
C 205.37300 41.30920 12.93920
C 208.94600 41.78480 13.13920
C 206.49700 44.05380 13.04790
C 210.44100 44.65360 13.14450
C 208.20400 47.03680 12.94100
C 184.04400 50.89930 12.88830
C 189.69700 49.41450 12.76370
C 186.46100 48.56240 12.87170
C 187.36000 51.51320 12.74040
C 185.07600 53.82340 12.85550
C 190.79100 52.23500 12.63570
C 195.37500 47.63120 12.86880
C 193.04800 50.12480 12.67480
C 196.31400 50.66800 12.82000
C 193.96400 52.87270 12.72390
C 197.35900 53.59130 12.79810
C 198.49900 48.38250 12.90260
C 201.79400 49.03800 12.92070
C 199.63500 51.21920 12.75820
C 203.12800 51.88150 12.79890
C 200.82200 54.24530 12.85530
C 211.68100 47.73340 13.16410
C 209.41400 50.01100 12.84930
C 205.68800 49.29810 12.26400
C 206.81000 52.24770 12.29620
C 210.63800 53.12100 12.78710
C 183.84200 59.15690 12.78280
C 188.38200 54.40160 12.75570
C 185.99800 56.94210 12.84480
C 189.35800 57.60970 12.90150
C 187.00500 59.91150 12.68990
C 192.99700 58.38010 12.71560
C 196.35300 58.94840 12.75240
C 195.13700 55.98280 12.78550
C 191.84500 55.43820 12.80830
C 190.57300 60.45560 12.54940
C 203.23900 60.22280 12.66420
C 198.53800 56.51020 12.64950
C 201.92000 57.35470 12.73770
C 199.75000 59.60580 12.57220
C 204.13300 54.93110 12.91200
C 206.63600 60.75460 12.59160
C 209.14200 58.22380 12.06670
C 207.99000 55.35560 12.26490
C 205.40400 57.84740 12.80220
C 211.80000 56.03120 12.86330
C 184.74900 62.12040 12.68350
C 188.11400 62.86230 12.54150
C 185.70700 65.24170 12.63450
C 189.43200 65.79400 12.57990
C 196.58800 67.03940 12.35560
C 191.86800 63.42600 12.32980
C 194.10900 61.35720 12.51800
C 193.15900 66.41600 12.48920
C 195.24200 64.03410 12.40670
C 197.45800 61.88440 12.61620
C 202.08600 65.42460 12.51070
C 204.53400 63.25080 12.66120
C 198.76000 64.75430 12.35140
C 201.09000 62.55740 12.62300
C 207.88300 63.52740 12.42410
C 211.40000 64.13340 12.43710
C 209.16100 66.61210 12.42970
C 205.70400 66.07640 12.51860
C 210.35800 61.20640 11.98770
C 184.79400 70.34440 9.26713
C 187.13100 67.84950 9.34684
C 188.37800 70.82370 9.19516
C 186.01700 73.31080 9.57833
C 183.49900 67.30680 9.17714
H 183.98800 72.30220 10.62420
H 188.27500 72.59860 10.36320
H 190.41000 70.37150 10.67880
H 189.09200 67.55840 10.85350
H 186.68500 69.78470 10.92200
H 183.06600 69.25020 10.71310
C 190.71300 68.53640 9.17506
C 191.99700 71.48230 9.06304
C 194.18600 69.22570 9.13157
C 195.38000 72.15150 9.08922
H 197.24900 71.74990 10.68440
H 193.91700 71.03450 10.70520
H 192.63700 68.11260 10.73620
H 191.68500 73.33440 10.50240
H 196.09700 68.84680 10.68740
C 197.71700 69.95670 9.14153
C 199.95300 67.78960 9.16044
C 201.03500 70.72360 9.14640
C 198.80900 72.92310 9.21143
C 203.38000 68.31840 9.26184
C 204.49100 71.16510 9.15543
C 202.27800 73.55950 9.19506
H 199.53200 69.59920 10.80260
H 204.18100 73.03680 10.75750
H 200.67300 72.50110 10.82250
H 202.88700 70.19330 10.74550
C 206.85500 68.90560 9.15514
C 207.98600 71.88130 9.17903
C 210.37000 69.63090 9.24882
C 211.48500 72.47080 9.31706
H 209.81400 71.37460 10.85300
H 206.45100 70.78750 10.72930
H 207.51000 73.70140 10.77980
H 205.31700 67.89140 10.84720
H 208.75800 68.42820 10.75300
C 189.80500 73.89100 8.92752
C 184.56400 78.77730 8.75181
C 188.45900 79.14060 9.49951
C 187.29900 76.14620 9.59777
C 183.41500 75.83940 8.83731
H 189.46200 75.71280 10.68580
H 190.64100 78.65780 10.64640
H 186.34000 78.29520 10.39180
H 185.08400 75.38300 10.48330
H 183.06400 77.73730 10.43330
C 190.97000 76.86560 9.04070
H 194.96700 74.03840 10.65520
C 193.22500 74.65200 8.98930
C 196.62300 75.19970 9.15844
C 192.13300 79.85360 9.06446
C 194.35400 77.48030 9.20344
H 197.33800 79.93530 10.67480
H 193.88500 79.31380 10.78900
H 196.17700 77.01560 10.77850
H 192.75100 76.36900 10.78010
C 197.77000 78.09500 9.18045
C 201.09800 78.67990 9.23102
C 199.84700 75.78600 9.26704
C 203.52800 76.46220 9.18455
H 201.86100 75.39610 10.73690
H 203.10400 78.30570 10.72750
H 199.55500 77.61150 10.87500
H 198.30600 74.74090 10.90700
C 204.75600 79.45250 9.23363
C 205.70300 74.16330 9.12579
H 211.04500 74.27900 11.01450
C 209.21200 74.82460 9.35614
C 208.30200 80.09790 9.35064
C 207.10100 77.06610 9.29817
C 210.43100 77.77850 9.45644
H 205.40400 75.99260 10.78470
H 210.00100 79.64570 11.08820
H 208.88200 76.65080 11.00300
H 206.61500 78.90940 10.79990
H 184.23700 80.58710 10.39670
C 183.60500 84.07430 8.90361
C 189.63600 82.20700 9.69220
C 185.90200 81.74540 8.88742
C 186.95000 84.68540 8.94361
H 188.65500 84.28230 10.61880
H 187.49400 81.25740 10.41310
H 185.38200 83.55210 10.53440
H 186.53500 86.53860 10.56580
H 189.84900 87.25950 10.64610
H 183.25200 85.90630 10.55940
C 184.71900 87.12750 8.96835
C 195.41600 80.37600 9.10625
C 190.80800 85.16530 9.72313
C 193.26400 82.91460 9.06631
C 196.87700 83.31820 9.24700
C 194.54000 85.90380 9.19387
H 191.84900 81.62250 10.73680
H 195.14000 82.21780 10.62290
H 196.40200 85.20730 10.77660
H 193.00800 84.55280 10.70870
H 200.76900 80.51840 10.85470
C 198.06700 86.24610 9.25126
C 199.00100 81.06940 9.21604
C 202.38300 81.69070 9.29366
C 200.22900 84.00810 9.22453
C 203.61000 84.65420 9.42247
H 204.28200 81.28440 10.84240
H 202.00800 83.50360 10.91340
H 203.12300 86.36580 11.14880
H 198.67100 82.92110 10.87510
H 199.88500 85.81440 10.91440
C 201.43100 87.02620 9.46622
C 211.63200 80.70880 9.52174
C 209.39300 83.01780 9.52881
C 205.96300 82.37880 9.31971
C 207.01300 85.31390 9.60056
C 210.72200 85.98140 9.59951
H 211.22400 82.53470 11.14490
H 207.70000 81.82550 11.01250
H 205.40800 84.12200 11.05830
H 208.99700 84.83240 11.06590
H 206.52900 87.06750 11.37040
C 183.87300 92.38560 9.04802
C 188.08400 87.80400 9.02909
C 187.14500 93.10690 9.14795
C 189.29900 90.64880 9.12232
C 185.95100 90.15380 9.16000
H 188.92300 92.49390 10.71250
H 185.68300 91.97410 10.78690
H 187.73800 89.55560 10.77270
H 184.43400 88.92460 10.64940
C 190.52200 93.67350 9.23375
C 192.00900 88.16830 9.70531
C 195.83200 88.75210 9.21492
C 193.20500 91.10630 9.89799
C 196.92500 91.87710 9.39352
H 197.63400 88.14660 10.78290
H 195.39500 90.49480 10.94850
H 194.21500 87.50250 10.69020
H 192.21200 93.13580 10.88420
H 191.07800 90.17730 10.77740
H 196.56100 93.50780 10.85490
C 203.53900 92.93430 9.53555
C 204.76000 87.50290 9.67898
C 199.20500 89.29990 9.32662
C 202.41800 90.05370 9.48203
C 200.20400 92.41880 9.44913
H 201.96100 91.80040 11.11120
H 198.75500 91.11590 10.97040
H 200.95100 88.82000 11.06070
H 204.08400 89.41070 11.19890
C 207.19500 93.40790 10.18010
C 206.05800 90.38620 9.96731
C 208.36800 88.14970 9.89519
C 209.64400 91.08730 9.62950
C 211.83600 88.80050 9.53071
H 205.12900 92.39220 10.99480
H 211.56900 90.60110 11.17970
H 210.43700 87.75350 11.31530
H 208.15100 89.92940 11.25550
H 209.40600 92.90840 11.29460
C 188.32500 96.08820 9.30045
C 186.09200 98.40680 9.42974
C 189.61200 98.90510 9.48356
C 184.98000 95.51690 9.23598
H 186.76300 94.85490 10.85250
H 190.04600 95.41160 10.94880
H 184.41800 97.24010 10.90790
H 187.90200 97.80640 10.99580
H 185.66400 100.14300 11.15930
H 183.40600 94.19950 10.65740
H 191.27400 98.29970 11.23280
H 194.47400 99.00360 11.35700
H 193.37100 96.07710 10.84660
H 197.67900 96.48500 11.16370
C 194.34200 94.04270 9.88704
C 192.82200 99.36120 9.59613
C 195.48900 97.06780 10.19760
C 196.56600 99.99640 10.43120
C 191.71700 96.56060 9.47996
C 198.17300 94.79270 9.43995
H 199.87400 94.15670 11.18040
H 203.07900 94.76630 11.18130
C 201.30100 95.33580 9.60135
C 204.61300 95.92540 9.59846
C 199.15100 97.69670 9.57025
C 202.32600 98.29690 9.58214
H 201.88800 100.23100 11.01970
H 200.89600 97.14080 11.24420
H 204.08600 97.81030 11.23300
H 198.85600 99.50380 11.23450
C 205.66000 98.93560 9.60640
C 210.73400 94.15190 9.50312
C 208.21000 96.45230 10.12560
C 212.04400 97.17390 9.45217
C 209.41000 99.44440 10.25630
H 206.18500 95.44270 11.12690
H 210.50500 95.86680 10.99970
H 207.30800 98.49770 11.11750
H 211.61000 98.80600 11.29420
C 184.62900 70.49000 12.23780
C 187.02900 68.02830 12.37650
C 188.50300 70.97540 12.23490
C 186.16400 73.31910 11.34070
C 183.52400 67.54120 12.50720
C 190.80300 68.61890 12.37370
C 192.02200 71.54500 12.22270
C 194.24200 69.17820 12.30600
C 195.34000 72.19330 12.28940
C 197.60200 69.94300 12.31420
C 199.86700 67.83310 12.44660
C 201.07100 70.69060 12.41700
C 198.76400 72.82000 12.35950
C 203.36700 68.36910 12.34250
C 204.53900 71.17300 12.32440
C 202.30500 73.57570 12.35880
C 206.88500 68.92580 12.39640
C 207.96100 71.84720 12.36120
C 210.24100 69.51190 12.44800
C 211.39600 72.31350 12.51800
C 189.70700 73.97510 12.00060
C 184.64200 78.74150 12.04910
C 187.17200 76.23870 11.53390
C 188.39200 79.20180 11.51520
C 183.31200 75.88550 12.06190
C 190.89900 76.91990 12.34430
C 193.11000 74.52270 12.26810
C 196.37600 75.14620 12.38270
C 194.32900 77.43760 12.39040
C 192.03900 79.81730 12.38230
C 197.68500 78.19550 12.36980
C 201.22500 78.64100 12.40410
C 200.00900 75.70090 12.39880
C 203.47100 76.45940 12.35020
C 204.71800 79.34590 12.34000
C 205.72500 74.18310 12.41790
C 209.04100 74.68870 12.49220
C 206.96100 77.04350 12.43750
C 208.09100 79.92090 12.59840
C 210.34700 77.73550 12.68110
C 183.60300 83.98900 12.13200
C 185.69700 81.62500 12.08270
C 189.55100 82.12480 11.44520
C 187.08600 84.62410 12.11200
C 184.82800 87.00590 12.22340
C 195.49400 80.44580 12.29800
C 190.73300 85.17410 11.65690
C 193.34000 82.79490 12.35450
C 196.64400 83.30500 12.34520
C 194.47200 85.77590 12.35290
C 197.97000 86.33690 12.39970
C 198.87000 80.95490 12.38450
C 202.38500 81.60230 12.43210
C 200.12900 84.02400 12.53640
C 203.56800 84.46850 12.65180
C 201.25800 86.98450 12.63410
C 211.60000 80.66280 12.74400
C 209.20100 82.91240 12.63170
C 205.79700 82.20240 12.59160
C 210.61800 85.74150 12.70780
C 207.01600 85.15850 12.70720
C 183.74900 92.36170 12.29700
C 187.22200 93.00110 12.42260
C 188.10400 87.57490 12.25330
C 189.38700 90.62870 12.33210
C 185.93700 90.03680 12.33660
C 190.55700 93.42520 12.42200
C 191.98300 88.02080 11.64820
C 196.90500 91.68830 12.53430
C 193.14400 91.06360 11.82700
C 195.72500 88.78610 12.32610
C 203.49900 92.89790 12.70510
C 202.28500 89.96680 12.75250
C 199.06400 89.17710 12.52690
C 204.54700 87.55370 12.78320
C 200.17500 92.24810 12.72700
C 211.99700 88.82220 12.83700
C 209.73800 91.24970 12.79620
C 205.96000 90.51100 12.36130
C 207.18300 93.36950 12.08470
C 208.39600 87.99600 12.79540
C 189.42900 98.87270 12.69310
C 186.02400 98.20570 12.60400
C 188.23900 95.91200 12.54790
C 184.85400 95.29730 12.38750
C 196.61900 99.88070 12.24090
C 194.29800 94.01090 11.76930
C 192.85000 99.42360 12.84950
C 195.39400 96.87620 12.08120
C 191.65500 96.26180 12.59400
C 197.89700 94.62520 12.67450
C 202.35700 98.47350 12.77430
C 201.34400 95.27630 12.81410
C 204.46000 95.94770 12.85230
C 199.11900 97.68180 12.85300
C 209.37600 99.44070 12.17960
C 211.06200 94.16710 12.68250
C 208.31500 96.35770 11.97640
C 205.56800 99.08580 12.75170
C 211.99500 97.12160 12.66750
C 185.00000 103.52000 9.52937
C 187.29000 101.19300 9.50712
C 188.48200 104.28400 9.40860
C 186.28600 106.48000 9.63871
C 183.79800 100.66800 9.49881
H 189.21100 100.71200 11.03970
H 186.98800 103.07200 10.96050
H 184.78800 105.23600 11.30270
H 188.26500 105.96900 11.18170
H 190.34400 103.65900 10.99170
H 183.34400 102.40700 11.02310
C 190.76100 101.82800 9.44122
C 191.90900 104.84700 9.48089
C 194.14900 102.35800 9.65713
C 195.53600 105.35100 9.75275
H 197.50300 104.90700 11.33070
H 192.48500 101.26500 11.15930
H 195.85700 102.07400 11.45550
H 193.68600 104.27700 11.12630
H 191.59600 106.62100 11.18120
C 197.49200 102.99900 9.76845
C 201.24700 103.58000 9.51684
C 198.89400 105.95500 9.54919
C 203.41700 101.42500 9.50498
C 204.55400 104.35400 9.63773
C 202.30700 106.61400 9.54570
C 200.12300 100.69700 9.35676
H 199.60500 102.48200 11.04020
H 204.11000 106.18200 11.24380
H 200.70800 105.50900 10.98130
H 202.99000 103.21200 11.17810
C 206.95100 102.02000 9.65829
C 207.96900 104.90500 9.75845
C 210.56600 102.43800 10.38120
C 211.74200 105.35200 10.41290
H 205.22600 100.87500 11.10400
H 206.24900 103.82300 11.31390
H 208.43300 101.51900 11.22820
C 189.76900 107.18200 9.59489
C 187.61400 109.45400 9.67469
C 184.93600 111.62100 10.31290
C 188.64800 112.52800 9.89654
C 183.78900 108.78400 10.18640
H 189.48700 108.92500 11.30000
H 186.07900 108.19100 11.00040
H 190.54600 111.87700 11.43860
H 187.14900 111.15200 11.47260
H 182.76800 110.75000 11.18820
C 191.02800 110.14500 9.76311
C 193.14000 107.76200 9.61273
C 196.67400 108.36400 9.56685
C 194.44200 110.56900 9.77349
C 192.10800 112.87300 9.73585
H 196.32600 110.10800 11.34020
H 195.09800 107.11600 10.98240
H 192.80400 109.53400 11.37520
H 193.98500 112.45800 11.27970
H 197.30300 113.12000 11.21990
C 197.65100 111.27900 9.56998
C 199.96300 108.88800 9.50795
C 203.46300 109.57600 9.54732
C 201.22500 111.88700 9.47828
H 198.49200 107.79000 11.20290
H 201.83400 108.52800 11.08960
H 199.57800 110.83700 11.00520
C 204.59000 112.59900 9.65359
C 205.74500 107.38000 9.68716
C 209.13800 107.91500 9.71410
C 206.79300 110.24300 9.79907
C 209.99900 110.88300 9.62551
C 207.84300 113.14700 9.67669
H 183.99800 113.72300 11.13180
H 182.96400 119.05900 11.31810
C 189.76300 115.41200 9.74635
C 186.10400 114.62800 10.24160
C 187.27800 117.57400 10.30430
C 183.42900 117.15300 9.71177
H 189.48600 117.09200 11.34520
H 185.11400 116.70100 11.20450
H 188.28100 114.09700 11.30630
H 186.27800 119.64400 11.12410
H 190.41400 120.12400 11.34230
C 184.54100 120.11500 9.60310
C 195.45300 113.65700 9.63864
C 190.87800 118.32800 9.68941
C 193.13700 115.99400 9.58431
C 196.51600 116.63800 9.69757
C 194.17100 118.87200 9.80670
H 192.69700 117.73400 11.36490
H 191.73300 114.77300 11.22080
H 194.95700 115.49300 11.24710
H 196.09100 118.44200 11.39350
C 197.61100 119.57800 9.72684
C 198.84500 114.19700 9.54674
C 202.36000 114.91500 9.63527
C 199.99000 117.14600 9.64228
C 203.32900 117.79100 9.78607
H 198.43500 116.02100 11.21610
C 201.09700 120.26000 9.69641
H 199.51800 119.02700 11.26360
C 211.29800 113.77600 9.70546
C 209.04100 116.06800 9.66719
C 205.58300 115.61200 9.70665
C 206.70900 118.43800 9.76881
C 210.26900 118.98700 9.68320
C 188.31000 120.34700 9.92211
C 185.98700 122.86100 9.70932
C 189.59200 123.51400 9.62482
C 187.26000 125.83100 9.65115
C 183.77900 125.35100 9.74923
H 184.22600 121.96000 11.25870
H 187.97000 122.45300 11.22970
H 185.73600 124.78400 11.28400
H 189.10600 125.36400 11.25530
C 190.68800 126.50000 9.75753
C 196.33800 124.77400 9.75307
C 195.34100 121.78100 9.83815
C 193.06600 124.10300 9.83972
C 191.87100 121.34100 9.69074
H 191.34000 123.09000 11.40390
H 193.66600 120.78100 11.37510
H 197.23600 121.35800 11.42970
H 192.62000 126.03600 11.24800
H 194.94500 123.67300 11.47140
H 195.96100 126.64500 11.34810
C 204.41300 120.89300 9.87010
C 203.23700 126.03300 9.67446
C 198.70000 122.53200 9.74724
C 199.80600 125.41400 9.74700
C 202.00900 123.25800 9.66201
H 198.21100 124.32400 11.36380
H 201.65400 124.99700 11.40860
H 200.58600 121.99700 11.30170
C 207.94700 121.50900 9.77615
C 211.36500 121.99200 9.74227
C 206.94000 126.70900 9.55500
C 209.16600 124.39900 9.62219
C 205.65700 123.76800 9.65664
H 183.49500 127.11700 11.07610
C 186.29000 131.20200 9.77306
C 188.41700 128.79100 9.71309
C 185.21600 128.25500 9.65134
C 189.70300 131.61700 9.95470
H 184.72000 130.02900 11.35540
H 186.92900 127.65400 11.35630
H 190.23700 128.28800 11.32170
H 185.80700 132.98000 11.40110
H 187.98300 130.55500 11.42050
H 193.79500 128.93000 11.31950
H 194.87500 131.88300 11.59400
H 191.50400 131.19400 11.63100
C 191.91400 129.44200 9.85583
C 193.02900 132.30900 10.00130
C 195.31600 130.16400 9.81776
C 196.35800 132.98700 9.90950
C 194.14800 127.11200 9.66604
H 197.10500 129.54300 11.39780
H 199.31500 127.23700 11.35430
H 200.64300 130.11200 11.41780
C 197.48700 127.79900 9.72420
H 198.39700 132.43200 11.21080
C 200.84600 128.34200 9.73019
C 204.63900 128.88200 9.61415
C 202.20500 131.27500 9.80957
C 198.73400 130.70000 9.85299
H 201.98300 133.05300 11.16760
H 204.26000 130.74000 11.17320
H 202.93600 127.87100 11.09370
C 205.80900 131.90200 9.66930
C 208.04400 129.55500 9.65436
C 209.34000 132.44200 9.70794
C 211.50400 130.14600 9.64918
C 210.33400 127.26700 9.60046
H 207.66300 131.39200 11.23450
H 211.19000 131.96500 11.32470
C 185.08700 103.45200 12.62760
C 187.34100 101.21800 12.59990
C 188.57700 104.08000 12.65720
C 186.42100 106.44100 12.75190
C 183.74300 100.50300 12.62410
C 190.67900 101.85700 12.67960
C 191.83400 104.68200 12.68920
C 193.88700 102.45500 12.85910
C 195.38600 105.23800 12.60260
C 197.76800 102.85600 12.75220
C 200.23600 100.82900 12.77370
C 201.03600 103.74400 12.63030
C 203.39800 101.38200 12.68150
C 204.41100 104.32300 12.86480
C 199.01300 105.93100 12.81130
C 202.14900 106.67700 12.68100
C 206.64300 101.94500 12.87970
C 207.74700 104.97500 12.92350
C 210.54700 102.36800 12.24550
C 211.77700 105.35500 12.28400
H 207.49900 106.82400 11.25190
H 209.59700 104.49400 11.38910
C 189.81800 107.00700 12.83690
C 183.87200 108.71100 12.00850
C 187.51400 109.26800 12.82090
C 184.87600 111.65400 12.18190
C 188.67100 112.34800 13.03010
C 190.91700 110.04100 13.00420
C 193.36400 107.59500 12.71910
C 196.61100 108.06700 12.78320
C 192.19700 112.99100 12.91530
C 194.44800 110.66500 12.91220
C 197.88300 111.27900 12.82290
C 203.24000 109.58400 12.86510
C 201.11000 111.94400 12.64460
C 204.43200 112.44300 12.88130
C 199.93300 109.06500 12.68510
H 202.99400 111.38400 11.14550
C 205.67000 107.21200 12.87490
C 208.93800 107.93600 12.99060
C 206.74200 110.21600 12.96060
C 210.09000 110.94300 12.93900
C 207.89100 113.30400 12.93570
H 210.70800 107.41200 11.38850
H 208.58600 109.75200 11.35800
H 209.64400 112.73500 11.26140
H 206.39000 112.11600 11.38810
H 205.19300 109.12600 11.37470
C 183.42900 117.18300 12.90510
C 186.03600 114.63300 12.24990
C 187.19800 117.60600 12.21010
C 189.88400 115.22500 12.84740
C 184.61500 120.13100 12.86950
C 195.54700 113.65000 12.83110
C 190.90900 118.33700 12.99720
C 196.61300 116.56600 12.88710
C 193.16600 115.85700 12.91100
C 194.20200 118.93400 12.95710
C 197.73800 119.43400 13.00560
H 200.72700 113.73100 11.06420
C 203.25400 117.77800 13.03930
C 198.97100 114.21300 12.77590
C 202.16400 114.75100 12.84060
C 199.84200 117.17100 12.93390
C 200.87900 120.16300 12.97250
H 202.79500 119.59700 11.41540
H 204.10800 114.30300 11.28680
H 201.75600 116.59500 11.38440
C 211.20800 113.78000 12.91820
C 209.01600 116.09000 12.87880
C 205.58300 115.41200 12.95940
C 210.13900 118.97300 12.90440
C 206.84700 118.59000 12.91240
H 206.39700 120.29400 11.42250
H 210.83400 115.62500 11.30790
H 207.43300 115.06100 11.24470
H 208.62600 117.97100 11.21970
H 205.13800 117.36700 11.44940
C 187.35300 125.81400 12.93380
C 183.71300 125.19800 12.72320
C 189.49100 123.57100 12.95510
C 188.20500 120.42200 12.61020
C 185.98800 122.96600 12.80030
C 190.74000 126.45500 12.83780
C 196.50000 124.87000 13.02140
C 192.96900 124.23600 12.92830
C 195.29300 121.75200 13.01190
C 191.85800 121.32900 13.05510
C 202.16600 123.10100 12.93070
C 204.43400 120.75400 12.83760
C 198.74100 122.49700 12.98150
C 199.78700 125.42300 12.96160
C 203.46600 126.05600 12.72770
H 203.88700 122.60200 11.15700
C 205.66700 123.59100 12.61010
C 209.02800 124.34800 12.85540
C 206.84200 126.57100 12.77230
C 211.26200 121.92300 13.01000
C 207.99800 121.45900 12.87280
H 210.84700 123.80300 11.41820
H 205.30600 125.54300 11.07540
H 208.75200 126.17300 11.15070
H 207.62100 123.18500 11.13330
H 209.83100 120.80800 11.30220
C 184.97100 128.09500 12.85270
C 188.44700 128.77900 12.99830
C 189.50300 131.63600 13.06790
C 186.08300 131.05400 12.98850
C 196.68400 133.12900 12.94170
C 195.25700 130.01500 13.05550
C 193.00600 132.41200 13.21290
C 194.14700 127.05600 12.92730
C 191.87900 129.34700 12.90400
C 197.51700 127.68600 12.96930
C 204.54000 128.82600 12.76570
C 201.04600 128.41000 12.75430
C 202.40500 131.22900 12.77730
C 198.74500 130.66100 12.92570
C 208.10100 129.55200 12.84410
C 209.26500 132.33700 12.90170
C 205.82900 131.74400 12.88250
H 206.49500 128.47600 11.27430
H 209.93900 129.07900 11.24550
C 211.55000 130.06400 12.88460
C 210.22500 127.19200 12.84630
C 217.22900 4.66213 9.92065
C 218.25500 7.59547 9.89096
C 213.97900 4.09681 9.86574
C 214.96400 7.00718 9.86012
C 216.19500 1.66842 9.88059
H 216.70700 6.47447 11.53200
H 213.38800 5.88547 11.46310
H 215.78500 3.47567 11.53790
H 212.35400 2.91566 11.39830
C 219.51900 2.29934 9.91418
C 222.88500 2.88784 9.86517
C 220.40000 5.34787 9.94362
C 224.08600 5.79582 10.23160
H 223.27300 7.73907 11.73220
H 218.99300 4.07871 11.59950
H 220.02300 7.11839 11.56080
H 222.32300 4.73574 11.42080
H 224.67800 2.41976 11.54300
H 221.32200 1.80992 11.58610
H 226.11500 5.30412 11.69890
C 226.45000 3.48852 10.08240
C 230.02100 4.03574 10.08330
C 227.82400 6.40879 10.13010
C 231.23300 6.95815 10.02500
C 232.15100 1.82101 10.04710
H 228.38600 3.07740 11.67580
H 233.01600 6.57839 11.69390
H 229.75100 5.92911 11.68130
H 231.84900 3.63632 11.69440
C 240.95000 5.67153 10.01250
C 233.37000 4.71316 10.04520
C 235.95500 2.15105 10.69460
C 239.69800 2.85321 10.03630
C 237.22000 5.05214 10.74170
C 234.77600 7.52154 10.12560
H 240.62500 7.61755 11.55750
H 236.29700 7.16141 11.63290
H 239.44500 4.63800 11.71830
H 238.24900 1.66035 11.70760
H 235.04000 4.21303 11.59030
C 217.23000 13.05080 9.84111
C 215.98800 9.89545 9.85482
C 213.81700 12.50020 9.89353
C 212.72200 9.40040 9.89268
H 217.84000 9.43974 11.44700
H 212.35900 11.23320 11.52880
H 213.32000 14.25160 11.55380
H 214.57200 8.81836 11.54020
H 215.72800 11.84480 11.38850
H 218.84200 12.47620 11.65770
C 221.55000 8.27010 9.97502
C 219.32900 10.73350 9.92482
C 225.31700 8.74953 10.53610
C 222.72900 11.27450 9.98748
C 220.33900 13.63470 9.96534
C 223.84700 14.25130 10.02430
H 224.26700 10.72860 11.57260
H 222.13900 13.13010 11.58660
H 221.07400 10.12240 11.51220
H 225.37000 13.80150 11.55030
C 226.33700 11.73160 10.58120
C 229.04800 9.54268 9.88132
C 230.08900 12.44910 9.88892
C 232.36700 9.92313 9.90351
H 227.56200 8.22415 11.46130
H 228.57600 11.15250 11.43360
H 229.70700 14.14430 11.62530
H 230.80300 8.90921 11.59390
H 232.03100 11.90910 11.35850
C 240.45900 14.13700 10.18580
C 233.56900 13.07400 9.84124
C 238.35800 8.04540 10.55810
C 235.57100 10.58170 9.77214
C 239.47400 11.04330 10.56510
C 236.86900 13.54040 9.80876
H 237.32000 10.15790 11.32340
H 235.30500 12.49110 11.47250
H 234.16800 9.50313 11.55700
C 218.12700 16.06620 9.86679
C 214.78200 15.42220 9.94434
C 215.87100 18.32390 9.93430
C 213.54800 20.59820 9.95433
C 212.43000 17.67830 10.03050
H 217.71800 17.84000 11.52210
H 212.07000 19.53270 11.60010
H 214.38500 17.27910 11.59680
H 215.41200 20.20060 11.54530
C 216.97200 21.26130 9.90011
H 216.65100 14.85440 11.47770
C 219.22200 19.08320 9.89432
C 221.43400 16.55200 9.88497
C 224.71000 17.20250 9.80935
C 222.42200 19.56070 9.75909
H 218.78100 20.84790 11.59910
H 219.91500 15.44210 11.52120
H 221.01700 18.46060 11.48290
H 223.23100 16.17990 11.54410
H 224.32300 19.13150 11.32230
H 222.04600 21.50150 11.25870
C 227.51100 14.68040 10.62810
C 225.74500 20.18660 9.56325
C 228.56300 17.50860 10.30220
C 231.09900 15.39220 9.86728
C 232.33800 18.22930 9.61398
C 229.74500 20.56420 10.25150
H 233.00500 14.89950 11.43580
H 226.44500 16.77430 11.42270
H 227.59200 19.67390 11.09120
H 230.82200 17.11530 11.26940
H 231.93100 20.02640 11.32250
C 238.10600 16.47660 9.69266
C 234.55500 15.84150 9.68611
C 235.80700 18.88550 9.69913
C 239.42500 19.48170 9.78429
C 233.51700 21.12430 9.76985
C 218.01200 24.29060 9.78593
C 212.28800 25.94990 9.86111
C 215.75400 26.56370 9.75278
C 214.60500 23.59840 9.83375
H 213.15800 22.51130 11.52380
H 211.91600 27.79300 11.51640
H 214.15600 25.47110 11.41160
H 217.55900 26.11520 11.39960
H 216.52800 23.14510 11.44020
C 219.15900 27.21330 9.81699
C 220.16600 21.93680 9.78195
C 223.59600 22.67230 9.68469
C 221.43700 25.02170 9.78490
C 224.82900 25.64250 9.66681
C 222.63600 27.86700 9.87429
H 219.92500 23.86730 11.38580
H 220.99500 26.79410 11.40680
H 223.30900 24.51160 11.34550
H 225.48600 22.07340 11.18130
H 224.55600 27.40100 11.40060
C 227.08100 23.19440 9.50232
C 230.85900 23.52490 10.26610
C 228.23000 26.19670 9.58826
C 232.18400 26.58700 10.48750
H 228.70700 22.65330 11.04920
H 226.67900 25.02610 11.17010
C 240.47200 22.52230 9.86402
C 239.29700 27.93320 10.13490
C 238.25800 24.90760 9.91372
C 237.13700 21.73140 9.91796
C 236.00500 27.21170 10.04920
C 234.71200 24.04300 9.81216
C 212.34100 34.23120 10.01580
C 218.03700 32.44550 9.92785
C 216.80000 29.62600 9.74925
C 213.33700 28.93970 9.84251
C 214.52800 31.99520 9.95784
H 214.15500 33.70520 11.68930
H 213.04500 30.76220 11.52640
H 216.39000 31.39300 11.49440
H 215.27600 28.38810 11.29590
H 217.71500 34.31750 11.56210
C 220.31000 30.32840 9.88357
C 225.06300 33.64110 9.83027
C 221.59300 33.17840 9.91578
C 223.79800 30.77470 9.75869
H 218.65000 29.08340 11.35300
H 222.30800 29.73990 11.43690
H 220.02400 31.94250 11.46580
C 229.51600 29.09070 9.76104
C 226.03200 28.48400 9.66446
C 228.52900 34.41240 9.88602
C 227.33200 31.42830 9.81579
C 230.69200 32.01260 9.91859
C 240.38600 30.83990 10.02280
C 233.27000 29.54380 10.72890
C 236.81100 30.17170 10.11620
C 234.39900 32.51380 10.65020
C 238.15300 33.17060 10.20380
C 217.22700 4.67621 13.19790
C 218.20400 7.61098 13.14420
C 214.88800 6.94049 13.16590
C 216.09300 1.51770 13.12740
C 213.88200 3.97028 13.06640
C 219.54400 2.29456 13.25260
C 222.84700 2.96212 13.17600
C 220.54800 5.29978 13.10850
C 224.03700 5.82554 13.00060
C 226.32400 3.60855 13.11490
C 229.99600 4.12458 13.30860
C 227.83000 6.47824 13.17810
C 231.17700 7.15838 13.27200
C 232.12300 1.84606 13.35960
C 233.40700 4.73924 13.28250
C 236.04500 2.16006 12.63130
C 239.70200 3.02762 13.27880
C 237.12200 5.08462 12.58610
C 234.51800 7.71975 13.23550
C 240.97600 5.97919 13.26560
C 217.01600 13.10080 13.17240
C 216.07100 10.03640 13.10350
C 212.79300 9.35988 13.14930
C 213.95900 12.39840 13.05460
C 221.41600 8.36243 13.24090
C 219.26600 10.61990 13.14990
C 225.36300 8.69546 12.58280
C 222.47700 11.30650 13.17650
C 220.36100 13.64380 13.21870
C 223.61800 14.35580 13.18880
C 226.34500 11.73080 12.47970
C 228.94900 9.46432 13.17570
C 230.12600 12.43390 13.00770
C 232.35300 10.11220 13.08120
C 233.50400 13.06670 13.02320
C 238.38200 8.20130 12.39750
C 235.77100 10.70190 13.10390
C 239.43300 10.97490 12.42120
C 240.50900 13.94510 12.82420
C 236.90400 13.68170 13.01060
H 238.54000 13.09790 11.59690
C 218.10300 15.94660 13.15630
C 212.52200 17.77310 13.24140
C 215.97200 18.41870 13.17770
C 213.63300 20.70580 13.21200
C 214.83900 15.44740 13.12470
C 216.94900 21.37470 13.17040
C 219.21100 18.96910 13.16130
C 221.47000 16.62810 13.15190
C 224.77600 17.40560 13.05420
C 222.55700 19.71060 12.94110
C 227.43100 14.78440 12.52750
C 226.02100 20.24530 12.81890
C 228.59400 17.71300 12.22770
C 231.22200 15.46720 13.06370
C 232.35700 18.34250 12.84100
C 229.64600 20.64640 12.09120
C 233.43600 21.35390 12.90500
C 238.02700 16.55060 12.81250
C 234.62100 16.02590 12.91720
C 235.73000 18.91960 12.82000
C 239.16800 19.36130 13.05680
H 239.01800 21.29690 11.50580
H 235.38000 20.64120 11.38390
H 236.38000 15.49040 11.27060
H 237.74000 18.40540 11.21880
H 240.01800 15.99440 11.30560
H 234.18600 17.73480 11.20100
C 212.39800 25.95300 13.09280
C 218.11500 24.27010 13.01930
C 214.72500 23.69500 13.07580
C 215.72100 26.61840 13.00310
C 219.05900 27.24300 12.98350
C 220.39700 22.11040 13.06760
C 221.50300 24.96830 12.99300
C 223.70800 22.63730 12.82300
C 225.03200 25.50050 12.90300
C 222.65500 27.82980 12.95160
C 232.05800 26.35870 12.27350
C 228.37700 26.10580 12.73740
C 226.99100 23.16430 12.78780
C 230.81000 23.51670 12.19130
H 227.83200 27.99850 11.21050
H 233.07500 22.97730 11.39230
H 229.97300 25.62350 11.17210
C 237.02100 21.73910 12.99470
C 235.75500 27.25180 13.10160
C 238.20300 24.74290 13.25120
C 239.11600 27.83700 13.23300
C 240.46800 22.48160 13.16400
C 234.62900 24.32690 12.95910
H 234.37200 25.90920 11.42940
H 237.79000 26.59800 11.69140
H 236.65500 23.65940 11.47230
H 240.05400 24.28070 11.58360
C 214.59600 31.76060 13.23710
C 213.55900 28.86640 13.07980
C 218.10500 32.33460 13.07170
C 216.87300 29.45190 12.98750
C 212.31300 34.22640 13.19320
H 223.48000 32.55750 11.43220
C 225.08000 33.66760 13.00160
C 220.34800 30.00820 12.95910
C 221.63400 33.06360 13.02040
C 223.93500 30.72710 13.03130
H 225.70000 30.29080 11.32860
H 230.19600 33.80160 11.57090
C 226.12600 28.44940 12.95080
C 230.66900 31.85700 13.10440
C 228.46300 34.27750 13.13350
C 227.17300 31.41180 12.92830
C 229.39400 28.90810 12.96630
H 226.91900 33.31090 11.37480
H 232.31900 31.56150 11.65170
H 229.07800 30.86750 11.42770
H 231.15800 28.55730 11.53190
H 233.85200 34.46430 11.71780
C 233.19500 29.42540 12.57600
H 236.60000 31.92100 11.87370
H 238.80400 29.65870 11.52390
H 240.06200 32.57810 11.80140
C 236.97600 30.19000 13.29160
C 240.31500 30.81870 13.20870
C 238.16500 33.23140 13.31350
C 234.37500 32.31790 12.87120
H 235.46200 28.87030 11.75960
C 217.01600 37.63280 10.07940
C 218.31700 40.59470 10.05220
C 213.50000 37.20530 10.08500
C 214.87200 40.10070 9.94394
C 215.73600 34.82470 10.06880
H 211.81600 36.01060 11.56560
H 213.22200 38.94750 11.42810
H 215.40200 36.55930 11.65430
C 219.29500 35.48030 9.91943
C 222.73900 36.09500 9.85787
C 220.46800 38.33290 10.01190
C 223.89400 38.91750 9.95290
C 226.28300 36.50900 9.96481
C 229.75500 37.25340 10.00050
C 227.58300 39.41500 10.07190
C 231.12600 40.02920 10.20050
C 231.93200 34.89410 10.08630
C 233.38700 37.67790 10.11190
C 240.78700 38.91420 10.27870
C 235.60900 35.17290 10.04460
C 239.42000 36.02910 10.13280
C 237.06600 38.18800 10.08210
C 234.80300 40.60590 10.06680
C 212.67000 42.29410 10.12280
C 216.09400 42.95680 10.08640
C 213.84500 45.19790 10.01120
C 217.18900 45.84570 10.06110
H 214.55700 41.86280 11.69230
H 213.49500 47.17130 11.56460
H 212.38300 44.20850 11.55520
C 221.63200 41.17490 9.91312
C 219.33700 43.50930 9.97967
C 225.29800 41.80980 10.05490
C 222.91200 44.08180 9.93065
C 224.45500 46.95510 10.10380
C 220.77000 46.43630 10.00960
C 226.80500 44.61930 10.08030
C 229.02000 42.13820 10.21130
C 230.43500 45.19450 10.16170
C 232.52800 42.85280 10.33840
C 233.78300 45.75730 10.41560
C 238.36500 41.23210 10.20300
C 236.19700 43.54430 10.31150
C 239.73700 44.09680 10.42520
C 237.35600 46.42700 10.21840
C 240.75900 47.00830 10.17270
C 212.86700 50.60290 9.73838
C 218.45600 48.81790 9.86268
C 215.00700 48.19020 9.93054
C 216.23900 51.19680 9.84820
C 214.10400 53.46040 9.65601
C 217.44500 54.09410 9.75776
H 212.45600 52.45800 11.18830
H 215.87900 53.09810 11.40900
H 214.64500 50.15130 11.44220
C 219.76400 51.79100 9.82700
C 222.16900 49.35760 10.28400
C 225.81800 49.78160 10.11730
C 223.54100 52.13580 10.67540
C 228.06300 47.51510 9.99311
C 227.20800 52.78830 9.87202
C 229.34500 50.42240 9.95470
C 231.54800 48.08370 10.04850
C 232.71200 50.99450 9.88144
C 230.53700 53.34230 9.78472
C 234.09700 53.93830 9.94276
C 239.92600 52.27890 9.68142
C 238.54300 49.39760 9.94272
C 235.02000 48.82010 9.96615
C 236.35400 51.61660 9.94189
C 212.83200 58.68160 9.52355
C 215.20000 56.40260 9.62716
C 218.63300 56.99020 9.53836
C 216.36700 59.23640 9.44421
H 217.09500 56.07570 11.22190
H 213.65700 55.32380 11.22870
H 214.71700 58.30060 11.10880
H 212.55800 60.55050 11.17900
H 218.27700 58.92820 11.01670
C 224.66600 55.27750 10.35080
C 222.16900 57.64290 9.57396
C 225.69500 58.11460 9.84549
C 220.90400 54.74100 9.62009
C 219.82400 59.93340 9.39099
C 223.35200 60.46600 9.64080
H 221.60500 59.54420 11.03690
H 225.31200 60.17280 11.22250
H 220.52400 56.64960 11.12990
H 223.82100 57.36280 11.32290
C 231.73600 56.35360 9.76496
C 228.22900 55.82020 9.52865
C 229.24100 58.90240 9.37182
C 233.02800 59.23630 9.96413
H 230.93900 58.30670 11.03760
H 228.87400 60.75530 11.03900
H 227.78600 57.75100 11.03090
C 237.66500 54.44430 9.79713
C 235.51200 56.89150 9.65140
C 241.05800 55.27710 9.62038
C 239.02900 57.43070 9.63380
C 236.65700 60.03370 9.38873
C 240.15600 60.51450 9.36572
H 238.58200 59.37130 10.91920
H 240.92500 57.15700 11.26230
H 235.25200 58.61250 10.98970
C 212.50200 67.29140 9.26531
C 215.19100 64.60560 10.03000
C 218.95400 65.20060 9.39327
C 217.64600 62.26530 9.39011
C 213.97600 61.69440 9.49888
H 214.14300 66.65400 10.90150
H 213.08200 63.61880 10.86700
H 218.50200 66.91260 10.67360
H 217.36400 64.04910 11.03040
H 215.95200 61.10230 10.85610
C 221.13200 62.84400 9.46264
C 224.66600 63.29290 9.58564
C 222.39200 65.81010 9.35677
C 225.97100 66.28620 9.39756
H 224.33500 65.31920 10.96700
H 226.64900 63.06900 11.10840
H 222.92500 62.42260 11.13780
H 220.80400 64.71400 11.03960
H 219.49200 61.77870 11.00930
C 231.61300 64.77660 9.49274
C 230.51800 61.84360 9.46646
C 228.17400 64.23970 9.48801
C 226.91200 61.07400 9.56814
C 229.15700 67.10850 9.45742
H 230.98500 66.63460 11.06990
H 233.16000 64.34410 10.92620
H 232.05800 61.27160 10.95520
H 227.73400 65.99140 11.15810
H 229.93900 63.70990 11.05040
C 234.08100 62.28290 9.98303
H 236.36000 61.67380 10.89260
H 239.69600 62.41780 10.92280
C 241.22500 63.59760 9.39990
H 234.22300 67.38310 11.23880
H 240.72900 65.34700 11.15660
H 237.49700 64.70920 11.13200
C 238.96700 65.97760 9.55583
C 237.83900 63.00590 9.34306
C 235.31300 65.30800 10.21190
C 217.02400 37.64090 13.21020
C 218.29200 40.56440 13.21640
C 213.44900 37.01220 13.06710
C 214.72000 39.83870 13.15630
C 215.86000 34.67480 13.23550
H 216.68600 39.53280 11.59390
C 219.36000 35.30110 13.09670
C 222.69900 35.94690 13.08020
C 220.51300 38.24890 13.27300
C 223.91800 38.98940 13.14260
H 224.49400 35.49720 11.39940
H 222.32400 37.88520 11.59030
H 221.19900 34.86120 11.38820
H 223.45200 40.77270 11.50040
H 220.17100 40.14400 11.63750
H 218.94300 37.28020 11.64280
H 225.78500 38.43360 11.51530
C 226.18900 36.52690 13.02990
C 231.85600 34.81950 13.15470
C 229.72700 37.10250 13.15100
C 227.46300 39.45340 13.11540
C 231.15600 39.97520 13.19530
H 233.19200 39.60560 11.64170
H 231.61600 36.72190 11.58590
H 228.13500 36.22550 11.56610
H 229.41800 39.01110 11.64590
C 233.40800 37.66750 13.09550
C 240.54900 39.06320 13.41410
C 235.72500 35.25710 13.16480
C 239.35500 36.01260 13.18670
C 236.96400 38.34880 13.22140
C 234.73400 40.60370 13.24620
H 236.67200 40.12220 11.65720
H 235.38900 37.17350 11.57160
H 238.98200 37.91690 11.71600
H 237.65800 34.93550 11.54400
H 240.25200 40.80620 11.83530
C 212.68400 42.40040 13.24510
C 216.05800 42.89930 13.33380
C 213.77900 45.37030 13.24910
C 217.26600 45.93900 13.23070
H 215.65200 44.76050 11.75210
H 217.92600 42.47610 11.72370
C 221.71300 41.37530 13.15470
H 219.11200 45.41080 11.61400
C 219.58600 43.60230 13.24600
C 225.19000 41.77340 13.00050
C 222.97900 44.15590 12.94700
C 220.80700 46.48520 13.13730
C 224.39400 47.15610 13.16810
H 224.94900 43.63380 11.37500
H 221.24000 43.08800 11.43880
H 226.42000 46.56530 11.65060
H 222.71200 45.97750 11.58950
C 226.69100 44.61850 13.06240
C 228.86600 42.31630 13.26080
C 230.16800 45.26500 13.33020
C 232.55600 43.03010 13.25990
H 232.10200 44.67640 11.96330
H 229.91500 47.04720 11.65070
H 230.85100 41.80770 11.85450
H 228.73700 44.18030 11.63160
H 227.24800 41.33850 11.65060
C 233.74000 45.90720 13.32810
C 238.25400 41.21430 13.33860
C 236.04100 43.50000 13.40910
C 239.57000 44.28310 13.52370
C 240.86500 47.18330 13.27070
C 237.30400 46.63640 13.47490
H 239.15900 45.99530 11.94960
H 238.03200 43.02930 11.93380
H 235.78000 45.40570 11.94220
H 234.47300 42.50750 11.69120
H 216.93800 47.81380 11.57830
C 215.06800 48.37350 13.12660
C 218.45600 49.04070 13.17140
C 212.83900 50.76970 12.97500
C 216.28000 51.24420 13.01880
C 213.94200 53.55180 12.88550
H 218.12800 50.76470 11.41340
C 217.50800 54.28140 12.89170
C 219.64700 51.93320 13.02500
C 222.05600 49.43510 12.97490
C 225.91300 50.02530 13.12780
C 223.48000 52.36560 12.45620
H 224.16700 48.82720 11.71510
H 219.33500 53.74160 11.30250
H 221.39800 51.31340 11.62540
H 220.24400 48.35350 11.51540
H 222.54300 54.30490 11.28740
H 225.77900 51.77530 11.68810
H 233.46200 47.62670 11.52290
C 227.96000 47.46090 13.16130
C 227.25900 53.14770 13.14700
C 229.31200 50.56640 13.15330
C 231.65200 48.08040 13.16900
C 232.77100 51.16550 13.17190
C 230.57300 53.64550 13.03860
H 227.78600 49.39190 11.52840
H 232.31900 52.92970 11.46890
H 231.19800 50.00080 11.63060
H 229.02800 52.36000 11.53110
C 238.59500 49.37980 13.06910
C 235.01100 48.87070 13.10500
C 236.44500 51.78440 12.84900
C 240.00900 52.26690 12.90060
H 236.92100 48.30730 11.62940
H 238.40800 51.18020 11.32820
H 240.49700 48.89800 11.46190
H 236.09400 53.54270 11.51460
H 234.58100 50.66870 11.45270
C 234.04000 54.01230 12.91040
H 239.65300 54.14060 11.29620
C 218.74800 57.16590 12.72880
C 215.16000 56.54320 12.74630
C 216.37800 59.39730 12.57730
C 212.98700 59.05430 12.80370
C 225.76400 58.35430 12.54550
C 224.61200 55.28480 12.28180
C 220.95300 54.87440 12.84050
C 219.78000 60.02550 12.66650
C 222.18600 57.75060 12.68880
C 223.21800 60.67750 12.58410
H 226.87600 54.79470 11.32850
C 229.26400 58.97350 12.68800
C 233.05700 59.23130 11.97850
C 231.74400 56.45370 12.53930
C 228.26200 56.18450 12.86830
H 233.76100 55.75990 11.20980
H 229.98300 55.31030 11.23960
C 241.16100 55.32860 12.89990
C 240.01100 60.58700 12.58630
C 236.75500 59.87940 12.57840
C 238.99600 57.64100 12.74550
C 235.44200 56.89200 12.73290
C 237.79200 54.63740 12.95420
H 237.42100 56.41040 11.26080
C 217.50200 62.43320 12.43430
C 212.49500 67.27650 12.53170
C 214.12700 62.00140 12.44540
C 215.12700 64.62060 11.90970
C 218.87200 65.30190 12.51870
C 222.39600 65.94480 12.42050
C 224.69400 63.52120 12.57710
C 225.82800 66.47540 12.63660
C 220.96800 62.95350 12.65450
C 231.48700 64.79180 12.64640
C 228.13300 64.14260 12.75760
C 227.05600 61.18850 12.67280
C 229.20500 67.17450 12.68080
C 230.30800 61.87500 12.65620
C 235.19300 65.28550 12.06450
C 241.20600 63.44240 12.62800
C 234.13200 62.27820 11.88080
C 238.92600 66.02380 12.79980
C 237.83000 62.96490 12.57850
C 217.46600 70.53250 9.78787
C 218.69300 73.44740 9.98876
C 213.67500 70.14780 9.29761
C 214.68900 73.12900 9.32165
C 216.21700 67.51450 9.86390
H 213.25700 71.94000 10.94340
H 212.15000 69.09860 10.91170
H 216.53300 72.52790 10.83420
H 215.41800 69.57610 10.97140
C 220.02900 68.24390 9.10735
C 223.66000 68.69710 9.20825
C 221.35900 71.25130 9.16274
C 224.74000 71.66700 9.11533
H 225.49000 68.23180 10.85850
H 221.96500 67.57930 10.59010
H 223.19300 70.55900 10.77560
H 224.29800 73.51800 10.72370
H 220.90700 72.85040 10.99260
H 226.48700 71.26950 10.80500
H 219.75200 69.93930 10.59470
C 232.59700 67.83090 9.56015
C 227.01200 69.43890 9.28659
C 230.31700 70.07670 9.43256
C 228.04500 72.45240 9.27354
C 231.40400 73.20990 9.42737
H 232.04800 69.74550 11.12720
H 228.75800 68.97160 11.02080
H 233.17200 72.65830 11.02560
H 229.83200 72.02070 10.97840
C 233.63600 70.75790 9.52049
C 236.35600 68.28350 10.41400
C 240.05400 68.74430 9.60843
C 237.42000 71.41120 10.23460
C 234.82500 73.76500 9.53813
C 240.88700 71.76940 9.66054
H 236.43100 73.41030 11.26820
H 240.61900 73.75910 11.23120
H 235.36900 70.38140 11.22530
H 238.60800 67.70050 11.34900
H 239.61400 70.68610 11.10050
C 212.62800 75.42580 9.44065
C 217.31700 78.88710 9.40921
C 216.01100 76.03630 9.45508
C 213.82600 78.30160 9.52993
H 215.71200 77.87890 11.09150
H 217.74000 75.46360 11.11470
H 213.42300 80.17160 11.11900
H 214.46000 74.91760 11.06830
H 212.23200 77.21420 11.14830
H 218.92000 78.40280 10.91230
C 222.35800 74.03210 9.22486
C 219.80900 76.36890 9.99204
C 225.71900 74.86970 9.21552
C 223.42700 77.18090 9.46989
C 221.01300 79.41080 10.08130
C 224.64400 80.00640 9.57637
H 223.18500 78.95230 11.26270
H 226.43000 79.50190 11.24400
H 225.33600 76.51270 11.01000
H 222.13300 75.86690 10.89410
C 226.89400 77.73420 9.52959
C 229.12500 75.53010 9.43868
C 230.22900 78.42290 9.55107
C 232.43300 76.14780 9.42384
H 229.84800 80.27540 11.20480
H 228.70700 77.32250 11.15960
H 230.96900 75.00970 11.04460
H 232.03800 77.92500 11.16630
H 227.57200 74.30620 10.84140
C 238.41600 74.33560 10.06450
C 233.64200 79.11530 9.65715
C 240.77300 80.39390 9.79863
C 235.72600 76.79210 9.57292
C 239.55500 77.41320 9.67654
C 237.14000 79.67910 9.85721
H 239.19400 79.28520 11.29520
H 235.35800 78.56800 11.30740
H 234.16900 75.61200 11.05190
H 237.70700 76.40000 11.05610
H 216.81300 80.73110 11.03450
C 218.46500 81.79190 9.47842
C 215.03000 81.25940 9.48771
C 212.81000 83.53470 9.49399
C 216.17800 84.07820 9.49539
C 213.96800 86.52280 9.44520
C 217.55500 86.98790 9.50607
H 218.02500 83.64330 11.09850
H 212.55400 85.38360 11.13430
H 214.62000 83.05690 11.14520
H 215.88800 85.95280 11.00230
C 219.83200 84.60700 9.74543
C 222.18500 82.16740 10.05380
C 225.74300 83.22280 9.41912
C 223.30800 85.31820 9.60264
H 220.06900 81.42040 11.04390
H 224.40000 81.92800 11.05950
H 219.29000 86.54060 11.24900
H 221.72500 84.32110 11.20510
H 222.98900 87.26980 11.20910
H 225.25400 84.95780 11.09560
C 227.95600 80.67410 9.64180
H 233.11400 80.94050 11.24820
C 227.01200 86.02090 9.59313
C 229.04900 83.68670 9.65539
C 231.36100 81.40360 9.56131
C 232.65900 84.27580 9.73795
C 230.36200 86.46680 9.66724
H 232.19400 86.14260 11.38300
H 228.74000 85.51420 11.36170
H 227.44200 82.55670 11.15310
H 230.96400 83.19140 11.19600
C 238.43000 82.60690 9.84159
C 234.82200 81.97390 9.77629
C 236.01800 84.85340 9.83325
C 239.47700 85.63370 9.79853
H 234.41400 83.79120 11.44560
H 236.71000 81.55480 11.44000
H 240.26900 82.14780 11.49510
H 237.97000 84.42960 11.42370
H 235.60800 86.80210 11.30910
H 238.97300 87.46310 11.41480
C 233.75600 87.16520 9.67394
C 218.58900 90.10000 9.32680
C 215.23600 89.36870 9.44864
C 216.39900 92.36330 9.50261
C 213.00100 91.65310 9.43182
H 218.26600 91.85070 11.12660
H 214.81600 91.24190 11.06830
H 212.72300 93.58880 10.94610
H 217.16700 88.87440 10.96740
H 213.68500 88.32050 11.03610
C 219.93500 92.94350 9.55531
C 220.97300 87.58480 9.65405
C 224.60800 88.23600 9.57588
C 222.32800 90.69560 9.44599
C 225.67300 91.22840 9.52637
C 223.50000 93.51580 9.64992
H 224.23200 90.24300 10.99020
H 221.79000 92.48370 11.12810
H 220.58200 89.43790 10.74010
H 225.42200 93.13270 11.17930
H 226.54500 87.87920 11.13920
C 228.12200 88.94360 9.52823
C 232.45600 92.61790 9.65500
C 229.19000 92.04180 9.55022
C 231.44700 89.57030 9.57823
H 233.32500 89.09340 11.19540
H 227.65600 90.81440 11.10550
H 230.00300 88.44590 11.17570
H 230.98000 91.44000 11.25700
H 228.66500 93.81070 11.22980
C 240.43100 88.72060 9.80294
C 237.21300 87.97520 9.74937
C 234.80500 90.26340 9.62355
C 238.11100 90.99930 9.71471
C 239.23200 93.95230 9.81913
C 235.83800 93.31570 9.75187
H 237.65000 92.77600 11.37050
H 239.91100 90.50520 11.40780
H 236.59600 89.82180 11.32930
H 234.29100 92.06070 11.26580
C 218.92800 98.23070 9.63256
C 217.69700 95.36930 9.58557
C 215.49500 97.76210 9.63082
C 214.28200 94.76760 9.38475
C 213.24200 100.00400 9.76648
H 213.84400 96.49920 10.99520
H 216.01500 94.19130 11.08140
C 224.68400 96.59030 9.74054
C 225.73500 99.59480 9.82559
C 222.44700 98.75760 9.69621
C 221.22600 95.88140 9.60841
H 219.55200 94.79980 11.19700
C 228.93400 100.30200 9.99672
C 230.19700 95.05720 9.70821
C 226.86600 94.41110 9.63299
C 231.22300 97.89670 9.86047
C 227.92400 97.34010 9.91436
H 233.17600 97.43860 11.32690
H 232.01400 94.48790 11.27000
H 229.69400 96.74210 11.52030
C 240.26600 96.87910 9.93739
H 236.44900 97.98320 11.45580
H 239.88500 98.65660 11.50870
H 238.63900 95.73810 11.48420
C 233.57900 95.64020 9.71330
C 238.08300 99.07200 9.87461
C 236.90000 96.15230 9.81441
C 234.74400 98.70010 9.83332
H 234.24000 100.42400 11.51020
H 235.32500 95.01830 11.43870
C 217.57800 70.45870 11.76340
C 218.60200 73.30120 11.94760
C 213.81300 70.08730 12.51130
C 215.05800 72.90580 12.45290
C 216.34200 67.50760 11.80990
C 220.05600 68.08390 12.16890
C 223.50100 68.66780 12.29640
C 221.25300 71.05740 12.37770
C 224.68600 71.71390 12.40080
C 226.83400 69.49730 12.51410
C 232.35500 67.87250 12.74030
C 230.15300 70.19850 12.65260
C 227.92000 72.43490 12.45710
C 231.33700 73.10830 12.60480
C 233.71400 70.82670 12.67310
C 236.33600 68.30460 12.17340
C 240.14100 68.90300 12.81990
C 237.41800 71.35850 12.18860
C 234.80500 73.78200 12.57910
C 240.89900 71.97840 12.88510
C 217.31000 78.87720 12.65850
C 212.70000 75.27220 12.67280
C 216.13400 75.95960 12.64220
C 213.85500 78.29500 12.68720
C 222.54700 74.09510 12.50880
C 219.89600 76.29770 11.90330
C 225.69000 74.66540 12.48580
C 223.53600 77.19050 12.62240
C 220.92600 79.38160 12.03270
C 224.65200 80.24520 12.82550
C 226.78200 77.62540 12.73850
C 229.07500 75.31290 12.56410
C 230.25300 78.46430 12.79180
C 232.49400 76.08880 12.72320
C 233.54400 79.02530 12.84100
C 238.43400 74.35560 12.33010
C 235.74900 76.56810 12.69940
C 239.45000 77.34350 12.76210
C 240.64600 80.25710 13.11290
C 237.16300 79.54370 12.82450
C 212.78000 83.57010 12.72330
C 218.33400 81.78420 12.68170
C 215.05200 81.15970 12.69730
C 216.24700 84.11910 12.67730
C 214.15000 86.50060 12.64710
C 217.35500 87.00040 12.69940
C 219.68900 84.81810 12.62770
C 222.13300 82.48600 11.96670
C 225.67100 83.30600 12.76950
C 223.31400 85.61380 12.68590
C 227.96100 80.73160 12.74150
C 226.76500 86.05380 12.81430
C 229.07900 83.54540 12.79770
C 231.34000 81.38840 12.85790
C 232.42400 84.22040 12.93560
C 230.33000 86.65550 12.94600
C 233.72800 87.32910 12.91400
C 238.34300 82.60180 13.08790
C 234.76500 81.78310 12.93450
C 236.07500 84.96030 12.99410
C 239.33400 85.71700 13.13690
C 216.40400 92.33500 12.72650
C 218.82200 89.97710 12.52490
C 215.28500 89.36160 12.58830
C 213.06200 91.84480 12.71900
C 223.48100 93.44320 12.74200
C 225.76700 91.21640 12.66980
C 222.12500 90.66570 12.36540
C 224.58200 88.46590 12.69060
C 219.90900 92.91830 12.74820
C 220.95800 87.79470 12.58750
C 231.43500 89.54030 12.81850
C 229.11700 91.91350 12.85350
C 232.45100 92.63160 12.87780
C 228.12500 89.02760 12.74840
C 240.33000 88.74030 13.02890
C 234.75200 90.23050 12.89620
C 239.23200 93.86120 12.97440
C 237.09500 88.00400 12.96490
C 235.74800 93.14240 12.95700
C 238.04200 90.96790 12.98600
C 213.06400 100.10000 12.95520
C 214.20800 94.65220 12.65230
C 215.35300 97.49730 12.77210
C 218.93000 98.11990 12.86860
C 217.63400 95.23930 12.75770
H 217.34400 97.13660 11.22470
H 215.03700 99.41750 11.44290
H 218.57200 100.03300 11.27540
H 226.42900 96.08190 11.43280
H 224.27500 98.39940 11.39940
H 220.76400 97.68330 11.26850
C 221.20000 95.71530 12.82730
C 222.26000 98.86920 12.84800
C 225.58000 99.64470 13.13600
C 224.52900 96.49100 12.98290
H 223.07100 95.40710 11.22940
H 230.96000 99.75880 11.49260
H 227.44100 99.09390 11.61300
C 230.16300 94.88380 12.96120
C 231.39100 97.88570 13.04800
C 229.07300 100.23100 13.07440
C 226.85800 94.14780 12.90790
C 227.83400 97.23220 13.15740
C 237.97600 99.10260 13.06100
C 233.45900 95.60980 12.99840
C 234.56300 98.52810 13.04950
C 236.78900 96.12600 13.10920
C 240.30700 96.75670 13.01580
C 217.73400 103.52000 9.72879
C 218.77900 106.38300 9.69802
C 214.39900 102.93600 9.70686
C 215.62500 105.88500 9.66336
C 216.61700 100.49000 9.75953
C 219.94000 101.31000 9.61186
C 223.45300 101.75100 9.67159
C 221.07900 104.15800 9.68816
C 224.53500 104.76600 9.68711
C 226.75100 102.53400 9.77993
C 230.16100 103.23100 9.87308
C 227.96200 105.46100 9.79614
C 231.33300 106.20600 9.89124
C 232.43200 100.93500 9.88340
C 240.34800 105.13900 10.10020
C 233.43400 103.92900 9.84278
C 235.78500 101.48000 9.78814
C 239.24800 102.10900 9.94397
C 236.95500 104.58400 10.11450
C 234.81200 106.80000 10.12140
H 236.54200 106.32300 11.90810
H 238.87100 103.94800 11.66670
H 240.03800 106.91200 11.81300
H 237.60000 100.98600 11.42790
H 235.30400 103.33700 11.41260
C 216.43400 108.99200 9.59702
C 213.78900 111.22300 10.16940
C 217.71400 111.97200 9.64732
C 212.81300 108.30500 10.42780
C 222.18400 107.10800 9.76834
C 220.12400 109.43200 9.61138
C 225.56100 107.79600 9.78259
C 223.27400 110.09800 9.70748
C 224.45400 113.02700 9.71905
C 221.08900 112.46400 9.56605
C 226.64100 110.62700 9.78639
C 229.00200 108.30900 9.81866
C 230.02700 111.35100 9.81388
C 232.34900 109.17800 9.92096
C 240.70700 113.09200 10.09700
C 233.53600 112.00900 10.21070
C 238.12100 107.58000 10.32640
C 235.87800 109.70800 10.25290
C 239.49300 110.23800 10.17510
C 237.11100 112.51300 10.19210
H 237.82900 109.25400 11.77000
H 239.09600 112.12000 11.70620
H 235.37700 111.54900 11.85680
C 212.46400 116.67800 9.74958
C 218.72100 114.75300 9.81666
C 215.07400 114.16000 10.51340
C 216.20500 117.06500 10.47300
C 213.65400 119.60700 9.81938
C 217.37600 119.99700 9.82764
C 219.81000 117.80000 9.75075
C 222.13900 115.47000 9.70705
C 225.50200 116.07800 9.64482
C 223.14000 118.48100 9.80523
C 227.65700 113.64200 9.74220
C 226.56400 119.09400 9.74093
C 228.86000 116.62900 9.75229
C 231.18100 114.26900 9.98975
C 232.27500 117.08100 9.93498
C 230.14200 119.45700 10.14590
C 238.42300 115.36000 9.96737
C 234.73800 114.77200 10.12180
C 236.10300 117.67500 9.82767
C 239.47100 118.41000 9.89728
H 240.18800 115.01700 11.62010
H 236.76200 114.36800 11.56780
H 234.34400 116.65400 11.27000
H 237.90400 117.28100 11.45860
C 233.66800 119.98700 10.06430
H 235.69700 119.53800 11.46350
H 239.15400 120.22900 11.48880
C 218.37900 123.06800 9.79269
C 214.71600 122.62700 9.78622
C 216.28100 125.43500 9.76471
C 212.43500 124.84300 9.78703
C 223.02500 126.70900 9.89306
C 225.24600 124.37000 9.82434
C 219.61300 125.98800 9.89680
C 220.86600 120.79900 9.80291
C 224.17100 121.41300 9.83002
C 221.80700 123.68400 9.90292
H 224.79100 126.16000 11.54120
C 232.49000 125.38700 10.15770
C 228.61000 124.98800 9.61961
C 231.41600 122.33300 10.26650
C 227.47500 122.06700 9.65525
H 230.34600 124.38500 10.99840
H 233.51100 121.84200 11.71070
H 228.22200 126.84700 11.31200
C 239.64800 126.56400 9.97009
C 236.28500 125.96900 9.86727
C 234.97000 123.00700 9.98456
C 238.44100 123.48700 9.96649
C 237.28300 120.71500 9.95267
C 240.72200 121.20500 9.79434
H 240.41400 123.03200 11.45770
H 234.67400 124.77300 11.40340
H 238.10000 125.37300 11.59390
H 236.91600 122.49600 11.60300
C 218.46200 131.36100 9.92332
C 217.47800 128.47500 9.77516
C 213.84900 127.64800 9.74538
C 212.78200 133.05100 9.73153
C 215.08300 130.69600 9.74890
H 213.42900 129.57000 11.21560
H 214.59100 132.52200 11.40540
H 218.01600 133.14200 11.55160
H 216.86400 130.19600 11.49430
H 223.69400 131.39600 11.58800
C 221.90600 131.96900 9.99063
C 220.79100 129.04100 9.85144
C 225.15100 132.67900 9.98973
C 224.13700 129.64800 9.91369
H 226.02700 129.15300 11.51270
H 222.56500 128.57900 11.48520
H 219.25800 127.86500 11.40200
H 220.26400 130.78000 11.47380
H 231.47200 127.34900 11.24830
H 230.61900 132.74300 11.66830
H 227.03700 132.11800 11.64500
H 232.66100 130.33100 11.79410
C 226.30500 127.27100 9.86797
C 227.53800 130.34800 9.91424
C 228.72200 133.19700 10.13180
C 229.73100 128.08900 9.74025
C 230.99500 130.88300 10.05120
H 229.38700 129.78100 11.55130
H 240.37000 131.27900 11.66150
C 237.40200 129.05400 9.84966
C 234.80000 131.22300 10.81420
C 233.59200 128.39700 10.51570
H 235.87900 127.69800 11.29980
C 238.54900 131.98900 10.04700
H 233.88800 133.30800 11.75550
H 239.13700 128.39200 11.52550
H 237.02900 130.70600 11.64560
C 240.80600 129.51600 10.00140
C 217.73900 103.44200 13.01780
C 218.82600 106.53700 12.91090
C 214.47300 102.92400 12.94080
C 215.31800 105.92500 12.94950
C 216.72500 100.38200 12.95350
H 217.28200 105.26200 11.44530
H 216.26200 102.31100 11.34050
H 212.82100 101.78700 11.39470
H 213.99000 104.71200 11.19170
C 220.04700 101.13600 12.90630
C 223.31300 101.81200 12.88060
C 221.16200 104.11200 12.95030
C 224.46900 104.70300 12.91080
H 219.60100 103.02900 11.36410
H 222.94300 103.65700 11.21680
H 224.04400 106.57400 11.35010
H 225.24500 101.39300 11.42810
H 220.66600 105.96900 11.32880
H 221.83900 100.68400 11.14990
H 226.34900 104.32700 11.31860
C 226.84100 102.54000 13.00040
C 230.05300 103.13600 13.08290
C 227.79500 105.40500 12.99300
C 231.22700 106.19800 13.09070
C 232.40500 100.90500 13.11660
H 228.61000 102.03300 11.39730
H 229.73500 105.02800 11.49890
H 233.10000 105.67100 11.54970
H 231.98800 102.74200 11.50520
C 233.57400 103.78500 13.10440
C 235.77500 101.56300 13.08890
C 239.06000 102.19400 13.20730
C 236.84300 104.45400 13.14360
C 234.50600 106.78900 13.26980
C 240.31300 105.09100 13.37690
C 216.60500 108.91000 12.74750
C 213.97700 111.12100 12.19060
C 217.60400 111.75700 12.75540
C 212.82700 108.36600 12.24320
H 218.39200 108.23200 11.07530
H 216.11900 110.65600 10.96640
H 211.75500 110.35100 11.26740
H 215.05900 107.63000 11.32160
H 212.97300 113.23900 11.42750
C 222.16200 107.09700 12.96660
C 219.82700 109.31900 12.80020
C 225.53000 107.81300 12.96550
C 223.27200 110.23900 12.96950
C 220.99700 112.32600 12.87550
C 224.35300 113.06400 12.94550
H 219.59200 111.21800 11.13520
H 222.84900 111.97500 11.30050
H 221.82400 108.95300 11.39800
H 225.04700 109.61000 11.37970
H 226.20200 112.50800 11.36600
C 226.66900 110.69200 12.95800
C 228.89000 108.47500 13.00150
C 229.85600 111.40100 13.08940
C 232.23200 109.11000 13.18650
H 227.42900 107.29000 11.42540
H 231.75300 110.91200 11.55060
H 228.47800 110.22000 11.34600
H 230.78900 108.01700 11.47670
H 229.44700 113.14300 11.41550
C 233.32400 111.96200 13.24120
C 238.22500 107.43300 13.41680
C 235.78500 109.71100 13.17430
C 239.41300 110.26900 13.36930
C 237.18200 112.55700 13.23940
H 234.05500 108.62500 11.60500
C 240.55100 113.27400 13.34730
C 218.94900 114.70200 13.13050
C 215.06700 114.12600 12.46270
C 212.38900 116.65500 13.02140
C 216.19300 117.11400 12.35020
C 213.59800 119.65900 12.91690
C 217.21800 120.08800 12.75010
H 215.39300 119.24400 11.26000
H 212.02500 118.51400 11.37500
H 217.31800 113.59800 11.55260
H 218.47000 116.56100 11.48910
H 214.07900 116.18300 11.54690
C 219.89100 117.84100 13.13280
C 222.17100 115.37900 12.95990
C 225.49400 116.04400 12.93600
C 223.23100 118.35000 13.00850
H 219.40300 119.64800 11.39410
H 222.64800 120.24600 11.51820
H 221.63500 117.23600 11.38000
H 220.68100 114.22900 11.32450
H 224.02000 114.87800 11.32030
H 225.03400 117.90600 11.28570
C 227.59000 113.70500 12.98200
C 226.41100 119.08800 13.01400
C 228.71300 116.57400 13.04630
C 230.92500 114.22800 13.13070
C 232.42300 117.13400 12.88560
C 229.99700 119.64100 12.82970
H 227.25200 115.50700 11.27220
H 230.57000 116.10000 11.45760
H 232.95000 113.83800 11.80450
H 228.28600 118.42100 11.45850
H 232.08700 118.88700 11.66360
C 233.81700 120.00500 13.14240
C 238.23500 115.47500 13.12350
C 234.76800 114.91200 13.01700
C 235.93800 117.57100 12.96470
C 239.52500 118.32900 13.00990
C 218.38900 122.99300 12.94210
C 212.64600 124.86000 12.83170
C 214.81400 122.43100 12.73620
C 215.99300 125.38600 12.90030
H 216.84600 122.03600 11.19490
H 218.03000 124.92800 11.52280
H 214.47600 124.33800 11.15770
H 213.05500 121.52200 11.36460
H 212.08100 126.73700 11.29950
C 219.64400 125.99500 13.05250
C 220.83700 120.94900 13.06460
C 225.33800 124.22400 13.02930
C 224.21900 121.39200 13.07050
C 221.87700 123.78500 13.01340
C 223.01100 126.74500 13.10460
H 220.33900 122.68900 11.37580
H 221.49900 125.59400 11.47720
H 223.73700 123.22400 11.47310
H 226.02000 120.93500 11.35760
C 227.58100 122.02200 12.93740
C 232.39300 125.23500 12.22990
C 228.78100 124.93100 12.80460
C 231.30400 122.38600 12.28860
H 227.09800 123.87700 11.32100
H 229.23500 121.44500 11.25320
C 240.83500 121.23100 13.05340
C 235.08400 123.12100 13.21160
C 237.24500 120.51600 13.10690
C 238.56100 123.51600 13.14090
C 236.15800 126.01500 13.03160
C 239.49400 126.58500 13.23110
C 213.82500 127.67500 12.82470
C 218.42400 131.19600 13.12110
C 217.38000 128.27900 13.00070
C 214.94700 130.55500 12.97700
C 212.71500 133.01500 13.01770
H 215.80800 127.27400 11.29720
C 224.15700 129.47400 13.12210
C 220.71300 128.99100 13.08840
C 221.80800 131.83900 13.12800
C 225.14400 132.62400 13.22380
C 228.72600 133.17800 13.21890
C 231.00600 130.79000 13.21160
C 227.59600 130.20500 13.18670
C 226.46500 127.21900 13.03780
C 229.89700 127.77800 12.92660
C 240.65800 129.38100 13.23230
C 233.62700 128.17700 12.36220
C 237.20600 128.96000 13.08150
C 234.80100 131.23800 12.66610
C 238.52500 131.84000 13.33330
C 243.29500 3.25933 10.17860
C 246.68800 4.02610 10.18870
C 244.40800 6.29049 10.05900
C 247.70300 7.20203 10.03970
H 245.15100 2.98774 11.84090
H 246.23800 6.01085 11.65170
H 242.82700 5.23071 11.68520
H 241.49400 2.26129 11.63420
C 249.98600 4.94751 10.18780
C 252.29700 2.50977 10.25010
C 253.18100 5.47330 10.05330
C 250.87100 7.95406 9.93335
C 249.04800 1.93946 10.23450
H 251.80200 4.35977 11.87430
H 252.69900 7.41110 11.52830
H 254.14200 2.06363 11.85310
H 249.50300 6.83111 11.75010
H 248.51000 3.80090 11.86450
C 255.62600 3.37586 10.27320
C 256.72900 6.40397 10.17690
C 259.03800 4.00509 10.33740
C 260.05000 6.99964 10.33380
H 257.47400 2.86753 11.95320
H 258.44400 5.80745 11.93660
H 260.80000 3.57962 11.99690
H 255.06100 5.12489 11.58730
H 256.26800 8.08128 11.53830
C 262.57700 4.69762 10.42300
C 266.13300 5.38537 10.25540
C 263.78000 7.61528 10.21360
C 268.40700 3.12494 10.17190
C 267.22000 8.34130 10.11080
C 264.90900 2.50812 10.54360
H 265.73200 7.23707 11.82700
H 262.16400 6.44710 11.63860
H 264.61600 4.22904 11.90200
H 268.09900 5.01327 11.76890
H 269.14200 7.93373 11.69090
C 242.17000 8.74710 9.89612
C 245.45200 9.42646 9.96159
C 243.07100 11.77140 9.82501
C 246.32200 12.65530 9.85858
H 247.23800 9.06404 11.62810
H 243.97000 8.20010 11.58210
H 241.74400 10.57970 11.53250
H 244.91800 11.31420 11.46890
C 254.33600 8.60808 10.00810
C 248.62200 10.16520 9.93527
C 249.65500 13.38280 9.82458
C 253.31900 13.89890 10.04580
C 251.94100 11.05440 9.99362
H 250.46400 9.72908 11.61830
H 248.10900 12.11080 11.41340
H 251.51900 12.73380 11.43280
H 253.86800 10.39720 11.64330
C 255.48800 11.59540 10.04380
C 257.78500 9.27296 9.90558
C 261.46500 9.95080 10.20390
C 256.67500 14.61150 9.97560
C 259.02400 12.28700 9.82457
H 257.54100 11.08220 11.40010
H 259.64400 8.73851 11.53440
C 262.56500 12.85720 9.97833
C 265.98200 13.52190 9.92654
C 264.76700 10.45370 10.11290
C 268.27700 11.25870 9.93827
H 263.33900 9.41403 11.91540
C 243.99600 14.91240 9.90717
C 241.72600 17.20250 9.88362
C 247.18600 15.65380 9.89811
C 244.94100 18.00510 9.95932
C 242.74100 20.11240 10.00780
C 245.91000 20.89170 10.03480
C 254.40600 16.94920 10.17160
C 250.82600 16.24340 9.92227
C 248.48900 18.61480 10.20670
C 252.23200 19.11530 10.11720
C 249.54500 21.39230 10.09460
C 260.17500 15.30930 10.06090
C 255.63300 19.69670 10.34570
C 257.92700 17.48400 10.14300
C 261.31300 18.18040 10.11090
C 259.06200 20.42960 10.08420
C 266.01800 21.61240 10.10930
C 262.41900 21.01210 10.10880
C 263.61600 15.78520 10.02740
C 267.10300 16.40120 10.02580
C 264.77000 18.75530 10.08270
C 268.50100 19.45170 10.25090
C 244.92000 26.13400 10.11210
C 241.55600 25.53550 10.02530
C 247.16000 23.74850 10.19820
C 243.80300 23.13390 9.98699
C 253.18300 22.04690 9.96040
C 248.51700 26.58750 10.14970
C 252.09000 27.48510 9.96431
C 250.82000 24.26410 10.06510
C 254.24300 25.12800 9.98569
C 260.20500 23.40320 10.01850
C 257.91000 25.75570 9.99685
C 261.15500 26.41420 9.97678
C 255.37800 28.02430 10.13870
C 256.52900 22.86610 10.05590
C 263.62400 23.94730 10.27520
C 264.91400 26.82390 10.57080
C 268.59500 27.55370 10.15140
C 267.40000 24.59170 10.08590
C 242.66100 28.44380 10.31620
C 246.22000 28.94760 10.27700
C 247.44200 32.08660 10.04870
C 241.64000 33.63930 10.19440
C 245.06200 34.38070 10.09050
C 243.83500 31.47000 10.06610
C 249.56900 29.59120 10.11300
C 250.75700 32.52330 10.08730
C 254.24300 33.44180 10.41750
C 253.07200 30.40580 10.18810
C 257.85800 34.11580 10.28470
C 258.93800 28.81210 10.04400
C 261.32800 34.58090 10.23010
C 260.11600 31.77250 10.13460
C 256.51100 31.02310 10.23810
C 266.09400 29.73310 10.39620
C 263.49600 32.28310 10.09530
C 267.27700 32.72460 10.53120
C 262.27700 29.47670 9.99143
C 243.05500 3.36615 13.26080
C 246.58500 4.24322 13.41260
C 244.36600 6.42511 13.27120
C 247.59200 7.25372 13.25100
C 249.99100 5.04328 13.45420
C 252.33400 2.58317 13.48860
C 253.30800 5.71151 13.26830
C 251.01700 8.02828 13.30060
C 248.91100 1.94686 13.49150
C 255.54000 3.41812 13.37470
C 256.44600 6.26064 13.28360
C 258.87500 4.14166 13.60750
C 260.22200 6.98579 13.17030
C 262.67400 4.66302 13.33470
C 266.26300 5.46332 13.40760
C 263.70500 7.65132 13.32250
C 268.51600 3.23321 13.49240
C 267.33600 8.46934 13.29830
C 265.14400 2.37968 13.56360
C 242.13500 8.78644 13.20230
C 245.38400 9.56761 13.17910
C 243.14000 11.73880 13.19790
C 246.27100 12.53840 13.12890
H 245.79000 14.37840 11.60050
H 242.64600 13.56510 11.48480
C 254.26900 8.71451 13.05260
C 248.66000 10.35880 13.16580
C 249.58300 13.31920 13.01890
C 251.96800 10.99270 13.21300
C 253.09600 14.12000 13.03320
C 255.62300 11.68860 13.04990
C 257.76900 9.19101 13.09510
C 261.18200 9.85058 13.13400
C 256.86600 14.66270 13.26080
C 258.94500 12.31580 13.10250
H 255.23800 13.47580 11.71060
H 258.57300 14.07580 11.52320
H 260.82000 11.71060 11.45250
C 262.44200 12.67400 13.10630
C 266.04300 13.50250 13.16940
C 264.96000 10.64110 13.33940
C 268.25300 11.38890 13.21350
H 262.05000 14.63580 11.62260
H 266.73700 10.20580 11.61510
H 267.86500 13.09230 11.50870
H 264.44300 12.38650 11.58410
C 243.93900 14.83210 13.19060
C 241.55400 16.98790 13.07330
C 247.31200 15.57320 13.15270
C 244.92800 17.84160 13.27250
C 242.57400 20.16400 13.19080
C 246.05200 20.85240 13.31410
H 241.14900 18.95920 11.57370
H 243.54500 16.71520 11.56540
H 246.70000 17.44200 11.59690
H 244.51600 19.72500 11.69650
C 250.74400 16.31260 13.06290
C 254.41300 16.98630 13.10060
C 248.43100 18.50050 13.00670
C 252.01900 19.22580 13.27880
C 249.58000 21.38610 13.07190
H 251.60700 20.95330 11.48540
H 253.98400 18.68470 11.90490
H 247.75200 20.43380 11.54600
H 250.48900 18.03660 11.66250
H 249.07600 15.18230 11.43650
H 252.72700 15.75040 11.52810
C 260.11600 15.32360 13.18350
C 255.66100 19.93870 13.31660
C 257.85900 17.67370 13.24790
C 261.39900 18.15730 13.36650
C 259.11000 20.57740 13.33090
H 255.00100 21.66650 11.74200
H 259.85600 17.01860 11.76930
H 257.59900 19.36440 11.80630
H 256.36900 16.45360 11.58770
H 260.90600 19.95890 11.76180
H 265.41200 15.32960 11.61020
C 262.45700 21.07620 13.35840
C 263.60200 15.75640 13.29160
C 267.10800 16.51550 13.16080
C 264.71400 18.75910 13.28130
C 268.38900 19.38890 13.14880
C 266.09900 21.71540 13.13650
H 264.29100 20.59440 11.67980
H 268.05500 21.21770 11.51310
H 266.67300 18.27500 11.71060
H 269.05500 16.03350 11.51760
H 263.16800 17.64280 11.67080
C 243.58200 23.08230 13.20740
C 241.52500 25.56410 13.21390
C 247.16300 23.72770 13.26010
C 244.89000 26.17050 13.17930
H 246.80600 25.49820 11.62310
H 243.35500 24.93180 11.59020
H 244.55900 27.90610 11.89880
H 241.09300 27.19100 11.81820
H 245.49600 22.64350 11.72230
H 242.25600 21.97080 11.50880
C 251.90400 27.36900 13.28660
C 248.58500 26.70680 13.11000
C 254.32500 25.02250 13.20740
C 250.80800 24.35800 13.21330
C 253.04700 22.10030 13.25810
H 250.54100 26.21650 11.52260
H 249.18600 23.29390 11.76360
H 253.78500 26.92040 11.66340
H 252.79500 23.91120 11.62330
C 256.70400 22.80610 13.14190
C 260.02300 23.41040 13.32180
C 261.10500 26.45900 13.31850
C 257.73100 25.92160 13.12710
C 255.40400 28.12860 13.20890
H 256.19200 24.64900 11.50870
H 257.37100 27.58800 11.60040
H 260.77600 28.28520 11.63050
H 259.71900 25.25990 11.65050
H 258.59100 22.30830 11.55050
H 261.89400 22.89100 11.71840
C 268.66000 27.69390 13.30530
C 264.86200 26.94420 12.81750
C 263.68400 23.95020 13.15520
C 267.55200 24.55890 13.24340
H 267.10000 26.35110 11.85060
H 269.41900 24.15270 11.48900
H 265.73700 23.49500 11.69770
H 262.89000 25.85710 11.69950
H 243.60000 33.25630 11.78270
H 246.86100 33.81420 11.70000
H 245.79900 30.83990 11.56340
H 242.28000 30.27720 11.62240
C 242.63400 28.44500 13.34830
C 247.27300 31.91390 13.29040
C 243.94200 31.24900 13.27970
C 246.20300 29.05590 13.31440
C 245.09500 34.35020 13.43790
C 241.69300 33.81350 13.35640
H 249.18100 31.45690 11.71110
H 250.37700 34.39900 11.71360
H 248.16400 28.44220 11.85430
H 251.49200 29.18440 11.67090
C 253.03300 30.22790 13.37710
C 254.26100 33.20630 13.28250
C 249.70200 29.59900 13.39220
C 250.62400 32.58120 13.42670
H 252.51500 32.13560 11.84690
H 259.74600 33.52990 11.85700
H 258.51500 30.65670 11.67790
H 254.96400 29.84590 11.84740
C 260.11800 31.63880 13.39930
H 256.27400 32.89970 11.91130
C 258.91600 28.78640 13.21730
C 257.90800 33.98460 13.45500
C 256.60800 31.12990 13.34080
C 261.40100 34.61720 13.37360
H 269.54100 32.22690 11.29340
H 263.20600 34.13570 11.79720
H 265.19900 31.79580 11.39470
C 266.07800 29.82090 12.44750
C 262.32800 29.35160 13.25100
C 267.32500 32.61930 12.43310
C 263.65500 32.20690 13.23180
H 266.61200 34.75930 11.82030
H 263.97700 28.87870 11.47200
H 261.91800 31.22220 11.73350
H 268.30500 29.30250 11.48060
C 242.76100 36.65170 10.33500
C 246.25800 37.28570 10.19180
C 244.11300 39.65480 10.36420
C 247.48000 40.15010 10.17410
C 248.50100 34.90520 10.13660
C 249.61900 37.97700 10.04210
C 251.88900 35.56120 10.10640
C 253.10200 38.51390 10.29400
C 250.89500 40.88470 10.08520
C 255.49200 36.39150 10.39110
C 256.90100 39.32840 10.21220
C 259.13400 36.99980 10.19030
C 260.33700 39.90210 10.11970
C 262.39900 37.67620 10.08820
C 266.16200 38.04580 10.66670
C 263.56500 40.58750 10.10230
C 268.44000 35.77930 10.35200
C 267.40600 40.96460 10.74850
C 264.85400 35.04970 10.16190
C 242.02400 41.84980 10.47730
C 245.26400 42.48760 10.37750
C 243.12500 44.68230 10.34240
C 246.39800 45.27850 10.10990
C 254.53000 41.50270 10.12580
C 248.70100 43.05740 10.09950
C 252.07800 43.66560 10.16460
C 250.01000 45.98850 10.10700
C 253.38000 46.56800 10.12580
C 255.85500 44.46470 10.10380
C 257.91200 42.13670 10.16540
C 261.44800 42.90010 10.06320
C 259.20400 45.17710 9.96689
C 256.90300 47.27950 9.97507
C 262.43400 45.79840 9.89923
C 264.73100 43.40030 9.97637
C 268.55200 43.80930 10.59940
C 265.75600 46.36630 9.70192
C 244.27000 47.51050 9.97293
C 242.19800 49.81780 9.83203
C 247.84900 48.19490 9.99562
C 245.62500 50.61350 9.79707
C 243.45500 52.85100 9.67811
C 246.76400 53.43780 9.67808
H 245.23100 52.45520 11.41640
C 254.61800 49.64050 9.85879
C 251.18200 48.94030 9.92690
C 249.05900 51.26830 9.84898
C 252.38200 51.94920 9.75626
C 250.21400 54.18990 9.67520
H 248.64400 53.19580 11.33260
H 252.02800 53.86460 11.36650
H 250.90700 50.89660 11.47970
H 254.22800 51.53990 11.43270
C 260.27700 48.15160 9.87833
C 255.66700 52.68210 9.79612
C 258.02200 50.34540 9.76717
C 261.40700 51.09150 9.86068
C 259.19100 53.40480 9.77127
H 257.61200 52.22460 11.31290
H 255.41900 54.60610 11.43640
H 261.01500 52.97910 11.43550
H 256.54400 49.21930 11.41880
C 268.37100 52.23970 9.79330
C 264.83800 51.80120 9.71815
C 262.61500 54.02350 9.80160
C 263.57400 48.73690 9.74043
C 267.06800 49.36280 9.61187
C 266.27900 54.55430 10.00070
H 264.50100 53.57890 11.38700
H 268.17800 54.05270 11.50910
C 245.69600 58.89550 9.35938
C 247.92200 56.52460 9.40166
C 242.31300 58.16840 9.46402
C 244.47400 55.80610 9.51534
H 244.24500 57.78650 10.97300
H 241.94600 60.05610 11.09090
H 245.32700 60.73710 11.01940
H 242.94800 54.74140 11.19070
H 246.45200 55.44260 11.09290
H 247.44900 58.34390 11.02880
C 253.58900 55.04270 9.78509
C 251.35300 57.26240 9.58761
C 254.75800 57.99050 9.66468
C 249.00500 59.60160 9.53243
C 252.47900 60.28520 9.55785
H 254.30200 59.80610 11.26900
H 253.14600 56.90570 11.28450
H 250.87900 59.13640 11.19010
H 249.72100 56.14840 11.09550
C 258.22400 58.57900 9.78982
C 256.90100 55.67910 9.72763
C 261.92400 59.19560 9.92588
C 260.41000 56.30560 9.74006
C 255.90800 60.89110 9.65698
H 257.73000 60.47660 11.32470
H 260.10000 58.19390 11.33290
H 256.55200 57.54850 11.34980
H 261.57700 61.05770 11.52670
H 258.74100 55.24040 11.33720
H 262.23500 55.85840 11.39700
C 268.77400 60.51210 9.78396
C 265.38100 59.84240 9.82322
C 267.58100 57.30740 9.91299
C 264.06100 56.85380 9.98881
H 263.79800 58.79480 11.40960
H 265.95500 56.42830 11.58250
H 269.50200 56.95150 11.48090
H 267.27400 59.28450 11.36350
C 244.62300 64.29850 9.39616
C 243.44900 61.24230 9.43717
C 246.78100 61.93400 9.39893
C 245.50400 67.32570 9.46318
C 242.24500 66.48340 9.58505
C 247.81300 64.98480 9.34608
H 247.37200 66.71950 11.00040
H 246.38200 63.74800 11.06810
H 244.15500 66.03020 11.10540
H 243.07600 63.07900 10.98820
C 250.20800 62.78260 9.42533
C 253.86800 63.19410 9.53040
C 255.14200 66.07350 9.63127
C 251.56900 65.57570 9.53103
H 253.46100 65.01850 11.09930
H 249.76200 64.45190 10.82590
H 252.09400 62.15110 11.02510
H 251.14800 67.29930 11.34460
H 248.65300 61.49840 11.00910
C 257.48100 63.76400 9.82488
C 260.67900 64.60350 9.96099
C 259.58900 61.48920 10.00580
C 262.00800 67.48840 9.78402
C 258.43000 66.73750 9.67055
H 259.11300 63.35700 11.63140
H 255.63100 62.76810 11.22620
H 256.92300 65.66490 11.34760
H 260.33900 66.34990 11.25810
C 264.11400 65.09840 9.93866
C 266.39500 63.03120 9.82818
H 266.03300 64.72240 11.56030
H 265.01100 61.68730 11.44390
H 263.73100 67.03750 11.54440
H 266.91900 67.65730 11.76750
C 267.59100 65.95840 9.99294
C 263.10700 62.03470 9.84038
H 269.13700 65.29630 11.43690
H 262.72900 64.00290 11.38170
H 268.19600 62.31310 11.40860
C 242.87800 36.76360 13.40400
C 246.32300 37.20990 13.39620
C 244.17800 39.52620 13.60760
C 247.58500 40.26130 13.36040
H 245.96200 39.12860 11.88230
H 244.75400 36.17750 11.78540
H 242.55400 38.56380 11.98860
H 241.36200 35.62010 11.70530
C 248.45900 34.89130 13.25570
C 249.59900 37.89030 13.38770
C 251.76800 35.57720 13.39980
C 253.11500 38.50540 13.21970
C 250.96400 40.86120 13.32140
H 249.40200 39.74750 11.74850
H 251.36800 37.36440 11.71060
H 253.68600 35.15330 11.80130
H 252.75900 40.41090 11.62750
H 248.16000 36.76590 11.69120
H 255.21500 38.14750 11.77210
C 255.53100 36.07120 13.23570
C 256.82800 39.13250 13.38590
C 259.23100 36.93520 13.33920
C 260.31300 40.07250 13.38790
H 258.81700 38.85610 11.83230
H 256.43900 41.10640 11.86230
H 257.59100 35.83920 11.80220
H 261.01900 36.44470 11.71910
H 262.10000 39.49390 11.77430
C 262.56500 37.64150 13.29680
C 266.24300 38.08470 12.68170
C 263.85000 40.58060 13.24790
C 268.51300 35.56980 13.24040
C 267.43700 40.97630 12.58370
C 264.89300 35.19810 13.32970
H 265.29700 40.11630 11.72230
H 264.23200 36.99150 11.61760
H 269.67300 40.38610 11.68920
H 268.40700 37.51970 11.68070
H 243.89300 41.43960 12.10970
C 241.82600 41.93860 13.45290
C 245.53100 42.56030 13.50590
C 243.17100 44.92610 13.49920
C 246.65200 45.67140 13.28920
H 245.00100 44.38910 11.96200
H 247.24200 42.06250 11.74440
H 246.21100 47.28600 11.56250
H 241.54800 43.71830 12.06530
H 242.70600 46.62520 11.72440
C 254.50600 41.46580 13.18830
C 248.66100 43.31640 13.31530
C 252.29700 43.80850 13.15550
C 249.91600 46.09220 13.22080
C 253.46900 46.79280 13.25030
H 248.35800 45.04150 11.57970
H 254.10300 43.26410 11.42290
H 251.82900 45.56560 11.79130
H 250.47700 42.69530 11.75020
H 255.35900 46.31500 11.72250
C 255.67700 44.38200 13.06780
C 258.09300 42.32640 13.32230
C 261.38600 42.90390 13.26260
C 259.22100 45.30600 13.26220
C 257.00400 47.50190 13.17620
H 257.73400 44.11020 11.67280
H 259.89100 41.79240 11.63630
H 258.79900 47.01870 11.53550
H 260.99700 44.73110 11.63700
H 262.14000 47.66260 11.43730
C 262.58400 45.86520 13.13120
C 264.77000 43.71000 13.21140
C 268.57900 44.03510 12.45090
C 266.08700 46.42620 12.89590
H 263.22700 42.44420 11.70660
H 264.30400 45.36940 11.45740
H 267.55700 45.94690 11.27120
H 266.45100 43.01000 11.60560
C 244.31200 47.76470 13.12470
C 242.13300 49.99230 12.92650
C 247.78300 48.47190 13.10590
C 245.59400 50.72280 13.01230
C 243.30200 52.94050 12.91130
C 246.80600 53.80350 12.90590
H 241.81900 51.82040 11.24550
H 244.04200 49.51400 11.40020
H 247.43200 50.16350 11.37160
H 249.68000 47.96390 11.60320
C 254.70500 49.68620 13.06060
C 251.21300 49.11040 13.15060
C 248.94400 51.34000 12.96480
C 252.38200 52.06780 13.08000
H 253.05800 48.57720 11.52960
C 250.13700 54.47560 12.87660
C 260.37400 48.17860 13.09420
C 255.79000 52.80870 12.98300
C 257.99600 50.51520 13.08790
C 261.49500 51.10200 13.02830
C 259.09000 53.45810 12.96040
H 259.84700 49.99690 11.50150
C 262.62100 53.98710 12.98030
C 263.79900 48.78460 12.92720
C 267.10300 49.39330 12.81470
C 264.92200 51.79350 12.92630
C 268.43200 52.14280 12.74210
H 268.85200 49.04730 11.14100
C 266.22200 54.67990 12.90310
H 265.48300 48.30010 11.26800
H 266.66400 51.24050 11.21770
H 263.32000 50.63970 11.37160
C 245.64100 58.90200 12.67730
C 244.55000 55.93660 12.65630
C 242.46800 58.34390 12.76120
C 247.90300 56.58510 12.76020
C 251.20300 57.24920 12.82220
C 254.66000 58.06590 12.92700
C 248.90100 59.58690 12.67440
C 253.54700 55.06180 13.00320
C 252.39000 60.37880 12.75720
C 255.88300 60.94490 12.86780
C 261.78800 59.29750 12.92050
C 260.30200 56.39290 12.96050
C 256.97900 55.78180 13.00960
C 258.18000 58.64530 12.92320
C 265.43600 59.80780 13.01910
C 268.69700 60.52370 13.04630
C 267.62900 57.50580 13.09860
C 263.91300 56.80610 12.94890
C 242.31600 66.41110 12.71680
C 243.51900 61.22630 12.60190
C 244.53600 64.10070 12.66350
C 245.71200 67.23100 12.72880
C 246.84800 61.86280 12.67010
C 248.03500 64.85620 12.55840
C 251.39800 65.43130 12.56630
C 254.92700 66.01970 12.84560
C 253.67300 63.13440 12.69260
C 250.22000 62.71370 12.57620
C 261.69900 67.62330 12.96120
C 259.45400 61.54590 12.86960
C 260.84800 64.57110 12.94450
C 258.46500 66.78630 12.88200
C 257.03300 63.82340 13.00800
C 266.43500 62.85750 13.11680
C 264.12900 65.14170 13.08270
C 267.50000 65.85510 13.23740
C 263.18000 62.15890 13.04250
C 243.30100 69.69800 9.58660
C 246.85400 70.21140 9.90141
C 244.18500 72.67920 9.69259
C 247.99700 73.19830 10.36570
H 245.92000 72.08730 11.28050
H 242.77800 71.39160 11.30920
H 241.95200 68.34480 11.21660
H 245.05600 69.09040 11.18400
C 250.35900 70.78710 9.86306
C 252.80100 68.34140 9.67874
C 253.93800 71.39550 9.71024
C 251.63300 73.83010 9.62517
C 249.22300 67.91230 9.79787
H 248.68500 69.64400 11.60630
H 253.39200 73.22590 11.31190
H 250.17100 72.47980 11.21510
H 252.41300 70.24800 11.26200
H 254.70600 67.94850 11.25560
C 256.16100 69.17610 9.70276
C 257.21600 72.00670 9.67653
C 259.65700 69.79880 9.63285
C 260.62900 72.83310 9.64228
H 261.41700 69.41890 11.29560
H 259.09400 71.64340 11.25110
H 258.08600 68.65170 11.25080
H 255.76300 70.91300 11.39700
H 256.79100 73.88070 11.12220
H 262.53700 72.43960 11.28830
C 262.97500 70.60410 9.69806
C 266.21700 71.26760 9.83683
C 263.99000 73.68480 9.73450
C 268.39000 68.79150 10.05050
C 267.28100 74.41180 9.81102
C 265.29200 68.05820 9.92436
H 264.73800 70.02340 11.41540
H 267.94800 70.76370 11.57470
H 265.80500 73.15620 11.37270
H 269.01300 73.79310 11.44310
C 241.80400 74.87030 9.75034
C 245.16800 75.74890 9.78771
C 242.76800 78.02910 9.86351
C 246.10300 78.74090 9.74935
H 246.86800 75.12580 11.45150
H 242.47300 79.86520 11.53560
H 245.74300 80.53660 11.37750
H 244.69200 77.54490 11.41790
H 241.45400 76.91750 11.25850
H 243.73700 74.48530 11.38790
C 254.79800 74.46410 9.70031
C 248.96700 76.11290 10.48820
C 249.95800 79.23620 10.47170
C 253.69800 79.87170 9.86892
C 252.66000 76.88830 9.81382
H 247.89600 78.17910 11.36160
H 252.21400 78.53170 11.31390
H 251.17800 75.49490 11.39040
H 254.43300 76.12350 11.52740
C 255.79300 77.36880 9.82776
C 258.30600 75.15400 9.61104
C 261.67900 75.90230 9.72123
C 257.12800 80.39730 9.94218
C 259.32300 78.05640 9.75964
H 261.19400 77.65510 11.33750
H 255.53100 79.25770 11.43890
H 257.80800 76.93430 11.34410
H 260.16400 74.69030 11.20060
H 259.03200 79.88250 11.45760
H 262.28700 80.60280 11.48800
C 262.72100 78.82330 9.79235
C 266.09800 79.62380 9.93457
C 265.12900 76.65220 9.81317
C 268.35800 77.43170 9.90512
H 263.57600 75.47400 11.37310
H 266.90300 76.14310 11.50510
H 267.93300 79.19200 11.59110
H 264.55500 78.40840 11.47930
C 243.87700 81.13260 9.87372
C 241.80400 83.37130 9.96634
C 247.35800 81.77440 9.94855
C 245.04500 84.12180 10.01240
C 242.77400 86.21400 9.98822
C 246.03700 87.04350 10.07390
H 241.20500 85.19960 11.51880
H 244.53800 85.86360 11.70100
H 243.59300 82.88720 11.60580
H 246.76300 83.52400 11.67190
H 248.94900 81.17570 11.57800
C 254.87200 82.71250 10.08040
C 251.13800 82.05760 10.80730
C 248.42700 84.62080 10.05990
C 252.18600 85.10010 10.73660
H 251.10200 87.12900 11.65330
H 247.83700 86.46370 11.64960
H 250.06500 84.10890 11.60690
C 249.52700 87.50160 10.09530
H 253.37200 81.56550 11.70250
H 254.40900 84.50070 11.78590
C 260.44000 81.18570 9.90569
C 255.81900 85.51950 9.95583
C 258.12600 83.32910 9.99821
C 261.41200 84.11040 10.00820
C 259.16900 86.43050 9.95375
H 260.97600 85.94580 11.59920
H 257.66800 85.19780 11.58340
H 256.70200 82.18670 11.70110
H 259.97500 82.91250 11.66070
H 255.41300 87.44900 11.49160
H 265.56500 81.38750 11.58610
C 262.49900 86.97560 9.93756
C 263.77800 81.84070 9.91828
C 267.14200 82.71950 10.11190
C 264.78500 84.80390 9.97419
C 268.39200 85.60230 9.99312
C 265.87500 87.67030 9.87612
H 267.98800 87.36550 11.23260
H 264.39400 86.62640 11.54340
H 263.26500 83.62150 11.62040
H 269.17300 82.13910 11.57590
H 266.72300 84.34720 11.46920
C 244.92300 92.10670 10.04040
C 241.55100 91.53310 9.78187
C 247.17600 89.93440 10.04460
C 243.79300 89.16170 9.94960
H 242.16500 88.15080 11.43830
H 246.82400 91.79070 11.65480
H 244.37300 93.93710 11.60740
H 245.60500 88.87770 11.66520
H 243.27500 90.97920 11.55270
H 241.10000 93.38490 11.33120
C 250.55700 90.60450 10.01410
C 254.24200 91.03720 10.51970
C 248.31800 92.96170 10.02550
C 251.64400 93.58310 9.98032
C 253.15000 88.02110 10.57010
H 248.96800 89.46620 11.58320
H 252.18200 90.10770 11.55050
H 253.37200 93.13920 11.41190
H 250.13700 92.48430 11.61340
C 257.96000 91.66240 10.09460
C 261.36100 92.30000 9.88678
C 256.85500 88.75130 9.90527
C 260.28200 89.31330 10.02940
C 255.54000 94.05770 10.78930
H 258.67700 88.20790 11.56580
H 257.76700 93.52030 11.76390
H 261.07500 94.06520 11.62700
H 256.39100 90.44990 11.77260
H 259.91500 91.18690 11.60160
H 262.18800 88.80640 11.60370
C 267.19400 90.75460 9.81096
C 263.68300 89.82260 9.90131
C 264.91300 92.90740 9.98512
C 268.55000 93.60250 10.07600
H 263.26000 91.78010 11.42620
H 269.13200 90.26720 11.31360
H 265.66400 89.61210 11.42420
H 266.86000 92.51710 11.49570
H 245.40000 96.94650 11.52450
C 244.80200 100.43000 10.05680
C 246.03200 95.21060 10.13020
C 241.52000 99.83560 10.00130
C 242.71300 94.56940 9.84574
C 243.47500 97.57080 9.95752
C 247.09800 98.14540 10.04570
H 246.66600 99.94810 11.68610
H 243.29400 99.36560 11.68900
H 242.19400 96.37800 11.45390
H 249.02000 97.66510 11.52540
C 254.07900 99.45240 10.11520
C 252.80000 96.50620 9.98622
C 249.44000 95.88310 10.05850
C 250.61900 98.85480 9.97508
H 252.36600 98.34940 11.60410
H 251.31500 95.41370 11.63920
H 250.20300 100.64100 11.61210
H 247.90200 94.74200 11.70460
H 254.51800 96.10360 11.64440
C 259.20400 94.65340 10.04200
C 256.65900 97.00310 10.73180
C 260.26100 97.64060 9.90614
C 261.49000 100.64700 9.91723
C 257.72500 99.84880 10.36750
H 258.93200 96.46900 11.68360
H 255.70300 99.01640 11.64310
H 259.92000 99.41140 11.45710
C 263.76700 98.08900 10.07030
H 266.98900 100.50000 11.22850
H 262.05500 97.08900 11.57830
H 264.34300 94.75100 11.60950
H 263.27200 100.01600 11.56960
H 269.32600 98.45070 11.48840
C 267.28300 98.72320 10.01170
H 265.61500 97.64530 11.73640
C 266.22700 95.73700 10.20210
C 262.52600 95.28310 10.02130
H 268.14600 95.44410 11.74590
C 243.28600 69.58080 12.89530
C 246.50000 70.27220 12.86850
C 244.15400 72.69200 12.95180
C 247.94900 73.10210 12.24750
C 249.02000 67.66500 12.72880
C 250.55000 70.74270 12.94460
C 252.81200 68.37860 12.87340
C 253.86500 71.39690 12.95480
C 251.50800 73.79580 12.91810
C 256.27100 69.04360 12.90880
C 257.23700 72.13620 12.90190
C 259.53000 69.88210 12.88570
C 260.60800 72.80820 12.80570
C 262.90300 70.61760 12.96810
C 265.03400 68.30380 13.25290
C 266.11700 71.34500 13.07160
C 263.95100 73.61290 12.97820
C 268.44300 68.96910 13.22900
C 267.22200 74.22570 13.06560
C 241.90000 75.07440 12.91060
C 245.32200 75.67870 12.96130
C 242.90900 77.88320 13.02320
C 246.37500 78.58660 12.91320
C 255.01400 74.15870 12.91400
C 248.92700 76.13330 12.31990
C 249.98000 79.02190 12.34580
C 252.55900 76.77740 13.05810
C 253.61800 79.77810 13.06630
C 255.98200 77.35550 13.02630
C 258.28400 75.01020 12.83920
C 261.63400 75.70290 12.86970
C 257.15000 80.22740 13.11080
C 259.35100 77.91940 12.99000
C 262.62100 78.69250 13.02840
C 266.03200 79.51490 13.14990
C 265.02200 76.55040 13.05410
C 268.43300 77.27340 13.11120
C 244.01900 80.95650 13.10670
C 241.69500 83.36010 13.11600
C 247.14200 81.61240 13.15060
C 245.03800 84.06680 13.33600
C 242.61100 86.42080 13.17250
C 246.08000 87.05690 13.25090
C 251.05600 82.01020 12.60310
C 254.86300 82.82090 13.33350
C 248.34400 84.60920 13.25890
C 252.12600 85.10710 12.57000
C 249.29200 87.65270 13.27340
C 260.45500 81.01750 13.17010
C 255.90000 85.77920 13.31860
C 258.10200 83.43230 13.30390
C 261.45200 84.14810 13.24950
C 259.11100 86.43450 13.18450
C 262.57500 86.98720 13.19890
C 263.75200 81.74340 13.18450
C 267.25300 82.55040 13.08390
C 264.89400 84.76190 13.11620
C 268.33900 85.56380 12.90650
C 266.15600 87.81990 12.89010
C 243.70500 89.14560 13.17380
C 241.44400 91.60020 13.05270
C 247.15500 89.89170 13.25840
C 244.88000 92.03130 13.12100
C 250.44000 90.61740 13.23560
C 253.26700 88.03010 12.54540
C 251.73000 93.56870 13.19570
C 248.36900 92.88240 13.27960
C 254.12700 91.09140 12.72350
C 255.46500 93.99340 12.46830
C 261.54000 92.22160 13.22000
C 256.77000 88.71200 13.23040
C 258.06600 91.77780 13.29120
C 260.27700 89.27420 13.18480
C 263.85300 89.98170 13.06290
C 268.35500 93.72670 13.16920
C 264.88700 92.93230 13.00830
C 267.33100 90.75510 12.95820
C 247.00800 97.88440 13.07110
C 242.52900 94.49270 13.08200
C 243.60200 97.41550 13.21830
C 244.87400 100.35100 13.35910
C 245.90300 95.11620 13.15820
C 241.33300 99.72390 13.23410
C 250.53400 98.77680 13.18230
C 252.81900 96.50360 13.26210
C 249.46300 95.79370 13.19750
C 253.95200 99.40860 13.24120
C 260.33700 97.74610 13.29940
C 261.35300 100.66700 13.11720
C 256.67100 96.91350 12.52540
C 259.31900 94.65390 13.33470
C 257.77700 99.99720 12.75270
C 263.62400 98.23460 13.17600
C 262.57300 95.30910 13.21940
C 266.07900 95.90060 13.14070
C 267.38900 98.84300 13.03450
C 242.64700 102.80500 10.19740
C 246.00700 103.40500 10.16850
C 243.87300 105.66100 10.27530
C 247.32600 106.43900 10.29990
H 242.14000 104.63700 11.76600
H 240.99000 101.62500 11.65660
H 244.51700 102.27100 11.80410
H 245.76700 105.20300 11.86260
C 249.38800 104.19200 10.18570
C 251.69200 101.84500 10.03980
C 252.75000 104.68900 10.06510
C 250.58500 107.06800 10.17580
C 248.25200 101.12200 10.11500
H 251.26900 103.59800 11.73190
H 247.94500 102.95400 11.75270
H 252.46500 106.56700 11.69100
H 249.18200 105.97000 11.88470
H 253.41100 101.31000 11.67990
C 255.35900 102.50500 10.67560
C 256.53800 105.30400 9.98517
C 258.78900 102.99100 9.96318
C 260.06100 105.85800 9.97155
H 260.64400 102.40400 11.47630
H 257.52300 101.88500 11.82810
H 254.73200 104.39400 11.47030
H 256.20900 107.18200 11.55240
H 258.42600 104.82200 11.56360
C 262.71800 103.44800 10.68670
C 266.29100 104.00600 10.03400
C 263.72400 106.32000 10.79030
C 268.60000 101.67400 9.83154
C 267.40000 106.83100 9.92754
C 264.91700 100.99700 9.90792
H 265.98400 105.85100 11.73850
H 268.16300 103.49900 11.52450
H 269.34100 106.60800 11.51610
H 261.63200 105.48600 11.69090
H 264.88300 102.77800 11.64250
C 241.66100 107.89700 10.19040
C 245.07700 108.61200 10.25050
C 242.87700 110.84200 10.26630
C 246.29600 111.48200 10.24250
H 241.30900 109.77600 11.82000
H 243.51800 107.51900 11.80570
H 242.46900 112.73600 11.83380
H 244.68800 110.44600 11.84800
H 246.86900 108.18600 11.96690
H 246.02000 113.39100 11.84230
C 254.14700 107.60100 10.19000
C 248.47900 109.22900 10.32690
C 252.07300 109.91900 10.26370
C 249.73400 112.23600 10.18610
C 253.48800 112.85500 10.04480
H 254.04100 109.45900 11.83940
H 251.81700 111.84600 11.57960
H 250.41900 108.89300 11.89840
H 248.15000 111.14900 11.81190
C 255.55400 110.51400 10.10550
C 257.79600 108.26700 9.93191
C 261.20300 108.87000 9.91707
C 258.97700 111.31100 9.93559
C 256.72000 113.61000 9.93151
H 257.50100 110.11700 11.60860
H 258.60600 113.21300 11.44880
H 255.36500 112.39400 11.70660
H 259.63100 107.78200 11.51260
H 260.75900 110.77700 11.51900
C 262.38600 111.83600 9.87330
C 264.97900 109.29100 10.62440
C 268.60300 110.05100 9.82915
C 266.07900 112.40500 10.69990
H 261.91900 113.82200 11.41250
H 264.00600 111.40200 11.57420
H 267.19900 108.81400 11.42510
H 268.29600 111.76500 11.64600
H 262.86000 108.44500 11.65160
C 244.16000 113.80900 10.23110
C 241.88100 116.00200 10.05040
C 247.59300 114.44500 10.20980
C 245.41000 116.67400 10.12600
C 243.10600 119.08200 9.99199
C 246.59000 119.67700 10.01600
H 247.22100 116.31500 11.81000
H 243.72500 115.67900 11.74710
H 241.36800 117.90100 11.45610
H 245.00100 118.56000 11.63460
C 254.57300 115.92600 9.97172
C 251.14900 115.07700 10.30290
C 248.87500 117.28100 10.21010
C 252.34500 118.03900 10.10740
H 253.19700 114.77900 11.60260
H 249.44000 114.04400 11.82620
H 251.96600 120.03300 11.46360
H 250.77100 116.99100 11.86880
H 248.39300 119.18800 11.65650
H 254.27700 117.76400 11.68440
C 249.97300 120.22500 9.95679
C 260.14600 114.30000 9.85264
C 255.70300 118.92800 10.06640
C 257.89700 116.63500 9.96134
C 261.28800 117.24500 9.90525
C 258.95000 119.58100 10.05880
H 256.39100 115.44200 11.57580
H 260.99500 119.17000 11.46820
H 259.73300 116.18000 11.51850
H 257.47800 118.42400 11.75160
H 255.24500 120.72600 11.65280
C 262.46100 120.38700 9.85381
C 263.47900 114.96100 9.87368
C 267.25200 115.36500 10.69760
C 264.81200 117.89000 10.03610
C 268.40900 118.27100 10.47380
C 265.85000 120.83000 9.92559
H 269.49700 114.81800 11.66780
H 266.32800 117.44500 11.62450
H 267.52600 120.43600 11.35620
H 265.12900 114.44500 11.67310
H 263.13100 116.77600 11.54910
H 264.19900 119.77800 11.54920
C 245.33700 125.04000 9.76824
C 244.27900 122.05100 9.94055
C 241.84800 124.28300 9.88700
C 247.67900 122.74000 9.92268
H 245.00500 126.76000 11.61860
H 247.27600 124.51900 11.26540
H 241.45000 126.04700 11.70430
H 246.17600 121.53400 11.58860
H 243.83200 123.77000 11.30710
H 242.60500 120.75300 11.34210
C 248.88000 125.81000 9.82030
C 254.51600 124.17100 9.88326
C 251.06900 123.19500 9.82575
C 252.22000 126.37700 9.93391
C 253.50600 121.14600 9.88789
H 253.01400 123.01200 11.43080
H 254.08300 125.93900 11.53770
H 250.68900 125.15100 11.36500
H 249.60700 122.14300 11.48100
C 255.72600 127.05900 10.01820
C 256.74200 121.87500 9.99074
C 261.41200 125.60600 9.99702
C 258.01900 124.86600 10.05380
C 260.27700 122.62300 9.96698
H 260.99400 127.35800 11.73520
H 257.58600 126.65700 11.70230
H 259.92100 124.42000 11.58640
H 256.38000 123.72200 11.52730
H 258.71500 121.47700 11.56000
H 262.14400 122.14400 11.56370
C 268.17800 126.91400 9.90260
C 266.93100 123.93700 9.82887
C 263.56400 123.26100 9.82313
C 264.68800 126.40400 10.03310
H 268.70000 123.45900 11.50420
H 265.33500 122.75800 11.40940
H 266.60100 125.76900 11.47860
H 263.26600 125.08000 11.57880
C 245.61700 133.07600 10.30130
C 242.05500 132.31700 10.18830
C 246.61000 127.92700 10.05850
C 243.00600 127.20000 10.10310
C 244.38500 130.15400 10.24720
C 247.86500 130.91500 10.22300
H 243.91100 132.04600 11.84110
H 246.33300 129.76100 11.81120
H 247.50500 132.73200 11.87550
H 242.61600 129.07300 11.69740
C 254.67300 132.21600 10.21930
C 253.31900 129.29400 10.06090
C 251.29900 131.65100 10.17200
C 250.01000 128.79400 10.00400
H 249.77100 130.49100 11.76590
H 250.80800 1.38145 11.88700
H 251.80500 128.16500 11.63680
H 248.51700 127.53900 11.60590
H 253.09600 131.13200 11.74580
C 257.89600 133.05500 10.31380
C 256.93500 130.05200 10.23130
C 259.10100 127.87500 10.15070
C 261.42600 1.81274 10.58550
C 260.28700 130.87000 10.29080
H 259.68200 132.55400 11.99230
H 258.79000 129.60100 11.86450
H 255.23500 128.86800 11.59110
H 256.44400 131.78900 11.94440
C 267.26100 132.29700 10.16980
H 263.37600 133.24400 12.22920
H 264.38300 128.14900 11.78880
H 267.00900 2.04905 11.94450
C 266.01600 129.29800 10.19550
C 262.53500 128.59500 10.20100
H 267.98000 128.68300 11.68500
H 269.16600 131.60700 11.70130
H 262.04400 130.36400 11.91180
H 265.82300 131.09000 11.76560
C 263.72500 131.54500 10.43900
C 242.61100 102.75100 13.28690
C 246.09500 103.32400 13.43010
C 243.78700 105.65300 13.35320
C 247.28600 106.37800 13.46460
C 249.47600 104.07400 13.39970
C 251.77300 101.72800 13.30160
C 252.97400 104.68800 13.18020
C 250.79800 107.04100 13.47800
C 248.34600 101.03300 13.23030
C 255.33600 102.37700 12.80880
C 256.50600 105.23000 13.02310
C 259.09700 103.13600 13.26420
C 259.82000 106.02600 13.23840
C 265.18300 101.07200 12.91310
C 262.68900 103.46300 12.52120
C 266.32800 104.15200 13.17690
C 263.72400 106.44300 12.64900
C 268.48200 101.71900 12.88560
C 267.51700 107.12200 13.24330
C 241.64300 107.95300 13.37230
C 244.95100 108.69300 13.47670
C 242.83400 110.91600 13.44630
C 246.27800 111.54800 13.43370
C 254.25600 107.59800 13.16380
C 248.54900 109.32800 13.45100
C 252.11300 110.08400 13.33740
C 249.89600 112.33800 13.25030
C 253.37000 112.85900 13.17230
C 255.74100 110.53700 13.34210
C 257.81200 108.15600 13.12590
C 261.29600 108.85500 13.08310
C 258.98700 111.37800 13.14430
C 256.82800 113.62400 13.19460
C 262.26500 111.97500 13.12130
C 264.97200 109.42000 12.45950
C 268.70900 110.17900 13.01810
C 266.07400 112.36900 12.63390
C 244.10200 113.80400 13.34650
C 241.71700 116.14900 13.19860
C 247.59000 114.54600 13.40410
C 245.26600 116.72100 13.35100
C 242.97900 118.94200 13.04570
C 246.45400 119.68800 13.22450
C 254.63600 115.92800 13.25640
C 251.20400 115.26800 13.22210
C 248.84100 117.46000 13.37320
C 252.35000 118.31300 13.20480
C 250.06200 120.36200 13.11240
C 260.15000 114.31500 13.07610
C 255.66300 119.03700 13.36490
C 257.88900 116.52700 13.24730
C 261.29500 117.33000 13.13200
C 259.17700 119.58300 13.15670
C 262.44100 120.30100 13.16470
C 263.46800 114.85100 13.13140
C 267.24200 115.37700 12.59440
C 264.48000 117.94500 13.20620
C 268.45100 118.45600 12.46800
C 265.77600 120.88700 13.07370
C 244.16700 121.88400 12.94830
C 241.98000 124.21000 13.02800
C 247.60700 122.66800 12.98550
C 245.38400 124.89500 12.96090
C 251.08600 123.30800 13.03720
C 248.76900 125.56500 12.96070
C 252.19500 126.17100 13.10880
C 253.33800 121.33400 13.14400
C 254.51600 124.10600 13.12270
C 255.63000 126.98200 13.15940
C 260.31600 122.56900 13.21310
C 261.50100 125.45000 13.25790
C 256.86600 121.94300 13.14860
C 258.01000 124.75900 13.17550
C 268.25000 126.71300 13.15450
C 267.02000 123.76100 13.00350
C 263.70500 123.25900 13.18960
C 264.82600 126.28700 13.17910
C 241.84500 132.49500 13.27580
C 244.23200 130.25600 13.26810
C 246.60700 127.88600 13.26870
C 245.55600 133.26100 13.41650
C 247.93200 130.80600 13.43740
C 243.09900 127.19700 13.24280
C 254.53600 132.16400 13.46630
C 249.99200 128.51300 13.30100
C 251.29700 131.52100 13.43060
C 253.40800 129.16600 13.21220
C 259.14500 127.65500 13.37590
C 260.25400 130.74400 13.57620
C 256.79800 129.77700 13.34330
C 257.89400 133.04500 13.62140
C 261.28400 1.71948 13.58500
C 262.48300 128.43200 13.41360
C 263.84200 131.35600 13.41020
C 267.42800 132.06900 13.43040
C 266.14100 129.14600 13.34120
C 271.77100 3.70737 10.04980
C 272.98700 6.74747 9.98264
C 275.24000 4.32284 9.90699
C 269.50500 6.14715 10.00430
H 270.26300 2.67649 11.75740
H 271.36700 5.60261 11.53010
H 273.69800 3.32296 11.56750
H 274.83600 6.17225 11.52820
H 272.58400 8.58525 11.63050
C 276.55900 7.27742 10.08020
C 279.12000 4.76536 10.73840
C 282.80900 5.47905 10.00830
C 280.23300 7.51687 10.64020
C 283.87000 8.50897 10.01970
C 281.63500 2.50292 10.10330
H 276.95800 3.88436 11.53870
H 278.14500 6.82968 11.59700
H 281.32000 4.33657 11.65280
C 284.88100 3.12877 10.01330
C 288.00800 3.80730 10.01130
C 285.96200 6.10625 10.02050
C 289.10900 6.69256 10.01380
C 291.17400 4.32947 9.99770
C 294.23100 4.97998 9.99921
C 292.22000 7.45696 10.00970
C 295.40300 7.78319 10.01950
H 292.87800 3.77044 11.58550
C 296.33800 3.02940 9.98864
C 270.68700 8.98719 10.03600
C 274.15200 9.63585 9.95653
C 273.06400 14.94180 10.02030
C 271.76100 11.88770 9.99689
C 275.30300 12.57690 9.99824
C 269.56500 14.19970 9.97010
C 277.99800 10.04470 10.79300
C 281.49500 10.61280 10.15730
C 279.13000 13.04240 10.57990
C 282.74100 13.70300 10.04310
C 286.99600 9.13354 10.01800
C 290.10300 9.68951 10.01490
C 284.92600 11.43260 10.02840
C 288.04500 12.12930 10.01780
C 285.91000 14.42830 10.01770
C 289.05700 15.04950 10.01680
C 291.14600 12.68430 10.03320
C 293.21100 10.38110 10.03030
C 296.35800 10.54380 10.03810
C 294.28500 13.33120 10.04390
C 274.24700 17.87490 10.02270
C 270.80700 17.22130 10.13690
C 271.95000 20.08360 10.04370
C 275.34600 20.76160 9.93418
C 276.29100 15.52320 10.00640
C 280.18800 16.07180 10.71900
C 277.54100 18.44890 10.03220
C 283.80300 16.76980 10.01580
C 281.20000 19.03180 10.67400
C 278.99600 21.44270 10.54820
C 282.79900 21.90940 9.98520
H 284.55700 21.48400 11.57850
C 287.02000 17.30800 9.99530
C 290.15900 17.92480 9.99640
C 284.93000 19.65930 9.99092
C 288.09300 20.32850 9.97353
H 289.82900 19.75650 11.57980
H 286.68900 19.13220 11.58260
H 287.75000 22.10340 11.55590
C 292.28300 15.63780 10.02840
C 291.14300 21.00220 9.98041
C 295.44800 16.65380 10.04890
C 293.22800 18.60870 10.00850
C 296.37500 19.53560 10.02250
C 294.20500 21.58800 9.98074
H 292.83800 20.37940 11.58870
H 295.88200 21.12000 11.58850
C 269.77300 22.31010 9.98243
C 273.22400 23.00500 9.92822
C 270.93700 25.39440 9.96349
C 274.30600 25.95880 9.88983
C 272.05700 28.14500 10.09790
C 276.65400 23.71370 9.88664
H 282.51000 23.83400 11.55670
C 280.50800 24.25370 10.08440
C 277.99200 26.73630 9.82495
H 283.49500 26.79500 11.54880
C 283.94700 25.04430 9.95142
C 281.72800 27.30360 9.86561
H 277.76500 28.52240 11.64540
C 285.91300 22.57040 9.96312
C 289.09600 23.29980 9.95981
C 287.01000 25.61610 9.95258
C 290.11000 26.26530 9.96177
H 288.75500 25.07670 11.55490
H 285.64900 24.39760 11.54640
C 284.86100 28.00810 9.96045
C 288.04000 28.59150 9.97006
H 286.63000 27.39620 11.55380
H 289.78900 28.05560 11.56790
H 290.83100 22.78250 11.56830
C 292.23800 23.93250 9.96234
H 293.98000 23.47240 11.55870
C 295.55600 24.49940 9.96070
C 293.21200 26.86780 9.95790
H 291.86800 25.69310 11.55730
H 294.98500 26.35780 11.55090
C 296.32500 27.87110 9.96768
H 292.88700 28.63980 11.56090
C 269.91000 30.55610 9.97313
C 271.08900 33.53740 9.87732
C 274.66700 34.18040 10.04730
C 275.74500 28.93990 10.14400
C 273.50500 31.15580 10.05520
C 276.98100 31.96090 10.13920
C 279.35200 29.61250 10.02940
C 280.71900 32.49610 9.95386
C 283.85300 33.27360 9.99389
H 282.47500 32.05460 11.58540
C 282.80300 30.25180 9.98089
C 278.29400 34.89450 9.85338
H 281.27000 29.12120 11.57770
H 284.52600 29.75270 11.57390
H 287.62100 30.35650 11.58310
C 286.96700 33.88460 10.00700
C 289.02500 31.51850 9.99469
C 290.13600 34.45750 10.00390
C 285.88800 30.91360 9.98573
H 293.98400 31.72190 11.58030
H 295.89500 29.37820 11.57050
H 290.79500 31.00930 11.59420
H 291.88500 33.93930 11.59080
C 291.16700 29.27470 9.97716
C 293.23300 35.15460 9.99278
C 292.17500 32.17400 9.99061
C 295.55300 32.81180 9.97704
C 294.27500 29.84710 9.97208
H 295.00500 34.64140 11.57370
C 271.93000 3.82053 13.18090
C 273.04000 6.65289 13.12570
C 275.30200 4.34354 13.15780
C 269.70000 6.11507 13.29830
C 276.42000 7.26362 13.16240
C 281.68500 2.66077 13.20440
C 279.06200 4.78343 12.54750
C 282.87600 5.54315 13.20350
C 280.25800 7.47714 12.71980
H 282.49700 7.35326 11.60880
C 283.90800 8.57507 13.21740
H 284.56200 4.94429 11.61530
C 284.88600 3.14612 13.20910
C 288.04300 3.75254 13.20630
C 286.01200 6.09630 13.21740
C 289.14800 6.71485 13.21030
H 285.62600 7.90749 11.61800
H 289.76000 3.16484 11.59780
H 287.72000 5.53888 11.62310
H 288.73600 8.52266 11.61080
H 286.62200 2.57952 11.60560
C 296.36700 2.94441 13.18960
H 290.87800 6.16578 11.60290
C 291.15200 4.37613 13.19290
C 294.24700 4.98860 13.19390
C 292.21400 7.40470 13.20440
C 295.48000 7.89131 13.21570
H 295.94000 4.51041 11.59670
H 293.95100 6.87889 11.60780
C 270.72100 9.15502 13.23010
C 274.10700 9.74071 13.23890
C 271.78300 11.98310 13.14360
C 272.97500 14.92420 13.24820
C 275.25000 12.54500 13.17460
C 269.45700 14.37460 13.06540
H 273.64700 11.50830 11.54890
H 271.44800 13.84490 11.56470
H 275.86200 9.14412 11.65810
H 274.82800 14.42050 11.64500
H 270.12500 10.87520 11.60500
C 277.84300 10.16540 12.69820
H 283.48500 10.33330 11.62920
C 281.59700 10.73800 13.24480
C 279.02300 12.98210 12.51040
C 282.79500 13.83910 13.23860
H 281.32000 12.64510 11.60300
H 278.09200 15.05720 11.56310
H 276.98000 12.15520 11.47080
H 280.15400 9.66209 11.95790
C 287.03300 9.15360 13.21370
H 284.54800 13.27120 11.63080
C 290.12100 9.72426 13.21270
C 284.91800 11.49690 13.22450
C 287.99900 12.10980 13.21380
C 285.91500 14.46210 13.21410
C 289.04900 15.04360 13.21240
H 286.66200 10.91980 11.61870
H 289.77600 11.50570 11.61840
H 287.66000 13.91020 11.61330
H 291.85600 9.19361 11.61140
H 290.82700 14.48310 11.63220
C 291.18100 12.70230 13.23000
C 293.22700 10.38170 13.22580
H 294.97800 9.77640 11.63110
H 294.06200 15.23940 11.64130
C 296.44300 11.14280 13.23820
C 294.32900 13.36250 13.24100
H 295.97100 12.79780 11.64400
H 292.90500 12.14230 11.64160
C 274.15200 17.91280 13.20440
C 270.74800 17.26160 13.11270
C 272.09100 20.22710 13.25040
C 275.39000 20.87010 13.21470
H 273.85500 19.74990 11.59950
H 270.50000 19.06410 11.79890
H 272.73000 16.75950 11.63240
H 275.98900 17.37260 11.65210
H 271.61600 22.00470 11.58860
C 276.45200 15.47890 13.20040
H 282.43000 15.62340 11.62910
C 280.16900 16.01180 12.52100
C 277.59900 18.43990 13.21960
H 283.48200 18.62240 11.60590
C 283.89500 16.77080 13.21000
C 281.24100 18.85380 12.66620
C 279.06200 21.19520 12.66170
H 279.17900 18.04600 11.72610
H 281.25900 21.10480 11.60470
H 277.05100 20.29350 11.59610
C 282.81900 22.06010 13.18040
C 287.00600 17.35430 13.19200
C 290.10400 17.97930 13.19240
H 285.60700 16.21980 11.60370
H 288.75000 16.81770 11.59640
C 284.96900 19.71830 13.18590
C 288.11400 20.32710 13.17040
C 292.29300 15.67920 13.22440
C 291.13800 21.02530 13.17740
H 295.00500 18.07500 11.62770
C 293.22200 18.63340 13.20610
H 291.85800 17.45010 11.60730
C 295.61700 16.21970 13.24570
C 296.38100 19.50710 13.22330
C 294.19400 21.60450 13.17650
C 269.62700 22.32060 13.10760
C 273.20800 23.05300 13.11500
C 270.95500 25.28170 13.14740
C 274.46800 25.99460 12.92840
C 272.18600 28.25790 13.16420
H 270.53300 27.07200 11.75980
H 272.77700 24.90640 11.49600
H 275.01800 22.65690 11.50190
H 276.35700 25.58320 11.25130
H 274.04400 27.80130 11.57870
C 276.70700 23.78370 12.97120
C 280.40800 24.27820 12.79830
C 278.11100 26.65200 12.79490
C 283.95100 24.98010 13.14900
C 281.50100 27.14500 12.98990
H 278.58600 23.33260 11.46960
H 280.06800 26.17250 11.12030
C 285.94000 22.61620 13.15760
C 289.08100 23.29340 13.16010
C 286.98700 25.56570 13.14970
C 290.14700 26.24550 13.15810
C 284.88900 27.97410 13.15640
C 288.02500 28.56000 13.16660
C 296.39000 27.76800 13.16730
C 292.27900 23.90740 13.15960
C 295.55000 24.57010 13.15710
C 293.27400 26.83240 13.15470
C 269.84600 30.49200 13.05640
C 275.67600 28.99130 13.12930
C 270.99800 33.29110 13.06360
C 273.32300 31.18690 13.19410
C 274.59500 34.14880 12.91520
H 271.81200 30.04240 11.58410
H 276.70300 33.74350 11.45910
H 272.94000 32.92330 11.39490
H 275.37200 30.75130 11.78370
C 277.11600 31.95180 13.17510
C 278.38000 34.86270 12.99700
C 279.39200 29.70790 13.17310
H 283.50500 35.02830 11.59560
C 283.82900 33.18430 13.19050
C 280.67100 32.58550 13.11940
C 282.77900 30.22170 13.17770
H 279.06500 31.55120 11.59060
H 280.21400 34.43510 11.40930
H 285.61900 32.72210 11.59740
C 285.86100 30.92340 13.18440
C 290.14100 34.46890 13.19940
C 288.98700 31.52810 13.19260
C 286.97400 33.91000 13.20340
H 288.70000 33.32030 11.60220
C 294.26300 29.80880 13.16890
C 295.51600 32.97410 13.17320
C 293.25000 35.11940 13.18780
C 291.13500 29.20120 13.17210
C 292.19600 32.18400 13.18540
C 272.23200 36.40580 10.21500
C 273.54500 39.30370 10.13990
C 275.84500 37.11750 10.04960
C 269.92900 38.61410 10.03500
C 276.96200 40.06140 9.97848
C 279.36300 37.85050 9.98500
C 282.74900 38.52920 10.03100
C 280.51500 40.84660 10.14510
C 283.90800 41.45150 10.04720
C 281.74600 35.71480 9.95529
C 284.87400 36.16580 10.01480
C 287.99300 36.80400 10.01620
C 285.96000 39.13790 10.03070
C 289.08600 39.82780 10.03740
C 296.19200 36.32810 9.97933
C 291.05600 37.45620 10.02190
C 294.11800 38.19980 10.00550
C 292.15300 40.47570 10.03020
C 295.48300 40.97680 10.01540
H 295.81900 37.63700 11.59220
C 271.28500 41.59730 10.10950
C 274.57400 42.26470 10.10910
C 272.34400 44.60460 9.94552
C 275.76800 45.13980 10.22130
C 273.29100 47.72950 9.70955
C 269.65700 46.91000 10.26650
C 278.21400 42.98550 10.19600
C 281.56400 43.64130 10.19820
C 279.25200 45.98050 10.11430
C 282.74200 46.70910 10.03740
C 286.99600 42.14470 10.03860
C 290.01900 42.85200 10.03370
C 284.75500 44.38260 10.04350
C 287.91200 45.05510 10.02480
C 285.88600 47.40230 10.02780
C 289.07600 48.03180 10.01080
C 291.03400 45.70930 10.01610
C 293.19600 43.34540 10.02080
C 294.14900 46.31160 10.01650
C 296.27800 44.38370 10.01840
C 274.33000 50.61020 9.79627
C 270.78400 49.92890 9.78411
C 272.12400 52.89710 9.80273
C 275.65900 53.40120 10.08570
H 271.72200 54.69150 11.50980
C 276.84400 48.23000 10.31080
C 280.54500 49.01590 9.94266
C 277.85500 51.14550 10.31850
C 283.77200 49.66390 10.02400
C 281.51300 51.99580 10.06350
C 279.04200 54.17990 10.26550
C 282.74300 54.85920 10.01010
C 286.96800 50.36700 10.01960
C 290.10400 50.93660 10.00600
C 284.83600 52.63620 10.01770
C 287.96400 53.34550 10.01460
C 292.11200 48.74910 10.00900
C 293.26600 51.49710 10.00200
C 295.36200 48.95040 10.01110
C 291.06400 53.88880 9.99971
C 296.28500 52.40930 9.99148
C 294.17500 54.51970 9.99298
H 295.84700 53.96230 11.59150
C 269.84900 55.01720 9.90786
C 273.28800 55.81170 9.88414
C 270.96900 58.12770 9.81583
C 274.45600 58.65350 10.00140
C 272.26400 61.01610 9.97902
H 272.77400 57.61370 11.48620
H 274.09600 60.53960 11.62210
H 276.50400 58.30100 11.48190
H 270.53100 59.96270 11.45180
C 276.79900 56.52760 9.94469
C 280.47000 57.19600 10.04670
C 278.14200 59.52880 10.02780
C 283.80800 57.91200 10.00730
C 281.65400 60.13380 9.97967
H 277.79200 61.26950 11.82130
H 280.15600 59.08510 11.51760
C 285.87500 55.68940 10.01490
C 289.02800 56.19480 10.00600
C 286.94500 58.56150 10.00670
C 290.14900 59.11290 9.99368
C 284.85100 60.94280 9.99931
C 287.97200 61.50570 9.98606
H 289.72700 60.90510 11.57980
C 292.24600 56.80870 9.99338
C 295.53300 57.35420 9.98212
C 293.19200 59.77190 9.98296
H 294.03100 56.41380 11.58900
H 295.04300 59.30590 11.57440
H 291.87800 58.57130 11.59280
C 296.44500 60.79450 9.96704
H 292.84400 61.52850 11.57690
C 270.04700 63.40140 10.10630
C 275.81500 61.75890 10.27410
C 274.80200 67.06070 9.90762
C 271.17100 66.41160 10.55190
C 273.66100 64.10300 10.23990
H 271.89100 62.86860 11.69180
H 276.68300 66.52070 11.53530
H 273.30800 65.73760 11.48040
H 275.43300 63.53280 12.00640
C 276.99400 64.73280 10.37030
C 282.89700 63.21500 9.99961
C 278.26300 67.81930 10.04350
C 280.47200 65.35910 10.09730
C 283.84200 66.15690 10.00370
C 279.37500 62.36030 10.24300
H 280.16600 67.30500 11.66820
H 279.12900 64.33110 11.83440
H 287.71500 63.29920 11.57430
C 289.11300 64.45630 9.98340
C 287.01800 66.80740 9.99890
C 290.22100 67.34820 9.99248
H 288.77200 66.21890 11.59000
C 285.96800 63.84120 9.98973
H 295.06800 67.53550 11.57820
H 290.88800 63.91640 11.58110
H 295.96300 62.30050 11.57090
C 292.30100 65.12100 9.98428
C 291.08000 62.09480 9.98200
C 293.35900 68.04140 9.98613
H 291.95600 66.87530 11.58490
H 294.03900 64.63170 11.58070
C 295.55700 65.87420 9.98498
C 294.25800 62.74400 9.97721
C 272.25700 36.27620 13.22030
C 273.54700 39.26540 13.21810
C 276.10700 37.05920 13.06530
C 270.03800 38.62010 13.27650
H 270.52900 35.18150 11.78110
H 273.10600 41.15460 11.81420
H 271.92900 38.17780 11.59230
H 275.48700 38.92320 11.62770
H 274.27400 35.99460 11.69160
C 277.10800 40.05290 13.16880
C 279.37200 37.93490 13.18080
C 282.80400 38.48960 13.22790
C 280.50900 40.72120 13.18210
H 282.46100 40.34730 11.63840
C 283.90700 41.44070 13.24270
C 281.66200 35.54840 13.11760
H 278.90900 39.75300 11.54100
H 281.21900 37.48870 11.62540
H 277.98700 36.76430 11.42710
H 286.63000 35.64690 11.61390
H 284.53700 37.98840 11.62800
C 284.86800 36.14280 13.21070
C 288.03200 36.79130 13.21350
C 285.96600 39.14030 13.22690
H 289.75100 36.21050 11.61180
H 287.73200 38.58720 11.61990
C 289.07100 39.75920 13.23370
H 285.64500 40.93380 11.63810
H 288.74400 41.57310 11.64350
H 290.82300 39.23830 11.64130
C 296.23900 36.27380 13.17750
C 291.11300 37.46620 13.21750
C 294.18300 38.18740 13.20210
C 292.16000 40.50760 13.22630
C 295.45700 41.33490 13.21400
H 292.83200 36.92090 11.60600
H 293.95300 40.04300 11.61260
C 271.19200 41.62220 13.32170
C 274.77700 42.28400 13.34580
C 272.18300 44.76610 13.18950
C 275.60700 45.36440 13.18010
C 273.12100 47.67600 13.06320
C 269.64100 46.94550 12.15260
H 274.08800 44.07610 11.73340
H 276.49400 41.85360 11.60960
H 270.84000 43.34420 11.62150
H 274.92900 47.12000 11.51090
H 271.89700 46.37560 11.29440
C 277.96900 43.05770 13.32040
H 283.47600 43.21020 11.65570
C 281.70200 43.73540 13.26930
C 279.37300 46.02180 13.25650
C 282.80400 46.72100 13.23370
H 281.25700 45.54100 11.64170
H 277.68900 44.84130 11.88240
H 279.06800 47.74970 11.42540
H 280.00700 42.55300 11.89530
C 287.03000 42.11650 13.23490
H 284.46800 46.17660 11.63720
C 290.08100 42.78690 13.23120
C 284.83800 44.35570 13.23890
C 287.91100 45.08260 13.22160
H 286.55500 43.89470 11.63120
H 289.65200 44.56360 11.62370
C 285.89800 47.41650 13.22420
C 289.06500 48.04430 13.20770
H 287.66200 46.85640 11.61410
H 291.79900 42.24920 11.62940
H 290.77800 47.48220 11.60470
C 293.17200 43.45200 13.21770
H 294.99900 42.88930 11.61420
C 291.03700 45.68020 13.21300
C 294.16300 46.37490 13.21500
H 295.85700 45.86350 11.61490
C 296.33500 44.44360 13.21910
H 292.75900 45.13050 11.61480
H 293.83800 48.17100 11.61640
C 274.07500 50.62460 13.16120
C 270.67800 49.76080 12.68200
C 271.86700 52.71990 12.98550
C 275.32200 53.51370 13.21990
H 272.77200 49.42860 11.36080
H 275.95500 50.16850 11.60920
H 273.85000 52.42360 11.48320
H 270.42600 51.77420 11.21300
C 276.86900 48.22660 12.62680
H 282.38200 48.57580 11.62260
C 280.41100 49.15000 13.06540
C 277.82600 51.22670 13.01870
H 283.43200 51.52730 11.61920
C 283.73900 49.69120 13.22180
C 281.54100 52.03370 13.18920
C 279.16500 54.11660 13.24380
C 282.76100 54.91150 13.20680
H 277.39800 53.06050 11.89340
H 279.98000 50.80280 11.64740
H 281.13100 53.84570 11.66720
H 284.54700 54.47250 11.61130
C 286.99100 50.37370 13.21830
H 288.69300 49.80110 11.60970
C 290.06900 50.99730 13.20460
H 285.56100 49.19850 11.62690
C 284.88400 52.68610 13.21570
H 286.60000 52.13810 11.62030
C 287.95700 53.30600 13.21230
H 289.68300 52.74440 11.60360
H 287.64100 55.08740 11.61490
C 292.12400 48.72350 13.20640
C 293.24600 51.47390 13.19910
C 295.36900 49.36310 13.21040
H 295.00100 50.90060 11.60400
H 291.77500 50.45530 11.60190
C 291.06200 53.86500 13.19620
C 296.25100 52.54160 13.18990
C 294.18000 54.52610 13.19060
H 292.82500 53.26340 11.59600
C 269.82300 55.14470 13.07850
C 273.21400 55.84040 13.16740
C 270.92800 58.19840 13.14620
C 274.43500 58.82710 12.99110
C 272.10000 61.17150 13.09240
H 275.13100 55.34760 11.50560
C 276.81600 56.39610 13.11360
C 280.48300 57.16320 13.13630
C 278.16300 59.46920 13.13220
H 282.38800 56.73640 11.60110
H 283.47000 59.72570 11.60320
C 283.76000 57.91140 13.20470
C 281.64900 60.16550 13.18240
H 278.76900 56.01800 11.60030
C 285.87400 55.67360 13.21200
C 289.04000 56.22700 13.20390
C 286.98600 58.60640 13.20480
C 290.16300 59.14810 13.19090
H 285.54300 57.43340 11.61470
H 288.72200 58.00040 11.60350
C 284.81000 60.91710 13.19940
C 287.96500 61.52110 13.18170
H 286.58600 60.30750 11.59840
H 290.79300 55.70110 11.59570
C 296.48200 60.78850 13.16570
C 292.25800 56.83590 13.19210
C 295.53500 57.75980 13.18180
C 293.21800 59.80030 13.18010
C 269.87000 63.43540 12.92710
C 273.41100 64.09230 13.32770
C 275.66100 61.70380 13.29910
C 274.74700 67.00900 13.04850
C 271.11300 66.38000 12.42650
C 277.10300 64.89800 13.29100
C 283.86500 66.17150 13.20080
C 279.60300 62.46490 13.25540
H 282.43100 65.00350 11.60130
C 280.73700 65.61550 13.31640
C 282.85000 63.17740 13.19750
H 283.51400 67.99630 11.60930
C 278.20800 67.77640 13.10540
H 281.43000 62.02890 11.59710
C 287.04600 66.83180 13.19550
C 285.92800 63.84640 13.18570
H 284.56800 62.70710 11.59580
C 289.10300 64.42510 13.18000
C 290.22700 67.32780 13.18980
H 285.61200 65.66710 11.59560
C 292.27100 65.11140 13.17890
C 295.58000 65.75010 13.18140
C 291.13300 62.08130 13.17740
C 294.26000 62.72760 13.17340
C 293.30200 67.99560 13.17890
C 272.13200 69.33330 10.44590
C 273.27000 72.24580 10.72600
C 275.95700 70.11800 9.86066
C 269.46800 71.87950 9.89081
H 271.15100 71.37020 11.56610
H 275.53400 71.73680 11.71470
H 270.07500 68.41520 11.48310
H 274.41000 68.76070 11.29580
H 272.31100 74.40600 11.60730
C 277.09400 72.92880 10.09790
C 281.70000 68.38620 10.01890
C 279.46600 70.84770 9.95468
C 282.83800 71.43090 10.00830
C 280.56800 73.84230 10.14290
C 283.86900 74.36740 10.01970
H 277.90300 69.53880 11.34280
H 278.98800 72.55670 11.74690
C 284.93700 69.16950 10.01330
C 288.10400 69.68910 10.01130
C 286.08800 72.03200 10.02050
C 289.20000 72.61300 10.01380
C 296.50300 68.94690 9.98864
C 291.20200 70.38000 9.99770
C 294.36000 70.97040 9.99921
C 292.34200 73.35240 10.00970
C 295.52200 74.22740 10.01950
H 292.93100 69.80510 11.58550
C 270.62300 74.90690 9.87827
C 274.40800 75.30100 10.54680
C 272.87500 80.74130 9.92068
C 271.81400 77.89390 9.88548
C 275.53700 78.33220 10.59920
C 269.47100 80.33220 9.93958
H 276.69700 74.76960 11.52120
H 273.43400 77.40450 11.44490
H 270.19400 76.78460 11.45720
H 271.30000 79.70210 11.54850
H 274.53000 80.38470 11.52900
C 278.29100 75.85080 10.00150
C 281.73300 76.80890 10.07650
C 279.32500 78.96110 10.01210
C 282.77100 79.50550 10.04310
H 280.23200 75.50900 11.57740
H 277.77200 77.74880 11.60870
C 286.99300 75.03530 10.01800
C 290.15700 75.61280 10.01490
C 284.92400 77.31880 10.02840
C 288.01900 77.99600 10.01780
C 285.83400 80.31310 10.01770
C 289.15500 80.87250 10.01680
C 291.19800 78.54620 10.03320
C 293.34000 76.26230 10.03030
C 296.48500 77.15100 10.03810
C 294.31100 79.23740 10.04390
C 273.97600 83.73150 9.77206
C 270.64000 83.31500 9.85448
C 271.73800 86.15100 9.78739
C 275.29200 86.76230 9.87867
H 270.32300 85.11360 11.58250
H 275.77100 83.36630 11.45390
H 273.63400 85.63150 11.30280
H 271.49300 88.01180 11.36900
H 272.41000 82.73650 11.39950
C 276.64500 81.29830 10.56980
C 280.54600 81.90100 10.01820
C 277.90700 84.28360 10.61840
C 283.72200 82.62340 10.01580
C 281.65300 84.90760 10.06510
C 279.14600 87.10370 10.49890
C 282.88600 87.87700 9.98520
H 276.99400 86.33370 11.54910
H 284.62400 87.42800 11.57850
C 287.00000 83.25320 9.99530
C 290.15800 83.83170 9.99640
C 284.93800 85.62310 9.99092
C 288.14700 86.21780 9.97353
H 289.87500 85.63500 11.57980
H 286.67700 85.05270 11.58260
H 287.84400 88.03790 11.55590
C 292.30600 81.48520 10.02840
C 291.22600 86.82510 9.98041
C 295.53700 82.35690 10.04890
C 293.36200 84.38370 10.00850
C 296.46500 85.38420 10.02250
C 294.37100 87.43240 9.98074
H 292.93200 86.21660 11.58870
H 296.01700 86.96480 11.58850
C 269.59800 88.57050 9.76006
C 273.10400 89.05880 9.76480
C 270.79700 91.51990 9.94003
C 274.31600 92.02900 9.88669
C 271.89800 94.21990 10.12170
H 272.69500 90.96720 11.37720
H 270.34700 93.16370 11.76280
H 276.09400 91.47850 11.56480
H 274.88000 88.60970 11.46130
H 273.91500 93.91750 11.53320
C 276.40900 89.72980 9.78633
H 282.55600 89.72320 11.55670
C 280.32300 90.16180 10.51790
C 277.65500 92.59300 9.96819
H 283.57200 92.77290 11.54880
C 283.95400 90.97830 9.95142
C 281.30300 93.20880 10.62740
H 278.20500 89.18320 11.15150
H 277.07900 94.47450 11.50070
H 279.27600 92.12690 11.62660
C 286.01400 88.50580 9.96312
C 289.20900 89.23690 9.95981
C 287.01700 91.52250 9.95258
C 290.23200 92.13710 9.96177
H 288.80300 91.02640 11.55490
H 285.69300 90.33030 11.54640
C 284.96900 93.92280 9.96045
C 288.05100 94.57430 9.97006
H 286.69800 93.33550 11.55380
H 289.75600 93.92480 11.56790
H 290.91600 88.67380 11.56830
C 292.34000 89.87630 9.96234
H 294.08600 89.37570 11.55870
C 295.57200 90.40360 9.96070
C 293.32400 92.78570 9.95790
H 291.96700 91.62600 11.55730
H 295.13300 92.31830 11.55090
C 296.37300 93.16420 9.96768
H 292.90800 94.55500 11.56090
C 269.69300 96.44100 10.08670
C 275.35600 95.12180 9.90312
C 274.27800 100.26100 10.02300
C 270.87100 99.45880 9.89357
C 273.17700 97.29520 10.01300
H 271.61600 96.16100 11.70050
H 272.69800 99.17420 11.58280
H 275.01000 96.90540 11.56690
H 276.06500 99.77890 11.61240
C 276.41000 98.08150 9.88392
C 277.68700 100.85400 10.01530
C 283.88300 99.17450 9.99389
C 279.09900 95.51340 10.56320
H 282.49000 98.04540 11.58540
C 280.27500 98.42000 10.57920
C 282.81900 96.24740 9.98089
H 281.33000 95.15050 11.57580
H 278.14400 97.54760 11.46080
H 279.41500 100.51100 11.42310
H 284.61100 95.70760 11.57390
C 285.99800 96.88960 9.98573
H 287.71700 96.31950 11.58310
C 287.05100 99.78220 10.00700
C 289.08800 97.51830 9.99469
C 290.14500 100.47300 10.00390
C 293.25800 101.07700 9.99278
H 295.99700 95.36980 11.57050
C 291.13800 95.11980 9.97716
C 292.26300 98.08410 9.99061
C 294.32700 95.77650 9.97208
H 291.88700 99.86450 11.59080
C 295.54600 98.97040 9.97704
H 294.07900 97.67050 11.58030
H 290.85000 96.90440 11.59420
H 295.09400 100.50200 11.57370
C 272.20900 69.27480 12.40230
C 273.27100 72.35670 12.58810
C 275.95200 70.00920 12.96780
C 269.52700 71.95280 13.14210
C 277.07400 72.99990 13.31010
C 281.71400 68.50540 13.21590
C 279.31300 70.60380 13.12530
C 282.82200 71.41880 13.20350
C 280.63600 73.71830 13.20320
H 282.46600 73.22130 11.60880
C 283.88200 74.36870 13.21740
H 281.29800 70.30090 11.58030
H 286.66600 68.58700 11.60560
H 284.57600 70.92190 11.61530
C 284.96300 69.11270 13.20910
C 288.10100 69.67100 13.20630
C 286.02300 72.03950 13.21740
C 289.21600 72.63170 13.21030
H 285.62500 73.81940 11.61800
H 289.86300 69.12570 11.59780
H 287.77200 71.46760 11.62310
H 288.78300 74.39740 11.61080
H 290.95100 72.14840 11.60290
C 291.20900 70.30870 13.19290
C 294.33400 70.95480 13.19390
C 292.32600 73.30280 13.20440
C 295.52700 74.16600 13.21570
H 296.01400 70.49330 11.59670
H 294.07900 72.86280 11.60780
C 296.46400 68.94210 13.18960
C 270.58300 74.89730 13.09070
C 274.45100 75.38020 12.46850
C 271.73400 77.82290 13.15070
C 272.75500 80.93890 13.12130
C 275.53000 78.32940 12.45580
C 269.55700 80.30100 13.18290
C 278.28700 76.15060 13.09490
H 283.50200 76.17480 11.62920
C 281.73400 76.73010 13.18690
C 279.29100 79.19600 13.10160
C 282.77000 79.52930 13.23860
H 281.20700 78.49880 11.63710
H 278.90300 80.77910 11.56680
C 287.03100 74.91980 13.21370
H 284.53300 79.10040 11.63080
C 290.14300 75.60930 13.21270
C 284.94500 77.32920 13.22450
C 288.04400 77.95700 13.21380
C 285.90800 80.30100 13.21410
C 289.09400 80.85990 13.21240
H 286.66200 76.77630 11.61870
H 289.79100 77.39390 11.61840
H 287.63300 79.76270 11.61330
H 291.91100 75.11050 11.61140
H 290.86400 80.33940 11.63220
C 291.15000 78.48580 13.23000
C 293.31900 76.25680 13.22580
H 295.13600 75.72570 11.63110
H 294.04400 81.09440 11.64130
C 296.42500 77.22990 13.23820
C 294.30100 79.21810 13.24100
H 295.99200 78.75630 11.64400
H 292.93700 78.01130 11.64160
C 274.15900 83.74950 12.92080
C 270.74200 83.23730 13.16310
C 271.98800 86.23150 13.02510
C 275.14400 86.65810 13.02460
C 276.65000 81.26090 12.45340
H 282.38200 81.37630 11.62910
C 280.49800 82.02930 13.14850
C 277.80300 84.23760 12.51980
H 283.55200 84.49300 11.60590
C 283.72300 82.65250 13.21000
C 281.71700 84.89440 13.21670
C 279.16800 87.18470 12.30820
H 281.40400 86.72670 11.57330
H 280.11000 83.72620 11.67530
C 282.85400 87.99450 13.18040
C 286.98200 83.27000 13.19200
C 290.16500 83.81920 13.19240
H 285.48400 82.11280 11.60370
H 288.72700 82.66880 11.59640
C 284.95400 85.66910 13.18590
C 288.11000 86.23450 13.17040
C 292.28200 81.52590 13.22440
C 291.21900 86.87480 13.17740
H 295.09500 83.91740 11.62770
C 293.30100 84.42920 13.20610
H 291.89400 83.27210 11.60730
C 295.63500 82.09060 13.24570
C 296.40700 85.39670 13.22330
C 294.28200 87.47070 13.17650
C 269.55900 88.45970 12.89170
C 273.06800 89.12250 12.99930
C 270.72200 91.43190 12.92660
C 274.19300 91.99260 13.04140
C 272.01700 94.28290 13.19230
C 276.58600 89.50640 12.99170
C 280.23500 90.03760 12.35120
C 277.69600 92.60600 13.11400
C 283.95300 90.91400 13.14900
C 281.36400 92.88810 12.58290
C 286.10900 88.52290 13.15760
C 289.23400 89.25430 13.16010
C 287.02600 91.50020 13.14970
C 290.18300 92.15400 13.15810
C 284.92600 93.90010 13.15640
C 288.04400 94.56850 13.16660
C 292.32400 89.87880 13.15960
C 295.51800 90.35500 13.15710
C 293.36700 92.76790 13.15470
C 296.49800 93.75770 13.16730
C 276.72200 97.90660 13.16550
C 273.20600 97.41500 13.19940
C 269.73800 96.70890 13.24650
C 275.39000 95.03060 13.19310
C 270.78500 99.59460 13.12730
C 274.28100 100.33200 13.19000
C 283.86300 99.13670 13.19050
C 280.21000 98.46050 12.40580
C 277.76700 100.76200 13.14260
C 282.82800 96.16120 13.17770
H 283.53300 100.96000 11.59560
C 279.08500 95.51930 12.49250
H 285.62800 98.63470 11.59740
C 290.17300 100.45200 13.19940
C 285.98300 96.87930 13.18440
H 288.79200 99.24960 11.60220
C 289.09000 97.45290 13.19260
C 287.02200 99.74870 13.20340
C 295.54700 98.97680 13.17320
C 293.31700 101.04800 13.18780
C 291.11500 95.05680 13.17210
C 294.29800 95.79250 13.16890
C 292.28900 98.10610 13.18540
C 272.06700 102.50700 9.87137
C 273.25300 105.52600 9.85102
C 275.45800 103.17300 10.00350
C 269.68700 104.69200 9.92622
H 270.49800 101.39900 11.45460
H 271.65100 104.40500 11.40280
H 272.78900 107.33000 11.44440
H 275.01800 105.07300 11.56020
H 273.84700 102.09000 11.58430
C 276.52700 106.26800 9.87840
C 281.45500 101.17000 10.31420
C 279.08000 103.70200 10.55920
C 282.92200 104.27800 10.03100
C 280.39000 106.68000 10.58480
C 283.90400 107.45000 10.04720
H 277.14900 102.66900 11.71780
C 284.93000 102.06200 10.01480
C 288.04200 102.75900 10.01620
C 285.96600 105.05900 10.03070
C 289.13700 105.67000 10.03740
C 291.19000 103.36000 10.02190
C 294.35100 104.00900 10.00550
C 292.29200 106.45300 10.03020
C 295.62900 107.04900 10.01540
H 296.01200 103.56000 11.59220
C 296.40200 102.00200 9.97933
C 269.81600 112.90800 10.08020
C 270.90100 107.66500 9.87449
C 274.32100 108.56200 9.90817
C 272.11300 110.74100 9.92481
C 275.64300 111.30700 10.08540
C 273.23700 113.65000 10.11020
H 275.06900 113.16000 11.72120
H 271.69400 112.48100 11.67460
H 270.50400 109.57900 11.38350
H 273.94400 110.27900 11.55300
H 276.14200 108.10000 11.47850
C 277.79600 109.10800 9.96841
C 281.46500 109.62300 10.33330
C 279.10300 112.08300 10.16580
C 282.78200 112.60100 10.03740
H 277.31100 110.99200 11.49070
C 287.02400 107.95600 10.03860
C 290.10000 108.58600 10.03370
C 284.92200 110.43700 10.04350
C 288.07700 110.90800 10.02480
C 285.91400 113.25800 10.02780
C 289.21200 113.90900 10.01080
C 291.22000 111.60700 10.01610
C 293.28200 109.32300 10.02080
C 294.33200 112.33500 10.01650
C 296.44500 110.25600 10.01840
C 274.40500 116.62600 10.08610
C 271.09800 115.95300 10.02310
C 272.35200 118.91600 9.80579
C 275.67800 119.55100 10.23970
H 273.97200 118.37100 11.76610
H 271.87900 120.68800 11.37760
H 270.66600 117.75900 11.32810
H 272.89500 115.44100 11.76560
H 276.34600 116.16000 11.59010
C 276.69000 114.36100 10.21550
C 280.43600 114.90400 10.18650
C 278.05200 117.24600 10.03070
C 283.91600 115.61000 10.02400
C 281.80700 117.94100 9.94408
C 279.33700 120.25300 10.05830
C 282.86100 120.83400 10.01010
C 287.03100 116.24600 10.01960
C 290.19900 116.88600 10.00600
C 284.89200 118.57200 10.01770
C 288.08600 119.16400 10.01460
C 292.44900 114.65000 10.00900
C 291.18000 119.83300 9.99971
C 293.24900 117.59600 10.00200
C 295.72500 115.40700 10.01110
C 296.30500 118.78600 9.99148
C 294.26500 120.50900 9.99298
H 295.98300 120.08800 11.59150
C 269.62900 121.40500 10.44600
C 273.48500 122.04400 9.84596
C 270.78700 124.35700 10.47900
C 274.57100 125.12600 9.78796
C 271.60800 127.49200 9.84854
H 275.29300 121.30000 11.53250
H 273.08300 123.66300 11.21240
H 273.51000 126.81700 11.44090
H 270.01200 126.44400 11.50460
H 276.55800 124.26700 11.20580
C 276.94200 122.46200 9.90828
C 280.68700 123.13400 9.89199
C 278.31700 125.47300 9.75604
C 283.86400 123.92000 10.00730
C 281.77900 126.23700 9.96201
H 278.99100 122.03100 11.43630
H 277.88900 127.20400 11.57600
C 285.89200 121.50300 10.01490
C 289.07600 122.13600 10.00600
C 286.94500 124.49000 10.00670
C 290.04000 125.10600 9.99368
C 284.87800 126.81400 9.99931
H 289.74100 126.89800 11.57980
C 288.01000 127.43300 9.98606
C 292.23900 122.87100 9.99338
C 295.51700 123.46000 9.98212
C 293.13400 125.83900 9.98296
H 294.01700 122.42400 11.58900
H 294.94100 125.31800 11.57440
H 291.82500 124.63300 11.59280
C 296.32800 126.73000 9.96704
H 292.85900 127.57700 11.57690
C 269.36100 129.83700 9.96914
C 275.65600 127.84600 10.61280
C 273.00700 130.47500 9.99545
C 270.67100 132.82400 10.12070
C 274.14700 133.35200 10.01880
H 274.59800 129.87600 11.53090
H 271.34400 129.33000 11.50780
H 275.75500 132.89100 11.47630
H 272.47800 132.33200 11.65270
C 276.73400 130.77800 10.62700
C 283.87200 132.18200 10.00370
C 282.84100 129.10000 9.99961
C 280.54300 131.43800 10.02990
C 277.90000 1.77874 10.68750
C 279.44300 128.41800 9.99958
H 280.14800 133.23600 11.74190
H 278.98100 130.24600 11.64620
H 288.69600 132.22100 11.59000
C 290.11700 133.39400 9.99248
C 288.98600 130.43400 9.98340
C 285.83700 129.83000 9.98973
H 287.59100 129.25600 11.57430
C 286.93700 132.79900 9.99890
H 295.95100 128.30700 11.57090
C 295.53800 131.92700 9.98498
C 294.24000 128.78500 9.97721
H 294.98100 1.55687 11.57820
H 294.01500 130.64700 11.58070
H 291.82400 132.80100 11.58490
C 292.24800 131.04000 9.98428
C 293.18800 1.98208 9.98613
C 291.08100 128.11100 9.98200
H 290.78500 129.89900 11.58110
C 271.94200 102.57700 13.07730
C 273.12900 105.49400 13.07570
C 275.34900 103.27900 13.24260
C 269.71300 104.72900 13.00890
C 276.55500 106.28400 13.08750
C 281.38000 101.38700 12.75740
C 279.13200 103.88500 12.53480
C 282.87600 104.33000 13.22790
C 280.26400 106.65300 12.56050
H 282.52900 106.15800 11.63840
C 283.89400 107.41300 13.24270
H 278.22000 105.82900 11.31940
H 281.32900 103.30600 11.61440
H 286.68700 101.58000 11.61390
H 284.62900 103.86300 11.62800
C 284.92400 102.07800 13.21070
C 288.07700 102.76900 13.21350
C 286.00800 105.08000 13.22690
H 289.78000 102.21400 11.61180
H 287.73100 104.54600 11.61990
C 289.17300 105.60800 13.23370
H 285.61400 106.81800 11.63810
H 288.77500 107.42900 11.64350
H 290.90600 105.15400 11.64130
C 291.17700 103.37200 13.21750
C 294.31300 104.06200 13.20210
C 292.30900 106.37300 13.22630
C 295.58600 107.23800 13.21400
H 292.93000 102.81000 11.60600
H 294.05500 105.94500 11.61260
C 296.37400 102.08300 13.17750
C 269.75800 113.18300 13.16330
C 270.90400 107.77700 13.04440
C 274.32200 108.37000 13.08450
C 272.04700 110.60200 13.08390
C 275.50900 111.30500 13.15210
C 273.20400 113.60100 13.33040
C 277.73100 109.11000 13.10190
H 283.54900 109.22200 11.65570
C 281.45900 109.54600 12.96890
C 278.99400 111.97500 13.06770
C 282.78100 112.62700 13.23370
H 281.11700 111.61900 11.60540
H 279.47700 108.75400 11.67120
H 278.67300 113.92700 11.79600
C 287.02400 107.94300 13.23490
H 284.55300 112.13500 11.63720
C 290.15600 108.66800 13.23120
C 284.91600 110.35000 13.23890
C 288.06800 110.91900 13.22160
H 286.66500 109.75000 11.63120
H 289.86900 110.42500 11.62370
C 285.99200 113.26300 13.22420
C 289.16600 113.86800 13.20770
H 287.76400 112.72400 11.61410
H 291.89400 108.15000 11.62940
H 290.95800 113.44500 11.60470
C 291.21900 111.68200 13.21300
C 293.28600 109.30400 13.21770
H 295.08100 108.78700 11.61420
C 294.32900 112.35300 13.21500
H 296.01200 111.80900 11.61490
C 296.44100 110.24500 13.21910
H 292.98400 111.08400 11.61480
H 294.18500 114.24100 11.61640
C 274.55600 116.59400 13.29930
C 270.97700 116.14200 13.20260
C 272.00500 118.92500 13.15180
C 275.66700 119.41500 13.21430
C 276.67100 114.31600 13.22840
H 282.47600 114.45900 11.62260
C 280.48800 114.95100 13.09990
C 278.21200 117.17400 13.03430
H 283.53200 117.41700 11.61920
C 283.91600 115.59600 13.22180
C 281.64500 117.79800 13.12560
C 279.43300 120.28800 13.13360
H 281.32300 119.72000 11.58400
C 282.80200 120.79100 13.20680
H 280.14700 116.77800 11.39540
H 277.75100 119.05200 11.74810
H 284.54500 120.34500 11.61130
C 287.13000 116.30300 13.21830
H 288.81900 115.70400 11.60970
C 290.19600 116.90100 13.20460
H 285.67100 115.07800 11.62690
C 284.88000 118.54700 13.21570
H 286.63200 118.03700 11.62030
C 288.09900 119.19100 13.21230
H 289.81200 118.68100 11.60360
H 287.68300 120.95500 11.61490
C 292.34200 114.64800 13.20640
C 293.31700 117.57400 13.19910
C 295.72400 115.37000 13.21040
H 295.08000 117.18000 11.60400
H 291.93600 116.39000 11.60190
C 291.18300 119.83700 13.19620
C 296.36900 118.72000 13.18990
C 294.29000 120.56900 13.19060
H 292.92200 119.34300 11.59600
C 269.66100 121.37100 12.36650
C 273.34200 121.89300 13.01060
C 270.91900 124.27300 12.30010
C 274.60900 124.91700 12.74160
C 271.81800 127.36200 13.04640
C 276.95300 122.38800 12.94630
C 280.53400 123.13000 13.06900
C 278.19800 125.41900 12.92030
H 282.44700 122.66500 11.60110
H 283.49700 125.65800 11.60320
C 283.86200 123.85300 13.20470
C 281.66300 126.09900 13.15480
H 280.17600 124.99300 11.40180
C 285.92300 121.53000 13.21200
C 289.09400 122.14000 13.20390
C 286.93300 124.49100 13.20480
C 290.09200 125.06900 13.19090
H 285.60000 123.30000 11.61470
H 288.66100 123.92100 11.60350
C 284.84100 126.81300 13.19940
C 288.03000 127.43100 13.18170
H 286.60900 126.30700 11.59840
H 290.86100 121.66800 11.59570
C 292.26600 122.86600 13.19210
C 295.50300 123.74100 13.18180
C 293.14900 125.83500 13.18010
C 296.34100 126.71500 13.16570
C 269.63300 129.70000 13.24370
C 272.95000 130.40900 13.18530
C 274.07400 133.46600 13.18600
C 275.57900 127.78000 12.51070
C 270.66200 132.76700 13.31430
C 276.72000 130.87800 12.52100
C 280.59400 131.57400 13.23610
C 277.87500 1.81444 12.51650
H 282.43300 130.93100 11.60130
C 283.80300 132.10800 13.20080
H 283.50800 1.95313 11.60930
C 279.37100 128.56700 13.16750
C 282.79900 129.12900 13.19750
H 281.30800 127.98100 11.62100
C 286.93800 132.76000 13.19550
C 289.03500 130.44500 13.18000
C 285.82600 129.82300 13.18570
H 284.51100 128.58800 11.59580
H 285.56400 131.59700 11.59560
C 290.10400 133.40200 13.18980
C 291.09200 128.06500 13.17740
C 294.28500 128.75200 13.17340
C 293.15400 1.99038 13.17890
C 295.56600 131.73500 13.18140
C 292.24000 131.01600 13.17890
