14208
Frame 13
C -41.79090 3.10326 9.96992
C -43.15910 5.96617 9.95562
C -39.86130 5.47909 9.96029
H -40.45610 1.87450 11.58800
H -43.49040 2.43357 11.57240
H -41.60680 4.87504 11.56800
C -43.87400 1.02439 9.94788
C -44.95580 3.86722 10.00110
H -45.03150 5.33161 11.56430
C -38.77730 2.46153 9.97950
H -38.43430 4.29489 11.56690
C -35.70050 1.81583 9.98252
C -36.67260 4.86438 9.96654
C -33.62760 4.20384 9.97391
H -35.31880 3.61243 11.57900
H -36.38020 6.66990 11.57300
H -33.24390 6.02787 11.58150
H -34.21400 0.73245 11.58350
C -32.49250 1.22647 9.97866
H -32.14930 3.07756 11.57950
C -31.48120 6.59243 9.97659
C -30.30700 3.63228 10.04060
C -27.02940 3.06008 9.94130
C -28.17940 5.94477 10.04710
H -30.00510 5.54158 11.60420
C -29.34500 0.65380 10.03390
H -28.81100 2.51706 11.60280
H -26.58980 4.83338 11.59740
C -23.69430 2.37070 9.93727
C -24.87440 5.43235 9.91156
C -20.46710 1.98092 9.94589
C -21.53140 4.83100 10.00310
H -22.22900 1.21673 11.51440
H -20.15670 3.72040 11.69410
H -21.28720 6.66800 11.61000
H -25.60020 1.90716 11.50180
H -23.41250 4.24224 11.50380
H -39.47400 7.25730 11.56520
C -45.04850 12.14720 10.05740
C -40.84940 8.50608 9.95453
H -42.65380 7.77116 11.55290
C -43.88190 9.35819 9.95583
C -41.85690 11.38450 9.96646
H -41.60160 13.20030 11.57900
H -43.55790 10.71130 11.57420
H -40.47970 10.22550 11.56330
C -38.75310 10.83400 9.96618
C -34.59070 7.17898 9.96883
H -38.40300 12.64900 11.58140
C -37.75850 7.83234 9.96401
C -35.62860 10.24110 9.96826
C -36.63180 13.17250 9.97216
C -33.48620 12.65980 9.97559
H -35.20980 11.97120 11.57440
H -37.35780 9.66997 11.57470
H -34.28310 8.97240 11.57220
C -32.56010 9.73711 9.97653
H -32.09280 11.47630 11.59040
H -31.20440 8.47676 11.58450
C -25.90140 8.42172 9.96181
C -29.37350 8.91573 9.95238
C -30.34050 11.99510 9.88983
C -26.88210 11.42430 9.91850
H -27.73390 7.86613 11.58010
H -26.61660 13.24080 11.50030
H -28.80570 10.83850 11.42470
C -19.52230 7.15090 9.97231
C -23.73210 10.70030 10.02290
C -22.69110 7.81701 9.95754
C -20.51000 10.15190 9.94617
C -21.64980 13.09690 9.92939
H -22.26720 9.62757 11.60620
H -20.10880 11.97650 11.55380
H -25.54710 10.19870 11.65370
H -23.39840 12.58900 11.56920
H -24.45860 7.23843 11.54280
C -39.81470 13.77710 9.97702
C -43.13550 14.36800 9.98759
C -40.74190 16.81450 9.98142
H -39.39030 15.57850 11.58660
C -41.84530 19.75680 9.97804
H -40.37800 18.61100 11.57800
C -43.95250 17.03410 10.00190
C -45.01070 20.38050 9.97714
C -38.66990 19.14560 9.97552
C -37.66990 16.19790 9.97488
C -34.59810 15.61250 9.97645
H -36.30320 14.92490 11.57810
H -33.13950 14.47410 11.58360
C -35.47900 18.65460 9.98506
H -37.22770 17.94820 11.57530
H -34.14720 17.38670 11.58950
C -32.44610 17.97200 10.00040
H -29.90590 13.78310 11.55020
C -31.44260 14.99980 9.98769
C -28.19060 14.35970 9.95111
C -26.01070 16.77620 9.96006
C -29.24730 17.43920 10.04840
C -27.13810 19.79580 9.96022
C -30.35760 20.35130 10.02110
C -24.74270 13.71140 9.91934
C -23.95100 19.25790 9.93140
C -22.76760 16.16880 9.88368
C -19.59090 15.59030 9.94758
C -20.53240 18.78090 9.97180
H -21.30020 14.99970 11.57470
C -43.08190 22.80320 9.98380
C -39.75830 22.17920 9.98536
H -41.56790 21.57280 11.57570
C -40.77290 25.17990 10.00080
H -42.57700 24.57210 11.58550
C -43.97430 26.05970 9.99192
H -38.32880 20.99050 11.59150
C -36.57420 21.54240 10.00340
C -33.44530 20.98390 10.00730
C -37.63540 24.57400 10.01390
C -34.53760 23.92670 10.02000
C -35.69460 26.99530 10.01280
C -32.52630 26.52910 10.01110
C -28.26480 22.78810 9.97589
C -31.46910 23.44850 10.01180
C -26.02530 25.16930 9.97330
C -29.41460 25.90350 9.91776
C -20.64800 27.12810 10.10500
C -24.93260 22.16360 9.94384
C -21.61840 21.69840 10.01890
C -19.57520 24.06970 10.04800
C -22.74520 24.70600 9.97186
C -45.00070 28.86000 9.96672
C -39.87730 30.62820 10.01320
C -40.98070 33.61410 10.02120
C -41.86340 28.21920 10.00450
C -43.09230 31.14060 10.00630
C -37.70950 33.02550 10.01060
C -33.58550 29.41600 10.00100
C -36.79290 30.00280 10.00900
C -38.72750 27.47610 10.01870
C -34.65380 32.37160 10.00310
C -25.96820 33.69080 10.06300
C -27.19430 28.22380 9.93808
C -31.55860 31.83050 9.99695
C -28.31210 31.21010 9.98095
C -30.37750 28.84760 10.04760
C -25.05280 30.73620 10.04590
C -21.68180 30.11320 10.23700
C -23.92380 27.62770 9.94017
C -19.49720 32.46550 10.49700
C -22.67760 33.18150 10.29050
C -41.76350 3.09494 13.18310
C -43.16330 5.90525 13.16700
C -39.84040 5.43501 13.17250
C -44.97130 3.67811 13.21490
C -43.87470 0.47206 13.16000
C -38.73550 2.46084 13.19310
C -35.62050 1.80359 13.19590
C -36.63560 4.87067 13.17910
C -33.60110 4.26331 13.18570
H -37.42060 1.28109 11.60470
C -32.48670 1.29632 13.19260
C -31.50540 6.68656 13.18980
C -30.39410 3.70754 13.16790
C -26.96680 3.03669 13.21210
C -28.12630 6.01788 13.17030
C -29.33480 0.63932 13.19690
C -23.71550 2.37996 13.05540
C -24.78510 5.45468 13.17580
C -20.48200 1.78618 13.20020
C -21.75540 4.84937 13.20050
C -40.87710 8.43394 13.16590
C -43.89500 8.75709 13.16980
C -41.87360 11.32960 13.17720
C -44.97050 11.96930 13.27130
H -44.99630 13.46340 11.60560
C -38.78580 10.82620 13.17870
C -34.62490 7.18685 13.18230
C -37.77080 7.90163 13.17860
C -33.49390 12.63130 13.18860
C -36.63410 13.12800 13.18420
C -35.63450 10.15300 13.17960
C -32.58750 9.68732 13.18960
C -25.87980 8.37280 13.23350
C -29.32450 8.98943 13.06840
C -30.26300 11.86340 13.12680
C -27.00200 11.38740 13.12050
C -19.43820 7.18536 13.15080
C -23.70060 10.84620 13.19590
C -22.74930 7.77218 13.19550
C -20.44460 10.13120 13.18690
C -21.58240 13.13320 13.15900
C -39.81370 13.85640 13.18760
C -43.09970 14.35680 13.19870
H -42.51200 16.16170 11.59670
C -40.74740 16.78030 13.19280
C -43.89370 17.53930 13.21480
C -41.81280 19.72420 13.18790
H -43.52340 19.04510 11.59610
C -45.02040 20.41290 13.19330
C -38.62200 19.19890 13.18780
C -34.63190 15.59290 13.18980
C -37.68670 16.15890 13.18540
C -35.52160 18.62350 13.19400
H -35.18740 20.38780 11.60640
C -32.41130 17.93850 13.21190
H -32.06000 19.76730 11.61330
C -31.35790 14.95970 13.20060
H -31.01100 16.78570 11.61370
C -25.95310 16.77470 13.18200
C -28.15670 14.37130 13.16690
C -29.19970 17.38840 13.17260
C -27.09950 19.87700 13.22020
C -30.33060 20.39740 13.23140
H -28.84020 19.26410 11.62840
H -27.78470 16.19200 11.60320
C -24.84370 13.79650 13.18210
C -23.85970 19.12690 13.15980
C -22.75220 16.24630 13.08060
C -19.46310 15.56470 13.14120
C -20.72190 18.53930 13.16770
H -22.39540 18.06620 11.44680
H -20.21230 20.42660 11.69510
H -25.66520 18.60540 11.59850
H -24.52850 15.63010 11.48890
H -44.95980 21.84880 11.60500
C -43.08240 22.69020 13.19230
C -39.79000 22.11940 13.19740
C -40.78490 25.14230 13.21190
H -39.40320 23.95280 11.60930
C -43.89220 25.50180 13.20330
H -40.50290 26.95270 11.62270
C -33.47790 20.93440 13.21870
C -36.60390 21.46580 13.21610
H -33.18270 22.78090 11.61890
C -37.63160 24.51590 13.22560
C -34.56400 24.01460 13.23070
H -36.26460 23.28850 11.62970
H -37.39850 26.34630 11.62100
H -34.23850 25.80450 11.62640
C -35.67550 26.91400 13.22550
C -32.53310 26.48510 13.22310
H -30.02030 22.21420 11.62240
C -28.18700 22.88950 13.16360
C -31.46650 23.48680 13.22340
H -31.13250 25.28670 11.61850
C -26.08520 25.16100 13.10070
C -29.37010 25.88950 13.18690
H -27.93980 24.69800 11.50790
H -26.73580 21.64180 11.56760
C -24.96790 22.13050 13.16730
C -21.76530 21.69500 13.23790
C -19.64450 23.98190 13.27010
C -22.92600 24.59010 13.23540
C -20.73140 26.93770 13.38650
H -21.38190 23.48170 11.61190
H -25.74510 27.05570 11.52180
H -22.49850 26.49040 11.66880
H -23.43910 20.99260 11.56410
H -24.57360 23.99700 11.54260
H -42.75700 33.01560 11.62200
H -41.63840 29.97480 11.61310
H -44.96570 30.31630 11.60070
C -45.01620 28.89560 13.17820
H -43.54730 27.43900 11.59760
C -41.90110 28.21110 13.21740
C -43.08870 31.24360 13.21710
C -39.90740 30.64900 13.22610
C -40.93420 33.63550 13.23090
H -39.48340 32.42220 11.61980
H -36.36450 31.77420 11.61190
H -35.35190 28.76650 11.60950
C -38.79640 27.50510 13.22950
H -33.27010 31.22950 11.60850
C -36.74200 29.98220 13.22290
C -33.58410 29.33050 13.21420
C -37.68000 33.08970 13.22310
C -34.66870 32.43740 13.21390
H -38.54020 29.39070 11.62660
H -27.86900 33.09770 11.52340
H -28.94370 27.65910 11.55380
H -30.05750 30.72510 11.57420
H -31.22990 33.67580 11.60490
C -28.29430 31.29790 13.17620
H -32.16300 28.27180 11.60640
C -30.34590 28.90360 13.11490
C -27.18200 28.24800 13.17550
C -31.53760 31.81960 13.20830
C -26.18360 33.54510 13.29830
H -26.86880 30.06930 11.58370
H -20.26540 28.84380 11.91270
H -24.60530 32.47190 11.68900
C -23.05260 33.01430 13.55640
C -25.12430 30.60190 13.21920
C -24.04960 27.62330 13.25530
C -19.58400 32.28670 13.70080
C -21.91550 29.90940 13.47460
H -21.40720 31.89890 12.05460
H -23.62490 29.45400 11.66240
C -41.96260 36.68320 10.02960
C -43.24220 39.67640 10.04840
C -39.95680 39.07040 10.03810
C -44.04020 34.58530 10.01950
C -45.00170 37.42650 9.99927
C -38.78920 36.04820 10.01970
C -35.69190 35.50530 10.00750
C -36.84880 38.48180 10.02400
C -33.70600 37.80930 10.01270
C -32.61870 34.88880 9.99876
C -31.61610 40.20860 10.01610
C -30.53350 37.15070 10.01460
C -27.13080 36.57740 10.06970
C -28.28980 39.67150 10.03960
C -29.43350 34.27470 9.98507
C -23.81030 36.01930 10.29130
C -24.86010 39.00200 10.23010
C -20.57530 35.36240 10.50350
C -21.56520 38.35820 10.47800
C -40.93780 41.99270 10.04990
C -43.93160 42.35080 10.04510
C -41.84640 45.15790 10.03500
C -44.98170 45.65510 10.00830
C -38.84750 44.41200 10.04380
C -34.68070 40.83560 10.03570
C -37.79550 41.38170 10.05260
C -35.70310 43.93130 10.04520
C -33.56070 46.25240 10.01380
C -36.78200 46.88550 10.03310
C -32.57150 43.30860 10.01330
C -25.96610 42.09820 10.17800
C -29.34780 42.72140 10.10790
C -27.23140 44.98810 10.25110
C -30.41280 45.53290 10.10430
H -29.01270 44.44990 11.81530
H -26.83460 46.87130 11.85950
C -19.60740 40.81830 10.44750
C -23.89440 44.34990 10.28020
C -22.79310 41.31350 10.34410
C -20.57680 43.84990 10.39160
C -21.64840 46.80380 10.36190
H -25.73430 43.87090 11.89450
C -39.89530 47.50020 10.02790
C -43.13500 48.27810 10.01830
C -40.88150 50.50530 10.01820
C -44.01690 51.23020 10.00230
C -42.00280 53.64480 10.01360
C -45.03790 54.12520 9.98052
C -38.75120 52.85810 10.02600
C -34.65230 49.32180 10.00790
C -37.73950 49.87720 10.02610
C -35.79200 52.24270 10.01960
H -29.96960 47.44700 11.59510
C -32.61400 51.56460 9.98990
H -32.27200 53.40770 11.58860
C -31.52200 48.59660 9.98940
H -31.17920 50.44210 11.59200
C -25.97620 50.45470 10.17910
C -28.12310 48.03680 10.06660
C -29.31550 51.03490 10.02260
C -27.19540 53.44880 10.08330
C -30.48530 54.03930 9.99705
H -27.89670 49.89500 11.72090
H -29.08390 52.86850 11.60530
C -24.99230 47.36720 10.26780
C -23.73280 52.72890 10.27450
C -22.68320 49.77150 10.27230
C -19.43690 49.18940 10.46330
C -20.52300 52.06640 10.43050
H -22.34050 51.59380 12.00640
H -20.23080 54.01400 11.92820
H -24.51880 49.19700 11.81850
H -21.30370 48.65540 11.97190
H -25.69850 52.19420 11.61120
C -43.25630 56.56880 10.01660
C -39.87320 55.93360 10.01520
C -40.87140 58.88180 10.00930
C -43.88610 59.85990 9.99967
C -36.75620 55.29470 10.02580
C -37.67520 58.26530 10.01540
C -33.68490 54.66620 9.99997
C -34.59560 57.55710 10.00710
C -35.58640 60.59120 9.99937
C -32.43480 59.97610 9.98769
C -31.46400 57.00900 9.98270
H -31.10600 58.83430 11.58810
C -28.14840 56.42740 10.08520
C -25.88690 58.75930 10.20730
H -29.99210 55.85770 11.56450
C -29.24950 59.35130 10.03620
H -27.79680 58.24570 11.73260
H -26.71340 55.22770 11.70760
C -24.85380 55.80580 10.15250
C -21.73060 55.13690 10.35400
C -19.53730 57.56060 10.22260
C -22.71580 57.96230 10.21860
C -20.54520 60.46600 10.03450
H -22.37060 59.95890 11.62870
H -25.60730 60.62040 11.75760
H -23.56110 54.59710 11.92690
H -24.52600 57.59110 11.89480
H -21.26570 57.00280 11.92530
H -44.92290 64.25780 11.53720
H -43.45580 61.37870 11.58300
C -42.99280 64.72570 9.95295
H -39.38870 66.00080 11.59400
C -39.73200 64.20500 9.98154
C -40.79560 67.10130 9.97686
H -42.54650 66.50130 11.56540
H -41.49180 63.68490 11.57180
C -41.77070 61.82780 9.98115
C -44.89480 62.71140 9.96620
C -38.70450 61.16480 10.00060
C -34.52810 66.02380 9.97962
C -33.41490 63.09010 9.98466
H -33.09890 64.87020 11.58200
C -37.63900 66.57700 9.99061
C -36.56740 63.59510 9.99010
H -36.27270 65.37680 11.59480
C -30.33480 62.35400 10.00230
H -29.99230 64.21930 11.59730
C -27.06100 61.73280 10.05020
C -31.37550 65.42790 9.98054
H -32.10970 61.83570 11.59390
H -31.03090 67.26040 11.59400
C -26.04780 67.16780 9.93868
C -28.19240 64.76330 9.99900
H -27.77280 66.56510 11.58360
H -26.67690 63.57600 11.59070
H -28.88990 61.17320 11.66210
H -20.23390 62.40100 11.53490
H -24.52710 66.04100 11.55110
C -21.64720 63.51010 9.85673
H -23.47080 62.93180 11.50090
H -21.25850 65.34990 11.49530
C -22.76890 66.51480 9.92147
C -19.40950 65.92340 9.98199
C -24.93640 64.19900 9.92754
C -23.86810 61.08750 10.01860
C -41.95650 36.70830 13.24170
C -43.24860 39.71700 13.26150
C -39.90380 38.95430 13.24770
H -43.64610 36.00610 11.62770
H -40.54670 35.43030 11.63350
H -41.76090 38.55660 11.64590
H -45.05430 38.82070 11.66020
C -45.08900 37.31480 13.21300
C -44.11040 34.04850 13.23170
C -38.78280 36.04540 13.23190
H -38.55160 37.85970 11.62620
C -35.74340 35.44340 13.21780
C -36.84650 38.44870 13.23660
H -35.44030 37.27360 11.61610
C -33.64220 37.83580 13.22370
H -33.33600 39.65000 11.63480
H -37.39700 34.85660 11.61970
H -36.41840 40.25310 11.64920
H -34.38960 34.23470 11.60280
C -32.66340 34.86020 13.20920
H -32.28780 36.64960 11.60390
C -31.54450 40.19940 13.22720
C -30.51870 37.15810 13.19770
C -27.25300 36.69400 13.29120
H -30.08200 39.01280 11.63400
C -28.31760 39.62370 13.31200
C -29.36310 34.19420 13.15930
H -28.97050 36.07170 11.59360
H -26.81490 38.47900 11.67910
C -24.03890 36.09780 13.55650
C -25.12510 39.01230 13.41000
C -20.67330 35.38570 13.79600
C -21.84830 38.31210 13.66480
H -21.38150 40.22930 12.13020
H -25.70710 35.46360 11.78130
H -22.46400 34.91060 12.07360
H -20.24840 37.19080 12.14860
H -23.53530 37.82110 11.93750
H -39.52390 40.80950 11.65770
C -40.94290 42.02770 13.25940
H -42.67380 41.46620 11.65690
C -43.96850 42.88660 13.25820
H -43.54250 44.29450 11.64020
C -41.88280 45.08360 13.24850
H -40.54660 43.80740 11.64910
H -41.65200 46.87210 11.63550
C -44.99950 45.74680 13.22290
H -45.05340 47.11540 11.61560
C -38.88510 44.42380 13.25650
C -34.68950 40.95180 13.24610
H -38.48840 46.25870 11.63790
C -37.77390 41.50180 13.26210
C -35.74080 43.92810 13.25670
H -37.46120 43.23420 11.66340
H -34.32190 42.67580 11.63770
C -36.74080 46.94660 13.24350
C -33.58030 46.27090 13.22370
H -35.34380 45.71950 11.64860
C -32.54710 43.21330 13.22600
H -32.23890 45.02900 11.60790
H -31.18790 42.03370 11.61390
C -26.22230 42.02790 13.45090
C -29.46200 42.61670 13.25130
C -27.26520 45.07730 13.43940
C -30.56840 45.67820 13.23870
H -27.87370 41.45330 11.66780
C -19.57430 40.79820 13.68820
C -23.92350 44.38110 13.52210
C -23.01750 41.48090 13.56970
C -20.65330 43.84170 13.66440
C -21.83070 46.83450 13.58220
H -20.21010 45.63870 12.06230
H -23.51520 46.21750 11.91380
H -22.42570 43.25710 11.94440
H -24.66800 40.86000 11.86430
C -39.88470 47.47570 13.23950
C -43.21890 47.88760 13.22820
H -42.71640 49.77760 11.61900
C -40.93530 50.47550 13.22930
H -39.48600 49.30360 11.62850
C -44.06770 51.27070 13.21450
C -42.00590 53.61050 13.22440
H -43.62920 52.68790 11.61020
H -40.57340 52.32840 11.62580
C -45.09480 54.13690 13.19640
C -38.77560 52.85130 13.23900
C -37.76320 49.86840 13.23620
C -34.62900 49.27210 13.21680
H -36.36770 48.68980 11.62820
H -33.21410 48.09150 11.60040
C -35.72050 52.22860 13.22860
H -34.34950 51.05300 11.60760
H -37.45550 51.64820 11.63750
H -35.39960 54.06010 11.62700
C -32.60300 51.60750 13.20070
C -31.46770 48.62730 13.20150
C -28.36170 48.14340 13.39020
C -26.07200 50.37490 13.31930
C -29.46860 51.09100 13.23980
C -27.26970 53.33270 13.17710
C -30.54460 54.05590 13.16250
C -25.04240 47.41220 13.50340
C -24.05470 52.65840 13.43680
C -22.84190 49.74180 13.57900
C -19.53070 49.03560 13.68300
C -20.62090 52.22470 13.63610
H -45.00190 55.45870 11.62430
C -43.19540 56.56600 13.22710
C -39.88820 55.94120 13.22770
C -40.82210 58.91250 13.22010
H -41.69770 55.46830 11.62040
H -42.60750 58.38980 11.62140
H -39.43800 57.74050 11.61340
C -43.83850 59.50350 13.21030
H -40.42260 60.66390 11.60810
H -38.51120 54.73390 11.63270
C -33.60260 54.64360 13.21100
C -36.75990 55.26390 13.23670
C -37.66750 58.31420 13.22490
C -34.54200 57.61930 13.21800
H -36.30830 57.08530 11.63130
H -33.18090 56.40560 11.60090
H -37.31580 60.05270 11.61650
H -34.22480 59.39620 11.60330
C -35.55520 60.64120 13.21290
C -32.44980 60.07760 13.20180
C -31.45370 57.02270 13.19560
C -28.30030 56.35780 13.26250
C -26.07980 58.87970 13.39440
C -29.36310 59.31790 13.26570
C -25.05950 55.80350 13.51640
C -21.73150 55.23150 13.50650
C -19.38280 57.69740 13.37340
C -22.71920 58.30380 13.45870
C -20.55790 60.55660 13.18130
C -40.77210 67.20460 13.18960
C -39.74950 64.23680 13.19250
C -41.77990 61.87300 13.19310
C -43.07200 64.74040 13.16370
C -44.92320 62.80070 13.18040
C -38.73450 61.24530 13.21340
C -36.56920 63.63030 13.20240
C -34.53930 65.98420 13.19350
C -37.68240 66.56820 13.20480
C -33.41160 63.07960 13.19810
H -35.15890 62.43030 11.59840
H -38.33340 63.00920 11.59600
C -30.36770 62.41950 13.22590
C -28.19000 64.72520 13.18410
C -27.11620 61.82690 13.26790
C -31.39470 65.46060 13.19520
C -25.95810 67.18670 13.18260
C -22.69470 66.55770 13.15490
C -23.73870 61.19170 13.25360
C -21.71590 63.53730 13.12950
C -24.93120 64.15900 13.11130
C -19.56330 65.98900 13.19820
C -41.82650 70.15410 9.96992
C -43.05290 73.13070 9.95562
C -39.77210 72.60470 9.96029
H -40.44530 68.97320 11.58800
H -43.44630 69.47350 11.57240
H -41.54660 71.98380 11.56800
C -43.76910 67.95200 9.94788
H -44.91480 72.23300 11.56430
C -44.89650 70.79290 10.00110
C -38.71030 69.62250 9.97950
H -38.43630 71.46760 11.56690
C -35.54300 68.99200 9.98252
C -36.66240 72.03470 9.96654
C -33.52260 71.36710 9.97391
H -35.27730 70.83330 11.57900
H -36.28110 73.82810 11.57300
H -33.13890 73.15360 11.58150
H -34.18630 67.84310 11.58350
C -32.43030 68.49380 9.97866
H -32.09240 70.22620 11.57950
C -31.36420 73.70150 9.97659
C -30.22010 70.72520 10.00430
C -27.09010 70.16980 9.90883
C -28.12800 73.12770 9.94488
H -29.85710 72.60930 11.53860
C -29.22580 67.80690 9.99649
H -26.66400 71.98060 11.51510
H -28.77760 69.59920 11.58040
C -23.85500 69.47750 9.96400
C -24.93860 72.52410 9.89820
C -20.49210 68.82260 9.92407
C -21.65680 71.85060 9.91629
H -20.18270 70.70770 11.52310
H -21.26140 73.71760 11.49100
H -22.30990 68.35450 11.52140
H -25.70240 68.99730 11.54310
H -23.49100 71.35740 11.52930
H -39.43540 74.46080 11.56520
C -40.83230 75.57820 9.95453
H -42.59480 74.91780 11.55290
C -43.85590 76.42390 9.95583
C -41.77560 78.69570 9.96646
H -41.42400 80.37910 11.57900
H -43.45770 77.86800 11.57420
H -40.45980 77.36810 11.56330
C -44.97260 79.26890 10.05740
C -38.71040 77.95080 9.96618
C -34.51650 74.37470 9.96883
H -38.29990 79.74520 11.58140
C -37.67440 74.92050 9.96401
C -35.58670 77.43030 9.96826
C -36.57930 80.45800 9.97216
C -33.41910 79.76590 9.97559
H -35.18610 79.22540 11.57440
H -37.31860 76.76450 11.57470
H -34.16000 76.21450 11.57220
C -32.38530 76.78330 9.97653
H -32.00710 78.57290 11.59040
H -31.06280 75.50480 11.58450
C -26.02200 75.55990 9.93129
C -29.32590 76.02420 9.94061
C -30.27090 79.18540 9.95502
C -27.01180 78.59370 9.95235
H -27.77220 74.98850 11.55810
H -28.86170 77.90650 11.49600
H -26.69650 80.35660 11.48480
C -19.47370 74.24290 9.88011
C -23.83630 77.86090 9.93324
C -22.73280 74.85160 9.83297
C -20.50870 77.18810 9.83922
C -21.75130 80.23260 9.84011
H -23.47120 79.73640 11.51710
H -22.30420 76.71320 11.44370
H -25.59270 77.32100 11.61720
H -20.15320 79.05430 11.36580
H -24.46780 74.36640 11.43540
C -39.70020 81.00060 9.97702
C -42.96180 81.53490 9.98759
C -40.68640 84.01320 9.98142
H -39.30450 82.78730 11.58660
C -41.72960 87.01420 9.97804
H -40.33900 85.81120 11.57800
C -43.85180 84.70370 10.00190
C -44.84340 87.73400 9.97714
C -38.59740 86.43350 9.97552
C -37.59450 83.41050 9.97488
C -34.45980 82.77280 9.97645
H -36.19390 82.19880 11.57810
H -33.01510 81.51790 11.58360
C -35.55720 85.79680 9.98506
H -37.28830 85.23190 11.57530
H -34.19620 84.55950 11.58950
C -32.48940 85.24100 10.00040
H -29.84550 81.00190 11.56820
C -31.30480 82.17880 9.98769
C -28.15610 81.57150 9.87263
C -25.85070 83.96600 10.03610
C -29.32550 84.54800 10.01190
C -26.99540 86.91990 9.96411
C -30.35750 87.65080 9.94577
H -27.73860 83.43410 11.55140
C -24.90290 81.00370 9.92169
C -23.66410 86.28350 9.98566
C -22.60910 83.36970 9.97334
C -19.38890 82.62960 9.74288
C -20.61220 85.72320 9.91929
H -25.45610 85.85520 11.65290
H -24.41020 82.71760 11.66020
H -21.09690 82.05150 11.43220
H -22.26680 85.07350 11.63370
H -20.09230 87.56100 11.50880
C -43.05680 90.19310 9.98380
C -39.71670 89.47410 9.98536
H -41.53080 88.90040 11.57570
C -40.74190 92.37570 10.00080
H -42.54050 91.78820 11.58550
C -43.77180 93.33490 9.99192
H -38.37640 88.22050 11.59150
C -36.65210 88.85990 10.00340
C -33.47470 88.16890 10.00730
C -37.63800 91.83450 10.01390
C -34.53840 91.14830 10.02000
C -35.53240 94.22680 10.01280
C -32.46470 93.57090 10.01110
C -28.11210 89.87010 9.97840
C -31.34330 90.56890 10.01180
C -25.91080 92.28210 9.89427
C -29.23850 92.90430 9.93918
C -20.51350 94.19790 9.91948
C -22.63230 91.70940 9.91025
C -24.74030 89.30130 9.91970
C -21.52650 88.63180 9.87946
C -19.43520 91.05730 9.87312
C -40.84710 100.75400 10.02120
C -44.89880 96.02880 9.96672
C -43.09820 98.35150 10.00630
C -39.75380 97.77750 10.01320
C -41.81080 95.53470 10.00450
C -37.59620 100.11200 10.01060
C -36.60360 97.22760 10.00900
C -34.51100 99.62380 10.00310
C -33.48080 96.60320 10.00100
C -38.64200 94.85870 10.01870
C -31.32030 98.85280 9.99695
C -30.29050 95.88600 9.98523
C -25.90730 100.62800 9.93101
C -28.12450 98.20020 9.93537
C -27.01030 95.25190 9.95545
H -27.70560 100.13300 11.45980
C -22.67070 100.09100 10.03250
C -24.80850 97.71660 9.97383
C -21.70560 97.16600 10.03140
C -23.88310 94.71830 9.91102
C -19.54180 99.46160 10.03060
H -21.28440 98.92580 11.71040
H -24.48010 99.51970 11.60870
C -41.78310 70.24150 13.18310
C -43.07000 73.14820 13.16700
C -39.78730 72.69730 13.17250
C -44.87960 70.74330 13.21490
C -43.81740 67.42200 13.16000
C -38.70390 69.66900 13.19310
C -35.52320 69.03380 13.19590
C -36.69110 72.09740 13.17910
C -33.49620 71.34840 13.18570
H -37.32400 68.41230 11.60470
C -32.43690 68.44120 13.19260
C -31.38360 73.65250 13.18980
C -30.29320 70.79380 13.12300
C -27.03490 70.21210 13.19010
C -28.09680 73.14940 13.16850
C -29.18190 67.79280 13.17390
C -23.85870 69.49490 13.11540
C -24.92650 72.59740 13.09840
C -20.48570 68.86930 13.16150
C -21.61070 71.92740 13.10050
C -40.84340 75.59750 13.16590
C -43.85750 75.94080 13.16980
C -41.78320 78.55890 13.17720
C -44.91160 79.15970 13.27130
H -44.86250 80.69060 11.60560
C -38.74660 77.92950 13.17870
C -34.51960 74.40020 13.18230
C -37.67210 74.96250 13.17860
C -33.39370 79.68080 13.18860
C -36.57750 80.40120 13.18420
C -35.61290 77.34520 13.17960
C -32.41820 76.76250 13.18960
C -25.92270 75.39880 13.14950
C -29.27760 76.12180 13.17960
C -30.20900 79.14710 13.18120
C -27.07040 78.55620 13.12880
C -19.48120 74.31620 13.10000
C -23.69720 77.86930 13.13740
C -22.70990 74.92690 13.08100
C -20.46270 77.23710 13.03330
C -21.62550 80.22420 13.04020
C -39.69150 80.89400 13.18760
C -42.97550 81.54160 13.19870
H -42.43240 83.31330 11.59670
C -40.66020 84.08210 13.19280
C -43.84230 84.28370 13.21480
C -41.72920 87.02190 13.18790
H -43.39310 86.24750 11.59610
C -44.87290 87.52000 13.19330
C -38.65720 86.38430 13.18780
C -34.39140 82.77070 13.18980
C -37.60500 83.44840 13.18540
C -35.56710 85.76550 13.19400
H -35.21880 87.63360 11.60640
C -32.50100 85.18700 13.21190
H -32.06020 86.98710 11.61330
C -31.26580 82.13590 13.20060
H -31.08250 83.96750 11.61370
C -25.94820 83.93580 13.24030
C -28.09500 81.57630 13.21140
C -29.32650 84.61730 13.15750
C -27.03160 86.95250 13.17510
C -30.30320 87.57750 13.23180
H -28.88070 86.45510 11.53860
C -24.91960 80.82250 13.22500
C -23.60450 86.37930 13.23730
C -22.50650 83.12730 13.16140
C -19.31070 82.71790 13.03950
C -20.37930 85.67200 13.05610
H -44.90860 89.04630 11.60500
C -43.06450 89.98000 13.19230
C -39.78400 89.37450 13.19740
C -40.75780 92.38670 13.21190
H -39.36170 91.19820 11.60930
C -43.80100 93.28240 13.20330
H -40.37010 94.21260 11.62270
C -33.45620 88.20810 13.21870
C -36.65880 88.78540 13.21610
H -33.09290 90.01070 11.61890
C -37.64560 91.83100 13.22560
C -34.53110 91.16230 13.23070
H -36.28400 90.61160 11.62970
H -37.24390 93.60600 11.62100
H -34.15430 92.94630 11.62640
C -35.47650 94.21220 13.22550
C -32.46540 93.59680 13.22310
H -29.88220 89.39450 11.63120
C -28.03040 89.92240 13.19170
C -31.32260 90.58970 13.22340
H -30.98800 92.40100 11.61850
C -25.95550 92.23280 13.12260
C -29.15880 92.90920 13.15940
H -27.72640 91.71390 11.50330
H -26.53920 88.75940 11.55590
C -20.53420 94.09570 13.14120
C -24.71330 89.31440 13.16100
C -21.48250 88.69700 13.21260
C -19.40910 91.09010 13.12220
C -22.67390 91.67330 13.13230
H -25.54760 94.03670 11.54400
H -24.46630 91.11320 11.52100
H -22.35380 93.55050 11.51960
H -23.26180 88.15330 11.55990
H -21.20670 90.48060 11.53120
H -44.94570 97.54530 11.60070
H -43.46210 94.66280 11.59760
C -41.81860 95.42130 13.21740
C -43.05990 98.37870 13.21710
C -39.77590 97.81090 13.22610
C -40.83870 100.64500 13.23090
H -39.35890 99.59990 11.61980
H -41.54040 97.21250 11.61310
H -42.64890 100.24300 11.62200
C -44.90320 96.01700 13.17820
C -36.60450 97.13960 13.22290
C -38.66180 94.87850 13.22950
H -33.09910 98.40840 11.60850
C -33.46160 96.55560 13.21420
H -36.21370 98.97940 11.61190
C -34.51010 99.62480 13.21390
H -38.32760 96.64870 11.62660
H -35.21040 95.99030 11.60950
C -37.61750 100.15800 13.22310
C -27.00880 95.26680 13.14450
H -29.90580 97.71570 11.61840
C -26.00240 100.68200 13.13620
H -32.05270 95.40340 11.60640
H -28.76280 94.71890 11.54110
C -28.06760 98.36280 13.16270
C -31.34130 98.88400 13.20830
H -26.65290 97.11590 11.55750
C -30.25600 95.81990 13.17910
H -30.98820 100.69200 11.60490
H -23.43420 96.48810 11.65600
C -22.81460 100.12500 13.25220
C -24.92190 97.70220 13.26000
C -19.40240 99.47460 13.20360
C -21.61530 97.09850 13.27340
C -23.84460 94.61660 13.21280
H -20.18020 95.96340 11.57590
C -41.74120 103.79000 10.02960
C -43.01520 106.68600 10.04840
C -39.71180 106.07300 10.03810
C -44.85210 104.68100 9.99927
C -43.91250 101.79500 10.01950
C -38.68510 103.00100 10.01970
C -35.54090 102.52700 10.00750
C -36.55060 105.52300 10.02400
C -33.40300 104.96600 10.01270
C -32.40630 101.96100 9.99876
C -31.37030 107.40700 10.01610
C -30.36220 104.38300 10.01490
C -27.06370 103.63100 9.91802
C -28.13760 106.75900 9.95814
C -29.29790 101.26400 9.93597
H -26.63540 105.53100 11.50520
C -23.73550 103.09200 9.92901
C -24.81920 106.04500 9.91542
C -20.53670 102.46400 10.00910
C -21.60890 105.41100 9.96225
H -21.26860 107.33200 11.53820
H -22.33110 101.94800 11.62500
H -23.39260 104.88700 11.55490
H -20.17810 104.28900 11.62590
H -25.55250 102.54300 11.51210
C -40.71830 109.05100 10.04990
C -43.83350 109.38200 10.04510
C -41.70740 112.01800 10.03500
C -44.83360 112.72600 10.00830
C -38.60560 111.43900 10.04380
C -34.46400 108.04600 10.03570
C -37.58920 108.54100 10.05260
C -35.49120 111.00200 10.04520
C -33.46470 113.33500 10.01380
C -36.57160 113.92300 10.03310
C -32.33690 110.45000 10.01330
C -26.04970 109.15900 9.98498
C -29.13060 109.74300 10.03590
C -27.04890 112.07100 9.94204
C -30.20930 112.63900 10.06520
H -28.73160 111.55400 11.65410
H -26.67160 114.01800 11.43720
C -19.51250 107.83500 9.76760
C -23.95610 111.60200 9.95863
C -22.74940 108.49800 9.88456
C -20.60250 110.86500 9.84751
C -21.62090 113.85000 9.86375
H -22.41690 110.34600 11.48410
H -23.40360 113.37700 11.56930
H -20.14560 112.74600 11.45250
H -24.50430 107.95200 11.47110
H -25.58830 110.93800 11.61700
C -39.74580 114.58500 10.02790
C -43.00490 115.07000 10.01830
C -40.80950 117.57800 10.01820
C -43.92950 118.34300 10.00230
C -41.82490 120.62200 10.01360
C -44.88950 121.23200 9.98052
C -38.71380 119.83200 10.02600
C -34.51130 116.29900 10.00790
C -37.64580 116.91000 10.02610
C -35.60020 119.27200 10.01960
C -32.45130 118.73500 9.98990
H -29.87510 114.57600 11.60910
H -32.14920 120.51200 11.58860
C -31.35760 115.71200 9.98940
H -31.08780 117.52400 11.59200
C -25.97580 117.71200 9.93526
C -28.25450 115.19100 9.86668
C -29.34940 118.18900 9.98766
C -27.03100 120.59500 9.97797
H -27.80840 117.00700 11.51190
H -28.77380 119.99000 11.66660
C -30.27070 121.05500 10.06200
C -24.83100 114.57300 9.88894
H -25.56220 119.44700 11.66650
C -23.79940 120.00900 9.93619
C -22.60390 116.85700 9.86531
C -19.47200 116.23600 9.80306
C -20.49820 119.29200 9.74561
H -22.24390 118.78000 11.42110
H -24.49800 116.43900 11.47880
H -20.11250 121.10300 11.31930
H -21.26130 115.72000 11.50040
C -43.04530 123.39600 10.01660
C -39.79480 122.74900 10.01520
C -40.83420 125.83800 10.00930
C -43.86150 126.71700 9.99967
C -36.71660 122.24900 10.02580
C -37.71350 125.26900 10.01540
C -33.53830 121.73000 9.99997
C -34.59680 124.71200 10.00710
C -35.64890 127.71400 9.99937
C -32.45000 127.19700 9.98769
C -31.47970 124.18300 9.98270
H -31.06120 125.96400 11.58810
C -28.20780 123.67200 9.94834
C -26.03540 126.00900 9.97981
H -29.95670 122.96500 11.56700
C -29.24890 126.51700 9.99652
H -26.62510 122.48600 11.47830
H -27.79740 125.42100 11.63570
C -20.53780 127.73200 9.78443
C -24.84640 122.96300 9.77641
C -21.58740 122.32800 9.81373
C -19.54910 124.69900 9.67069
C -22.64630 125.25500 9.83635
H -22.22210 127.12400 11.40240
H -24.42670 124.76900 11.43940
H -23.37450 121.83000 11.46560
H -21.11630 124.11500 11.44860
H -25.50460 127.76600 11.58730
C -44.93700 129.59500 9.96620
H -43.49780 128.19800 11.58300
H -41.63390 130.68600 11.57180
H -39.48970 133.02200 11.59400
C -41.81190 128.92100 9.98115
C -43.06120 131.85500 9.95295
C -39.89100 131.28600 9.98154
C -40.82180 134.22000 9.97686
H -42.61380 133.71300 11.56540
H -44.91010 130.98200 11.53720
C -38.74870 128.26400 10.00060
H -36.34200 132.60300 11.59480
C -36.72520 130.80500 9.99010
C -37.73550 133.63800 9.99061
H -33.18140 131.89000 11.58200
C -34.59450 133.14300 9.97962
C -33.53960 130.08700 9.98466
C -30.38310 129.46800 10.02770
H -31.10470 134.25200 11.59400
C -31.43210 132.45600 9.98054
C -28.15110 131.82500 10.03340
C -27.04430 128.94800 10.06820
H -32.17110 128.96500 11.59390
H -29.98810 131.28600 11.62110
C -26.08470 134.24700 9.94626
H -26.69390 130.77500 11.72140
H -28.87290 128.32500 11.60720
H -27.82340 133.68800 11.61370
H -20.07440 129.46700 11.43050
C -19.44280 133.12500 9.82623
C -21.55080 130.71300 9.91390
C -23.86940 128.28400 9.91992
C -24.88890 131.20800 9.96778
H -24.51600 133.09600 11.50150
H -23.29760 130.08900 11.52760
H -21.10620 132.46300 11.57140
C -22.62720 133.57800 9.97340
C -41.78340 103.70400 13.24170
C -43.01730 106.68400 13.26150
C -39.69720 106.03600 13.24770
H -43.44900 103.21900 11.62770
H -40.42290 102.48100 11.63350
H -41.45770 105.57500 11.64590
H -44.86020 106.10300 11.66020
C -44.89550 104.51400 13.21300
C -43.85510 101.25400 13.23170
C -38.68780 103.00700 13.23190
H -38.28660 104.86900 11.62620
C -35.52180 102.52700 13.21780
C -36.53880 105.51700 13.23660
H -35.13380 104.31700 11.61610
C -33.38310 104.94300 13.22370
H -33.06450 106.79600 11.63480
H -37.23110 101.90400 11.61970
H -36.18700 107.36500 11.64920
H -34.10540 101.37200 11.60280
C -32.31570 101.93500 13.20920
H -32.06230 103.70600 11.60390
C -31.27740 107.38500 13.22720
C -30.25960 104.32600 13.15870
C -27.04460 103.69600 13.15410
H -29.91050 106.16900 11.57650
C -28.09400 106.69200 13.20160
C -29.23500 101.30100 13.11840
H -28.82660 103.12700 11.52190
C -23.79550 103.10400 13.21910
C -24.80990 106.11900 13.10990
C -20.54480 102.49300 13.23500
C -21.63850 105.49800 13.19060
H -39.33480 107.88600 11.65770
C -40.75760 109.02900 13.25940
H -42.55360 108.51400 11.65690
C -43.88020 110.03100 13.25820
H -43.39940 111.34600 11.64020
C -41.72060 112.13600 13.24850
H -40.32260 110.83400 11.64910
H -41.49630 113.90700 11.63550
C -44.84690 112.73300 13.22290
H -44.84590 114.10400 11.61560
C -38.58250 111.48200 13.25650
C -34.47140 108.03400 13.24610
H -38.32890 113.29100 11.63790
C -37.62240 108.53600 13.26210
C -35.47640 110.96100 13.25670
H -37.21220 110.29200 11.66340
H -34.05380 109.81400 11.63770
C -36.58210 113.97100 13.24350
C -33.39150 113.34600 13.22370
H -35.18880 112.78500 11.64860
C -32.33390 110.56000 13.22600
H -32.01560 112.29800 11.60790
H -31.00940 109.24200 11.61390
C -25.91420 109.10800 13.18610
C -29.17250 109.69100 13.20940
C -26.95360 112.24000 13.16120
C -30.23090 112.71500 13.21480
H -27.74390 108.52700 11.63790
C -19.38420 107.83200 13.05870
C -23.81530 111.53200 13.16740
C -22.77310 108.49100 13.13260
C -20.54830 110.97300 13.04760
C -21.52610 113.87600 13.15310
C -39.77960 114.62800 13.23950
C -42.99480 115.00500 13.22820
H -42.58110 116.90500 11.61900
C -40.80450 117.53000 13.22930
H -39.40450 116.38500 11.62850
C -43.93040 117.80300 13.21450
C -41.86250 120.61200 13.22440
H -43.48960 119.80800 11.61020
H -40.47160 119.39200 11.62580
C -44.89590 121.16600 13.19640
C -38.72240 119.82700 13.23900
C -37.63950 116.90000 13.23620
C -34.50310 116.35900 13.21680
H -36.26010 115.76400 11.62820
H -33.11270 115.14100 11.60040
C -35.57870 119.34400 13.22860
H -34.16620 118.11600 11.60760
H -37.29560 118.69400 11.63750
H -35.23950 121.10500 11.62700
C -32.44240 118.80100 13.20070
C -31.40910 115.77800 13.20150
C -28.03910 115.20100 13.17340
C -26.02980 117.63400 13.14940
C -29.30540 118.09500 13.15740
C -26.96870 120.71000 13.22330
C -30.38490 121.14700 13.20000
C -24.93790 114.61400 13.07690
C -23.61160 119.98800 13.10330
C -22.68040 116.98100 13.10420
C -19.42680 116.34300 13.05570
C -20.43500 119.32100 12.98850
H -44.90170 122.68600 11.62430
C -43.03210 123.42800 13.22710
C -39.80940 122.82000 13.22770
C -40.84510 125.85300 13.22010
H -41.56490 122.34100 11.62040
H -42.61920 125.26300 11.62140
H -39.44320 124.61200 11.61340
C -43.83490 126.29100 13.21030
H -40.47140 127.63500 11.60810
H -38.40720 121.62600 11.63270
C -36.69300 122.28900 13.23670
C -37.73850 125.34400 13.22490
C -33.50230 121.71800 13.21100
C -34.60540 124.77700 13.21800
H -36.31940 124.06300 11.63130
H -33.18140 123.54900 11.60090
H -37.35440 127.08400 11.61650
C -35.60620 127.75000 13.21290
H -34.19190 126.55200 11.60330
C -32.42380 127.17700 13.20180
C -31.39610 124.18900 13.19560
C -28.13640 123.54100 13.21530
C -25.90030 125.95000 13.12940
C -29.32410 126.52700 13.23820
C -24.80970 122.97600 13.13160
C -21.45170 122.17900 12.98940
C -19.35550 124.62000 12.97520
C -22.56450 125.34700 12.99730
C -20.40070 127.63700 13.03420
C -43.08200 131.85000 13.16370
C -44.94140 129.55400 13.18040
C -40.79530 134.29600 13.18960
C -41.77010 128.89900 13.19310
C -39.93420 131.25700 13.19250
C -34.58720 133.10700 13.19350
C -38.76280 128.29400 13.21340
H -35.32820 129.58200 11.59840
H -38.44990 130.09700 11.59600
C -33.54760 130.08900 13.19810
C -36.72060 130.78000 13.20240
C -37.75430 133.60400 13.20480
C -30.42460 129.46000 13.19350
C -31.42010 132.44200 13.19520
C -28.19600 131.83200 13.26120
C -27.07100 128.86600 13.20040
C -25.95400 134.26700 13.14800
C -24.75540 131.27600 13.15610
C -21.48690 130.58200 13.13640
C -19.29160 133.04500 13.09680
C -23.63660 128.19300 13.15900
C -22.69820 133.54200 13.10810
C -17.18520 1.28663 9.90943
C -15.09220 3.69492 9.82901
C -16.33410 6.59451 9.81609
C -12.96530 6.03499 9.75070
C -18.45730 4.24913 10.01870
C -14.04170 0.65131 9.69476
H -14.75020 5.50864 11.43960
H -16.88300 3.11250 11.57550
H -13.53750 2.43616 11.33690
H -17.96400 6.07986 11.58030
H -19.00820 0.72977 11.49860
C -11.84870 2.90462 9.64979
C -8.39690 2.47821 9.57268
C -9.65922 5.23529 9.61169
C -6.28066 4.85528 9.47222
H -7.00901 1.22680 11.19470
H -5.97995 6.67185 11.08170
H -8.00432 4.29050 11.14500
H -11.42530 4.78284 11.22770
H -10.19870 1.84820 11.17400
C -5.30652 1.77854 9.48720
C -2.09058 1.07414 9.27980
C -3.13462 4.11981 9.27575
C 0.13168 3.55049 9.20060
C -0.96841 6.61129 9.17447
H -4.85357 3.61842 11.07860
H -2.71570 6.04466 10.81570
H -1.64510 2.96417 10.79560
H 0.53835 5.38668 10.78360
H -3.80338 0.61453 11.03340
C 1.12781 0.60300 9.29469
C 3.44516 2.87636 9.27213
C 2.39611 5.94095 9.19009
C 6.61099 2.30277 9.29090
C 5.63839 5.29634 9.24035
H 7.08116 4.10803 10.85730
H 3.85163 4.74297 10.84290
H 4.87481 1.77338 10.99420
H 1.65909 2.41415 10.84490
C -18.39290 12.64130 9.86041
C -17.37680 9.59174 9.84672
C -15.06990 12.03990 9.79958
C -13.97360 8.94220 9.74081
H -12.45200 7.79355 11.39670
H -13.62060 10.81010 11.22460
H -16.89400 11.42960 11.40550
H -15.82680 8.43867 11.37980
H -19.08430 8.99589 11.53280
C -11.72750 11.46570 9.78219
C -10.71550 8.39871 9.70720
C -7.55170 7.92744 9.62738
C -8.45495 10.85090 9.73746
C -6.42409 13.26110 9.69104
H -9.25336 7.12814 11.17720
H -7.02030 9.64896 11.35860
H -8.16892 12.63300 11.40210
H -10.26520 10.22220 11.34010
H -11.48840 13.23290 11.54470
C -5.32339 10.25060 9.59879
C -4.27768 7.32859 9.37840
C -2.03509 9.61066 9.34438
C -3.15918 12.63410 9.56836
C 0.15003 12.10080 9.36136
H -0.51525 8.39039 10.81310
H -1.57087 11.38420 11.00520
H -3.76464 9.03804 11.00390
H -4.90093 12.04690 11.18900
C 1.28234 8.93435 9.20034
C 4.60192 8.34605 9.26860
C 7.79796 7.80642 9.30862
C 6.89911 10.81940 9.41506
C 3.53212 11.30120 9.36959
H 2.72502 7.70675 10.85950
H 3.85082 13.09320 11.10610
H 5.06710 10.13460 10.99060
H 6.01301 7.07995 10.84760
H 1.65702 10.75360 10.84980
H 7.09005 12.52310 11.11190
H -14.75650 13.79400 11.54100
C -16.18400 15.00320 9.91993
C -13.01200 14.31370 9.87505
C -17.43080 17.97330 9.93322
C -14.07870 17.35070 9.90327
H -17.99090 14.42110 11.50110
C -15.07830 20.48830 9.95584
C -9.69568 13.96920 9.94324
C -11.88930 19.86490 9.95597
C -10.88570 16.81150 10.07200
C -7.64083 16.13840 9.99337
C -8.75480 19.14730 10.02640
H -9.38952 15.64190 11.73140
H -6.02492 14.98390 11.43030
H 0.52385 13.75270 11.18010
C -5.46715 18.41770 9.91091
C -4.26396 15.49550 9.79245
C -0.98530 14.88100 9.61060
C -2.13314 17.86870 9.77523
H -2.72684 14.35070 11.33860
H -0.51470 16.70650 11.27060
H -3.89324 17.29930 11.45860
H -1.77068 19.64860 11.47040
C -0.05340 20.25610 9.75573
C 1.27519 17.19450 9.60576
C 5.67605 13.64480 9.50086
C 7.75901 16.04420 9.49830
C 4.48528 16.65200 9.56717
C 2.34958 14.25580 9.55538
C 3.44147 19.78280 9.58490
C 6.62559 19.07440 9.46072
H 2.74904 16.07530 11.19580
H 5.96504 15.49550 11.16110
H 4.89915 18.49070 11.16470
H 1.66271 19.13440 11.18890
C -17.35360 26.44300 10.21510
C -16.27820 23.49200 10.12900
C -13.06470 22.93460 10.11890
C -14.04300 25.69650 10.26140
C -18.44950 21.13410 10.01060
C -9.78323 22.26330 10.08600
C -6.55019 21.60530 10.02450
C -10.82100 25.20660 10.34380
C -7.67987 24.70420 10.22740
C -5.45028 26.87310 10.28580
C -4.31791 23.90270 10.05970
C -1.04757 23.34400 9.85186
C -2.18256 26.40530 10.13680
C -3.16213 20.87320 9.81131
H 0.42611 22.07280 11.37670
C 1.14927 25.74220 9.83628
C 7.75474 24.48330 9.58912
C 4.55187 25.20640 9.71005
C 2.19733 22.66230 9.73785
C 5.56976 22.03750 9.56451
H 3.83110 21.51350 11.30590
H 7.09399 20.89210 11.10290
H 5.99693 23.84930 11.21570
H 2.73735 24.48730 11.30890
C -16.24930 31.75800 10.35570
C -15.23040 28.82420 10.32570
C -13.01950 31.06140 10.43770
C -18.41790 29.46260 10.30910
C -10.77740 33.40350 10.36570
C -9.60842 30.49980 10.46390
C -7.48525 32.79300 10.47580
C -11.81880 28.09220 10.38930
C -8.60965 27.67060 10.52050
C -6.51291 29.95500 10.46740
C -4.32845 32.10970 10.33950
C -1.07152 31.56210 10.19370
C -0.02893 28.68470 10.07760
C -3.15925 29.34240 10.24980
C 4.44314 33.34140 9.90149
C 7.63142 32.92230 9.76834
C 5.50036 30.42920 9.90206
C 2.23590 30.94950 9.98896
C 6.52059 27.62520 9.77833
C 3.36306 28.13230 9.85810
C -17.14840 1.22861 13.14100
C -14.91310 3.62837 13.03770
C -16.13160 6.71452 13.12860
C -12.74950 5.94623 12.95430
C -18.32690 4.26032 13.24370
C -13.76300 0.56431 12.87650
C -11.66820 2.93266 12.87460
C -8.42133 2.49471 12.77780
C -9.57771 5.27302 12.80080
C -6.20256 4.83194 12.74590
C -5.15691 1.77041 12.74160
C -1.98728 1.16377 12.55020
C -2.92745 4.21688 12.53230
C 0.15196 3.55301 12.43930
C -0.87202 6.53042 12.42170
C 1.22992 0.59655 12.45310
C 3.37022 3.01200 12.54690
C 2.36513 5.87871 12.43740
C 6.73319 2.27939 12.49390
C 5.63054 5.23695 12.47100
C -17.27780 9.60314 13.04850
C -15.00400 11.81730 12.97900
C -13.86960 8.92711 12.83740
C -18.26660 12.55910 13.12380
C -11.85960 11.21050 12.93340
C -10.56860 8.29633 12.92590
C -7.46352 7.72154 12.79670
C -8.51751 10.80940 13.00860
C -6.26820 13.10250 12.94520
C -9.67416 13.63730 13.17710
C -4.11072 7.19445 12.55190
C -5.06814 10.14180 12.78510
C -1.89856 9.48213 12.54500
C 0.26144 11.84050 12.64440
C -3.03487 12.40640 12.75740
C 1.28512 8.87574 12.46070
C 4.58542 8.16522 12.48860
C 7.74780 7.60300 12.53460
C 3.44313 11.09080 12.58190
C 6.78322 10.61070 12.69570
C 5.58163 13.61490 12.73740
C -16.25390 14.95400 13.14040
C -13.00900 14.30000 13.18670
C -17.36980 17.98830 13.15970
C -14.11400 17.28820 13.13590
C -15.16920 20.28270 13.19930
H -13.69730 19.16660 11.54310
H -12.66080 16.12340 11.52730
H -16.91840 19.80610 11.50580
H -15.90640 16.82100 11.55770
H -19.14370 17.43670 11.57990
C -11.99560 19.73740 13.26260
C -7.40633 15.99110 13.18850
C -11.02570 16.76770 13.23750
C -8.70105 19.16110 13.21730
H -10.54680 18.64190 11.68450
H -7.21238 17.96110 11.63070
C -5.28385 18.44880 13.14990
C -0.90994 14.84620 12.90460
C -4.18446 15.43380 13.03590
C -2.00914 17.77770 12.98840
H -4.94658 20.27320 11.43920
C 0.11770 20.15650 12.93490
C 7.84236 16.08700 12.74050
C 1.32972 17.30640 12.81960
C 2.34445 14.24580 12.73550
C 4.53172 16.64750 12.83210
C 3.44830 19.66280 12.85940
C 6.72080 19.09720 12.73520
C -13.13760 22.63310 13.33180
C -16.28310 23.31270 13.33630
C -17.52940 26.36590 13.46810
C -14.15990 25.69370 13.49180
C -18.36140 20.94980 13.23280
H -12.60770 24.56900 11.93420
H -15.94430 25.25090 11.86460
H -19.24860 25.88180 11.68440
H -18.09190 22.85260 11.66530
H -14.85210 22.21270 11.67580
C -6.43704 21.37630 13.18660
C -10.81930 24.95600 13.57750
C -7.58190 24.39070 13.52060
C -9.82951 21.96780 13.31810
H -11.63240 21.59120 11.63310
H -8.33113 20.97140 11.63480
H -7.18628 26.33440 12.05120
H -10.40590 26.93630 12.09820
H -6.12034 23.37680 11.75350
H -9.40090 23.91470 11.85480
C -5.21757 26.84200 13.49610
C -3.20976 20.76400 13.16240
C -0.94385 23.17430 13.16210
C -4.21672 23.67350 13.30400
C -1.98274 26.22440 13.37410
H -3.87425 25.65170 11.78990
H -0.63005 25.09490 11.57980
H -2.78259 22.62020 11.53390
C 7.81257 24.47670 12.78970
C 1.28979 25.59350 13.07100
C 5.71825 21.98580 12.84230
C 4.56210 24.98680 12.91140
C 2.32487 22.67000 12.91080
H 4.84704 26.88850 11.40930
C -18.54900 29.37250 13.60080
C -12.98660 30.98460 13.64220
C -16.26230 31.94060 13.61540
C -15.27510 28.58550 13.55340
H -12.61190 32.90150 12.02080
H -14.86760 30.57180 12.07750
H -15.93330 33.64230 11.84630
H -13.74040 27.54520 11.86250
H -17.05010 28.22000 11.93660
H -18.02840 31.21730 12.02700
C -8.64019 27.48120 13.75720
C -7.48482 32.86700 13.67130
C -10.86670 33.57010 13.68910
C -9.71616 30.53850 13.80770
C -12.02570 28.10200 13.58960
C -6.25374 29.85740 13.70630
H -11.44250 29.96320 12.02490
H -6.01587 31.71240 12.13040
H -8.22494 29.39000 12.21960
H -9.36010 32.33290 12.10780
C -4.05315 32.31370 13.50820
C 0.30923 28.59620 13.28690
C -0.90410 31.65250 13.39400
C -3.05294 29.23410 13.48630
H -4.91815 28.71830 11.88330
H -2.73509 31.07280 11.88200
H 0.52535 30.45440 11.73000
H -1.65584 28.10520 11.81180
H -0.60456 33.44590 11.68330
H 3.78726 29.85250 11.57670
H 2.63120 32.80130 11.51770
H 7.05414 29.26200 11.46920
C 6.67592 27.37620 12.99140
C 7.72660 33.03650 13.07120
C 5.65820 30.37750 13.12220
C 2.36285 31.02830 13.26570
C 4.49616 33.39340 13.05120
C 3.44668 27.98960 13.11570
H 5.98773 32.25340 11.52690
H 1.61772 27.46150 11.51030
C -17.35640 34.78070 10.50160
C -15.31030 37.13640 10.42430
C -16.35850 40.10590 10.31110
C -12.97650 39.47540 10.40100
C -18.43100 37.76600 10.51620
C -14.01620 34.13860 10.35580
C -11.86990 36.56380 10.37210
C -8.66404 35.89120 10.33000
C -9.77538 38.87000 10.31040
C -6.57465 38.26490 10.27730
C -5.35049 35.35740 10.21450
C -2.12404 34.61280 10.07100
C -3.29613 37.66360 10.11210
C 0.02830 36.83310 9.98963
C -1.14247 39.89810 9.90394
C 1.09925 33.99600 9.97406
C 3.22214 36.39430 9.79509
C 2.18755 39.41540 9.79150
C 6.56839 35.89120 9.77795
C 5.52615 38.86130 9.71721
C -17.44830 43.11390 10.33920
C -14.07160 42.43090 10.25610
C -15.10150 45.51870 10.19380
C -18.50550 46.29600 10.32680
C -11.87230 44.82490 10.01780
C -10.78360 41.85520 10.19480
C -7.55867 41.20790 10.17360
C -8.61001 44.26520 9.95549
C -6.40847 46.69570 9.87231
C -4.36273 40.53310 10.07250
C -5.38928 43.61610 9.94074
C -2.13509 43.01580 9.82501
C -3.30132 46.04480 9.82463
C -0.00336 45.42540 9.75308
C 1.31902 42.38340 9.75783
C 4.30957 41.79310 9.71360
C 7.84061 41.30070 9.73197
C 6.65196 44.17140 9.76465
C 3.26960 44.88430 9.72171
C -16.29210 48.48690 10.34410
C -13.05840 47.92070 10.07760
C -17.51260 51.51870 10.37590
C -14.22320 51.01970 10.16160
C -15.29340 53.98360 10.15000
H -17.01570 53.37780 11.90360
H -19.13830 50.95070 12.16510
C -9.78683 47.29080 9.88240
C -12.12950 53.31570 10.00820
C -7.60767 49.61960 9.89483
C -10.87710 50.30380 9.93432
C -8.72416 52.71240 9.89430
C -5.32765 52.09400 9.94336
C -4.20354 49.14330 9.79222
C -0.96530 48.38960 9.80745
C -2.18734 51.47750 9.86648
C -0.00639 53.84070 9.86711
C 5.54792 47.15160 9.69474
C 1.16960 50.93450 9.68823
C 6.66279 52.75780 9.79719
C 3.31628 53.34480 9.87441
C 2.21799 47.79460 9.66014
C 4.41358 50.28010 9.65564
C 7.73668 49.62960 9.68769
H -19.04460 59.43790 11.64220
C -14.15120 59.18520 9.97008
C -17.28780 59.95790 10.03260
C -13.00870 56.25610 10.02280
C -16.33970 56.95940 10.10760
C -18.50450 54.45570 10.23540
H -15.85910 58.77430 11.65910
H -14.82490 55.80760 11.67540
H -12.59650 58.12390 11.52020
H -18.05120 56.36300 11.81190
C -6.40183 54.99400 9.95153
C -7.56727 58.01880 9.86533
C -10.88630 58.72560 9.85269
C -9.80254 55.64460 9.89078
H -11.51710 55.11080 11.62640
H -9.39930 57.46900 11.39690
H -7.12713 59.87430 11.49860
H -6.10766 56.85790 11.52930
H -10.46580 60.54830 11.50300
C -5.31952 60.38080 9.83604
C -2.01408 59.88190 10.06740
C -1.05068 56.83550 9.96718
C -4.30059 57.39990 9.98586
C -3.22899 54.52580 9.94295
H -0.64948 58.53560 11.70460
H -3.93849 59.27140 11.60750
C 7.65965 58.04540 9.99091
C 4.30204 58.65410 10.02100
C 5.45896 55.69050 9.94234
C 2.35063 56.38060 10.07170
C 1.17106 59.07590 10.08870
H 2.64411 58.09260 11.80120
H -12.56990 66.53830 11.51550
H -15.84800 67.10590 11.68450
C -15.14040 62.29170 10.01680
C -13.02690 64.72910 9.87879
C -16.25710 65.25290 10.03260
C -18.40940 62.93600 9.99686
H -18.03910 64.75620 11.66490
H -14.75730 64.12170 11.63260
H -16.97360 61.75590 11.63030
H -13.74610 61.09470 11.53320
H -8.29825 62.89180 11.42000
C -11.99230 61.60520 9.89113
C -10.83670 67.10060 9.83722
C -8.62143 61.02600 9.86971
H -6.14078 65.27810 11.32500
C -9.77690 64.03990 9.83337
C -6.51013 63.42160 9.76045
C -7.65719 66.51190 9.73124
H -9.36172 65.87860 11.48150
H -11.56860 63.50330 11.43380
H 0.45119 64.01950 11.55170
H -0.60496 67.10480 11.45220
C 0.12570 62.20550 9.88232
C -0.96885 65.16220 9.93110
C -3.22709 62.95150 9.89012
C -4.25996 65.77510 9.90162
H -5.02124 62.31560 11.41470
H -2.77450 64.72610 11.58050
H -1.73308 61.58100 11.36960
C 5.46536 63.91030 10.01630
C 2.26558 64.62630 10.03000
C 6.53920 61.02730 10.03440
C 3.21695 61.55580 10.06490
C 4.36858 66.89860 9.90751
H 2.58625 66.47210 11.57920
C 7.76825 66.30720 10.04550
H 1.41241 60.99650 11.63110
H 3.67971 63.40590 11.69080
H 5.88097 65.79390 11.52330
C -17.24680 34.64790 13.72100
C -15.07950 37.24390 13.62710
C -16.20080 40.16850 13.57810
C -12.99540 39.54390 13.51460
C -18.44410 37.89940 13.71100
C -14.15210 34.17230 13.52210
H -13.73220 36.00220 11.94890
H -16.98400 36.61210 12.20080
H -18.05650 39.65280 12.02630
H -14.83580 39.00940 11.89460
H -19.16480 34.24810 12.22840
C -11.87700 36.48630 13.58500
C -8.66833 35.89740 13.51570
C -9.72084 39.01160 13.60070
C -6.45901 38.38760 13.44360
H -11.48050 38.33320 12.03460
H -7.09522 34.75820 11.95990
H -6.05607 40.15760 11.81000
H -8.31520 37.74880 11.95260
H -10.49950 35.33100 11.93490
C -5.19441 35.32100 13.51220
C -1.97764 34.68970 13.33790
C -3.09989 37.71330 13.42070
C 0.14662 37.01750 13.19130
C -0.86894 40.11740 13.12320
H -5.00223 37.19830 11.85720
H 0.48866 38.80740 11.48650
H -1.77570 36.51510 11.67950
H -2.78675 39.48900 11.72950
H -3.84390 34.10550 11.80020
C 1.24551 33.99260 13.19810
C 3.47778 36.47050 13.08870
C 2.35652 39.48380 13.02750
C 6.65085 35.77390 12.98980
C 5.49481 38.91710 12.98080
H 3.73405 38.26960 11.32920
H 6.99484 37.69450 11.40910
H 4.76252 35.29460 11.42140
H 1.60608 35.81300 11.56440
C -18.30440 46.06090 13.60780
C -17.30990 43.20320 13.52170
C -13.98170 42.63230 13.51530
C -15.04310 45.54790 13.37080
H -13.57560 44.32640 11.77260
H -12.53020 41.39190 11.91160
H -19.22840 42.61290 12.06330
H -15.84620 41.99090 11.93730
H -16.95950 45.00150 11.77760
C -11.74300 44.93390 13.32930
C -10.72490 42.08150 13.43480
C -7.45277 41.44840 13.34250
C -8.54277 44.43650 13.26150
C -6.43230 46.75270 13.13280
H -9.30484 40.74580 11.87410
H -8.24133 46.16590 11.50710
H -7.10527 43.17020 11.61560
H -10.38960 43.75880 11.65020
H -11.51310 46.74960 11.61110
C -5.23967 43.67640 13.22740
C -4.19848 40.73140 13.37480
C -1.95487 43.01300 13.01910
C -3.16398 46.15730 13.08170
C 0.10618 45.42450 13.01860
H -0.51151 41.85430 11.31600
H -3.89601 42.44880 11.57460
H -1.73407 44.86450 11.45510
H -4.99040 45.51140 11.53420
C 1.24794 42.49900 13.00930
C 4.51700 41.88170 12.97240
C 3.35374 44.90560 12.96210
C 6.59973 44.27650 12.93790
H 6.97141 46.08870 11.34420
H 5.92375 40.70810 11.27020
H 2.66696 41.26900 11.44220
H 4.77303 43.69930 11.30300
H 1.54094 44.29600 11.37810
H 3.72126 46.71330 11.30930
C 7.66232 41.33140 12.94840
C -16.03920 48.52850 13.56430
C -12.85050 48.00500 13.28820
C -17.28570 51.56250 13.60370
C -13.90630 50.96590 13.39710
H -14.72700 47.32310 11.85070
C -15.09740 54.03080 13.40640
H -17.98710 47.97420 12.09770
H -15.87670 50.37680 11.89610
H -12.62960 49.77300 11.63770
H -13.76900 52.81700 11.78880
C -9.71261 47.33650 13.15270
C -11.81520 53.33020 13.27800
C -7.51834 49.74660 13.04480
C -10.79690 50.34380 13.16670
C -8.66674 52.69040 13.12050
H -7.24515 51.53030 11.46790
H -9.39148 49.13500 11.47650
H -10.53360 52.17140 11.51000
H -5.97354 48.52650 11.48140
C -5.38302 52.04440 13.11870
C -4.21562 49.02860 13.11930
C -0.89013 48.39780 12.91850
C -2.05960 51.30810 13.03180
H 0.54916 47.23820 11.40090
H -1.74709 53.25400 11.48570
H -3.93474 50.89730 11.47310
H -4.92074 53.88270 11.58730
H -0.57483 50.30620 11.33880
H -2.81374 47.90270 11.39920
C 0.00871 53.82300 13.07760
C 1.19413 50.72630 12.93650
C 5.50340 47.27550 12.95080
C 7.60485 49.55690 12.92830
C 4.34354 50.18730 12.89690
C 2.35282 47.87000 12.92740
C 3.33281 53.12460 13.11970
C 6.67664 52.59610 12.99250
H 5.88278 49.06900 11.27550
H 1.52497 52.68200 11.44560
H 2.61010 49.67600 11.20980
H 4.80691 52.08620 11.37960
C -18.43120 54.66960 13.50730
C -14.01410 59.27630 13.18080
C -17.24870 59.93910 13.27900
C -12.95570 56.32860 13.21550
C -16.25370 57.08280 13.32650
C -9.64718 55.70800 13.14600
C -10.76270 58.70700 13.07410
C -7.65515 58.08260 13.08950
C -6.47831 54.98260 13.15240
H -8.27293 54.52660 11.52040
C -5.38191 60.57970 13.15290
C -3.13989 54.34960 13.22870
C -4.38337 57.41490 13.19640
C -0.92465 56.70860 13.25290
C -2.18915 59.86210 13.15880
H 0.51175 55.63970 11.49290
H -2.81599 56.22890 11.66190
C 1.11707 59.20460 13.33720
C 5.57627 55.61660 13.18580
C 2.14309 56.22500 13.23660
C 4.53139 58.59400 13.31200
C 7.72887 57.91170 13.12740
H 3.72402 55.06670 11.64780
H 7.00401 54.49770 11.48840
H 5.84217 57.45380 11.54370
H 4.74310 60.42060 11.61780
C -12.93390 64.64810 13.17450
C -15.14470 62.26640 13.21570
C -18.43710 62.90250 13.20110
C -16.23340 65.26550 13.30940
C -9.76026 64.05390 13.06300
C -8.67226 61.13150 13.10530
C -11.98160 61.68150 13.13380
C -6.45301 63.52810 13.03350
C -10.76080 67.07690 13.12590
C -7.51023 66.44270 12.99540
C -4.41621 65.88430 13.03410
C -3.17920 62.87110 12.97540
C -0.91966 65.32690 13.11260
C -0.12575 62.23130 13.13010
C 7.59176 66.39810 13.18630
C 2.17457 64.64100 13.20370
C 4.39737 67.00440 13.12360
C 5.52501 64.07790 13.24470
C 6.60101 60.97690 13.23580
H 6.95566 62.83970 11.67630
C 3.21586 61.56520 13.21960
C -17.30980 68.25890 9.99197
C -15.09910 70.78330 9.99614
C -16.25080 73.61330 9.95003
C -12.98610 73.07780 10.04490
C -18.40020 71.22520 9.93725
C -14.14910 67.72700 9.96697
H -14.73630 72.55480 11.66130
H -18.03890 73.11960 11.52940
H -13.61500 69.52430 11.54140
H -16.86900 70.12800 11.52020
H -19.06430 67.72720 11.59990
C -11.82200 70.07150 9.84427
C -8.68047 69.47600 9.83196
C -9.75278 72.38410 9.81502
C -6.44279 71.77010 9.80049
H -6.08579 73.69330 11.32500
H -7.10041 68.24780 11.31370
H -11.45120 71.84550 11.54570
H -8.24288 71.27370 11.52000
H -10.38800 68.87270 11.46090
C -5.26384 68.78040 9.75645
C -2.05078 68.16210 9.76898
C -3.08896 71.19680 9.73238
C 0.17435 70.58000 9.82250
C -0.96889 73.71620 9.75750
H -2.77738 73.07490 11.33500
H -3.85886 67.68530 11.40760
H -4.89833 70.66420 11.40040
H -1.66903 70.01620 11.35230
H 0.43411 72.46600 11.42410
C 1.27734 67.64130 9.92999
C 3.39428 69.82140 9.85549
C 2.24945 72.93960 9.77973
C 6.63913 69.19450 9.92296
C 5.53720 72.21330 9.72311
H 1.57464 69.46950 11.56690
H 3.72509 71.78710 11.38380
H 4.78018 68.75460 11.46200
C -18.39550 79.71920 9.79360
C -17.30650 76.64320 9.78452
C -15.10870 79.04980 9.72455
C -13.98760 76.06460 9.90010
H -12.54410 74.96820 11.56130
H -15.81740 75.53030 11.45120
H -13.67970 77.91680 11.42180
H -16.89580 78.50540 11.35590
H -19.03260 76.07340 11.44900
C -11.90940 78.36920 9.76626
C -10.88880 75.40970 9.79398
C -7.53959 74.76130 9.66811
C -8.66466 77.84350 9.73216
C -6.40711 80.25030 9.74489
H -9.35031 74.25950 11.31370
H -7.18231 76.64870 11.26170
H -10.42110 77.21530 11.32170
H -11.48210 80.19550 11.35690
H -8.20122 79.61040 11.38320
C -5.34909 77.21950 9.61487
C -4.25570 74.25850 9.74729
C -2.06471 76.71030 9.77411
C -3.18565 79.77450 9.75460
C 0.10762 79.10280 9.78554
H -4.98731 79.03570 11.28790
H -3.92383 76.08240 11.29530
H -1.71061 78.54010 11.36720
H -0.60559 75.49550 11.40670
C 1.16842 76.08350 9.72093
C 4.34808 75.41160 9.77535
C 7.70899 74.84000 9.75781
C 6.58360 77.79760 9.82389
C 3.37776 78.38570 9.80817
H 2.60099 74.79480 11.40240
H 1.54001 77.85030 11.39470
H -19.03850 84.51920 11.32330
C -16.20540 82.04450 9.67839
C -12.89750 81.35040 9.77479
C -17.27320 85.15620 9.76001
C -13.82580 84.48590 9.79268
C -15.01410 87.39790 9.87519
H -14.75860 80.88720 11.30470
H -17.90920 81.55180 11.40850
H -13.54640 86.26720 11.48210
H -16.85350 86.86400 11.51590
H -12.48870 83.22580 11.41600
H -15.75080 83.90140 11.28230
C -9.65536 80.78690 9.80372
C -11.76440 86.90260 9.89775
C -10.67560 83.85130 9.84809
C -7.50548 83.37350 9.87182
C -8.53365 86.20280 9.93876
H -6.08484 82.08590 11.43400
H -10.34490 85.66420 11.52130
H -7.11522 85.09030 11.60630
H -9.28623 82.57480 11.43580
C -5.40979 85.74280 9.93648
C -4.28656 82.75010 9.85187
C -0.92176 82.08440 9.93803
C -2.05867 85.01970 10.02880
H -1.75040 86.86490 11.64190
H -2.78662 81.50900 11.40150
H -4.94550 87.47650 11.61050
C 0.09537 87.42960 10.09910
H 0.47055 80.81360 11.54380
H -0.59606 83.86130 11.64660
H -3.94321 84.46080 11.51240
C 1.14835 84.47620 10.00220
C 5.48323 80.85160 9.85459
C 7.64720 83.23750 9.87199
C 4.42151 83.89960 9.97832
C 2.22827 81.52120 9.89392
C 3.46848 86.75790 10.09640
C 6.55772 86.18490 10.10040
H 4.82870 85.60040 11.79570
H 1.61685 86.21310 11.66520
H 2.63713 83.28160 11.58510
H -19.07740 92.91430 11.46630
C -18.32880 88.03880 9.86432
C -13.90630 92.85820 9.82459
C -17.28340 93.49570 9.82075
C -12.81340 89.84530 9.94658
C -16.14720 90.42990 9.84185
H -12.44780 91.72520 11.51060
H -15.73670 92.34830 11.38120
H -14.66030 89.27580 11.49960
H -17.93330 89.87970 11.47770
C -9.69469 89.17350 9.89963
C -6.47974 88.59800 10.00970
C -10.59520 92.31440 9.92219
C -7.31591 91.59070 9.90744
H -6.00308 90.44100 11.62140
H -8.27474 88.06620 11.48020
H -10.35590 94.11660 11.62220
H -7.06031 93.45180 11.47470
H -9.24388 91.04080 11.43390
H -11.38830 88.63180 11.59960
C -1.98078 93.33610 10.08070
C -0.85324 90.38870 10.18340
C -3.16176 88.05730 10.03690
C -5.20277 93.95840 9.90695
C -4.12303 90.89730 10.03220
H -0.56616 92.24670 11.87100
H -2.69488 89.83200 11.72900
H 0.51233 89.19270 11.79400
H -3.78175 92.77890 11.58260
C 1.09331 92.72770 10.11830
C 7.62284 91.55870 9.97794
C 2.23298 89.76520 10.15840
C 5.47054 89.06590 10.05970
C 4.41088 92.11990 9.97631
H 2.63750 91.68050 11.69230
H 3.74208 88.61530 11.72440
H 6.97805 88.04690 11.72660
H 5.89252 90.98840 11.63240
H 4.81099 94.10920 11.44490
C -18.41360 96.50330 9.92359
C -12.98100 98.20330 9.78125
C -15.11880 95.81840 9.88527
C -16.21260 98.88250 9.92570
H -17.99010 98.31790 11.54110
H -15.76730 100.69500 11.56940
H -12.57980 100.04500 11.42700
H -14.70820 97.67180 11.45240
H -16.90420 95.30350 11.49450
H -13.55680 94.71500 11.42060
C -11.75360 95.19570 9.87415
C -8.67118 94.46410 9.85920
C -7.63857 99.91660 9.65696
C -10.85540 100.61600 9.76461
C -6.33604 96.88700 9.75689
C -9.78370 97.58060 9.83288
H -8.23480 96.43200 11.36050
H -11.59840 97.07110 11.46310
H -9.34768 99.45890 11.36750
H -6.02029 98.86160 11.24500
C 0.10291 95.75070 9.93213
C -3.11114 96.44850 9.90373
C -4.16054 99.39790 9.69670
C -0.98397 98.71240 9.71294
H 0.45639 97.64230 11.43860
H -2.71590 98.32840 11.44260
H -0.52907 100.58300 11.23220
H -1.72320 95.27270 11.59460
H -4.93156 95.88910 11.53060
C 4.45837 100.58000 9.45216
C 5.45322 97.44290 9.62293
C 6.63265 94.53590 9.84004
C 2.25312 98.12650 9.74924
C 7.77773 99.85290 9.46380
C 3.22681 95.17760 9.82997
H 3.75390 97.08650 11.36850
H 5.93826 99.43720 11.06980
H 6.97694 96.47380 11.35500
H 1.59460 94.66730 11.60630
H 2.68835 100.14900 11.09250
C -17.35760 68.35640 13.21570
C -15.15190 70.63940 13.17240
C -16.26980 73.73990 13.13690
C -12.87700 73.11150 13.13730
C -18.35030 71.37880 13.11010
C -13.95520 67.70700 13.21400
C -11.77500 70.07320 13.17230
C -8.51244 69.38840 13.06920
C -9.67287 72.58350 13.08370
C -6.33055 71.87010 13.01480
C -5.37961 68.81730 13.02330
C -2.14044 68.23130 13.01530
C -3.03610 71.25220 12.97560
C 0.04736 70.66560 13.08520
C -1.07638 73.65840 13.03250
C 1.10963 67.66210 13.13820
C 3.45599 69.97810 13.10390
C 2.29970 72.98720 13.07100
C 6.55957 69.34420 13.09450
C 5.52755 72.38520 12.95530
H 7.02195 71.13400 11.45720
C -18.36690 79.72860 12.95140
C -17.33030 76.73290 13.03170
C -15.07700 79.12150 13.00860
C -14.09320 76.11200 13.05940
C -11.84440 78.35430 12.95360
C -10.67940 75.50310 13.02000
C -7.53819 74.84310 12.90850
C -8.61742 77.77980 12.94720
C -6.44737 80.19400 12.96430
C -5.45958 77.22410 12.92200
C -4.25374 74.29190 12.93600
C -2.16887 76.67790 12.95080
C 0.07690 78.91450 13.05210
C -3.23039 79.62650 12.95470
C 1.19153 76.00090 13.05450
C 4.57284 75.41660 12.88300
C 7.60692 74.69310 12.92220
C 3.31337 78.42360 13.03810
C 6.60120 77.77700 13.06120
H 3.66040 80.24230 11.38810
H 4.77874 77.21220 11.44360
H 5.89993 74.12220 11.19220
H 6.92933 79.62580 11.47160
C -16.10820 82.12130 12.97170
C -12.91170 81.32210 12.95410
C -17.26640 84.91480 12.96910
C -14.02680 84.39360 12.98830
C -15.00860 87.42810 13.13610
C -9.75310 80.67800 12.98260
C -11.84740 86.76450 13.17270
C -7.58906 83.16120 13.10390
C -10.70610 83.78560 13.07030
C -8.53841 86.28790 13.15680
C -5.30002 85.62370 13.21500
C -1.01172 81.90610 13.14000
C -4.28401 82.61630 13.07980
C -2.20029 85.01200 13.18590
C 0.09607 87.30860 13.31240
C 5.39529 80.70330 13.04810
C 1.13630 84.34820 13.27950
C 2.29003 81.34350 13.08550
C 4.44195 83.71190 13.24630
C 7.65955 83.10070 13.13730
C 3.36866 86.76060 13.34810
C 6.65146 86.15240 13.31080
H 5.85297 82.62660 11.45690
C -18.31200 88.07170 13.13880
C -13.96140 92.90920 13.05120
C -17.26330 93.42480 13.07650
C -12.90490 89.83380 13.15380
C -16.12030 90.55930 13.05080
C -6.53960 88.60760 13.11950
C -10.64200 92.19630 13.14250
C -9.61057 89.27430 13.12310
C -7.53851 91.62420 13.13600
C -5.31576 94.03780 13.13320
C -3.18800 88.07140 13.30560
C -4.24450 90.98280 13.25720
C -0.91003 90.46730 13.37160
C -2.15717 93.47590 13.28820
C 7.74664 91.52140 13.22280
C 1.25304 92.92270 13.33530
C 5.51593 89.19770 13.35830
C 4.48190 92.36620 13.16750
C 2.32006 89.91210 13.30360
C -18.35140 96.49560 13.16420
C -16.15960 98.78710 13.13950
C -15.02470 95.82110 13.04760
C -12.94170 98.30340 13.14440
C -9.73696 97.66980 13.00670
C -6.49340 97.14880 13.00300
C -8.52072 94.73070 13.10110
C -10.76360 100.73400 12.96000
C -7.47124 100.05900 12.88910
C -11.84080 95.27410 13.14100
C 0.15556 95.85370 13.15310
C -3.26633 96.55380 13.12430
C -0.95547 98.94400 13.01330
C -4.31478 99.47480 12.96130
C 6.65382 94.71050 13.06410
C 2.26652 98.40270 12.88070
C 4.46645 100.71200 12.69330
C 5.58467 97.81960 12.92310
C 3.43574 95.38090 13.10870
C 7.58865 100.15000 12.74330
C -17.25390 101.83300 9.94892
C -15.21940 104.15800 9.80972
C -16.15980 107.24100 9.67781
C -13.04480 106.56100 9.62546
C -18.43190 104.63300 9.87985
C -14.07970 101.21200 9.84486
H -17.98800 106.64900 11.29230
H -16.92720 103.69100 11.58630
H -14.75310 106.00800 11.35630
H -13.59780 103.09100 11.35880
H -19.03130 101.33400 11.58970
C -11.83150 103.57100 9.63312
C -8.58441 102.95600 9.53275
C -9.69681 105.99100 9.52729
C -6.36760 105.44000 9.49344
H -5.95767 107.26400 11.07920
H -11.44960 105.47500 11.17270
H -8.19940 104.82300 11.10560
H -7.17863 101.81600 11.21870
H -10.30940 102.47500 11.24360
C -5.38278 102.34300 9.64583
C -2.11524 101.60700 9.69425
C -3.13614 104.76800 9.49667
C -0.03546 104.18100 9.47810
C -0.98104 107.28900 9.36169
H -3.94823 101.23700 11.33700
H -4.94942 104.27400 11.17820
H -2.72483 106.68600 10.97830
H 0.44411 106.02400 10.98310
H -1.74094 103.56600 11.15680
C 1.13554 101.20400 9.50926
C 3.29709 103.60300 9.44278
C 2.29378 106.61200 9.45910
C 6.62964 102.91800 9.28624
C 5.47383 106.02000 9.22162
H 7.02062 104.84700 10.77800
H 1.54383 103.06900 11.08710
H 4.89022 102.49000 10.99620
H 3.83892 105.42800 11.03780
C -17.45440 110.27500 9.76065
C -13.96480 109.67200 9.59651
C -15.20710 112.61300 9.68426
C -18.30640 113.26200 9.84754
H -12.49310 108.47200 11.17430
H -13.63410 111.50000 11.27850
H -16.83470 112.06000 11.45090
H -15.78700 109.05500 11.21660
H -19.07140 109.73100 11.43660
C -11.81030 111.99800 9.62420
C -10.76170 108.98000 9.46201
C -7.43516 108.43200 9.49381
C -8.55832 111.37600 9.48766
C -6.47272 113.68200 9.44935
H -11.36280 113.82200 11.24490
H -8.16878 113.20000 11.14870
H -7.04837 110.25200 11.12580
H -10.30170 110.79000 11.11710
H -9.22405 107.84600 11.10060
C -4.28073 107.79200 9.40256
C -5.34129 110.68200 9.38340
C -1.91273 110.09100 9.38281
C -3.02335 113.14400 9.32613
C 0.17036 112.57200 9.31390
H -1.58999 112.00800 10.91860
H -4.83987 112.56000 10.93510
H -0.50191 109.01000 11.04140
H -3.78097 109.65100 10.91890
C 1.19685 109.59700 9.42925
C 4.32714 108.96300 9.33701
C 7.67893 108.33000 9.13449
C 6.52663 111.27700 9.16363
C 3.25691 111.88300 9.23823
H 6.93904 113.14900 10.73010
H 3.69677 113.81600 10.72480
H 4.75268 110.82900 10.87300
H 1.57311 111.49100 10.99140
H 2.63029 108.46500 11.07870
H 5.92190 107.84400 10.81290
C 5.43127 114.34400 9.12290
H -14.69320 114.48500 11.29960
C -16.26450 115.60900 9.75368
C -12.91590 114.92100 9.60135
C -17.26010 118.61200 9.71053
C -14.04360 117.99600 9.54472
H -12.47950 116.80600 11.02170
H -13.63070 119.85800 11.09930
H -16.85280 120.52100 11.21630
H -15.70750 117.49200 11.28780
H -17.96090 115.11200 11.45680
H -19.05100 118.08800 11.33950
C -15.09730 120.99700 9.50023
C -9.61922 114.35000 9.52720
C -11.86600 120.44300 9.39622
C -7.47526 116.72900 9.45560
C -10.75120 117.29800 9.38979
C -8.50369 119.63400 9.32752
H -6.01718 115.54100 11.07780
H -6.94594 118.63600 10.96980
H -10.35290 119.20200 10.97410
H -9.26671 116.23600 11.12330
H 0.50616 114.49500 10.92590
C -5.24575 119.39900 9.20700
C -4.22077 116.11700 9.40082
C -0.99967 115.59400 9.28651
C -2.05282 118.62600 9.16352
H -1.62031 120.47300 10.73740
H -0.69671 117.46400 10.79640
H -2.76553 115.02200 10.91590
H -3.83290 118.11900 10.84750
H -4.93227 121.08400 10.93360
C 0.09973 121.10400 9.06536
C 1.04146 117.93400 9.12528
C 4.45877 117.30500 9.11567
C 2.22072 115.11000 9.19362
C 3.54674 120.38400 9.07593
C 6.59034 119.69200 8.97195
H 5.93759 116.15900 10.76180
H 4.88064 119.13300 10.70430
H 1.65373 119.87500 10.61050
H 2.61933 116.88900 10.77120
C 7.70540 116.62600 9.08597
C -18.33130 121.73700 9.67104
C -16.24450 123.98200 9.58565
C -12.89820 123.42900 9.46534
C -17.23110 127.07100 9.71288
C -14.03820 126.37000 9.54113
H -18.01600 123.54300 11.22230
H -15.78450 125.79400 11.25000
H -12.51970 125.16400 11.07090
H -14.68910 122.81900 11.11360
H -19.02940 126.47400 11.33110
C -9.61389 122.72100 9.34112
C -10.75560 125.79800 9.42265
C -6.39628 122.30200 9.34269
C -7.46874 125.27200 9.40561
H -7.15134 127.06100 11.05730
H -10.38950 127.58200 11.12660
H -8.13620 121.51100 10.88480
H -6.02118 124.05200 11.03980
H -9.27108 124.54000 10.90880
H -11.40620 122.19900 11.02800
C -5.31037 127.64100 9.48363
C -1.00946 124.08100 9.24152
C -4.29196 124.67600 9.38404
C -3.18782 121.76800 9.27544
C -2.18463 126.95900 9.33195
H -2.73624 123.49600 10.97140
H 0.50341 122.86400 10.76480
H -0.54949 125.89300 10.83570
H -3.90882 126.44500 10.99140
C 1.21133 126.45400 9.17228
C 2.25932 123.41300 9.10892
C 7.65334 125.20900 9.02086
C 4.47688 125.83900 9.09310
C 5.47447 122.89500 8.99125
H 6.97174 121.56700 10.53300
H 4.86009 127.59600 10.78610
H 2.73488 125.22700 10.69410
H 5.93119 124.60800 10.65290
H 3.78041 122.23500 10.65300
C -16.24450 132.55200 9.75145
C -15.10210 129.34800 9.62411
C -18.35830 130.04600 9.74555
C -12.88240 131.78300 9.49879
H -16.86000 128.87600 11.33920
H -13.55880 128.19000 11.18560
H -14.66430 131.23000 11.13180
H -18.01170 131.86200 11.34710
H -12.46760 133.65600 11.03940
H -15.73290 134.25400 11.48280
C -8.71936 128.22000 9.48782
C -9.79367 131.24500 9.57367
C -11.86600 128.83100 9.54526
C -10.62780 134.27300 9.55584
C -7.48765 133.60900 9.60442
C -6.45775 130.59700 9.57401
H -6.00059 132.42400 11.16580
H -8.27934 130.02400 11.18280
H -9.29833 133.03900 11.28610
H -11.50290 130.63200 11.19980
C -3.36873 129.87000 9.40418
C -0.97952 132.30800 9.24369
H -4.97792 129.39900 11.20580
H -2.77063 131.75300 10.85910
C 0.06697 129.40000 9.23477
H 0.49059 131.18500 10.85390
C -4.29150 132.97400 9.40727
H -1.66965 128.80100 10.90130
H -0.62640 134.14100 10.90650
C 4.44579 134.18200 9.30807
H 2.64978 133.58100 10.83040
H 6.99184 129.95300 10.70080
H 1.59947 128.23000 10.79380
C 6.59770 128.09900 9.10938
H 5.95144 132.98800 10.89930
C 5.40003 131.26100 9.26154
H 3.72095 130.64300 10.89430
C 3.37233 128.82100 9.24274
C 7.60189 133.50500 9.17663
C 2.25590 131.72900 9.22259
C -17.23340 101.88400 13.23640
C -15.01890 104.23900 13.07580
C -16.22940 107.28600 12.91510
C -12.89130 106.65700 12.83280
C -18.35670 104.94800 13.13860
C -13.94920 101.31100 13.07290
C -11.71830 103.69700 12.88870
C -8.56919 103.10700 12.84300
C -9.57493 106.03600 12.75290
C -6.46244 105.47100 12.74790
C -5.39739 102.50300 12.87720
C -2.05057 101.80000 12.79830
C -3.12839 104.89700 12.70740
C 0.03343 104.25400 12.66870
C -0.93484 107.22300 12.62280
C 1.22180 101.31700 12.79320
C 3.40821 103.61700 12.65960
C 2.25781 106.56600 12.55940
C 6.64961 103.13800 12.55120
C 5.68569 106.04100 12.53340
C -18.24740 113.21600 13.06670
C -17.15000 110.16100 12.99450
C -13.96770 109.62200 12.85070
C -14.97730 112.65400 12.99530
C -11.72170 111.98700 12.79460
C -10.66930 109.02700 12.80200
C -7.40244 108.42800 12.72550
C -8.60613 111.37400 12.71880
C -6.24653 113.61900 12.68220
C -5.17080 110.79400 12.66200
C -4.22867 107.87300 12.63010
C -1.94235 110.15200 12.53260
C -3.05919 113.19800 12.53820
C 0.06850 112.66100 12.56180
C 7.81784 108.37100 12.38140
C 1.22798 109.69500 12.63670
C 4.34791 108.90300 12.49060
C 3.40989 112.15900 12.44860
C 6.63303 111.36100 12.42770
C -16.03920 115.71600 12.94740
C -12.76930 115.12000 12.76960
C -17.19220 118.71400 12.84830
C -13.84220 117.98700 12.74260
C -14.97030 120.96900 12.77600
C -9.46907 114.45300 12.82300
C -11.72780 120.41500 12.64690
C -7.41292 116.89200 12.67310
C -10.73680 117.43800 12.67000
C -8.52370 119.73900 12.56610
C -5.17509 119.30000 12.59720
C -4.12932 116.27500 12.50990
C -1.03647 115.61600 12.48800
C -2.05727 118.67200 12.45950
C 0.20978 120.96800 12.33740
C 1.16058 118.11400 12.33820
C 5.51400 114.29300 12.36460
C 7.74400 116.73500 12.32800
C 4.48101 117.34000 12.37650
C 2.40525 115.06800 12.42140
C 3.44838 120.35700 12.23460
C 6.68867 119.75100 12.25700
C -13.89030 126.34300 12.78050
C -17.18380 127.00800 12.91110
C -16.15960 123.90400 12.78510
C -12.84360 123.33000 12.69200
C -18.31770 121.72900 12.84340
C -6.44616 122.18000 12.57170
C -7.57470 125.17100 12.59810
C -9.58708 122.68700 12.57870
C -10.59950 125.73500 12.64090
C -5.35630 127.54100 12.67220
C -3.07251 121.56200 12.45890
C -2.05446 126.98700 12.48940
C -0.81502 124.07900 12.50170
C -4.20097 124.66700 12.61970
C 1.34607 126.40000 12.35880
C 2.37804 123.37800 12.33100
C 7.83911 125.10500 12.23450
C 4.57915 125.69400 12.37710
C 5.54665 122.68100 12.22810
C -18.25070 130.12900 12.96620
C -12.89160 131.96500 12.74220
C -16.07160 132.24100 12.87590
C -14.97870 129.41400 12.82730
C -8.59209 128.13400 12.73280
C -6.45387 130.63900 12.77540
C -11.72370 128.85100 12.75530
C -7.42424 133.59900 12.82560
C -10.78460 134.25500 12.78910
C -9.75061 131.16700 12.85140
C -4.08391 132.96200 12.63360
C -3.12411 129.97300 12.57830
C 0.17660 129.35600 12.43250
C -0.95449 132.30300 12.50990
C 6.66987 128.12700 12.35080
C 7.85688 133.47700 12.41730
C 5.60505 131.02100 12.43000
C 3.40555 128.76900 12.38960
C 4.41994 134.09300 12.49680
C 2.24956 131.81600 12.46710
C 9.79864 1.72694 9.18732
C 8.79724 4.71483 9.23485
C 13.15680 1.10775 9.10774
C 11.91660 4.05958 9.13701
C 14.27010 6.67800 9.09827
H 9.19790 6.55445 10.84960
H 12.43130 5.97893 10.64270
H 13.45500 2.96771 10.67640
H 11.37260 0.62497 10.73410
H 10.21600 3.52748 10.83570
H 8.09457 1.09892 10.81430
C 15.20140 3.60599 9.05326
C 18.59570 2.89067 9.08947
C 17.49250 5.95469 9.12775
C 20.81850 5.34213 9.14708
C 16.38590 0.52411 9.05954
H 20.03190 1.72949 10.83600
H 18.95790 4.71506 10.68320
H 16.70680 2.41913 10.64460
H 15.65470 5.37620 10.68840
C 21.79100 2.39320 9.15711
C 23.91070 4.68738 9.11128
C 25.11230 1.92863 9.02215
C 27.21050 4.19366 9.07326
H 27.64390 6.01358 10.74760
H 22.17970 4.18089 10.83880
H 26.59750 0.65026 10.59330
H 23.35190 1.20818 10.68570
H 25.44570 3.65367 10.78530
H 24.37260 6.56886 10.66650
C 28.38480 1.25750 8.96509
C 29.46640 6.55488 9.12591
C 30.59540 3.61194 9.05100
C 33.88990 3.01190 9.15158
C 32.74830 6.04797 9.23788
C 31.70180 0.59598 9.00572
H 31.98840 2.42774 10.63490
H 28.72070 3.04573 10.63020
H 30.92110 5.38630 10.76770
H 34.20140 4.81762 10.84060
C 10.90570 7.24388 9.17308
C 9.98536 10.29100 9.41798
C 8.87627 13.07970 9.49431
C 13.17610 9.62854 9.21612
C 12.10870 12.56600 9.37417
H 11.47250 8.94850 10.86070
H 13.59770 11.36220 10.90110
H 10.41400 12.04220 11.11950
H 8.28118 9.51678 11.06190
H 14.63060 8.41758 10.82390
C 15.30420 12.02820 9.21713
C 19.60200 8.34235 9.12102
C 16.44890 8.98445 9.18837
C 18.67930 11.43240 9.14157
H 16.82990 10.86340 10.72170
H 20.07190 10.16300 10.70040
H 19.01720 13.18900 10.78530
H 17.85190 7.74975 10.80940
H 21.04450 7.15241 10.76580
C 26.17360 7.14547 9.06141
C 21.86640 10.84000 9.12793
C 22.82380 7.63566 9.08332
C 24.00290 13.21770 9.13001
C 25.07060 10.13020 9.09526
C 27.36550 12.61150 9.13452
H 22.25120 12.59030 10.80110
H 23.25090 9.51617 10.67960
H 26.52260 8.98801 10.67180
H 25.51710 11.99700 10.70330
C 28.36720 9.59856 9.12738
C 31.60260 9.03161 9.20816
C 30.56190 11.92710 9.10046
C 33.77010 11.31190 9.22781
H 28.73310 11.43220 10.79880
H 33.05030 7.87343 10.92110
H 29.80240 8.41863 10.71280
H 34.16420 13.18340 10.80080
H 31.99020 10.86030 10.81880
C 10.94680 15.48680 9.37057
C 14.33030 14.99690 9.35121
C 9.80456 18.53840 9.36337
C 13.08960 18.02070 9.29190
H 12.54130 14.33310 10.92820
H 9.23028 14.90680 11.08440
H 11.33890 17.27890 10.89620
H 13.54420 19.77490 11.00590
H 8.12787 17.90610 11.09780
H 10.26160 20.31700 11.02220
H 14.63940 16.80530 10.85490
H 15.84420 13.76830 10.90460
C 20.77060 13.75550 9.15770
C 17.51680 14.26480 9.18015
C 19.72360 16.78290 9.18178
C 16.48690 17.27150 9.26002
C 18.61070 19.82590 9.31611
H 20.07390 18.56080 10.85710
H 21.09770 15.54810 10.79380
H 17.97320 16.08010 10.81900
H 16.80370 19.12440 10.92560
C 15.33070 20.40100 9.39556
C 21.85220 19.13960 9.19806
C 22.85950 16.16090 9.18375
C 26.18230 15.59930 9.15803
C 25.06030 18.58380 9.23274
H 24.36220 15.01050 10.74590
H 26.57080 17.36680 10.82220
H 23.22880 17.96250 10.85090
H 27.62070 14.43110 10.78920
H 25.44990 20.34790 10.75670
H 30.95030 13.76740 10.71020
C 28.33510 18.04700 9.19677
C 29.46640 14.98560 9.18461
C 32.82210 14.49680 9.17767
C 31.69560 17.34110 9.19350
C 33.85460 19.76690 9.16278
H 32.09270 19.16170 10.80300
H 29.86520 16.84320 10.81720
H 28.80040 19.76570 10.96040
H 33.11920 16.23630 10.90060
C 30.58100 20.35010 9.24766
C 12.04180 21.10040 9.48751
C 8.75861 21.55770 9.43304
C 11.09220 23.97000 9.62863
C 14.25580 23.39090 9.54088
C 13.08780 26.31870 9.69459
H 12.56020 22.77100 11.22170
H 11.37190 25.73250 11.36100
C 9.93542 26.92590 9.65894
H 9.28379 23.28910 11.18450
H 8.09933 26.30270 11.21280
H 14.67450 25.14680 11.22040
C 17.45680 22.76480 9.45813
C 20.73210 22.18810 9.31279
C 19.67330 25.19350 9.39824
C 16.43360 25.69530 9.50976
H 17.93290 24.57720 11.13100
H 21.14490 23.96390 10.93760
H 18.96760 21.60180 10.96030
H 15.72670 22.16620 11.14170
H 20.12920 26.97050 10.92820
C 26.15600 24.07280 9.27178
C 22.81950 24.58580 9.24691
C 23.94870 21.62000 9.21736
C 27.35990 20.84630 9.22096
H 26.55490 25.83620 10.94180
H 27.65320 22.74290 10.74290
H 22.23920 20.93340 10.83670
H 23.31580 26.39040 10.94590
H 24.35800 23.42050 10.79550
C 25.11500 27.08090 9.37448
C 28.39940 26.41230 9.33045
C 32.64730 22.83150 9.26349
C 29.46950 23.36380 9.18880
C 31.52420 25.73230 9.28897
H 34.13620 21.57290 10.82100
H 29.77700 25.11550 10.90950
H 30.85720 22.17740 10.84660
H 33.03780 24.62500 10.92500
C 10.88520 32.40840 9.81769
C 12.01640 29.30820 9.72357
C 14.11620 31.70700 9.65253
C 8.83726 29.87920 9.85365
H 13.57420 28.14070 11.27940
H 9.12850 31.79080 11.41950
H 10.25810 28.70150 11.38880
H 12.40470 31.08530 11.32430
C 18.56130 28.22360 9.45519
C 20.79470 30.72030 9.47163
C 19.59420 33.58420 9.66163
C 17.44350 31.13040 9.56189
C 15.22780 28.78640 9.56906
H 16.78740 27.59490 11.09420
H 19.06620 30.01640 11.10340
H 17.82510 32.95470 11.20660
H 21.11060 32.41810 11.29070
H 15.71440 30.59650 11.21830
H 14.45780 33.50660 11.31120
C 22.84010 33.12840 9.63315
C 27.23070 29.46030 9.44426
C 21.87790 27.64170 9.32950
C 26.16850 32.51470 9.54995
C 24.06790 30.11050 9.46815
H 22.21300 29.42740 11.02390
H 25.45680 28.83990 11.07770
H 24.37500 31.91960 11.12000
H 27.59370 31.20700 11.13540
H 28.76960 28.20480 10.95340
C 32.64180 31.15520 9.48406
C 33.81170 28.17280 9.39275
H 31.93030 27.56990 10.88480
C 29.41300 31.75870 9.53926
H 33.09760 32.93220 11.16800
H 34.12500 29.96280 11.08070
H 29.83130 33.50880 11.20370
H 30.90760 30.56800 11.09470
C 30.54110 28.87990 9.32107
C 9.91157 1.69094 12.41570
C 8.84636 4.70031 12.47890
C 13.14040 1.15111 12.36470
C 12.08250 4.16950 12.30850
C 14.21000 6.52076 12.32820
C 16.47740 0.62336 12.34220
C 15.19470 3.54110 12.28240
C 18.49670 2.85124 12.33300
C 17.44950 5.81456 12.34390
C 20.61070 5.34452 12.38940
C 21.93300 2.23013 12.39170
C 23.98130 4.84181 12.38830
C 25.15240 1.72385 12.29980
C 27.32700 4.17077 12.37160
C 28.40190 1.17039 12.23080
C 29.45250 6.59440 12.36040
C 30.56280 3.52481 12.31460
C 33.70860 2.95407 12.32660
C 32.68690 5.97101 12.44670
C 31.52500 0.64187 12.24220
C 10.98180 7.07933 12.41130
C 10.13360 10.06290 12.60890
C 8.89502 13.04960 12.71940
C 13.20910 9.56964 12.50820
C 12.31580 12.52140 12.61470
C 15.40650 11.91590 12.43110
C 19.65740 8.41347 12.37460
C 16.49740 9.11424 12.34490
C 18.60430 11.32710 12.34640
C 26.12390 7.16080 12.31570
C 21.80580 10.69400 12.38210
C 22.80650 7.65625 12.30290
C 24.04340 13.13210 12.38640
C 25.05760 10.10850 12.30140
C 27.21020 12.59600 12.38870
C 28.30520 9.53833 12.34340
C 31.51330 9.08563 12.44220
C 30.51270 12.03230 12.44080
C 33.75480 11.38410 12.46750
C 11.13120 15.43570 12.59820
C 14.32890 14.91900 12.48300
C 9.95671 18.39400 12.63690
C 13.13110 17.85480 12.55410
C 20.83740 13.68660 12.39470
C 17.61510 14.31110 12.50800
C 19.67030 16.67960 12.45800
C 16.49960 17.24030 12.47980
C 18.62650 19.71610 12.52110
C 15.34840 20.22380 12.64280
C 21.83750 19.14160 12.51040
C 22.85470 16.12970 12.39070
C 26.10920 15.50870 12.43620
C 25.02150 18.52600 12.39030
C 28.38210 17.84500 12.50240
C 29.49490 14.95560 12.34490
C 32.75290 14.40540 12.40800
C 31.60960 17.41490 12.47930
C 33.83500 19.76440 12.47420
C 30.63980 20.35730 12.46720
C 12.04010 20.88390 12.67400
C 8.82979 21.42550 12.74840
C 11.06130 23.81530 12.83750
C 14.30030 23.27740 12.85470
C 13.20910 26.31170 12.88600
C 9.81244 26.83390 12.93910
C 16.47140 25.80520 12.78400
C 19.85090 25.12680 12.63040
C 20.79020 22.05130 12.51230
C 17.58210 22.72280 12.66760
C 22.99990 24.45640 12.48630
C 26.20300 23.89790 12.40210
C 24.06730 21.59780 12.40450
C 27.16640 20.93240 12.42900
C 25.07230 26.97560 12.64460
C 28.33580 26.31670 12.54410
C 29.36240 23.19060 12.48600
C 32.59980 22.68790 12.44440
C 31.54260 25.76260 12.54080
C 8.86124 29.92050 13.03230
C 14.23920 31.64450 12.88810
C 12.06140 29.21600 12.94070
C 11.01110 32.30270 12.96330
C 20.79220 30.54630 12.81260
C 18.70370 28.09130 12.63610
C 19.56110 33.59490 12.86840
C 15.35740 28.71090 12.82920
C 17.58930 31.05220 12.81620
C 26.15560 32.29550 12.82820
C 23.94210 30.07400 12.66750
C 22.96110 33.04600 12.81920
C 21.90880 27.52430 12.60480
C 27.27320 29.30990 12.65350
C 30.54310 28.67810 12.60380
C 29.39270 31.64060 12.75290
C 33.64550 28.13050 12.65780
C 32.66850 31.12630 12.75800
C 9.83259 35.30640 9.78506
C 8.77117 38.23470 9.79613
C 13.00570 34.65660 9.67628
C 11.90860 37.72200 9.74794
C 14.20400 40.04060 9.73077
H 13.52220 36.51440 11.17080
H 12.42330 39.54080 11.34770
H 11.29880 34.19090 11.44150
C 15.29380 37.17450 9.60655
C 18.49760 36.49930 9.64102
C 17.36380 39.58980 9.76196
C 20.72370 38.86850 9.66098
C 16.22310 34.02840 9.65156
H 19.98910 35.38650 11.34810
H 15.64180 38.91010 11.38540
H 16.70380 35.87800 11.16400
H 18.89750 38.37320 11.25210
C 21.75810 36.01040 9.73894
C 23.97100 38.17000 9.68318
C 25.03980 35.39410 9.65588
C 27.27650 37.67880 9.71747
H 23.30000 34.90910 11.28330
H 27.69600 39.46460 11.31760
H 25.45410 37.13490 11.30360
H 22.16440 37.83500 11.34730
H 24.41200 40.09190 11.19920
H 26.50970 34.20970 11.28690
C 28.31240 34.69060 9.69017
C 29.57740 40.11520 9.76911
C 30.54440 37.15240 9.72326
C 33.79740 36.53350 9.60982
C 32.60410 39.46500 9.69164
C 31.54940 34.09480 9.61385
H 32.01480 35.96150 11.18810
H 34.25210 38.36710 11.17770
H 30.94460 38.92250 11.44910
H 28.75690 36.48030 11.32180
C 10.95260 40.72250 9.73676
C 9.95670 43.77780 9.74211
C 13.11390 43.12120 9.71918
C 8.81741 46.58810 9.79047
C 12.13230 46.07410 9.74487
C 15.24520 45.46310 9.68757
C 19.57320 41.89670 9.72454
C 16.38240 42.51320 9.69335
C 18.65020 44.89950 9.69267
H 14.61230 41.93500 11.30220
H 17.77400 41.37640 11.40450
H 21.05860 40.75910 11.30960
C 26.29990 40.62800 9.66816
C 21.71060 44.08040 9.68587
C 22.82460 41.20850 9.66712
C 25.16400 43.56430 9.76398
C 24.07220 46.70630 9.74254
C 27.35070 45.96420 9.67675
H 26.63440 42.42330 11.36930
C 28.44010 43.09340 9.81383
C 31.66130 42.39470 9.72723
C 33.69900 44.82490 9.68659
C 30.51730 45.43760 9.68110
H 33.13050 41.28210 11.26970
H 34.08070 46.68900 11.26250
H 29.88660 41.89940 11.45440
H 31.94740 44.27040 11.30280
C 10.95830 49.10640 9.66855
C 14.17210 48.56740 9.69931
C 9.90963 52.06680 9.73530
C 13.15280 51.52810 9.83144
C 20.74720 47.28610 9.65093
C 17.54520 47.81200 9.68264
C 19.79130 50.24040 9.82222
C 16.46740 50.82040 9.70884
C 18.72970 53.20140 9.91815
C 15.34010 53.85970 9.82010
C 21.84620 52.58850 9.91855
C 22.98870 49.70700 9.81934
C 26.19740 49.07030 9.82286
C 25.04070 52.10640 9.91487
C 28.22900 51.54040 9.70200
C 29.47310 48.51180 9.61251
C 32.76730 48.06780 9.65108
C 31.73710 51.03210 9.73402
C 33.89400 53.37380 10.00910
C 30.65750 54.00090 9.86169
H 33.13710 49.78690 11.37270
C 12.13260 54.47320 9.84445
C 8.79002 55.03170 9.88671
C 10.99450 57.44480 9.94473
C 14.17950 56.93640 9.97097
C 13.12100 59.87940 10.14810
C 9.90130 60.50080 10.01090
C 17.45640 56.32500 9.88170
C 20.82470 55.76620 10.03010
C 16.38960 59.32540 10.13410
C 19.78470 58.71700 10.12150
C 22.84500 58.14800 10.08400
C 24.00290 54.98670 9.93215
C 25.04860 60.53350 10.08650
C 27.22120 54.49720 9.94930
C 26.24700 57.50710 9.99911
C 32.84300 56.26690 10.07930
C 28.29040 59.80370 10.10890
C 29.45260 56.83730 10.02350
C 31.54810 59.17280 10.10120
C 8.73702 63.39310 10.10630
C 14.21690 65.14810 10.17180
C 11.99380 62.72970 10.18090
C 10.91610 65.64300 10.23190
C 20.79360 63.99120 10.26130
C 17.40090 64.39000 10.23950
C 18.67110 61.65250 10.21380
C 15.27970 62.22700 10.29450
C 19.66370 67.04040 10.09320
C 21.77130 61.19980 10.19990
C 22.86010 66.35120 10.09700
C 26.13830 65.75050 10.17200
C 23.91010 63.49090 10.17710
C 27.22360 62.77520 10.05810
C 29.44520 65.22300 10.08520
C 32.64130 64.75540 9.97749
C 30.55180 62.26630 10.06420
C 33.62270 61.65200 9.99626
C 9.80216 35.25210 13.03190
C 8.75225 38.31540 13.07800
C 13.13560 34.79210 12.94920
C 12.16450 37.61610 12.91400
C 14.23330 40.11170 12.97050
H 9.19223 40.07170 11.39340
H 8.06144 34.74410 11.31820
H 10.20670 37.10500 11.45460
C 16.27330 34.05790 12.79790
C 15.25420 36.95640 12.84040
C 18.34840 36.54190 12.85310
C 17.46740 39.51700 12.92480
C 20.59880 38.94950 12.90120
C 21.78500 35.97320 12.91340
C 24.06010 38.32350 12.89890
C 25.05770 35.34890 12.91380
C 27.24910 37.60640 12.93290
C 28.34500 34.59990 12.85430
C 29.41170 40.09810 13.01900
C 30.60620 37.02990 12.92440
C 33.76350 36.54720 12.75420
C 32.90320 39.48660 12.87750
C 31.65670 34.08450 12.78590
C 10.94430 40.74760 12.97940
C 9.93980 43.74100 13.03500
C 13.15490 43.07480 12.95390
C 8.76248 46.62130 12.93770
C 12.20740 46.10570 12.99920
H 11.35640 42.54520 11.35630
H 10.36680 45.53310 11.40760
H 13.50680 44.93760 11.42710
H 8.17241 43.11250 11.39950
C 15.43800 45.57830 12.89420
C 19.54130 41.88300 12.95240
C 16.39530 42.66290 12.93880
C 18.53290 44.93040 12.91340
H 19.05400 46.68480 11.27680
H 16.79370 44.36250 11.22980
H 19.99790 43.67470 11.36270
C 26.16230 40.72020 12.89910
C 21.82340 44.18240 12.91220
C 22.95310 41.22850 12.84960
C 25.15950 43.67120 12.88380
C 23.97620 46.50150 12.87250
C 27.27830 46.10430 12.94640
H 22.17710 46.00160 11.21820
H 23.30210 43.03100 11.31470
H 25.54500 45.47870 11.26550
C 28.38200 43.09400 13.04390
C 31.75100 42.43930 12.94670
C 33.69750 44.86620 12.92250
C 30.60560 45.59550 12.92350
H 28.77460 44.91250 11.41660
C 10.94240 49.08710 12.98220
C 14.26080 48.48550 12.89500
C 9.87037 51.98130 13.01750
C 13.16600 51.38480 12.91920
H 12.43350 47.96370 11.34610
H 9.18118 48.48640 11.33770
H 8.10345 51.41840 11.34740
H 13.54350 53.29580 11.42900
H 11.32940 50.87850 11.36260
H 10.30960 53.84470 11.43040
C 20.81680 47.11720 12.92830
H 15.69490 47.33910 11.23960
H 14.67700 50.31720 11.33300
C 17.49120 47.79580 12.83120
C 19.64160 50.12130 13.00440
C 16.46360 50.74010 12.95100
C 18.55470 53.13370 13.11290
H 20.08450 51.99290 11.58490
H 16.81980 52.62140 11.38900
H 21.19970 49.02660 11.40900
H 17.90090 49.65050 11.28190
C 15.34590 53.74090 13.03640
C 21.91030 52.52450 13.16260
C 22.93520 49.67230 13.12440
C 26.26150 48.95580 12.96770
C 25.07790 51.97750 13.18320
H 23.32340 51.42430 11.49770
H 26.58830 50.90820 11.48470
H 24.38760 48.44480 11.42060
H 25.44590 53.86990 11.67050
H 27.68430 47.86020 11.25180
C 28.43290 51.45280 12.97470
C 29.49190 48.54480 12.79130
C 32.66140 47.90160 12.90710
C 31.54990 50.78780 12.95370
C 33.76600 53.11120 13.17610
C 30.50330 53.79070 13.11560
H 30.95290 47.35720 11.17490
H 29.84030 50.37980 11.18920
H 28.80560 53.33190 11.36940
H 32.00660 52.75160 11.49930
C 12.09020 54.30240 13.12940
C 8.86341 54.94610 13.08610
C 10.96240 57.31750 13.20810
C 14.16680 56.69760 13.16610
C 13.05700 59.64690 13.35840
C 9.81531 60.31880 13.32180
H 8.07383 59.85950 11.61490
H 12.40030 56.20880 11.59100
H 9.21891 56.83100 11.50180
H 11.30820 59.21960 11.64830
H 14.57910 58.64140 11.71250
C 16.45360 59.17160 13.30140
C 17.42790 56.23620 13.17560
C 20.73230 55.50470 13.24200
C 19.65200 58.58380 13.34710
H 18.95720 55.12900 11.49700
H 21.18250 57.46480 11.81700
H 20.04440 60.47040 11.82960
H 17.91530 58.09110 11.60220
H 15.67460 55.65690 11.49880
C 25.03520 60.56360 13.32870
C 23.97470 55.06670 13.19430
C 27.36300 54.33190 13.20300
C 22.94890 57.97890 13.22080
C 26.13540 57.33470 13.22440
H 22.20630 54.42100 11.56980
H 26.47900 59.30120 11.75040
H 23.29570 59.97020 11.67410
H 24.38860 56.86530 11.50610
H 27.66580 56.26610 11.63340
C 28.33180 59.89110 13.30780
C 29.49120 56.76330 13.29500
C 32.76440 56.20880 13.33860
C 31.60190 59.28420 13.33480
H 30.97790 55.71150 11.64710
H 29.81900 58.66720 11.74290
H 33.06480 58.06940 11.73050
H 34.23300 55.06230 11.76630
H 12.44820 64.58340 11.80750
H 13.42530 61.61770 11.85750
H 10.19680 62.21680 11.76270
H 9.06365 65.16270 11.80500
C 14.13060 65.27830 13.46090
C 8.69888 63.39380 13.36610
C 10.88950 65.78840 13.34280
C 11.93190 62.73950 13.45110
H 14.57010 67.01020 11.72500
C 15.27850 62.12020 13.44170
H 16.84260 61.07880 11.81140
H 15.62990 64.06500 11.93560
C 17.46420 64.64530 13.46180
C 19.61670 67.00240 13.35460
C 20.82130 64.12730 13.43910
C 18.60250 61.59230 13.47220
H 21.10400 65.88550 11.74530
H 17.88200 66.33490 11.71340
H 18.99740 63.46050 11.90360
H 27.68850 64.60550 11.71640
H 22.26060 62.92600 11.86490
C 26.21150 65.77750 13.32910
C 27.34540 62.72060 13.29480
H 24.29860 65.34160 11.79720
C 22.84870 66.54350 13.37860
C 21.83190 61.04330 13.38270
C 24.05500 63.46070 13.40320
H 25.46130 62.35500 11.70770
C 29.50320 65.15360 13.35210
H 30.91100 64.05390 11.64070
H 33.08570 66.53890 11.65160
H 29.84420 67.03850 11.78190
C 33.69640 61.76190 13.22340
C 30.49210 62.32180 13.26470
C 32.64640 64.69960 13.25040
H 31.92400 61.05650 11.70310
H 28.74900 61.63980 11.61910
H 34.04460 63.53750 11.57580
C 9.90121 68.80450 10.00900
C 8.83300 71.69980 9.85097
C 13.14330 68.06290 10.10720
C 11.96840 71.09030 9.90282
C 14.07580 73.56670 9.81986
C 15.21970 70.52020 9.89343
C 18.54340 69.96390 10.01960
C 17.37560 73.02840 9.87872
C 20.55500 72.50020 10.04380
C 16.39330 67.47220 10.07140
C 21.70790 69.40590 10.04790
C 23.94280 71.81150 10.12140
C 25.08020 68.87760 10.02120
C 27.26340 71.23090 10.06030
C 28.39930 68.16920 10.09700
C 31.58470 67.75610 10.12280
C 29.40270 73.63530 10.12890
C 30.48510 70.73440 10.09750
C 33.71120 70.11380 9.89541
C 32.46250 73.01440 9.98347
H 34.09310 71.87730 11.48070
C 10.93150 74.23120 9.75259
C 9.81263 77.14020 9.86053
C 8.68466 80.18830 9.83354
C 12.95370 76.58830 9.80413
C 11.86720 79.46560 9.77853
C 15.06860 78.95380 9.82577
C 19.63170 75.42920 10.02900
C 16.31890 76.01680 9.80371
C 18.51470 78.44290 9.89124
H 18.78880 80.26650 11.45830
C 25.99460 74.18110 10.19560
C 21.78520 77.78940 10.04040
C 22.82570 74.75470 10.09800
C 23.90510 80.16940 9.95459
C 24.95630 77.13250 10.12110
C 27.14670 79.49460 10.10260
H 25.37430 79.03920 11.61640
H 22.11080 79.64810 11.61500
C 28.19300 76.60180 10.17340
C 31.39430 76.04480 10.01480
C 30.21430 79.00870 10.07050
C 33.70140 78.30170 9.85567
H 34.11510 80.19280 11.39570
H 31.86810 77.85020 11.49280
H 29.69990 75.46520 11.76480
H 33.01820 74.89550 11.49190
H 28.55990 78.39570 11.83110
C 10.87050 82.56620 9.80496
C 14.21000 81.95000 9.77980
C 9.76036 85.62250 9.82283
C 12.99750 84.90080 9.73317
H 8.10414 85.01370 11.61260
H 9.10381 82.00690 11.44110
H 11.28020 84.42580 11.41870
H 13.48610 86.76190 11.25820
H 10.31010 87.46860 11.31400
C 20.65520 80.76440 9.87737
C 17.36420 81.42460 9.81363
C 19.57710 83.67890 9.82487
C 16.27470 84.32160 9.72335
C 18.53890 86.73680 9.69883
C 15.21470 87.36220 9.58163
H 14.49580 83.79300 11.37290
H 20.95480 82.58370 11.57750
H 17.68340 83.29510 11.45700
H 16.64090 86.19640 11.24610
H 19.95910 85.61180 11.28450
C 21.86400 86.29350 9.82230
C 22.81300 83.06780 9.97341
C 26.11970 82.49990 9.98758
C 24.96040 85.52380 9.86456
H 26.47760 84.45010 11.46880
H 27.60830 81.40510 11.66750
H 24.33980 82.00230 11.61150
H 25.32500 87.44180 11.46200
H 23.19890 85.01450 11.46890
H 30.80250 80.87910 11.59020
C 28.15940 84.94920 9.71021
C 29.29570 81.88050 9.88212
C 32.52370 81.27860 9.81744
C 31.39940 84.29170 9.66613
C 33.69070 86.69650 9.50616
H 28.60320 86.83920 11.25500
H 31.89050 86.28040 11.09010
H 32.99000 83.20610 11.22680
H 29.63980 83.82500 11.33510
C 30.30480 87.34870 9.52953
C 8.62508 88.63730 9.95328
C 11.99380 87.99120 9.67293
C 10.80810 90.99300 9.84453
C 14.13870 90.46110 9.68630
C 13.06860 93.49630 9.67483
C 9.78162 93.97360 9.78618
H 8.10994 93.41420 11.55040
H 9.18045 90.40850 11.59510
H 12.42210 89.87610 11.35200
H 11.32620 92.88630 11.36610
C 20.81360 89.20430 9.78035
C 17.45130 89.69480 9.59962
C 19.63370 92.20360 9.64274
C 16.28830 92.82810 9.56853
H 19.94430 94.04250 11.26490
H 17.73950 91.64370 11.15370
H 21.08310 91.08040 11.30390
H 14.55760 92.29910 11.28120
H 15.66760 89.20810 11.21680
H 18.91150 88.65620 11.28450
C 25.99280 90.91290 9.65513
C 23.89990 88.59370 9.87284
C 22.99160 91.56660 9.72660
C 27.05550 87.95050 9.70613
H 27.56430 89.82890 11.31180
C 24.91990 94.04510 9.49478
H 23.30100 93.40960 11.35340
H 26.49880 92.82990 10.94110
H 24.30070 90.45120 11.45090
H 22.11690 88.07120 11.52310
C 28.27290 93.34050 9.21501
C 31.63020 92.63090 9.27448
C 29.20370 90.27580 9.43293
C 32.60540 89.74650 9.41977
H 33.10550 91.59570 11.02250
H 30.84780 89.25300 11.01810
H 29.76220 92.20040 10.85830
H 34.08890 88.60370 11.02050
C 10.89650 99.17340 9.56429
C 8.79040 96.97630 9.72240
C 14.08680 98.71570 9.59108
C 11.99680 96.30870 9.70098
H 12.35850 98.16260 11.30940
H 13.56760 95.26920 11.33980
H 9.14539 98.87650 11.29800
H 10.20690 95.82650 11.34660
H 14.67530 100.71500 11.01690
C 19.64630 100.61800 9.48349
C 17.53540 98.17250 9.54339
C 20.75360 97.68860 9.49257
H 17.92860 100.06400 11.15950
H 21.19040 99.47340 11.09260
C 15.29730 95.73180 9.58780
C 18.59360 95.19350 9.57627
H 16.79910 94.66140 11.22170
H 15.69420 97.65850 11.14540
H 19.00350 97.04650 11.23140
C 27.15470 96.30850 9.16409
C 26.13790 99.36210 9.20466
C 22.93580 100.07000 9.40580
H 25.51710 95.89980 10.99030
H 27.65160 98.22850 10.71820
C 21.81940 94.49360 9.70892
H 24.46090 98.91890 11.01340
C 23.94770 97.07450 9.45077
H 22.21790 96.49820 11.14800
H 29.83420 100.65800 10.74010
C 29.43190 98.76930 9.12815
C 33.82620 95.22770 9.24635
H 32.01250 94.52150 10.80430
H 28.67050 95.20840 10.69380
H 34.14020 97.03360 10.93610
H 33.10170 99.95570 10.80410
H 30.96710 97.64000 10.74410
C 32.82410 98.17680 9.11313
C 30.55110 95.76910 9.18451
C 9.78386 68.79860 13.29270
C 8.74546 71.91880 13.04710
C 13.03580 68.24920 13.25400
C 11.99490 71.27190 13.19680
C 14.03720 73.62910 13.02190
H 8.12481 68.16470 11.60620
H 11.25460 67.60230 11.68490
H 13.45200 70.03940 11.57210
H 10.24000 70.60920 11.61360
H 9.13225 73.60920 11.32990
H 12.25360 72.99320 11.45400
C 15.27390 70.63780 13.18300
C 18.40810 70.13120 13.25010
C 17.26900 73.03060 13.13700
C 20.54770 72.39570 13.23790
C 16.44090 67.64070 13.27450
H 16.68400 69.42520 11.57610
H 18.78530 71.86080 11.58820
H 19.98000 68.85020 11.75560
H 15.57710 72.40950 11.44590
C 21.79970 69.40450 13.30690
C 23.89550 71.73630 13.29070
C 25.04030 68.81230 13.31770
C 27.30130 71.19080 13.33960
H 24.24390 73.61750 11.81710
H 22.08930 71.28790 11.61980
H 23.26500 68.30440 11.61490
H 26.55220 67.68220 11.71900
H 27.58150 73.04930 11.74530
H 25.49700 70.65390 11.70550
C 28.31050 68.27380 13.35760
C 31.69000 67.73990 13.30720
C 29.36880 73.61050 13.40120
C 30.41780 70.63450 13.36690
C 33.87710 70.12140 13.19030
C 32.77690 73.10880 13.18590
H 30.85620 72.51720 11.77400
H 28.73250 70.02870 11.68090
H 31.97030 69.60440 11.67700
C 10.76130 74.20740 13.06870
C 9.75929 77.15800 13.08950
C 8.71921 80.18300 13.07970
C 12.97980 76.57530 13.05590
C 12.03410 79.63050 13.05400
H 8.00374 76.59150 11.43360
H 10.16440 78.99130 11.49510
H 11.22050 75.96570 11.47140
H 13.34640 78.38100 11.41140
C 15.06980 79.01930 12.99230
C 19.42340 75.41670 13.23960
C 16.22790 76.02880 13.08280
C 18.34020 78.46960 13.08380
H 19.89230 77.23120 11.59810
H 21.03540 74.24970 11.73310
H 14.47980 75.44900 11.38850
H 16.62200 77.84450 11.41610
H 17.72090 74.87880 11.53190
C 26.08490 74.14370 13.41350
C 21.60710 77.80670 13.26020
C 22.77650 74.82920 13.42880
C 23.85590 80.17980 13.24410
C 24.90910 77.33830 13.34950
C 27.09270 79.66890 13.33710
H 23.15080 76.60950 11.74050
H 26.43760 76.01590 11.83770
C 28.20220 76.56900 13.46600
C 31.55710 76.03250 13.20280
C 30.50200 79.05090 13.19400
C 33.73930 78.43490 13.06820
C 10.89180 82.50660 12.97160
C 14.07900 81.99190 12.97380
C 9.97392 85.74290 13.07330
C 13.08590 85.02150 12.97080
H 12.35190 81.34370 11.29980
C 20.56210 80.75530 13.18670
C 17.23420 81.40560 13.04560
C 19.49540 83.89540 13.06810
C 16.22420 84.51310 13.03490
C 18.42740 86.78360 12.84130
C 15.22190 87.45540 12.88760
H 15.59690 80.79290 11.41550
C 21.62870 86.21230 13.01810
C 22.87010 83.18000 13.15160
C 26.12540 82.69280 13.19720
C 25.00340 85.60960 13.08640
C 30.46700 87.47570 12.74910
C 28.29540 85.10610 12.98270
C 29.40240 82.17770 13.17100
C 32.74480 81.48930 12.98970
C 31.55430 84.46140 12.78520
C 33.72130 86.83710 12.71940
C 13.14940 93.47100 12.96780
C 14.29000 90.43920 12.87540
C 11.04910 91.06970 13.04050
C 12.15520 87.98230 12.90830
C 8.97068 88.54480 13.14560
C 9.96582 94.10360 13.06770
C 16.36450 92.84840 12.82960
C 17.48920 89.82240 12.81460
C 20.60970 89.31420 13.00090
C 19.48890 92.23680 12.82180
C 22.83930 91.61220 13.01470
C 27.18970 88.06220 12.96260
C 23.92730 88.66790 13.10410
C 26.17430 91.21000 12.79900
C 25.28240 94.12730 12.69340
C 28.27000 93.44860 12.42810
C 29.51200 90.48610 12.68450
C 31.61090 92.73110 12.52550
C 32.66980 89.76420 12.66340
C 12.02850 96.41360 12.93340
C 11.01680 99.63840 12.74300
C 14.25980 98.97300 12.72400
C 8.79386 97.07910 12.95380
C 15.41980 95.85800 12.87940
C 17.49260 98.27390 12.79180
C 20.82800 97.67810 12.78220
C 18.57270 95.27810 12.90490
C 19.76450 100.75600 12.74420
C 27.42810 96.51160 12.44260
C 21.74510 94.66650 12.88380
C 26.31480 99.42530 12.42160
C 23.04710 100.21000 12.55350
C 24.00120 97.03920 12.64360
C 29.45270 98.79020 12.33730
C 32.61060 98.19850 12.53070
C 30.49690 95.77690 12.31670
C 33.72090 95.11770 12.53820
C 9.87461 102.28500 9.23274
C 8.86175 105.38500 9.13917
C 13.21900 101.70500 9.21888
C 12.05970 104.83100 9.06516
C 14.21080 107.09700 9.08798
H 12.41270 106.63800 10.68610
H 13.57360 103.68300 10.63430
H 11.42250 101.19600 10.84030
H 9.25324 107.25000 10.67810
H 10.31730 104.18000 10.78800
H 8.10399 101.82600 10.99420
C 15.45140 104.11300 9.14925
C 18.68900 103.66700 9.34879
C 17.65730 106.57900 9.18894
C 20.74160 106.00700 9.28740
C 16.47110 101.20900 9.36859
H 16.83840 103.06500 10.93030
H 18.98410 105.50400 10.93340
H 15.77300 106.06000 10.72120
H 20.14490 102.49900 11.00340
C 21.85640 103.05600 9.27731
C 24.05640 105.50800 9.34375
C 25.15270 102.48000 9.15058
C 27.31560 104.87700 9.16865
H 25.55720 104.25200 10.83990
H 22.18480 104.88200 10.89040
H 24.47610 107.29500 11.06240
H 27.69230 106.70000 10.76220
H 26.61940 101.26500 10.78410
H 23.41290 101.91800 10.82380
C 28.38330 101.88500 9.14350
C 31.73160 101.24600 9.21781
C 29.49300 107.19200 9.11885
C 30.59270 104.14400 9.22657
C 33.79150 103.59300 9.30946
C 32.76950 106.50000 9.23591
H 32.00450 103.07200 10.84690
H 28.75510 103.68500 10.84120
H 30.95620 106.06000 10.79870
H 34.16730 105.37800 10.96160
C 11.01230 107.79600 9.01702
C 9.87656 110.77600 9.09525
C 13.17290 110.20500 8.98343
C 8.76506 113.65900 9.10012
C 12.19000 113.25300 9.02071
H 10.37160 112.64500 10.69160
H 11.40350 109.62200 10.61910
H 13.58410 112.01400 10.63170
H 8.09379 110.20200 10.75920
H 14.60840 109.04000 10.62140
H 21.07560 107.83300 10.90300
C 15.41730 112.56400 9.10805
C 19.74510 109.04700 9.21325
C 16.51560 109.57800 9.12689
C 18.56120 112.00300 9.23129
H 19.01410 113.84900 10.81220
H 17.93840 108.47700 10.80040
H 16.80320 111.42500 10.84720
H 20.08770 110.93300 10.81710
C 26.14800 107.83400 9.21942
C 21.91060 111.39300 9.20632
C 22.90240 108.39100 9.40301
C 25.06600 110.78500 9.25608
C 24.01940 113.73000 9.12020
C 27.19710 113.17100 9.15593
H 26.56560 109.62900 10.82080
H 23.28150 110.29000 10.95380
H 22.23840 113.31900 10.78370
H 25.50550 112.68100 10.82860
C 28.38220 110.20200 9.20082
C 31.64370 109.62400 9.11644
C 33.86700 111.93800 9.19587
C 30.53860 112.50300 9.21192
H 29.92320 109.04600 10.74720
H 32.02750 111.40700 10.82450
H 34.21670 113.83200 10.74780
H 28.73380 112.05100 10.85930
H 33.12050 108.45500 10.77310
C 10.94090 116.23200 9.14193
C 14.28180 115.74900 9.08518
C 9.85783 119.02600 9.04641
C 13.13320 118.53100 9.05188
H 9.15916 115.50300 10.74870
H 11.40450 117.99200 10.72230
H 13.48150 120.41000 10.57550
H 12.48950 115.06200 10.70750
H 8.04722 118.53500 10.61390
H 10.28650 120.92800 10.57450
C 20.74460 114.39600 9.15893
H 15.71420 114.46000 10.63190
H 14.69260 117.48100 10.70860
C 17.59260 115.08800 9.18259
C 19.66850 117.43400 9.13167
C 16.59530 117.91800 9.15672
C 18.55560 120.36600 9.10340
H 18.00580 116.81900 10.83950
H 16.86180 119.79000 10.74280
H 21.18940 116.27900 10.73140
H 20.10850 119.23500 10.70630
C 15.39430 120.94100 9.05163
C 21.89670 119.76300 9.00055
C 22.92060 116.72600 8.98407
C 26.29870 116.26200 8.94863
C 25.16370 119.15800 8.95285
H 26.62880 118.04400 10.58020
H 23.36890 118.61600 10.55230
H 27.69290 115.06200 10.66110
H 24.47680 115.66200 10.52490
H 25.53730 121.03300 10.53740
H 30.97590 114.39300 10.75520
C 28.50200 118.55100 9.06534
C 29.52660 115.52400 9.07143
C 32.77310 114.98200 9.14615
C 31.80960 118.07000 9.06347
C 33.83890 120.46400 9.12077
H 32.00870 119.86200 10.70110
H 28.79400 120.43600 10.55750
H 33.10560 116.80800 10.78930
H 29.94990 117.38800 10.68670
C 30.52940 120.94700 8.99785
C 12.02920 121.46600 8.90733
C 13.06070 126.90700 8.93116
C 14.24450 123.88800 8.92664
C 8.81049 122.10200 8.95967
C 10.93180 124.54700 8.88503
H 12.39780 123.34200 10.49580
H 11.32550 126.32300 10.54030
H 9.18045 123.97900 10.51710
C 9.85421 127.62100 9.00498
H 8.11719 126.95400 10.67430
H 14.57630 125.72800 10.51650
C 16.38400 126.37400 8.96612
C 19.65890 125.73900 8.91846
C 20.72310 122.76400 8.92506
C 17.58090 123.31400 8.94931
H 17.87290 125.16100 10.56930
H 21.16430 124.61900 10.53690
H 18.99950 122.26300 10.63580
H 15.76280 122.77400 10.58220
H 20.02500 127.60200 10.49640
C 27.32640 121.55400 8.93472
C 22.96590 125.06400 8.94673
C 24.08360 122.24000 8.98398
C 26.22650 124.53000 8.88077
C 25.04800 127.53900 8.79848
H 23.33320 126.96100 10.49310
H 27.67360 123.40200 10.50850
H 26.62600 126.44200 10.43530
H 24.48980 124.06800 10.62420
H 22.23390 121.64500 10.52700
C 28.46050 126.93100 8.86152
C 32.79570 123.40800 9.06694
C 31.68780 126.55400 9.07529
C 29.46540 123.97500 8.93099
H 29.89110 125.84900 10.52190
H 33.08930 125.24400 10.69560
H 34.24910 122.23500 10.75060
H 30.91600 122.85600 10.56030
C 12.02880 129.97900 9.06520
C 8.80938 130.49200 9.10069
C 11.02280 133.01700 9.07858
C 14.20420 132.42100 9.04421
H 12.48030 131.76400 10.66280
H 13.58010 128.73200 10.59120
H 9.21073 132.34100 10.64570
H 10.28110 129.36700 10.74410
H 14.62310 134.18100 10.76840
H 18.89960 130.57500 10.58150
C 17.44370 131.78600 8.97247
C 20.77840 131.24600 9.00467
C 19.62270 134.15100 9.13521
C 18.56130 128.77900 8.91436
C 15.35090 129.37200 8.96546
H 17.85000 133.53400 10.70600
H 21.21420 132.98400 10.62130
H 15.70670 131.18300 10.60800
H 16.81380 128.18900 10.60660
C 21.84000 128.11600 8.87277
C 24.06000 130.58900 8.79303
H 22.31740 129.94600 10.49720
H 24.45500 132.41600 10.39240
C 27.30590 129.97300 8.75236
H 27.64290 131.77200 10.41250
H 25.52020 129.38900 10.37730
C 26.22740 133.06600 8.82753
C 22.92320 133.62200 8.91845
H 30.91760 131.30900 10.40180
H 31.94120 128.32900 10.79220
H 34.16420 130.63300 10.74090
H 28.75600 128.81500 10.41160
H 33.08620 133.66900 10.74320
C 29.40400 132.56200 8.85499
H 29.84540 134.25500 10.55380
C 30.65320 129.39400 8.90014
C 33.79460 128.82000 9.18221
C 32.90000 131.87700 9.04386
C 9.95939 102.38900 12.50160
C 8.84233 105.50200 12.34400
C 13.17030 101.95100 12.45690
C 12.12070 104.81300 12.29700
C 14.23490 107.20600 12.25040
C 15.30300 104.24600 12.36080
C 18.57230 103.68400 12.54650
C 17.47330 106.64500 12.43290
C 20.78620 105.98900 12.52820
C 16.39660 101.35400 12.66260
C 22.00460 103.06100 12.53300
C 24.02020 105.31000 12.46230
C 25.26040 102.41800 12.44590
C 27.30040 104.94000 12.44810
C 28.36580 101.79900 12.39800
C 29.43650 107.22200 12.37350
C 30.54580 104.22400 12.45280
C 33.66870 103.55600 12.56660
C 32.72650 106.65800 12.42270
C 31.63290 101.18900 12.34630
C 11.03580 107.89600 12.30460
C 10.01920 110.83700 12.28280
C 13.16210 110.21200 12.25700
C 8.78171 113.62300 12.33620
C 12.26300 113.22900 12.30590
C 15.28650 112.64800 12.32010
C 19.65870 109.12900 12.46910
C 16.28130 109.51500 12.33960
C 18.53720 112.03600 12.43130
C 26.34450 107.87700 12.53590
C 21.83440 111.53300 12.47160
C 22.85720 108.40600 12.56350
C 25.14240 110.87600 12.47850
C 24.06690 113.99800 12.29350
C 27.28550 113.31600 12.38450
C 28.41980 110.15100 12.40720
C 31.68310 109.53400 12.41560
C 33.76300 112.06200 12.43770
C 30.58870 112.60900 12.42400
C 10.98150 116.13600 12.33750
C 14.30050 115.65800 12.30330
C 9.82018 119.20900 12.23660
C 13.15710 118.63100 12.26320
C 20.68830 114.48700 12.40450
C 17.42310 114.98500 12.33530
C 19.75580 117.43700 12.41940
C 16.39400 117.96300 12.39960
C 18.66650 120.47800 12.30400
C 15.23140 120.93400 12.21210
C 21.94840 119.86000 12.20390
C 23.09130 116.86000 12.19870
C 26.21240 116.26600 12.22630
C 25.13570 119.28400 12.18730
C 28.38540 118.62500 12.16550
C 29.46460 115.54900 12.29020
C 32.73170 114.94700 12.37190
C 31.68110 117.99300 12.32220
C 33.74930 120.44200 12.38340
C 30.48050 121.08100 12.21160
C 11.99560 121.53500 12.16130
C 8.77647 122.15600 12.13240
C 10.96250 124.45100 12.13560
C 14.16710 123.86900 12.13250
C 13.08000 126.86900 12.21400
C 9.88408 127.45700 12.27010
C 19.68250 125.75800 12.14130
C 16.34760 126.33200 12.15860
C 20.81810 122.79200 12.16000
C 17.49380 123.36000 12.25810
C 26.31880 124.67600 12.14540
C 24.05040 122.23200 12.11960
C 22.92710 125.16200 12.17680
C 27.28290 121.61700 12.12940
C 25.15270 127.61500 12.04830
C 28.41120 127.03300 12.07170
C 29.37250 124.07900 12.12330
C 32.62880 123.40400 12.24500
C 31.57970 126.40300 12.27020
C 12.14460 129.87100 12.25400
C 8.73023 130.55300 12.35320
C 11.04470 132.92700 12.28390
C 14.35320 132.22500 12.28950
C 19.68830 133.89000 12.31180
C 20.80120 131.02300 12.10720
C 18.62840 128.71800 12.18740
C 15.32240 129.35700 12.26490
C 17.48980 131.64100 12.28070
C 27.28290 129.92600 12.02830
C 24.17210 130.56200 12.05370
C 23.06810 133.42800 12.19920
C 26.26310 132.91500 12.09270
C 21.83680 128.12900 12.16250
C 29.38840 132.36300 12.05710
C 30.34370 129.55900 12.16590
C 32.60170 131.72100 12.18790
C 33.75790 128.79100 12.38160
C 37.12890 2.49609 9.32059
C 35.99980 5.42566 9.36574
C 40.27210 1.78963 9.32307
C 39.16400 4.84772 9.28098
H 35.23320 1.83054 10.75860
H 37.43900 4.30069 11.01070
H 40.70180 3.71137 10.85900
H 39.61260 6.57776 10.95130
H 38.53170 1.25267 10.93360
H 41.76410 0.69932 10.98620
C 43.55690 1.24700 9.40068
C 42.58750 4.26456 9.33118
C 45.88130 3.52260 9.39688
C 44.75460 6.55430 9.41977
C 47.92730 5.91588 9.41016
H 42.91250 6.01354 10.98270
C 46.81790 0.52917 9.42663
H 44.03840 3.04582 10.98760
H 46.14840 5.38882 11.00580
H 47.25670 2.34407 11.06770
C 49.11080 2.82398 9.51118
C 52.17330 2.28823 9.65787
C 51.12870 5.36724 9.49874
C 54.39240 4.76617 9.63881
H 49.37750 4.77573 11.00110
H 50.39450 1.74585 11.33590
H 54.69590 6.57714 11.30610
H 52.51550 4.15028 11.17960
H 53.61160 1.18033 11.31050
C 55.43450 1.65295 9.70342
C 58.88580 1.05771 9.91299
C 57.72640 4.10087 9.69650
C 60.94890 3.48850 9.87135
C 59.90250 6.59884 9.84341
H 56.89480 0.56276 11.41990
H 55.85540 3.57251 11.26790
H 58.03240 5.94176 11.34260
H 36.36320 7.24555 11.05210
C 37.06490 10.63530 9.21558
C 38.16960 7.60087 9.33330
C 40.31820 10.18730 9.17894
C 39.33240 13.15170 9.15610
H 35.30720 10.18090 10.93070
H 38.57740 9.55792 10.83300
H 40.74590 12.02870 10.76210
H 37.48340 12.55030 10.75870
C 34.93800 8.33614 9.35231
C 41.35550 7.18247 9.37433
H 41.75510 9.05956 10.92510
C 43.56860 9.52709 9.37643
C 42.64290 12.63500 9.28530
C 45.85850 12.01300 9.37194
C 46.70310 8.95352 9.45099
H 43.98830 11.41890 10.92240
H 44.99900 8.38340 11.15100
H 47.19870 10.76280 11.03860
H 48.28470 7.79122 10.97360
C 50.11060 8.31870 9.45241
C 53.33480 7.75742 9.63034
C 49.06610 11.42680 9.46973
C 52.32680 10.83670 9.62428
C 54.42050 13.19370 9.82350
H 49.38630 13.13860 11.18510
H 50.47750 10.17410 11.07850
H 51.49420 7.16844 11.15860
H 52.59750 12.60610 11.36490
H 53.66030 9.55450 11.27170
C 56.58520 7.20375 9.80491
C 55.54280 10.11410 9.77767
C 58.79340 9.54412 9.90246
C 57.62770 12.62910 9.95622
C 60.91190 12.00030 10.04720
H 56.92470 9.01645 11.44890
H 55.77330 11.93650 11.46620
C 35.97770 13.73610 9.17185
C 37.12240 19.18240 9.37986
C 38.20180 16.24060 9.24533
C 40.31020 18.63320 9.32963
H 36.42700 15.55310 10.83830
H 35.27490 18.62020 10.85130
H 39.67530 15.04750 10.81590
H 38.56460 17.99470 11.01680
C 34.89940 16.77490 9.24505
H 40.73650 20.45950 10.92140
C 41.49650 15.66410 9.24148
H 46.19660 13.80320 11.02090
C 44.83910 15.00610 9.32506
C 48.07080 14.35940 9.48845
C 43.69780 18.02510 9.38516
C 46.96520 17.49960 9.40089
H 41.85130 17.48970 10.93200
H 42.96910 14.52860 10.87560
H 45.16170 16.84280 11.00030
H 44.07240 19.93530 10.94170
H 47.27790 19.24590 11.08650
C 45.91760 20.51960 9.44059
H 48.25850 16.17540 11.09110
C 51.28070 13.74530 9.64496
C 49.08490 19.80510 9.52314
C 50.09630 16.68210 9.57401
C 53.55010 16.15000 9.70389
C 52.44300 19.10020 9.66339
H 50.51620 18.59230 11.13950
H 51.63310 15.58020 11.16810
H 53.80770 17.97080 11.34500
H 54.82670 14.98900 11.43230
C 55.69350 18.51410 9.87348
C 56.75530 15.59110 10.00400
C 59.96910 14.94880 10.12240
C 58.87290 17.85180 10.12450
C 61.04200 20.42580 10.23550
H 55.98610 20.34710 11.49600
C 36.01140 22.19190 9.29245
C 39.21740 21.72590 9.40706
C 38.16740 24.56670 9.45822
H 37.42000 21.04330 10.93890
H 39.55360 23.42320 11.12280
H 36.28290 23.96790 11.00280
C 34.91170 25.16310 9.38319
C 40.34040 26.95300 9.50898
H 38.51200 26.34560 11.10520
H 35.16230 26.97470 11.10050
C 41.28660 24.00610 9.54706
C 42.52440 21.06630 9.30520
C 48.00570 22.87770 9.57945
C 44.84760 23.43860 9.55703
C 43.52150 26.39960 9.66011
C 46.88510 25.83720 9.70779
H 46.20930 22.24280 11.19990
H 41.70760 25.76920 11.20370
H 42.93710 22.86480 10.99100
H 45.02400 25.25030 11.26210
H 48.28930 24.61030 11.28280
C 51.30480 22.11290 9.61376
C 54.58560 21.56100 9.85611
C 50.13500 25.16510 9.70477
C 53.40810 24.61360 9.82915
H 49.46280 21.62240 11.11690
H 52.68470 20.96250 11.27230
H 50.38810 26.99860 11.38640
H 51.58280 23.95620 11.35050
H 54.82550 23.40850 11.51410
C 55.52830 27.01120 9.99067
C 56.74710 23.96410 10.00130
C 59.94480 23.45820 10.21990
C 57.86600 20.92330 9.98371
C 58.87390 26.44530 10.22880
C 34.87440 33.45400 9.56500
C 37.04540 27.54140 9.55225
C 38.08550 33.03120 9.75431
C 36.00800 30.53780 9.63534
C 39.20190 29.99610 9.64819
H 37.48470 29.35430 11.23640
H 39.57390 31.80050 11.33040
H 40.62980 28.75980 11.21300
H 36.31180 32.35280 11.30090
H 44.94270 33.52510 11.39060
C 41.37220 32.36740 9.73057
C 44.39330 31.78350 9.74314
C 45.72170 28.73620 9.71250
C 47.89900 31.23320 9.76657
C 42.56200 29.33230 9.68723
H 43.91010 28.19400 11.29410
H 42.68930 31.18520 11.35090
H 47.10570 27.60040 11.42560
H 45.99040 30.59660 11.17590
C 52.28220 27.63850 9.92795
C 51.11870 30.59270 9.97036
C 54.43460 30.04910 10.07120
C 50.08650 33.50960 9.96879
C 48.90000 28.15100 9.77831
C 53.29940 32.89120 10.12720
H 49.27420 29.98350 11.44060
H 48.18850 33.02600 11.48740
C 59.94160 31.69420 10.55630
C 60.89000 28.84010 10.46380
C 56.61880 32.29210 10.32090
C 57.71540 29.33860 10.29990
C 36.91600 2.41570 12.46360
C 35.89020 5.39051 12.60440
C 40.24980 1.91586 12.55450
C 39.25670 4.75120 12.59830
C 43.55450 1.25077 12.59130
C 42.45460 4.16620 12.54630
C 45.76150 3.60632 12.62090
C 44.66830 6.45463 12.67830
C 47.94750 5.93710 12.60530
C 46.69350 0.58287 12.71110
C 48.95070 3.06254 12.73830
C 52.19380 2.41486 12.90170
C 50.99500 5.33662 12.73570
C 54.24640 4.64334 12.83220
C 55.37690 1.76329 12.95880
C 58.69660 1.16609 13.09390
C 57.56270 4.11448 12.99050
C 60.80350 3.53020 13.09290
C 59.78440 6.51740 13.05590
H 61.30890 5.33352 11.46210
H 59.08520 2.92068 11.41040
C 37.16450 10.74040 12.47450
C 38.21250 7.76731 12.55260
C 40.24520 10.26670 12.47310
C 39.24130 13.14120 12.42390
C 34.80260 8.44901 12.57040
C 41.40670 7.19692 12.53830
C 43.45960 9.59777 12.57760
C 42.51200 12.66220 12.42490
C 45.73110 11.90620 12.60190
C 46.87870 8.91498 12.65440
C 49.99490 8.33692 12.71390
C 53.16550 7.71984 12.88630
C 52.16810 10.74570 12.82740
C 48.97900 11.32800 12.73290
C 54.30600 13.19950 12.99610
C 56.52900 7.06785 12.93510
C 55.32570 10.10950 13.02180
C 58.64260 9.45998 13.15190
C 60.86470 11.84830 13.29080
C 57.53150 12.50610 13.17680
H 59.06160 11.36170 11.60530
H 60.18480 8.33768 11.59420
C 35.99400 13.74300 12.41890
C 37.01010 19.19140 12.53860
C 38.18020 16.09670 12.54300
C 40.38090 18.64310 12.59270
C 41.44120 15.57600 12.51420
C 34.96640 16.80790 12.47780
C 44.68050 14.94950 12.60150
C 47.86040 14.35510 12.72460
C 43.67230 18.09250 12.52810
C 46.86020 17.41550 12.70380
C 45.78660 20.33430 12.69240
C 51.08300 13.87090 12.83970
C 53.30760 16.10170 12.91880
C 50.05230 16.70250 12.71390
C 49.00040 19.80940 12.73830
C 52.19900 19.09430 12.86020
C 55.43620 18.54220 13.13290
C 59.82150 14.88800 13.39740
C 56.55060 15.52590 13.18410
C 58.71100 17.98760 13.30390
H 59.15530 19.76590 11.68050
C 60.76920 20.35600 13.43100
H 58.13050 14.36110 11.65760
H 61.30940 13.72700 11.78440
H 57.00440 17.35590 11.64600
H 60.28080 16.73760 11.82260
C 34.77890 25.14420 12.65970
C 37.99420 24.48530 12.67940
C 41.40170 23.85030 12.71320
C 35.87020 22.07960 12.51100
C 39.15500 21.53870 12.59130
C 40.24840 26.93090 12.82970
C 42.54480 21.00340 12.58990
C 46.79450 25.74650 12.95180
C 43.47800 26.28720 12.84470
C 48.00790 22.66650 12.81410
C 44.66750 23.35720 12.76060
C 54.38920 21.51530 13.01880
C 53.23690 24.53560 13.11940
C 50.06960 25.07370 12.95000
C 51.11890 22.03780 12.87310
H 53.70540 26.40650 11.59230
C 59.75140 23.41280 13.43050
C 57.63880 20.92860 13.27970
C 55.42330 26.85280 13.30900
C 58.65230 26.22760 13.39640
C 56.52990 23.98350 13.27400
H 60.24850 25.24650 11.85830
H 56.93000 25.79850 11.64500
H 61.29400 22.22030 11.92640
H 58.09840 22.76900 11.72550
C 34.79580 33.56570 12.83500
C 38.10650 32.88360 12.97620
C 36.95790 27.44330 12.70930
C 35.85170 30.47650 12.80400
C 39.19730 29.92660 12.92630
C 41.27790 32.34630 12.99010
C 47.68370 31.20540 12.95660
C 44.52740 31.62990 12.88860
C 45.69130 28.87160 12.93890
C 42.37370 29.30920 12.88300
C 50.95570 30.48370 13.17590
C 49.94390 33.55170 13.18910
C 48.89160 28.13950 13.07760
C 54.20400 29.83380 13.38330
H 54.72320 31.72310 11.82730
C 52.16290 27.52900 13.16210
H 51.46670 32.37520 11.67020
H 52.56470 29.43590 11.58870
C 53.24180 33.00400 13.32430
C 57.45670 29.15530 13.53730
C 56.46680 32.35480 13.49160
H 61.25580 30.51980 12.24580
H 59.08900 28.16830 11.97750
H 58.00790 31.08090 12.05000
C 59.73870 31.61560 13.80070
H 55.76280 28.77710 11.75630
H 60.14170 33.47160 12.24660
C 60.82290 28.65220 13.71350
C 37.10430 35.88890 9.63558
C 36.00290 38.98750 9.59278
C 40.35220 35.24920 9.83643
C 39.27480 38.34820 9.69394
H 35.23020 35.30180 11.15270
H 39.60280 40.19910 11.27110
H 40.66120 37.15950 11.42040
H 37.40760 37.74660 11.17960
H 38.45290 34.77190 11.44330
C 43.50550 34.81360 9.90587
C 42.59350 37.78170 9.91688
C 45.64480 37.14370 9.97224
C 44.67680 40.19310 9.90232
C 47.80830 39.53420 9.92224
C 46.72760 34.16750 9.88105
H 42.86670 39.57060 11.48420
H 46.05810 38.95050 11.55780
H 43.90200 36.53950 11.62340
H 41.71650 34.16860 11.40510
H 47.06280 35.96080 11.62050
C 48.84380 36.42850 9.97251
C 52.22260 35.92760 9.96669
C 51.06760 38.87860 9.91695
C 54.37400 38.27520 9.98430
C 55.53760 35.24680 10.07850
C 58.79050 34.59320 10.47040
C 57.88430 37.63680 10.18530
C 60.99940 37.00960 10.49530
C 59.93170 40.11810 10.25370
C 37.00960 44.24200 9.73537
C 38.19200 41.36800 9.70405
C 40.33610 43.72900 9.81972
C 39.22440 46.73450 9.77490
C 34.88580 41.85780 9.66553
H 40.66670 45.55330 11.45580
H 35.17780 43.71730 11.31040
H 37.41380 46.06630 11.29150
H 36.40400 40.78520 11.25210
H 38.49310 43.15830 11.43250
C 41.49450 40.77890 9.81336
C 43.63380 43.04980 9.77060
C 46.83960 42.46370 9.90020
C 42.40730 46.12950 9.70766
C 45.83390 45.45600 9.70076
H 41.82120 42.59900 11.45730
H 45.03460 42.01610 11.52410
H 47.21080 44.34820 11.44910
H 43.94640 44.94730 11.25160
C 50.07470 41.92760 9.91268
C 53.30710 41.24380 9.93321
C 49.04800 44.79050 9.89828
C 52.18230 44.26100 9.91113
C 54.50110 46.67590 9.84989
H 49.38580 46.79780 11.33410
C 56.66410 40.65060 10.07150
C 55.46250 43.54670 10.02400
C 58.82430 43.06830 10.13330
C 57.70780 45.89150 10.00180
C 60.92020 45.35970 10.22450
C 35.96390 47.28890 9.74637
C 34.95570 50.37060 9.79874
C 37.13150 52.72950 9.96954
C 38.15650 49.83520 9.83760
C 40.28120 52.07090 9.96014
H 36.38510 49.13080 11.40430
H 35.31570 52.08890 11.52840
H 38.53740 51.52790 11.63690
H 39.58860 48.57040 11.36320
H 40.76830 53.97590 11.49090
C 41.34690 49.19820 9.75208
C 44.70050 48.53400 9.67195
C 47.88220 47.80940 9.65166
C 43.48360 51.47210 9.77526
C 46.82890 50.85450 9.66418
C 45.79370 53.88600 9.74254
H 47.21110 52.66580 11.34070
H 43.95730 53.33760 11.33330
H 41.80940 50.95090 11.49850
H 46.14190 47.36010 11.32020
H 45.05870 50.36440 11.30940
H 42.85180 47.98150 11.26510
C 51.18410 47.24190 9.69219
C 53.54230 49.57160 9.69901
C 50.15450 50.25960 9.70710
C 49.03920 53.15110 9.70729
C 52.27720 52.60290 9.68316
H 48.30750 49.69050 11.23880
H 51.65650 49.05740 11.25880
H 50.53420 52.04990 11.38940
H 53.83470 51.46520 11.24970
C 55.60050 52.06110 9.67444
C 56.68710 49.00600 9.84654
C 59.98480 48.40240 9.91561
C 58.81130 51.40970 9.73927
C 60.95010 53.81800 9.61176
H 55.90920 53.94500 11.28900
C 34.83590 58.66450 10.07890
C 35.88420 55.76090 10.02230
C 39.27100 55.05470 9.88140
C 37.99250 58.11470 9.93527
C 40.21800 60.56930 9.99677
H 35.12470 60.58290 11.56320
C 41.42360 57.51700 9.98133
H 39.51480 56.92880 11.49630
H 36.34890 57.54490 11.69920
H 38.43180 59.91350 11.59050
H 37.44720 54.54350 11.52830
C 46.83480 59.34580 9.65440
C 42.49660 54.57680 9.82348
C 43.51950 59.92290 9.76500
C 44.60730 56.89250 9.77167
C 47.90470 56.25260 9.62571
H 46.16850 55.75430 11.33960
H 45.07180 58.78580 11.34590
H 42.95250 56.30890 11.53660
H 41.80080 59.40820 11.52400
C 50.16570 58.70340 9.58603
C 53.26490 58.10360 9.57200
C 54.42760 55.00900 9.64807
C 51.20480 55.61880 9.66785
H 48.36700 58.15060 11.16470
H 49.34420 55.08340 11.25540
H 52.69320 54.44410 11.24140
H 51.53440 57.48270 11.25610
H 54.69120 56.91580 11.22160
H 53.75420 59.91850 11.21000
H 50.53150 60.51730 11.23940
C 57.60330 54.50710 9.58127
C 55.52510 60.52450 9.50570
C 59.95160 56.93230 9.54981
C 56.50370 57.42430 9.54648
C 58.97740 59.88330 9.55841
H 60.27170 58.68770 11.22940
H 57.07030 59.31520 11.06580
C 34.87480 66.92500 9.96804
C 39.17630 63.43620 10.03650
C 35.95480 63.98160 10.02090
C 36.92140 61.06630 10.02480
C 38.16850 66.41880 9.86060
C 41.33610 65.86590 9.97045
H 39.60610 65.31920 11.55920
H 36.43980 65.86520 11.54190
H 37.41690 62.87200 11.72980
H 40.68010 62.37650 11.61230
C 47.93510 64.70020 9.70730
C 42.47970 62.92410 9.94572
C 45.72550 62.36520 9.75876
C 44.62340 65.23980 9.80555
H 45.04290 67.11210 11.32590
H 46.18580 64.15280 11.43040
H 42.89600 64.73860 11.51100
H 47.26730 61.16090 11.27610
H 43.99780 61.68260 11.47790
H 51.62430 65.96640 11.29530
H 48.39660 66.52830 11.29940
C 52.32780 61.22400 9.66353
C 53.29610 66.51050 9.62223
C 50.18250 67.08790 9.64581
C 54.39280 63.48070 9.61560
C 49.02400 61.66980 9.61678
C 51.29360 64.12450 9.67680
H 52.68540 62.99030 11.31520
H 49.48620 63.50450 11.23460
H 54.77390 65.31840 11.24880
H 61.42430 64.04220 11.16450
C 61.07680 62.19080 9.59306
C 57.73440 62.81380 9.56055
C 59.99050 65.30420 9.56911
H 58.22520 64.69720 11.12240
H 60.32320 67.10340 11.30920
C 56.58640 65.85740 9.62023
H 55.92650 62.29240 11.16860
H 59.23500 61.75240 11.22430
C 36.87680 36.01750 12.84600
C 35.97190 38.93280 12.78900
C 40.30260 35.34070 13.02600
C 39.12940 38.38200 12.87610
C 46.63280 34.07230 13.10520
C 43.52150 34.73360 13.02900
C 42.41290 37.79820 13.11300
C 45.68360 37.18010 13.22040
C 44.63810 40.21200 13.13440
C 47.85070 39.51950 13.12460
C 48.92440 36.58740 13.15020
C 52.15620 35.96790 13.25130
C 50.97700 38.87810 13.16960
C 54.42380 38.20780 13.19490
H 53.66990 34.77760 11.67780
H 54.73900 40.13190 11.60750
H 52.55890 37.74420 11.60400
H 49.26420 38.35410 11.45950
H 50.39030 35.38400 11.58630
C 55.43740 35.42530 13.33040
C 58.61490 34.69270 13.62620
C 57.50540 37.70670 13.42810
C 60.66020 37.18370 13.71970
C 59.66150 40.14820 13.55380
H 58.06770 39.52590 11.79660
H 55.87080 37.15840 11.58210
H 59.07900 36.51560 12.00170
H 56.91060 34.14660 11.86890
H 61.21650 38.92040 12.02420
C 34.93490 41.84170 12.88560
C 36.92150 44.32210 12.98090
C 38.08170 41.26790 12.93040
C 40.27520 43.68900 13.07310
C 39.14600 46.68070 12.98370
C 41.31590 40.72090 12.99810
C 43.57750 43.26910 13.04930
C 46.88800 42.60210 13.12120
C 42.54190 46.16070 12.91980
C 45.71320 45.52230 12.92480
C 49.99940 41.98940 13.18140
C 53.21730 41.33250 13.20050
C 48.90550 45.07870 13.00650
C 52.19730 44.42120 13.14510
C 54.42390 46.61530 13.09990
H 51.47450 40.69940 11.56910
H 50.44090 43.73900 11.55020
H 53.61090 43.11470 11.56420
H 52.66330 46.11890 11.40260
H 48.28900 41.32270 11.52220
C 56.46490 40.70920 13.29040
C 55.39040 43.65070 13.18060
C 58.60180 43.10610 13.42810
C 57.51920 46.21190 13.13840
C 60.78590 45.47910 13.36200
H 59.05640 44.87860 11.80970
H 60.16780 41.96830 11.88920
H 55.82600 45.42570 11.53430
H 56.97590 42.49030 11.68020
C 35.94250 47.16650 12.88920
C 37.04740 52.68860 13.20790
C 38.10320 49.57830 13.10230
C 40.38460 52.15050 13.12030
C 34.88920 50.21330 13.06200
C 41.39780 49.04590 13.00090
C 44.60290 48.58720 12.88150
C 47.94320 47.94440 12.93830
C 43.68060 51.53160 12.97640
C 46.82490 50.83130 12.95160
C 45.74040 53.92050 12.92470
C 51.13000 47.32070 12.94670
C 53.35880 49.72270 12.95840
C 50.12710 50.11990 12.91540
C 49.02340 53.23670 12.96630
C 52.36690 52.62130 12.88170
H 54.87290 48.48830 11.50660
H 61.31030 47.29460 11.71110
C 55.45310 52.16460 12.97220
C 56.70480 49.13690 13.05840
C 59.73490 48.56970 13.13290
C 58.78560 51.63710 12.96290
H 59.12750 53.37140 11.21280
H 60.24630 50.31780 11.46290
H 57.00290 50.95000 11.41700
H 58.11190 47.88550 11.36280
C 60.90210 53.94160 12.87540
C 34.91720 58.79250 13.26620
C 38.19570 58.05250 13.24160
C 39.25340 55.00170 13.09630
C 36.09260 55.67650 13.27230
C 40.25140 60.56150 13.17600
C 41.38670 57.49550 13.09300
C 44.84100 56.94940 13.05680
C 47.98850 56.40240 12.89660
C 43.71840 59.82840 13.12230
C 46.96450 59.30140 12.86340
C 42.58580 54.49290 13.07230
C 53.29880 58.13380 12.90450
C 54.42670 55.10840 12.91330
C 50.07940 58.68920 12.84250
C 51.25260 55.61700 12.84210
C 59.85820 56.85530 12.87050
C 58.72080 59.86530 12.76920
C 57.68350 54.63350 12.86450
C 56.58160 57.54030 12.74020
H 58.10190 56.38260 11.15110
H 61.34670 55.74130 11.21420
C 55.61140 60.47120 12.78030
C 38.20320 66.51310 13.19900
C 36.88940 61.04680 13.23130
C 35.85280 64.14300 13.22290
C 39.24100 63.56670 13.26030
C 34.97900 67.11330 13.14860
C 41.39660 65.84870 13.17230
C 44.70610 65.38200 13.07200
C 42.54220 62.83990 13.12390
C 48.10700 64.64130 12.93470
C 45.86220 62.27150 13.00380
C 51.22600 64.18210 12.90400
C 49.03740 61.66800 12.87000
C 50.12990 67.12430 12.93740
C 53.39400 66.59180 12.86530
C 54.55490 63.48270 12.90560
C 52.33330 61.07470 12.83720
C 56.70900 65.80580 12.77840
C 61.05660 62.25400 12.81390
C 57.74360 62.93390 12.80240
C 59.98100 65.14420 12.78930
C 36.91800 69.43870 9.86115
C 35.84920 72.44140 9.85058
C 40.27220 68.76680 9.84826
C 39.16920 71.76790 9.78586
H 37.36320 71.30870 11.43200
H 39.56270 73.63590 11.32660
H 35.15090 68.88920 11.51150
H 40.66150 70.65170 11.44280
H 38.47830 68.28240 11.43790
C 46.80600 67.59840 9.70916
C 43.42370 68.23380 9.79633
C 42.39910 71.26900 9.71828
C 45.73230 70.57140 9.60433
C 44.58760 73.55220 9.56939
C 47.98210 73.05010 9.49457
H 43.94730 70.10270 11.31170
H 46.17440 72.43480 11.11480
H 42.83170 73.08900 11.33770
H 47.20730 69.48170 11.29180
H 41.78370 67.70120 11.57190
C 49.04130 69.97880 9.64269
C 52.39290 69.49400 9.56986
C 51.29420 72.38480 9.56187
C 54.63740 71.81710 9.60897
H 49.41740 71.89620 11.11380
H 52.81220 71.31540 11.24480
H 50.62600 68.91240 11.24730
H 54.86090 73.71900 11.23710
H 53.82460 68.34750 11.19610
C 55.59030 68.81550 9.57307
C 58.91130 68.26660 9.63119
C 57.72250 71.22090 9.62110
C 61.02230 70.58670 9.65700
C 59.86100 73.64180 9.63323
H 58.07600 73.08680 11.23840
H 56.01080 70.64130 11.24740
H 57.05620 67.66070 11.21560
H 59.19190 70.10490 11.25620
H 61.29990 72.44600 11.23340
C 36.84680 77.69160 9.75825
C 37.99450 74.70830 9.74491
C 40.06910 77.25260 9.62987
C 39.11240 80.23690 9.62465
H 40.55390 79.05890 11.23810
H 37.33000 79.64360 11.23190
H 35.17280 77.19280 11.51990
H 38.40670 76.64850 11.35350
C 34.85640 75.33340 9.88540
H 36.29540 74.22360 11.52750
C 41.35230 74.20000 9.71807
C 35.83330 80.89890 9.75853
C 43.54270 76.57710 9.57175
C 42.28690 79.51830 9.50508
C 45.64370 78.89750 9.45906
C 46.83410 75.97530 9.46373
H 43.83030 78.48590 11.17210
H 47.25570 77.80920 11.03290
H 44.99610 75.47840 11.05010
H 41.67120 76.14280 11.17950
H 48.23780 74.82200 11.15110
C 49.98550 75.37450 9.49872
C 53.36580 74.72890 9.57053
C 49.02350 78.43900 9.38628
C 52.21810 77.71320 9.43115
C 54.37950 80.14530 9.37420
H 52.56070 79.59370 10.99560
H 49.33380 80.22330 11.05570
H 53.70070 76.66880 11.12460
H 50.39140 77.23350 11.03960
H 51.50580 74.31280 11.13330
C 56.69860 74.25090 9.62311
C 55.54830 77.10290 9.54208
C 58.77460 76.53080 9.59444
C 57.70400 79.58630 9.39240
C 61.00750 78.93910 9.50691
H 55.91680 79.07190 11.04190
H 57.00290 76.09920 11.23860
H 59.14580 78.46790 11.07150
H 60.22740 75.47340 11.26060
C 37.02900 86.26620 9.61011
C 37.85790 83.21000 9.67949
C 41.15850 82.55300 9.55097
C 40.19740 85.43720 9.60759
H 35.17860 85.67880 11.18120
H 39.41360 82.05770 11.27050
H 36.25580 82.67060 11.45390
H 38.40520 85.05850 11.23130
H 40.62780 87.36660 11.17390
C 34.77920 83.69510 9.71794
H 46.06060 80.80110 10.97390
C 47.81720 81.36460 9.39032
C 44.57210 82.03160 9.34785
C 43.53020 84.98910 9.43826
C 46.84130 84.37060 9.26096
H 47.14890 86.22300 10.81750
H 43.91940 86.82210 11.06290
H 45.09720 83.85000 10.96960
H 42.75280 81.45730 10.96290
H 41.81770 84.41800 11.11990
C 45.58510 87.40010 9.39395
C 51.10870 80.73520 9.33656
H 48.33860 83.24600 10.89340
C 50.11070 83.80070 9.21431
C 53.25750 83.26610 9.21792
C 48.93250 86.81020 9.25471
C 52.23500 86.28170 9.17923
H 53.75970 85.11800 10.83700
H 51.53460 82.63660 10.82450
H 50.44910 85.63580 10.84010
H 54.68650 82.03730 10.88480
H 61.25950 80.87730 11.05330
C 55.59600 85.75250 9.26509
C 56.51470 82.62330 9.34394
C 59.90040 82.03570 9.38445
C 58.78180 85.06130 9.31290
H 59.07450 86.93250 10.86160
H 56.97890 84.48780 10.95430
H 60.23040 83.92820 10.92660
H 58.06090 81.46140 10.95640
H 55.90530 87.51620 10.99520
C 60.89620 87.39820 9.25632
C 35.99730 89.13880 9.56790
C 39.14900 88.49760 9.64663
C 38.09980 91.41380 9.48491
H 35.26570 93.99690 10.89370
H 39.60500 90.39350 11.15610
H 38.48850 93.34400 11.00040
H 37.36910 87.99420 11.34420
H 36.29190 91.02930 11.11560
C 40.18690 93.92220 9.29902
C 34.84330 92.06140 9.36661
C 41.24240 90.91850 9.43723
H 41.72690 92.81480 10.97680
C 46.71290 92.74460 9.32617
C 42.34690 87.78420 9.44325
C 44.54440 90.33210 9.40637
C 43.46250 93.41860 9.29910
C 47.78320 89.80370 9.35331
H 46.06990 89.21950 11.05570
H 42.74540 89.72310 11.01440
H 44.90600 92.19040 10.88740
H 48.19200 91.63040 10.92870
C 54.38960 88.58170 9.29297
C 53.19690 91.69340 9.23197
C 49.95760 92.28880 9.30216
C 51.05580 89.32680 9.21287
H 49.31460 88.65230 10.87930
H 50.33990 94.08820 10.95380
H 51.45760 91.10820 10.84990
H 54.72920 90.49820 10.82740
H 52.56150 88.11370 10.83630
H 53.60620 93.46700 10.93120
C 55.44630 94.11180 9.39710
C 59.80860 90.45040 9.29940
C 57.64870 88.12160 9.29610
C 58.60790 93.49790 9.26257
C 56.57410 91.20790 9.32872
H 57.99000 89.94890 10.97760
H 61.23490 89.25250 10.85110
H 56.89620 92.94250 10.97490
H 60.13970 92.33860 10.85100
C 34.98570 100.60800 9.28774
C 37.09230 94.50210 9.29803
C 38.16650 100.10200 9.30715
C 36.00820 97.61050 9.37931
C 39.16750 97.04860 9.17996
H 37.49680 96.35020 10.86820
H 40.61690 95.82980 10.77840
H 39.57790 98.83800 10.86820
H 36.41500 99.49230 10.99540
C 41.42380 99.40930 9.29641
C 47.73250 98.19920 9.31588
C 44.70510 98.81060 9.25438
H 43.92680 95.21250 10.91470
H 42.91680 98.24510 10.88430
H 46.00290 97.60100 10.95500
H 45.07180 100.54500 10.90810
C 42.48200 96.39820 9.22947
C 45.73180 95.80500 9.28863
H 47.11800 94.64010 10.85830
H 48.22370 99.97870 10.95020
H 51.47800 99.42820 10.82730
H 49.29170 97.00770 10.73610
C 52.10510 94.68670 9.32968
C 53.29930 99.99730 9.26922
C 51.14490 97.62050 9.23007
C 49.93010 100.48900 9.25733
C 48.89990 95.13210 9.22804
C 54.28400 97.00490 9.37931
H 52.46980 96.46400 10.96120
H 54.72980 98.88550 10.96730
C 57.51510 96.50340 9.31278
H 61.21240 97.71440 10.85490
H 60.14170 100.70700 10.86310
H 55.80400 95.94240 11.05300
C 59.75590 98.91640 9.25610
C 60.81340 95.91030 9.23070
C 56.51530 99.40320 9.27626
H 58.00300 98.30500 10.86760
H 59.05540 95.35430 10.88420
C 37.04560 69.53560 13.04290
C 35.88420 72.38730 13.09260
C 40.27380 68.84490 13.11030
C 39.22920 71.85150 13.01490
C 43.66990 68.31490 13.01100
C 42.48740 71.27140 12.98160
C 45.79560 70.73840 12.86910
C 44.73070 73.70090 12.73110
C 47.94490 73.04070 12.75790
C 46.87690 67.60360 12.90560
C 49.12390 70.09550 12.78650
C 52.43940 69.52780 12.83300
C 51.14760 72.45080 12.74040
C 54.64010 71.84110 12.86230
C 55.61210 68.82000 12.82520
C 58.80190 68.24270 12.86350
C 57.81150 71.30330 12.88210
C 60.96670 70.60900 12.88870
C 59.89280 73.66370 12.87640
C 34.82810 75.40600 13.14690
C 36.97880 77.88630 12.98110
C 38.13710 74.87900 13.01830
C 40.27280 77.25760 12.91010
C 39.12920 80.20420 12.88550
C 41.36670 74.34200 12.87820
C 43.52700 76.59130 12.75510
C 42.42960 79.66630 12.76340
C 45.78600 78.98020 12.62190
C 46.80660 76.03720 12.66840
C 50.01170 75.48600 12.72190
C 53.31400 74.85300 12.82150
C 52.18260 77.75960 12.66050
C 48.99800 78.42570 12.68600
C 54.37940 80.22580 12.58720
C 56.67610 74.31000 12.86190
C 55.46180 77.31070 12.71400
C 58.76220 76.76970 12.82810
C 60.93060 79.09120 12.76550
C 57.65110 79.65990 12.66200
C 35.95100 80.76890 12.97960
C 34.80640 83.87090 12.87590
C 36.92780 86.18630 12.89710
C 38.04910 83.26870 12.96590
C 40.29870 85.49660 12.76780
C 41.34580 82.58930 12.70710
C 47.84310 81.48070 12.58470
C 44.58820 82.01040 12.57980
C 43.71600 85.00990 12.68120
C 46.91470 84.43030 12.53410
C 45.80370 87.30610 12.59060
C 51.10030 80.91460 12.57590
C 53.21760 83.29170 12.47410
C 50.12020 83.81740 12.51790
C 48.92500 86.80270 12.42850
C 52.25600 86.24380 12.46560
C 55.41590 85.66990 12.57640
C 59.79970 82.13960 12.58010
C 56.44190 82.58530 12.47850
C 58.75130 85.12630 12.52700
C 60.80540 87.50870 12.54980
C 35.78570 89.30620 12.73130
C 39.26990 88.55680 12.81530
C 38.11850 91.58280 12.67670
C 34.82040 92.30690 12.62010
C 40.24660 94.07840 12.53000
C 41.44940 91.01320 12.69050
C 47.91110 89.87100 12.53300
C 44.55110 90.35400 12.56260
C 43.54650 93.36980 12.57950
C 46.71630 92.80780 12.48730
C 42.46330 87.94560 12.70080
C 53.24510 91.62690 12.51170
C 50.03480 92.27580 12.54370
C 54.32610 88.69570 12.52510
C 51.09440 89.31330 12.46260
C 59.84500 90.47060 12.47490
C 58.68180 93.49910 12.50730
C 56.44340 91.08060 12.55170
C 57.66950 88.07210 12.56080
C 55.40010 94.09630 12.61450
C 34.75160 100.50300 12.59120
C 38.16720 100.01100 12.57520
C 36.01080 97.50630 12.47550
C 37.05350 94.57100 12.54690
C 39.19840 97.01530 12.50330
C 41.38880 99.36830 12.47250
C 42.39080 96.39880 12.42890
C 44.65580 98.77970 12.56350
C 45.63110 95.71970 12.52080
C 47.83630 98.11070 12.47900
C 53.21990 100.09600 12.49430
C 54.23490 97.04660 12.60100
C 52.13870 94.67490 12.53650
C 48.84450 95.26200 12.48180
C 50.01980 100.62200 12.45740
C 50.97420 97.69840 12.47420
C 57.65540 96.55030 12.56380
C 60.80880 95.88410 12.44620
C 59.78820 98.82590 12.46660
C 56.59220 99.47490 12.53830
C 36.96830 102.96500 9.47132
C 35.98440 106.09700 9.37341
C 40.29970 102.37700 9.32827
C 39.13830 105.31800 9.43742
H 37.32190 104.83000 11.07340
H 35.16690 102.35500 11.02360
H 39.62870 107.18400 11.02970
H 38.55200 101.89300 10.99380
H 40.71120 104.21200 10.97590
C 43.61070 101.76800 9.37843
C 42.53910 104.74100 9.32312
C 45.74830 104.16400 9.40497
C 44.64730 107.09600 9.29107
C 47.82660 106.53000 9.25925
C 46.84760 101.19300 9.36908
H 47.17350 103.02700 11.02470
H 46.11470 106.04600 10.98750
H 42.84590 106.61600 10.87180
H 41.75300 101.22500 10.89540
H 43.99910 103.56600 10.98990
C 48.87080 103.58800 9.25998
C 52.19890 102.92000 9.19481
C 50.99690 105.91300 9.16968
C 54.44950 105.43900 9.20383
H 50.35070 102.37400 10.75600
H 49.30220 105.39800 10.83020
H 52.54830 104.80000 10.73900
H 53.64440 101.85600 10.81110
H 54.75390 107.22400 10.87700
C 55.46590 102.39800 9.23191
C 57.67880 104.92800 9.36812
C 61.11320 104.32800 9.56364
C 58.69970 101.89000 9.29533
C 59.82590 107.13400 9.70092
H 59.16300 103.68500 10.95150
H 55.83320 104.26100 10.90660
H 57.91690 106.70100 11.15220
H 56.87720 101.27000 10.87750
H 61.30330 106.00500 11.36300
C 36.98430 111.44900 9.33119
C 38.23000 108.44600 9.37632
C 40.34990 110.82100 9.35288
C 39.20780 113.74800 9.33596
H 40.65450 112.64900 11.00400
H 38.49000 110.30100 10.98400
H 37.46280 113.23000 10.97300
H 36.36690 107.93300 10.94770
H 35.22750 110.84300 10.88760
C 34.97100 109.03900 9.24651
C 41.31650 107.79300 9.32469
C 43.46910 110.17700 9.27122
C 46.84710 109.52600 9.27501
C 42.37850 113.26900 9.34653
C 45.72650 112.54200 9.31840
H 43.87880 112.07200 10.85950
H 41.74430 109.61800 10.95340
H 44.98760 109.00100 10.84500
H 47.16420 111.36500 10.95740
H 48.29910 108.35200 10.87800
C 50.03100 108.90900 9.18367
C 48.92450 111.92100 9.25139
C 54.32590 113.77100 9.22655
C 52.13130 111.36600 9.22433
C 53.32640 108.37100 9.22642
H 51.48460 107.79700 10.73510
H 53.54840 110.23200 10.84540
H 50.36880 110.72500 10.82410
H 49.32840 113.74100 10.89350
H 52.50780 113.21000 10.79910
C 56.64250 107.87500 9.39125
C 55.42200 110.73400 9.35404
C 57.62840 113.05400 9.40035
C 60.96910 112.52900 9.65098
C 58.81910 110.02500 9.59191
H 59.07060 111.96700 11.08640
H 56.83330 109.64500 11.08280
H 55.75170 112.59500 10.95970
H 60.28990 108.97400 11.23210
C 36.11170 114.37600 9.28222
C 37.05580 119.81000 9.10777
C 38.18000 116.74900 9.14699
C 40.34680 119.31200 9.25614
H 36.40690 116.24300 10.77210
H 35.24110 119.27500 10.77850
H 38.50980 118.64000 10.75240
H 39.59850 115.64600 10.81350
C 34.85570 117.38900 9.20435
H 40.72440 121.09400 10.94600
C 41.44090 116.39500 9.30188
H 46.08170 114.41400 10.98490
C 44.59650 115.57800 9.36369
C 47.82520 115.04400 9.37585
C 43.61060 118.63200 9.34081
C 46.73300 117.95400 9.42089
H 41.76180 118.08500 10.86770
H 42.80460 115.09400 10.98630
H 44.97870 117.37900 11.01930
H 43.90060 120.40600 10.95600
H 47.17950 119.76700 11.07570
C 45.80930 121.01100 9.45278
H 48.25360 116.81500 11.05320
C 51.06600 114.54300 9.23596
C 53.32790 116.93900 9.36928
C 49.91800 117.51400 9.36309
C 48.92950 120.38100 9.42196
C 52.23210 119.84200 9.54206
H 54.68200 115.58900 10.93520
H 50.38370 119.24600 11.09910
H 51.42890 116.26900 10.91270
H 53.73840 118.63200 11.07280
H 61.30070 114.41000 11.23960
C 58.83640 118.68600 9.55131
C 59.97120 115.63000 9.52479
C 55.54750 119.29300 9.51661
C 56.61490 116.12800 9.39765
H 58.06650 114.93100 10.98680
H 55.82730 121.03800 11.26620
H 59.07830 120.42300 11.26850
H 56.96200 117.96900 11.02910
H 60.18250 117.45200 11.20590
C 60.89060 121.16200 9.82902
C 38.17600 125.20600 9.17305
C 39.29600 122.29100 9.24561
C 36.02200 122.78900 9.06746
H 35.24310 127.66700 10.80750
H 38.41480 127.04000 10.84810
H 37.43990 121.59600 10.70170
H 36.35650 124.61000 10.74730
C 40.28760 127.61000 9.36483
H 39.61350 124.10500 10.81940
C 34.95690 125.85500 9.15889
C 41.47990 124.58900 9.32646
H 41.80860 126.41000 10.96300
C 46.88190 126.40000 9.46131
C 43.67110 126.93800 9.41864
C 47.99950 123.31100 9.48330
C 44.72880 124.10600 9.40797
C 42.54210 121.60500 9.36000
H 42.94470 123.43900 10.98130
H 46.11800 122.83200 11.06550
H 45.08730 125.83100 11.15430
H 48.30810 125.19500 11.08020
C 50.13330 125.86200 9.52873
C 51.14590 122.71900 9.51130
C 53.43190 125.13600 9.58057
C 54.42240 122.27400 9.62498
H 49.39860 122.16500 11.11260
H 54.81470 124.00500 11.28200
H 50.49040 127.58500 11.21510
H 51.55190 124.56600 11.08970
H 52.63560 121.62300 11.14330
H 53.71070 126.98000 11.23870
C 58.76920 127.02800 9.93185
C 55.59700 127.65400 9.77499
C 57.54700 121.57700 9.68586
C 56.60570 124.70700 9.76766
C 59.86560 123.98700 9.87014
H 56.95200 126.46600 11.45010
H 57.97720 123.39300 11.32700
H 60.21750 125.83300 11.47670
H 61.25300 122.86300 11.60500
C 34.89030 134.20000 9.10231
H 40.61280 129.44300 10.99060
C 39.26350 130.70600 9.29408
H 39.60010 132.51600 10.91770
H 36.30440 133.05300 10.72190
H 37.43840 130.07400 10.88570
C 37.00060 128.18500 9.17727
C 38.19090 133.60400 9.23294
C 36.03320 131.09700 9.18474
C 41.43000 133.06100 9.32202
H 43.96140 128.78700 10.99100
C 47.91680 131.74100 9.60477
C 44.65160 132.34500 9.43177
C 42.49670 129.97000 9.41585
H 42.77880 131.86300 11.02420
C 45.81060 129.35600 9.46329
H 46.00220 131.19800 11.12810
H 47.21470 128.17100 11.12910
H 45.01900 134.23100 11.03230
H 48.20270 133.56100 11.16230
H 49.33600 130.57000 11.31540
C 49.08460 128.78500 9.62793
C 54.45940 130.55400 9.79147
C 51.20240 131.08000 9.73438
C 50.10910 134.15000 9.67765
C 52.30650 128.18300 9.65332
C 53.36210 133.48800 9.73086
H 52.66580 129.95300 11.41660
H 54.76060 132.38600 11.48940
H 51.49860 132.97000 11.30800
H 58.11720 131.77600 11.48880
H 55.89490 129.43400 11.43810
C 59.98420 132.30600 9.95748
C 56.59670 132.87400 9.84942
H 59.16490 128.81000 11.58580
C 60.93550 129.32700 10.02680
C 57.76030 129.93900 9.91073
C 36.98030 102.96700 12.65280
C 35.87290 106.12400 12.57650
C 40.39550 102.41100 12.61720
C 39.17010 105.29800 12.63250
C 46.80470 101.17100 12.57580
C 43.63380 101.64500 12.49000
C 42.56690 104.79500 12.52900
C 45.73690 104.21300 12.62390
C 44.54370 107.23200 12.51990
C 47.95300 106.58200 12.53250
C 49.04710 103.58000 12.49720
C 52.11930 103.04400 12.38940
C 51.10900 106.00600 12.37870
C 54.28310 105.33200 12.46100
C 55.40810 102.43700 12.48110
C 58.65920 101.83400 12.54100
C 57.64370 104.76300 12.56560
C 60.84950 104.10600 12.79290
C 59.65390 107.18000 12.82800
C 36.98280 111.38000 12.53550
C 38.17850 108.39300 12.59110
C 40.30970 110.83700 12.60260
C 39.20730 113.89700 12.57460
C 34.80720 109.06800 12.47970
C 41.47340 107.79100 12.62550
C 43.63970 110.21100 12.49840
C 46.78570 109.44600 12.50170
C 42.48850 113.21300 12.54470
C 45.62140 112.54000 12.54620
C 50.11280 108.94000 12.45500
C 53.21140 108.33100 12.39930
C 49.00270 111.90700 12.52710
C 52.12990 111.37400 12.44010
C 54.21390 113.75600 12.53170
C 56.30660 107.82300 12.68210
C 55.20380 110.78600 12.56740
C 58.65600 110.10500 12.67460
C 57.56590 113.07400 12.64360
C 60.71460 112.60000 12.85620
C 35.91650 114.43900 12.41790
C 37.07510 119.84500 12.37430
C 38.11990 116.81700 12.41340
C 40.20680 119.19700 12.46920
C 34.93720 117.39600 12.38080
C 41.28670 116.33400 12.53550
C 44.59720 115.52300 12.61560
C 47.94060 114.87500 12.58740
C 43.45220 118.57400 12.57430
C 46.71960 117.91200 12.65710
C 45.62260 120.92100 12.66160
C 51.06290 114.40300 12.49360
C 53.19560 116.73200 12.59130
C 50.08650 117.38000 12.68660
C 48.93870 120.38200 12.72830
C 52.25080 119.76500 12.65750
C 55.47160 119.08600 12.73180
C 56.54860 116.07400 12.57340
C 59.71350 115.52900 12.77860
C 58.60620 118.58600 12.78090
C 60.75820 121.00100 13.03860
C 36.04200 122.80100 12.33940
C 39.17370 122.23800 12.36730
C 38.07240 125.12600 12.41210
C 40.16600 127.51000 12.49750
C 34.84160 125.70600 12.32780
C 41.32990 124.55400 12.51220
C 42.43830 121.57800 12.60990
C 44.65650 124.00900 12.73100
C 47.90550 123.28300 12.69230
C 43.50050 127.01900 12.67930
C 46.87010 126.31000 12.76530
C 50.05310 125.68600 12.72220
C 53.28970 125.15100 12.77230
C 51.18880 122.71800 12.73150
C 54.31150 122.17700 12.83050
C 58.71090 126.98100 13.08680
C 59.61100 124.01500 13.05950
C 57.61490 121.59200 12.87080
C 56.55370 124.54400 12.92410
C 55.36850 127.57400 12.97460
C 41.32010 133.05700 12.61080
C 37.89560 133.56200 12.45890
C 39.15510 130.68400 12.58530
C 36.95020 128.25400 12.48510
C 35.83170 131.23600 12.39980
C 34.86550 134.16800 12.38770
C 47.70820 131.75300 12.80820
C 44.49260 132.43200 12.66610
C 42.52450 129.98900 12.57320
C 45.70460 129.28200 12.68620
C 51.10040 131.11200 12.95330
C 49.88640 134.08700 12.89380
C 49.03570 128.71700 12.84310
C 54.39440 130.54100 13.07590
C 52.21730 128.00600 12.90470
C 53.19740 133.59300 12.98630
C 57.64130 129.92700 13.11430
C 59.84270 132.26200 13.20140
C 56.61960 132.89900 13.05820
C 60.86270 129.35800 13.26550
H 61.36280 131.12700 11.65720
H 60.30630 134.10500 11.63850
C 64.32030 2.95683 10.06790
C 63.16610 5.97104 10.02760
C 67.60420 2.32724 10.24980
C 66.41680 5.35287 10.29570
C 62.05110 0.54403 9.98858
C 70.79230 1.79472 10.50610
C 69.73500 4.72677 10.47510
C 74.08220 1.06462 10.59100
C 72.91330 4.06514 10.56740
C 75.14580 6.34434 10.57190
C 76.20820 3.53372 10.69580
C 79.44460 2.89715 10.83980
C 78.48500 5.86225 10.81550
C 81.63490 5.29206 10.96600
C 77.27250 0.50762 10.67800
C 82.69980 2.35603 10.88000
C 84.86030 4.68918 10.94910
C 85.94100 1.78448 10.91760
C 87.98360 4.15847 11.02140
C 65.28490 8.27662 10.25970
C 67.48190 10.81280 10.38560
C 64.24710 11.26320 10.17390
C 62.07560 8.78969 10.06510
C 68.56960 7.63319 10.42050
C 71.78070 7.09686 10.58040
C 70.78830 10.19210 10.43860
C 69.55640 13.07540 10.54590
C 73.90160 9.43002 10.57040
C 72.85790 12.50200 10.57970
C 80.54950 8.27595 10.85800
C 76.15390 11.87420 10.65610
C 77.36590 8.97916 10.69500
C 79.53090 11.34330 10.88760
C 87.02430 7.09361 11.01430
C 83.77440 7.76930 10.91800
C 82.73220 10.80400 10.97900
C 84.86810 13.17630 11.03510
C 85.95660 10.09590 10.90480
C 88.20760 12.47450 11.03050
C 66.42800 13.69020 10.36660
C 62.10600 17.41590 10.21080
C 65.33770 16.70010 10.35750
C 63.22400 14.33440 10.24730
C 64.27670 19.67330 10.36010
C 67.36300 19.00180 10.33830
C 68.54530 16.00770 10.42560
C 71.75130 15.40230 10.61340
C 70.71250 18.33280 10.42370
C 73.98110 17.86100 10.63720
C 75.03080 14.80320 10.64380
C 78.40160 14.25420 10.90750
C 80.58290 16.65560 11.01230
C 77.30590 17.22460 10.77070
C 79.43950 19.62390 10.83330
C 76.14530 20.31580 10.58550
C 81.60830 13.67560 11.04540
C 83.74730 16.14870 11.09400
C 86.87990 15.45820 11.06090
C 82.52100 19.05890 11.02920
C 85.90150 18.47080 11.00550
C 63.12390 22.77950 10.32670
C 66.32070 22.22460 10.28980
C 65.20670 25.32870 10.36540
C 62.09210 25.73560 10.31140
C 68.53410 24.64340 10.34490
C 73.00590 20.94060 10.45800
C 71.84010 24.02870 10.52430
C 69.57650 21.50400 10.32750
C 73.89460 26.32530 10.74150
C 70.76390 26.93530 10.62460
C 75.07220 23.37290 10.60180
C 78.33400 22.70860 10.72610
C 77.20870 25.69700 10.76300
C 81.52380 21.97090 10.82010
C 80.35240 25.15990 10.72180
C 87.99480 20.89710 11.05500
C 86.99370 23.73270 11.00010
C 84.70600 21.43020 11.04320
C 83.78300 24.37040 10.82570
C 85.80470 26.86450 10.90530
C 64.16130 28.28650 10.50260
C 67.48540 27.74050 10.54480
C 66.39550 30.68890 10.72420
C 65.29830 33.49290 10.83400
C 63.05740 31.19670 10.67850
C 72.85760 29.29640 10.92130
C 71.79420 32.21760 10.93390
C 68.55380 32.99800 10.95140
C 69.65480 30.05100 10.85440
C 78.14280 31.16250 10.96780
C 80.41180 33.42740 11.08330
C 76.03640 28.71950 10.93240
C 79.25580 28.18240 10.79900
C 81.44340 30.51870 10.99220
C 75.00020 31.54010 11.04360
C 87.99430 29.22690 10.96790
C 83.70600 32.89380 11.03760
C 84.84150 29.87610 10.98350
C 86.88790 32.35210 11.08410
C 82.64000 27.51530 10.81970
C 64.13920 2.90165 13.30870
C 62.88120 5.95803 13.29920
C 67.31650 2.23811 13.50020
C 66.25570 5.29028 13.40380
C 62.04380 0.58019 13.29690
H 62.41900 2.37226 11.62150
H 65.65970 1.78593 11.71140
H 64.46210 4.76811 11.75610
H 67.86180 4.10789 11.92050
C 70.54220 1.70889 13.69230
C 69.49580 4.72967 13.71860
C 73.98780 1.15953 13.81190
C 72.86470 4.08786 13.80730
H 73.25590 5.91662 12.15180
H 69.94050 6.58354 12.16500
H 71.08550 3.58044 12.18230
H 72.18600 0.59838 12.17670
H 74.39180 2.94389 12.19890
H 68.88930 1.11492 11.97230
C 74.96050 6.51804 13.82590
C 76.04670 3.58215 13.92530
C 79.38380 2.77811 14.05050
C 78.27920 5.88145 14.07760
C 81.60600 5.39868 14.16710
C 77.18500 0.50758 13.96030
H 79.82040 4.71108 12.56120
H 76.58340 5.37393 12.35420
H 77.59120 2.34198 12.37700
H 80.87830 1.70381 12.37540
C 82.60850 2.29778 14.09300
C 84.80270 4.71503 14.23620
C 85.90970 1.64062 14.16750
C 87.98790 4.03821 14.25240
H 86.22850 3.54690 12.63570
H 87.37610 0.53306 12.46020
H 85.16560 6.51319 12.55230
H 83.08190 4.14631 12.58480
H 84.14180 1.11696 12.50530
C 65.18680 8.29621 13.50060
C 64.04690 11.33100 13.34400
C 67.35330 10.66100 13.59980
C 61.88570 8.87324 13.31020
H 67.75780 12.55770 12.11770
H 65.65290 10.11670 11.90440
H 63.47550 7.73218 11.79310
H 66.70690 7.14220 11.93190
H 62.33310 10.66980 11.59970
H 64.47690 13.15100 11.78660
C 68.35830 7.77603 13.60020
C 71.73840 7.08379 13.77320
C 70.56080 10.10670 13.71860
C 69.53840 13.11470 13.75830
C 73.91280 9.43919 13.74440
C 72.76600 12.45170 13.77990
H 71.02940 11.94060 12.14340
H 68.87820 9.58954 11.95130
H 74.32820 11.32070 12.18120
H 72.07710 8.96069 12.19670
C 80.36870 8.29917 14.10430
C 76.01330 11.82550 13.94940
C 77.05270 8.93256 13.90030
C 79.27940 11.18960 14.11650
H 75.44700 8.28356 12.09070
H 80.89250 10.13860 12.49770
H 77.61030 10.77290 12.35770
H 79.78450 13.09340 12.64470
H 78.67700 7.71172 12.44890
C 86.85940 7.15585 14.21780
C 83.66610 7.73525 14.13940
C 82.65160 10.67250 14.16900
C 84.91840 12.95500 14.20480
C 85.87140 10.12680 14.16500
C 88.03660 12.43850 14.22660
H 86.33480 11.86570 12.53700
H 83.07920 12.53320 12.65870
H 81.93710 7.20517 12.53940
H 87.41520 8.94973 12.56650
H 84.14440 9.54138 12.53590
C 66.15190 13.71520 13.57250
C 62.96800 14.32670 13.42500
C 65.20920 16.61990 13.56900
C 64.18790 19.68190 13.58820
C 67.38510 19.10500 13.62250
C 61.96080 17.34550 13.54370
H 66.72030 15.51040 12.00020
H 62.36860 19.17630 11.93500
H 65.64900 18.49010 12.03210
H 63.45410 16.21970 11.91600
C 68.42990 16.15820 13.66880
C 71.68870 15.46460 13.83310
C 70.68080 18.58060 13.61180
C 73.87460 17.80420 13.84230
H 73.24830 14.30720 12.26580
H 68.86360 17.92440 11.99060
H 74.34280 19.72870 12.21930
H 72.14090 17.28410 12.18400
H 71.05340 20.32540 11.89150
H 69.94050 14.93010 12.18740
C 74.99260 14.89890 13.96190
C 81.54760 13.62880 14.30540
C 78.15250 14.25340 14.12420
C 80.35670 16.62800 14.23780
C 77.08780 17.29030 13.94930
C 79.20930 19.77380 14.05220
H 78.68160 16.05070 12.47400
H 75.41400 16.64150 12.28080
H 77.52170 19.16550 12.34430
H 80.73310 18.50120 12.62250
H 76.44880 13.66590 12.35740
C 76.03800 20.39380 13.92690
H 81.94810 15.51200 12.70750
C 83.64530 16.07720 14.31880
C 86.96000 15.33480 14.29660
C 82.54320 19.12250 14.27710
C 85.76960 18.48360 14.31890
H 87.26180 17.28640 12.72750
H 85.16560 14.91900 12.73670
H 83.99660 17.94040 12.68490
H 86.25500 20.29720 12.64560
C 61.96680 25.71420 13.53940
C 63.11450 22.69440 13.55910
C 66.30910 22.21110 13.52770
C 65.22780 25.10210 13.61040
H 66.65920 24.03650 11.85690
H 67.76570 20.93320 11.94620
H 63.48140 24.54060 11.97480
H 65.67170 27.02810 12.07240
H 64.54620 21.49320 11.94410
C 68.40940 24.48760 13.56690
C 73.83970 26.14020 14.02220
C 71.59920 23.88860 13.75150
C 72.72830 20.86400 13.69760
C 69.56530 21.45830 13.56450
C 70.49290 26.77020 13.91840
H 73.19460 22.76480 12.17050
H 69.93390 23.35260 11.95610
H 68.87710 26.37340 12.08680
H 72.08040 25.75780 12.30680
C 74.96340 23.23690 13.82980
C 77.13710 25.65700 14.02250
C 80.41290 25.06150 13.97470
C 81.35590 22.21920 14.06560
C 78.16860 22.67040 13.93930
H 79.69240 21.50780 12.38730
H 78.63250 24.53460 12.40290
H 80.74770 26.94340 12.35110
H 75.36630 25.12400 12.34100
H 76.49570 22.12780 12.21990
H 81.85150 23.92620 12.29870
C 84.66980 21.47030 14.19900
C 83.53840 24.37000 14.06800
C 86.83240 23.87840 14.21990
C 87.96750 20.97010 14.32550
H 87.21400 25.65590 12.52430
H 85.11980 23.24760 12.57630
H 83.95500 26.23060 12.46240
H 82.84860 20.92430 12.63540
C 85.70610 26.75210 14.16450
C 64.11830 28.06180 13.66090
C 63.08640 31.11010 13.89360
C 67.41080 27.46060 13.75040
C 66.26150 30.48970 14.00460
C 65.22460 33.54390 14.06120
H 67.76850 29.42400 12.34950
H 66.74510 32.38630 12.48220
H 63.43490 32.99170 12.41030
H 64.60740 30.03850 12.19630
H 62.33100 27.58960 11.99500
C 68.48810 32.90700 14.21130
C 71.72300 32.32400 14.23250
C 69.56210 29.88290 14.07130
C 72.76880 29.15950 14.07690
H 70.95410 28.66580 12.42420
H 73.20370 31.05920 12.64330
H 69.99770 31.77980 12.57160
H 74.25360 28.01700 12.47840
C 75.08160 31.54870 14.28240
C 79.27420 28.03060 14.05630
H 75.40390 33.42970 12.62640
H 77.52470 27.49550 12.41480
H 78.62880 32.87940 12.67770
C 81.41910 30.38300 14.14980
C 80.38250 33.43890 14.33140
C 76.01440 28.48700 14.09400
C 78.28550 31.02810 14.25720
H 79.63870 29.89360 12.48320
H 76.50290 30.39660 12.66250
H 86.23710 28.62330 12.65920
C 88.03600 29.17670 14.23190
C 86.94590 32.17250 14.26840
C 84.70170 29.78720 14.25010
H 85.11410 31.64940 12.66100
C 83.71310 32.95030 14.28730
H 81.93500 32.30100 12.69740
H 82.96300 29.29010 12.56930
C 82.48470 27.40580 14.09150
C 64.16830 36.39660 10.69710
C 63.11620 39.36840 10.47310
C 67.51170 35.78430 10.94410
C 66.43240 38.78870 10.66780
C 61.94690 34.10420 10.72690
C 70.60790 35.25990 10.90570
C 69.60650 38.34760 10.84560
C 73.94810 34.59080 10.96980
C 72.93490 37.68540 10.91800
C 75.11600 40.02150 10.80930
C 76.13550 37.02910 11.02520
C 79.33580 36.42850 11.18330
C 78.42820 39.41160 10.96960
C 81.52950 38.76820 11.11200
C 77.24730 34.03360 11.07060
C 82.56190 35.77910 11.05220
C 84.86110 38.18410 11.16600
C 85.94490 35.33260 11.11440
C 88.07450 37.76650 11.11360
C 61.99950 42.45800 10.31270
C 65.25570 41.71250 10.54730
C 67.57790 44.22860 10.48330
C 64.21910 44.74930 10.24950
C 66.51850 47.09800 10.30400
C 68.64290 41.23890 10.72890
C 71.72550 40.46970 10.87090
C 70.74880 43.65940 10.55980
C 74.01810 43.17170 10.56650
C 69.70300 46.70740 10.47880
C 72.89180 46.14420 10.64050
C 80.65050 41.76130 10.88490
C 77.33670 42.38470 10.72320
C 79.47740 44.73990 10.60720
C 76.17010 45.40100 10.56570
C 87.00590 40.66330 11.04330
C 83.88510 41.15550 10.91560
C 82.69290 44.15250 10.63860
C 86.03900 43.68040 10.73860
C 84.90420 46.74770 10.60050
C 88.20400 46.10310 10.68350
C 62.00600 50.82280 9.82859
C 65.44610 50.07680 9.94246
C 63.07030 47.77570 10.03530
C 64.39430 53.23690 9.82812
C 67.74800 52.53180 9.98934
C 68.58710 49.62030 10.25900
C 71.79870 48.98900 10.48230
C 70.86510 52.01010 10.24420
C 74.03460 51.44450 10.26720
C 81.61060 47.36050 10.43720
C 75.00300 48.41630 10.53000
C 78.27970 47.91900 10.44210
C 80.57160 50.17260 10.47300
C 77.18700 50.81710 10.44330
C 79.41520 53.10230 10.36900
C 76.25650 53.80180 10.21430
C 83.92920 49.64930 10.48970
C 87.11540 49.05800 10.66730
C 82.63910 52.57920 10.39740
C 86.13680 52.07850 10.46990
C 62.08700 59.14740 9.63309
C 63.29370 56.14500 9.72062
C 66.50800 55.68940 9.88399
C 65.41050 58.57590 9.68630
C 68.73320 57.96940 9.82497
C 70.84540 60.51010 9.98140
C 73.00210 54.50560 10.13140
C 69.63970 55.09490 10.01310
C 71.94150 57.57910 10.04300
C 74.01910 59.94260 10.05610
C 75.18450 56.86150 10.06460
C 77.25080 59.29960 10.06070
C 78.47380 56.36840 10.10650
C 81.60160 55.61740 10.19640
C 80.55910 58.74170 9.99076
C 85.94300 60.39530 10.11110
C 87.14820 57.39480 10.09230
C 83.88680 58.03080 10.09090
C 88.10440 54.38560 10.37890
C 84.87440 54.95640 10.24040
C 67.53700 61.00470 9.73384
C 64.31360 61.60010 9.59605
C 66.49940 64.01170 9.63424
C 63.16740 64.53180 9.60100
C 65.34320 66.92740 9.53665
H 66.75670 65.85660 11.29100
H 63.58540 66.40750 11.14010
H 62.48260 61.01900 11.18950
H 64.67940 63.44110 11.22070
C 68.56460 66.46070 9.67481
C 71.91160 65.81870 9.82052
C 69.74410 63.37270 9.84562
C 72.91340 62.85140 10.01510
H 70.04370 65.35180 11.34440
C 75.01010 65.29890 9.87895
C 81.70280 64.16070 9.79501
C 79.32530 61.62450 9.92110
C 78.35400 64.74860 9.89119
C 76.15360 62.39400 9.96269
C 80.44290 67.18400 9.86305
H 75.45570 67.14340 11.42470
C 82.79250 61.12810 9.90200
C 83.80560 66.44390 9.80899
C 88.18690 62.73690 10.03610
C 87.20330 65.77410 9.81268
C 84.97890 63.35670 9.91235
C 64.04170 36.67640 13.94640
C 62.92560 39.47470 13.69720
C 67.29090 35.93730 14.11440
C 66.33430 38.88040 13.90440
C 61.79260 34.13940 13.89460
H 65.57130 35.36270 12.43810
H 64.58030 38.33700 12.19760
H 67.83060 37.67500 12.41610
H 62.29760 35.99770 12.33000
C 70.75180 35.40320 14.20110
C 69.57030 38.23590 14.09470
C 73.95750 34.69740 14.20010
C 72.87890 37.80960 14.13640
H 74.35360 36.48950 12.57050
H 71.10230 37.15980 12.45160
H 69.93910 40.11980 12.58070
H 72.10730 34.11370 12.54860
H 73.32790 39.59250 12.55080
H 68.94280 34.74480 12.66490
C 75.14350 40.30610 14.08280
C 76.05160 37.28100 14.24190
C 79.41760 36.37850 14.41480
C 78.28970 39.70110 14.24100
C 81.63730 38.96830 14.31290
C 77.15800 34.02440 14.34440
H 80.81220 35.25370 12.75500
H 76.53170 39.01800 12.54020
H 77.53410 35.88170 12.80340
H 79.79500 38.31230 12.80170
C 82.64950 35.72580 14.35610
C 84.83680 38.24070 14.30980
C 85.81050 35.22840 14.38390
C 88.19290 37.71550 14.32790
H 84.09910 34.71420 12.63650
H 87.30030 34.07510 12.75450
H 86.34020 37.08460 12.80130
H 82.98050 37.58270 12.75550
H 85.24490 40.12690 12.71920
C 65.16220 41.96830 13.67590
C 64.10380 45.04030 13.50510
C 67.34660 44.34540 13.75090
C 61.93090 42.62200 13.52440
H 64.52860 46.68080 11.72660
H 65.64000 43.72930 12.01720
H 63.36090 41.27540 12.05690
H 66.76100 40.67020 12.25260
H 67.85130 46.09070 12.09990
H 62.39500 44.36310 11.85410
C 68.35330 41.40400 14.00450
C 71.78850 40.88190 14.06190
C 70.74660 43.62830 13.86580
C 73.92830 43.16320 13.89960
C 69.65340 46.71030 13.73860
C 72.91530 46.09450 13.85150
H 72.20770 42.48410 12.16230
H 71.09360 45.48580 12.23720
H 68.96180 43.11000 12.27830
H 74.37400 44.96290 12.24130
C 80.55070 42.05110 14.12180
C 77.20130 42.57710 13.92490
C 79.44230 44.98570 13.82500
C 76.18690 45.57910 13.82090
H 78.77090 41.31140 12.50530
H 80.94950 43.71340 12.37400
H 79.78430 46.72870 12.03550
H 75.43090 41.99230 12.23490
H 77.65420 44.33490 12.23110
H 82.05990 40.72940 12.60040
C 87.01050 40.85100 14.32360
C 83.84000 41.47460 14.21920
C 82.79030 44.46360 13.90200
C 85.92160 43.78540 14.03530
C 84.78710 46.68410 13.80130
C 88.13960 46.14250 13.89520
H 87.44510 42.54840 12.50560
H 84.18480 43.11510 12.36270
H 86.34870 45.52830 12.25850
H 83.09610 46.13010 12.01280
C 66.16820 47.31270 13.44820
C 65.19740 50.38170 13.18760
C 63.02520 47.98650 13.28500
C 64.23030 53.24040 12.99820
C 67.32880 52.61130 13.20530
C 61.97770 50.95330 13.03590
H 66.74890 49.02960 11.78140
H 63.52690 49.72020 11.49790
H 62.44520 52.74950 11.32950
H 65.70420 52.04410 11.39570
C 68.28700 49.58670 13.46150
C 71.63980 49.23130 13.65220
C 70.76960 52.22890 13.44430
C 74.02140 51.62840 13.56690
H 69.97200 48.45410 11.97790
H 73.26740 47.99410 12.27350
H 74.40790 53.35160 11.85090
H 72.26450 50.93040 11.97230
H 69.00500 51.43500 11.84890
H 71.12100 53.98790 11.70840
H 76.51810 47.30290 12.12950
C 81.60400 47.26390 13.70420
C 75.11390 48.57590 13.73500
C 78.32950 47.84920 13.73210
C 80.56320 50.32060 13.71650
C 77.18000 50.96240 13.64740
C 79.49530 53.33550 13.55090
H 77.64750 52.71740 11.99970
H 78.70160 49.72720 12.10610
H 75.42110 50.31780 12.03620
H 80.97950 52.10740 12.00430
C 76.16830 54.02630 13.49570
H 82.08960 49.16180 12.14590
C 83.82920 49.83720 13.82650
C 87.13970 49.13640 13.87760
C 82.76650 52.82700 13.55660
C 85.91790 52.15060 13.68190
H 87.50040 50.94460 12.22750
H 84.21070 51.55370 12.00130
H 85.32190 48.55140 12.29580
H 86.30690 53.94800 12.04100
C 62.04550 59.31340 12.83610
C 63.02830 56.31580 12.92660
C 66.49020 55.76170 13.07850
C 65.34340 58.71300 12.90650
H 67.87540 54.41750 11.55810
H 64.69670 55.12790 11.49690
H 66.86170 57.49970 11.38790
H 63.58390 58.07400 11.28610
H 65.70480 60.47990 11.22930
C 68.55280 58.10980 13.07480
C 72.88960 54.58490 13.38060
C 69.54890 55.19140 13.19810
C 71.83850 57.52010 13.27410
C 74.02920 59.97450 13.30550
H 68.95330 59.87950 11.41240
H 72.24830 59.35800 11.72580
H 73.34630 56.36300 11.65110
H 70.10950 56.96090 11.55690
C 70.58430 60.53940 13.16300
C 75.15510 56.94190 13.26350
C 78.45620 56.47240 13.43900
C 77.20460 59.39520 13.26330
C 80.61620 58.94110 13.28010
C 81.66000 55.79250 13.41540
H 76.68200 55.73400 11.70080
H 80.97640 60.59630 11.53990
H 79.82540 55.08690 11.83920
H 75.45750 58.79020 11.63520
H 78.76670 58.23920 11.71710
H 81.97990 57.55920 11.66420
C 85.93790 60.51000 13.31100
C 88.18680 54.54100 13.53470
C 87.09450 57.45870 13.37900
C 84.74920 55.20990 13.52400
C 83.80970 58.04690 13.30940
H 87.46150 59.27600 11.72940
H 84.11640 59.95250 11.72530
H 85.31320 56.88820 11.72930
H 83.07800 54.51070 11.86780
C 64.23000 61.61160 12.80550
C 65.25310 67.09950 12.83200
C 67.40770 61.08830 12.93010
C 63.18050 64.66710 12.79770
C 66.38610 63.96300 12.92160
H 67.86130 62.87850 11.29040
C 68.46300 66.50080 12.92210
C 72.85170 62.91350 13.25150
C 69.47670 63.57100 13.00980
C 71.66940 65.90960 13.09980
H 71.06840 62.33220 11.61840
H 74.41950 61.80550 11.65100
H 73.26650 64.72070 11.55430
C 75.08810 65.36290 13.13770
C 79.43620 61.80870 13.15080
C 80.54140 67.14180 13.16780
C 76.16590 62.47010 13.25270
C 78.41730 64.62730 13.09480
C 81.59950 64.16230 13.09440
H 77.58660 61.24460 11.65200
H 78.74390 66.56120 11.54430
H 76.53070 64.20940 11.53130
H 79.86000 63.57130 11.37980
H 81.99890 66.00460 11.48750
C 87.17090 65.90520 13.09390
C 82.70460 61.28170 13.24970
H 85.36610 65.33730 11.39630
H 83.09060 62.98220 11.49940
C 88.24730 62.92460 13.27420
H 86.41570 62.28260 11.67470
C 84.90180 63.57810 13.11600
C 83.87950 66.54670 13.01640
C 64.11380 69.94300 9.57024
C 63.03760 72.98330 9.55354
C 67.49930 69.34140 9.61575
C 66.38410 72.44580 9.48170
C 62.09320 67.67520 9.64036
H 65.61800 68.87670 11.18720
H 62.44630 69.44810 11.30930
H 64.58420 71.86180 11.11840
H 67.78480 71.28570 11.16110
C 70.72630 68.75150 9.78563
C 69.69950 71.82830 9.65303
C 73.95650 68.25080 9.80628
C 72.82800 71.24970 9.72302
H 68.91400 68.31620 11.30700
H 69.92520 73.68150 11.20700
H 71.06480 70.66350 11.35920
H 73.15570 73.00900 11.42670
H 74.24800 70.14470 11.39130
H 72.19580 67.66620 11.45740
C 74.86800 73.68020 9.79489
C 77.27180 67.67910 9.85878
C 76.09930 70.73340 9.80614
C 79.32850 70.12410 9.92419
C 78.22660 72.96940 9.89384
C 81.49530 72.32440 9.88903
H 77.52400 69.57460 11.47980
H 80.90490 68.94740 11.52410
H 76.34690 72.54750 11.42920
H 79.71240 71.91820 11.63300
C 82.65780 69.52330 9.86841
C 84.83030 71.93970 9.80536
C 86.04800 68.86200 9.75043
C 88.18290 71.25120 9.79111
H 83.07850 71.37480 11.48900
H 86.35830 70.72730 11.38890
H 85.25350 73.71220 11.42670
C 61.99340 76.09000 9.65051
C 65.14050 75.44130 9.52832
C 67.35190 77.79700 9.44739
C 64.07800 78.49350 9.50118
H 64.50950 80.28130 11.14420
H 65.55130 77.29550 11.08090
H 67.72060 79.61270 11.09180
H 62.43730 77.91700 11.26230
H 63.40920 74.82290 11.20860
H 66.69320 74.30450 11.07530
C 66.23380 80.83590 9.50542
C 71.88330 74.23000 9.72742
C 68.50870 74.80540 9.46219
C 70.67000 77.22510 9.58922
C 69.56520 80.30160 9.56564
C 73.82850 76.71730 9.65821
C 72.73350 79.55290 9.55722
H 74.24600 78.56260 11.24860
H 70.96940 79.15290 11.17200
H 68.79460 76.65750 11.10730
H 72.05800 76.15320 11.32220
C 80.44590 75.45280 9.77877
C 76.06620 78.93670 9.53846
C 77.12940 75.93310 9.70595
C 79.40610 78.33040 9.59231
H 79.69200 80.25590 11.14440
H 75.26660 75.60320 11.31900
C 81.57140 80.65810 9.57254
H 77.56280 77.90440 11.21420
H 78.62780 74.92580 11.37850
H 80.76610 77.31280 11.35680
C 87.02850 74.25990 9.79916
C 83.72130 74.81940 9.78643
C 82.58330 77.80470 9.74949
C 84.70240 80.30090 9.61929
C 85.92990 77.07380 9.66779
C 88.14840 79.53980 9.61239
H 86.23400 79.06530 11.12970
H 83.00880 79.65270 11.32890
H 84.12360 76.66840 11.34000
H 81.89180 74.27380 11.40920
H 87.40520 76.06920 11.40270
C 62.01930 84.46800 9.40654
C 65.16330 83.77200 9.44682
C 63.08150 81.43350 9.51551
C 64.13540 86.79350 9.42791
C 67.34650 86.10530 9.33099
H 66.65700 82.68180 11.06490
H 63.43210 83.26670 11.10210
H 65.61260 85.62390 11.03360
H 62.32550 86.31170 11.02870
C 68.34910 83.20700 9.42281
C 71.60260 82.56290 9.43756
C 70.63530 85.56480 9.33961
C 73.85990 85.02140 9.33468
H 74.26210 86.87100 10.95420
H 72.07670 84.46620 10.93950
H 69.86580 82.17600 11.11840
H 68.83640 85.06180 10.97570
H 73.11600 81.56400 11.01870
H 71.06540 87.47340 10.87160
C 74.90430 82.02390 9.42381
C 78.31510 81.44240 9.47907
C 80.33800 83.65570 9.40099
C 77.20760 84.38580 9.35240
C 79.37210 86.87490 9.29205
H 76.46230 80.88960 11.04100
H 80.81080 85.62690 10.85160
H 75.37060 83.92530 10.91290
H 77.48540 86.36080 10.87620
H 78.61460 83.29450 11.16100
C 75.99840 87.52880 9.31342
C 85.92490 85.69660 9.48490
C 83.80000 83.23320 9.49869
C 86.96650 82.65480 9.57867
C 82.68250 86.29550 9.41087
H 81.96200 82.65930 11.02530
H 87.35720 84.50790 11.14060
H 85.20110 82.08340 11.22770
H 84.07690 85.08880 11.09060
H 86.27980 87.47030 11.15190
C 61.94110 92.90670 9.20514
C 66.27850 89.24710 9.23222
C 63.05270 89.86400 9.25773
C 65.18450 92.37550 9.31044
H 63.36900 91.71870 10.87290
H 66.60540 91.06760 10.89530
H 65.54250 94.07320 11.00110
H 64.52410 88.69730 10.94420
H 67.76150 88.01720 10.85450
C 68.47750 91.67110 9.40216
C 71.69780 91.11810 9.47161
C 73.90710 93.46600 9.54741
C 69.59970 88.65180 9.28493
C 72.85730 88.11550 9.31073
C 70.61840 94.04220 9.56469
H 68.77110 93.36670 11.17520
H 72.12110 92.84030 11.16720
H 73.17830 89.87900 11.01730
H 69.93600 90.40730 10.97470
C 74.98180 90.51860 9.44616
C 77.04720 92.89980 9.52754
C 80.44800 92.20720 9.51860
C 81.69870 89.21250 9.42388
C 78.21750 89.82090 9.39851
H 75.30760 92.22990 11.14600
H 78.59080 91.67860 11.04960
H 80.80720 94.01500 11.13700
H 76.43400 89.30920 11.02950
H 79.75740 88.69750 10.94280
C 84.79530 88.73830 9.52948
C 86.86540 91.11140 9.59224
C 83.65300 91.79800 9.60163
C 88.03080 88.13500 9.45507
H 82.99860 88.06310 11.07110
H 81.92320 91.04000 11.10360
H 84.07320 93.47520 11.36210
H 87.29110 92.84590 11.31660
H 85.09580 90.49160 11.19930
C 85.88940 94.02250 9.74418
H 63.38880 100.05000 11.09750
H 66.70210 99.46660 11.18450
H 67.70690 96.49780 11.15120
C 65.33270 100.75000 9.64555
C 67.42380 94.68380 9.49679
C 66.36560 97.79270 9.46388
C 63.08340 98.35320 9.33303
C 64.12800 95.19930 9.27965
H 62.27870 94.75250 10.81510
H 64.47320 97.05700 10.84950
H 73.18210 98.21920 11.33070
H 74.27340 95.22160 11.26180
C 72.82850 96.50860 9.63860
H 70.96830 95.79320 11.21780
H 69.94360 98.81480 11.24210
C 71.81180 99.52930 9.79079
C 69.58180 97.08520 9.58713
C 68.49640 100.10400 9.68540
C 75.03840 98.84240 9.81292
C 78.16910 98.26210 9.90676
C 81.53160 97.69950 9.71150
C 79.30740 95.20960 9.57802
C 80.41060 100.60300 9.84513
H 79.74360 96.97760 11.25600
H 77.52840 94.66620 11.16410
H 78.66810 100.01600 11.57140
H 76.39420 97.58830 11.48420
H 75.48990 100.59700 11.53670
C 75.98140 95.95670 9.68895
C 84.77240 96.90920 9.70472
C 83.66090 100.04400 9.70485
H 85.18290 98.84960 11.22370
H 82.95360 96.43780 11.26580
C 87.04430 99.49450 9.72974
C 87.91980 96.33440 9.66866
H 81.90100 99.41250 11.38030
H 86.23010 95.89240 11.44560
C 82.63810 94.59700 9.64339
C 64.22080 70.13030 12.85500
C 63.13970 73.00100 12.78930
C 67.33030 69.47460 12.82260
C 66.34210 72.51990 12.71890
C 62.21580 67.57270 12.85520
C 70.63940 68.84740 12.98830
C 69.51810 71.81860 12.87550
C 73.99870 68.33510 13.04840
C 72.79260 71.20670 13.05530
C 74.90000 73.81620 12.98190
C 75.95990 70.71240 13.09100
C 79.35000 70.02140 13.14210
C 78.12310 73.18470 13.06750
C 81.64960 72.49850 13.14160
C 77.22090 67.69370 13.11490
C 82.74370 69.53570 13.07340
C 84.90550 71.90310 13.07640
C 85.99120 68.88110 13.02040
C 88.13270 71.29780 13.04920
H 84.21100 68.39280 11.37390
H 87.50980 67.71570 11.38700
C 65.24010 75.44910 12.72910
C 64.24470 78.50010 12.87800
C 67.34720 77.80610 12.71600
C 62.00220 76.03030 12.85420
C 68.44420 74.88610 12.75930
C 71.65450 74.26320 12.91800
C 70.45750 77.38410 12.81050
C 69.41960 80.37810 12.70920
C 73.82480 76.78160 12.95590
C 72.77520 79.89650 12.75830
C 80.37780 75.55920 12.99470
C 76.09890 79.15560 12.76950
C 77.11680 76.13790 12.87520
C 79.24520 78.53180 12.88610
C 87.05250 74.18650 13.04030
C 83.68910 74.88280 12.99770
C 82.58150 77.86940 12.95290
C 84.85650 80.25620 12.87090
C 85.91180 77.29830 12.90920
C 87.99860 79.63270 12.79630
C 66.35790 80.93350 12.68930
C 62.97760 81.43900 12.68200
C 65.23160 83.86460 12.68730
C 64.14480 86.85770 12.62020
C 67.41830 86.27440 12.59210
C 61.95970 84.48890 12.63010
C 68.37800 83.30540 12.66480
C 71.66290 82.73090 12.68550
C 70.69140 85.69110 12.51540
C 73.81540 84.95600 12.54850
C 75.03900 82.06450 12.56730
C 81.45670 80.89990 12.74320
C 78.24790 81.44210 12.73210
C 80.50580 83.87410 12.64790
C 77.08910 84.59250 12.58150
C 79.34720 86.82120 12.47470
C 75.95350 87.40010 12.57530
C 83.64360 83.23750 12.73260
C 87.04890 82.69530 12.81300
C 82.53890 86.20330 12.62420
C 85.86220 85.65730 12.76360
C 63.02090 89.84540 12.48390
C 66.35840 89.21460 12.52100
C 65.16050 92.23700 12.54490
C 61.85900 92.96880 12.47870
C 68.37290 91.36300 12.60270
C 72.78170 88.05160 12.56690
C 69.53190 88.50970 12.48290
C 71.64730 90.92580 12.66550
C 73.93780 93.36450 12.83250
C 70.59500 93.86090 12.78250
C 74.94540 90.38430 12.67770
C 78.25670 89.82200 12.62970
C 81.49570 89.18370 12.66150
C 80.39710 92.16080 12.69900
C 77.14160 92.71930 12.72410
C 85.87170 93.99960 12.98050
C 84.76630 88.59530 12.71700
C 86.86350 90.94370 12.81040
C 83.58330 91.53710 12.84050
C 88.04440 88.09590 12.77540
C 67.26790 94.62210 12.69400
C 62.99100 98.06340 12.54140
C 63.99060 95.23710 12.51680
C 65.13860 100.39600 12.85830
C 66.12930 97.57040 12.65590
C 71.62550 99.33160 12.98120
C 72.77190 96.32430 12.88340
C 68.44780 99.77220 12.92920
C 69.47570 96.97130 12.84370
C 80.53560 100.53700 13.10100
C 78.32440 98.08860 12.96580
C 79.36350 95.09540 12.77910
C 81.48690 97.49960 12.91970
C 74.97520 98.68170 13.03930
C 76.03710 95.64510 12.90930
C 86.95960 99.28270 12.92040
C 82.51880 94.58430 12.84840
C 84.65900 97.09600 12.91420
C 88.15110 96.32860 12.93230
C 83.69060 99.95850 12.93020
C 63.19360 106.57800 9.87958
C 64.36830 103.77700 9.79432
C 67.45020 102.97900 9.90538
C 66.39390 106.04700 9.99867
C 62.07390 101.44100 9.45777
H 65.64520 102.40400 11.49140
H 64.62120 105.40200 11.59560
H 62.47550 103.03800 11.21450
H 67.77800 104.75500 11.59990
C 74.09660 101.86800 9.98080
C 69.65020 105.39500 10.09890
C 70.77640 102.37600 9.99522
C 72.98140 104.91600 10.23900
H 68.95310 101.75800 11.50930
H 72.28780 101.22100 11.57820
H 69.99680 107.21300 11.79040
H 71.13060 104.23300 11.66930
H 74.39690 103.59800 11.75450
H 73.25600 106.68500 11.99020
C 75.01050 107.23500 10.32220
C 79.33990 103.62200 10.00090
C 81.56840 106.03300 10.07940
C 76.12800 104.18900 10.13120
C 78.18070 106.61000 10.16540
C 77.28960 101.23100 9.95811
H 76.49050 105.99200 11.81360
H 80.84090 102.38900 11.52220
H 79.75690 105.38000 11.69870
H 77.62010 102.97000 11.65200
C 87.98390 104.78300 9.82607
C 85.97400 102.49700 9.86470
C 84.88750 105.51600 10.02680
C 82.56540 103.05900 9.88252
H 83.07290 104.80600 11.56350
H 84.12970 101.85100 11.36450
H 87.39990 101.24100 11.47690
H 86.31850 104.24200 11.51490
H 85.17500 107.15000 11.85080
C 65.32220 108.89900 10.03620
C 64.19400 111.86700 9.91303
C 67.53510 111.35500 10.07220
C 62.08730 109.57100 9.75471
H 63.38000 108.39700 11.51770
H 66.78960 107.80000 11.74580
H 62.34320 111.38100 11.44900
H 64.47110 113.72700 11.64010
H 65.64250 110.76300 11.58150
H 67.85930 113.27000 11.65520
C 68.58060 108.42900 10.13460
C 71.83520 107.84000 10.26360
C 74.02870 110.09700 10.31860
C 72.99180 113.19600 10.15160
C 69.70020 113.76300 10.02920
C 70.86990 110.74800 10.15820
H 69.00900 110.23900 11.75840
H 72.17720 109.63600 11.93030
H 74.34660 111.95300 11.84150
H 71.11770 112.67800 11.70930
C 79.37420 112.03000 10.33210
C 76.15650 112.48700 10.24140
C 77.10470 109.50000 10.24850
C 80.41850 109.00300 10.23900
H 78.61280 108.37900 11.81570
H 75.42780 108.97900 11.97700
C 86.83780 107.77100 10.09950
C 84.77910 113.82000 10.26540
C 83.67260 108.33700 10.22570
C 85.85620 110.84200 10.20450
C 82.59840 111.17000 10.17850
C 88.11320 113.20100 10.35060
H 81.92620 107.75900 11.82540
C 66.33220 114.30700 10.01370
C 65.32600 117.49500 9.88736
C 64.19860 120.41700 9.94625
C 67.49950 119.81500 10.14290
C 63.25150 114.95000 9.80961
C 62.05620 118.06700 9.71138
H 63.45300 116.84000 11.38300
H 62.28420 119.82700 11.42670
H 66.71530 116.23300 11.51660
C 68.62190 116.85800 9.98682
C 70.70410 119.18900 10.15250
C 71.87820 116.20100 10.12660
C 74.00200 118.56900 10.18930
C 75.14420 115.63100 10.19660
C 81.45040 114.42200 10.24230
C 79.38200 120.46000 10.45960
C 80.39740 117.55300 10.32710
C 77.18070 118.03000 10.25560
C 78.35940 115.03000 10.25260
C 76.12800 121.08300 10.26160
C 82.51700 119.86700 10.39880
C 85.91280 119.06900 10.32070
C 87.02530 116.03900 10.32570
C 83.75880 116.73600 10.21920
C 66.43680 122.80100 10.18480
C 62.18430 126.34300 10.03150
C 65.31980 125.79100 10.24220
C 63.08840 123.44400 10.05130
C 68.54370 125.34200 10.34340
C 70.71240 127.66000 10.48700
C 72.86560 121.60400 10.19150
C 69.63730 122.29600 10.25520
C 71.80480 124.76800 10.32370
C 74.04310 127.05900 10.55140
C 75.13950 124.14500 10.41350
C 80.46700 125.76100 10.56940
C 77.21050 126.42900 10.64390
C 78.42810 123.42900 10.51830
C 81.55700 122.77800 10.55500
C 83.75050 125.14100 10.61100
C 87.00480 124.47500 10.50890
C 84.72780 122.14800 10.44040
C 88.14720 121.47300 10.44100
C 85.94890 127.49000 10.68340
C 66.44430 131.12700 10.33820
C 67.49830 128.16000 10.38810
C 63.23970 131.64200 10.16160
C 64.32720 128.76900 10.20710
C 65.31350 134.14100 10.08950
C 69.66520 130.55400 10.45800
C 71.80610 132.91800 10.62330
C 72.85250 130.07000 10.67320
C 68.57690 133.49100 10.35150
C 81.66600 131.09200 10.79410
C 76.15780 129.37000 10.69040
C 80.63470 134.05700 10.79880
C 79.42270 128.81400 10.63350
C 75.14410 132.22700 10.69880
C 78.35060 131.71600 10.72180
C 83.82540 133.52500 10.79990
C 84.84730 130.44600 10.72240
C 82.81930 128.10900 10.69500
C 87.07460 132.93000 10.75310
C 88.16110 129.92500 10.69390
C 64.10160 103.56300 13.06120
C 63.02450 106.53700 13.07480
C 67.43370 102.82400 13.17830
C 66.39110 105.90800 13.27490
C 61.82620 101.10800 12.67730
C 70.73250 102.33500 13.19970
C 69.50820 105.27400 13.29370
C 74.08890 101.66400 13.23100
C 72.89480 104.69900 13.40630
C 75.15060 107.14000 13.54930
C 76.22400 104.09400 13.33500
C 79.43830 103.50400 13.27570
C 78.31330 106.52300 13.38820
C 81.59680 105.81700 13.29920
C 77.18710 101.09700 13.22300
C 82.67390 102.85100 13.08610
C 84.85610 105.16600 13.24130
C 85.92850 102.36100 13.03740
C 88.19740 104.66600 13.02570
C 65.15520 108.87800 13.20850
C 64.07380 111.79500 13.16920
C 67.38560 111.41200 13.22360
C 61.80360 109.57200 13.05890
C 66.24780 114.39500 13.21600
C 68.48850 108.46100 13.39360
C 71.69510 107.84200 13.51900
C 70.74800 110.87900 13.42390
C 73.96260 110.15100 13.53000
C 69.56830 113.83600 13.29250
C 72.92180 113.24600 13.36900
C 80.43960 108.90900 13.45900
C 77.25770 109.53700 13.52640
C 79.30640 111.89900 13.53550
C 76.16100 112.50600 13.43740
C 81.66500 114.35800 13.47690
H 80.87620 110.78900 11.91200
H 79.70720 113.84000 12.02240
H 77.59580 111.29900 11.84110
C 87.11410 107.58200 13.27140
C 83.67650 108.30800 13.51700
C 82.64430 111.33700 13.49680
C 85.95890 110.69400 13.48270
C 84.76960 113.73500 13.42720
C 88.03240 113.10300 13.56400
H 87.32880 109.58200 11.72670
H 84.13660 110.14900 11.87640
H 83.00680 113.12200 11.71200
H 86.28440 112.61200 11.90100
C 65.18190 117.30900 13.15340
C 62.90020 115.02100 13.06120
C 64.04990 120.35500 13.18760
C 67.37320 119.63000 13.37710
C 61.84550 117.97600 12.98270
H 65.62800 119.25000 11.64270
C 68.43210 116.71400 13.28150
C 71.72990 116.09100 13.29620
C 70.63680 119.10500 13.39240
C 73.91930 118.59800 13.44670
H 71.07280 120.97900 11.84080
H 74.31470 120.40700 11.82860
H 72.16680 118.01800 11.73650
H 73.33890 115.03900 11.72620
H 68.88630 118.57600 11.74990
H 69.95530 115.65600 11.63920
C 75.05450 115.50600 13.45400
C 78.15300 115.01200 13.53150
C 80.43200 117.33800 13.53560
C 77.19250 117.98800 13.55840
C 79.22600 120.35100 13.59710
C 76.02050 120.98500 13.55670
H 78.62110 116.86200 11.92740
H 77.50410 119.83500 11.91130
H 80.76770 119.25500 12.06340
H 76.53010 114.34500 11.81330
H 75.44580 117.40600 11.89250
C 83.65220 116.76600 13.50160
C 86.97210 116.17100 13.61050
C 82.65130 119.59700 13.58850
C 85.79590 119.07500 13.49190
H 84.04600 118.55700 11.83510
H 85.18980 115.65300 11.95020
H 87.35080 117.91900 11.90960
H 86.24500 120.96200 12.00500
H 81.90550 116.24800 11.83200
C 62.91970 123.28200 13.26650
C 66.20470 122.68800 13.39630
C 65.17750 125.73100 13.49400
C 61.90620 126.39200 13.24230
H 65.64060 127.60200 11.94500
H 66.71030 124.57500 11.88620
H 63.50120 125.16800 11.79700
H 67.81990 121.57500 11.85210
H 64.54170 122.21800 11.63810
C 68.37950 125.08700 13.55180
C 72.86960 121.55900 13.47620
C 69.59620 122.04800 13.50920
C 71.81930 124.52100 13.51720
C 70.74640 127.50800 13.74630
C 73.89380 127.00400 13.82360
H 68.94660 127.04700 12.08470
H 72.19990 126.47600 12.04660
H 69.98450 124.02900 11.91200
H 73.26500 123.42300 11.83210
C 74.99620 124.06400 13.56570
C 78.28880 123.24400 13.70410
C 81.54180 122.68200 13.72520
C 80.49950 125.77200 13.78430
C 77.21240 126.29900 13.85920
H 78.67560 125.20400 12.23450
H 80.89770 127.59100 12.15360
H 79.75320 122.20500 12.13410
H 76.52050 122.80200 11.99860
H 75.43420 125.84900 12.23770
H 81.96370 124.58900 12.18970
C 87.03930 124.35800 13.77000
C 83.72450 124.98600 13.85440
C 84.76580 122.00600 13.73050
C 85.97140 127.44800 13.84220
C 88.05960 121.42100 13.62270
H 84.17520 126.87100 12.31430
H 87.44790 126.24700 12.21590
H 85.21580 123.89400 12.16080
H 82.99140 121.53600 12.11820
C 65.09460 134.18100 13.36230
C 66.29980 131.24800 13.50750
C 64.03150 128.75900 13.45730
C 67.36170 128.14800 13.66240
C 63.04880 131.74600 13.33140
H 66.71060 133.06000 11.85610
H 67.80240 129.92800 12.03630
H 62.40830 128.16300 11.65730
H 63.46930 133.58500 11.69290
H 64.62850 130.54100 11.89330
H 71.01050 129.42400 12.20900
H 74.34120 128.87200 12.27480
C 71.69200 132.99400 13.81580
C 72.78290 129.98300 13.85650
C 69.44890 130.51400 13.79610
C 68.36910 133.45600 13.60600
H 73.29080 131.82300 12.32760
H 69.93270 132.34000 12.11670
C 75.15380 132.32600 13.93720
H 79.83120 130.56800 12.38910
C 81.66030 131.04300 14.03430
C 79.53940 128.64600 13.91660
C 76.12710 129.30600 13.87560
C 80.51000 134.10700 13.96660
H 78.72540 133.57700 12.34900
H 76.57020 131.18000 12.33310
H 77.71350 128.18700 12.28040
C 78.33670 131.75300 13.97610
H 75.50630 134.13700 12.26250
C 88.04510 129.82800 13.88400
H 82.07370 132.89000 12.44620
C 83.87780 133.36700 14.04980
H 85.30580 132.30300 12.33930
C 87.01870 132.84600 14.05780
H 86.36290 129.27900 12.23180
C 82.65800 127.99100 13.88640
H 83.10600 129.87700 12.40250
C 84.96420 130.37400 13.91370
C 91.36840 3.59235 10.99810
C 90.30460 6.50798 11.18580
C 94.50860 2.94313 10.92500
C 93.47040 5.95072 11.08590
C 89.18470 1.21870 10.91480
C 92.50590 0.55272 10.97140
C 97.67820 2.43401 10.78790
C 96.70850 5.32383 10.92000
C 99.88950 4.83994 10.74840
C 101.07000 1.75673 10.64930
C 103.25300 4.33378 10.67050
C 105.41900 6.66175 10.72800
C 104.32900 1.23563 10.56760
C 106.45900 3.72454 10.58100
C 107.64700 0.63680 10.44380
C 108.62300 6.01931 10.70130
C 111.93000 5.24605 10.75190
C 109.71900 2.95846 10.56820
C 113.13900 2.39905 10.92730
C 89.25250 9.59616 11.06700
C 92.33420 8.78478 11.07120
C 91.31700 11.81110 11.10280
C 94.55030 11.31300 11.07800
C 95.70090 8.31037 11.07020
C 98.77110 7.86518 10.89890
C 97.79000 10.83470 11.04420
C 99.97880 12.90660 11.01270
C 101.00100 10.07640 10.97900
C 102.22700 7.32233 10.79260
C 107.56200 8.96213 10.80220
C 104.35900 9.58687 10.82650
C 103.26300 12.46910 10.92000
C 106.44600 11.89640 10.83910
C 110.83400 8.18710 10.75930
C 113.90900 7.58972 10.61710
C 109.75000 11.32630 10.70010
C 112.92700 10.78830 10.59020
C 90.27460 14.90930 11.05890
C 93.44980 14.23460 11.04150
C 92.33580 17.32870 10.95430
C 94.48630 19.65100 10.99550
C 89.10220 17.90100 11.10550
C 91.17720 20.23280 11.06240
C 96.71300 13.56070 11.04950
C 95.67440 16.70640 10.90190
C 98.93890 16.00680 10.86370
C 97.77050 18.95690 10.83230
C 101.17100 18.48510 10.82180
C 102.15800 15.40060 10.84500
C 105.43800 14.93940 10.85600
C 104.33600 17.84810 10.80560
C 107.52000 17.27460 10.76610
C 106.42900 20.31820 10.80420
C 112.01200 13.60290 10.72850
C 108.65400 14.24840 10.77630
C 109.71800 19.60450 10.71830
C 110.98200 16.62980 10.68350
C 114.19000 15.99850 10.62740
C 112.98400 19.07860 10.63780
C 89.07730 26.22890 10.94010
C 93.34390 22.66140 10.89700
C 90.16140 23.19390 11.03680
C 92.31230 25.68100 10.94670
C 95.54070 25.08940 10.84630
C 96.64190 21.98420 10.89550
C 99.99700 21.50720 10.72800
C 98.83860 24.46030 10.75790
C 101.00600 26.87080 10.84600
C 102.25800 23.89040 10.77450
C 103.15900 21.06340 10.82690
C 107.56600 25.67110 10.76310
C 105.44100 23.25930 10.84650
C 104.35300 26.31560 10.74310
C 108.69600 22.62750 10.81150
C 110.76600 25.04510 10.75730
C 114.04300 24.35090 10.71830
C 111.87100 22.05290 10.70010
C 94.43930 28.02280 10.89350
C 91.29440 28.75170 11.00480
C 90.11590 31.71700 11.04860
C 93.35060 31.12380 10.95240
C 99.91990 29.75230 10.84180
C 96.55630 30.36260 10.82590
C 98.83880 32.81210 10.79910
C 97.60930 27.43490 10.79790
C 95.57000 33.47080 10.85940
C 102.18300 32.30270 10.73240
C 105.24600 31.74920 10.70540
C 106.46500 28.71230 10.76410
C 103.23600 29.23900 10.86830
C 108.63200 30.97940 10.69200
C 114.08500 32.83790 10.50490
C 111.83200 30.37620 10.65830
C 112.86700 27.41280 10.60390
C 109.69100 27.99850 10.70070
C 110.76900 33.37830 10.60490
C 91.27050 3.40792 14.32930
C 90.23070 6.45328 14.34100
C 94.62540 2.80900 14.25010
C 93.64240 5.84208 14.33760
C 89.07540 1.16499 14.12130
C 92.48710 0.37890 14.17920
H 89.51660 3.05237 12.56990
H 91.75850 5.27603 12.79850
H 94.97870 4.68775 12.61410
H 92.78480 2.32435 12.65790
H 88.40910 5.91110 12.72090
C 97.89280 2.23117 14.02510
C 96.76650 5.20036 14.22460
C 100.15100 4.80091 13.96590
C 101.01100 1.69744 13.86940
H 100.35900 6.59719 12.24460
H 99.26390 1.13633 12.22070
H 98.22700 4.16743 12.52490
H 101.46100 3.58417 12.28420
H 95.99470 1.72181 12.47620
C 107.70300 0.56734 13.73070
C 104.49300 1.09979 13.81660
C 103.29000 4.15909 13.87090
C 106.55900 3.48597 13.79150
C 105.42500 6.51684 13.94400
H 103.66400 6.04115 12.31310
H 104.72500 2.99921 12.21130
H 106.83100 5.39393 12.27220
H 107.93000 2.40883 12.09430
H 102.58500 0.60438 12.27240
C 108.62900 5.98205 13.92490
C 109.61200 2.87820 13.81840
C 112.80400 2.31462 14.07210
C 111.80100 5.19561 14.02020
H 114.27500 1.08479 12.97350
H 113.37700 4.19421 12.37880
H 111.12000 1.81596 12.20930
H 110.03300 4.75123 12.30520
C 89.12170 9.47947 14.32070
C 92.42170 8.81346 14.33680
C 91.45300 11.90640 14.25760
C 94.53200 11.21250 14.28360
H 94.85870 13.15580 12.71860
H 92.81380 10.60220 12.63810
H 89.57640 11.32630 12.75740
H 90.57420 8.33350 12.76150
H 93.93370 7.72421 12.72390
C 95.76390 8.24068 14.34000
C 99.06710 7.61680 14.08110
C 97.86920 10.64620 14.33070
C 100.14500 13.02370 14.17990
C 101.14600 10.05210 14.18430
H 98.22300 12.49910 12.71680
H 99.29830 9.59634 12.62260
H 97.15050 7.08383 12.63700
H 96.05870 10.10490 12.71400
H 101.57100 11.87280 12.57950
C 102.12400 7.13984 13.93080
C 107.57300 8.95218 13.99990
C 104.41500 9.53411 14.13960
C 103.35700 12.50780 14.12950
C 106.61500 11.84340 14.09780
H 104.78900 11.32770 12.53520
H 102.63700 9.05275 12.48940
H 105.79700 8.42940 12.40920
H 108.02800 10.79140 12.38330
C 114.31100 7.27653 13.79300
C 110.83200 8.30342 13.96540
C 109.87300 11.28160 13.96950
C 113.27200 10.33350 13.68520
H 114.42100 9.46729 12.34270
H 110.21400 13.09840 12.38080
H 111.23400 10.09420 12.28490
H 113.51800 12.46630 12.30840
H 109.02500 7.76627 12.36720
H 112.26000 7.08703 12.42570
H 91.65040 13.69130 12.63970
C 89.07440 17.83180 14.34350
C 90.17560 14.84490 14.24590
C 93.37760 14.40030 14.25560
C 92.51510 17.20210 14.30270
C 94.60320 19.67660 14.20900
H 89.45630 19.71570 12.74980
H 93.87140 16.16510 12.50910
H 90.64740 16.75730 12.72290
H 92.76020 19.08580 12.66920
C 91.29770 20.28210 14.28960
H 88.41870 14.31340 12.58040
C 96.71770 13.78050 14.26030
C 95.68830 16.60980 14.15280
C 98.89660 16.15940 14.05410
C 97.93950 19.07540 14.05380
C 101.13600 18.52980 13.99890
H 99.34820 17.88860 12.41170
H 100.38400 14.87500 12.52750
H 97.10370 15.46420 12.48970
H 96.06860 18.49970 12.59670
H 101.41200 20.31720 12.38390
H 106.90400 13.72060 12.47350
C 102.19300 15.52580 14.10260
C 105.42500 14.94640 14.09910
C 104.33200 17.92700 14.00310
C 107.64900 17.23380 14.00500
H 102.57000 17.27930 12.41670
H 104.63000 19.76540 12.37260
H 105.79300 16.74780 12.45760
H 107.96600 19.09210 12.39530
H 103.69000 14.33390 12.49280
C 106.49300 20.23230 13.97070
C 112.09700 13.58600 13.97550
C 108.79000 14.33280 13.98070
C 114.31400 15.75530 13.93550
C 110.95600 16.62900 13.96270
C 109.79800 19.54280 14.01830
C 113.22100 18.88210 13.81770
H 114.36500 17.89530 12.49810
H 109.11400 16.15100 12.32430
H 111.25800 18.46210 12.31120
H 112.41600 15.42960 12.32680
C 89.00580 26.17910 14.13490
C 93.44030 22.71060 14.21850
C 90.20990 23.30650 14.22620
C 92.31150 25.69120 14.15940
H 94.82030 21.51450 12.55390
H 93.78890 24.48470 12.53000
H 91.61960 22.10950 12.60300
H 90.56020 25.06760 12.56950
H 88.38880 22.72680 12.69080
C 95.63730 25.06970 14.10750
C 96.78590 21.98510 13.97800
C 99.93240 21.48630 13.99570
C 98.91210 24.49670 14.02020
H 98.25380 20.81910 12.30610
H 100.35100 23.33120 12.36580
H 95.91320 26.89300 12.50540
H 97.07190 23.87210 12.43070
C 100.99200 26.81100 14.01490
H 99.16910 26.30720 12.38250
C 102.08300 23.94080 14.09460
C 103.15200 20.89040 14.07670
C 104.32000 26.27630 14.05690
C 105.56400 23.35530 14.07460
C 107.53100 25.75690 14.01920
H 106.87500 22.12140 12.41230
H 102.52000 25.71880 12.36350
H 103.62900 22.74450 12.55870
H 105.78300 25.17190 12.40160
C 108.66900 22.60690 14.02490
H 111.15100 26.87310 12.33100
H 112.23100 23.81680 12.39980
H 110.12700 21.41930 12.40790
H 114.28500 26.23360 12.55530
C 110.82000 25.06470 13.98520
C 114.18800 24.03000 13.98710
C 112.04800 21.86790 13.94310
H 108.96600 24.49960 12.43350
H 113.43800 20.88820 12.25450
C 90.06250 31.66420 14.26870
C 91.22320 28.63440 14.16960
C 93.44020 31.08090 14.18090
C 94.48520 28.06550 14.12050
H 94.76010 29.84920 12.45690
H 93.87570 32.90470 12.58280
H 90.54560 33.50190 12.66340
H 89.45910 28.06050 12.54060
H 92.66520 27.47270 12.54820
H 91.59270 30.52550 12.64860
H 88.34930 31.03110 12.60250
C 98.86670 32.74020 13.99000
C 99.89180 29.86560 14.02220
C 96.56220 30.38740 14.07670
C 95.73580 33.46300 14.17110
C 97.74810 27.38930 14.08570
H 100.36000 31.64530 12.34280
H 98.06530 29.22140 12.45280
H 97.00430 32.16990 12.44120
H 101.43700 28.66090 12.52420
C 102.07500 32.26510 14.05810
H 103.58700 31.12920 12.43180
C 106.57000 28.74840 13.91250
C 103.23800 29.27800 14.06920
H 107.97400 27.51940 12.35030
C 105.42300 31.69610 13.99460
H 105.80900 33.49750 12.33330
H 104.70000 28.10480 12.44000
H 106.77300 30.54990 12.27920
H 109.01900 32.84440 12.20350
H 110.07400 29.83380 12.31260
C 109.71200 28.03240 13.97940
H 113.38400 29.18950 12.14940
C 114.23400 32.12770 13.69480
H 112.28600 32.21100 12.18190
C 108.62100 31.06070 13.83460
C 110.83100 33.27950 13.83710
C 113.06700 27.39930 13.91040
C 112.03000 30.35470 13.79310
C 89.03720 34.61350 11.05610
C 91.34100 37.01390 11.01820
C 90.18050 40.04570 11.05860
C 94.60530 36.43130 10.92190
C 93.34060 39.36350 10.96600
C 92.30560 33.98960 11.01970
C 97.76320 35.84680 10.89080
C 96.57330 38.74090 10.85890
C 99.91310 38.17460 10.82210
C 100.84800 35.26790 10.84470
C 104.25200 34.65520 10.79580
C 103.08500 37.55770 10.79860
C 106.40800 37.01140 10.73800
C 105.30100 39.83870 10.70790
C 107.49900 34.00630 10.64100
C 108.60600 39.29740 10.55140
C 109.77500 36.32260 10.60400
C 113.02400 35.72210 10.70220
C 111.97700 38.73580 10.59810
C 89.26910 42.97160 10.85860
C 92.36390 42.38430 10.93540
C 94.60080 44.80610 10.73950
C 91.46790 45.47660 10.71410
C 95.55050 41.84330 10.79880
C 98.86420 41.10770 10.74190
C 97.91080 44.16160 10.68480
C 101.16000 43.42770 10.56950
C 99.90360 46.68750 10.58660
C 96.86590 47.16680 10.59140
C 102.12700 40.49190 10.68750
C 107.54600 42.32640 10.50340
C 104.26500 43.01880 10.55750
C 103.23400 46.06590 10.53510
C 106.43600 45.31950 10.51080
C 110.90500 41.79220 10.42120
C 114.01800 41.19510 10.35660
C 109.62500 44.74640 10.46870
C 112.79500 44.36290 10.29120
C 89.19600 51.39160 10.45620
C 90.35270 48.46840 10.63410
C 93.56740 47.81170 10.58010
C 92.43920 50.73420 10.44810
C 94.72620 53.08280 10.41230
C 91.44050 53.72560 10.32530
C 95.83950 50.24360 10.51950
C 99.02270 49.67250 10.55490
C 97.82950 52.61960 10.42480
C 101.10600 52.02570 10.35710
C 102.13700 48.89650 10.50370
C 105.27300 48.33890 10.45610
C 104.28400 51.39330 10.21950
C 107.74800 50.71150 10.18570
C 106.62500 53.69380 10.18000
C 111.87200 47.19920 10.33760
C 108.67600 47.73600 10.34170
C 110.88800 50.19460 10.34620
C 114.13000 49.58790 10.50510
C 109.85400 53.15190 10.18010
C 113.14500 52.52880 10.30370
C 89.21250 59.72000 10.14900
C 90.32830 56.76720 10.20550
C 93.47400 56.14460 10.10380
C 92.35760 59.13830 10.10930
C 95.70640 58.60880 10.01960
C 96.89120 55.53510 10.19520
C 100.05600 55.03550 10.20750
C 98.96820 58.06390 10.10660
C 101.00300 60.47840 10.03110
C 102.15100 57.35270 10.07050
C 103.11900 54.32950 10.13060
C 105.37000 56.63720 10.06100
C 107.55600 59.11890 10.00230
C 104.25900 59.67680 9.93102
C 108.59600 56.10780 10.13990
C 110.80800 58.47760 10.03000
C 114.01200 57.65190 9.92180
C 112.08100 55.45770 10.21510
H 114.37200 59.85810 11.29350
C 94.53980 61.58290 9.93599
C 91.31440 62.17870 9.95136
C 93.50980 64.69980 9.82515
C 90.35950 65.15170 9.90777
C 98.87000 66.41910 9.73406
C 100.15100 63.47000 9.86529
C 96.75130 64.05840 9.80598
C 97.81040 60.94310 9.93966
C 95.72270 67.10260 9.77600
C 105.52600 65.15670 9.65903
C 103.21600 62.58020 9.80882
C 106.58700 62.10060 9.87288
C 102.18700 65.71240 9.60861
H 105.99000 67.02960 11.26250
C 111.00800 66.87020 9.65294
C 108.81500 64.46740 9.79841
C 112.04700 63.89560 9.87174
C 109.83800 61.56250 9.95075
H 112.41900 65.80540 11.40550
C 113.25800 60.88950 10.01770
C 114.11900 66.49510 9.77333
H 109.16800 66.43360 11.28210
C 91.35860 36.99290 14.18220
C 90.32920 40.12150 14.32820
C 94.64000 36.40330 14.15050
C 93.41700 39.36810 14.19550
C 89.08120 34.64320 14.28610
C 92.37480 34.06150 14.21080
H 92.82450 35.84050 12.56160
H 94.89170 38.29020 12.56010
H 89.50830 36.46880 12.62390
H 91.62080 38.88590 12.62940
H 88.43740 39.55720 12.75340
C 97.88760 35.90540 14.07610
C 96.67440 38.83030 14.11770
C 99.90510 38.32950 14.02880
C 100.98900 35.11550 14.02880
H 99.24400 34.62170 12.45490
H 98.13210 37.69180 12.47430
H 96.07210 35.22770 12.53140
H 101.35900 37.03080 12.47390
H 100.33300 40.04820 12.31550
C 104.30100 34.53640 13.97590
C 103.11900 37.58850 13.99990
C 106.58000 36.97220 13.94510
C 105.41900 40.08320 13.87810
H 107.97400 35.88810 12.21480
C 107.61100 34.09150 13.83700
H 102.47100 34.06070 12.39580
H 106.91400 38.86570 12.34330
H 104.65400 36.45070 12.42060
H 103.53700 39.40970 12.36570
C 108.84800 39.48650 13.86570
C 109.80400 36.34900 13.85590
C 113.06300 35.54880 14.03710
C 112.05900 38.73750 13.78720
H 114.43600 34.47940 12.57880
H 111.20900 35.14480 12.30980
H 113.41500 37.56870 12.35330
H 110.14400 38.23130 12.20300
C 92.46490 42.50900 14.15850
C 94.72500 44.91300 13.93610
C 91.43760 45.65040 14.00900
C 89.17400 43.30270 14.14240
H 93.87970 41.22330 12.54470
H 95.03660 46.65200 12.19880
H 92.83530 44.30780 12.43400
H 90.61940 41.92470 12.64200
H 89.68130 44.95390 12.35370
C 95.72900 41.90380 14.06680
C 98.88590 41.26010 13.90780
C 98.02230 44.17110 13.95580
C 101.16400 43.65110 13.82980
C 100.10900 46.61950 13.80540
H 97.04190 40.61580 12.40100
H 96.12250 43.63390 12.35920
H 99.39020 43.02740 12.20910
H 101.42400 45.41530 12.03880
H 98.23520 45.99170 12.34840
C 102.13200 40.59840 13.93190
C 107.58600 42.36310 13.72640
C 104.38700 43.06650 13.85080
C 103.12800 46.02160 13.73240
C 106.47900 45.48930 13.68290
H 102.61200 42.37790 12.26930
H 105.73200 41.85440 12.15490
H 104.67300 44.85160 12.16430
H 107.90700 44.21290 12.11510
H 112.32900 40.69390 12.14270
C 114.28400 41.00400 13.63740
C 110.84300 41.87160 13.75180
C 109.75200 44.87060 13.67020
C 113.19900 44.09360 13.41190
H 114.33500 43.13990 12.08470
H 110.15600 46.63880 12.05950
H 109.11500 41.18750 12.06640
H 111.16800 43.67310 12.05030
H 113.47100 46.12940 11.88090
H 91.80020 47.35850 12.25540
C 90.33530 48.63960 13.82070
C 93.64000 47.93820 13.79050
C 92.47450 50.88550 13.70610
C 94.63190 53.44440 13.55780
C 89.27460 51.61770 13.74510
H 89.61780 53.30740 11.97750
H 90.65480 50.34590 12.14730
H 92.87420 52.65200 12.01930
H 93.97360 49.69810 12.10820
C 91.38560 53.92160 13.54620
H 88.56730 47.91860 12.28480
C 96.80830 47.23020 13.85230
C 95.74690 50.27030 13.75200
C 98.99790 49.75390 13.75210
C 97.98250 52.81670 13.70140
C 101.24000 52.08040 13.55930
H 96.15830 52.10160 12.17090
H 99.37000 51.52830 12.08280
H 97.21840 49.03270 12.15380
H 100.40300 48.46320 12.26390
H 101.47400 53.89790 11.90550
H 106.93100 47.28650 11.99000
C 102.22600 49.12740 13.79500
C 105.43500 48.52870 13.55210
C 104.43000 51.52330 13.42060
C 107.72000 50.86490 13.40820
H 104.68500 53.28000 11.72850
H 102.62500 50.80290 11.96540
H 103.56100 47.83610 12.21100
H 105.87100 50.28390 11.80580
H 108.01200 52.63790 11.71530
C 106.52800 53.80060 13.35210
C 112.08800 47.04500 13.62120
C 108.68000 47.89320 13.63210
C 114.14500 49.17620 13.68900
C 110.89500 50.29850 13.57460
C 109.71600 53.26010 13.39060
C 113.16800 52.44270 13.50360
H 114.24900 51.41150 12.33970
H 112.27800 48.98740 12.07080
H 109.11800 49.61870 11.89950
H 111.26100 52.08850 11.89840
C 90.38730 56.84370 13.43080
C 93.52900 56.32880 13.36620
C 92.50570 59.27130 13.28770
C 89.22260 59.81010 13.38970
H 91.78470 55.61190 11.81750
H 95.01520 55.12460 11.75580
H 93.94860 58.05310 11.64420
H 90.67270 58.64640 11.82910
H 88.59230 56.28580 11.81710
C 96.81640 55.72950 13.38110
C 100.09000 55.24920 13.46810
C 95.70830 58.68650 13.28570
C 98.88060 58.15940 13.27090
H 98.34970 54.48220 11.91670
H 100.40100 56.90930 11.70640
C 101.16100 60.54960 13.22050
H 97.16360 57.48750 11.66300
H 99.30160 59.97710 11.65830
H 96.00440 60.47580 11.59490
C 105.35000 56.83510 13.36720
C 107.48600 59.16870 13.23140
C 104.32500 59.80850 13.19840
C 103.36200 54.42350 13.38220
C 102.24200 57.46030 13.27610
H 103.58900 56.19950 11.70670
H 106.82000 55.64160 11.79520
H 105.73900 58.55700 11.60080
H 102.53600 59.26110 11.60870
C 108.68300 56.22600 13.35640
C 111.95200 55.65830 13.44130
C 114.15800 58.11180 13.25390
C 110.82600 58.68370 13.27750
H 112.31700 57.44820 11.73450
H 113.48200 54.42480 11.91130
H 109.03100 58.01150 11.67610
H 110.18100 55.03480 11.76530
H 111.26300 60.42630 11.52760
C 93.61250 64.72230 13.12780
C 94.62820 61.71550 13.17560
C 90.41690 65.30500 13.05500
C 91.46040 62.27110 13.21880
H 92.79750 61.06280 11.57990
H 89.62160 61.59830 11.70790
H 88.59670 64.66510 11.55420
H 91.85680 64.05660 11.50680
H 94.99200 63.52050 11.46130
H 90.69140 67.15760 11.35520
H 93.99200 66.55670 11.45840
C 100.01500 63.54090 13.11390
C 97.80640 61.19140 13.12440
C 98.98840 66.56340 13.01990
C 96.80800 64.10570 13.03020
C 95.81120 67.20360 13.02890
H 97.16800 65.93460 11.42880
H 101.52700 62.34220 11.59240
H 100.42800 65.31350 11.40320
H 98.29140 62.92780 11.40010
C 102.34800 65.88520 12.81660
C 105.40000 65.28760 12.93670
C 103.44000 63.00170 13.07290
C 106.53000 62.24600 13.11110
H 103.74100 64.55770 11.18690
H 104.77300 61.57670 11.48560
H 108.01500 60.97900 11.58800
H 106.92300 64.03900 11.37940
C 112.08900 64.07410 13.20100
C 110.91700 67.06650 12.90200
C 114.28400 66.15750 13.08380
C 109.90100 61.61250 13.21430
C 108.66900 64.70100 13.00990
C 113.02300 61.08110 13.20110
H 110.26800 63.44660 11.56720
H 113.50100 62.85730 11.57900
C 91.44290 70.62340 9.79434
C 90.28420 73.69850 9.74645
C 94.58890 70.05760 9.77276
C 93.51860 73.14160 9.68164
C 89.21780 68.33110 9.73741
C 92.53980 67.72130 9.79910
H 91.81350 72.49750 11.37800
H 88.53740 73.11680 11.38680
H 95.09090 71.94520 11.26610
C 97.97280 69.51810 9.61464
C 96.88750 72.47440 9.62527
C 100.20300 71.84290 9.58374
C 101.13300 68.84710 9.54617
H 100.62400 73.73640 11.14430
H 98.46120 71.31110 11.20770
H 101.72800 70.65240 11.22480
C 107.74500 67.51070 9.58486
C 104.63700 68.21370 9.60148
C 103.51800 71.31740 9.56403
C 106.70500 70.75730 9.52798
C 105.68400 73.83780 9.74644
H 107.09500 72.47730 11.31020
H 108.10000 69.44400 11.08910
H 104.93900 70.07260 11.19070
H 103.82400 73.10070 11.26290
C 108.83600 73.15680 9.67196
C 109.96700 70.07840 9.55776
C 113.08500 69.45680 9.61782
C 112.21600 72.49320 9.69730
H 111.29100 68.76990 11.18560
H 110.28800 71.88060 11.21220
H 113.50000 71.27150 11.23100
C 89.22600 76.55210 9.74569
C 92.49100 76.09450 9.71417
C 91.35910 79.04040 9.71558
C 94.68370 78.52790 9.73763
H 89.55950 78.46450 11.30560
H 92.91390 77.97090 11.31750
H 95.06420 80.34310 11.37330
H 90.73450 75.49890 11.35480
H 93.97640 75.01100 11.35470
C 95.74030 75.45290 9.71024
C 99.08360 74.83360 9.55901
C 97.95970 77.88300 9.73090
C 101.24700 77.22000 9.57244
C 99.95900 80.29810 9.61004
H 96.18380 77.28850 11.35430
H 98.36350 79.65190 11.36690
H 99.49740 76.66480 11.19840
H 101.55600 79.15510 11.09460
H 97.36720 74.27380 11.29270
C 102.47400 74.33400 9.61621
C 107.84800 76.18090 9.89311
C 104.73600 76.69020 9.74550
C 103.49400 79.66250 9.64745
C 106.77200 79.14990 9.80296
H 104.92800 78.53780 11.33860
H 108.06500 77.96350 11.58740
H 106.03900 75.52650 11.46780
H 102.78500 76.21190 11.27660
C 110.96600 75.47920 9.91374
C 114.15400 74.84910 9.84625
C 109.85900 78.48810 9.91634
C 113.10500 77.78490 9.83204
H 110.37100 80.35030 11.45870
H 112.40000 74.25950 11.52210
H 109.21300 74.83100 11.48500
H 111.33000 77.31310 11.52020
H 113.61400 79.62430 11.36800
H 91.69040 80.92940 11.26510
C 89.08190 85.08730 9.47411
C 90.24540 82.01420 9.54028
C 93.56960 81.44590 9.67893
C 94.51700 86.80080 9.51671
C 92.42850 84.53100 9.52098
H 92.74850 86.30920 11.11090
H 89.49120 86.94140 11.05560
H 88.44870 81.48070 11.20170
H 93.85400 83.29550 11.15110
H 90.60080 83.90160 11.10340
C 91.34060 87.49550 9.51992
C 96.87410 80.76440 9.73197
C 95.77630 83.81910 9.60725
C 101.27600 85.61920 9.74583
C 98.91890 83.24580 9.61744
C 97.76080 86.20290 9.54453
H 99.28370 85.09380 11.16760
H 101.56100 87.44040 11.41810
H 100.46600 82.12290 11.24320
H 97.19000 82.65040 11.27970
H 95.99570 85.62600 11.12720
C 102.32700 82.67310 9.69860
C 105.68300 82.05510 9.73950
C 104.55900 84.95990 9.73182
C 107.73800 84.51670 9.83387
H 107.15400 80.94090 11.46560
H 102.69900 84.45690 11.34790
H 105.97900 83.82030 11.42570
C 106.54100 87.42600 9.86933
H 108.05300 86.35670 11.44680
H 103.80500 81.48330 11.28590
H 104.76600 86.77360 11.42240
C 108.90200 81.51280 9.81994
C 112.16900 80.77990 9.68087
C 109.83400 86.89810 9.81494
C 111.10700 83.88950 9.82014
C 114.65500 83.75760 10.11980
C 113.31300 86.15420 10.11450
H 109.25100 83.35650 11.42370
H 112.71100 82.70140 11.15690
H 88.34070 89.88950 11.14750
C 90.15510 90.36560 9.54980
C 89.03200 93.35880 9.61229
C 93.49320 89.76960 9.56795
C 92.34820 92.78400 9.52214
H 94.95630 88.67260 11.11770
H 93.85350 91.65740 11.13780
H 90.57510 92.25130 11.17990
H 91.67090 89.31630 11.21270
C 99.00390 91.55930 9.66638
C 96.77830 89.25910 9.52147
C 95.64760 92.19050 9.59195
C 100.12800 88.52230 9.70249
C 101.11300 93.92880 9.70791
H 98.24250 88.07840 11.16580
H 97.13510 91.07470 11.23790
H 99.23000 93.45910 11.27530
H 100.38100 90.40870 11.35260
H 96.05790 94.02000 11.16340
C 103.34400 87.88970 9.75264
C 104.34200 93.44690 9.69345
C 105.50400 90.31640 9.78610
C 102.15100 90.96660 9.72380
C 107.61200 92.89090 9.79311
H 106.93700 89.27990 11.47380
H 103.70800 89.79060 11.32500
H 102.55500 92.79120 11.31260
C 112.10700 89.14480 9.91831
C 113.95900 91.74230 9.74054
C 108.66700 89.83790 9.84268
C 110.93600 92.25670 9.90884
H 110.18300 88.71130 11.50830
H 111.24600 94.16270 11.44310
H 112.31100 91.08680 11.52100
H 88.44520 98.14730 11.26250
C 91.33040 95.79450 9.55660
C 90.15500 98.75970 9.59545
C 94.68460 95.21750 9.52376
C 93.51950 98.14620 9.58869
H 95.04210 97.02980 11.18010
H 92.82120 94.59750 11.07120
H 89.52180 95.19790 11.17260
H 93.95480 99.99820 11.22840
H 91.70350 97.62920 11.21760
H 90.62170 100.57800 11.23430
C 99.04650 100.01800 9.69055
C 100.13100 96.98650 9.68404
C 96.84280 97.70150 9.58610
C 95.77290 100.72100 9.68193
C 97.87370 94.62390 9.58107
H 98.22920 96.40100 11.15780
H 100.48800 98.83180 11.28840
H 97.20190 99.48050 11.27620
H 101.56500 95.83480 11.26380
C 106.50900 95.79790 9.81474
C 102.33600 99.52170 9.78197
C 103.40500 96.39920 9.69857
C 105.46000 98.81550 9.76453
H 104.80100 95.18650 11.39510
H 107.91600 94.66130 11.47820
H 103.69900 98.20480 11.36050
H 113.46500 96.49550 11.44170
C 109.67600 95.31710 9.87477
C 111.97800 97.69990 9.91943
C 110.92600 100.69300 10.05080
C 114.04200 100.01200 9.93984
C 113.02300 94.66720 9.77762
C 108.67900 98.32500 9.89002
H 112.32500 99.41500 11.71460
H 110.12700 97.06440 11.47910
H 109.14100 100.06300 11.58050
C 91.36940 70.75710 13.06040
C 90.32900 73.70540 12.97200
C 94.79710 70.06490 12.98030
C 93.69810 73.14510 12.96260
C 89.29670 68.27990 13.08390
C 92.46650 67.71190 13.04950
H 92.89420 69.52440 11.48240
H 89.62080 70.10780 11.45780
C 98.07280 69.53440 12.91610
C 96.97070 72.44970 12.88620
C 100.30100 71.91720 12.79660
C 101.35000 68.85900 12.79310
H 96.24030 68.97030 11.31610
H 99.40580 68.31300 11.27440
C 104.47200 68.25560 12.81160
C 103.53000 71.28710 12.86420
C 106.75100 70.54090 12.83390
C 105.63600 73.62020 12.94230
C 107.79300 67.66530 12.86490
H 102.71000 67.62490 11.07130
C 108.88500 72.90820 12.99560
C 109.83900 69.97510 12.78370
C 113.13800 69.26960 12.83280
C 112.04800 72.28470 12.95730
H 114.38000 68.34060 11.60270
C 92.49440 76.21910 12.95290
C 91.36420 79.16140 12.89090
C 94.70800 78.48330 12.99120
C 89.25810 76.66120 12.96560
C 95.84550 75.44980 12.94880
C 99.16730 74.84080 12.86200
C 98.09620 77.79240 12.92870
C 100.21200 80.28840 12.84330
C 101.23400 77.35430 12.83200
C 102.34300 74.36520 12.83850
C 107.82000 76.02730 13.12550
C 104.49100 76.69220 12.96640
C 103.30500 79.62390 12.84180
C 106.58200 79.15370 13.09440
C 114.27700 74.51190 13.09730
C 110.99800 75.55240 13.11700
C 109.96100 78.53980 13.10900
C 113.38600 77.63980 12.98860
C 112.36100 80.80220 12.89800
H 114.41700 76.62620 11.72150
C 89.08280 85.09080 12.68430
C 90.20180 82.20260 12.85510
C 93.51270 81.50570 12.91730
C 92.41330 84.44780 12.74850
C 94.54300 86.79690 12.74290
C 91.30240 87.45000 12.75600
C 96.96580 80.86670 12.98240
C 95.67210 83.84250 12.80640
C 98.97670 83.30190 12.81940
C 97.80400 86.29700 12.75360
C 101.03200 85.53600 12.88690
C 102.24800 82.55650 12.93000
C 105.54100 82.04930 13.00570
C 104.46800 84.91170 12.99280
C 107.74700 84.53400 13.03270
C 106.44600 87.41400 13.01540
C 108.92600 81.48990 13.09080
C 114.35400 82.87740 13.13840
C 111.23700 83.77360 12.89460
C 109.79800 86.88130 13.12830
C 113.03700 86.25840 13.20660
H 114.39300 85.16640 12.32580
H 111.27100 85.78890 11.46870
C 89.15680 93.44260 12.85530
C 93.54660 89.84290 12.79340
C 90.06720 90.45010 12.79140
C 92.36350 92.82590 12.75990
C 95.64150 92.20460 12.80280
C 96.69030 89.15890 12.77430
C 99.93070 88.62330 12.93410
C 98.83240 91.64070 12.94580
C 101.06700 93.99310 12.86340
C 102.19400 90.97590 12.92510
C 103.36900 87.95430 12.99100
C 105.44500 90.43870 13.02100
C 107.51900 92.75060 13.04210
C 104.33400 93.37330 12.95530
H 105.78800 92.21150 11.31230
C 108.67900 89.92130 13.08230
C 110.76700 92.29370 13.02380
C 114.12700 91.40300 13.21920
H 114.33500 93.47910 11.71520
H 113.48000 88.15850 11.56850
C 111.91500 89.24510 13.15830
H 109.00700 91.72540 11.41710
C 93.50360 98.13980 12.84770
C 94.57620 95.15370 12.74120
C 91.42070 95.78950 12.75460
C 90.23260 98.76450 12.91240
C 96.81900 97.59400 12.82710
C 98.96770 99.89010 12.95440
C 100.01500 96.95620 12.85000
C 97.73070 94.67440 12.85790
C 95.67550 100.62300 12.87870
H 106.86900 97.62740 11.38450
H 105.86400 100.62800 11.45110
C 102.23900 99.38800 13.01020
C 105.38100 98.78230 13.03130
C 103.27900 96.32710 12.99100
C 106.43300 95.82780 13.07250
C 110.89400 100.59000 13.30170
C 109.74900 95.18600 13.06770
C 113.21000 94.45830 12.97500
C 114.24400 99.68430 13.28170
C 111.98600 97.40810 13.13140
C 108.60800 98.19020 13.08060
C 93.57430 106.59700 10.05400
C 90.35640 107.19500 9.95560
C 91.33990 104.25400 9.89241
C 89.04640 101.83000 9.68753
C 94.60610 103.67800 9.81235
C 92.44610 101.19400 9.64637
H 89.55240 103.58700 11.29850
H 88.50610 106.59300 11.46710
H 92.87380 102.96900 11.38960
C 96.86230 106.04300 9.98876
C 100.07200 105.51500 10.00060
C 101.16600 102.47100 9.87282
C 97.88820 103.13700 9.80734
H 99.31540 101.81100 11.40740
H 96.11570 102.49000 11.36060
C 104.44100 101.89400 9.92697
C 103.41000 104.90800 9.99369
C 105.48900 107.23100 10.19310
C 106.57700 104.33700 10.13570
C 107.72100 101.40500 10.00280
C 108.63800 106.65900 10.33220
C 109.73900 103.67400 10.15190
C 111.90800 106.08200 10.11120
C 112.90800 103.16000 9.98297
H 113.44000 104.84800 11.65400
H 111.19000 102.49200 11.72340
H 110.21500 105.45900 11.83120
C 92.55530 109.70400 10.15100
C 89.09900 110.28400 10.12330
C 91.32080 112.49300 10.33570
C 94.48610 111.98000 10.29270
C 95.73760 108.95800 10.10560
C 100.06500 113.77100 10.30580
C 97.91350 111.38800 10.11890
C 99.02230 108.43000 10.07860
C 101.20200 110.81400 10.21110
C 102.22200 107.82300 10.11060
C 104.32900 110.27900 10.22300
C 103.40700 113.21600 10.19830
C 107.69000 109.65900 10.22450
C 106.60300 112.63000 10.23430
C 109.80100 112.05900 10.16980
C 110.96800 109.13300 10.24540
C 113.06100 111.55200 10.12090
C 114.13000 108.40600 10.07570
H 112.41800 107.79400 11.86260
C 89.15720 118.52900 10.33250
C 90.24550 115.53500 10.37500
C 94.54940 120.35500 10.43730
C 92.37880 118.05600 10.43250
C 93.40770 114.98800 10.34870
C 91.46610 120.90300 10.43980
C 96.67340 114.28700 10.22930
C 95.56080 117.33200 10.32540
C 97.78670 119.67500 10.30250
C 98.86850 116.76900 10.37190
C 101.12400 119.12800 10.28510
C 102.15900 116.15100 10.26770
C 104.40900 118.46700 10.19440
C 107.66600 117.99100 10.19400
C 105.51600 115.63500 10.25000
C 106.52900 120.99100 10.18620
C 112.05600 114.57800 10.18680
C 108.69000 115.12100 10.19110
C 109.83500 120.41400 10.18760
C 114.16000 117.02000 10.22400
C 112.98400 119.80600 10.23250
C 110.90200 117.47500 10.32680
C 89.18370 126.99800 10.60380
C 92.49110 126.41600 10.51470
C 90.33290 123.91600 10.48060
C 93.50680 123.27000 10.50810
C 95.64700 125.80100 10.53840
C 98.96810 125.05400 10.45990
C 99.96550 122.13500 10.36300
C 96.70710 122.63300 10.38200
C 101.07200 127.50900 10.55050
C 103.20800 121.62100 10.18610
C 102.10400 124.70600 10.37530
C 104.30900 126.94200 10.51710
C 107.58500 126.35600 10.25110
C 105.38300 123.87300 10.20890
C 112.08800 122.75900 10.11970
C 114.06300 124.90700 9.77853
C 110.87700 125.75200 10.11070
C 108.73500 123.48300 10.19920
H 114.35200 127.05700 11.13060
C 91.46410 129.43500 10.78320
C 90.33180 132.34600 10.86440
C 94.67800 128.74900 10.71030
C 93.43890 131.65800 10.84620
C 95.61620 134.11000 10.77240
C 98.84350 133.46600 10.68210
C 97.82150 128.11200 10.68990
C 99.94250 130.50800 10.66270
C 96.75370 131.04400 10.80850
C 103.22700 130.02500 10.58970
C 106.35800 129.37700 10.37100
C 105.42900 132.50000 10.52040
C 102.15700 132.96400 10.61620
C 114.42000 134.01900 10.71630
C 109.69500 128.84400 10.06250
C 110.95400 134.26900 10.44470
C 111.95400 131.24100 10.14030
C 108.58800 131.87000 10.34060
C 113.01500 128.20600 9.93301
C 91.33400 104.15300 13.00610
C 90.25420 107.15500 13.23200
C 94.61670 103.52100 13.05100
C 93.64220 106.50800 13.27340
C 89.28320 101.74200 12.98220
C 92.38750 101.05800 12.89530
H 91.74680 105.99200 11.67810
H 95.07630 105.40600 11.57900
C 97.81830 102.89900 13.08550
C 96.80330 105.98400 13.21030
C 99.98520 105.41100 13.14670
C 101.02700 102.39900 13.10220
H 101.54600 104.22400 11.54060
H 100.44800 107.26200 11.68080
H 98.23440 104.81600 11.56770
C 104.41400 101.73900 13.15920
C 103.32700 104.77800 13.27190
C 106.46400 104.12600 13.39170
C 105.34000 107.30000 13.49120
C 107.60000 101.17700 13.17560
H 102.61300 101.25200 11.51830
H 104.76700 103.65100 11.63240
H 103.67600 106.62200 11.72610
H 107.96900 103.09000 11.70190
H 106.84600 106.04800 11.95440
C 108.70300 106.63200 13.47440
C 109.75200 103.62300 13.36450
C 113.09600 102.93600 13.33220
C 112.07100 105.89100 13.42810
H 114.30300 101.87800 11.84370
C 92.40220 109.41500 13.34060
C 94.66450 111.85800 13.46680
C 91.33110 112.48500 13.57460
C 89.15010 110.01800 13.36440
H 94.94060 113.77800 11.95100
H 92.81150 111.33500 11.95940
H 90.65130 109.04200 11.59470
H 89.53620 111.95800 11.92170
H 93.95590 108.35200 11.69620
C 95.69160 108.88300 13.27270
C 98.95290 108.40500 13.31970
C 97.87140 111.25200 13.37990
C 101.17700 110.80600 13.38280
C 100.01500 113.71200 13.48440
H 98.17350 113.19100 11.82830
H 101.61900 112.64400 11.83200
H 97.25000 107.80800 11.64720
H 96.09460 110.77500 11.70260
H 99.34280 110.18500 11.77860
C 102.18100 107.76900 13.34840
C 107.57500 109.63600 13.52400
C 104.33900 110.23500 13.46100
C 103.35700 113.25800 13.49270
C 106.54800 112.60600 13.52400
H 105.81700 109.04200 11.81080
H 108.02700 111.44900 11.88530
H 104.81500 112.03000 11.87330
H 102.61700 109.59000 11.81810
C 114.33600 108.03100 13.42440
C 111.04500 109.00300 13.45130
C 109.86600 112.10000 13.44310
C 113.17400 111.43600 13.49380
H 111.31000 110.89000 11.82600
H 113.52200 113.31600 11.80770
H 114.43500 110.25900 12.04090
C 111.99900 114.38400 13.45580
H 110.21500 113.88800 11.72490
H 109.13500 108.52000 11.88130
C 90.31170 115.57700 13.64040
C 93.52410 114.93500 13.58680
C 92.34070 117.83300 13.57500
C 94.70520 120.25200 13.66810
C 89.08510 118.46300 13.57500
C 91.40060 120.93400 13.69030
H 89.63880 120.32000 12.03090
H 90.59040 117.36900 11.96510
H 93.82150 116.76500 11.96630
H 92.86360 119.74000 12.13230
H 88.48170 115.00600 12.04800
H 91.71300 114.34900 12.00810
C 96.68800 114.24200 13.52950
C 95.59780 117.33600 13.53330
C 98.82760 116.73700 13.52030
C 97.82680 119.63300 13.54570
C 101.11800 119.07300 13.48930
H 99.29370 118.52300 11.87190
H 96.01480 119.13100 11.91970
H 100.41600 115.55900 12.00910
H 97.03140 116.11300 11.90860
H 101.50800 120.96000 11.87590
H 106.96200 114.41600 11.87650
C 102.27200 116.13500 13.50210
C 105.46400 115.62400 13.45160
C 104.41900 118.56500 13.50130
C 107.70500 118.09800 13.48470
C 106.42200 120.94700 13.39730
H 105.92000 117.47100 11.86310
H 103.72000 115.07100 11.80680
H 108.01900 119.90400 11.81430
H 102.64300 117.99300 11.89490
H 104.69200 120.39800 11.76880
C 108.78100 114.94900 13.42640
C 114.19700 116.52600 13.69810
C 110.87400 117.44600 13.52110
C 109.75000 120.57400 13.46300
C 113.07600 119.91500 13.56970
H 114.30300 118.71000 12.23640
H 112.38000 116.28300 11.93330
H 111.22700 119.31600 11.94080
H 109.09900 116.89100 11.86240
H 88.53330 123.29600 12.06950
C 89.27760 126.77300 13.81950
C 90.37460 123.82900 13.72490
C 93.50220 123.22500 13.63870
C 92.43750 126.20700 13.78440
H 93.86730 125.09400 12.06730
H 95.01930 122.09800 12.09460
H 90.69000 125.70700 12.12970
H 91.73250 122.69700 12.04800
C 95.64250 125.55200 13.73320
C 96.81860 122.67800 13.64000
C 100.07400 122.02600 13.58200
C 98.89120 124.98500 13.71400
C 101.16300 127.45500 13.80490
H 100.42900 123.93900 12.06190
H 97.11270 124.49200 11.98600
H 98.19970 121.48600 11.97870
H 96.06890 127.53200 12.36340
H 99.34300 126.82200 12.20590
C 102.21500 124.39000 13.66710
C 104.40100 126.82100 13.66730
C 107.65300 126.44400 13.49640
C 103.25800 121.53400 13.46510
C 105.44000 123.83500 13.48940
H 102.53900 126.31100 12.12780
H 105.85500 125.71500 11.93050
H 103.59500 123.43500 11.86810
H 106.99600 122.79700 11.81590
C 108.78400 123.41600 13.44010
C 112.06100 122.88400 13.37540
C 114.20600 125.47100 13.17000
C 111.06900 125.87100 13.35220
H 109.15800 125.29800 11.86100
H 112.42600 124.65000 11.69580
H 111.21600 127.63800 11.59580
H 110.24200 122.27000 11.74570
H 113.50400 121.71300 11.78570
H 88.48820 131.72200 12.36480
C 90.18670 132.31200 14.10180
C 91.38170 129.21500 13.97390
C 94.64030 128.71400 14.04610
C 93.45280 131.62400 14.10600
H 91.73410 131.16200 12.51600
H 93.94770 133.48300 12.49990
H 90.59550 134.19600 12.52790
H 89.60830 128.71300 12.30080
H 92.86250 128.09600 12.32880
H 94.93520 130.50700 12.41930
H 98.25290 129.85100 12.41500
H 97.10610 132.88000 12.39720
H 101.48000 129.30700 12.17920
C 95.72220 134.06100 14.14450
C 96.77660 130.98700 14.03610
C 97.95010 127.97600 13.94790
C 100.09000 130.49500 13.89690
C 98.94430 133.50100 13.93530
H 100.45100 132.33600 12.26900
C 106.55300 129.23900 13.58770
C 105.62100 132.31700 13.69670
C 102.24500 132.94800 13.90830
C 103.28100 129.94800 13.79430
H 105.88800 134.23700 12.10910
H 106.89700 131.16800 11.98930
H 103.69900 131.83000 12.21770
H 104.75300 128.76800 12.15610
H 108.03800 128.21900 11.81190
C 111.00400 133.97300 13.62310
C 112.07300 131.02800 13.30900
H 109.08100 133.60300 12.06910
C 108.76300 131.64200 13.54160
C 113.06300 128.08900 13.13930
C 114.16100 133.41300 13.68880
H 113.47400 130.01800 11.62290
C 109.93400 128.64700 13.36370
H 110.13500 130.58600 11.75880
H 112.42400 133.01700 11.82920
C 118.07300 2.04441 9.90909
C 121.42300 2.81061 9.97179
C 119.15000 4.98479 10.14420
H 116.77600 0.84342 11.16920
C 115.50000 4.40149 10.97520
H 117.83500 3.96106 11.63420
C 122.58700 5.63671 10.08440
C 127.02200 1.05107 9.76899
C 124.74100 3.45437 9.82816
C 128.09100 4.07971 9.76644
C 125.93800 6.48963 9.89669
C 123.72300 0.49533 9.93082
H 126.62700 2.91590 11.37720
H 123.36700 2.37275 11.51520
H 124.55000 5.22470 11.53810
H 127.76800 5.87746 11.39070
C 130.20700 1.75444 9.68561
C 131.38600 4.79253 9.83053
C 133.49900 2.45463 9.67073
C 134.72800 5.33806 9.78494
H 132.08200 1.21499 11.29810
H 128.85800 0.50064 11.34000
H 129.91300 3.51623 11.36400
H 133.25000 4.19100 11.34420
H 130.98000 6.54990 11.48690
H 135.32500 1.77622 11.24120
C 139.03800 0.55368 9.62517
C 136.85800 3.05569 9.74980
C 138.01800 5.89661 9.84607
C 140.21400 3.57015 9.76872
C 141.22200 6.59199 9.86698
H 141.93100 2.93262 11.39540
H 138.66700 2.39863 11.30680
H 139.80200 5.35501 11.50630
H 136.47800 4.73083 11.43900
C 117.25600 7.31225 10.02480
C 120.46600 8.09345 10.16860
C 118.33300 10.55460 10.27610
C 121.61700 11.18890 10.11850
C 119.37300 13.53190 10.16410
C 115.72100 12.64360 11.13500
C 123.79000 8.87671 9.99176
C 127.06800 9.49352 9.96690
C 124.79400 11.84400 10.14470
C 128.17000 12.50460 9.92718
C 129.22900 7.09495 9.85612
C 131.40700 13.07240 9.87906
C 130.31600 10.02320 9.91746
C 132.47000 7.69368 9.88410
C 133.53900 10.55590 9.89350
H 134.31300 7.09431 11.44900
H 135.30300 10.11040 11.55890
H 132.07600 9.45451 11.53720
H 133.23100 12.49390 11.40840
H 129.95000 11.85020 11.49710
H 128.86500 8.88616 11.53670
C 135.74000 8.32312 9.85777
C 139.05000 8.95461 9.97810
C 136.75700 11.20650 9.94904
C 140.07900 11.83880 9.99811
H 140.81600 8.30554 11.60220
H 141.84900 11.30870 11.62170
H 138.54600 10.74090 11.64140
H 137.52700 7.69757 11.47350
H 136.46200 13.05020 11.58100
C 120.67500 16.77960 10.18120
C 117.31300 15.70110 10.08390
C 118.31100 19.06490 10.24190
C 121.53300 19.77230 10.27360
C 122.70200 14.25670 10.13940
C 125.82300 14.91610 10.05000
C 123.75800 17.34210 10.13350
C 126.98800 17.86510 9.96562
C 124.68700 20.39370 10.09550
C 134.81800 13.54640 9.77903
C 129.22200 15.41900 9.88392
C 130.23800 18.56630 9.81735
C 132.42400 16.06860 9.77453
C 133.47000 19.24430 9.79030
H 134.32100 15.45910 11.25890
H 139.66500 13.78230 11.45900
C 135.76300 16.78050 9.68811
C 137.84600 14.19740 9.83734
C 141.15300 14.78050 9.80903
C 138.99000 17.27560 9.70890
C 136.68600 19.67710 9.69583
C 140.09600 20.51730 9.69345
H 138.63100 19.12790 11.19000
H 140.76900 16.72200 11.33400
H 137.46700 16.10740 11.31910
H 141.89800 19.78900 11.20250
C 119.35000 22.05660 10.44360
C 117.29400 24.26270 10.31680
C 120.43900 25.14870 10.45960
C 115.67800 21.25310 11.16370
C 125.94000 23.30150 10.20780
C 122.62000 22.75290 10.33070
C 123.79500 25.77750 10.34250
C 126.96500 26.37970 10.30940
C 127.98300 20.98290 10.06070
C 129.14300 23.98140 10.15680
C 132.45600 24.52970 10.07690
C 131.30600 21.61130 9.99792
C 134.56400 22.24280 9.93678
C 130.18900 26.97540 10.13900
C 141.12200 23.26930 9.80513
C 137.89300 22.78100 9.77635
C 135.59200 25.17710 9.95839
C 139.06400 25.75180 9.89896
C 119.32300 30.57790 10.36850
C 121.59500 28.19060 10.44350
C 115.61600 29.43710 11.02560
C 118.29500 27.44910 10.44060
C 117.31700 32.49790 9.99259
C 120.33500 33.49470 10.25920
C 122.66000 31.14630 10.30600
C 125.88200 31.68770 10.29300
C 124.73500 28.70060 10.36060
C 128.05000 29.36840 10.25050
C 129.29200 32.23560 10.17920
C 131.31000 29.92710 10.13220
C 133.56100 27.53080 9.97384
C 132.60300 32.86770 10.17800
C 134.68400 30.61410 10.02820
C 135.73800 33.58620 10.09830
C 141.07300 31.66080 9.98566
C 140.09700 28.65410 9.91151
C 136.77500 28.10260 10.07610
C 137.90000 31.10750 10.05740
C 118.13100 2.03057 13.12130
C 121.54100 2.64470 13.18910
C 119.26300 5.03714 13.37200
C 115.71500 4.38466 12.89520
H 115.83700 6.69503 11.92770
H 121.08200 4.56131 11.71700
H 119.98400 1.60146 11.57730
C 122.72900 5.71071 13.19160
C 127.06600 1.09819 13.00150
C 124.90600 3.32823 13.11970
C 128.11700 4.03348 12.97580
C 126.02600 6.32668 13.09380
C 123.76600 0.40877 13.03470
C 130.30000 1.75735 13.01950
C 131.40400 4.63869 12.95660
C 133.55500 2.34844 12.94730
C 134.66900 5.26747 13.07310
C 136.84300 2.81719 12.92890
C 137.99500 5.84824 13.11350
C 140.14300 3.49067 13.03680
C 141.26000 6.51222 13.19460
C 139.04400 0.45284 12.80290
C 117.47900 7.86589 13.45800
C 120.67200 8.03711 13.34390
C 121.67300 11.22800 13.38270
C 118.51000 10.63200 13.38410
C 115.85800 12.73360 13.06100
H 121.24700 13.03260 11.72230
H 120.29100 9.95090 11.80320
H 118.06600 12.45120 11.93560
H 117.16700 9.48470 11.45910
H 119.03700 6.93362 11.79730
C 123.83900 8.81118 13.28980
C 127.08400 9.44741 13.14340
C 124.95300 11.76610 13.23020
C 128.25800 12.45510 13.14330
H 122.41500 7.59845 11.60740
H 123.40600 10.61870 11.73520
H 124.53200 13.69920 11.74900
H 126.73400 11.31750 11.56600
H 125.58800 8.26228 11.57950
C 129.17900 7.05486 13.06680
C 130.31200 10.03220 13.15620
C 131.39400 13.02100 13.07050
C 132.52200 7.65478 13.07360
C 133.47600 10.68470 13.10590
C 134.61400 13.74820 13.06230
C 135.74000 8.27301 13.11180
C 138.99800 8.82014 13.15630
C 136.70000 11.26110 13.23310
C 140.05900 11.99330 13.17220
C 119.58900 13.67940 13.46780
C 120.65900 16.67220 13.40730
C 117.43800 16.01570 13.42350
C 118.42300 19.09500 13.49690
C 121.70800 19.58100 13.49770
H 115.68800 14.98250 11.93080
H 119.17900 15.47460 11.73290
H 120.19000 18.52270 11.86150
H 117.05900 17.90170 11.54840
C 122.74300 14.15400 13.36320
C 126.02100 14.90940 13.23750
C 123.96700 17.25360 13.33260
C 127.13500 17.88470 13.16140
H 123.40000 19.10210 11.77040
H 122.41600 16.08450 11.79570
H 126.57500 19.74680 11.57570
H 125.63000 16.72620 11.62220
C 124.87700 20.34580 13.36410
H 127.77900 14.30750 11.51920
H 128.84900 17.28630 11.46300
C 129.22300 15.48330 13.13810
C 130.36300 18.39680 13.07750
C 132.53200 16.15620 12.98320
C 133.51200 19.06440 13.07600
H 129.89500 20.35850 11.57490
H 131.04300 14.91490 11.53250
H 132.07900 17.97450 11.33910
H 135.26800 18.54580 11.40370
C 135.67700 16.67250 12.94180
C 137.88100 14.41790 13.08930
C 141.24600 14.93060 13.00140
C 138.97900 17.26220 12.88120
C 136.89700 19.61680 12.92450
C 140.13400 20.17590 12.88850
C 115.73600 21.13170 12.99730
C 119.41500 22.04690 13.64500
C 117.40300 24.81290 13.74880
C 120.58700 25.13500 13.63600
H 121.22000 21.54050 12.04980
H 115.86700 23.51800 12.16430
H 120.16000 26.99260 12.08640
H 117.99700 20.95130 11.91770
H 119.03500 23.95860 12.11180
H 117.16300 26.38430 11.73380
C 128.10100 20.74450 13.29000
C 125.90500 23.22860 13.51630
C 123.85800 25.74760 13.62220
C 122.75300 22.74850 13.58230
C 127.05500 26.36100 13.51040
H 124.45600 22.13490 11.83920
H 125.56200 25.08900 11.92600
H 122.35400 24.59080 11.96280
H 127.76200 22.73990 11.88060
H 128.84300 25.78050 11.78110
C 132.49800 24.54400 13.30960
C 134.72700 22.00730 13.17750
C 129.22000 23.91690 13.43910
C 131.32600 21.48520 13.27940
C 130.39400 26.91380 13.41770
H 132.11600 26.40180 11.66920
H 130.98900 23.35660 11.68600
H 133.12600 20.98180 11.57270
H 134.26700 23.96110 11.71840
H 135.31200 26.93360 11.63240
C 135.86600 25.18780 13.21690
C 139.14400 25.56620 13.03750
C 137.75400 22.69450 13.03450
C 141.29600 23.28020 12.96300
H 136.40600 21.50090 11.39980
H 140.91500 25.11680 11.36570
H 137.51700 24.59150 11.43250
H 139.63100 22.16600 11.47590
H 118.81800 32.45500 11.99870
C 116.79000 33.46540 13.06080
C 115.67100 29.50050 12.88730
C 120.37600 33.69360 13.37330
H 121.15200 30.06260 11.97710
C 121.59700 28.34710 13.63290
C 118.36700 27.65590 13.65840
C 119.33500 30.65930 13.61910
H 117.93900 29.41420 12.02950
H 115.59000 31.75070 11.66980
H 123.39700 27.57770 12.06010
H 122.26300 33.06930 11.79870
C 125.92100 31.77580 13.51250
H 125.56300 33.62730 11.86740
H 127.75900 31.25640 11.88600
H 126.61400 28.23130 11.97380
C 122.65100 31.32890 13.57010
C 124.84900 28.76130 13.65670
C 128.18200 29.48700 13.54580
H 124.41700 30.58200 12.00510
H 129.89000 28.76970 11.85000
C 132.61900 32.94290 13.35750
C 134.69700 30.46680 13.29440
H 133.25000 29.38270 11.57520
H 134.41800 32.35950 11.75560
C 133.58700 27.58340 13.27780
H 131.07400 31.77690 11.77720
C 131.54600 29.91780 13.30460
C 129.38300 32.41610 13.46600
H 139.74700 30.44610 11.60800
H 136.45200 29.90970 11.66070
C 140.18300 28.65730 13.21210
C 135.87800 33.59070 13.33680
C 137.99900 31.10740 13.20390
C 141.36800 31.53020 13.12100
C 136.91900 28.01910 13.19940
H 140.86900 33.44550 11.67270
H 137.58500 32.93070 11.65110
H 141.92100 28.12780 11.52340
H 138.66100 27.51440 11.62570
C 118.28500 35.89710 9.95631
C 121.63200 36.51000 10.00170
C 119.42100 38.95220 9.93749
H 117.02000 34.88460 10.90920
C 115.54100 38.03660 10.98820
H 117.89800 37.85310 11.55680
C 123.81000 34.12250 10.15900
C 122.86500 39.53490 9.92608
C 127.04200 34.63500 10.10910
C 124.86200 37.06720 10.08010
C 128.11200 37.84920 10.04760
C 126.07100 40.10680 10.10400
C 130.42600 35.20940 10.10590
C 131.58600 38.23570 10.00180
C 133.68500 35.94340 10.12170
C 134.77900 38.87740 10.16000
C 136.84100 36.50150 10.04870
C 137.98600 39.54020 10.05650
C 140.17900 37.08690 10.01560
C 141.18200 40.15100 9.87625
C 139.08000 33.99200 10.03010
C 117.30700 41.15280 9.87424
C 120.55000 41.99790 9.95066
C 118.28900 44.32850 10.14410
C 121.70700 45.08050 9.93455
C 115.73100 46.39270 10.97790
H 117.14000 43.26310 11.37520
C 124.00500 42.60160 9.94213
C 127.19700 43.16850 10.06310
C 125.17900 45.71720 10.08700
C 128.28800 46.15350 10.13850
C 129.34200 40.63380 10.06970
C 130.48900 43.75710 10.10600
C 132.63200 41.31500 10.09190
C 133.79700 44.37500 10.26840
C 131.64700 46.81200 10.31690
C 134.80800 47.31430 10.43640
C 135.86200 41.78600 10.17170
C 138.91900 42.58790 10.09850
C 136.99900 44.94510 10.24160
C 140.20500 45.51050 10.22240
C 119.46300 47.24480 10.12130
C 117.34000 49.39830 10.14310
C 120.71400 50.31640 10.16650
C 118.50400 52.56210 10.13350
C 121.74500 53.21910 10.21490
C 122.89400 47.91740 10.16380
C 126.19900 48.60850 10.13880
C 124.05300 50.87800 10.18790
C 127.30700 51.58050 10.31850
C 125.19700 53.84340 10.17800
C 129.43300 49.18140 10.30870
C 130.58500 52.07160 10.42760
C 132.86500 49.81760 10.38930
C 133.72900 52.48220 10.37160
C 135.99300 50.26950 10.37830
C 138.05600 47.78470 10.31730
C 141.26400 48.40630 10.23580
C 139.09400 50.80800 10.24230
C 136.97400 53.16220 10.19740
C 140.28000 53.84880 10.19100
H 142.09800 53.24800 11.79240
C 115.76300 54.70860 10.85840
C 119.42500 55.55250 10.24720
C 117.35200 57.87130 10.23170
C 120.52400 58.57950 10.10790
C 126.15100 56.82850 10.19240
C 128.40000 54.37230 10.28940
C 122.81000 56.13100 10.12370
C 127.32200 59.69490 10.15180
C 124.13700 59.03290 10.05280
C 132.73000 58.10000 10.13370
C 131.72100 54.97690 10.28990
C 129.48900 57.35180 10.11850
C 134.94800 55.48150 10.26000
C 130.58400 60.37150 10.00790
H 129.15000 59.27610 11.72460
H 134.50600 57.42010 11.77420
H 132.38700 59.91230 11.74670
C 141.38300 56.85650 10.09830
C 138.21600 56.19730 10.09170
C 139.18200 59.11300 10.08410
C 135.97400 58.53350 10.07350
H 135.57700 60.49670 11.53270
H 141.04200 58.73420 11.64890
H 137.76500 58.04740 11.77000
H 139.99200 55.71280 11.73120
C 118.45600 60.89830 9.87976
C 121.97800 61.53460 9.84767
C 119.47000 63.85790 9.74485
C 117.42100 66.24080 9.68277
C 115.75000 63.16920 10.50650
C 120.70700 66.99550 9.63324
H 119.27000 65.84660 11.34610
H 121.38300 63.45900 11.35010
H 115.74400 65.47740 11.41420
H 118.11700 62.85490 11.34100
C 126.13600 65.14030 9.66625
C 122.95600 64.45350 9.67695
C 125.19100 62.03470 9.91052
C 128.23000 62.68860 9.83992
H 122.53600 66.36420 11.18830
H 127.91100 64.60910 11.36170
H 124.73000 63.95850 11.34080
H 125.72900 66.99400 11.21900
H 123.64500 61.00540 11.57700
H 126.89800 61.63360 11.66820
C 133.81800 60.97110 9.94322
C 132.71700 66.26390 9.59995
C 131.68000 63.32250 9.73095
C 129.36700 65.68490 9.64046
C 135.02000 64.01630 9.81333
H 133.44100 62.96220 11.47000
H 131.21400 65.30460 11.23230
H 134.50600 65.91920 11.25860
H 130.10900 62.34750 11.40880
H 138.78800 61.11400 11.51850
C 135.99800 66.98060 9.59290
C 140.24200 62.10670 9.79417
C 138.08900 64.55370 9.74533
C 136.98400 61.73580 9.94548
H 139.92100 64.11420 11.25140
H 142.00000 61.70660 11.44120
H 141.05500 67.19020 11.08050
H 136.68700 63.58670 11.58650
H 137.79800 66.53320 11.22900
C 141.31800 65.23370 9.57889
C 118.11700 35.97770 13.06290
C 121.58000 36.67930 13.27670
C 119.42600 38.85760 13.12300
C 115.75100 38.09520 12.93170
H 115.91000 40.37380 11.84190
H 120.13500 35.48080 11.65290
H 121.32400 38.44510 11.53920
C 122.74000 39.62630 13.23780
C 127.14800 34.79060 13.38500
C 124.93000 37.16100 13.27660
C 128.23300 37.67710 13.28430
C 126.09700 40.17380 13.28570
C 123.72600 34.25270 13.43530
H 124.52900 38.97360 11.67990
H 126.73100 36.55650 11.66000
H 127.85000 39.54400 11.74390
H 123.38600 36.00090 11.70870
H 128.85300 34.15630 11.71920
C 130.40400 35.37390 13.21280
C 131.41200 38.25400 13.27610
C 133.71800 35.92910 13.37290
C 134.82300 38.80470 13.35010
H 131.16000 40.08650 11.58710
H 132.24100 34.75480 11.70820
H 129.96400 37.15750 11.53340
H 133.28000 37.74970 11.75140
H 135.48400 35.37470 11.77100
C 137.07500 36.43390 13.30270
C 138.11900 39.38480 13.29120
C 140.14700 37.00200 13.22090
C 141.31200 40.06540 13.20270
C 139.14200 34.06980 13.20070
H 136.61500 38.30050 11.71550
H 139.86100 38.88410 11.60850
H 138.66700 35.86690 11.56040
H 141.89500 36.40590 11.67100
C 115.74300 46.28920 12.80800
C 117.39600 41.44490 13.29770
C 120.62700 41.97160 13.11300
C 121.76800 44.92780 13.22780
C 118.57700 44.43150 13.28630
H 121.36800 46.80230 11.71740
H 118.04500 46.23270 11.82800
H 120.34600 43.85800 11.57370
H 119.11800 40.76600 11.55870
C 123.79600 42.64890 13.16480
C 127.25200 43.00910 13.33310
C 124.90700 45.57770 13.28860
C 128.25900 46.05180 13.39990
H 122.45800 41.41420 11.46210
H 125.68700 41.99700 11.67560
H 123.55900 44.49980 11.49700
H 126.84100 44.91420 11.78030
C 129.44200 40.65670 13.25890
C 130.39400 43.66150 13.36470
C 132.54300 41.19880 13.32370
C 133.75300 44.15870 13.45560
C 131.43200 46.70450 13.48790
H 133.36300 46.09100 12.07370
H 129.00800 42.51760 11.67890
H 134.36800 40.67740 11.78750
H 132.24700 43.09860 11.74860
H 130.05600 45.51400 11.79160
H 135.60700 43.65150 11.81610
C 135.97000 41.69120 13.35270
C 139.15800 42.28650 13.31770
C 137.05700 44.77190 13.50080
C 140.27600 45.42820 13.41370
H 137.69400 41.23950 11.72370
H 138.77000 44.27390 11.83870
H 136.57600 46.66120 11.94470
H 142.05800 44.87170 11.71310
H 139.87000 47.26100 11.91900
H 140.85200 41.92420 11.58110
C 119.60700 47.29610 13.39470
C 120.67300 50.23440 13.39530
C 117.31000 49.55250 13.29660
C 118.45500 52.69110 13.44830
C 121.85500 53.26540 13.38780
H 115.78700 48.61400 11.98130
H 120.29800 52.11920 11.86540
H 119.25800 49.13730 11.73730
H 117.16900 51.52570 11.46650
C 122.83400 48.02660 13.33130
C 126.16300 48.50110 13.43580
C 123.99400 50.94670 13.39470
C 127.19800 51.47970 13.53910
H 123.63200 52.78200 11.76310
H 126.88900 53.37880 11.94590
H 122.52300 49.80240 11.75440
H 124.68600 47.45870 11.77290
H 127.92900 47.97760 11.80290
H 125.80000 50.36350 11.81820
C 125.01400 53.95620 13.45410
C 134.87800 47.27560 13.64100
C 129.40000 49.05690 13.45500
C 130.41500 52.18750 13.61690
C 132.65500 49.58190 13.66290
C 133.82500 52.63830 13.60750
H 129.03400 50.99570 11.96550
H 132.28800 51.51030 12.12070
H 131.25300 48.55810 11.85210
H 134.50200 49.11110 12.07180
H 130.17900 53.99490 11.97270
H 135.59800 52.13600 11.95430
C 136.01600 50.34250 13.59430
C 138.09600 47.72150 13.55890
C 141.41800 48.41910 13.42780
C 139.23500 50.98120 13.45460
C 137.13800 53.28610 13.46740
H 137.73600 49.61950 11.99400
H 140.96300 50.28060 11.81440
H 138.81100 52.68270 11.77690
C 140.27800 53.87940 13.34540
C 115.81400 54.75450 12.75860
C 119.52400 55.53100 13.48540
C 117.36500 57.76750 13.49860
C 120.81000 58.74900 13.20580
H 117.25600 59.88970 11.99560
H 118.07400 54.46730 11.77640
H 115.78100 57.05510 11.62220
H 119.19700 57.40510 11.90150
H 121.31300 55.11510 11.80200
H 120.39100 60.40630 11.39090
C 128.38400 54.56400 13.52760
C 122.81900 56.33380 13.31560
C 126.15000 56.82430 13.37770
C 123.86200 59.26650 13.26880
C 127.34300 59.88170 13.35050
H 125.80300 58.65130 11.84830
H 124.62500 55.71620 11.72600
H 122.50500 58.05790 11.57590
H 127.98700 56.31650 11.79240
C 130.54500 60.65690 13.24040
C 132.77900 58.04310 13.38650
C 134.98000 55.63650 13.37320
C 131.76500 55.11050 13.50210
C 129.49000 57.43970 13.42170
H 133.48300 54.38420 11.90130
H 131.29400 56.86280 11.79350
C 141.41200 56.98120 13.31280
C 139.24100 59.38490 13.24590
C 138.26000 56.36210 13.40390
C 135.84800 58.71090 13.24710
H 136.80800 55.07030 11.79590
C 117.50300 66.43480 12.99650
C 115.83000 63.13490 12.32930
C 120.80500 66.94860 12.91950
C 118.53800 60.92650 13.00600
C 119.53500 63.93650 12.99290
C 121.76100 61.71000 13.04490
C 125.00200 62.25990 13.17720
C 126.10300 65.27310 12.94860
C 128.36500 62.90730 13.15800
C 122.91800 64.54730 12.89710
C 132.70700 66.56350 12.80580
C 134.85500 64.25050 13.06470
C 131.63700 63.58540 12.94820
C 129.43200 65.94600 12.82170
C 133.88100 61.28430 13.24190
C 138.26500 64.86560 12.97260
C 137.03900 61.68770 13.15750
C 140.26500 62.35680 13.02290
C 141.38200 65.39140 12.74610
C 135.98900 67.22980 12.73250
C 118.28300 69.28390 9.94044
C 121.70500 70.04570 9.67690
C 119.61400 72.26340 9.72195
C 115.83800 71.48060 10.34710
H 117.17900 68.34450 11.20760
H 115.93300 73.80200 11.25950
H 118.08400 71.34170 11.46180
H 121.48000 71.85980 11.36470
H 120.37600 68.82720 11.31940
C 123.92600 67.70160 9.63917
C 122.80600 72.92190 9.51464
C 127.13600 68.05350 9.46712
C 124.96700 70.54750 9.49235
C 128.31100 71.13740 9.28065
C 126.12000 73.46450 9.26169
H 124.68600 72.42240 11.01910
H 127.98300 73.03920 10.82740
H 126.89700 69.99450 10.94210
H 123.56700 69.48620 11.28330
C 130.52100 68.69220 9.40826
C 131.55300 71.63650 9.19740
C 133.80400 69.33130 9.34154
C 134.93000 72.32550 9.19645
H 133.39500 71.25990 10.86860
H 131.15200 73.60370 10.67000
H 129.02600 67.66840 11.08310
H 130.12600 70.60310 10.90000
H 132.37600 68.25670 11.05780
H 135.55500 68.91850 11.00160
C 139.21600 67.52760 9.45243
C 137.06600 70.01930 9.35000
C 138.12100 72.95200 9.18371
C 140.32600 70.56780 9.25679
C 141.38600 73.57360 9.13855
H 136.70300 71.86640 10.85620
H 139.93300 72.45140 10.80230
H 142.19600 70.10710 10.83110
H 138.86900 69.49130 10.95190
H 119.26800 74.25700 11.17840
C 117.51300 74.49700 9.39069
C 120.69800 75.34890 9.46371
C 118.46200 77.67160 9.46914
C 121.79500 78.32220 9.37044
C 115.84700 79.67640 10.38030
H 117.19600 76.64470 10.85430
H 120.35500 77.19560 11.05240
H 121.41800 80.16790 10.94410
H 118.14300 79.62830 11.06660
C 119.58100 80.63460 9.40382
C 123.90500 75.85190 9.40929
C 127.22100 76.50910 9.16110
C 125.00600 78.84940 9.22280
C 128.31000 79.48470 9.07149
H 125.85300 75.33500 10.86720
H 122.46800 74.78280 11.09680
H 123.59000 77.72090 10.95720
H 126.85800 78.33160 10.78850
H 124.69700 80.72880 10.73810
C 129.37900 74.25380 9.15372
H 129.07200 76.08880 10.80500
C 131.61300 80.22940 9.08438
C 130.57300 77.16120 9.10283
C 132.65700 74.72850 9.05077
C 133.78100 77.79660 9.05397
H 134.42200 74.19490 10.72250
H 130.14100 79.03410 10.68690
H 132.32400 76.61770 10.65260
H 133.40800 79.60420 10.73620
C 134.74500 80.82660 9.02161
H 135.52000 77.20680 10.67830
C 135.97200 75.28900 9.16405
C 139.22200 75.81750 9.07113
C 136.93200 78.28030 8.94244
C 140.26300 78.83930 8.95904
H 138.74900 77.73990 10.53750
H 142.09100 78.48740 10.60490
H 140.97100 75.42340 10.72100
H 136.57400 80.17330 10.54220
H 137.75700 74.77820 10.82710
H 139.88100 80.69350 10.49900
C 120.65800 83.65300 9.25923
C 117.37200 82.62410 9.40994
C 118.26400 85.99000 9.25980
C 121.57900 86.72400 9.10751
H 116.97100 84.82530 10.65920
H 120.26500 85.54120 10.79990
H 119.29200 82.55820 10.98760
H 115.95200 81.97770 11.34620
C 122.83800 81.30870 9.23946
C 126.10900 81.93080 9.05681
C 123.88100 84.27090 9.15956
C 127.13200 84.93180 9.01386
H 126.80500 86.72320 10.71430
H 127.96700 81.38830 10.58730
H 125.73500 83.72630 10.65240
H 122.47800 83.13580 10.83760
H 123.50700 86.17670 10.70110
C 124.99100 87.31540 9.10859
H 128.96300 84.37640 10.56500
C 129.46400 82.54610 8.98370
C 130.39300 85.61970 9.00500
C 132.68200 83.14080 8.94718
C 133.73800 86.08950 8.89844
H 134.44400 82.62630 10.66820
H 129.95000 87.40440 10.59920
H 131.25500 82.06700 10.62490
H 132.24800 84.97540 10.55420
H 135.53500 85.50450 10.47760
C 135.95900 83.64260 8.93665
C 138.17200 81.26070 8.93266
C 141.34800 81.86890 8.86359
C 139.09200 84.28930 8.80999
C 136.93900 86.75610 8.85196
H 141.99400 86.77770 10.34310
H 138.73200 86.11710 10.39280
H 137.73000 83.10260 10.52930
H 140.92200 83.76850 10.34460
C 140.20400 87.29650 8.75893
C 115.65800 88.37430 10.41640
C 119.32400 88.99030 9.37140
C 117.19700 91.28880 9.46360
C 120.39700 92.11930 9.47874
H 121.29600 88.51670 10.84280
H 117.22000 93.40280 10.90000
H 120.33800 93.98390 11.14180
H 119.13300 90.89900 11.06210
H 118.00900 87.82340 11.10320
H 115.63200 90.73320 11.36580
C 128.11700 87.98190 9.07185
C 122.72700 89.75850 9.19709
C 127.16100 93.39120 9.34124
C 123.85400 92.89030 9.28834
C 126.08900 90.48590 9.17266
H 124.60400 89.20590 10.73100
H 125.64800 92.24920 10.90180
H 127.78300 89.71010 10.80840
H 122.43600 91.56670 10.85860
H 128.88000 92.72750 10.95440
C 129.19500 90.95100 9.20743
C 130.27900 93.83170 9.27134
C 132.44400 91.56520 9.04398
C 134.68200 89.09460 8.86231
C 131.40800 88.61960 8.96768
H 134.27700 90.86160 10.52700
H 133.27200 87.88110 10.50270
H 132.17400 93.33710 10.80210
H 131.11000 90.35200 10.67380
H 135.40200 93.94830 10.61910
C 135.72900 92.09190 9.01840
C 138.00500 89.74640 8.84756
C 141.20600 90.34590 8.83617
C 139.02500 92.67430 8.97887
H 140.93900 92.16060 10.55760
H 137.59400 91.49550 10.61140
H 136.53100 88.56680 10.46840
H 139.79100 89.12270 10.39930
C 115.69900 96.68560 10.36200
C 118.35300 94.43190 9.68456
C 120.68000 100.60200 9.69445
C 121.71200 95.27030 9.53741
C 119.45300 97.57320 9.64846
C 117.35700 99.61890 9.51963
H 121.28700 96.99540 11.27950
H 119.19600 99.36980 11.27070
H 118.03200 96.42060 11.26590
H 115.64000 99.03430 11.23990
H 122.44000 99.94660 11.26740
C 125.10800 95.81490 9.54437
C 126.01800 98.69880 9.47345
C 128.13200 96.35290 9.42076
C 122.70500 98.16820 9.62707
H 127.88600 98.20430 11.02710
H 126.83900 95.14380 11.13340
H 123.50800 94.62590 10.99340
H 125.68700 100.52100 11.14090
H 124.57800 97.56110 11.14430
C 131.46200 96.90340 9.23246
C 132.50200 99.88700 9.26488
C 133.55000 94.44900 9.11211
C 134.74500 97.49600 9.10154
H 133.29400 96.30540 10.73420
H 134.38000 99.31240 10.74020
H 130.03100 95.70400 10.87630
H 131.12200 98.67230 10.95410
C 129.26800 99.31270 9.37090
C 140.13800 95.71600 9.02281
C 136.91000 95.05540 9.03174
H 141.98300 95.09610 10.53150
C 135.85000 100.56400 9.17650
C 138.01400 98.05820 9.09333
H 138.71700 94.48890 10.64240
C 141.28700 98.64050 9.03371
H 139.82700 97.51040 10.68120
H 137.60900 99.87280 10.67910
H 136.52000 96.87060 10.65820
H 140.86700 100.47200 10.60020
C 118.66700 69.51670 13.04140
C 121.83000 70.01680 12.98730
C 119.64400 72.47690 12.93460
C 115.75000 71.55100 12.31990
C 123.93600 67.60740 12.83520
C 123.09500 73.09430 12.77270
C 127.19000 68.31370 12.65700
C 125.24100 70.73540 12.66040
C 128.36700 71.26520 12.50930
C 126.25200 73.57590 12.52130
C 130.53400 68.88700 12.61370
C 131.54100 71.86270 12.42180
C 133.80800 69.55550 12.62300
C 134.88600 72.47440 12.44390
C 137.05800 70.08300 12.56220
C 138.17700 73.00950 12.46730
C 140.43100 70.68560 12.44860
C 141.57800 73.58310 12.30880
C 139.25100 67.73890 12.69480
C 115.92400 79.72410 12.26140
C 117.51200 74.96530 12.80550
C 120.81300 75.44430 12.73140
C 121.86500 78.36270 12.58910
C 118.62400 77.84010 12.69160
C 119.62900 80.68620 12.64600
C 124.11700 75.93980 12.53590
C 127.28600 76.57920 12.46420
C 125.09100 78.93750 12.47280
C 128.38400 79.62200 12.30290
C 129.46100 74.22670 12.39080
C 130.58800 77.22130 12.33320
C 131.59900 80.26970 12.29510
C 132.57300 74.84370 12.26560
C 133.70700 77.73940 12.35780
C 135.88500 75.41510 12.30350
C 139.21200 76.06920 12.31830
C 137.03700 78.36450 12.22720
C 140.25200 78.91590 12.12960
C 120.79200 83.80900 12.49760
C 117.47600 83.08410 12.66120
C 118.44200 86.12470 12.47100
C 121.78600 86.62230 12.43930
C 123.01800 81.32690 12.40940
C 126.19800 81.94800 12.27040
C 124.05900 84.33840 12.32370
C 127.27700 84.81070 12.24080
C 125.04300 87.30860 12.31630
C 134.93200 80.80030 12.29890
C 129.44500 82.56800 12.19510
C 130.42700 85.61650 12.10780
C 132.68800 83.23050 12.26970
C 133.79000 86.07470 12.13080
C 136.06100 83.75740 12.17660
C 138.11800 81.30560 12.13950
C 141.22600 81.98090 12.06840
C 139.21600 84.35860 12.05210
C 136.98900 86.72450 12.06490
C 140.21600 87.31260 12.00660
C 119.57200 89.02200 12.62320
C 117.40300 91.60910 12.79920
C 120.71800 92.16650 12.62080
C 115.83700 88.40890 12.24450
C 128.28400 87.84710 12.35010
C 122.83100 89.68410 12.43980
C 126.03200 90.32820 12.44370
C 123.87400 92.74610 12.54750
C 127.14500 93.19760 12.63560
C 131.52100 88.42860 12.18550
C 132.59000 91.54980 12.27910
C 129.39000 90.79400 12.37450
C 134.77900 89.03710 12.11710
C 130.49300 93.87980 12.48790
C 135.73200 92.02930 12.14900
C 138.07400 89.62550 12.19230
C 141.21700 90.23920 12.10130
C 139.16200 92.68040 12.21510
C 119.49400 97.53330 12.94370
C 121.83800 95.15140 12.76580
C 118.57200 94.58030 12.85310
C 117.35500 99.99130 12.80520
C 115.76100 96.72870 12.26370
C 120.72700 100.47200 12.94660
C 126.13700 98.61480 12.68610
C 122.87900 98.10340 12.84310
C 128.35100 96.38860 12.62120
C 125.00000 95.70910 12.70550
C 129.43800 99.27690 12.64570
C 133.66600 94.51010 12.37740
C 131.58100 96.76620 12.45690
C 132.62600 99.81410 12.45830
C 134.76300 97.41440 12.33260
C 140.24800 95.58700 12.22420
C 141.29000 98.71660 12.27850
C 137.98300 98.01950 12.30600
C 136.89000 95.01060 12.23070
C 135.88600 100.39900 12.35640
C 118.42100 102.81000 9.76718
C 121.53400 103.54100 9.61527
C 119.38600 105.81800 9.70090
C 115.71100 104.99000 10.57790
H 117.13600 101.80900 10.98400
H 121.26800 105.33700 11.31770
H 120.32400 102.37000 11.38270
H 117.98800 104.75700 11.40840
H 115.67600 107.38200 11.35390
C 123.82400 101.11300 9.54129
C 127.16700 101.63300 9.46152
C 124.98600 104.10200 9.44108
C 128.19400 104.74200 9.34701
C 126.01100 107.09400 9.43281
C 122.73800 106.38000 9.61984
H 127.79900 106.52600 11.02710
H 123.44900 103.00600 11.07240
H 126.82800 103.50400 11.00650
H 124.63500 105.90700 11.11220
H 129.02000 101.16200 11.04450
C 130.41000 102.35300 9.33231
C 131.53100 105.36300 9.37377
C 133.61000 102.99800 9.30416
C 134.78900 106.07400 9.45421
H 132.22800 101.76800 10.93020
H 131.10100 107.17500 10.98790
H 129.98000 104.16600 10.93950
H 133.34000 104.76300 11.03160
H 135.38800 102.36500 10.89540
C 139.01400 101.07800 9.03944
C 136.87700 103.62500 9.32386
C 137.89300 106.64700 9.39086
C 140.02600 104.18100 9.23202
C 141.06100 107.19500 9.33664
H 139.71200 105.91200 10.97080
H 138.68100 102.80500 10.81800
H 136.59000 105.35100 11.01210
H 141.89700 103.48400 10.74250
C 117.34000 108.04800 9.63647
C 120.59900 108.93700 9.65391
C 118.26400 111.31800 9.90231
C 121.70900 112.01000 9.63138
C 115.78400 113.49700 10.80560
H 117.17600 110.17000 11.13910
H 121.31700 113.71600 11.38840
H 119.15800 107.66400 11.33640
H 120.34800 110.76300 11.22340
H 118.10500 113.17400 11.62250
C 119.40100 114.24800 9.82018
C 123.87400 109.53500 9.52282
C 127.12300 110.16200 9.47003
C 124.95300 112.60300 9.61560
C 128.08800 113.20700 9.59264
H 125.70100 108.90700 11.06510
H 126.71800 111.92600 11.20410
H 122.48200 108.30000 11.16130
H 123.54200 111.32000 11.18790
H 124.63000 114.35900 11.32010
H 128.97500 109.50000 10.96220
H 134.34400 107.78700 11.11750
C 129.21600 107.65200 9.37205
C 132.60100 108.41700 9.51295
C 130.55600 110.68800 9.48277
C 133.67100 111.35300 9.56681
C 131.39700 113.71500 9.44841
H 129.93900 112.52800 11.07260
H 133.25700 113.23900 11.03070
H 132.25600 110.18500 11.26400
H 135.48100 110.79700 11.23110
C 135.80600 109.04500 9.53730
C 139.06800 109.57700 9.48617
C 136.88100 111.95500 9.56350
C 140.18200 112.48000 9.45910
H 136.54900 113.83100 11.10340
H 138.73100 111.34800 11.11060
H 141.96100 111.87600 11.14430
H 137.59200 108.39700 11.09590
H 140.84200 108.91300 11.09220
H 139.77300 114.33800 10.94090
C 117.23100 116.36900 9.89550
C 120.55800 117.27100 9.85067
C 118.31600 119.54400 10.08340
C 121.69400 120.14200 9.82892
H 117.13300 118.53400 11.37860
H 119.13000 116.10400 11.50850
H 120.30900 119.10800 11.57850
H 115.66300 115.82900 11.81210
C 122.75100 114.92300 9.73866
C 126.01100 115.64400 9.73724
C 123.87600 117.92600 9.80218
C 127.00300 118.56700 9.70107
H 123.56800 119.71600 11.45720
H 126.76100 120.35200 11.35890
H 122.44800 116.75400 11.37850
H 125.68300 117.36600 11.46910
H 127.82400 114.98900 11.28970
C 124.96900 120.91100 9.81302
C 134.82300 114.43900 9.44752
H 128.92200 117.94500 11.17100
C 129.12000 116.10800 9.52025
C 130.39700 119.17500 9.61461
C 132.54700 116.79300 9.50918
C 133.69600 119.72600 9.64181
H 132.23600 118.58400 11.22930
H 134.36500 116.19200 11.07240
H 131.03200 115.55900 11.08380
H 130.02900 120.94800 11.23420
H 135.53000 119.21100 11.24270
C 135.79500 117.47600 9.46670
C 137.99300 114.87900 9.38937
C 141.32400 115.51800 9.43221
C 139.01000 117.91700 9.43882
C 136.88600 120.42900 9.47483
H 141.84400 120.32700 11.07300
H 137.60600 116.73000 10.96740
H 138.66600 119.76200 11.06190
H 140.82300 117.29900 11.06340
C 140.07400 120.93800 9.42032
C 120.64600 125.67100 10.03430
C 119.32200 122.59400 9.98249
C 117.32200 125.14200 10.05200
C 115.75600 121.91500 10.79670
H 121.34900 122.02900 11.39550
H 118.06200 121.50000 11.72030
C 123.83000 126.42900 9.91930
C 127.10500 126.97600 9.89883
C 128.18300 121.45500 9.70695
C 122.80600 123.30900 9.87544
C 126.00500 123.92200 9.82766
H 127.88300 123.28500 11.33440
H 125.65000 125.73000 11.45830
H 124.62300 122.67200 11.47080
H 122.49000 125.11000 11.56900
H 128.92400 126.30300 11.38650
C 132.61900 125.19700 9.59890
C 134.67600 122.75800 9.52545
C 130.35100 127.39500 9.75166
C 131.46600 122.13200 9.54617
C 129.13000 124.57000 9.66066
H 131.04800 124.00100 11.09750
H 134.35400 124.59700 11.12030
H 133.27700 121.62300 11.20570
H 132.18400 126.94100 11.29360
H 135.41700 127.58300 11.10480
C 135.81600 125.79800 9.50702
C 138.08800 123.47000 9.42386
C 141.24800 123.98700 9.40510
C 139.02600 126.35100 9.43161
H 140.88500 125.80700 11.02170
H 137.59500 125.21500 11.08110
H 139.78000 122.82700 11.03760
H 136.60000 122.25900 11.07040
C 118.37200 127.96000 10.06090
C 120.36100 134.03100 9.89964
C 121.72200 128.58800 10.04970
C 117.10700 132.78900 9.98966
C 119.42900 130.85100 10.02750
C 115.78200 130.02300 10.81630
C 122.77700 131.54900 9.87298
C 124.91100 129.27400 10.01180
C 125.99100 132.17800 9.89612
C 128.10100 129.83500 9.84853
H 124.56400 131.11400 11.58150
H 127.78600 131.65900 11.56700
H 126.76100 128.73500 11.56660
H 125.60200 134.09500 11.46140
H 123.50000 128.11000 11.69030
H 122.23500 133.38800 11.42270
H 133.25500 129.97100 11.21130
C 129.09100 132.79000 9.80230
C 134.62200 131.17600 9.49329
C 133.52000 128.13500 9.58715
C 131.33400 130.50200 9.65858
C 132.30300 133.59500 9.62425
H 129.97300 129.26300 11.37800
H 134.19000 132.97000 11.18030
H 131.01700 132.32900 11.29780
C 140.11000 129.49200 9.50020
C 141.19500 132.32600 9.54306
H 136.45600 130.61200 11.06340
H 139.75800 131.16900 11.24160
H 141.91400 128.80000 11.12410
C 135.71700 134.18000 9.59151
C 136.84900 128.79700 9.46279
H 138.68300 128.20700 11.07730
H 140.85700 134.10700 11.24700
H 137.55100 133.55600 11.08230
C 138.02800 131.75400 9.51310
C 118.43700 102.93000 12.96100
C 121.85300 103.56200 12.91540
C 119.52300 105.84700 13.02370
C 115.69100 105.09200 12.45740
C 122.83500 106.45100 12.80830
C 127.21900 101.72400 12.68530
C 125.06300 104.04600 12.66030
C 128.26400 104.73400 12.64560
C 126.06000 107.07400 12.67200
C 123.91900 101.18500 12.74440
C 130.52000 102.38500 12.58690
C 131.50300 105.27500 12.61140
C 133.66300 102.86500 12.60690
C 134.80800 105.88100 12.66000
C 139.11900 100.88900 12.34560
C 136.91700 103.44800 12.55660
C 138.02600 106.54300 12.66110
C 140.11300 103.91600 12.46890
C 141.30600 106.99300 12.59730
C 115.87800 113.52200 12.69880
C 117.36000 108.28400 12.97710
C 120.74200 108.92500 12.80010
C 121.81100 111.85800 12.90110
C 118.63800 111.40100 12.99600
C 119.70100 114.35000 13.18260
C 123.98800 109.45500 12.76260
C 127.22200 110.04500 12.65680
C 124.95000 112.48900 12.87430
C 128.20200 113.08100 12.78390
C 129.28300 107.65900 12.61580
C 130.36300 110.72600 12.70530
C 132.59300 108.19800 12.74270
C 133.67100 111.48100 12.76880
C 131.44400 113.73600 12.68580
C 134.75500 114.32900 12.70910
C 135.83000 108.94500 12.73510
C 139.04500 109.55500 12.73590
C 136.98500 111.99300 12.74040
C 140.17500 112.57400 12.68830
C 120.72000 117.25000 13.09040
C 117.49800 116.70900 13.27440
C 118.56700 119.62100 13.25660
C 121.88700 120.31400 13.10140
C 122.84700 114.87400 12.98580
C 126.10300 115.46600 12.98550
C 123.92700 117.87600 13.06070
C 127.23200 118.50300 12.93050
C 125.02400 120.82400 13.05190
C 129.33400 116.11400 12.83460
C 130.40800 119.09700 12.79840
C 132.58900 116.64000 12.71650
C 133.68900 119.79500 12.84780
C 135.87700 117.35400 12.66790
C 138.11700 114.99300 12.65070
C 141.18700 115.47500 12.64400
C 138.95800 117.92500 12.61540
C 137.06700 120.44700 12.74940
C 140.11200 121.02000 12.66450
C 115.81900 121.96700 12.63100
C 119.68200 122.58300 13.21070
C 117.34600 124.72400 13.35400
C 120.64200 125.63300 13.18030
H 117.17300 126.83400 12.00180
H 120.22700 127.48700 11.67650
H 115.65400 124.23600 11.57250
H 119.13000 124.44700 11.62120
C 127.19700 126.79700 13.05590
C 123.99300 126.22600 13.20590
C 126.16200 123.84800 13.00600
C 122.83500 123.23300 13.07140
C 128.32600 121.44000 12.92910
C 129.41900 124.45400 12.90440
C 132.60700 125.06300 12.77980
C 134.81000 122.75900 12.68940
C 130.37100 127.35100 12.96690
C 131.48700 122.22200 12.77340
C 138.05000 123.39200 12.69660
C 141.26900 123.92500 12.64230
C 135.79200 125.75300 12.70040
C 139.05700 126.34700 12.68370
C 115.76100 129.98100 12.65630
C 120.53500 133.95200 13.18350
C 121.72800 128.64900 13.26420
C 119.51400 130.93800 13.24910
C 117.27800 133.42200 13.19810
C 118.35500 127.89900 13.35820
H 115.68800 132.25500 11.95680
H 118.05600 129.77200 11.68630
H 121.31600 130.46600 11.61730
H 119.05900 132.73700 11.58110
C 122.83700 131.69400 13.20370
C 128.31600 129.83400 13.15390
C 124.96400 129.33900 13.20740
C 125.98300 132.41200 13.18230
C 131.47500 130.43900 12.88570
C 134.74000 131.16100 12.80370
C 133.70000 128.16700 12.81850
C 129.32000 132.90900 13.03560
C 132.48300 133.53900 12.90950
C 137.93600 131.73000 12.75290
C 140.14300 129.24100 12.80630
C 141.25900 132.32500 12.85500
C 135.77100 134.05400 12.74060
C 136.90900 128.77100 12.70220
C 145.63100 1.73926 9.79849
C 143.38500 4.20049 9.78644
C 146.57400 4.69758 9.75240
H 148.46900 4.18350 11.30680
H 145.17700 3.58197 11.42610
H 142.99300 5.93087 11.48840
H 147.45200 1.10340 11.36540
H 146.29000 6.53770 11.35220
H 144.17100 0.58352 11.43710
C 142.34300 1.19547 9.75391
C 148.80700 2.33341 9.70408
C 154.23300 0.50287 9.56222
C 152.00700 2.91000 9.63940
C 149.86000 5.34076 9.64180
C 153.03600 6.03962 9.59572
C 155.28100 3.40472 9.56476
H 151.68000 4.77249 11.21050
H 150.57400 1.74586 11.31290
H 153.83600 2.32390 11.27130
H 154.92300 5.32156 11.13020
C 157.46800 1.07379 9.61314
C 160.68400 1.81307 9.57744
C 158.50100 4.18354 9.60404
C 156.40300 6.45846 9.54284
C 161.74700 4.73617 9.50477
H 160.30700 3.62537 11.14280
H 157.09600 2.91281 11.20870
H 158.20600 5.95301 11.27040
H 161.42300 6.57306 11.12550
H 159.32000 0.60815 11.27800
H 162.53300 1.21762 11.21800
C 164.01900 2.27549 9.50365
C 167.32800 2.95497 9.62013
C 165.19500 5.41246 9.52439
C 168.49000 5.89652 9.63389
H 165.80400 1.81749 11.23000
H 166.91900 4.75708 11.19750
H 163.61900 4.21122 11.03030
C 144.43400 7.11445 9.82723
C 147.71300 7.71533 9.71023
C 145.39100 10.11590 9.76815
C 143.17400 12.47790 9.92141
C 146.51200 13.18260 9.66785
H 145.10400 12.02050 11.38030
H 148.29000 12.57390 11.30660
H 147.26100 9.52922 11.29340
H 144.06100 8.91544 11.49380
C 148.74800 10.74190 9.66821
C 142.24400 9.57438 9.97387
C 150.81200 8.34461 9.58400
C 151.99200 11.36090 9.65041
C 154.12000 8.93966 9.62689
C 155.20800 11.89440 9.61126
H 152.61900 7.82579 11.19920
H 149.50000 7.15597 11.26860
H 151.62800 13.18270 11.23740
H 153.78400 10.73100 11.28390
H 150.52800 10.18170 11.26860
C 159.60800 7.05901 9.58999
C 161.86300 13.08120 9.62754
C 157.56200 9.48203 9.63713
C 160.76000 10.07090 9.65569
C 158.52000 12.44430 9.63060
H 160.34200 11.91840 11.27370
H 157.03900 11.32460 11.25010
H 155.98700 8.28942 11.20080
H 159.28200 8.88519 11.28030
H 162.54400 9.59561 11.31020
C 162.94000 7.79687 9.65142
C 166.11300 8.36380 9.62212
C 164.08200 10.75320 9.67333
C 167.34900 11.18800 9.59957
H 164.70600 7.14034 11.24140
H 163.74600 12.59140 11.20730
H 165.83900 10.14950 11.25610
H 167.93800 7.74927 11.19290
H 166.94800 13.09800 11.16470
C 144.32100 15.39230 9.73753
C 147.62200 16.08320 9.62563
C 145.57700 18.56730 9.47633
H 146.16500 15.02690 11.33660
H 144.08600 17.42640 11.10010
H 142.92900 14.38410 11.52490
C 142.13500 17.89810 9.64050
H 147.35300 18.01190 11.14690
H 145.18400 20.36750 11.12980
C 148.83200 19.21630 9.56142
C 149.81300 13.65620 9.66289
H 154.84400 13.73330 11.28890
C 153.11300 14.28040 9.59184
C 150.94800 16.67800 9.62474
C 154.26800 17.28550 9.61863
C 152.01200 19.70200 9.47814
C 155.37200 20.25820 9.51280
H 150.57900 18.55520 11.17110
H 152.74200 16.13670 11.22670
H 149.39900 15.57660 11.24570
H 153.83700 19.13820 11.13720
C 159.74200 15.51300 9.54745
C 156.36600 14.77090 9.59847
C 157.64100 17.70090 9.47120
C 160.91000 18.40480 9.62096
H 161.53300 14.92660 11.11390
H 157.20700 19.65670 11.00130
H 159.36100 17.31550 11.17350
H 160.44400 20.27870 11.17590
H 158.31200 14.31980 11.17640
H 156.13200 16.65610 11.18050
C 165.22400 13.80660 9.56576
H 162.64100 17.85670 11.28010
C 162.99400 16.10320 9.60372
C 168.57700 14.35470 9.75539
C 166.43500 16.79460 9.76847
C 164.18600 19.10980 9.74458
C 167.37300 19.66730 9.77957
H 165.91900 18.52950 11.40420
H 168.10600 16.11500 11.42110
H 164.81900 15.56710 11.25530
C 143.32000 20.92160 9.58164
C 146.59900 21.59860 9.53693
C 144.37200 23.89990 9.63471
C 147.78100 24.56790 9.53044
H 148.36600 20.96950 11.19990
C 142.21800 26.36160 9.83446
H 146.29300 23.37890 11.06680
C 145.48800 26.93160 9.62806
H 143.02800 22.69440 11.26990
C 154.25700 25.69130 9.48135
C 150.97600 25.14400 9.50779
C 153.24600 22.66960 9.48455
C 149.83400 22.14590 9.56225
H 152.77400 24.50020 11.09720
H 150.58900 26.90990 11.19250
H 149.55300 23.96290 11.16500
H 154.99300 22.10420 11.18850
H 151.72500 21.51610 11.06600
C 161.99700 21.34780 9.58373
C 157.50700 26.13480 9.34132
C 158.72200 20.89840 9.44267
C 156.36300 23.19120 9.44251
C 159.73300 23.84240 9.42614
C 160.84500 26.83560 9.40389
H 159.30900 25.71500 10.94740
H 161.49500 23.29610 11.07490
H 156.04500 25.05040 11.07000
H 158.24400 22.73660 11.05450
H 162.61800 26.31080 11.10650
H 168.02600 24.47590 11.34000
C 168.31000 22.64510 9.65087
C 165.12000 22.10070 9.74978
C 166.24400 24.93810 9.69283
C 163.08700 24.38810 9.58681
H 165.86300 26.87110 11.10100
H 164.78200 23.87260 11.41790
H 163.72700 20.89310 11.35670
H 166.91100 21.53120 11.35710
C 147.72300 32.91400 9.62314
C 144.45300 32.24130 9.72130
C 143.31600 29.24190 9.80448
C 146.68800 29.90640 9.66284
C 148.81100 27.50780 9.59355
C 152.05400 28.04380 9.58844
C 155.21200 28.61370 9.41176
C 149.99000 30.51640 9.59877
C 150.96700 33.49850 9.43542
C 153.07100 31.04000 9.45735
H 153.86300 27.45290 11.18280
H 155.01100 30.53770 11.00240
H 152.79000 32.90490 11.06310
H 160.38700 28.69820 10.96620
C 161.95400 29.87630 9.43610
C 159.82200 32.26920 9.36112
C 156.51700 31.65350 9.34188
C 158.54100 29.20420 9.33045
H 157.13700 28.07230 10.84700
H 158.31100 31.07750 10.98890
H 156.09100 33.53650 10.91250
H 161.53100 31.74480 11.06060
H 167.98600 32.99100 11.19370
H 166.89500 29.87180 11.15440
C 167.34700 28.05970 9.51405
C 166.14900 33.60640 9.54845
C 168.44900 31.08850 9.62050
C 165.17100 30.51910 9.50887
H 164.74700 32.34760 11.13900
H 163.69900 29.29490 11.12190
C 164.11800 27.44030 9.47420
C 163.06400 32.97240 9.49351
C 145.66300 1.68582 13.03230
C 143.39100 4.14479 13.06410
C 146.76600 4.70333 13.01790
C 142.30200 1.05963 12.96320
C 148.84200 2.35667 12.98030
C 154.14000 0.46158 12.81200
C 152.03400 2.94817 12.88190
C 149.98400 5.38531 12.88140
C 153.16200 6.05107 12.75730
C 155.26300 3.53137 12.83820
C 157.49100 1.16491 12.85530
C 160.78000 1.87508 12.82920
C 158.51900 4.03314 12.83540
C 156.36500 6.46877 12.85100
C 161.88500 4.71740 12.69530
C 164.02000 2.44828 12.77380
C 167.24000 3.09146 12.86490
C 165.06300 5.25583 12.78000
C 168.20100 5.92887 12.83540
C 144.54500 6.99346 13.03510
C 147.82000 7.69261 12.92510
C 145.50200 10.15250 12.98880
C 143.38400 12.55850 13.14010
C 146.54600 13.24930 13.00030
C 142.32100 9.43472 13.22930
C 148.73100 10.74740 12.89670
C 150.87800 8.34272 12.88280
C 152.01100 11.39760 12.85930
C 154.18500 8.84425 12.81390
C 155.23700 11.89530 12.91770
C 149.84800 13.73870 12.83780
C 159.80700 7.02413 12.87180
C 157.41700 9.42544 12.85580
C 160.70200 10.10140 12.91580
C 161.90100 13.15810 12.77230
C 158.54500 12.48610 12.86800
C 162.89200 7.69639 12.79900
C 166.11300 8.24931 12.85370
C 164.11200 10.73180 12.85020
C 167.29400 11.33680 12.83290
C 144.41600 15.70380 12.93280
C 147.62200 16.24640 12.88600
C 145.57700 18.54920 12.74610
C 142.37300 17.92880 12.79500
C 148.83000 19.14320 12.82020
C 150.88500 16.80130 12.85290
C 153.07500 14.31600 12.88570
C 154.32300 17.29010 12.79110
C 152.11400 19.70120 12.74120
C 155.44500 20.21750 12.71550
C 159.79600 15.48610 12.75230
C 156.52900 14.82150 12.82100
C 157.54100 17.90200 12.79620
C 160.80900 18.46950 12.82390
C 165.24600 13.68400 12.81650
C 162.96400 15.96880 12.83640
C 168.30100 14.21140 12.94420
C 166.28000 16.65600 12.95270
C 164.10000 19.01770 12.92750
C 167.34200 19.70820 12.99180
C 142.39800 26.21420 13.01130
C 143.44000 20.82330 12.85050
C 146.53800 21.60750 12.72510
C 144.56200 23.83380 12.80300
C 147.72700 24.49320 12.72670
C 145.67600 26.88770 12.87700
H 147.32200 26.35850 11.14490
H 144.12100 25.72610 11.31780
C 149.97600 22.09310 12.70330
C 153.14200 22.60150 12.75120
C 151.08600 25.08290 12.77530
C 154.30400 25.53600 12.74020
C 156.43600 23.30420 12.74860
C 159.73200 23.93700 12.62660
C 160.72900 26.90490 12.63810
C 158.59700 20.85590 12.68990
C 157.51500 26.31390 12.56240
C 161.83300 21.55640 12.83230
C 168.49200 22.60960 12.87580
C 162.87700 24.47460 12.80560
C 165.16700 22.01360 13.02830
C 166.20600 25.16430 12.86680
C 143.54800 29.30360 13.04700
C 144.49900 32.24150 12.99690
C 147.90600 32.77180 12.92810
C 146.72300 29.87250 12.93440
H 143.04900 31.05670 11.39210
H 145.24200 28.75660 11.32700
H 148.50900 29.36710 11.23760
H 146.31700 31.72810 11.33070
C 148.79500 27.47680 12.80440
C 155.44200 28.72770 12.60910
C 152.06900 28.00510 12.81640
C 151.10200 33.53980 12.63820
C 153.31900 31.08140 12.69840
C 150.01800 30.57750 12.77360
H 151.77100 29.90350 11.20060
H 149.57100 32.32330 11.12470
C 161.76800 29.84100 12.65590
C 158.55200 29.22620 12.56530
C 159.69000 32.25970 12.70530
C 156.49800 31.73510 12.59020
C 164.11000 27.45320 12.75690
C 165.08500 30.57870 12.74510
C 166.10600 33.62050 12.76110
C 168.28600 31.19250 12.84200
C 162.92900 32.91120 12.75180
C 167.22200 28.04690 12.79600
C 145.60300 35.31180 9.82817
C 143.29800 37.58630 9.95411
C 146.65600 38.23120 9.76758
C 148.81200 35.84020 9.57663
C 142.20500 34.67570 9.92103
C 152.17500 36.55400 9.42052
C 149.87300 38.92850 9.52586
C 153.20100 39.53880 9.38938
C 155.34100 37.06310 9.35271
C 154.23600 34.09280 9.39888
H 153.93700 35.94620 11.03940
H 154.99400 38.95330 10.90930
C 157.62800 34.70330 9.29750
C 160.91600 35.26470 9.38732
C 158.61900 37.70250 9.24105
C 156.49700 40.10330 9.24893
C 161.90400 38.28780 9.26027
H 161.51600 40.16480 10.79440
H 158.19700 39.49090 10.91050
H 157.15400 36.51230 10.89030
H 159.36000 34.08440 11.00410
H 160.34400 37.11050 10.91660
H 162.59200 34.75120 11.12440
C 164.03500 35.89860 9.44955
C 167.37200 36.58080 9.55037
C 165.17900 38.89240 9.36764
C 168.56100 39.48090 9.37409
H 165.78900 35.44630 11.11510
H 166.97400 38.45460 11.00920
H 163.62800 37.75630 10.94520
C 144.41500 40.61200 9.78965
C 147.70700 41.24560 9.67484
C 145.58500 43.64840 9.74911
C 146.71000 46.79890 9.91066
C 143.47500 46.01100 10.03590
C 148.81200 44.33060 9.65353
C 142.26500 43.16740 9.93333
C 150.96200 41.87300 9.55376
C 152.02500 44.87090 9.45721
C 154.28000 42.41580 9.38328
C 155.30900 45.46910 9.11983
H 153.91800 44.27960 10.88530
H 151.74600 46.66770 11.18420
H 152.83900 41.30070 11.08030
H 154.94300 47.26500 10.74780
C 149.87000 47.21750 9.67611
C 159.60200 40.60650 9.26962
C 157.57100 43.01500 9.16770
C 160.91100 43.61050 9.20849
C 161.97000 46.73370 9.06706
C 158.64700 46.08790 9.09696
H 156.18200 41.89350 10.86940
H 159.35400 42.53590 10.81360
H 160.51800 45.56040 10.73840
H 157.18200 44.91360 10.69270
H 162.65900 43.08420 10.84560
H 164.73400 40.76930 10.89210
C 163.02900 41.31140 9.21839
C 166.31100 41.79500 9.29415
C 164.21700 44.22660 9.23058
C 167.47000 44.82720 9.32387
H 168.09200 41.35220 10.91530
H 163.74500 46.14710 10.77130
H 167.04800 46.69270 10.74610
H 165.92600 43.70730 10.89410
C 165.31100 47.18340 9.12078
C 144.63600 49.06310 10.05620
C 147.65000 49.72360 9.86457
C 145.60300 52.13460 10.02000
C 142.32700 51.37770 10.11530
C 148.75600 52.65600 9.80405
H 145.31800 53.98760 11.72260
H 147.44100 51.52640 11.57060
H 144.23500 50.90390 11.69100
C 152.99100 47.94280 9.42012
C 150.91500 50.32130 9.54177
C 154.06300 50.85900 9.41526
C 152.09700 53.36780 9.50539
H 153.94800 52.71800 11.06750
H 152.77900 49.69520 11.13400
H 150.72800 52.11860 11.24030
H 149.58700 49.12470 11.29220
C 155.29000 53.90220 9.35931
C 159.77200 49.04320 9.10032
C 156.30500 48.51810 9.10760
C 157.45700 51.44120 9.21112
C 160.94800 52.06920 9.14071
H 158.21600 47.95310 10.67730
H 161.62200 48.53070 10.76770
H 157.14600 53.22810 10.86430
H 159.38600 50.92030 10.68430
H 155.98900 50.24170 10.86180
H 160.49600 53.84850 10.78480
H 162.73500 51.54190 10.74990
C 163.06700 49.69910 9.09658
C 168.59200 47.73280 9.12829
C 166.35600 50.25860 8.98660
C 164.13000 52.67500 9.12774
C 167.41200 53.36880 9.06063
H 166.02700 52.08020 10.69120
H 164.88400 49.09880 10.67660
H 168.10100 49.63570 10.59600
C 142.39600 59.77650 9.92408
C 143.48600 54.47830 10.10820
C 146.72100 55.10120 9.98137
C 144.56100 57.50800 10.02730
C 147.77100 57.93490 9.72053
H 147.46500 59.84580 11.27890
H 146.40600 56.96810 11.57810
H 144.17400 59.36080 11.62670
H 148.61600 54.52950 11.41980
C 145.56200 60.38450 9.81325
H 143.19400 56.36440 11.69030
C 149.94200 55.66730 9.69027
C 153.19100 56.35590 9.57046
C 154.28000 59.18780 9.46464
C 151.06200 58.59810 9.56918
H 151.77800 55.11440 11.20850
H 152.84200 58.15820 11.23090
H 150.70700 60.56920 11.02720
H 149.64000 57.53860 11.25330
H 155.04400 55.67380 11.06020
C 157.49300 59.85370 9.36459
C 159.67100 57.35300 9.17088
C 161.86800 55.04460 9.06115
C 160.68000 60.24660 9.15297
C 158.59300 54.31940 9.21981
C 156.43600 56.84900 9.35572
H 161.57800 56.88650 10.70420
H 156.11700 58.65650 11.00560
H 159.33700 59.17630 10.91790
H 158.30300 56.18680 10.79290
H 162.64200 59.88690 10.63250
C 168.52400 56.24150 9.15733
C 166.40700 58.67900 9.07138
C 163.05000 58.05220 9.03744
C 165.29800 55.66790 9.04593
H 168.10800 58.11360 10.76580
H 166.96500 55.10570 10.78830
H 164.87100 57.50260 10.62930
H 163.73500 54.58640 10.64400
H 165.86000 60.52440 10.63360
C 148.80900 60.95120 9.46911
C 144.51500 65.72600 9.38374
C 146.63100 63.38390 9.42148
C 147.83300 66.27190 9.20603
C 143.42200 62.69090 9.71572
H 143.13200 64.64950 11.13680
H 148.51200 62.87270 10.89840
H 146.38800 65.28560 10.95310
H 145.32700 62.34410 11.25450
H 151.92700 63.46540 10.90950
H 153.98300 61.11980 10.95520
H 155.10700 64.07080 10.89130
H 152.88700 66.50730 10.81610
H 149.63100 65.81870 10.80530
C 153.37400 64.59650 9.26294
C 150.07300 63.89750 9.32088
C 151.04000 66.91720 9.18895
C 152.22100 61.61440 9.34931
C 155.46600 62.17060 9.37950
H 161.54800 65.26200 10.65220
H 160.41300 62.20240 10.65190
C 161.83300 63.46450 9.02177
C 159.59400 65.82610 9.13289
H 157.23200 61.67500 11.02300
H 158.32600 64.63160 10.89470
H 156.11700 67.00590 10.79780
C 156.52200 65.18070 9.22087
C 158.51300 62.82800 9.19770
H 167.01300 63.48770 10.73280
C 166.32300 66.98270 8.90639
C 164.15500 61.03850 8.99801
H 168.05500 66.48260 10.63960
C 168.48300 64.59650 9.10696
H 163.69500 62.93030 10.55540
C 163.08300 66.38410 8.97301
C 167.37300 61.67250 9.10289
H 164.87100 65.88250 10.54090
C 165.28200 63.97970 8.99935
C 145.69700 35.15490 12.97030
C 143.45000 37.60680 13.15820
C 146.82800 38.22200 12.94050
C 142.37800 34.58480 13.21270
H 143.04000 39.47570 11.51190
H 146.34400 40.08230 11.31960
H 148.58700 37.66020 11.27420
H 147.52000 34.70660 11.36190
H 145.23700 37.05970 11.47210
H 144.02800 34.07320 11.37510
C 149.13700 35.84790 12.86760
C 152.20600 36.55410 12.63400
C 150.10700 38.86850 12.81520
C 153.28400 39.43370 12.64080
C 155.37900 37.16650 12.55320
C 154.32800 34.15280 12.62290
H 151.74300 38.38260 11.04700
H 150.71800 35.37610 11.01480
C 156.46100 40.07490 12.53830
C 157.49300 34.69630 12.57390
C 160.65200 35.31040 12.61810
C 158.53100 37.66060 12.54510
C 161.79800 38.36050 12.48260
C 163.99500 36.06200 12.69590
C 167.27000 36.67520 12.72420
C 165.08200 38.98090 12.54130
C 168.45200 39.58330 12.66030
C 142.43800 42.82300 13.15340
C 144.64700 40.66940 13.04050
C 147.82400 41.25840 12.92730
C 145.72100 43.53470 13.03640
C 143.64400 45.95200 13.24520
C 146.87100 46.56520 13.14550
H 145.37000 45.42740 11.51280
H 147.45000 43.10030 11.29770
H 144.19500 42.50920 11.39310
H 148.52900 46.08340 11.41450
C 148.97400 44.16280 12.89330
C 151.09200 41.90190 12.74050
C 152.23500 44.76460 12.67450
C 154.46200 42.51690 12.53190
C 155.42300 45.49380 12.38980
H 150.63600 43.71210 11.12280
H 149.55800 40.69110 11.21790
C 159.70900 40.69470 12.43540
C 157.56000 43.13720 12.43230
C 160.81800 43.71030 12.40120
C 161.95800 46.70620 12.44100
C 158.70500 46.09930 12.33830
C 162.93700 41.23400 12.50890
C 166.24200 41.88370 12.52220
C 164.05600 44.30910 12.43500
C 167.35900 44.94540 12.46390
C 142.51300 51.43870 13.41630
C 144.69800 49.08210 13.32340
C 148.01600 49.68680 13.12450
C 145.74400 52.15590 13.27810
H 143.20300 47.89260 11.72360
H 146.43600 48.50040 11.65590
C 150.04900 47.25910 12.89870
C 149.04600 52.70100 13.02180
C 151.11600 50.30960 12.85720
C 153.35700 47.82630 12.64840
C 154.43200 50.89970 12.64320
C 152.27100 53.25770 12.82400
C 155.49500 53.82960 12.63920
C 159.75900 49.03140 12.34250
C 156.45800 48.35520 12.41730
C 157.59700 51.31480 12.39660
C 160.85800 51.97790 12.36170
C 165.22500 47.27620 12.33000
C 163.16300 49.71330 12.33940
C 168.47000 47.92490 12.38190
C 166.36500 50.21110 12.30430
C 164.28100 52.72670 12.29070
C 167.45300 53.29500 12.35750
C 142.45900 60.02170 13.19330
C 143.54500 54.56020 13.37980
C 146.99800 55.17850 13.15250
C 144.67700 57.48330 13.22830
C 147.96400 58.18380 13.00300
C 145.82300 60.66980 12.96660
C 154.43900 59.39220 12.65950
C 151.00600 58.83450 12.79650
C 153.32900 56.37790 12.76620
C 150.08200 55.81190 12.90580
C 159.83700 57.27220 12.42750
C 162.00900 55.08610 12.34400
C 156.71400 56.85880 12.59540
C 158.70300 54.31500 12.42400
C 157.61100 59.83260 12.61150
C 160.92000 60.44650 12.35810
C 163.08900 58.10780 12.23890
C 165.21500 55.74890 12.33680
C 166.21400 58.74230 12.25140
C 168.44800 56.30650 12.42270
C 147.93800 66.58760 12.44520
C 143.56700 63.00430 12.88380
C 144.66700 65.95290 12.59640
C 146.92200 63.59720 12.66430
C 148.94900 61.17890 12.65880
C 150.08200 64.13720 12.42500
C 151.04000 67.09850 12.40010
C 155.45600 62.28590 12.56330
C 153.34900 64.72950 12.48420
C 152.21400 61.68860 12.60460
C 156.59600 65.23370 12.49200
C 161.93800 63.38430 12.26740
C 158.80500 62.78260 12.48760
C 159.80500 65.88580 12.40110
C 166.20800 67.14690 12.15530
C 168.39200 64.68990 12.37600
C 164.11400 61.15040 12.21630
C 163.08700 66.40940 12.17840
C 167.29500 61.62030 12.33730
C 165.12200 64.08520 12.19060
C 145.66900 68.70200 9.11192
C 143.52400 71.21470 9.09358
C 146.66200 71.86320 8.84689
H 146.40700 73.71570 10.42930
C 148.94600 69.21340 8.94907
H 147.52200 68.22720 10.69500
H 143.24300 73.07500 10.66480
H 144.25900 67.66800 10.88480
H 148.54200 71.26240 10.34710
H 145.35200 70.64990 10.57590
C 142.43700 68.24090 9.27765
C 152.17600 69.96670 8.97515
C 150.05400 72.44760 8.78745
C 153.32800 73.08850 8.79232
C 155.44200 70.58280 8.88085
C 154.33500 67.49380 9.09901
H 154.01200 69.49600 10.55800
H 150.69700 68.89310 10.72480
H 155.05600 72.47570 10.43570
H 151.83500 71.94550 10.45500
C 157.46000 68.17880 9.04737
C 160.77400 68.67730 9.10316
C 158.72900 71.03850 8.90265
C 156.46800 73.56280 8.73633
C 161.90000 71.72950 8.91245
H 160.43200 70.62780 10.56740
H 161.60800 73.58300 10.33130
H 157.17800 70.10420 10.61710
H 159.26100 67.68110 10.72390
H 158.34500 73.05730 10.29540
H 162.69500 68.23880 10.58020
C 164.02400 69.41200 8.82920
C 167.42400 70.05000 8.86351
C 165.16400 72.31210 8.88181
C 168.49600 72.92220 8.91953
H 165.85700 68.91180 10.42280
H 166.99000 71.85060 10.49140
H 163.70300 71.19410 10.54040
C 144.58700 74.26230 8.93001
C 147.82000 74.87710 8.77001
C 145.53300 77.26650 8.84916
C 143.31800 79.64730 8.93328
C 146.62800 80.27250 8.79608
H 145.20100 79.08990 10.44630
H 147.43300 76.74960 10.36050
H 148.53900 79.68720 10.29080
H 144.20600 76.06990 10.59960
C 142.41500 76.64300 9.06623
C 148.94800 77.81220 8.73429
C 151.07200 75.55220 8.79476
C 152.11300 78.48390 8.67137
C 154.28000 75.91740 8.63223
C 155.38600 78.92520 8.45662
H 151.82600 80.25590 10.27840
H 153.97800 77.81260 10.18710
H 149.64000 74.35330 10.38850
H 152.87500 74.89910 10.41820
H 150.70200 77.35160 10.44840
C 150.03200 80.86200 8.67116
C 159.87400 74.08690 8.65377
C 161.98800 80.34410 8.62987
C 157.66500 76.53890 8.52846
C 160.94500 77.25970 8.58924
C 158.82400 79.62260 8.47095
H 159.45000 76.01370 10.19940
H 157.27600 78.49690 10.04710
H 156.14900 75.48750 10.24440
H 160.54400 79.08800 10.18850
H 162.70000 76.66020 10.27300
H 164.79200 74.20910 10.32010
C 163.04100 74.75910 8.67100
C 166.32200 75.42280 8.85905
C 164.23900 77.85160 8.76162
C 167.36700 78.40520 8.82308
H 163.72300 79.71490 10.32260
H 165.97500 77.25300 10.43700
H 166.97800 80.25580 10.40180
H 168.09000 74.81140 10.41340
C 144.51100 82.50740 8.86622
C 147.75200 83.23760 8.74953
C 145.68400 85.50630 8.79652
H 146.36500 82.05820 10.39210
H 143.10400 81.46560 10.58150
H 144.19500 84.38580 10.49060
H 147.48700 85.07110 10.42180
H 145.32300 87.39320 10.29770
C 142.48700 84.87170 8.79505
C 148.88600 86.15160 8.69669
H 155.03400 80.84200 9.99063
C 151.03900 83.79330 8.53051
C 153.18500 81.34970 8.50634
C 154.29200 84.27500 8.45445
C 152.18100 86.75410 8.48913
H 150.71900 85.61430 10.12900
H 149.61500 82.69870 10.26500
H 152.82700 83.20330 10.10050
H 153.90500 86.19030 9.97954
C 155.37600 87.35860 8.47056
C 159.86500 82.67160 8.53670
C 156.48700 82.10400 8.43235
C 157.52300 85.04680 8.42197
C 160.87700 85.61740 8.48815
H 159.27600 84.54730 10.11230
H 158.31300 81.52490 10.06050
H 156.12000 83.91170 10.09950
H 157.27800 86.93990 9.97540
H 161.56600 82.12820 10.25850
H 160.44600 87.47560 9.96094
C 165.22700 80.85380 8.70195
H 162.69100 85.05750 10.16360
C 163.05000 83.21290 8.55707
C 168.33100 81.43500 8.69537
C 166.31300 83.86800 8.63857
C 164.14300 86.19240 8.54202
C 167.51000 86.96770 8.64006
H 166.01300 85.73300 10.10870
H 164.78800 82.70650 10.28670
H 168.01500 83.22970 10.38130
C 143.43200 88.01590 8.76038
C 147.92800 91.60940 8.53363
C 146.70900 88.51220 8.60215
C 144.55100 90.89890 8.77759
C 145.54400 93.97590 8.79303
H 143.03100 89.77700 10.44650
H 144.20200 92.76670 10.45630
H 146.45400 90.39680 10.23220
H 147.52800 93.37770 10.20510
H 148.56000 88.05860 10.21370
C 142.33600 93.34070 8.87521
C 149.91800 89.20430 8.52600
C 153.19700 89.89790 8.46647
C 151.05500 92.35880 8.53748
C 154.41100 92.84810 8.51925
H 151.78700 88.64920 10.07730
H 152.87100 91.72610 10.04520
H 149.71900 91.03490 10.13300
H 150.67500 94.02760 10.33330
H 155.05600 89.24860 9.95665
C 156.44400 90.48980 8.32262
C 162.00200 88.63700 8.43384
C 158.71500 88.10850 8.26641
C 159.78800 91.11850 8.42071
C 160.88800 94.10380 8.56568
C 157.62000 93.53700 8.52507
H 156.21000 92.22410 10.10100
H 159.38300 92.90740 10.10590
H 161.48700 90.43900 10.14320
H 158.27500 89.87760 9.89528
H 162.69200 93.48570 10.17250
C 163.03400 91.64280 8.55954
C 165.31600 89.36550 8.63975
C 166.51100 92.22150 8.82138
C 168.62600 89.84500 8.87823
H 165.97400 94.09060 10.37460
H 163.78600 88.04930 10.14590
H 164.81300 91.07950 10.14200
H 168.14600 91.65530 10.51190
H 167.02600 88.72140 10.35910
C 143.44100 96.32770 9.02940
C 147.66900 99.87540 8.94494
C 144.45600 99.20650 8.99184
C 146.60000 96.98560 8.91926
H 148.47900 96.46020 10.34430
H 146.26300 98.80010 10.65840
H 145.28400 95.70870 10.56140
H 143.05700 98.12510 10.69540
C 148.97800 94.73200 8.66616
H 155.10500 97.60200 10.23460
H 151.70800 97.06650 10.37890
H 153.94000 94.62330 10.16010
H 152.90000 99.97590 10.22120
H 149.56400 99.42570 10.47510
C 152.05000 95.30720 8.72203
C 153.17800 98.06660 8.68092
C 155.44100 95.77460 8.58334
C 151.01100 100.51900 8.76220
C 149.88300 97.66460 8.77317
H 156.16900 100.57700 10.40350
H 157.25300 95.28090 10.22720
H 161.59600 98.83820 10.25730
H 160.45600 95.82750 10.34920
H 158.37700 98.26770 10.25870
C 161.97100 96.93390 8.70090
C 158.76300 96.46830 8.65206
C 159.82100 99.45440 8.62259
C 156.56500 98.87630 8.66984
C 167.51200 95.36630 8.94069
C 168.62400 98.33120 9.14199
C 165.37800 97.73920 8.79452
H 163.79000 96.46860 10.27940
H 166.99300 97.11860 10.51970
H 164.81900 99.46280 10.48430
H 168.06200 100.13200 10.70480
C 163.13200 100.07700 8.72884
C 166.38300 100.73400 9.00326
C 164.25900 94.62890 8.66208
C 145.83300 68.97530 12.29280
C 143.73300 71.36060 12.30540
C 146.82900 71.87490 12.05460
C 142.61600 68.40630 12.56210
C 148.86200 69.63090 12.20510
C 152.25600 70.19910 12.17090
C 149.98200 72.49220 12.01100
C 153.32000 73.13070 12.06590
C 155.42000 70.75490 12.17950
C 154.36000 67.81030 12.32580
C 157.47500 68.35630 12.36060
C 160.91400 68.83910 12.17610
C 158.75300 71.37920 12.12100
C 156.55800 73.64790 11.91820
C 161.93000 71.82150 12.05590
C 164.19100 69.41910 12.14020
C 167.35600 70.02260 12.06280
C 165.13800 72.47940 12.04030
C 168.35100 73.10270 12.20410
C 144.75300 74.27260 12.22960
C 147.82400 75.03110 12.00500
C 145.72000 77.28540 12.05990
C 143.57400 79.64630 12.18880
C 146.82000 80.22420 11.96160
C 142.46900 76.67700 12.22990
C 148.87400 77.94740 12.00370
C 151.09900 75.49700 12.05010
C 152.29100 78.48720 11.89640
C 154.37200 76.09280 11.91850
C 155.46900 79.08670 11.68480
C 159.80900 74.20040 11.88870
C 157.62500 76.68030 11.81490
C 160.86900 77.25400 11.84370
C 161.90700 80.30130 11.89550
C 158.70200 79.76550 11.72740
C 162.96600 74.84730 11.93490
C 166.23700 75.34140 11.94370
C 164.08000 77.86510 11.91850
C 167.33400 78.44530 12.08540
C 165.13500 80.88180 11.93010
C 144.68800 82.62610 12.10690
C 147.85400 83.27030 11.96310
C 145.70500 85.64340 12.01350
C 142.33600 84.96400 12.00040
C 149.10900 86.31610 11.84740
C 150.02700 80.93720 11.83670
C 151.07600 83.82250 11.75760
C 153.34700 81.43500 11.74470
C 154.24000 84.45370 11.64740
C 152.19800 86.83350 11.65000
C 155.41300 87.32650 11.52180
C 159.74500 82.71350 11.76240
C 156.43100 82.02700 11.64950
C 157.52800 85.21030 11.73130
C 160.82700 85.64790 11.65020
C 163.00400 83.28030 11.89830
C 168.43300 81.37240 11.99560
C 166.18900 83.98730 11.90610
C 164.20600 86.17940 11.73150
C 167.21100 86.88370 11.95130
C 143.47300 87.85170 11.93900
C 146.85200 88.59020 11.87630
C 144.71700 90.81320 11.97290
C 147.99500 91.60010 11.82830
C 142.44000 93.26840 12.13290
C 145.81700 93.84830 12.03350
C 153.37700 89.85280 11.61130
C 154.44600 92.75070 11.72140
C 151.17100 92.16920 11.81200
C 150.07600 89.24620 11.76270
C 160.88500 93.95180 11.83700
C 161.93400 88.58560 11.68370
C 156.61000 90.31890 11.61080
C 159.65200 90.94290 11.63030
C 158.63300 88.06370 11.59290
C 157.61600 93.40090 11.76530
C 165.10500 89.25220 11.83200
C 166.20300 92.15190 11.92670
C 168.35000 89.75980 12.10950
C 163.02100 91.55110 11.74930
C 143.47000 96.19910 12.20400
C 146.75700 96.87200 12.12290
C 144.47300 99.37370 12.22770
C 147.85000 99.92840 12.21130
C 148.83600 94.62090 11.91450
C 153.34100 98.14050 11.87300
C 151.18900 100.46500 11.95690
C 152.18600 95.19600 11.86420
C 149.94400 97.52250 12.03000
C 155.41500 95.76120 11.79320
C 159.83400 99.45520 11.90760
C 161.95800 96.97590 11.89240
C 156.62600 98.73350 11.92290
C 158.65100 96.45010 11.90640
C 162.92200 100.04600 12.03900
C 164.15400 94.56590 11.91490
C 167.26700 95.26980 12.14520
C 168.35100 98.22130 12.27870
C 165.18200 97.60090 12.05160
C 166.17300 100.68300 12.19610
C 145.51100 102.30300 8.98916
C 143.38300 104.71100 9.08582
C 146.66800 105.29200 9.10309
H 143.98900 101.08600 10.50400
H 142.99700 106.51400 10.74920
H 147.39700 101.74400 10.56980
H 148.63100 104.74100 10.54710
H 146.33700 107.05100 10.82280
H 145.18500 104.07200 10.69660
C 142.20300 101.73800 8.97415
C 148.84100 102.87200 8.87949
C 152.15900 103.61800 8.78154
C 150.00900 106.03600 8.92549
C 153.21400 106.69800 8.92252
C 155.38900 104.23400 8.68179
H 154.01800 102.94100 10.27740
H 150.72800 102.33800 10.34880
H 151.80100 105.36300 10.51670
H 155.01200 105.98600 10.36990
C 154.41700 101.06700 8.67389
C 157.47200 101.76900 8.76323
C 160.93100 102.41800 8.69262
C 158.67500 104.74200 8.73123
C 156.34600 107.29100 8.73880
C 162.02200 105.34200 8.81372
H 160.45300 104.20200 10.38300
H 158.25300 106.65700 10.26830
H 161.48900 107.17300 10.39090
H 157.16000 103.65300 10.35670
H 159.36500 101.23500 10.30490
H 162.62500 101.82800 10.38420
C 164.14300 102.98500 8.90516
C 167.39800 103.73600 9.02995
C 165.26300 105.98900 9.00041
C 168.48100 106.59700 9.05967
H 163.70000 104.78500 10.49280
H 165.91500 102.54100 10.59980
H 166.93200 105.50900 10.71030
C 144.51900 107.78600 9.27340
C 147.76200 108.29800 9.17217
C 145.53100 110.64100 9.35643
C 146.62300 113.60200 9.34832
C 143.33200 113.04100 9.44202
H 144.15800 109.48700 11.05480
H 147.36000 110.10900 10.88520
H 145.13800 112.46300 11.00270
H 148.43200 113.15300 10.88330
C 142.33400 110.07200 9.44637
C 148.80500 111.34700 9.28018
C 151.10600 109.12000 9.12376
C 152.03200 111.98100 9.08975
C 154.20100 109.65500 8.97900
C 155.37400 112.67300 9.05267
H 153.90100 111.44800 10.64800
H 152.93500 108.39000 10.64750
H 151.67900 113.78400 10.73860
H 150.68300 110.79100 10.82510
H 149.69000 107.79100 10.70260
C 159.74200 107.90300 8.72339
C 157.48000 110.35800 8.86968
C 160.80200 110.92100 8.86454
C 161.91500 113.87100 9.01925
C 158.58300 113.22200 9.07533
H 157.13800 112.02400 10.67940
H 156.11000 109.03000 10.44200
H 160.42300 112.62900 10.62960
H 159.29900 109.64700 10.35580
H 164.67900 107.78000 10.59660
C 162.97100 108.41200 8.89736
C 166.23400 108.86200 8.99366
C 163.98700 111.39200 8.91113
C 167.39700 112.03600 8.94687
H 165.81300 110.81900 10.47580
H 168.04300 108.43000 10.62410
H 162.45300 110.21800 10.51110
H 166.99600 113.80400 10.60810
H 163.68800 113.18000 10.64830
C 144.34200 116.10400 9.40274
C 147.60400 116.64600 9.26117
C 145.45500 119.01400 9.33046
H 143.05400 114.90400 11.09250
H 144.05100 117.96600 11.02640
H 146.20900 115.47200 10.92900
H 147.34700 118.55200 10.90710
C 142.24900 118.50200 9.42885
C 148.78100 119.72600 9.24312
H 145.17900 120.92900 10.89130
H 154.94100 114.43800 10.71130
C 149.83000 114.34900 9.18488
C 150.92000 117.29400 9.17172
C 153.06200 115.02900 9.14365
C 154.22100 117.93900 9.21583
C 151.99500 120.34700 9.20941
H 152.69300 116.78400 10.84280
H 149.47100 116.11600 10.82560
H 150.60200 119.13300 10.83070
H 153.88200 119.82900 10.77660
C 155.38100 121.05000 9.24710
C 159.64500 116.28000 9.06402
C 156.44800 115.67800 9.13582
C 157.49600 118.59300 9.22390
C 160.80200 119.22200 9.23847
H 156.05500 117.42000 10.86090
H 157.16500 120.38400 10.85270
H 159.31200 118.05300 10.79850
H 161.47000 115.66600 10.64580
H 158.26800 115.07500 10.68730
H 160.45200 120.95800 10.98660
C 165.15300 114.31400 8.95242
H 162.63500 118.56300 10.77880
C 163.00600 116.84000 9.04610
C 167.46300 120.43500 9.52461
C 168.62100 114.96900 9.14260
C 166.42000 117.49200 9.24129
C 164.14300 119.88700 9.36896
H 164.83200 116.14900 10.57510
H 165.87600 119.16700 11.00850
H 168.22400 116.76900 10.86160
C 143.28300 121.44300 9.39628
C 145.56900 127.64200 9.39929
C 147.62500 125.10100 9.34196
C 144.43700 124.51200 9.31992
C 146.70000 122.15300 9.32911
H 144.09300 126.36100 10.94200
H 143.04300 123.32500 11.00390
H 146.20600 123.94800 10.97620
H 147.35100 126.92800 10.91140
H 148.46100 121.59600 10.91540
C 142.32100 127.07000 9.38418
C 149.96200 122.74300 9.27893
C 153.27500 123.33700 9.34073
C 151.09800 125.69900 9.44119
C 154.40800 126.28900 9.42998
H 150.58400 127.46100 11.08930
H 149.46700 124.54700 10.92670
H 151.74900 122.16800 10.90570
H 155.00700 122.77700 11.01380
H 152.90700 125.13300 11.02410
C 161.89400 122.13800 9.49915
C 160.88000 127.52100 9.43509
C 156.56000 123.93000 9.47948
C 159.81000 124.56600 9.43559
C 158.65600 121.55400 9.36687
C 157.51600 126.97100 9.44687
H 156.14700 125.72600 11.08550
H 158.33400 123.35300 11.03550
H 159.33800 126.39600 11.01040
H 161.47200 123.95600 11.14770
H 162.53600 126.96200 11.19760
C 162.92200 125.10600 9.57135
C 168.47500 123.35500 9.65552
C 166.16300 125.65100 9.67192
C 165.10500 122.79400 9.59749
H 165.76800 127.51800 11.24920
H 164.67400 124.51300 11.28520
H 163.63100 121.53200 11.12720
H 168.01400 125.18100 11.21810
H 166.92200 122.17000 11.19170
C 144.53800 133.03700 9.62380
C 147.68600 133.45300 9.67783
H 146.23500 132.35800 11.26010
C 146.63700 130.58800 9.59790
C 143.44100 129.99300 9.53071
H 148.40100 129.90700 11.23310
H 142.99800 131.81700 11.15290
H 145.17200 129.37700 11.09330
C 148.85700 128.21600 9.47141
C 152.22500 128.54800 9.56761
H 152.72500 133.51000 11.07840
C 150.87300 134.17900 9.57778
C 149.82800 130.99000 9.58194
C 153.03200 131.69000 9.45605
C 155.33400 129.33100 9.45543
H 154.80500 131.10500 11.10590
H 149.53600 132.83200 11.22400
H 151.68300 130.46300 11.09370
H 154.00200 128.05200 11.10770
C 156.39500 132.27200 9.57881
C 158.50300 130.02100 9.49032
C 161.93100 130.57300 9.42320
C 159.64800 133.00600 9.54562
H 155.98900 134.11400 11.23910
H 157.12000 128.75600 11.10470
H 158.20800 131.80300 11.21320
H 160.33900 129.39500 10.98690
H 161.49200 132.39200 11.04130
C 163.05600 133.56000 9.60524
H 166.89100 130.47700 11.24450
C 166.21100 134.12100 9.65205
H 164.77900 132.95100 11.30050
H 167.96400 133.58100 11.30620
H 163.61200 129.95400 11.12130
C 164.01300 128.10400 9.55144
C 167.40400 128.56700 9.71464
C 165.13800 131.22400 9.63078
C 168.47600 131.68700 9.73897
C 145.51800 102.10600 12.17180
C 143.36800 104.61500 12.37290
C 146.85200 105.07300 12.28930
C 142.34400 101.56400 12.25650
C 149.06700 102.76100 12.08970
C 154.30800 101.12300 11.92420
C 152.30500 103.42800 11.99710
C 150.03800 105.90200 12.24930
C 153.31500 106.48400 12.11820
C 155.39200 104.17700 11.99080
C 157.57700 101.78600 11.97710
C 160.77100 102.41000 11.95260
C 158.70100 104.83200 11.93680
C 156.48200 107.21100 11.94650
C 161.86400 105.41200 12.02900
C 163.98500 103.01100 12.09450
C 167.36400 103.63200 12.31570
C 165.05500 105.94600 12.21200
C 168.44100 106.62700 12.31510
C 144.53100 107.50900 12.49750
C 147.87700 108.14800 12.41580
C 145.63900 110.64100 12.60550
C 143.42300 113.07500 12.77650
C 146.67800 113.62200 12.57140
C 142.43800 109.98600 12.75610
C 148.86900 111.29500 12.48330
C 151.20200 108.94500 12.34010
C 152.19600 111.97500 12.37850
C 154.39900 109.56000 12.16590
C 155.34500 112.58500 12.31780
C 149.92700 114.29000 12.47570
C 159.68400 107.78600 11.94980
C 157.58100 110.06300 12.09510
C 160.62300 110.76800 12.15560
C 161.90400 113.79300 12.24490
C 158.66200 113.19000 12.28430
C 162.83200 108.37100 12.12060
C 166.12500 108.94800 12.17490
C 163.97800 111.19300 12.16170
C 167.27400 111.87700 12.20570
C 165.16700 114.31300 12.28290
C 144.52400 116.16500 12.65110
C 147.70900 116.66800 12.50500
C 145.56300 119.13900 12.58820
C 142.28200 118.51600 12.67020
C 148.82400 119.71300 12.51660
C 150.92000 117.27800 12.45220
C 153.15700 114.96200 12.37220
C 154.21300 117.92300 12.40330
C 152.10000 120.24900 12.45460
C 155.37900 120.87200 12.48540
C 159.81700 116.12100 12.32880
C 156.47600 115.51500 12.32210
C 157.55100 118.53300 12.46470
C 160.83700 119.08100 12.44600
C 163.06200 116.59700 12.28160
C 168.48300 114.85700 12.32020
C 166.26800 117.23000 12.38950
C 163.95700 119.60100 12.58860
C 167.22700 120.32900 12.76870
C 143.41100 121.45900 12.57460
C 146.63800 122.11300 12.53530
C 144.42800 124.58600 12.59060
C 147.68500 125.11800 12.54230
C 145.57600 127.49500 12.55960
C 142.32400 126.93400 12.67090
C 153.20800 123.24000 12.63740
C 149.96000 122.67500 12.55770
C 154.33100 126.19600 12.71860
C 150.99800 125.53900 12.59760
C 156.57500 123.89600 12.62680
C 161.79700 122.05000 12.68360
C 159.63600 124.58700 12.70710
C 157.53400 126.88000 12.66070
C 160.67700 127.63600 12.69030
C 158.62000 121.45600 12.53930
C 165.05100 122.60600 12.79380
C 166.18700 125.67900 12.80060
C 168.27600 123.35800 12.86120
C 162.82300 125.16500 12.81470
C 143.43300 129.95100 12.73680
C 144.50100 132.78000 12.92130
C 147.83100 133.32000 12.88530
C 146.60500 130.43800 12.79930
C 148.75500 127.95600 12.70320
C 152.14700 128.59900 12.67380
C 150.96300 134.04900 12.77650
C 155.35600 129.28400 12.72060
C 153.00700 131.71000 12.73830
C 149.97100 131.00900 12.79450
C 161.78900 130.57700 12.66260
C 159.75000 132.85200 12.75380
C 158.62500 129.90100 12.73050
C 156.35900 132.17700 12.77830
C 166.24700 134.18300 12.89370
C 168.28600 131.71700 12.85840
C 165.01600 131.12300 12.81560
C 162.83200 133.49300 12.75870
C 163.94100 128.15500 12.81420
C 167.15600 128.66000 12.95890
C 170.76900 3.46294 9.90538
C 172.76100 1.11502 9.94867
C 173.93200 4.14539 10.02700
C 171.75600 6.47919 9.87883
H 170.13200 5.35538 11.36720
H 173.38900 5.91520 11.68460
H 172.49400 2.88512 11.62740
H 174.61100 0.59003 11.54210
C 169.54900 0.48133 9.71798
H 175.68300 3.60885 11.61500
H 169.06900 2.34466 11.29390
C 176.03000 1.80862 9.93269
C 177.26800 4.85046 10.16260
C 179.41200 2.40418 10.21540
C 180.41000 5.32176 10.11870
H 178.91400 4.23548 11.82170
H 177.78200 1.27438 11.69460
H 182.16400 4.82410 11.74870
H 176.65500 6.60798 11.83330
H 181.12300 1.81301 11.85430
C 182.54100 2.94070 10.15060
C 185.83500 3.59571 10.16110
C 183.64400 5.96021 10.08980
C 187.96400 1.16800 10.25030
C 189.14000 4.14210 10.25600
C 186.91800 6.44531 10.12410
C 184.81000 0.62238 10.17560
H 188.75700 6.02830 11.78870
H 187.60400 3.01373 11.81560
H 185.40200 5.39988 11.70860
H 184.31100 2.46155 11.80390
C 191.24100 1.85088 10.31990
C 192.45600 4.70173 10.38520
C 194.53100 2.39175 10.38390
C 195.50600 5.29775 10.40470
H 192.01300 6.55683 11.89100
H 193.03100 1.19001 11.88600
H 189.78100 0.69461 11.90470
H 194.11700 4.17145 12.10670
H 190.90100 3.65292 11.98980
C 174.94100 7.01094 10.07340
C 169.60100 8.84991 9.63516
C 170.64900 11.89600 9.75910
C 173.83100 12.35390 9.72809
C 172.84000 9.50091 9.79651
H 172.37300 11.32480 11.39130
H 171.23600 8.36682 11.35930
H 174.49700 8.90346 11.49930
H 175.63800 11.94670 11.31380
H 169.05400 10.73120 11.24370
C 176.02300 10.01520 9.84084
C 178.14600 7.61308 10.08170
C 181.53300 8.35158 10.02420
C 177.09600 13.15890 9.70651
C 179.31500 10.62180 9.89351
H 181.11000 10.23850 11.63660
H 178.85200 12.53740 11.37610
H 180.01200 7.24551 11.67300
H 177.77500 9.56213 11.58120
H 182.22300 13.19030 11.46000
C 182.62500 11.29990 9.95050
C 185.78900 11.90030 9.93609
C 184.72600 8.97064 10.00420
C 189.16800 12.56050 9.95799
C 188.06300 9.48736 9.97424
H 183.31100 7.85894 11.67200
H 186.55700 8.41013 11.60140
H 187.65500 11.40500 11.49500
H 184.38900 10.83050 11.66280
C 190.28200 7.07815 10.16730
C 193.44700 7.65665 10.17970
C 192.34600 13.09350 9.93088
C 191.29000 10.16360 10.04030
C 194.52300 10.76620 9.99324
H 194.12700 12.63210 11.56050
H 190.90000 12.00050 11.65380
H 195.21400 7.15114 11.96280
H 193.06000 9.55837 11.66290
H 189.79800 8.99979 11.67240
H 170.23800 13.66540 11.44860
H 169.12000 19.13790 11.38130
C 174.97300 15.55700 9.69828
C 171.67000 14.71520 9.71463
C 172.86000 17.88200 9.65152
C 169.45200 17.30340 9.78216
H 172.28400 19.74760 11.18870
H 173.50800 14.25470 11.25320
H 171.33600 16.66550 11.22650
H 174.56600 17.29700 11.33850
H 175.58400 20.36450 11.27840
C 170.41000 20.19330 9.59071
C 180.37900 13.71500 9.83844
C 176.01600 18.44670 9.73191
C 178.21400 16.16180 9.81385
C 181.42000 16.62910 9.71926
C 179.19600 18.95130 9.70075
H 176.71400 14.94880 11.37640
H 177.72000 17.95020 11.43620
H 181.04200 18.54260 11.31180
H 179.99500 15.58670 11.47530
H 185.50700 13.84120 11.44070
C 182.43200 19.74480 9.71528
C 183.70900 14.28940 9.79465
C 187.01100 15.09410 9.83912
C 184.70100 17.35030 9.72453
C 188.05100 18.14150 9.89959
H 186.52000 16.91530 11.44050
H 187.56600 19.89310 11.44830
H 183.26900 16.22250 11.31010
H 184.26900 19.20470 11.33150
H 188.69200 14.43710 11.56020
C 185.74600 20.29090 9.76197
C 195.69500 13.71490 10.03110
C 193.51600 16.16220 9.97550
C 190.26400 15.58460 9.95369
C 191.35000 18.60040 9.88766
C 194.49400 19.15420 9.96757
H 189.84200 17.42140 11.52230
H 195.23900 15.58950 11.57870
H 193.02800 17.95510 11.62530
H 192.02200 14.94080 11.55130
H 190.85000 20.36520 11.51080
C 173.79700 20.90590 9.61026
C 171.57900 23.39320 9.56476
C 174.83600 24.04800 9.56790
C 172.65300 26.27730 9.71248
H 173.37800 22.80100 11.10190
H 171.22800 25.13420 11.29690
C 169.42500 25.63820 9.69694
H 174.48200 25.73250 11.34300
H 170.18700 22.11870 11.16080
C 175.96300 26.91090 9.77099
C 181.36200 25.07920 9.58413
C 178.17900 24.60350 9.51802
C 180.33300 22.11390 9.56107
C 177.01400 21.52530 9.56596
H 180.92800 26.92910 11.13400
H 176.66400 23.37360 11.08980
H 177.77200 26.35200 11.20860
H 179.88000 23.91280 11.17560
H 178.87100 20.91490 11.14390
H 182.05700 21.60250 11.31840
C 183.52400 22.79610 9.70229
C 184.72500 25.73660 9.78355
C 187.98800 26.31970 9.93618
C 186.87200 23.40710 9.86895
C 189.14100 21.04490 9.89029
H 183.16500 24.62430 11.30980
H 186.44800 25.18680 11.55550
H 188.68700 22.86900 11.53110
H 185.32600 22.19360 11.34010
C 191.18000 27.00660 9.97522
C 192.29300 21.59530 9.98772
C 190.28800 23.99680 9.97056
C 193.45100 24.57780 9.99718
C 195.58500 22.18350 10.02290
H 189.74400 25.84030 11.65770
H 191.98000 23.44050 11.67110
H 192.99500 26.40940 11.57850
H 195.23900 24.01620 11.64960
H 194.10800 20.95940 11.57950
H 169.04300 27.48430 11.20900
H 175.55000 28.73230 11.34380
C 171.76100 31.62350 9.69297
C 173.76700 29.25400 9.74010
C 175.03000 32.19620 9.77521
C 170.51400 28.68460 9.63866
H 172.27000 28.08470 11.32620
H 173.46000 31.04250 11.36660
H 171.24900 33.44840 11.31280
H 170.16700 30.48460 11.31480
H 178.82400 29.33180 11.46750
C 178.10700 32.74900 9.78373
C 177.06600 29.88320 9.79137
C 179.18900 27.64260 9.64651
C 180.27300 30.48520 9.71582
C 181.41700 33.50350 9.63570
H 179.99100 32.34950 11.28890
H 182.12400 29.93770 11.26300
H 176.69000 31.69390 11.42120
C 182.57900 28.09930 9.69785
H 183.18300 32.90430 11.23540
C 186.87300 31.76420 9.77969
C 185.81000 28.68770 9.77198
C 183.63900 31.06160 9.67731
H 188.63300 31.17090 11.39680
H 186.47800 33.58210 11.42770
H 184.27000 27.58220 11.40910
H 185.43100 30.50230 11.33800
H 187.54200 28.15490 11.54000
C 189.05400 29.21820 9.92538
H 195.16100 32.33140 11.55670
C 194.38400 27.60620 9.96051
H 194.16500 29.42770 11.57040
H 190.87000 28.81190 11.56640
C 190.10800 32.30080 9.81749
C 195.68600 30.49460 9.93310
H 191.95500 31.79450 11.44020
C 193.47500 32.95150 9.84430
C 192.38100 29.90750 9.94374
C 170.52400 3.49212 12.97700
C 172.71000 1.07395 13.12620
C 173.89500 4.12975 13.25380
C 171.46100 6.56422 13.07120
C 169.36700 0.57837 12.99240
C 175.91500 1.75107 13.24670
C 177.03900 4.73165 13.35600
C 179.27500 2.33711 13.37900
C 180.42300 5.43760 13.34950
C 182.53900 3.02840 13.43660
C 187.91600 1.21332 13.50270
C 188.98800 4.19655 13.47690
C 183.63300 6.09658 13.30370
C 185.80500 3.65008 13.41230
C 186.88300 6.63950 13.29050
C 184.67000 0.62460 13.40270
C 195.61100 5.41326 13.62210
C 192.34200 4.80835 13.63050
C 191.30400 1.83494 13.57320
C 194.49100 2.35796 13.56620
C 174.73000 7.26847 13.31470
C 170.52400 11.76510 12.98720
C 172.63500 9.48375 13.02530
C 173.85500 12.51810 12.96120
C 169.31500 8.86413 12.87650
C 175.92800 10.25450 13.06300
C 177.00400 13.12480 12.99680
C 178.25200 7.83467 13.31550
C 181.50100 8.43745 13.31270
C 179.26800 10.83420 13.14830
C 182.58300 11.47220 13.24410
C 185.91800 12.09940 13.14560
C 184.88800 8.98942 13.24700
C 188.02700 9.58780 13.21100
C 189.05400 12.59650 13.21610
C 190.24400 7.23939 13.40400
C 193.45400 7.87254 13.50220
C 191.27900 10.18740 13.28740
C 194.56800 10.85430 13.15720
C 192.35600 13.20830 13.26510
C 169.62800 17.30580 12.97100
C 171.80400 14.93310 12.92030
C 174.88800 15.45960 12.93630
C 172.70500 17.91600 12.83790
C 170.58500 20.37980 12.89350
C 180.32900 13.70040 13.03610
C 175.83600 18.55180 12.97180
C 178.19900 16.14460 13.01350
C 181.55100 16.79780 12.98880
C 179.24500 19.15260 12.91770
C 182.45000 19.75600 12.92380
C 183.66000 14.52000 13.00900
C 186.92000 15.14580 13.10520
C 184.65400 17.41860 12.96910
C 187.97700 18.07140 13.10130
C 185.71900 20.35140 12.99120
C 195.52200 13.79060 13.29220
C 193.41900 16.12510 13.19590
C 190.17100 15.55140 13.12550
C 191.21400 18.61090 13.21030
C 194.48900 19.13350 13.22330
C 169.51000 25.72510 12.89540
C 173.72200 21.04430 12.77260
C 171.68500 23.24600 12.80280
C 174.90400 23.82600 12.77120
C 172.72500 26.23440 12.91790
C 176.05500 26.83760 12.88410
C 177.09800 21.59320 12.77180
C 180.17300 22.17040 12.88620
C 178.06000 24.45280 12.79790
C 181.27200 25.09210 12.80490
C 189.03000 20.99130 13.11230
C 183.50400 22.76670 12.95400
C 184.56100 25.75790 13.03700
C 187.88500 26.38410 13.21240
C 186.80800 23.27270 13.09110
C 195.59300 22.09880 13.22800
C 190.07600 23.95590 13.25720
C 193.46400 24.65820 13.26520
C 191.21100 27.04720 13.22840
C 192.30000 21.48140 13.18680
C 173.76300 29.19200 12.95370
C 170.47800 28.58140 12.92980
C 171.63200 31.57920 12.95920
C 174.91400 32.34560 12.92730
C 181.40000 33.63180 12.85840
C 179.24200 27.43330 12.94790
C 180.35100 30.56070 12.93000
C 176.97000 29.84760 13.03910
C 178.19300 32.94720 12.90640
C 182.33300 28.05600 12.85830
C 186.83300 31.71670 12.97960
C 188.99400 29.40870 13.09770
C 185.62500 28.84180 13.04830
C 183.62100 31.10410 12.88050
C 193.33800 33.07900 13.05890
C 195.61200 30.57210 13.22320
C 192.40100 30.02780 13.14110
C 190.05200 32.36430 12.99500
C 194.40900 27.55780 13.18190
C 170.58500 37.00190 9.58645
C 172.73800 34.60260 9.67246
C 173.71700 37.66480 9.56172
C 171.59200 39.96690 9.51097
C 169.52100 34.16790 9.62863
H 175.50300 37.02160 11.20610
H 172.31300 36.48370 11.23670
H 170.14800 38.85030 11.13560
H 173.40700 39.48490 11.15650
H 174.50700 34.07010 11.25330
H 169.04600 35.95580 11.20570
C 175.93500 35.15200 9.63765
C 177.05900 38.05660 9.55297
C 179.23900 35.74750 9.62709
C 180.34100 38.74120 9.59381
H 177.80200 34.71550 11.22940
H 182.18500 38.25210 11.22920
H 176.69000 39.99290 11.09000
H 181.07000 35.34370 11.19860
H 178.84800 37.65080 11.20060
C 182.54300 36.43500 9.54263
C 185.77000 37.20470 9.63122
C 183.64900 39.50030 9.69464
C 187.94100 34.68810 9.75410
C 189.06600 37.86660 9.70437
C 186.88600 40.02410 9.74057
C 184.76200 33.97100 9.67547
H 184.33800 35.87520 11.17950
H 188.66600 39.59410 11.39560
H 185.35800 38.93190 11.34820
H 187.56900 36.61630 11.25280
C 191.17100 35.35080 9.73313
C 192.21500 38.38140 9.73694
C 194.47600 35.82600 9.74201
C 195.59300 38.91880 9.75961
H 189.75200 34.15640 11.37990
H 194.08300 37.74780 11.23110
H 191.93300 40.15520 11.36730
H 190.78100 37.19800 11.31930
H 192.92600 34.78370 11.39760
C 174.87000 40.55940 9.48264
C 169.62900 42.45100 9.37532
C 172.77000 43.00570 9.43398
C 170.72900 45.37790 9.34590
C 173.85900 45.95130 9.26446
H 175.63900 45.46240 10.97310
H 174.54100 42.46510 10.99900
H 172.47300 44.87830 11.00160
H 171.32500 41.83170 11.08550
H 169.27600 44.30160 11.00550
C 176.02200 43.59710 9.37055
H 179.98600 40.66560 11.08270
C 178.15900 41.10940 9.45815
C 181.45800 41.79060 9.56548
C 179.32000 44.13740 9.38082
C 177.20200 46.47370 9.31602
H 181.04700 43.66620 11.16870
H 178.99000 46.05140 10.98690
H 182.30500 46.68080 11.20550
H 177.76400 43.02230 10.96880
C 180.61000 47.23620 9.49633
C 182.68100 44.80020 9.63798
C 184.64200 42.50860 9.71382
C 188.07800 43.00010 9.77937
C 185.83400 45.39550 9.69413
H 184.37700 44.29850 11.36480
C 189.17800 46.10970 9.77536
H 183.19100 41.31120 11.28610
H 187.66000 44.91270 11.30670
H 186.43500 41.91070 11.29780
C 190.13100 40.72280 9.74228
C 193.38300 41.33430 9.78962
C 191.27300 43.70890 9.85144
C 194.50400 44.44420 9.90215
C 192.39200 46.66930 9.96171
H 193.06300 43.15250 11.41550
H 195.17900 40.74540 11.40570
H 190.84900 45.52220 11.46920
H 189.84500 42.49480 11.38640
H 194.12700 46.14120 11.67260
H 170.24700 47.24930 10.87060
C 175.07800 49.02020 9.17306
C 171.65300 48.44220 9.19671
C 172.83100 51.46370 9.19468
C 169.56700 50.90270 9.03713
H 174.60600 50.85690 10.80560
H 172.40800 53.23360 10.87440
H 171.29600 50.27860 10.75440
H 173.51200 47.87440 10.76370
H 175.74700 53.86780 11.00190
C 170.71500 53.86090 9.14321
H 169.18600 52.65440 10.64090
C 176.14800 52.09630 9.27214
C 178.35000 49.70480 9.35889
C 181.66000 50.30510 9.50346
C 179.35100 52.69080 9.42352
H 177.83300 51.43120 10.98670
H 176.83200 48.39370 10.86500
H 180.10800 49.08750 11.04200
H 181.13000 52.10850 11.13120
C 182.62300 53.34460 9.48223
C 183.73300 47.88060 9.58430
C 186.96700 48.46860 9.80101
C 184.83400 50.75940 9.69448
C 187.98800 51.37410 9.74544
H 183.33200 49.65170 11.25420
H 185.45700 47.25210 11.28290
H 184.38400 52.74220 11.14560
C 185.88000 53.84850 9.57104
H 186.55200 50.29520 11.44560
H 187.57000 53.31850 11.27730
H 188.74400 47.89900 11.42990
C 195.68500 47.30910 10.07560
C 193.53400 49.64910 9.98768
C 190.22100 49.07920 9.84948
C 191.21500 52.14860 9.77448
C 194.52400 52.57240 9.80790
H 189.73600 50.92950 11.40400
H 192.94600 51.53070 11.48290
H 191.92600 48.50280 11.58960
H 195.23600 49.14570 11.72590
H 190.80300 53.99540 11.29930
C 169.66600 59.28610 9.20285
C 174.00500 54.37050 9.32244
C 171.79900 56.86860 9.17792
C 175.00200 57.50310 9.34189
C 172.85400 59.89430 9.27516
H 173.47000 56.26810 10.87340
H 170.28800 55.70100 10.82110
H 171.37600 58.68450 10.83290
H 174.53000 59.30530 10.96110
C 176.10400 60.45100 9.40475
C 181.43300 58.65540 9.40881
C 180.34900 55.69180 9.38176
C 178.16500 58.13550 9.44283
C 177.15700 55.08920 9.40004
H 177.81800 59.93630 11.10440
H 178.93200 54.51140 10.99990
H 180.00700 57.54150 11.05630
H 176.70600 56.89530 11.07120
H 181.07100 60.57270 10.96940
H 182.16300 55.23840 11.04580
C 187.98200 59.90690 9.55957
C 186.90200 56.98920 9.54537
C 183.73300 56.39260 9.48457
C 184.72400 59.36030 9.44950
C 188.99500 54.48140 9.63419
H 183.22600 58.17600 11.03700
H 185.47400 55.75740 11.19150
H 186.41200 58.79100 11.14830
H 188.65300 56.38350 11.18160
C 192.33200 55.01160 9.58634
C 190.08900 57.53710 9.55220
C 193.46900 57.97640 9.57290
C 195.59400 55.68590 9.64334
C 191.19800 60.44950 9.58685
H 189.71100 59.30560 11.19960
H 191.91500 56.90920 11.14720
H 194.07500 54.55260 11.23670
H 195.21000 57.52540 11.28810
H 193.03300 59.90050 11.13300
H 169.16600 61.18510 10.72570
C 175.14200 65.70530 9.20607
C 171.77200 65.15470 9.12132
C 173.87300 62.79990 9.23571
C 170.70300 62.30740 9.19646
H 175.68100 62.29550 10.77830
H 170.23400 64.13760 10.79150
H 172.41900 61.73030 10.88740
H 171.39200 67.04280 10.59600
H 173.52800 64.69830 10.79710
H 182.16300 63.52020 10.86420
C 180.39800 63.99910 9.23045
C 179.25900 60.98480 9.38628
C 177.27100 63.44120 9.28278
H 176.79900 65.23050 10.92780
H 178.97300 62.89020 10.90670
C 178.23900 66.33050 9.23854
C 181.51800 67.06470 9.24695
H 180.10300 65.84750 10.78750
C 189.06500 62.92810 9.53438
C 182.62900 61.65320 9.35713
H 187.60000 61.72080 11.13430
H 183.28200 66.45240 10.94030
H 186.48000 67.15260 11.03750
H 185.45600 64.14240 11.18440
H 188.65500 64.71650 11.19350
C 185.87100 62.29790 9.56207
C 186.88800 65.30710 9.52001
C 183.81200 64.54950 9.39604
H 184.29100 61.18020 11.08600
H 190.78400 62.31810 11.21670
C 195.53100 64.11640 9.70102
C 192.27400 63.47590 9.64222
C 194.44300 61.20680 9.55299
H 195.20500 65.93180 11.34330
H 194.03600 62.91140 11.30200
C 190.11700 65.87480 9.54387
C 193.43900 66.34990 9.63619
H 191.83800 65.27570 11.21570
C 170.45800 37.05930 12.79590
C 172.73900 34.65720 12.87620
C 173.78600 37.70300 12.85380
C 171.62500 39.99710 12.75350
C 169.45600 34.20900 12.86270
C 175.98400 35.25430 12.82880
C 177.03600 38.23640 12.75650
C 179.30800 35.85830 12.83600
C 180.35000 38.93700 12.75590
C 182.55300 36.45810 12.83340
C 185.73900 37.07040 12.86220
C 183.50700 39.50760 12.88770
C 187.98200 34.81670 12.92700
C 189.02100 37.74730 12.93030
C 186.83300 40.14840 12.95200
C 184.61000 34.06320 12.89810
C 191.13300 35.38320 12.98880
C 192.31400 38.33940 12.90160
C 194.37000 35.98390 12.97680
C 195.43200 38.91780 12.98850
C 174.94400 40.76530 12.69680
C 169.54100 42.43550 12.61440
C 172.74200 43.07660 12.64470
C 170.68200 45.55890 12.61690
C 173.88400 46.16470 12.54400
C 175.96800 43.66280 12.62230
C 178.17700 41.20980 12.66220
C 181.34300 41.85430 12.80850
C 179.14700 44.23140 12.66300
C 177.20500 46.63010 12.58650
C 182.49600 44.75900 12.84020
C 184.65600 42.45120 12.93760
C 188.00900 43.09190 12.88650
C 185.90300 45.47990 12.91540
C 189.02100 46.09000 13.00990
C 190.16100 40.65720 12.98140
C 193.37500 41.31710 13.03300
C 191.26900 43.65880 13.01050
C 194.48600 44.17420 13.17720
C 192.21800 46.69070 13.18740
C 169.44300 50.84270 12.33230
C 175.01400 49.00650 12.40570
C 171.76900 48.47520 12.42540
C 172.79800 51.42080 12.46300
C 170.54200 53.84540 12.41940
C 175.96700 51.96170 12.58410
C 180.40400 47.19980 12.66460
C 178.22400 49.55720 12.59470
C 181.44000 50.28010 12.77890
C 179.20900 52.61590 12.61300
C 182.51500 53.36880 12.69600
C 183.70200 47.78830 12.88860
C 186.88400 48.36640 12.96880
C 184.68100 50.96600 12.86730
C 187.90800 51.57240 12.99650
C 185.76200 53.92500 12.86820
C 195.59400 47.29350 13.36190
C 193.33600 49.78810 13.21820
C 190.05000 49.12410 13.11030
C 191.11300 52.24020 13.06280
C 194.41900 52.81390 12.98640
C 169.55400 59.32220 12.37110
C 173.84400 54.41610 12.49820
C 171.69400 56.89600 12.51270
C 174.82100 57.51790 12.60670
C 172.72600 59.83290 12.53070
C 178.16300 58.15640 12.67780
C 181.45800 58.77980 12.62030
C 180.29000 55.66320 12.65630
C 177.18900 55.02190 12.67230
C 175.87900 60.58520 12.53650
C 187.87500 59.91680 12.77060
C 183.62400 56.39450 12.71510
C 186.88800 56.97750 12.76310
C 184.65100 59.36990 12.69660
C 188.93200 54.55000 12.85780
C 191.20800 60.49390 12.75730
C 193.33700 58.08640 12.81450
C 192.29400 55.15020 12.88350
C 190.10300 57.52740 12.80740
C 195.59700 55.72190 12.85570
C 170.60000 62.33620 12.44210
C 173.93400 62.89940 12.41790
C 171.71900 65.32790 12.36920
C 174.99900 65.82980 12.51150
C 181.40200 67.13810 12.45100
C 177.12700 63.31210 12.46550
C 179.28200 61.12550 12.61050
C 178.34200 66.40360 12.41950
C 180.42400 64.05900 12.48330
C 182.46900 61.78770 12.61590
C 186.89600 65.40290 12.73990
C 189.05200 62.88810 12.80550
C 183.53600 64.63410 12.59360
C 185.75300 62.40780 12.68830
C 192.20900 63.47140 12.88430
C 195.42800 64.11170 12.96430
C 193.31300 66.43070 12.81570
C 190.02100 65.91440 12.80530
C 194.53700 60.99370 12.76680
C 170.70100 70.64610 9.06089
C 172.93900 68.22190 9.13862
C 173.95500 71.16770 9.07319
C 171.66000 73.53580 9.07734
C 169.60600 67.50750 8.96338
H 170.14400 72.43130 10.67340
H 173.44900 73.04470 10.67350
H 175.72400 70.60980 10.71800
H 174.67100 67.55800 10.76910
H 172.45000 70.05570 10.75640
H 169.16800 69.40540 10.53270
C 176.09100 68.71850 9.12559
C 177.10800 71.81310 9.03449
C 179.31100 69.40060 9.16866
C 180.36500 72.43900 9.06445
H 182.14400 71.97060 10.75450
H 178.87900 71.30710 10.66470
H 177.88100 68.20500 10.79460
H 176.70500 73.70060 10.56170
H 181.07900 68.94270 10.82930
C 182.56200 70.05880 9.19223
C 184.66500 67.63010 9.34062
C 185.84600 70.61410 9.28970
C 183.63100 73.09170 9.10543
C 188.00700 68.34700 9.45088
C 189.15800 71.32450 9.36743
C 187.09100 73.64950 9.30027
H 184.27500 69.54360 10.93670
H 188.76800 73.12340 10.98130
H 185.38600 72.51000 10.77030
H 187.62600 70.21160 10.98920
C 191.34600 68.79400 9.42419
C 192.40600 71.87970 9.32279
C 194.57000 69.34050 9.45879
C 195.61300 72.42970 9.42337
H 194.13400 71.21870 10.94220
H 190.94900 70.66400 10.89370
H 192.07300 73.71730 10.98740
H 189.73000 67.72880 11.08550
H 193.05200 68.22190 11.12630
C 174.82600 74.30950 9.03237
C 170.55900 78.92540 8.81297
C 173.94600 79.54870 9.05209
C 172.73300 76.43470 8.94981
C 169.54000 75.97700 8.86667
H 174.50300 76.08380 10.71540
H 175.71500 79.04820 10.79180
H 172.29200 78.38220 10.45180
H 171.24200 75.42480 10.63170
H 169.12300 77.82920 10.45550
C 175.99300 77.25250 9.08047
H 180.00400 74.29360 10.68600
C 178.24600 74.89070 9.08038
C 181.52800 75.48820 9.14296
C 177.14300 80.20880 9.13882
C 179.24500 77.83290 9.14450
H 182.18600 80.22280 10.87950
H 178.91400 79.60150 10.83240
H 181.00400 77.26990 10.81600
H 177.76200 76.68030 10.70540
C 182.69900 78.34310 9.30653
C 185.96000 79.12300 9.28692
C 184.91900 76.07170 9.18333
C 188.08500 76.62140 9.30194
H 186.58800 75.46780 10.87520
H 187.60100 78.39070 10.94850
H 184.52300 77.86840 10.85450
H 183.33000 74.95760 10.72010
C 189.18600 79.60260 9.47823
C 190.26000 74.32140 9.40878
H 195.34000 74.23000 11.07740
C 193.58100 74.81510 9.38771
C 192.54000 80.21970 9.64759
C 191.30300 77.22150 9.46029
C 194.64500 77.89330 9.60195
H 189.77500 76.07160 11.01360
H 194.23800 79.63590 11.32570
H 193.09700 76.63900 11.03560
H 190.94500 79.00310 11.14300
H 170.19400 80.88320 10.29200
C 169.56500 84.47030 8.88116
C 174.90000 82.70620 8.97820
C 171.80300 82.11440 8.85240
C 172.85300 85.15860 8.97080
H 174.54300 84.51280 10.64300
H 173.46100 81.43550 10.62470
H 171.36100 83.90610 10.51700
H 172.37600 86.89100 10.62940
H 175.64700 87.45960 10.92350
H 169.13400 86.30130 10.44700
C 170.64000 87.51450 8.96564
C 180.37900 80.85390 9.27958
C 176.12100 85.71340 9.22710
C 178.29800 83.30910 9.15636
C 181.59700 83.74730 9.39092
C 179.31100 86.31630 9.36070
H 176.69100 82.08650 10.62800
H 180.00100 82.66610 10.92010
H 181.06700 85.63570 10.93490
H 177.85500 85.02950 10.84870
H 185.45900 80.86290 11.03560
C 182.55900 86.89820 9.50647
C 183.74600 81.42150 9.34352
C 186.96900 81.95090 9.49018
C 184.76300 84.36640 9.50882
C 188.12000 85.01460 9.59949
H 188.74000 81.40900 11.17200
H 186.52200 83.77600 11.14940
H 187.59200 86.84920 11.16440
H 183.27700 83.11600 11.04500
H 184.30000 86.13840 11.16380
C 185.81100 87.41710 9.55162
C 195.75500 80.84690 9.74978
C 193.54100 83.20590 9.73657
C 190.39700 82.47850 9.66439
C 191.31900 85.61740 9.67632
C 194.38000 86.30620 9.68245
H 195.27700 82.59940 11.40540
H 192.08600 81.97250 11.33850
H 189.90200 84.35890 11.16130
H 193.07500 84.99380 11.36090
H 190.88100 87.38040 11.35360
C 169.60900 93.02720 9.03261
C 173.95100 88.08480 9.20835
C 172.91500 93.55510 9.29300
C 175.07600 91.01650 9.49088
C 171.87800 90.53250 9.13205
H 174.58900 92.86020 10.99960
H 171.31300 92.32750 10.68790
H 173.44800 89.87040 10.93600
H 170.30200 89.32170 10.67030
C 176.16800 93.96010 9.44853
C 177.21500 88.68920 9.47306
C 180.42600 89.33710 9.61599
C 178.24600 91.52360 9.60410
C 181.51700 92.25570 9.80322
H 182.12900 88.57610 11.29500
H 180.00800 91.04190 11.31830
H 178.93400 88.02740 11.10990
H 177.86200 93.40050 11.19280
H 176.73500 90.45080 11.16100
H 181.05900 94.05890 11.43080
C 187.95000 93.46860 9.87533
C 189.16500 88.00790 9.61432
C 183.50800 89.79320 9.69300
C 186.93100 90.37900 9.67665
C 184.66500 92.77620 9.84255
H 186.46400 92.15740 11.41170
H 183.25300 91.58820 11.46670
H 185.42000 89.17520 11.15560
H 188.69500 89.75000 11.26620
C 191.14300 94.05290 9.85957
C 190.06200 91.11380 9.77321
C 192.27600 88.68260 9.72166
C 193.32400 91.71030 9.87478
C 195.44300 89.33860 9.76212
H 189.69700 92.78810 11.50200
H 195.15100 91.06310 11.48460
H 194.02800 88.06340 11.40000
H 191.85800 90.43150 11.42480
H 192.89800 93.51650 11.44860
C 173.89300 96.52210 9.39238
C 171.73800 98.99170 9.35190
C 174.94600 99.47270 9.35271
C 170.84400 95.98850 9.26632
H 172.42300 95.31460 10.99220
H 175.68300 95.79060 10.99810
H 170.20600 97.69370 10.91120
H 173.53600 98.31010 11.01450
H 171.31700 100.75600 10.65680
H 169.19500 94.75130 10.70120
H 176.73400 98.83130 10.94200
H 180.04100 99.40460 11.04930
H 178.87500 96.37280 11.10690
H 182.17000 97.08830 11.40360
C 179.34800 94.44640 9.62275
C 178.25500 99.97620 9.38029
C 180.49200 97.49670 9.60634
C 181.63400 100.62600 9.58443
C 177.24900 96.92090 9.41501
C 182.59000 95.19250 9.84925
H 184.29600 94.64860 11.46510
H 187.50400 95.25040 11.57290
C 185.78200 95.81080 9.87321
C 188.98100 96.48270 9.97396
C 183.67200 98.17370 9.74548
C 186.91000 98.92740 9.99227
H 186.43800 100.66300 11.45970
H 185.34000 97.65740 11.50730
H 188.63000 98.22780 11.66620
H 183.31100 100.02800 11.28170
C 189.95500 99.46250 9.93526
C 194.51300 94.51480 9.80511
C 192.10600 96.96910 9.84867
C 195.51900 97.63800 9.73277
C 193.29300 100.00700 9.76997
H 190.74300 95.81120 11.61810
H 194.02700 96.42880 11.33110
H 191.81700 98.85430 11.47420
H 195.07000 99.47770 11.34410
C 170.55300 70.56280 12.26950
C 172.79500 68.15800 12.29550
C 173.98300 71.26700 12.38210
C 171.63100 73.64560 12.27760
C 169.60900 67.61570 12.19660
C 176.05800 68.78990 12.37030
C 177.10500 71.94750 12.25220
C 179.15500 69.52090 12.34600
C 180.28200 72.43240 12.30970
C 182.41500 70.14420 12.45660
C 184.68300 67.68330 12.59490
C 185.75700 70.80720 12.50790
C 183.55500 73.08620 12.35030
C 187.88500 68.42390 12.64320
C 189.20000 71.26730 12.57500
C 186.86600 73.57220 12.45530
C 191.23400 68.89880 12.64700
C 192.37300 71.83970 12.55620
C 194.50600 69.44840 12.61300
C 195.51800 72.31860 12.64620
C 174.94800 74.24650 12.26970
C 170.51700 79.13010 11.99800
C 172.60800 76.64770 12.22480
C 173.71300 79.46620 12.18900
C 169.41600 76.04920 12.10920
C 176.01200 77.18470 12.38210
C 178.14300 74.78850 12.25660
C 181.47500 75.35030 12.34530
C 179.15900 77.71760 12.44640
C 177.13400 80.37140 12.37060
C 182.62700 78.26720 12.38920
C 185.83900 78.92820 12.62230
C 184.76000 76.03090 12.45460
C 187.98900 76.57770 12.57810
C 189.04300 79.50020 12.63720
C 190.29000 74.25200 12.57860
C 193.59200 74.82560 12.62360
C 191.27900 77.10690 12.69230
C 192.40900 80.11380 12.89910
C 194.43800 77.67930 12.82010
C 169.50800 84.35770 11.98830
C 171.51300 82.00980 12.09200
C 174.84200 82.67950 12.28550
C 172.67700 85.03520 12.25570
C 170.55300 87.39030 12.18580
C 180.39100 80.83840 12.49840
C 175.99800 85.47180 12.41140
C 178.12700 83.12900 12.40790
C 181.43600 83.77380 12.54620
C 179.24900 86.12140 12.57620
C 182.38900 86.61460 12.76370
C 183.57900 81.24210 12.63910
C 186.88100 81.94950 12.77190
C 184.67400 84.25220 12.73200
C 188.06000 84.91230 12.72060
C 185.76100 87.34170 12.79750
C 195.76000 80.67680 12.93240
C 193.54600 83.15310 13.02640
C 190.23200 82.50380 12.85720
C 194.54500 86.18580 12.99270
C 191.23900 85.51870 12.90690
C 169.45500 92.82430 12.26500
C 172.75000 93.32480 12.48400
C 173.70800 87.95770 12.44940
C 174.91000 90.95560 12.61890
C 171.56200 90.48900 12.42040
C 175.96300 93.97340 12.66910
C 177.07600 88.53410 12.66100
C 181.47200 92.24540 13.06630
C 178.12400 91.64220 12.84120
C 180.24900 89.13810 12.88630
C 187.87400 93.33710 13.13080
C 186.89500 90.21400 12.87530
C 183.72000 89.59840 12.89090
C 188.96300 87.96070 12.92140
C 184.75000 92.81120 13.08590
C 195.53500 89.21650 13.04010
C 193.32200 91.63330 13.01940
C 189.99500 90.90820 13.02790
C 191.06000 93.93310 13.16890
C 192.22500 88.56760 13.05370
C 174.99300 99.51760 12.60810
C 171.62100 99.02750 12.45490
C 173.88000 96.42200 12.59140
C 170.55800 95.81900 12.48010
C 181.41800 100.56200 12.81190
C 179.10100 94.74070 12.87370
C 178.14000 99.92350 12.63460
C 180.21000 97.60090 12.79200
C 177.03200 97.07170 12.61430
C 182.46000 95.28840 13.08290
C 186.80400 98.88070 13.13740
C 185.64500 95.85800 13.16160
C 188.97200 96.37510 13.25520
C 183.55300 98.30630 13.06860
C 193.31100 100.13000 13.01770
C 194.42000 94.64800 13.06680
C 192.31800 97.00770 13.09670
C 190.12000 99.46500 13.15720
C 195.39700 97.64550 13.03620
C 170.74800 104.25800 9.13116
C 173.02700 102.00900 9.25470
C 174.01000 104.87900 9.25512
C 171.95200 107.23200 9.17234
C 169.48300 101.30300 9.04603
H 174.64900 101.27200 10.96550
H 172.49100 103.79900 10.90020
H 170.29200 106.13500 10.70580
H 173.66300 106.68600 10.84690
H 175.67300 104.21400 11.01550
H 169.11300 103.15500 10.66250
C 176.06600 102.49200 9.36173
C 177.14100 105.44900 9.44744
C 179.44200 102.89200 9.45445
C 180.56100 106.02000 9.51079
H 182.14100 105.46800 11.36910
H 177.84200 101.80500 10.99810
H 181.13400 102.40000 11.22950
H 178.95900 104.78600 10.97600
H 176.84200 107.23800 11.07290
C 182.67000 103.68900 9.76360
C 185.74300 104.17600 9.86488
C 183.62300 106.62900 9.73431
C 187.88300 101.91100 9.89363
C 188.98400 104.80200 9.82724
C 186.97200 107.23100 9.79017
C 184.77100 101.31100 9.78967
H 184.33600 103.04300 11.50220
H 188.70500 106.62400 11.41900
H 185.44500 106.11800 11.33820
H 187.48700 103.73000 11.54110
C 191.11200 102.34900 9.83592
C 192.29200 105.43000 9.81251
C 194.42100 102.96500 9.76217
C 195.55800 106.09800 9.89351
H 189.62600 101.30100 11.53560
H 190.83000 104.24300 11.42280
H 192.96600 101.86000 11.41040
C 175.20200 107.82100 9.36359
C 173.01800 110.22200 9.28995
C 170.82400 112.56100 9.17229
C 173.97000 113.35500 9.47484
C 169.72800 109.54500 9.11263
H 174.67900 109.57400 10.97380
H 171.52100 109.01200 10.82690
H 175.64500 112.63800 11.19530
H 172.51500 111.96900 10.91450
H 169.20100 111.35500 10.65060
C 176.09000 110.89300 9.47687
C 178.29300 108.42900 9.52092
C 181.65800 109.12600 9.54504
C 179.37600 111.49100 9.60269
C 177.15400 113.81100 9.57946
H 181.10700 110.80900 11.21080
H 180.12300 107.87100 11.02940
H 177.83300 110.29900 11.05610
H 178.91400 113.23000 11.18660
H 182.24500 113.84000 11.19810
C 182.59300 112.03000 9.62959
C 184.82700 109.64200 9.67283
C 187.98600 110.26300 9.89952
C 185.92500 112.70400 9.74917
H 183.28800 108.48900 11.27010
H 186.51500 109.03700 11.40240
H 184.41300 111.42400 11.23130
C 189.03000 113.26300 9.91074
C 190.15100 107.84800 9.86687
C 193.37700 108.43600 9.91808
C 191.28900 110.76700 9.92919
C 194.55300 111.35300 10.13150
C 192.34600 113.69300 9.97579
H 170.39000 114.35800 10.77600
H 169.15100 119.79400 11.22220
C 175.06300 116.34700 9.61539
C 171.85300 115.71500 9.40137
C 172.82500 118.70900 9.56803
C 169.74400 118.17900 9.41893
H 174.54400 118.09600 11.28710
H 171.34200 117.42600 11.13800
H 173.56000 115.03300 11.07890
H 172.33100 120.41900 11.35390
H 175.63500 121.05000 11.40930
C 170.57800 121.02300 9.70785
C 180.39500 114.49700 9.66816
C 175.96800 119.33900 9.63554
C 178.29500 116.85000 9.68287
C 181.42100 117.42000 9.75997
C 179.35700 119.90600 9.67737
H 177.79000 118.69100 11.20320
H 176.83100 115.63400 11.27200
H 179.99700 116.22700 11.42520
H 181.03000 119.25600 11.37780
C 182.59200 120.41700 9.81267
C 183.72000 115.15400 9.71642
C 186.96200 115.74400 9.88686
C 184.73600 118.19100 9.89160
C 187.98500 118.73700 9.98257
H 183.20000 116.94400 11.40950
C 185.79500 121.17300 9.98196
H 184.29900 119.93800 11.54990
C 195.47400 114.29800 9.96028
C 193.22600 116.75800 9.87785
C 190.07900 116.33900 9.94392
C 191.18300 119.22600 9.99081
C 194.37700 119.75000 9.90815
C 173.80600 121.65100 9.82598
C 171.60700 123.94800 9.79916
C 174.77900 124.62400 9.71243
C 172.62900 126.95200 9.80258
C 169.44800 126.33300 9.76124
H 170.13200 122.75200 11.36780
H 173.39100 123.46900 11.41000
H 171.19600 125.71700 11.43510
H 174.45200 126.40200 11.37870
C 175.96600 127.58500 9.81716
C 181.47800 125.77800 9.88791
C 180.41600 122.86400 9.73678
C 178.22000 125.19700 9.81010
C 177.09000 122.21700 9.73405
H 176.60100 124.06200 11.31200
H 178.93100 121.65800 11.30800
H 182.14900 122.20800 11.34040
H 177.76100 127.08500 11.40730
H 179.96800 124.61200 11.48700
H 181.06400 127.64200 11.47450
C 188.96100 121.72700 9.99238
C 187.96500 127.06300 9.97440
C 183.73700 123.40200 9.95265
C 184.74800 126.33300 10.00070
C 186.86700 124.13400 10.00900
H 183.20600 125.25300 11.52080
H 186.52500 125.93600 11.60980
H 185.43600 122.91300 11.61460
C 192.21400 122.15800 9.89713
C 195.42900 122.87000 9.97320
C 191.29400 127.67900 10.06720
C 193.38600 125.27800 9.94571
C 190.02700 124.62800 10.00050
H 169.06200 128.16000 11.46130
C 171.71500 132.31100 9.81317
C 173.75000 129.96200 9.88941
C 170.58400 129.25800 9.78480
C 174.90400 132.88600 9.99962
H 170.24900 131.11800 11.39090
H 172.32200 128.71300 11.49760
H 175.56900 129.37700 11.44200
H 171.23400 134.10200 11.46760
H 173.37600 131.68900 11.57420
H 178.91700 130.03000 11.50790
H 179.98700 132.97000 11.61190
H 176.74900 132.42100 11.55660
C 177.03200 130.55100 9.94054
C 178.22700 133.69200 10.01690
C 180.34300 131.21700 9.89159
C 181.51200 134.25800 10.14420
C 179.30000 128.25000 9.81428
H 182.14600 130.59900 11.46380
H 184.27600 128.20700 11.62320
H 185.37200 131.14700 11.55210
C 182.56400 128.75100 9.89157
H 183.29100 133.63300 11.69090
C 185.80600 129.25800 10.01040
C 189.22800 130.06400 10.14640
C 186.92000 132.43300 10.12640
C 183.63400 131.91000 9.95700
H 186.51900 134.18900 11.86290
H 188.65700 131.82800 11.79790
H 187.62700 128.82300 11.63960
C 190.02900 133.10300 10.18210
C 192.30800 130.54000 10.13280
C 193.51400 133.61400 10.16930
C 195.58700 131.09500 10.26520
C 194.47900 128.24500 10.09330
H 191.91400 132.41300 11.67420
H 195.20900 133.03000 11.78630
C 170.52500 104.31500 12.33470
C 172.73200 101.85900 12.40990
C 173.94600 104.89700 12.55550
C 171.81300 107.16400 12.37440
C 169.47700 101.32800 12.30160
C 176.04000 102.43100 12.61390
C 177.15200 105.40600 12.57860
C 179.22100 103.01100 12.67230
C 180.19400 106.06800 12.70910
C 182.43900 103.61800 12.96540
C 184.59000 101.16700 13.04710
C 185.64500 104.35500 13.06720
C 187.79300 101.85900 13.13840
C 189.05600 104.80100 13.07340
C 183.62500 106.65000 12.89770
C 186.93700 107.21200 12.97010
C 191.21600 102.44400 13.08660
C 192.31200 105.42500 13.04230
C 194.49300 103.01900 13.03040
C 195.47300 105.96400 13.00430
H 191.88900 107.21700 11.48280
H 194.04800 104.80200 11.42070
C 174.95800 107.80200 12.58620
C 169.60700 109.52500 12.26840
C 172.87200 110.16800 12.53460
C 170.61800 112.46400 12.39780
C 173.80100 113.14900 12.69920
C 176.05500 110.68700 12.67440
C 178.28900 108.44900 12.59660
C 181.42200 108.98500 12.79150
C 177.10300 113.71400 12.84320
C 179.28300 111.35500 12.76850
C 182.62500 111.96300 12.79280
C 187.87200 110.22700 13.08650
C 185.66500 112.60600 12.97830
C 189.03600 113.23200 13.14840
C 184.68500 109.63300 12.91640
H 187.58900 112.10600 11.51600
C 190.11400 107.75800 13.07190
C 193.38000 108.29900 13.14540
C 191.19800 110.83900 13.19140
C 194.44800 111.30300 13.20910
C 192.24500 113.75300 13.19480
H 195.22500 107.91000 11.49590
H 192.98500 110.15200 11.60300
H 194.05600 113.16200 11.67250
H 190.82700 112.60400 11.52840
H 189.74400 109.64800 11.55030
C 169.47400 117.80600 12.72920
C 171.72000 115.42900 12.62180
C 172.66300 118.47500 12.87090
C 174.94600 116.17100 12.81970
C 170.50300 121.00100 12.92930
C 180.43500 114.25200 12.83620
C 176.02800 119.19900 12.95700
C 181.35100 117.46700 13.04390
C 178.19400 116.89000 12.92520
C 179.13600 119.77800 12.92360
C 182.43900 120.41000 13.04000
H 185.46300 114.49100 11.36310
C 187.95100 118.66700 13.21710
C 183.60200 114.96500 12.93570
C 186.84300 115.58200 13.12540
C 184.62600 117.99800 13.12640
C 185.69600 121.05300 13.20050
H 187.57300 120.52300 11.63840
H 188.69400 115.06700 11.54790
H 186.48200 117.49800 11.55340
C 195.47700 114.41700 13.19290
C 193.27200 116.69300 13.16290
C 190.15600 116.26400 13.18710
C 194.46900 119.79800 13.16100
C 191.22400 119.18600 13.22510
H 190.76600 121.02300 11.59580
H 195.03300 116.19200 11.46800
H 191.85200 115.57500 11.50130
H 192.99400 118.58800 11.59260
H 189.73400 118.10800 11.60860
C 172.65800 126.86600 13.05800
C 169.38400 126.25100 12.98300
C 174.90600 124.61800 13.04390
C 173.78500 121.56900 13.00120
C 171.59200 123.87900 13.00830
C 175.91400 127.61000 13.01090
C 181.38900 125.87200 13.13470
C 178.08400 125.25100 12.98560
C 180.37200 122.67700 13.03080
C 177.15800 122.19800 12.93580
C 186.84000 124.08100 13.22050
C 189.03000 121.62800 13.27570
C 183.50400 123.34600 13.04260
C 184.63900 126.33100 13.18800
C 187.99200 126.99200 13.27730
H 188.59400 123.46800 11.64410
C 190.17400 124.58100 13.11580
C 193.23300 125.08500 13.21680
C 191.21400 127.48800 13.27350
C 195.45600 122.78900 13.16970
C 192.18800 122.23400 13.16820
H 195.08800 124.65200 11.62480
H 189.75600 126.47300 11.60950
H 193.01100 127.00900 11.66250
H 191.89600 124.02800 11.47810
H 194.01700 121.59300 11.53320
C 170.53200 129.37700 13.06850
C 173.86600 129.86900 13.11160
C 174.87800 132.84500 13.11620
C 171.59800 132.29800 13.12760
C 181.42300 134.10300 13.30870
C 180.37600 131.07300 13.16520
C 178.20300 133.58500 13.25860
C 179.26700 128.21100 13.08310
C 176.99600 130.52400 13.07170
C 182.48400 128.80200 13.14620
C 189.05500 129.95800 13.33340
C 185.76800 129.34100 13.20490
C 186.75600 132.20000 13.34310
C 183.53800 131.85900 13.14400
C 192.18100 130.68600 13.36910
C 193.41900 133.44700 13.38310
C 190.18400 132.96000 13.40900
H 190.86800 129.39000 11.78380
H 194.03800 129.96400 11.85560
C 195.52100 131.14500 13.39550
C 194.47900 128.06200 13.34100
C 200.93600 3.56189 10.21680
C 202.03800 6.50475 10.14220
C 197.66600 3.02548 10.35920
C 198.78400 5.91879 10.26220
C 199.88400 0.65711 10.19800
H 200.60500 5.42080 11.86310
H 197.35800 4.80830 11.95860
H 199.54000 2.44375 11.91680
H 196.31700 1.81594 11.99270
C 203.07800 1.10281 10.20800
C 206.36600 1.81742 10.10770
C 204.21600 4.14822 10.05180
C 207.54100 4.87553 10.06170
H 207.10800 6.71426 11.61540
H 202.80500 3.02297 11.76980
H 203.90000 6.03517 11.62970
H 205.99500 3.71095 11.66130
H 208.06700 1.24351 11.81340
H 204.94400 0.65871 11.75520
H 209.21700 4.22036 11.77840
C 209.55200 2.34287 10.17450
C 212.73900 3.06554 10.13620
C 210.69800 5.44178 10.20930
C 213.90700 5.84208 10.26330
C 214.90500 0.62176 9.98029
H 211.39300 1.79639 11.70090
H 215.72300 5.37813 11.92270
H 212.39000 4.82365 11.84880
H 214.65200 2.44080 11.66210
C 222.75000 4.72026 9.99186
C 216.16100 3.68234 10.14370
C 218.36700 1.18310 9.89626
C 221.63900 1.84795 9.89444
C 219.42700 4.21879 10.13580
C 217.13600 6.55582 10.21340
H 222.31700 6.59690 11.62410
H 218.97900 5.99804 11.85410
H 221.26800 3.51805 11.65340
H 220.19100 0.58052 11.48030
H 217.99800 2.95433 11.62950
C 201.01200 12.03410 10.19620
C 199.85000 8.99894 10.23020
C 197.80700 11.45240 10.08760
C 196.57400 8.23810 10.11890
H 201.68500 8.44127 11.72500
H 196.34500 10.18480 11.53310
H 197.34800 13.18020 11.82930
H 198.38700 7.80765 11.81560
H 199.54600 10.90500 11.78780
H 202.84800 11.48560 11.81250
C 205.33400 7.23155 9.96103
C 203.09400 9.73759 10.11790
C 208.70200 7.87712 10.12790
C 206.45200 10.30660 10.08180
C 204.27200 12.57960 10.11630
C 207.49800 13.21340 10.10350
H 208.25000 9.70541 11.72510
H 206.06700 12.09530 11.80370
H 204.94700 9.07067 11.62500
H 209.36600 12.63980 11.64510
C 209.75900 10.83740 10.05230
C 211.76000 8.31667 10.16050
C 212.99100 11.31890 10.14980
C 215.06200 8.90746 10.25520
H 210.34900 7.23100 11.85510
H 211.47600 10.22020 11.72760
H 212.63800 13.20190 11.64020
H 213.53300 7.80997 11.76650
H 214.74900 10.76580 11.82470
C 222.70600 13.07950 9.99014
C 216.13100 11.94430 10.16700
C 220.43500 7.16531 10.16270
C 218.27500 9.55862 10.17660
C 221.58300 10.08880 10.05150
C 219.33300 12.53010 10.05720
H 220.13300 9.01677 11.77690
H 217.95000 11.39290 11.74430
H 216.87600 8.37997 11.89390
C 202.08200 14.96140 10.05300
C 198.77700 14.38950 10.12950
C 199.93900 17.31480 9.96784
C 197.71400 19.85560 10.00120
C 196.69900 16.85630 10.00480
H 201.75300 16.88190 11.64460
H 196.27300 18.64300 11.62170
H 198.48200 16.31650 11.61250
H 199.58000 19.21590 11.52870
C 201.08900 20.33760 9.87853
H 200.58900 13.93830 11.73280
C 203.20300 17.91270 9.91136
C 205.29500 15.52840 10.02110
C 208.64300 16.21420 9.98067
C 206.42100 18.59620 9.95103
H 202.88500 19.80250 11.52770
H 203.88300 14.42820 11.70840
H 204.94900 17.43180 11.56970
H 207.14000 15.09900 11.62060
H 208.20100 18.04720 11.61020
H 206.06700 20.42230 11.55530
C 210.86900 13.75810 10.04870
C 209.71700 19.22950 9.99535
C 211.87200 16.71410 9.94207
C 214.16400 14.32600 10.08760
C 215.24900 17.28910 9.92489
C 212.98100 19.79010 9.88990
H 215.82800 13.77800 11.81750
H 210.40800 15.63400 11.65010
H 211.54000 18.58790 11.51700
H 213.69100 16.26100 11.56230
H 214.75200 19.15870 11.47620
C 220.46400 15.49830 9.96929
C 217.19200 14.91540 10.11710
C 218.27800 17.90710 9.97477
C 221.67000 18.57370 9.98275
C 216.23700 20.38030 9.91861
C 202.21900 23.50460 9.96415
C 196.75300 25.13750 10.04260
C 199.91400 25.82340 9.98286
C 198.79800 22.73040 9.96579
H 197.36600 21.63550 11.61710
H 196.17200 26.99210 11.55720
H 198.55700 24.59090 11.64930
H 201.76400 25.26360 11.59120
H 200.70900 22.18720 11.49420
C 203.26600 26.47510 9.91526
C 204.29000 21.06470 9.95555
C 207.55000 21.57920 9.93988
C 205.45700 24.02350 9.97540
C 208.66500 24.57820 9.91486
C 206.45900 27.03480 9.92615
H 203.98300 22.89320 11.61550
H 205.00900 25.85950 11.60640
H 207.23100 23.37410 11.55830
H 209.33300 21.03550 11.54940
H 208.23700 26.39740 11.50840
C 210.81700 22.13450 9.87894
C 214.07500 22.89160 9.94460
C 211.96600 25.08940 9.97685
C 215.08000 25.77310 10.04890
H 212.60500 21.61120 11.50000
H 210.44700 23.96010 11.50000
C 222.73000 21.59240 10.05260
C 221.77000 26.89830 10.10510
C 220.65500 23.93150 10.05620
C 219.59900 20.93970 9.97869
C 218.31900 26.36680 9.97876
C 217.39200 23.36440 10.00950
C 196.77500 33.45720 10.01240
C 202.02100 31.70790 9.99024
C 200.96600 28.78500 10.03720
C 197.66800 28.18750 10.01530
C 198.80900 31.15710 10.10160
H 198.45400 33.02160 11.72920
H 197.34600 29.97110 11.69590
H 200.60000 30.60830 11.64060
H 199.46000 27.62600 11.61810
H 201.70200 33.57490 11.56780
C 204.41700 29.35520 9.90992
C 208.77400 32.98390 9.88363
C 205.31700 32.35470 9.86083
C 207.59400 29.94270 9.87737
H 202.84500 28.30180 11.52710
H 206.17600 28.83930 11.59870
H 203.87400 31.16770 11.53340
C 213.07800 28.13940 10.02290
C 209.73200 27.52480 9.89568
C 211.99500 33.61820 9.97548
C 210.91900 30.56970 10.01520
C 214.12800 31.04530 10.11380
C 222.76500 29.94020 10.12890
C 216.18200 28.72770 10.08820
C 219.45600 29.35950 10.08370
C 217.22200 31.68920 10.11380
C 220.57900 32.28640 10.06660
C 201.06900 3.59131 13.51950
C 202.16200 6.85341 13.26700
C 198.81500 6.09952 13.49690
C 199.96500 0.60004 13.51650
C 197.76300 3.00415 13.57750
C 203.14500 1.16284 13.36150
C 206.30700 1.98753 13.35730
C 204.26000 4.28152 13.33250
C 207.51500 4.97643 13.28950
C 209.62500 2.46152 13.33160
C 212.89200 2.93225 13.34640
C 210.61900 5.42254 13.46310
C 213.87000 6.01291 13.45400
C 215.04200 0.47479 13.21780
C 216.20700 3.41507 13.35820
C 218.42200 1.10423 13.17840
C 221.67700 1.62100 13.19540
C 219.45500 4.02860 13.32040
C 217.27300 6.57113 13.51750
C 222.66500 4.76197 13.26440
C 200.96600 12.14010 13.37790
C 199.92800 9.05436 13.34940
C 196.74800 8.49615 13.35740
C 197.71700 11.24990 13.38010
C 205.31900 7.18856 13.25300
C 203.23600 9.60635 13.32620
C 208.49100 7.81683 13.36640
C 206.41100 10.19830 13.31370
C 204.26000 12.65450 13.43210
C 207.62200 13.33250 13.27930
C 209.72500 10.89920 13.33280
C 211.81200 8.45845 13.41190
C 212.93000 11.46020 13.30810
C 215.01100 8.92254 13.41820
C 216.13600 11.94520 13.41490
C 220.58000 7.18379 13.33040
C 218.36300 9.58689 13.43300
C 221.58700 10.18610 13.32630
C 222.64200 13.20740 13.22100
C 219.49800 12.56800 13.28160
H 221.21700 11.97560 11.60740
C 202.12600 15.11320 13.32790
C 196.67900 16.82230 13.21860
C 199.95200 17.49930 13.22420
C 197.75200 19.70660 13.16250
C 198.76900 14.55840 13.31560
C 201.11000 20.34780 13.13740
C 203.21200 18.04400 13.25020
C 205.44500 15.63400 13.22460
C 208.61500 16.26770 13.26460
C 206.38500 18.61930 13.17260
C 210.84100 13.81580 13.23830
C 209.81100 19.21620 13.12960
C 211.91200 16.81840 13.21420
C 213.98800 14.47380 13.26660
C 215.13300 17.43580 13.23830
C 212.98200 19.78990 13.11370
C 216.19900 20.36070 13.13190
C 220.64000 15.61680 13.20300
C 217.27400 15.01340 13.35130
C 218.43100 17.99250 13.17460
C 221.67000 18.46500 13.18100
H 221.30700 20.36820 11.64830
H 218.04700 19.79010 11.52590
H 219.04100 14.41500 11.69100
H 220.15800 17.37230 11.52310
H 222.36900 15.01890 11.52980
H 216.89100 16.78060 11.69960
C 196.74900 25.23070 13.20930
C 202.12600 23.42730 13.19620
C 198.95700 22.68330 13.19370
C 200.01000 25.84890 13.27230
C 203.25200 26.47820 13.20570
C 204.25300 21.02090 13.18290
C 205.53200 24.03180 13.22980
C 207.56700 21.50890 13.18130
C 208.72800 24.56370 13.12670
C 206.51200 27.04440 13.21040
C 215.14400 25.75040 13.24060
C 211.81000 25.17390 13.18030
C 210.81200 22.11540 13.15890
C 214.04300 22.70010 13.17800
H 211.54600 26.97730 11.54310
H 215.80600 22.20370 11.53780
H 213.65800 24.58380 11.67160
C 219.49500 20.89650 13.22170
C 218.35400 26.25080 13.26980
C 220.47800 24.01880 13.27190
C 221.61100 26.83190 13.27030
C 222.72400 21.42050 13.33690
C 217.27900 23.30260 13.19840
H 216.92300 25.16820 11.62210
H 220.12500 25.79960 11.54740
H 219.12500 22.73060 11.63320
H 222.35800 23.31820 11.79660
C 198.85100 31.17090 13.23910
C 197.63300 28.07940 13.22680
C 202.06600 31.67760 13.16890
C 200.93000 28.69530 13.19030
C 196.58700 33.59280 13.17800
H 207.19600 31.85060 11.34820
C 208.64300 32.95020 13.08370
C 204.33700 29.36420 13.21160
C 205.45800 32.33690 13.06100
C 207.60800 30.09780 13.13070
H 209.36100 29.39280 11.54740
H 213.67000 32.89900 11.68820
C 209.75100 27.50350 13.16260
C 214.05100 31.14610 13.36740
C 211.89100 33.54120 13.26790
C 210.79600 30.56780 13.21500
C 213.04400 28.02820 13.22260
H 210.50600 32.40890 11.56160
H 215.84300 30.54540 11.79890
H 212.63500 29.92770 11.72020
H 214.81200 27.56190 11.63630
H 217.01600 33.50800 11.80960
C 216.22000 28.67900 13.32730
H 219.05700 31.16030 11.64250
H 221.27200 28.76760 11.69560
H 222.35000 31.78050 11.70640
C 219.47000 29.35530 13.27490
C 222.70500 29.98470 13.36650
C 220.49700 32.24990 13.24000
C 217.37100 31.71270 13.39200
H 217.98700 28.14800 11.70300
C 200.92200 37.08950 10.08880
C 202.06100 40.11810 10.03390
C 197.83900 36.47780 9.97965
C 198.85000 39.54510 9.96270
C 199.83900 34.23540 10.09410
H 196.21500 35.35140 11.44780
H 197.28900 38.35540 11.45870
H 199.44500 35.98190 11.78710
C 203.18000 34.73930 9.93976
C 206.55700 35.31850 9.90059
C 204.12400 37.69450 10.03800
C 207.45800 38.39100 9.92833
C 209.82900 35.99150 9.95436
C 213.04500 36.42400 10.00880
C 210.89800 38.84900 9.94202
C 214.10600 39.51070 9.96480
C 215.21600 34.04540 10.15000
C 216.30000 37.08530 10.03010
C 222.66300 38.22020 10.05040
C 218.34000 34.70200 10.08870
C 221.52400 35.34750 10.05770
C 219.41200 37.73260 10.11740
C 217.38200 39.98940 10.01960
C 196.68800 41.92700 9.93276
C 199.92000 42.55020 10.08670
C 197.84600 44.99430 10.06030
C 201.05100 45.49780 10.08690
H 198.42100 41.32250 11.63590
H 197.39300 46.73330 11.73330
H 196.30600 43.76500 11.53810
C 205.31200 40.59350 9.97095
C 203.17900 43.07300 10.04330
C 208.58400 41.28800 9.91928
C 206.38300 43.64520 9.96319
C 207.59400 46.60140 9.92908
C 204.33300 46.07610 10.01060
C 209.76100 44.22380 9.92328
C 211.88000 41.90200 9.93506
C 212.97400 44.80190 9.89620
C 215.21500 42.47620 9.93468
C 216.13300 45.52090 9.85621
C 220.52500 40.68950 10.05840
C 218.33200 43.11440 9.90368
C 221.57100 43.70080 9.83254
C 219.39700 46.10080 9.84545
C 222.61300 46.62730 9.67342
C 196.67100 50.24340 9.98735
C 202.08000 48.41400 9.95529
C 198.88800 47.86550 10.04500
C 199.93300 50.72740 9.88476
C 197.75600 53.24040 9.72009
C 201.02300 53.82260 9.79324
H 196.32800 52.17550 11.46320
H 199.50300 52.66380 11.36040
H 198.49200 49.70990 11.60140
C 203.25400 51.33560 9.89276
C 205.36000 49.00910 9.89517
C 208.60300 49.77110 9.84407
C 206.47700 52.04380 9.91960
C 210.74300 47.32180 9.84290
C 209.70600 52.84500 9.97355
C 211.76400 50.39010 9.83906
C 214.03200 47.88070 9.79109
C 215.11000 50.87850 9.78380
C 212.88900 53.25880 9.83348
C 216.12500 53.84560 9.77745
C 221.54300 52.11050 9.70824
C 220.50400 49.23640 9.67508
C 217.23600 48.46580 9.74844
C 218.35300 51.58010 9.74022
C 196.68600 58.65250 9.60816
C 198.88200 56.27610 9.64339
C 202.12200 56.84630 9.76725
C 199.95500 59.22430 9.76236
H 200.54900 55.74630 11.32900
H 197.36900 55.14810 11.24100
H 198.39200 58.11310 11.34280
H 196.25900 60.51810 11.05930
H 201.72800 58.65140 11.45550
C 207.62800 55.05220 9.95218
C 205.35100 57.43130 9.79811
C 208.49500 58.17310 9.87265
C 204.26500 54.36960 9.88153
C 203.10500 59.72430 9.72397
C 206.33000 60.44640 9.71015
H 204.92400 59.28150 11.35040
H 208.16400 60.02910 11.35450
H 203.85300 56.24650 11.45460
H 207.10600 56.94460 11.51400
C 213.88700 56.17170 9.73479
C 210.66800 55.60470 9.85118
C 211.77900 58.67340 9.66425
C 215.06800 59.13780 9.49195
H 213.60500 58.13400 11.18630
H 211.39300 60.56780 11.19970
H 210.33600 57.53950 11.37860
C 219.29700 54.51210 9.70171
C 217.12300 56.76830 9.66338
C 222.69100 55.09190 9.62931
C 220.46200 57.44910 9.60174
C 218.21400 59.80270 9.53446
C 221.58000 60.40220 9.34617
H 220.13900 59.34910 11.08430
H 222.34100 56.96710 11.18810
H 216.79100 58.68240 11.24920
C 196.73500 66.96390 9.66319
C 198.72200 64.61960 9.67751
C 202.08100 65.16520 9.47662
C 201.00000 62.29750 9.57414
C 197.80000 61.81380 9.62533
H 198.48400 66.44170 11.33450
H 197.23600 63.51800 11.35220
H 201.76500 67.10870 11.01580
H 200.61100 64.03640 11.24270
H 199.53700 61.11070 11.25830
C 204.25400 62.83460 9.60608
C 207.47500 63.42480 9.68668
C 205.38700 65.88240 9.56657
C 208.54400 66.34680 9.48762
H 207.09800 65.29920 11.19790
H 209.29900 62.98400 11.28790
H 205.96200 62.31050 11.32610
H 203.85200 64.71800 11.15690
H 202.76400 61.68300 11.18000
C 213.99600 64.61590 9.40009
C 212.83100 61.56880 9.44898
C 210.63100 64.10270 9.49586
C 209.53800 61.17860 9.64985
C 211.86800 67.00320 9.46161
H 213.71100 66.47240 11.01290
H 215.89600 64.11340 10.97720
H 214.69100 61.10350 10.95330
H 210.39100 65.91850 11.13870
H 212.49700 63.47950 11.03840
C 216.16200 62.20420 9.34898
H 218.00100 61.74330 10.98540
H 221.20400 62.29690 10.81190
C 222.69300 63.44890 9.23525
H 216.86500 67.10190 11.00940
H 222.36800 65.30320 10.87620
H 219.10000 64.73720 10.92910
C 220.56400 65.81050 9.27497
C 219.41500 62.89430 9.30260
C 217.28700 65.34620 9.34952
C 201.03600 37.12150 13.20700
C 202.11300 40.09450 13.27160
C 197.51600 36.57570 13.17000
C 198.65100 39.48280 13.20290
C 199.98300 34.20060 13.29930
H 200.60900 39.00880 11.65820
C 203.17800 34.72380 13.16240
C 206.54300 35.30450 13.10550
C 204.31900 37.72110 13.16190
C 207.45400 38.31280 13.10680
H 208.35900 34.80100 11.53740
H 206.05700 37.10580 11.48220
H 204.97200 34.17780 11.51370
H 207.12800 40.16600 11.55970
H 203.85100 39.56180 11.67000
H 202.80100 36.54660 11.55430
H 209.30700 37.78810 11.56610
C 209.74200 35.97440 13.19870
C 215.09800 34.14590 13.25130
C 213.08300 36.48030 13.23580
C 210.85400 38.84890 13.15930
C 214.08400 39.56150 13.26030
H 215.87000 38.92690 11.63710
H 214.81400 35.93660 11.59450
H 211.54900 35.39320 11.65270
H 212.68200 38.32910 11.59010
C 216.25100 37.10180 13.23770
C 222.65600 38.48510 13.22160
C 218.53500 34.72010 13.36140
C 221.66500 35.27300 13.28410
C 219.41200 37.68290 13.35040
C 217.26600 40.12980 13.30010
H 219.09900 39.54060 11.78500
H 218.04700 36.49610 11.70020
H 221.20700 37.16930 11.72860
H 220.19900 34.11290 11.65490
H 222.32500 40.21450 11.48100
C 196.58700 41.87920 13.15530
C 199.91400 42.43420 13.30470
C 197.76000 44.83260 13.27990
C 201.03200 45.48200 13.31330
H 199.55400 44.30250 11.74390
H 201.71300 41.93910 11.68430
C 205.37300 40.73020 13.26700
H 202.87500 44.92740 11.67060
C 203.28100 43.06120 13.22250
C 208.60500 41.23970 13.15270
C 206.44700 43.69480 13.17610
C 204.34900 46.16320 13.24210
C 207.67000 46.71160 13.11800
H 208.25200 43.14930 11.56390
H 205.03600 42.46010 11.56860
H 209.41900 46.10370 11.52060
H 206.11600 45.52450 11.56010
C 209.69200 44.25230 13.22230
C 211.84100 41.77470 13.22690
C 213.01700 44.95730 13.16350
C 215.18600 42.56920 13.14360
H 214.79000 44.34990 11.51290
H 212.58500 46.69460 11.42630
H 213.67400 41.33800 11.55000
H 211.52900 43.70080 11.65600
H 210.41000 40.66290 11.52350
C 216.19300 45.61950 13.13940
C 220.62100 40.80980 13.14750
C 218.35700 43.13140 13.17510
C 221.70900 43.78320 13.06350
C 222.70000 46.83050 12.92140
C 219.41900 46.25740 13.00190
H 221.22100 45.56840 11.44700
H 220.07900 42.63940 11.52670
H 217.94000 44.96900 11.52930
H 216.93400 41.86360 11.57220
H 200.67000 47.36330 11.67250
C 198.88600 47.97090 13.28100
C 202.15000 48.60040 13.25640
C 196.78400 50.42990 13.24650
C 200.01000 50.95370 13.09770
C 197.82100 53.43800 12.98890
H 201.75100 50.27260 11.47380
C 200.86300 53.90190 12.97220
C 203.23500 51.34220 13.09310
C 205.46200 49.09910 13.13750
C 208.62700 49.68290 13.13880
C 206.47500 52.10610 13.11110
H 207.20400 48.48970 11.45910
H 202.78300 53.22440 11.54010
H 205.00200 50.85680 11.47650
H 203.86700 47.95600 11.59550
H 206.09300 53.90230 11.50760
H 208.29500 51.56300 11.54410
H 215.75500 47.37050 11.46490
C 210.86900 47.35200 13.09330
C 209.72000 52.75380 13.20240
C 211.86300 50.25190 13.04910
C 213.96300 47.96880 13.06990
C 215.13100 50.85820 12.89660
C 212.92800 53.33640 13.09840
H 210.34400 49.13490 11.45390
H 214.69200 52.69790 11.40300
H 213.57800 49.70060 11.34330
H 211.47200 52.15030 11.56340
C 220.53700 49.12480 12.87910
C 217.30500 48.56260 12.94250
C 218.32500 51.50270 12.99770
C 221.57400 52.26120 13.00800
H 219.06500 48.02150 11.30820
H 220.15600 51.03350 11.40260
H 222.32600 48.57920 11.17580
H 217.88600 53.34710 11.40390
H 216.95400 50.34830 11.30820
C 216.11600 53.92640 13.00650
H 221.15700 53.97980 11.25110
C 202.02100 56.74940 13.03930
C 198.75500 56.28630 12.94870
C 199.85100 59.28200 12.90590
C 196.51400 58.82270 12.82650
C 208.61900 58.20830 13.01990
C 207.45600 55.10790 13.18320
C 204.21700 54.37040 13.08690
C 203.17500 59.97010 12.96040
C 205.25300 57.52510 13.07220
C 206.36000 60.48100 12.97170
H 209.33400 54.60870 11.66660
C 211.85400 58.81040 12.84560
C 215.05200 59.42430 12.75430
C 213.89800 56.42070 12.93320
C 210.82600 55.87310 13.14210
H 215.68700 55.72440 11.35420
H 212.47700 55.11270 11.42420
C 222.61900 55.19890 12.87950
C 221.52700 60.62750 12.64170
C 218.31900 59.91560 12.64380
C 220.50900 57.57730 12.77280
C 217.25100 56.88350 12.90510
C 219.41700 54.57790 12.89820
H 218.97100 56.36160 11.26120
C 201.04300 62.23740 12.88740
C 196.70800 67.15470 12.89270
C 197.65700 61.60550 12.81570
C 198.85500 64.62930 12.90440
C 202.04400 65.38040 12.76780
C 205.31400 65.95560 12.74400
C 207.48100 63.62170 12.84270
C 208.61400 66.54600 12.70420
C 204.18800 62.94420 12.85090
C 214.08600 64.62400 12.60810
C 210.85100 64.15740 12.78240
C 209.71500 61.19150 12.89820
C 212.03500 67.08210 12.68630
C 212.96500 61.70910 12.67400
C 217.35700 65.29990 12.57960
C 222.69200 63.43470 12.42900
C 216.18300 62.27380 12.58420
C 220.62800 65.87760 12.52200
C 219.54900 62.88560 12.52240
C 200.90900 70.58140 9.41807
C 202.12400 73.65490 9.31451
C 197.78300 70.06300 9.44711
C 198.79000 73.13790 9.42598
C 199.80800 67.53710 9.56431
H 197.37300 71.85910 11.06010
H 196.35000 68.88230 11.11010
H 200.68300 72.49240 10.90320
H 199.50700 69.44840 11.13670
C 203.28000 68.19530 9.35570
C 206.48200 68.82440 9.38666
C 204.34000 71.22780 9.34037
C 207.56400 71.93400 9.37308
H 208.23000 68.27510 11.01080
H 205.03300 67.75920 11.07650
H 206.11400 70.68750 10.94430
H 207.12000 73.66950 11.02070
H 203.91800 73.02750 10.95120
H 209.29500 71.29870 10.98400
H 202.82500 70.07080 10.93530
C 215.12800 67.71100 9.35226
C 209.68800 69.44550 9.40731
C 212.99200 70.09110 9.37861
C 210.73600 72.46520 9.36717
C 214.14400 73.15180 9.43621
H 214.78100 69.47720 11.02790
H 211.52700 68.91840 11.04590
H 215.90000 72.43090 11.05580
H 212.59000 71.94670 10.97020
C 216.15900 70.70100 9.36630
C 218.34000 68.24220 9.39907
C 221.65200 68.98470 9.24112
C 219.43000 71.29700 9.41557
C 217.31500 73.67850 9.50655
C 222.76900 72.01770 9.30112
H 219.10300 73.07810 11.07070
H 222.33900 73.81330 10.97110
H 217.97000 70.07210 11.01710
H 220.26100 67.68290 10.83480
H 221.29100 70.74270 10.88660
C 196.67100 75.58030 9.53703
C 201.10300 78.99510 9.57943
C 199.95700 76.09490 9.48966
C 197.81200 78.44880 9.66722
H 199.65200 77.87260 11.23450
H 201.82100 75.47100 11.00900
H 197.49700 80.24200 11.30100
H 198.48200 74.87540 11.04020
H 196.34700 77.25240 11.29970
H 202.85000 78.47350 11.22440
C 205.30400 74.35450 9.41077
C 203.26300 76.70160 9.50561
C 208.65800 74.89880 9.42747
C 206.50400 77.38290 9.57727
C 204.38500 79.65950 9.69035
C 207.69900 80.30690 9.71967
H 206.14700 79.09780 11.31790
H 209.39600 79.62220 11.36010
H 208.28000 76.68130 11.07850
H 205.01600 76.08850 11.09120
C 209.78400 77.95070 9.62029
C 211.90800 75.60500 9.54558
C 212.88900 78.56090 9.66244
C 215.18800 76.12760 9.61326
H 212.50400 80.28120 11.37970
H 211.50300 77.32140 11.25020
H 213.69900 74.92030 11.15500
H 214.67200 77.90700 11.23900
H 210.41800 74.27680 10.95710
C 220.47100 74.33550 9.43036
C 216.14600 79.11240 9.66588
C 222.67800 80.35460 9.58700
C 218.30200 76.61760 9.54121
C 221.52900 77.38920 9.49759
C 219.40200 79.65220 9.55957
H 221.22700 79.14060 11.23560
H 218.01800 78.49230 11.18550
H 216.95700 75.46590 11.21980
H 220.14600 76.14130 11.11930
H 200.69800 80.87800 11.17600
C 202.24700 82.15270 9.71922
C 198.81700 81.49040 9.64139
C 196.65200 83.80110 9.72469
C 199.93900 84.45870 9.69373
C 197.75800 86.95620 9.67591
C 201.02300 87.61500 9.84823
H 201.65600 83.90170 11.35620
H 196.21600 85.73330 11.24230
H 198.49700 83.30510 11.32230
H 199.51600 86.29440 11.30800
C 203.06100 85.07340 9.82489
C 205.40800 82.67540 9.72376
C 208.58500 83.41030 9.76532
C 206.32400 85.75910 9.79720
H 203.91800 81.46210 11.33750
H 207.18700 82.01490 11.39620
H 202.70200 86.85400 11.51840
H 204.91900 84.46350 11.38790
H 205.89400 87.45920 11.47980
H 208.15700 85.17670 11.44690
C 210.75000 80.84980 9.73672
H 215.74200 80.84800 11.35170
C 209.69300 86.21920 9.79639
C 211.84700 83.93990 9.79888
C 213.92700 81.44350 9.78415
C 215.01900 84.41780 9.79109
C 212.99200 86.83540 9.84225
H 214.70600 86.14060 11.47740
H 211.48600 85.71440 11.44080
H 210.37500 82.72410 11.30460
H 213.56100 83.25950 11.42850
C 220.57900 82.74840 9.51038
C 217.18200 82.03390 9.69431
C 218.26400 84.99290 9.66610
C 221.73000 85.57000 9.63583
H 216.87100 83.83570 11.33620
H 219.10000 81.57120 11.13330
H 222.30500 82.19560 11.23670
H 220.10500 84.51970 11.21310
H 217.92900 86.82370 11.32620
H 221.32500 87.45420 11.22430
C 216.06400 87.33430 9.81949
C 202.08700 90.51320 9.89365
C 198.85000 90.02710 9.87973
C 199.85800 92.90130 9.88700
C 196.66600 92.20420 9.94088
H 201.70700 92.38740 11.44960
H 198.46000 91.75400 11.64720
H 196.20000 94.05430 11.55480
H 200.55400 89.38030 11.50870
H 197.28900 88.74340 11.33920
C 203.20400 93.64550 9.93642
C 204.12500 88.02480 9.85944
C 207.33600 88.63030 9.87010
C 205.18600 91.11750 9.88008
C 208.52500 91.84590 9.86818
C 206.36600 94.21790 10.00430
H 207.06500 90.53730 11.38940
H 204.92500 92.92140 11.56050
H 203.84800 89.79530 11.51370
H 208.09400 93.50300 11.66120
H 209.24300 88.10840 11.31140
C 210.72700 89.40550 9.74561
C 215.04500 92.72890 9.80552
C 211.70200 92.31950 9.82000
C 214.01600 89.72220 9.75408
H 215.71000 89.15250 11.47610
H 210.28700 91.09360 11.45910
H 212.44600 88.66920 11.36330
H 213.56800 91.63870 11.25780
H 211.45000 94.08550 11.53080
C 222.84500 88.75750 9.71347
C 219.43500 88.00340 9.69727
C 217.19300 90.30200 9.80797
C 220.52900 91.13110 9.75799
C 221.61700 94.12470 9.87930
C 218.32500 93.40560 9.89497
H 220.19100 92.92910 11.47680
H 222.38400 90.51190 11.34740
H 219.08500 89.85650 11.33810
H 216.84700 92.15340 11.48830
C 202.11900 98.73550 10.06970
C 201.00000 95.91120 10.07430
C 198.82500 98.16730 9.98452
C 197.71700 95.19920 9.94838
C 196.66400 100.55900 9.75917
H 197.23700 97.05300 11.49790
H 199.50800 94.75530 11.57420
C 207.46600 97.16550 10.07750
C 208.56800 100.02700 10.11360
C 205.37600 99.49340 10.09620
C 204.22500 96.54130 10.12300
H 202.80700 95.33740 11.67440
C 211.75100 100.64600 10.03100
C 212.81500 95.31180 9.90229
C 209.60600 94.66660 10.02050
C 213.98200 98.24070 10.00760
C 210.70900 97.70430 10.11220
H 215.76000 97.65400 11.64830
H 214.66300 94.63500 11.39420
H 212.55700 97.09280 11.68510
C 222.66600 97.11640 10.06640
H 219.01300 98.18640 11.78910
H 222.30900 98.87010 11.72300
H 221.26300 95.86370 11.65830
C 216.17900 95.88010 9.87097
C 220.46600 99.39600 10.11750
C 219.44800 96.45750 10.09290
C 217.29600 98.84090 10.08700
H 216.91300 100.58100 11.78030
H 217.88900 95.19050 11.56180
C 201.04700 70.68600 12.57530
C 202.07500 73.61490 12.58570
C 197.76600 70.02730 12.74030
C 198.96900 73.03330 12.57500
C 200.09200 67.65270 12.76380
C 203.26800 68.29220 12.59790
C 206.49100 68.92410 12.62330
C 204.33000 71.21110 12.54660
C 207.51600 71.89360 12.61360
C 209.58300 69.44940 12.61950
C 215.21600 67.65720 12.66220
C 212.92500 70.05690 12.62810
C 210.78700 72.47210 12.56780
C 214.08700 73.00430 12.64610
C 216.24900 70.57670 12.71430
C 218.49100 68.15310 12.50420
C 221.73600 68.84220 12.43580
C 219.57900 71.17850 12.57220
C 217.41300 73.56730 12.75360
C 222.79000 71.88340 12.48520
C 201.04900 79.09820 12.84040
C 196.75800 75.35520 12.75630
C 200.04200 75.96090 12.64880
C 197.91600 78.40070 12.88530
C 205.33900 74.19300 12.63030
C 203.28300 76.57770 12.71010
C 208.70500 74.76420 12.60540
C 206.52500 77.11330 12.75320
C 204.28100 79.56450 12.92520
C 207.66100 80.13900 12.98870
C 209.66400 77.78660 12.84000
C 211.84800 75.36830 12.71340
C 212.89100 78.45170 12.88890
C 215.18300 76.00390 12.79360
C 216.20200 78.96460 12.88420
C 220.54700 74.25050 12.69910
C 218.39300 76.63820 12.82800
C 221.75600 77.19340 12.68460
C 222.68600 80.31060 12.81620
C 219.42400 79.73960 12.83530
C 196.67000 83.93970 12.93170
C 202.10200 82.06260 12.88130
C 198.96900 81.45560 12.89070
C 199.92300 84.52880 12.97440
C 197.73000 86.88030 12.89200
C 200.86700 87.57940 13.05640
C 203.09600 84.96950 13.03460
C 205.35200 82.56660 12.98750
C 208.59200 83.28530 12.96940
C 206.30400 85.67780 13.08010
C 210.76200 80.91240 12.93500
C 209.67900 86.29250 13.00160
C 211.79600 83.89100 13.00000
C 213.95300 81.37830 12.95100
C 215.09200 84.29820 13.01720
C 212.97200 86.90970 13.03330
C 216.20200 87.26100 13.05750
C 220.47400 82.64480 12.84870
C 217.34700 81.98810 12.84730
C 218.37800 85.03010 12.92200
C 221.56400 85.58920 12.84490
C 200.03900 92.90080 13.19180
C 202.07300 90.51840 13.05000
C 198.71500 89.79920 13.11970
C 196.57400 92.19260 13.15480
C 206.33700 94.09680 13.31940
C 208.51300 91.56300 13.13290
C 205.32000 91.05220 13.11130
C 207.43900 88.64020 12.97530
C 203.14100 93.50910 13.20290
C 204.16000 87.95710 13.16920
C 213.86300 89.88360 12.97700
C 211.84500 92.12060 13.00810
C 214.95600 92.74980 12.97810
C 210.67600 89.20880 13.00840
C 222.67000 88.63820 12.97650
C 217.27500 90.24870 13.08230
C 221.69300 93.95140 13.18290
C 219.52900 88.03280 12.91510
C 218.30800 93.31160 13.14710
C 220.57600 91.01410 13.02370
C 196.45700 100.70500 13.03450
C 197.66600 95.23030 13.15110
C 198.63300 98.24750 13.20790
C 202.11300 98.79460 13.33340
C 201.02500 95.81490 13.29250
H 200.56300 97.70600 11.71970
H 198.34700 100.04000 11.55390
H 201.70600 100.61600 11.63370
H 209.19300 96.46620 11.62860
H 207.08800 98.95450 11.75120
H 203.89700 98.34010 11.72660
C 204.24300 96.50020 13.34660
C 205.32000 99.48530 13.34380
C 208.59300 100.03200 13.37900
C 207.45100 97.10110 13.30490
H 206.04500 95.95210 11.70010
H 213.57400 100.05900 11.62670
H 210.32600 99.49310 11.72450
C 212.97800 95.19050 13.16470
C 214.00300 98.26320 13.30500
C 211.79400 100.63100 13.31890
C 209.71800 94.56380 13.19830
C 210.72800 97.59790 13.22690
C 220.50700 99.46000 13.35290
C 216.05400 95.66730 13.14000
C 217.14500 98.69850 13.41300
C 219.38700 96.27340 13.27570
C 222.71400 96.98310 13.30420
C 201.11200 104.29900 9.89520
C 202.04000 107.28200 9.88194
C 197.81600 103.66200 9.80569
C 198.86500 106.66800 9.88522
C 199.95300 101.19600 10.02250
C 203.24300 101.77900 10.04490
C 206.47100 102.36300 10.12360
C 204.30300 104.84100 9.95513
C 207.56000 105.34000 9.88351
C 209.71600 102.91400 9.99981
C 212.86100 103.63400 10.04870
C 210.71600 105.86500 9.95817
C 214.11000 106.62500 10.01390
C 215.17400 101.19000 10.07760
C 222.66300 105.47400 10.02880
C 216.26500 104.29100 10.06820
C 218.45000 101.82900 10.12710
C 221.59500 102.47400 10.07210
C 219.51800 104.73100 10.00920
C 217.31000 107.20300 9.96744
H 219.14100 106.64800 11.51790
H 221.28600 104.27000 11.75660
H 222.37600 107.36900 11.61130
H 220.21000 101.26300 11.70630
H 218.05400 103.67900 11.72180
C 199.92100 109.68800 10.01550
C 197.63400 112.00000 10.00940
C 200.96000 112.61400 9.93464
C 196.70200 109.08900 9.92915
C 205.31000 107.88000 9.91586
C 203.13000 110.32900 9.90200
C 208.63300 108.41000 9.87958
C 206.37500 110.92300 9.86800
C 207.52300 113.80200 9.79994
C 204.24900 113.15700 9.91689
C 209.66600 111.45300 9.78826
C 211.83700 108.99600 9.83685
C 212.95500 112.03800 9.88883
C 215.00200 109.61400 9.98021
C 222.58500 113.68400 9.85529
C 216.19600 112.51800 9.83928
C 220.59900 107.94600 9.96804
C 218.36900 110.17100 9.98898
C 221.56700 110.76100 10.11390
C 219.50200 113.17600 9.84835
H 220.04400 109.61400 11.72900
H 221.17300 112.61200 11.53800
H 217.96000 112.06500 11.46930
C 196.60200 117.35100 9.84916
C 202.09200 115.65000 9.96479
C 198.82700 114.92600 9.87779
C 200.00600 118.10800 9.89093
C 197.65500 120.37400 9.85221
C 200.94300 121.00600 9.91933
C 203.04100 118.63300 9.81844
C 205.35100 116.15500 9.80889
C 208.55500 116.71800 9.62889
C 206.39300 119.19000 9.62021
C 210.86600 114.42200 9.66749
C 209.78000 119.84000 9.74447
C 211.90200 117.47600 9.72016
C 214.08900 114.95500 9.79402
C 215.07200 118.05700 9.73049
C 212.93800 120.51700 9.81014
C 220.60700 116.26200 9.73979
C 217.36400 115.65700 9.79927
C 218.47300 118.64800 9.74477
C 221.54200 119.29500 9.78040
H 222.30100 115.54000 11.41960
H 219.14400 115.10300 11.39310
H 216.88300 117.52700 11.33830
H 220.11100 118.05100 11.37370
C 216.17400 121.01100 9.86206
H 218.03500 120.50800 11.36440
H 221.22000 121.09100 11.43350
C 201.93700 123.88200 9.99747
C 198.80200 123.40700 9.96138
C 199.84300 126.43800 10.02480
C 196.54800 125.84700 10.04040
C 206.37000 127.63500 10.03120
C 208.64400 125.23600 9.99838
C 203.19600 126.97100 10.02390
C 204.16900 121.55100 9.85868
C 207.61800 122.24200 9.83954
C 205.32800 124.55600 9.90805
H 208.20300 127.02400 11.64090
C 215.01100 126.50500 9.80300
C 211.73800 125.85000 9.88678
C 214.06600 123.35400 9.89832
C 210.85800 122.86300 9.88148
H 213.58000 125.28200 11.41260
H 215.81200 122.82900 11.54540
H 211.37100 127.66600 11.50540
C 221.65300 127.70400 9.86592
C 218.21000 127.02500 9.76390
C 217.14100 123.98600 9.82916
C 220.54800 124.67700 9.74028
C 219.48400 121.68500 9.75667
C 222.70300 122.25100 9.79874
H 222.30600 124.02000 11.41960
H 216.82200 125.84400 11.41780
H 220.08800 126.52500 11.33650
H 219.07600 123.52000 11.35170
C 201.97000 132.39800 10.11190
C 200.97100 129.36200 10.13540
C 197.73500 128.82300 10.12360
C 196.68900 134.24300 10.28590
C 198.83500 131.85000 10.27190
H 197.39800 130.60200 11.88970
H 198.51900 133.68000 11.89560
H 201.64000 134.14200 11.80150
H 200.66400 131.15400 11.78320
H 207.07300 132.41100 11.75060
C 205.38500 133.04300 10.07640
C 204.34400 130.00300 10.08950
C 208.48800 133.65900 10.15250
C 207.44400 130.57800 10.16400
H 209.22400 129.99100 11.76800
H 206.03700 129.35900 11.76620
H 202.77800 128.79700 11.63960
H 203.83800 131.81500 11.61900
H 214.63700 128.28300 11.52590
H 213.48800 133.62800 11.60460
H 210.22600 133.02200 11.76820
H 215.70600 131.26400 11.54820
C 209.53700 128.29900 10.04280
C 210.63400 131.19700 10.14980
C 211.58200 134.16400 10.05160
C 212.79700 128.86000 9.91551
C 213.93200 131.82900 9.90087
H 212.51500 130.65700 11.53190
H 222.29300 132.29200 11.29110
C 219.42300 129.94300 9.73714
C 217.15600 132.40900 9.85463
C 216.09500 129.47000 9.88267
H 217.96000 128.87500 11.42260
C 220.60000 133.08100 9.69822
H 216.83900 134.25300 11.50460
H 221.16500 129.50400 11.43470
H 219.09900 131.85400 11.27600
C 222.78300 130.40300 9.78111
C 200.97400 104.24600 13.19200
C 202.12300 107.24100 13.20700
C 197.65400 103.56300 13.00410
C 198.74500 106.61300 13.12760
C 199.77900 101.27600 13.12420
H 200.60600 106.12900 11.55040
H 199.58100 103.16900 11.51000
H 196.25300 102.45600 11.31630
H 197.33600 105.44700 11.44290
C 203.15800 101.80500 13.28950
C 206.44400 102.46500 13.22630
C 204.28000 104.83400 13.23350
C 207.58800 105.52500 13.18370
H 202.79000 103.69800 11.60830
H 206.09700 104.30200 11.61030
H 207.13700 107.26300 11.47410
H 208.24500 101.86600 11.69830
H 203.86100 106.68900 11.53750
H 204.92900 101.29900 11.71840
H 209.24800 104.77700 11.56050
C 209.60500 103.05700 13.32700
C 212.86600 103.68600 13.25900
C 210.62800 106.00100 13.15820
C 214.03300 106.62800 13.17870
C 215.00000 101.23500 13.27650
H 211.41900 102.45500 11.69150
H 212.52200 105.48200 11.58440
H 215.93100 106.11200 11.71180
H 214.72900 103.13100 11.63670
C 216.22400 104.22600 13.35390
C 218.42300 101.76100 13.35870
C 221.68100 102.44100 13.34870
C 219.45000 104.92800 13.32260
C 217.51200 107.32300 13.21750
C 222.94300 105.45400 13.13540
C 199.90600 109.64000 13.14350
C 197.74600 112.07300 13.27140
C 201.00900 112.72600 13.16130
C 196.66100 108.94200 13.24760
H 201.73200 109.06100 11.54340
H 199.50200 111.50600 11.64550
H 196.33500 110.80600 11.71150
H 198.43000 108.44100 11.55150
H 197.31100 113.86600 11.57440
C 205.35300 107.87900 13.13000
C 203.10100 110.32700 13.15210
C 208.65200 108.48800 13.05320
C 206.45100 110.89100 13.12360
C 204.30700 113.27200 13.17570
C 207.68200 113.89700 13.04630
H 202.79500 112.11600 11.54590
H 206.09700 112.69600 11.52830
H 204.91800 109.73700 11.54030
H 208.22600 110.32100 11.45330
H 209.39400 113.31700 11.34750
C 209.66700 111.49500 13.02750
C 211.72700 109.11600 13.09840
C 212.86100 112.08600 13.05190
C 215.00300 109.63200 13.18750
H 210.41600 107.76000 11.47440
H 214.75200 111.47000 11.57800
H 211.43500 110.83900 11.39990
H 213.56300 108.42900 11.55350
H 212.52700 113.89100 11.44790
C 216.19000 112.69000 13.07030
C 220.56600 107.79000 13.24740
C 218.21800 110.34700 13.21850
C 221.58600 110.86500 13.21650
C 219.33300 113.28800 13.05820
H 216.85000 109.07600 11.57160
C 222.70200 113.73300 13.09360
C 202.13000 115.64800 13.09710
C 198.83300 115.09500 13.08770
C 196.63000 117.30500 13.02740
C 199.83400 118.01200 13.06900
C 197.70300 120.38000 13.13310
C 200.92200 120.92400 13.16080
H 199.44900 119.81900 11.49800
H 196.21300 119.17800 11.48470
H 200.60000 114.47100 11.52510
H 201.70700 117.46800 11.56420
H 198.41900 116.83500 11.33500
C 203.27000 118.56900 13.06230
C 205.37800 116.36700 12.96630
C 208.73000 116.85600 12.89750
C 206.49100 119.11100 12.87370
H 202.72600 120.41300 11.50820
H 206.04800 121.03000 11.32800
H 204.91500 118.08200 11.28270
H 203.93300 115.05200 11.49860
H 207.19500 115.63800 11.40040
H 208.21000 118.60000 11.18880
C 210.72000 114.54800 12.99750
C 209.61100 119.72300 12.89120
C 211.82600 117.32700 12.91090
C 214.13300 115.03500 12.99630
C 215.08900 117.99100 13.00850
C 212.92800 120.39400 13.01330
H 210.37200 116.27000 11.21050
H 213.66400 116.83500 11.36800
H 215.87700 114.47600 11.35170
H 211.47900 119.23700 11.39210
H 214.69600 119.83100 11.41280
C 216.26000 120.88500 13.01240
C 220.57300 116.30900 13.02040
C 217.30000 115.74600 12.97360
C 218.33400 118.67500 12.97980
C 221.56800 119.18400 12.98410
C 202.04000 123.88200 13.16630
C 196.52900 125.72300 13.25550
C 198.70600 123.31400 13.22320
C 199.90000 126.29700 13.30700
H 200.48400 122.75700 11.62250
H 201.60500 125.79200 11.52460
H 198.37100 125.20000 11.63400
H 197.25300 122.19200 11.54910
H 196.27400 127.62700 11.71240
C 203.10200 126.88200 13.21060
C 204.33100 121.52200 13.07850
C 208.63900 125.17300 13.20310
C 207.55900 122.08800 13.03450
C 205.36100 124.42200 13.23840
C 206.42700 127.50900 13.33940
H 203.84500 123.39500 11.55410
H 204.99600 126.33000 11.66870
H 207.14300 124.02400 11.53160
H 209.40100 121.64900 11.41910
C 210.75800 122.68300 13.12730
C 215.11800 126.41900 13.04630
C 211.92900 125.90200 13.12030
C 214.00300 123.49900 13.06950
H 210.44200 124.62300 11.62170
H 212.55700 122.26100 11.50150
C 222.67500 122.14500 13.07370
C 217.31700 124.05300 13.08840
C 219.43200 121.68900 13.02230
C 220.51900 124.70500 12.98410
C 218.29200 127.02900 13.04240
C 221.60500 127.64100 13.01610
C 197.62800 128.68300 13.47220
C 202.08900 132.34900 13.35730
C 201.04100 129.26600 13.33940
C 198.92500 131.80800 13.43330
C 196.66400 134.09000 13.47690
H 199.44400 128.20800 11.78020
C 207.47600 130.56100 13.37120
C 204.21500 130.06100 13.29120
C 205.24100 132.98400 13.30560
C 208.51000 133.59500 13.38740
C 211.80700 134.15200 13.31620
C 213.90700 131.79100 13.19330
C 210.80700 131.16000 13.22730
C 209.69400 128.17200 13.29980
C 212.79000 128.85400 13.13710
C 222.75900 130.52400 12.98190
C 216.22000 129.39100 13.13740
C 219.45000 130.11100 13.01330
C 217.43500 132.39000 12.98900
C 220.59200 132.87300 13.01550
C 224.91500 2.50629 9.93116
C 228.18800 3.08552 9.92737
C 225.94600 5.40610 10.04670
C 229.29100 5.95701 10.05530
H 226.69100 1.88385 11.46570
H 227.72400 4.85387 11.65210
H 224.47100 4.23426 11.63510
H 223.43700 1.21618 11.52050
C 231.49500 3.58521 10.07110
C 233.59900 1.28347 10.10040
C 234.68200 4.22894 10.14600
C 232.60100 6.64992 10.10050
C 230.51400 0.69630 9.88916
H 233.20500 3.01794 11.79620
H 234.30000 6.00871 11.82860
H 235.39500 0.69787 11.71650
H 231.07300 5.42976 11.68300
H 229.92600 2.44761 11.52770
C 236.90900 1.86368 10.08420
C 237.97800 4.90580 10.18640
C 240.11600 2.50865 10.10730
C 241.09700 5.44444 10.14060
H 238.71400 1.30348 11.67000
H 239.72100 4.30180 11.82380
H 241.87500 1.89353 11.76100
H 236.46100 3.69328 11.72820
H 237.58800 6.61577 11.91020
C 243.42100 2.93526 10.08740
C 246.62900 3.61225 10.01930
C 244.43300 6.10176 9.93112
C 248.77300 1.15298 10.01240
C 247.63100 6.65958 9.95276
C 245.55300 0.53420 10.11360
H 246.16000 5.50824 11.58540
H 243.02500 4.83182 11.54300
H 245.22300 2.43921 11.71940
H 248.38800 3.02834 11.58530
H 249.33700 6.03135 11.65760
C 223.77200 7.82730 10.07190
C 226.95300 8.45698 10.12240
C 224.88700 10.80260 10.06460
C 228.02100 11.36200 10.12930
H 228.83300 7.84181 11.68570
H 225.54400 7.17808 11.70090
H 223.36100 9.65154 11.70090
H 226.55700 10.23120 11.80480
C 235.78800 7.19438 10.28380
C 230.40000 8.94802 10.08870
C 231.39500 12.07180 10.16670
C 234.66200 12.59700 10.28040
C 233.63600 9.67295 10.28990
H 232.14300 8.35381 11.82980
H 229.94900 10.81880 11.66800
H 233.15800 11.48340 11.88300
H 235.38700 8.98247 11.96410
C 236.81300 10.09570 10.29240
C 238.98700 7.86262 10.27300
C 242.11400 8.50133 10.17230
C 237.88900 13.17420 10.27710
C 240.07600 10.87220 10.29150
H 238.61200 9.64619 11.93040
H 240.83400 7.26625 11.77720
C 243.28300 11.40050 10.22040
C 246.59500 12.15570 10.15290
C 245.53900 9.13904 9.98782
C 248.72300 9.75953 10.01750
H 244.06600 7.91034 11.59720
C 225.88600 13.78170 10.04850
C 223.84400 16.21280 9.95136
C 229.24700 14.38620 10.22640
C 227.08400 16.71990 10.14220
C 225.00000 19.19510 10.04870
C 228.13000 19.83550 10.08570
C 235.72300 15.63760 10.29850
C 232.46400 14.99090 10.24690
C 230.32300 17.32140 10.15410
C 233.54400 18.06900 10.18300
C 231.43900 20.35840 10.00850
C 241.03400 13.77160 10.25920
C 236.66800 18.67250 10.23620
C 238.82000 16.23340 10.24690
C 242.12000 16.78630 10.23300
C 239.96800 19.21680 10.23300
C 246.48300 20.43020 10.16010
C 243.41700 19.82280 10.16920
C 244.41200 14.42440 10.16530
C 247.79700 15.06490 10.23830
C 245.58300 17.42080 10.19110
C 248.79800 18.02400 10.14800
C 226.90700 25.17270 10.13950
C 223.84800 24.46910 10.17930
C 229.16800 22.77540 9.99425
C 225.94100 22.22460 10.13630
C 234.57900 21.11740 10.19380
C 230.34800 25.86060 10.12550
C 233.56800 26.32020 10.12760
C 232.49500 23.51850 10.14790
C 235.75100 23.98900 10.21840
C 240.97400 22.12210 10.21900
C 238.96500 24.57080 10.25120
C 242.19100 25.18560 10.14580
C 236.87800 27.04060 10.18390
C 237.85900 21.58250 10.26640
C 244.44300 22.78250 10.15400
C 245.47800 25.72150 10.19690
C 248.63400 26.32630 10.24040
C 247.57800 23.34320 10.18180
C 224.86300 27.54220 10.13730
C 228.16800 28.19260 10.16710
C 229.11700 31.15120 10.12010
C 223.78300 32.90230 10.04900
C 227.09400 33.52960 10.07410
C 226.07000 30.48960 10.16840
C 231.30000 28.71680 10.11420
C 232.38900 31.79630 10.10540
C 235.67000 32.42860 10.18730
C 234.77500 29.39940 10.14560
C 239.08600 33.03560 10.28480
C 240.04200 27.55820 10.21910
C 242.22000 33.62950 10.30560
C 241.16600 30.63560 10.23640
C 237.83000 30.02350 10.25420
C 246.56000 28.92280 10.22090
C 244.47100 31.31830 10.24210
C 247.66300 31.91520 10.37140
C 243.29500 28.30740 10.18920
C 224.95400 2.35595 13.14440
C 228.16000 2.94749 13.12800
C 225.93300 5.38043 13.29020
C 229.20600 6.00461 13.28800
C 231.25200 3.48831 13.28130
C 233.61900 1.12316 13.37730
C 234.70900 4.13478 13.39890
C 232.48700 6.48821 13.45420
C 230.27600 0.59627 13.13840
C 236.91900 1.84472 13.26510
C 237.87100 4.78646 13.44250
C 240.08700 2.42863 13.39640
C 241.38000 5.43229 13.30550
C 243.41800 3.09279 13.29300
C 246.70900 3.75333 13.24050
C 244.42200 6.06482 13.22380
C 248.79500 1.25280 13.23680
C 247.58400 6.69867 13.22340
C 245.54600 0.61126 13.34210
C 223.77600 7.78070 13.25400
C 226.98700 8.38025 13.33930
C 224.74600 10.83050 13.39230
C 228.15600 11.37460 13.29810
H 227.70000 13.25280 11.68690
H 224.47700 12.61450 11.67470
C 235.74200 7.06371 13.50910
C 230.26100 8.98191 13.38970
C 231.32000 11.93890 13.43240
C 233.56700 9.58735 13.48710
C 234.67600 12.64350 13.51240
C 236.87100 10.14070 13.58990
C 239.11900 7.76286 13.48970
C 242.38500 8.46792 13.35000
C 237.84600 13.20840 13.54440
C 240.07500 10.84970 13.55420
H 236.41100 11.92600 11.91760
H 239.64000 12.67940 11.92720
H 241.86800 10.30510 11.90510
C 243.39800 11.48130 13.46970
C 246.57800 12.09820 13.41870
C 245.55300 8.99672 13.28380
C 248.62300 9.60140 13.29360
H 242.91700 13.28310 11.83900
H 247.24900 8.47708 11.56100
H 248.39200 11.50020 11.77320
H 245.15600 10.91190 11.75870
C 225.86700 13.78580 13.33150
C 223.74400 16.24690 13.27050
C 229.12000 14.30620 13.42410
C 226.96800 16.76940 13.38420
C 224.80500 19.08790 13.31250
C 228.16500 19.80780 13.27720
H 223.49100 17.98780 11.58540
H 225.51900 15.60980 11.70240
H 228.87300 16.24280 11.88750
H 226.64800 18.60020 11.71970
C 232.44400 15.14370 13.43120
C 235.69800 15.65780 13.44400
C 230.35000 17.50290 13.39380
C 233.44900 18.12890 13.39230
C 231.34000 20.50930 13.28960
H 233.09400 19.87220 11.71350
H 235.21800 17.48380 11.86680
H 229.94000 19.22430 11.66140
H 232.10800 16.87860 11.72530
H 231.03600 13.83980 11.88810
H 234.24100 14.45420 11.88580
C 241.13400 13.86670 13.51530
C 236.66700 18.63360 13.49450
C 238.84600 16.25100 13.48060
C 242.22600 16.78320 13.36690
C 240.06200 19.14520 13.42900
H 236.29800 20.45050 11.84960
H 240.63300 15.61080 11.86980
H 238.44000 18.08300 11.84250
H 237.43700 15.00690 11.91950
H 241.85700 18.65950 11.75160
H 246.22600 13.91090 11.83890
C 243.29700 19.83290 13.44260
C 244.39200 14.42630 13.47350
C 247.72100 15.08550 13.45670
C 245.56600 17.37670 13.42140
C 248.77800 18.08500 13.44750
C 246.59000 20.36770 13.45360
H 245.12900 19.22420 11.86220
H 248.31800 19.83900 11.75250
H 247.36300 16.88250 11.77460
H 249.52000 14.44800 11.96360
H 244.05700 16.25960 11.76850
C 225.95500 22.09210 13.32520
C 223.79800 24.47170 13.43020
C 229.20300 22.74010 13.26880
C 227.13700 25.16780 13.35870
H 228.83100 24.59460 11.62100
H 225.57800 24.00450 11.84830
H 226.69900 27.03500 11.77730
H 223.45900 26.35870 11.83090
H 227.72200 21.61970 11.66010
H 224.47800 20.96330 11.68040
C 233.58800 26.40160 13.35070
C 230.25900 25.71680 13.36390
C 235.67500 23.97070 13.43490
C 232.34400 23.29830 13.29380
C 234.48500 21.00650 13.37100
H 232.08000 25.23980 11.79080
H 230.95500 22.21860 11.57270
H 235.40400 25.83040 11.77990
H 234.22500 22.89530 11.78250
C 237.81300 21.54070 13.53790
C 241.17100 22.16200 13.48000
C 242.18800 25.30970 13.41090
C 238.96700 24.55130 13.51030
C 236.75500 26.99200 13.53100
H 237.48700 23.35520 11.88360
H 238.55800 26.41800 11.92040
H 241.86200 27.07120 11.75410
H 240.73800 24.04590 11.84010
H 239.63900 20.98900 11.95130
H 242.90300 21.60360 11.76300
C 248.71100 26.35080 13.43340
C 245.45900 25.76040 13.46020
C 244.33700 22.74720 13.44340
C 247.65500 23.26350 13.46370
H 247.23800 25.09250 11.86590
H 249.39700 22.81010 11.76270
H 246.13700 22.16240 11.82790
H 243.97400 24.58200 11.82600
H 225.60100 32.37770 11.69250
H 228.83600 33.01820 11.74770
H 227.81600 29.96570 11.80560
H 224.51700 29.36930 11.75410
C 224.87000 27.59970 13.45120
C 229.28000 31.21420 13.38370
C 225.95700 30.55650 13.36220
C 228.12600 28.17710 13.44450
C 227.00800 33.59500 13.35070
C 223.81100 33.00210 13.28410
H 230.96300 30.59690 11.69110
H 232.09300 33.54400 11.74850
H 229.89400 27.58550 11.80470
H 233.17800 28.22190 11.64440
C 234.54600 29.46380 13.36870
C 235.69000 32.30560 13.37370
C 231.43400 28.82610 13.32170
C 232.39900 31.75910 13.35730
H 234.20100 31.21880 11.71930
H 240.77800 32.43140 11.91710
H 239.72200 29.43880 11.81270
H 236.41900 28.83330 11.89190
C 241.16300 30.50480 13.47380
H 237.51600 31.84860 11.77590
C 240.10700 27.58570 13.41210
C 238.91800 32.90360 13.51400
C 237.90700 30.02280 13.41720
C 242.14400 33.62920 13.52720
H 249.37700 31.22980 11.99670
H 244.00400 33.08360 11.95080
H 246.16400 30.70510 11.90070
C 246.53400 28.80800 13.43430
C 243.28800 28.26740 13.38710
C 247.61200 31.75220 13.61130
C 244.40400 31.26910 13.55690
H 247.21800 33.66170 12.06090
H 245.09800 27.60260 11.78370
H 242.99300 30.14660 11.84380
H 248.30300 28.22390 11.82570
C 224.87500 35.89120 10.03290
C 228.17300 36.44760 10.01840
C 225.89100 38.81740 10.00150
C 229.16100 39.54640 9.88350
C 230.33400 34.16220 10.08950
C 231.33400 37.13050 9.95945
C 233.57400 34.72010 10.10790
C 234.70000 37.75560 10.03650
C 232.50200 40.08510 9.94497
C 236.77600 35.34890 10.24610
C 237.94000 38.32740 10.15100
C 239.93700 35.96320 10.31010
C 241.07300 38.88400 10.11960
C 243.32900 36.55240 10.16690
C 246.46300 37.18260 10.14210
C 244.38300 39.55110 10.07070
C 248.65900 34.65200 10.25080
C 247.67000 40.08570 10.05820
C 245.52000 34.27620 10.36410
C 223.77700 41.19500 9.81485
C 227.02400 41.98490 9.86280
C 224.94900 44.37700 9.74340
C 228.02200 44.85240 9.79445
C 235.76800 40.58930 9.93661
C 230.22800 42.54100 9.81044
C 233.48100 43.07880 9.73342
C 231.26500 45.51730 9.67126
C 234.63100 46.20140 9.78247
C 236.80100 43.79750 9.67818
C 238.91900 41.37040 9.91255
C 242.27500 41.80040 9.96117
C 240.05200 44.34850 9.80315
C 237.96500 46.82920 9.70656
C 243.40100 44.93110 9.78857
C 245.57000 42.54380 9.95389
C 248.74600 43.10050 10.00610
C 246.66800 45.59680 9.89596
C 225.90900 47.40360 9.70212
C 223.76200 49.89050 9.70346
C 229.18100 47.84540 9.76359
C 226.94500 50.34310 9.74660
C 224.89200 52.76310 9.79455
C 228.08500 53.16850 9.59704
H 226.64800 52.16650 11.40060
C 235.70200 49.16160 9.79770
C 232.48600 48.52300 9.71858
C 230.35100 50.87990 9.63206
C 233.61800 51.50290 9.71469
C 231.41700 53.89750 9.55872
H 229.89900 52.75040 11.19370
H 233.20400 53.40480 11.19740
H 232.07700 50.34480 11.30840
H 235.36200 51.02980 11.39920
C 241.20800 47.39270 9.73924
C 236.80400 52.14730 9.76431
C 238.96000 49.71120 9.76139
C 242.26200 50.17020 9.80464
C 240.07000 52.68330 9.69746
H 238.59000 51.56750 11.39340
H 236.48600 53.99840 11.33160
H 241.85000 52.15430 11.27010
H 237.50200 48.56200 11.35810
C 248.72100 51.57290 9.88948
C 245.56400 50.94880 9.83346
C 243.41700 53.27080 9.79524
C 244.41700 47.95220 9.80862
C 247.70600 48.52930 9.86335
C 246.52100 53.93410 9.88062
H 245.14700 52.74270 11.50970
H 248.31000 53.32290 11.47270
C 227.14800 58.67240 9.46037
C 229.18700 56.28310 9.51658
C 223.75100 58.12120 9.51439
C 225.89600 55.57340 9.55210
H 225.64900 57.54190 11.04510
H 223.34800 59.96920 11.12310
H 226.67500 60.57930 11.02610
H 224.47500 54.64520 11.34360
H 227.76900 55.07740 11.13300
H 228.85700 58.16440 11.17640
C 234.68500 54.48530 9.61091
C 232.57600 56.82970 9.45901
C 235.83200 57.46640 9.47972
C 230.35700 59.15450 9.43296
C 233.56200 59.95240 9.38924
H 235.34200 59.36100 11.05780
H 234.31300 56.37800 11.17140
H 232.16200 58.76090 10.95490
H 231.03000 55.77660 11.13260
C 239.01100 58.06500 9.56179
C 237.96300 55.06000 9.60852
C 242.28000 58.72750 9.61274
C 241.29000 55.75150 9.69004
C 236.91800 60.47530 9.52477
H 238.73100 59.95730 11.18170
H 240.78400 57.56700 11.28560
H 237.55300 56.94580 11.18120
H 241.90400 60.60390 11.10530
H 239.73200 54.58730 11.28210
H 242.99700 55.20570 11.29580
C 248.81700 59.98090 9.70726
C 245.57900 59.33250 9.64484
C 247.66400 56.93210 9.79180
C 244.55500 56.36990 9.71386
H 244.07700 58.20590 11.24600
H 246.16400 55.76080 11.50820
H 249.52500 56.33230 11.43610
H 247.36600 58.74840 11.25460
C 226.00100 64.15320 9.22608
C 224.86800 60.88390 9.36583
C 228.17900 61.63460 9.33823
C 227.12200 67.08090 9.21874
C 223.74300 66.52500 9.18148
C 229.20700 64.76770 9.28116
H 228.82200 66.60520 10.93340
H 227.75000 63.57960 10.87430
H 225.54400 65.99030 10.74690
H 224.51200 62.89400 10.80480
C 231.34400 62.40610 9.36236
C 234.71000 63.05320 9.47161
C 235.74800 66.04330 9.55869
C 232.43800 65.41020 9.51579
H 234.20000 64.79230 11.08290
H 230.92100 64.20970 11.05040
H 233.17800 61.80960 10.95950
H 232.15200 67.17050 11.22410
H 229.97000 61.12270 10.98330
C 237.89400 63.59530 9.45692
C 241.33000 64.24260 9.45458
C 240.11000 61.17460 9.46657
C 242.39100 67.31150 9.62587
C 238.90600 66.57370 9.55379
H 239.74100 63.06230 11.03690
H 236.43400 62.35570 11.12400
H 237.41800 65.35290 11.11680
H 240.75700 66.04300 11.06460
C 244.47200 64.87010 9.68622
C 246.67100 62.36380 9.69597
H 246.18900 64.23380 11.33790
H 245.14800 61.17880 11.26600
H 243.96700 66.60990 11.36280
H 247.29500 67.18500 11.41970
C 247.70800 65.43580 9.74731
C 243.41200 61.74230 9.61027
H 249.42400 64.73970 11.37910
H 242.95000 63.63560 11.14600
H 248.39000 61.74680 11.33210
C 224.79300 35.91930 13.25510
C 228.16200 36.62080 13.26960
C 225.93600 39.04250 13.13980
C 229.23900 39.63500 13.17240
H 227.76800 38.39180 11.58550
H 226.68100 35.38390 11.68940
H 224.43600 37.74480 11.67340
H 223.39700 34.76790 11.58570
C 230.32100 34.24600 13.33620
C 231.33400 37.29910 13.18010
C 233.41900 34.87060 13.38260
C 234.48700 37.78070 13.29800
C 232.35700 40.21260 13.14770
H 230.94200 39.01890 11.48130
H 233.13800 36.60670 11.60950
H 235.27000 34.23360 11.89800
H 234.19300 39.60770 11.63480
H 229.93700 36.00970 11.67200
H 236.37500 37.25060 11.76040
C 236.67600 35.50960 13.52130
C 237.77500 38.51060 13.34830
C 240.01400 36.07390 13.50760
C 241.17300 39.04730 13.35430
H 239.65000 37.88100 11.89370
H 237.50500 40.27970 11.59340
H 238.54700 34.81420 11.98460
H 241.81600 35.48900 11.87300
H 242.94400 38.42270 11.72060
C 243.26100 36.72230 13.45660
C 246.59000 37.29800 13.37970
C 244.32200 39.64530 13.33820
C 248.78500 34.93780 13.48540
C 247.67600 40.22650 13.28100
C 245.41600 34.33990 13.61900
H 246.14000 39.03950 11.73330
H 245.05200 36.08760 11.88310
H 249.45100 39.64060 11.59870
H 248.30400 36.63340 11.67810
H 225.58900 40.78620 11.48170
C 223.77800 41.41280 13.06890
C 227.03600 41.91890 13.13990
C 224.72800 44.47040 12.99500
C 228.11500 44.95410 13.00280
H 226.60200 43.71820 11.51610
H 228.80800 41.38650 11.47070
H 227.63300 46.77580 11.34980
H 223.44500 43.17880 11.30580
H 224.47500 46.21120 11.28760
C 235.71200 40.91450 13.10350
C 230.19600 42.70860 13.01910
C 233.59700 43.23130 12.98240
C 231.32000 45.53240 12.97730
C 234.58800 46.17020 12.93040
H 229.81500 44.44250 11.32840
H 235.33300 42.62280 11.29080
H 233.09600 44.97070 11.29870
H 232.01400 42.03810 11.46570
H 236.47400 45.62490 11.31210
C 236.69400 43.81590 13.01060
C 238.93200 41.55300 13.15670
C 242.21600 41.99880 13.16800
C 239.98300 44.42500 12.94590
C 237.93800 46.75190 12.97830
H 238.50700 43.26100 11.40490
H 240.69500 40.81690 11.60240
H 239.70800 46.25190 11.34010
H 241.86000 43.78840 11.41090
H 242.92500 46.76890 11.36460
C 243.30100 44.96580 13.02790
C 245.55400 42.70030 13.23150
C 248.73400 43.25130 13.20400
C 246.66500 45.55660 13.05280
H 244.10300 41.42740 11.63980
H 245.13100 44.39630 11.48750
H 248.41800 44.98330 11.46880
H 247.26300 41.99350 11.63750
C 225.90200 47.39660 12.97240
C 223.66600 49.73990 12.96930
C 229.12600 47.93770 12.92070
C 227.00000 50.27540 12.92810
C 224.85500 52.81380 12.98820
C 228.19500 53.36040 12.88010
H 223.33800 51.67380 11.40430
H 225.46900 49.18600 11.32880
H 228.84400 49.80260 11.25830
H 231.01900 47.37480 11.40060
C 235.78000 49.19310 13.01280
C 232.44500 48.57780 13.02480
C 230.31400 50.92140 12.90080
C 233.47000 51.63500 12.89240
H 234.26700 48.00290 11.42290
C 231.38800 53.92970 12.80930
C 241.13600 47.40080 12.99720
C 236.83000 52.23350 13.02740
C 238.93500 49.72560 12.99140
C 242.22200 50.40960 12.95860
C 240.07900 52.73760 12.92080
H 240.72200 49.17710 11.42180
C 243.26700 53.36340 12.90940
C 244.31500 47.95660 13.01250
C 247.58900 48.43940 13.07920
C 245.46800 50.90650 13.14020
C 248.62500 51.48420 13.13020
H 249.43100 47.96270 11.42120
C 246.54700 53.94480 13.12590
H 246.16300 47.39650 11.47070
H 247.24700 50.34630 11.50950
H 244.03500 49.81660 11.45760
C 226.99800 58.77560 12.74780
C 226.06400 55.77320 12.80660
C 223.90200 58.16500 12.70120
C 229.21900 56.30880 12.79070
C 232.49200 57.05210 12.71000
C 235.76900 57.60680 12.76550
C 230.47600 59.35190 12.64900
C 234.58800 54.53900 12.87170
C 233.49200 59.93870 12.62150
C 236.85800 60.48930 12.68000
C 242.25000 58.84170 12.84510
C 241.19600 55.71630 12.90810
C 237.92400 55.17150 12.92370
C 238.96900 58.08900 12.86840
C 245.56500 59.36820 12.88300
C 248.73200 59.92370 12.98330
C 247.73400 57.02110 12.99270
C 244.29000 56.47590 12.99150
C 223.79200 66.52900 12.43230
C 224.88200 61.23980 12.60930
C 225.93300 64.23590 12.39560
C 226.92900 67.18790 12.47220
C 228.26200 61.78900 12.57510
C 229.10800 64.76010 12.61940
C 232.36800 65.36070 12.75340
C 235.64300 65.92370 12.74480
C 234.57500 62.91760 12.67230
C 231.44600 62.37060 12.64520
C 242.10000 67.08500 12.88380
C 240.13600 61.26580 12.75350
C 241.19900 64.20350 12.71730
C 238.95300 66.50880 12.72410
C 237.97600 63.55880 12.71620
C 246.63000 62.41350 12.90820
C 244.26600 64.67870 12.86680
C 247.72200 65.32650 13.01450
C 243.28900 61.83350 12.74070
C 224.92700 69.53170 9.19691
C 228.17300 70.09000 9.37489
C 226.11600 72.65120 9.31971
C 229.29400 73.09040 9.45038
H 227.73600 71.96280 10.98900
H 224.58000 71.35510 10.80940
H 223.47700 68.31910 10.79150
H 226.68500 68.93310 10.82940
C 231.49100 70.79940 9.51262
C 233.56100 68.31780 9.59195
C 234.60200 71.39550 9.57417
C 232.56400 73.79480 9.58075
C 230.44400 67.74250 9.52374
H 229.97300 69.62040 11.05900
H 234.34400 73.17070 11.26450
H 231.04900 72.59320 11.13110
H 233.16900 70.19270 11.19890
H 235.31300 67.81940 11.22480
C 236.79300 68.94070 9.57064
C 238.01600 71.99710 9.66526
C 240.11900 69.65560 9.70886
C 241.21700 72.55800 9.87477
H 241.81000 68.99280 11.34440
H 239.67000 71.41380 11.44880
H 238.58100 68.41370 11.19840
H 236.42600 70.79430 11.17790
H 237.52400 73.88370 11.20710
H 242.96700 71.96300 11.49150
C 243.37600 70.20020 9.83001
C 246.63100 70.72870 9.90122
C 244.37200 73.16510 9.84807
C 248.82900 68.36730 9.89024
C 247.69600 73.74550 9.91556
C 245.50700 67.76710 9.77630
H 245.10200 69.52050 11.39820
H 248.40200 70.19370 11.58730
H 246.18800 72.57060 11.50240
H 249.56000 73.10890 11.49710
C 223.77200 75.03260 9.34724
C 226.98700 75.57580 9.45900
C 224.98500 78.07690 9.51333
C 228.09200 78.63750 9.52471
H 228.80300 74.94810 11.04040
H 224.50100 79.79370 11.19500
H 227.80800 80.35790 11.22580
H 226.70900 77.36630 11.18700
H 223.46500 76.77440 10.97050
H 225.52800 74.38480 11.02250
C 235.71200 74.39480 9.59397
C 230.42100 76.03980 9.48092
C 231.45100 79.15720 9.54116
C 234.83100 79.79210 9.69343
C 233.70200 76.82570 9.55547
H 229.94000 77.92670 10.98260
H 233.23100 78.60850 11.18820
H 232.22000 75.59140 11.20200
H 235.47200 76.24730 11.18070
C 236.98800 77.49320 9.66844
C 239.09100 74.99460 9.66763
C 242.27000 75.49300 9.82882
C 237.95300 80.42990 9.83421
C 240.16300 78.04870 9.74838
H 241.87100 77.37870 11.38600
H 236.49800 79.20440 11.43030
H 238.67200 76.80010 11.28020
H 240.74000 74.38510 11.41640
H 239.72600 79.80530 11.48350
H 242.99900 80.40220 11.58300
C 243.43500 78.57900 9.88380
C 246.54200 79.11520 10.06610
C 245.54700 76.14660 9.97227
C 248.86400 76.79980 9.97966
H 243.99200 74.92760 11.57750
H 247.38800 75.57510 11.59990
H 248.34800 78.58300 11.68140
H 245.10100 77.93400 11.64350
C 225.99900 81.08010 9.67159
C 223.93000 83.32820 9.75867
C 229.21800 81.57950 9.59978
C 227.05400 84.05940 9.74293
C 225.00900 86.31940 9.83225
C 228.16300 86.87550 9.80754
H 223.45800 85.12880 11.33390
H 226.73500 85.77450 11.50530
H 225.68100 82.78400 11.41460
H 228.85100 83.38480 11.24770
H 230.93300 80.92170 11.25530
C 235.89700 82.82860 9.75384
C 232.44700 82.15980 9.71438
C 230.34800 84.59360 9.77412
C 233.70600 85.12750 9.73813
H 233.22400 86.90980 11.37200
H 229.98600 86.37660 11.42290
H 232.18800 83.98260 11.35920
C 231.45900 87.54650 9.77103
H 234.33500 81.62390 11.25370
H 235.43600 84.57970 11.38650
C 241.24900 81.01460 9.90446
C 236.97100 85.72170 9.84806
C 239.09900 83.42370 9.92197
C 242.35100 84.07440 10.01270
C 240.20100 86.37930 10.05720
H 241.93900 85.83300 11.69210
H 238.65600 85.21540 11.54430
H 237.59700 82.20140 11.43160
H 240.86900 82.82180 11.58460
H 236.45800 87.55060 11.46770
H 246.18700 80.94190 11.70690
C 243.47800 86.89370 10.07330
C 244.53500 81.64600 10.01780
C 247.66700 82.13400 10.07350
C 245.55200 84.64280 10.09830
C 248.76800 85.18270 10.07560
C 246.58500 87.48950 10.08930
H 248.36800 86.95290 11.69370
H 245.15900 86.38590 11.76120
H 244.06100 83.42530 11.61200
H 249.47100 81.62890 11.65750
H 247.32700 84.00790 11.71830
C 227.06600 92.27230 9.78987
C 223.83000 91.79440 9.73862
C 229.44000 89.87630 9.75648
C 225.95300 89.32720 9.77658
H 224.53400 88.12600 11.46460
H 228.96000 91.77140 11.28060
H 226.75000 94.11600 11.40290
H 227.74700 88.81760 11.26790
H 225.55800 91.17530 11.40520
H 223.45300 93.50210 11.47500
C 232.55800 90.61160 9.77075
C 235.81600 91.05600 9.84596
C 230.37000 93.04920 9.70079
C 233.54000 93.58110 9.77201
C 234.75300 88.18860 9.85336
H 231.15400 89.40450 11.45410
H 234.26200 90.00540 11.44020
H 235.40500 93.01460 11.29060
H 232.07600 92.38350 11.35500
C 239.12400 91.63980 9.86807
C 242.31100 92.30970 9.99169
C 238.00000 88.74350 9.94222
C 241.26400 89.30240 10.02980
C 236.96100 94.08830 9.68961
H 239.72500 88.17550 11.64900
H 238.66100 93.52870 11.40780
H 241.86800 94.16710 11.53640
H 237.56700 90.57830 11.51820
H 240.81100 91.13780 11.59500
H 242.99700 88.74630 11.69700
C 247.78600 90.45840 10.02520
C 244.45500 89.93630 10.08590
C 245.59900 92.87820 9.99780
C 248.75500 93.43380 9.99142
H 244.07500 91.79980 11.68160
H 249.52600 89.88840 11.68090
H 246.27300 89.34920 11.62890
H 247.30500 92.31850 11.60530
H 227.71900 97.12660 11.39170
C 226.99100 100.54200 9.88024
C 228.18300 95.33610 9.81371
C 223.65700 100.03200 10.01940
C 224.96600 94.75500 9.90776
C 225.78000 97.65010 9.92426
C 229.24200 98.32590 9.83510
H 228.83500 100.08500 11.47540
H 225.56700 99.45450 11.47320
H 224.47000 96.42870 11.62920
H 231.11600 97.77050 11.32620
C 235.88300 99.44470 9.76324
C 234.70200 96.45220 9.81637
C 231.47200 95.95320 9.76847
C 232.66200 98.95440 9.83375
H 234.38300 98.33790 11.38920
H 233.20200 95.35250 11.45620
H 232.10100 100.64600 11.50690
H 229.96600 94.81560 11.39530
H 236.51100 95.93020 11.31060
C 240.13200 94.81780 9.87785
C 238.02500 97.08620 9.83188
C 241.16000 97.70010 9.90182
C 242.37300 100.66800 9.85550
C 239.04700 100.16500 9.86918
H 239.69900 96.58800 11.56190
H 237.54900 98.93520 11.39490
H 240.82800 99.59670 11.45440
C 244.45500 98.33180 9.92128
H 247.32100 100.76600 11.55070
H 242.98300 97.16230 11.51680
H 245.11100 94.75200 11.55850
H 244.11700 100.14500 11.61040
H 249.43400 98.32160 11.53200
C 247.64500 98.93980 9.92001
H 246.21800 97.70970 11.57730
C 246.63200 95.88370 9.96365
C 243.35900 95.31540 9.93649
H 248.41800 95.24780 11.56840
C 224.90900 69.50310 12.44840
C 228.03200 70.07910 12.58840
C 226.00000 72.45210 12.56850
C 229.17400 73.14180 12.65800
C 230.19800 67.74040 12.67390
C 231.35200 70.79420 12.77870
C 233.51700 68.37280 12.84620
C 234.65700 71.30210 12.86630
C 232.51200 73.73760 12.83030
C 236.82000 69.00230 12.81490
C 237.74800 72.09350 12.87650
C 239.96700 69.48380 12.96750
C 241.13400 72.56740 13.03730
C 243.27300 70.10030 12.99910
C 245.51100 67.67670 12.95500
C 246.46500 70.68070 13.10420
C 244.39800 73.09640 13.15210
C 248.68900 68.28530 13.13410
C 247.74800 73.62460 13.16050
C 223.72300 75.00690 12.65760
C 227.01200 75.45230 12.70540
C 224.89200 77.85750 12.74680
C 228.29700 78.48310 12.77550
C 235.75200 74.47670 12.85430
C 230.27400 76.11420 12.67480
C 231.29600 78.99170 12.78070
C 233.66600 76.82420 12.79960
C 234.62200 79.76360 12.87640
C 236.90600 77.33250 12.95070
C 238.90200 75.01230 12.90190
C 242.11000 75.55320 13.10300
C 237.88600 80.38070 13.07860
C 240.04100 77.91860 12.99900
C 243.27000 78.47760 13.14840
C 246.57200 79.09950 13.30020
C 245.51600 76.04520 13.19610
C 248.84400 76.73550 13.25990
C 226.01000 80.90540 12.86830
C 223.78400 83.28070 12.94460
C 229.18500 81.52740 12.88330
C 227.21400 83.91280 12.99050
C 224.84500 86.23470 13.03880
C 228.18100 87.02210 13.03310
C 232.46700 82.08870 12.88710
C 235.68600 82.71560 12.95170
C 230.34100 84.46120 12.93510
C 233.62600 85.04880 12.99700
C 231.50300 87.52450 13.04650
C 241.15600 80.96660 13.17240
C 236.76100 85.70480 13.08080
C 239.02200 83.38640 13.11560
C 242.30100 83.94090 13.26290
C 240.10200 86.30740 13.22750
C 243.37000 86.88100 13.36140
C 244.34100 81.57050 13.28370
C 247.64900 82.06030 13.26570
C 245.48800 84.51960 13.30410
C 248.82500 85.14730 13.35100
C 246.67300 87.51620 13.27240
C 225.98200 89.32010 12.99700
C 223.80100 91.66090 13.05910
C 229.26100 89.89510 12.93250
C 227.18100 92.23600 12.94610
C 232.53100 90.66640 13.07240
C 234.61500 88.11750 12.98890
C 233.60300 93.49490 12.97140
C 230.32300 92.96460 12.98540
C 235.65100 91.20090 12.98220
C 236.79500 94.13080 12.93280
C 242.15900 92.36150 13.24060
C 237.86300 88.75730 13.17500
C 238.98000 91.81890 13.14490
C 241.15800 89.32060 13.25640
C 244.52300 89.95490 13.24140
C 248.77900 93.44530 13.24740
C 245.60200 93.01100 13.22310
C 247.77600 90.51780 13.23230
C 229.32200 98.22740 12.98340
C 225.00300 94.55950 13.13270
C 225.99100 97.65320 13.09140
C 227.01400 100.60800 13.06930
C 228.18400 95.30780 13.01800
C 223.89900 100.08700 13.20140
C 232.63200 98.78170 13.01110
C 234.78100 96.48750 12.95460
C 231.42400 95.98120 13.01670
C 235.77900 99.50920 13.07090
C 241.14300 97.75640 13.09480
C 242.25900 100.69300 13.11820
C 237.81300 97.12270 13.02430
C 239.97600 94.70720 13.13120
C 239.00900 100.09900 13.02060
C 244.40400 98.27280 13.19470
C 243.35200 95.38330 13.17250
C 246.60600 95.87590 13.17940
C 247.63700 98.97040 13.18300
C 224.80600 103.09900 9.88226
C 227.99600 103.59800 9.86932
C 226.11600 106.12100 9.79631
C 229.21400 106.62300 9.82492
H 224.69100 104.96500 11.44840
H 223.45900 101.92000 11.63900
H 226.61500 102.40200 11.40230
H 227.81200 105.46100 11.50170
C 231.36900 104.21800 9.72906
C 233.49000 101.83500 9.83744
C 234.74300 104.86500 9.81109
C 232.41700 107.28500 9.71393
C 230.35000 101.15400 9.82588
H 233.13400 103.68900 11.37510
H 229.93400 103.04600 11.34750
H 234.24700 106.70600 11.24040
H 231.07100 106.03500 11.38070
H 235.32300 101.25200 11.40300
C 236.73600 102.50600 9.85419
C 237.91000 105.30800 9.89799
C 240.05700 103.08300 9.91071
C 241.28100 105.86200 9.93357
H 241.98000 102.53400 11.42380
H 238.52000 101.94700 11.49330
H 236.37600 104.27400 11.53490
H 237.54400 107.23600 11.38020
H 239.68400 104.84200 11.53940
C 243.46000 103.77100 9.96652
C 246.69400 104.27100 9.91980
C 244.46800 106.62000 9.95959
C 248.85800 101.93100 9.95901
C 247.79300 107.27900 9.97303
C 245.48500 101.37300 9.95941
H 246.27500 106.12500 11.57360
H 248.48500 103.75500 11.56800
H 249.52800 106.74900 11.63260
H 243.02000 105.51500 11.63550
H 245.23600 103.19600 11.58830
C 223.79800 108.59800 10.00080
C 227.06400 109.09000 9.79025
C 224.85700 111.44100 9.95292
C 228.24800 111.93300 9.84622
H 223.42700 110.34100 11.72370
H 225.66300 107.89900 11.43470
H 224.51200 113.37300 11.41860
H 226.71200 110.88600 11.47850
H 228.83700 108.48400 11.40340
H 227.80300 113.86400 11.32710
C 235.83900 107.89300 9.70736
C 230.32100 109.58700 9.78846
C 233.71000 110.14900 9.79500
C 231.45000 112.49600 9.79941
C 234.71000 113.17200 9.72913
H 235.47900 109.71900 11.35060
H 233.31000 112.04300 11.37340
H 232.15100 109.05100 11.43100
H 229.99200 111.37500 11.46480
C 236.98700 110.91400 9.75153
C 239.07900 108.41400 9.85377
C 242.41700 109.03100 9.84631
C 240.10700 111.45000 9.78362
C 237.99700 113.95100 9.84264
H 238.69500 110.27600 11.43400
H 239.74600 113.27400 11.41260
H 236.52200 112.71600 11.35370
H 240.89600 107.79200 11.47680
H 241.90100 110.86400 11.42680
C 243.39200 112.06900 9.84614
C 245.71400 109.70300 9.99852
C 248.91000 110.19600 9.94851
C 246.63500 112.68400 9.91364
H 242.99300 113.86400 11.57160
H 245.15400 111.53800 11.51110
H 247.47300 109.07000 11.64220
H 248.48900 112.13900 11.45460
H 244.15200 108.49600 11.52360
C 225.97900 114.45300 9.67518
C 223.65200 116.79400 9.76325
C 229.21600 115.03100 9.67251
C 227.03300 117.52400 9.74252
C 224.91600 119.82600 9.77205
C 228.11600 120.46900 9.74125
H 228.82400 116.83600 11.34610
H 225.57200 116.29000 11.32530
H 223.38700 118.66900 11.36980
H 226.69200 119.27600 11.40560
C 235.85700 116.31900 9.83653
C 232.47300 115.62100 9.72284
C 230.27800 118.10900 9.73397
C 233.57300 118.55900 9.75219
H 234.30100 115.06500 11.26610
H 231.01600 114.41100 11.30970
H 233.08900 120.40000 11.38630
H 232.06600 117.42200 11.35940
H 229.87700 119.88100 11.42770
H 235.33800 118.10000 11.47200
C 231.34400 121.15500 9.82846
C 241.23700 114.37300 9.78271
C 236.76700 119.33300 9.87663
C 238.88200 116.95500 9.83511
C 242.30800 117.43800 9.86421
C 240.06800 119.85900 9.90005
H 237.56000 115.71000 11.52660
H 241.82000 119.22800 11.56200
H 240.72000 116.21900 11.29600
H 238.56100 118.71200 11.50380
H 236.46300 121.09300 11.56560
C 243.32200 120.45300 9.91738
C 244.43600 115.02300 9.90030
C 247.72700 115.54000 9.92031
C 245.58500 118.02800 9.89839
C 248.77100 118.61400 9.80126
C 246.59100 121.03100 9.87774
H 249.58500 115.07900 11.49160
H 247.36500 117.46100 11.48700
H 248.46500 120.44200 11.45300
H 246.24500 114.48900 11.61220
H 244.12200 116.88000 11.54010
H 245.15900 119.85700 11.53100
C 226.97200 125.78500 9.81116
C 225.92700 122.83900 9.79799
C 223.63400 125.24300 9.81500
C 229.29200 123.51500 9.80265
H 226.69400 127.61000 11.46830
H 228.83300 125.28000 11.40150
H 223.39300 127.06700 11.54520
H 227.75900 122.25300 11.33760
H 225.48300 124.65900 11.41010
H 224.48900 121.63600 11.43970
C 230.31700 126.50000 9.87019
C 235.73800 124.66700 9.91374
C 232.43500 124.10700 9.88182
C 233.51500 127.09000 10.05340
C 234.60600 121.49900 9.90833
H 234.20100 123.49300 11.48420
H 235.42400 126.44100 11.63360
H 232.02300 125.88200 11.58150
H 230.97200 122.88100 11.49350
C 236.81800 127.62000 9.97922
C 237.92100 122.17700 9.84887
C 242.38400 125.92100 10.02850
C 239.10000 125.31600 9.84726
C 241.24200 122.81000 9.86006
H 241.85100 127.67500 11.70180
H 238.61300 127.05000 11.57320
H 240.83100 124.62100 11.49890
H 237.61600 124.09900 11.37940
H 239.73900 121.70100 11.52870
H 243.05100 122.28600 11.51010
C 248.82400 127.06600 9.97417
C 247.66500 124.03900 9.91341
C 244.51200 123.48400 9.92745
C 245.61400 126.48800 9.97722
H 249.45500 123.39400 11.49550
H 246.27400 122.82700 11.52740
H 247.38800 125.85100 11.61360
H 244.17800 125.27400 11.61370
C 227.06500 134.21800 9.82654
C 223.72500 133.64300 9.81055
C 228.15900 128.76100 9.83132
C 224.86200 128.12600 9.90339
C 225.94900 131.20800 9.75605
C 229.34800 131.80200 9.80847
H 225.60400 133.04500 11.43110
H 227.79100 130.66600 11.35590
H 228.93300 133.66900 11.37040
H 224.58200 130.05000 11.46030
C 235.82000 133.09900 10.08970
C 234.64300 130.03900 10.03340
C 232.64000 132.41100 10.00800
C 231.47600 129.38000 10.03100
H 231.03700 131.28400 11.57650
H 232.15600 134.20400 11.66950
H 233.27100 128.87500 11.72560
H 229.95400 128.26600 11.52900
H 234.36400 131.85800 11.65560
C 239.04200 133.63900 10.10660
C 237.93400 130.72200 10.07140
C 240.09500 128.23200 10.03270
C 242.29100 134.19000 10.14260
C 241.16200 131.16800 10.08470
H 240.82700 133.02900 11.71750
H 239.73200 130.04700 11.68150
H 236.46600 129.45900 11.59540
H 237.56900 132.50000 11.71730
C 247.75800 132.36700 10.11990
H 244.07500 133.57500 11.78120
H 245.22200 128.27100 11.60790
H 247.33200 134.22200 11.68900
C 246.72900 129.46700 10.09070
C 243.34900 128.87900 10.10060
H 248.51000 128.84000 11.66670
H 249.51500 131.83900 11.79080
H 242.98700 130.63500 11.74150
H 246.26300 131.22100 11.78760
C 244.54900 131.75800 10.13130
C 225.02700 103.15500 13.09360
C 228.13200 103.53500 12.96430
C 226.14000 106.13400 13.13490
C 229.37200 106.62400 13.00790
C 231.34100 104.17900 13.01930
C 233.54300 101.92300 13.00570
C 234.59000 104.93700 12.96120
C 232.57400 107.19100 12.95190
C 230.30300 101.29200 13.06150
C 236.68100 102.42200 13.09010
C 237.87200 105.48600 13.12220
C 240.14000 102.99000 13.06460
C 241.16500 106.00900 13.18710
C 245.51900 101.36000 13.20740
C 243.36600 103.66100 13.16880
C 246.75100 104.31400 13.19120
C 244.51100 106.77500 13.18850
C 248.74000 101.97100 13.18460
C 247.70900 107.22000 13.25210
C 223.95900 108.45400 13.19070
C 227.08800 109.07900 13.08020
C 224.84100 111.51500 13.04030
C 228.24800 112.09200 12.99880
C 235.72700 107.84200 12.90130
C 230.35100 109.59100 13.06160
C 233.66200 110.21200 13.00220
C 231.46400 112.63500 12.95540
C 234.68900 113.26100 12.95780
C 236.84700 110.92100 12.99850
C 239.02500 108.41900 13.02010
C 242.35000 109.04400 13.09760
C 240.14700 111.47100 13.06180
C 237.92100 113.85200 13.03790
C 243.34100 112.04700 13.16270
C 245.62600 109.74300 13.12270
C 248.86000 110.38800 13.17590
C 246.70100 112.61300 13.13430
C 226.02400 114.48800 13.00540
C 223.79100 116.79300 12.96570
C 229.25000 115.03500 12.98740
C 226.99800 117.43300 13.02100
C 224.93800 119.73900 12.99340
C 228.12900 120.49100 13.05600
C 235.69000 116.16200 12.99860
C 232.50200 115.50600 12.94560
C 230.28200 118.01900 12.99170
C 233.49500 118.62500 13.04090
C 231.36600 121.02200 13.02790
C 241.11800 114.51000 13.06950
C 236.73300 119.20300 13.16340
C 239.12200 116.85700 13.04550
C 242.14500 117.30200 13.06310
C 239.99300 119.84500 13.20430
C 243.33700 120.40400 13.14010
C 244.44600 115.06700 13.20410
C 247.82500 115.68500 13.09790
C 245.67200 118.03800 13.14950
C 248.93800 118.61800 13.05430
C 246.75600 120.96900 13.09210
C 226.01600 122.76500 12.98720
C 223.73200 125.11000 13.11190
C 229.13400 123.42500 13.02430
C 226.99600 125.76600 13.01970
C 232.40000 123.96600 13.16610
C 230.17400 126.39100 13.11990
C 233.58800 126.91500 13.24250
C 234.48300 121.56500 13.05950
C 235.79800 124.60100 13.06490
C 236.84600 127.64900 13.21940
C 241.31100 122.78600 13.15180
C 242.32100 125.73800 13.20200
C 237.91100 122.33500 13.09630
C 239.05200 125.15700 13.12550
C 248.89300 127.02600 13.25520
C 247.70200 123.94900 13.18170
C 244.59600 123.35000 13.16330
C 245.65500 126.49300 13.25010
C 223.72400 133.39800 12.98290
C 226.04100 131.22400 13.05710
C 228.18400 128.88800 13.05230
C 227.12800 134.23500 12.99550
C 229.15500 131.87200 13.07940
C 224.94400 128.26800 13.10770
C 235.76600 133.03300 13.34050
C 231.32200 129.45300 13.18320
C 232.54200 132.32400 13.22640
C 234.85200 130.06800 13.32440
C 240.05500 128.11600 13.28740
C 241.17600 131.18000 13.33870
C 237.87800 130.65100 13.23340
C 239.05500 133.66200 13.33750
C 242.25000 134.22100 13.36130
C 243.45000 128.75100 13.29000
C 244.45600 131.74600 13.42730
C 247.71500 132.47100 13.38330
C 246.69700 129.34100 13.28730
C 251.98100 1.88965 10.00900
C 253.11700 4.88076 10.05290
C 255.28900 2.44253 10.14680
C 249.83500 4.21948 9.98636
H 250.56400 0.70715 11.63320
H 251.58700 3.71509 11.61150
H 253.76100 1.29451 11.68550
H 254.84100 4.29237 11.76170
H 252.72900 6.72585 11.69370
C 256.38500 5.40696 10.17930
C 258.53300 3.23000 10.15520
C 261.79700 3.73313 10.00070
C 259.64000 6.11775 10.15210
C 262.85800 6.76563 10.01220
C 260.72400 0.82835 10.06220
H 257.11000 1.96765 11.80010
H 258.20300 4.95345 11.82340
H 260.35200 2.58313 11.68040
C 263.86900 1.37701 10.00570
C 266.99600 2.01062 10.00370
C 264.95000 4.33749 10.01300
C 268.09700 4.92458 10.00620
C 270.16200 2.49400 9.99000
C 273.21900 3.18033 9.99151
C 271.20800 5.67819 10.00210
C 274.39000 5.96092 10.01190
H 271.86500 1.89934 11.58540
C 275.32600 1.12943 9.98089
C 250.92800 7.13237 10.06450
C 254.24200 7.84557 10.06700
C 252.96000 13.28580 10.24320
C 251.99800 10.34230 10.17650
C 255.29400 10.91330 10.09950
C 250.00800 12.67940 10.26830
C 257.36300 8.43050 10.14810
C 260.62900 9.06862 10.07160
C 258.47600 11.42520 10.11900
C 261.72800 12.06910 10.03560
C 265.98400 7.38870 10.01040
C 269.09100 7.99785 10.00730
C 263.91300 9.70518 10.02080
C 267.03300 10.34420 10.01020
C 264.89800 12.72470 10.01010
C 268.04500 13.30040 10.00920
C 270.13400 10.89710 10.02560
C 272.19800 8.68865 10.02270
C 275.34600 8.72320 10.03060
C 273.27300 11.65770 10.03640
C 254.12900 16.22650 10.11220
C 250.86600 15.61120 10.22260
C 251.97200 18.61180 10.12130
C 255.23000 19.33370 10.15480
C 256.32600 13.79810 10.12340
C 259.54800 14.36370 10.01010
C 257.34800 16.92920 10.02450
C 262.79000 15.17210 10.00820
C 260.70300 17.55170 9.95797
C 258.57500 19.74220 10.01410
C 261.78700 20.52610 9.97744
H 263.54500 19.92090 11.57840
C 266.00800 15.72550 9.98759
C 269.14700 16.37540 9.98869
C 263.91800 18.06900 9.98319
C 267.08100 18.78930 9.96571
H 268.81600 18.16900 11.57970
H 265.67700 17.56570 11.58250
H 266.73800 20.54030 11.55570
C 271.27000 13.92400 10.02080
C 270.13000 19.51980 9.97263
C 274.43600 14.98710 10.04140
C 272.21600 16.92160 10.00090
C 275.36300 17.86450 10.01500
C 273.19300 20.00130 9.97296
H 271.82600 18.72000 11.58870
H 274.86900 19.44440 11.58850
C 249.73600 21.00500 10.12250
C 253.14500 21.69170 10.15390
C 250.91800 24.07970 10.22420
C 254.17300 24.76450 10.22060
C 251.96000 27.03810 10.28940
C 256.36800 22.26820 10.07720
H 261.49800 22.37110 11.55650
C 259.67500 22.81630 9.97058
C 257.40800 25.35440 9.95917
H 262.48200 25.32620 11.54860
C 262.93500 23.50200 9.94349
C 260.68900 25.86770 9.93737
H 257.15000 27.07860 11.69950
C 264.90100 21.06140 9.95525
C 268.08400 21.74320 9.95193
C 265.99700 24.17140 9.94466
C 269.09800 24.80170 9.95390
H 267.74200 23.58030 11.55470
H 264.63600 22.90000 11.54620
C 263.84900 26.48800 9.95257
C 267.02800 27.05930 9.96223
H 265.61700 25.89980 11.55360
H 268.77700 26.57540 11.56780
H 269.81900 21.17820 11.56820
C 271.22600 22.44900 9.95447
H 272.96800 21.87180 11.55860
C 274.54400 22.85570 9.95283
C 272.20000 25.34610 9.95001
H 270.85600 24.13760 11.55710
H 273.97300 24.73810 11.55070
C 275.31300 26.25560 9.95983
H 271.87500 27.11490 11.56080
C 249.74600 29.46780 10.32220
C 250.81500 32.28950 10.29190
C 254.10500 32.94070 10.17820
C 255.22300 27.54880 10.22010
C 252.93700 29.98980 10.21620
C 256.36300 30.58340 10.02140
C 258.53400 28.24750 9.99470
C 259.58900 31.24510 10.07270
C 262.84100 31.90450 9.98617
H 261.46300 30.65100 11.58530
C 261.79100 28.81280 9.97311
C 257.47800 33.61570 10.06600
H 260.31100 27.65050 11.57390
H 263.51400 28.27430 11.57380
H 266.60900 28.88030 11.58300
C 265.95500 32.57560 9.99937
C 268.01300 30.10440 9.98697
C 269.12300 33.11780 9.99625
C 264.87600 29.58760 9.97797
H 272.97200 30.22220 11.58020
H 274.88300 27.73470 11.57030
H 269.78300 29.56730 11.59420
H 270.87300 32.60870 11.59080
C 270.15500 27.79820 9.96937
C 272.22100 33.87570 9.98506
C 271.16300 30.82190 9.98288
C 274.54100 31.37180 9.96925
C 273.26300 28.36460 9.96426
H 273.99300 33.13700 11.57360
C 251.98800 1.89457 13.27500
C 252.97900 4.88587 13.31070
C 255.25300 2.39600 13.34190
C 249.79600 4.23619 13.23550
C 256.32400 5.43332 13.40910
C 260.80000 0.73794 13.25920
C 258.64700 3.08428 13.37720
C 261.86400 3.84233 13.21130
C 259.77200 6.11985 13.30720
H 261.48400 5.56909 11.60890
C 262.89600 6.78176 13.22530
H 263.55000 3.18700 11.61540
C 263.87400 1.34681 13.21690
C 267.03100 1.92404 13.21410
C 265.00000 4.30488 13.22530
C 268.13600 4.92358 13.21810
H 264.61300 6.12985 11.61820
H 268.74800 1.26711 11.59780
H 266.70700 3.78778 11.62320
H 267.72400 6.74422 11.61090
H 265.61000 0.67826 11.60570
C 275.35500 1.11835 13.19730
H 269.86600 4.32784 11.60300
C 270.14000 2.49858 13.20060
C 273.23400 3.16528 13.20160
C 271.20200 5.59830 13.21220
C 274.46700 6.03353 13.22360
H 274.92700 2.62694 11.59670
H 272.93900 5.05927 11.60790
C 250.84900 7.21600 13.24550
C 254.10900 7.93145 13.34840
C 251.96500 10.07660 13.34040
C 253.12700 13.38640 13.45740
C 255.20200 10.82130 13.37090
C 249.87400 12.50170 13.55010
H 253.80300 9.68367 11.66910
H 251.65600 12.07070 11.98720
H 255.93900 7.26919 11.80190
H 254.85600 12.68320 11.80170
H 250.46500 9.05686 11.62070
C 257.42200 8.46734 13.38940
H 262.47200 8.55947 11.62930
C 260.75200 9.03078 13.29690
C 258.46400 11.43990 13.36560
C 261.78300 12.17650 13.24650
H 260.28400 10.95220 11.71820
H 258.13000 13.29110 11.74820
H 256.99700 10.28260 11.76300
H 259.22900 7.95410 11.73510
C 266.02000 7.35547 13.22150
H 263.53600 11.53630 11.63090
C 269.10800 7.99466 13.22050
C 263.90600 9.72788 13.23230
C 266.98700 10.31660 13.22160
C 264.90200 12.75450 13.22190
C 268.03600 13.39910 13.22020
H 265.65000 9.14157 11.61890
H 268.76400 9.76847 11.61860
H 266.64700 12.14210 11.61340
H 270.84400 7.44438 11.61150
H 269.81500 12.73660 11.63230
C 270.16900 10.90020 13.23780
C 272.21400 8.68155 13.23360
H 273.96600 7.96914 11.63120
H 273.05000 13.51140 11.64150
C 275.43000 9.46594 13.24610
C 273.31700 11.59150 13.24890
H 274.95900 11.00470 11.64420
H 271.89300 10.41060 11.64180
C 254.23200 16.33020 13.37610
C 251.00800 15.73140 13.49740
C 252.11100 18.73200 13.40570
C 255.32800 19.30090 13.38270
H 253.85000 18.14040 11.70750
H 250.56800 17.49620 11.86430
H 252.73800 15.15700 11.76160
H 256.02900 15.67860 11.73060
H 251.63600 20.50410 11.71100
C 256.37700 13.89940 13.39400
H 261.41800 13.95660 11.62920
C 259.63000 14.55840 13.22230
C 257.56400 16.77800 13.25160
H 262.47000 16.98340 11.60600
C 262.88300 15.17180 13.21780
C 260.70600 17.46490 13.19460
C 258.66100 19.90450 13.25930
H 259.25900 16.30690 11.49980
H 260.36300 19.33470 11.59930
H 257.09300 18.72340 11.72060
C 261.80700 20.54520 13.18800
C 265.99400 15.76210 13.19970
C 269.09200 16.39500 13.20010
H 264.59500 14.55450 11.60380
H 267.73700 15.16020 11.59640
C 263.95600 18.13720 13.19360
C 267.10100 18.76200 13.17790
C 271.28000 13.96380 13.23220
C 270.12600 19.38750 13.18500
H 273.99300 16.41190 11.62780
C 272.21000 16.95180 13.21390
H 270.84600 15.72360 11.60740
C 274.60400 14.54810 13.25370
C 275.36900 17.82140 13.23110
C 273.18200 20.00880 13.18410
C 249.81400 20.96160 13.32990
C 253.10500 21.64430 13.45780
C 250.83700 24.02130 13.38700
C 254.33100 24.58260 13.44260
C 251.89100 27.01850 13.57380
H 250.47000 25.88520 11.85500
H 252.72000 23.50640 11.84040
H 254.93100 21.19330 11.83850
H 256.06500 24.17570 11.65020
H 253.70700 26.51830 11.97660
C 256.55900 22.35380 13.28090
C 259.62300 22.90350 13.12220
C 257.63200 25.31230 13.26420
C 262.93900 23.54160 13.15650
C 260.63100 25.82160 13.11770
H 258.16900 21.62170 11.59400
H 259.23400 24.65990 11.50470
C 264.92800 21.08510 13.16520
C 268.06900 21.81340 13.16770
C 265.97500 24.12570 13.15720
C 269.13500 24.76480 13.16570
C 263.87700 26.45910 13.16400
C 267.01200 27.07040 13.17420
C 275.37700 26.19200 13.17480
C 271.26700 22.37530 13.16720
C 274.53800 23.05500 13.16470
C 272.26200 25.33610 13.16220
C 249.75400 29.37190 13.53210
C 255.35800 27.66320 13.30900
C 250.94500 32.38640 13.51000
C 253.12200 30.00890 13.38960
C 254.32200 32.87060 13.37460
H 251.54900 28.88210 11.94360
H 255.98200 32.44540 11.59230
H 252.67300 31.85140 11.83270
H 254.85900 29.50400 11.67580
C 256.33900 30.61210 13.26540
C 257.43000 33.60550 13.24280
C 258.67000 28.29050 13.27010
H 262.49300 33.67960 11.59560
C 262.81600 31.87290 13.19820
C 259.71000 31.18210 13.20890
C 261.76700 28.79630 13.18530
H 258.14200 30.05990 11.63350
H 259.30800 33.12300 11.68100
H 264.60700 31.32110 11.59740
C 264.84900 29.54070 13.19200
C 269.12900 33.07020 13.20710
C 267.97500 30.10010 13.20030
C 265.96200 32.53100 13.21120
H 267.68800 31.91710 11.60220
C 273.25000 28.32180 13.17640
C 274.50400 31.13010 13.18080
C 272.23700 33.84210 13.19550
C 270.12300 27.76630 13.17970
C 271.18400 30.78030 13.19310
C 252.00600 35.26200 10.24720
C 253.15400 38.16720 10.11150
C 255.20800 35.91960 10.14360
C 249.84300 37.74570 10.10180
C 256.30000 38.90410 10.06870
C 258.49100 36.68880 10.06160
C 261.73700 37.18770 10.02340
C 259.71900 39.55750 9.94262
C 262.89600 40.25350 10.03970
C 260.70200 34.26420 10.01800
C 263.86200 34.87850 10.00720
C 266.98100 35.50040 10.00860
C 264.94800 37.84520 10.02310
C 268.07400 38.50900 10.02990
C 275.18000 34.85700 9.97154
C 270.04400 36.22560 10.01440
C 273.10500 37.03110 9.99786
C 271.14100 39.21210 10.02260
C 274.47100 39.89420 10.00780
H 274.80700 35.86970 11.59220
C 250.94500 40.79100 9.98761
C 254.15200 41.22450 9.92867
C 251.99300 43.63670 9.97687
C 255.24700 44.20510 9.90981
C 253.10500 46.65450 9.84850
C 249.89200 46.08000 9.84093
C 257.39700 41.88250 9.99163
C 260.73200 42.67080 9.97783
C 258.52000 44.98830 9.94262
C 261.72900 45.61360 10.02990
C 265.98400 40.91220 10.03110
C 269.00700 41.56080 10.02610
C 263.74300 43.28340 10.03600
C 266.90000 43.93330 10.01720
C 264.87300 46.19150 10.02020
C 268.06400 46.89200 10.00320
C 270.02200 44.52900 10.00850
C 272.18400 42.23110 10.01330
C 273.13700 45.10560 10.00890
C 275.26600 43.13860 10.01080
C 254.21000 49.67880 9.88302
C 250.97100 49.17010 9.92134
C 252.00400 51.97820 9.82532
C 255.31700 52.69180 9.91475
H 251.51300 53.85490 11.41300
C 256.39200 47.29890 9.90654
C 259.61900 48.01980 9.99917
C 257.49900 50.32290 9.96071
C 262.76000 48.57430 10.01640
C 260.70600 51.02860 10.01180
C 258.53000 53.34410 10.00800
C 261.73000 53.98750 10.00250
C 265.95500 49.27120 10.01210
C 269.09200 49.92310 9.99836
C 263.82400 51.65780 10.01010
C 266.95200 52.27800 10.00700
C 271.10000 47.57400 10.00140
C 272.25300 50.38720 9.99433
C 274.35000 47.80290 10.00350
C 270.05200 52.85400 9.99202
C 275.27300 51.31810 9.98375
C 273.16300 53.50750 9.98526
H 274.83500 52.85020 11.59150
C 249.76500 54.47300 9.79673
C 253.08500 55.02780 9.86680
C 251.06500 57.49790 9.83738
C 254.25800 58.26690 9.88110
C 252.11200 60.52980 9.92596
H 252.78900 56.93290 11.49410
H 253.81800 60.00480 11.66080
H 256.01000 57.59300 11.46700
H 250.55500 59.37290 11.44790
C 256.50700 55.69230 9.87240
C 259.65700 56.36410 10.00850
C 257.53500 58.73110 9.88335
C 262.79600 56.99930 9.99967
C 260.70200 59.40760 9.98675
H 257.06400 60.59490 11.43980
H 259.26000 58.22840 11.63760
C 264.86300 54.68790 10.00730
C 268.01600 55.26210 9.99836
C 265.93300 57.64870 9.99906
C 269.13600 58.26560 9.98597
C 263.83800 59.97840 9.99161
C 266.96000 60.57870 9.97831
H 268.71500 60.01890 11.57970
C 271.23400 55.89630 9.98566
C 274.52100 56.34240 9.97435
C 272.18000 58.90750 9.97519
H 273.01900 55.41020 11.58900
H 274.03100 58.29670 11.57430
H 270.86500 57.65590 11.59280
C 275.43300 59.75140 9.95920
H 271.83200 60.70160 11.57680
C 249.91000 62.89260 9.77065
C 255.24000 61.10580 9.89739
C 254.23500 66.50540 9.93157
C 251.08300 65.86660 9.97103
C 253.09000 63.59290 9.97025
H 251.58900 62.38220 11.49080
H 256.04700 65.95510 11.52610
H 252.79600 65.39480 11.70310
H 254.89700 62.93140 11.54410
C 256.35000 64.17560 9.89629
C 261.88400 62.41420 9.99192
C 257.54000 67.22980 9.97206
C 259.68800 64.86360 9.95924
C 262.83000 65.43570 9.99604
C 258.62900 61.73740 9.87931
H 259.32900 66.68690 11.62860
H 258.20800 63.58570 11.47310
H 266.70300 62.40040 11.57420
C 268.10000 63.60750 9.97563
C 266.00600 66.09330 9.99121
C 269.20900 66.67830 9.98476
H 267.76000 65.46990 11.59000
C 264.95600 63.01940 9.98199
H 274.05600 66.67500 11.57810
H 269.87600 63.10570 11.58100
H 274.95100 61.34280 11.57070
C 271.28900 64.32340 9.97651
C 270.06800 61.24580 9.97423
C 272.34700 67.33700 9.97838
H 270.94400 66.14200 11.58480
H 273.02700 63.81420 11.58060
C 274.54500 65.11060 9.97722
C 273.24600 61.92080 9.96942
C 252.00500 35.38850 13.39060
C 253.07300 38.44950 13.34190
C 255.29300 35.99600 13.47860
C 249.79200 37.87430 13.26380
H 250.47500 34.19040 11.84720
H 252.71800 40.14260 11.55690
H 251.63400 37.18380 11.75200
H 254.91700 37.79960 11.81890
H 253.84900 34.77960 11.85360
C 256.41300 39.04050 13.29630
C 258.54400 36.69840 13.23260
C 261.79200 37.18680 13.23570
C 259.63000 39.64630 13.22620
H 261.44900 39.02440 11.63860
C 262.89500 40.23080 13.25060
C 260.80600 34.32650 13.27690
H 258.19900 38.53300 11.63190
H 260.29900 36.08280 11.65010
H 257.03600 35.47530 11.70340
H 265.61800 34.30250 11.61400
H 263.52500 36.67400 11.62810
C 263.85600 34.84120 13.21850
C 267.02000 35.52090 13.22130
C 264.95400 37.78370 13.23470
H 268.73900 34.89460 11.61190
H 266.71900 37.27900 11.62010
C 268.05800 38.52430 13.24160
H 264.63300 39.67910 11.63830
H 267.73200 40.30800 11.64370
H 269.81100 38.00640 11.64150
C 275.22700 34.70500 13.18510
C 270.10000 36.15780 13.22540
C 273.17100 36.99110 13.20990
C 271.14700 39.21700 13.23410
C 274.44500 39.94670 13.22180
H 271.82000 35.64910 11.60610
H 272.94100 38.62660 11.61270
C 251.02600 40.79240 13.17930
C 254.15800 41.33010 13.18420
C 252.12900 43.71120 13.13670
C 255.29600 44.32550 13.06840
C 253.10000 46.73170 13.10610
C 249.81100 46.17170 13.08220
H 253.81800 43.08000 11.50660
H 255.93000 40.73800 11.58900
H 250.54500 42.62080 11.64880
H 254.84100 46.17470 11.45640
H 251.60200 45.56080 11.50750
C 257.52200 41.94560 13.12830
H 262.46400 42.07580 11.65600
C 260.65000 42.68850 13.17150
C 258.49700 44.99420 13.20790
C 261.79200 45.64860 13.24160
H 260.27000 44.46130 11.59050
H 257.08500 43.81840 11.54010
H 258.13200 46.80160 11.54660
H 259.26800 41.43320 11.50770
C 266.01800 40.92150 13.24280
H 263.45500 45.06520 11.63740
C 269.06900 41.60350 13.23910
C 263.82600 43.30160 13.24680
C 266.89900 43.92430 13.22940
H 265.54300 42.68430 11.63130
H 268.63900 43.34960 11.62380
C 264.88500 46.22110 13.23200
C 268.05200 46.89090 13.21550
H 266.65000 45.73100 11.61420
H 270.78600 40.99100 11.62950
H 269.76600 46.31310 11.60480
C 272.16000 42.18000 13.22560
H 273.98700 41.52040 11.61430
C 270.02500 44.54890 13.22080
C 273.15000 45.15150 13.22280
H 274.84500 44.52790 11.61500
C 275.32300 43.03390 13.22700
H 271.74600 43.94050 11.61490
H 272.82600 46.99520 11.61650
C 254.13100 49.65970 13.08840
C 250.98000 49.04310 13.06080
C 251.98500 52.06040 13.10580
C 255.24600 52.68020 13.14930
H 252.73600 48.53290 11.46920
H 256.00300 49.14310 11.52050
H 253.78900 51.54880 11.51230
H 250.47800 50.94960 11.54050
C 256.32100 47.44700 13.10680
H 261.37000 47.41700 11.62270
C 259.57700 47.95900 13.16530
C 257.44400 50.34740 13.18920
H 262.42000 50.40790 11.61940
C 262.72600 48.58290 13.22960
C 260.69800 50.98830 13.23480
C 258.47200 53.35990 13.20400
C 261.74900 53.96890 13.21460
H 257.06300 52.13930 11.57980
H 259.27700 49.81580 11.60850
H 260.28800 52.85210 11.65970
H 263.53500 53.44410 11.61140
C 265.97800 49.28740 13.22620
H 267.68100 48.67760 11.60980
C 269.05700 49.95770 13.21240
H 264.54900 48.07850 11.62700
C 263.87200 51.63770 13.22360
H 265.58700 51.09570 11.62050
C 266.94400 52.23810 13.22010
H 268.67100 51.67590 11.60370
H 266.62900 54.08540 11.61500
C 271.11200 47.52290 13.21420
C 272.23400 50.42470 13.20680
C 274.35700 48.21120 13.21820
H 273.98900 49.79650 11.60410
H 270.76300 49.32200 11.60190
C 270.05000 52.86220 13.20390
C 275.23800 51.38950 13.19760
C 273.16800 53.56160 13.19830
H 271.81300 52.20990 11.59600
C 249.76300 54.49420 13.08010
C 253.03300 55.01690 13.06050
C 250.91800 57.54610 13.08630
C 254.22600 58.05400 13.14990
C 251.95500 60.56720 13.13220
H 254.93600 54.56960 11.49770
C 256.35200 55.77920 13.14580
C 259.60100 56.33230 13.21380
C 257.44100 58.77320 13.16300
H 261.37500 55.77310 11.60110
H 262.45800 58.76990 11.60330
C 262.74800 57.01930 13.21250
C 260.74200 59.42270 13.21200
H 258.17300 55.17670 11.59230
C 264.86200 54.69420 13.21980
C 268.02800 55.26930 13.21170
C 265.97400 57.68680 13.21260
C 269.15100 58.23690 13.19860
H 264.53100 56.46660 11.61480
H 267.71000 57.06930 11.60360
C 263.79800 59.95790 13.20710
C 266.95300 60.55930 13.18930
H 265.57400 59.39850 11.59840
H 269.78000 54.68990 11.59570
C 275.47000 59.77560 13.17330
C 271.24600 55.85080 13.19980
C 274.52200 56.74160 13.18940
C 272.20600 58.93830 13.18770
C 249.72800 62.85930 13.05420
C 253.08300 63.39800 13.20490
C 255.30700 61.11530 13.18010
C 254.30300 66.50150 13.24170
C 250.92500 65.81120 13.09930
C 256.39100 64.10960 13.13160
C 262.85300 65.39000 13.20860
C 258.45700 61.74900 13.14640
H 261.41900 64.24080 11.60130
C 259.64400 64.78050 13.18960
C 261.83800 62.44930 13.20520
H 262.50200 67.24090 11.60940
C 257.47600 67.18930 13.17810
H 260.36000 61.25800 11.58810
C 266.03400 66.05020 13.20320
C 264.91500 62.98440 13.19340
H 263.55600 61.82530 11.59580
C 268.09100 63.60990 13.18760
C 269.21500 66.70660 13.19750
H 264.60000 64.85000 11.59560
C 271.25900 64.29910 13.18650
C 274.56800 65.05830 13.18900
C 270.12000 61.24020 13.18500
C 273.24800 61.97220 13.18100
C 272.28900 67.36650 13.18650
C 252.10600 68.92220 9.96766
C 253.13200 72.08480 9.97989
C 255.35200 69.56420 9.90241
C 249.96400 71.21930 9.91228
H 251.74300 70.81020 11.60700
H 254.91200 71.38340 11.51220
H 250.55400 67.74010 11.55710
H 253.93100 68.37150 11.57160
H 252.79400 73.89090 11.65970
C 256.42800 72.55460 9.98422
C 260.73400 67.85820 10.00600
C 258.58900 70.15000 9.99772
C 261.82600 70.84110 10.00070
C 259.61000 73.15230 10.05230
C 262.85700 73.90400 10.01220
H 257.09100 68.99940 11.58940
H 258.18000 71.96470 11.67040
C 263.92500 68.42530 10.00570
C 267.09200 69.01890 10.00370
C 265.07600 71.42130 10.01300
C 268.18800 72.03460 10.00620
C 275.49100 68.06820 9.98089
C 270.19000 69.65040 9.99000
C 273.34700 70.31520 9.99151
C 271.33000 72.68610 10.00210
C 274.51000 73.59460 10.01190
H 271.91900 69.08770 11.58540
C 251.00900 74.38560 9.96100
C 254.26700 75.06570 10.06460
C 253.04700 80.33360 10.07950
C 252.05800 77.46670 10.06890
C 255.17800 78.00810 10.04250
C 249.80700 79.75570 10.08140
H 256.01400 74.38370 11.63700
H 253.82600 76.84180 11.66030
H 250.61200 76.23510 11.57880
H 251.56000 79.21320 11.69620
H 254.81300 79.80150 11.70090
C 257.34200 75.59100 10.04510
C 260.69700 76.16230 10.05210
C 258.46200 78.52530 10.03480
C 261.75900 79.07590 10.03560
H 259.20600 75.03760 11.63640
H 256.95800 77.44200 11.64220
C 265.98100 74.38910 10.01040
C 269.14500 75.04840 10.00730
C 263.91200 76.82920 10.02080
C 267.00700 77.43110 10.01020
C 264.82200 79.81240 10.01010
C 268.14300 80.33780 10.00920
C 270.18600 78.02210 10.02560
C 272.32800 75.55230 10.02270
C 275.47300 76.66240 10.03060
C 273.29900 78.68130 10.03640
C 254.15700 83.36280 10.00320
C 250.94700 82.69770 10.04660
C 252.04000 85.68190 9.99056
C 255.29100 86.36290 9.96648
H 250.57600 84.53900 11.68560
H 256.00100 82.77570 11.60710
H 253.82900 85.22740 11.61610
H 251.69700 87.48800 11.65700
H 252.75400 82.16660 11.65340
C 256.29600 80.84270 10.06250
C 259.62100 81.40020 9.98100
C 257.52300 83.93600 9.95246
C 262.71000 82.16790 10.00820
C 260.75500 84.64480 10.00410
C 258.59600 86.95010 9.99700
C 261.87400 87.58140 9.97744
H 257.06900 85.73980 11.59540
H 263.61200 86.98350 11.57840
C 265.98700 82.74190 9.98759
C 269.14500 83.28020 9.98869
C 263.92600 85.18600 9.98319
C 267.13500 85.75540 9.96571
H 268.86200 85.13670 11.57970
H 265.66500 84.57720 11.58250
H 266.83200 87.54970 11.55570
C 271.29300 81.03710 10.02080
C 270.21400 86.37210 9.97263
C 274.52500 81.90290 10.04140
C 272.34900 83.92890 10.00090
C 275.45300 84.85310 10.01500
C 273.35900 86.98480 9.97296
H 271.92000 85.70650 11.58870
H 275.00500 86.37870 11.58850
C 249.92400 88.04210 10.05870
C 253.10900 88.56320 10.02570
C 250.93100 91.03590 10.01450
C 254.17800 91.61420 9.88468
C 251.93500 93.98550 9.84761
H 252.71800 90.45740 11.53430
H 250.56100 92.88400 11.63700
H 255.96400 91.12870 11.55240
H 254.92800 88.15620 11.60060
H 253.73800 93.47050 11.46680
C 256.36300 89.30220 9.93707
H 261.54300 89.39160 11.55650
C 259.71900 89.91560 10.00710
C 257.54100 92.14340 9.90902
H 262.55900 92.38780 11.54860
C 262.94200 90.59640 9.94349
C 260.77300 92.97970 9.95164
H 258.18500 88.78520 11.61500
H 257.16000 94.06550 11.37540
H 259.34500 91.76410 11.53690
C 265.00200 88.06620 9.95525
C 268.19700 88.83160 9.95193
C 266.00500 91.16280 9.94466
C 269.22000 91.77010 9.95390
H 267.79100 90.59200 11.55470
H 264.68100 89.90800 11.54620
C 263.95700 93.60520 9.95257
C 267.03900 94.20880 9.96223
H 265.68600 92.94720 11.55360
H 268.74400 93.54410 11.56780
H 269.90400 88.20950 11.56820
C 271.32800 89.41120 9.95447
H 273.07400 88.91780 11.55860
C 274.56000 89.81410 9.95283
C 272.31200 92.53100 9.95001
H 270.95500 91.22870 11.55710
H 274.12100 91.83340 11.55070
C 275.36000 92.65380 9.95983
H 271.89500 94.17370 11.56080
C 249.78900 96.50540 9.87919
C 255.24200 94.72060 9.93608
C 254.24200 100.19100 10.01080
C 251.00900 99.52240 9.97817
C 253.14500 97.15200 9.83156
H 251.67400 95.88430 11.39350
H 252.76700 98.90220 11.54460
H 254.79600 96.50990 11.63300
H 255.98800 99.60370 11.65200
C 256.28400 97.76590 9.99136
C 257.38400 100.82200 9.96153
C 262.87100 98.96880 9.98617
C 258.64500 95.32800 9.85526
H 261.47800 97.68430 11.58530
C 259.75300 98.25230 9.92915
C 261.80600 95.86360 9.97311
H 260.31000 94.74320 11.56810
H 258.07100 97.13190 11.44550
H 259.27400 100.12400 11.47950
H 263.59900 95.41120 11.57380
C 264.98600 96.59090 9.97797
H 266.70400 95.99130 11.58300
C 266.03800 99.56110 9.99937
C 268.07600 97.20560 9.98697
C 269.13200 100.17400 9.99625
C 272.24600 100.83200 9.98506
H 274.98500 94.96440 11.57030
C 270.12600 94.76220 9.96937
C 271.25100 97.85540 9.98288
C 273.31500 95.41860 9.96426
H 270.87500 99.61220 11.59080
C 274.53400 98.69490 9.96925
H 273.06700 97.31130 11.58020
H 269.83800 96.58600 11.59420
H 274.08200 100.19200 11.57360
C 252.02700 68.84110 13.15930
C 253.18000 71.98180 13.21990
C 255.30200 69.57670 13.19420
C 249.87800 71.34510 13.22050
C 256.33500 72.55730 13.23080
C 260.81900 67.86060 13.21800
C 258.54700 70.13320 13.28480
C 261.81000 70.90640 13.21130
C 259.71900 73.21810 13.22450
H 261.45300 72.71710 11.60890
C 262.87000 73.94570 13.22530
H 260.36800 69.67010 11.60920
H 265.65300 67.85920 11.60570
H 263.56400 70.28470 11.61540
C 263.95100 68.43860 13.21690
C 267.08900 68.97470 13.21410
C 265.01000 71.43090 13.22530
C 268.20400 71.96800 13.21810
H 264.61200 73.25190 11.61820
H 268.85000 68.48020 11.59780
H 266.75900 70.79580 11.62320
H 267.77100 73.82760 11.61090
H 269.93900 71.47620 11.60300
C 270.19700 69.62350 13.20060
C 273.32200 70.34100 13.20160
C 271.31400 72.69090 13.21220
C 274.51400 73.60600 13.22360
H 275.00100 69.74080 11.59670
H 273.06600 72.23080 11.60790
C 275.45200 68.05750 13.19730
C 250.90200 74.39430 13.19060
C 254.27500 75.07770 13.28220
C 252.02300 77.43740 13.24050
C 253.01100 80.37320 13.27800
C 255.19300 77.96750 13.30550
C 249.78500 79.80970 13.27820
C 257.46500 75.59790 13.22250
H 262.49000 75.65690 11.62930
C 260.72800 76.17470 13.21710
C 258.47500 78.51950 13.23610
C 261.75700 79.08720 13.24650
H 260.24300 77.95840 11.61400
H 258.13400 80.34180 11.63340
C 266.01800 74.39630 13.22150
H 263.52000 78.61410 11.63090
C 269.13100 75.05730 13.22050
C 263.93200 76.80080 13.23230
C 267.03200 77.44350 13.22160
C 264.89600 79.84890 13.22190
C 268.08200 80.39590 13.22020
H 265.65000 76.21030 11.61890
H 268.77800 76.85920 11.61860
H 266.62100 79.25290 11.61340
H 270.89800 74.51990 11.61150
H 269.85200 79.78560 11.63230
C 270.13800 78.03880 13.23780
C 272.30600 75.64720 13.23360
H 274.12400 75.07220 11.63120
H 273.03200 80.54020 11.64150
C 275.41300 76.64410 13.24610
C 273.28800 78.65460 13.24890
H 274.97900 78.15880 11.64420
H 271.92400 77.38410 11.64180
C 254.24700 83.40940 13.24720
C 250.98900 82.72740 13.28700
C 252.05000 85.71460 13.28460
C 255.32000 86.36280 13.24240
C 256.35500 80.95800 13.22350
H 261.37000 80.90170 11.62920
C 259.59400 81.54850 13.18280
C 257.56100 83.88810 13.21070
H 262.54000 84.01090 11.60600
C 262.71000 82.16720 13.21780
C 260.78000 84.58740 13.14430
C 258.56200 86.94460 13.22040
H 260.41200 86.45520 11.61750
H 259.32800 83.34880 11.50000
C 261.84200 87.57330 13.18800
C 265.97000 82.70970 13.19970
C 269.15300 83.35690 13.20010
H 264.47200 81.62860 11.60380
H 267.71500 82.15150 11.59640
C 263.94200 85.17450 13.19360
C 267.09800 85.71060 13.17790
C 271.27000 81.05800 13.23220
C 270.20700 86.46770 13.18500
H 274.08200 83.36010 11.62780
C 272.28900 83.89010 13.21390
H 270.88200 82.77800 11.60740
C 274.62300 81.42780 13.25370
C 275.39500 84.90440 13.23110
C 273.27000 87.06560 13.18410
C 249.92000 88.04420 13.24510
C 253.14900 88.70630 13.21740
C 251.01100 91.04100 13.22350
C 254.15300 91.70730 13.13860
C 252.04400 94.12820 13.16440
C 256.36200 89.33700 13.24310
C 259.77800 89.90740 13.16020
C 257.60000 92.27030 13.06640
C 262.94100 90.55090 13.15650
C 260.82300 92.93780 13.18150
C 265.09700 88.14440 13.16520
C 268.22200 88.78890 13.16770
C 266.01400 91.15380 13.15720
C 269.17100 91.76550 13.16570
C 263.91400 93.57540 13.16400
C 267.03100 94.16200 13.17420
C 271.31200 89.48750 13.16720
C 274.50600 89.85770 13.16470
C 272.35500 92.43140 13.16220
C 275.48600 93.24090 13.17480
C 256.34000 97.68830 13.19030
C 253.01800 97.04230 13.19940
C 249.98500 96.47100 13.13200
C 255.37100 94.50990 13.02180
C 250.93800 99.45160 13.17700
C 254.15400 100.07000 13.22750
C 262.85100 98.94800 13.19820
C 259.60400 98.22670 13.08830
C 257.53600 100.75000 13.15150
C 261.81500 95.83760 13.18530
H 262.52100 100.76100 11.59560
C 258.50000 95.29980 13.10680
H 264.61500 98.41730 11.59740
C 269.16100 100.14400 13.20710
C 264.97100 96.59670 13.19200
H 267.78000 98.95860 11.60220
C 268.07800 97.11120 13.20030
C 266.00900 99.56120 13.21120
C 274.53500 98.61860 13.18080
C 272.30500 100.77100 13.19550
C 270.10300 94.73150 13.17970
C 273.28600 95.41320 13.17640
C 271.27700 97.78890 13.19310
C 252.12800 102.50500 10.06940
C 253.16800 105.47200 10.08920
C 255.22800 103.17400 10.07190
C 249.99700 104.95700 10.06870
H 250.56800 101.36400 11.61430
H 251.74100 104.32200 11.71000
H 252.67300 107.27200 11.61380
H 254.94400 104.94300 11.73060
H 253.82900 101.91100 11.72640
C 256.37900 105.96900 10.04330
C 260.79600 101.38300 9.94578
C 258.58100 103.66100 9.98277
C 261.91000 104.28000 10.02340
C 259.76800 106.62700 9.99172
C 262.89200 107.37500 10.03970
H 257.07700 102.59100 11.60710
C 263.91800 101.99300 10.00720
C 267.03000 102.63400 10.00860
C 264.95400 104.94700 10.02310
C 268.12500 105.66100 10.02990
C 270.17800 103.20800 10.01440
C 273.33900 103.78800 9.99786
C 271.28000 106.28900 10.02260
C 274.61700 106.78600 10.00780
H 275.00000 103.32200 11.59220
C 275.39000 101.76600 9.97154
C 250.06900 113.25200 9.92206
C 250.97800 107.95700 10.03790
C 254.21400 108.39100 10.04140
C 252.08500 110.87600 10.00740
C 255.35300 111.39100 10.05860
C 253.22900 113.80600 9.93203
H 254.96900 113.21900 11.61260
H 251.79700 112.70000 11.60840
H 250.63700 109.75800 11.63740
H 253.83400 110.19800 11.66000
H 256.01000 107.83200 11.67090
C 257.47600 108.92600 10.02380
C 260.72200 109.73500 10.06070
C 258.66200 112.03600 9.99351
C 261.76900 112.72500 10.02990
H 257.19800 110.85600 11.63450
C 266.01200 107.92500 10.03110
C 269.08700 108.57900 10.02610
C 263.91000 110.34600 10.03600
C 267.06500 110.94000 10.01720
C 264.90200 113.27600 10.02020
C 268.20000 113.99400 10.00320
C 270.20700 111.60900 10.00850
C 272.27000 109.20500 10.01330
C 273.31900 112.35800 10.00890
C 275.43300 110.17100 10.01080
C 254.47500 116.80300 9.88226
C 251.04900 116.18700 9.83176
C 252.11100 119.24600 9.79578
C 255.47500 119.86400 9.84662
H 253.91000 118.64000 11.41850
H 251.77100 121.09000 11.45210
H 250.65200 118.09200 11.40080
H 252.86200 115.69200 11.45790
H 256.13000 116.21100 11.62910
C 256.44400 114.28600 9.99496
C 259.64000 115.02100 10.03180
C 257.63000 117.28400 9.96123
C 262.90400 115.77600 10.01640
C 260.73700 118.14800 10.01560
C 258.75100 120.57000 9.94944
C 261.84900 121.16900 10.00250
C 266.01900 116.26600 10.01210
C 269.18600 116.96600 9.99836
C 263.88000 118.79000 10.01010
C 267.07400 119.30600 10.00700
C 271.43700 114.56000 10.00140
C 270.16800 119.92000 9.99202
C 272.23700 117.54400 9.99433
C 274.71300 115.53800 10.00350
C 275.29200 118.61200 9.98375
C 273.25300 120.58500 9.98526
H 274.97100 120.13100 11.59150
C 249.93100 121.61000 9.84283
C 253.21600 122.27400 9.89032
C 250.93900 124.68300 9.91526
C 254.23000 125.37800 10.00950
C 252.14900 127.85600 10.07960
H 255.04200 121.69000 11.51570
H 252.75800 124.05400 11.54640
H 253.91900 127.10400 11.64070
H 250.66500 126.53700 11.57370
H 256.03400 124.70900 11.59660
C 256.51500 122.91700 9.93883
C 259.67500 123.49600 10.01820
C 257.43700 125.87500 9.97188
C 262.85100 124.08400 9.99967
C 260.77900 126.53600 10.00170
H 258.23200 122.30400 11.64230
H 257.15700 127.71500 11.61140
C 264.88000 121.70500 10.00730
C 268.06400 122.24000 9.99836
C 265.93300 124.70400 9.99906
C 269.02800 125.28600 9.98597
C 263.86600 127.06000 9.99161
H 268.72900 127.10300 11.57970
C 266.99700 127.68800 9.97831
C 271.22700 123.00700 9.98566
C 274.50500 123.59000 9.97435
C 272.12200 126.04900 9.97519
H 273.00500 122.52300 11.58900
H 273.92900 125.43900 11.57430
H 270.81300 124.75900 11.59280
C 275.31600 126.90700 9.95920
H 271.84600 127.78500 11.57680
C 250.01000 130.06400 10.11170
C 255.37400 128.35300 10.02470
C 253.07700 130.75800 10.08570
C 250.89400 132.97900 10.08290
C 254.18100 133.64200 10.06630
H 254.89000 130.16400 11.66430
H 251.74900 129.54000 11.78380
H 256.00100 133.15400 11.66780
H 252.73900 132.51000 11.72530
C 256.27100 131.36800 10.01650
C 262.85900 132.60100 9.99604
C 261.82800 129.54500 9.99192
C 259.65800 132.06800 10.03740
C 257.45200 134.38000 10.10910
C 258.49400 129.00000 9.94901
H 259.27500 133.84000 11.70220
H 258.14800 130.79900 11.59820
H 267.68400 132.48100 11.59000
C 269.10500 133.66300 9.98476
C 267.97400 130.73500 9.97563
C 264.82500 130.09500 9.98199
H 266.57900 129.47800 11.57420
C 265.92500 133.02100 9.99121
H 274.93900 128.44800 11.57070
C 274.52500 132.24500 9.97722
C 273.22700 129.01500 9.96942
H 273.96900 133.79200 11.57810
H 273.00200 130.89700 11.58060
H 270.81200 133.08500 11.58480
C 271.23600 131.30500 9.97651
C 272.17600 134.30800 9.97838
C 270.06900 128.29600 9.97423
H 269.77300 130.16100 11.58100
C 252.02900 102.46800 13.29640
C 253.11300 105.54900 13.29940
C 255.34300 103.06400 13.30570
C 249.90600 104.95200 13.24430
C 256.53100 106.03400 13.27500
C 260.75600 101.23300 13.16890
C 258.66400 103.64900 13.23090
C 261.86400 104.25900 13.23570
C 259.70900 106.59600 13.24330
H 261.51700 106.07600 11.63860
C 262.88200 107.34500 13.25060
H 258.24500 105.50800 11.62330
H 260.37100 103.12300 11.61100
H 265.67500 101.39600 11.61400
H 263.61600 103.73800 11.62810
C 263.91200 101.93900 13.21850
C 267.06500 102.66800 13.22130
C 264.99500 104.94800 13.23470
H 268.76800 101.97500 11.61190
H 266.71900 104.43000 11.62010
C 268.16000 105.53900 13.24160
H 264.60200 106.74300 11.63830
H 267.76300 107.38000 11.64370
H 269.89400 105.02900 11.64150
C 270.16500 103.15600 13.22540
C 273.30100 103.88700 13.20990
C 271.29600 106.21700 13.23410
C 274.57400 107.16300 13.22180
H 271.91800 102.58500 11.60610
H 273.04300 105.76700 11.61270
C 275.36200 101.83300 13.18510
C 249.92100 113.30100 13.12250
C 250.91800 107.94500 13.22590
C 254.12800 108.30600 13.24080
C 252.09700 110.87500 13.28310
C 255.38200 111.40000 13.22830
C 253.27300 113.93400 13.19760
C 257.49600 108.98500 13.24600
H 262.53700 109.16300 11.65600
C 260.75400 109.70800 13.23120
C 258.61100 112.08000 13.24700
C 261.76900 112.74600 13.24160
H 260.37600 111.53900 11.64390
H 259.31700 108.44400 11.62930
H 258.23200 113.84200 11.60720
C 266.01200 107.94000 13.24280
H 263.54100 112.17800 11.63740
C 269.14400 108.54600 13.23910
C 263.90300 110.40000 13.24680
C 267.05600 110.92800 13.22940
H 265.65300 109.74000 11.63130
H 268.85700 110.41400 11.62380
C 264.98000 113.32900 13.23200
C 268.15300 114.07100 13.21550
H 266.75200 112.77900 11.61420
H 270.88200 108.04600 11.62950
H 269.94600 113.42900 11.60480
C 270.20700 111.58200 13.22080
C 272.27400 109.20300 13.22560
H 274.06800 108.65800 11.61430
C 273.31600 112.36100 13.22280
H 275.00000 111.67200 11.61500
C 275.42800 110.18700 13.22700
H 271.97200 111.04600 11.61490
H 273.17200 114.23300 11.61650
C 254.28600 116.83200 13.14360
C 251.08700 116.24600 13.08760
C 252.12000 119.21600 13.06280
C 255.40700 119.82400 13.04890
C 256.40300 114.33100 13.19610
H 261.46400 114.55600 11.62270
C 259.67200 115.01800 13.24380
C 257.50000 117.52700 13.16660
H 262.51900 117.56900 11.61940
C 262.90300 115.77500 13.22960
C 260.74800 118.13100 13.21920
C 258.65800 120.40000 13.15530
H 260.44900 119.91900 11.57590
C 261.79000 121.13300 13.21460
H 259.33900 116.87400 11.63630
H 257.22500 119.27600 11.43330
H 263.53200 120.55300 11.61140
C 266.11800 116.30300 13.22620
H 267.80700 115.75000 11.60980
C 269.18400 116.93400 13.21240
H 264.65900 115.13800 11.62700
C 263.86800 118.81100 13.22360
H 265.62000 118.11300 11.62050
C 267.08600 119.34400 13.22010
H 268.80000 118.69900 11.60370
H 266.67100 121.09200 11.61500
C 271.33000 114.59100 13.21420
C 272.30500 117.49300 13.20680
C 274.71200 115.29300 13.21820
H 274.06800 117.10000 11.60410
H 270.92300 116.32300 11.60190
C 270.17100 119.91600 13.20390
C 275.35700 118.63300 13.19760
C 273.27800 120.61300 13.19830
H 271.91000 119.29800 11.59600
C 249.92100 121.56400 13.08280
C 253.21200 122.18200 13.13310
C 250.93000 124.62600 13.12710
C 254.19100 125.25400 13.19910
C 252.17000 127.57700 13.24660
C 256.42100 122.89600 13.23820
C 259.71500 123.51200 13.21030
C 257.43400 125.83500 13.25370
H 261.43500 122.94600 11.60110
H 262.48500 125.86500 11.60330
C 262.85000 124.08100 13.21250
C 260.75300 126.54700 13.20570
H 259.27100 125.37000 11.60500
C 264.91000 121.73000 13.21980
C 268.08100 122.31700 13.21170
C 265.92000 124.70300 13.21260
C 269.08000 125.29800 13.19860
H 264.58800 123.52000 11.61480
H 267.64900 124.10600 11.60360
C 263.82900 127.09900 13.20710
C 267.01800 127.71300 13.18930
H 265.59700 126.54300 11.59840
H 269.84900 121.73600 11.59570
C 271.25300 123.01300 13.19980
C 274.49100 123.97000 13.18940
C 272.13700 126.02400 13.18770
C 275.32900 126.97400 13.17330
C 249.94900 129.97900 13.34760
C 253.15300 130.73700 13.38230
C 254.29300 133.69700 13.29210
C 255.36800 128.37500 13.21750
C 250.92000 133.13500 13.30930
C 256.39600 131.32800 13.26450
C 259.66800 131.96600 13.21840
C 257.43200 134.33000 13.30730
H 261.42100 131.39500 11.60130
C 262.79000 132.52900 13.20860
H 262.49600 134.36700 11.60940
C 258.53100 128.97200 13.23620
C 261.78700 129.52300 13.20520
H 260.32900 128.38600 11.59550
C 265.92600 132.98900 13.20320
C 268.02300 130.66100 13.18760
C 264.81400 130.10200 13.19340
H 263.49900 128.89800 11.59580
H 264.55100 131.88100 11.59560
C 269.09200 133.62700 13.19750
C 270.08000 128.33300 13.18500
C 273.27300 129.01000 13.18100
C 272.14200 134.28600 13.18650
C 274.55400 131.93900 13.18900
C 271.22800 131.28900 13.18650
