14208
Frame 31
C -41.79090 5.29564 9.98112
C -43.15910 8.08625 9.96692
C -39.86130 7.54652 9.97155
H -40.45610 4.05838 11.58800
H -43.49040 4.77419 11.57260
H -41.60680 7.09826 11.56820
C -43.87400 3.30945 9.95923
C -44.95580 6.15678 10.01210
H -45.03150 7.56658 11.56450
C -38.77730 4.66923 9.99064
H -38.43430 6.42332 11.56710
C -35.70050 3.84927 9.99364
C -36.67260 6.84827 9.97776
C -33.62760 6.25093 9.98508
H -35.31880 5.61477 11.57910
H -36.38020 8.68045 11.57310
H -33.24390 8.01976 11.58160
H -34.21400 2.79060 11.58360
C -32.49250 3.37775 9.98980
H -32.14930 5.17958 11.57960
C -31.48120 8.57665 9.98775
C -30.40780 5.64705 9.94077
C -26.83900 4.95022 9.96953
C -28.16760 7.73795 9.87275
H -29.98960 7.45395 11.58880
C -29.38620 2.78909 9.93816
H -28.83150 4.50677 11.51060
H -26.43490 6.64248 11.29700
C -23.42510 4.21076 9.63861
C -24.56070 7.17421 9.71523
C -20.06820 3.53310 9.54469
C -21.12040 6.54011 9.61824
H -21.89310 3.06498 11.22110
H -19.56140 5.38361 11.21360
H -20.67270 8.38107 11.18890
H -25.16790 3.72111 11.41850
H -22.93160 6.03166 11.20670
H -39.47400 9.30576 11.56540
C -45.04850 14.28700 10.06790
C -40.84940 10.44090 9.96583
H -42.65380 9.88481 11.55320
C -43.88190 11.38470 9.96712
C -41.85690 13.38160 9.97768
H -41.60160 15.20510 11.57910
H -43.55790 12.91360 11.57430
H -40.47970 12.17520 11.56350
C -38.75310 12.73370 9.97741
C -34.59070 9.18636 9.98004
H -38.40300 14.51050 11.58150
C -37.75850 9.91029 9.97525
C -35.62860 12.19530 9.97947
C -36.63180 14.99470 9.98335
C -33.48620 14.55830 9.98675
H -35.20980 13.91570 11.57450
H -37.35780 11.62710 11.57480
H -34.28310 10.98340 11.57240
C -32.56010 11.63740 9.98769
H -32.09280 13.35260 11.59040
H -31.20440 10.40490 11.58460
C -25.79770 10.02300 9.82674
C -29.36160 10.87530 10.00170
C -30.34350 13.84720 9.95392
C -26.79090 13.12790 9.89087
H -27.67570 9.59174 11.45590
H -26.29830 14.86970 11.63680
H -28.69410 12.73070 11.48480
C -18.81450 8.94146 9.58602
C -23.48170 12.44920 9.76508
C -22.25210 9.52919 9.61994
C -20.01670 11.86800 9.82836
C -21.10730 14.81930 9.95468
H -21.94500 11.24500 11.33400
H -19.64170 13.59000 11.62710
H -25.20180 11.85550 11.46100
H -22.94400 14.18870 11.47470
H -24.05310 8.95142 11.32150
C -39.81470 15.68520 9.98817
C -43.13550 16.22330 9.99867
C -40.74190 18.57540 9.99254
H -39.39030 17.41440 11.58670
C -41.84530 21.52870 9.98919
H -40.37800 20.39800 11.57810
C -43.95250 18.88570 10.01290
C -45.01070 22.16610 9.98829
C -38.66990 20.93900 9.98668
C -37.66990 17.96880 9.98605
C -34.59810 17.47800 9.98761
H -36.30320 16.81840 11.57820
H -33.13950 16.31710 11.58370
C -35.47900 20.40260 9.99616
H -37.22770 19.76920 11.57540
H -34.14720 19.17840 11.58950
C -32.44610 19.73410 10.01140
H -29.87970 15.66240 11.54100
C -31.44260 16.80690 9.99877
C -27.90360 16.01450 10.04320
C -25.57850 18.29300 10.00590
C -29.15630 19.09800 10.09280
C -26.91530 21.20990 10.06070
C -30.26090 22.05770 10.03640
C -24.49210 15.41370 9.97561
C -23.36290 20.68830 10.07300
C -22.26520 17.73130 10.02630
C -18.92420 17.01730 10.01570
C -20.05690 19.99870 9.91972
H -20.78420 16.56420 11.68170
C -43.08190 24.44770 9.99491
C -39.75830 23.81960 9.99646
H -41.56790 23.33350 11.57580
C -40.77290 26.84820 10.01180
H -42.57700 26.23070 11.58560
C -43.97430 27.65810 10.00300
H -38.32880 22.72200 11.59150
C -36.57420 23.25390 10.01440
C -33.44530 22.60820 10.01830
C -37.63540 26.13220 10.02480
C -34.53760 25.65120 10.03090
C -35.69460 28.49580 10.02370
C -32.52630 27.98590 10.02210
C -27.95980 24.33020 10.06750
C -31.46910 24.94180 10.02280
C -25.52250 26.56060 10.02170
C -29.21490 27.29790 10.00660
C -19.96870 28.17550 10.13880
C -24.60290 23.45870 10.16320
C -21.30780 22.94620 10.03890
C -18.91270 25.34810 10.04890
C -22.32830 25.92780 10.05890
C -45.00070 30.47590 9.97794
C -39.87730 32.05930 10.02410
C -40.98070 35.01190 10.03210
C -41.86340 29.76880 10.01550
C -43.09230 32.72740 10.01730
C -37.70950 34.39450 10.02160
C -33.58550 30.84390 10.01200
C -36.79290 31.39130 10.02000
C -38.72750 29.10720 10.02960
C -34.65380 33.77750 10.01410
C -25.67690 34.63650 10.28400
C -26.68990 29.44450 10.02020
C -31.55860 33.17160 10.00800
C -28.02430 32.39380 10.22890
C -30.43940 30.29270 9.93454
C -24.43050 31.88220 10.15700
C -21.09870 31.14530 10.19460
C -23.34930 28.84780 10.03960
C -18.92200 33.46200 10.28120
C -22.27390 34.12630 10.32360
C -41.76350 5.33865 13.17210
C -43.16330 8.09431 13.15610
C -39.84040 7.53464 13.16160
C -44.97130 6.04617 13.20370
C -43.87470 2.79337 13.14920
C -38.73550 4.69484 13.18200
C -35.62050 3.85025 13.18480
C -36.63560 6.85106 13.16810
C -33.60110 6.24363 13.17470
H -37.42060 3.42874 11.60460
C -32.48670 3.37734 13.18160
C -31.50540 8.57941 13.17880
C -30.34400 5.61706 13.15320
C -26.88220 4.79279 12.92180
C -27.94430 7.68000 12.98750
C -29.10210 2.54317 12.96580
C -23.27530 4.24148 12.96090
C -24.54850 7.09629 12.85200
C -19.96180 3.48375 12.79720
C -21.07230 6.51363 12.80110
C -40.87710 10.43880 13.15500
C -43.89500 10.98050 13.15890
C -41.87360 13.37100 13.16630
C -44.97050 14.23710 13.25970
H -44.99630 15.81390 11.60550
C -38.78580 12.75650 13.16770
C -34.62490 9.23339 13.17130
C -37.77080 9.88081 13.16760
C -33.49390 14.55690 13.17760
C -36.63410 15.04410 13.17320
C -35.63450 12.18300 13.16860
C -32.58750 11.53360 13.17860
C -25.65080 9.91435 12.99040
C -29.25990 10.81950 13.03580
C -30.27290 13.75290 13.14080
C -26.75960 12.94190 13.15190
C -18.90270 8.79489 12.86810
C -23.35500 12.31190 13.06950
C -22.19070 9.38906 12.92770
C -20.12090 11.62820 12.97150
C -21.22050 14.65580 13.22130
C -39.81370 15.62450 13.17660
C -43.09970 16.23500 13.18760
H -42.51200 18.01910 11.59670
C -40.74740 18.59310 13.18180
C -43.89370 19.32720 13.20360
C -41.81280 21.56380 13.17690
H -43.52340 20.82420 11.59610
C -45.02040 22.12470 13.18220
C -38.62200 20.94510 13.17680
C -34.63190 17.41680 13.17880
C -37.68670 18.00480 13.17440
C -35.52160 20.38490 13.18290
H -35.18740 22.11690 11.60630
C -32.41130 19.73210 13.20070
H -32.06000 21.53300 11.61320
C -31.35790 16.74300 13.18950
H -31.01100 18.57440 11.61360
C -25.65700 18.27490 13.18720
C -28.00770 16.03920 13.11190
C -29.14880 19.09810 13.12780
C -26.86270 21.12320 13.21420
C -30.34220 22.07310 13.26790
H -28.79890 20.93360 11.72430
H -27.49790 17.89840 11.59840
C -24.37580 15.26540 13.24000
C -23.46760 20.48000 13.28340
C -22.26120 17.70830 13.33010
C -18.84470 17.05310 13.18400
C -19.99090 19.95660 13.24250
H -21.85560 19.48000 11.64150
H -19.66880 21.80580 11.52020
H -25.21670 20.16790 11.58340
H -24.05180 17.17030 11.67810
H -44.95980 23.57760 11.60490
C -43.08240 24.42160 13.18130
C -39.79000 23.78930 13.18630
C -40.78490 26.78430 13.20070
H -39.40320 25.61950 11.60920
C -43.89220 27.20230 13.19220
H -40.50290 28.59650 11.62250
C -33.47790 22.64270 13.20750
C -36.60390 23.20600 13.20490
H -33.18270 24.43700 11.61870
C -37.63160 26.16440 13.21430
C -34.56400 25.57810 13.21940
H -36.26460 25.01290 11.62950
H -37.39850 27.91510 11.62080
H -34.23850 27.37890 11.62620
C -35.67550 28.49190 13.21420
C -32.53310 27.94850 13.21180
H -29.91870 23.87100 11.59300
C -28.04110 24.33260 13.16430
C -31.46650 24.93240 13.21210
H -31.13250 26.76690 11.61830
C -25.68830 26.44740 13.26110
C -29.14410 27.17150 12.98630
H -27.47770 26.09700 11.48130
H -26.44330 23.04170 11.70080
C -24.60010 23.53320 13.35300
C -21.05630 22.89460 13.27820
C -18.84290 25.15180 13.22310
C -22.24110 25.83040 13.32580
C -20.04970 28.08460 13.34370
H -20.75880 24.76450 11.63150
H -25.14920 28.33910 11.68220
H -21.85780 27.69760 11.72010
H -23.00630 22.40720 11.79360
H -24.11340 25.35590 11.74100
H -42.75700 34.51830 11.62180
H -41.63840 31.59540 11.61300
H -44.96570 31.95370 11.60070
C -45.01620 30.49500 13.16720
H -43.54730 29.13040 11.59760
C -41.90110 29.81290 13.20620
C -43.08870 32.69210 13.20590
C -39.90740 32.09620 13.21480
C -40.93420 34.98530 13.21960
H -39.48340 33.86310 11.61960
H -36.36450 33.18000 11.61180
H -35.35190 30.29860 11.60940
C -38.79640 29.08210 13.21820
H -33.27010 32.64180 11.60840
C -36.74200 31.39720 13.21170
C -33.58410 30.87360 13.20300
C -37.68000 34.38930 13.21180
C -34.66870 33.76440 13.20270
H -38.54020 30.88310 11.62640
H -27.48590 34.19660 11.88770
H -28.79220 29.05900 11.32660
H -30.02770 32.08850 11.57950
H -31.22990 34.99500 11.60480
C -28.06470 32.42990 13.14580
H -32.16300 29.76470 11.60630
C -30.26250 30.13520 13.01790
C -26.95580 29.49200 13.05520
C -31.53760 33.19250 13.19710
C -25.67380 34.76380 13.56270
H -26.33170 31.27520 11.66100
H -19.52990 29.99620 11.76060
H -24.11620 33.56930 11.97890
C -22.30090 34.12100 13.57990
C -24.52290 31.58600 13.38220
C -23.43660 28.77510 13.35820
C -18.78130 33.48540 13.49350
C -21.11990 31.05620 13.39640
H -20.71750 32.98080 11.95390
H -22.95880 30.63490 11.69380
C -41.96260 37.99740 10.04040
C -43.24220 40.92700 10.05910
C -39.95680 40.29850 10.04890
C -44.04020 36.01160 10.03040
C -45.00170 38.87410 10.01030
C -38.78920 37.30120 10.03060
C -35.69190 36.80070 10.01850
C -36.84880 39.73180 10.03490
C -33.70600 39.09380 10.02360
C -32.61870 36.10180 10.00980
C -31.61610 41.31080 10.02700
C -30.41830 38.29580 10.07300
C -26.77190 37.58270 10.18860
C -28.17040 40.60550 9.96862
C -29.14070 35.33220 10.31020
C -23.35450 36.92040 10.17240
C -24.49990 39.95650 10.05260
C -20.00980 36.40690 10.31770
C -21.06550 39.26530 10.17340
C -40.93780 43.24320 10.06060
C -43.93160 43.70490 10.05580
C -41.84640 46.26190 10.04580
C -44.98170 46.89190 10.01930
C -38.84750 45.65390 10.05450
C -34.68070 42.06800 10.04650
C -37.79550 42.68790 10.06330
C -35.70310 44.98740 10.05590
C -33.56070 47.26050 10.02470
C -36.78200 47.85860 10.04390
C -32.57150 44.26330 10.02420
C -25.72860 42.93220 10.15640
C -29.40630 43.52990 9.98932
C -26.92670 45.79600 10.17230
C -30.42430 46.57310 9.99645
H -28.93760 45.44670 11.57550
H -26.66680 47.75900 11.66910
C -18.88240 41.48750 10.13780
C -23.61520 45.17010 10.18150
C -22.37190 42.28640 10.04920
C -20.06090 44.49640 9.99232
C -21.22640 47.42520 10.03440
H -25.45920 44.75440 11.89430
C -39.89530 48.57040 10.03870
C -43.13500 49.25810 10.02920
C -40.88150 51.45750 10.02910
C -44.01690 52.38640 10.01330
C -42.00280 54.45640 10.02450
C -45.03790 55.29660 9.99165
C -38.75120 53.81110 10.03690
C -34.65230 50.19430 10.01890
C -37.73950 50.82250 10.03700
C -35.79200 53.15140 10.03050
H -30.01420 48.47270 11.56890
C -32.61400 52.58590 10.00100
H -32.27200 54.38780 11.58860
C -31.52200 49.66380 10.00050
H -31.17920 51.46140 11.59200
C -25.84200 51.10160 9.92833
C -28.14850 48.83080 9.96268
C -29.19360 51.81530 10.10040
C -26.95380 54.03010 10.19750
C -30.42600 54.68040 10.08730
H -27.75430 50.70020 11.49090
H -28.86620 53.70630 11.74160
C -24.91970 48.15360 9.96430
C -23.40810 53.33870 9.89462
C -22.40990 50.49200 10.07470
C -18.83270 49.83210 10.13370
C -20.11230 52.64520 10.06920
H -22.03310 52.32410 11.65930
H -19.56750 54.48640 11.73220
H -24.32250 49.95820 11.58190
H -20.85390 49.33090 11.69650
H -25.23370 52.94300 11.54170
C -43.25630 57.30700 10.02750
C -39.87320 56.77150 10.02610
C -40.87140 59.66860 10.02030
C -43.88610 60.58670 10.01070
C -36.75620 56.09450 10.03670
C -37.67520 59.04920 10.02630
C -33.68490 55.51520 10.01100
C -34.59560 58.39570 10.01810
C -35.58640 61.38230 10.01040
C -32.43480 60.73850 9.99877
C -31.46400 57.81810 9.99382
H -31.10600 59.60650 11.58810
C -28.00270 57.00280 10.02340
C -25.74440 59.28810 9.94775
H -29.95180 56.65580 11.54960
C -29.26790 60.01800 10.02430
H -27.61760 58.94130 11.60000
H -26.45230 55.93720 11.76250
C -24.72330 56.24590 9.98294
C -21.00060 55.63480 9.95840
C -18.80880 57.90340 10.01990
C -22.19640 58.61260 9.80031
C -20.00790 60.91560 9.84359
H -21.89770 60.46600 11.42380
H -25.25440 61.23360 11.49330
H -22.96260 55.26330 11.43000
H -24.07510 58.21160 11.43450
H -20.73990 57.49160 11.54970
H -44.92290 64.95360 11.53760
H -43.45580 62.12460 11.58310
C -42.99280 65.48030 9.96426
H -39.38870 66.69100 11.59400
C -39.73200 64.94440 9.99266
C -40.79560 67.92790 9.98801
H -42.54650 67.29700 11.56560
H -41.49180 64.40910 11.57200
C -41.77070 62.62460 9.99228
C -44.89480 63.44200 9.97743
C -38.70450 61.99820 10.01160
C -34.52810 66.63370 9.99076
C -33.41490 63.74150 9.99576
H -33.09890 65.52460 11.58210
C -37.63900 67.25170 10.00170
C -36.56740 64.27970 10.00120
H -36.27270 66.05980 11.59480
C -30.30670 63.03980 9.99807
H -29.85320 64.89970 11.59670
C -26.87680 62.38240 9.89634
C -31.37550 65.99280 9.99167
H -32.10970 62.55370 11.59390
H -31.03090 67.82990 11.59400
C -25.62260 67.53130 9.98595
C -28.06700 65.32310 9.95653
H -27.43880 67.09840 11.62040
H -26.34750 64.17980 11.37290
H -28.72570 61.88840 11.60010
H -19.65860 62.78460 11.51210
H -23.96840 66.40470 11.45820
C -21.06330 63.95190 9.87552
H -22.94920 63.43660 11.47320
H -20.68180 65.77060 11.50980
C -22.10970 66.96280 9.86814
C -18.81170 66.20040 9.85371
C -24.40360 64.62400 9.81070
C -23.42280 61.59110 9.80963
C -41.95650 37.98300 13.23030
C -43.24860 40.96820 13.25000
C -39.90380 40.28420 13.23630
H -43.64610 37.41700 11.62750
H -40.54670 36.79150 11.63320
H -41.76090 39.80690 11.64560
H -45.05430 40.30940 11.65980
C -45.08900 38.74470 13.20180
C -44.11040 35.51170 13.22040
C -38.78280 37.34630 13.22060
H -38.55160 39.10630 11.62600
C -35.74340 36.77730 13.20660
C -36.84650 39.72740 13.22530
H -35.44030 38.58210 11.61600
C -33.64220 39.06110 13.21240
H -33.33600 40.83080 11.63450
H -37.39700 36.18840 11.61950
H -36.41840 41.46770 11.64880
H -34.38960 35.57980 11.60270
C -32.66340 36.14170 13.19800
H -32.28780 37.92140 11.60380
C -31.54450 41.31200 13.21590
C -30.53240 38.39470 13.22230
C -26.88370 37.60050 13.23170
H -30.06600 40.24470 11.57140
C -28.13540 40.48190 13.08010
C -29.30980 35.43590 13.17870
H -28.85670 37.25340 11.74270
H -26.50140 39.44730 11.45830
C -23.37340 37.17370 13.46520
C -24.70120 39.89650 13.21610
C -20.01480 36.42480 13.53040
C -21.23230 39.42910 13.40630
H -20.78410 41.16530 11.71320
H -25.15250 36.53440 11.85180
H -21.86340 35.92530 11.89380
H -19.61880 38.24370 11.96680
H -22.96070 38.85730 11.68760
H -39.52390 42.08760 11.65730
C -40.94290 43.23140 13.24790
H -42.67380 42.73100 11.65650
C -43.96850 44.20460 13.24670
H -43.54250 45.60000 11.63990
C -41.88280 46.30950 13.23710
H -40.54660 45.00520 11.64870
H -41.65200 48.06030 11.63520
C -44.99950 46.97010 13.21170
H -45.05340 48.31180 11.61550
C -38.88510 45.66950 13.24500
C -34.68950 42.06070 13.23470
H -38.48840 47.41910 11.63760
C -37.77390 42.63540 13.25060
C -35.74080 44.97170 13.24520
H -37.46120 44.44970 11.66290
H -34.32190 43.83600 11.63740
C -36.74080 47.90190 13.23210
C -33.58030 47.33020 13.21240
H -35.34380 46.78060 11.64820
C -32.54710 44.29560 13.21470
H -32.23890 46.12140 11.60780
H -31.18790 43.13140 11.61380
C -25.92180 43.00650 13.23880
C -29.33580 43.56140 13.14750
C -27.18800 45.98820 13.25440
C -30.43340 46.67350 13.16320
H -27.77540 42.46140 11.55570
C -18.85460 41.57590 13.27330
C -23.41490 45.24640 13.22810
C -22.30330 42.28930 13.35850
C -19.95830 44.61770 13.21930
C -21.28280 47.44610 13.00070
H -19.48460 46.38330 11.49580
H -23.25720 47.03020 11.42290
H -21.87480 44.09680 11.71740
H -24.15810 41.79380 11.75700
C -39.88470 48.56590 13.22810
C -43.21890 49.06540 13.21690
H -42.71640 50.89610 11.61880
C -40.93530 51.44120 13.21800
H -39.48600 50.35440 11.62830
C -44.06770 52.35600 13.20330
C -42.00590 54.48830 13.21310
H -43.62920 53.91350 11.61010
H -40.57340 53.26970 11.62560
C -45.09480 55.28440 13.18530
C -38.77560 53.78480 13.22760
C -37.76320 50.80260 13.22490
C -34.62900 50.22760 13.20560
H -36.36770 49.66330 11.62800
H -33.21410 49.08680 11.60040
C -35.72050 53.13760 13.21730
H -34.34950 52.00580 11.60750
H -37.45550 52.59150 11.63720
H -35.39960 54.95330 11.62680
C -32.60300 52.58230 13.18960
C -31.46770 49.66620 13.19040
C -28.18360 48.92850 13.19050
C -25.88110 51.16000 13.14180
C -29.28330 52.00760 13.09930
C -26.81140 54.20170 13.15950
C -30.47730 54.92530 13.14120
C -24.70220 48.16000 13.17020
C -23.51310 53.58610 13.19250
C -22.48060 50.49910 13.24830
C -18.82330 49.75530 13.16350
C -19.93820 52.74560 13.04500
H -45.00190 56.86480 11.62410
C -43.19540 57.28970 13.21580
C -39.88820 56.77550 13.21640
C -40.82210 59.68080 13.20890
H -41.69770 56.28660 11.62020
H -42.60750 59.10850 11.62120
H -39.43800 58.50260 11.61330
C -43.83850 60.25110 13.19910
H -40.42260 61.43720 11.60800
H -38.51120 55.59780 11.63240
C -33.60260 55.55170 13.19980
C -36.75990 56.12140 13.22540
C -37.66750 59.01990 13.21360
C -34.54200 58.48500 13.20680
H -36.30830 57.87950 11.63110
H -33.18090 57.26910 11.60090
H -37.31580 60.83730 11.61640
H -34.22480 60.20890 11.60320
C -35.55520 61.38720 13.20170
C -32.44980 60.75790 13.19070
C -31.45370 57.79080 13.18450
C -28.10490 57.21620 13.20700
C -25.59440 59.39190 13.05890
C -29.24380 60.26700 13.15100
C -24.41390 56.43310 13.11860
C -21.22520 55.66830 13.18040
C -18.90040 57.99550 13.13390
C -22.30780 58.65720 13.13820
C -20.12370 60.90830 13.08540
C -40.77210 67.87790 13.17860
C -39.74950 64.94870 13.18150
C -41.77990 62.59850 13.18200
C -43.07200 65.43540 13.15280
C -44.92320 63.43930 13.16940
C -38.73450 62.06680 13.20220
C -36.56920 64.26010 13.19130
C -34.53930 66.62630 13.18240
C -37.68240 67.24890 13.19370
C -33.41160 63.76440 13.18700
H -35.15890 63.17520 11.59840
H -38.33340 63.78390 11.59600
C -30.32000 63.02320 13.16000
C -27.87190 65.16690 13.10660
C -26.77430 62.40060 13.06850
C -31.39470 66.00120 13.18410
C -25.52400 67.41250 13.15820
C -22.22350 66.81450 13.14630
C -23.41910 61.61910 13.07670
C -21.16520 63.95200 13.11240
C -24.52140 64.53310 13.04700
C -18.80830 66.14820 13.09830
C -41.82650 70.93420 9.98112
C -43.05290 73.83320 9.96692
C -39.77210 73.31500 9.97155
H -40.44530 69.70000 11.58800
H -43.44630 70.23600 11.57260
H -41.54660 72.74500 11.56820
C -43.76910 68.77120 9.95923
H -44.91480 73.03900 11.56450
C -44.89650 71.64360 10.01210
C -38.71030 70.20830 9.99064
H -38.43630 72.02090 11.56710
C -35.54300 69.53180 9.99364
C -36.66240 72.57770 9.97776
C -33.52260 71.92640 9.98508
H -35.27730 71.38340 11.57910
H -36.28110 74.35960 11.57310
H -33.13890 73.69060 11.58160
H -34.18630 68.36350 11.58360
C -32.43030 68.91720 9.98980
H -32.09240 70.71820 11.57960
C -31.36420 74.13770 9.98775
C -30.13740 71.06640 10.14270
C -26.84380 70.41250 10.09750
C -27.94180 73.35380 9.96498
H -29.82260 73.05850 11.59000
C -29.08280 68.18980 10.14600
H -26.36650 72.33790 11.56980
H -28.60770 70.00620 11.79310
C -23.34180 69.86540 10.03280
C -24.44150 72.73420 9.99270
C -19.94950 69.22080 10.02840
C -21.04300 72.08180 10.09870
H -19.45880 70.94350 11.74410
H -20.60640 73.88770 11.66910
H -21.79780 68.72420 11.60520
H -25.17970 69.35130 11.61020
H -22.94090 71.65880 11.69410
H -39.43540 75.02040 11.56540
C -40.83230 76.14700 9.96583
H -42.59480 75.61900 11.55320
C -43.85590 77.13940 9.96712
C -41.77560 79.12140 9.97768
H -41.42400 80.85990 11.57910
H -43.45770 78.54350 11.57430
H -40.45980 77.93210 11.56350
C -44.97260 79.90430 10.06790
C -38.71040 78.42100 9.97741
C -34.51650 74.91920 9.98004
H -38.29990 80.17750 11.58150
C -37.67440 75.50410 9.97525
C -35.58670 77.79790 9.97947
C -36.57930 80.79610 9.98335
C -33.41910 80.13730 9.98675
H -35.18610 79.59070 11.57450
H -37.31860 77.26320 11.57480
H -34.16000 76.67650 11.57240
C -32.38530 77.15150 9.98769
H -32.00710 78.97990 11.59040
H -31.06280 75.96810 11.58460
C -25.65060 75.62870 9.88956
C -29.29540 76.29530 9.95523
C -30.27360 79.44350 9.91356
C -26.82320 78.58000 9.84483
H -27.53790 75.31300 11.48800
H -28.72320 78.24630 11.45300
H -26.31250 80.48280 11.38000
C -18.79330 74.42720 10.03490
C -23.29740 77.94820 9.94744
C -22.13930 75.04430 10.02800
C -19.91500 77.37810 9.98259
C -21.07180 80.35100 9.87127
H -22.89270 79.80190 11.51380
H -21.74550 76.84340 11.59540
H -25.20990 77.53760 11.42780
H -19.66500 79.27370 11.59860
H -24.11270 74.60580 11.59880
C -39.70020 81.31520 9.98817
C -42.96180 81.94670 9.99867
C -40.68640 84.30700 9.99254
H -39.30450 83.08360 11.58670
C -41.72960 87.21160 9.98919
H -40.33900 86.03190 11.57810
C -43.85180 85.02090 10.01290
C -44.84340 87.98390 9.98829
C -38.59740 86.65060 9.98668
C -37.59450 83.65630 9.98605
C -34.45980 83.02400 9.98761
H -36.19390 82.54150 11.57820
H -33.01510 81.87730 11.58370
C -35.55720 85.97200 9.99616
H -37.28830 85.44930 11.57540
H -34.19620 84.79430 11.58950
C -32.48940 85.46040 10.01140
H -29.84630 81.23070 11.55460
C -31.30480 82.41310 9.99877
C -27.99000 81.63320 9.98787
C -25.60600 83.83880 10.01480
C -29.14070 84.59350 10.06390
C -26.78340 86.69350 10.00470
C -30.20580 87.54920 10.02920
H -27.48960 83.45040 11.63580
C -24.42220 80.89660 9.83823
C -23.35550 86.25710 9.92776
C -22.29500 83.36510 9.93999
C -18.95020 82.75170 9.90959
C -19.98430 85.56070 9.98320
H -25.15380 85.72430 11.61440
H -24.02710 82.69600 11.55850
H -20.72440 82.19600 11.51900
H -21.84560 85.17890 11.59110
H -19.47620 87.47750 11.52030
C -43.05680 90.29470 9.99491
C -39.71670 89.59300 9.99646
H -41.53080 89.05070 11.57580
C -40.74190 92.48340 10.01180
H -42.54050 91.94700 11.58560
C -43.77180 93.42580 10.00300
H -38.37640 88.43350 11.59150
C -36.65210 88.97540 10.01440
C -33.47470 88.38180 10.01830
C -37.63800 91.92060 10.02480
C -34.53840 91.23760 10.03090
C -35.53240 94.19170 10.02370
C -32.46470 93.59230 10.02210
C -27.93250 89.88110 9.96109
C -31.34330 90.65000 10.02280
C -25.64830 92.20080 9.96603
C -29.06040 92.78040 10.11460
C -20.12920 93.73400 9.72466
C -22.28410 91.50700 9.90535
C -24.44140 89.14890 9.85652
C -21.08820 88.55130 9.93207
C -18.97730 90.86490 9.80932
C -40.84710 100.66500 10.03210
C -44.89880 96.27450 9.97794
C -43.09820 98.36370 10.01730
C -39.75380 97.69780 10.02410
C -41.81080 95.40180 10.01550
C -37.59620 100.05400 10.02160
C -36.60360 97.12500 10.02000
C -34.51100 99.49060 10.01410
C -33.48080 96.54460 10.01200
C -38.64200 94.87370 10.02960
C -31.32030 98.76680 10.00800
C -30.18940 95.81070 10.04330
C -25.84480 100.42700 9.74172
C -28.03100 98.06780 9.97105
C -26.80400 95.15520 10.05790
H -27.63330 99.91980 11.42960
C -22.18340 99.94550 9.83763
C -24.48590 97.62390 9.82433
C -21.21850 96.94830 9.71002
C -23.43930 94.53220 9.89723
C -18.88260 99.20620 9.55922
H -20.54000 98.70410 11.38380
H -24.16200 99.29750 11.23100
C -41.78310 70.90540 13.17210
C -43.07000 73.78420 13.15610
C -39.78730 73.27350 13.16160
C -44.87960 71.55520 13.20370
C -43.81740 68.28950 13.14920
C -38.70390 70.22270 13.18200
C -35.52320 69.60120 13.18480
C -36.69110 72.54000 13.16810
C -33.49620 71.83910 13.17470
H -37.32400 69.04860 11.60460
C -32.43690 68.91050 13.18160
C -31.38360 74.15670 13.17880
C -30.27520 71.24430 13.18420
C -26.63930 70.48440 13.24360
C -27.89670 73.57730 13.14970
C -29.08020 68.36500 13.08340
C -23.32280 69.85210 13.28010
C -24.53640 72.80420 13.24250
C -19.89740 68.93490 13.17660
C -21.05410 72.04180 13.27740
C -40.84340 76.18990 13.15500
C -43.85750 76.65510 13.15890
C -41.78320 79.10750 13.16630
C -44.91160 79.73970 13.25970
H -44.86250 81.47200 11.60550
C -38.74660 78.39270 13.16770
C -34.51960 74.87090 13.17130
C -37.67210 75.50110 13.16760
C -33.39370 80.11000 13.17760
C -36.57750 80.78060 13.17320
C -35.61290 77.83970 13.16860
C -32.41820 77.17730 13.17860
C -25.69920 75.80050 13.13140
C -29.12640 76.42920 13.07510
C -30.15520 79.38750 13.13420
C -26.76580 78.62360 13.00070
C -18.78310 74.46720 13.28090
C -23.38570 77.94350 13.07590
C -22.25370 74.98260 13.19670
C -19.93870 77.45310 13.19990
C -21.18250 80.39730 13.17730
C -39.69150 81.32940 13.17660
C -42.97550 81.87290 13.18760
H -42.43240 83.70370 11.59670
C -40.66020 84.25870 13.18180
C -43.84230 84.72430 13.20360
C -41.72920 87.19770 13.17690
H -43.39310 86.56710 11.59610
C -44.87290 87.90110 13.18220
C -38.65720 86.64940 13.17680
C -34.39140 82.98700 13.17880
C -37.60500 83.68290 13.17440
C -35.56710 85.93320 13.18290
H -35.21880 87.76920 11.60630
C -32.50100 85.48370 13.20070
H -32.06020 87.23290 11.61320
C -31.26580 82.41130 13.18950
H -31.08250 84.25180 11.61360
C -25.58140 83.83060 13.22550
C -27.89210 81.55350 13.07350
C -29.16760 84.57700 13.18760
C -26.78460 86.81860 13.16640
C -30.29590 87.68310 13.18120
H -28.73040 86.42160 11.63130
C -24.49880 80.76210 13.10330
C -23.32730 86.26430 13.22600
C -22.22230 83.33290 13.19360
C -18.92910 82.68690 13.14090
C -19.93100 85.61410 13.14700
H -44.90860 89.29620 11.60490
C -43.06450 90.16940 13.18130
C -39.78400 89.62600 13.18630
C -40.75780 92.50850 13.20070
H -39.36170 91.34350 11.60920
C -43.80100 93.36900 13.19220
H -40.37010 94.26710 11.62250
C -33.45620 88.35120 13.20750
C -36.65880 88.95330 13.20490
H -33.09290 90.14280 11.61870
C -37.64560 91.94960 13.21430
C -34.53110 91.23350 13.21940
H -36.28400 90.72530 11.62950
H -37.24390 93.69780 11.62080
H -34.15430 93.04350 11.62620
C -35.47650 94.23140 13.21420
C -32.46540 93.63520 13.21180
H -29.83870 89.50270 11.54130
C -27.90380 89.71620 13.14190
C -31.32260 90.58960 13.21210
H -30.98800 92.47470 11.61830
C -25.52160 92.23030 13.29380
C -29.07830 92.74280 13.22600
H -27.41990 91.65460 11.70140
H -26.33550 88.66310 11.45550
C -20.00410 93.92910 12.95380
C -24.54110 89.11520 13.14350
C -21.01090 88.48300 13.11380
C -18.90930 90.97840 13.07470
C -22.33140 91.48490 13.11820
H -25.18980 94.02310 11.66340
H -24.13650 91.00080 11.53400
H -21.87920 93.33330 11.49040
H -22.92970 88.11180 11.54790
H -20.70620 90.43660 11.55080
H -44.94570 97.81170 11.60070
H -43.46210 94.84980 11.59760
C -41.81860 95.42290 13.20620
C -43.05990 98.31060 13.20590
C -39.77590 97.74090 13.21480
C -40.83870 100.60600 13.21960
H -39.35890 99.54120 11.61960
H -41.54040 97.25610 11.61300
H -42.64890 100.17800 11.62180
C -44.90320 96.22680 13.16720
C -36.60450 97.14710 13.21170
C -38.66180 94.80050 13.21820
H -33.09910 98.28640 11.60840
C -33.46160 96.52530 13.20300
H -36.21370 98.91210 11.61180
C -34.51010 99.51200 13.20270
H -38.32760 96.62010 11.62640
H -35.21040 95.96750 11.60940
C -37.61750 100.09500 13.21180
C -26.73470 95.21630 13.21720
H -29.87910 97.64820 11.61330
C -25.73360 100.31900 12.95410
H -32.05270 95.38970 11.60630
H -28.67640 94.70640 11.73150
C -27.91380 98.03970 13.07480
C -31.34130 98.78680 13.19710
H -26.35220 96.97670 11.45370
C -30.23990 95.76750 13.25060
H -30.98820 100.58000 11.60480
H -22.93850 96.36000 11.46410
C -22.28450 99.71770 12.84100
C -24.48860 97.55240 12.97130
C -18.65150 99.25260 12.85160
C -20.99330 96.78070 12.92310
C -23.35510 94.50770 13.14540
H -19.60800 95.66850 11.15790
C -41.74120 103.65900 10.04040
C -43.01520 106.47300 10.05910
C -39.71180 105.96300 10.04890
C -44.85210 104.48100 10.01030
C -43.91250 101.67500 10.03040
C -38.68510 103.00500 10.03060
C -35.54090 102.38800 10.01850
C -36.55060 105.29400 10.03490
C -33.40300 104.79700 10.02360
C -32.40630 101.78200 10.00980
C -31.37030 107.07300 10.02700
C -30.30220 104.07900 9.97765
C -27.07720 103.44400 9.77505
C -28.13190 106.49800 9.91395
C -29.22730 101.08400 9.94922
H -26.56510 105.28600 11.40220
C -23.50500 102.63900 9.85726
C -24.67260 105.74000 9.82888
C -19.98420 102.18500 9.63007
C -21.17050 105.03400 9.69076
H -20.72680 106.85900 11.33200
H -21.70280 101.70000 11.40410
H -23.00790 104.60400 11.37770
H -19.50860 104.00700 11.27240
H -25.47970 102.25000 11.35800
C -40.71830 108.89600 10.06060
C -43.83350 109.36700 10.05580
C -41.70740 111.78400 10.04580
C -44.83360 112.47300 10.01930
C -38.60560 111.26100 10.05450
C -34.46400 107.73800 10.04650
C -37.58920 108.27900 10.06330
C -35.49120 110.61800 10.05590
C -33.46470 112.96400 10.02470
C -36.57160 113.53000 10.04390
C -32.33690 110.11100 10.02420
C -25.83490 108.67600 9.97259
C -29.24500 109.21200 10.03610
C -26.89600 111.66500 10.02810
C -30.25010 112.39300 10.01080
H -28.78230 111.18000 11.48870
H -26.50150 113.44600 11.74840
C -18.88590 107.42600 9.77551
C -23.59250 110.92000 9.93657
C -22.33870 108.03500 9.78392
C -19.98120 110.25800 9.77027
C -21.32190 113.23000 9.89457
H -21.84750 109.84200 11.39590
H -23.12860 112.78300 11.55110
H -19.57410 112.16800 11.28830
H -24.12240 107.54000 11.46520
H -25.38410 110.48500 11.59860
C -39.74580 114.17000 10.03870
C -43.00490 114.63300 10.02920
C -40.80950 117.08700 10.02910
C -43.92950 117.94100 10.01330
C -41.82490 120.07900 10.02450
C -44.88950 120.86200 9.99165
C -38.71380 119.44500 10.03690
C -34.51130 115.93200 10.01890
C -37.64580 116.55500 10.03700
C -35.60020 118.88500 10.03050
C -32.45130 118.34100 10.00100
H -29.85480 114.20000 11.63750
H -32.14920 120.12700 11.58860
C -31.35760 115.27400 10.00050
H -31.08780 117.09900 11.59200
C -25.73430 116.79900 10.08220
C -27.99490 114.62900 10.11800
C -29.16980 117.44200 10.10750
C -26.98410 119.59400 10.05910
H -27.58950 116.44400 11.69590
H -28.83520 119.34300 11.69340
C -30.30980 120.62700 10.06890
C -24.70390 113.91900 10.03820
H -25.34510 118.64200 11.68950
C -23.58630 119.06400 9.95235
C -22.43020 116.18400 9.93842
C -18.96730 115.42500 9.84293
C -20.14800 118.41700 9.76781
H -21.91320 118.04400 11.53020
H -24.15710 115.71300 11.67100
H -19.59750 120.32900 11.22170
H -20.77830 115.08100 11.50120
C -43.04530 122.90400 10.02750
C -39.79480 122.33500 10.02610
C -40.83420 125.28700 10.02030
C -43.86150 126.16000 10.01070
C -36.71660 121.76900 10.03670
C -37.71350 124.74800 10.02630
C -33.53830 121.24500 10.01100
C -34.59680 124.15700 10.01810
C -35.64890 127.10000 10.01040
C -32.45000 126.47800 9.99877
C -31.47970 123.52000 9.99382
H -31.06120 125.34800 11.58810
C -28.05840 122.71800 10.01510
C -25.94060 124.93500 9.85596
H -29.97510 122.34600 11.56010
C -29.13730 125.64500 10.02830
H -26.52510 121.57100 11.49300
H -27.63730 124.57100 11.60940
C -20.23180 126.57000 9.59698
C -24.68110 122.00200 9.84646
C -21.36440 121.33900 9.75927
C -19.06180 123.58100 9.65869
C -22.48510 124.27200 9.73583
H -21.95890 126.12200 11.31490
H -24.27010 123.89500 11.37580
H -23.15640 120.93600 11.48540
H -20.88740 123.19300 11.32960
H -25.51310 126.82700 11.44280
C -44.93700 128.99000 9.97743
H -43.49780 127.66400 11.58310
H -41.63390 130.09500 11.57200
H -39.48970 132.36200 11.59400
C -41.81190 128.31800 9.99228
C -43.06120 131.29000 9.96426
C -39.89100 130.59600 9.99266
C -40.82180 2.31214 9.98801
H -42.61380 133.06900 11.56560
H -44.91010 130.44800 11.53760
C -38.74870 127.66500 10.01160
H -36.34200 131.84100 11.59480
C -36.72520 130.06900 10.00120
C -37.73550 133.00500 10.00170
H -33.18140 131.18700 11.58210
C -34.59450 132.31300 9.99076
C -33.53960 129.43200 9.99576
C -30.32870 128.74200 10.07010
H -31.10470 2.18607 11.59400
C -31.43210 131.64700 9.99167
C -28.06130 131.02600 9.93838
C -27.02550 128.04900 9.86348
H -32.17110 128.27600 11.59390
H -29.91630 130.55800 11.65460
C -25.67650 1.96503 9.75496
H -26.34530 129.81300 11.41410
H -28.71140 127.55700 11.62540
H -27.60150 132.78400 11.25370
H -19.66640 128.50100 11.08140
C -18.91970 131.90200 9.44888
C -21.21060 129.50900 9.43729
C -23.69160 127.10900 9.75683
C -24.61560 130.17800 9.60363
H -24.07880 132.00400 11.17350
H -23.03250 129.00000 11.10010
H -20.80310 131.40600 11.00500
C -22.31070 132.58000 9.50022
C -41.78340 103.59000 13.23030
C -43.01730 106.52000 13.25000
C -39.69720 105.88600 13.23630
H -43.44900 103.09300 11.62750
H -40.42290 102.42200 11.63320
H -41.45770 105.42100 11.64560
H -44.86020 105.97800 11.65980
C -44.89550 104.39000 13.20180
C -43.85510 101.16900 13.22040
C -38.68780 102.93800 13.22060
H -38.28660 104.76300 11.62600
C -35.52180 102.37600 13.20660
C -36.53880 105.31000 13.22530
H -35.13380 104.19700 11.61600
C -33.38310 104.78300 13.21240
H -33.06450 106.55700 11.63450
H -37.23110 101.84900 11.61950
H -36.18700 107.11200 11.64880
H -34.10540 101.25200 11.60270
C -32.31570 101.72200 13.19800
H -32.06230 103.56400 11.60380
C -31.27740 107.05600 13.21590
C -30.27760 104.00400 13.16640
C -26.89950 103.48900 13.11000
H -29.88780 105.88700 11.60880
C -28.03360 106.31600 13.19090
C -29.12430 100.93700 13.10860
H -28.76400 102.84900 11.55310
C -23.48670 102.66300 12.90180
C -24.64690 105.67000 13.00110
C -19.75240 102.15800 12.89400
C -21.09450 104.96600 12.94670
H -39.33480 107.71300 11.65730
C -40.75760 108.95000 13.24790
H -42.55360 108.35000 11.65650
C -43.88020 109.79900 13.24670
H -43.39940 111.23800 11.63990
C -41.72060 111.81400 13.23710
H -40.32260 110.65900 11.64870
H -41.49630 113.58800 11.63520
C -44.84690 112.62800 13.21170
H -44.84590 114.04000 11.61550
C -38.58250 111.21500 13.24500
C -34.47140 107.71000 13.23470
H -38.32890 113.01700 11.63760
C -37.62240 108.28600 13.25060
C -35.47640 110.62900 13.24520
H -37.21220 110.08000 11.66290
H -34.05380 109.47800 11.63740
C -36.58210 113.63300 13.23210
C -33.39150 113.01000 13.21240
H -35.18880 112.43600 11.64820
C -32.33390 110.11500 13.21470
H -32.01560 111.88400 11.60780
H -31.00940 108.86100 11.61380
C -25.65840 108.57000 13.12010
C -29.10570 109.30200 13.13830
C -26.96930 111.46400 13.21750
C -30.19060 112.33600 13.16870
H -27.62800 108.21100 11.66010
C -18.88560 107.30700 12.91660
C -23.45650 110.82200 13.06170
C -22.18400 107.93700 13.03310
C -20.00580 110.39000 12.97370
C -21.07330 113.30800 12.95800
C -39.77960 114.14900 13.22810
C -42.99480 114.68900 13.21690
H -42.58110 116.51400 11.61880
C -40.80450 117.12300 13.21800
H -39.40450 115.95500 11.62830
C -43.93040 117.48900 13.20330
C -41.86250 120.08800 13.21310
H -43.48960 119.41900 11.61010
H -40.47160 118.89300 11.62560
C -44.89590 120.79600 13.18530
C -38.72240 119.40600 13.22760
C -37.63950 116.52600 13.22490
C -34.50310 115.92400 13.20560
H -36.26010 115.39300 11.62800
H -33.11270 114.78700 11.60040
C -35.57870 118.85100 13.21730
H -34.16620 117.72700 11.60750
H -37.29560 118.30900 11.63720
H -35.23950 120.64600 11.62680
C -32.44240 118.38100 13.18960
C -31.40910 115.28300 13.19040
C -28.03110 114.55000 13.27720
C -25.72220 116.81700 13.27410
C -29.21960 117.43200 13.19440
C -26.94150 119.75000 13.22740
C -30.35540 120.54200 13.19820
C -24.58770 113.90800 13.30810
C -23.50080 119.06800 13.16330
C -22.26510 116.24200 13.18740
C -18.86370 115.58700 13.04130
C -20.00530 118.55400 12.93740
H -44.90170 122.23100 11.62410
C -43.03210 122.92200 13.21580
C -39.80940 122.38800 13.21640
C -40.84510 125.30000 13.20890
H -41.56490 121.86100 11.62020
H -42.61920 124.73300 11.62120
H -39.44320 124.13900 11.61330
C -43.83490 125.79700 13.19910
H -40.47140 127.05900 11.60800
H -38.40720 121.21300 11.63240
C -36.69300 121.79900 13.22540
C -37.73850 124.77300 13.21360
C -33.50230 121.29800 13.19980
C -34.60540 124.20400 13.20680
H -36.31940 123.56800 11.63110
H -33.18140 123.03400 11.60090
H -37.35440 126.50700 11.61640
C -35.60620 127.10800 13.20170
H -34.19190 125.95100 11.60320
C -32.42380 126.44800 13.19070
C -31.39610 123.53000 13.18450
C -28.09590 122.70200 13.13130
C -25.74010 124.96100 13.08600
C -29.20660 125.71700 13.15850
C -24.65940 122.10600 13.06920
C -21.16310 121.35300 12.91390
C -18.98720 123.76000 12.87570
C -22.36740 124.35900 12.95050
C -20.08010 126.75900 12.81460
C -43.08200 131.23200 13.15280
C -44.94140 129.01300 13.16940
C -40.79530 2.27591 13.17860
C -41.77010 128.29400 13.18200
C -39.93420 130.59300 13.18150
C -34.58720 132.32400 13.18240
C -38.76280 127.62200 13.20220
H -35.32820 128.89700 11.59840
H -38.44990 129.45200 11.59600
C -33.54760 129.40600 13.18700
C -36.72060 130.04800 13.19130
C -37.75430 132.99100 13.19370
C -30.35520 128.63700 13.17210
C -31.42010 131.64300 13.18410
C -27.86140 130.99200 12.96760
C -26.86040 128.10500 13.13640
C -25.60230 1.88303 12.81430
C -24.35940 130.21400 12.87650
C -21.25930 129.56600 12.65420
C -19.01350 131.85900 12.64700
C -23.58120 127.29700 12.85280
C -22.21820 132.51000 12.78050
C -16.67310 2.93143 9.43768
C -14.29830 5.09159 9.49521
C -15.42020 8.23833 9.64866
C -12.03130 7.51020 9.59144
C -17.77070 5.89270 9.53555
C -13.22420 2.22625 9.43690
H -13.84570 6.96514 11.15740
H -16.19910 4.70002 11.09940
H -12.72660 4.01207 11.08270
H -17.32590 7.67643 11.22090
H -18.49610 2.42922 11.08850
C -10.87070 4.61065 9.46957
C -7.49101 3.86791 9.45129
C -8.62788 6.96075 9.57881
C -5.27762 6.33855 9.30392
H -5.84833 2.84542 11.09420
H -4.79081 8.10434 10.96530
H -7.04385 5.77945 11.02700
H -10.51320 6.42246 11.13830
H -9.38925 3.39374 11.06100
C -4.07104 3.34000 9.32433
C -0.62720 2.62133 9.47505
C -1.87006 5.49161 9.33697
C 1.44115 5.08518 9.40568
C 0.48602 8.01990 9.39936
H -3.75529 5.19106 10.89150
H -1.49545 7.41294 10.87100
H -0.33448 4.48431 11.06800
H 1.90935 6.90189 11.03900
H -2.56220 2.22541 10.95760
C 2.78383 2.11494 9.34393
C 4.93542 4.32102 9.29482
C 3.78991 7.24129 9.38203
C 8.50481 3.86511 9.49380
C 7.43627 6.75034 9.37461
H 8.95728 5.65616 11.04010
H 5.44102 6.18820 10.87220
H 6.55709 3.34458 11.02100
H 3.09455 3.95949 10.88970
C -17.79680 14.03680 9.92928
C -16.50120 11.19810 9.82361
C -14.20580 13.55350 9.90870
C -13.13600 10.48840 9.70005
H -11.63390 9.32455 11.26760
H -12.74070 12.25410 11.43980
H -16.06110 12.97230 11.41590
H -14.92750 9.95808 11.37720
H -18.44400 10.69850 11.32310
C -11.02900 12.87040 9.77747
C -9.76900 9.82401 9.68937
C -6.54583 9.22357 9.62894
C -7.56455 12.16840 9.71569
C -5.14382 14.39700 9.74469
H -8.27288 8.69876 11.38660
H -5.91579 11.02210 11.19390
H -7.02009 13.96020 11.32530
H -9.46316 11.65170 11.28620
H -10.58080 14.56970 11.57930
C -4.15980 11.59400 9.59264
C -2.93611 8.60992 9.33851
C -0.61545 10.92600 9.44611
C -1.86952 13.80450 9.59127
C 1.53064 13.25980 9.60568
H 0.92068 9.83042 11.05170
H -0.25946 12.70450 11.13130
H -2.52239 10.38210 11.03270
H -3.56359 13.29730 11.31910
C 2.73446 10.39800 9.42386
C 6.12620 9.71511 9.40314
C 9.54648 9.12868 9.29910
C 8.35631 12.14220 9.42351
C 4.92282 12.71190 9.43750
H 4.27588 9.16791 11.01550
H 5.47687 14.49060 11.16010
H 6.51347 11.60990 11.01460
H 7.76771 8.64878 10.98660
H 3.19076 12.16820 11.10600
H 8.78936 13.94270 11.10680
H -13.95740 15.27770 11.70430
C -15.48600 16.32210 10.01000
C -12.13700 15.74850 10.08400
C -16.60400 19.36570 10.00740
C -13.15210 18.72990 10.13820
H -17.36060 15.87200 11.54360
C -14.18860 21.70120 10.15180
C -8.74276 15.13830 9.93467
C -10.85360 20.94390 10.21260
C -9.87670 17.93980 10.11800
C -6.47187 17.27170 9.94158
C -7.68722 20.24490 10.03960
H -8.25163 16.86460 11.64720
H -4.68497 16.21180 11.36780
H 2.04129 15.08390 11.22710
C -4.22812 19.81260 9.91555
C -2.93095 16.82310 9.69774
C 0.53616 16.21620 9.65279
C -0.68350 19.17530 9.71384
H -1.34585 15.62000 11.18410
H 0.85096 18.02520 11.31610
H -2.48512 18.63620 11.33430
H -0.19104 20.93990 11.42640
C 1.67379 21.41010 9.81275
C 2.70702 18.43430 9.72150
C 7.29951 14.99950 9.49199
C 9.42206 17.46410 9.53020
C 6.02680 18.02580 9.63117
C 3.85358 15.54960 9.61092
C 4.89368 20.87970 9.71410
C 8.43440 20.30530 9.74353
H 4.27784 17.33120 11.31560
H 7.61718 16.81720 11.12070
H 6.53946 19.80870 11.26250
H 3.15969 20.24050 11.37950
C -16.54940 27.60230 10.19870
C -15.45360 24.73190 10.05510
C -11.85750 23.94200 10.30600
C -13.27700 26.81230 10.18760
C -17.73910 22.33310 9.98475
C -8.58569 23.29470 10.09360
C -5.35330 22.64390 10.10300
C -9.59822 26.13010 10.18550
C -6.34750 25.54550 10.08790
C -3.95650 27.90370 10.03960
C -2.97492 24.98200 10.10700
C 0.45507 24.33300 9.88777
C -0.78765 27.29820 10.01070
C -1.91055 22.04950 10.00910
H 2.12013 23.25050 11.46940
C 2.80900 26.69300 9.88134
C 9.60168 25.62070 9.89557
C 6.21621 26.08730 9.78258
C 3.84433 23.84590 9.80112
C 7.28707 23.23670 9.81128
H 5.44383 22.69220 11.34160
H 8.91601 22.14400 11.37000
H 7.77481 25.05320 11.43960
H 4.42174 25.63650 11.47700
C -15.35530 32.79120 10.28510
C -14.37190 29.76690 10.29880
C -12.10370 32.16700 10.23890
C -17.64020 30.50990 10.18130
C -9.76013 34.43980 10.22760
C -8.49256 31.32060 10.19480
C -6.33244 33.79920 10.08280
C -10.94160 28.94410 10.21310
C -7.40215 28.60580 10.13890
C -5.15868 30.93910 10.01940
C -2.95962 33.21780 9.97697
C 0.31118 32.52060 9.97380
C 1.46792 29.57140 9.92559
C -1.80921 30.17430 9.95095
C 6.18161 34.45180 9.77349
C 9.43739 33.97850 9.67008
C 7.30999 31.46570 9.73774
C 3.74283 31.89750 9.82078
C 8.51460 28.51620 9.77884
C 5.10193 29.10000 9.74495
C -16.58030 2.88064 12.73910
C -14.35710 5.09293 12.71050
C -15.41660 8.02429 12.81280
C -12.08800 7.43592 12.82920
C -17.68730 5.82013 12.79580
C -13.09130 2.07075 12.60680
C -10.88380 4.48039 12.72760
C -7.45687 3.89447 12.66930
C -8.61262 6.65237 12.76920
C -5.18930 6.28620 12.59430
C -3.99491 3.40875 12.60670
C -0.66542 2.65344 12.58780
C -1.94983 5.66582 12.53160
C 1.58194 5.05828 12.59470
C 0.25506 7.98111 12.57220
C 2.73013 2.18522 12.64510
C 4.92876 4.38764 12.56470
C 3.87661 7.30731 12.53180
C 8.55308 3.78001 12.51970
C 7.25702 6.74222 12.51510
C -16.50520 10.99630 12.90900
C -14.25580 13.27980 13.11410
C -13.02180 10.32820 13.00720
C -17.64610 13.96020 13.08760
C -10.93040 12.62730 13.10490
C -9.83575 9.86618 12.92940
C -6.23237 9.09739 12.72990
C -7.52981 12.10040 12.84040
C -5.17973 14.29550 12.92190
C -8.64155 14.88060 13.05720
C -3.00266 8.55279 12.63140
C -3.99189 11.35810 12.74850
C -0.73487 10.80230 12.68110
C 1.57265 13.17330 12.72420
C -1.70854 13.79590 12.86360
C 2.79343 10.22770 12.65410
C 6.14126 9.73818 12.60830
C 9.60557 9.15857 12.61300
C 5.02726 12.62870 12.70060
C 8.45958 11.94520 12.60450
C 7.27699 14.99660 12.78210
C -15.56670 16.33250 13.26760
C -12.06290 15.58440 13.30510
C -16.61760 19.42220 13.26000
C -13.26080 18.63190 13.36870
C -14.33650 21.62980 13.24860
H -12.66210 20.50660 11.83270
H -11.66430 17.52580 11.76650
H -16.22520 21.22280 11.62920
H -15.08330 18.20330 11.65310
H -18.51050 18.90430 11.58940
C -10.78440 20.86620 13.41540
C -6.25426 17.12260 13.09300
C -9.79660 17.85570 13.32210
C -7.48707 20.15160 13.29940
H -9.40028 19.71920 11.78070
H -6.02187 19.13580 11.54040
C -4.08410 19.49280 13.12340
C 0.45225 16.13240 12.88060
C -2.79586 16.72990 12.94220
C -0.68228 19.12630 13.00070
H -3.71529 21.53150 11.70810
C 1.66842 21.36600 13.04060
C 9.56628 17.31990 12.67550
C 2.67445 18.32540 12.97400
C 3.93718 15.41010 12.82930
C 6.14345 17.89280 12.82550
C 5.01094 20.80920 12.97370
C 8.35369 20.31150 12.94600
C -12.09080 23.82080 13.17160
C -15.47130 24.47910 13.30860
C -16.62090 27.52790 13.46610
C -13.15620 26.70460 13.40900
C -17.85660 22.29320 13.16620
H -11.56780 25.76090 11.68750
H -15.08020 26.43550 11.85340
H -18.38970 27.10450 11.75950
H -17.32930 24.16280 11.61060
H -13.97120 23.48780 11.60650
C -5.28308 22.57330 13.31710
C -9.71171 26.14470 13.33270
C -6.25195 25.69100 13.34260
C -8.51157 23.21880 13.45690
H -10.27740 22.76400 11.82990
H -7.16472 22.00740 11.71250
H -5.84901 27.40360 11.61620
H -9.19721 27.98400 11.81760
H -4.78425 24.44770 11.75120
H -8.05812 25.04650 11.78280
C -4.08783 27.99340 13.30580
C -1.66284 21.98420 13.16270
C 0.63388 24.34170 13.15700
C -2.84838 24.95380 13.30300
C -0.53602 27.24960 13.16880
H -2.54454 26.82980 11.73840
H 0.93649 26.16520 11.47630
H -1.31592 23.87040 11.62420
C 9.61967 25.54790 13.08210
C 2.81821 26.77530 13.04630
C 7.33099 23.16670 13.01030
C 6.23065 26.20720 13.06890
C 3.98940 23.77310 13.05550
H 6.63468 27.92660 11.33790
C -17.75330 30.52000 13.43230
C -11.91990 31.98130 13.47960
C -15.45550 32.60040 13.47800
C -14.34300 29.67890 13.44740
H -11.52920 33.88240 11.95890
H -13.88000 31.59590 11.91760
H -14.94100 34.53440 12.01330
H -12.80480 28.58240 11.86550
H -16.23510 29.39630 11.86480
H -17.29420 32.33940 11.80470
C -7.36081 28.50280 13.31660
C -6.26731 33.78930 13.31980
C -9.61619 34.37780 13.45060
C -8.59293 31.36910 13.32990
C -10.85180 29.04240 13.40310
C -5.10513 30.89570 13.33350
H -10.49820 30.86670 11.69770
H -4.75862 32.72140 11.66430
H -6.86730 30.41450 11.77200
H -8.15653 33.23750 11.76240
C -2.86189 33.28350 13.17860
C 1.65582 29.57090 13.05220
C 0.36838 32.46120 13.19660
C -1.75451 30.15850 13.15430
H -3.63632 29.78390 11.62240
H -1.44634 31.98390 11.59650
H 1.94064 31.45730 11.52680
H -0.23427 29.07590 11.50730
H 0.85373 34.31750 11.62530
H 5.48113 30.92320 11.37620
H 4.32039 33.81780 11.30130
H 8.74008 30.31390 11.44480
C 8.40294 28.47190 13.02990
C 9.55802 33.77310 12.92220
C 7.27992 31.51410 13.03600
C 3.88581 31.99560 13.00130
C 6.11579 34.34220 12.99850
C 5.14280 29.04940 12.94630
H 7.66992 33.28650 11.33800
H 3.29015 28.56340 11.35970
C -16.47940 35.54770 10.31050
C -14.16480 37.96420 10.19200
C -15.29530 40.86310 10.16740
C -12.05230 40.30230 10.05240
C -17.80330 38.56210 10.27170
C -13.14850 34.93510 10.32500
C -10.93000 37.25070 10.13340
C -7.50645 36.62470 10.05830
C -8.59559 39.69490 9.97459
C -5.20952 39.10100 9.95866
C -4.18113 36.16810 10.01060
C -0.62957 35.50320 9.93500
C -1.83917 38.46950 9.98601
C 1.68548 37.85510 9.90440
C 0.47898 40.77390 9.99283
C 2.59479 34.86240 9.89392
C 4.90314 37.30190 9.92524
C 3.72688 40.13190 9.99179
C 8.42493 36.80840 9.95157
C 7.20292 39.67290 10.03850
C -16.55300 43.79190 10.04960
C -13.18380 43.19660 10.03370
C -14.41960 46.14920 10.03280
C -17.58830 46.82120 9.95130
C -10.92780 45.49550 10.07440
C -9.75583 42.55750 10.09410
C -6.40225 42.02810 9.96880
C -7.53114 44.84990 10.01760
C -5.36699 47.29490 9.86293
C -2.98685 41.42320 10.04940
C -4.15304 44.37050 9.92179
C -0.62053 43.71170 9.89751
C -1.86903 46.73890 9.82003
C 1.71539 46.13600 9.75707
C 2.76929 42.96290 9.87227
C 6.05298 42.62380 10.01230
C 9.47801 41.84570 10.06750
C 8.40197 44.75870 9.92492
C 5.06693 45.51760 9.85392
C -15.38540 49.13840 10.03130
C -12.04740 48.44270 10.01700
C -16.44780 52.00720 10.01210
C -13.17950 51.57290 10.04830
C -14.27840 54.40920 9.96991
H -16.10520 53.86050 11.63320
H -18.38140 51.53920 11.44170
C -8.75730 47.89720 9.93533
C -10.79720 53.65300 10.09160
C -6.44160 50.31770 9.99649
C -9.80566 50.76140 10.08650
C -7.47178 53.18680 10.07190
C -4.27071 52.42090 9.99780
C -2.97708 49.61040 9.90469
C 0.36384 49.07620 9.77328
C -0.76955 51.97380 9.90532
C 1.53422 54.37090 9.86058
C 7.24986 47.75200 9.96755
C 2.65802 51.34570 9.86742
C 8.39325 53.07280 9.91610
C 4.96106 53.60830 9.91244
C 3.85851 48.51170 9.79435
C 6.07321 50.71250 9.93912
C 9.57383 50.16060 9.81089
H -18.47920 59.85700 11.53020
C -13.22930 59.70780 9.99216
C -16.63280 60.27660 9.92315
C -12.08860 56.68580 10.05660
C -15.36860 57.39410 9.95536
C -17.72250 54.98180 10.10160
H -15.06300 59.22470 11.61120
H -13.96250 56.24000 11.60410
H -11.57590 58.54320 11.47640
H -17.19920 56.90180 11.60510
C -5.37163 55.43530 9.93596
C -6.45970 58.41700 9.88318
C -9.75293 59.00500 9.83137
C -8.69430 55.97360 10.01580
H -10.48030 55.58410 11.69310
H -8.26646 57.93180 11.54990
H -6.06738 60.29190 11.50840
H -4.83553 57.29010 11.44920
H -9.32357 60.87130 11.41200
C -4.24197 60.74030 9.86554
C -0.81870 60.14250 9.82261
C 0.30463 57.21290 9.85887
C -3.01568 57.78380 9.82155
C -1.78656 54.78610 9.85651
H 0.63591 59.01900 11.53710
H -2.63185 59.66520 11.46610
C 9.55770 58.36390 10.04430
C 6.11099 59.08520 9.88343
C 7.28912 55.97840 9.84808
C 3.80133 56.50310 9.96027
C 2.53042 59.37310 9.92321
H 4.28742 58.40670 11.52160
H -11.57460 66.75390 11.64740
H -15.16930 67.43170 11.55010
C -14.32620 62.74730 10.01840
C -11.87950 64.90210 9.98230
C -15.44440 65.56280 9.89185
C -17.71760 63.12020 9.93430
H -17.30190 65.02190 11.45940
H -13.85310 64.43020 11.42090
H -16.20910 62.07410 11.58850
H -12.74480 61.50410 11.60690
H -7.14513 63.20150 11.42410
C -10.97240 62.05730 9.96392
C -9.77467 67.33610 9.90917
C -7.55833 61.40760 9.77932
H -4.84799 65.61590 11.32330
C -8.72164 64.31090 9.88665
C -5.29258 63.71060 9.81692
C -6.48958 66.66220 9.81602
H -8.24084 66.15620 11.48440
H -10.40410 63.80810 11.59960
H 1.82801 64.34220 11.30250
H 0.76472 67.25410 11.20970
C 1.46183 62.49690 9.68517
C 0.30924 65.46230 9.65458
C -1.78611 63.15140 9.82448
C -2.96104 66.03930 9.72969
H -3.66390 62.61630 11.40670
H -1.41251 65.03190 11.39310
H -0.34200 62.00490 11.40650
C 7.23056 64.20000 9.72314
C 3.73411 64.75730 9.71225
C 8.34431 61.25760 9.87412
C 4.85820 61.83290 9.95965
C 6.06208 67.07800 9.69969
H 4.13831 66.64980 11.28050
C 9.55594 66.41950 9.74310
H 2.86169 61.29950 11.45220
H 5.37501 63.79690 11.40710
H 7.67207 66.05510 11.32540
C -16.55470 35.78900 13.47900
C -14.26140 37.99180 13.42670
C -15.33800 40.99730 13.33920
C -11.82870 40.30230 13.31580
C -17.57950 38.73860 13.38910
C -13.07280 35.02840 13.59800
H -12.69010 36.78210 11.88270
H -16.06970 37.51360 11.73210
H -17.21690 40.48350 11.75450
H -13.77250 39.80070 11.83890
H -18.41330 35.31160 11.88910
C -10.82750 37.46250 13.38290
C -7.40918 36.78000 13.31900
C -8.55455 39.63740 13.19030
C -5.28182 39.05300 13.25840
H -10.43720 39.17890 11.60710
H -5.94921 35.62090 11.71140
H -4.89321 40.92840 11.64360
H -7.03906 38.54260 11.55750
H -9.32296 36.25700 11.76960
C -4.07425 36.11950 13.20980
C -0.55759 35.46940 13.15310
C -1.79027 38.40030 13.12750
C 1.61935 37.70450 13.14210
C 0.55020 40.86800 13.26160
H -3.74055 37.98540 11.59810
H 1.98598 39.65550 11.58770
H -0.16221 37.32770 11.47730
H -1.33694 40.27650 11.67950
H -2.50523 35.06280 11.53500
C 2.78930 34.71890 13.07510
C 4.99399 37.23720 13.16690
C 3.82842 40.18230 13.24310
C 8.41257 36.52020 13.06900
C 7.18637 39.58070 13.27890
H 5.31309 39.10400 11.62840
H 8.83605 38.55330 11.68980
H 6.52145 36.24690 11.50030
H 3.18095 36.66940 11.53430
C -17.76300 46.81040 13.27330
C -16.55760 43.82520 13.23610
C -13.17580 43.27580 13.29770
C -14.39360 46.15500 13.23080
H -12.85650 45.03570 11.61720
H -11.64950 42.13660 11.65950
H -18.46590 43.40320 11.62690
H -14.98560 42.76620 11.65400
H -16.22710 45.65460 11.66930
C -10.98960 45.48540 13.20090
C -9.77300 42.52350 13.27280
C -6.33873 42.04200 13.29060
C -7.41275 44.97690 13.20320
C -5.29943 47.27840 13.08710
H -8.16519 41.49490 11.65950
H -7.15972 46.78830 11.51100
H -5.96405 43.84600 11.55410
H -9.34091 44.42560 11.72380
H -10.48530 47.37690 11.62840
C -4.07977 44.42630 13.13610
C -2.98229 41.43230 13.21310
C -0.55309 43.79370 13.11680
C -1.80216 46.61020 12.98080
C 1.59439 46.13290 12.95820
H 0.92722 42.61760 11.56430
H -2.54672 43.26420 11.59920
H -0.23095 45.55560 11.28000
H -3.72973 46.23880 11.42310
C 2.78999 43.23860 13.18200
C 6.00815 42.73700 13.25960
C 4.87147 45.59050 13.15340
C 8.42081 44.84550 13.10330
H 8.95528 46.68730 11.48660
H 7.53791 41.45020 11.69080
H 4.23894 41.98160 11.61150
H 6.46409 44.44240 11.60280
H 3.18323 44.95130 11.40050
H 5.28301 47.41040 11.49050
C 9.51538 41.95670 13.13440
C -15.37810 49.04470 13.24690
C -12.04920 48.42600 13.24310
C -16.61430 51.96690 13.17190
C -13.18120 51.42850 13.30090
H -13.89080 47.95160 11.61720
C -14.31230 54.46270 13.24500
H -17.21100 48.59470 11.61930
H -14.94650 50.91480 11.66160
H -11.72080 50.27800 11.63440
H -12.78800 53.26670 11.63420
C -8.61980 47.83380 13.23580
C -10.96640 53.70920 13.28770
C -6.38285 50.15830 13.24460
C -9.88027 50.71430 13.23940
C -7.53131 53.29750 13.33110
H -6.00598 52.05070 11.76630
H -8.23605 49.66000 11.62900
H -9.29018 52.62280 11.69220
H -4.89813 49.12720 11.45990
C -4.02683 52.56500 13.18100
C -3.01769 49.51010 13.07590
C 0.50981 49.02680 13.09380
C -0.74880 51.96910 13.08880
H 1.97149 48.00420 11.37090
H -0.22606 53.76190 11.48730
H -2.57701 51.39230 11.54350
H -3.68565 54.33710 11.43280
H 0.80586 50.85880 11.44080
H -1.33509 48.53050 11.49180
C 1.51886 54.34410 13.09150
C 2.61531 51.47770 13.04290
C 7.22482 47.68990 13.00540
C 9.64458 50.08810 13.11760
C 6.09618 50.68250 13.09210
C 3.71136 48.45090 13.10690
C 4.88253 53.64020 13.06280
C 8.47884 53.05580 13.13090
H 7.77599 49.64560 11.51430
H 3.04832 53.25620 11.44370
H 4.16598 50.29760 11.49970
H 6.55356 52.57290 11.52880
C -17.61100 55.06340 13.24330
C -13.13070 59.63850 13.14370
C -16.73250 60.25060 13.19760
C -12.10240 56.74510 13.17140
C -15.36090 57.41650 13.26380
C -8.65427 56.20760 13.29270
C -9.74093 59.07040 13.11870
C -6.36221 58.38110 13.11230
C -5.09787 55.47250 13.14650
H -7.09908 55.03650 11.68230
C -4.20652 60.84590 13.05300
C -1.80540 54.80520 13.06860
C -2.99521 57.89620 13.10720
C 0.28170 57.13530 13.14000
C -0.83731 60.27140 13.09540
H 1.86788 56.19250 11.50370
H -1.51493 56.68900 11.47210
C 2.54746 59.39720 13.08640
C 7.24974 56.06910 13.17990
C 3.84462 56.52720 13.00200
C 6.09103 59.00890 13.17870
C 9.39390 58.31630 13.14440
H 5.51653 55.48820 11.45620
H 8.77941 54.92180 11.57550
H 7.58897 57.84690 11.49950
H 6.53821 60.84590 11.57810
C -12.05930 64.82480 13.12430
C -14.36780 62.61210 13.12470
C -17.82580 63.24120 13.14030
C -15.41800 65.42610 13.07670
C -8.61013 64.31890 13.18010
C -7.57038 61.40710 13.12140
C -10.79050 61.91790 13.11330
C -5.26228 63.81600 12.98760
C -9.68217 67.32940 13.16870
C -6.36277 66.72820 12.95710
C -3.07295 66.18060 12.86180
C -1.83511 63.22190 12.98710
C 0.36852 65.49550 12.95510
C 1.39493 62.56830 13.07320
C 9.52454 66.47750 12.94900
C 3.66658 64.84870 12.93060
C 6.06484 67.19180 12.87790
C 7.23073 64.24330 13.03630
C 8.47046 61.36430 13.12650
H 8.74836 63.15210 11.39850
C 4.81054 62.02030 12.99740
C -16.57430 68.62670 9.88469
C -14.18840 70.80870 10.08740
C -15.47290 73.77180 10.05160
C -12.05240 73.25620 10.09580
C -17.78110 71.55660 10.05790
C -13.23280 67.71380 10.01330
H -13.85760 72.74000 11.76480
H -17.25940 73.31340 11.71990
H -12.78330 69.66670 11.46360
H -16.19940 70.39610 11.59250
H -18.34190 67.98520 11.49150
C -10.83230 70.27990 9.95918
C -7.52853 69.79360 9.82362
C -8.79613 72.52850 10.05380
C -5.40615 71.98890 9.83973
H -4.88994 73.83000 11.43570
H -6.04109 68.60030 11.36090
H -10.61720 72.09390 11.72380
H -7.12161 71.49850 11.61660
H -9.27673 69.16630 11.51660
C -4.20847 68.98390 9.62578
C -0.74492 68.46220 9.54476
C -1.88316 71.30290 9.68299
C 1.59003 70.77760 9.63685
C 0.37887 73.73940 9.67313
H -1.50740 73.21830 11.22330
H -2.57420 67.94480 11.14900
H -3.76252 70.82540 11.31160
H -0.25508 70.21020 11.24740
H 1.92038 72.59810 11.29420
C 2.64350 67.76990 9.62988
C 5.01926 70.05020 9.68132
C 3.80624 72.88740 9.68448
C 8.45107 69.41250 9.69520
C 7.19119 72.30620 9.84722
H 3.10710 69.61060 11.25600
H 5.28441 71.86880 11.39620
H 6.47544 68.99850 11.20370
C -17.82280 79.67890 9.94969
C -16.56470 76.72820 9.90806
C -14.34120 79.15960 10.01220
C -13.12180 76.24720 10.06520
H -11.68320 75.09950 11.72210
H -15.08300 75.67820 11.57550
H -12.83100 78.05200 11.73810
H -16.24300 78.59370 11.57240
H -18.38820 76.28560 11.61790
C -10.96660 78.51780 10.11230
C -9.88755 75.49810 10.07140
C -6.57906 74.86880 9.85754
C -7.78172 77.90840 9.85134
C -5.31508 80.24360 9.93506
H -8.32900 74.40040 11.62180
H -6.17768 76.73920 11.36060
H -9.42309 77.33770 11.67990
H -10.50260 80.35960 11.66250
H -7.21420 79.67230 11.49590
C -4.23227 77.16660 9.90141
C -3.12371 74.43910 9.73861
C -0.78069 76.73120 9.76415
C -1.93611 79.58730 10.00930
C 1.45343 78.85170 9.76037
H -3.85351 79.12520 11.47820
H -2.51642 76.13920 11.44900
H -0.29490 78.48020 11.50740
H 0.72299 75.53300 11.33150
C 2.59425 75.94990 9.70685
C 6.07635 75.23830 9.71953
C 9.47793 74.57890 9.91666
C 8.39380 77.44290 9.71227
C 4.97592 78.27380 9.63649
H 4.17868 74.79200 11.21920
H 3.13244 77.75390 11.26690
H -18.38160 84.49960 11.59420
C -15.56460 82.07140 9.92132
C -12.06140 81.54000 9.99353
C -16.59720 84.96460 9.84273
C -13.32170 84.38100 9.89988
C -14.27410 87.33540 9.76121
H -13.99080 81.01540 11.56840
H -17.43140 81.51410 11.49330
H -12.84010 86.19240 11.46280
H -16.11090 86.80650 11.34220
H -11.70170 83.29130 11.47170
H -15.13920 83.89530 11.55390
C -8.78194 80.84400 9.95006
C -10.97970 86.70890 9.91090
C -9.75073 83.80880 9.93889
C -6.38772 83.14520 9.99643
C -7.47459 86.11390 9.95026
H -4.94564 82.07190 11.67860
H -9.34357 85.64930 11.59210
H -5.95199 84.98910 11.55710
H -8.27989 82.65290 11.59320
C -4.17908 85.37160 9.80873
C -3.11944 82.41860 10.01300
C 0.26469 81.70410 9.86068
C -0.85716 84.58070 9.82528
H -0.27996 86.56250 11.15730
H -1.47767 81.42790 11.63700
H -3.74362 87.34240 11.34490
C 1.61080 87.03480 9.55575
H 2.00162 80.73370 11.28420
H 0.87172 83.60980 11.34260
H -2.68572 84.37460 11.56290
C 2.59852 84.18040 9.67361
C 7.17275 80.43720 9.60835
C 9.48284 82.78730 9.53245
C 5.99595 83.46410 9.63645
C 3.81028 81.16250 9.67064
C 4.98692 86.55950 9.52406
C 8.28375 85.92220 9.61590
H 6.42832 85.36810 11.20000
H 3.23944 85.99060 11.19160
H 4.18845 83.04570 11.25280
H -18.49580 92.76770 11.35450
C -17.67210 87.99670 9.84190
C -13.24710 92.48780 9.84224
C -16.58610 93.07830 9.80821
C -12.06120 89.59100 9.83057
C -15.50620 90.26410 9.86062
H -11.72240 91.45000 11.49830
H -15.04750 92.12230 11.54580
H -13.89910 89.15630 11.36070
H -17.35720 89.83600 11.46110
C -8.64333 88.95740 9.91813
C -5.30410 88.49010 9.82252
C -10.00200 91.87070 9.85018
C -6.44554 91.43360 9.92309
H -4.77899 90.29630 11.38520
H -7.05297 88.00330 11.57590
H -9.52359 93.79670 11.37640
H -5.91740 93.23960 11.60690
H -8.32210 90.87270 11.50980
H -10.53890 88.53320 11.49890
C -0.80494 92.96200 9.50234
C 0.46136 89.94650 9.46174
C -1.92079 87.62010 9.64891
C -4.10582 93.67050 9.87207
C -3.00275 90.68940 9.67883
H 0.84540 91.87050 10.96820
H -1.33501 89.49260 11.14100
H 1.91575 88.93040 11.14450
H -2.39587 92.46760 11.33900
C 2.66170 92.42940 9.36023
C 9.57832 91.09160 9.72769
C 3.87210 89.49340 9.65021
C 7.29627 88.91890 9.74760
C 6.28994 91.75870 9.66707
H 4.15274 91.26660 10.96240
H 5.48418 88.30520 11.24690
H 8.74583 87.66550 11.33170
H 7.83707 90.67850 11.46460
H 6.57860 93.55910 11.08790
C -17.70960 96.10890 9.55670
C -12.15540 97.85440 9.39101
C -14.36280 95.49130 9.60881
C -15.53700 98.49960 9.45762
H -17.33310 98.06290 11.10280
H -15.05230 100.40300 11.00060
H -11.73960 99.76940 10.97550
H -13.94050 97.42360 11.09660
H -16.22360 95.08240 11.30430
H -12.83640 94.47600 11.25700
C -11.02010 94.71840 9.56126
C -7.53752 94.31080 9.86897
C -6.49803 99.65050 9.50294
C -9.87848 100.08700 9.34871
C -5.20332 96.70130 9.73811
C -8.76163 97.18240 9.45270
H -7.26353 96.12720 11.13020
H -10.63060 96.73270 10.99790
H -8.44693 99.06780 11.06700
H -4.73861 98.44330 10.96500
C 1.49872 95.39580 9.44313
C -1.80688 95.98960 9.52974
C -2.82413 98.84260 9.46409
C 0.57404 98.39310 9.48976
H 2.09445 97.25240 11.02840
H -1.25765 97.80290 11.11630
H 0.88741 100.11200 11.25540
H -0.26915 94.79520 11.11960
H -3.52946 95.46860 11.26120
C 6.14880 100.08300 9.56122
C 7.30147 97.00970 9.46861
C 8.62297 94.14480 9.67796
C 3.92631 97.79270 9.47216
C 9.73195 99.38540 9.63517
C 4.97393 94.61360 9.43600
H 5.40237 96.51350 11.06450
H 7.70804 98.89790 11.11050
H 8.95833 95.88630 11.09540
H 3.02483 94.24640 11.00760
H 4.36183 99.56860 11.22450
C -16.62410 68.55670 13.22490
C -14.31610 70.80930 13.18210
C -15.38100 73.85510 13.30060
C -12.12980 73.30430 13.39430
C -17.57380 71.47970 13.32530
C -13.25050 67.80190 13.12410
C -10.93310 70.08060 13.15410
C -7.46005 69.60920 13.17360
C -8.65293 72.52880 13.24930
C -5.14808 71.97100 13.08710
C -4.08349 69.06980 12.82280
C -0.77344 68.30780 12.79310
C -1.78035 71.29590 12.84010
C 1.55594 70.71740 12.88470
C 0.31290 73.67790 12.90120
C 2.60285 67.84600 12.84850
C 4.92227 70.00360 12.91370
C 3.71865 72.99920 12.94300
C 8.35089 69.41310 12.82650
C 7.16535 72.26690 12.96070
H 8.87204 71.27080 11.37320
C -17.79400 79.69860 13.15790
C -16.60200 76.77720 13.26140
C -14.48960 79.19990 13.25450
C -13.29940 76.21770 13.27390
C -10.90790 78.56720 13.31800
C -9.80011 75.49890 13.32320
C -6.32539 74.94700 13.08160
C -7.49931 77.85220 13.14830
C -5.44296 80.15140 13.16800
C -4.21863 77.21270 12.90380
C -2.98297 74.29340 13.01390
C -0.65808 76.70660 13.05960
C 1.67596 78.96670 12.93430
C -1.90444 79.56990 13.09390
C 2.65820 75.91480 12.85560
C 5.91545 75.37050 12.93770
C 9.40410 74.66560 13.00310
C 4.93718 78.25810 12.92460
C 8.34492 77.57980 12.87940
H 5.36369 80.08580 11.30750
H 6.46660 77.14410 11.29920
H 7.53269 74.20420 11.45420
H 8.80163 79.39380 11.19640
C -15.59540 82.03600 13.14610
C -12.08630 81.44680 13.12980
C -16.57720 85.11690 13.14130
C -13.26200 84.39620 13.11290
C -14.39440 87.37850 13.01960
C -8.60809 80.80680 13.23650
C -10.97900 86.72090 13.12520
C -6.50629 83.25130 13.26430
C -9.89498 83.70510 13.14760
C -7.47290 86.15710 13.19440
C -4.09180 85.70850 13.10840
C 0.58832 81.81420 13.02440
C -3.06815 82.60490 13.23400
C -0.64051 84.83550 12.91990
C 1.62041 87.08980 12.73960
C 7.29034 80.51360 12.81470
C 2.73012 84.20880 12.89970
C 3.83660 81.24950 12.91470
C 6.09102 83.55450 12.74110
C 9.52664 82.84020 12.79310
C 5.04009 86.51970 12.89630
C 8.24477 85.75690 12.87130
H 7.66944 82.35270 11.14050
C -17.54320 87.99680 13.05040
C -13.13150 92.75650 13.03020
C -16.69360 93.33820 13.01690
C -12.14840 89.65810 13.07530
C -15.42950 90.22280 13.05610
C -5.11942 88.46630 13.05670
C -9.90671 92.01480 13.08330
C -8.68323 89.02550 13.14500
C -6.37034 91.23960 13.06130
C -3.96187 93.58230 12.94940
C -1.73201 87.78020 12.80850
C -2.80960 90.56170 12.86490
C 0.47310 90.11230 12.73240
C -0.44392 92.94710 12.80320
C 9.69190 91.05200 13.05790
C 2.67820 92.36310 12.64450
C 7.25805 88.81070 12.94960
C 5.96064 91.64680 12.66910
C 3.79992 89.44530 12.61400
C -17.78620 96.27420 12.79360
C -15.48840 98.62950 12.64470
C -14.30000 95.67200 12.85770
C -12.02850 97.91740 12.64840
C -8.84933 97.26980 12.67510
C -5.30139 96.61440 12.56580
C -7.55920 94.31570 12.88840
C -9.93957 100.32200 12.61880
C -6.42144 99.52910 12.45300
C -10.90380 95.00380 12.79510
C 1.59249 95.43330 12.63040
C -1.68309 96.03210 12.78110
C 0.58391 98.24340 12.75410
C -2.92330 98.84630 12.61790
C 8.40403 94.06350 12.76570
C 3.89011 97.66660 12.71550
C 6.24640 99.92020 12.83280
C 7.29557 97.02170 12.67570
C 4.93798 94.63990 12.65280
C 9.52652 99.38640 12.78450
C -16.59560 101.51700 9.50236
C -14.46280 103.89700 9.43492
C -15.52150 106.91400 9.55916
C -12.07870 106.31800 9.51365
C -17.74190 104.58400 9.62199
C -13.29880 100.89900 9.38740
H -17.26160 106.32000 11.28180
H -16.16700 103.36300 11.16330
H -13.95530 105.72200 11.00700
H -12.82630 102.75000 10.95110
H -18.38720 101.05700 11.12070
C -11.05730 103.27400 9.28200
C -7.72576 102.58400 9.31376
C -8.67020 105.53800 9.38704
C -5.31970 104.88500 9.38965
H -4.88253 106.64700 11.09030
H -10.49530 104.99800 10.95500
H -7.18114 104.32900 11.00360
H -6.11458 101.35000 10.79160
H -9.54906 102.02300 10.87220
C -3.99076 101.85400 9.44122
C -0.49732 101.20700 9.51334
C -1.57734 104.21700 9.41736
C 1.70657 103.49700 9.47672
C 0.66870 106.66800 9.34806
H -2.39635 100.73100 11.07050
H -3.69737 103.66100 10.77950
H -1.37804 106.03000 10.74570
H 2.12180 105.40300 11.01870
H -0.14326 103.06700 11.17270
C 2.70301 100.57300 9.65066
C 5.01980 102.93400 9.70947
C 4.03329 105.87900 9.56401
C 8.40688 102.31000 9.61129
C 7.19803 105.02100 9.69412
H 8.99985 104.12900 11.24680
H 3.13441 102.43000 11.24270
H 6.61735 101.80100 11.24580
H 5.35660 104.76600 11.33260
C -16.73790 109.71300 9.73513
C -13.24930 109.10900 9.68626
C -14.27390 111.99600 9.77757
C -17.70390 112.74800 9.73224
H -11.58330 108.03800 11.29060
H -12.67940 110.92200 11.32830
H -16.22630 111.55700 11.30170
H -15.06130 108.66900 11.27120
H -18.44190 109.22500 11.43530
C -10.88300 111.41300 9.65904
C -9.75718 108.40300 9.63407
C -6.36507 107.90200 9.55999
C -7.31768 110.80600 9.72225
C -5.25157 113.00500 9.72327
H -10.35160 113.15200 11.34090
H -6.99759 112.54600 11.43400
H -5.92457 109.56900 11.33880
H -9.24686 110.24700 11.17410
H -8.19305 107.24300 11.18710
C -3.14153 107.13900 9.33750
C -4.21338 110.18900 9.58422
C -0.68127 109.55400 9.56820
C -1.81083 112.47800 9.76837
C 1.75300 111.64300 9.85999
H -0.29224 111.29900 11.35250
H -3.65432 111.93800 11.32370
H 1.08449 108.40400 11.00990
H -2.66229 108.93900 10.99050
C 3.02278 108.74000 9.47483
C 6.22776 108.15200 9.56499
C 9.55810 107.52100 9.58338
C 8.49772 110.53800 9.46938
C 5.23158 111.22400 9.46221
H 8.89865 112.40600 11.07450
H 5.65648 113.02000 11.12500
H 6.74221 110.02800 11.10460
H 3.42795 110.58600 11.12780
H 4.42480 107.65700 11.22700
H 7.68025 106.99200 11.17110
C 7.47009 113.54900 9.48486
H -13.91620 113.84400 11.42170
C -15.44100 114.90600 9.83869
C -11.99400 114.27600 9.87991
C -16.62050 117.78200 9.74499
C -13.12320 117.10400 9.88567
H -11.54560 116.10600 11.60550
H -12.68540 119.08100 11.39610
H -16.22960 119.71600 11.31970
H -15.08940 116.81400 11.42430
H -17.30460 114.47500 11.44310
H -18.49350 117.37700 11.36510
C -14.29890 120.02400 9.69731
C -8.50733 113.61300 9.74358
C -10.92320 119.41200 9.65475
C -6.30164 115.88100 9.66432
C -9.75080 116.48500 9.86844
C -7.41161 118.84000 9.55099
H -4.74115 114.88700 11.28900
H -5.83797 117.78900 11.13980
H -9.21181 118.46300 11.23190
H -8.04925 115.45500 11.36280
H 2.17177 113.59300 11.46550
C -4.12218 118.20600 9.44582
C -2.83498 115.23300 9.69789
C 0.53444 114.54500 9.76277
C -0.65982 117.59000 9.42712
H -0.23153 119.53000 10.88150
H 1.06561 116.49800 10.92100
H -1.34185 114.30900 11.44790
H -2.50373 117.26600 11.11500
H -3.58273 120.17100 10.84340
C 1.74923 119.85000 9.30212
C 2.93008 116.99500 9.36406
C 6.19664 116.34500 9.49730
C 3.86872 113.99000 9.65842
C 5.12379 119.31400 9.28725
C 8.53499 118.72300 9.27880
H 7.84341 115.36600 11.11440
H 6.73105 118.29400 10.93920
H 3.36045 118.83600 10.99740
H 4.41765 115.95100 11.14920
C 9.61065 115.79000 9.42419
C -17.69580 120.74100 9.62772
C -15.60720 123.05900 9.59495
C -12.05300 122.32500 9.51583
C -16.76630 125.89700 9.60173
C -13.26170 125.24000 9.50766
H -17.42210 122.63900 11.21860
H -15.05850 124.96200 11.15860
H -11.65600 124.25200 11.11650
H -13.94570 122.01500 11.10050
H -18.65860 125.52700 11.22660
C -8.56786 121.79400 9.45616
C -9.77631 124.73300 9.50155
C -5.16201 121.30100 9.32478
C -6.42761 124.08500 9.44389
H -5.81851 125.92100 10.99200
H -9.25440 126.55100 11.01740
H -6.89635 120.74600 11.00390
H -4.67202 123.10900 10.89520
H -8.18558 123.61800 11.11380
H -10.38210 121.36300 11.07970
C -4.05381 126.43600 9.33347
C 0.63707 122.97800 9.25821
C -2.96035 123.61500 9.13709
C -1.78013 120.45200 9.09797
C -0.44931 125.84400 9.27662
H -1.36748 122.34300 10.59770
H 2.20906 121.77700 10.73400
H 1.05578 124.78500 10.97710
H -2.35816 125.37400 10.80720
C 2.83413 125.16000 9.24737
C 4.06708 122.22600 9.03963
C 9.74073 124.21100 9.22601
C 6.30510 124.71200 9.11907
C 7.50417 121.74000 9.22381
H 8.98034 120.57900 10.87350
H 6.84869 126.53700 10.71930
H 4.46575 124.03700 10.68580
H 7.78947 123.59500 10.76710
H 5.58446 121.21100 10.70690
C -15.53920 131.32000 9.42686
C -14.41890 128.23000 9.42854
C -17.92890 129.08700 9.36026
C -12.09490 130.62000 9.25346
H -16.42910 127.86800 10.93380
H -12.80830 127.16500 10.98350
H -13.91450 130.10400 10.94790
H -17.37300 130.78600 11.08310
H -11.53050 132.36500 10.94820
H -15.08370 133.11000 11.02830
C -7.40380 126.98700 9.41719
C -8.48950 129.74100 9.28968
C -10.91060 127.46100 9.37225
C -9.75458 132.93200 9.29376
C -6.26948 132.40100 9.34055
C -5.18732 129.46200 9.30501
H -4.80367 131.19000 10.95350
H -6.95087 128.85000 11.00050
H -8.16914 131.74200 10.80370
H -10.55660 129.42900 10.76680
C -1.76198 128.78800 9.31908
C 0.69371 131.01000 9.31809
H -3.64353 128.33300 10.92420
H -1.25025 130.63500 10.78980
C 1.81329 128.06900 9.30803
H 2.24530 129.89700 10.96220
C -2.96216 131.63800 9.34681
H -0.12833 127.73000 10.83600
H 0.99879 132.81300 11.00500
C 6.14367 132.79400 9.49623
H 4.25382 132.35900 11.05560
H 9.14273 128.84700 10.65040
H 3.45368 127.00200 10.87710
C 8.73157 127.15600 9.10437
H 7.94492 131.77600 10.90700
C 7.34113 129.94900 9.30075
H 5.60319 129.44600 10.94210
C 5.29476 127.64600 9.24402
C 9.76958 132.26100 9.32025
C 4.06099 130.56000 9.35249
C -16.48640 101.45200 12.71160
C -14.28450 103.87800 12.65710
C -15.35180 106.74800 12.80230
C -12.00250 106.22000 12.59880
C -17.65410 104.43600 12.83510
C -13.19400 100.90100 12.62760
C -10.93140 103.20100 12.54340
C -7.65903 102.38500 12.46900
C -8.73269 105.41100 12.67880
C -5.25518 104.64100 12.54440
C -4.23354 101.76200 12.36890
C -0.67637 101.22000 12.80660
C -1.93823 104.18200 12.46310
C 1.55962 103.68700 12.71560
C 0.40025 106.54900 12.47460
C 2.78778 100.56400 12.81760
C 4.98898 102.88500 12.84830
C 3.72597 105.90400 12.82230
C 8.54445 102.19600 12.78410
C 7.34260 105.12400 12.79150
C -17.80510 112.56300 12.96580
C -16.55220 109.71400 12.96260
C -13.18600 109.12900 12.89150
C -14.34780 112.01900 12.93150
C -10.73840 111.26500 12.88890
C -9.64747 108.37900 12.80700
C -6.37650 107.68600 12.85960
C -7.51909 110.67500 12.91770
C -5.11992 113.09400 13.00510
C -3.96789 110.02000 12.85300
C -2.93707 106.94000 12.54070
C -0.66856 109.45500 12.58360
C -1.76183 112.49800 12.98010
C 1.83881 111.81300 12.75750
C 9.48730 107.56900 12.76720
C 2.82433 108.78400 12.72840
C 6.25687 108.23100 12.79160
C 5.21786 111.15500 12.73000
C 8.53431 110.58200 12.73910
C -15.45360 115.08000 13.04160
C -11.91570 114.35700 12.95890
C -16.68580 117.90400 12.97560
C -13.18380 117.35600 13.03520
C -14.36130 120.25900 12.85680
C -8.58335 113.66500 13.02860
C -10.75150 119.64000 12.84350
C -6.17975 116.12800 12.90620
C -9.53574 116.72700 12.99370
C -7.29138 119.02300 12.73000
C -4.00866 118.53200 12.62430
C -2.92922 115.57400 12.90320
C 0.70378 114.92000 12.84270
C -0.51885 117.68600 12.51810
C 1.69133 120.04500 12.43380
C 2.81184 117.07500 12.66560
C 7.47731 113.54500 12.74480
C 9.74785 115.77500 12.57170
C 6.23930 116.54600 12.65610
C 4.17302 114.12000 12.83380
C 5.18156 119.47400 12.47900
C 8.55953 118.82900 12.57880
C -13.19270 125.36800 12.71840
C -16.70120 126.07500 12.69430
C -15.50450 123.12200 12.76220
C -12.00300 122.42200 12.64000
C -17.81190 120.83000 12.87130
C -5.02282 121.25300 12.51500
C -6.23773 124.02400 12.58350
C -8.47756 121.76900 12.66970
C -9.74879 124.73600 12.64670
C -3.89445 126.44600 12.52360
C -1.75628 120.69300 12.44910
C -0.58234 125.96400 12.50220
C 0.49930 122.95400 12.25120
C -2.70365 123.49100 12.37020
C 3.04964 125.13100 12.45360
C 4.03171 122.22200 12.34750
C 9.68961 124.02500 12.35840
C 6.17836 124.73900 12.28900
C 7.39812 121.74900 12.38200
C -17.81730 128.93200 12.68770
C -12.07700 130.50400 12.52380
C -15.44510 131.24400 12.61530
C -14.45710 128.23000 12.51910
C -7.40201 127.03100 12.61000
C -5.12341 129.36500 12.62260
C -10.88270 127.64600 12.54660
C -6.43806 132.22400 12.56950
C -9.67902 132.73900 12.56910
C -8.72161 129.91400 12.39960
C -2.85506 131.60700 12.46300
C -1.77851 128.75300 12.40940
C 1.80651 127.99900 12.46120
C 0.55609 130.95500 12.50570
C 8.67590 127.07300 12.29650
C 9.80644 132.15500 12.54420
C 7.57655 129.86300 12.40490
C 5.27636 127.55500 12.44430
C 6.22922 132.73700 12.52830
C 4.06947 130.44100 12.58550
C 12.00100 3.34074 9.33410
C 10.72550 6.19387 9.35889
C 15.43460 2.71054 9.31868
C 14.24680 5.59261 9.33911
C 16.44590 7.85034 9.17052
H 11.12210 8.05017 10.93060
H 14.61670 7.38765 10.87960
H 15.88230 4.51798 10.93700
H 13.55690 2.17611 10.93900
H 12.35560 5.15095 10.97720
H 10.23430 2.76465 10.98570
C 17.64120 5.03744 9.25496
C 21.12400 4.36050 9.26599
C 19.99380 7.28977 9.26796
C 23.31640 6.78163 9.21731
C 18.83470 1.98025 9.15424
H 22.61670 3.19618 10.89560
H 21.57130 6.19536 10.90560
H 19.21140 3.85019 10.77480
H 18.07790 6.88852 10.82760
C 24.48630 3.67044 9.22787
C 26.63330 6.18774 9.19719
C 27.90800 3.09182 9.29698
C 30.11120 5.51779 9.25832
H 30.63510 7.37652 10.76410
H 24.79170 5.60249 10.80860
H 29.46090 2.03908 11.07300
H 26.02490 2.66831 10.87800
H 28.21060 5.04717 10.83380
H 27.03810 8.00901 10.82810
C 31.17730 2.59179 9.31344
C 32.40880 7.87159 9.14791
C 33.37950 4.87329 9.19448
C 36.97240 4.24344 9.34133
C 35.82560 7.23079 9.31661
C 34.71500 1.90320 9.22482
H 35.02140 3.85907 10.83590
H 31.69950 4.41286 10.90950
H 33.88090 6.72863 10.81980
H 37.48710 6.19597 10.83440
C 12.97200 8.40251 9.29294
C 11.84330 11.56410 9.29617
C 10.65830 14.33670 9.42064
C 15.30200 10.98710 9.09635
C 14.21430 13.88910 9.28617
H 13.50290 10.35990 10.73670
H 15.78130 12.67610 10.84190
H 12.40140 13.34280 10.93130
H 10.03200 10.99820 10.94940
H 16.84180 9.78529 10.67880
C 17.61850 13.36560 9.19156
C 22.34410 9.62802 9.19852
C 18.86470 10.24690 9.23365
C 21.00480 12.56600 9.26511
H 19.14080 12.13710 10.83230
H 22.68970 11.47760 10.77900
H 21.46210 14.39140 10.92450
H 20.51800 9.16781 10.82620
H 23.79410 8.51896 10.95610
C 28.88850 8.31737 9.20365
C 24.48080 12.04010 9.20189
C 25.43750 9.10758 9.23237
C 26.67110 14.46090 9.27389
C 27.83420 11.37970 9.19770
C 30.14780 13.68990 9.15448
H 24.84770 13.82030 10.94140
H 25.96830 10.91830 10.80840
H 29.43970 10.23970 10.69370
H 28.34330 13.20710 10.81720
C 31.44130 10.68430 9.18438
C 34.68810 10.27060 9.19741
C 33.50580 13.22050 9.15522
C 36.96540 12.40040 9.29604
H 31.68310 12.57740 10.78930
H 36.15290 9.13372 10.89360
H 32.94720 9.62358 10.88340
H 37.36340 14.29800 10.75660
H 34.96030 12.06010 10.84060
C 13.08310 16.85900 9.36252
C 16.35930 16.28800 9.35547
C 11.60040 19.75930 9.67396
C 15.21780 19.17050 9.52483
H 14.60320 15.64620 10.98670
H 11.08970 16.25600 10.83260
H 13.31830 18.62700 11.10490
H 15.64380 20.95290 11.15840
H 9.86260 19.12450 11.37660
H 12.14190 21.57350 11.16970
H 16.81570 18.01870 11.16430
H 17.93950 15.04300 10.88560
C 23.31540 14.90840 9.31296
C 19.94160 15.49910 9.36817
C 22.13310 17.83330 9.37793
C 18.67320 18.42170 9.47353
C 21.09500 20.78350 9.37600
H 22.58140 19.65560 11.00920
H 23.68950 16.73920 10.97130
H 20.35770 17.34150 11.02910
H 19.31490 20.31340 11.03930
C 17.52680 21.37860 9.54575
C 24.49730 20.13970 9.51158
C 25.57110 17.36160 9.39025
C 29.05050 16.68280 9.19336
C 27.84310 19.50170 9.41428
H 27.15800 16.13110 10.78690
H 29.56650 18.46240 10.89490
H 26.04280 19.07110 11.17340
H 30.59350 15.49090 10.79970
H 28.23360 21.38720 10.91870
H 33.85490 15.06160 10.73960
C 31.29370 19.04250 9.17874
C 32.31750 16.20330 9.13735
C 35.78030 15.43990 9.22769
C 34.69980 18.34930 9.27662
C 37.03400 20.81580 9.40282
H 35.09820 20.20000 10.89280
H 32.79020 17.96500 10.78960
H 31.68950 20.84750 10.83120
H 36.20540 17.23690 10.89910
C 33.53710 21.20360 9.26411
C 14.06410 22.13510 9.70412
C 10.64980 22.82280 9.69822
C 12.91930 25.04560 9.86006
C 16.33420 24.30960 9.61036
C 15.24830 27.25640 9.79452
H 14.58970 23.93180 11.36050
H 13.40510 26.81360 11.44250
C 11.88520 27.93180 9.79036
H 11.14050 24.47490 11.50580
H 9.99759 27.45420 11.46380
H 16.88390 26.10290 11.28280
C 19.98030 23.77520 9.66071
C 23.41870 23.22270 9.42813
C 22.05930 26.18180 9.82655
C 18.81030 26.60710 9.73311
H 20.30010 25.53020 11.45450
H 23.79410 25.00830 11.13880
H 21.57900 22.61350 11.03860
H 17.99930 23.23670 11.14150
H 22.55730 27.93030 11.50870
C 28.89260 24.84980 9.42856
C 25.52880 25.58690 9.46445
C 26.62840 22.59150 9.39449
C 30.00920 21.90950 9.30734
H 29.44410 26.67550 11.13180
H 30.53030 23.71540 10.93940
H 24.81720 22.02040 11.12120
H 25.96060 27.28040 11.24760
H 27.05910 24.34430 11.04210
C 27.79480 27.72460 9.56595
C 31.23930 27.10760 9.40567
C 35.76100 23.77510 9.42538
C 32.39180 24.21250 9.34707
C 34.67610 26.58800 9.40203
H 37.31000 22.57650 11.11750
H 32.78070 25.99770 11.04230
H 33.95410 23.06590 10.94850
H 36.21900 25.54270 11.13700
C 13.14970 33.07440 9.80490
C 14.07730 30.27110 9.83173
C 16.46070 32.61430 9.85928
C 10.62030 30.96650 9.85981
H 15.68860 29.08460 11.36170
H 11.03110 32.74060 11.17170
H 12.30060 29.73590 11.41730
H 14.67780 32.04710 11.52370
C 21.04510 29.16100 9.91075
C 23.17990 31.38570 9.71991
C 22.20110 34.40480 9.87364
C 19.70120 32.05870 9.85114
C 17.54290 29.65200 9.79597
H 19.03480 28.46420 11.38250
H 21.33490 30.85590 11.34350
H 20.36080 33.82560 11.49810
H 23.78440 33.13550 11.39140
H 17.91920 31.44420 11.50030
H 16.94550 34.34300 11.58170
C 25.49990 33.63490 9.71192
C 30.17700 30.08840 9.42439
C 24.29470 28.46600 9.77853
C 28.96420 33.00170 9.51426
C 26.75070 30.77450 9.48889
H 24.91810 30.27480 11.13860
H 28.28020 29.64640 11.00500
H 27.16150 32.54440 11.16470
H 30.60990 31.89830 11.03100
H 31.77640 28.94740 10.99770
C 35.80990 31.95880 9.48146
C 37.02480 29.11020 9.44518
H 35.14140 28.43270 10.98330
C 32.38340 32.47820 9.42512
H 36.18500 33.80130 11.14550
H 37.28680 30.82720 11.16570
H 32.81870 34.29940 11.07400
H 33.97120 31.40000 11.02010
C 33.59070 29.51680 9.37012
C 12.03420 3.30758 12.59240
C 10.81450 6.23015 12.60410
C 15.50250 2.60037 12.46490
C 14.23500 5.61564 12.54530
C 16.54610 7.94785 12.39820
C 18.81660 2.07979 12.46890
C 17.75620 5.02046 12.46220
C 21.04830 4.34366 12.43300
C 19.99630 7.36988 12.44940
C 23.34580 6.69378 12.57650
C 24.50650 3.78682 12.47740
C 26.63120 6.11904 12.44730
C 27.89970 3.23199 12.54130
C 30.07920 5.57189 12.40430
C 31.42330 2.62224 12.53990
C 32.35460 7.86371 12.47910
C 33.46850 4.98518 12.50810
C 36.89080 4.39896 12.46070
C 35.76840 7.22388 12.37810
C 34.53120 2.09841 12.43830
C 13.04050 8.57899 12.44720
C 11.99860 11.41080 12.44900
C 10.78160 14.40730 12.52630
C 15.33010 10.78300 12.38550
C 14.30050 13.67840 12.55260
C 17.54930 13.16530 12.48270
C 22.22690 9.68717 12.49350
C 18.74270 10.13290 12.26340
C 21.04180 12.43290 12.41510
C 29.02580 8.38958 12.33260
C 24.44790 11.92800 12.46800
C 25.62590 9.13372 12.51380
C 26.77080 14.26490 12.42560
C 27.88500 11.33680 12.38110
C 30.15880 13.68750 12.44320
C 31.27500 10.71150 12.38370
C 34.61660 10.28450 12.53890
C 33.47640 13.23330 12.39880
C 36.83270 12.47550 12.40520
C 12.89360 16.65960 12.55180
C 16.45430 16.06870 12.67740
C 11.78440 19.74370 12.81200
C 15.19530 19.09390 12.76500
C 23.26150 14.87810 12.55530
C 19.80370 15.38400 12.53260
C 22.19640 17.80160 12.65040
C 18.77620 18.47680 12.63830
C 21.09820 20.79390 12.70590
C 17.69710 21.31860 12.65860
C 24.35770 20.16760 12.69740
C 25.62990 17.24190 12.52540
C 28.98380 16.61670 12.42410
C 28.07890 19.48520 12.57260
C 31.29920 19.02930 12.49510
C 32.34240 16.13530 12.41020
C 35.69830 15.31890 12.39540
C 34.62160 18.32550 12.43400
C 36.81330 20.69580 12.67650
C 33.46550 21.18820 12.53120
C 14.03900 21.98840 12.76540
C 10.75220 22.48990 12.99460
C 13.02070 24.89070 13.04640
C 16.53590 24.19810 12.88280
C 15.38390 27.11670 12.93600
C 11.87000 27.88410 13.06000
C 18.64910 26.62060 12.98770
C 22.34380 26.17880 12.85150
C 23.30670 23.12330 12.74510
C 19.97210 23.67010 12.72550
C 25.55350 25.37230 12.81060
C 29.00480 24.74180 12.62970
C 26.71520 22.43570 12.62910
C 30.12460 21.86810 12.50820
C 27.89960 27.84000 12.70830
C 31.31940 27.16890 12.71110
C 32.36570 24.12260 12.58250
C 35.64140 23.63810 12.70860
C 34.56150 26.65540 12.66060
C 10.65330 30.94720 12.86270
C 16.39640 32.53050 13.23120
C 14.17380 30.18130 13.03500
C 12.83080 33.07680 12.89570
C 23.31100 31.14120 12.85500
C 20.87350 28.99260 12.99410
C 22.28200 34.25870 13.05880
C 17.48550 29.54560 13.04950
C 19.80430 31.94150 13.03120
C 29.07470 32.91600 12.71760
C 26.75070 30.69310 12.73620
C 25.69780 33.56260 12.91590
C 24.53750 28.48520 12.88660
C 30.20740 30.04980 12.62220
C 33.62350 29.54260 12.62030
C 32.42040 32.43790 12.66840
C 36.86530 28.98010 12.73450
C 35.68370 31.92920 12.75440
C 11.95170 36.03850 9.81524
C 10.61570 38.99780 9.99554
C 15.43850 35.26890 9.87643
C 14.12060 38.35810 9.80045
C 16.42010 40.71400 9.83946
H 15.74570 37.28350 11.32350
H 14.47720 40.28340 11.36240
H 13.45390 34.97860 11.45390
C 17.52290 37.80070 9.87871
C 21.00580 37.20000 9.99139
C 19.97940 40.14670 9.84987
C 23.24300 39.47230 9.96060
C 18.74790 34.91550 9.92620
H 22.68370 36.12930 11.51140
H 18.11730 39.72320 11.41470
H 19.10100 36.76750 11.56530
H 21.39000 39.00290 11.55730
C 24.44390 36.51630 9.82161
C 26.68400 38.89570 9.73984
C 27.77820 35.97910 9.61125
C 30.04690 38.38710 9.72364
H 26.03340 35.45020 11.36630
H 30.46950 40.19470 11.36750
H 28.24430 37.75120 11.28880
H 24.90600 38.35080 11.40040
H 27.13060 40.72380 11.42820
H 29.38720 34.82610 11.12450
C 31.24160 35.45890 9.53657
C 32.30680 40.67970 9.76958
C 33.43160 37.87790 9.65152
C 36.97950 37.22520 9.62681
C 35.78650 40.10630 9.70980
C 34.64770 34.93180 9.48620
H 35.01430 36.71800 11.14850
H 37.29800 39.01620 11.26700
H 33.96490 39.64120 11.34040
H 31.63370 37.20760 11.31170
C 12.88700 41.43210 9.85011
C 11.98570 44.27470 9.96270
C 15.26020 43.70420 9.98180
C 10.74850 47.12950 9.87758
C 14.14860 46.56470 9.93116
C 17.58680 45.82870 10.05590
C 22.18890 42.50240 9.96159
C 18.84180 43.07540 9.96701
C 21.11150 45.45270 10.03630
H 16.86610 42.59260 11.43780
H 20.35270 41.95710 11.47250
H 23.64220 41.29760 11.61600
C 28.88440 41.41520 9.82175
C 24.38540 44.95560 10.03570
C 25.52430 41.82950 9.97921
C 27.67470 44.24070 9.95082
C 26.58240 47.18120 9.96649
C 30.15160 46.55120 9.97293
H 29.35890 43.17530 11.50720
C 31.16640 43.65140 9.83660
C 34.52440 43.02100 9.89551
C 36.80800 45.31730 9.78243
C 33.59530 46.01180 9.83877
H 36.25970 41.96620 11.35040
H 37.37900 47.21530 11.31440
H 32.68960 42.48140 11.48260
H 35.07530 44.82770 11.48940
C 13.05760 49.38800 9.76882
C 16.44400 48.76360 9.89304
C 11.82160 52.43080 9.84573
C 15.35840 51.81330 9.77939
C 23.45710 47.75160 10.05650
C 19.82910 48.24430 10.08000
C 22.22680 50.62870 10.12010
C 18.83160 51.25670 9.86609
C 21.01760 53.48390 10.05900
C 17.70680 54.17830 9.93211
C 24.29680 52.93450 10.02950
C 25.61380 50.07280 9.96994
C 29.04630 49.32920 9.97099
C 27.90550 52.40130 9.92322
C 31.29870 51.72360 9.91067
C 32.37620 48.89800 9.98165
C 35.68410 48.29210 9.78002
C 34.64120 51.33050 9.87189
C 36.97240 53.62000 9.89978
C 33.49440 54.30320 10.07450
H 36.28240 50.14700 11.31530
C 14.22560 54.87250 9.80833
C 10.71620 55.40740 10.02670
C 13.02000 57.73110 10.04610
C 16.51160 57.11250 9.95997
C 15.48090 60.06580 9.93133
C 11.76090 60.67040 9.97195
C 19.83540 56.50190 9.99856
C 23.25900 55.84000 9.88381
C 18.85030 59.43700 9.89980
C 22.18670 58.83340 9.89985
C 25.55410 58.25640 9.85095
C 26.64860 55.34460 9.99291
C 27.89880 60.62330 9.90221
C 30.20800 54.86720 10.00990
C 29.03490 57.61020 10.04120
C 35.89610 56.53780 9.99153
C 31.33430 59.95200 10.01930
C 32.33550 57.10520 10.15480
C 34.59180 59.41810 10.05320
C 10.68660 63.45030 9.88388
C 16.35830 65.18550 9.85410
C 14.10730 62.88580 9.87170
C 13.02530 65.70830 9.83077
C 23.35810 64.11340 9.84913
C 19.90770 64.63760 9.89402
C 21.13000 61.71950 9.83473
C 17.70480 62.44160 9.85528
C 22.19610 66.95150 9.83829
C 24.49210 61.09760 9.93093
C 25.62610 66.33130 9.99891
C 28.95750 65.84070 9.89003
C 26.86180 63.53340 9.87853
C 30.18260 62.96770 9.85973
C 32.44320 65.23300 9.84644
C 35.77550 64.82340 9.90160
C 33.50640 62.35130 9.85963
C 36.96900 61.79690 9.90205
C 11.86040 36.11740 13.07500
C 10.77450 38.99770 13.17670
C 15.32050 35.49940 13.06700
C 14.18570 38.43950 12.97460
C 16.38180 40.76680 12.94720
H 11.19540 40.83610 11.61790
H 10.05360 35.64230 11.40040
H 12.30120 37.92700 11.47900
C 18.82900 34.88070 13.15800
C 17.51010 37.93980 13.00960
C 21.03400 37.11400 13.10690
C 19.82040 40.16630 13.08330
C 23.36000 39.28640 13.04970
C 24.59430 36.54400 13.05030
C 26.72350 38.81190 13.01860
C 27.94850 35.91570 12.88380
C 30.06300 38.27490 12.92580
C 31.23120 35.40510 12.73690
C 32.33530 40.53390 13.00190
C 33.53310 37.77750 12.86760
C 36.86030 37.14300 12.79610
C 35.84680 40.11710 12.93910
C 34.53480 34.90600 12.75750
C 13.01460 41.31520 13.20020
C 11.91150 44.31220 13.19030
C 15.32660 43.57460 13.13140
C 10.82280 47.32000 13.10050
C 14.14230 46.68020 13.20900
H 13.42170 43.17960 11.58670
H 12.33400 46.14200 11.56530
H 15.67710 45.53360 11.67550
H 10.09710 43.77210 11.48980
C 17.54100 45.97650 13.22990
C 22.07500 42.40040 13.20200
C 18.78740 43.07560 13.05470
C 21.09180 45.41400 13.26840
H 21.53910 47.28840 11.58070
H 19.26240 44.91960 11.66140
H 22.65440 44.25640 11.66800
C 28.96490 41.32220 13.03470
C 24.43900 44.76830 13.32600
C 25.64500 41.79260 13.10160
C 27.72990 44.21330 13.11570
C 26.82490 47.14770 13.22530
C 30.17270 46.43510 13.09060
H 24.90910 46.61190 11.73410
H 25.86440 43.68950 11.60280
H 28.23520 46.06960 11.48200
C 31.23070 43.59920 13.11170
C 34.61610 42.88030 13.02540
C 36.97960 45.39590 12.94790
C 33.55170 45.90650 13.15020
H 31.78920 45.39980 11.47440
C 12.94650 49.51720 13.01130
C 16.36990 48.98430 13.12030
C 12.00370 52.48540 13.01830
C 15.34060 51.77170 12.91000
H 14.56110 48.43410 11.52170
H 11.14460 49.07620 11.35450
H 10.03700 51.96770 11.49580
H 15.70200 53.66140 11.39230
H 13.44350 51.32510 11.33700
H 12.43190 54.26940 11.39640
C 23.31970 47.74020 13.28180
H 17.93010 47.76660 11.64850
H 16.93080 50.69950 11.37910
C 19.89040 48.30290 13.16830
C 22.09570 50.55000 13.25690
C 18.65420 51.20090 13.16450
C 20.93590 53.76440 13.27100
H 22.50880 52.49590 11.78510
H 19.13210 53.06450 11.63100
H 23.85330 49.58050 11.69970
H 20.27540 50.16120 11.60110
C 17.47790 54.14680 13.16270
C 24.49460 52.96860 13.21350
C 25.69660 50.18650 13.20640
C 29.03990 49.41510 13.20450
C 27.92540 52.36920 13.12720
H 26.03200 51.97220 11.52400
H 29.44100 51.24030 11.52070
H 27.17510 48.97740 11.57290
H 28.32830 54.24360 11.53830
H 30.65410 48.35330 11.67380
C 31.25390 51.66570 13.21970
C 32.52170 48.94250 13.25560
C 35.90660 48.32880 13.03240
C 34.86150 51.19430 13.08930
C 37.05680 53.73120 13.11060
C 33.57210 54.16670 13.18140
H 33.99250 47.78530 11.55280
H 32.88650 50.75740 11.58200
H 31.64180 53.57600 11.58380
H 35.16750 53.14280 11.56310
C 14.21270 54.76750 13.09880
C 10.81900 55.40190 13.01700
C 13.12860 57.74240 13.12600
C 16.47430 57.17660 13.21290
C 15.29210 59.99720 13.01390
C 11.86860 60.54130 13.02910
H 9.88816 60.14170 11.51900
H 14.69900 56.57230 11.55940
H 11.14500 57.22800 11.67360
H 13.45520 59.48660 11.36340
H 17.03650 58.96820 11.56870
C 18.76160 59.59440 13.08130
C 19.93440 56.58950 13.14150
C 23.32720 55.93820 13.16880
C 22.22310 58.85990 13.11860
H 21.46890 55.45780 11.56240
H 23.76100 57.69930 11.48630
H 22.59150 60.62180 11.56210
H 20.31420 58.35560 11.52190
H 17.99640 55.98950 11.62510
C 27.90390 60.65330 13.18420
C 26.69200 55.27290 13.07590
C 30.12220 54.58210 13.25180
C 25.56070 58.26750 13.15220
C 29.02020 57.58900 13.15900
H 24.78430 54.79080 11.56070
H 29.38340 59.51040 11.55500
H 26.12420 60.05950 11.53490
H 27.07500 57.19560 11.52170
H 30.53800 56.59740 11.78720
C 31.16720 60.07510 13.22700
C 32.46860 57.12440 13.33720
C 36.03300 56.46940 13.14760
C 34.80090 59.45830 13.17590
H 34.07260 56.10660 11.69970
H 32.79480 58.98190 11.77670
H 36.32870 58.37790 11.55080
H 37.58000 55.46600 11.42800
H 14.55080 64.70330 11.50340
H 15.77430 61.83840 11.38510
H 12.29820 62.47260 11.60260
H 11.15130 65.35460 11.41920
C 16.40240 65.25850 13.07920
C 10.59740 63.56150 13.05150
C 12.98650 65.87680 13.02190
C 14.28680 62.85140 13.12000
H 16.70320 67.10450 11.35170
C 17.61730 62.25520 13.01940
H 19.26030 61.32980 11.41050
H 17.98150 64.19830 11.52270
C 19.86980 64.60130 12.99260
C 22.05290 66.98330 13.07520
C 23.38440 64.06270 13.07830
C 21.02170 61.77930 13.10480
H 23.74520 65.94710 11.50580
H 20.29450 66.44200 11.38330
H 21.54640 63.55340 11.47010
H 30.61950 64.83900 11.50560
H 24.92990 63.02340 11.41590
C 29.07460 65.95470 13.13570
C 30.15350 63.06130 13.14590
H 27.23240 65.32530 11.60500
C 25.56320 66.37870 13.16140
C 24.52430 61.20140 13.06830
C 26.73720 63.42950 13.14230
H 28.36530 62.46150 11.53960
C 32.43530 65.33630 13.05490
H 34.01940 64.18510 11.47900
H 36.25220 66.57100 11.64850
H 32.95320 67.12870 11.34480
C 36.97430 61.90550 13.02270
C 33.54030 62.33390 13.08740
C 35.84010 64.73040 13.11470
H 35.05470 61.26690 11.46700
H 31.68030 61.87490 11.48850
H 37.40100 63.69830 11.42350
C 11.97060 68.88440 9.72200
C 10.76970 71.70180 9.86711
C 15.29260 68.32650 9.73284
C 14.16370 71.18510 9.80842
C 16.36410 73.62060 9.92439
C 17.51510 70.54470 9.78413
C 20.97190 69.81160 9.79581
C 19.77460 72.96300 9.84069
C 23.20090 72.18890 9.90330
C 18.67820 67.53050 9.82051
C 24.39780 69.29480 9.94373
C 26.57710 71.60990 9.96962
C 27.71290 68.71620 9.89794
C 30.05140 71.26990 9.90626
C 31.33150 68.18870 9.80660
C 34.84680 67.64250 9.87505
C 32.31520 73.52430 9.91235
C 33.65760 70.58580 9.81530
C 36.96350 70.02950 9.86761
C 35.75510 73.06930 9.89019
H 37.28320 71.84110 11.49060
C 12.89830 74.09260 9.92159
C 11.77520 76.96230 9.80915
C 10.68510 79.81640 9.63033
C 15.02240 76.44690 9.83125
C 13.91320 79.33660 9.71404
C 17.51450 78.63000 9.92857
C 22.17200 75.22030 9.80587
C 18.58620 75.87700 9.91194
C 20.89540 78.14310 9.95743
H 21.34310 79.96740 11.59050
C 28.76320 74.03960 9.83194
C 24.39340 77.51570 10.01010
C 25.46550 74.60580 9.99897
C 26.48180 79.84870 10.05440
C 27.65290 76.96540 10.01980
C 29.85700 79.37690 10.00570
H 28.04050 78.84940 11.71460
H 24.66940 79.28610 11.70860
C 31.10350 76.43220 10.01340
C 34.56340 75.81250 10.02050
C 33.36250 78.73150 10.17220
C 36.95260 78.24690 9.86164
H 37.29310 80.01340 11.57650
H 35.14560 77.67590 11.42020
H 32.68850 75.35920 11.64400
H 36.27330 74.82360 11.58950
H 31.36270 78.24900 11.67420
C 12.86510 82.26850 9.60554
C 16.26520 81.53050 9.76261
C 11.61950 85.22280 9.57624
C 15.15720 84.67740 9.71816
H 9.77619 84.68290 11.17790
H 11.02780 81.71440 11.19590
H 13.23450 84.15170 11.19530
H 15.65290 86.51260 11.41650
H 12.07240 87.03470 11.17470
C 23.23900 80.50260 10.04330
C 19.90010 81.12440 9.88609
C 22.01500 83.44810 10.05310
C 18.57770 84.03160 9.97740
C 20.92020 86.35700 9.96923
C 17.62670 86.92520 9.94555
H 16.83890 83.54900 11.16780
H 23.61300 82.36490 11.64460
H 20.14280 82.86310 11.64340
H 19.15720 85.84470 11.65710
H 22.41780 85.26430 11.62860
C 24.27890 85.78690 10.03740
C 25.35680 82.92150 9.97503
C 28.74820 82.25480 10.09910
C 27.58490 85.15820 9.95863
H 29.12180 84.12200 11.66110
H 30.33840 81.20160 11.71320
H 26.82450 81.76040 11.61260
H 28.13760 87.08600 11.43560
H 25.82650 84.70680 11.65310
H 33.83800 80.63200 11.83520
C 30.99100 84.58100 10.00580
C 32.24900 81.55720 10.10970
C 35.60620 81.00200 10.06010
C 34.52050 83.99020 9.86104
C 36.74820 86.33930 9.89134
H 31.36910 86.49120 11.49230
H 34.91890 85.88040 11.53180
H 36.11810 82.96430 11.46050
H 32.67300 83.52530 11.49920
C 33.26870 86.83980 9.87021
C 10.52640 88.19200 9.67369
C 14.08840 87.46540 9.71609
C 12.86060 90.46960 9.67420
C 16.36450 89.74750 9.81744
C 15.29240 92.72260 9.70575
C 11.78510 93.36590 9.67815
H 10.09130 92.87890 11.42300
H 11.11680 89.95980 11.34920
H 14.42480 89.36170 11.30060
H 13.36510 92.28590 11.30310
C 23.13790 88.74090 9.90773
C 19.80230 89.40120 9.92145
C 21.82110 91.68560 9.85326
C 18.72970 92.21290 9.81508
H 22.44570 93.59450 11.35290
H 20.14000 91.19930 11.66490
H 23.54950 90.62660 11.38050
H 16.78730 91.70320 11.30280
H 17.98140 88.81830 11.54310
H 21.30750 88.20620 11.52940
C 28.77320 90.38360 9.78812
C 26.45150 88.05750 9.94625
C 25.41130 91.03270 9.75701
C 29.92640 87.53110 9.75851
H 30.40360 89.38140 11.34600
C 27.64640 93.31810 9.66943
H 25.92180 92.87170 11.40750
H 29.19660 92.30920 11.31600
H 26.94790 89.95690 11.44040
H 24.67210 87.65970 11.66010
C 31.01090 92.69910 9.64697
C 34.49520 92.17370 9.62967
C 32.20310 89.85900 9.69780
C 35.67690 89.24090 9.74987
H 36.03950 91.12600 11.29070
H 33.76330 88.84130 11.34970
H 32.65390 91.74940 11.25230
H 37.37510 88.24400 11.33590
C 12.98980 98.66490 9.62742
C 10.94550 96.48620 9.61351
C 16.35390 98.18010 9.47468
C 14.23950 95.75350 9.57229
H 14.62260 97.65080 11.17320
H 15.67100 94.66780 11.25050
H 11.24850 98.28630 11.38470
H 12.40680 95.28270 11.17690
H 16.82840 100.01200 11.11180
C 21.96380 100.06300 9.30172
C 19.68160 97.55860 9.47311
C 23.05310 96.89770 9.65067
H 20.16310 99.48000 10.94320
H 23.37810 98.80630 10.88760
C 17.47510 95.11840 9.57104
C 20.78520 94.58080 9.78089
H 18.92240 94.11180 11.38500
H 17.83630 97.05950 11.07540
H 21.14530 96.51080 11.31660
C 29.83010 95.77130 9.54853
C 28.79980 98.67910 9.35873
C 25.39390 99.21810 9.43941
H 28.04960 95.21040 11.23700
H 30.30650 97.71890 11.02820
C 24.34610 93.95060 9.76542
H 27.00320 98.24050 11.07870
C 26.50850 96.30790 9.57780
H 24.72740 95.83230 11.26760
H 32.65470 99.92740 11.02240
C 32.22500 97.98540 9.45036
C 36.82400 94.43940 9.55530
H 34.92220 94.06550 11.13240
H 31.42730 94.64080 11.16480
H 37.14730 96.34040 11.07200
H 35.99730 99.32360 11.02630
H 33.80830 96.94450 11.07330
C 35.65370 97.46900 9.43518
C 33.25230 95.03300 9.55914
C 11.80780 68.69760 12.95250
C 10.73810 71.73220 13.06720
C 15.24370 68.24950 13.01140
C 14.14940 71.13800 13.10200
C 16.37280 73.47500 13.03590
H 10.01520 68.32570 11.23900
H 13.44100 67.66630 11.34260
H 15.70270 70.13190 11.44110
H 12.38430 70.65700 11.44760
H 11.10650 73.54970 11.52740
H 14.45350 72.99720 11.49640
C 17.58580 70.50170 13.07110
C 20.89680 69.86130 13.05890
C 19.77520 72.81320 13.00430
C 23.05870 72.17320 13.08450
C 18.62540 67.51020 12.94690
H 19.04390 69.36970 11.40070
H 21.27730 71.67550 11.40960
H 22.49830 68.81740 11.47970
H 17.93120 72.31330 11.43590
C 24.26510 69.31280 13.18350
C 26.69540 71.63040 13.14120
C 27.81770 68.68760 13.08370
C 30.13390 71.14120 13.00610
H 27.05720 73.48860 11.52480
H 24.72270 71.14050 11.59110
H 25.91680 68.25590 11.58270
H 29.40000 67.73390 11.36110
H 30.40860 73.04470 11.41640
H 28.22710 70.58120 11.50600
C 31.29610 68.23250 12.90070
C 34.65350 67.70470 13.10610
C 32.30700 73.58860 13.01930
C 33.50740 70.60500 13.05530
C 36.93640 69.99110 13.14830
C 35.78170 72.98350 13.13960
H 33.96470 72.42440 11.46000
H 31.72170 70.08970 11.39100
H 35.14390 69.49870 11.48660
C 12.98900 74.07700 13.14400
C 11.68110 77.05000 13.03000
C 10.56610 79.95250 12.88230
C 15.06580 76.49710 13.07010
C 13.94990 79.43500 13.02420
H 9.94270 76.48550 11.39040
H 12.15440 78.83240 11.37980
H 13.26710 75.91360 11.52550
H 15.41790 78.28510 11.34560
C 17.31050 78.71650 12.99990
C 21.87980 75.07410 13.03670
C 18.68320 75.68390 12.97400
C 21.02940 78.06200 13.18650
H 22.47100 76.99620 11.52910
H 23.56150 74.05410 11.53400
H 16.63860 75.33850 11.46980
H 19.08500 77.62790 11.66340
H 20.22450 74.63000 11.28660
C 28.90190 73.98210 13.14680
C 24.21840 77.42900 13.28790
C 25.42810 74.49450 13.18990
C 26.49990 79.94700 13.29310
C 27.67630 76.88610 13.23150
C 29.89050 79.36620 13.36270
H 25.82220 76.35990 11.71480
H 29.19300 75.81980 11.49740
C 30.95040 76.49260 13.16940
C 34.58780 75.92300 13.12890
C 33.48120 78.80200 13.07710
C 36.82590 78.18710 13.18540
C 12.74380 82.38000 12.90840
C 16.29940 81.77810 12.81390
C 11.65220 85.15980 12.79380
C 15.21500 84.71110 12.74350
H 14.31250 81.21670 11.34480
C 23.11160 80.51460 13.23860
C 19.66400 80.99740 13.14750
C 21.94660 83.44500 13.23670
C 18.44190 83.91190 13.05860
C 20.90790 86.41190 13.26190
C 17.45720 86.93460 13.10650
H 17.94640 80.52490 11.37220
C 24.22690 85.78520 13.24630
C 25.41370 82.97410 13.29490
C 28.62810 82.29890 13.24170
C 27.61840 85.39140 13.20990
C 33.28330 87.09230 13.06470
C 31.09410 84.68030 13.13260
C 32.14830 81.84110 13.31780
C 35.82210 81.23360 13.22000
C 34.59220 84.18430 13.08260
C 36.93120 86.36880 12.98000
C 15.21430 92.88800 12.87400
C 16.25380 89.87470 12.96410
C 12.95640 90.50010 12.98080
C 13.89190 87.56050 12.89210
C 10.59810 88.07630 12.89150
C 11.94110 93.51490 12.93220
C 18.38340 92.34340 13.05870
C 19.78020 89.31140 13.22180
C 23.12920 88.94090 13.14880
C 22.09060 91.79230 13.07920
C 25.44800 91.10310 13.02280
C 29.90240 87.68470 13.11480
C 26.58190 88.15710 13.13460
C 28.90180 90.51870 12.90910
C 27.76120 93.44460 13.03070
C 31.08720 92.80980 12.88690
C 32.23950 89.97740 12.96570
C 34.50920 92.30970 12.83600
C 35.73740 89.26930 12.87530
C 14.13420 95.87370 12.83670
C 13.18410 98.84070 12.82510
C 16.41840 98.23280 12.76200
C 10.79540 96.44360 12.81860
C 17.38010 95.36150 12.87430
C 19.56090 97.77680 12.69840
C 23.09400 97.07850 12.73120
C 20.79590 94.65340 12.92640
C 21.97590 99.93750 12.60820
C 29.96700 95.90040 12.69720
C 24.32560 94.03540 12.95870
C 28.81090 98.88780 12.71720
C 25.22550 99.28610 12.53460
C 26.60130 96.45360 12.82660
C 32.21500 98.06140 12.61930
C 35.61560 97.47680 12.69390
C 33.39330 95.08120 12.72600
C 36.71890 94.54920 12.74510
C 11.87350 101.61500 9.48396
C 10.74140 104.62100 9.52447
C 15.30980 101.09700 9.47303
C 14.11600 103.98400 9.49814
C 16.26820 106.44400 9.30980
H 14.54550 105.89900 11.04410
H 15.69210 102.96600 11.11580
H 13.47210 100.62100 11.05670
H 11.14340 106.48200 11.20210
H 12.30380 103.51700 11.08950
H 10.01930 101.16000 11.09310
C 17.36630 103.59300 9.33065
C 20.96990 102.98000 9.34883
C 19.74780 105.86900 9.40305
C 23.26760 105.23700 9.31689
C 18.55220 100.58900 9.38141
H 19.03310 102.48600 10.82990
H 21.40750 104.79200 10.97330
H 17.87140 105.38400 10.93440
H 22.41470 101.79400 11.02470
C 24.24070 102.26000 9.34587
C 26.61290 104.60300 9.38510
C 27.63920 101.76500 9.40526
C 29.87020 103.97100 9.45700
H 28.09840 103.53600 11.11980
H 24.68720 104.10100 10.91080
H 26.90580 106.38700 10.93480
H 30.53000 105.79400 10.96910
H 29.20600 100.59300 10.95740
H 25.75760 101.14400 10.98750
C 31.08230 100.94900 9.40699
C 34.46810 100.43600 9.35545
C 32.35180 106.22900 9.34657
C 33.32990 103.41200 9.36059
C 36.86400 102.74100 9.43486
C 35.60530 105.64500 9.37747
H 34.86820 102.30300 10.88060
H 31.51220 102.86500 10.99150
H 33.83970 105.19000 11.01890
H 37.20510 104.66200 10.98490
C 12.93920 106.98800 9.52051
C 11.75870 109.84500 9.46123
C 15.05430 109.35700 9.30236
C 10.61560 112.88000 9.38431
C 14.10520 112.31800 9.25038
H 12.23160 111.75800 10.87180
H 13.38270 108.81600 11.09770
H 15.58250 111.20500 10.92460
H 9.96212 109.41400 11.17890
H 16.66380 108.32000 10.88010
H 23.63120 107.05400 10.95790
C 17.37560 111.76100 9.26451
C 22.09910 108.24900 9.34654
C 18.60060 108.66500 9.29716
C 20.85490 111.05600 9.28587
H 21.38180 112.90300 10.83790
H 20.20860 107.72500 10.99950
H 18.95680 110.61700 10.81700
H 22.57520 110.01700 10.81620
C 28.84400 106.83300 9.46562
C 24.31640 110.50400 9.08810
C 25.39560 107.42700 9.24857
C 27.83490 109.74700 9.23297
C 26.69080 112.84500 9.10001
C 30.17690 112.02500 9.17140
H 29.27900 108.66000 11.08850
H 25.83950 109.37100 10.71970
H 24.85230 112.35300 10.71970
H 28.22830 111.65800 10.68250
C 31.06370 109.07600 9.37789
C 34.50930 108.56000 9.26449
C 36.92470 111.00900 9.21307
C 33.36020 111.51500 9.20163
H 32.74070 108.05400 10.93470
H 35.00440 110.47600 10.75930
H 37.23440 112.87400 10.82200
H 31.60650 110.96000 10.94960
H 36.11060 107.57700 10.89460
C 12.95500 115.17700 9.23961
C 16.35540 114.57100 9.19060
C 11.81130 118.05500 9.23223
C 15.27930 117.60700 9.20952
H 11.24350 114.70400 10.93430
H 13.41050 117.01500 10.80270
H 15.88280 119.41600 10.70440
H 14.53330 114.11300 10.81310
H 10.06590 117.65300 10.96650
H 12.29930 119.91400 10.82600
C 23.21810 113.36000 9.18631
H 17.81650 113.56700 10.91050
H 16.77130 116.40300 10.78140
C 19.71520 113.89300 9.35261
C 22.11570 116.32100 9.20770
C 18.66110 116.81700 9.20731
C 20.97420 119.19400 9.19441
H 20.27380 115.78900 10.83200
H 19.13140 118.74800 10.68700
H 23.58140 115.20100 10.87830
H 22.60310 118.16000 10.83800
C 17.68810 119.91700 9.00758
C 24.36820 118.51700 9.11615
C 25.43550 115.66500 9.27621
C 29.12420 115.07400 9.16047
C 27.92850 118.04100 9.21218
H 29.51450 116.93200 10.82950
H 26.02330 117.55400 10.69430
H 30.53300 113.88100 10.80060
H 27.25580 114.64600 10.71090
H 28.32720 119.87700 10.89200
H 33.90270 113.33100 10.83720
C 31.34580 117.54800 9.18886
C 32.39490 114.47300 9.19059
C 35.73780 114.03600 9.24081
C 34.72760 116.99500 9.25435
C 36.85500 119.30400 9.33865
H 34.98790 118.77400 10.93600
H 31.72110 119.27900 10.90440
H 36.10970 115.78300 10.98060
H 32.80380 116.37200 10.73850
C 33.51810 119.77900 9.25683
C 14.10400 120.35200 9.13130
C 15.29810 125.79600 9.02766
C 16.45300 122.80100 8.94092
C 10.80270 121.06100 9.19917
C 12.95200 123.45400 9.06662
H 14.59450 122.28500 10.54050
H 13.49110 125.23700 10.69470
H 11.24330 122.90400 10.80610
C 11.94240 126.41200 9.06878
H 10.19490 125.85300 10.75930
H 16.86280 124.65400 10.59880
C 18.90610 125.23300 9.15968
C 22.23920 124.52700 8.92855
C 23.32420 121.46400 9.05023
C 20.05800 122.16300 9.05931
H 20.50660 124.00900 10.64060
H 23.71610 123.40200 10.57710
H 21.52630 121.08500 10.76020
H 18.05410 121.73000 10.51790
H 22.61610 126.37200 10.54190
C 30.17040 120.40400 9.31786
C 25.66580 123.82300 9.10479
C 26.73440 120.96800 9.23516
C 29.11910 123.21400 9.27166
C 27.91230 126.28800 9.17193
H 26.00450 125.74900 10.72660
H 30.68050 122.24400 10.96890
H 29.32940 125.15900 10.87830
H 27.18010 122.81500 10.84230
H 24.85510 120.42300 10.64670
C 31.19750 125.54800 9.27360
C 35.92750 122.10500 9.39520
C 34.84180 125.12000 9.15064
C 32.36630 122.63800 9.22884
H 33.01020 124.55400 10.71490
H 36.31890 124.03100 10.89880
H 37.37360 121.00700 11.09680
H 33.96800 121.66700 10.83060
C 14.31100 128.75700 9.01813
C 11.02140 129.50600 9.10701
C 13.10530 131.73100 9.20086
C 16.62550 130.99900 9.14414
H 14.72230 130.54900 10.66390
H 15.79160 127.59400 10.68540
H 11.37680 131.15900 10.90110
H 12.49970 128.20400 10.65850
H 17.05280 132.83300 10.78370
H 21.45740 129.30000 10.68020
C 19.86900 130.36500 9.14820
C 23.40760 129.79600 9.14938
C 22.15130 132.73100 9.24790
C 21.11270 127.58700 8.95841
C 17.64840 128.07000 9.09131
H 20.28350 132.17800 10.86180
H 23.79770 131.63300 10.76940
H 18.11940 129.85700 10.79980
H 19.31670 126.93900 10.49570
C 24.59270 126.90900 9.10269
C 26.82890 129.28700 9.19594
H 24.98350 128.72000 10.76990
H 27.20850 131.04600 10.88770
C 30.15140 128.67000 9.11800
H 30.58390 130.40200 10.85950
H 28.33910 128.11700 10.77080
C 29.05590 131.58100 9.31691
C 25.70380 132.11300 9.24615
H 33.90150 129.83800 10.59050
H 35.13130 126.88700 10.87000
H 37.52610 129.23100 10.90410
H 31.61630 127.50600 10.70430
H 36.22280 132.16900 10.95660
C 32.29470 130.97100 9.09809
H 32.79150 132.75700 10.76590
C 33.58430 128.05600 9.19706
C 37.06110 127.40200 9.31083
C 35.96980 130.32100 9.27342
C 11.88970 101.67900 12.68250
C 10.84030 104.62400 12.81590
C 15.27670 101.08300 12.70170
C 14.15550 104.05200 12.70290
C 16.36880 106.55900 12.59240
C 17.59070 103.54000 12.58040
C 20.87190 103.02500 12.51270
C 19.74230 105.90000 12.51830
C 23.20540 105.23500 12.57410
C 18.67860 100.69200 12.57090
C 24.22900 102.38100 12.60730
C 26.43610 104.59300 12.59500
C 27.61080 101.65400 12.61080
C 30.00860 103.98700 12.60640
C 31.04220 101.05500 12.61400
C 32.34260 106.32000 12.59000
C 33.34830 103.33700 12.58530
C 36.65180 102.85500 12.56240
C 35.64090 105.83800 12.56410
C 34.47600 100.53300 12.59950
C 13.04900 106.98100 12.71370
C 11.88900 110.02200 12.67870
C 15.20220 109.41800 12.58660
C 10.78350 112.91500 12.59120
C 14.04510 112.38200 12.49830
C 17.43630 111.67300 12.46850
C 22.11190 108.23200 12.51160
C 18.53280 108.83900 12.46800
C 20.90750 111.18000 12.34450
C 28.83270 106.64700 12.51170
C 24.42300 110.56600 12.38100
C 25.42280 107.70800 12.52260
C 27.60260 109.97100 12.39790
C 26.69840 112.77500 12.30790
C 29.98470 112.10700 12.44580
C 31.17930 109.11800 12.57930
C 34.55480 108.75000 12.46020
C 36.79460 111.01000 12.42470
C 33.46230 111.50400 12.48260
C 13.05390 115.24400 12.48250
C 16.27830 114.67400 12.47470
C 11.95750 118.13100 12.50020
C 15.31280 117.66400 12.32600
C 23.30830 113.34400 12.43180
C 19.75330 113.91700 12.41350
C 22.05940 116.38600 12.48840
C 18.63830 116.92400 12.32490
C 20.96260 119.25700 12.32900
C 17.68650 120.02700 12.30250
C 24.48900 118.67000 12.34930
C 25.63730 115.70000 12.31740
C 28.99930 115.10000 12.41270
C 27.88760 118.03200 12.40420
C 31.29920 117.35400 12.45070
C 32.34760 114.50900 12.38650
C 35.71150 113.85200 12.55330
C 34.52670 116.89600 12.53390
C 37.01450 119.30400 12.39710
C 33.47860 119.97200 12.55140
C 14.26010 120.52100 12.28760
C 10.90060 121.06900 12.46880
C 13.16980 123.34900 12.28250
C 16.47400 122.90300 12.13740
C 15.30370 125.76200 12.27250
C 12.08240 126.38500 12.29780
C 22.25490 124.57200 12.21640
C 18.85780 125.07900 12.08970
C 23.38820 121.61500 12.26810
C 19.87140 122.20000 12.20720
C 29.01030 123.31200 12.54960
C 26.57960 120.90000 12.38120
C 25.46970 123.89600 12.30800
C 30.17820 120.37800 12.49220
C 27.75950 126.37400 12.41240
C 31.37390 125.57700 12.27770
C 32.54680 122.89800 12.48640
C 35.76150 122.22800 12.51120
C 34.70890 125.12000 12.49230
C 14.29910 128.69600 12.31040
C 10.94810 129.24400 12.32840
C 13.28860 131.62500 12.45510
C 16.52410 130.99400 12.34490
C 22.14280 132.55300 12.43310
C 23.33800 129.68500 12.30400
C 21.07210 127.38900 12.20000
C 17.83580 127.90100 12.23800
C 19.91860 130.28100 12.42130
C 30.12600 128.53200 12.42340
C 26.79510 129.20800 12.43960
C 25.58510 132.06600 12.43330
C 29.02630 131.36500 12.58320
C 24.39070 126.81800 12.26660
C 32.46770 130.90800 12.37810
C 33.47240 128.06100 12.29830
C 35.74680 130.32100 12.31960
C 36.92200 127.40100 12.52750
C 40.32810 3.77773 9.36339
C 39.30090 6.72993 9.23083
C 43.89400 3.17939 9.44617
C 42.62800 6.15063 9.43828
H 38.54030 3.23282 10.97380
H 40.72120 5.61633 10.94660
H 44.24910 5.03970 11.03100
H 43.09200 7.90225 11.09850
H 41.92810 2.72199 11.00910
H 45.35960 2.05385 11.09400
C 47.20010 2.62864 9.52857
C 46.10440 5.54705 9.53835
C 49.40530 4.85107 9.59037
C 48.30100 7.85534 9.63882
C 51.76500 7.19018 9.75659
H 46.43720 7.35785 11.22350
C 50.67520 1.94081 9.74600
H 47.57890 4.39091 11.23470
H 49.81090 6.68563 11.26700
H 50.94040 3.86913 11.27630
C 52.92490 4.27111 9.81494
C 56.26790 3.86601 9.93000
C 55.16370 6.63923 10.02050
C 58.56110 6.07784 10.13060
H 53.17530 6.15340 11.43690
H 54.42160 3.28585 11.52570
H 58.94650 7.88562 11.75430
H 56.70750 5.58113 11.68360
H 57.60560 2.65840 11.63320
C 59.57650 3.15737 10.15710
C 62.93600 2.45617 10.10360
C 61.83180 5.44056 10.13860
C 65.16910 4.85504 10.11150
C 64.08700 7.87280 10.12370
H 61.14490 2.06698 11.80830
H 60.04470 4.96721 11.77660
H 62.34470 7.24746 11.74240
H 39.76780 8.47940 10.92860
C 40.48020 11.99440 9.39066
C 41.62280 9.00985 9.38397
C 43.80610 11.39260 9.61205
C 42.77010 14.24390 9.50546
H 38.63250 11.48650 11.00230
H 41.90410 10.77200 11.07030
H 44.27700 13.21980 11.26390
H 40.91760 13.76420 11.09320
C 38.10250 9.64451 9.42952
C 44.94220 8.51777 9.56782
H 45.44630 10.31290 11.16590
C 47.24190 10.89460 9.56980
C 46.08780 13.80600 9.62202
C 49.63460 13.21390 9.81248
C 50.59300 10.18800 9.76388
H 47.65390 12.68390 11.23020
H 48.66860 9.68268 11.26480
H 50.97900 11.95780 11.47600
H 52.06830 9.07171 11.43510
C 54.00660 9.50659 9.96246
C 57.35860 8.93783 10.13260
C 52.81930 12.58160 9.96770
C 56.31340 11.75860 10.10660
C 58.55230 14.29210 10.11440
H 53.41450 14.30650 11.65210
H 54.32340 11.38370 11.52900
H 55.51610 8.48585 11.69350
H 56.69150 13.69480 11.62190
H 57.79120 10.71620 11.77410
C 60.82740 8.40925 10.18640
C 59.67760 11.24790 10.19670
C 63.04920 10.88210 10.26810
C 61.89430 13.74630 10.29140
C 65.28360 13.06860 10.30830
H 61.26920 10.23660 11.84420
H 59.92700 13.11420 11.79510
C 39.40170 14.78750 9.36122
C 40.25850 20.12680 9.55988
C 41.54180 17.26320 9.45713
C 43.75810 19.59070 9.53180
H 39.57010 16.68780 10.91380
H 38.35730 19.49830 11.10120
H 43.06550 16.11150 11.06790
H 41.89040 19.06620 11.10960
C 38.09130 17.81840 9.26837
H 44.06560 21.42970 11.13540
C 44.98800 16.66100 9.51796
H 49.98900 14.93890 11.53280
C 48.51800 15.97830 9.81558
C 51.91600 15.41130 9.97614
C 47.32450 18.98700 9.74552
C 50.75290 18.33180 9.87839
H 45.28810 18.52910 11.13860
H 46.49050 15.61760 11.21600
H 48.85350 17.88590 11.39550
H 47.56630 20.85450 11.35480
H 51.13650 20.14680 11.57020
C 49.59340 21.08250 9.83543
H 52.24120 17.25430 11.52080
C 55.22590 14.85230 9.99687
C 52.90700 20.73540 9.87222
C 54.07890 17.82450 9.93929
C 57.42260 17.15280 10.16000
C 56.34380 20.14780 10.02320
H 54.43750 19.69000 11.52110
H 55.49700 16.68870 11.70100
H 57.82430 19.05050 11.76030
H 58.88390 16.05810 11.87130
C 59.65130 19.54160 10.09530
C 60.68560 16.57110 10.22270
C 64.20550 16.00610 10.45910
C 63.17020 18.84770 10.46800
C 65.37660 21.27290 10.54430
H 59.96320 21.35260 11.69750
C 39.18620 23.17140 9.52798
C 42.52080 22.44350 9.54840
C 41.43550 25.47960 9.54775
H 40.64810 21.91730 11.14680
H 42.88870 24.24960 11.17610
H 39.66800 24.93520 11.21130
C 38.16010 26.09310 9.53995
C 43.75550 27.77010 9.52842
H 41.92320 27.23010 11.19340
H 38.52210 27.97610 11.13300
C 44.79480 24.67160 9.57795
C 46.03770 21.82980 9.65184
C 51.77730 23.61920 9.78628
C 48.32780 24.21450 9.75639
C 47.09160 27.01980 9.77189
C 50.68910 26.58590 9.85930
H 49.91060 23.08800 11.31430
H 45.10520 26.57350 11.19650
H 46.39250 23.72820 11.22890
H 48.71890 26.09340 11.38140
H 52.12990 25.45830 11.50510
C 55.13620 23.08170 9.96301
C 58.53210 22.54150 10.07280
C 53.99730 25.95190 9.95088
C 57.27610 25.41480 10.07520
H 53.28450 22.53120 11.50870
H 56.65650 22.03440 11.61830
H 54.29970 27.86640 11.46980
H 55.44390 24.88050 11.68440
H 58.78380 24.34520 11.76050
C 59.64290 27.77730 10.21760
C 60.83720 24.69880 10.48680
C 64.24090 24.16450 10.70110
C 61.96360 21.93040 10.40220
C 63.07930 26.88760 10.57740
C 38.07350 34.20030 9.65557
C 40.46760 28.50280 9.65681
C 41.45160 33.76880 9.72386
C 39.25070 31.40650 9.71712
C 42.61210 30.83000 9.63648
H 40.80250 30.23940 11.33870
H 42.99320 32.57650 11.28170
H 44.07680 29.58730 11.20730
H 39.65050 33.18520 11.33630
H 48.64380 34.24800 11.48030
C 44.92450 32.98520 9.73073
C 48.40120 32.46730 9.78090
C 49.31530 29.47040 9.94799
C 51.55880 31.83900 9.86431
C 45.92950 30.17370 9.66999
H 47.34580 28.96940 11.37220
H 46.52820 31.93830 11.31260
H 51.01340 28.45780 11.49010
H 49.76790 31.33990 11.54800
C 56.22020 28.38650 9.92191
C 55.03640 31.27940 9.86132
C 58.60160 30.51940 10.07630
C 53.82240 34.09150 9.88191
C 52.74550 28.93270 9.82105
C 57.35460 33.56860 9.77207
H 53.17040 30.77420 11.43560
H 52.01890 33.65710 11.53170
C 64.22130 32.47370 10.30670
C 65.38150 29.43440 10.44160
C 60.91550 32.87740 9.94480
C 61.95930 29.94850 10.25240
C 40.34480 3.77398 12.60710
C 39.19810 6.72922 12.60110
C 43.80980 3.13137 12.63310
C 42.54700 6.01228 12.59430
C 47.15450 2.54591 12.79170
C 45.98810 5.47492 12.78780
C 49.34410 4.87747 12.91850
C 48.30930 7.82670 12.85950
C 51.53900 7.19798 13.02420
C 50.40540 2.03569 12.89720
C 52.69650 4.23205 13.01310
C 56.10150 3.76908 13.28130
C 54.93880 6.56704 13.13750
C 58.46670 6.03887 13.32330
C 59.40740 3.09704 13.30840
C 63.03000 2.45401 13.35260
C 61.89480 5.39240 13.36560
C 65.12460 4.95593 13.29010
C 64.20080 7.75207 13.33400
H 65.68850 6.71803 11.61910
H 63.33910 4.30689 11.74780
C 40.36660 11.91560 12.69620
C 41.47770 8.94958 12.67600
C 43.74400 11.26890 12.71920
C 42.63750 14.31930 12.77330
C 38.07730 9.57890 12.42060
C 44.85550 8.43566 12.78390
C 47.19140 10.82260 12.85140
C 46.13010 13.75940 12.84410
C 49.40580 13.03430 13.01730
C 50.43400 10.12110 13.00930
C 53.81930 9.54214 13.17460
C 57.30230 8.86381 13.34510
C 56.13650 11.83420 13.19470
C 52.74940 12.43910 13.12740
C 58.34160 14.18500 13.41370
C 60.77740 8.33199 13.32360
C 59.60930 11.23380 13.41260
C 63.05350 10.76730 13.51440
C 65.29960 13.10410 13.55470
C 61.75330 13.62680 13.43050
H 63.44940 12.66820 11.96360
H 64.54860 9.63732 11.83200
C 39.17140 14.80100 12.51520
C 40.17490 20.01600 12.68690
C 41.42640 17.16040 12.56540
C 43.67310 19.56910 12.71310
C 44.79540 16.68360 12.73970
C 37.96740 17.61550 12.63460
C 48.20480 16.06810 12.93490
C 51.75840 15.42850 13.16910
C 47.08550 18.92240 12.88580
C 50.58080 18.25050 13.08870
C 49.42700 21.23780 12.99670
C 55.21040 14.81860 13.29570
C 57.26830 17.27640 13.39080
C 53.92540 17.89110 13.19170
C 52.87360 20.70390 13.18930
C 56.18910 20.20430 13.20920
C 59.58790 19.54620 13.42790
C 64.16860 15.95250 13.44870
C 60.67980 16.70100 13.49630
C 62.82400 18.87550 13.58190
H 63.49110 20.71670 12.01740
C 65.24150 21.12030 13.79010
H 62.19490 15.55570 11.84890
H 65.86830 14.86320 11.92120
H 61.13340 18.47640 11.80770
H 64.64390 17.78930 12.21680
C 38.07330 26.13530 12.75640
C 41.44000 25.42900 12.86060
C 44.68960 24.73480 12.78070
C 39.16250 23.04180 12.79210
C 42.34510 22.36170 12.70880
C 43.67480 27.76920 12.85870
C 45.84790 21.94720 12.81000
C 50.52180 26.55330 13.04150
C 46.90730 26.94030 12.87910
C 51.71430 23.58400 13.06370
C 48.23800 24.14890 12.88940
C 58.42340 22.52830 13.30560
C 57.27350 25.48970 13.32660
C 53.87910 26.13320 13.18480
C 55.02380 22.99970 13.21310
H 57.67890 27.28570 11.64920
C 64.18910 24.10650 13.84200
C 61.76410 21.96990 13.43850
C 59.35250 27.84170 13.46350
C 62.83510 27.11050 13.70090
C 60.54810 24.88870 13.51770
H 64.65450 26.02360 12.34460
H 61.04560 26.67720 12.00410
H 65.76920 23.05320 12.27120
H 62.31830 23.68510 12.19030
C 37.93330 34.25840 12.82550
C 41.50870 33.56240 12.97780
C 40.32200 28.30210 12.79340
C 39.11780 31.29230 12.81850
C 42.62600 30.73030 12.91330
C 44.91650 32.98420 12.88850
C 51.60760 31.80750 13.12820
C 48.14440 32.44490 13.13970
C 49.24770 29.45520 12.99030
C 45.85830 30.10730 12.93740
C 54.95720 31.30090 13.08070
C 53.99510 34.19140 13.04260
C 52.78340 29.01710 13.11000
C 58.37080 30.74460 13.19180
H 58.93530 32.45720 11.40810
C 56.06980 28.37610 13.19170
H 55.53430 33.08850 11.43930
H 56.54070 30.20710 11.54960
C 57.34130 33.63230 13.00850
C 61.81610 30.09010 13.49910
C 60.65560 33.06380 13.16220
H 65.66670 31.31970 11.96930
H 63.41670 28.91310 11.99500
H 62.32320 31.86030 11.76810
C 63.99840 32.47390 13.46650
H 60.06320 29.57920 11.83970
H 64.56200 34.32890 11.88240
C 65.16480 29.52100 13.68930
C 40.41810 36.54450 9.74635
C 39.29870 39.40590 9.81245
C 43.73590 36.01370 9.96039
C 42.61930 38.86920 9.89234
H 38.48180 36.09160 11.22120
H 43.02250 40.73700 11.47480
H 44.12790 37.83950 11.59810
H 40.81130 38.36150 11.42600
H 41.83080 35.48930 11.48840
C 47.15350 35.43750 9.86846
C 45.92650 38.23750 9.87728
C 49.35480 37.70600 9.89554
C 48.24920 40.62620 9.91221
C 51.59300 40.03780 9.76250
C 50.54040 34.86080 9.90413
H 46.33390 40.14260 11.43540
H 49.86320 39.59730 11.49850
H 47.51060 37.25940 11.52900
H 45.26170 34.85940 11.32570
H 50.83300 36.64450 11.60250
C 52.65120 36.97980 9.85079
C 56.19230 36.45060 9.72303
C 54.94280 39.27910 9.82327
C 58.53410 38.83610 9.93233
C 59.77050 35.83360 9.81852
C 63.13890 35.33680 10.07660
C 61.96300 38.28610 9.87214
C 65.37580 37.67190 10.12900
C 64.11140 40.72610 9.95775
C 40.29860 44.83450 9.67317
C 41.45520 41.72210 9.76041
C 43.61830 44.14710 9.59151
C 42.46920 47.15530 9.76374
C 38.08140 42.29050 9.71435
H 44.13090 46.05540 11.16940
H 38.45720 44.21520 11.25170
H 40.65550 46.58370 11.42270
H 39.63670 41.28510 11.42560
H 41.84860 43.69950 11.29240
C 44.78670 41.12370 9.75667
C 47.19380 43.59060 9.75112
C 50.52870 43.00040 9.69349
C 46.08620 46.54780 9.69897
C 49.44390 45.93960 9.71390
H 45.19430 43.10720 11.21530
H 48.72310 42.54170 11.39980
H 50.91260 44.79330 11.35350
H 47.63890 45.47150 11.34760
C 53.87280 42.34220 9.74960
C 57.21130 41.63750 9.93661
C 52.79720 45.27690 9.75396
C 56.34320 44.70970 9.74049
C 58.52990 47.10410 9.77358
H 53.21880 47.12230 11.33050
C 60.62610 41.20480 9.99231
C 59.56490 44.20640 9.87538
C 62.96810 43.53520 9.83280
C 61.86690 46.48530 9.95331
C 65.38910 45.96730 9.82242
C 39.20470 47.87390 9.77151
C 38.16080 50.70230 9.79889
C 40.36570 52.88020 9.90252
C 41.42910 50.17170 9.87037
C 43.77910 52.34870 9.92376
H 39.63690 49.57030 11.51690
H 38.51510 52.49340 11.50800
H 41.94730 51.89150 11.56200
H 43.01630 48.97090 11.38590
H 44.18280 54.20670 11.41140
C 44.77060 49.60650 9.84875
C 48.28400 48.76860 9.79302
C 51.77780 48.31650 9.67093
C 47.10610 51.78590 9.89699
C 50.56230 51.18560 9.72678
C 49.40030 54.11390 9.71648
H 50.92580 53.04990 11.33340
H 47.70700 53.59900 11.47090
H 45.31790 51.30390 11.62420
H 49.95910 47.75670 11.32370
H 48.73980 50.63160 11.36520
H 46.35550 48.40020 11.34570
C 55.05620 47.66310 9.67013
C 57.27800 49.97720 9.73654
C 54.00730 50.62780 9.54632
C 52.73630 53.46780 9.66094
C 56.33460 52.96390 9.57295
H 52.20020 50.18140 11.23720
H 55.43660 49.47320 11.21800
H 54.47380 52.50420 11.15220
H 57.72450 51.84240 11.32360
C 59.68020 52.19190 9.80437
C 60.82310 49.25080 9.84019
C 64.24670 48.84230 9.91508
C 63.04610 51.67900 9.84158
C 65.21870 53.92590 9.74633
H 60.10350 54.11760 11.26580
C 38.08870 58.89750 9.89736
C 39.34100 56.09030 9.77586
C 42.65680 55.34130 9.71069
C 41.34550 58.24340 9.74482
C 43.80190 60.66140 9.74720
H 38.58290 60.71920 11.53900
C 44.94210 57.64520 9.85832
H 42.99150 57.20850 11.30850
H 39.66070 57.80270 11.50380
H 41.89810 60.08240 11.29610
H 40.83180 54.87150 11.32500
C 50.55290 59.42240 9.79451
C 46.08600 54.71040 9.89874
C 47.09060 60.09370 9.72015
C 48.24350 57.00350 9.81859
C 51.57540 56.58570 9.75966
H 49.80960 55.93370 11.41870
H 48.63560 58.90280 11.28920
H 46.47840 56.53360 11.57550
H 45.34870 59.52870 11.41060
C 53.92310 58.78650 9.80171
C 57.42010 58.08940 9.74939
C 58.62200 55.24550 9.68890
C 55.07590 55.94520 9.66604
H 52.08120 58.34250 11.43510
H 53.17420 55.41130 11.21910
H 56.68730 54.79790 11.13170
H 55.50960 57.71800 11.41010
H 59.04280 57.03670 11.32510
H 57.94740 59.93850 11.32420
H 54.31980 60.66440 11.38540
C 61.99620 54.60460 9.76379
C 59.82280 60.56560 9.78268
C 64.17690 56.95370 9.67701
C 60.84380 57.63200 9.66314
C 62.95660 60.01080 9.69112
H 64.61070 58.93780 11.15980
H 61.25290 59.34720 11.39890
C 38.05430 67.11770 9.95552
C 42.61430 63.67890 9.78948
C 39.27130 64.17720 9.84489
C 40.28920 61.29710 9.77566
C 41.39000 66.64990 9.83626
C 44.88270 65.86470 9.88987
H 42.93090 65.47630 11.41900
H 39.66150 66.00080 11.48760
H 40.85530 63.04180 11.45750
H 44.21660 62.44130 11.37660
C 51.78350 64.75460 9.88153
C 46.09760 63.02850 9.80953
C 49.53470 62.34140 9.78131
C 48.29220 65.31180 9.87592
H 48.65630 67.12730 11.58050
H 49.90240 64.20440 11.38950
H 46.49390 64.80680 11.51370
H 50.94690 61.20450 11.46550
H 47.64690 61.89710 11.36870
H 55.50360 65.94450 11.56780
H 52.16180 66.52590 11.62230
C 56.28240 61.07480 9.84129
C 57.40060 66.34510 9.96710
C 53.99130 67.07830 9.98409
C 58.61620 63.51110 9.93667
C 52.70820 61.77470 9.84234
C 55.03490 64.12140 9.92359
H 56.68820 63.01510 11.53030
H 53.16980 63.60300 11.54130
H 59.01680 65.33620 11.58320
H 65.78970 64.14590 11.20600
C 65.15490 62.28520 9.63516
C 61.86180 62.95570 9.72715
C 64.15840 65.36120 9.76580
H 62.29510 64.81170 11.33950
H 64.53030 67.18860 11.47010
C 60.72370 65.86980 9.82350
H 60.18630 62.36610 11.52760
H 63.42180 61.87380 11.32520
C 40.19120 36.47460 12.97290
C 39.17040 39.42730 12.94050
C 43.75960 35.96110 12.99720
C 42.59560 38.95980 13.12060
C 50.41160 34.74290 13.11180
C 47.00750 35.34260 13.02050
C 46.00030 38.34760 13.15200
C 49.35360 37.85210 13.19770
C 48.24380 40.69600 12.99510
C 51.71940 40.09600 13.04910
C 52.84030 37.07260 13.03400
C 56.23500 36.41410 12.99520
C 55.01110 39.36550 12.85250
C 58.47240 38.78730 13.02100
H 57.80710 35.42050 11.32540
H 58.86900 40.64330 11.62570
H 56.60810 38.26050 11.40580
H 53.08000 38.87190 11.35940
H 54.34990 35.99580 11.38570
C 59.63200 35.88640 12.99780
C 62.84510 35.51580 13.27560
C 61.76210 38.33440 13.19860
C 65.17830 37.71210 13.25980
C 64.08880 40.60680 13.12880
H 62.23760 40.11630 11.48920
H 60.12850 37.68840 11.45480
H 63.36820 37.26170 11.63930
H 61.27400 34.75730 11.50260
H 65.71320 39.53680 11.59070
C 38.07460 42.41800 12.98350
C 40.24880 44.68520 12.94200
C 41.45380 41.92620 13.03290
C 43.65980 44.27380 12.85860
C 42.55590 47.00540 12.87790
C 44.92780 41.42160 13.02160
C 47.03690 43.62250 12.86740
C 50.57610 42.91810 13.01700
C 45.92430 46.58850 12.86840
C 49.42550 45.97830 12.97710
C 54.00340 42.32000 12.88290
C 57.15850 41.74440 13.07670
C 52.84730 45.25690 12.89970
C 56.21040 44.79010 13.01740
C 58.37180 47.18990 13.00080
H 55.49060 41.23260 11.26760
H 54.45280 44.21110 11.27450
H 57.77450 43.58300 11.49880
H 56.66500 46.56960 11.31690
H 52.06070 41.88380 11.34590
C 60.78590 41.28070 13.16630
C 59.57030 44.13010 13.13380
C 62.94800 43.60720 13.10040
C 61.90400 46.32160 13.01460
C 65.33650 45.87000 13.02210
H 63.52010 45.35850 11.38230
H 64.47780 42.46370 11.52380
H 59.94870 46.01830 11.51620
H 61.13500 43.12210 11.51180
C 39.13340 47.78160 13.05150
C 40.39260 53.13620 13.05390
C 41.52200 50.00570 13.09170
C 43.75300 52.49400 13.17880
C 38.00450 50.64280 13.10380
C 44.80220 49.50260 13.04390
C 48.25890 48.70310 12.89590
C 51.77340 48.41990 12.89820
C 47.32690 51.74830 13.07000
C 50.64560 51.13580 12.92490
C 49.53370 54.14640 13.10310
C 55.07370 47.70090 12.90400
C 57.27350 49.97570 12.85280
C 54.02080 50.74360 12.84740
C 52.87780 53.57650 12.76950
C 56.27450 53.01000 12.84660
H 58.89140 48.97430 11.31290
H 65.76470 47.73320 11.50760
C 59.64370 52.31210 12.91740
C 60.69040 49.26000 12.99850
C 64.19810 48.79640 13.16290
C 62.98930 51.75610 13.13930
H 63.42370 53.53980 11.46390
H 64.57900 50.65300 11.54370
H 61.25020 51.13160 11.45710
H 62.40530 48.27860 11.53580
C 65.34490 54.11320 12.94690
C 38.15440 58.90810 13.14010
C 41.48670 58.35680 13.03780
C 42.59600 55.39830 12.95580
C 39.43400 55.96030 13.08500
C 43.73380 60.57920 12.96190
C 44.80610 57.70700 13.01850
C 48.42810 57.14940 13.04940
C 51.71540 56.44710 12.98470
C 47.17930 60.08530 12.98680
C 50.41100 59.36960 13.00230
C 46.07940 54.67160 13.03800
C 57.47860 58.08750 12.96870
C 58.46780 55.15380 12.80260
C 53.97520 58.84490 13.00800
C 55.12120 55.93590 12.76090
C 64.20840 57.11720 12.87440
C 63.16000 59.98170 12.89300
C 61.82890 54.71530 12.97080
C 60.81040 57.48090 12.96370
H 62.36030 56.49080 11.33510
H 65.60810 55.87740 11.26120
C 59.71070 60.39140 13.04620
C 41.47460 66.49900 13.13470
C 40.53170 61.18470 13.06200
C 39.24890 64.11310 13.03790
C 42.71630 63.58850 13.01760
C 38.15930 67.11170 13.12260
C 44.79290 65.74810 13.06880
C 48.33080 65.21690 13.09160
C 46.04440 62.91830 13.04530
C 51.58530 64.65870 13.15220
C 49.41330 62.39980 13.01740
C 55.06150 64.02460 13.17220
C 52.78760 61.66990 13.05270
C 54.00050 67.05790 13.25710
C 57.42800 66.29630 13.14670
C 58.61720 63.38150 13.14810
C 56.30960 61.04050 12.96830
C 60.91800 65.89790 13.11650
C 65.35760 62.35630 12.87480
C 61.98420 63.03470 13.05640
C 64.24750 65.43220 12.83650
C 40.32950 69.50280 9.90301
C 39.14340 72.49510 9.95719
C 43.75200 68.83090 9.98082
C 42.52400 71.78760 9.97725
H 40.66380 71.30490 11.52260
H 43.04450 73.58470 11.55030
H 38.49960 68.96840 11.51570
H 44.10040 70.66620 11.58440
H 41.86860 68.39850 11.55230
C 50.54810 67.45190 9.95955
C 47.08350 68.20030 9.96954
C 45.98970 71.17840 10.00620
C 49.20020 70.50720 10.00340
C 48.24170 73.36930 10.00670
C 51.65770 72.75910 9.91469
H 47.47030 70.01840 11.68940
H 49.83220 72.38540 11.59470
H 46.36350 73.02030 11.58170
H 50.93200 69.38820 11.40520
H 45.25620 67.64230 11.57210
C 52.85730 69.92870 9.95437
C 56.18620 69.32180 9.94237
C 54.93410 72.26430 9.95463
C 58.33750 71.65630 9.73560
H 53.14180 71.76910 11.64110
H 56.59450 71.19250 11.45590
H 54.37670 68.90650 11.64740
H 58.77610 73.53970 11.25940
H 57.78560 68.24670 11.54370
C 59.54230 68.78180 9.85252
C 62.95460 68.19490 9.80780
C 61.84610 71.12750 9.63240
C 65.27490 70.42150 9.72065
C 64.19430 73.33330 9.55393
H 62.29480 72.99410 11.18380
H 60.02770 70.67570 11.31700
H 61.15330 67.72300 11.45470
H 63.37410 70.08500 11.32810
H 65.84350 72.35150 11.16350
C 40.26590 77.57810 10.03820
C 41.39170 74.70430 10.05030
C 43.70200 77.05550 9.92445
C 42.50460 79.93540 9.93423
H 44.17060 78.86700 11.49290
H 40.74740 79.46030 11.65240
H 38.42080 77.14110 11.58320
H 41.89180 76.52530 11.63080
C 38.04400 75.34770 9.96488
H 39.56480 74.23920 11.66790
C 44.87670 74.06320 9.92704
C 39.15480 80.35250 9.97987
C 47.11960 76.37130 9.95318
C 46.02550 79.34650 9.87070
C 49.31100 78.64500 9.88500
C 50.46740 75.61670 9.87752
H 47.53120 78.20660 11.57900
H 50.96990 77.54890 11.38000
H 48.63080 75.28670 11.54630
H 45.24960 75.89990 11.54760
H 52.18720 74.61830 11.45540
C 54.00810 75.15320 9.78756
C 57.16370 74.74680 9.76530
C 52.69580 78.21910 9.67739
C 56.13610 77.58120 9.63147
C 58.44520 80.07780 9.62355
H 56.62110 79.43850 11.27470
H 53.14720 80.00910 11.33230
H 57.69280 76.52390 11.40370
H 54.31580 77.08690 11.27280
H 55.51860 74.10310 11.52310
C 60.60890 74.00030 9.61202
C 59.36430 77.12100 9.66370
C 62.81250 76.32810 9.46328
C 61.70970 79.34590 9.58061
C 65.27380 78.84190 9.42387
H 59.92630 78.90780 11.33300
H 60.98850 75.93750 11.16330
H 63.43740 78.21600 10.96320
H 64.63900 75.33220 10.91630
C 40.25930 85.71450 9.82251
C 41.45870 82.86510 9.86292
C 44.90220 82.22450 9.95476
C 43.67790 85.10830 9.87708
H 38.41610 85.18980 11.38120
H 42.95550 81.79550 11.54470
H 39.55300 82.32220 11.41940
H 41.81750 84.70350 11.48460
H 44.08170 87.05400 11.41380
C 37.98310 83.26470 9.81931
H 49.85990 80.48940 11.43090
C 51.59810 81.10180 9.71596
C 48.28390 81.59910 9.85103
C 47.05220 84.47090 9.83021
C 50.50360 83.99230 9.71492
H 50.95940 85.86450 11.24500
H 47.46300 86.43120 11.32380
H 48.69470 83.47000 11.39990
H 46.46840 81.15200 11.52440
H 45.25750 84.15300 11.54000
C 49.28200 86.93210 9.65802
C 54.97190 80.47020 9.68155
H 52.03600 82.92110 11.35910
C 53.74330 83.32390 9.59275
C 57.25500 83.03130 9.76041
C 52.73130 86.42520 9.56333
C 56.21060 85.70300 9.63066
H 57.80300 84.83250 11.40150
H 55.38380 82.40500 11.20920
H 54.26270 85.24880 11.05390
H 58.96130 81.84800 11.19310
H 65.66210 80.64280 11.09230
C 59.57750 85.29620 9.64404
C 60.75350 82.42020 9.56803
C 64.09170 81.80090 9.58439
C 63.03560 84.59290 9.60126
H 63.54100 86.50810 11.11830
H 61.19190 84.19280 11.23450
H 64.50400 83.60240 11.33610
H 62.29810 81.18870 11.17400
H 60.12160 87.10720 11.17420
C 65.32280 87.10950 9.49607
C 39.15790 88.65230 9.66942
C 42.45950 88.06210 9.76587
C 41.34720 90.97600 9.62899
H 38.28930 93.37700 11.22110
H 42.95030 89.98740 11.25690
H 41.70100 92.88210 11.17110
H 40.60740 87.58910 11.37530
H 39.53340 90.49770 11.31970
C 43.55740 93.30920 9.49834
C 37.91330 91.47800 9.70993
C 44.75980 90.31860 9.55502
H 45.15900 92.21820 11.12090
C 50.48930 92.06380 9.39058
C 45.90510 87.49610 9.74119
C 48.09090 89.76490 9.54733
C 46.87320 92.59450 9.44268
C 51.66670 89.20440 9.59196
H 49.76360 88.81090 11.17560
H 46.32990 89.37670 11.28040
H 48.61620 91.69990 10.95380
H 52.05600 91.16290 11.07670
C 58.38650 88.08760 9.62171
C 57.23330 91.01970 9.48916
C 53.85940 91.51120 9.41268
C 54.95970 88.71470 9.59882
H 53.19690 88.22420 11.26320
H 54.23690 93.43890 10.93440
H 55.37880 90.59990 11.16270
H 58.83780 90.00700 11.16400
H 56.46840 87.62110 11.26970
H 57.72310 92.91200 10.96910
C 59.71980 93.31540 9.50148
C 64.14460 89.85230 9.57448
C 61.99640 87.66330 9.60806
C 62.96660 92.89580 9.60016
C 60.77830 90.48930 9.69572
H 62.39050 89.45620 11.30220
H 65.84050 88.89110 11.08110
H 61.19530 92.38320 11.28890
H 64.59300 91.73640 11.09820
C 37.90880 99.87130 9.49982
C 40.01310 93.90650 9.54618
C 41.08460 99.13590 9.51799
C 38.85440 97.04700 9.43966
C 42.35060 96.17310 9.45524
H 40.40430 95.83610 11.02800
H 44.09600 95.16940 10.93510
H 42.82530 98.08880 11.02370
H 39.25500 98.73880 11.17570
C 44.61740 98.58860 9.35185
C 51.50640 97.35250 9.33231
C 48.05290 97.96890 9.25604
H 47.31820 94.55690 10.98990
H 46.24240 97.51460 10.91390
H 49.61220 96.97070 10.96270
H 48.45780 99.87150 10.77280
C 45.84780 95.58720 9.26964
C 49.13830 95.07000 9.38247
H 50.78560 94.04900 10.90720
H 52.01190 99.25040 10.83610
H 55.26920 98.73730 10.84230
H 53.19170 96.37490 10.85000
C 56.09950 93.86110 9.32294
C 57.23360 99.21960 9.30899
C 54.98050 96.92260 9.19023
C 53.77320 99.88330 9.18648
C 52.64730 94.50220 9.31566
C 58.45190 96.18530 9.34430
H 56.46400 95.83850 10.85150
H 58.86570 98.11490 10.87910
C 61.93310 95.77010 9.56870
H 65.81730 96.97380 11.21120
H 64.56770 99.85000 11.06190
H 60.02370 95.20060 11.02860
C 64.16420 98.15480 9.62997
C 65.30240 95.17350 9.55124
C 60.76960 98.62570 9.43879
H 62.23030 97.59770 11.19140
H 63.44590 94.67080 11.22320
C 40.29420 69.47220 13.15960
C 39.06680 72.34630 13.14100
C 43.68000 68.76970 13.17080
C 42.50230 71.74200 13.14750
C 47.11030 68.11320 13.28390
C 45.89720 71.22960 13.26160
C 49.48110 70.49310 13.14420
C 48.26780 73.46040 13.18110
C 51.62960 73.01650 13.21470
C 50.55490 67.60770 13.15340
C 52.69990 69.99530 13.18010
C 56.26260 69.34280 13.16560
C 55.08880 72.27790 13.10660
C 58.53570 71.72640 12.99090
C 59.58860 68.86590 13.08010
C 63.00680 68.30950 13.07090
C 61.82630 71.23060 12.92830
C 65.22510 70.66040 12.85900
C 64.17200 73.57870 12.65620
C 37.99620 75.36020 13.27310
C 40.29720 77.55560 13.20240
C 41.44310 74.63580 13.22280
C 43.76440 77.07680 13.16930
C 42.65530 79.96740 13.17000
C 44.78670 74.08860 13.20090
C 47.07440 76.39180 13.19840
C 46.00170 79.33730 13.16390
C 49.48560 78.62600 13.07220
C 50.59010 75.67920 13.03590
C 53.97080 75.36920 13.07340
C 57.43510 74.65980 13.05870
C 56.12790 77.63720 12.95780
C 52.84490 78.16270 13.00280
C 58.37830 80.05140 12.90990
C 60.69320 74.10590 12.80380
C 59.58320 77.05220 12.94450
C 62.99160 76.33960 12.57940
C 65.19600 78.79850 12.69850
C 61.94280 79.25030 12.72900
C 39.12880 80.60270 13.15730
C 38.01030 83.45900 13.04310
C 40.20420 85.73050 13.05280
C 41.36460 82.84790 13.10640
C 43.66180 85.27420 13.06910
C 44.88010 82.25620 13.09230
C 51.71340 81.13520 13.01210
C 48.38360 81.61120 13.07100
C 47.19850 84.59130 13.02570
C 50.59100 84.04510 12.92810
C 49.45120 86.99480 12.81860
C 55.05840 80.57780 12.87380
C 57.33080 83.00000 12.78280
C 53.92910 83.55800 12.86160
C 52.83440 86.36290 12.80870
C 55.96780 85.78070 12.80550
C 59.69470 85.31900 12.89410
C 64.13830 81.63110 12.82630
C 60.81990 82.34060 12.81120
C 62.95770 84.83300 12.87260
C 65.35190 87.10190 12.71240
C 39.17130 88.73170 13.02220
C 42.51520 88.15020 12.90270
C 41.36530 91.08400 12.87880
C 37.94150 91.65850 12.84770
C 43.60720 93.41640 12.61720
C 44.75270 90.53300 12.87670
C 51.60410 89.37760 12.74850
C 48.19960 89.96040 12.73360
C 47.08500 92.69760 12.62820
C 50.35640 92.20880 12.58180
C 46.01130 87.62290 12.99220
C 57.23090 91.23700 12.67540
C 53.84850 91.78280 12.71470
C 58.45470 88.09350 12.76510
C 55.03590 88.84740 12.87210
C 64.26290 89.91470 12.76890
C 63.13270 92.78340 12.81410
C 60.71620 90.49460 12.82900
C 61.98820 87.50890 12.80750
C 59.46350 93.41060 12.68610
C 37.72460 99.86460 12.75110
C 41.19600 99.26170 12.58300
C 38.97320 96.78100 12.67950
C 40.10160 94.01280 12.70820
C 42.41380 96.40730 12.46390
C 44.76100 98.71670 12.50830
C 45.85730 95.78690 12.62270
C 48.04990 98.07580 12.52320
C 49.21290 95.07030 12.54100
C 51.55870 97.43060 12.46010
C 57.16200 99.12400 12.42900
C 58.28930 96.28910 12.46760
C 56.09780 93.98590 12.52120
C 52.61720 94.55410 12.46340
C 53.80710 99.87180 12.49780
C 54.96000 96.92800 12.51240
C 61.79300 95.76010 12.73150
C 65.42680 95.06490 12.76790
C 64.12730 97.97850 12.70810
C 60.55400 98.61860 12.69610
C 39.99500 102.14600 9.43515
C 39.05960 105.09400 9.38887
C 43.46530 101.53500 9.37291
C 42.40360 104.54600 9.39543
H 40.60910 103.96000 11.03080
H 38.33330 101.70500 11.17390
H 42.80260 106.39800 11.03240
H 41.58830 101.04400 10.93960
H 43.90580 103.36300 10.99950
C 46.94270 100.97100 9.11287
C 45.72950 103.89500 9.32235
C 49.30820 103.29600 9.17021
C 48.09240 106.24900 9.26838
C 51.66650 105.60600 9.35887
C 50.38090 100.28500 9.22041
H 50.85400 102.18800 10.79860
H 49.71640 105.16100 10.80530
H 46.30120 105.71900 10.93270
H 45.19070 100.52800 10.83320
H 47.39760 102.78300 10.72110
C 52.78160 102.82700 9.29394
C 56.18460 102.09800 9.27347
C 55.00810 105.09000 9.35521
C 58.51780 104.50700 9.44430
H 54.25320 101.64200 10.85940
H 53.14250 104.55600 11.04590
H 56.54630 104.00000 10.90600
H 57.69820 101.05700 10.91370
H 58.81430 106.25300 11.18770
C 59.66240 101.58000 9.43637
C 61.78680 103.96200 9.60924
C 65.33240 103.28700 9.75633
C 62.99610 101.11700 9.54741
C 64.07840 106.26200 9.80382
H 63.32480 102.82000 11.26520
H 59.92070 103.36100 11.18810
H 62.16430 105.74000 11.31910
H 61.09910 100.46900 11.11790
H 65.65630 105.16500 11.38430
C 40.33680 110.43400 9.24786
C 41.40770 107.50800 9.31839
C 43.61650 109.72300 9.27134
C 42.65990 112.73300 9.25987
H 44.15470 111.60900 10.89940
H 41.85250 109.32600 10.94490
H 40.79100 112.25100 10.83650
H 39.59430 106.94700 10.94010
H 38.50080 109.94900 10.89420
C 38.03620 108.05100 9.32915
C 44.60960 106.76800 9.38844
C 47.00120 109.12100 9.27847
C 50.43200 108.50000 9.39619
C 45.94610 112.23300 9.28669
C 49.46510 111.52700 9.37820
H 47.45890 111.00700 10.81080
H 45.21240 108.62200 10.93210
H 48.53780 108.08100 10.95280
H 50.92710 110.40700 10.89600
H 52.06870 107.48400 10.99210
C 53.82820 108.04000 9.38393
C 52.82950 110.97700 9.42267
C 58.44690 112.74900 9.70298
C 56.19680 110.29000 9.58990
C 57.32460 107.40300 9.54355
H 55.37480 106.92100 11.00910
H 57.77480 109.19400 11.21990
H 54.27820 109.83700 11.06590
H 53.20900 112.77500 11.12750
H 56.58050 112.12000 11.27610
C 60.68850 106.86700 9.67725
C 59.68500 109.74800 9.72923
C 61.76860 111.99400 9.79588
C 65.21500 111.53000 9.87885
C 63.01190 109.12700 9.81540
H 63.35850 111.02800 11.44880
H 61.13570 108.62100 11.40130
H 59.88050 111.54800 11.39340
H 64.55730 108.05400 11.47250
C 39.11360 113.34600 9.26973
C 40.47910 118.62600 9.23980
C 41.50430 115.63000 9.25863
C 43.77510 117.98600 9.35032
H 39.74140 115.12300 10.91260
H 38.54990 118.04700 10.72370
H 41.90500 117.45800 10.94440
H 43.06390 114.56200 10.88790
C 38.07970 116.26400 9.35625
H 44.18060 119.85500 10.96120
C 44.93890 115.07900 9.36949
H 49.84410 113.36000 11.11470
C 48.37180 114.46900 9.50184
C 51.72150 113.82400 9.43896
C 47.27540 117.44500 9.47433
C 50.49120 116.92200 9.57204
H 45.35910 116.92500 10.98580
H 46.46610 113.96100 11.06110
H 48.67620 116.33200 11.16410
H 47.57850 119.22900 11.14250
H 50.97130 118.63200 11.22730
C 49.46800 119.83900 9.65912
H 52.09670 115.71100 11.07670
C 55.13320 113.33200 9.61653
C 57.35460 115.57200 9.67983
C 54.04000 116.21200 9.58173
C 52.79180 119.22000 9.62290
C 56.24650 118.50400 9.63820
H 58.91760 114.49900 11.35800
H 54.34720 118.05600 11.18700
H 55.52510 115.09800 11.31680
H 57.78470 117.42900 11.29430
H 65.75960 113.38800 11.46720
C 62.99120 117.30700 9.82336
C 64.15170 114.40200 9.86183
C 59.63440 118.05600 9.77129
C 60.77050 115.11000 9.78095
H 62.21550 113.86900 11.37370
H 59.93740 119.78700 11.43220
H 63.33770 119.17700 11.40780
H 61.12440 116.86800 11.41230
H 64.53990 116.22700 11.49580
C 65.35950 119.81500 10.04470
C 41.53290 123.86800 9.41168
C 42.71120 120.98100 9.33039
C 39.16180 121.52900 9.41421
H 38.56970 126.35200 11.00040
H 41.88880 125.70700 11.02330
H 40.86500 120.44500 10.90360
H 39.66120 123.41700 10.93550
C 43.71730 126.25900 9.43673
H 43.11780 122.78900 11.03240
C 38.20160 124.53600 9.32193
C 45.09570 123.28800 9.56847
H 45.23390 125.20100 11.06800
C 50.59680 125.11400 9.73559
C 47.22550 125.66300 9.53168
C 51.64380 122.14700 9.83376
C 48.28790 122.69000 9.68220
C 46.16870 120.46500 9.56635
H 46.53790 122.22100 11.35060
H 49.79260 121.61700 11.39130
H 48.74910 124.59100 11.21680
H 52.13910 124.01900 11.35190
C 53.95330 124.49900 9.71969
C 54.97900 121.54200 9.72758
C 57.33530 123.78600 9.84885
C 58.49510 121.01900 9.77211
H 53.19480 120.96000 11.42560
H 58.97170 122.83200 11.44700
H 54.36750 126.30500 11.39190
H 55.41100 123.34000 11.44500
H 56.62190 120.38400 11.25920
H 57.74400 125.68300 11.44630
C 63.00240 125.62300 10.09100
C 59.72830 126.26000 10.02800
C 61.79190 120.36300 9.85472
C 60.83680 123.43100 9.91314
C 64.12820 122.69500 10.07190
H 61.18350 125.11300 11.69260
H 62.22130 122.18700 11.58660
H 64.52760 124.49700 11.69860
H 65.65380 121.60500 11.80480
C 38.18240 132.64700 9.38773
H 44.06720 128.07600 11.11710
C 42.63590 129.24900 9.48913
H 43.07760 131.01800 11.10770
H 39.68370 131.61100 11.11470
H 40.79550 128.68200 11.07210
C 40.48950 126.79600 9.42408
C 41.55490 132.14100 9.48862
C 39.38290 129.81200 9.37156
C 44.89300 131.48700 9.49705
H 47.56340 127.48800 11.05010
C 51.79880 130.36800 9.89157
C 48.30840 130.78600 9.59676
C 45.93710 128.57000 9.50311
H 46.40890 130.36200 11.12400
C 49.55870 127.97800 9.68574
H 49.84950 129.80300 11.36450
H 50.98260 126.93000 11.42080
H 48.67300 132.73900 11.16270
H 52.11170 132.16300 11.49630
H 53.25420 129.23700 11.65310
C 52.81430 127.54900 9.89115
C 58.45930 129.12500 10.09460
C 55.06490 129.82200 9.99515
C 53.99570 132.74400 9.95995
C 56.23440 126.91500 9.86178
C 57.28490 132.00800 10.09250
H 56.60980 128.69200 11.61070
H 58.88240 130.98700 11.74430
H 55.40740 131.56000 11.68350
H 62.33210 130.36800 11.76010
H 60.11170 128.06700 11.67480
C 64.20380 130.70200 10.16290
C 60.76710 131.49900 10.18160
H 63.41810 127.41100 11.71900
C 65.27680 127.89900 10.24320
C 61.97900 128.61700 10.09040
C 40.27280 102.15400 12.71220
C 39.11120 105.10900 12.57240
C 43.51080 101.39700 12.45160
C 42.44180 104.46500 12.61630
C 50.30920 100.27200 12.35180
C 46.96490 101.00000 12.43670
C 45.89170 103.80500 12.46900
C 49.25880 103.23400 12.37360
C 48.21090 106.17700 12.52830
C 51.51910 105.60700 12.53040
C 52.64010 102.61400 12.53030
C 56.11970 102.11800 12.51440
C 55.06600 105.09000 12.59620
C 58.27350 104.37800 12.68720
C 59.39510 101.41600 12.68530
C 62.93600 100.80800 12.72820
C 61.69770 103.84800 12.89760
C 65.19530 103.16200 12.87470
C 64.01360 106.14400 13.00290
C 40.31360 110.51000 12.54150
C 41.28970 107.52000 12.62770
C 43.72180 109.76700 12.53680
C 42.59310 112.72700 12.49070
C 37.98860 108.06200 12.50320
C 44.77180 106.80200 12.56780
C 47.03190 109.21500 12.52870
C 50.40410 108.56300 12.50030
C 46.00570 112.05800 12.54300
C 49.25440 111.44800 12.52190
C 53.87840 107.95000 12.65770
C 57.14290 107.39200 12.70290
C 52.66750 110.90100 12.65410
C 56.08260 110.19800 12.75090
C 58.32950 112.67300 12.98860
C 60.51190 106.75500 12.93590
C 59.50120 109.69600 12.96990
C 62.93700 109.19300 13.05990
C 61.69410 112.07800 13.02030
C 65.20900 111.55000 13.09300
C 39.17300 113.29600 12.42650
C 40.33770 118.57500 12.46750
C 41.54750 115.63500 12.57650
C 43.76240 118.00500 12.58570
C 38.13720 116.26700 12.45980
C 44.84290 115.07100 12.58730
C 48.25820 114.41200 12.72470
C 51.66350 113.94000 12.75500
C 47.06960 117.42600 12.75930
C 50.52900 116.80900 12.77960
C 49.32040 119.66000 12.79940
C 54.96280 113.19400 12.83810
C 57.34950 115.61100 12.98220
C 53.84430 116.19300 12.78400
C 52.76470 119.03100 12.92200
C 56.18650 118.46400 12.85190
C 59.59540 117.96200 12.96780
C 60.68300 115.04800 13.00550
C 64.04370 114.38500 13.03670
C 62.93070 117.31500 13.06790
C 65.13660 119.64400 13.15330
C 39.31660 121.61300 12.53320
C 42.61070 120.93500 12.61700
C 41.49650 123.84100 12.59400
C 43.66310 126.20700 12.72490
C 38.06380 124.45300 12.53480
C 44.80590 123.42300 12.74920
C 45.98020 120.30400 12.72090
C 48.35640 122.83100 13.00700
C 51.70150 122.21400 12.94900
C 47.03350 125.65700 12.65000
C 50.48450 125.05400 12.92900
C 54.02100 124.41300 13.01860
C 57.33360 123.88400 13.04900
C 55.04330 121.37900 12.98600
C 58.33530 120.96500 12.96340
C 63.02310 125.63900 13.37340
C 63.97630 122.63800 13.32080
C 61.75710 120.32400 13.08280
C 60.58460 123.23100 13.20910
C 59.52450 126.17500 13.19280
C 44.86970 131.53300 12.70210
C 41.53930 132.19700 12.66530
C 42.57940 129.20700 12.75040
C 40.34320 126.79900 12.65260
C 39.22250 129.71800 12.68880
C 38.07080 132.73200 12.62370
C 51.56260 130.28400 13.12160
C 48.15170 130.93000 12.81310
C 45.95710 128.53800 12.66870
C 49.21750 127.93100 12.85340
C 55.08620 129.68400 13.30220
C 53.85040 132.75100 13.19120
C 52.84000 127.31900 13.07820
C 58.49620 129.10500 13.28240
C 56.16230 126.74700 13.06070
C 57.24070 132.08200 13.30210
C 61.91710 128.52900 13.34100
C 64.09530 130.95400 13.37110
C 60.73970 131.50700 13.35200
C 65.18420 127.88700 13.41140
H 65.71340 129.76400 11.86710
H 64.55630 132.69900 11.63940
C 68.73200 4.10142 10.34670
C 67.72810 7.11155 10.18540
C 72.13200 3.75778 10.47180
C 71.20690 6.68049 10.43010
C 66.44020 1.90233 10.11780
C 75.41720 3.17203 10.66910
C 74.52360 6.05137 10.65180
C 79.06250 2.39386 10.66050
C 77.82020 5.29495 10.74090
C 80.04490 7.77632 10.68530
C 81.17970 4.79288 10.73990
C 84.52200 4.20053 10.81240
C 83.37520 7.13400 10.79180
C 86.89410 6.48534 10.84390
C 82.29980 1.93495 10.84210
C 88.07140 3.69852 10.81170
C 90.43890 6.02306 10.92900
C 91.49430 3.07357 10.98390
C 93.69360 5.43069 11.13550
C 69.96890 9.46128 10.44110
C 72.14910 11.89570 10.66760
C 68.70330 12.57160 10.50370
C 66.38870 10.07000 10.22710
C 73.38380 8.98588 10.75120
C 76.70180 8.41858 10.75490
C 75.44740 11.26710 10.78320
C 74.32610 14.19430 10.71100
C 78.87980 10.72940 10.86310
C 77.74500 13.60900 10.80660
C 85.67080 9.39704 10.90720
C 81.03390 12.97440 10.69430
C 82.29300 9.93177 10.75780
C 84.55110 12.35630 10.76050
C 92.53860 8.21376 10.94430
C 89.18080 8.86220 10.94410
C 87.84020 11.71570 10.81600
C 90.13760 14.17710 10.83200
C 91.31690 11.23120 10.84160
C 93.55400 13.57040 10.83730
C 71.01120 14.80780 10.59790
C 66.50250 18.34650 10.60920
C 69.87890 17.71440 10.52610
C 67.77290 15.37040 10.44410
C 68.76570 20.69640 10.61740
C 72.08640 20.10930 10.59850
C 73.19280 17.07350 10.65160
C 76.59740 16.46910 10.68690
C 75.49790 19.51630 10.54820
C 78.84410 19.02300 10.60180
C 79.81350 15.99490 10.70120
C 83.43290 15.40870 10.63330
C 85.71340 17.72750 10.84090
C 82.31260 18.26460 10.76110
C 84.57340 20.63100 10.95160
C 81.14420 21.16640 10.76690
C 86.73520 14.67880 10.74470
C 89.10200 17.11220 10.85070
C 92.50520 16.48810 10.84130
C 87.98830 20.11600 10.80150
C 91.25140 19.36090 10.84620
C 67.65450 23.52840 10.67170
C 70.97890 23.10270 10.58470
C 69.76400 25.79070 10.60480
C 66.33470 26.52310 10.57090
C 73.22230 25.45970 10.42600
C 77.82590 21.97830 10.57780
C 76.71780 24.89390 10.51010
C 74.30210 22.37510 10.63070
C 79.00530 27.19970 10.50270
C 75.61360 27.82280 10.42900
C 80.08990 24.24160 10.54250
C 83.51670 23.49230 10.71540
C 82.28820 26.53530 10.63220
C 86.86940 23.07460 10.78560
C 85.81720 25.83750 10.81570
C 93.66920 21.67680 10.86620
C 92.64630 24.73090 10.83870
C 90.17930 22.37490 10.76140
C 89.15420 25.40360 10.80810
C 91.52390 27.69730 10.84920
C 68.57420 28.83370 10.51560
C 71.98310 28.07510 10.49560
C 70.72910 31.17510 10.32740
C 69.72100 34.20510 10.19840
C 67.51870 31.82640 10.38070
C 77.81570 30.11520 10.44930
C 76.54370 32.95750 10.37770
C 73.11380 33.50730 10.32950
C 74.27440 30.58500 10.48510
C 83.51130 31.81030 10.63980
C 85.73000 34.13150 10.74830
C 81.31450 29.41040 10.62680
C 84.58540 28.88330 10.65410
C 86.87980 31.16520 10.74570
C 80.18500 32.40140 10.52990
C 93.71290 29.96000 10.80920
C 89.10170 33.59920 10.79880
C 90.28110 30.43860 10.96260
C 92.63560 32.80280 10.80660
C 88.06710 28.19710 10.86450
C 68.52630 4.27980 13.45960
C 67.48660 7.06766 13.37360
C 72.04420 3.71088 13.78530
C 70.91100 6.50974 13.66660
C 66.29080 1.91161 13.40240
H 66.70160 3.73702 11.76790
H 70.30820 3.18936 12.07540
H 69.21250 6.05881 11.86360
H 72.60000 5.48966 12.13180
C 75.41830 2.94247 13.74250
C 74.33890 6.00745 13.92360
C 78.73030 2.36056 13.87780
C 77.86020 5.31004 13.91890
H 78.22780 7.17299 12.27220
H 74.85310 7.85576 12.36680
H 75.95750 4.93018 12.38410
H 77.06220 1.97171 12.08810
H 79.33260 4.19252 12.34070
H 73.51270 2.57750 12.16590
C 79.92480 7.69363 13.95350
C 81.09500 4.78070 13.97750
C 84.60920 4.24007 13.99820
C 83.33910 7.04062 13.93330
C 86.83680 6.46327 13.99600
C 82.29510 1.85730 14.05560
H 85.00020 6.06596 12.38400
H 81.48550 6.58478 12.33330
H 82.71930 3.74038 12.45600
H 86.14600 3.13106 12.35170
C 87.97850 3.70923 13.99580
C 90.29380 5.96321 14.14710
C 91.27250 3.01793 14.21280
C 93.50880 5.39643 14.29730
H 91.83960 4.85583 12.58090
H 92.91010 1.97018 12.75760
H 90.73550 7.84502 12.58740
H 88.52690 5.52800 12.44750
H 89.55910 2.57416 12.45810
C 69.65810 9.43114 13.64130
C 68.55770 12.46490 13.61060
C 71.87690 11.91400 13.85750
C 66.41270 10.05180 13.53630
H 72.46560 13.76280 12.30830
H 70.23670 11.30220 12.08550
H 67.94070 8.98687 11.85260
H 71.43410 8.44745 12.18480
H 66.78100 11.90020 11.89000
H 69.17590 14.29210 12.20960
C 73.15720 8.88476 13.94810
C 76.70790 8.28592 13.94680
C 75.44140 11.21000 14.01170
C 74.27750 14.25840 13.93440
C 78.93930 10.82930 14.06660
C 77.59350 13.57170 14.02600
H 75.82910 13.09320 12.32250
H 73.58020 10.82380 12.42090
H 79.32200 12.58670 12.48670
H 77.09000 10.19070 12.46510
C 85.61720 9.37682 14.04770
C 81.27950 13.18990 13.92480
C 82.18350 10.08190 14.00640
C 84.40080 12.36440 14.00910
H 80.38580 9.53608 12.39640
H 86.02830 11.28260 12.50640
H 82.61300 11.84500 12.28250
H 84.85660 14.17840 12.34110
H 83.75580 8.91247 12.45960
C 92.54260 8.46257 14.22030
C 89.01300 8.92868 14.06830
C 87.86070 11.80680 14.09430
C 90.15150 14.08640 14.03080
C 91.29890 11.26640 14.00180
C 93.53750 13.47330 13.97470
H 91.69550 13.05620 12.38160
H 88.26130 13.61580 12.41000
H 87.22060 8.34854 12.46320
H 92.88930 10.13680 12.46640
H 89.44630 10.76360 12.43890
C 70.96600 14.88220 13.86600
C 67.50620 15.29360 13.72790
C 69.74290 17.76930 13.78180
C 68.77420 20.70660 13.81890
C 72.07290 20.20040 13.75190
C 66.53240 18.33060 13.73490
H 71.38020 16.65780 12.19630
H 66.91150 20.19170 12.23150
H 70.23440 19.56130 12.13530
H 68.05390 17.18460 12.14110
C 73.17120 17.27770 13.82380
C 76.63900 16.63440 13.95560
C 75.48810 19.58160 13.80880
C 78.76850 18.92400 13.84210
H 78.09820 15.44550 12.43160
H 73.66810 19.07530 12.17210
H 79.21300 20.78690 12.29810
H 77.03410 18.42890 12.17040
H 75.97690 21.39130 12.15640
H 74.77740 16.09580 12.34690
C 80.07630 15.93470 13.81500
C 86.68880 14.65430 13.98790
C 83.36190 15.48470 13.88050
C 85.67950 17.65760 14.07170
C 82.18140 18.43890 13.88140
C 84.64080 20.70110 14.00540
H 83.83040 17.15740 12.41030
H 80.34300 17.82690 12.17350
H 82.66480 20.13780 12.51150
H 86.25890 19.51210 12.50440
H 81.57860 14.89230 12.12820
C 80.95530 21.37640 13.94560
H 87.17310 16.52750 12.40510
C 89.01190 17.09040 14.03670
C 92.48710 16.46730 14.08960
C 88.01480 20.21190 14.15820
C 91.31170 19.48190 14.09880
H 92.80400 18.30690 12.47390
H 90.64040 15.96060 12.47330
H 89.42650 19.00100 12.49510
H 91.73790 21.26580 12.39560
C 66.49190 26.59980 13.91310
C 67.64550 23.59360 13.86750
C 71.01390 23.28520 13.85590
C 69.79980 25.94380 13.69860
H 71.50170 24.94740 12.09650
H 72.46120 22.01120 12.26050
H 67.88370 25.44510 12.20200
H 70.13840 27.75390 12.10050
H 69.24170 22.54580 12.27240
C 73.33860 25.51960 13.65860
C 78.88320 27.23390 13.76680
C 76.56100 24.91080 13.67440
C 77.72260 22.06740 13.86130
C 74.36600 22.56390 13.70990
C 75.51510 27.79860 13.69400
H 78.23910 23.80930 12.20430
H 74.78390 24.37190 12.03200
H 73.77020 27.30020 12.00350
H 77.10160 26.76680 12.10490
C 80.02650 24.23580 13.90010
C 82.26350 26.46530 13.87870
C 85.65060 25.88280 13.90740
C 86.84140 23.06130 14.06820
C 83.31560 23.58940 13.87840
H 85.10990 22.58080 12.40700
H 83.79050 25.39490 12.27650
H 86.12190 27.76020 12.32300
H 80.45980 26.06450 12.24170
H 81.51120 23.11550 12.19620
H 87.36800 24.86750 12.47470
C 90.24990 22.46770 14.00260
C 89.21010 25.33190 14.04550
C 92.50710 24.70080 14.05020
C 93.48090 21.74350 14.13190
H 92.99550 26.53570 12.52660
H 90.71850 24.24520 12.34170
H 89.73150 27.15180 12.44770
H 88.41290 21.92330 12.43230
C 91.45670 27.65930 14.16330
C 68.70180 28.97620 13.79070
C 67.52140 31.92880 13.59610
C 72.08980 28.27380 13.55580
C 70.90080 31.38440 13.60060
C 69.84160 34.28720 13.50200
H 72.28760 30.12120 11.93260
H 71.20390 33.08270 11.79390
H 67.97150 33.66520 11.90590
H 69.01290 30.71380 12.06160
H 66.81830 28.37200 12.21620
C 72.98400 33.58660 13.53130
C 76.53860 32.92020 13.61740
C 74.17270 30.59060 13.50570
C 77.73480 30.16240 13.62970
H 75.96890 29.61610 12.05270
H 78.21910 31.99190 11.98410
H 74.69910 32.51280 12.01180
H 79.38590 29.03130 12.09610
C 79.99740 32.40260 13.72310
C 84.56290 28.90680 13.96670
H 80.40030 34.28900 12.14990
H 82.82830 28.31630 12.33450
H 83.86260 33.66760 12.34240
C 86.75160 31.22120 14.06540
C 85.69320 34.16220 13.99810
C 81.20740 29.44830 13.81470
C 83.47620 31.82720 13.91970
H 85.05380 30.67730 12.33090
H 81.69740 31.33140 12.21550
H 91.99750 29.47220 12.58220
C 93.75570 30.01640 14.14380
C 92.62040 32.88590 13.98080
C 90.26930 30.57370 14.04370
H 90.69540 32.42460 12.41300
C 89.06850 33.47140 13.98620
H 87.23060 33.01180 12.38270
H 88.31790 30.07340 12.48350
C 87.98580 28.13840 13.94030
C 68.71100 37.08480 10.20290
C 67.62780 40.04680 10.06800
C 72.07520 36.57340 10.27040
C 71.01240 39.46490 10.28900
C 66.41830 34.68630 10.26750
C 75.48850 35.90650 10.33320
C 74.29300 38.78580 10.30570
C 78.84580 35.33470 10.48950
C 77.80620 38.26940 10.42050
C 80.03270 40.61170 10.49220
C 81.16280 37.72460 10.60970
C 84.60640 37.11400 10.74780
C 83.47910 39.99810 10.61480
C 86.97390 39.30670 10.72130
C 82.40090 34.73070 10.68030
C 87.90970 36.49500 10.76610
C 90.29970 38.66630 10.87110
C 91.44130 35.81570 10.88550
C 93.65710 38.00810 10.78370
C 66.47150 42.81040 10.03080
C 69.96380 42.32680 10.25290
C 72.17660 44.79190 10.22670
C 68.85100 45.26210 9.97011
C 70.96360 47.62260 10.01790
C 73.13880 41.71830 10.35510
C 76.60890 41.16720 10.49410
C 75.42550 43.98180 10.36710
C 78.94320 43.49200 10.46710
C 74.36900 46.91070 10.13610
C 77.77840 46.31750 10.22590
C 85.85800 42.19350 10.70590
C 82.35640 42.89360 10.56110
C 84.81850 45.18710 10.53000
C 81.18830 45.85590 10.47600
C 92.58550 40.98240 10.69250
C 89.18820 41.60960 10.68250
C 88.04600 44.64620 10.55500
C 91.44260 43.76660 10.63080
C 90.28530 46.83290 10.56840
C 93.78090 46.20370 10.41030
C 66.43550 51.05500 9.88755
C 69.79990 50.64740 9.91610
C 67.60410 48.19600 9.95631
C 68.76350 53.55380 9.82799
C 71.95730 52.81290 9.85686
C 73.23090 49.82020 9.99890
C 76.61020 49.28350 9.97091
C 75.53000 52.31030 9.86828
C 78.98780 51.69750 10.00830
C 86.96640 47.62760 10.49270
C 79.93280 48.69370 10.18720
C 83.49640 48.04050 10.37740
C 85.84550 50.31220 10.39720
C 82.28610 50.96770 10.17800
C 84.62710 53.22660 10.24380
C 81.11290 53.99790 9.98987
C 89.30330 49.83960 10.47930
C 92.60340 49.12980 10.42540
C 88.10830 52.87700 10.45190
C 91.42600 52.17520 10.37510
C 66.43400 59.28760 9.54723
C 67.54060 56.32680 9.73345
C 70.92840 55.83780 9.79023
C 69.90680 58.72590 9.78149
C 73.32330 58.21950 9.74317
C 75.48780 60.63500 9.71485
C 77.74250 54.70840 9.98942
C 74.41110 55.21030 9.83074
C 76.56990 57.61460 9.84050
C 78.93690 59.79230 9.86138
C 80.17200 56.94370 9.90142
C 82.55470 59.18160 9.89877
C 83.53630 56.27850 10.05620
C 86.77580 55.66310 10.13210
C 85.77600 58.63560 9.99101
C 91.65250 60.39070 10.00280
C 92.58220 57.37060 10.19270
C 89.28760 57.92660 10.15860
C 93.77760 54.34950 10.29960
C 90.40180 55.06100 10.34950
C 72.12740 61.10030 9.74532
C 68.70140 61.58260 9.58674
C 71.01500 64.07040 9.67193
C 67.52810 64.68930 9.62705
C 69.91550 66.90370 9.69684
H 71.43440 65.90390 11.33230
H 68.06010 66.50100 11.36510
H 66.81790 61.23940 11.12590
H 69.14000 63.52020 11.13850
C 73.20870 66.50620 9.62571
C 76.58050 65.80820 9.72372
C 74.23380 63.55830 9.63340
C 77.79400 62.79940 9.73980
H 74.63670 65.40920 11.26260
C 80.17660 65.22930 9.69107
C 86.86560 64.10280 9.99544
C 84.73710 61.68980 9.90315
C 83.66070 64.51100 9.80044
C 81.41330 62.19960 9.69182
C 85.97640 66.91080 9.99475
H 80.68040 67.07550 11.31930
C 88.10130 61.02290 9.96122
C 89.09690 66.22420 9.95881
C 93.76270 62.72260 9.93962
C 92.62540 65.61800 9.88769
C 90.32470 63.26600 10.01400
C 68.65120 37.16890 13.48800
C 67.49890 39.99370 13.32380
C 72.03490 36.50730 13.54370
C 70.85290 39.46130 13.57090
C 66.38060 34.76510 13.47860
H 70.19780 36.01140 11.87530
H 69.12870 38.94880 11.79460
H 72.46020 38.34250 11.93930
H 66.89420 36.55860 11.83630
C 75.34530 35.87110 13.58260
C 74.26780 38.83090 13.57800
C 78.71350 35.32730 13.74230
C 77.60800 38.25590 13.69400
H 79.27640 37.16650 12.15340
H 75.90660 37.74040 11.95860
H 74.65140 40.63820 11.94040
H 76.94230 34.81330 12.01200
H 78.23680 40.11780 12.08060
H 73.55720 35.40240 11.91660
C 79.97310 40.68040 13.77720
C 81.07430 37.78020 13.82680
C 84.49370 37.12960 13.92710
C 83.40460 40.02570 13.81180
C 86.79990 39.33160 13.94910
C 82.17600 34.76070 13.87240
H 86.11130 35.96830 12.39450
H 81.59010 39.58210 12.17700
H 82.67670 36.65000 12.31840
H 85.05800 38.95590 12.26580
C 87.94000 36.36200 14.05000
C 90.30180 38.79390 14.03050
C 91.45350 35.64510 13.95330
C 93.78840 38.10580 14.02660
H 89.49420 35.37200 12.41650
H 93.11520 34.69710 12.36030
H 91.87990 37.62830 12.53440
H 88.43150 38.20600 12.46860
H 90.72660 40.55030 12.30890
C 69.69790 42.49950 13.46020
C 68.54190 45.28320 13.17260
C 72.03350 44.85860 13.44340
C 66.31740 43.07040 13.11300
H 69.05460 47.11530 11.62220
H 70.29510 44.22130 11.75120
H 68.00520 41.84440 11.77180
H 71.35850 41.28490 12.01970
H 72.51430 46.60880 11.77880
H 66.86850 44.77390 11.40000
C 73.15180 41.79960 13.63970
C 76.53590 41.12730 13.61890
C 75.41640 44.22860 13.55040
C 78.84510 43.57810 13.69680
C 74.32530 47.09620 13.39420
C 77.63870 46.54030 13.43430
H 77.07390 43.01960 12.06910
H 75.88940 45.94170 11.79390
H 73.57890 43.57610 11.96510
H 79.24070 45.38590 12.03290
C 85.76940 42.24370 13.84970
C 82.29240 43.05070 13.70090
C 84.65220 45.26830 13.66830
C 81.16340 45.85590 13.52490
H 83.89530 41.86450 12.19730
H 86.31210 44.06190 12.24340
H 85.12380 47.09400 12.07090
H 80.45320 42.46980 12.14300
H 82.87810 44.77160 12.04780
H 87.40900 41.16990 12.33940
C 92.52870 40.98020 13.95600
C 89.24490 41.76800 13.91000
C 88.13220 44.69750 13.89640
C 91.41560 44.00710 13.77550
C 90.40620 46.85150 13.66780
C 93.65100 46.29850 13.69870
H 93.03990 42.80230 12.34900
H 89.57760 43.51720 12.21290
H 91.93760 45.75060 12.00030
H 88.38890 46.47890 12.19660
C 70.77950 47.70700 13.23850
C 69.77510 50.65380 13.21060
C 67.50710 48.23990 13.18960
C 68.51920 53.59550 13.08690
C 72.10990 52.98790 13.06750
C 66.40160 51.21480 13.07230
H 71.26890 49.49660 11.56600
H 68.00370 50.04770 11.54430
H 66.88060 52.96190 11.33480
H 70.16650 52.46010 11.57990
C 73.16040 50.00110 13.12560
C 76.56720 49.46750 13.28170
C 75.41630 52.22160 13.12320
C 78.68090 51.82960 13.21230
H 74.81030 48.85250 11.66610
H 78.07840 48.31500 11.74010
H 79.26530 53.57700 11.63540
H 77.00630 51.16840 11.46180
H 73.59750 51.77330 11.43210
H 75.83190 54.14730 11.57420
H 81.55100 47.65810 11.83390
C 86.93050 47.66220 13.77000
C 79.91050 48.77910 13.41050
C 83.39990 48.10020 13.46810
C 85.68600 50.34970 13.59030
C 82.19560 51.08790 13.37580
C 84.39690 53.38430 13.38040
H 82.59280 52.89370 11.69060
H 83.86520 49.98680 11.84190
H 80.34950 50.58300 11.76700
H 86.15090 52.26030 11.99510
C 81.02470 54.04330 13.27900
H 87.44750 49.43640 12.10330
C 89.27190 49.89780 13.74100
C 92.68620 49.28850 13.64770
C 88.04690 52.82050 13.49330
C 91.58300 52.14350 13.60230
H 93.04700 51.03960 11.92480
H 89.70430 51.68560 12.07480
H 90.79200 48.71120 12.15720
H 91.97090 53.98170 11.95670
C 66.39850 59.44250 12.82970
C 67.40130 56.49410 12.90540
C 71.00120 55.87750 13.00050
C 69.80360 58.69520 12.83580
H 72.50330 54.72850 11.32840
H 69.11930 55.39260 11.45990
H 71.54300 57.70090 11.36250
H 67.91170 58.31150 11.25780
H 70.25530 60.65020 11.31450
C 73.29260 58.26500 13.08100
C 77.69050 54.71690 13.16700
C 74.23620 55.21340 13.11880
C 76.60570 57.64820 13.04990
C 78.96630 60.04840 12.96490
H 73.69740 60.06860 11.37980
H 76.97520 59.54290 11.46770
H 78.17440 56.49140 11.43720
H 74.74010 57.05510 11.50630
C 75.52340 60.67300 13.04110
C 80.03370 57.02050 13.09420
C 83.43370 56.31160 13.30580
C 82.36240 59.37910 13.23100
C 85.73160 58.78640 13.29140
C 86.81160 55.78790 13.34410
H 81.63000 55.82120 11.60040
H 86.20990 60.54440 11.55080
H 84.96170 55.19250 11.74690
H 80.65610 58.80260 11.48350
H 83.95330 58.13630 11.67580
H 87.31760 57.55300 11.72360
C 91.43260 60.42790 13.28910
C 93.86830 54.53890 13.47460
C 92.72860 57.33530 13.45360
C 90.18240 55.14540 13.35260
C 89.17770 58.26590 13.32200
H 92.99280 59.20690 11.80660
H 89.72660 59.92800 11.54070
H 90.77590 56.94100 11.93340
H 88.36190 54.62440 11.72350
C 68.57400 61.77480 12.81350
C 69.91640 67.13650 12.89180
C 72.12600 61.16210 12.91240
C 67.67790 64.71570 12.84820
C 70.90350 64.03630 12.85310
H 72.53780 62.99900 11.28640
C 73.23340 66.60250 12.93150
C 77.73460 62.86680 12.80890
C 74.29090 63.56020 12.91960
C 76.52870 65.86310 12.86530
H 75.79560 62.49150 11.26420
H 79.53010 61.79290 11.23030
H 78.28860 64.74540 11.29240
C 80.24650 65.24180 12.90540
C 84.59100 61.60060 13.20000
C 85.73010 66.94550 13.10200
C 81.32350 62.29260 12.97760
C 83.45270 64.62100 13.03460
C 86.86860 63.91730 13.24360
H 82.84620 61.10520 11.48020
H 83.96350 66.42850 11.37390
H 81.79150 64.11010 11.27060
H 85.07730 63.49390 11.61790
H 87.38000 65.83410 11.72510
C 92.59880 65.76670 13.14020
C 88.08120 61.04450 13.12820
H 90.77700 65.18840 11.54980
H 88.43160 62.89380 11.57890
C 93.73620 62.84190 13.24150
H 91.93810 62.21630 11.61520
C 90.34870 63.35130 13.15360
C 89.33470 66.25530 13.28080
C 68.66520 69.74550 9.53097
C 67.54400 72.89090 9.42663
C 72.14310 69.41040 9.53711
C 70.99220 72.19870 9.35848
C 66.35900 67.55440 9.83289
H 70.32470 68.90140 11.14790
H 66.90050 69.46100 11.36030
H 69.11540 71.80540 10.89280
H 72.52930 71.30240 11.07460
C 75.45090 68.70900 9.61044
C 74.37970 71.54710 9.42917
C 78.92510 68.07410 9.80208
C 77.88700 71.04090 9.54706
H 73.66410 68.34150 11.24470
H 74.79400 73.51030 10.86700
H 75.97900 70.62600 11.09440
H 78.06360 72.97000 10.97810
H 79.32250 69.96730 11.33040
H 76.96900 67.69980 11.33880
C 80.04710 73.28840 9.46945
C 82.51980 67.51310 9.73100
C 81.26850 70.45200 9.77514
C 84.81630 69.82290 9.74891
C 83.70920 72.66940 9.58929
C 87.03630 72.31070 9.90646
H 82.93380 69.35590 11.34450
H 86.29340 68.81330 11.47650
H 81.76710 72.27360 11.11840
H 85.07690 71.70330 11.41150
C 88.17040 69.26010 9.87427
C 90.43170 71.64120 9.80348
C 91.40190 68.62480 9.84998
C 93.70720 71.00960 9.75391
H 88.64210 71.07910 11.50520
H 91.89040 70.49420 11.43860
H 90.70130 73.44920 11.49960
C 66.47090 75.99340 9.39539
C 69.72500 75.27850 9.30083
C 72.11650 77.66060 9.32600
C 68.59960 78.16330 9.41500
H 69.00010 80.01640 11.06680
H 70.26260 77.11350 10.90570
H 72.55750 79.44100 11.00650
H 66.81320 77.73040 11.13550
H 67.96900 74.77860 10.97510
H 71.28510 74.17850 10.85370
C 70.82680 80.38190 9.43961
C 76.60280 74.12170 9.35478
C 73.18200 74.62080 9.30649
C 75.54550 76.80950 9.42933
C 74.41540 79.96650 9.38255
C 78.83240 76.26640 9.31446
C 77.74420 79.42140 9.38091
H 79.34090 78.15580 10.83680
H 75.93670 78.75610 10.94790
H 73.62800 76.46570 10.96590
H 77.11740 75.82980 11.09320
C 85.78910 75.24410 9.58344
C 81.20560 78.70400 9.29155
C 82.42760 75.66360 9.43097
C 84.58120 78.12870 9.30614
H 84.98940 79.93680 10.91370
H 80.39570 75.14760 10.90840
C 86.90610 80.35120 9.33689
H 82.70600 77.50190 10.82770
H 83.90130 74.57220 11.21390
H 86.13400 77.07640 11.01450
C 92.51920 73.89480 9.86163
C 89.34850 74.63050 9.73411
C 88.17600 77.37240 9.58458
C 90.53230 79.68990 9.56840
C 91.62310 76.92380 9.70642
C 93.78000 79.10790 9.61905
H 92.02820 78.72890 11.33140
H 88.50290 79.36780 10.98620
H 89.76730 76.45910 11.32340
H 87.39390 74.08710 11.18500
H 93.03900 75.75760 11.35830
C 66.28460 84.01530 9.65937
C 69.82090 83.55670 9.41094
C 67.47900 81.20960 9.48586
C 68.65540 86.32210 9.50152
C 72.21560 85.68820 9.42820
H 71.27990 82.31370 11.00670
H 68.05650 83.03880 11.09770
H 70.37090 85.31000 11.06820
H 66.84100 85.94760 11.13310
C 73.23390 82.74750 9.49096
C 76.75160 82.21030 9.42489
C 75.69170 85.13390 9.38899
C 79.00880 84.53840 9.49368
H 79.35440 86.35170 11.05220
H 77.10490 84.01690 11.06720
H 74.94950 81.71880 11.09150
H 73.80120 84.62170 10.99920
H 78.25500 81.12340 11.17070
H 76.04330 86.98040 10.99850
C 80.10120 81.63390 9.56084
C 83.43020 81.08320 9.31377
C 85.70290 83.35490 9.37073
C 82.22440 83.93050 9.41286
C 84.64540 86.27420 9.41662
H 81.72360 80.47480 11.00710
H 86.22320 85.16980 10.94380
H 80.55540 83.46400 11.19400
H 82.74940 85.77720 10.96130
H 83.87990 82.89110 10.98690
C 81.20770 86.96430 9.37234
C 91.52420 85.08800 9.44298
C 89.23620 82.73130 9.36515
C 92.73300 82.10000 9.50595
C 88.10860 85.74630 9.39151
H 87.31520 82.26340 10.91310
H 93.01630 83.94910 11.11410
H 90.77180 81.63010 11.03280
H 89.61940 84.53010 10.97750
H 91.95360 86.88120 10.95630
C 66.40020 92.21150 9.49853
C 71.07710 88.72230 9.50020
C 67.61030 89.29620 9.41136
C 69.99580 91.59100 9.54872
H 68.06060 91.13050 11.00030
H 71.56310 90.50970 11.17360
H 70.33770 93.44280 11.21250
H 69.14610 88.18720 11.02320
H 72.70760 87.55770 11.02170
C 73.33550 91.07650 9.50231
C 76.67640 90.40830 9.40099
C 78.91500 92.82060 9.40065
C 74.52610 88.13450 9.39719
C 77.86800 87.50470 9.37189
C 75.54760 93.45240 9.55058
H 73.79400 92.82720 11.17670
H 77.12610 92.27350 11.05160
H 78.29300 89.30880 10.97330
H 74.91010 89.93860 11.04900
C 80.12150 89.83960 9.37822
C 82.33280 92.20890 9.55862
C 85.79740 91.52710 9.58896
C 87.00630 88.67570 9.46123
C 83.52700 89.22720 9.41712
H 80.45930 91.68910 11.02650
H 83.87970 91.03910 11.11490
H 86.14010 93.36860 11.17630
H 81.65520 88.73190 11.03350
H 85.06420 88.14900 11.00280
C 90.30300 88.06680 9.39947
C 92.63420 90.27150 9.49434
C 89.16360 91.11740 9.47470
C 93.87980 87.41680 9.42623
H 88.49640 87.50200 11.11900
H 87.37670 90.46770 11.16670
H 89.60730 92.82880 11.21870
H 93.02060 92.13860 11.22910
H 90.69190 89.90140 11.00040
C 91.43220 93.23890 9.60611
H 68.10150 99.29990 11.11550
H 71.49170 98.76820 11.09250
H 72.62300 95.78930 11.08150
C 69.95200 99.85030 9.49853
C 72.18620 93.88310 9.55106
C 70.95350 96.96670 9.55153
C 67.62990 97.44450 9.54470
C 68.82260 94.43550 9.50424
H 66.96350 94.06880 11.08820
H 69.12380 96.30960 11.16750
H 78.33810 97.55670 11.32030
H 79.38620 94.58700 11.10920
C 77.92070 95.84980 9.58499
H 76.07280 95.28270 11.15330
H 74.82980 98.19620 11.15340
C 76.72810 98.61890 9.66643
C 74.53200 96.36890 9.51823
C 73.33660 99.46650 9.58130
C 80.22640 98.16510 9.75548
C 83.50630 97.46840 9.75956
C 86.82700 96.91090 9.71163
C 84.48180 94.48830 9.65789
C 85.67310 99.87590 9.87104
H 85.01380 96.25730 11.31330
H 82.70490 93.95330 11.27640
H 83.88610 99.21480 11.47120
H 81.66060 96.96240 11.36130
H 80.52370 99.92420 11.47380
C 81.24940 95.16020 9.68489
C 90.33580 96.20020 9.79762
C 89.17680 99.18390 10.09770
H 90.85710 98.00150 11.46480
H 88.33080 95.72370 11.32580
C 92.69950 98.59430 9.84060
C 93.88160 95.66280 9.52434
H 87.16990 98.65620 11.45710
H 92.11770 95.11390 11.14620
C 88.02800 93.98390 9.67228
C 68.86070 70.12480 12.76960
C 67.73170 72.96200 12.68240
C 72.13360 69.52390 12.78610
C 70.91510 72.33250 12.52780
C 66.53340 67.76030 12.96260
C 75.47350 68.97730 12.86390
C 74.36910 71.75580 12.58570
C 78.96350 68.09880 12.86850
C 77.83940 71.07600 12.66610
C 79.98400 73.28680 12.56350
C 81.31150 70.44900 12.80660
C 84.64460 69.86730 13.02680
C 83.46220 72.83940 12.87920
C 87.01970 72.25620 12.90770
C 82.49360 67.55110 12.98060
C 88.12850 69.21630 13.13230
C 90.41870 71.58940 13.14460
C 91.55440 68.66420 13.05770
C 93.77830 70.89730 12.98720
H 89.62100 68.06080 11.56440
H 93.03450 67.51840 11.41590
C 69.78840 75.22520 12.50210
C 68.76860 78.05820 12.65630
C 72.03480 77.58980 12.56880
C 66.42270 75.83640 12.64520
C 73.20330 74.65140 12.42170
C 76.47040 73.97650 12.56510
C 75.51220 76.90430 12.58470
C 74.41210 79.80430 12.59950
C 78.95390 76.35720 12.55520
C 77.82890 79.21970 12.58980
C 85.76930 75.27640 12.69360
C 81.12850 78.56800 12.49890
C 82.21330 75.75150 12.54060
C 84.39840 78.11470 12.55890
C 92.59930 73.93910 12.99450
C 89.11990 74.66950 12.96860
C 88.00180 77.59040 12.64350
C 90.26640 79.82500 12.69090
C 91.57960 76.91600 12.94510
C 93.89160 79.29210 12.87090
C 70.93680 80.42970 12.62710
C 67.54050 81.21140 12.70750
C 69.91560 83.48010 12.69830
C 68.78760 86.36360 12.70270
C 72.22300 85.67360 12.66430
C 66.49910 84.07770 12.73970
C 73.22190 82.73770 12.55460
C 76.72160 82.19350 12.78180
C 75.58430 85.18560 12.64060
C 78.88430 84.56510 12.70980
C 80.16850 81.52220 12.72090
C 86.84150 80.49380 12.52730
C 83.54570 81.04360 12.64790
C 85.76120 83.32050 12.52460
C 82.45230 83.99330 12.69500
C 84.67790 86.21690 12.53850
C 81.22420 86.85770 12.60490
C 89.10280 82.65650 12.58390
C 92.57240 82.09770 12.68030
C 87.99890 85.57470 12.59080
C 91.37350 85.12900 12.65950
C 67.72700 89.32580 12.71220
C 71.11040 88.53770 12.58980
C 69.88970 91.51810 12.70250
C 66.47630 92.14280 12.61270
C 73.39720 91.03410 12.78090
C 77.85860 87.50310 12.65740
C 74.54160 88.16150 12.62900
C 76.76670 90.41000 12.62990
C 78.97130 92.69190 12.73640
C 75.67440 93.34750 12.75040
C 80.11570 89.84130 12.61380
C 83.51700 89.18070 12.68340
C 86.85080 88.52920 12.69120
C 85.71630 91.49100 12.74360
C 82.24520 92.05540 12.74470
C 91.52250 93.32000 12.77330
C 90.39970 87.94180 12.60500
C 92.63390 90.30530 12.57350
C 89.22300 90.93750 12.81140
C 93.74210 87.41680 12.65720
C 72.23750 94.04410 12.75580
C 67.62770 97.47600 12.80780
C 68.71690 94.46410 12.79190
C 69.92520 99.70090 12.72420
C 71.01570 96.89390 12.67190
C 76.64280 98.57210 12.82830
C 77.87790 95.63360 12.80490
C 73.19240 99.17100 12.82900
C 74.50880 96.35950 12.76670
C 85.66560 99.71560 13.13330
C 83.48260 97.35740 12.97510
C 84.55290 94.37500 12.89150
C 86.81230 96.74610 12.97770
C 80.10000 98.02030 13.02290
C 81.20080 95.08030 12.83180
C 92.78300 98.44600 12.99340
C 87.93560 93.79580 12.86270
C 90.41660 96.18930 12.74520
C 93.77740 95.54420 12.86400
C 89.17970 99.09390 13.05980
C 67.55220 105.65500 9.79510
C 68.77220 102.79600 9.69018
C 72.18570 102.32600 9.71378
C 70.97530 105.28700 9.85320
C 66.48640 100.48200 9.58896
H 70.35630 101.61200 11.15950
H 69.16020 104.59400 11.39880
H 66.99630 102.26200 11.30930
H 72.48900 104.11200 11.37390
C 79.07360 101.03600 9.74458
C 74.41110 104.49500 9.79302
C 75.51180 101.53700 9.78538
C 77.77500 103.90200 9.77174
H 73.64360 101.15500 11.40840
H 77.16790 100.46800 11.27110
H 74.84420 106.32700 11.43150
H 75.87510 103.43500 11.30090
H 79.28690 102.80600 11.45290
H 78.15680 105.75800 11.35670
C 80.02530 106.30100 9.85958
C 84.68840 102.68700 9.93245
C 87.00700 105.06200 10.01900
C 81.32730 103.39600 10.03010
C 83.76390 105.68200 9.87730
C 82.37480 100.45600 9.90255
H 81.78360 105.19600 11.26610
H 86.10830 101.64100 11.61550
H 85.13830 104.52200 11.56280
H 82.88670 102.15300 11.59000
C 93.71760 103.68600 10.01040
C 91.33550 101.45600 10.06870
C 90.42080 104.41400 10.04630
C 88.11260 102.08900 10.15980
H 88.49660 103.90000 11.60750
H 89.63290 100.96200 11.89380
H 93.06060 100.41300 11.52870
H 91.89930 103.28100 11.69330
H 90.73110 106.20300 11.74170
C 69.81880 107.96900 9.95000
C 68.61020 110.89100 9.92928
C 72.01920 110.31200 10.10380
C 66.40750 108.61200 9.87776
H 67.92850 107.43000 11.49480
H 71.42130 106.98900 11.57370
H 66.73670 110.39700 11.55920
H 69.10840 112.71400 11.52740
H 70.06620 109.76900 11.58910
H 72.47950 112.14800 11.63380
C 73.23680 107.42400 9.96220
C 76.65500 106.90900 9.83631
C 78.84540 109.27400 10.03440
C 77.84370 112.18400 10.12390
C 74.45290 112.63900 10.13720
C 75.54090 109.76300 10.06210
H 73.71630 109.23300 11.63440
H 77.09800 108.57500 11.60090
H 79.26340 110.99100 11.76150
H 76.07930 111.49900 11.70570
C 84.71960 110.90100 10.04520
C 81.15140 111.56200 10.17640
C 82.44810 108.53000 9.96633
C 85.99910 108.05100 9.99178
H 84.10600 107.47400 11.55060
H 80.48990 108.12700 11.50530
C 92.53860 106.75200 10.05170
C 90.33410 112.72500 10.05370
C 89.25600 107.37100 10.06400
C 91.52450 109.63100 10.06740
C 88.13810 110.38500 10.15160
C 93.69670 112.05400 10.08240
H 87.41720 106.86400 11.67930
C 70.99500 113.32500 9.98714
C 69.81300 116.15800 10.01130
C 68.62810 119.21500 10.00720
C 72.00320 118.59700 10.15380
C 67.61870 113.90700 9.92649
C 66.53230 116.71400 9.97185
H 68.00080 115.65700 11.63230
H 66.80130 118.58200 11.55900
H 71.22430 115.04800 11.76930
C 73.23360 115.52500 10.26670
C 75.59750 117.97700 10.13270
C 76.70340 115.03400 10.23680
C 78.97580 117.30400 10.31610
C 80.04240 114.45400 10.30150
C 87.05760 113.29600 10.14370
C 84.65410 119.06800 10.55370
C 85.83170 116.24200 10.37130
C 82.47880 116.74100 10.42440
C 83.45290 113.86200 10.29660
C 81.24810 119.60600 10.57170
C 88.06140 118.56000 10.53520
C 91.46020 117.94600 10.43580
C 92.72420 115.05100 10.19040
C 89.28680 115.74500 10.24550
C 70.86630 121.51200 10.22560
C 66.37830 125.05600 10.17680
C 69.74530 124.50700 10.35850
C 67.54200 122.04400 10.16540
C 73.21490 123.80100 10.44300
C 75.50800 126.19400 10.70920
C 77.76320 120.29300 10.37360
C 74.41620 120.86200 10.37730
C 76.59850 123.23500 10.51690
C 78.89700 125.61000 10.62210
C 80.09680 122.48900 10.60860
C 85.74720 124.44100 10.63520
C 82.21680 124.96600 10.69420
C 83.52880 122.02300 10.60470
C 86.83610 121.45100 10.58510
C 89.01180 123.73400 10.78750
C 92.68870 123.34100 10.64440
C 90.30070 120.91700 10.57500
C 93.73220 120.29100 10.46760
C 91.30090 126.06700 10.89730
C 70.99280 129.64800 10.47150
C 72.00640 126.68500 10.47570
C 67.55950 130.26800 10.27710
C 68.68390 127.37800 10.33540
C 69.94470 132.63000 10.42910
C 74.37610 129.06700 10.62650
C 76.69500 131.47400 10.75710
C 77.59860 128.46900 10.78300
C 73.16720 132.04900 10.45740
C 86.94280 129.61400 11.01930
C 81.21380 127.91900 10.79490
C 85.78080 132.46200 10.87310
C 84.51090 127.31200 10.77460
C 79.95480 130.79500 10.85510
C 83.34650 130.30600 10.74070
C 89.16870 131.96400 10.92180
C 90.14450 129.05400 10.94020
C 88.12460 126.79800 10.82320
C 92.44830 131.49100 11.07750
C 93.62710 128.56700 10.87440
C 68.86130 102.64000 12.87390
C 67.51820 105.47400 12.99800
C 71.97820 102.21500 12.89410
C 70.92220 105.11500 13.04290
C 66.43740 100.25900 12.69070
C 75.54720 101.51800 12.90430
C 74.28700 104.42500 12.97830
C 78.89960 100.97100 13.05830
C 77.68060 103.94000 12.98080
C 80.08090 106.16600 12.90760
C 81.23800 103.38600 12.92270
C 84.60940 102.79000 13.24740
C 83.48640 105.62900 13.04600
C 86.94540 104.97600 13.24640
C 82.34740 100.40100 13.08020
C 87.91710 102.11200 13.27160
C 90.28340 104.32700 13.29200
C 91.61080 101.42100 13.32750
C 93.85900 103.75200 13.18550
C 69.75560 107.90700 13.14850
C 68.55710 110.96200 13.19880
C 71.95450 110.16200 13.13940
C 66.36330 108.46400 13.11240
C 70.86340 113.24400 13.25740
C 73.30890 107.29800 13.11240
C 76.64120 106.70600 13.07930
C 75.58660 109.60400 13.23050
C 78.87310 108.98400 13.22190
C 74.37170 112.44800 13.27030
C 77.76730 112.06400 13.44440
C 85.84070 107.89300 13.26530
C 82.42160 108.47200 13.13300
C 84.71000 110.83000 13.31400
C 81.17770 111.39000 13.33830
C 86.99600 113.18200 13.37850
H 86.28150 109.79000 11.67850
H 85.17150 112.72400 11.70390
H 82.82580 110.39200 11.66970
C 92.69010 106.66700 13.25740
C 89.19580 107.33100 13.35520
C 88.12810 110.22200 13.31250
C 91.50140 109.76000 13.38860
C 90.44210 112.64400 13.37660
C 93.70670 111.99800 13.23030
H 93.05800 108.56200 11.78790
H 89.70660 109.15700 11.71870
H 88.61330 112.17600 11.79280
H 91.83640 111.53100 11.65510
C 69.73390 116.29600 13.32620
C 67.55790 113.79500 13.15260
C 68.52920 119.07300 13.28210
C 72.12850 118.41800 13.14830
C 66.35470 116.73300 13.15330
H 70.11300 118.04600 11.63660
C 73.22050 115.53100 13.24120
C 76.64570 115.02600 13.50850
C 75.35770 117.76200 13.37630
C 78.93080 117.22200 13.48850
H 75.93450 119.69300 11.98160
H 79.28280 119.15000 11.96200
H 77.06940 116.84800 11.84350
H 78.21290 113.92100 11.90030
H 73.74490 117.32600 11.50450
H 74.90100 114.41600 11.83240
C 80.02400 114.37600 13.54510
C 83.65070 113.66700 13.46630
C 85.94960 115.97600 13.59580
C 82.41060 116.58200 13.62210
C 84.68530 119.00400 13.81690
C 81.08460 119.48400 13.67990
H 84.02910 115.61700 11.98280
H 82.84790 118.53400 12.18540
H 86.25290 117.97500 12.16960
H 81.62870 113.32900 11.92410
H 80.56410 116.23700 11.92200
C 89.31420 115.48100 13.46730
C 92.58720 114.91400 13.45590
C 88.19160 118.43900 13.69240
C 91.57050 117.99000 13.65470
H 89.73440 117.44200 12.00330
H 90.80780 114.49300 11.74750
H 93.05470 116.75400 12.03760
H 91.94340 119.78400 12.12000
H 87.46150 115.07700 11.82920
C 67.41200 121.97700 13.41830
C 70.84940 121.39800 13.49390
C 69.63400 124.27900 13.49990
C 66.26810 124.97300 13.38560
H 70.11780 126.25300 12.05640
H 71.28210 123.29500 11.90720
H 67.84720 123.87900 11.83230
H 72.44190 120.37100 11.89190
H 69.02360 120.96400 11.79590
C 72.98650 123.70600 13.68900
C 77.71990 120.21800 13.64780
C 74.32030 120.78500 13.57980
C 76.51870 123.09800 13.72810
C 75.36540 125.93000 13.83890
C 78.90260 125.52200 13.85580
H 73.51390 125.57400 12.17160
H 77.07840 125.01900 12.21870
H 74.72080 122.69500 12.09010
H 78.13650 122.05800 12.10070
C 79.97700 122.47300 13.75390
C 83.46700 121.98500 13.81980
C 86.86410 121.31200 13.85640
C 85.58900 124.38500 13.89480
C 82.27630 124.71400 13.93710
H 83.85700 123.84300 12.18770
H 86.17040 126.25000 12.28320
H 85.05010 120.89700 12.24160
H 81.62680 121.45300 12.20260
H 80.42520 124.36600 12.25680
H 87.14470 123.23500 12.35070
C 92.64850 123.13800 13.84710
C 89.09260 123.56700 13.90180
C 90.34380 120.88500 13.73100
C 91.43730 125.95600 13.98840
C 93.79720 120.15100 13.79570
H 89.43430 125.54400 12.49620
H 93.12480 125.09000 12.35690
H 90.78950 122.71300 12.21870
H 88.50020 120.37400 12.17330
C 69.68810 132.63800 13.58720
C 70.92990 129.63300 13.65710
C 68.55240 127.38700 13.59740
C 71.95420 126.64800 13.73720
C 67.52730 130.30500 13.51150
H 71.38110 131.48200 12.09530
H 72.47380 128.47700 12.11010
H 66.84240 126.86000 11.85480
H 67.95400 132.12400 11.86350
H 69.10180 129.18900 11.96550
H 75.74930 127.93000 12.43400
H 79.26920 127.40700 12.22500
C 76.62350 131.34600 13.67980
C 77.69160 128.31900 13.97010
C 74.29930 129.02600 13.76010
C 73.13520 132.02200 13.76800
H 78.13760 130.23300 12.48510
H 74.62010 130.95200 12.11180
C 79.99010 130.81800 14.04960
H 84.88320 129.20900 12.39520
C 86.75730 129.64700 14.06080
C 84.64060 127.26200 13.96220
C 81.15430 127.78500 13.95460
C 85.65490 132.69400 14.05790
H 83.81920 132.11300 12.44760
H 81.59560 129.74700 12.44080
H 82.68450 126.73600 12.48670
C 83.41400 130.31700 14.08460
H 80.45790 132.64600 12.43500
C 93.71700 128.35900 14.06720
H 87.38970 131.56800 12.59430
C 89.15220 132.10200 14.22330
H 90.58920 130.84500 12.65060
C 92.45620 131.33700 14.25320
H 91.78150 127.91600 12.48930
C 87.83800 126.55400 14.12190
H 88.43700 128.48400 12.65080
C 90.31070 128.89400 14.24680
C 97.11370 4.61088 11.29360
C 95.79250 7.62319 11.00550
C 100.57300 3.89244 11.08840
C 99.41810 6.89627 11.03670
C 94.72170 2.57265 11.11660
C 98.23030 1.76046 11.17890
C 104.05000 3.62658 10.98010
C 102.85800 6.40392 10.94540
C 106.42300 5.78386 11.09280
C 107.46900 2.89985 11.06030
C 109.67300 5.10189 11.08250
C 112.01600 7.43115 10.97970
C 111.02800 2.21486 10.83620
C 113.15200 4.57214 10.91040
C 114.27500 132.83600 10.82300
C 115.38600 6.85106 10.98320
C 118.84400 6.22780 10.81880
C 116.54800 3.87613 10.83450
C 119.93800 3.28218 11.01030
C 94.76400 10.59730 10.86810
C 98.19300 9.87017 10.95930
C 97.03240 12.89510 10.84440
C 100.60000 12.25390 11.04030
C 101.75400 9.27941 10.97260
C 105.19800 8.68231 10.88230
C 103.98700 11.60160 10.93330
C 106.18500 13.96320 10.84100
C 107.40000 10.99480 10.92310
C 108.52500 8.03008 11.05190
C 114.37800 9.68756 10.93210
C 110.79900 10.28990 10.83310
C 109.63400 13.35580 10.77260
C 113.10900 12.65490 10.75600
C 117.65300 9.14872 10.86730
C 120.95600 8.57352 10.75200
C 116.61900 11.91530 10.76460
C 119.89200 11.45990 10.69020
C 95.99290 15.81680 10.94880
C 99.35360 15.12050 11.04650
C 98.26410 18.02390 11.12820
C 100.31100 20.38100 11.01370
C 94.79500 18.76220 11.00850
C 97.06820 21.07790 11.16920
C 102.85100 14.49820 10.93430
C 101.58900 17.32970 10.96880
C 105.02100 16.96720 10.83720
C 103.78500 19.77900 10.81870
C 107.35200 19.36260 10.70680
C 108.47700 16.17290 10.75380
C 111.94400 15.52940 10.83240
C 110.70000 18.33460 10.68870
C 114.21500 17.89630 10.73660
C 113.06100 20.78880 10.62310
C 118.73400 14.33450 10.62970
C 115.42600 14.94330 10.61250
C 116.61100 20.24850 10.55570
C 117.65600 17.36920 10.55380
C 121.04400 16.79520 10.61780
C 119.90600 19.60330 10.58790
C 94.88610 27.04240 10.95630
C 99.36840 23.26030 10.88070
C 95.94460 24.10920 10.87620
C 98.30330 26.26620 10.82450
C 101.72700 25.63950 10.78620
C 102.57000 22.73390 10.88320
C 106.10700 22.01720 10.85780
C 105.01100 24.84420 10.76070
C 107.30800 27.45540 10.59660
C 108.49100 24.33180 10.65130
C 109.57900 21.49330 10.69240
C 114.13100 26.17030 10.44630
C 111.85200 23.82070 10.49850
C 110.78700 26.77750 10.66910
C 115.30100 23.09830 10.57600
C 117.61200 25.35700 10.59150
C 120.95900 24.81860 10.48460
C 118.87300 22.48540 10.54920
C 100.69000 28.74900 10.64520
C 97.13950 29.25890 10.79780
C 96.08500 32.13910 10.86660
C 99.53510 31.66230 10.85120
C 106.26900 30.33110 10.64540
C 102.89500 31.07160 10.83610
C 105.05700 33.39010 10.81910
C 103.89600 27.98670 10.62310
C 101.75100 33.81870 10.93280
C 108.50200 32.62880 10.69320
C 111.95400 31.93900 10.61600
C 112.92100 29.08660 10.66450
C 109.60300 29.70430 10.77140
C 115.36500 31.49260 10.63530
C 121.02700 32.97160 10.52140
C 118.78800 30.71540 10.51890
C 119.77400 27.74260 10.47460
C 116.47400 28.42960 10.54100
C 117.75000 33.80800 10.64270
C 97.14470 4.78002 14.37320
C 95.92700 7.74853 14.24750
C 100.86100 3.97351 14.29640
C 99.42950 6.97052 14.15620
C 94.81400 2.48608 14.35090
C 98.30650 1.76655 14.11000
H 95.18090 4.30113 12.87720
H 97.45460 6.60816 12.64480
H 101.10000 5.83636 12.58130
H 98.80500 3.59446 12.87820
H 94.02610 7.22633 12.68040
C 104.09700 3.51559 14.20280
C 102.91900 6.46344 14.19700
C 106.22400 5.80553 14.27830
C 107.52100 2.78778 14.08900
H 106.59300 7.64089 12.66670
H 105.54900 2.36936 12.53070
H 104.45200 5.32078 12.56010
H 107.85300 4.63214 12.82230
H 102.28800 2.86140 12.57890
C 114.41600 132.71100 14.04780
C 110.96400 2.07367 14.15330
C 109.88400 5.06160 14.25690
C 113.28000 4.42599 14.16140
C 112.08500 7.53570 14.27540
H 110.17600 6.93626 12.66410
H 111.37500 3.94485 12.55930
H 113.59500 6.37543 12.61340
H 114.73800 3.30452 12.48050
H 109.15800 133.04300 12.43100
C 115.57500 6.78271 14.14860
C 116.56800 3.85170 14.16290
C 119.90700 3.39418 14.12100
C 118.93000 6.16144 14.00810
H 121.17300 2.29089 13.12010
H 120.37500 5.19783 12.41570
H 118.03400 2.78761 12.52590
H 116.99000 5.67278 12.46360
C 94.69810 10.65680 14.09730
C 98.19930 9.96381 14.04450
C 96.92350 12.78890 14.11510
C 100.44200 12.14120 14.07590
H 100.95400 14.03430 12.57800
H 98.56870 11.78280 12.45570
H 95.16110 12.45990 12.44040
H 96.25470 9.52815 12.52190
H 99.86480 8.84054 12.52370
C 101.76000 9.19514 14.16940
C 105.08200 8.82447 14.27230
C 104.01400 11.57840 14.22120
C 106.31800 13.94210 14.05860
C 107.40500 11.04800 14.06600
H 104.40900 13.42900 12.55060
H 105.53400 10.54640 12.52620
H 103.39700 8.20562 12.53020
H 102.18400 11.08270 12.64480
H 107.78300 12.82890 12.38470
C 108.53400 8.04184 14.17380
C 114.33900 9.83776 14.03940
C 110.88900 10.39190 14.07850
C 109.65700 13.28770 13.97960
C 113.13300 12.69780 13.91650
H 111.21400 12.21070 12.35250
H 108.99500 9.91520 12.53740
H 112.40700 9.26039 12.50890
H 114.71600 11.57860 12.31720
C 121.19500 8.09736 13.99520
C 117.78800 9.20765 14.09640
C 116.59000 12.04310 13.95000
C 120.08200 11.49910 13.99000
H 121.34600 10.38870 12.65150
H 116.90900 13.82510 12.27580
H 118.18000 10.98410 12.40890
H 120.37600 13.27140 12.13470
H 115.95400 8.63855 12.58820
H 119.19900 8.05769 12.42920
H 97.42670 14.66610 12.57800
C 94.61070 18.68040 14.25370
C 95.81720 15.74630 14.16090
C 99.30790 15.11250 14.17410
C 98.20590 18.08220 14.30920
C 100.59000 20.30250 14.28340
H 95.04960 20.56630 12.68420
H 99.83230 16.91280 12.74390
H 96.30750 17.59710 12.68560
H 98.66380 19.85770 12.75360
C 96.98620 21.07900 14.19970
H 94.03260 15.35090 12.41160
C 102.80100 14.50450 14.16690
C 101.73200 17.48220 14.24600
C 105.15300 16.92730 14.05770
C 103.94600 19.73810 14.00500
C 107.32900 19.20210 13.96820
H 105.52100 18.74660 12.29450
H 106.65700 15.77940 12.37740
H 103.22900 16.34480 12.56780
H 101.99400 19.23880 12.49150
H 107.80000 21.08010 12.46740
H 113.64200 14.47760 12.31680
C 108.52600 16.28290 13.99610
C 112.00400 15.75430 13.80620
C 110.63000 18.51340 13.91920
C 114.36600 17.91270 13.80810
H 108.80400 18.10220 12.27330
H 111.17300 20.27790 12.18890
H 112.34900 17.43860 12.38780
H 114.76000 19.81180 12.17960
H 109.99800 15.14790 12.38010
C 113.06900 20.82640 13.73660
C 118.87400 14.29590 13.76640
C 115.47300 14.99450 13.92730
C 120.98000 16.37870 13.91140
C 117.74700 17.29960 13.84310
C 116.63800 20.27960 13.80370
C 120.00400 19.57880 13.79900
H 121.24400 18.50100 12.54410
H 115.93000 16.76690 12.22770
H 118.07800 19.15270 12.19440
H 119.18900 16.19600 12.17520
C 94.85110 27.04770 14.11930
C 99.24120 23.38740 14.12000
C 95.97290 24.08210 14.07620
C 98.29870 26.40820 13.93440
H 100.86800 22.18690 12.65160
H 99.86590 25.14830 12.42610
H 97.41830 22.80360 12.43980
H 96.46860 25.90950 12.57360
H 94.11760 23.53030 12.48060
C 101.70300 25.74840 14.01260
C 102.80900 22.77290 14.14400
C 106.17400 22.09690 13.95470
C 105.13100 25.04920 13.92970
H 104.19400 21.64590 12.45380
H 106.66900 23.91540 12.34520
H 102.10200 27.53410 12.30020
H 103.17700 24.55230 12.46260
C 107.30800 27.27260 13.85340
H 105.45100 26.83000 12.17820
C 108.58000 24.42040 13.85430
C 109.78900 21.47950 13.89560
C 110.81300 26.80650 13.70470
C 112.00000 23.91700 13.83180
C 114.14600 26.07510 13.77870
H 113.38900 22.69430 12.15480
H 108.83600 26.24680 12.16930
H 110.15300 23.33630 12.27930
H 112.38000 25.63390 12.10430
C 115.37400 23.12780 13.65550
H 117.94900 27.23830 12.14380
H 119.17100 24.32090 12.19430
H 116.95500 22.09860 12.10670
H 121.16400 26.64190 12.38650
C 117.50200 25.39440 13.70980
C 121.04000 24.47390 13.84600
C 118.78600 22.43310 13.73810
H 115.65400 25.02360 12.06120
H 120.34600 21.42710 12.10420
C 96.12060 32.18830 14.03710
C 97.24280 29.18190 13.85440
C 99.56950 31.51950 14.08200
C 100.57800 28.62240 13.98740
H 101.08300 30.44700 12.42740
H 99.95180 33.44180 12.57370
H 96.50260 34.03630 12.47030
H 95.21960 28.84930 12.43890
H 98.87400 28.21150 12.21680
H 97.71970 31.14720 12.40690
H 94.19570 31.75710 12.46910
C 105.30300 33.32000 14.09900
C 106.17000 30.35630 13.94960
C 102.94100 31.02970 14.00160
C 101.83500 34.05120 14.13110
C 104.02600 27.95730 13.80390
H 106.65000 32.17820 12.31280
H 104.41000 29.83740 12.24580
H 103.35600 32.81450 12.60300
H 107.66500 29.20250 12.32820
C 108.50200 32.62120 13.92420
H 110.10400 31.57560 12.29900
C 113.17400 29.05270 13.86630
C 109.51500 29.75220 13.91500
H 114.61600 27.92500 12.14400
C 111.94900 32.06090 13.93610
H 112.26700 33.84270 12.24390
H 111.16200 28.58810 12.40570
H 113.45100 30.89430 12.27940
H 115.77000 33.18310 12.07270
H 116.95000 30.20690 12.17360
C 116.43900 28.36870 13.76490
H 120.32100 29.56600 12.00270
C 121.13100 32.54260 13.76030
H 119.19000 32.48320 12.22410
C 115.47000 31.34740 13.75780
C 117.59900 33.55300 13.83960
C 119.92800 27.70810 13.64930
C 118.89400 30.55710 13.73830
C 95.02470 35.06090 10.75810
C 97.30900 37.30530 10.84200
C 95.96690 40.38650 10.70700
C 100.67900 36.95350 10.78100
C 99.46080 39.66970 10.69340
C 98.38000 34.46770 10.91200
C 104.11700 36.30130 10.81910
C 102.94300 39.24580 10.76710
C 106.38800 38.69550 10.85350
C 107.38300 35.67780 10.77680
C 110.76800 35.05780 10.66880
C 109.71700 38.01350 10.75130
C 113.13400 37.26700 10.73060
C 112.04600 40.20080 10.75530
C 114.08100 34.43980 10.66450
C 115.48300 39.44570 10.74550
C 116.62500 36.62980 10.74500
C 119.97400 36.06580 10.68120
C 118.74400 38.84490 10.73510
C 94.74420 43.25860 10.63610
C 98.34760 42.60460 10.58900
C 100.53700 45.12590 10.56640
C 97.18650 45.55000 10.55190
C 101.74900 42.13630 10.65080
C 105.27300 41.65410 10.90730
C 103.91500 44.52790 10.66600
C 107.61100 43.94000 10.75380
C 106.20500 46.75670 10.62930
C 102.94400 47.40590 10.49830
C 108.62700 40.89590 10.80240
C 114.31900 42.55080 10.56310
C 110.94600 43.21730 10.71480
C 110.03500 46.15990 10.63990
C 113.11700 45.48440 10.69540
C 117.71900 41.87260 10.63520
C 120.97800 41.24460 10.78710
C 116.67100 44.70180 10.56410
C 119.94900 44.14120 10.56840
C 94.88390 51.46130 10.33590
C 96.05170 48.44770 10.41630
C 99.45890 47.78740 10.43490
C 98.22490 50.88350 10.32610
C 100.43200 53.33740 10.17410
C 97.10560 53.96070 10.27490
C 101.69300 50.23690 10.24790
C 105.12600 49.73720 10.39270
C 103.97400 52.56810 10.32010
C 107.47400 51.84810 10.64440
C 108.74700 49.16760 10.70230
C 112.16800 48.38910 10.68380
C 110.90000 51.31850 10.67000
C 114.28300 50.72510 10.55460
C 112.99400 53.59510 10.47550
C 118.88300 47.10880 10.34110
C 115.48800 47.78110 10.39890
C 117.78900 50.18960 10.36440
C 121.06600 49.39610 10.39200
C 116.58500 52.96170 10.44580
C 120.05900 52.44420 10.20420
C 94.78340 59.68480 10.09840
C 96.03660 56.76970 10.15210
C 99.31590 56.27540 10.25250
C 98.23290 59.16430 10.17780
C 101.76400 58.50300 10.03590
C 102.78000 55.49710 10.23250
C 106.30700 54.76490 10.38910
C 105.14400 57.60810 10.24740
C 107.52700 60.03010 9.96537
C 108.58300 57.01470 10.28490
C 109.75400 54.30120 10.55920
C 111.94200 56.53050 10.41220
C 114.29100 58.92810 10.27720
C 110.90900 59.51920 10.17430
C 115.34300 55.92950 10.36100
C 117.55500 58.30650 10.19920
C 120.94900 57.48760 9.89861
C 118.89000 55.25940 10.16730
H 121.25400 59.55510 11.40110
C 100.56200 61.40010 9.92842
C 97.17050 62.06890 10.07010
C 99.59760 64.42220 9.82149
C 95.88550 65.10190 9.77693
C 105.32600 66.03710 9.76383
C 106.41200 62.98890 9.77877
C 102.89200 63.74050 9.78469
C 103.99500 60.71420 9.94378
C 101.87200 66.72670 9.54306
C 112.09000 64.73650 9.87228
C 109.88900 62.35090 9.87900
C 113.25400 61.66770 10.14260
C 108.66500 65.44270 9.77146
H 112.37300 66.69070 11.42050
C 117.65700 66.35080 9.90380
C 115.43200 64.06550 10.01060
C 118.98400 63.43980 10.05990
C 116.61700 61.25540 10.08550
H 119.32900 65.40960 11.48260
C 120.07700 60.53730 10.24830
C 121.20300 65.80460 9.90431
H 115.79700 66.04990 11.54590
C 97.22670 37.41730 13.92240
C 96.02220 40.45970 13.81240
C 100.75000 36.97960 14.05730
C 99.34320 39.77610 13.88050
C 94.91550 35.24590 14.04240
C 98.35780 34.60600 14.08400
H 98.94810 36.33730 12.47280
H 101.10700 38.75000 12.34920
H 95.28960 36.98350 12.37150
H 97.65440 39.27170 12.30990
H 94.10460 39.89370 12.32020
C 104.04400 36.27210 14.06460
C 102.87800 39.38780 13.99440
C 106.37400 38.64880 14.10990
C 107.57100 35.65880 14.06190
H 105.64500 35.17000 12.47680
H 104.49500 38.14740 12.46270
H 102.21400 35.79270 12.42220
H 107.92100 37.49410 12.42760
H 106.89500 40.48060 12.59150
C 110.81100 34.97950 13.91230
C 109.79000 37.94440 14.02550
C 113.11500 37.23410 13.94130
C 112.11000 40.30910 13.97280
H 114.76600 36.20460 12.30190
C 114.26400 34.30120 13.74550
H 108.97900 34.49300 12.32540
H 113.60800 39.11440 12.37420
H 111.29900 36.87080 12.31010
H 110.23200 39.75970 12.41450
C 115.47600 39.66120 13.93810
C 116.56000 36.50700 14.03910
C 120.12100 35.88840 13.93560
C 118.93100 38.70490 13.87900
H 121.47300 34.73920 12.46170
H 118.12800 35.51280 12.36870
H 120.48900 37.75680 12.17150
H 116.96000 38.39320 12.44540
C 98.27220 42.71050 13.75930
C 100.48900 45.16940 13.78830
C 97.16900 45.60970 13.74000
C 94.92130 43.42550 13.84240
H 99.91840 41.59020 12.25800
H 101.06400 46.96940 12.13490
H 98.76450 44.48060 12.12200
H 96.40120 42.24640 12.16810
H 95.27570 45.14510 12.16210
C 101.64400 42.22090 13.90470
C 105.23000 41.60940 13.90770
C 103.91000 44.46370 13.83770
C 107.51400 43.85400 13.71810
C 106.35000 46.74640 13.65960
H 103.27700 41.10920 12.34390
H 102.03900 44.03340 12.25980
H 105.56100 43.46610 12.23330
H 107.99700 45.69510 12.08980
H 104.30700 46.36910 12.31610
C 108.81700 40.92490 14.10470
C 114.36800 42.57760 13.86160
C 111.03400 43.15700 13.94390
C 109.72400 46.05010 13.84270
C 113.38700 45.55250 13.84550
H 109.16900 42.70870 12.37820
H 112.55100 42.07980 12.26560
H 111.44100 45.00340 12.38960
H 114.77300 44.36920 12.14520
H 119.14100 40.66570 12.33390
C 120.94900 41.03620 14.01470
C 117.69800 41.90080 13.86500
C 116.61900 44.94360 13.74420
C 120.22100 44.23210 13.61280
H 121.25200 43.10000 12.55840
H 117.04800 46.66860 12.00850
H 115.89000 41.38980 12.21130
H 118.16200 43.69650 12.27120
H 120.46700 46.08640 11.93470
H 97.60560 47.42590 12.15280
C 95.95730 48.57220 13.67300
C 99.48100 48.13510 13.64740
C 98.23260 51.00380 13.49850
C 100.58200 53.34940 13.45240
C 94.84380 51.57300 13.56130
H 95.32350 53.31960 11.91020
H 96.39110 50.35640 12.00290
H 98.69710 52.84240 11.86500
H 99.81060 49.82630 11.83490
C 97.10950 53.87260 13.47290
H 94.15550 48.07040 12.01010
C 102.83100 47.63840 13.78470
C 101.66000 50.48950 13.46220
C 105.10200 49.73940 13.59640
C 103.76300 52.67120 13.46850
C 107.25600 51.99600 13.72940
H 101.99700 52.24120 11.75900
H 105.45900 51.59140 12.04090
H 103.23800 49.32050 11.95650
H 106.63800 48.59230 11.99770
H 107.83400 53.81130 12.11450
H 113.81000 47.34680 12.20620
C 108.49300 49.15480 13.69040
C 112.16400 48.33270 13.80180
C 111.05900 51.42610 13.90180
C 114.45500 50.78130 13.68730
H 111.33600 53.22520 12.19760
H 109.07900 50.89600 12.41040
H 110.26000 47.93890 12.29450
H 112.49900 50.26240 12.26280
H 114.69100 52.64260 12.05670
C 113.22500 53.69450 13.72870
C 118.98800 47.04700 13.58080
C 115.70700 47.81200 13.71180
C 121.13500 49.20390 13.56500
C 117.78300 50.23400 13.59250
C 116.67500 53.05570 13.54690
C 120.33100 52.37850 13.39710
H 121.39900 51.33570 12.14150
H 119.23200 48.95350 11.99070
H 115.95900 49.63520 12.02570
H 118.29300 51.98610 11.94320
C 95.98590 56.90890 13.45560
C 99.36620 56.34610 13.36230
C 98.35310 59.22830 13.28520
C 94.89780 59.77390 13.33100
H 97.46380 55.75540 11.89790
H 100.88200 55.18060 11.83110
H 99.95190 58.13990 11.71970
H 96.41230 58.69250 11.73270
H 94.22890 56.31120 11.74530
C 102.76000 55.66560 13.43380
C 106.10100 54.88280 13.54080
C 101.74100 58.71200 13.36960
C 105.09600 57.92550 13.30670
H 104.33000 54.50330 11.86570
H 106.78500 56.67680 11.93890
C 107.43400 60.31970 13.14780
H 103.16800 57.45390 11.78410
H 105.57600 59.69610 11.52850
H 102.09800 60.40150 11.56860
C 111.99700 56.68960 13.58410
C 114.21200 59.06980 13.50300
C 110.77200 59.60620 13.41730
C 109.70300 54.33820 13.73060
C 108.55600 57.35920 13.54550
H 110.13500 56.14990 12.08560
H 113.50100 55.50210 11.99910
H 112.43300 58.50810 11.89510
H 108.99700 59.02560 11.70730
C 115.45100 56.02770 13.52940
C 119.01200 55.35060 13.34060
C 121.07200 57.79090 13.32190
C 117.81800 58.38860 13.43110
H 119.19700 57.19190 11.70790
H 120.50000 54.28380 11.74030
H 115.82600 57.83510 11.95560
H 117.00300 54.89920 11.87580
H 118.09800 60.16120 11.79400
C 99.35670 64.47920 12.81030
C 100.69000 61.59500 13.25210
C 96.16620 65.14810 12.95480
C 97.11160 62.16490 13.08230
H 98.83970 61.04170 11.70580
H 95.17270 61.60660 11.62880
H 94.15400 64.60240 11.55390
H 97.50250 63.90090 11.22470
H 101.07400 63.27130 11.47370
H 96.43510 66.93580 11.35560
H 99.98920 66.27120 11.11810
C 106.40200 63.19920 13.01610
C 104.00100 60.91400 13.11270
C 105.19100 66.04530 12.87190
C 102.96600 63.80880 12.94440
C 101.83100 66.70680 12.79120
H 103.31700 65.52980 11.20470
H 107.98600 61.99140 11.43070
H 106.82400 64.92590 11.29540
H 104.53100 62.64520 11.42610
C 108.61200 65.48860 12.99560
C 111.93000 64.94200 13.07360
C 109.70800 62.63240 13.17730
C 113.17000 61.97640 13.28620
H 110.15700 64.32740 11.39950
H 111.27300 61.40430 11.73940
H 114.83900 60.83200 11.79530
H 113.56900 63.73040 11.57810
C 119.01100 63.63730 13.20690
C 117.79100 66.71920 12.96140
C 121.06400 65.67230 13.23350
C 116.68400 61.45660 13.39140
C 115.46700 64.31090 13.18470
C 120.01100 60.76250 13.29300
H 117.09800 63.14360 11.66230
H 120.53000 62.53900 11.71350
C 97.09040 70.30600 9.63726
C 95.80890 73.27070 9.68660
C 100.61900 69.54490 9.76197
C 99.34570 72.49610 9.79887
C 94.80590 68.04400 9.77141
C 98.27370 67.32590 9.63719
H 97.38250 72.12850 11.23040
H 94.14150 72.79460 11.42940
H 101.03200 71.41860 11.31300
C 104.29500 68.95310 9.63792
C 102.87400 71.86730 9.69638
C 106.48800 71.05510 9.55338
C 107.50000 68.24540 9.85567
H 106.75100 73.11510 11.01870
H 104.58300 70.85200 11.19070
H 107.99500 70.25120 11.22180
C 114.21100 67.07060 9.83707
C 110.93900 67.75750 9.67297
C 109.75500 70.70200 9.59381
C 113.18400 70.07080 9.50821
C 111.89800 73.15900 9.43963
H 113.54300 72.06090 10.99810
H 114.61900 69.01230 11.31630
H 111.38400 69.64010 11.18850
H 110.23000 72.60330 11.18920
C 115.37100 72.40810 9.40684
C 116.53200 69.46380 9.69917
C 120.07400 68.70760 9.70600
C 118.86200 71.61750 9.55719
H 118.17500 68.33130 11.30530
H 116.88300 71.29290 11.07960
H 120.49600 70.66120 11.07210
C 94.83910 76.17380 9.75228
C 98.23300 75.49590 9.80303
C 97.13400 78.48710 9.59548
C 100.57800 77.83540 9.63139
H 95.30900 78.04230 11.28220
H 98.69050 77.35900 11.25150
H 101.12700 79.60080 11.31110
H 96.32800 75.09560 11.36990
H 99.77840 74.32840 11.45470
C 101.65200 74.87460 9.80764
C 105.01100 74.15710 9.54548
C 103.87100 77.26860 9.48522
C 107.45600 76.57490 9.33090
C 106.10600 79.53670 9.45566
H 102.10500 76.63080 11.08690
H 104.31300 79.12790 11.13310
H 105.54600 76.12240 11.01610
H 107.90600 78.42000 10.87520
H 103.28300 73.67840 11.35110
C 108.66000 73.56390 9.48640
C 114.29800 75.44770 9.41597
C 110.80900 75.90670 9.36547
C 109.74400 78.93390 9.21909
C 113.21800 78.35000 9.33664
H 111.26000 77.83280 10.83600
H 114.80800 77.23910 10.95140
H 112.40600 74.94710 11.02040
H 109.00500 75.50900 11.03010
C 117.79600 74.77340 9.44724
C 121.05200 74.02770 9.50676
C 116.83400 77.68050 9.44349
C 120.08800 76.99220 9.48467
H 117.21400 79.50380 10.76760
H 119.23200 73.54010 11.09970
H 115.95400 74.33370 10.92190
H 118.27100 76.53370 11.12980
H 120.61900 78.71330 10.93040
H 97.48420 80.35290 11.22760
C 94.90550 84.36360 9.49142
C 96.00720 81.55430 9.52684
C 99.52850 80.78490 9.77214
C 100.50100 86.14950 9.53812
C 98.34240 83.67890 9.64788
H 98.71780 85.63740 11.18800
H 95.32620 86.24770 11.11580
H 94.18520 80.98150 11.13970
H 99.93950 82.66050 11.33260
H 96.40680 83.40510 11.14710
C 97.19490 86.79930 9.59802
C 102.73400 80.25670 9.49512
C 101.64800 83.17020 9.52654
C 107.44600 84.66550 9.34850
C 104.99400 82.46920 9.46199
C 104.01400 85.58100 9.40118
H 105.53700 84.37230 10.97740
H 107.81600 86.63910 10.86230
H 106.68700 81.36310 11.06190
H 103.20700 82.02270 11.12310
H 102.19000 85.03320 11.03060
C 108.44600 81.83160 9.40105
C 111.90900 81.33510 9.36498
C 110.74900 84.05620 9.36124
C 114.18700 83.47770 9.40803
H 113.54800 80.17630 10.86350
H 108.92800 83.66040 11.06890
H 112.37300 83.08680 11.06630
C 113.12700 86.45660 9.46834
H 114.72200 85.30680 10.97910
H 110.07100 80.72780 10.94470
H 111.14300 85.96330 10.88830
C 115.50700 80.58210 9.31121
C 119.21400 79.99180 9.37751
C 116.66300 85.62790 9.46931
C 117.92800 82.83420 9.56827
C 121.68000 82.60830 9.94426
C 120.13100 85.13700 9.71602
H 115.87700 82.38800 10.91150
H 119.60300 81.69810 11.01420
H 94.30940 89.25550 11.02910
C 96.18360 89.67540 9.49388
C 94.91210 92.67340 9.61907
C 99.54160 89.13690 9.66988
C 98.45700 91.95700 9.69035
H 101.05400 87.89300 11.20930
H 99.96550 90.90650 11.36840
H 96.52940 91.48600 11.15620
H 97.68510 88.62340 11.23260
C 105.05600 90.81140 9.62264
C 102.80000 88.55400 9.57879
C 101.74100 91.49230 9.66924
C 106.28600 87.92170 9.36708
C 107.38100 93.11900 9.56024
H 104.45000 87.42560 11.02740
H 103.26400 90.32530 11.27290
H 105.59200 92.61470 11.21470
H 106.76100 89.63610 11.10140
H 102.14800 93.34250 11.22300
C 109.74500 87.18780 9.31136
C 110.87600 92.36850 9.42385
C 112.06800 89.29470 9.42291
C 108.55600 90.16960 9.48245
C 114.31500 91.64310 9.39982
H 113.45700 88.24720 11.17710
H 110.13900 88.95750 10.99030
H 108.99000 92.00560 11.12590
C 118.79900 88.05820 9.41777
C 120.83100 90.45130 9.28189
C 115.45700 88.58320 9.67908
C 117.54700 91.08210 9.38690
H 116.89200 87.52310 10.94450
H 118.04000 92.97190 10.79230
H 119.08900 89.93190 11.01650
H 94.27630 97.40610 11.29810
C 97.16840 94.91550 9.74004
C 96.12140 97.90550 9.73187
C 100.60400 94.48860 9.60396
C 99.36470 97.43410 9.71331
H 100.92900 96.27230 11.28150
H 98.83530 93.80610 11.28960
H 95.29040 94.44500 11.19170
H 99.78350 99.23230 11.38670
H 97.63800 96.78000 11.36400
H 96.49760 99.73940 11.35180
C 105.19200 99.01560 9.67321
C 106.23200 96.07190 9.69694
C 102.91400 96.66740 9.81366
C 101.78100 99.59600 9.87493
C 104.01900 93.82090 9.68374
H 104.48700 95.55740 11.40320
H 106.66300 97.84900 11.31030
H 103.43600 98.51700 11.42410
H 107.83800 94.93070 11.23670
C 113.08500 94.65520 9.35982
C 108.47000 98.27410 9.62407
C 109.59700 95.44120 9.57360
C 111.89700 97.73410 9.47341
H 111.25600 94.27870 11.01890
H 114.66800 93.54450 10.89550
H 110.17000 97.23660 11.22670
H 120.32600 95.33390 10.74120
C 116.46000 94.04070 9.18721
C 118.84100 96.43140 9.14436
C 117.51400 99.46220 9.31597
C 120.89500 98.82510 9.22627
C 119.83900 93.54570 9.16022
C 115.35000 97.07410 9.24606
H 119.11100 98.21980 10.83000
H 116.93800 95.87850 10.73440
H 115.73500 98.87090 10.97930
C 97.20430 70.23470 12.90610
C 96.02000 73.24510 13.00630
C 100.72500 69.59650 12.71040
C 99.32900 72.64050 12.80390
C 94.93130 68.07850 12.95980
C 98.42740 67.27970 12.82530
H 98.64370 69.20540 11.24450
H 95.27730 69.87420 11.31860
C 103.97400 69.20420 12.92460
C 103.01600 71.99770 12.82280
C 106.38700 71.41490 12.76610
C 107.54600 68.49480 12.89410
H 102.40900 68.52980 11.20120
H 105.60400 67.93680 11.48100
C 110.92300 67.99370 13.00160
C 109.84300 70.80910 12.82920
C 113.17200 70.39340 12.78680
C 112.09000 73.18980 12.74800
C 114.20500 67.27130 13.03750
H 109.19700 67.31280 11.41740
C 115.42800 72.53210 12.58450
C 116.63800 69.45540 12.75740
C 120.23400 68.78930 12.76810
C 118.86600 71.62850 12.61020
H 121.41800 67.66330 11.66840
C 98.22240 75.57500 12.96560
C 97.13710 78.57010 12.89470
C 100.64300 77.69050 12.80940
C 94.85490 76.27790 12.97010
C 101.73900 74.90070 12.88590
C 105.29700 74.28170 12.73070
C 103.95400 77.20040 12.64340
C 106.34600 79.45390 12.54270
C 107.45200 76.70500 12.61800
C 108.53300 73.70880 12.65550
C 114.37600 75.45740 12.55910
C 110.85300 76.01250 12.60160
C 109.73400 78.78680 12.49320
C 113.11100 78.28380 12.43220
C 121.13300 73.72990 12.75120
C 117.72300 74.71600 12.68290
C 116.68200 77.78320 12.51700
C 120.22500 76.89260 12.64470
C 119.01500 79.77280 12.45480
H 121.39000 75.76580 11.33650
C 94.80020 84.47920 12.75810
C 95.98300 81.59460 12.76430
C 99.41330 80.67360 12.80130
C 98.26540 83.81990 12.80620
C 100.64700 86.00060 12.74610
C 97.14890 86.81090 12.76490
C 102.92000 80.30540 12.86150
C 101.74200 83.21500 12.75840
C 105.12500 82.54720 12.66420
C 103.98600 85.51300 12.63590
C 107.35800 84.85910 12.58000
C 108.60400 81.76990 12.66510
C 111.93300 81.10280 12.54130
C 110.78000 84.12520 12.62980
C 114.33200 83.47020 12.55930
C 113.05700 86.50470 12.45940
C 115.52400 80.51330 12.40800
C 121.17500 81.75890 12.98880
C 117.80600 82.74600 12.50120
C 116.48500 85.77010 12.64200
C 120.00500 85.30520 12.83640
H 121.26800 84.18640 11.99820
H 118.16300 84.66740 11.20420
C 94.93780 92.53670 12.74370
C 99.52520 88.96040 12.86430
C 95.99780 89.72670 12.78640
C 98.30880 92.00850 12.86590
C 101.81900 91.51780 12.90960
C 102.98900 88.37810 12.74470
C 106.35500 87.65580 12.58670
C 105.22900 90.69110 12.79550
C 107.47500 92.96570 12.78910
C 108.62500 90.03010 12.68400
C 109.63800 87.03290 12.55800
C 111.89900 89.50990 12.64520
C 114.17400 91.81320 12.61400
C 110.94600 92.44000 12.65080
H 112.42400 91.26180 10.95270
C 115.48600 88.90490 12.52320
C 117.69900 91.27350 12.58770
C 120.95200 90.31060 12.63300
H 121.14100 92.36990 11.07190
H 120.35900 86.98650 10.97420
C 118.71300 88.03270 12.54580
H 115.80100 90.61390 11.14660
C 99.44080 97.32940 12.96150
C 100.66400 94.40340 12.90790
C 97.15490 94.80920 12.84240
C 96.05530 97.91210 12.94290
C 102.80800 96.65030 12.89300
C 105.30100 99.13060 12.93240
C 106.39200 95.98570 12.94150
C 104.03500 93.63830 12.87560
C 101.72200 99.61730 12.92780
H 113.55100 96.58170 10.91250
H 112.39400 99.53350 11.12460
C 108.62300 98.38270 12.77870
C 112.17600 97.66650 12.70160
C 109.77800 95.34060 12.77260
C 113.18700 94.71870 12.56650
C 117.66500 99.27640 12.55100
C 116.56300 94.11100 12.45900
C 119.98000 93.41480 12.31400
C 120.93700 98.40250 12.54140
C 118.85800 96.27570 12.37130
C 115.51100 96.94340 12.50210
C 99.45000 105.58500 9.84602
C 95.94980 106.21100 9.84486
C 97.17910 103.19200 9.87695
C 94.89090 100.92900 9.90359
C 100.59300 102.60900 9.84672
C 98.30320 100.32100 9.72088
H 95.41780 102.71400 11.61470
H 94.11080 105.59000 11.46380
H 98.71420 102.10500 11.43990
C 102.95200 105.00300 9.69338
C 106.34100 104.36400 9.74104
C 107.45700 101.33300 9.56875
C 104.01400 102.07200 9.63749
H 105.59400 100.87400 11.16730
H 102.29900 101.50700 11.35230
C 110.90500 100.70100 9.45369
C 109.79900 103.59200 9.59204
C 112.20300 106.00900 9.70199
C 113.11200 103.12200 9.54800
C 114.15000 99.99500 9.38739
C 115.37500 105.37100 9.61449
C 116.57000 102.26300 9.38098
C 118.81200 104.76400 9.49904
C 119.76200 101.85700 9.37361
H 120.40600 103.56200 10.94810
H 117.99600 101.17100 11.00350
H 116.93500 104.10800 11.03370
C 98.19990 108.43000 9.90533
C 94.83220 109.12500 10.07740
C 97.14710 111.51500 10.02640
C 100.35800 110.74000 9.80267
C 101.69200 107.95800 9.81053
C 106.33900 112.45700 9.82939
C 104.01800 110.23000 9.83945
C 105.20500 107.31800 9.76371
C 107.48400 109.40300 9.86084
C 108.66400 106.56900 9.79291
C 110.99200 108.88400 9.83212
C 109.82200 111.80900 9.95172
C 114.38000 108.31600 9.85825
C 113.26000 111.21300 9.91185
C 116.55900 110.47500 10.04480
C 117.71500 107.64500 9.80823
C 120.11200 109.82700 10.04310
C 121.07600 106.95300 10.03810
H 119.09600 106.37200 11.35910
C 94.90090 117.29200 10.38200
C 96.09570 114.32300 10.18990
C 100.52900 119.22600 10.17720
C 98.32220 116.86600 10.11360
C 99.32430 113.86400 9.94131
C 97.05430 119.75800 10.41530
C 102.74500 113.06000 9.96326
C 101.71600 116.07300 9.95050
C 103.94000 118.34600 10.00050
C 105.19900 115.36600 9.94704
C 107.49700 117.68900 10.04320
C 108.72900 114.73400 10.00570
C 111.02900 117.15000 9.92946
C 114.46500 116.44300 9.98579
C 112.17600 114.11600 9.89647
C 113.28500 119.45200 9.93641
C 118.86000 112.65800 10.04720
C 115.53100 113.44000 10.07180
C 116.61800 118.71600 9.96220
C 121.00100 115.22100 9.85943
C 120.03900 118.17800 9.86968
C 117.79000 115.77700 10.05170
C 94.81950 125.71700 10.66730
C 98.15320 124.93800 10.56050
C 96.00570 122.63900 10.49610
C 99.41520 122.10200 10.41480
C 101.73900 124.39500 10.54820
C 105.17300 123.47800 10.35920
C 106.49700 120.71800 10.08810
C 102.89100 121.31000 10.33460
C 107.39000 126.07100 10.30170
C 109.77800 120.18100 9.99923
C 108.63700 123.12600 10.17090
C 110.92200 125.54100 10.28660
C 114.49400 124.77900 10.08630
C 112.06700 122.55400 10.06020
C 118.86600 120.94900 9.89183
C 121.08900 123.12600 9.94456
C 117.77600 123.99500 10.07420
C 115.54300 121.71000 10.06400
H 121.29300 125.12700 11.47140
C 97.04260 128.00800 10.73720
C 95.86230 130.89300 10.97790
C 100.52400 127.32900 10.66140
C 99.41240 130.21300 10.87920
C 101.78600 132.37100 10.94720
C 105.18300 131.90900 10.79140
C 104.06200 126.61400 10.52710
C 106.28200 129.02800 10.60300
C 102.83700 129.46300 10.79460
C 109.67900 128.54900 10.53070
C 113.28200 127.73700 10.32750
C 112.08000 130.70900 10.60460
C 108.49400 131.36800 10.71250
C 121.58100 132.07200 11.00190
C 116.83600 127.08900 10.21400
C 117.78800 132.29300 10.79210
C 119.13800 129.33200 10.35530
C 115.68700 129.97500 10.47410
C 120.10800 126.24600 10.25230
C 97.30190 103.33400 13.10480
C 95.97220 106.03800 13.09420
C 100.67300 102.50300 12.95970
C 99.51310 105.50500 12.91650
C 94.98580 100.80500 13.08550
C 98.23680 100.29000 13.07040
H 97.54550 105.10700 11.41920
H 101.13800 104.39200 11.31840
C 104.22900 101.98200 12.93860
C 102.92100 104.92300 12.98500
C 106.36700 104.21400 12.89020
C 107.45600 101.29200 12.73340
H 107.93200 103.17900 11.25100
H 106.77100 106.16700 11.35310
H 104.43600 103.85200 11.32260
C 110.87300 100.66400 12.75660
C 109.89900 103.54500 12.82750
C 113.23200 102.79300 12.74870
C 112.11700 105.88100 12.91240
C 114.30100 99.98680 12.63110
H 109.03700 100.16100 11.04600
H 111.36900 102.46700 11.12760
H 110.29300 105.41700 11.25870
H 114.67400 101.79300 10.94010
H 113.67400 104.75700 11.30790
C 115.55400 105.12000 12.83830
C 116.48200 102.26600 12.59370
C 120.07400 101.48700 12.38720
C 118.82000 104.30200 12.64810
H 121.15200 100.52900 11.14660
C 98.29280 108.34400 13.15140
C 100.54600 110.80000 13.05210
C 97.23370 111.33900 13.30180
C 94.97700 109.16900 13.25910
H 100.85500 112.63000 11.41320
H 98.64330 110.25200 11.55550
H 96.42320 107.93400 11.58840
H 95.38180 110.97100 11.62980
H 99.84810 107.41100 11.43190
C 101.80600 107.86400 12.94370
C 105.21500 107.19700 12.98090
C 103.91100 110.11100 13.00060
C 107.50100 109.35900 13.00610
C 106.33600 112.27200 13.11140
H 104.49400 112.01700 11.48440
H 107.88400 111.28300 11.39520
H 103.35900 106.80300 11.32690
H 102.02700 109.77500 11.34310
H 105.56000 109.09800 11.45130
C 108.67200 106.39200 12.90640
C 114.37700 108.09600 13.04260
C 111.01600 108.75800 13.02980
C 109.77300 111.71800 13.00110
C 113.10900 111.18200 13.17750
H 112.56900 107.70600 11.39300
H 114.68600 110.06600 11.60010
H 111.43000 110.66200 11.46770
H 109.17000 108.35600 11.43110
C 120.96800 106.74700 12.96310
C 117.67500 107.48800 13.06030
C 116.61200 110.29400 13.17540
C 120.03300 109.72700 13.23220
H 118.17000 109.33000 11.53100
H 120.51300 111.65000 11.59460
H 121.21800 108.58800 12.03930
C 119.00400 112.68600 13.21900
H 117.03400 112.24800 11.68230
H 115.88700 107.05100 11.36110
C 96.11100 114.18600 13.31790
C 99.52870 113.76300 13.23830
C 98.39480 116.62800 13.37560
C 100.70600 118.95200 13.43740
C 95.01360 117.06400 13.55350
C 97.26510 119.54800 13.58950
H 95.28310 119.12700 12.12250
H 96.53680 116.16700 11.76120
H 99.85980 115.66200 11.58870
H 98.75660 118.57300 11.85580
H 94.15430 113.85300 11.73810
H 97.70550 113.20900 11.74430
C 102.76500 113.00000 12.99760
C 101.76100 116.07900 13.17160
C 105.20400 115.25700 13.18470
C 104.03600 118.28400 13.21690
C 107.50900 117.57200 13.15690
H 105.57100 117.21000 11.59610
H 102.10000 117.95400 11.59300
H 106.78700 114.22900 11.57490
H 103.30400 114.97200 11.53530
H 108.02600 119.50400 11.66240
H 113.60400 113.01500 11.58020
C 108.69500 114.68700 13.14960
C 112.12800 114.16000 13.23810
C 111.06400 117.08900 13.17530
C 114.33300 116.41800 13.22200
C 113.22600 119.35200 13.24870
H 112.53000 115.95400 11.53400
H 110.39200 113.62500 11.54770
H 114.74900 118.22400 11.60090
H 109.20600 116.59600 11.58950
H 111.37900 118.95900 11.54550
C 115.42600 113.31900 13.23510
C 121.12500 114.91000 13.33900
C 117.84300 115.72500 13.16520
C 116.66800 118.59000 13.16860
C 120.19300 117.96900 12.96630
H 121.33100 116.92300 11.74990
H 119.33700 114.52700 11.62280
H 118.17500 117.57800 11.50060
H 115.89800 115.24100 11.67500
H 94.16080 122.05100 12.16990
C 94.93560 125.60000 13.95190
C 96.06880 122.57600 13.75340
C 99.47160 121.97500 13.63780
C 98.28870 124.89500 13.77330
H 99.80240 123.85900 12.10450
H 100.94700 120.93500 11.95930
H 96.36470 124.48800 12.19320
H 97.59300 121.53100 12.04290
C 101.75800 124.18100 13.68210
C 103.05900 121.18900 13.36500
C 106.35500 120.47500 13.30520
C 105.35600 123.42300 13.56070
C 107.53200 125.80100 13.59170
H 106.89500 122.43600 11.89250
H 103.34800 123.09500 12.05780
H 104.59600 120.13000 11.62700
H 102.15800 126.05300 12.06210
H 105.68300 125.31500 11.91640
C 108.75300 122.97300 13.41710
C 110.99400 125.09800 13.29230
C 114.42100 124.63900 13.35470
C 109.92200 120.04500 13.24080
C 112.10200 122.28900 13.26530
H 108.98500 124.85200 11.79190
H 112.61300 124.19800 11.64730
H 110.21000 121.93100 11.68440
H 113.60100 121.22000 11.63020
C 115.53700 121.63100 13.21710
C 119.06100 120.79800 13.16520
C 121.20300 123.11000 13.16870
C 117.85800 123.83400 13.29160
H 115.94000 123.49500 11.70640
H 119.27500 122.71200 11.59180
H 118.16400 125.72600 11.74560
H 117.09700 120.49000 11.61150
H 120.50200 119.88700 11.38040
H 94.02550 130.32000 12.62470
C 95.96770 130.76200 14.16790
C 97.18650 127.84800 13.95440
C 100.58700 127.05900 13.79800
C 99.42910 130.08400 14.06840
H 97.55090 129.75300 12.48100
H 99.97960 131.96000 12.53100
H 96.23260 132.66000 12.59790
H 95.27300 127.46000 12.36000
H 98.65060 126.78400 12.21780
H 101.03900 129.02300 12.43650
H 104.53600 128.36000 12.33420
H 103.39700 131.26400 12.44980
H 107.81100 127.75000 12.08940
C 101.91300 132.27000 14.11680
C 102.96800 129.32500 13.99980
C 104.15800 126.32600 13.62500
C 106.49000 128.83200 13.89700
C 105.21900 131.86400 14.08010
H 106.69600 130.77500 12.34030
C 113.29600 127.49600 13.34200
C 112.06600 130.20000 13.68920
C 108.72400 131.07500 13.80230
C 109.80600 128.07800 13.53400
H 112.47800 132.30000 12.50080
H 113.72300 129.52500 11.94390
H 110.17100 130.04400 12.05050
H 111.35400 127.16100 11.83590
H 114.98000 126.46500 11.78350
C 117.89100 131.96400 13.74580
C 119.07200 129.17300 13.53430
H 115.88200 131.70200 12.31640
C 115.56800 129.66300 13.63470
C 119.94800 126.29000 13.38870
C 121.33700 131.14500 13.86810
H 120.58700 128.11400 11.91570
C 116.77900 126.91800 13.43840
H 117.18500 128.84800 11.90560
H 119.53800 131.13800 12.04460
C 125.21300 3.04360 10.15180
C 128.57300 3.71730 10.06130
C 126.38500 6.01465 10.27140
H 123.86600 1.85346 11.57090
C 122.56800 5.27866 11.33060
H 124.88000 4.84772 11.98630
C 129.80400 6.59560 10.20010
C 134.49000 2.13350 10.00520
C 132.20900 4.35872 10.02820
C 135.49500 5.08783 9.96135
C 133.17600 7.30449 10.08070
C 131.07500 132.68900 10.07530
H 134.03000 3.95885 11.61720
H 130.56000 3.23099 11.52980
H 131.72100 6.14966 11.72580
H 135.09200 6.86660 11.64760
C 137.83000 2.72575 9.84418
C 138.87100 5.73455 9.85617
C 141.21900 3.40786 9.67901
C 142.49400 6.31621 9.89658
H 139.76400 2.25534 11.30130
H 136.40300 132.88900 11.55510
H 137.46000 4.54522 11.49760
H 140.81300 5.20606 11.33020
H 138.55000 7.56139 11.57080
H 143.00400 2.83725 11.30010
C 146.89400 133.15600 9.65389
C 144.65400 3.97236 9.87416
C 145.75900 6.95089 9.91171
C 148.09300 4.64962 9.81115
C 149.08700 7.64028 9.85351
H 149.80700 4.20899 11.09070
H 146.51900 3.53219 11.42150
H 147.57000 6.44787 11.50190
H 144.30100 5.77636 11.57110
C 124.09900 8.02592 10.38620
C 127.55100 9.00663 10.19460
C 125.27200 11.27480 10.42130
C 128.76100 11.86790 10.12680
C 126.33500 14.27230 10.19280
C 122.57100 13.48470 11.04500
C 130.92300 9.53452 10.15780
C 134.30800 10.21580 10.06080
C 131.96900 12.54140 10.02950
C 135.55100 13.25680 10.07900
C 136.57600 7.89945 10.04350
C 139.07500 13.97850 10.16370
C 137.81700 10.99220 10.05630
C 140.08000 8.67399 9.97931
C 141.32300 11.68680 10.12960
H 141.97700 8.13097 11.53730
H 143.08800 11.05990 11.75260
H 139.73200 10.50140 11.66590
H 140.86000 13.43520 11.83110
H 137.46800 12.76990 11.69450
H 136.21000 9.82897 11.65980
C 143.51900 9.31474 9.95821
C 146.85100 10.00170 9.95015
C 144.52400 12.32010 10.12950
C 147.88600 13.00270 10.05470
H 148.68800 9.36422 11.59240
H 149.95000 12.29670 11.39110
H 146.30900 11.74400 11.65870
H 145.37800 8.79620 11.56910
H 144.03600 14.07010 11.83830
C 127.59800 17.26440 10.18350
C 124.22500 16.42490 10.27410
C 125.20600 19.60850 10.33080
C 128.63900 20.16300 10.09780
C 129.81000 14.82650 10.14460
C 133.09000 15.51830 9.98452
C 131.04500 17.85550 10.10890
C 134.40600 18.45360 10.05550
C 132.11300 20.78470 10.14760
C 142.24300 14.67640 10.21450
C 136.74400 16.13200 10.23790
C 137.72600 19.25720 10.22710
C 140.07100 17.09030 10.19410
C 141.37700 19.98830 10.27200
H 141.86800 16.41590 11.87470
H 147.73500 14.71920 11.35800
C 143.42600 17.51280 10.26040
C 145.59200 15.12660 10.22700
C 149.37800 15.89680 9.89041
C 146.83300 18.14170 10.20380
C 144.61900 20.45200 10.34080
C 147.98300 21.06770 10.30920
H 146.45400 19.90320 11.91270
H 148.83700 17.62200 11.60720
H 145.32100 16.95060 11.82020
H 149.92800 20.50250 11.79510
C 126.25400 22.49550 10.32770
C 124.24400 24.64120 10.27530
C 127.59700 25.49790 10.17280
C 122.58900 21.57100 11.12140
C 133.21000 23.84640 10.09250
C 129.73100 23.05500 10.10940
C 130.92600 26.26710 10.21450
C 134.25800 26.88020 10.12110
C 135.42100 21.44750 9.99164
C 136.79000 24.35130 10.22750
C 140.09400 25.02480 10.46360
C 139.00400 22.22780 10.35590
C 142.41900 22.87310 10.40520
C 137.82700 27.37320 10.33380
C 149.03800 24.03410 10.30550
C 145.73600 23.35680 10.33390
C 143.45600 25.80770 10.31830
C 147.06900 26.34710 10.43550
C 126.38300 30.63220 10.56060
C 128.62000 28.49190 10.42840
C 122.65500 29.58920 11.18840
C 125.17200 27.77480 10.40060
C 124.13900 32.62670 10.02560
C 127.55900 33.40300 10.31200
C 129.87300 31.24690 10.50080
C 133.15100 32.01810 10.40110
C 132.06200 29.08640 10.42720
C 135.45700 29.70230 10.25900
C 136.64100 32.54000 10.28250
C 138.88100 30.23610 10.37060
C 141.33300 28.00660 10.34650
C 140.14100 33.17030 10.22290
C 142.53400 30.88430 10.33140
C 143.72000 33.70210 10.25580
C 149.39400 32.18100 10.24160
C 148.30200 29.20710 10.35660
C 144.77400 28.61640 10.52170
C 145.94900 31.34330 10.34190
C 125.39200 3.11953 13.41450
C 128.84000 3.56512 13.31660
C 126.46300 6.07844 13.52260
C 122.70100 5.28267 13.16450
H 122.52400 7.56411 12.31530
H 128.26000 5.46781 11.83080
H 127.18300 2.57279 11.72680
C 129.89300 6.59305 13.38610
C 134.66700 2.04658 13.20270
C 132.17900 4.16571 13.21150
C 135.67200 4.96780 13.17560
C 133.24900 7.26421 13.33130
C 131.08300 132.65400 13.15730
C 138.05200 2.70455 13.06700
C 139.06600 5.66038 13.06960
C 141.21900 3.32452 12.93390
C 142.30300 6.17494 13.05110
C 144.62100 3.78106 13.00880
C 145.80600 6.93877 13.19610
C 148.13700 4.53526 12.94760
C 149.18200 7.46303 13.09290
C 147.04100 132.86800 12.84220
C 124.38200 8.61636 13.61810
C 127.70900 9.06622 13.51850
C 128.73600 11.92240 13.39700
C 125.51100 11.54380 13.46060
C 122.68300 13.43010 12.98080
H 128.30800 13.74810 11.70420
H 127.26700 10.82880 11.85580
H 124.88200 13.28370 11.85130
H 124.08900 10.26520 11.64530
H 126.12000 7.87496 11.93070
C 131.02200 9.62477 13.41620
C 134.40800 10.30340 13.29730
C 132.13800 12.52750 13.29310
C 135.46600 13.20210 13.14440
H 129.41300 8.47629 11.80960
H 130.55200 11.39140 11.75960
H 131.74500 14.37280 11.69720
H 133.91400 12.05220 11.55000
H 132.82800 9.10118 11.78180
C 136.70900 8.00402 13.25030
C 137.84000 10.86320 13.26380
C 138.94200 13.82840 13.41300
C 140.13700 8.61521 13.22070
C 141.25200 11.53190 13.39640
C 142.29500 14.59530 13.50010
C 143.51900 9.09975 13.22180
C 146.86400 9.89174 13.23300
C 144.53900 12.19170 13.39640
C 148.09200 12.83550 12.98670
C 126.52700 14.33920 13.42400
C 127.74100 17.34650 13.40650
C 124.43300 16.80800 13.58140
C 125.53400 19.67510 13.56780
C 128.74900 20.13590 13.40940
H 122.70200 15.74890 12.14920
H 126.12000 16.17330 11.87210
H 127.19600 19.07780 11.79440
H 124.08800 18.54330 11.70150
C 129.89600 14.87350 13.29430
C 133.21300 15.56210 13.34700
C 131.09600 17.84730 13.30340
C 134.35100 18.46620 13.33890
H 130.50700 19.70020 11.70740
H 129.48400 16.73910 11.74980
H 134.01600 20.32400 11.65410
H 132.84700 17.35410 11.68250
C 132.11800 20.84430 13.25650
H 134.96700 15.06280 11.58540
H 136.18100 17.97280 11.80020
C 136.58700 16.10910 13.27380
C 137.74700 19.15710 13.28800
C 139.98900 16.99820 13.45270
C 141.23800 19.88100 13.48000
H 137.29600 20.94370 11.60010
H 138.64800 15.75370 11.86740
H 139.72900 18.80170 11.73190
H 143.12300 19.27770 11.97290
C 143.46200 17.39560 13.50920
C 145.89300 15.18370 13.09050
C 149.18300 15.69590 13.12080
C 146.99700 18.22560 13.23440
C 144.67600 20.44830 13.61820
C 148.15300 20.93530 13.45260
C 122.62900 21.52440 13.03440
C 126.54400 22.60740 13.48940
C 124.33500 24.85630 13.58180
C 127.77000 25.57640 13.38240
H 128.26200 21.99710 11.78130
H 122.64700 23.86270 12.05520
H 127.21500 27.33040 11.80730
H 124.87200 21.46010 12.07670
H 126.13800 24.45340 11.89330
H 124.00100 26.70280 11.76230
C 135.51400 21.39210 13.27830
C 133.26600 23.78510 13.30890
C 130.94900 26.04460 13.36880
C 129.82800 23.12180 13.34950
C 134.35400 26.71640 13.46200
H 131.65600 22.69610 11.69040
H 132.80700 25.67660 11.78320
H 129.47300 24.93580 11.67250
H 135.09400 23.25340 11.69550
H 136.06500 26.22800 11.66430
C 140.11300 25.11900 13.59460
C 142.35500 22.85800 13.62180
C 136.37600 24.48260 13.41980
C 138.73900 22.15360 13.34780
C 137.66200 27.31030 13.34650
H 139.72300 26.96600 11.92670
H 138.45600 23.95060 12.07940
H 140.89100 21.75430 11.95320
H 142.03300 24.71700 12.03620
H 143.12800 27.58030 12.02790
C 143.65600 25.73000 13.58770
C 146.99300 26.16500 13.51670
C 145.92700 23.40470 13.47930
C 149.34400 23.85180 13.59750
H 144.21400 22.23000 12.04040
H 148.95800 25.79900 12.02820
H 145.33100 25.25230 11.82750
H 147.61300 22.89060 11.95500
H 125.81300 32.62930 11.93630
C 123.78000 33.62380 13.05590
C 122.55600 29.74490 12.92350
C 127.57400 33.81230 13.27170
H 128.30000 30.29730 12.14040
C 128.57900 28.65920 13.46540
C 125.48400 27.89400 13.56610
C 126.38500 31.10250 13.52140
H 124.90300 29.58900 12.15460
H 122.52100 31.95090 11.78990
H 130.49900 27.97150 11.97450
H 129.54400 33.25280 11.87650
C 133.32400 32.08440 13.57350
H 132.79700 33.88460 11.94690
H 135.10500 31.54550 11.90560
H 133.96200 28.61570 11.95620
C 129.83400 31.50130 13.64460
C 132.12800 28.94330 13.61810
C 135.42600 29.72290 13.57190
H 131.76200 30.89120 12.15170
H 137.22400 29.20640 11.94550
C 140.17300 33.19210 13.43070
C 142.32300 30.86910 13.51280
H 140.84000 29.82730 11.85400
H 142.02200 32.72850 11.83070
C 141.19800 28.06530 13.55860
H 138.53100 32.12870 11.90610
C 138.94500 30.27400 13.42460
C 136.67600 32.54800 13.53200
H 147.81900 31.07360 11.88660
H 144.29800 30.48670 12.04860
C 148.27500 29.30550 13.62950
C 143.69300 33.79890 13.34430
C 145.97500 31.53110 13.52490
C 149.38000 32.26540 13.43920
C 144.78900 28.58330 13.56750
H 148.94000 34.07640 11.76610
H 145.63200 33.33910 11.80490
H 150.15600 28.74680 12.00720
H 146.76400 28.18840 12.04280
C 125.38600 36.20350 10.07140
C 128.87700 36.60990 10.26350
C 126.55100 38.94200 10.32360
H 124.06800 35.06330 10.90980
C 122.71500 38.09560 11.21200
H 124.99200 37.89370 11.88160
C 131.00900 34.43620 10.28700
C 129.99800 39.51610 10.36840
C 134.37900 34.96550 10.40050
C 132.22800 37.30070 10.35840
C 135.64500 37.73380 10.44460
C 133.44600 40.04310 10.30660
C 137.86000 35.45960 10.26180
C 139.13000 38.47610 10.13970
C 141.38100 36.02120 10.11250
C 142.63700 39.08900 10.04980
C 144.85800 36.74450 10.10150
C 145.92900 39.70590 10.03150
C 148.20600 37.33200 10.14090
C 149.41300 40.36900 10.00410
C 147.09700 34.49450 10.14780
C 124.20900 41.00950 10.46650
C 127.74300 41.91900 10.35890
C 125.29100 43.95490 10.58370
C 128.88200 44.75770 10.28560
C 122.76700 46.17370 11.00700
H 124.19700 43.08780 11.90740
C 131.24600 42.45590 10.37150
C 134.59300 43.02000 10.17860
C 132.28600 45.33770 10.23020
C 135.79900 45.96260 10.21400
C 136.86300 40.74110 10.23830
C 138.06000 43.64900 10.27930
C 140.18600 41.47490 10.14140
C 141.43000 44.29070 10.06500
C 139.12900 46.42160 10.10980
C 142.70700 47.11200 10.20520
C 143.66900 41.91940 10.09320
C 147.12900 42.63440 10.11840
C 145.01900 45.00400 10.10240
C 148.33900 45.55650 10.11750
C 126.50600 46.88210 10.24710
C 124.37700 48.99360 9.91369
C 127.85900 50.02820 10.13040
C 125.40000 52.25300 10.03990
C 128.90200 52.93710 10.00810
C 130.08400 47.63950 10.21470
C 133.61400 48.24300 10.11560
C 131.21700 50.65370 10.01750
C 134.65100 51.31250 10.10400
C 132.47600 53.54990 10.15280
C 136.85100 48.91620 10.10290
C 138.11800 51.78580 9.93167
C 140.48000 49.41050 10.06140
C 141.66700 52.41320 9.90078
C 143.83800 50.17400 10.05650
C 146.14400 47.86550 10.01300
C 149.35900 48.51380 9.96858
C 147.13800 50.94420 9.89326
C 144.96000 53.23090 9.90153
C 148.21800 53.87690 9.81275
H 150.16200 53.33780 11.21330
C 122.82700 54.34980 10.78850
C 126.73000 55.17520 10.09300
C 124.35900 57.42840 10.14230
C 127.97400 58.12780 9.92541
C 133.56500 56.40720 10.06710
C 135.75700 54.06920 10.11080
C 130.25100 55.89180 10.10930
C 134.70800 59.38280 9.90316
C 131.27200 58.76700 10.00950
C 140.35500 57.78570 9.69541
C 139.35400 54.69420 9.77841
C 136.88100 56.98180 9.95114
C 142.61600 55.45570 9.75800
C 138.03100 60.09560 9.72517
H 136.66500 58.96930 11.44460
H 142.21400 57.38490 11.29410
H 139.91000 59.63600 11.29690
C 149.32900 56.70850 9.55591
C 146.07700 56.03890 9.74242
C 147.17400 59.08460 9.50357
C 143.77500 58.37000 9.60102
H 143.43700 60.28910 11.20200
H 149.17000 58.72010 10.99670
H 145.66000 58.06020 11.13880
H 147.94100 55.74380 11.41730
C 125.59100 60.47650 9.93644
C 128.98900 61.16890 9.73534
C 126.56900 63.22490 9.80369
C 124.35900 65.33270 9.73293
C 122.80300 62.55720 10.71940
C 127.84800 66.33980 9.63996
H 126.33800 65.26710 11.26930
H 128.54500 63.01450 11.35070
H 122.73500 64.88380 11.60690
H 125.09900 62.35600 11.49780
C 133.54500 64.72340 9.71796
C 130.13500 64.05850 9.75751
C 132.48500 61.80760 9.87746
C 135.76500 62.48530 9.70553
H 129.69200 65.95680 11.24230
H 135.35300 64.28860 11.37770
H 131.99000 63.67880 11.42020
H 133.04200 66.63820 11.24530
H 130.80000 60.69300 11.38620
H 134.39900 61.31680 11.47020
C 141.45700 60.65870 9.67362
C 140.35800 65.94490 9.49318
C 139.22000 62.88350 9.66063
C 136.89400 65.18630 9.63028
C 142.63200 63.70310 9.45572
H 141.20200 62.61900 11.19830
H 138.85500 64.85870 11.18050
H 142.23400 65.56730 11.09800
H 137.66400 61.94880 11.31150
H 146.78800 60.99030 11.05910
C 143.61700 66.60940 9.28531
C 148.31500 62.11830 9.43845
C 146.10900 64.23870 9.39791
C 144.85500 61.25600 9.49020
H 147.94000 63.92420 11.10440
H 150.24600 61.65420 10.89770
H 149.12300 66.85700 10.76630
H 144.45300 63.21990 10.96510
H 145.54700 66.20430 10.77950
C 149.49000 64.91680 9.38277
C 125.44900 36.05730 13.07580
C 128.68700 36.51820 13.39360
C 126.54500 38.90600 13.51430
C 122.80500 38.05950 13.12060
H 122.69100 40.35470 12.38260
H 127.35300 35.53110 11.50260
H 128.44300 38.47510 11.91590
C 129.97600 39.56690 13.53850
C 134.45700 34.89530 13.52040
C 132.15100 37.27830 13.65260
C 135.83900 37.74270 13.45140
C 133.48400 40.21190 13.49260
C 130.96000 34.32140 13.54540
H 131.85400 39.08960 11.98340
H 133.98800 36.78700 12.07100
H 135.34500 39.60070 11.87320
H 130.69500 36.21990 11.95890
H 136.30000 34.43210 11.88870
C 137.91700 35.39400 13.41950
C 139.28800 38.46270 13.38040
C 141.44200 36.20150 13.28530
C 142.51400 39.03800 13.30950
H 138.81000 40.29300 11.80570
H 139.79600 35.02690 11.77530
H 137.69300 37.34360 11.85130
H 141.05900 37.96930 11.58990
H 143.26500 35.65620 11.70700
C 144.78200 36.75270 13.40460
C 146.07000 39.60510 13.28420
C 148.31400 37.36790 13.28280
C 149.38600 40.36770 13.29330
C 147.13900 34.44550 13.43240
H 144.38500 38.57360 11.70400
H 147.88500 39.23680 11.61440
H 146.64100 36.28410 11.81500
H 150.12100 36.93150 11.68800
C 122.70300 46.18980 12.86340
C 124.52800 41.28940 13.70370
C 127.76200 41.92460 13.55790
C 128.91200 44.90150 13.55130
C 125.60500 44.35210 13.63430
H 128.48000 46.63920 11.83800
H 125.03800 46.04950 11.97830
H 127.38000 43.74900 11.97740
H 126.24100 40.79020 11.91850
C 131.26900 42.46780 13.45440
C 134.66400 43.05330 13.46430
C 132.46000 45.37830 13.41460
C 135.75200 45.95080 13.46240
H 129.62600 41.39870 11.92140
H 133.18500 41.97000 11.85790
H 130.72400 44.35880 11.92670
H 134.22700 44.88080 11.80400
C 136.99700 40.71250 13.40430
C 138.07700 43.67350 13.41840
C 140.30200 41.43020 13.41180
C 141.60600 44.42210 13.28100
C 139.29600 46.68110 13.37000
H 141.03700 46.17010 11.67670
H 136.46000 42.53050 11.80850
H 142.07200 40.88970 11.72650
H 139.91800 43.27580 11.81690
H 137.61600 45.50760 11.87390
H 143.29700 43.91010 11.54730
C 143.62500 42.11870 13.23910
C 147.20600 42.58040 13.35480
C 144.81500 45.00980 13.23420
C 148.39900 45.57210 13.33970
H 145.57000 41.50250 11.75260
H 146.82200 44.44990 11.75100
H 144.66200 46.83340 11.71090
H 150.25300 45.10600 11.71030
H 147.90900 47.42430 11.73450
H 149.03300 42.20620 11.71310
C 126.60000 47.20650 13.39790
C 127.84900 50.07920 13.17120
C 124.52700 49.67870 13.24770
C 125.48800 52.43980 13.13780
C 128.94700 52.95030 13.21730
H 122.86500 48.49690 11.85530
H 127.37600 51.91530 11.56600
H 126.24000 48.92130 11.63170
H 124.20900 51.22410 11.17170
C 130.09300 47.72570 13.38010
C 133.55200 48.33660 13.34940
C 131.32500 50.76800 13.29780
C 134.66700 51.14270 13.33640
H 130.78700 52.52610 11.58150
H 134.31800 53.10970 11.88980
H 129.74800 49.58710 11.75800
H 131.96900 47.22550 11.80170
H 135.43800 47.78680 11.84320
H 133.09300 50.14520 11.61890
C 132.29000 53.58700 13.28150
C 142.71300 47.44060 13.18590
C 137.08300 48.96920 13.33300
C 138.22300 51.93670 13.12050
C 140.34500 49.64170 13.19090
C 141.55200 52.59050 13.09210
H 136.56700 50.80060 11.67060
H 140.04200 51.41740 11.46740
H 138.81700 48.43610 11.63970
H 142.31700 49.09350 11.74550
H 137.81300 53.72080 11.45320
H 143.47200 52.07940 11.57410
C 143.95400 50.28580 13.21910
C 146.07900 48.02640 13.36120
C 149.57600 48.63580 13.12940
C 147.24300 50.98660 13.11410
C 144.96600 53.37060 13.14630
H 145.73900 49.75540 11.56370
H 149.01700 50.44170 11.41920
H 146.75100 52.80110 11.55060
C 148.45700 53.99920 12.95460
C 122.80400 54.37140 12.56960
C 126.68400 55.23190 13.21290
C 124.47600 57.29450 13.28260
C 127.76800 58.33510 13.18280
H 124.22900 59.38280 11.93200
H 125.09100 54.15200 11.66020
H 122.59900 56.68340 11.66290
H 126.37100 57.08790 11.58090
H 128.62200 54.80330 11.67480
H 127.50500 60.02130 11.41560
C 136.11600 54.14520 13.25790
C 130.07200 55.95920 13.36310
C 133.61200 56.55770 13.33580
C 131.33200 58.94060 13.17110
C 134.90500 59.52500 13.13540
H 133.22100 58.37370 11.61420
H 131.98600 55.44660 11.75540
H 129.70700 57.74150 11.70540
H 135.43200 56.00950 11.71420
C 138.21100 60.25340 13.01110
C 140.38300 57.89700 12.90990
C 142.64000 55.66760 12.96780
C 139.31500 54.90340 13.01620
C 137.23300 57.15240 13.06570
H 141.15700 54.38810 11.42430
H 138.91000 56.63820 11.33320
C 149.62500 56.96010 12.76000
C 147.32500 59.16920 12.63900
C 146.13200 56.30980 12.89680
C 143.84400 58.50340 12.79750
H 144.49800 55.11130 11.39980
C 124.56500 65.86450 12.93940
C 122.83100 62.60710 12.56140
C 127.83500 66.43250 12.84220
C 125.62400 60.44340 13.09460
C 126.63800 63.46920 12.93550
C 128.98300 61.23660 12.99780
C 132.43700 61.81880 12.97300
C 133.54300 64.87520 12.95850
C 135.94300 62.53190 13.02460
C 130.04800 64.18620 12.94880
C 140.37000 66.14370 12.67710
C 142.76800 63.78390 12.72080
C 139.35600 63.07700 12.78230
C 137.05400 65.41920 12.84180
C 141.55200 60.87220 12.76670
C 145.95800 64.48550 12.54000
C 145.03100 61.51970 12.71450
C 148.42500 62.25960 12.56930
C 149.65000 65.11560 12.48190
C 143.78700 66.69920 12.57540
C 125.38800 68.46950 9.63729
C 128.84500 69.21990 9.63103
C 126.67800 71.39890 9.54900
C 122.80300 70.79670 10.06090
H 124.18600 67.55230 11.06530
H 122.76100 72.96360 11.00910
H 125.09700 70.51000 11.11060
H 128.48400 71.09510 11.23980
H 127.33300 68.16340 11.26880
C 131.23800 66.98470 9.60716
C 129.96000 72.11600 9.55532
C 134.67800 67.55470 9.62022
C 132.37500 69.94130 9.50540
C 135.77200 70.57520 9.37835
C 133.47400 72.90370 9.45460
H 131.91300 71.77730 11.02640
H 135.38400 72.43180 11.00530
H 134.30500 69.53220 11.11010
H 130.75200 68.89470 11.08060
C 138.09400 68.15650 9.35585
C 139.19500 71.20120 9.22331
C 141.48200 68.83270 9.35119
C 142.62500 71.72180 9.17306
H 141.05200 70.76430 10.88630
H 138.81100 73.15120 10.67410
H 136.58900 67.17620 11.12890
H 137.72700 70.12460 10.87130
H 139.92200 67.81530 11.05740
H 143.42100 68.52140 10.84510
C 147.21200 67.26320 9.21613
C 144.78900 69.53760 9.07224
C 146.16700 72.53600 9.05099
C 148.32800 70.11260 9.09909
C 149.50800 73.17300 9.01195
H 144.58200 71.48410 10.65140
H 148.03700 72.03950 10.67170
H 150.27100 69.74760 10.63840
H 146.65400 69.14930 10.70120
H 126.41000 73.36450 11.05130
C 124.59700 73.71980 9.34204
C 128.01000 74.42900 9.49212
C 125.55400 76.69140 9.39468
C 128.94000 77.49750 9.34614
C 122.89700 78.77080 10.08380
H 124.26700 75.69830 10.68480
H 127.47000 76.30720 10.98140
H 128.62500 79.33260 10.90300
H 125.13300 78.55770 10.98220
C 126.60900 79.58270 9.36473
C 131.15700 75.13170 9.46612
C 134.50400 75.70760 9.30735
C 132.36700 77.99250 9.36109
C 135.84200 78.67900 9.25333
H 133.02300 74.70360 11.10080
H 129.72700 74.02330 11.16670
H 130.76900 77.00230 11.02030
H 134.23200 77.62260 10.83690
H 131.96300 79.98180 10.81780
C 136.80900 73.47760 9.26831
H 136.42100 75.39510 10.85260
C 139.21400 79.48190 9.41134
C 138.02100 76.53220 9.25517
C 140.39700 74.13140 8.96960
C 141.59300 77.27850 9.01942
H 142.19200 73.68260 10.71110
H 137.59300 78.36290 10.99480
H 140.05700 76.02570 10.44160
H 141.26300 79.01700 10.81770
C 142.58300 80.12710 8.97207
H 143.47300 76.69010 10.57200
C 143.81500 74.66250 9.13312
C 147.25700 75.56300 8.85115
C 144.95100 77.73050 8.88846
C 148.45100 78.38730 8.88564
H 146.81100 77.37810 10.51630
H 150.18600 77.99770 10.59900
H 149.09300 75.07830 10.48920
H 144.54100 79.74400 10.35110
H 145.85700 74.45160 10.55990
H 147.90200 80.32530 10.25650
C 127.68600 82.74050 9.16288
C 124.36500 81.41750 9.38401
C 125.25200 84.85650 9.22643
C 128.79900 85.67550 9.26248
H 123.97600 83.70200 10.63100
H 127.22800 84.56830 10.79700
H 126.32200 81.59320 10.87030
H 122.85800 80.91270 11.32620
C 130.09000 80.50600 9.22963
C 133.44900 81.08920 9.06542
C 131.12900 83.48400 9.16609
C 134.54000 83.99890 9.00053
H 134.07900 85.88940 10.61860
H 135.23400 80.58240 10.71310
H 133.02600 82.91100 10.68600
H 129.60000 82.38810 10.74240
H 130.75800 85.29620 10.81200
C 132.11000 86.47390 9.14865
H 136.27700 83.59940 10.69270
C 136.84100 81.74170 9.17487
C 138.01400 84.81880 9.22766
C 140.30000 82.53140 8.99424
C 141.43400 85.53070 8.94300
H 142.20100 82.02600 10.53710
H 137.52900 86.59190 10.51410
H 138.87300 81.34510 10.66600
H 140.05500 84.34790 10.70930
H 143.31700 84.97760 10.55810
C 143.71600 83.13080 8.93640
C 146.02200 80.80350 8.70481
C 149.38600 81.43440 8.56282
C 147.14300 83.71880 8.62321
C 144.88300 85.96120 8.85172
H 150.13200 86.22650 10.13820
H 146.86000 85.56440 10.27160
H 145.70000 82.66550 10.35810
H 149.08400 83.26610 10.11200
C 148.28200 86.71540 8.55887
C 122.60900 87.19980 9.98992
C 126.41800 87.77500 9.30774
C 124.20000 89.95750 9.11088
C 127.57900 90.87650 9.13815
H 128.42500 87.55200 10.82530
H 124.09100 92.17900 10.37070
H 127.23900 92.77830 10.72310
H 126.15700 89.80980 10.75350
H 124.92100 86.80290 10.98060
H 122.41100 89.52120 10.78090
C 135.61700 86.93910 8.96144
C 129.83100 88.67550 9.18138
C 134.45300 92.41770 8.99114
C 131.01100 91.55230 9.23710
C 133.25300 89.24780 9.11755
H 131.72300 88.26430 10.78810
H 133.00200 91.20920 10.66840
H 135.21800 88.83890 10.58240
H 129.41400 90.49280 10.78550
H 136.38100 91.76720 10.48480
C 136.75600 89.89410 8.93190
C 137.87100 92.84180 8.87464
C 140.23900 90.75570 9.02117
C 142.60900 88.38300 8.86997
C 139.22300 87.67830 8.99524
H 142.27900 90.26490 10.42910
H 141.11200 87.35360 10.60960
H 139.86600 92.45830 10.32450
H 138.65600 89.49140 10.54110
H 143.31400 93.17890 10.26930
C 143.73700 91.32210 8.66768
C 146.00000 88.98780 8.72461
C 149.39700 89.71500 8.64530
C 147.01800 92.02700 8.66375
H 149.00500 91.51800 10.18280
H 145.58600 90.80820 10.31600
H 144.51100 87.90030 10.40820
H 147.91200 88.50610 10.30910
C 122.64400 95.43710 9.83722
C 125.24900 93.22640 9.24709
C 127.58300 99.22880 9.27965
C 128.80600 93.89350 9.18374
C 126.39300 96.18010 9.21553
C 124.28400 98.37700 9.01820
H 128.34500 95.73040 10.71880
H 126.03900 98.05170 10.80380
H 124.92400 95.12380 10.92810
H 122.55700 97.71020 10.73790
H 129.51300 98.64990 10.76430
C 132.11200 94.64950 9.23353
C 133.46700 97.66280 9.17198
C 135.62500 95.20580 8.90874
C 129.85900 96.92600 9.06471
H 135.46400 97.07060 10.58610
H 134.15800 94.23250 10.66160
H 130.59500 93.38840 10.89920
H 133.07300 99.40360 10.57810
H 131.77800 96.39470 10.60270
C 138.98200 95.82490 8.89091
C 140.17500 98.89920 9.01563
C 141.40200 93.67190 8.76821
C 142.61400 96.66930 8.83886
H 140.96700 95.43820 10.37410
H 142.04800 98.40860 10.56350
H 137.50700 94.70190 10.52370
H 138.63800 97.68200 10.55680
C 136.82100 98.25820 8.92862
C 148.26600 94.93120 8.90971
C 144.81000 94.46920 8.71101
H 150.22200 94.45970 10.39870
C 143.53000 99.64200 8.99186
C 146.01600 97.30500 9.07644
H 146.62600 93.78970 10.35840
C 149.42300 97.85980 9.11263
H 147.90900 96.66520 10.70510
H 145.45900 99.02540 10.46910
H 144.29400 96.07280 10.48190
H 148.98400 99.63410 10.87450
C 125.57200 68.93550 12.84170
C 128.91400 69.21280 12.73110
C 126.65000 71.57080 12.76270
C 122.81000 70.60260 11.90120
C 131.18600 67.16600 12.80870
C 130.11600 72.23660 12.70970
C 134.75100 67.71660 12.72420
C 132.37700 70.00910 12.62070
C 135.96600 70.61680 12.61130
C 133.53100 72.81400 12.59940
C 138.12100 68.40210 12.64930
C 139.27200 71.36250 12.43800
C 141.59300 68.94950 12.49220
C 142.73600 71.83780 12.29290
C 144.93500 69.73510 12.39520
C 146.18300 72.62320 12.23210
C 148.35900 70.05510 12.23630
C 149.41600 73.33510 12.28610
C 147.20700 67.24210 12.28830
C 122.86900 78.50360 11.84250
C 124.47200 73.92920 12.52000
C 127.83800 74.51530 12.67260
C 128.92900 77.50850 12.59170
C 125.64100 76.79160 12.55150
C 126.67800 79.73500 12.45810
C 131.23300 75.23850 12.69080
C 134.70700 75.87110 12.51860
C 132.42700 78.21780 12.45150
C 135.73600 78.79730 12.45730
C 137.05800 73.65710 12.43840
C 138.23700 76.59450 12.19410
C 139.39000 79.52460 12.37220
C 140.37000 74.29470 12.26800
C 141.55900 77.25700 12.18540
C 143.86000 75.10830 12.05520
C 147.32800 75.64050 12.19160
C 144.95700 78.00010 12.06590
C 148.23500 78.62470 12.07150
C 127.75100 82.88180 12.43980
C 124.52100 81.96950 12.62570
C 125.36100 85.10510 12.43150
C 128.84500 85.63910 12.36640
C 130.15200 80.63540 12.40740
C 133.49400 81.12370 12.41340
C 131.23900 83.36840 12.33830
C 134.49100 84.09960 12.33550
C 132.41400 86.46430 12.34600
C 142.89500 80.27650 12.16100
C 136.92900 81.66190 12.22120
C 138.07700 84.69020 12.12160
C 140.42600 82.42700 12.27940
C 141.54300 85.53240 12.23510
C 143.87900 83.19070 12.03960
C 146.11400 80.86840 11.93150
C 149.48200 81.38280 11.72890
C 147.35700 83.70290 11.85330
C 145.07100 86.00700 11.94190
C 148.38000 86.70180 11.89540
C 126.57300 88.04110 12.44760
C 124.19200 90.36210 12.24280
C 127.60700 91.03040 12.38640
C 122.65100 87.26400 11.85410
C 135.69200 86.97930 12.14580
C 129.90700 88.73460 12.45770
C 133.44200 89.34990 12.24470
C 131.15100 91.57890 12.34960
C 134.66700 92.41020 12.21150
C 139.15500 87.64120 12.10490
C 140.38100 90.63370 11.92230
C 136.84300 89.95090 12.15600
C 142.76300 88.49960 12.09790
C 138.08300 92.84870 12.03570
C 143.80900 91.44780 11.96530
C 146.13500 89.02780 11.97520
C 149.56700 89.67450 11.77640
C 147.21900 91.94880 11.90620
C 126.55000 96.18420 12.42630
C 128.74400 93.86410 12.39190
C 125.41900 93.28820 12.33860
C 124.21800 98.57050 12.39460
C 122.61200 95.36700 11.69030
C 127.64700 99.08060 12.43280
C 133.52800 97.43120 12.05840
C 130.00300 96.73290 12.31030
C 135.79900 95.24980 12.22940
C 132.26800 94.58160 12.28180
C 136.91900 98.16490 12.28280
C 141.49400 93.50400 11.89290
C 139.16200 95.78850 12.03490
C 140.16300 98.83770 12.18760
C 142.42500 96.60760 12.07360
C 148.29000 94.59770 12.04320
C 149.55700 97.75720 12.32640
C 145.93000 97.10510 12.07110
C 144.76000 94.24550 12.02470
C 143.69900 99.32820 12.19790
C 125.30800 101.45700 9.45187
C 128.68900 102.17300 9.30311
C 126.45400 104.35900 9.40809
C 122.74600 103.72800 10.14110
H 124.09100 100.42900 10.58990
H 128.31500 103.94300 11.04950
H 127.26900 100.98300 10.99840
H 125.00000 103.37000 11.11590
H 122.81200 105.88600 11.38130
C 131.07100 99.85680 9.16207
C 134.63900 100.54200 9.06884
C 132.19500 102.75600 9.25596
C 135.57700 103.66600 9.12942
C 133.31400 105.82600 9.45574
C 129.83200 105.00500 9.35774
H 135.24900 105.29200 10.95890
H 130.57800 101.63900 10.80790
H 134.14100 102.35000 10.75630
H 131.74700 104.57100 10.95670
H 136.49700 100.02400 10.67010
C 137.91900 101.25400 9.04486
C 139.08400 104.24100 9.17765
C 141.27400 101.84800 9.15681
C 142.46300 104.81400 9.25593
H 139.76000 100.69200 10.68050
H 138.60400 105.98800 10.79390
H 137.46600 103.06900 10.66130
H 140.89100 103.68300 10.80210
H 143.10300 101.29800 10.75960
C 147.22500 100.20300 9.14889
C 144.72300 102.51300 9.27080
C 145.80500 105.32200 9.29969
C 148.09400 103.25900 9.19780
C 149.41400 106.14700 9.10972
H 147.85900 104.95600 10.64070
H 146.60600 101.95300 10.79440
H 144.20300 104.25100 10.92120
H 150.10400 102.58800 10.64710
C 124.23800 106.57700 9.40651
C 127.61600 107.48000 9.41193
C 125.39700 109.82900 9.70595
C 128.82400 110.43000 9.61512
C 122.79300 111.82800 10.56600
H 124.16200 108.66700 11.00000
H 128.46100 112.19800 11.32040
H 126.16900 106.26600 10.98170
H 127.34400 109.20500 11.18050
H 125.11800 111.63200 11.48630
C 126.51400 112.62800 9.76283
C 131.10900 108.02600 9.52170
C 134.45600 108.72700 9.53682
C 132.22000 110.87300 9.51966
C 135.72700 111.54700 9.55543
H 132.94100 107.58500 11.18000
H 134.09300 110.54400 11.15730
H 129.48100 106.84600 10.96590
H 130.70500 109.85200 11.18770
H 131.88100 112.81800 11.08420
H 136.35800 108.19100 11.08780
H 142.17000 106.55100 11.06130
C 136.67200 106.45800 9.28868
C 140.36300 107.07600 9.38869
C 138.04900 109.32900 9.60783
C 141.50200 110.03300 9.42225
C 139.23000 112.23100 9.50949
H 137.62400 111.22600 11.15480
H 141.10400 111.81100 11.10400
H 140.04900 108.89500 11.06470
H 143.26200 109.47000 11.09660
C 143.59900 107.71900 9.38193
C 147.13000 108.33300 9.25644
C 144.71300 110.57400 9.39098
C 148.21500 111.40500 9.32324
H 144.46300 112.48600 11.02060
H 146.62800 110.09900 10.85150
H 150.16500 110.79800 10.87300
H 145.54900 107.19400 10.86190
H 148.97200 107.86400 10.87790
H 147.84300 113.09600 10.69050
C 124.40800 114.65200 9.79722
C 127.73100 115.82100 9.76065
C 125.57000 117.87400 9.91781
C 128.87400 118.66800 9.79556
H 124.31600 116.86900 11.07430
H 126.37100 114.53600 11.36270
H 127.45500 117.55200 11.53620
H 122.57800 114.12300 11.48990
C 129.97000 113.30500 9.60768
C 133.43500 113.97200 9.53880
C 131.13000 116.22600 9.62039
C 134.76300 116.77300 9.65462
H 130.84100 118.07600 11.27530
H 134.33100 118.64900 11.24860
H 129.58300 115.15600 11.27750
H 133.02500 115.78000 11.16400
H 135.29900 113.46700 11.14010
C 132.40600 119.21700 9.68835
C 142.57300 113.09100 9.53098
H 136.64800 116.35100 11.21880
C 136.96200 114.48000 9.60071
C 138.04900 117.50300 9.60054
C 140.48400 115.29900 9.66048
C 141.34300 118.21300 9.61640
H 139.87800 117.11800 11.32220
H 142.30300 114.80800 11.26670
H 138.88300 114.13000 11.10930
H 137.60700 119.36800 11.22930
H 143.29000 117.80800 11.13350
C 143.67700 115.95500 9.53442
C 145.83900 113.59900 9.25906
C 149.44800 114.46700 9.28756
C 146.97500 116.78700 9.37349
C 144.83600 118.94900 9.55380
H 149.98600 119.04700 11.05520
H 145.60000 115.40900 10.95050
H 146.62500 118.43400 11.21890
H 148.93800 116.06000 10.68960
C 148.14300 119.50400 9.53629
C 127.83500 123.88800 10.09760
C 126.51900 120.86600 9.97773
C 124.42500 123.41100 10.23400
C 122.79000 120.10600 10.54470
H 128.62200 120.48500 11.42270
H 125.08000 119.85600 11.45700
C 131.26200 124.50400 9.84458
C 134.42000 125.27500 9.70357
C 135.82200 119.80300 9.54618
C 130.05300 121.62800 9.86489
C 133.36800 122.17800 9.71356
H 135.33100 121.64000 11.12750
H 133.10800 123.98200 11.39590
H 131.95400 120.96400 11.41380
H 129.80700 123.41200 11.56990
H 136.38300 124.66200 11.12730
C 140.11000 123.52500 9.48480
C 142.60200 121.16200 9.55889
C 137.87300 125.81900 9.52401
C 139.14500 120.44200 9.57284
C 136.83900 122.86300 9.51369
H 138.67000 122.32800 11.15250
H 142.00800 123.03600 11.03810
H 141.02200 120.10000 11.20480
H 139.71400 125.31200 11.10810
H 143.06400 125.98300 11.08770
C 143.64400 124.17000 9.50242
C 145.86700 121.91300 9.51077
C 149.31300 122.52800 9.65653
C 147.07800 124.97000 9.70535
H 148.89500 124.34000 11.34730
H 145.46500 123.73000 11.16430
H 147.66800 121.36800 11.15230
H 144.44700 120.77900 11.18750
C 125.53300 126.16000 10.22450
C 127.51600 132.01700 10.09330
C 128.89100 126.79100 10.04430
C 124.27200 130.98500 10.16030
C 126.51900 129.06100 10.14240
C 122.87400 128.04300 11.02090
C 129.93800 129.76000 9.96478
C 132.17500 127.56900 9.84702
C 133.25800 130.47900 9.93258
C 135.52500 128.19500 9.69167
H 131.76800 129.30300 11.58620
H 135.19300 129.96200 11.40150
H 134.06700 127.04200 11.38790
H 133.00000 132.23000 11.65520
H 130.79800 126.31900 11.51320
H 129.43900 131.55800 11.62740
H 140.86900 128.28500 11.13360
C 136.64400 131.13800 9.78677
C 142.50600 129.36200 9.61194
C 141.21600 126.42000 9.50932
C 138.97800 128.87900 9.57370
C 140.03300 131.78000 9.60571
H 137.47300 127.67600 11.12660
H 141.88300 131.17200 11.17540
H 138.59700 130.65200 11.28040
C 148.10900 127.81800 9.68150
C 149.10300 130.68400 9.52692
H 144.18000 128.88900 11.35770
H 147.79500 129.54000 11.34990
H 150.05000 127.26200 11.12780
C 143.50000 132.33300 9.65390
C 144.72700 127.17800 9.65379
H 146.55900 126.71600 11.32910
H 148.77700 132.53400 11.17820
H 145.43100 131.86600 11.17710
C 145.80600 130.10400 9.83039
C 125.40900 101.45900 12.60380
C 128.82900 102.12300 12.57800
C 126.48800 104.43200 12.64900
C 122.67000 103.48200 11.94990
C 129.99100 104.98600 12.60040
C 134.64500 100.47300 12.25510
C 132.25000 102.59400 12.40430
C 135.71100 103.34500 12.43870
C 133.37500 105.64500 12.62080
C 131.25200 99.70690 12.25850
C 137.95500 101.29500 12.31100
C 138.98000 104.10900 12.32900
C 141.28400 101.76700 12.35510
C 142.36700 104.60300 12.57720
C 146.92800 99.97670 12.23570
C 144.70900 102.33100 12.39450
C 146.00100 105.25000 12.27950
C 148.02700 102.88900 12.16930
C 149.34400 105.94000 12.38980
C 122.84200 111.83100 12.49270
C 124.47100 106.72600 12.78410
C 127.67100 107.32600 12.67770
C 128.86800 110.32600 12.84970
C 125.61600 109.78300 12.92720
C 126.67800 112.73300 13.01000
C 130.97900 107.88200 12.69250
C 134.55300 108.68100 12.75270
C 132.27700 111.02100 12.79900
C 135.71000 111.71200 12.73160
C 136.87700 106.29200 12.56750
C 138.06000 109.43100 12.51070
C 140.15900 106.90000 12.50470
C 141.48700 110.00100 12.77890
C 139.30000 112.29300 12.72430
C 142.67800 113.00300 12.76090
C 143.87000 107.54400 12.59840
C 147.08600 108.27500 12.46010
C 144.82000 110.59900 12.58660
C 148.22300 111.30900 12.36300
C 127.83800 115.72100 13.00480
C 124.44600 114.99900 12.91530
C 125.60000 118.07000 13.07150
C 129.18200 118.68500 12.99080
C 130.13000 113.31100 12.81380
C 133.43400 113.94800 12.73700
C 131.22800 116.18100 12.84690
C 134.73800 116.73800 12.78430
C 132.52000 119.03200 12.89330
C 136.94900 114.48900 12.71900
C 138.00800 117.54200 12.88620
C 140.36900 115.29400 12.76630
C 141.50100 118.29600 12.80100
C 143.89200 115.93300 12.69350
C 146.13800 113.58000 12.48540
C 149.37300 114.23700 12.28960
C 147.20700 116.59500 12.50020
C 144.78600 118.89700 12.83920
C 148.18000 119.55800 12.77400
C 122.79200 120.01500 12.42090
C 126.77700 120.79100 13.06390
C 124.48500 123.28200 13.35360
C 127.90200 123.74400 13.17910
H 124.30600 125.03500 12.17140
H 127.43800 125.69200 11.70020
H 122.71700 122.33600 11.69890
H 126.33500 122.73700 11.69850
C 134.66700 125.13700 12.90640
C 131.42400 124.49300 13.09610
C 133.61000 122.06100 12.94720
C 130.24200 121.49400 13.09330
C 135.79100 119.86200 12.86630
C 136.81600 122.81800 12.74250
C 140.19200 123.51800 12.69410
C 142.56900 121.32700 12.74130
C 137.87100 125.78100 12.73740
C 139.11700 120.50200 12.82950
C 145.91500 121.89400 12.84130
C 149.12100 122.48900 12.88610
C 143.53200 124.12700 12.66060
C 146.95800 124.80900 12.85510
C 122.88800 127.94300 12.78740
C 127.69400 132.08500 13.30480
C 129.01400 126.82300 13.23480
C 126.72500 129.08100 13.38680
C 124.47700 131.51200 13.54300
C 125.61400 126.20800 13.44670
H 122.89700 130.27200 12.12920
H 125.15900 128.01300 11.81240
H 128.46300 128.64300 11.66540
H 126.11800 130.88900 11.78150
C 129.98700 129.74300 13.24210
C 135.72100 128.05900 12.89320
C 132.29500 127.44700 13.15770
C 133.44200 130.28600 13.15840
C 139.01300 128.71600 12.71820
C 142.30100 129.42600 12.83110
C 141.21500 126.42500 12.73080
C 136.82000 130.98900 13.02240
C 140.17100 131.69000 12.89820
C 145.85900 129.99200 12.81590
C 148.29200 127.63200 12.83080
C 149.40500 130.68300 12.79450
C 143.46700 132.16000 12.75980
C 144.59000 126.96800 12.86640
C 153.91800 3.07936 9.63195
C 151.46700 5.36220 9.64533
C 155.05100 6.07965 9.45022
H 156.93500 5.44552 10.97070
H 153.54100 4.82030 10.95470
H 151.01400 7.13194 11.38860
H 155.85200 2.50758 11.15410
H 154.67800 7.82611 11.18250
H 152.38400 1.82475 11.28410
C 150.44600 2.32549 9.65505
C 157.35100 3.53374 9.45586
C 162.93100 1.86628 9.44488
C 160.62800 4.15214 9.51998
C 158.52000 6.61465 9.44720
C 161.80100 7.27254 9.59262
C 164.09800 4.96346 9.51699
H 160.25900 6.00046 11.11730
H 159.09400 3.03520 11.13730
H 162.57300 3.70701 11.05680
H 163.56500 6.69323 11.22500
C 166.40500 2.55220 9.48811
C 169.87100 3.16095 9.64110
C 167.58400 5.39513 9.65933
C 165.27600 7.67740 9.70434
C 170.99600 6.01075 9.80957
H 169.39100 4.85824 11.35390
H 165.88000 4.32434 11.15310
H 167.23600 7.26806 11.20940
H 170.42500 7.82055 11.43180
H 168.19100 2.07899 11.16060
H 171.66200 2.56383 11.32760
C 173.12000 3.69225 9.77532
C 176.60500 4.30221 9.83344
C 174.36700 6.55766 9.92266
C 177.84300 7.23439 9.92996
H 174.98500 3.20127 11.32060
H 176.27800 6.10753 11.50670
H 172.72300 5.49291 11.48530
C 152.63200 8.32641 9.80236
C 156.21700 8.99338 9.57291
C 153.84900 11.18910 9.78904
C 151.55000 13.49340 9.93033
C 155.00000 14.20930 9.88612
H 153.46700 12.98080 11.47250
H 156.85000 13.71780 11.43940
H 155.78200 10.73850 11.27910
H 152.40400 10.04550 11.42740
C 157.30700 11.99040 9.70035
C 150.31900 10.60080 10.04600
C 159.57800 9.64831 9.54856
C 160.69600 12.50510 9.81390
C 162.94600 10.06110 9.68875
C 164.16200 13.00890 9.78256
H 161.29700 9.05301 11.24310
H 158.06500 8.36136 11.11360
H 160.36300 14.33200 11.33270
H 162.63000 11.90610 11.33240
H 159.04200 11.33930 11.35080
C 168.74200 8.43947 9.70374
C 171.04500 14.29210 9.90030
C 166.43900 10.63070 9.75178
C 169.93400 11.30090 9.86235
C 167.60500 13.74080 9.92598
H 169.47400 13.13130 11.45750
H 166.01600 12.46730 11.34370
H 164.82500 9.55822 11.30180
H 168.30900 10.21340 11.42000
H 171.67300 10.72950 11.54630
C 172.07500 8.90276 9.89675
C 175.60800 9.41430 9.94563
C 173.15400 11.74660 9.89250
C 176.62500 12.38890 9.84749
H 173.88300 8.42223 11.48950
H 172.84900 13.63710 11.51710
H 175.07100 11.31820 11.44370
H 177.47100 9.04085 11.58330
H 176.31200 14.24670 11.47000
C 152.69500 16.33720 9.98235
C 156.22000 17.03240 10.10250
C 153.81500 19.23850 10.04930
H 154.51000 15.95560 11.58730
H 152.13500 18.15990 11.59070
H 151.10800 15.24600 11.61220
C 150.33200 18.79530 10.03400
H 155.70200 18.90150 11.70580
H 153.21500 21.11480 11.55210
C 157.35300 19.82020 10.03410
C 158.43700 14.90830 9.91066
H 163.85900 14.76740 11.62890
C 162.13900 15.41660 9.90022
C 159.65900 17.57830 10.09990
C 163.03600 18.42840 9.93127
C 160.64200 20.64780 9.97291
C 164.06000 21.25060 9.90690
H 159.26000 19.49350 11.59350
H 161.56900 17.18310 11.57840
H 158.04500 16.63930 11.76140
H 162.51700 20.17510 11.57190
C 168.65100 16.67040 10.18010
C 165.34500 15.94020 10.07120
C 166.32300 18.83410 9.96553
C 169.97800 19.53500 10.02250
H 170.69000 16.06740 11.62100
H 165.96200 20.68940 11.49480
H 168.27500 18.39360 11.50360
H 169.41500 21.32090 11.60370
H 167.12900 15.37740 11.75090
H 164.73900 17.84290 11.62630
C 174.40600 14.79740 9.95585
H 171.85700 18.99440 11.66190
C 172.21000 17.18060 10.01450
C 177.85200 15.29430 9.82783
C 175.52000 17.70000 9.96207
C 173.25700 20.13980 9.94122
C 176.65000 20.66990 9.86338
H 175.13000 19.55930 11.48070
H 177.41400 17.14480 11.47580
H 174.00700 16.58640 11.67640
C 151.34900 21.70330 10.08070
C 154.86700 22.24070 10.12100
C 152.60800 24.46850 10.24920
C 156.11800 25.20270 10.27680
H 156.95000 21.82120 11.42310
C 150.42400 26.89690 10.28420
H 154.51100 24.05660 11.76840
C 153.93200 27.40930 10.30200
H 151.00700 23.42620 11.80060
C 163.06200 26.34950 10.00580
C 159.58900 25.80770 10.02170
C 161.78200 23.47440 9.97342
C 158.38700 22.91980 10.01610
H 161.48800 25.35440 11.58130
H 159.21500 27.66760 11.62480
H 158.11000 24.77070 11.68350
H 163.67900 23.11780 11.44800
H 160.28100 22.48050 11.60510
C 171.04100 22.37310 9.98879
C 166.60700 26.98690 9.94807
C 167.57700 21.68330 9.91980
C 165.38500 24.14280 9.96306
C 168.80900 24.61830 9.99668
C 169.92200 27.66580 10.02110
H 168.38400 26.47040 11.61990
H 170.69200 24.20420 11.62140
H 165.01000 25.96580 11.54500
H 167.19800 23.57230 11.56440
H 171.82900 27.18280 11.63520
H 177.56000 25.48120 11.46730
C 177.89700 23.62340 9.81820
C 174.43000 23.14460 9.97197
C 175.63500 26.00170 9.98346
C 172.23100 25.32380 10.01770
H 175.25000 27.77930 11.63760
H 174.07700 24.92760 11.63570
H 172.93800 21.99140 11.56900
H 176.35400 22.51390 11.45830
C 156.29100 33.44300 10.02640
C 152.76500 32.69040 10.11390
C 151.58700 29.78190 10.25340
C 154.93600 30.43280 10.09660
C 157.31600 28.04560 10.15020
C 160.78300 28.67160 9.97315
C 164.38500 29.24680 9.98660
C 158.52000 30.99980 10.02910
C 159.65700 33.87500 9.95658
C 161.96900 31.60040 9.86292
H 162.71100 28.30850 11.57760
H 163.82800 31.21240 11.46550
H 161.58900 33.48560 11.45910
H 169.52100 29.48270 11.67360
C 170.97600 30.66520 9.97034
C 168.77000 33.02470 9.99242
C 165.54900 32.18300 9.93004
C 167.69500 29.91410 9.98846
H 166.19700 28.77330 11.61630
H 167.34400 31.76910 11.60520
H 164.96800 34.07910 11.53120
H 170.59700 32.43220 11.64310
H 177.46200 33.61850 11.44170
H 176.24100 30.69030 11.52740
C 176.72800 28.81070 9.90722
C 175.56900 34.02660 9.85444
C 177.87700 31.70860 9.95597
C 174.48600 31.14570 9.84490
H 173.98400 33.01100 11.43710
H 172.88200 30.19510 11.53820
C 173.37400 28.31690 10.02280
C 172.08500 33.47290 9.90717
C 154.00600 3.03824 12.72330
C 151.55400 5.28272 12.56930
C 155.08700 5.84876 12.61250
C 150.37100 2.38285 12.66620
C 157.32200 3.71079 12.71710
C 162.92200 1.79951 12.63640
C 160.69400 4.11753 12.70600
C 158.41200 6.43502 12.70690
C 161.65100 7.12310 12.79460
C 164.04600 4.84562 12.76460
C 166.32900 2.41055 12.71000
C 169.76900 2.96749 12.90520
C 167.43900 5.33612 12.81370
C 165.24300 7.66831 12.79050
C 170.81500 5.99090 13.05920
C 173.17700 3.60651 12.99590
C 176.64000 4.35154 12.84720
C 174.33500 6.57829 13.05480
C 177.83000 7.36566 13.01630
C 152.82500 8.07069 12.87380
C 156.25400 8.82037 12.78640
C 154.03800 11.07780 13.00100
C 151.54800 13.25340 13.04860
C 154.99400 14.09110 13.11000
C 150.43100 10.41120 12.96840
C 157.27300 11.82940 12.97250
C 159.49600 9.43722 12.87380
C 160.73100 12.43270 12.86090
C 162.85700 9.94094 12.86420
C 164.19800 12.78470 13.05690
C 158.48200 14.65840 13.08160
C 168.60000 8.36643 13.04220
C 166.37700 10.61600 12.93410
C 169.81600 11.28860 13.10830
C 171.01800 14.15820 13.14720
C 167.50000 13.66430 13.02140
C 171.97200 8.84295 13.12550
C 175.52300 9.54066 13.04940
C 173.28300 11.81380 13.13040
C 176.67300 12.37340 13.03140
C 152.70300 16.36320 13.18970
C 156.08800 17.10540 13.24340
C 153.64300 19.31050 13.19200
C 150.36600 18.55060 13.29870
C 157.38000 20.06320 13.16510
C 159.73500 17.61900 13.21780
C 161.87700 15.25030 13.12730
C 162.97000 18.40040 13.26690
C 160.74500 20.60870 13.20250
C 164.13400 21.28210 13.09960
C 168.75900 16.61280 13.19420
C 165.24800 16.02670 13.27730
C 166.48300 18.86110 13.13080
C 169.85800 19.44390 13.12360
C 174.45100 14.68440 13.16850
C 172.16500 17.09370 13.30990
C 177.81700 15.35820 13.14670
C 175.57300 17.72430 13.12110
C 173.36500 20.15020 13.20740
C 176.66500 20.66210 13.11450
C 150.53600 26.86370 13.60260
C 151.57800 21.53210 13.36830
C 154.96600 22.32510 13.00630
C 152.67500 24.44030 13.38520
C 156.16000 25.27970 13.26480
C 153.84500 27.47910 13.46300
H 155.79000 27.04150 11.93970
H 152.24800 26.33520 11.84860
C 158.37800 22.88240 13.19790
C 161.85500 23.47070 13.17390
C 159.70400 25.82890 13.22120
C 163.13900 26.52860 13.08990
C 165.29300 24.13760 13.05940
C 168.79600 24.62950 13.18710
C 169.94000 27.56780 13.20160
C 167.49900 21.72910 13.17280
C 166.51900 26.98420 13.24720
C 171.04800 22.35240 13.17510
C 177.92000 23.57440 13.08000
C 172.25500 25.26750 13.29240
C 174.53400 22.98850 13.14170
C 175.78900 25.85890 13.16940
C 151.63900 29.89600 13.56160
C 152.86300 32.82440 13.33670
C 156.21500 33.40740 13.28570
C 155.12900 30.51400 13.33180
H 151.24300 31.70120 11.85260
H 153.48000 29.31660 11.86900
H 156.90500 29.94830 11.63060
H 154.73100 32.32460 11.68850
C 157.47900 28.17510 13.34430
C 164.37300 29.41630 13.11470
C 160.84000 28.73010 13.16380
C 159.77800 33.97900 13.12210
C 162.03800 31.66000 13.11940
C 158.58100 31.01170 13.19470
H 160.44500 30.56480 11.55140
H 158.06500 32.88340 11.66070
C 171.10900 30.58770 13.26390
C 167.65400 29.96010 13.25400
C 168.77100 33.06080 13.22340
C 165.43400 32.23330 13.11090
C 173.34400 28.39230 13.18040
C 174.47100 31.26220 13.16280
C 175.61000 34.12290 13.02510
C 177.89300 31.78100 13.02170
C 172.20500 33.63810 13.09420
C 176.87100 28.87270 13.12650
C 154.00900 35.67790 9.94879
C 151.65600 38.06410 10.00660
C 155.28300 38.62160 9.84983
C 157.36700 36.19420 9.96107
C 150.49400 35.07430 10.07450
C 160.82200 36.89300 9.83867
C 158.53800 39.21710 9.85170
C 161.86600 39.77730 9.92838
C 164.16100 37.65160 9.88343
C 163.14800 34.63580 9.86231
H 162.65900 36.43640 11.45390
H 163.68800 39.39450 11.59160
C 166.40200 35.29850 9.89520
C 169.84300 35.88820 9.88412
C 167.43400 38.26310 9.85411
C 165.20800 40.60070 9.95215
C 171.06200 38.79490 9.94984
H 170.58600 40.65770 11.57640
H 167.02800 40.06260 11.51100
H 165.94700 37.13030 11.55390
H 168.28300 34.83580 11.55510
H 169.32900 37.76330 11.41410
H 171.79400 35.45770 11.46570
C 173.34000 36.48720 9.82860
C 176.76700 36.97130 9.79012
C 174.43900 39.38350 9.82053
C 177.88700 39.92020 9.75622
H 175.16000 35.93180 11.44720
H 176.32300 38.83220 11.35880
H 172.99400 38.36700 11.48620
C 152.86400 40.91140 10.09480
C 156.30000 41.58480 9.87035
C 153.96600 43.95360 9.92238
C 155.21000 46.89450 9.87511
C 151.72700 46.16450 9.94248
C 157.32800 44.51380 9.87523
C 150.63800 43.20860 10.09930
C 159.58800 42.15920 9.86078
C 160.72300 45.17910 9.82847
C 163.05000 42.74440 9.89075
C 164.17900 45.74660 9.85470
H 162.57800 44.67900 11.40210
H 160.34400 46.99620 11.44550
H 161.44500 41.68270 11.50650
H 163.85200 47.60350 11.44160
C 158.49200 47.30730 9.80197
C 168.72900 41.02030 9.90719
C 166.29600 43.43020 9.80328
C 170.08400 44.03510 9.96244
C 171.13600 47.08050 9.78280
C 167.54000 46.32920 9.66625
H 164.82600 42.44520 11.57360
H 168.24300 42.94370 11.31730
H 169.44600 45.86870 11.22430
H 166.09300 45.30360 11.41710
H 171.96300 43.51550 11.59620
H 174.22700 41.22940 11.47180
C 172.31100 41.58590 9.99851
C 175.62800 42.29440 9.84124
C 173.41900 44.69340 9.88034
C 176.66400 45.32890 9.72974
H 177.53700 41.77320 11.39870
H 173.01700 46.56900 11.33990
H 176.34400 47.12960 11.36590
H 175.31000 44.17380 11.47160
C 174.53600 47.68650 9.73212
C 152.86500 49.19760 9.82221
C 156.28900 49.66550 9.75108
C 153.95100 51.93860 9.69973
C 150.53000 51.45340 9.68503
C 157.36700 52.62680 9.44663
H 153.54800 53.91170 11.04470
H 155.91000 51.65730 11.22490
H 152.32100 51.04410 11.39160
C 161.97700 47.94430 9.84524
C 159.77000 50.19440 9.62835
C 163.11500 50.84990 9.64883
C 160.85700 53.23110 9.46424
H 162.74200 52.83960 11.10390
H 161.53900 49.89130 11.36120
H 159.19400 52.14690 11.03090
H 158.15300 49.26560 11.32810
C 164.27600 53.87580 9.47327
C 168.90200 49.20910 9.80177
C 165.37000 48.62330 9.68411
C 166.64000 51.67840 9.61628
C 170.01000 52.33530 9.74597
H 167.20000 48.22810 11.31260
H 170.74900 48.85610 11.49130
H 166.18800 53.56180 11.10320
H 168.46700 51.16940 11.33340
H 165.00700 50.54130 11.20000
H 169.56200 54.21400 11.34630
H 171.75900 51.75690 11.43620
C 172.26700 49.92920 9.77067
C 177.90000 48.18890 9.73662
C 175.58900 50.55650 9.69772
C 173.29700 52.79600 9.78198
C 176.61700 53.48550 9.52730
H 175.22200 52.44520 11.30160
H 174.13000 49.48390 11.37810
H 177.48800 50.13150 11.22390
C 150.70100 59.78540 9.33660
C 151.68900 54.36270 9.46936
C 155.16100 54.90870 9.44979
C 152.82000 57.33380 9.40781
C 156.39100 57.77290 9.23955
H 156.07000 59.74540 10.73220
H 154.75600 56.92800 10.94150
H 152.41700 59.26450 11.03790
H 156.98100 54.52880 11.05740
C 154.02700 60.25470 9.38487
H 151.30600 56.24930 11.03240
C 158.57300 55.48180 9.42498
C 162.04800 56.12280 9.41967
C 163.20000 59.06570 9.36409
C 159.80500 58.38730 9.31492
H 160.44600 55.08340 11.07660
H 161.61400 57.99100 10.94950
H 159.39900 60.33410 10.86500
H 158.22000 57.39580 10.93590
H 163.89100 55.78600 11.03430
C 166.44000 59.87900 9.41290
C 168.84000 57.55780 9.43641
C 171.05700 55.17420 9.58084
C 169.88300 60.59320 9.17955
C 167.82800 54.56150 9.52677
C 165.42400 56.89130 9.42066
H 170.68000 57.11830 11.07860
H 165.00600 58.72460 11.04000
H 168.38200 59.47260 10.87770
H 167.24900 56.45770 11.06610
H 171.71200 60.06650 10.85350
C 177.73400 56.33340 9.37625
C 175.43600 58.71170 9.33733
C 172.16700 58.11300 9.37181
C 174.20100 55.79370 9.48855
H 177.38600 58.32480 10.90530
H 176.16000 55.39580 11.01720
H 173.94200 57.66030 11.05830
H 172.87000 54.73370 11.29850
H 175.17400 60.69790 10.73460
C 157.63700 60.78100 9.12432
C 152.95400 65.59100 9.14234
C 155.14200 63.15670 9.27050
C 156.17500 66.25980 9.23145
C 151.85500 62.63250 9.35446
H 151.49000 64.58270 10.87530
H 157.10700 62.69760 10.67830
H 154.70600 65.05550 10.87080
H 153.67900 62.11190 11.03570
H 160.43000 63.42410 10.77420
H 162.75900 60.97430 10.85880
H 163.72900 63.92400 10.82620
H 161.54900 66.34400 10.84820
H 158.05400 65.74230 10.68830
C 161.93500 64.50020 9.19422
C 158.62100 63.89580 9.09145
C 159.71600 66.82450 9.19653
C 160.90100 61.48370 9.23333
C 164.21700 62.12730 9.20791
H 170.70600 65.30830 10.81580
H 169.58400 62.43880 10.78850
C 171.13500 63.54710 9.14392
C 168.81500 65.90200 9.17697
H 165.95400 61.72860 11.00120
H 167.14900 64.70570 10.60210
H 164.73800 66.93420 10.72050
C 165.16400 65.09590 9.13834
C 167.50600 62.93380 9.37763
H 176.37400 63.59440 10.72040
C 175.71300 66.93910 9.12555
C 173.29700 61.03720 9.15386
H 177.55500 66.48040 10.69670
C 178.01900 64.63940 9.10393
H 172.95000 62.96860 10.70980
C 172.22700 66.44130 9.23030
C 176.80500 61.69860 9.10807
H 174.09200 65.92540 10.73630
C 174.54800 64.09470 9.13467
C 153.94800 35.75890 13.16720
C 151.81100 38.08790 13.16170
C 155.16200 38.55430 13.13090
C 150.59600 35.10510 13.29440
H 151.22700 39.88510 11.69250
H 154.86400 40.41920 11.56950
H 157.04300 38.11110 11.51950
H 155.84600 35.24170 11.62160
H 153.61500 37.54160 11.45050
H 152.41600 34.59820 11.60890
C 157.52500 36.32060 13.15990
C 160.88700 36.86790 13.12870
C 158.52200 39.20730 13.17190
C 161.78600 39.85120 13.15650
C 164.10000 37.56210 13.17310
C 163.08400 34.62240 13.07790
H 160.31400 38.71610 11.52180
H 159.34800 35.80510 11.50960
C 165.23500 40.57640 13.15600
C 166.42400 35.35920 13.18220
C 169.95000 35.93080 13.04710
C 167.54600 38.21030 13.10770
C 171.00200 38.85040 13.01670
C 173.39300 36.50010 13.10680
C 176.74000 37.02730 13.06150
C 174.57400 39.35430 13.07000
C 177.87700 39.91410 12.98490
C 150.67900 43.23990 13.30460
C 152.98600 40.99730 13.16050
C 156.30300 41.64100 13.17900
C 154.14900 43.99510 13.20060
C 151.86600 46.33470 13.17420
C 155.22600 46.97510 13.05690
H 153.63200 45.80130 11.50880
H 155.88900 43.44830 11.50370
H 152.53400 42.83120 11.64660
H 157.01800 46.39570 11.50180
C 157.44200 44.63410 13.11150
C 159.60400 42.18350 13.10880
C 160.72600 45.15470 13.06610
C 162.93400 42.91370 13.10190
C 164.19200 45.71770 12.99380
H 159.23800 44.02040 11.46920
H 158.07700 41.03520 11.50660
C 168.67800 41.16010 13.03940
C 166.58500 43.47210 13.05090
C 169.87400 43.99490 12.88490
C 171.06200 46.86920 12.91240
C 167.70600 46.35780 12.97460
C 172.33300 41.86950 13.02630
C 175.75200 42.35560 13.11770
C 173.50300 44.84620 13.04810
C 176.80400 45.31160 13.00840
C 150.49600 51.63440 12.99580
C 152.88500 49.30240 13.03480
C 156.27000 49.84320 12.87520
C 153.99000 52.12830 12.78650
H 151.34900 48.09220 11.44360
H 154.71700 48.69660 11.39750
C 158.52800 47.58500 13.05530
C 157.50500 52.82030 12.75630
C 159.63100 50.51970 12.85670
C 161.95100 48.09140 13.00680
C 163.09900 51.00510 12.79850
C 160.81300 53.23330 12.65570
C 164.27200 53.96730 12.70440
C 168.74800 49.29910 12.97620
C 165.43100 48.80270 12.97330
C 166.49700 51.73360 12.80120
C 169.90300 52.38570 13.02240
C 174.52900 47.63490 13.01510
C 172.39000 49.95910 13.05930
C 177.97500 48.30370 12.86720
C 175.67300 50.66560 12.90120
C 173.35700 52.92360 12.92250
C 176.79400 53.78530 12.72860
C 150.59700 59.91690 12.62670
C 151.74300 54.51820 12.74150
C 155.11900 55.19130 12.60770
C 152.87900 57.52870 12.55900
C 156.36000 58.03530 12.53160
C 154.22900 60.39720 12.39690
C 163.06100 59.17230 12.53000
C 159.82300 58.46110 12.53000
C 161.99700 56.17100 12.64060
C 158.59200 55.62310 12.66760
C 168.75700 57.69690 12.61100
C 171.06200 55.42610 12.87510
C 165.38100 56.90760 12.66540
C 167.56500 54.70970 12.78790
C 166.52400 59.91800 12.60250
C 169.90600 60.69240 12.49540
C 172.13600 58.36020 12.65630
C 174.46300 55.94620 12.75580
C 175.56100 58.90980 12.50170
C 177.90600 56.48620 12.51950
C 156.28700 66.23420 12.43170
C 151.75900 62.73420 12.50930
C 152.94800 65.75940 12.49060
C 155.36200 63.27770 12.43990
C 157.52300 60.90230 12.40690
C 158.52300 63.99520 12.35670
C 159.67600 66.77950 12.38430
C 164.18200 62.16660 12.55280
C 161.88400 64.47350 12.47960
C 160.92700 61.56220 12.43030
C 165.31700 65.08240 12.26790
C 171.14300 63.48800 12.40560
C 167.66000 62.96250 12.31830
C 168.73700 65.75690 12.24630
C 175.73700 66.96170 12.32920
C 177.96000 64.62940 12.32400
C 173.30200 61.13370 12.36470
C 172.28400 66.39250 12.37890
C 176.72500 61.78420 12.37500
C 174.51700 64.02040 12.31020
C 154.16900 68.67640 9.18172
C 151.83000 70.94210 9.10708
C 155.18000 71.55180 9.05785
H 154.90000 73.44180 10.62530
C 157.30600 69.07180 9.16387
H 155.82800 68.07590 10.92130
H 151.26500 72.73920 10.77340
H 152.64500 67.48400 10.70860
H 156.97500 71.02200 10.65250
H 153.66000 70.50680 10.77870
C 150.74200 67.87470 9.09869
C 160.74100 69.66580 9.20933
C 158.56100 72.12600 9.06377
C 161.89600 72.61910 9.06690
C 164.12700 70.30010 9.14255
C 162.92100 67.50660 9.08754
H 162.62100 69.27360 10.80660
H 159.14900 68.62490 10.83580
H 163.76500 72.21550 10.71920
H 160.30700 71.59690 10.72120
C 166.38900 67.95810 9.22367
C 170.04700 68.67060 9.14768
C 167.63100 70.87390 9.16256
C 165.29200 73.26550 9.02826
C 171.15000 71.60480 9.13440
H 169.59200 70.54200 10.71080
H 170.63800 73.47650 10.75020
H 165.99900 69.85630 10.79280
H 168.40200 67.66700 10.74630
H 167.16800 72.78320 10.61070
H 171.79300 68.29040 10.87530
C 173.35100 69.16810 9.13460
C 176.76600 69.91740 9.06712
C 174.53900 72.22210 8.98101
C 177.94500 72.83500 9.05733
H 175.25800 68.78440 10.69240
H 176.33100 71.76090 10.64220
H 173.08800 71.10270 10.67040
C 152.86700 73.94840 9.16394
C 156.32600 74.43720 8.88472
C 154.16100 76.86470 8.87294
C 151.61200 79.15650 8.81993
C 155.26700 79.80980 8.57456
H 153.70500 78.69980 10.21870
H 156.04900 76.32610 10.48230
H 157.07700 79.25600 10.17950
H 152.51000 75.75050 10.47500
C 150.65300 76.19750 8.92418
C 157.51300 77.31850 8.73450
C 159.62700 74.99490 8.95338
C 160.84700 77.81320 8.77589
C 163.21700 75.66020 8.91655
C 164.19100 78.56540 8.74198
H 160.48200 79.81910 10.19000
H 162.68500 77.49350 10.46760
H 158.10800 73.97600 10.63640
H 161.51900 74.60970 10.47640
H 159.25700 76.91100 10.45470
C 158.64900 80.30580 8.56098
C 168.91700 73.78970 9.04100
C 170.94000 79.72540 8.89342
C 166.50500 76.14610 8.90055
C 169.96400 76.78990 8.91506
C 167.69500 79.09670 8.73315
H 168.33700 75.72920 10.48640
H 166.04500 78.06990 10.33270
H 164.98500 75.11640 10.60260
H 169.41300 78.63720 10.46500
H 171.67600 76.38890 10.66200
H 174.02700 74.08940 10.52240
C 172.07300 74.55640 9.03977
C 175.58300 75.20800 8.93775
C 173.25200 77.48210 9.06914
C 176.74400 78.08990 8.94276
H 172.76400 79.38560 10.56180
H 175.18900 77.01650 10.59730
H 176.29500 79.89260 10.50550
H 177.37400 74.70460 10.61890
C 152.97100 82.15420 8.62638
C 156.29300 82.76570 8.51425
C 154.14600 85.09720 8.57486
H 154.84000 81.61900 10.25910
H 151.35200 80.97260 10.08610
H 152.52800 84.01500 10.25510
H 156.04600 84.61700 10.12120
H 153.81500 86.93670 10.12470
C 150.70000 84.37940 8.55262
C 157.49100 85.91540 8.59110
H 163.82300 80.41630 10.36780
C 159.80700 83.35540 8.47387
C 162.11300 80.96610 8.63616
C 163.19300 83.99590 8.57901
C 160.91100 86.30360 8.54224
H 159.31900 85.18300 10.11500
H 158.22500 82.29450 10.04990
H 161.61400 82.84870 10.16010
H 162.70000 85.80540 10.21720
C 164.32800 86.84530 8.61809
C 168.81700 82.17370 8.72225
C 165.29900 81.55270 8.69974
C 166.48200 84.51600 8.64014
C 169.90700 85.07960 8.64556
H 168.28100 84.05620 10.28160
H 167.16600 81.03210 10.24490
H 164.90200 83.43760 10.30480
H 166.17000 86.38950 10.18010
H 170.51000 81.60420 10.42400
H 169.47400 86.90950 10.26060
C 174.42900 80.31620 8.91093
H 171.61900 84.56310 10.41270
C 172.13200 82.64880 8.85321
C 177.93100 80.94060 8.95643
C 175.66000 83.34320 8.81417
C 173.32100 85.65380 8.89017
C 176.81900 86.37580 8.77576
H 175.26000 85.28200 10.35750
H 174.07800 82.29510 10.44060
H 177.42100 82.86050 10.53380
C 151.83100 87.20610 8.61459
C 156.32600 91.01870 8.69073
C 155.23500 88.12010 8.53091
C 152.94500 90.30670 8.52690
C 154.01100 93.31450 8.80093
H 151.39300 89.17760 10.11350
H 152.38400 92.07650 10.18980
H 154.75100 89.89010 10.21190
H 155.91000 92.77810 10.42560
H 156.95600 87.64320 10.25910
C 150.51300 92.75780 8.65254
C 158.56200 88.64200 8.63285
C 162.03600 89.27180 8.59734
C 159.77300 91.62090 8.65942
C 163.10200 92.17490 8.67094
H 160.44500 88.17190 10.16610
H 161.59800 91.02010 10.32640
H 158.22100 90.46790 10.23510
H 159.30600 93.40160 10.24500
H 163.83800 88.67220 10.21040
C 165.47100 89.80790 8.66785
C 171.10300 88.02320 8.72803
C 167.70200 87.48330 8.60938
C 168.81200 90.45390 8.62470
C 170.07800 93.46480 8.83219
C 166.58200 92.86200 8.77026
H 165.00100 91.64030 10.24890
H 168.48500 92.30330 10.28800
H 170.61400 89.86080 10.20030
H 167.33400 89.32230 10.31400
H 171.81400 92.75730 10.46160
C 172.27300 90.93980 8.79788
C 174.41700 88.60920 8.87805
C 175.64100 91.52460 8.97734
C 177.94500 89.35290 8.84019
H 175.15800 93.32930 10.57740
H 172.85600 87.50900 10.49240
H 174.03200 90.44350 10.50800
H 177.56300 91.15150 10.48590
H 176.35400 88.19070 10.39190
C 151.72700 95.68490 8.89035
C 156.32100 99.23150 9.07704
C 152.84700 98.47660 9.00492
C 155.13900 96.19920 8.95333
H 157.05500 95.71460 10.55870
H 154.73400 97.94870 10.54490
H 153.50600 95.06890 10.52110
H 151.33200 97.36780 10.64970
C 157.39600 94.00270 8.77623
H 163.91700 96.88780 10.51830
H 160.41400 96.32180 10.42960
H 162.73700 93.96820 10.36140
H 161.57700 99.17040 10.66290
H 158.26200 98.64020 10.63040
C 160.93400 94.54760 8.73731
C 162.02800 97.40150 8.94285
C 164.42600 95.05160 8.87519
C 159.80300 99.87390 9.09284
C 158.51900 96.89630 8.90353
H 164.95400 99.85000 10.81090
H 166.22000 94.52300 10.52980
H 170.60500 98.11380 10.78580
H 169.54300 95.15820 10.52990
H 167.27100 97.49390 10.82640
C 171.02800 96.40300 9.00231
C 167.68400 95.80790 9.02263
C 168.79200 98.55160 9.16882
C 165.57600 98.10740 9.11150
C 176.71500 94.44420 9.00273
C 177.86900 97.51660 9.25284
C 174.44000 96.77310 8.94421
H 172.84500 95.73710 10.55600
H 176.16200 96.24860 10.67770
H 173.98900 98.65660 10.44920
H 177.46300 99.19750 10.74540
C 172.01300 99.14710 9.03389
C 175.62400 99.85580 9.09854
C 173.33500 93.88130 8.95017
C 154.01900 68.68290 12.47430
C 151.73500 70.89360 12.35010
C 155.18000 71.66510 12.31080
C 150.79400 67.94540 12.26180
C 157.37600 69.33370 12.40630
C 160.75500 69.82370 12.36660
C 158.45500 72.18710 12.28160
C 161.82700 72.84240 12.21180
C 164.18500 70.39310 12.41710
C 163.05000 67.46850 12.45750
C 166.39800 68.00240 12.28530
C 169.93000 68.74110 12.39510
C 167.69600 71.03160 12.26520
C 165.35800 73.29550 12.32290
C 171.22000 71.59170 12.23750
C 173.47700 69.29700 12.37270
C 176.75900 69.98990 12.34320
C 174.47900 72.32060 12.25100
C 177.81800 72.86890 12.25350
C 152.91900 73.90050 12.13220
C 156.36000 74.61020 12.24420
C 154.11400 76.90200 11.92950
C 151.86400 79.22600 11.87650
C 155.23400 79.69370 11.85740
C 150.67300 76.09010 12.13950
C 157.44700 77.57710 12.04320
C 159.67300 75.17170 12.09520
C 160.75200 78.13120 11.97510
C 163.09700 75.67990 12.08640
C 164.28700 78.61490 12.05550
C 168.68600 74.00470 12.22380
C 166.51000 76.32810 12.06300
C 169.74300 76.83810 12.18390
C 170.90400 79.78550 12.11090
C 167.48600 79.22610 11.98350
C 172.30700 74.55260 12.29930
C 175.49400 75.12580 12.20470
C 173.30200 77.53810 12.15040
C 176.70500 78.19190 12.20810
C 174.43000 80.50050 12.09250
C 152.88700 82.09460 11.77390
C 156.31900 82.69530 11.71580
C 154.20500 85.07740 11.74850
C 150.67500 84.40600 11.77430
C 157.47800 85.75130 11.79080
C 158.57400 80.51090 11.75700
C 159.74200 83.34630 11.73290
C 161.94800 81.03990 11.87830
C 163.01200 83.97110 11.88870
C 160.81200 86.27610 11.75980
C 164.32800 86.78080 11.80220
C 168.62300 82.20350 11.91180
C 165.36000 81.61480 11.91580
C 166.45600 84.56580 11.86300
C 169.84500 85.09530 11.95990
C 172.11100 82.66590 11.98820
C 177.76100 81.00370 12.14700
C 175.58300 83.50360 12.08860
C 173.31200 85.64910 11.96880
C 176.71300 86.38140 12.03230
C 151.88200 87.30330 11.64790
C 155.12100 88.06770 11.88040
C 152.93100 90.28260 11.81020
C 156.34700 90.89170 11.83720
C 150.60100 92.49600 11.87740
C 153.89500 93.10560 11.90180
C 162.02400 89.09210 11.85090
C 163.21800 92.04490 11.91110
C 159.78300 91.54700 11.86530
C 158.62500 88.58780 11.83450
C 170.00900 93.24740 12.04590
C 170.86900 88.09940 11.90560
C 165.41900 89.74520 11.82880
C 168.84800 90.38480 11.87220
C 167.65000 87.42880 11.86620
C 166.64500 92.57590 11.93340
C 174.51200 88.52430 12.05090
C 175.66000 91.42440 12.08910
C 177.81900 89.23530 12.05830
C 172.12100 90.76710 11.94340
C 151.69200 95.46890 12.18590
C 155.15900 96.06320 12.12020
C 152.97200 98.38450 12.22690
C 156.36500 99.01450 12.18950
C 157.56200 93.74850 12.01680
C 161.99500 97.31290 12.14280
C 159.72200 99.67020 12.31680
C 160.85100 94.43600 11.94580
C 158.61000 96.69070 12.20050
C 164.32600 94.98560 12.05820
C 168.79300 98.61130 12.40050
C 171.03600 96.20390 12.26320
C 165.30200 97.83050 12.29570
C 167.70500 95.64680 12.20480
C 172.29200 99.20970 12.22990
C 173.25600 93.87760 12.12590
C 176.66700 94.34550 12.24200
C 177.72800 97.21970 12.29990
C 174.35500 96.88090 12.21020
C 175.51000 99.65600 12.26860
C 153.97600 101.54300 9.09189
C 151.72500 103.71700 9.19872
C 155.08900 104.34900 9.25935
H 152.50700 100.30800 10.64860
H 151.18700 105.58200 10.74700
H 155.80300 100.98500 10.72520
H 157.00000 103.90800 10.80520
H 154.65200 106.12500 10.96420
H 153.51800 103.27000 10.84760
C 150.51900 100.83100 9.15585
C 157.45900 102.11700 9.16650
C 160.85500 102.60900 9.14940
C 158.64800 104.94900 9.24546
C 161.92100 105.52000 9.12557
C 164.22200 103.27700 9.24274
H 162.62700 102.15600 10.79640
H 159.25100 101.57100 10.81240
H 160.48700 104.45000 10.86200
H 163.75600 105.16500 10.78100
C 163.15600 100.33200 9.12848
C 166.46800 101.03000 9.21694
C 169.79600 101.48500 9.06992
C 167.55400 103.93800 9.15450
C 165.37500 106.25400 9.21557
C 171.06700 104.42800 9.27438
H 169.32300 103.36000 10.69020
H 167.15800 105.75000 10.89040
H 170.54900 106.30500 10.89140
H 166.09400 102.83300 10.89570
H 168.29700 100.39300 10.76890
H 171.56700 101.00200 10.71790
C 173.27700 102.10200 9.31250
C 176.75100 102.66100 9.36819
C 174.39500 104.96900 9.29810
C 177.72000 105.57600 9.34400
H 172.80500 103.94500 11.01160
H 175.15000 101.55900 10.93940
H 176.17300 104.46400 10.95500
C 152.86800 106.64000 9.24555
C 156.18900 107.14700 9.28975
C 153.97600 109.55800 9.25741
C 155.09100 112.54100 9.23744
C 151.70900 111.92500 9.21840
H 152.41300 108.43800 10.87510
H 155.82100 109.08200 10.81450
H 153.52100 111.38700 10.86000
H 156.92800 112.08300 10.85230
C 150.57200 108.96900 9.29283
C 157.38800 110.23200 9.25198
C 159.64100 107.98400 9.18988
C 160.76200 110.91100 9.22257
C 162.97400 108.59900 9.17862
C 164.10800 111.65500 9.37096
H 162.53700 110.41000 10.86770
H 161.48200 107.36600 10.73360
H 160.33800 112.68500 10.98840
H 159.28200 109.79700 10.84990
H 158.14300 106.83300 10.80550
C 168.72300 106.89100 9.28576
C 166.45100 109.30800 9.22785
C 169.71100 109.93800 9.31371
C 171.00400 112.79600 9.53701
C 167.57700 112.22800 9.40272
H 165.98400 111.08300 10.89390
H 164.89500 108.11500 10.76350
H 169.38000 111.69900 11.07620
H 168.25900 108.72800 10.95440
H 173.92200 106.78400 10.96620
C 172.18200 107.42300 9.31552
C 175.43800 108.01000 9.32631
C 173.15500 110.41100 9.50970
C 176.60300 111.07600 9.46953
H 175.07000 109.78000 10.98570
H 177.25400 107.40300 10.93880
H 171.48800 109.28800 10.95260
H 176.13700 112.77200 11.24200
H 172.80200 112.22000 11.25690
C 152.86500 114.94300 9.24253
C 156.16000 115.52400 9.31564
C 153.87000 117.96800 9.41467
H 151.36100 113.74400 10.82250
H 152.39400 116.73000 10.90120
H 154.62500 114.36200 10.89510
H 155.67500 117.28500 11.01090
C 150.60400 117.30300 9.30703
C 157.12600 118.48600 9.47259
H 153.43200 119.70400 11.17850
H 163.64900 113.38000 11.12140
C 158.57300 113.21900 9.30222
C 159.56000 116.30100 9.39017
C 161.87600 113.99200 9.48566
C 163.01000 116.86900 9.57280
C 160.60600 119.12800 9.65187
H 161.30500 115.74000 11.11270
H 158.06200 115.05200 10.86870
H 158.94800 117.99200 11.12580
H 162.71400 118.65600 10.88190
C 164.16700 119.86000 9.29170
C 168.70600 115.17100 9.50554
C 165.25900 114.42800 9.51698
C 166.43200 117.33900 9.44553
C 169.79800 118.02900 9.56456
H 164.94600 116.29200 11.11960
H 165.89000 119.24700 10.96740
H 168.21800 116.96300 11.09500
H 170.49300 114.65300 11.12690
H 167.14200 114.00400 11.04890
H 169.39500 119.89400 11.20170
C 174.33300 113.34100 9.60470
H 171.61500 117.52700 11.24350
C 172.09000 115.71400 9.54879
C 176.72600 119.17300 9.74848
C 177.66200 113.92600 9.63825
C 175.50800 116.27500 9.62455
C 173.23500 118.60000 9.64853
H 173.90000 115.16700 11.19340
H 175.12300 118.09200 11.29660
H 177.25300 115.71300 11.30860
C 151.57700 120.24300 9.57719
C 153.71300 126.08700 9.51635
C 156.13600 123.77600 9.51959
C 152.68300 123.07500 9.76493
C 154.95100 120.90700 9.59496
H 152.28200 125.04600 11.18660
H 151.09700 121.97600 11.38230
H 154.64200 122.70000 11.22390
H 155.55000 125.65500 11.10240
H 156.77300 120.25800 11.18880
C 150.39400 125.39900 9.60125
C 158.20800 121.50500 9.56492
C 161.71100 122.03700 9.55299
C 159.41000 124.44700 9.73378
C 162.91700 124.96700 9.50367
H 159.09700 126.15400 11.06900
H 157.77600 123.27800 11.28400
H 160.07900 120.98600 11.18300
H 163.66700 121.56600 11.06160
H 161.39300 123.83400 11.18750
C 170.92600 120.93500 9.55585
C 169.81100 126.14800 9.63311
C 165.27900 122.67700 9.49812
C 168.61400 123.32500 9.58263
C 167.53700 120.37600 9.53615
C 166.43900 125.61100 9.49895
H 164.81600 124.53600 11.07380
H 167.04800 122.20900 11.18700
H 168.17900 125.15000 11.24040
H 170.49900 122.82800 11.10820
H 171.67900 125.68200 11.22350
C 172.04400 123.88400 9.50382
C 177.76100 121.99400 9.71594
C 175.63200 124.49400 9.68060
C 174.41700 121.58400 9.74386
H 175.18900 126.28700 11.19250
H 173.88300 123.39500 11.13910
H 172.69700 120.47200 11.21920
H 177.46100 123.91300 11.28430
H 176.25200 121.00200 11.42790
C 152.61100 131.38100 9.47696
C 156.25000 132.04700 9.41901
H 154.64000 130.90500 10.88850
C 154.88200 128.97200 9.39365
C 151.52400 128.36800 9.48192
H 156.80000 128.53600 10.96800
H 151.05000 130.23100 11.03840
H 153.34700 127.98400 11.11480
C 157.19900 126.66800 9.49670
C 160.61200 127.28300 9.44291
H 161.38500 131.99000 11.03520
C 159.54500 132.57100 9.42902
C 158.48300 129.52500 9.42896
C 161.81900 130.14700 9.39003
C 164.26200 127.82600 9.56506
H 163.63000 129.77400 11.05720
H 158.04300 131.36200 11.04670
H 160.26600 129.07200 11.09910
H 162.45500 126.78500 11.06510
C 165.35400 130.77800 9.56162
C 167.74800 128.70700 9.57393
C 171.01200 129.15800 9.58458
C 168.68000 131.51200 9.62223
H 164.79300 132.66900 11.05620
H 166.08400 127.48200 11.03320
H 167.11100 130.41900 11.26860
H 169.46500 128.06900 11.22570
H 170.51300 130.94100 11.22120
C 172.12800 132.00900 9.67576
H 176.31700 129.27900 11.31790
C 175.56900 132.70400 9.67722
H 174.01600 131.51000 11.20370
H 177.35800 132.20200 11.27520
H 172.79400 128.64000 11.27930
C 173.24500 126.80600 9.63283
C 176.80900 127.43900 9.65317
C 174.44900 129.58100 9.65485
C 177.76400 130.36000 9.63806
C 153.97600 101.31200 12.35590
C 151.60000 103.68000 12.35060
C 155.17900 104.18900 12.47950
C 150.66500 100.75300 12.30820
C 157.36600 101.97100 12.39220
C 163.04100 100.29900 12.39410
C 160.78200 102.61100 12.49480
C 158.58300 104.96600 12.41150
C 162.01900 105.63200 12.45500
C 164.12200 103.35800 12.42160
C 166.52500 100.93600 12.47150
C 169.83100 101.59600 12.35370
C 167.61600 103.89800 12.49830
C 165.26700 106.25500 12.41090
C 170.79300 104.37900 12.43940
C 173.15000 102.06200 12.43640
C 176.69400 102.58000 12.55530
C 174.37600 104.98000 12.64000
C 177.76100 105.58900 12.52960
C 152.72000 106.52300 12.48260
C 156.29900 107.22200 12.48630
C 153.94200 109.50800 12.49770
C 151.66900 111.91900 12.47350
C 155.06000 112.48200 12.48000
C 150.54200 108.98100 12.50490
C 157.33800 110.16200 12.45110
C 159.70100 107.92700 12.41580
C 160.74300 110.80800 12.57870
C 163.02700 108.52600 12.37240
C 164.07900 111.43900 12.55410
C 158.41300 113.15100 12.52950
C 168.67100 106.84000 12.55250
C 166.36300 109.18500 12.49360
C 169.73600 109.79600 12.64460
C 170.90700 112.79200 12.74980
C 167.46500 112.13100 12.63130
C 172.10600 107.43900 12.52030
C 175.47500 107.87900 12.60720
C 173.18800 110.12000 12.63080
C 176.57000 110.83400 12.71010
C 174.28500 113.31900 12.90350
C 152.78800 114.86900 12.53650
C 156.22100 115.33200 12.50600
C 153.81400 117.89600 12.61350
C 150.40100 117.03800 12.43690
C 157.12800 118.37800 12.76020
C 159.48800 116.11300 12.64550
C 161.68500 113.85200 12.66680
C 162.95800 116.83700 12.54070
C 160.80100 118.97100 12.47540
C 164.06500 119.69200 12.64800
C 168.60600 115.10600 12.70150
C 165.31100 114.40700 12.69290
C 166.39900 117.46100 12.70550
C 169.70100 117.99100 12.77390
C 172.03700 115.65000 12.79130
C 177.65900 113.81100 12.89240
C 175.38800 116.16600 12.89470
C 173.19900 118.63100 12.81770
C 176.59400 119.10000 13.01870
C 151.51800 120.21400 12.78630
C 154.98500 120.82400 12.79460
C 152.77300 123.16100 12.78750
C 156.02500 123.94700 12.87050
C 153.80500 126.18500 12.76970
C 150.52300 125.56100 12.82290
C 161.78200 121.90100 12.74090
C 158.27600 121.38400 12.83930
C 162.98000 124.97900 12.71940
C 159.49600 124.30400 12.73280
C 165.08400 122.70900 12.73710
C 170.83400 121.05300 12.84460
C 168.66200 123.27100 12.75240
C 166.24600 125.67000 12.73480
C 169.81200 126.18700 12.82620
C 167.37200 120.35000 12.62730
C 174.21800 121.56300 12.82590
C 175.48600 124.35200 12.75940
C 177.83300 122.12000 12.98530
C 172.07200 123.78100 12.78160
C 151.51000 128.43600 12.71670
C 152.76200 131.35300 12.56330
C 156.16600 131.99700 12.60460
C 154.96100 129.12900 12.57930
C 157.19800 126.72200 12.59980
C 160.65500 127.20500 12.70860
C 159.59300 132.44300 12.73950
C 164.13600 127.89400 12.53690
C 161.79100 130.18000 12.70380
C 158.37100 129.54800 12.67620
C 170.97700 129.16000 12.88610
C 168.65000 131.56800 12.79240
C 167.52300 128.54300 12.79980
C 165.16100 130.85000 12.72490
C 175.48500 132.63500 12.90700
C 177.77800 130.41700 12.95180
C 174.38000 129.67600 12.84100
C 172.13600 131.96200 12.83610
C 173.29000 126.72300 12.82020
C 176.71500 127.37500 12.86190
C 180.08500 4.99784 9.67152
C 182.33500 2.45142 9.77762
C 183.49100 5.41776 9.71776
C 181.26300 7.77342 9.72673
H 179.71500 6.75843 11.42450
H 183.14400 7.30737 11.31240
H 181.87700 4.37808 11.28050
H 184.26400 2.07530 11.34470
C 178.87900 2.00499 9.65686
H 185.39700 4.95300 11.29320
H 178.59200 3.84988 11.28690
C 185.82000 3.10926 9.67221
C 186.95200 6.11710 9.68687
C 189.12000 3.70712 9.62815
C 190.21500 6.58964 9.69076
H 188.72400 5.46511 11.37310
H 187.62000 2.51091 11.29950
H 192.00300 6.05985 11.26670
H 186.51300 7.89474 11.33670
H 190.91300 3.05522 11.23480
C 192.49800 4.28170 9.64536
C 196.14000 5.02398 9.80683
C 193.80500 7.23015 9.96132
C 198.35900 2.59523 9.80931
C 199.57200 5.52526 9.96489
C 197.29400 7.84950 10.13510
C 194.95800 2.11077 9.77611
H 199.18400 7.32201 11.62330
H 197.92100 4.40526 11.46150
H 195.58200 6.71066 11.62300
H 194.46100 3.76067 11.10040
C 201.68000 3.19816 9.91285
C 202.85800 6.01254 10.03060
C 205.24800 3.72811 9.93679
C 206.51600 6.64583 9.94126
H 202.38000 7.87251 11.55900
H 203.53100 2.72654 11.48450
H 200.17300 2.00842 11.46390
H 204.82600 5.62433 11.54930
H 201.25900 4.96395 11.64330
C 184.64000 8.49475 9.71310
C 179.00200 10.08690 9.88105
C 180.13700 13.07000 9.88225
C 183.50100 13.71980 9.92495
C 182.44700 10.89860 9.73620
H 181.96200 12.59920 11.50830
H 180.94100 9.66681 11.30620
H 184.18700 10.28110 11.39180
H 185.35600 13.17490 11.58310
H 178.54400 12.01500 11.38850
C 185.78600 11.44940 9.81766
C 188.10500 9.00270 9.74494
C 191.40000 9.64796 9.73702
C 186.94700 14.23120 9.99403
C 189.22200 12.03500 9.77848
H 190.95000 11.40350 11.44630
H 188.80900 13.76480 11.56130
H 189.92000 8.43192 11.34950
H 187.65600 10.88160 11.29860
H 192.09700 14.31090 11.65550
C 192.54100 12.51220 9.94499
C 196.16400 13.14860 10.04000
C 194.96100 10.22260 10.15800
C 199.39800 13.69750 9.99073
C 198.37200 10.77470 10.11430
H 193.11900 9.06938 11.47080
H 196.88000 9.63610 11.79540
H 197.99900 12.58360 11.67740
H 194.41000 11.98850 11.44240
C 200.53700 8.49239 9.93939
C 204.03900 8.97353 9.95928
C 202.89700 14.29870 9.99852
C 201.74500 11.35720 9.97445
C 205.21600 11.92990 9.84194
H 204.80700 13.79750 11.49420
H 201.25900 13.17910 11.56290
H 205.98300 8.49955 11.50240
H 203.70200 10.86460 11.55890
H 200.23900 10.25380 11.65140
H 179.62200 14.88830 11.51110
H 178.46400 20.16510 11.50040
C 184.79700 16.55440 9.83638
C 181.17600 16.04210 9.95942
C 182.20300 18.83430 9.90305
C 178.90100 18.34450 9.90110
H 181.86000 20.79340 11.43940
H 183.10500 15.56480 11.46030
H 180.64600 17.81120 11.60700
H 184.27700 18.45880 11.24600
H 185.37300 21.42150 11.38260
C 179.94600 21.21160 9.85146
C 190.42100 14.83730 9.96516
C 185.81100 19.65890 9.69781
C 188.07300 17.15070 9.91699
C 191.47600 17.74290 9.93173
C 189.29700 19.98790 9.77798
H 186.54000 16.10200 11.60720
H 187.57400 19.04870 11.39430
H 191.17900 19.72340 11.45270
H 189.94100 16.68770 11.56750
H 195.63900 14.96210 11.59260
C 192.77700 20.67520 9.76897
C 193.73700 15.30500 10.05720
C 197.21600 16.01650 10.01370
C 195.03500 18.23360 10.01060
C 198.24300 18.89170 10.02020
H 196.79600 17.83510 11.73530
H 197.94200 20.74330 11.59570
H 193.31800 17.23680 11.53350
H 194.52400 20.16910 11.49390
H 199.01400 15.52980 11.65950
C 196.15200 21.17260 9.88500
C 206.37000 14.88270 9.89587
C 204.06900 17.20790 10.08810
C 200.51300 16.62330 9.99278
C 201.66400 19.56510 10.05360
C 205.18300 20.06280 9.94919
H 200.12000 18.45350 11.64420
H 205.98700 16.71970 11.58870
H 203.55200 19.12020 11.65710
H 202.30800 16.15860 11.57570
H 201.29500 21.44180 11.72740
C 183.44800 21.83320 9.84235
C 181.25800 24.15570 9.79477
C 184.55100 24.76840 9.74726
C 182.35300 27.19540 9.75699
H 183.05800 23.69170 11.46760
H 180.87100 25.97650 11.22470
C 178.94800 26.68280 9.79832
H 184.22800 26.64370 11.34310
H 179.68800 23.08480 11.43730
C 185.65300 27.75370 9.63829
C 191.57000 25.91030 9.61026
C 188.12100 25.35880 9.63932
C 190.41300 22.98490 9.63296
C 186.96400 22.50790 9.72555
H 191.07000 27.72790 11.24150
H 186.48700 24.38540 11.27800
H 187.59400 27.21910 11.14860
H 189.95400 24.84300 11.23800
H 188.82100 21.92260 11.24810
H 192.30300 22.59070 11.26750
C 193.93100 23.55350 9.68226
C 194.98500 26.57990 9.71153
C 198.36500 27.05340 9.88194
C 197.19100 24.31850 9.85387
C 199.46000 21.80100 9.98747
H 193.43300 25.39150 11.20230
H 196.69300 26.10860 11.50040
H 199.00700 23.75600 11.52110
H 195.71200 23.10270 11.42480
C 201.71400 27.72290 9.75656
C 202.82000 22.45970 9.96430
C 200.60300 24.86680 9.90869
C 204.01600 25.40290 9.73076
C 206.39100 23.03870 9.78388
H 200.19000 26.75550 11.48490
H 202.52400 24.34330 11.47360
H 203.56100 27.29640 11.37510
H 205.88200 24.95540 11.33440
H 204.84600 21.99080 11.44790
H 178.67500 28.51860 11.44230
H 185.35400 29.60530 11.24240
C 181.28500 32.44930 9.77039
C 183.40700 30.11100 9.72342
C 184.69200 32.82700 9.62382
C 180.14000 29.60640 9.80520
H 181.93600 29.00540 11.41300
H 183.13200 31.94420 11.37060
H 180.92300 34.31710 11.37390
H 179.83100 31.41750 11.46300
H 188.91100 30.13060 11.00140
C 188.14800 33.59650 9.50353
C 186.89100 30.60080 9.54010
C 189.26000 28.15700 9.53462
C 190.51400 31.25030 9.49750
C 191.62500 34.16290 9.62013
H 189.97300 33.03840 11.16490
H 192.24600 30.71570 11.19010
H 186.64500 32.52670 11.16710
C 192.72600 28.78890 9.67663
H 193.45100 33.64100 11.23410
C 197.10500 32.39530 9.77118
C 196.06500 29.49250 9.83995
C 193.94300 31.75390 9.71146
H 198.98700 31.96450 11.36180
H 196.74600 34.29040 11.34780
H 194.47200 28.38210 11.38600
H 195.65700 31.30200 11.51470
H 197.94500 28.98690 11.40070
C 199.50900 30.07770 9.76925
H 205.74300 33.29490 11.25360
C 205.08600 28.38420 9.72636
H 204.75700 30.22030 11.32850
H 201.41100 29.61020 11.37740
C 200.55000 33.15140 9.78934
C 206.23600 31.44870 9.72723
H 202.41500 32.56370 11.39170
C 203.89000 33.72180 9.69923
C 202.90100 30.77010 9.76641
C 180.10000 4.83980 12.95490
C 182.31400 2.51905 12.86340
C 183.47700 5.36354 12.88310
C 181.30500 7.84224 12.95800
C 178.90900 2.01615 12.91890
C 185.80300 3.10538 12.95350
C 186.89400 6.01171 12.96620
C 189.18600 3.53824 12.93620
C 190.20900 6.58799 12.97520
C 192.53000 4.31947 12.68820
C 198.33100 2.59189 13.08210
C 199.43900 5.42630 13.21250
C 193.55600 7.15391 12.96250
C 195.90800 4.93953 12.93770
C 197.22700 7.86461 13.17440
C 194.78400 2.00011 12.82450
C 206.41100 6.66468 13.17780
C 202.94300 6.02229 13.14070
C 201.68700 3.05222 13.15620
C 205.18800 3.73222 13.01300
C 184.63400 8.42198 12.97150
C 180.13200 13.03540 13.09400
C 182.46900 10.73510 13.05310
C 183.44400 13.78120 13.09540
C 179.17100 10.21320 12.96870
C 185.81300 11.25670 13.00080
C 186.99100 14.16780 13.19740
C 188.09400 9.02792 12.92500
C 191.30500 9.57799 13.10320
C 189.14400 11.88680 13.11370
C 192.55300 12.38280 13.11630
C 196.01000 13.05930 13.09060
C 194.77400 10.07030 13.03000
C 198.41700 10.77390 13.32130
C 199.50700 13.73720 13.28440
C 200.66700 8.41653 13.28140
C 204.04900 8.94908 13.09620
C 201.80400 11.38920 13.21920
C 205.25700 12.01200 13.16650
C 202.92900 14.27870 13.07970
C 178.80900 18.37930 13.14040
C 181.19600 15.95970 13.10530
C 184.62000 16.71820 13.05330
C 182.43900 18.87290 12.96850
C 180.05900 21.22280 13.04220
C 190.22500 14.91850 13.28930
C 185.75800 19.62890 12.97910
C 188.02100 17.28190 13.13520
C 191.45000 17.94670 13.11750
C 189.25300 20.10910 12.95430
C 192.75500 20.87030 13.04930
C 193.74300 15.38930 13.20090
C 197.19400 15.94320 13.27290
C 194.85700 18.29200 13.19570
C 198.35400 18.99130 13.29370
C 196.03600 21.30740 13.10790
C 206.23000 14.90560 13.25730
C 204.01000 17.28540 13.11400
C 200.51900 16.60910 13.28100
C 201.62800 19.62590 13.26630
C 205.29400 20.22750 13.17440
C 179.22400 26.58120 12.96200
C 183.50700 21.87740 13.04260
C 181.19600 24.24020 13.01010
C 184.66400 24.80290 12.98700
C 182.45200 27.02630 12.87830
C 185.84100 27.82460 12.91000
C 186.97200 22.64520 12.86240
C 190.40500 23.01200 12.88560
C 188.07800 25.47620 12.81370
C 191.59300 25.84870 12.82480
C 199.35200 21.97110 13.23640
C 193.78500 23.54070 12.93290
C 194.78000 26.54650 13.00000
C 198.28100 27.16940 13.07280
C 197.17900 24.29190 13.09670
C 206.34500 23.21240 13.02650
C 200.64700 24.88640 13.07600
C 204.10200 25.57060 13.03900
C 201.78400 27.86100 13.06130
C 203.02200 22.53820 13.14970
C 183.57600 30.03900 12.94030
C 180.21700 29.59180 13.08190
C 181.41600 32.52750 12.98500
C 184.87200 33.03460 12.79910
C 191.55000 34.08030 12.77290
C 189.14300 28.26650 12.73470
C 190.36700 31.18440 12.74160
C 187.12400 30.65200 12.70410
C 188.16900 33.67100 12.78160
C 192.53600 28.96180 12.86390
C 197.31600 32.48130 13.02400
C 199.51000 30.06730 12.94010
C 196.05700 29.38530 13.03200
C 193.69300 31.74690 12.90080
C 203.95300 33.59560 13.03950
C 206.21700 31.47960 12.92560
C 202.97700 30.65460 12.98150
C 200.58200 32.99610 13.02550
C 205.08400 28.41110 12.97580
C 180.12500 37.58710 9.77190
C 182.40400 35.30590 9.64201
C 183.58400 38.24320 9.60255
C 181.27200 40.59740 9.68924
C 179.01300 34.71290 9.81337
H 185.46700 37.81850 11.18770
H 182.07500 37.16230 11.26310
H 179.76500 39.45540 11.38100
H 183.16400 40.13990 11.23530
H 184.43000 34.80710 11.03630
H 178.55500 36.49630 11.46110
C 186.02500 36.00800 9.51401
C 187.03700 38.88580 9.55573
C 189.45900 36.52580 9.52950
C 190.56000 39.43640 9.59122
H 187.83700 35.45010 11.09560
H 192.26400 38.94770 11.32340
H 186.62800 40.69270 11.26180
H 191.19200 36.00050 11.23610
H 188.93000 38.37170 11.10080
C 192.75500 37.13980 9.71129
C 195.97200 37.71190 9.92681
C 193.75200 40.10110 9.74231
C 198.34800 35.44120 9.83064
C 199.39300 38.43180 9.89260
C 197.10000 40.80980 9.93011
C 194.93500 34.93990 9.75169
H 194.40000 36.60260 11.52910
H 198.99300 40.28510 11.55850
H 195.47900 39.55510 11.47400
H 197.82200 37.29490 11.49240
C 201.69700 36.10450 9.93957
C 202.78200 38.84760 9.89370
C 205.12000 36.58980 9.88960
C 206.36800 39.49240 9.84974
H 200.09500 34.90280 11.47350
H 204.71800 38.47150 11.49330
H 202.46400 40.76270 11.43510
H 201.15000 37.89510 11.57910
H 203.54000 35.47980 11.46670
C 184.79600 41.19150 9.64178
C 178.90100 42.92550 9.70314
C 182.42400 43.40170 9.65912
C 180.19800 45.81710 9.63941
C 183.49900 46.48310 9.47504
H 185.35900 45.99340 11.13950
H 184.34100 43.02340 11.21140
H 182.06700 45.36090 11.18960
H 180.79500 42.51000 11.23770
H 178.52300 44.82380 11.26420
C 185.82000 44.11140 9.54335
H 189.98600 41.34850 11.16830
C 188.10900 41.80540 9.60598
C 191.54000 42.47100 9.58011
C 189.17700 44.72990 9.53917
C 186.90600 47.09010 9.46811
H 191.00900 44.28560 11.19810
H 188.73600 46.62040 11.06840
H 192.12200 47.26040 11.06430
H 187.66300 43.67870 11.16180
C 190.27700 47.62400 9.38404
C 192.56400 45.34320 9.57733
C 194.81200 42.99850 9.69900
C 198.39900 43.62650 9.76724
C 196.03200 45.81090 9.60684
H 194.38200 44.89860 11.27260
C 199.69300 46.54050 9.57975
H 193.21100 42.00340 11.31960
H 198.02800 45.42850 11.07120
H 196.65500 42.53100 11.30260
C 200.59700 41.17850 9.85114
C 204.09900 41.72180 9.76589
C 201.79600 44.21070 9.69546
C 205.12900 44.76480 9.66942
C 202.84000 47.18320 9.69697
H 203.59700 43.65910 11.28760
H 205.93700 41.37270 11.39570
H 201.36500 46.01470 11.27960
H 200.30900 43.09180 11.34380
H 204.73300 46.61780 11.26810
H 179.81200 47.69770 11.30350
C 184.48900 49.43200 9.35350
C 181.11400 48.83800 9.58565
C 182.16400 51.76250 9.39648
C 178.95000 51.18960 9.50751
H 184.10000 51.34050 10.89650
H 181.95400 53.65760 10.95840
H 180.75100 50.73920 11.19030
H 183.05300 48.32380 11.09530
H 185.32700 54.20520 10.88200
C 180.09000 54.06160 9.36434
H 178.51100 53.04520 11.04670
C 185.76800 52.28280 9.31569
C 188.01000 49.98470 9.36071
C 191.57000 50.58580 9.39236
C 189.27000 52.98180 9.29496
H 187.67100 51.92760 10.91640
H 186.37400 49.02740 10.95460
H 189.91600 49.58290 10.95410
H 191.08200 52.47340 10.96660
C 192.73500 53.49990 9.38141
C 193.69300 48.26580 9.42174
C 197.24400 48.79810 9.58973
C 195.05500 51.19410 9.52767
C 198.39900 51.79630 9.68942
H 193.36700 50.11590 11.09030
H 195.54800 47.74600 11.07040
H 194.48900 53.06710 11.10880
C 196.21200 54.00390 9.56323
H 196.79600 50.69370 11.23740
H 197.90000 53.57790 11.32090
H 199.06100 48.29900 11.26480
C 206.35000 47.81810 9.75532
C 204.07500 50.08070 9.70535
C 200.67500 49.41610 9.69407
C 201.81400 52.38810 9.64665
C 205.16100 53.14780 9.77467
H 200.28100 51.28290 11.25970
H 203.63600 51.91100 11.29750
H 202.49700 49.01970 11.35000
H 205.86600 49.63700 11.41220
H 201.32900 54.20120 11.32650
C 179.01700 59.30220 9.31625
C 183.44000 54.74660 9.33807
C 181.28700 57.17630 9.32820
C 184.63500 57.62430 9.28948
C 182.33400 59.92170 9.37320
H 183.03100 56.58270 10.90830
H 179.69100 55.99080 10.84790
H 180.82100 58.92620 11.02550
H 184.30200 59.49990 10.87110
C 185.93000 60.50960 9.24109
C 191.63800 58.81440 9.15395
C 190.44900 55.90190 9.27261
C 188.14600 58.10300 9.32778
C 186.96500 55.26590 9.29591
H 187.79900 60.01060 10.88080
H 188.87100 54.87510 10.88110
H 190.13900 57.79410 10.80230
H 186.49600 57.11850 10.92980
H 191.21500 60.72280 10.66590
H 192.33300 55.40830 10.88550
C 198.45200 60.04170 9.34484
C 197.34400 57.18750 9.38824
C 193.92800 56.43370 9.30215
C 195.02500 59.40870 9.16741
C 199.41600 54.62640 9.72028
H 193.47900 58.35320 10.80320
H 195.74100 56.00750 10.96210
H 196.80600 58.96020 10.87300
H 199.04500 56.59340 11.16800
C 202.85800 55.26870 9.66515
C 200.58200 57.56830 9.53910
C 203.97500 58.15440 9.57188
C 206.18500 55.96180 9.76701
C 201.73000 60.53970 9.42093
H 200.22000 59.52160 11.04150
H 202.38200 57.20680 11.22940
H 204.62000 54.91160 11.41550
H 205.85500 57.86380 11.21700
H 203.49200 60.08080 11.09730
H 178.58700 61.20150 10.81070
C 184.64700 65.98060 8.99064
C 181.44000 65.20610 9.05956
C 183.55000 62.84710 9.11866
C 180.26100 62.22190 9.26438
H 185.46100 62.36130 10.66810
H 179.84800 64.13870 10.71830
H 182.17300 61.86480 10.90770
H 181.02000 67.08650 10.65810
H 183.29200 64.74060 10.67890
H 192.32200 63.65370 10.77810
C 190.42600 64.04090 9.08186
C 189.22600 61.03140 9.13478
C 187.00700 63.42880 9.06093
H 186.46700 65.28310 10.59770
H 188.85500 62.93330 10.71460
C 188.01700 66.45750 9.06378
C 191.52600 67.03940 8.99756
H 189.91200 65.86430 10.53870
C 199.57100 62.92410 9.35574
C 192.71500 61.84370 9.08378
H 197.90900 61.88220 10.92490
H 193.36800 66.55940 10.66680
H 196.81100 67.11580 10.75620
H 195.69900 64.22960 10.79690
H 199.03300 64.74910 11.00890
C 196.21500 62.37480 9.18464
C 197.37500 65.18480 9.23952
C 193.92200 64.68430 9.13939
H 194.55000 61.29120 10.70840
H 201.33400 62.44650 11.00440
C 206.13900 64.12330 9.47854
C 202.78400 63.69170 9.45655
C 205.11600 61.24700 9.56065
H 205.73400 65.98770 11.09580
H 204.54900 63.11000 11.08650
C 200.56800 65.80710 9.37098
C 203.93900 66.52860 9.51560
H 202.34400 65.45710 11.12440
C 180.25100 37.64860 12.97930
C 182.74900 35.29900 12.80160
C 183.61900 38.31130 12.83860
C 181.37000 40.71300 12.88960
C 179.11800 34.69930 13.01130
C 185.99600 35.94380 12.69980
C 187.07100 38.79450 12.78540
C 189.30600 36.54950 12.78220
C 190.35200 39.59290 12.76660
C 192.48500 37.17640 13.02220
C 195.99000 37.80440 13.09470
C 193.62300 40.25560 12.97410
C 198.19400 35.40900 13.04680
C 199.31600 38.48720 13.19510
C 197.03300 40.76160 13.01280
C 194.92600 34.68420 12.99610
C 201.66900 36.03090 13.09970
C 202.82400 38.92160 13.07910
C 205.15600 36.68250 13.03020
C 206.41700 39.50290 13.03610
C 184.72000 41.20560 12.86310
C 179.09100 43.03760 12.91620
C 182.50600 43.48390 12.81520
C 180.23500 45.77790 12.81480
C 183.57300 46.58050 12.77690
C 185.88800 44.25870 12.78300
C 188.16000 41.87340 12.82300
C 191.33600 42.56740 12.88470
C 189.12600 44.82140 12.75020
C 186.90200 47.27050 12.67650
C 192.50500 45.49980 12.78790
C 194.78700 43.05300 12.89930
C 198.33600 43.64170 12.75200
C 196.13600 45.93710 12.67620
C 199.52200 46.43210 12.85760
C 200.64000 41.32210 13.05860
C 204.05500 41.86760 12.99270
C 201.82000 44.22080 12.94450
C 205.03900 44.82740 12.96100
C 202.90300 47.12230 12.89530
C 179.03300 51.37590 12.81730
C 184.54300 49.60080 12.61870
C 181.31900 48.93930 12.82180
C 182.37600 51.88190 12.67550
C 180.11800 54.20970 12.52670
C 185.76200 52.40840 12.48060
C 190.26200 47.81490 12.63250
C 188.06100 50.08680 12.53860
C 191.44700 50.68060 12.60400
C 189.17800 53.06970 12.54030
C 192.53000 53.62250 12.59280
C 193.66500 48.34710 12.72120
C 197.10200 48.78610 12.77650
C 194.84400 51.30220 12.75340
C 198.40000 51.77920 12.85380
C 196.00200 54.25760 12.72920
C 206.16400 47.74450 13.03470
C 203.97700 50.13490 12.98980
C 200.56000 49.38640 12.90680
C 201.79100 52.34960 12.93020
C 205.14600 53.01140 12.92180
C 178.92600 59.45000 12.54170
C 183.51100 54.78970 12.51420
C 181.26000 57.02040 12.54960
C 184.62900 57.69600 12.49850
C 182.46400 59.98570 12.53510
C 188.26600 58.10260 12.45700
C 191.64900 58.97130 12.39170
C 190.36900 55.96990 12.44740
C 186.99700 55.22780 12.50240
C 185.95700 60.63420 12.41020
C 198.31800 60.06440 12.54740
C 193.83800 56.55260 12.49570
C 197.19800 57.20660 12.59330
C 194.94000 59.46900 12.40140
C 199.45700 54.83810 12.82270
C 201.68700 60.65110 12.68660
C 203.98800 58.34270 12.80550
C 202.70300 55.44830 12.97560
C 200.59100 57.77650 12.78330
C 206.24600 56.06570 12.89090
C 180.21400 62.29420 12.37890
C 183.79200 62.98970 12.40900
C 181.46100 65.26060 12.29960
C 184.76400 65.99840 12.22110
C 191.41400 66.98910 12.19180
C 187.03400 63.49710 12.25600
C 189.40100 61.19670 12.41910
C 188.09100 66.32550 12.19740
C 190.40400 64.10390 12.26820
C 192.77500 61.75450 12.34910
C 197.15200 65.37820 12.49220
C 199.46000 62.92300 12.57530
C 193.77000 64.73500 12.36260
C 195.95800 62.37970 12.44140
C 202.69000 63.57480 12.69930
C 206.15400 64.15090 12.67360
C 203.91000 66.64460 12.66610
C 200.45000 66.01540 12.55300
C 205.06100 61.25650 12.61960
C 180.14200 70.51350 9.09767
C 182.39100 68.26660 9.05352
C 183.47600 71.12550 9.17230
C 181.34300 73.43020 9.08333
C 179.08800 67.58730 9.14595
H 179.73800 72.35360 10.68040
H 183.16300 72.98770 10.73710
H 185.44700 70.65370 10.64910
H 184.30400 67.75660 10.55160
H 181.93800 70.02070 10.78620
H 178.53200 69.45630 10.70310
C 185.90500 68.88130 9.00397
C 187.01200 71.82250 9.10623
C 189.10500 69.45190 9.01123
C 190.33600 72.43400 9.24248
H 192.24700 71.75260 10.80580
H 188.69400 71.18320 10.79390
H 187.61600 68.22500 10.71470
H 186.40100 73.53270 10.82350
H 190.99100 68.83980 10.49670
C 192.73000 70.00460 9.06283
C 195.00300 67.64480 9.12813
C 196.07400 70.73870 9.04821
C 193.83500 72.90100 9.15108
C 198.32700 68.22880 9.06218
C 199.57500 71.17670 9.10105
C 197.25500 73.51130 9.12739
H 194.55200 69.53740 10.69620
H 199.07300 73.03090 10.68050
H 195.68600 72.45760 10.79310
H 197.85800 70.15100 10.61980
C 201.81700 68.75360 9.33370
C 202.88900 71.82650 9.35380
C 205.07200 69.36980 9.44201
C 206.14400 72.29970 9.31335
H 204.73500 71.31480 11.04930
H 201.22100 70.62000 10.85970
H 202.36500 73.52310 10.67300
H 200.07300 67.73300 10.77920
H 203.55600 68.40560 11.14440
C 184.67100 74.15070 9.11348
C 180.13100 78.72410 9.08657
C 183.61100 79.40240 9.12219
C 182.38400 76.43690 9.06221
C 178.96900 75.76240 9.04567
H 184.18000 75.95410 10.73340
H 185.41000 78.84250 10.83580
H 181.98400 78.30860 10.72690
H 180.86400 75.32820 10.64560
H 178.55200 77.63570 10.62790
C 185.85600 76.96400 9.22951
H 189.99400 74.18310 10.59960
C 187.93300 74.65460 9.23041
C 191.54400 75.44730 9.03965
C 186.93300 80.00080 9.19076
C 189.20100 77.66510 9.28922
H 192.21500 80.01590 10.88350
H 188.77100 79.44190 10.87310
H 191.07500 77.08370 10.88760
H 187.61600 76.49480 10.95890
C 192.57500 78.24200 9.21028
C 196.06800 78.89930 9.19619
C 195.02700 75.89790 9.09434
C 198.29600 76.52600 9.15026
H 196.80300 75.35090 10.77860
H 197.90900 78.33600 10.78080
H 194.49600 77.64690 10.75340
H 193.39000 74.70890 10.52870
C 199.52500 79.57240 9.26729
C 200.58600 74.20510 9.06270
H 205.96500 74.23840 10.82920
C 204.06000 74.70930 9.24369
C 202.85400 80.02260 9.35284
C 201.73100 77.13970 9.25140
C 205.15100 77.73860 9.27376
H 200.12400 75.95910 10.78610
H 204.72500 79.53240 10.93450
H 203.60700 76.51090 10.85220
H 201.31000 78.89140 10.95700
H 179.67200 80.59550 10.62340
C 178.96200 83.93900 8.89054
C 184.84300 82.39950 9.21987
C 181.25600 81.66450 9.03232
C 182.52100 84.62680 9.12009
H 184.29500 84.15740 10.85200
H 183.09300 81.25030 10.68010
H 180.81800 83.58360 10.56480
H 181.94700 86.46410 10.62720
H 185.43000 87.05760 10.96410
H 178.57800 85.80620 10.45300
C 180.18800 86.91550 8.92652
C 190.34300 80.57400 9.29099
C 185.88600 85.31030 9.26428
C 188.08700 82.91750 9.25889
C 191.49700 83.44790 9.34695
C 189.28600 85.83060 9.30872
H 186.56200 81.76460 10.87730
H 189.86900 82.34690 10.95930
H 191.09500 85.30330 10.90390
H 187.70300 84.72260 10.85160
H 195.44400 80.60940 10.97270
C 192.67800 86.48240 9.34747
C 193.69800 81.18050 9.28186
C 197.11600 81.80980 9.46380
C 194.85200 84.10840 9.32657
C 198.42600 84.69010 9.46827
H 199.14100 81.26740 10.92540
H 196.70700 83.56400 10.88500
H 197.79600 86.51930 11.04970
H 193.32100 82.96410 10.96740
H 194.44300 85.89080 11.00560
C 196.00600 87.02630 9.43659
C 206.17500 80.70470 9.28688
C 203.99200 83.03900 9.40729
C 200.71700 82.44450 9.33031
C 201.76800 85.39060 9.53160
C 205.05200 86.00800 9.49889
H 205.82300 82.44580 10.99280
H 202.47000 81.83230 11.00040
H 200.17800 84.16430 11.10610
H 203.58900 84.80350 11.10290
H 201.36700 87.10580 11.23670
C 179.09500 92.34200 8.89624
C 183.71500 87.48380 9.19657
C 182.53800 92.79500 9.19934
C 184.78000 90.47940 9.28153
C 181.38700 89.85260 9.01716
H 184.30900 92.25700 10.92520
H 180.81500 91.68380 10.63360
H 183.12700 89.34480 10.74410
H 179.70800 88.73910 10.51570
C 185.89900 93.40360 9.36641
C 187.01400 88.07080 9.30846
C 190.39000 88.80920 9.45153
C 188.20800 90.93830 9.45313
C 191.52600 91.76310 9.57107
H 192.14800 88.17540 11.08550
H 190.01500 90.58380 11.12720
H 188.81500 87.64260 10.91440
H 187.67800 92.80260 11.07100
H 186.57200 89.92160 10.91920
H 191.11400 93.52740 11.22880
C 198.40800 92.85830 9.75411
C 199.50200 87.61930 9.61426
C 193.68900 89.35110 9.57151
C 197.19300 89.90660 9.65069
C 195.02300 92.21370 9.66490
H 196.82500 91.72940 11.35770
H 193.36000 91.16140 11.23730
H 195.55400 88.82090 11.10430
H 199.07500 89.41860 11.23040
C 201.75000 93.48040 9.79499
C 200.70400 90.54340 9.64190
C 202.83400 88.31800 9.62968
C 203.92900 91.32740 9.68953
C 206.17000 88.91480 9.58637
H 200.21300 92.32840 11.34710
H 205.75700 90.73560 11.22650
H 204.67000 87.79360 11.25010
H 202.47500 90.07300 11.32990
H 203.55200 93.04990 11.50470
C 183.62500 95.75290 9.22937
C 181.44600 98.09620 9.23764
C 184.68500 98.75130 9.36320
C 180.26300 95.26870 9.18837
H 182.08300 94.61540 10.82030
H 185.36300 95.19210 10.97480
H 179.81000 96.98400 10.83230
H 183.16600 97.52080 10.90210
H 180.91700 99.87210 10.91670
H 178.57300 94.06120 10.60630
H 186.51300 98.15560 10.92440
H 189.84100 98.70910 11.27550
H 188.82300 95.71880 11.22930
H 192.23600 96.45600 11.18340
C 189.29200 93.88340 9.55955
C 188.11400 99.30650 9.50304
C 190.35700 96.85060 9.61937
C 191.47100 99.84990 9.75640
C 187.09500 96.26070 9.46597
C 192.73900 94.61390 9.57705
H 194.53200 94.07070 11.23040
H 197.85200 94.67220 11.32660
C 196.11300 95.24430 9.62028
C 199.47600 95.85340 9.77381
C 193.76600 97.66230 9.62044
C 197.23300 98.13680 9.68141
H 196.77200 99.95500 11.26190
H 195.57400 97.04350 11.23480
H 199.05300 97.61890 11.35910
H 193.36700 99.44790 11.31010
C 200.57100 98.78750 9.71950
C 205.05500 94.20090 9.91242
C 202.83000 96.44950 9.87096
C 206.22800 97.10950 10.10360
C 204.06100 99.46680 9.89398
H 201.23400 95.27900 11.44660
H 204.59300 95.94910 11.62930
H 202.36700 98.26870 11.38780
H 205.78400 98.94260 11.66340
C 180.08700 70.56190 12.36460
C 182.58600 68.18690 12.29920
C 183.58100 71.09610 12.27830
C 181.27800 73.50730 12.30280
C 179.15600 67.57970 12.25280
C 185.72000 68.81950 12.25860
C 186.88300 71.67570 12.41420
C 189.22800 69.33020 12.27290
C 190.38100 72.29780 12.28040
C 192.58000 69.94010 12.20160
C 194.91300 67.70080 12.29570
C 196.10200 70.59420 12.36180
C 193.78100 72.94350 12.29830
C 198.20400 68.37420 12.33240
C 199.32100 71.15540 12.33320
C 197.27000 73.56160 12.35420
C 201.54000 68.79000 12.51370
C 202.75100 71.76580 12.45810
C 205.13000 69.52740 12.74660
C 206.29200 72.48320 12.56160
C 184.57600 74.15410 12.42250
C 180.10300 78.76010 12.24960
C 182.35100 76.47550 12.34680
C 183.49600 79.39220 12.34680
C 178.93700 75.79170 12.22430
C 185.68600 76.99080 12.46990
C 188.16400 74.52080 12.31900
C 191.61000 75.11850 12.28090
C 189.21700 77.61410 12.51560
C 186.91200 79.94430 12.50730
C 192.73300 78.11230 12.44360
C 196.01900 78.74200 12.43370
C 194.83500 75.70500 12.27420
C 198.29700 76.52190 12.43150
C 199.42100 79.38750 12.50520
C 200.58000 74.07450 12.34380
C 203.95700 74.70350 12.29270
C 201.79100 76.92960 12.44580
C 202.97900 79.91050 12.55660
C 205.21800 77.60280 12.41710
C 178.94300 84.01150 12.15770
C 181.19800 81.75370 12.21430
C 184.64100 82.28160 12.38740
C 182.33000 84.60510 12.28160
C 180.01000 86.93370 12.16140
C 190.34500 80.48750 12.52290
C 185.87300 85.15970 12.49490
C 188.03800 82.92160 12.53720
C 191.45100 83.44180 12.54630
C 189.20300 85.85810 12.48580
C 192.57300 86.32300 12.68740
C 193.64900 81.12010 12.60590
C 197.15200 81.62560 12.42740
C 194.93300 84.01400 12.55830
C 198.19700 84.59030 12.59580
C 195.94000 86.96230 12.68380
C 206.32700 80.54000 12.57940
C 203.99700 82.86850 12.64910
C 200.64800 82.28240 12.65290
C 205.14700 85.87620 12.75550
C 201.73300 85.20400 12.75660
C 178.93700 92.22240 12.23350
C 182.34500 92.66710 12.39130
C 183.46100 87.43900 12.36600
C 184.64400 90.27690 12.46670
C 181.15500 89.85650 12.24040
C 185.81200 93.36450 12.60140
C 187.00800 88.12770 12.53630
C 191.46000 91.69910 12.85480
C 188.07800 90.94200 12.66020
C 190.30400 88.67510 12.64340
C 198.39500 92.87360 12.97020
C 197.15500 89.82040 12.81130
C 193.71600 89.25140 12.74970
C 199.43000 87.44990 12.75280
C 194.86900 92.18510 12.86700
C 206.30000 88.88390 12.83720
C 203.97800 91.17000 12.98890
C 200.58800 90.45930 12.92730
C 201.64300 93.44730 13.07660
C 202.85500 88.17810 12.92810
C 184.63100 98.71170 12.52870
C 181.31200 98.05350 12.48680
C 183.46300 95.68400 12.56960
C 180.09600 95.05830 12.30390
C 191.42000 99.81410 12.90690
C 189.15800 93.85160 12.77680
C 187.92600 99.17580 12.75220
C 190.39400 96.82590 12.84380
C 186.82300 96.36830 12.64160
C 192.68300 94.55070 12.83200
C 197.11900 98.04330 12.86070
C 195.97000 95.25120 12.91080
C 199.32500 95.78500 12.98590
C 193.71700 97.56970 12.89210
C 203.85600 99.35360 13.10970
C 205.10100 94.15740 13.18600
C 202.65000 96.48640 13.07580
C 200.51300 98.85400 12.93380
C 206.22400 97.10100 13.20090
C 180.11300 103.31600 9.22486
C 182.50700 100.92700 9.30715
C 183.66000 103.96700 9.45522
C 181.17900 106.30900 9.36045
C 179.10100 100.43600 9.31598
H 184.22700 100.54800 11.09460
H 181.93300 102.81300 10.82190
H 179.59100 105.11400 10.89160
H 182.99400 105.79400 11.05710
H 185.47700 103.54200 11.14580
H 178.62100 102.19800 11.00100
C 185.84400 101.62800 9.57509
C 187.05200 104.64000 9.49898
C 189.13500 102.24400 9.63021
C 190.35800 105.09800 9.60648
H 192.10500 104.63400 11.34570
H 187.64800 101.10500 11.21920
H 190.92100 101.67100 11.32450
H 188.74000 104.07400 11.24440
H 186.58800 106.43200 11.14460
C 192.66700 102.66300 9.81645
C 196.08400 103.43300 9.69869
C 193.81500 105.60800 9.77046
C 198.27800 101.09400 9.66164
C 199.37500 104.15500 9.74103
C 197.19900 106.44300 9.87574
C 194.87300 100.46300 9.69260
H 194.60200 102.30800 11.32230
H 198.98500 105.87500 11.51650
H 195.64100 105.23900 11.38150
H 197.89800 102.89200 11.31840
C 201.74600 101.63200 9.72782
C 202.92600 104.71100 9.84590
C 205.15600 102.31300 10.02360
C 206.35700 105.25300 10.05690
H 200.11100 100.63100 11.27450
H 201.27000 103.49100 11.21650
H 203.50400 101.22000 11.51340
C 184.68700 106.98100 9.53603
C 182.19800 109.19400 9.50537
C 179.86000 111.58000 9.48882
C 183.34600 111.96500 9.57705
C 178.75500 108.66600 9.36046
H 184.17000 108.73900 10.93120
H 180.51500 108.09000 10.99310
H 185.26400 111.68900 11.17030
H 181.65400 111.04000 11.12000
H 178.31800 110.40900 11.06260
C 185.79300 109.95600 9.47942
C 188.07100 107.55800 9.49576
C 191.50200 108.15400 9.56691
C 189.15600 110.49700 9.61923
C 186.94200 112.80200 9.61079
H 191.00900 109.96600 11.23330
H 189.90300 107.02500 11.12320
H 187.56100 109.37100 11.17850
H 188.83200 112.36900 11.20700
H 192.05800 112.82900 11.35820
C 192.63500 111.07400 9.72280
C 194.93200 108.68800 9.78759
C 198.29900 109.26500 10.00950
C 195.95400 111.63200 9.84353
H 193.24900 107.58100 11.24400
H 196.60700 108.17800 11.61410
H 194.38200 110.52700 11.40650
C 199.56400 112.13900 9.99550
C 200.63200 106.94200 9.93983
C 204.14000 107.63500 10.10130
C 201.78600 109.84100 10.07030
C 205.09900 110.48500 9.95831
C 202.82900 112.67800 9.92743
H 179.40900 113.31600 11.21540
H 178.52700 118.62100 11.44810
C 184.47300 115.04600 9.60430
C 181.07500 114.32100 9.66781
C 182.24500 117.31700 9.70386
C 178.83200 116.73700 9.80530
H 184.11900 116.84000 11.28920
H 180.73200 116.16700 11.36600
H 182.99900 113.87300 11.11430
H 181.87100 119.09500 11.39780
H 185.19500 119.79000 11.31780
C 180.05500 119.70500 9.76363
C 190.41200 113.40200 9.58720
C 185.65700 117.98400 9.70016
C 188.11100 115.65400 9.73467
C 191.57100 116.46500 9.75019
C 189.17800 118.66800 9.84701
H 187.53100 117.51700 11.36600
H 186.38400 114.59200 11.18230
H 190.01800 115.22300 11.23940
H 191.05500 118.15900 11.45220
C 192.56900 119.24900 9.81595
C 193.65800 113.94000 9.82696
C 197.21800 114.41800 9.95978
C 194.88700 116.75300 9.79673
C 198.23300 117.41200 9.86153
H 193.25600 115.77900 11.45460
C 196.00400 119.70000 9.84025
H 194.39900 118.62600 11.37700
C 206.23000 113.46200 9.98664
C 203.88700 115.76100 9.92053
C 200.54800 115.13100 9.79155
C 201.67500 118.06000 9.94219
C 204.97600 118.57500 10.03860
C 183.33500 120.17200 9.71261
C 181.10200 122.65800 9.64321
C 184.49300 123.23100 9.64912
C 182.25200 125.76600 9.65619
C 178.93600 125.02000 9.58909
H 179.65600 121.55600 11.33190
H 182.90100 122.13600 11.27270
H 180.76800 124.50500 11.22340
H 184.08300 125.10800 11.21240
C 185.70900 126.11000 9.71867
C 191.45100 124.32900 9.79586
C 190.38500 121.49000 9.90250
C 188.08800 123.79300 9.77426
C 186.83300 120.95600 9.74095
H 186.34900 122.76700 11.26890
H 188.62200 120.47200 11.42730
H 192.15900 121.05400 11.51350
H 187.65200 125.64600 11.27490
H 189.88000 123.34500 11.45270
H 191.06200 126.24600 11.33460
C 199.36600 120.32600 9.86141
C 198.32200 125.52300 9.66090
C 193.69600 122.12200 9.84203
C 194.79300 125.08600 9.77782
C 197.14000 122.69700 9.74129
H 193.27900 123.99700 11.45890
H 196.70300 124.57800 11.33840
H 195.55700 121.62800 11.39140
C 202.83100 120.98500 9.92106
C 206.31300 121.38800 10.15840
C 201.91900 126.23100 9.87697
C 204.13500 123.82100 10.02990
C 200.67000 123.31400 9.77528
H 178.58700 126.83700 11.26810
C 181.08400 130.96200 9.62085
C 183.36600 128.62600 9.66239
C 180.14700 128.10400 9.73620
C 184.61100 131.50700 9.70161
H 179.55800 129.89700 11.27220
H 181.91600 127.52300 11.41280
H 185.21500 128.03100 11.27320
H 180.67000 132.72200 11.28580
H 182.92000 130.49700 11.20180
H 188.77900 128.56000 11.27370
H 189.85400 131.45700 11.49620
H 186.47800 130.92500 11.25690
C 186.85200 129.12800 9.69889
C 188.18100 132.01700 9.71165
C 190.42400 129.72500 9.79878
C 191.31000 132.45500 9.72980
C 189.25400 126.71500 9.69763
H 192.20900 129.24800 11.46930
H 194.34700 126.89800 11.38230
H 195.57500 129.80300 11.58770
C 192.54000 127.43500 9.77988
H 193.26300 132.13400 11.23510
C 196.07600 127.96300 9.89863
C 199.69100 128.49300 9.76186
C 197.14100 130.78900 9.87660
C 193.79800 130.33500 9.82198
H 196.83500 132.74000 11.39940
H 199.08100 130.35000 11.41660
H 198.00300 127.41700 11.22060
C 200.73600 131.52200 9.87513
C 203.03700 129.35200 9.81047
C 204.07300 132.28500 9.91171
C 206.39200 129.92300 9.97856
C 205.12000 126.92500 9.85159
H 202.56700 131.09500 11.54120
H 205.93200 131.73400 11.57080
C 180.18800 103.35700 12.56690
C 182.27700 101.10700 12.61240
C 183.38200 104.02000 12.52530
C 181.06000 106.23400 12.60660
C 178.98100 100.22700 12.47030
C 185.77400 101.68600 12.74610
C 186.90400 104.61200 12.85880
C 189.04800 102.20900 12.88730
C 190.18600 105.23600 12.86620
C 192.69400 102.74100 12.82170
C 194.95800 100.44300 12.92680
C 196.09800 103.32300 12.95900
C 198.24900 101.07900 12.94260
C 199.44200 103.91200 12.91660
C 193.71900 105.79900 12.92210
C 197.11000 106.35400 13.15130
C 201.54500 101.71900 12.96710
C 202.65900 104.51200 13.07470
C 205.02800 102.30700 13.12600
C 206.23900 105.11400 13.26690
H 202.45600 106.42200 11.56310
H 204.67300 104.15700 11.58180
C 184.65000 106.91700 12.60790
C 178.70400 108.55200 12.64740
C 182.24100 109.08500 12.49320
C 179.86800 111.41500 12.75560
C 183.35100 111.95700 12.70610
C 185.62500 109.78900 12.69930
C 188.09200 107.59500 12.78690
C 191.35100 108.09300 12.83220
C 186.90800 112.75200 12.73030
C 189.12900 110.48400 12.80990
C 192.47800 110.98700 12.94090
C 198.23700 109.29100 13.10320
C 195.91300 111.62600 13.05360
C 199.38900 112.11200 13.13650
C 194.63100 108.65700 13.03380
H 197.79100 111.14100 11.47200
C 200.60100 106.90200 13.19070
C 204.07700 107.48200 13.17380
C 201.74800 109.80000 13.22090
C 205.12500 110.52900 13.20940
C 202.80300 112.88100 13.13250
H 205.97600 107.04600 11.75190
H 203.60900 109.37700 11.63510
H 204.60500 112.32000 11.54230
H 201.34300 111.65600 11.67570
H 200.16000 108.73800 11.62070
C 178.85100 116.74500 12.93380
C 181.10200 114.23800 12.77830
C 182.29700 117.19500 12.96840
C 184.54600 114.93400 12.82150
C 180.09000 119.74200 13.00290
C 190.23100 113.46100 12.93990
C 185.60700 118.01800 12.95410
C 191.39800 116.31900 13.04890
C 188.03900 115.67700 12.80350
C 189.11700 118.65200 13.00670
C 192.60400 119.18300 13.08210
H 195.49000 113.47600 11.42870
C 198.16400 117.36900 13.05520
C 193.60300 113.86300 13.00490
C 197.18100 114.48800 12.98230
C 194.84700 116.77800 13.06880
C 195.85300 119.77200 13.02980
H 197.81700 119.27500 11.53400
H 199.11200 114.01200 11.54010
H 196.63400 116.34700 11.44570
C 206.10400 113.49900 13.16360
C 203.76300 115.81900 13.03450
C 200.61300 115.25800 13.10330
C 205.16500 118.68200 12.99650
C 201.51200 118.14800 13.11000
H 201.23000 119.96600 11.48320
H 205.70200 115.26200 11.49400
H 202.28100 114.60200 11.40230
H 203.40800 117.52500 11.63370
H 200.06300 116.97000 11.44970
C 182.25000 125.68100 12.90840
C 178.99000 124.97000 12.92000
C 184.40700 123.33100 12.87520
C 183.37800 120.39100 12.97210
C 181.12600 122.71500 12.94420
C 185.66100 126.33700 12.78760
C 191.43100 124.47100 13.04460
C 187.94100 123.84200 12.91550
C 190.28200 121.51400 13.05380
C 186.72500 121.01700 12.95050
C 197.09900 122.73400 12.96830
C 199.31600 120.44400 13.03340
C 193.75800 122.20500 13.09010
C 194.92600 125.11600 13.01160
C 198.29400 125.64600 12.93140
H 198.97900 122.25500 11.34200
C 200.44800 123.35200 13.00530
C 204.08300 123.85200 13.11810
C 201.69100 126.17700 13.02290
C 206.39900 121.80500 12.97050
C 202.68500 121.09000 13.20560
H 206.05300 123.43700 11.61640
H 200.17500 125.13900 11.32070
H 203.72200 125.76000 11.64450
H 202.39600 122.86000 11.52460
H 204.58300 120.46800 11.68840
C 179.96300 128.02900 12.88920
C 183.42800 128.67200 12.89860
C 184.53800 131.52200 12.81150
C 181.18100 130.87000 12.91820
C 191.47500 132.61300 12.88810
C 190.28000 129.53300 13.01410
C 187.94300 131.97600 13.00410
C 189.22600 126.69600 12.88180
C 186.89200 129.09600 12.83440
C 192.50300 127.40200 13.02290
C 199.53900 128.54700 12.90670
C 196.11600 128.08100 12.83830
C 197.22700 131.02000 13.04440
C 193.70500 130.44000 13.04130
C 202.96900 129.16200 13.13670
C 203.98100 132.20100 13.12930
C 200.60500 131.42400 13.05350
H 201.52600 128.10400 11.39470
H 204.79800 128.77200 11.51350
C 206.38300 129.91300 13.13020
C 205.31600 126.97800 13.18280
C 211.95800 5.01112 10.01140
C 213.16600 7.73754 9.96827
C 208.75200 4.33680 9.95892
C 209.83700 7.31317 9.96122
C 210.92000 2.03880 10.04530
H 211.57200 6.78743 11.66280
H 208.31100 6.18912 11.61020
H 210.54700 3.86043 11.66870
H 207.13900 3.27953 11.47370
C 214.21600 2.70376 9.92535
C 217.63900 3.26480 9.84667
C 215.35100 5.46434 9.88577
C 218.90100 6.20323 9.91888
H 218.44300 8.02821 11.54850
H 213.77200 4.48751 11.59390
H 215.09900 7.35032 11.43840
H 217.25300 5.12373 11.42440
H 219.54800 2.72728 11.35600
H 216.09000 2.17951 11.46260
H 220.74600 5.70334 11.54210
C 221.26700 3.87506 9.90095
C 224.58500 4.52748 10.00110
C 222.35500 6.74978 9.94620
C 225.78000 7.45637 10.11240
C 226.88000 2.14864 10.07050
H 223.03400 3.36450 11.57080
H 227.65900 6.93217 11.64630
H 224.14000 6.32799 11.64370
H 226.44100 4.02448 11.63240
C 234.86800 6.33575 10.13750
C 228.08000 5.11346 10.05600
C 230.25400 2.66394 10.15730
C 233.75900 3.42000 10.14580
C 231.48700 5.64919 10.22330
C 229.21800 8.13347 10.12670
H 234.46700 8.11463 11.85650
H 230.96400 7.51402 11.80220
H 233.36600 5.21131 11.78940
H 232.18300 2.31458 11.71430
H 229.85000 4.52532 11.75020
C 212.02300 13.19580 9.96773
C 210.88800 10.31310 10.02450
C 208.61400 12.66440 9.95439
C 207.50700 9.59744 9.88936
H 212.80800 9.67392 11.54370
H 207.06400 11.47660 11.48480
H 208.10300 14.42240 11.63230
H 209.30200 9.15336 11.60910
H 210.42700 12.10180 11.57820
H 213.87200 12.60110 11.53610
C 216.59800 8.39787 9.86645
C 214.20400 10.83390 9.80260
C 220.09800 9.14740 10.01090
C 217.76700 11.38700 9.88630
C 215.48500 13.81380 10.02010
C 218.92900 14.25920 10.02970
H 219.58200 10.92830 11.57050
H 217.30000 13.16730 11.60420
H 216.08200 10.30200 11.34760
H 220.70500 13.88030 11.73430
C 221.26200 12.09660 10.03820
C 223.48300 9.83250 10.12330
C 224.70700 12.51160 10.19190
C 226.97500 10.23920 10.14840
H 221.94700 8.61693 11.64930
H 222.94800 11.60050 11.78510
H 224.01500 14.53110 11.51660
H 225.30700 9.26290 11.75700
H 226.60100 12.07750 11.71470
C 234.96600 14.47760 10.09160
C 228.07900 13.23890 10.03630
C 232.65400 8.58212 10.18480
C 230.25100 10.93970 10.17140
C 233.72800 11.62700 10.02800
C 231.38900 13.88450 10.14690
H 232.18600 10.51420 11.70940
H 229.82600 12.80830 11.75520
H 228.75100 9.84451 11.87900
C 213.14300 16.13900 10.07200
C 209.67000 15.47760 10.00460
C 210.85100 18.33550 10.06970
C 208.77500 20.68600 9.92503
C 207.55900 17.86250 9.98272
H 212.66300 17.93900 11.75310
H 207.08300 19.69690 11.54860
H 209.31400 17.26260 11.63310
H 210.42300 20.18660 11.69080
C 212.03900 21.22920 10.00760
H 211.56800 14.99820 11.58480
C 214.30500 18.87670 10.16350
C 216.49500 16.66040 10.06580
C 219.87700 17.14050 9.94621
C 217.65600 19.52690 9.95543
H 213.89700 20.79420 11.67020
H 214.92900 15.58460 11.72280
H 216.19700 18.48470 11.72890
H 218.36400 16.13120 11.62050
H 219.53000 19.07970 11.48290
H 217.18400 21.37260 11.50470
C 222.14000 14.88430 9.93680
C 220.97300 20.16860 9.88352
C 223.28000 17.83580 9.76035
C 225.58800 15.63010 9.93272
C 226.78500 18.34570 9.92854
C 224.63700 20.65680 9.70976
H 227.46600 15.10900 11.56010
H 221.82000 16.85900 11.40520
H 222.96800 19.75330 11.30570
H 225.05700 17.47720 11.49140
H 226.44500 20.29900 11.40780
C 232.69400 16.75430 10.11080
C 229.22000 16.00330 10.03800
C 230.39700 19.07700 9.98738
C 233.82800 19.64280 10.00430
C 228.01200 21.29790 9.79499
C 213.12200 24.28230 9.93455
C 207.50000 26.03880 9.78874
C 210.86200 26.56110 9.91618
C 209.68400 23.75230 9.82650
H 208.22000 22.57050 11.48320
H 206.93700 27.92280 11.36570
H 209.27400 25.56710 11.49340
H 212.62600 26.06800 11.63340
H 211.53400 23.16990 11.42600
C 214.03400 27.21880 9.93442
C 215.28700 21.88700 9.94589
C 218.64700 22.66620 9.89237
C 216.47500 24.90940 9.90035
C 219.87200 25.40500 9.98982
C 217.36200 27.81050 9.83657
H 214.97200 23.71830 11.57420
H 215.89300 26.70680 11.49510
H 218.16400 24.37040 11.64130
H 220.48100 22.09350 11.43880
H 219.41900 27.34360 11.17720
C 222.08000 23.06340 9.82668
C 225.73900 23.73390 9.58813
C 223.45400 25.90630 9.61964
C 226.90100 26.67770 9.53669
H 224.20400 22.63860 11.11130
H 221.94400 24.99460 11.42770
C 234.88100 22.51100 9.92479
C 233.64600 27.98230 9.70652
C 232.54300 25.03750 9.62962
C 231.46300 21.88840 9.76885
C 230.32900 27.36790 9.67777
C 229.18400 24.18990 9.69897
C 207.51600 34.33870 9.86880
C 213.02800 32.42190 9.89671
C 211.88800 29.50410 9.86278
C 208.52300 29.02540 9.79310
C 209.65900 31.98030 9.76145
H 209.33700 33.70850 11.45130
H 208.03400 30.88120 11.34030
H 211.40900 31.38740 11.43200
H 210.31100 28.47240 11.41720
H 212.61300 34.27890 11.49670
C 215.26900 30.14920 10.01730
C 219.88900 33.72270 9.83017
C 216.57700 33.12410 9.95200
C 218.69100 30.66510 9.88867
H 213.61300 29.04690 11.60900
H 217.21600 29.60080 11.62410
H 214.93600 31.91890 11.45700
C 224.59500 28.98840 9.50058
C 220.94800 28.40800 9.55990
C 223.50500 34.36730 9.80275
C 222.11100 31.45680 9.58251
C 225.53500 31.93910 9.76593
C 234.83200 30.92200 9.90933
C 227.98600 29.69220 9.64924
C 231.29400 30.22070 9.94973
C 229.29100 32.59050 9.91731
C 232.52900 33.19530 10.09740
C 212.04600 4.98311 13.31050
C 213.28600 7.86051 13.10810
C 209.77500 7.36568 13.26060
C 210.91100 1.99676 13.19610
C 208.58200 4.33945 13.21430
C 214.31400 2.69639 13.14640
C 217.72300 3.27329 13.00040
C 215.48000 5.56180 13.06090
C 218.78800 6.20982 13.09420
C 221.10400 3.79000 13.06920
C 224.59600 4.43202 13.23300
C 222.29100 6.74348 13.27480
C 225.75900 7.37130 13.25970
C 226.86700 2.21122 13.33620
C 227.94200 5.07584 13.31540
C 230.35100 2.71036 13.32770
C 233.73000 3.33627 13.37730
C 231.41600 5.58555 13.35280
C 229.08800 7.93714 13.43880
C 234.97700 6.24113 13.40350
C 212.05300 13.13510 13.17970
C 210.99100 10.16910 13.13470
C 207.44100 9.70038 13.16430
C 208.56600 12.53100 13.17330
C 216.55800 8.55571 13.05060
C 214.39200 10.77630 13.13820
C 220.05600 9.06473 13.14940
C 217.60500 11.31800 13.05240
C 215.43900 13.65060 13.20140
C 218.75700 14.33370 13.25120
C 221.01200 12.05440 13.29140
C 223.39700 9.62882 13.34200
C 224.63000 12.72950 13.15100
C 226.80700 10.27840 13.42720
C 227.93600 13.44220 13.32750
C 232.52800 8.68412 13.38570
C 230.30700 10.99350 13.41310
C 233.68900 11.63350 13.25430
C 234.96100 14.49390 13.25870
C 231.46700 13.84080 13.25450
H 233.35300 13.48660 11.61390
C 213.06800 16.03930 13.28010
C 207.46800 17.88650 13.21030
C 210.78200 18.33950 13.34660
C 208.57900 20.86320 13.22680
C 209.69000 15.41930 13.24280
C 212.00100 21.45180 13.14720
C 214.31300 18.99020 13.30590
C 216.57200 16.60590 13.32200
C 220.05000 17.33460 13.09230
C 217.90200 19.63410 13.14730
C 222.24900 15.22990 13.16640
C 221.11000 20.35720 12.95450
C 223.29000 18.06260 13.07770
C 225.60900 15.67220 13.09610
C 226.74700 18.49020 12.99700
C 224.53800 20.91520 12.87250
C 227.93500 21.52570 13.01630
C 232.59700 16.78320 13.26180
C 229.04600 16.22290 13.17710
C 230.25200 19.15880 13.06680
C 233.72000 19.83080 13.24340
H 233.25500 21.52830 11.50560
H 229.83900 20.97560 11.45680
H 231.06500 15.75800 11.74360
H 232.26100 18.67480 11.62670
H 234.54500 16.34330 11.73330
H 228.69000 18.02400 11.48420
C 207.35800 26.14770 13.01240
C 213.11700 24.15150 13.15520
C 209.72100 23.71140 13.09940
C 210.76900 26.71190 13.13750
C 214.07100 27.18350 13.20550
C 215.47100 21.92400 13.23830
C 216.33900 24.94860 13.22020
C 218.65600 22.49770 13.15330
C 219.96900 25.48620 12.85170
C 217.68000 27.75550 13.00140
C 226.95500 26.74060 12.77850
C 223.56900 26.22180 12.81960
C 222.32500 23.31560 12.78880
C 225.62600 23.78110 12.82840
H 222.97500 27.90690 11.05400
H 227.53300 23.21720 11.29280
H 225.37900 25.64110 11.17990
C 231.36000 22.03770 13.01340
C 230.20100 27.15940 12.88380
C 232.59500 24.94880 12.92690
C 233.67100 27.80340 12.94660
C 234.82300 22.76290 13.03180
C 229.20900 24.36830 12.77240
H 228.74300 26.12670 11.09990
H 232.09500 26.79110 11.32900
H 231.13500 23.85270 11.24600
H 234.37300 24.48800 11.28620
C 209.61500 31.86360 13.07620
C 208.42800 29.06360 12.98240
C 213.01800 32.35790 13.02620
C 211.80900 29.59410 13.12760
C 207.37000 34.30490 12.88580
H 218.46800 32.52090 11.56100
C 220.09600 33.75970 13.07490
C 215.24800 30.05480 13.13970
C 216.54000 32.99330 13.09680
C 219.00900 30.58850 13.06380
H 220.76200 30.22730 11.27720
H 225.27000 33.82330 11.41980
C 221.12900 28.34420 12.79310
C 225.57600 31.93330 12.77680
C 223.42900 34.26010 12.95590
C 222.34300 31.36060 12.90700
C 224.48300 29.08530 12.68470
H 221.82100 33.21560 11.32560
H 227.51600 31.49340 11.25520
H 224.03800 30.86870 11.05570
H 226.40700 28.54250 11.14430
H 228.47100 34.36000 11.47820
C 227.77900 29.67920 12.91630
H 230.89800 31.94600 11.75110
H 233.21300 29.73950 11.40530
H 234.42600 32.63670 11.65920
C 231.27900 30.13330 13.02390
C 234.86800 30.64470 13.07570
C 232.55800 33.08410 13.24090
C 228.86700 32.52180 13.09020
H 229.64000 29.03230 11.40890
C 211.96400 37.68210 9.87955
C 213.11300 40.77170 9.81543
C 208.67900 37.28500 9.80721
C 209.76200 40.26650 9.84943
C 210.91400 34.80650 9.85975
H 207.08700 36.21030 11.41850
H 208.28800 39.10450 11.45500
H 210.41100 36.64880 11.50770
C 214.20000 35.34360 9.88868
C 217.54000 35.97840 9.88621
C 215.35900 38.20820 9.86374
C 218.72600 38.92920 9.84112
C 220.99500 36.63780 9.87373
C 224.39000 37.28000 9.82260
C 222.15500 39.57740 9.86522
C 225.48100 40.14690 9.89771
C 226.74700 34.96030 9.77375
C 227.75300 38.01450 9.84764
C 234.74000 39.01220 10.05400
C 230.13800 35.65420 9.95115
C 233.56300 36.02180 9.97592
C 231.35700 38.52960 9.86899
C 229.01700 40.66610 9.95168
C 207.51300 42.50330 9.85338
C 210.80100 43.11260 9.89428
C 208.50700 45.48790 9.84267
C 211.78100 46.03570 9.88825
H 209.27600 42.02290 11.56060
H 208.10200 47.29180 11.53970
H 206.92700 44.37120 11.37240
C 216.39100 41.20750 9.69628
C 214.00800 43.74390 9.71932
C 219.94000 41.79890 9.89119
C 217.61100 44.19500 9.75814
C 218.69900 47.06610 9.87538
C 215.21800 46.57630 9.75622
C 221.05000 44.80330 9.90024
C 223.17900 42.53770 9.86127
C 224.24400 45.47270 9.84205
C 226.70000 43.05260 9.92189
C 227.82100 45.96750 9.87281
C 232.36900 41.36290 9.88162
C 230.14300 43.71240 9.70565
C 233.57700 44.24040 9.85200
C 231.41200 46.71160 9.76764
C 234.64500 47.11730 9.85112
C 207.40500 50.80640 9.80065
C 212.99400 48.88190 9.86969
C 209.56100 48.49260 9.84345
C 210.76100 51.40320 9.83371
C 208.58000 53.78140 9.71975
C 211.86800 54.32380 9.74639
H 207.03700 52.68420 11.34730
H 210.33500 53.26240 11.43040
H 209.19900 50.30980 11.42000
C 214.07900 51.86450 9.75250
C 216.40900 49.51520 9.82208
C 219.75500 50.02620 9.84864
C 217.47800 52.43990 9.85190
C 222.03700 47.74610 9.89841
C 220.80500 52.92510 9.62777
C 223.03900 50.61720 9.81700
C 225.33700 48.37970 9.75070
C 226.57200 51.16920 9.73257
C 224.30100 53.47420 9.68089
C 227.68800 54.12330 9.52644
C 233.39400 52.43620 9.67783
C 232.39600 49.63110 9.78325
C 228.97700 48.87130 9.77885
C 230.08400 51.99990 9.81392
C 207.43100 58.94530 9.62282
C 209.63500 56.68050 9.66536
C 213.05900 57.33590 9.71888
C 210.80700 59.52720 9.64827
H 211.51600 56.17850 11.26840
H 208.11100 55.60540 11.34720
H 209.23000 58.48650 11.22380
H 207.01300 60.81230 11.15850
H 212.58500 59.12920 11.38340
C 218.64300 55.33510 9.71641
C 216.42700 57.70970 9.68403
C 219.83800 58.26440 9.56406
C 215.30400 54.70790 9.75430
C 214.17900 60.14060 9.69229
C 217.52600 60.73270 9.64265
H 216.03900 59.54200 11.31810
H 219.48800 60.17150 11.12550
H 214.89400 56.60530 11.29300
H 218.31600 57.20950 11.29530
C 225.52000 56.40580 9.48220
C 222.14100 55.86530 9.58856
C 223.32300 58.84450 9.41167
C 226.69300 59.44760 9.43321
H 225.15500 58.33410 11.04400
H 222.93600 60.69760 10.96680
H 221.76500 57.76000 11.12030
C 231.33700 54.84290 9.65392
C 228.95800 57.18060 9.54890
C 234.60200 55.41890 9.55140
C 232.37500 57.71110 9.51557
C 230.16100 59.98140 9.52062
C 233.45300 60.78290 9.47935
H 232.05100 59.53570 11.13680
H 234.23000 57.25190 11.10910
H 228.48500 58.93800 11.05640
C 207.32700 66.98570 9.46891
C 209.61200 64.75740 9.45828
C 213.17600 65.40410 9.55936
C 211.92900 62.37610 9.57074
C 208.59000 61.87530 9.51479
H 209.24800 66.67790 11.04490
H 208.05400 63.76630 11.04360
H 212.69800 67.24930 11.18180
H 211.53100 64.33130 11.04120
H 210.28800 61.38480 11.18710
C 215.30200 63.09780 9.64038
C 218.65300 63.57740 9.65462
C 216.55200 66.04470 9.65940
C 219.83700 66.45810 9.58999
H 218.32000 65.40060 11.32230
H 220.60900 63.05240 11.12170
H 217.12300 62.51810 11.29830
H 215.01100 64.94180 11.23860
H 213.75900 62.01240 11.22540
C 225.70500 64.72480 9.53935
C 224.45500 61.80650 9.36386
C 222.14000 64.10120 9.46422
C 220.99600 61.23860 9.46711
C 223.37400 67.01940 9.52137
H 225.27200 66.60490 11.10390
H 227.48900 64.16790 11.22510
H 226.25600 61.32870 11.02070
H 221.70500 65.98540 11.10530
H 223.97600 63.63040 11.02650
C 227.92000 62.35150 9.53755
H 229.73700 61.83230 11.15210
H 232.98600 62.52500 11.16090
C 234.60500 63.46530 9.48838
H 228.50400 67.15480 11.07860
H 234.35500 65.34560 10.90330
H 230.77000 64.83530 11.02180
C 232.43400 65.83920 9.42745
C 231.22600 62.91690 9.47529
C 228.90300 65.34700 9.49617
C 212.00000 37.75490 13.09280
C 213.19500 40.61340 13.01670
C 208.58700 37.22970 13.06210
C 209.79600 40.16910 13.10890
C 210.84300 34.80410 13.11630
H 211.58900 39.58320 11.41630
C 214.12000 35.37410 13.11630
C 217.64000 35.91980 13.12810
C 215.36700 38.31890 13.09810
C 218.73500 39.01090 13.06190
H 219.43800 35.56520 11.47260
H 217.20500 37.79370 11.49220
H 216.01600 34.88340 11.54040
H 218.17200 40.75850 11.34870
H 214.94800 40.08000 11.35670
H 213.79700 37.18950 11.49280
H 220.53500 38.48750 11.49360
C 221.07200 36.63280 13.04770
C 226.71400 34.94210 13.10190
C 224.45200 37.22880 13.04400
C 222.08400 39.50040 13.14540
C 225.40200 40.16670 13.10700
H 227.30800 39.73660 11.58050
H 226.23500 36.77210 11.37480
H 222.86500 36.14610 11.41390
H 223.89800 39.07100 11.49530
C 227.88400 37.74820 13.00670
C 234.49300 39.05770 13.20550
C 230.02000 35.49340 12.97590
C 233.55300 36.05080 13.15850
C 231.16700 38.29220 13.08150
C 228.98700 40.79930 13.12280
H 230.87200 40.23610 11.58400
H 229.68000 37.33400 11.28820
H 233.07300 37.89760 11.54570
H 231.99200 34.91260 11.55170
H 234.10700 40.87710 11.53180
C 207.38200 42.60190 13.05230
C 210.86500 43.09910 13.09940
C 208.45500 45.43840 13.08700
C 211.91000 46.00250 13.06720
H 210.31200 44.90430 11.49520
H 212.66300 42.52500 11.45850
C 216.31900 41.38500 12.95200
H 213.68500 45.49020 11.42620
C 214.23000 43.66320 13.02720
C 219.74500 41.78650 12.98260
C 217.40600 44.12540 12.93130
C 215.26500 46.56620 13.07130
C 218.59200 46.98450 13.00750
H 219.39200 43.68350 11.44580
H 215.88200 43.09270 11.23730
H 220.49400 46.64540 11.52410
H 216.99700 45.99780 11.33920
C 220.90700 44.80570 13.09870
C 223.20300 42.50320 13.19260
C 224.31900 45.56230 13.14180
C 226.65900 43.06890 12.96480
H 226.05500 44.97750 11.43230
H 223.81900 47.31870 11.46290
H 224.96200 42.01220 11.47720
H 222.83300 44.33680 11.58300
H 221.74400 41.35140 11.53710
C 227.83900 46.12370 12.80400
C 232.30900 41.49060 13.16450
C 230.13300 43.87730 13.04810
C 233.49600 44.24270 13.03090
C 234.62000 47.29410 13.05530
C 231.19500 46.71230 13.03790
H 233.04800 46.12080 11.47750
H 231.89200 43.20630 11.40910
H 229.82200 45.57220 11.30500
H 228.63400 42.63680 11.40440
H 211.37600 47.87140 11.50470
C 209.59000 48.53820 13.11880
C 213.02200 48.95760 13.07590
C 207.35600 50.86680 13.02310
C 210.77400 51.39720 13.04630
C 208.49300 53.84030 13.04100
H 212.59900 50.79550 11.46320
C 211.87500 54.40930 12.98560
C 214.14000 51.99990 13.08340
C 216.31400 49.59780 13.07900
C 219.64300 50.02650 13.06000
C 217.54200 52.44700 13.02140
H 218.16800 48.91850 11.49570
H 213.68500 53.73670 11.39950
H 215.92100 51.38620 11.41030
H 214.83600 48.37950 11.45440
H 217.15200 54.34210 11.44830
H 219.38100 51.89100 11.37800
H 227.18800 47.94430 11.26350
C 222.02600 47.82350 13.12210
C 220.90800 53.09470 12.93150
C 223.18800 50.77270 12.97970
C 225.47200 48.40330 12.98390
C 226.56500 51.27290 12.84060
C 224.31100 53.54100 12.79780
H 221.54700 49.60150 11.52800
H 226.19000 53.09180 11.23110
H 224.93800 50.23460 11.37100
H 222.64600 52.50280 11.27140
C 232.41600 49.68610 12.99820
C 228.86400 48.93080 12.86860
C 229.94200 51.91050 12.77010
C 233.48800 52.51950 12.96350
H 230.85000 48.51600 11.41810
H 231.96000 51.42110 11.38590
H 234.21500 49.02340 11.35940
H 229.59500 53.68720 11.06070
H 228.42900 50.75130 11.25130
C 227.77700 54.16720 12.69020
H 233.16100 54.31570 11.30550
C 213.08100 57.26820 12.89540
C 209.68200 56.71220 12.89780
C 210.64300 59.64640 12.87890
C 207.39400 59.05080 12.82820
C 219.97700 58.31960 12.77060
C 218.79300 55.42420 12.92710
C 215.25100 54.79600 12.97670
C 214.16900 60.25050 12.91220
C 216.47000 57.68170 12.93990
C 217.69400 60.62300 12.84180
H 220.55600 54.84810 11.18860
C 223.41400 58.94020 12.66550
C 226.68100 59.48420 12.67830
C 225.58500 56.56400 12.71320
C 222.12500 55.97010 12.80320
H 227.33300 56.01660 11.05640
H 224.00300 55.41190 11.20450
C 234.61400 55.46230 12.88550
C 233.72800 60.63980 12.60700
C 230.12600 59.92480 12.67400
C 232.38700 57.67180 12.79310
C 228.89600 57.07030 12.69440
C 231.16900 54.71810 12.73450
H 230.86700 56.63820 11.22030
C 211.79800 62.54560 12.74190
C 207.33200 67.10090 12.68750
C 208.48100 62.07980 12.76970
C 209.61600 64.90320 12.64210
C 213.06800 65.40390 12.72670
C 216.48100 65.94000 12.93970
C 218.84500 63.53390 12.84780
C 219.95600 66.53240 12.85700
C 215.30500 63.08870 12.86890
C 225.53100 64.70730 12.69360
C 222.19200 64.14420 12.67370
C 221.19700 61.20820 12.66990
C 223.34200 67.00510 12.69890
C 224.43900 61.77760 12.66100
C 229.08800 65.33030 12.70910
C 234.76600 63.53020 12.56310
C 227.81000 62.27920 12.73850
C 232.51500 65.83110 12.52220
C 231.16300 63.11190 12.77740
C 212.14800 70.65110 9.55942
C 213.14200 73.62560 9.34084
C 208.51700 69.94030 9.41720
C 209.79700 72.85750 9.33742
C 210.88600 67.74400 9.49625
H 208.07900 71.92090 10.89960
H 206.93300 68.94280 11.05610
H 211.63800 72.53350 11.01400
H 210.42400 69.57290 11.04650
C 214.43000 68.30410 9.70015
C 217.67000 68.87360 9.62834
C 215.41700 71.13450 9.56294
C 218.65400 71.67010 9.42077
H 219.44400 68.35580 11.25400
H 216.16900 67.83010 11.33410
H 217.18000 70.70740 11.24870
H 218.33000 73.59460 10.82240
H 214.90400 73.10020 11.00580
H 220.69000 71.24170 10.94940
H 213.90500 70.14790 11.27300
C 226.75900 67.66360 9.39218
C 221.05600 69.26730 9.49991
C 224.46700 69.89190 9.43093
C 222.17400 72.33470 9.32198
C 225.71800 72.88440 9.39501
H 226.39000 69.55930 10.96650
H 222.91300 68.88030 11.12880
H 227.52000 72.50610 11.09690
H 224.08800 71.79770 10.94700
C 228.03400 70.64250 9.50976
C 230.19400 68.14480 9.51735
C 233.77100 68.78160 9.48877
C 231.32700 71.14810 9.44700
C 229.09800 73.55830 9.45724
C 234.75200 71.78640 9.56370
H 230.87200 72.99440 11.13550
H 234.15900 73.64680 11.07680
H 229.86700 70.02180 11.07650
H 232.07400 67.71410 11.04570
H 233.10200 70.67580 11.03940
C 207.51000 75.26380 9.15786
C 211.85800 78.96160 9.18955
C 210.89100 75.94870 9.24693
C 208.55700 78.30590 9.16374
H 210.36300 77.75560 10.84750
H 212.71300 75.45760 10.88980
H 208.03100 80.10440 10.87070
H 209.32200 74.78000 10.81910
H 207.07300 77.10780 10.77590
H 213.78000 78.34780 10.70810
C 216.36800 74.13480 9.26416
C 214.30900 76.48080 9.22675
C 219.92600 74.72920 9.28917
C 217.67600 77.17370 9.29988
C 215.50700 79.47730 9.29490
C 218.77800 80.14040 9.51117
H 217.21100 78.89420 11.07980
H 220.66900 79.48990 11.02310
H 219.46900 76.54110 10.95500
H 216.17100 76.00310 10.85500
C 220.96200 77.74100 9.31202
C 223.26700 75.30350 9.23138
C 224.40700 78.38880 9.39764
C 226.71500 75.83650 9.38762
H 223.96200 80.08020 11.13870
H 222.85500 77.11710 10.87000
H 225.07000 74.72810 10.89940
H 226.22600 77.68210 10.97990
H 221.81200 74.23390 10.89810
C 232.33900 74.07670 9.43828
C 227.72000 78.86230 9.41478
C 234.61900 79.90310 9.52514
C 230.08600 76.52840 9.38208
C 233.47600 76.94950 9.58187
C 231.13700 79.58110 9.40263
H 232.85900 78.89560 11.06780
H 229.59100 78.37040 11.02830
H 228.58300 75.41070 10.99290
H 231.85700 75.93230 11.04920
H 211.56500 80.74670 10.86180
C 213.11500 81.87970 9.27880
C 209.63100 81.23890 9.36317
C 207.35300 83.63220 9.36731
C 210.81000 84.12040 9.49285
C 208.51800 86.55180 9.45486
C 211.93600 87.08580 9.63656
H 212.69800 83.59690 11.04660
H 206.94400 85.38630 11.05260
H 209.16800 83.06930 11.02950
H 210.25500 85.97150 11.11270
C 214.22400 84.78940 9.56306
C 216.59000 82.55830 9.52594
C 219.92600 83.02810 9.58915
C 217.68600 85.37440 9.70141
H 214.92500 81.27070 10.89880
H 218.36600 81.91450 11.23130
H 213.69400 86.54590 11.30490
H 216.01700 84.22790 11.21990
H 217.19200 87.17420 11.33230
H 219.50600 84.78720 11.27270
C 222.14900 80.79150 9.49543
H 227.39100 80.68910 11.09120
C 221.02700 85.97170 9.72249
C 223.24800 83.48770 9.70684
C 225.57900 81.20360 9.54124
C 226.70000 84.26940 9.61559
C 224.37100 86.43880 9.70375
H 226.22700 86.00850 11.32620
H 222.83200 85.37100 11.36150
H 221.67600 82.43650 11.31280
H 225.16400 83.03870 11.20610
C 232.37800 82.42490 9.52007
C 228.97100 81.91580 9.51458
C 230.10100 84.74070 9.65194
C 233.49000 85.42570 9.65995
H 228.48800 83.69490 11.20440
H 230.74700 81.34250 11.11160
H 234.05500 81.86560 10.96220
H 231.94000 84.24970 11.22550
H 229.80500 86.57410 11.30940
H 233.15000 87.19040 11.45380
C 227.85100 87.01240 9.79166
C 213.04400 90.09770 9.84995
C 209.63600 89.57230 9.70406
C 210.80800 92.39870 9.81400
C 207.46200 91.87830 9.82945
H 212.56800 91.88880 11.51800
H 209.28300 91.31930 11.49740
H 206.94000 93.65890 11.46490
H 211.42700 88.86920 11.32400
H 208.09800 88.36810 11.15470
C 214.11700 92.99520 9.88136
C 215.29700 87.69480 9.77158
C 218.82900 88.25810 9.71152
C 216.44700 90.50070 9.88194
C 219.79100 91.29580 9.74105
C 217.61800 93.43560 9.86381
H 218.37000 90.06320 11.36240
H 216.04900 92.37100 11.46810
H 214.82500 89.42970 11.49860
H 219.42700 93.03280 11.49170
H 220.55900 87.74530 11.40250
C 222.13700 88.93030 9.78347
C 226.74500 92.33820 9.85593
C 223.37700 91.78590 9.78119
C 225.65800 89.41590 9.77181
H 227.42900 88.84130 11.43260
H 221.68700 90.72400 11.27220
H 224.05300 88.35110 11.27180
H 225.20500 91.24280 11.45310
H 222.97600 93.58080 11.43160
C 234.60300 88.37900 9.77795
C 231.31400 87.68270 9.81677
C 228.96900 89.99070 9.83406
C 232.33100 90.65400 9.89220
C 233.53300 93.62490 9.88562
C 230.15400 92.98820 9.97538
H 232.05000 92.49630 11.57420
H 234.24000 90.22750 11.42920
H 230.79400 89.52920 11.48770
H 228.55700 91.79850 11.50440
C 213.20500 98.19770 9.98117
C 211.92600 95.28060 9.80910
C 209.64600 97.71310 9.97451
C 208.55000 94.86110 9.93492
C 207.44300 100.01000 10.06460
H 208.09900 96.61160 11.62360
H 210.40000 94.21090 11.46230
C 218.84800 96.32320 9.91964
C 219.92000 99.34000 10.01080
C 216.51900 98.97960 9.98876
C 215.40900 95.80800 9.94550
H 213.73100 94.78610 11.47840
C 223.37800 99.96090 9.93794
C 224.58500 94.74810 9.82741
C 221.07800 94.12160 9.92785
C 225.78700 97.55440 10.05390
C 222.18300 97.03650 9.87226
H 227.60800 97.11260 11.67000
H 226.32700 94.12490 11.55480
H 224.00800 96.48630 11.51860
C 234.65200 96.61050 9.94611
H 230.93100 97.72310 11.67510
H 234.18400 98.38060 11.66010
H 233.10500 95.42150 11.46700
C 227.89600 95.19120 10.04500
C 232.37900 98.88960 10.08470
C 231.21300 95.99910 9.92138
C 229.12900 98.36060 10.08190
H 228.64500 100.11000 11.68820
H 229.83500 94.83300 11.62920
C 211.87700 70.72100 12.69950
C 213.10700 73.70660 12.62450
C 208.48800 70.13900 12.59310
C 209.66300 72.94080 12.48370
C 210.77300 67.71450 12.70960
C 214.27000 68.27440 12.86450
C 217.68800 68.92070 12.95670
C 215.40400 71.46170 12.82880
C 218.81600 71.86430 12.58820
C 221.04100 69.54200 12.73320
C 226.75700 67.85360 12.69940
C 224.54800 70.08930 12.59960
C 222.24400 72.44370 12.53210
C 225.55800 72.95440 12.58750
C 228.02000 70.58770 12.60670
C 230.19200 68.14490 12.61210
C 233.58700 68.87080 12.67170
C 231.28500 71.23170 12.71870
C 229.01700 73.60920 12.70510
C 234.57500 71.86990 12.67430
C 211.99800 78.82000 12.41930
C 207.48800 75.30620 12.45060
C 210.78400 75.90550 12.47050
C 208.52900 78.25380 12.47840
C 216.55500 74.18310 12.49860
C 214.28900 76.54200 12.41520
C 219.98100 74.60810 12.46950
C 217.64900 77.00280 12.61600
C 215.19300 79.35400 12.50970
C 218.81800 79.94090 12.72260
C 221.06000 77.48460 12.51710
C 223.30900 75.34400 12.58620
C 224.32200 78.09590 12.58990
C 226.68900 75.78000 12.53990
C 227.75900 78.77930 12.62950
C 232.37800 74.19270 12.78900
C 230.04800 76.61250 12.62770
C 233.36100 77.05380 12.71260
C 234.56900 79.98940 12.54650
C 231.04400 79.47700 12.72980
C 207.34700 83.51480 12.64970
C 213.15100 81.66600 12.58100
C 209.71300 81.07960 12.48160
C 210.81500 84.05690 12.66150
C 208.43900 86.45080 12.75130
C 211.78400 86.95510 12.88630
C 214.16700 84.66340 12.82440
C 216.39900 82.26660 12.72080
C 219.80500 82.93890 12.95210
C 217.58400 85.27630 12.85950
C 222.15500 80.51880 12.77430
C 220.97700 85.88510 12.98940
C 223.35700 83.45390 12.91270
C 225.61700 81.10890 12.75730
C 226.68200 84.03870 12.87650
C 224.38600 86.53620 12.93500
C 227.86300 86.91660 12.96090
C 232.34400 82.35690 12.71960
C 228.87100 81.75020 12.74090
C 230.05700 84.65590 12.84810
C 233.38800 85.25670 12.97260
C 210.68000 92.33690 13.13620
C 212.89500 89.92620 13.03900
C 209.57800 89.30950 12.98610
C 207.25900 91.72460 12.96920
C 217.60600 93.37440 13.11650
C 219.90000 91.13770 12.97910
C 216.56500 90.51930 13.01340
C 218.71900 88.19220 12.99000
C 214.21600 92.90760 13.07330
C 215.31500 87.53220 12.98220
C 225.55800 89.29450 12.97350
C 223.30300 91.64290 12.92400
C 226.73800 92.24510 13.15760
C 222.28000 88.87330 12.85870
C 234.69700 88.33530 13.02150
C 228.93800 89.87790 13.11100
C 233.57200 93.58810 13.09840
C 231.26800 87.67110 13.02180
C 230.08300 92.82930 13.12330
C 232.39000 90.56930 13.09150
C 207.50200 99.92920 13.20990
C 208.57100 94.63270 13.10230
C 209.80100 97.65170 13.20930
C 213.17600 98.01940 13.11420
C 211.92300 95.27140 13.12550
H 211.54800 97.08220 11.45720
H 209.34600 99.52000 11.64080
H 212.71300 99.98870 11.62640
H 220.70400 95.96810 11.52880
H 218.33700 98.17800 11.54930
H 215.08200 97.69280 11.56750
C 215.36900 95.74320 13.07220
C 216.61300 98.83440 13.21660
C 219.92500 99.25050 13.17210
C 218.85300 96.30390 13.13100
H 217.27500 95.27550 11.53740
H 225.16900 99.42870 11.55490
H 221.82500 98.82460 11.56080
C 224.46400 94.65370 13.14100
C 225.59100 97.61000 13.10920
C 223.33500 99.96900 13.19990
C 221.08100 94.03730 13.06930
C 222.25100 97.03570 13.16530
C 232.38800 98.92110 13.31650
C 227.87900 95.19360 13.22300
C 229.13200 98.27680 13.30550
C 231.36700 95.86930 13.25050
C 234.64600 96.50540 13.07110
C 212.05400 103.53200 10.12950
C 213.07500 106.30200 10.01210
C 208.60500 102.85100 10.08960
C 209.73300 105.82300 10.10800
C 210.92800 100.60300 10.03280
C 214.32100 101.12800 10.11640
C 217.63900 101.76800 10.08810
C 215.36000 103.88800 10.09600
C 218.86100 104.60100 10.01110
C 220.97100 102.22500 10.08590
C 224.45900 102.91400 9.97135
C 222.15900 105.23700 9.99345
C 225.69900 105.86300 10.05030
C 226.81300 100.57500 10.05050
C 234.68300 104.72500 10.21740
C 227.85300 103.48100 10.14960
C 230.16500 101.23900 10.03380
C 233.63300 101.78300 10.22010
C 231.39600 104.14000 10.11240
C 228.96000 106.33300 10.16530
H 230.92000 105.94600 11.68290
H 233.13300 103.63400 11.82420
H 234.24500 106.56200 11.87210
H 231.91700 100.75600 11.70170
H 229.74600 103.07300 11.68450
C 210.83600 108.78200 10.04660
C 208.52900 111.14400 10.07850
C 212.13500 111.70900 9.74300
C 207.41600 108.13300 10.02590
C 216.54200 106.88500 9.94076
C 214.40400 109.22500 9.78397
C 220.00900 107.60900 10.03500
C 217.80300 109.84000 9.96845
C 218.88300 112.89000 9.89142
C 215.53100 112.22400 9.79214
C 221.16700 110.60000 10.06540
C 223.25400 108.20600 10.13150
C 224.48800 111.10000 10.03100
C 226.76700 108.75000 10.02990
C 234.76000 112.89300 10.20570
C 227.90000 111.69300 9.93874
C 232.55600 107.01300 10.19950
C 230.29600 109.35900 10.07070
C 233.60000 109.88300 10.23380
C 231.45600 112.19200 10.11950
H 232.01900 108.86900 11.84230
H 233.23000 111.72800 11.83330
H 229.72800 111.19600 11.62410
C 207.50100 116.41900 10.00110
C 213.24200 114.70400 9.76624
C 209.70100 113.97500 9.96301
C 211.06300 116.87700 9.90505
C 208.73500 119.23100 9.85520
C 212.06400 119.90600 9.82339
C 214.33100 117.57100 9.82527
C 216.68800 115.11200 9.81158
C 220.00900 115.81800 9.89667
C 217.84400 118.12700 9.74218
C 222.30100 113.45200 10.04580
C 221.18800 118.79100 9.82889
C 223.41400 116.35600 9.94959
C 225.66300 114.10900 9.89495
C 226.76500 117.08800 9.91685
C 224.47100 119.57000 9.94308
C 232.42900 115.18700 10.03490
C 229.09600 114.71700 9.99830
C 230.24100 117.55600 9.98151
C 233.51200 118.26500 10.06310
H 234.16200 114.64900 11.80100
H 230.90900 114.05800 11.65290
H 228.58500 116.55200 11.57160
H 232.02200 117.03500 11.68650
C 227.87800 120.11500 9.96105
H 229.73200 119.42600 11.56170
H 233.15000 119.97500 11.61040
C 213.19400 122.80400 9.86734
C 209.80900 122.22800 9.85409
C 210.85100 125.20700 9.79125
C 207.40000 124.54400 9.86162
C 217.85900 126.46500 9.91171
C 219.99100 124.08600 10.02210
C 214.25500 125.80500 9.80724
C 215.38200 120.60700 9.75449
C 218.92200 121.15200 9.76169
C 216.50400 123.55600 9.82372
H 219.54000 125.92300 11.67520
C 226.87900 125.27300 10.20000
C 223.34700 124.84000 10.25300
C 225.61500 122.42700 10.03300
C 222.15500 121.88600 9.98383
H 225.38500 124.19400 11.74430
H 227.52400 121.84600 11.59430
H 223.01200 126.53300 11.67710
C 233.78400 126.41800 10.08240
C 230.28300 125.95600 10.05670
C 229.10500 123.03500 10.01780
C 232.57500 123.42600 10.01760
C 231.33900 120.59300 10.00060
C 234.72600 121.08100 10.00380
H 234.41300 122.89600 11.64750
H 228.85100 124.76200 11.70700
H 232.16700 125.26800 11.59470
H 230.91300 122.39400 11.65330
C 213.07900 131.00600 9.92373
C 212.03400 128.14000 9.85967
C 208.61300 127.57200 9.83670
C 207.53500 132.72400 9.93103
C 209.74300 130.46500 9.90679
H 208.22900 129.31900 11.54040
H 209.31300 132.22800 11.61440
H 212.73000 132.83700 11.58450
H 211.56700 129.92500 11.55100
H 218.39000 131.17400 11.66440
C 216.63900 131.55800 9.94893
C 215.50100 128.73300 9.90226
C 220.08100 132.25900 10.04520
C 218.85800 129.34200 10.01160
H 220.75000 128.89000 11.57000
H 217.28800 128.25100 11.60770
H 213.88000 127.58600 11.47990
H 214.95700 130.52200 11.48810
H 226.59800 127.11300 11.91120
H 225.36800 132.36700 11.68570
H 222.01800 131.78300 11.61480
H 227.63900 130.05000 11.83980
C 221.10900 127.15300 10.11640
C 222.41000 129.95200 10.04180
C 223.62200 132.84600 9.97456
C 224.78500 127.65800 10.21880
C 225.86100 130.48300 10.09540
H 224.21300 129.46100 11.73620
H 234.37200 131.21500 11.65880
C 231.45100 128.81500 10.12670
C 229.16000 131.10700 10.15740
C 228.10400 128.25600 10.23360
H 229.97700 127.69900 11.81080
C 232.54600 131.77600 10.11560
H 228.70400 132.96200 11.74630
H 233.32500 128.20500 11.72530
H 231.03600 130.61900 11.73120
C 234.73900 129.36700 10.06360
C 211.97200 103.54700 13.40780
C 213.21100 106.54400 13.24380
C 208.63400 102.86900 13.28400
C 209.66100 105.94400 13.33250
C 210.94300 100.55500 13.29390
H 211.55000 105.40200 11.79360
H 210.50700 102.43500 11.72240
H 207.00900 101.83200 11.66210
H 208.15800 104.69400 11.68910
C 214.20900 101.01600 13.31390
C 217.61500 101.74400 13.34200
C 215.38600 104.01800 13.29950
C 218.84800 104.70300 13.16830
H 213.78600 102.89100 11.83620
H 217.24200 103.54300 11.65840
H 218.40400 106.47400 11.54330
H 219.40600 101.14300 11.73040
H 214.98900 105.82200 11.57270
H 216.12600 100.69100 11.72290
H 220.69600 104.06700 11.60400
C 221.06100 102.24700 13.21860
C 224.36500 102.88300 13.21320
C 222.26100 105.14200 13.26780
C 225.42700 105.81100 13.30640
C 226.73500 100.46400 13.23450
H 222.93800 101.77700 11.60990
H 224.03200 104.72000 11.50930
H 227.37700 105.28200 11.85670
H 226.24400 102.33200 11.67100
C 227.86000 103.28700 13.31570
C 230.10200 101.27800 13.32740
C 233.50600 101.75000 13.34750
C 231.23900 104.10100 13.34640
C 229.01200 106.48700 13.25600
C 234.68500 104.73100 13.44720
C 210.95800 108.82000 13.08510
C 208.65900 111.21800 12.94730
C 212.16000 111.66000 12.97110
C 207.42400 108.25400 13.35050
H 212.82700 108.24900 11.52110
H 210.59700 110.54900 11.34400
H 206.88000 109.97800 11.61440
H 209.19300 107.71200 11.71760
H 208.10200 113.02300 11.68420
C 216.52700 106.91000 13.18200
C 214.35500 109.33300 13.10090
C 219.90200 107.57400 13.29980
C 217.61700 109.92500 13.13360
C 215.45800 112.25300 13.01010
C 218.73100 112.89700 13.18520
H 213.96600 111.09700 11.33540
H 217.33800 111.69800 11.46650
H 216.14600 108.72600 11.50750
H 219.60500 109.43200 11.69030
H 220.62300 112.41400 11.60980
C 220.98600 110.67700 13.35190
C 223.33700 108.22100 13.32810
C 224.60900 111.20800 13.29030
C 226.70600 108.75900 13.28340
H 221.76400 106.98700 11.77720
H 226.40600 110.63400 11.63630
H 222.94400 110.07500 11.76420
H 225.18000 107.70000 11.69030
H 224.20700 113.00100 11.61520
C 227.87000 111.78900 13.25780
C 232.39000 107.03200 13.42330
C 230.11900 109.37900 13.32620
C 233.65000 109.84400 13.44230
C 231.28400 112.21700 13.31870
H 228.61500 108.29600 11.62350
C 234.76900 112.91100 13.41040
C 213.25400 114.61300 13.09190
C 209.95100 114.09800 13.11200
C 207.41300 116.37000 12.95810
C 210.98900 116.94700 13.16270
C 208.62400 119.30200 12.98800
C 212.09600 119.87900 13.05390
H 210.58400 118.74500 11.47500
H 207.05800 118.16300 11.32440
H 211.72100 113.52200 11.40940
H 212.85100 116.46200 11.52410
H 209.48300 115.89600 11.55820
C 214.47500 117.64200 13.03460
C 216.55100 115.23500 13.06970
C 219.92400 115.92000 13.12320
C 217.72500 118.13900 12.99820
H 213.94600 119.39900 11.38770
H 217.26900 119.95300 11.31690
H 216.25300 116.99700 11.33650
H 215.04300 114.09500 11.41770
H 218.48400 114.70600 11.50680
H 219.66000 117.72000 11.46760
C 222.26800 113.47800 13.15280
C 221.16100 118.79500 13.11710
C 223.42100 116.40000 13.15110
C 225.77300 114.09500 13.22450
C 226.75200 117.09400 13.21120
C 224.48000 119.37500 13.17620
H 221.81100 115.31400 11.57120
H 225.29600 115.92200 11.57950
H 227.53400 113.58000 11.51280
H 223.00500 118.22400 11.50260
H 226.32500 118.88300 11.52500
C 227.86200 119.90300 13.16800
C 232.35000 115.19900 13.34320
C 229.02100 114.73100 13.16600
C 230.13200 117.64200 13.26510
C 233.57600 118.13500 13.23840
C 213.16200 122.85400 13.03180
C 207.60400 124.70700 13.10030
C 209.84000 122.30800 13.07950
C 210.89000 125.19600 13.03670
H 211.62300 121.69000 11.45540
H 212.65100 124.66200 11.41100
H 209.32300 124.10100 11.41610
H 208.36700 121.09100 11.50860
H 207.01900 126.43700 11.42000
C 214.25900 125.65500 12.98010
C 215.51800 120.52400 13.01350
C 219.78100 123.98300 13.21910
C 218.81800 120.97600 12.95250
C 216.44400 123.55800 13.05270
C 217.60100 126.38700 13.17150
H 215.00900 122.37100 11.48550
H 216.15000 125.36600 11.35990
H 218.31700 122.92400 11.44470
H 220.75900 120.64200 11.44120
C 222.12100 121.76700 13.25140
C 227.00700 125.16500 13.38930
C 223.46700 124.61100 13.26600
C 225.69400 122.17800 13.27300
H 221.68800 123.63800 11.77890
H 224.00700 121.25200 11.62330
C 234.71900 121.03300 13.30260
C 229.05500 122.83500 13.27640
C 231.27300 120.51900 13.21860
C 232.57600 123.41200 13.22690
C 230.44600 125.79000 13.32340
C 233.61700 126.38000 13.31700
C 208.61500 127.43700 13.09000
C 213.11100 130.97000 13.17070
C 212.03400 128.02000 13.09860
C 209.76200 130.42600 13.20510
C 207.41100 132.78000 13.15650
H 210.45200 127.03700 11.44220
C 218.87700 129.30200 13.20950
C 215.36200 128.69600 13.11510
C 216.47500 131.63100 13.14100
C 220.07100 132.29600 13.10060
C 223.52900 132.86100 13.26220
C 225.73900 130.50200 13.38690
C 222.26700 129.99000 13.25340
C 221.11700 127.00800 13.23050
C 224.55700 127.53500 13.31120
C 234.80500 129.36600 13.34310
C 228.18200 128.19700 13.47790
C 231.51900 128.80900 13.37340
C 229.26800 131.17000 13.34410
C 232.62400 131.78000 13.30650
C 237.07300 3.85995 10.07560
C 240.54400 4.49574 10.03770
C 238.23500 6.81956 10.03240
C 241.53000 7.42661 9.93112
H 238.96700 3.41961 11.62470
H 240.08400 6.33025 11.64510
H 236.70300 5.74146 11.69730
H 235.57200 2.73208 11.72920
C 243.76800 4.96817 9.92886
C 246.08800 2.54494 9.86983
C 247.35600 5.72196 9.85884
C 245.06200 8.00617 10.01960
C 242.57900 2.14653 10.01600
H 245.76900 4.55154 11.32140
H 246.93500 7.51310 11.60310
H 248.06600 2.23660 11.43290
H 243.43600 6.85767 11.51530
H 242.32600 3.91998 11.71980
C 249.56100 3.40011 9.80429
C 250.61300 6.44816 9.93119
C 252.99600 3.99652 9.86383
C 254.09500 6.99455 10.02240
H 251.39800 2.90330 11.42750
H 252.47100 5.79856 11.51500
H 254.92500 3.54364 11.48910
H 249.16500 5.18102 11.50810
H 250.19200 8.16416 11.71620
C 256.46600 4.75733 9.95054
C 259.67800 5.40865 10.15280
C 257.59100 7.61285 10.20840
C 262.00900 3.11320 10.11930
C 260.87900 8.05988 10.25200
C 258.67700 2.43601 9.98426
H 259.34700 7.05829 11.98270
H 255.87000 6.47309 11.68640
H 258.14600 4.18700 11.68190
H 261.59700 4.73205 11.54460
H 262.78200 7.68133 11.78500
C 235.86300 9.20273 10.06000
C 239.34600 9.79788 10.05670
C 237.21500 12.10250 10.09580
C 240.49200 12.75740 10.01930
H 241.28100 9.28952 11.58290
H 237.75800 8.68034 11.59450
H 235.53200 11.08980 11.62910
H 239.11400 11.66090 11.72320
C 248.43900 8.69217 10.02060
C 242.84300 10.39460 9.98155
C 243.83800 13.46410 10.03140
C 247.20100 13.82850 10.06310
C 246.13300 10.92840 10.03810
H 244.60500 9.80094 11.66550
H 242.36200 12.21770 11.62750
H 245.61500 12.75290 11.67350
H 247.94400 10.49370 11.68190
C 249.54900 11.54690 10.10910
C 251.79300 9.22872 10.08530
C 255.30000 10.04890 10.08380
C 250.62500 14.56600 10.06480
C 252.97600 12.09100 10.10480
H 251.40100 11.09650 11.71260
H 253.70700 8.85018 11.58330
C 256.48700 12.75530 10.24290
C 259.87100 13.23910 10.09970
C 258.77100 10.53340 10.21280
C 262.07700 10.96190 10.19940
H 257.10700 9.42696 11.64030
C 238.33200 15.14270 10.07230
C 236.08500 17.38550 10.07020
C 241.65500 15.83140 10.06370
C 239.45000 18.15750 10.16260
C 237.21600 20.30960 10.13180
C 240.56600 20.91150 10.00790
C 248.45600 16.88890 10.07730
C 245.07100 16.29520 10.10750
C 242.74800 18.54580 10.16090
C 246.19700 19.23590 10.15960
C 244.00800 21.48150 10.07300
C 254.11200 15.05780 10.15380
C 249.65000 19.87790 10.10920
C 251.85700 17.29730 10.19180
C 255.27100 17.98710 10.11270
C 252.95100 20.31650 10.09510
C 259.65700 21.54100 9.95162
C 256.23500 21.05230 9.95418
C 257.48600 15.70890 10.05610
C 260.95400 16.27100 9.97322
C 258.56500 18.60180 9.96734
C 262.07000 19.14810 10.07210
C 239.38900 26.24090 9.87134
C 235.96500 25.55710 9.69123
C 241.72100 23.95710 9.92868
C 238.18300 23.26210 9.97704
C 247.38300 22.13440 10.26450
C 242.83400 26.81070 9.96037
C 246.08000 27.32860 10.07850
C 245.10100 24.40310 10.10720
C 248.37100 25.07350 10.02970
C 253.95600 23.34230 9.94484
C 251.69800 25.67750 10.00120
C 255.21900 26.34320 9.97464
C 249.44200 28.01910 9.89005
C 250.69900 22.68900 10.17700
C 257.52800 24.01110 10.03660
C 258.61000 26.85860 9.98714
C 261.83500 27.61060 10.19320
C 260.90400 24.60440 10.03460
C 237.17000 28.62930 9.78492
C 240.66500 29.21050 9.88621
C 241.70200 32.18990 9.89238
C 235.85000 33.81030 9.92396
C 239.42900 34.48870 10.02150
C 238.25100 31.60020 9.76153
C 243.94300 29.84440 9.93178
C 244.99700 32.91380 9.97473
C 248.36300 33.36810 10.00880
C 247.13700 30.32400 9.92948
C 251.67600 34.05920 9.89236
C 252.89400 28.70460 9.94788
C 255.15100 34.69900 9.97727
C 253.97300 31.74820 9.88596
C 250.65800 30.94580 9.95588
C 259.70900 29.80920 10.00260
C 257.41200 32.27820 9.96170
C 260.77500 32.77720 10.01940
C 256.24300 29.20530 9.98732
C 237.13900 3.85137 13.28000
C 240.50100 4.46825 13.27850
C 238.25500 6.89644 13.28500
C 241.71000 7.48463 13.19130
C 244.03100 5.13978 13.14460
C 246.16900 2.73499 12.99610
C 247.26900 5.61051 13.09350
C 245.03200 7.84168 13.16300
C 242.69800 2.07282 13.29120
C 249.61400 3.27936 13.10890
C 250.64900 6.21262 13.22210
C 252.97600 3.95409 13.06340
C 253.97200 6.92442 13.18820
C 256.32300 4.64345 13.31260
C 259.81900 5.06826 13.31230
C 257.35000 7.60799 13.34500
C 262.02900 2.83971 13.13990
C 261.01200 8.12874 13.50780
C 258.45100 2.20692 13.18240
C 236.01800 9.30944 13.31620
C 239.43700 9.70050 13.20150
C 237.19800 12.06410 13.27480
C 240.65500 12.82000 13.32980
H 240.19800 14.57740 11.66190
H 236.83300 13.93340 11.68850
C 248.38900 8.64580 13.29930
C 242.81200 10.35340 13.27660
C 243.80700 13.33540 13.28830
C 246.09800 10.94190 13.31160
C 247.22700 13.80030 13.26170
C 249.47800 11.55960 13.29200
C 251.82000 9.16956 13.22440
C 255.21900 9.86212 13.24320
C 250.65700 14.44360 13.32820
C 252.86900 12.20210 13.31410
H 249.12300 13.39470 11.65950
H 252.44100 14.00250 11.63900
H 254.81900 11.78760 11.78570
C 256.39400 12.87070 13.38710
C 259.93500 13.52510 13.32620
C 258.61700 10.41610 13.38110
C 262.11400 11.13210 13.43260
H 256.00100 14.63460 11.73600
H 260.52400 9.94508 11.84550
H 261.68000 12.85440 11.71260
H 258.33600 12.33300 11.88870
C 238.39700 15.14120 13.25580
C 236.09800 17.42350 13.38380
C 241.65500 15.72500 13.36570
C 239.32400 18.22820 13.30740
C 237.11200 20.39390 13.26110
C 240.56200 21.07690 13.30360
H 235.58300 19.18920 11.73660
H 237.89400 16.94000 11.70240
H 241.19700 17.51660 11.80710
H 239.02900 19.96410 11.73650
C 245.03700 16.19670 13.34250
C 248.31500 16.89140 13.39990
C 242.78300 18.69190 13.33750
C 246.18200 19.34880 13.27860
C 243.85400 21.63010 13.36130
H 245.78000 21.05110 11.85680
H 248.11200 18.69810 11.70020
H 242.38900 20.48050 11.69260
H 244.62500 18.08460 11.74130
H 243.48200 15.20710 11.70470
H 246.88000 15.72960 11.69180
C 254.04000 15.03750 13.24100
C 249.60300 19.74830 13.44140
C 251.78600 17.39230 13.34550
C 255.25700 18.00520 13.30000
C 253.05100 20.29130 13.29520
H 249.22700 21.64110 11.89740
H 253.69200 16.91230 11.75520
H 251.39100 19.25020 11.71920
H 250.17000 16.29190 11.79530
H 254.85900 19.84030 11.62120
H 259.42700 15.19510 11.54080
C 256.37300 21.15510 13.17380
C 257.65000 15.65320 13.24530
C 260.86500 16.32390 13.24220
C 258.66000 18.75930 13.22530
C 262.03500 19.15290 13.15580
C 259.65400 21.54260 13.17510
H 258.08400 20.46830 11.54330
H 261.51600 21.03020 11.58250
H 260.40600 18.11940 11.59420
H 262.75500 15.88350 11.67540
H 257.10200 17.50480 11.69500
C 238.29000 23.36790 13.08700
C 235.84400 25.62260 12.95130
C 241.59900 23.95130 13.13760
C 239.36800 26.23370 13.03640
H 241.24800 25.73470 11.47230
H 237.75700 25.14690 11.44060
H 238.98500 28.06360 11.46030
H 235.50900 27.44020 11.28750
H 240.13000 22.81650 11.49710
H 236.65000 22.18050 11.63730
C 246.15200 27.34320 13.19740
C 242.68000 26.83580 13.17390
C 248.41000 25.22600 13.36300
C 244.94800 24.43410 13.27090
C 247.32700 22.24040 13.44520
H 244.54400 26.23440 11.66120
H 243.46700 23.37100 11.59190
H 248.01500 26.94680 11.59960
H 246.92600 24.03710 11.78420
C 250.91500 22.81900 13.34690
C 254.14600 23.45210 13.28770
C 255.16000 26.36600 13.23560
C 251.83400 25.74800 13.19760
C 249.55900 28.15030 13.18600
H 250.15900 24.59320 11.72770
H 251.29900 27.56950 11.52620
H 254.63700 28.15800 11.63660
H 253.64700 25.21150 11.54480
H 252.64500 22.14690 11.69720
H 255.84300 22.90590 11.55200
C 262.00700 27.43000 13.24100
C 258.56800 26.91820 13.25610
C 257.49900 23.95520 13.15090
C 260.84900 24.48300 13.33340
H 260.30100 26.37080 11.74490
H 262.61200 24.02360 11.74170
H 259.35000 23.41270 11.56220
H 256.99500 25.85220 11.60610
H 237.74500 33.32780 11.47150
H 241.28900 33.95030 11.65350
H 240.08100 31.04970 11.42980
H 236.75200 30.39900 11.44400
C 237.02100 28.47400 12.99920
C 241.65600 32.02570 13.16330
C 238.24700 31.47830 13.11000
C 240.52800 29.24540 13.04200
C 239.34300 34.38610 13.06180
C 236.02800 33.76780 13.22630
H 243.49100 31.65380 11.53320
H 244.49200 34.63110 11.77320
H 242.45300 28.68880 11.55790
H 245.67900 29.19740 11.62280
C 247.25300 30.32510 13.20280
C 248.30000 33.31850 13.18580
C 243.93000 29.82690 13.23300
C 244.98000 32.73590 13.26100
H 246.75700 32.16710 11.59490
H 253.55600 33.54220 11.50330
H 252.48400 30.52170 11.61630
H 249.01100 29.89650 11.48030
C 254.00400 31.71480 13.17150
H 250.19800 32.85230 11.56720
C 252.76400 28.69730 13.24110
C 251.75900 33.95750 13.20100
C 250.56300 30.97900 13.17990
C 255.15000 34.56360 13.12320
H 262.75800 32.34690 11.52070
H 257.01000 34.09130 11.59740
H 259.19300 31.68190 11.57070
C 259.66200 29.76450 13.25610
C 256.27300 29.30980 13.11440
C 260.83400 32.82990 13.08210
C 257.29300 32.10260 13.13590
H 260.21800 34.65680 11.59300
H 258.11700 28.70870 11.54070
H 255.74700 31.12080 11.49630
H 261.39900 29.45430 11.82230
C 236.94500 36.66280 10.06480
C 240.59100 37.46150 10.12780
C 238.08100 39.54370 10.18260
C 241.47300 40.28930 10.13520
C 242.75800 35.25720 10.09870
C 243.81100 38.03320 10.18890
C 246.01200 35.78400 10.13420
C 247.26000 38.55670 10.23040
C 244.94000 40.78310 10.17140
C 249.37800 36.31530 10.06330
C 250.55300 39.33050 10.07090
C 252.78900 36.90740 9.95482
C 254.04800 39.93060 10.09230
C 256.29000 37.61610 10.02860
C 259.70800 38.05190 10.01250
C 257.47000 40.42320 9.96700
C 262.12600 35.65390 10.28730
C 260.96900 41.05230 10.08920
C 258.50300 35.22590 9.90009
C 235.89500 41.82390 10.01440
C 239.23400 42.51420 10.05430
C 237.01500 44.85350 9.89323
C 240.28000 45.42130 10.04650
C 248.41500 41.41730 10.08900
C 242.65500 43.20120 10.01280
C 246.11900 43.71670 10.01460
C 243.72700 46.06880 9.87090
C 247.08800 46.71490 9.75953
C 249.51900 44.47900 9.91127
C 251.79800 42.19360 10.00130
C 255.20500 42.73430 10.15060
C 253.02900 44.96510 9.96679
C 250.75700 47.33450 9.92119
C 256.41800 45.61940 9.93955
C 258.66200 43.28140 9.87312
C 262.14500 43.97280 9.89191
C 259.88900 46.45180 9.76034
C 238.13900 47.72130 9.86625
C 235.83500 50.05340 9.78458
C 241.42600 48.32240 9.83633
C 239.12500 50.75770 9.73615
C 236.86700 52.98600 9.75178
C 240.16700 53.65860 9.54682
H 238.81700 52.64310 11.38760
C 248.39200 49.59170 9.69090
C 244.79400 48.88830 9.76277
C 242.50200 51.16120 9.59754
C 246.06200 51.91760 9.67357
C 243.84900 54.01870 9.61811
H 242.05700 53.16400 11.09430
H 245.77700 53.84850 11.23570
H 244.36000 50.85930 11.14490
H 248.01300 51.48550 11.19760
C 254.25500 47.94290 9.93251
C 249.64200 52.49910 9.62891
C 252.03300 50.17240 9.74881
C 255.23000 50.96440 9.73284
C 253.08900 53.25030 9.69377
H 251.52300 52.08650 11.20520
H 249.19200 54.31400 11.22620
H 254.86600 52.79780 11.38880
H 250.26800 49.23770 11.32410
C 262.08800 52.39130 9.69025
C 258.67700 51.69960 9.86211
C 256.39600 53.96120 9.81721
C 257.60500 48.58100 9.83241
C 261.05100 49.39400 9.88358
C 259.78400 54.56010 9.97658
H 258.08800 53.47600 11.57320
H 261.83300 54.11140 11.48190
C 239.31600 58.96210 9.29715
C 241.49700 56.52550 9.41326
C 235.81600 58.25530 9.43289
C 238.07000 55.99610 9.60765
H 237.74900 57.84680 10.90650
H 235.48200 60.18980 10.89990
H 238.77000 60.77810 10.86140
H 236.40400 54.93490 11.22430
H 240.02400 55.58620 11.12750
H 241.08600 58.46980 10.91150
C 247.40300 54.76850 9.54763
C 245.11500 57.22090 9.59211
C 248.44600 57.76470 9.47164
C 242.62900 59.57950 9.29138
C 246.17100 60.11490 9.31249
H 248.06500 59.72380 10.94140
H 247.06000 56.63180 11.14620
H 244.56400 58.97500 10.74320
H 243.34000 56.03530 11.04160
C 251.79300 58.51270 9.49673
C 250.78000 55.48000 9.65064
C 255.20000 59.23780 9.64897
C 253.93200 56.26850 9.68424
C 249.51800 60.97780 9.33240
H 251.28700 60.37110 11.03800
H 253.57600 58.13390 11.24890
H 250.29400 57.34520 11.07040
H 254.68900 60.99510 10.90950
H 252.59000 55.10390 11.35470
H 255.76800 55.80550 11.35870
C 262.19500 60.58360 9.76099
C 258.71400 59.75780 9.69319
C 261.03300 57.59230 9.69962
C 257.35200 56.81080 9.72914
H 257.05800 58.73350 11.32630
H 259.35200 56.45110 11.17450
H 262.93400 57.16910 11.30820
H 260.60300 59.38900 11.32530
C 238.19100 64.32750 9.34647
C 236.97200 61.35130 9.25415
C 240.43900 61.86380 9.44482
C 239.45400 67.18720 9.40945
C 235.91400 66.54330 9.33974
C 241.50300 64.81000 9.44709
H 241.22800 66.63760 11.14330
H 239.97900 63.73260 11.03700
H 237.79100 66.14100 10.97090
H 236.64100 63.15860 10.94990
C 243.91900 62.44860 9.39306
C 247.20700 63.19290 9.33509
C 248.39800 66.11910 9.40212
C 244.93200 65.46860 9.40789
H 246.76500 65.00650 10.98310
H 243.41500 64.29720 11.04720
H 245.72500 61.97870 10.97530
H 244.50800 67.34230 11.01020
H 242.29900 61.37550 11.01960
C 250.63200 63.84730 9.51020
C 254.12000 64.34850 9.49647
C 252.77400 61.56270 9.43568
C 255.27700 67.25850 9.51015
C 251.78700 66.67500 9.52615
H 252.43400 63.38850 11.09370
H 248.98300 62.69820 11.02700
H 250.13600 65.65130 11.12570
H 253.70100 66.24160 11.09200
C 257.49400 65.02330 9.59878
C 259.88600 62.84090 9.66990
H 259.23000 64.55970 11.34820
H 258.19600 61.69210 11.12740
H 257.10700 66.90950 11.19980
H 260.50000 67.50410 11.14750
C 260.81800 65.74160 9.81314
C 256.42100 62.17530 9.52850
H 262.83400 65.32430 11.27550
H 255.90600 63.97740 11.19480
H 261.68800 62.40150 11.34340
C 237.10900 36.72780 13.12220
C 240.35300 37.28220 13.28660
C 238.08200 39.60150 13.38400
C 241.41400 40.28990 13.30300
H 239.93600 39.18540 11.80480
H 238.97900 36.26300 11.46440
H 236.50700 38.49800 11.79290
H 235.43500 35.57600 11.62760
C 242.61500 35.01270 13.36400
C 243.75300 38.05780 13.43130
C 246.05900 35.70100 13.38180
C 247.25800 38.60500 13.34870
C 244.90500 40.91840 13.29720
H 243.32000 39.84590 11.76580
H 245.60000 37.53310 11.79050
H 247.86600 35.20700 11.68680
H 246.79500 40.45430 11.76160
H 242.33600 36.96010 11.83360
H 249.15900 38.17320 11.78190
C 249.47800 36.20660 13.29250
C 250.74300 39.32340 13.32730
C 252.84100 36.92060 13.21650
C 253.99000 39.88960 13.23400
H 252.45300 38.76970 11.57540
H 250.30300 41.14580 11.70330
H 251.29600 35.81670 11.60340
H 254.69600 36.49390 11.56390
H 255.88200 39.39890 11.70130
C 256.23600 37.52050 13.24490
C 259.55800 38.04470 13.31040
C 257.51000 40.51240 13.22170
C 261.94000 35.80550 13.01260
C 260.88900 41.04280 13.16600
C 258.47000 35.20730 13.26970
H 259.26100 39.89030 11.60270
H 258.10300 36.97510 11.61840
H 262.83300 40.53920 11.75730
H 261.47500 37.58350 11.75530
H 237.68200 41.44890 11.74670
C 235.72300 41.91800 13.17060
C 239.26600 42.54040 13.24550
C 236.83100 44.88100 13.21540
C 240.30600 45.48870 13.17840
H 238.73400 44.37900 11.65040
H 241.10000 42.10890 11.61570
H 239.90200 47.34780 11.60200
H 235.40700 43.73470 11.49560
H 236.51700 46.68330 11.51570
C 248.41600 41.61510 13.29310
C 242.61100 43.26050 13.19400
C 246.06700 43.97620 13.14610
C 243.84200 46.18380 13.05400
C 247.21700 46.87550 12.98920
H 242.18300 45.05140 11.57960
H 247.99900 43.39050 11.60280
H 245.57600 45.72970 11.42760
H 244.50400 42.73960 11.62560
H 248.96300 46.37790 11.36880
C 249.58800 44.68830 13.11090
C 251.71600 42.33980 13.32860
C 255.26700 42.73650 13.15620
C 252.92100 45.10290 13.13140
C 250.66600 47.36370 12.88520
H 251.34900 44.07420 11.54270
H 253.53000 41.76260 11.69050
H 252.67600 46.89350 11.48550
H 254.86200 44.64590 11.67060
H 256.13800 47.50990 11.53390
C 256.60700 45.60760 13.10720
C 258.82300 43.47960 13.01750
C 262.10700 43.99850 13.08020
C 259.82100 46.34300 13.07820
H 257.20100 42.33600 11.55300
H 258.38600 45.26910 11.38850
H 261.61000 45.82910 11.43670
H 260.60400 42.78530 11.40610
C 238.01700 47.81370 13.10780
C 235.75700 50.19100 12.96120
C 241.47600 48.50030 13.13150
C 239.22200 50.81280 13.00620
C 236.88800 53.10410 12.84930
C 240.44000 53.81550 12.86420
H 235.23100 51.95850 11.31440
H 237.68200 49.64670 11.37320
H 240.98700 50.20560 11.33510
H 243.19300 47.94410 11.45270
C 248.38900 49.64680 12.82390
C 244.87900 49.11580 12.86150
C 242.57300 51.42260 12.80280
C 246.04900 51.99930 12.74350
H 246.73900 48.63760 11.30530
C 243.71200 54.24590 12.64790
C 254.27300 47.93710 13.10890
C 249.58400 52.44370 12.79650
C 251.86000 50.24320 12.93760
C 255.36000 50.98950 13.03540
C 252.96300 53.22460 12.89900
H 253.84400 49.82490 11.48490
C 256.23100 54.05160 13.07780
C 257.64800 48.79280 13.06060
C 260.88900 49.44900 13.06350
C 258.69000 51.82000 12.81230
C 262.19000 52.32190 12.83350
H 262.80200 48.76250 11.61230
C 259.84200 54.66040 12.87360
H 259.44500 48.19010 11.45520
H 260.58100 51.11640 11.26860
H 257.10100 50.44850 11.31820
C 239.26400 58.99540 12.51480
C 238.11400 56.06770 12.61760
C 235.91500 58.32640 12.51500
C 241.64500 56.72590 12.66230
C 245.00600 57.22060 12.48560
C 248.44100 57.90760 12.67010
C 242.78800 59.42840 12.49750
C 247.39800 54.81780 12.89320
C 246.07600 60.01120 12.44950
C 249.45700 60.91170 12.65520
C 255.21200 59.35110 12.70970
C 253.98100 56.42000 12.98420
C 250.61100 55.60500 12.77550
C 251.65400 58.58010 12.75000
C 258.67900 59.89180 12.85610
C 262.10400 60.46350 12.92440
C 260.99200 57.45330 12.86310
C 257.49700 56.83490 12.86720
C 235.91700 66.55530 12.51580
C 236.99800 61.30710 12.53090
C 238.12500 64.29140 12.60880
C 239.36100 67.24660 12.63450
C 240.33500 61.81570 12.53920
C 241.58000 64.70620 12.68060
C 244.88400 65.53930 12.61380
C 248.24800 66.17460 12.67940
C 247.16400 63.21580 12.66560
C 243.88300 62.45140 12.63630
C 255.20200 67.32190 12.73170
C 252.87100 61.51960 12.58010
C 254.05200 64.39430 12.75520
C 251.78400 66.79300 12.62350
C 250.53300 63.81650 12.70030
C 259.71800 62.67250 12.83830
C 257.32800 65.10540 12.85030
C 260.82300 65.69180 12.83930
C 256.19800 62.04230 12.62530
C 236.96900 69.58020 9.48386
C 240.40300 70.25010 9.49363
C 238.22000 72.37840 9.60378
C 241.49800 73.26240 9.72103
H 240.00700 72.00060 11.29570
H 236.55900 71.35850 11.22100
H 235.31600 68.34820 10.93510
H 238.90700 69.05940 10.89310
C 243.68600 70.82550 9.40892
C 246.09400 68.37320 9.37140
C 247.23400 71.40340 9.49032
C 244.95000 73.74710 9.57405
C 242.58400 67.86390 9.45143
H 242.26900 69.62430 11.12650
H 246.79300 73.21380 11.21470
H 243.38100 72.59910 11.21740
H 245.56500 70.27370 10.91820
H 247.96100 67.96620 10.99250
C 249.49400 69.16030 9.36705
C 250.58100 72.07020 9.46027
C 252.92700 69.61810 9.48824
C 254.16800 72.66360 9.51272
H 254.83100 69.13740 11.08930
H 252.52100 71.45640 10.97260
H 251.24100 68.55970 11.06060
H 249.09800 70.87440 11.09460
H 250.24000 73.76430 11.25790
H 255.94700 72.08660 11.19660
C 256.41600 70.36840 9.59215
C 259.91900 71.00200 9.70853
C 257.43100 73.36220 9.67237
C 262.03400 68.82420 9.66609
C 260.95300 74.01320 9.69067
C 258.62600 68.02510 9.56706
H 258.26000 69.84460 11.22130
H 261.75200 70.63590 11.44150
H 259.31000 72.84440 11.19860
H 262.84000 73.56120 11.26700
C 235.87000 74.77290 9.63051
C 239.31300 75.47560 9.63565
C 236.98600 77.61470 9.58763
C 240.34000 78.28580 9.74709
H 241.03300 75.04130 11.37430
H 236.57700 79.55950 11.06940
H 239.83600 80.14510 11.28910
H 238.71600 77.23980 11.28660
H 235.39200 76.60670 11.28160
H 237.76300 74.27770 11.16500
C 248.41000 74.30960 9.64439
C 242.57300 75.99360 9.65838
C 243.73400 78.99540 9.56618
C 247.20000 79.50810 9.57547
C 246.06600 76.63510 9.62852
H 242.26500 77.86880 11.24710
H 245.56700 78.48990 11.18900
H 244.45100 75.55390 11.24330
H 247.94700 76.19560 11.23110
C 249.59900 77.14550 9.62249
C 251.79000 74.88190 9.63294
C 255.25200 75.57460 9.71135
C 250.63700 80.19070 9.62341
C 252.89100 77.84100 9.74348
H 254.69900 77.37030 11.43840
H 249.08700 79.07970 11.20130
H 251.30500 76.66380 11.35940
H 253.64200 74.36900 11.23320
H 252.39500 79.70080 11.33090
H 255.82600 80.41490 11.48030
C 256.29200 78.54080 9.90315
C 259.68400 79.28760 9.84989
C 258.58200 76.41900 9.76611
C 262.16200 76.93350 9.88119
H 257.07700 75.14550 11.35320
H 260.45000 75.74870 11.31970
H 261.47100 78.76690 11.47290
H 258.23200 78.00240 11.40700
C 238.03200 80.69270 9.58775
C 235.82700 82.98600 9.64949
C 241.33500 81.17040 9.62385
C 239.07800 83.65830 9.55562
C 236.89900 85.96000 9.66499
C 240.22000 86.64590 9.57614
H 235.28500 84.85020 11.28120
H 238.76600 85.42890 11.21630
H 237.66200 82.48410 11.29930
H 240.92300 83.09400 11.17220
H 243.29700 80.78620 11.20420
C 248.36200 82.43280 9.54591
C 244.72700 81.89540 9.49377
C 242.53300 84.17670 9.61524
C 246.03200 84.87270 9.56333
H 245.72300 86.71160 11.22080
H 242.04800 86.05150 11.18300
H 244.48900 83.74230 11.20350
C 243.71200 87.12920 9.67085
H 246.64200 81.44100 11.02630
H 247.95800 84.36660 11.11220
C 253.98900 80.88070 9.82179
C 249.55200 85.58590 9.67819
C 251.82800 83.10800 9.79420
C 255.06500 83.79700 9.84680
C 252.88100 86.25300 9.74352
H 254.62800 85.62540 11.39700
H 251.37700 85.05280 11.30730
H 250.16700 82.06500 11.26010
H 253.62200 82.62820 11.50540
H 249.05600 87.30340 11.43090
H 259.08900 81.08750 11.48740
C 256.23800 86.78160 9.86123
C 257.32200 81.51840 9.83619
C 260.74800 82.11480 9.92520
C 258.49000 84.41300 9.92941
C 261.93100 84.93110 9.93325
C 259.59200 87.35210 9.84241
H 261.38700 86.85210 11.47430
H 258.04700 86.29440 11.49700
H 256.87100 83.33200 11.49380
H 262.64100 81.63110 11.48360
H 260.29600 83.97680 11.54590
C 239.18800 91.83790 9.95995
C 235.82800 91.32230 9.81359
C 241.42000 89.66530 9.80875
C 238.07800 88.89370 9.73477
H 236.49000 87.78980 11.30780
H 241.05500 91.35990 11.58180
H 238.75300 93.63020 11.65930
H 239.91100 88.41530 11.36010
H 237.59600 90.68020 11.43170
H 235.42100 93.12660 11.45800
C 244.96100 90.24610 9.76739
C 248.40100 90.75150 9.77959
C 242.62400 92.51110 9.98806
C 245.94900 93.20170 9.98646
C 247.26300 87.89670 9.73887
H 243.35400 89.06050 11.25320
H 246.79200 89.68240 11.40850
H 247.85100 92.58360 11.38850
H 244.50200 91.92500 11.52080
C 251.73900 91.51470 9.92455
C 255.22800 92.11560 9.78916
C 250.56400 88.40910 9.83996
C 254.04900 89.09110 9.86175
C 249.31400 93.81670 9.79817
H 252.44600 88.00060 11.47250
H 251.24500 93.21870 11.37210
H 254.88700 93.89340 11.52440
H 250.10700 90.25860 11.44670
H 253.73300 90.97290 11.45220
H 255.83600 88.56560 11.52940
C 260.97400 90.22350 9.91616
C 257.35000 89.61650 9.82498
C 258.61100 92.75620 9.85814
C 262.00700 93.17360 9.80673
H 257.03900 91.51680 11.34840
H 262.66400 89.77150 11.68280
H 259.23200 89.21650 11.37600
H 260.44900 92.13290 11.36660
H 239.96600 96.52340 11.81590
C 239.20100 100.15700 10.25990
C 240.36300 94.76510 10.09980
C 235.89500 99.54000 10.29370
C 237.03100 94.26740 9.91949
C 238.25700 97.29590 10.10630
C 241.45700 97.69440 10.25080
H 240.95500 99.50410 11.87780
H 237.72700 98.94460 11.89020
H 236.58000 96.06150 11.46620
H 243.29700 97.23040 11.85670
C 248.38800 98.85300 10.13420
C 247.03100 96.07420 10.08370
C 243.80500 95.48540 10.13030
C 244.93300 98.20750 10.21260
H 246.85900 97.81970 11.76550
H 245.54800 94.92100 11.77180
H 244.56700 100.08800 11.91810
H 242.23000 94.23570 11.66020
H 248.94500 95.52950 11.56460
C 252.99500 94.39860 9.96956
C 250.60800 96.60490 10.08480
C 254.00400 97.37120 9.98318
C 255.10100 100.31900 10.05650
C 251.58800 99.46760 10.10480
H 252.48300 96.22510 11.62510
H 250.15700 98.37310 11.74980
H 253.56800 99.14250 11.61830
C 257.46000 97.92600 10.05260
H 260.51500 100.35000 11.63150
H 255.84600 96.82500 11.59100
H 258.13700 94.47650 11.53370
H 256.94300 99.74560 11.65760
H 262.72100 97.99350 11.49240
C 260.76300 98.49770 10.00610
H 259.26100 97.36120 11.64970
C 259.57500 95.65170 9.88273
C 256.34600 95.10260 9.92885
H 261.44900 95.03590 11.33770
C 236.90800 69.54330 12.49510
C 240.39800 70.02050 12.72890
C 238.08400 72.56050 12.85280
C 241.58500 73.12270 12.88460
C 242.71800 67.75710 12.76350
C 243.84800 70.65340 12.72680
C 246.13000 68.50560 12.56660
C 247.12500 71.35250 12.61320
C 244.90600 73.70670 12.82470
C 249.41100 69.02640 12.73530
C 250.75200 71.82610 12.71060
C 252.89800 69.59660 12.61390
C 254.04200 72.43440 12.75260
C 256.38800 70.16030 12.76030
C 258.65300 67.89570 12.79080
C 259.74700 70.98610 12.85090
C 257.49000 73.19940 12.84740
C 261.99800 68.72900 12.81150
C 260.92000 73.83900 12.80460
C 235.74000 74.82410 12.66510
C 239.15500 75.44120 12.89130
C 236.89000 77.79970 12.90220
C 240.38300 78.32460 12.81600
C 248.37800 74.36010 12.82960
C 242.63200 76.03000 12.89310
C 243.78400 78.97730 12.84640
C 246.03900 76.62950 12.82410
C 247.15100 79.60380 12.73210
C 249.46900 77.32090 12.93130
C 251.80000 74.76820 12.92850
C 255.19400 75.34770 12.93030
C 250.53500 80.23580 12.91460
C 252.78500 77.86700 13.01500
C 256.31600 78.48600 12.96740
C 259.58700 79.26640 13.09660
C 258.66700 76.20370 12.99460
C 261.92400 76.84640 12.96250
C 237.94800 80.62570 12.85940
C 235.63800 82.83340 12.69980
C 241.42800 81.29970 12.79400
C 239.17200 83.64200 12.86830
C 236.93100 85.88380 12.84980
C 240.34600 86.47650 12.90260
C 244.92200 81.82350 12.78950
C 248.14900 82.52620 12.74300
C 242.59000 84.12270 12.73730
C 246.07900 84.79050 12.82770
C 243.74300 87.04590 12.73820
C 253.92600 80.77900 13.05540
C 249.46600 85.38150 12.86650
C 251.66300 83.19010 12.93630
C 255.05300 83.83180 13.10160
C 252.82600 86.13650 13.02370
C 256.12700 86.61970 13.04390
C 257.27900 81.52130 13.15350
C 260.74900 82.13600 13.06900
C 258.37500 84.46580 13.09230
C 261.86100 85.15310 13.13100
C 259.56800 87.43190 13.08430
C 238.10300 88.82880 12.97860
C 235.80900 91.28410 13.05620
C 241.52100 89.36000 12.96990
C 239.14000 91.68070 13.10910
C 244.88500 90.04100 13.01840
C 247.22600 87.81680 12.94310
C 246.08300 93.01030 13.14820
C 242.70100 92.30170 13.18500
C 248.30000 90.76480 13.07020
C 249.41000 93.59150 13.03300
C 255.31900 92.01620 13.09420
C 250.52900 88.38610 13.04460
C 251.80200 91.39580 12.96640
C 253.94600 89.14920 13.11420
C 257.41100 89.70500 13.02610
C 262.09000 93.18410 12.92820
C 258.63000 92.57600 12.97210
C 260.71800 90.35460 13.08320
C 241.42100 97.65960 13.47420
C 236.87200 94.19410 13.15870
C 238.03100 96.91600 13.34040
C 239.20200 100.08200 13.54230
C 240.37800 94.54870 13.27990
C 235.74100 99.40700 13.37940
C 245.02600 98.15850 13.38830
C 247.18100 95.90920 13.30280
C 243.68400 95.33970 13.37680
C 248.37600 98.94820 13.38870
C 254.09900 97.31260 13.23280
C 255.09100 100.18700 13.29170
C 250.55700 96.50360 13.20590
C 252.91200 94.29370 13.01700
C 251.75500 99.54000 13.28490
C 257.48000 97.87320 13.18150
C 256.33200 94.94780 13.21010
C 259.77300 95.42390 13.11330
C 260.86000 98.47440 13.19230
C 237.01400 102.45400 10.26860
C 240.43200 102.79100 10.41330
C 238.09900 105.27000 10.21240
C 241.47300 105.75100 10.11350
H 236.50500 104.31600 11.82550
H 235.49200 101.36900 11.87670
H 238.71100 101.92600 11.96960
H 239.95600 104.77300 11.82370
C 243.73900 103.45700 10.26890
C 245.99900 101.13700 10.21400
C 247.10700 104.23100 10.07360
C 244.85800 106.50100 10.09350
C 242.61200 100.56400 10.39600
H 245.65400 103.08300 11.79250
H 242.27600 102.41500 12.07870
H 246.76100 106.05600 11.66300
H 243.35700 105.42000 11.74410
H 247.94800 100.71400 11.73810
C 249.48500 101.87600 10.12620
C 250.63200 104.78400 10.13440
C 252.89600 102.45400 10.14150
C 254.05600 105.41400 10.09180
H 254.79100 102.09900 11.73570
H 251.34900 101.35700 11.71010
H 248.98000 103.73200 11.70260
H 250.20800 106.64100 11.74910
H 252.48200 104.32900 11.73020
C 256.46500 103.14300 10.17530
C 259.85500 103.66600 10.12980
C 257.66800 105.99000 10.18300
C 262.07600 101.44300 10.00830
C 261.12500 106.63600 10.12200
C 258.58700 100.69600 10.06930
H 259.54700 105.53200 11.76000
H 261.73500 103.24900 11.72520
H 262.90700 106.18500 11.80880
H 255.97600 105.01600 11.68810
H 258.26500 102.60200 11.73290
C 235.92100 107.52400 10.30960
C 239.22100 108.27300 10.05510
C 237.03900 110.54100 10.17410
C 240.40400 111.18800 10.06340
H 235.51300 109.40900 11.83440
H 237.85100 107.12700 11.82790
H 236.59600 112.38500 11.81890
H 238.90300 110.10400 11.75170
H 241.10700 107.72000 11.60090
H 239.99700 113.06500 11.67000
C 248.36400 107.26800 10.10200
C 242.63000 108.89400 10.01820
C 246.09500 109.43600 10.10400
C 243.79400 111.81400 10.01890
C 247.30900 112.40600 10.27120
H 247.95200 109.02400 11.69920
H 245.57000 111.28600 11.69700
H 244.45600 108.36000 11.65940
H 242.26300 110.71900 11.68120
C 249.55800 110.17000 10.10620
C 251.73900 107.71900 10.04180
C 255.32500 108.29400 10.02060
C 253.02900 110.63200 10.09510
C 250.80900 113.06500 10.08610
H 251.40500 109.54600 11.69180
H 252.68000 112.51700 11.69400
H 249.30300 111.89200 11.72790
H 253.67900 107.22500 11.56480
H 254.94500 110.18100 11.56230
C 256.54100 111.36500 10.04240
C 258.82500 108.97600 10.04520
C 262.25600 109.51400 10.21220
C 260.02000 111.95600 10.09060
H 256.06400 113.09100 11.78990
H 258.42400 110.82100 11.65060
H 260.61200 108.48900 11.74840
H 261.82700 111.43100 11.76850
H 257.24100 107.97900 11.63150
C 238.09100 113.46600 10.12760
C 235.74400 115.83700 10.27780
C 241.54600 114.19100 10.10600
C 239.23700 116.42900 10.21750
C 236.93600 118.73800 10.00920
C 240.63600 119.33200 10.07620
H 241.24400 116.00600 11.72920
H 237.67700 115.24700 11.86060
H 235.36700 117.56700 11.58680
H 238.84300 118.22800 11.52840
C 248.53700 115.39900 10.29050
C 245.09700 114.69400 10.27150
C 242.89400 117.03200 10.14530
C 246.20200 117.61500 10.27590
H 246.97600 114.23400 11.94220
H 243.41800 113.59500 11.70620
H 245.86200 119.50200 11.86770
H 244.68900 116.56400 11.86910
H 242.46400 118.87900 11.79090
H 248.03100 117.20900 11.91760
C 244.04300 120.00500 10.19500
C 254.24900 113.62500 10.15040
C 249.54200 118.19200 10.13310
C 252.00000 115.93400 10.15750
C 255.25700 116.49900 10.02240
C 252.92000 118.82600 10.06970
H 250.41900 114.82600 11.78750
H 254.88100 118.41600 11.56450
H 253.79300 115.45600 11.79000
H 251.36800 117.77800 11.73380
H 249.12800 120.10400 11.70520
C 256.43800 119.56800 9.94850
C 257.55200 114.26000 10.08550
C 260.94600 114.99200 10.10740
C 258.68300 117.15000 10.08330
C 261.96000 117.93600 10.09180
C 259.82500 120.17300 10.19180
H 262.80700 114.44700 11.68590
H 260.48200 116.77700 11.78990
H 261.76300 119.68500 11.68460
H 259.45200 113.73000 11.64820
H 257.09400 116.00000 11.58530
H 258.22000 119.00400 11.62120
C 239.36300 124.56700 10.01300
C 238.12800 121.58100 10.02660
C 235.98600 124.00700 10.07070
C 241.77600 122.24600 10.03050
H 238.91800 126.37100 11.63380
H 241.16800 124.04800 11.70370
H 235.48200 125.82500 11.76220
H 240.10500 121.18600 11.53080
H 237.76600 123.45400 11.58150
H 236.51800 120.54400 11.67100
C 242.71100 125.12700 10.05180
C 248.41000 123.48700 10.00160
C 245.12600 122.91000 10.04750
C 246.29300 125.87900 9.92705
C 247.29000 120.56900 10.13110
H 246.92000 122.47100 11.72700
H 248.13200 125.37900 11.59440
H 244.69000 124.79000 11.53790
H 243.58200 121.87300 11.72590
C 249.69000 126.36700 9.90881
C 250.78400 121.08900 10.11050
C 255.33200 124.82200 9.95978
C 251.95600 124.03200 9.97473
C 254.18000 121.91100 9.97150
H 254.94100 126.66000 11.63600
H 251.56700 125.96000 11.53580
H 253.79400 123.68200 11.55440
H 250.29800 123.06100 11.58400
H 252.70000 120.74300 11.60740
H 255.91700 121.35600 11.59960
C 261.92700 126.00700 9.94288
C 260.88200 123.12100 10.34400
C 257.64000 122.39200 10.15040
C 258.68000 125.38000 10.01880
H 262.95500 122.60500 11.74550
H 259.25100 121.88100 11.94600
H 260.51400 124.85300 11.61740
H 257.11300 124.26900 11.58490
C 239.32200 132.86300 10.07020
C 236.04900 132.25000 10.08050
C 240.47000 127.54200 10.01210
C 237.05000 126.84700 10.09150
C 238.17700 129.84000 10.11280
C 241.56700 130.51400 9.91836
H 237.83900 131.71700 11.81420
H 240.11800 129.29700 11.55630
H 241.11600 132.25600 11.67810
H 236.56000 128.76000 11.69370
C 248.43000 131.64800 9.86419
C 247.35800 128.66900 9.93062
C 244.97400 131.03800 9.90030
C 243.74100 128.14500 9.89487
H 243.37000 129.96900 11.52150
H 244.47700 132.91900 11.53660
H 245.68100 127.66400 11.47990
H 242.33600 127.01300 11.59670
H 246.81400 130.60900 11.49090
C 251.80500 132.33300 9.80952
C 250.81900 129.43900 9.85079
C 253.13700 127.02700 9.94573
C 255.21400 133.15500 9.78753
C 254.22300 130.04000 9.82721
H 253.70200 131.88300 11.36450
H 252.65000 128.92600 11.43880
H 249.31900 128.27300 11.44260
H 250.33500 131.20100 11.51600
C 260.87500 131.37600 9.91812
H 257.03800 132.48900 11.35130
H 258.24500 127.17900 11.66220
H 260.39700 1.84246 11.68400
C 259.80000 128.16700 9.96506
C 256.52000 127.59800 9.94096
H 261.66700 127.90400 11.53130
H 262.81100 130.95100 11.42590
H 256.14000 129.55000 11.38080
H 259.38300 130.12700 11.45080
C 257.64200 130.71600 9.75033
C 236.91900 102.53900 13.51320
C 240.33100 102.99300 13.54690
C 238.10800 105.28500 13.44020
C 241.52600 106.00500 13.37050
C 243.88300 103.70500 13.47290
C 246.14400 101.25400 13.43580
C 247.19700 104.26600 13.37730
C 245.00400 106.56300 13.33650
C 242.58900 100.67700 13.44950
C 249.51200 101.88100 13.32070
C 250.61600 104.78400 13.35160
C 252.90200 102.47200 13.32760
C 254.07200 105.40800 13.26210
C 258.62500 100.68700 13.24590
C 256.41900 103.17800 13.30380
C 259.89100 103.63000 13.33360
C 257.61800 106.10900 13.23290
C 262.16900 101.36000 13.25320
C 261.06400 106.70100 13.42590
C 235.96400 107.55500 13.40030
C 239.39400 108.30900 13.36140
C 237.07600 110.57100 13.41200
C 240.47700 111.28500 13.30720
C 248.32200 107.19100 13.29240
C 242.62200 108.84300 13.27000
C 246.03700 109.45400 13.25310
C 243.75700 111.75600 13.38070
C 247.32600 112.15200 13.24820
C 249.59900 109.98600 13.33980
C 251.85400 107.70000 13.28290
C 255.29200 108.27300 13.14860
C 253.10300 110.58000 13.21880
C 250.87000 112.90100 13.37170
C 256.55600 111.13600 13.28500
C 258.77500 109.03300 13.32270
C 262.19400 109.60500 13.37790
C 259.93400 111.93400 13.30020
C 238.25000 113.41200 13.40700
C 235.88400 115.75100 13.27050
C 241.59300 114.16000 13.29280
C 239.30000 116.42400 13.27270
C 236.99800 118.57900 13.16680
C 240.39000 119.29000 13.16420
C 248.44700 115.21400 13.38650
C 245.00700 114.61500 13.40210
C 242.78100 117.04300 13.43850
C 246.18600 117.69000 13.54470
C 243.96000 120.04700 13.37120
C 254.22500 113.58600 13.39140
C 249.62100 118.33400 13.44160
C 251.91700 115.94900 13.42300
C 255.35300 116.62400 13.28060
C 253.04800 118.90700 13.20550
C 256.40100 119.54300 13.21880
C 257.64900 114.24300 13.29110
C 260.95300 114.88000 13.29540
C 258.54000 117.13800 13.26650
C 262.17600 117.78500 13.26570
C 259.85000 119.95700 13.30380
C 238.20300 121.59300 13.18100
C 236.03300 123.97900 13.28130
C 241.64500 122.21000 13.25920
C 239.23300 124.46000 13.26580
C 245.09500 123.02300 13.29620
C 242.83200 125.15500 13.13380
C 246.24800 125.84900 13.14260
C 247.43200 120.69200 13.40800
C 248.50000 123.57900 13.27010
C 249.72600 126.47400 13.15430
C 254.14400 121.89600 13.25520
C 255.28200 124.76600 13.17870
C 250.81000 121.24600 13.12930
C 251.93400 124.10500 13.13590
C 262.06200 126.10900 13.16000
C 260.98500 123.00100 13.28280
C 257.27200 122.46700 13.31460
C 258.64100 125.23900 13.20460
C 235.94600 132.15900 13.34690
C 238.26500 129.72700 13.25610
C 240.50000 127.40100 13.21880
C 239.36100 132.90600 13.34310
C 241.62600 130.39600 13.23590
C 237.10800 126.89600 13.29310
C 248.41100 131.71500 13.09790
C 243.88000 128.10900 13.17210
C 244.91500 131.09500 13.15380
C 247.37200 128.70200 13.01020
C 253.06200 127.14600 13.15140
C 254.28400 130.06600 12.93880
C 250.88400 129.35700 13.08480
C 251.86600 132.31500 13.05180
C 255.24500 133.00100 13.04430
C 256.45000 127.91800 13.21990
C 257.62400 130.71700 13.04430
C 260.94900 131.15900 13.06700
C 259.88400 128.32000 13.16280
C 265.53900 3.69272 10.01400
C 266.63500 6.59276 10.10180
C 268.96000 4.35400 10.09090
C 263.27000 5.90613 10.10840
H 264.02000 2.49311 11.62780
H 265.15600 5.44617 11.73560
H 267.41100 3.13091 11.58150
H 268.43400 6.11639 11.74830
H 266.26500 8.43308 11.70120
C 270.03200 7.21162 10.09360
C 272.36000 4.88396 10.06890
C 275.80500 5.68014 10.01170
C 273.59100 7.88097 10.03880
C 276.86600 8.62548 10.02310
C 274.66000 2.71118 10.09170
H 270.82000 3.75143 11.71910
H 271.96000 6.79962 11.60360
H 274.28700 4.53738 11.59840
C 277.87700 3.30557 10.01670
C 281.00400 3.97417 10.01470
C 278.95800 6.31708 10.02390
C 282.10500 6.97163 10.01720
C 284.17000 4.53466 10.00110
C 287.22700 5.23140 10.00260
C 285.21600 7.56769 10.01310
C 288.39800 8.03235 10.02290
H 285.87400 4.01184 11.58550
C 289.33400 3.31526 9.99202
C 264.38800 8.81983 10.16400
C 267.79200 9.55328 10.13310
C 266.67600 14.67520 10.12860
C 265.48200 11.72230 10.15440
C 268.88400 12.45780 10.14270
C 263.18500 14.03530 10.10950
C 271.19300 10.14420 10.12860
C 274.64800 10.96170 10.05750
C 272.30000 13.21740 10.06090
C 275.73700 13.79130 10.04640
C 279.99200 9.28056 10.02140
C 283.09900 9.89866 10.01830
C 277.92100 11.59530 10.03170
C 281.04100 12.22250 10.02120
C 278.90600 14.57930 10.02110
C 282.05300 15.10220 10.02020
C 284.14200 12.79390 10.03650
C 286.20700 10.53350 10.03360
C 289.35400 10.62330 10.04140
C 287.28100 13.41630 10.04720
C 267.61000 17.71150 9.94436
C 264.39200 17.00230 10.16180
C 265.45100 20.01900 10.04480
C 268.78500 20.75390 9.85285
C 269.96500 15.40430 10.02780
C 273.49300 16.17040 10.13210
C 270.99100 18.40840 10.02820
C 276.79900 16.81390 10.01920
C 274.69900 19.08240 10.00470
C 272.41400 21.39830 9.98350
C 275.79500 22.00890 9.98859
H 277.55300 21.48990 11.57850
C 280.01600 17.48610 9.99867
C 283.15500 18.06160 9.99977
C 277.92600 19.71130 9.99430
C 281.08900 20.38020 9.97694
H 282.82500 19.86440 11.57980
H 279.68500 19.22460 11.58260
H 280.74600 22.18460 11.55600
C 285.27800 15.73550 10.03170
C 284.13800 21.10700 9.98381
C 288.44400 16.74660 10.05220
C 286.22400 18.74990 10.01190
C 289.37100 19.67070 10.02590
C 287.20100 21.64870 9.98414
H 285.83400 20.48610 11.58870
H 288.87800 21.23710 11.58850
C 263.18300 22.19480 10.10470
C 266.53900 22.97570 10.06940
C 264.24800 25.22390 10.18240
C 267.78600 25.83570 10.16750
C 265.58000 28.22900 10.11270
C 269.96100 23.66840 9.88965
H 275.50600 23.85550 11.55680
C 273.60700 24.31250 10.06710
C 271.45000 26.74510 10.06160
H 276.49100 26.82670 11.54890
C 276.94300 25.07420 9.95488
C 274.66600 27.30480 9.98589
H 270.93100 28.49150 11.67110
C 278.90900 22.67430 9.96655
C 282.09200 23.42390 9.96325
C 280.00600 25.73950 9.95604
C 283.10600 26.32790 9.96521
H 281.75000 25.18830 11.55500
H 278.64500 24.48920 11.54650
C 277.85700 27.94920 9.96389
C 281.03600 28.58650 9.97348
H 279.62600 27.50390 11.55390
H 282.78500 28.05840 11.56800
H 283.82700 22.89520 11.56840
C 285.23400 24.01810 9.96577
H 286.97600 23.57650 11.55880
C 288.55200 24.68430 9.96414
C 286.20800 26.90340 9.96134
H 284.86400 25.79150 11.55740
H 287.98100 26.47680 11.55100
C 289.32100 27.93820 9.97110
H 285.88300 28.69470 11.56100
C 263.27300 30.45210 10.37230
C 264.52600 33.45970 10.04360
C 267.69100 34.09440 10.23090
C 269.05700 28.97960 10.07450
C 266.55600 31.05930 10.19730
C 269.95300 31.90040 10.11420
C 272.36400 29.71750 9.98012
C 273.69800 32.64940 10.00790
C 276.84900 33.29330 9.99726
H 275.47100 32.10140 11.58540
C 275.79900 30.27940 9.98429
C 271.06400 34.84240 10.21010
H 274.29200 29.14230 11.58300
H 277.52200 29.73560 11.57390
H 280.61700 30.40500 11.58310
C 279.96300 33.96670 10.01040
C 282.02100 31.54890 9.99806
C 283.13100 34.52290 10.00730
C 278.88400 30.97850 9.98912
H 286.98000 31.78270 11.58030
H 288.89100 29.41010 11.57050
H 283.79100 31.06150 11.59420
H 284.88100 34.05310 11.59080
C 284.16300 29.29810 9.98057
C 286.22900 35.30630 9.99616
C 285.17100 32.23840 9.99399
C 288.54900 32.78720 9.98045
C 287.27100 29.91170 9.97550
H 288.00100 34.62390 11.57370
C 265.56600 3.49215 13.25240
C 266.61900 6.61113 13.37540
C 268.96500 4.18957 13.28960
C 263.16300 5.74067 13.25210
C 270.11900 7.13417 13.32730
C 274.68300 2.68576 13.19470
C 272.44100 4.90468 13.23260
C 275.87200 5.69401 13.20010
C 273.62000 7.87007 13.19480
H 275.49300 7.52391 11.60880
C 276.90400 8.66242 13.21400
H 277.55800 5.13710 11.61530
C 277.88200 3.35596 13.20570
C 281.03900 3.95490 13.20290
C 279.00800 6.26678 13.21400
C 282.14400 6.93572 13.20690
H 278.62100 8.12609 11.61800
H 282.75600 3.39950 11.59780
H 280.71500 5.76897 11.62300
H 281.73200 8.72553 11.61080
H 279.61800 2.78455 11.60560
C 289.36300 3.28065 13.18620
H 283.87400 6.32837 11.60290
C 284.14800 4.52370 13.18950
C 287.24300 5.23379 13.19050
C 285.21000 7.57704 13.20100
C 288.47500 8.16283 13.21230
H 288.93500 4.80807 11.59670
H 286.94700 7.08673 11.60780
C 264.41100 8.80405 13.34240
C 267.72800 9.55574 13.38720
C 265.55800 11.88060 13.38070
C 266.62200 14.77160 13.34410
C 268.88600 12.43040 13.32250
C 263.18000 14.10200 13.29930
H 267.30900 11.32100 11.78580
H 265.06400 13.61710 11.71550
H 269.61600 9.03043 11.76610
H 268.50500 14.29790 11.73000
H 263.96200 10.64050 11.83670
C 271.22500 10.18370 13.30480
H 276.48100 10.46980 11.62910
C 274.69100 10.97010 13.25540
C 272.31200 13.20760 13.31230
C 275.79100 13.74860 13.23510
H 274.15700 12.74550 11.68960
H 271.79200 15.02750 11.69210
H 270.79700 12.07220 11.70390
H 273.12600 9.76588 11.67670
C 280.02800 9.28346 13.21030
H 277.54400 13.36550 11.63070
C 283.11700 9.83522 13.20930
C 277.91400 11.56120 13.22100
C 280.99500 12.22880 13.21040
C 278.91000 14.56830 13.21070
C 282.04500 15.19350 13.20900
H 279.65800 11.06660 11.61870
H 282.77200 11.66260 11.61840
H 280.65500 13.98900 11.61330
H 284.85200 9.32930 11.61140
H 283.82300 14.61230 11.63210
C 284.17700 12.82690 13.22650
C 286.22300 10.44700 13.22230
H 287.97400 9.95730 11.63100
H 287.05800 15.32530 11.64120
C 289.43900 11.28070 13.23470
C 287.32500 13.44730 13.23750
H 288.96700 12.94200 11.64390
H 285.90100 12.25900 11.64150
C 267.77100 17.86670 13.27080
C 264.36600 17.00570 13.27970
C 265.58500 20.04140 13.29420
C 268.93200 20.70160 13.12780
H 267.33500 19.60350 11.53990
H 263.98100 18.86600 11.70270
H 266.24200 16.59850 11.72350
H 269.41000 17.26280 11.57220
H 265.01800 21.83370 11.71860
C 270.05200 15.52920 13.26100
H 275.42600 15.64930 11.62900
C 273.50800 16.09710 13.15120
C 271.12500 18.34360 13.02190
H 276.47800 18.63130 11.60590
C 276.89100 16.84670 13.20660
C 274.60400 19.03800 13.16030
C 272.25100 21.29980 13.04830
H 273.05100 17.96590 11.50820
H 274.28100 20.92640 11.65670
H 270.68300 20.20670 11.40940
C 275.81500 22.07460 13.17700
C 280.00200 17.51310 13.18860
C 283.10000 18.05590 13.18900
H 278.60300 16.33860 11.60370
H 281.74600 16.89940 11.59640
C 277.96500 19.74680 13.18250
C 281.10900 20.40090 13.16700
C 285.28800 15.80090 13.22090
C 284.13400 21.14760 13.17400
H 288.00100 18.18120 11.62760
C 286.21800 18.74530 13.20270
H 284.85400 17.53320 11.60730
C 288.61300 16.42510 13.24220
C 289.37700 19.62420 13.21980
C 287.19000 21.75720 13.17310
C 263.08500 22.05910 13.26170
C 266.71900 22.98120 13.25650
C 264.22600 25.14780 13.30650
C 267.97300 25.84000 13.18020
C 265.56300 28.12570 13.15570
H 263.87400 26.98020 11.56190
H 266.19800 24.70260 11.79770
H 268.51600 22.54540 11.55280
H 269.86200 25.52450 11.57070
H 267.55300 27.69670 11.60620
C 270.11100 23.63680 13.11200
C 273.48900 24.23310 13.04790
C 271.27000 26.67900 13.24730
C 276.94700 25.05340 13.14570
C 274.74300 27.30760 13.19100
H 271.86300 23.17810 11.42560
H 273.21200 26.15080 11.71970
C 278.93600 22.70510 13.15430
C 282.07700 23.47530 13.15680
C 279.98300 25.69090 13.14640
C 283.14300 26.28660 13.15480
C 277.88500 27.96650 13.15310
C 281.02100 28.60410 13.16330
C 289.38600 27.83370 13.16390
C 285.27500 24.01040 13.15630
C 288.54600 24.70500 13.15380
C 286.27000 26.90230 13.15140
C 263.17800 30.48300 13.25290
C 269.04900 28.88630 13.29920
C 264.29300 33.35560 13.31090
C 266.71100 31.11440 13.47250
C 267.68900 34.03610 13.49660
H 265.22400 29.89490 11.96080
H 269.55100 33.65070 11.85160
H 266.22400 32.91560 11.77420
H 268.51000 30.69330 11.75990
C 270.19800 31.86500 13.19110
C 271.31200 34.76340 13.31920
C 272.50200 29.71160 13.19380
H 276.50100 35.08170 11.59560
C 276.82500 33.24990 13.18710
C 273.59500 32.58040 13.08650
C 275.77500 30.27570 13.17430
H 272.04400 31.47770 11.45070
H 273.16800 34.48080 11.62070
H 278.61500 32.75590 11.59740
C 278.85700 30.91350 13.18100
C 283.13700 34.49220 13.19600
C 281.98300 31.56390 13.18920
C 279.97000 33.95710 13.20000
H 281.69600 33.37130 11.60220
C 287.25800 29.87830 13.16550
C 288.51200 33.06920 13.16980
C 286.24500 35.23910 13.18440
C 284.13100 29.23940 13.16870
C 285.19200 32.23760 13.18200
C 265.57900 36.46130 10.15970
C 266.62500 39.39930 10.12580
C 268.81700 36.99570 10.29030
C 263.13300 38.55680 10.21180
C 269.97200 39.91620 10.33160
C 272.29300 37.67360 10.21090
C 275.74500 38.56430 10.03430
C 273.60500 40.69420 10.10100
C 276.90400 41.52490 10.05050
C 274.66700 35.55510 10.02940
C 277.87000 36.31640 10.01820
C 280.98900 36.88670 10.01960
C 278.95600 39.10590 10.03400
C 282.08200 39.81910 10.04070
C 289.18800 36.24170 9.98273
C 284.05200 37.53000 10.02530
C 287.11300 38.35250 10.00890
C 285.14900 40.53330 10.03350
C 288.47900 40.95550 10.01880
H 288.81500 37.40440 11.59220
C 264.39100 41.80000 10.10130
C 267.85100 42.34830 10.12960
C 265.63800 44.84680 10.10300
C 269.09800 45.27150 10.01870
C 266.85100 47.74110 9.85808
C 263.28000 46.98470 9.89757
C 271.13600 42.84620 10.21340
C 274.63100 43.73650 10.06910
C 272.30900 45.87430 10.05700
C 275.73800 46.67520 10.04070
C 279.99200 42.11410 10.04190
C 283.01500 42.74470 10.03700
C 277.75100 44.40190 10.04680
C 280.90800 45.01900 10.02810
C 278.88200 47.36490 10.03110
C 282.07200 48.05550 10.01420
C 284.03000 45.72570 10.01950
C 286.19200 43.46780 10.02420
C 287.14500 46.36730 10.01990
C 289.27400 44.49390 10.02180
C 268.04800 50.65510 9.79335
C 264.36400 49.91430 10.00050
C 265.60000 52.85410 9.66250
C 269.19200 53.62720 9.82696
H 265.14400 54.69860 11.25490
C 270.24600 48.40930 9.87174
C 273.54400 48.86530 10.02680
C 271.37100 51.31440 9.97629
C 276.76800 49.68890 10.02730
C 274.58300 51.94700 10.05370
C 272.40400 54.30220 9.95943
C 275.73800 54.99740 10.01350
C 279.96400 50.40410 10.02300
C 283.10000 50.97720 10.00940
C 277.83200 52.70260 10.02110
C 280.96000 53.41180 10.01800
C 285.10800 48.74840 10.01240
C 286.26100 51.50190 10.00540
C 288.35800 49.29250 10.01450
C 284.06000 53.83770 10.00310
C 289.28100 52.44280 9.99486
C 287.17100 54.50360 9.99636
H 288.84300 53.93050 11.59150
C 263.26500 55.24160 9.75885
C 266.64100 55.93220 9.69407
C 264.42000 58.30670 9.67813
C 267.74200 58.82780 9.84942
C 265.56800 61.28330 9.79598
H 266.12500 57.72730 11.40030
H 267.33700 60.69790 11.51240
H 269.57000 58.41640 11.44980
H 264.05300 60.13490 11.37870
C 270.20800 56.56610 9.90292
C 273.49400 57.36800 10.06110
C 271.23300 59.58190 9.89615
C 276.80400 57.92670 10.01070
C 274.72600 60.35140 9.99308
H 270.77600 61.36360 11.34420
H 273.14400 59.08090 11.52590
C 278.87100 55.67380 10.01830
C 282.02400 56.25260 10.00940
C 279.94100 58.57770 10.01010
C 283.14400 59.17780 9.99706
C 277.84700 60.85990 10.00270
C 280.96800 61.49760 9.98945
H 282.72300 60.96150 11.57980
C 285.24200 56.84790 9.99676
C 288.52900 57.36580 9.98552
C 286.18800 59.84140 9.98636
H 287.02700 56.44240 11.58900
H 288.03900 59.34210 11.57440
H 284.87400 58.62670 11.59280
C 289.44100 60.76250 9.97047
H 285.84000 61.61260 11.57690
C 263.38300 63.45670 9.77468
C 268.79200 61.80590 9.84489
C 267.77600 67.07860 9.67443
C 264.42000 66.39580 9.67183
C 266.65300 64.15890 9.78122
H 265.15200 63.09720 11.50400
H 269.54000 66.65520 11.32560
H 266.26600 66.00860 11.35850
H 268.46500 63.68090 11.44140
C 270.11600 64.70060 9.89980
C 275.89200 63.34840 10.00300
C 271.25700 67.72140 9.85499
C 273.50800 65.52210 10.09550
C 276.83800 66.23600 10.00710
C 272.45200 62.56610 9.97898
H 273.04600 67.40090 11.62960
H 271.87100 64.38640 11.67030
H 280.71100 63.28850 11.57430
C 282.10900 64.49120 9.98679
C 280.01400 66.85700 10.00230
C 283.21700 67.38350 9.99586
H 281.76800 66.24670 11.59000
C 278.96400 63.89210 9.99311
H 288.06400 67.59250 11.57820
H 283.88400 63.94240 11.58110
H 288.95900 62.33300 11.57090
C 285.29700 65.11870 9.98767
C 284.07600 62.20120 9.98540
C 286.35500 68.06450 9.98952
H 284.95200 66.89980 11.58490
H 287.03500 64.68680 11.58070
C 288.55300 65.72270 9.98837
C 287.25400 62.83550 9.98062
C 265.45400 36.59030 13.40870
C 266.56500 39.47960 13.41570
C 268.83600 36.99680 13.50370
C 263.15600 38.73700 13.31410
H 264.14900 35.29330 11.75020
H 266.24900 41.27960 11.74130
H 265.08800 38.35410 11.73270
H 268.32200 38.82760 11.85690
H 267.29100 35.87080 11.91460
C 270.08400 39.91260 13.35130
C 272.49300 37.79340 13.28040
C 275.80000 38.58970 13.22440
C 273.62600 40.78050 13.22120
H 275.45700 40.34710 11.63830
C 276.90300 41.48600 13.23920
C 274.70700 35.55930 13.22260
H 272.02900 39.65020 11.70930
H 274.30400 37.40830 11.64610
H 270.72400 36.63440 11.86840
H 279.62600 35.73210 11.61390
H 277.53300 38.02940 11.62790
C 277.86400 36.23850 13.20730
C 281.02800 36.87820 13.21010
C 278.96200 39.17920 13.22340
H 282.74700 36.28750 11.61180
H 280.72700 38.64110 11.61990
C 282.06700 39.81340 13.23020
H 278.64100 40.93770 11.63800
H 281.74000 41.59140 11.64340
H 283.81900 39.27920 11.64120
C 289.23500 36.24130 13.17410
C 284.10900 37.44750 13.21410
C 287.17900 38.27170 13.19870
C 285.15600 40.53640 13.22280
C 288.45300 41.40480 13.21060
H 285.82800 37.04750 11.60600
H 286.94900 40.09170 11.61260
C 264.37700 41.70820 13.29870
C 267.64300 42.43250 13.43940
C 265.52100 44.81580 13.14590
C 268.96300 45.48740 13.31030
C 266.81200 47.73430 13.02380
C 263.28300 47.01970 12.96110
H 267.51200 44.23500 11.72360
H 269.55300 41.82200 11.93700
H 264.00900 43.53110 11.58340
H 268.73000 47.21430 11.48850
H 265.22100 46.58790 11.40200
C 271.30200 42.91530 13.37960
H 276.47200 43.27910 11.65560
C 274.60500 43.76890 13.20230
C 272.42800 45.93170 13.28190
C 275.80000 46.70640 13.23020
H 274.22600 45.56950 11.63140
H 270.84100 44.78420 11.78060
H 271.99400 47.76950 11.60740
H 273.11700 42.59650 11.62820
C 280.02600 42.17310 13.23140
H 277.46400 46.25220 11.63710
C 283.07700 42.81120 13.22770
C 277.83400 44.50180 13.23540
C 280.90700 45.12130 13.21810
H 279.55100 43.89150 11.63110
H 282.64700 44.57580 11.62360
C 278.89400 47.40080 13.22070
C 282.06100 48.07690 13.20430
H 280.65800 46.88740 11.61410
H 284.79400 42.28790 11.62930
H 283.77400 47.53220 11.60470
C 286.16800 43.46030 13.21430
H 287.99500 42.91880 11.61420
C 284.03300 45.72020 13.20960
C 287.15900 46.42240 13.21160
H 288.85300 45.92850 11.61490
C 289.33100 44.46900 13.21570
H 285.75400 45.18820 11.61480
H 286.83400 48.20100 11.61640
C 267.90200 50.71440 13.07760
C 264.48900 49.99780 12.91190
C 265.47200 52.77770 12.76840
C 268.87200 53.60360 13.00450
H 266.46000 49.55180 11.45220
H 269.83800 50.18450 11.57470
H 267.48000 52.50020 11.28310
H 263.95000 51.70760 11.13170
C 270.15400 48.33870 13.22190
H 275.37800 48.50220 11.62250
C 273.54700 48.88050 13.20500
C 271.36100 51.37790 13.18740
H 276.42800 51.52150 11.61920
C 276.73400 49.78480 13.21830
C 274.62800 51.98820 13.20330
C 272.42400 54.30110 13.32150
C 275.75700 54.94960 13.20340
H 270.90900 53.19000 11.64420
H 273.17600 50.78100 11.58970
H 274.18900 53.87260 11.61340
H 277.54300 54.47240 11.61130
C 279.98600 50.36440 13.21490
H 281.68900 49.82290 11.60970
C 283.06500 50.99350 13.20120
H 278.55700 49.20530 11.62680
C 277.88000 52.66910 13.21230
H 279.59600 52.17180 11.62030
C 280.95300 53.36400 13.20890
H 282.67900 52.75630 11.60360
H 280.63700 55.16060 11.61490
C 285.12000 48.68390 13.20300
C 286.24200 51.49600 13.19570
C 288.36500 49.05350 13.20700
H 287.99700 50.95070 11.60400
H 284.77100 50.44140 11.60190
C 284.05800 53.88200 13.19280
C 289.24700 52.50360 13.18650
C 287.17600 54.50740 13.18720
H 285.82100 53.26620 11.59600
C 263.42000 55.36780 12.96260
C 266.63200 55.83560 12.91690
C 264.31400 58.35890 13.06690
C 267.63800 58.80540 13.05560
C 265.46000 61.27850 13.11860
H 268.50900 55.44430 11.29270
C 269.94800 56.52530 13.05630
C 273.52100 57.21150 13.15430
C 271.16100 59.45270 13.00410
H 275.38300 56.77350 11.60110
H 276.46600 59.70540 11.60320
C 276.75600 57.87950 13.20130
C 274.65700 60.23690 13.16170
H 271.92900 56.11340 11.63370
C 278.87000 55.63180 13.20860
C 282.03600 56.28910 13.20050
C 279.98200 58.57940 13.20140
C 283.15900 59.18830 13.18750
H 278.53900 57.41290 11.61470
H 281.71800 58.05020 11.60350
C 277.80600 60.86010 13.19600
C 280.96100 61.48290 13.17830
H 279.58200 60.35200 11.59840
H 283.78900 55.69240 11.59570
C 289.47800 60.83390 13.16240
C 285.25400 56.83470 13.18870
C 288.53100 57.74840 13.17840
C 286.21400 59.90280 13.17670
C 263.18500 63.49720 12.97030
C 266.64100 64.34660 13.05280
C 268.97100 61.82410 13.06640
C 267.76500 67.28170 12.96910
C 264.32000 66.45040 12.85280
C 269.89300 64.96140 13.11000
C 276.86100 66.23210 13.19740
C 272.29900 62.59440 13.01560
H 275.42700 65.03850 11.60130
C 273.55400 65.53730 13.12480
C 275.84600 63.15450 13.19410
H 276.51000 68.05630 11.60930
C 271.01500 67.74650 13.04180
H 274.36300 62.05570 11.52740
C 280.04200 66.80320 13.19210
C 278.92400 63.87890 13.18230
H 277.56400 62.68430 11.59580
C 282.09900 64.40210 13.17660
C 283.22300 67.39990 13.18640
H 278.60800 65.64860 11.59560
C 285.26700 65.11960 13.17550
C 288.57600 65.91540 13.17800
C 284.12900 62.13530 13.17400
C 287.25600 62.80580 13.17000
C 286.29700 68.04260 13.17550
C 265.53900 69.43870 9.62673
C 266.74000 72.48950 9.68591
C 269.05400 70.05790 9.76636
C 263.16800 71.69080 9.63221
H 265.08500 71.29840 11.12390
H 268.48900 71.90540 11.33800
H 263.88200 68.27040 11.16590
H 267.39000 68.95900 11.25960
H 266.24100 74.19380 11.43130
C 270.18600 73.05940 9.94319
C 274.63800 68.47460 10.02250
C 272.46200 70.83240 9.95302
C 275.83400 71.38680 10.01170
C 273.51500 73.74070 10.14380
C 276.86500 74.33740 10.02310
H 270.81300 69.60690 11.45030
H 271.88800 72.53380 11.66900
C 277.93300 69.18710 10.01670
C 281.10000 69.68640 10.01470
C 279.08400 72.01770 10.02390
C 282.19600 72.60060 10.01720
C 289.49900 69.00080 9.99202
C 284.19800 70.36220 10.00110
C 287.35600 70.94830 10.00260
C 285.33800 73.29520 10.01310
C 288.51800 74.15570 10.02290
H 285.92700 69.79720 11.58550
C 264.45100 74.71560 9.76178
C 267.86800 75.23940 9.87573
C 266.63900 80.60530 9.98970
C 265.47900 77.60240 9.89003
C 268.88500 78.20790 9.92895
C 263.07800 79.76920 9.84362
H 269.62600 74.84530 11.62140
H 267.32100 77.08820 11.49460
H 263.94700 76.43030 11.48440
H 264.96300 79.40760 11.45350
H 268.42600 80.03320 11.52220
C 271.21800 75.92770 9.93603
C 274.64600 76.63720 10.06160
C 272.48100 78.89960 10.03260
C 275.76700 79.56230 10.04640
H 273.04000 75.44000 11.52550
H 270.80800 77.77890 11.49730
C 279.98900 74.89660 10.02140
C 283.15300 75.57810 10.01830
C 277.92000 77.31670 10.03170
C 281.01500 77.94460 10.02120
C 278.83000 80.21880 10.02110
C 282.15100 80.85690 10.02020
C 284.19400 78.49720 10.03650
C 286.33600 76.22150 10.03360
C 289.48100 77.16760 10.04140
C 287.30700 79.17000 10.04720
C 267.79900 83.36050 10.07780
C 264.41000 82.69000 10.09670
C 265.48300 85.64650 10.00510
C 268.90600 86.37290 10.02950
H 263.82100 84.59380 11.62170
H 269.65300 82.96820 11.73780
H 267.35000 85.23830 11.65470
H 265.06500 87.52950 11.61250
H 266.23600 82.34900 11.78790
C 270.17300 81.14850 10.08960
C 273.58800 81.85570 10.01800
C 271.21900 83.91560 10.07220
C 276.71800 82.60700 10.01920
C 274.72200 84.87510 10.05990
C 272.46900 87.02510 9.90892
C 275.88200 87.76300 9.98859
H 270.90700 85.92820 11.49090
H 277.62000 87.31800 11.57850
C 279.99500 83.08260 9.99867
C 283.15300 83.81670 9.99977
C 277.93400 85.52200 9.99430
C 281.14300 86.06620 9.97694
H 282.87000 85.58980 11.57980
H 279.67300 84.93780 11.58260
H 280.84000 87.86540 11.55600
C 285.30200 81.54300 10.03170
C 284.22200 86.73950 9.98381
C 288.53300 82.28940 10.05220
C 286.35700 84.37700 10.01190
C 289.46100 85.33210 10.02590
C 287.36700 87.29800 9.98414
H 285.92800 86.12550 11.58870
H 289.01300 86.82570 11.58850
C 263.14300 87.93950 10.06390
C 266.56600 88.61630 9.91061
C 264.25800 90.97380 10.10630
C 267.65000 91.62250 9.79948
C 265.55200 93.98950 9.79383
H 266.31100 90.43090 11.46080
H 264.04900 92.78520 11.34690
H 269.56400 91.14850 11.36050
H 268.51800 88.23100 11.50290
H 267.40000 93.49900 11.39870
C 270.05600 89.29140 9.81250
H 275.55200 89.57060 11.55680
C 273.62200 90.01390 9.99451
C 271.14900 92.30530 9.86787
H 276.56800 92.55610 11.54890
C 276.95000 90.77340 9.95488
C 274.68000 92.95210 9.98043
H 271.92400 88.87300 11.48360
H 270.94200 94.10820 11.70100
H 273.20300 91.78860 11.14200
C 279.01000 88.34470 9.96655
C 282.20500 89.08610 9.96325
C 280.01300 91.38610 9.95604
C 283.22800 92.00040 9.96521
H 281.79900 90.83510 11.55500
H 278.68900 90.18810 11.54650
C 277.96500 93.75040 9.96389
C 281.04700 94.35050 9.97348
H 279.69400 93.17320 11.55390
H 282.75200 93.77070 11.56800
H 283.91200 88.52190 11.56840
C 285.33600 89.66800 9.96577
H 287.08200 89.18580 11.55880
C 288.56800 90.22550 9.96414
C 286.32000 92.65630 9.96134
H 284.96300 91.47060 11.55740
H 288.12900 92.17010 11.55100
C 289.36900 92.92740 9.97110
H 285.90400 94.41380 11.56100
C 263.24000 96.13150 9.91622
C 269.18700 94.52460 9.97983
C 267.95300 99.88400 9.91349
C 264.50100 99.04520 9.98878
C 266.70800 96.78890 9.89774
H 265.10200 95.77770 11.49610
H 266.46000 98.67980 11.47100
H 268.60600 96.42790 11.51400
H 269.74900 99.35790 11.54770
C 270.25400 97.49570 9.94063
C 271.32000 100.52000 9.98835
C 276.87900 98.96400 9.99726
C 272.39800 95.27870 10.01100
H 275.48600 97.77840 11.58540
C 273.64500 98.18520 9.99684
C 275.81400 95.94620 9.98429
H 274.27200 94.87690 11.58600
H 272.04800 97.15170 11.57090
H 273.25700 100.08900 11.53790
H 277.60700 95.52290 11.57390
C 278.99400 96.70120 9.98912
H 280.71200 96.11910 11.58310
C 280.04700 99.58440 10.01040
C 282.08400 97.27140 9.99806
C 283.14000 100.29200 10.00730
C 286.25400 100.86700 9.99616
H 288.99300 95.16370 11.57050
C 284.13400 94.99420 9.98057
C 285.25900 97.95080 9.99399
C 287.32300 95.61710 9.97550
H 284.88300 99.70940 11.59080
C 288.54200 98.83370 9.98045
H 287.07500 97.52670 11.58030
H 283.84600 96.76010 11.59420
H 288.09000 100.34000 11.57370
C 265.47000 69.41710 12.73790
C 266.59600 72.26410 12.89550
C 268.93100 70.03110 12.94410
C 263.37000 71.76320 12.90900
C 269.86700 72.94810 13.13070
C 274.66600 68.49190 13.15610
C 272.34300 70.63400 13.15800
C 275.81800 71.38830 13.20010
C 273.55200 73.60300 13.11690
H 275.46200 73.20090 11.60880
C 276.87800 74.36420 13.21400
H 274.26300 70.37120 11.57380
H 279.66100 68.61940 11.60560
H 277.57200 70.96470 11.61530
C 277.95900 69.21510 13.20570
C 281.09700 69.73080 13.20290
C 279.01800 72.04100 13.21400
C 282.21200 72.58130 13.20690
H 278.62100 73.79560 11.61800
H 282.85900 69.15100 11.59780
H 280.76800 71.47610 11.62300
H 281.77900 74.39740 11.61080
H 283.94700 72.11540 11.60290
C 284.20500 70.32370 13.18950
C 287.33000 70.94360 13.19050
C 285.32200 73.24140 13.20100
C 288.52200 74.07770 13.21230
H 289.00900 70.55800 11.59670
H 287.07500 72.80250 11.60780
C 289.46000 69.01320 13.18620
C 264.31700 74.51170 12.99070
C 267.68700 75.23950 13.11300
C 265.47900 77.68880 13.10340
C 266.55100 80.49930 13.14610
C 268.91500 78.14250 13.10850
C 263.14000 79.78080 13.07570
C 271.18600 75.94790 13.16460
H 276.49800 76.16640 11.62910
C 274.57900 76.48010 13.17370
C 272.28600 78.83010 13.22110
C 275.76600 79.57420 13.23510
H 274.24300 78.39830 11.68180
H 272.04100 80.74840 11.68610
C 280.02600 74.93040 13.21030
H 277.52800 79.08510 11.63070
C 283.13900 75.61160 13.20930
C 277.94000 77.32580 13.22100
C 281.04000 77.94090 13.21040
C 278.90400 80.29130 13.21070
C 282.09000 80.88460 13.20900
H 279.65800 76.73860 11.61870
H 282.78600 77.38970 11.61840
H 280.62900 79.72520 11.61330
H 284.90600 75.05180 11.61140
H 283.86000 80.35560 11.63210
C 284.14600 78.51120 13.22650
C 286.31500 76.20340 13.22230
H 288.13200 75.65570 11.63100
H 287.04000 81.05020 11.64120
C 289.42100 77.13600 13.23470
C 287.29700 79.16390 13.23750
H 288.98700 78.71270 11.64390
H 285.93200 77.98530 11.64150
C 267.81400 83.44280 13.34470
C 264.15300 82.69300 13.18060
C 265.43900 85.78210 13.27180
C 269.03600 86.39810 13.09440
C 270.02600 81.04350 13.19990
H 275.37800 81.38200 11.62900
C 273.53000 81.85040 13.17980
C 271.37500 84.14010 13.18060
H 276.54800 84.44730 11.60590
C 276.71900 82.62710 13.20660
C 274.67000 84.89080 13.13370
C 272.44200 87.10010 13.12410
H 274.29400 86.75940 11.56570
H 273.21300 83.74110 11.57930
C 275.85000 87.80180 13.17700
C 279.97800 83.13190 13.18860
C 283.16100 83.85800 13.18900
H 278.48000 82.04350 11.60370
H 281.72300 82.65210 11.59640
C 277.95000 85.55640 13.18250
C 281.10600 86.10410 13.16700
C 285.27800 81.54370 13.22090
C 284.21500 86.73120 13.17400
H 288.09000 83.83100 11.62760
C 286.29700 84.37710 13.20270
H 284.89000 83.30480 11.60730
C 288.63100 81.90800 13.24220
C 289.40300 85.42140 13.21980
C 287.27800 87.39770 13.17310
C 263.01900 88.05980 13.02350
C 266.68400 88.65120 13.17380
C 264.43100 90.93260 13.02000
C 267.82400 91.65530 13.04220
C 265.55300 93.92090 13.01870
C 270.06100 89.35590 13.04730
C 273.56500 89.99020 12.87630
C 271.36700 92.21850 12.78860
C 276.94900 90.77760 13.14570
C 274.59000 92.84610 12.91230
C 279.10500 88.41420 13.15430
C 282.23000 89.09770 13.15680
C 280.02200 91.39480 13.14640
C 283.17900 92.05560 13.15480
C 277.92200 93.67200 13.15310
C 281.04000 94.41970 13.16330
C 285.32000 89.67440 13.15630
C 288.51400 90.26500 13.15380
C 286.36300 92.65490 13.15140
C 289.49400 93.62710 13.16390
C 270.17700 97.50660 13.15870
C 266.72600 96.79400 13.11760
C 263.08500 96.10460 12.97060
C 268.91100 94.56540 13.12410
C 264.52300 98.94030 13.01030
C 267.88300 99.84500 13.17770
C 276.85900 98.96940 13.18710
C 273.67300 98.22040 13.14410
C 271.33800 100.46100 13.08750
C 275.82300 95.93650 13.17430
H 276.52900 100.77300 11.59560
C 272.47400 95.38710 13.23910
H 278.62400 98.47160 11.59740
C 283.16900 100.24900 13.19600
C 278.97900 96.66980 13.18100
H 281.78800 99.07870 11.60220
C 282.08600 97.28360 13.18920
C 280.01800 99.65860 13.20000
C 288.54300 98.83350 13.16980
C 286.31300 100.86000 13.18440
C 284.11100 94.90480 13.16870
C 287.29400 95.61180 13.16550
C 285.28500 97.90090 13.18200
C 265.59400 102.08000 10.02890
C 266.64300 105.06300 10.04200
C 268.99000 102.81600 9.94946
C 263.36300 104.39200 10.19150
H 263.96500 100.91400 11.57920
H 265.26600 103.85500 11.77450
H 266.31800 106.84200 11.79380
H 268.54900 104.60300 11.59640
H 267.51300 101.66500 11.59210
C 270.20500 105.65700 10.06290
C 274.71800 101.24900 10.00450
C 272.53400 103.47000 10.07010
C 275.91800 104.23900 10.03430
C 273.72000 106.41200 10.04890
C 276.90000 107.22600 10.05050
H 270.88400 102.31700 11.51440
C 277.92600 101.96500 10.01820
C 281.03800 102.59900 10.01960
C 278.96200 104.87800 10.03400
C 282.13300 105.45800 10.04070
C 284.18600 103.18800 10.02530
C 287.34700 103.85800 10.00890
C 285.28800 106.16400 10.03350
C 288.62500 106.83500 10.01880
H 289.00800 103.39900 11.59220
C 289.39800 101.91400 9.98273
C 263.22400 112.60300 10.09040
C 264.46300 107.42900 10.17410
C 267.87500 107.95200 10.18930
C 265.60500 110.37100 10.16490
C 268.90000 110.91000 10.18330
C 266.71500 113.23300 10.10530
H 268.51900 112.76400 11.79950
H 265.14500 112.20800 11.69790
H 264.11100 109.25300 11.82290
H 267.38300 109.82900 11.81500
H 269.80300 107.52200 11.67120
C 271.20900 108.68200 10.03700
C 274.72300 109.31900 10.07930
C 272.33500 111.72600 10.14940
C 275.77800 112.32500 10.04070
H 270.82300 110.49200 11.74620
C 280.02000 107.76700 10.04190
C 283.09500 108.33900 10.03700
C 277.91800 110.04600 10.04680
C 281.07300 110.73600 10.02810
C 278.91000 113.00700 10.03110
C 282.20800 113.61200 10.01420
C 284.21600 111.30700 10.01950
C 286.27800 109.03500 10.02420
C 287.32800 112.08600 10.01990
C 289.44100 110.04100 10.02180
C 267.77600 116.22000 10.00700
C 264.43100 115.51600 10.03500
C 265.55400 118.43600 10.03760
C 268.94400 119.17500 9.87919
H 267.45400 118.10800 11.62110
H 265.05000 120.32500 11.56700
H 263.96600 117.37700 11.51790
H 266.33600 115.14400 11.66380
H 269.53400 115.69100 11.66260
C 270.00400 113.83200 10.06980
C 273.47300 114.62400 10.13150
C 271.11000 116.82300 10.06290
C 276.91200 115.29100 10.02730
C 274.77300 117.56100 10.02670
C 272.41800 119.75600 10.07750
C 275.85700 120.54700 10.01350
C 280.02700 115.93000 10.02300
C 283.19400 116.57800 10.00940
C 277.88800 118.29900 10.02110
C 281.08200 118.85700 10.01800
C 285.44500 114.37800 10.01240
C 284.17600 119.48800 10.00310
C 286.24500 117.26700 10.00540
C 288.72100 115.18600 10.01450
C 289.30000 118.49200 9.99486
C 287.26100 120.24500 9.99636
H 288.97900 119.81700 11.59150
C 263.20700 120.85100 10.00630
C 266.63200 121.42300 9.92726
C 264.24700 123.74700 9.95497
C 267.76400 124.45200 9.91149
C 265.44300 126.68600 9.86593
H 268.60000 121.05400 11.43470
H 266.19500 123.33900 11.51520
H 267.30800 126.23500 11.55810
H 263.85600 125.64200 11.49760
H 269.62500 124.01000 11.49570
C 270.22500 122.11600 9.89676
C 273.61900 122.66500 9.98815
C 271.24500 125.07800 9.89525
C 276.86000 123.44800 10.01070
C 274.75000 125.74700 10.00400
H 271.98900 121.64700 11.63860
H 270.80300 126.89600 11.44290
C 278.88800 121.11000 10.01830
C 282.07200 121.69800 10.00940
C 279.94100 124.13100 10.01010
C 283.03600 124.65400 9.99706
C 277.87400 126.41900 10.00270
H 282.73700 126.45400 11.57980
C 281.00600 127.04100 9.98945
C 285.23500 122.49000 9.99676
C 288.51300 123.29500 9.98552
C 286.13000 125.45500 9.98636
H 287.01300 122.08300 11.58900
H 287.93700 124.97800 11.57440
H 284.82100 124.24700 11.59280
C 289.32400 126.44500 9.97047
H 285.85500 127.23100 11.57690
C 263.11600 129.06700 9.88239
C 268.84400 127.43100 9.96559
C 266.73900 129.59100 9.91676
C 264.39400 132.09100 9.84727
C 267.98100 132.51600 10.02440
H 268.48300 129.19900 11.65250
H 265.00300 128.61300 11.41590
H 269.81100 132.13400 11.64950
H 266.20200 131.46500 11.45690
C 270.10200 130.19000 10.07170
C 276.86800 131.68500 10.00710
C 275.83600 128.79300 10.00300
C 273.50800 131.06300 10.12150
C 271.26100 1.99419 9.97334
C 272.48000 128.08600 9.99083
H 273.07700 132.83400 11.67760
H 271.93500 129.83100 11.71120
H 281.69200 131.76100 11.59000
C 283.11300 132.94100 9.99586
C 281.98200 129.95500 9.98679
C 278.83300 129.38500 9.99311
H 280.58700 128.81300 11.57430
C 279.93300 132.32800 10.00230
H 288.94700 127.92700 11.57090
C 288.53300 131.40000 9.98837
C 287.23600 128.40400 9.98062
H 287.97700 1.83307 11.57820
H 287.01100 130.26200 11.58070
H 284.82000 132.36300 11.58490
C 285.24400 130.64300 9.98767
C 286.18400 2.23177 9.98952
C 284.07700 127.70600 9.98540
H 283.78100 129.45200 11.58110
C 265.61400 101.84500 13.22930
C 266.83500 104.98100 13.41460
C 269.06400 102.79000 13.18000
C 263.33200 104.25200 13.34590
C 270.23200 105.56800 13.18750
C 274.72000 101.17000 13.19200
C 272.49300 103.47100 13.14210
C 275.87200 104.21800 13.22440
C 273.71400 106.48200 13.19390
H 275.52500 106.01900 11.63830
C 276.89000 107.19000 13.23920
H 272.10200 105.38000 11.63630
H 274.39600 103.06600 11.61120
H 279.68300 101.41900 11.61390
H 277.62500 103.69600 11.62790
C 277.92000 101.88900 13.20730
C 281.07300 102.55800 13.21010
C 279.00400 104.88200 13.22340
H 282.77600 102.02800 11.61180
H 280.72700 104.35100 11.61990
C 282.16900 105.47600 13.23020
H 278.61000 106.64700 11.63800
H 281.77100 107.24400 11.64340
H 283.90200 104.96500 11.64120
C 284.17300 103.16400 13.21410
C 287.30900 103.85600 13.19870
C 285.30400 106.18300 13.22280
C 288.58200 106.94700 13.21060
H 285.92600 102.63800 11.60600
H 287.05100 105.72000 11.61260
C 289.37000 101.83600 13.17410
C 263.31500 112.56300 13.35820
C 264.47000 107.41400 13.39730
C 267.98600 107.92500 13.37210
C 265.58900 110.49400 13.41810
C 269.02400 110.90200 13.38180
C 266.65300 113.34900 13.33690
C 271.38800 108.64600 13.30930
H 276.54500 108.97500 11.65560
C 274.67900 109.32900 13.19420
C 272.37400 111.63700 13.29590
C 275.77700 112.41200 13.23020
H 274.22700 111.22900 11.64220
H 273.14200 108.25400 11.59020
H 271.83700 113.55400 11.76770
C 280.02000 107.81900 13.23140
H 277.54900 111.87400 11.63710
C 283.15200 108.37700 13.22770
C 277.91100 110.07000 13.23540
C 281.06400 110.67900 13.21810
H 279.66100 109.53200 11.63110
H 282.86500 110.18100 11.62360
C 278.98800 113.04400 13.22070
C 282.16200 113.68600 13.20430
H 280.76000 112.48500 11.61410
H 284.89000 107.89600 11.62930
H 283.95400 113.19100 11.60470
C 284.21500 111.42100 13.20960
C 286.28200 109.06500 13.21430
H 288.07600 108.55200 11.61420
C 287.32500 112.09000 13.21160
H 289.00800 111.54900 11.61490
C 289.43600 110.02300 13.21570
H 285.98000 110.82400 11.61480
H 287.18000 114.01900 11.61640
C 267.79000 116.30700 13.29230
C 264.39500 115.53700 13.17810
C 265.55400 118.44400 13.13060
C 268.94900 119.33400 13.21570
C 270.07000 113.89500 13.37590
H 275.47200 114.20900 11.62250
C 273.57100 114.63200 13.14490
C 271.19200 116.80500 13.14680
H 276.52800 117.08400 11.61920
C 276.91200 115.28600 13.21830
C 274.71500 117.54000 13.13120
C 272.45600 119.68300 13.13430
H 274.35100 119.41100 11.58550
C 275.79800 120.51200 13.20340
H 273.07900 116.47600 11.55540
H 270.69300 118.70200 11.60670
H 277.54100 120.03100 11.61130
C 280.12600 115.90700 13.21490
H 281.81500 115.42700 11.60970
C 283.19200 116.62200 13.20120
H 278.66700 114.78500 11.62680
C 277.87600 118.25600 13.21230
H 279.62800 117.73500 11.62030
C 281.09500 118.83400 13.20890
H 282.80800 118.34900 11.60360
H 280.67900 120.60800 11.61490
C 285.33800 114.40500 13.20300
C 286.31300 117.30700 13.19570
C 288.72000 115.13900 13.20700
H 288.07600 116.94600 11.60400
H 284.93200 116.13100 11.60190
C 284.17900 119.51400 13.19280
C 289.36500 118.52200 13.18650
C 287.28600 120.24000 13.18720
H 285.91800 119.03800 11.59600
C 263.34700 120.71800 13.34720
C 266.70400 121.49300 13.04970
C 264.43300 123.88900 13.21090
C 267.76000 124.40400 13.13040
C 265.46600 126.76500 13.09550
C 270.02300 122.21200 13.12090
C 273.59200 122.78600 13.14460
C 271.26600 125.03900 13.05030
H 275.44300 122.32600 11.60110
H 276.49300 125.23000 11.60320
C 276.85800 123.45900 13.20130
C 274.67900 125.76900 13.12150
H 273.16400 124.59800 11.47070
C 278.91900 121.14200 13.20860
C 282.08900 121.75100 13.20050
C 279.92900 124.08500 13.20140
C 283.08800 124.64800 13.18750
H 278.59600 122.93100 11.61470
H 281.65700 123.49400 11.60350
C 277.83700 126.36000 13.19600
C 281.02600 127.02500 13.17830
H 279.60500 125.89700 11.59840
H 283.85700 121.30000 11.59570
C 285.26100 122.49700 13.18870
C 288.49900 123.07500 13.17840
C 286.14500 125.47400 13.17670
C 289.33700 126.43600 13.16240
C 263.13600 129.11600 13.04960
C 266.49400 129.63100 13.10750
C 267.79800 132.45800 13.10580
C 268.97900 127.30300 13.13140
C 264.36000 131.94900 13.12290
C 270.06100 130.26500 13.28330
C 273.49500 130.86400 13.16570
C 271.28800 1.94797 13.36910
H 275.42900 130.55100 11.60130
C 276.79900 131.62500 13.19740
H 276.50400 2.17547 11.60930
C 272.33400 127.84800 13.15470
C 275.79500 128.74200 13.19410
H 274.28100 127.61000 11.61440
C 279.93400 132.29200 13.19210
C 282.03100 129.92000 13.17660
C 278.82200 129.37200 13.18230
H 277.50700 128.14900 11.59580
H 278.56000 131.15400 11.59560
C 283.10000 132.91700 13.18640
C 284.08800 127.66900 13.17400
C 287.28100 128.38500 13.17000
C 286.15000 2.25712 13.17550
C 288.56200 131.30700 13.17800
C 285.23600 130.60400 13.17550
